actual,predicted
160.806,112.35166
113.98,100.47109
10.107,16.131489
0.093,116.22899
8.5,261.29916
19.677,99.16162
199.23,263.5033
251.547,255.91478
19.116,85.98431
0.08,68.71459
6.657,66.30986
8.66,110.333015
10.424,82.263916
19.814,466.4438
11.049999999999999,101.68423
49.95,552.07837
8.897,82.1315
0.77,91.224525
9.01,682.8134
9.67,168.07568
199.366,249.24684
354.49,176.4076
151.067,132.39044
10.01,107.07423
2733.4339999999997,591.36
34.883,287.51007
30.686,82.35885
91.157,588.7091
199.704,440.56555
30.686,224.05418
0.14,411.1367
0.09700000000000002,88.10179
13.096,107.789734
17.84,186.80759
469.866,84.19391
120.653,122.7647
22.31,86.35596
300.06,117.901505
19.55,176.57231
20.747,207.94089
79.65000000000002,93.232025
11.0,177.40956
6.554,129.17862
81.444,213.537
48.13700000000001,480.78864
52.37,152.90929
540.034,126.56305
19.516,78.08427
0.313,165.60948
0.906,222.9205
16.923,182.30641
499.17,320.42273
869.72,378.44827
81.047,83.62103
30.055999999999997,105.8379
10.205999999999998,16.098528
21.01,163.5732
9.039999999999997,296.1376
52.443,2210.1775
64.783,60.325756
60.277,293.74118
10.187,181.77538
53.87,457.9986
30.17,80.995415
70.24,164.52489
20.143,71.612854
60.213,132.86632
239.893,85.726555
29.73,77.79381
10.916000000000002,12.142734
20.146,377.00696
149.41,332.76648
119.69,97.09141
0.03,13.20243
0.517,65.317894
0.267,70.41221
9.877000000000002,112.87652
780.337,117.1794
9.24,114.1296
12.01,164.1922
8.054,215.07336
4403.187,1531.5646
30.26,116.15908
49.367,95.95911
630.2199999999999,78.68078
60.553,319.57422
176.144,171.59149
19.72,142.9072
1.394,115.519775
39.3,403.47827
30.727,131.06232
21.347,105.10413
18.61,156.20305
140.11,336.20068
178.453,79.34622
8.597,67.40314
19.423,243.25253
298.99,71.18067
0.157,454.01215
30.283,214.552
391.3929999999999,361.75616
19.704,232.2144
19.747,378.2185
39.907,69.158806
0.624,226.174
0.033,112.69145
9.483,102.04506
19.53,78.67124
118.79,119.664154
40.91,58.437256
40.193,311.49097
0.374,171.89954
184.59,306.25943
89.87,94.748055
266.02,86.41876
2209.514,376.28485
285.714,342.00708
115.337,308.18152
0.736,188.98328
3.964,19.730433
0.67,114.88123
81.19999999999999,1040.8602
20.11,213.68239
19.943,283.12747
412.07400000000007,1177.0479
0.72,162.57735
100.9,2503.3142
46.437,77.81388
79.747,86.69685
470.477,778.12506
60.637,686.5273
1081.276,61.875824
51.393,802.73224
11.649999999999999,64.286736
130.823,93.86375
6167.613,251.07591
30.137,190.43245
8.71,83.21215
179.076,426.318
89.43,81.99307
412.067,238.34111
710.507,325.12454
659.48,324.02948
239.97,240.4476
620.14,122.33897
40.82,312.3054
328.967,320.2604
106.777,183.02615
220.67,631.5303
78.103,199.12231
59.043,93.60151
21.11,177.64696
5.51,191.78867
12.037,82.47833
1871.55,295.28232
21.193000000000005,277.02985
0.236,7.1773214
9.844,449.859
110.29,1700.5212
53.50300000000001,133.0652
562.983,12.963629
715.49,108.23122
49.99,81.37955
84.283,142.14401
180.28699999999998,322.76917
0.4699999999999999,301.5458
20.247,226.10881
189.86700000000002,70.579216
19.782999999999998,208.91492
0.597,76.110115
80.83299999999998,491.19003
101.79,597.4356
259.873,94.70873
70.57,173.47084
80.767,92.631325
739.697,432.11276
1329.757,292.84634
10.087,71.22011
110.613,176.62527
1544.076,289.37338
121.02399999999999,193.58174
489.52,71.3419
239.054,165.99399
279.92,473.30673
0.343,231.16562
110.044,97.05521
39.937,367.75687
1.843,82.82705
48.687,116.17972
659.177,422.59094
168.12,224.88956
10.104,79.57621
110.23,117.42569
21.86,107.29192
59.07299999999999,254.69252
60.73599999999999,192.14854
180.233,240.59274
2220.31,102.94122
1180.113,2575.2678
712.323,151.08133
9979.456,1936.989
80.196,177.64516
432.41,562.26227
19.233,226.16101
1400.83,636.322
691.68,300.2766
0.796,304.61093
8.85,195.15002
670.517,506.58197
30.014,162.63322
559.4,528.1519
40.4,931.759
73.236,194.64915
58.75,216.16188
10.813,267.45486
29.816999999999997,174.91872
390.046,327.5695
59.056,117.69658
199.893,1480.7247
20.894,404.39304
0.08,103.97162
0.297,178.44324
8.367,437.62378
19.713,104.14808
89.896,151.30621
120.503,333.25787
470.34,366.47723
589.627,296.7281
109.423,327.9612
30.813,494.69943
19.06,165.77263
26.236,106.14324
10.57,119.986435
10.08,82.422
1.047,22.40621
31.61,125.855225
120.25,165.92514
3580.454,577.11566
0.483,618.93774
180.34,107.13427
630.057,1052.0319
139.48,602.53766
181.21,154.03949
20.857,117.52234
10.950000000000001,73.142944
510.106,933.4633
3266.75,91.36757
181.863,238.02356
380.22,54.901875
1861.747,568.0195
20.373,142.11047
8.814,166.79738
73.747,101.76341
62.217,237.17323
30.02,119.117065
10.07,70.96906
19.477,106.20044
9.966,67.84973
23.047,293.0351
10.493,2599.2795
240.044,557.0119
209.923,104.54405
0.89,186.86014
19.81,85.39413
38.9,397.62717
19.133,485.63968
10.307,146.05614
39.933,170.20499
9.627,97.49181
50.693,276.47665
49.83,101.3084
0.623,85.84861
595.773,863.878
1186.154,204.12576
92.09,266.2013
110.363,204.59944
19.099999999999998,102.70586
0.123,177.19063
399.817,139.9642
19.907,72.785904
238.433,99.61717
9.953,316.05984
0.06,70.226425
19.97,65.96829
64.797,115.03856
6469.54,567.2704
40.24,76.545265
60.29,226.91618
160.233,219.73047
0.14,126.15552
29.87,235.1407
17.13,92.204056
1297.964,290.9699
149.424,172.29105
339.956,224.50522
51.377,217.796
18.784,112.67981
0.094,212.39748
877.677,76.33757
39.154,121.2222
9.74,315.07507
10.583,184.07224
299.306,641.4448
219.52,317.2559
10.627,77.502625
37.51,256.5338
361.424,111.318726
29.62,175.07501
9.977000000000002,71.82101
8.94,131.26825
10.16,228.50345
30.66,265.94424
1540.99,904.8192
20.673,183.3031
89.577,102.26317
8.72,256.553
1134.997,104.56095
90.98599999999999,155.48216
199.713,172.68422
0.297,136.04047
0.38,224.08809
20.846,420.08206
310.32,261.40353
2120.733,216.39348
19.987,624.43097
20.353,101.67129
219.98999999999998,110.75237
51.367,228.44618
0.643,142.64893
21.757,99.86845
40.190000000000005,539.2646
29.884,197.44398
211.207,619.8868
245.163,153.85645
39.754,723.6394
410.073,316.83926
10.913,105.68107
0.203,105.98141
19.847,584.87683
169.937,114.18765
8.926,184.90115
29.67,77.83831
69.354,164.09991
159.107,564.2157
327.424,175.40302
1270.8170000000002,282.4175
43.147,131.819
40.78,296.38046
30.03,487.05676
0.25,68.20917
60.347,122.196526
19.937,200.17758
8.16,181.67986
19.8,95.9308
79.093,170.10442
0.44,108.21726
209.877,73.140366
989.867,235.0732
862.807,92.10188
800.124,382.8583
134.033,115.278366
19.943,276.7182
10.19,97.17322
310.124,159.80576
1479.98,112.45342
668.91,264.44272
20.23,180.272
1490.11,606.53265
13.549999999999999,189.0565
58.217,312.30215
10.496,225.99153
8.9,215.53954
90.76,104.28122
394.58,347.32498
320.066,143.84357
9.096,268.04843
179.11400000000003,178.96765
140.16,138.88707
6.204,104.01688
68.51,429.3195
72.437,247.18517
19.66,279.07382
0.187,199.85144
0.064,421.81958
949.463,86.07729
19.877,410.83264
19.276,79.59083
41.627,110.085075
9.267000000000001,230.66162
109.303,607.24603
199.42,609.1513
89.516,303.5068
580.627,274.0548
150.313,225.79375
144.583,120.3319
89.787,136.0044
11.03,211.51398
460.863,263.5566
419.96,460.34598
70.593,54.26741
33.447,249.85315
215.084,99.61223
19.18,114.88952
109.387,279.1159
39.83,172.34483
130.127,66.74074
70.606,768.56964
9.596,106.638626
7.424,22.090034
19.803,220.081
0.033,70.87869
329.483,110.23853
19.35,163.79561
19.65,332.20544
170.633,79.07728
10.143,188.27568
20.55,193.67635
29.06,105.03083
20.833,678.6815
1130.39,176.49197
101.026,30.59339
80.5,21.202112
11.08,537.46216
19.964,92.12467
60.59,72.37043
0.11,407.6383
0.36,186.48834
30.36,68.747635
19.58,409.98557
21.727,56.774925
2440.056,2882.5515
10.037,300.6373
393.307,285.55057
210.997,117.16252
60.044,694.20404
0.156,113.50987
10.127,129.81424
79.873,299.47034
179.95000000000002,225.78908
9.973,474.79462
1431.46,118.484314
139.897,69.726074
69.78,244.16786
0.25,152.0948
34.873,188.93907
2273.1,9120.221
90.827,94.60694
19.18,312.44452
8.77,454.01215
120.503,196.34856
28.577,342.1465
310.13,1268.1532
0.186,303.33655
230.51,116.09559
594.5,219.4485
0.094,179.21648
140.726,384.00092
7.694,126.94463
19.813,311.29718
469.867,289.39157
10.027,75.29679
186.8,151.47847
0.537,216.58238
639.573,108.07782
18.193000000000005,101.398834
10.14,414.7867
49.723,258.4114
39.887,64.40474
32.03,1001.16785
29.77,69.44493
170.346,407.9056
90.394,93.44586
0.7670000000000001,223.1981
210.246,324.18527
49.28,226.27829
450.63,999.9787
1670.523,224.94122
20.037,255.713
6080.003,1432.8727
9.539999999999997,318.34558
10218.653,335.89374
45.674,517.165
39.91,398.4463
182.033,122.62692
29.586,124.57807
379.977,313.7792
20.076,400.67072
550.247,615.4549
9.486,301.33908
109.75,222.93182
458.987,217.34705
1279.287,189.72333
30.58,186.95715
19.25,182.38911
0.237,248.72668
20.65,213.73193
170.503,443.15872
29.84,130.16505
1610.25,312.71176
2.39,196.22276
60.1,835.1329
0.41,327.61285
49.43,118.1315
26.25,289.8472
123.734,75.06212
285.323,145.27242
704.12,310.4648
29.836,109.72607
400.25,88.49792
21.06,75.21304
20.064,123.422844
683.27,549.2182
20.497,725.0396
298.87300000000005,115.88639
8.843,195.77412
180.214,368.54303
532.043,323.37875
0.97,71.77082
871.62,650.7883
39.587,309.6372
40.73599999999999,163.13725
290.1,872.263
180.867,140.08186
149.90699999999998,304.17435
156.537,326.6635
9.98,114.84437
20.007,107.08726
8.717,67.84973
142.763,82.656906
61.424,173.4463
20.02,169.40056
10.746,73.60609
10.29,97.39552
1359.62,1143.528
300.793,131.90335
10.016,198.61514
19.76,158.52693
9.9,211.10643
129.16,315.07507
39.1,98.05017
58.317,633.84406
19.917,365.70206
219.727,2800.2324
20.23,74.08014
9.18,72.214195
59.034,465.75345
39.843,992.79724
11.164,181.93025
20.716,262.4182
9.72,186.29466
29.384,77.21673
30.06,81.55036
0.173,100.24387
41.207,385.35336
39.89300000000001,2285.7466
30.53,109.07493
9.366,141.79982
648.103,1904.8726
479.884,571.14606
29.910000000000004,85.412895
38.953,1038.849
100.027,138.64032
680.71,109.41772
18.564,181.30498
109.50699999999999,471.19962
20.455999999999996,74.119995
179.79,222.67014
30.18,147.09924
1.71,75.29679
19.097,111.018745
38.84,12.142734
11.083,223.58353
1.174,326.6699
80.28,354.937
30.823,67.40314
70.187,124.76471
10.077,418.3185
281.07,75.08079
1113.41,88.88958
28.53,151.04982
40.27,157.59373
140.73,299.67648
19.177,184.45296
20.33,164.09991
0.173,75.15926
10.094,720.5236
391.106,107.56428
27.093,97.335785
19.86,803.5632
49.800000000000004,285.3026
10.057,288.13348
9.4,103.22906
9.627,83.25293
78.73,102.34144
40.15,78.16132
0.45399999999999996,115.75736
670.457,53.13763
38.343,87.524475
20.31,168.00131
330.94300000000004,71.1651
10.797,90.67709
10.047,787.02203
80.777,101.02414
9.9,218.80266
19.099999999999998,695.06134
7.44,73.595024
19.347,385.5959
509.88,1059.3136
239.963,57.163605
19.864,158.65413
40.303,185.65167
40.577,194.06148
51.27,160.0065
50.053,112.64207
409.833,257.7607
21.003,192.9946
10.307,76.4272
14.364,347.49463
80.706,140.33455
0.033,166.77423
579.7339999999999,117.76574
381.91,319.047
0.077,89.28083
19.837,149.34206
19.6,100.115326
39.76,118.08233
20.437000000000005,266.69943
452.596,732.2844
0.204,199.2216
0.107,102.539505
9.743,321.22632
39.233,124.82123
129.847,196.0424
31.913,117.30679
40.953,308.59317
50.187,134.15999
0.017,165.70544
69.453,608.6641
19.383000000000003,116.44946
60.244,116.15908
50.10699999999999,215.7403
80.56,600.58606
19.910000000000004,359.9774
20.094,170.58235
40.63000000000001,243.41205
50.166,131.54167
8.93,284.82925
199.287,121.86241
9.883,218.80266
10.073,171.19594
111.33,669.94525
3639.156,300.64822
109.534,247.24733
0.45399999999999996,16.234623
9.947,161.26006
1383.877,579.45667
79.77600000000001,175.73697
19.933,148.96068
280.637,374.4542
67.26,768.8956
109.26000000000002,109.10376
79.933,380.89764
260.88,358.56024
320.97600000000006,69.069466
30.037,77.83831
979.8170000000001,141.85176
69.097,345.90176
8.86,107.7881
38.02,78.0027
50.567,80.86384
37.913,98.155
450.22,507.44296
89.933,107.44896
368.91,245.91797
11.474,316.1941
98.783,384.41245
8939.097,4759.5884
30.099999999999998,86.73453
6.033,45.425697
1371.177,282.51907
290.137,112.47266
30.14,119.74459
9.649999999999999,100.12472
181.804,324.65863
269.933,808.70844
19.604,256.8292
70.004,174.37961
10.504,133.09752
1169.694,167.0872
2599.95,264.63068
40.01,85.96439
30.84,334.50284
19.900000000000002,183.63373
29.843,604.83136
0.313,131.0592
1380.76,230.80618
8.304,16.152815
972.066,169.08293
100.31,1043.445
58.06,140.59624
1.55,183.31346
0.017,246.31223
19.54,11.944308
18.536,279.86984
339.52,80.46005
11.93,311.148
644.383,80.36116
68.817,270.804
25.57,222.31816
119.157,95.02796
18.39,297.82462
20.586,271.19803
254.78,144.31345
79.813,625.9947
90.1,147.29239
10.43,68.04423
19.913,78.962616
2309.79,308.2747
219.757,101.894844
38.793,107.56478
41.267,180.33281
9.373,22.46417
20.099999999999998,294.18185
643.1600000000001,50.068954
18.76,146.01294
230.47,2801.937
390.223,418.41495
215.72,1580.8882
30.44,67.64517
81.31,397.8936
20.07,236.83673
10.057,204.10593
619.096,593.8321
179.576,235.40134
34.0,1158.9109
79.913,385.63568
209.07699999999997,139.5101
10.707,155.32742
0.017,78.41336
130.124,131.15704
30.53,132.37321
0.19,419.83636
10.226,77.39828
60.404,108.35607
88.283,83.55852
20.782999999999998,103.72291
69.07,13.292817
20.383000000000003,328.9996
20.294,110.060684
198.917,106.5703
5.704,222.97157
39.933,277.39594
19.894,144.27881
10.147,297.13303
287.987,177.80151
20.283,325.71353
11.093,241.52623
15.083,202.53926
9.82,302.26144
10.656,182.70113
80.116,84.81124
8.843,82.422
40.199999999999996,146.78616
40.57,284.05264
1856.837,2049.053
2181.327,141.8403
31.18,286.80792
100.02,321.4652
19.776,312.1777
0.576,106.92345
20.197,110.82949
18.894,78.1476
39.717000000000006,176.81668
7.64,70.11499
19.667,92.51711
1889.903,777.1674
11.677,72.12119
0.11,90.40431
90.11,128.55263
378.563,443.8336
0.437,258.08212
529.703,254.27434
20.683,106.20044
4292.413,119.51074
1406.89,260.12405
222.003,580.9925
60.02,145.93532
8.776,71.9009
61.833,330.42496
8.593,86.366104
100.28,95.70933
120.103,78.297905
15.19,215.29944
9.68,616.6756
833.207,268.25342
89.803,132.73602
189.773,212.68626
30.147,20.393753
10.227,16.05841
92.107,124.53907
181.626,83.79622
3.976,82.90727
818.957,292.4208
0.4699999999999999,181.50818
9.617,99.71753
0.347,273.02594
60.007,692.2881
59.086,231.95857
50.353,243.62941
29.967,236.21379
20.900000000000002,127.675514
9.867,90.086525
49.834,259.72223
190.20399999999998,111.45015
50.197,21.079369
17.723,326.6699
528.717,225.44989
0.624,161.12263
600.864,298.8954
40.737,109.160515
69.774,325.02032
168.42299999999997,333.98685
8.847,186.9087
29.043,558.94574
30.37,124.57043
1170.267,184.00517
59.627,304.3828
209.85,135.60025
41.007,64.95417
150.107,205.23221
0.44,120.84054
130.126,516.78235
5.393,209.19737
20.123999999999995,155.35138
9.59,122.32813
19.917,72.35252
360.093,264.3964
69.847,373.29544
19.826,89.342186
621.1769999999999,892.1307
191.213,252.94489
120.01,378.49487
19.32,256.5338
191.03,260.7281
0.72,185.99612
79.767,448.66086
98.88,224.47084
110.05,107.96017
20.107,434.4895
0.144,70.819725
20.994,15.6574745
341.667,244.78537
163.06400000000002,505.27048
10.464,187.96913
10.11,91.63667
69.85,2577.6477
109.69,152.42326
10.704,91.87344
59.63,106.177925
21.043,938.07733
19.82,74.17769
169.37,171.0234
559.81,767.78314
50.13,262.75146
370.367,252.78271
230.44,441.17343
19.287,331.7767
20.193000000000005,1248.3779
94.403,141.69089
20.603,168.70285
20.572999999999997,172.53006
20.857,80.58397
80.05299999999998,493.80814
112.283,333.67172
36.14,143.53714
0.5,131.10396
19.757,360.62643
1.627,94.6723
0.017,78.67124
9.0,182.5577
20.616,109.18865
819.193,300.37323
113.667,798.78784
39.84000000000001,148.87556
10.237,162.57735
59.59,371.3575
1380.2770000000003,202.28094
59.882999999999996,72.05069
29.910000000000004,151.31067
190.496,158.62962
0.423,146.03015
371.36,182.03189
320.163,300.13705
49.343,148.8925
21.483,156.39658
9.716,198.84807
250.283,219.7329
100.733,108.72829
9.47,325.3843
390.873,345.77576
209.613,356.85907
9.5,75.80905
10.856,1118.159
29.854,113.19507
129.84,87.524475
0.297,79.922424
18.89,981.4079
50.763,154.39001
10.08,209.69693
28.743,321.8849
1727.816,5402.5176
300.946,332.61258
60.28,545.62103
9.463,92.69571
0.75,197.58282
889.716,112.03928
60.286,34.66216
10.007,118.25059
169.827,70.44617
39.72,89.897354
20.083,78.16635
30.183000000000003,111.9402
19.43,164.70193
221.017,112.559525
9.09,296.92996
19.534000000000002,64.54273
20.25,1088.8274
39.89300000000001,181.18498
0.547,105.340675
21.023,354.69974
9.643,96.37991
75.68000000000002,145.99147
39.957,110.31501
443.574,562.97314
9.866,66.95946
119.984,217.19104
20.39,217.38551
131.74,145.48726
19.613,167.65033
311.8399999999999,343.28928
11.86,170.84398
19.407,102.04817
69.973,72.88538
8.587,97.44289
60.094,258.34454
129.557,583.9693
19.67,291.97626
69.367,299.55917
29.68,344.65448
18.963,124.33576
19.954000000000004,121.803406
572.82,45.985096
69.75,85.98081
60.24,158.6344
680.343,295.99158
100.993,78.347824
49.233,181.18518
599.366,668.0786
18.43,73.70063
79.463,96.391655
210.183,250.01224
40.967,145.523
59.807,74.531525
10.797,222.87921
41.08,497.562
0.39,187.5134
499.93,145.1439
91.467,1116.6064
29.27,288.32727
49.96,144.58115
27.62,243.3624
140.867,1184.1692
30.53,393.05142
22.016,1121.9977
0.03,72.74138
15.453,143.8482
10.960000000000003,128.25688
10.79,186.03748
10.204,167.00119
13.603,103.63806
7.433,171.55934
110.023,66.82974
0.534,301.29678
40.036,313.376
13.2,166.52109
19.067,110.83324
49.47299999999999,224.84607
260.027,524.43585
210.0,408.24582
38.353,179.94524
550.613,204.71991
900.797,1556.3837
59.827,350.33215
31.089999999999996,129.91153
30.35,280.71756
5.63,84.78546
549.803,411.42636
19.857,479.5185
21.184,176.27951
19.867,224.28622
1985.374,294.75623
59.713,546.3051
19.117,619.3254
10.744,108.346054
20.006,155.35138
120.11300000000001,104.41467
19.772999999999996,103.72285
469.736,314.67078
149.766,217.96696
10.187,153.03302
285.73,93.10625
19.073,116.704315
27.234,110.507484
48.82,156.13904
343.043,472.35156
40.61000000000001,385.71158
8.744,193.96907
19.937,220.00883
130.38,361.5947
50.047,192.08719
10.09,148.81554
31.223,266.53735
944.8,646.08606
9.943,111.164566
20.35,194.35773
9.964,463.01056
1090.107,119.1083
9.557,77.83929
90.033,887.321
51.09,96.17164
10.0,16.101912
19.623,615.1045
19.457,169.29164
29.513,117.67426
4639.996,4201.6167
359.947,77.53753
1821.2100000000003,1455.8044
210.7,106.91566
80.693,154.1892
69.657,329.98996
29.86,266.94055
49.73700000000001,603.5686
230.97,101.78109
0.594,235.23723
2194.903,1016.3711
90.577,33.653137
1.47,333.99414
150.33,290.42987
10.47,181.67986
29.813,197.31104
0.834,229.61766
0.4699999999999999,73.93001
9.53,368.41574
149.69,590.30084
81.093,414.89893
9.614,432.9987
20.067,112.01206
59.65,61.045555
34.653,308.18024
18.61,292.0038
298.52599999999995,346.0934
456.446,293.99142
350.376,233.94986
17.553,83.51367
19.95,21.115332
79.10699999999999,143.37871
269.983,1096.8834
1.343,105.46381
2771.9069999999997,3204.2458
49.577,1002.5822
215.73,53.59588
349.187,76.54034
50.32,1020.88727
174.756,279.6363
239.677,84.95597
19.099999999999998,353.99854
31.017000000000003,225.47157
10.193,130.55219
0.564,86.13374
9.943,113.83536
69.42,52.159863
30.066,177.50832
7.967,988.0283
60.09,144.27055
1337.823,544.2069
259.94,238.08878
21.366,141.8166
9.697,30.732193
380.63,80.71332
728.01,868.1001
59.404,432.96198
30.386,109.55034
29.796,205.19096
40.78,79.54596
40.993,381.8598
40.426,102.878044
188.574,874.35986
1313.81,609.3171
208.873,90.95183
193.346,467.24118
7.787,105.77155
40.907000000000004,369.96072
649.864,158.93088
119.204,291.25586
129.91,150.80606
169.96299999999997,534.7442
0.236,823.07385
20.53,69.68922
10.557,100.05631
0.754,178.06767
7.407,68.39653
1.11,98.09825
38.887,81.16978
219.09,106.51138
29.627,101.58976
140.794,75.147675
120.077,2027.5414
10.486,12.163437
79.753,225.59506
461.01,104.240326
30.274,290.2439
57.99,506.045
1.186,16.152815
0.017,198.51497
411.777,210.73004
30.853,115.357475
59.983,77.59314
159.286,239.9025
911.0,143.894
20.147,172.63129
18.694,86.4614
110.557,240.25084
2.5,119.8938
140.093,203.45665
21.103,295.65195
120.31,189.70673
80.743,140.70863
18.97,225.61398
0.423,461.98633
18.707,63.806866
49.327000000000005,271.78998
359.993,272.8036
179.873,96.20059
29.813,375.126
20.407,87.32989
350.0,553.30237
22.336,106.47953
30.707,235.34189
0.093,195.97862
11944.593,4554.927
169.336,122.84758
9.026,71.82098
19.903,142.10196
60.223,84.37351
39.809999999999995,226.2682
20.233,137.60434
37.807,375.557
30.037,365.78702
19.533,106.84102
50.28,235.89148
20.93,162.50627
10.424,160.85799
60.176,213.48454
17.753,103.88524
19.953,148.08038
29.89,89.542694
59.36999999999999,123.688354
18.427000000000003,708.3059
0.22,163.00513
17.7,124.307144
80.957,323.40552
90.06,173.83524
49.68699999999999,84.94332
250.16,709.2814
270.917,219.12016
0.077,82.01205
19.924,202.90852
30.016,237.3783
60.355999999999995,272.9538
9.6,166.88148
29.233,116.99107
80.137,685.8007
20.089999999999996,107.96027
0.123,75.1491
0.06,112.05841
189.497,532.9054
20.274,152.49142
60.190000000000005,110.28628
19.667,226.31754
199.8,160.24347
360.68399999999997,547.3249
0.093,173.52896
30.32,7.132602
0.66,218.97084
19.089999999999996,165.77263
500.09,255.17496
153.667,171.45157
21.217000000000002,121.62483
9.047,227.92807
2410.164,1771.9915
31.86,96.729614
19.98,107.78685
0.297,655.6673
9.64,112.00387
11.087,72.34204
99.653,108.474464
178.45,96.23766
20.19,110.37263
19.954000000000004,101.02726
19.35,141.73604
30.089999999999996,154.74356
10.887,176.82623
20.666000000000004,87.18996
220.177,241.80463
39.063,81.04793
20.253,140.50291
9.803,345.22574
9.444,74.1157
0.17,78.000114
159.813,145.95107
120.563,127.17565
2240.094,278.40094
19.997,583.64233
961.86,129.2128
59.537,505.41397
10.066999999999998,125.07797
8.91,494.2565
1446.73,780.5975
20.02,77.38478
9.324,78.08427
49.233999999999995,167.01666
140.103,117.146935
30.079999999999995,805.5907
19.606999999999996,105.98766
9.127,188.74559
689.813,138.28467
250.533,117.974266
140.424,817.26215
190.387,139.10477
641.553,99.96509
9.563,391.0107
30.237,160.82874
19.64,288.62137
0.25,280.69577
2858.567,250.87404
9.473,310.4175
1463.34,328.25198
38.267,106.92345
69.684,105.555916
0.063,374.52255
59.917,368.55145
436.093,87.874504
18.8,153.5765
18.986,62.139984
101.347,164.20776
49.826,1829.5286
250.077,361.1335
19.972999999999995,609.75806
0.0,243.62941
20.772999999999996,133.46391
1548.15,292.50272
38.757,128.59778
149.77,631.13464
50.94,376.65036
259.31,428.22464
9.443,143.02275
19.96,615.55896
1231.8,384.05597
861.707,73.70633
80.577,55.848152
30.772999999999996,76.80834
46.57999999999999,85.51332
10.27,213.56693
0.3,265.88556
19.533,86.39544
2649.166,651.3681
2.72,114.299965
0.4699999999999999,132.74721
20.455999999999996,1620.288
10.9,147.81964
160.174,240.01173
19.55,91.93892
21.033,301.91272
1340.937,2137.4265
1779.757,3055.1492
61.114,105.26639
493.974,739.45026
31.257,548.672
9.207,97.07886
10.666999999999998,87.99996
28.993,72.60808
100.143,1016.65704
1085.403,528.2789
10.447,96.13459
116.996,169.93672
29.43,2556.182
59.813,99.388885
40.63000000000001,295.54108
219.40600000000003,510.00327
109.947,122.89034
600.637,198.06664
28.79,212.38678
198.974,390.7809
70.813,212.01015
29.644,154.97638
9.636,86.660576
129.256,79.25257
339.727,504.34027
5.8469999999999995,193.97247
90.207,252.64783
8.907,212.47806
145.86,201.63992
20.383000000000003,101.50418
101.15,228.7988
149.313,377.43262
109.317,94.55341
51.387,249.07007
0.25,77.07869
119.643,151.04953
249.386,1426.7933
19.516,125.77751
180.097,329.59372
1760.02,615.55896
119.013,306.36676
0.143,210.09923
81.7,193.1447
150.03700000000003,120.107445
0.013,98.57366
0.27,54.128395
40.65299999999999,159.90724
49.603,124.5009
270.42,89.97393
409.24,309.06427
1469.687,503.94403
0.927,69.00804
9.52,130.36832
7.313999999999999,222.81331
1838.65,212.25917
1402.583,1379.4579
10.173,68.53231
141.224,256.16187
20.67,100.67361
22.107,702.48737
59.843,2118.5315
9.677,118.25059
410.267,117.09299
19.01,130.84314
120.037,95.30904
11.217,76.13598
359.8,437.95566
157.58,69.39699
1.267,1007.5
70.13,706.8445
220.57,115.84091
19.8,191.16748
69.09,357.93005
122.057,140.01872
33.586,157.62576
278.74,681.1267
320.29,315.30814
260.487,56.344074
291.003,92.62753
171.013,31.011742
328.877,104.645164
2259.8,483.22238
9.434,336.76984
5.2,1452.9088
19.627,242.54433
9.043,830.51733
19.997,101.20214
0.216,132.67102
122.32,96.03721
19.356,96.773865
39.367,469.90225
29.057,7.0881624
0.843,223.21031
41.817,50.247093
90.43,68.71684
100.143,58.55651
20.073,114.84437
60.057,116.55036
410.45,2206.7024
50.153,142.58426
100.056,107.08156
49.29699999999999,327.04108
0.546,85.60807
157.69,95.23157
149.693,93.960304
0.627,133.01501
49.71,106.99383
11.297,122.86429
68.07,339.13196
5.69,195.9576
9.950000000000001,13.191522
19.837,161.50308
120.06299999999999,112.097946
9.883,13.082944
9.76,138.11081
19.097,134.63939
19.913,854.86505
50.627,143.95088
19.997,71.67094
100.387,111.04583
260.247,127.7025
189.606,625.00586
168.993,392.871
540.93,231.64102
119.48,147.52286
18.876000000000005,125.720924
90.93,217.89227
129.107,121.27562
29.274,13.150733
10.122999999999998,65.79815
398.433,97.39673
10.37,211.09708
1.31,60.86942
259.65,115.28385
100.56599999999999,95.815254
39.54,280.08432
89.453,386.96027
19.933,535.2789
4.16,146.01294
689.956,83.543724
10.549999999999999,86.8975
130.003,1010.80383
318.95,106.30547
830.046,632.9375
61.42000000000001,107.63989
1170.44,2241.0674
70.013,231.09354
120.417,211.36644
9.444,224.12961
2223.987,1028.3489
98.563,552.427
0.157,71.03814
20.147,93.48165
2030.213,482.73697
0.64,64.54273
89.546,235.25436
90.454,104.343864
10.333000000000002,223.62518
18.343,365.78702
289.82699999999994,164.35596
0.127,210.98839
320.753,70.37308
9.304,288.34268
21.923,2557.9463
20.923,90.402756
99.747,140.53867
19.16,331.06863
100.11300000000001,413.3582
9.557,73.36322
611.813,107.89715
10.122999999999998,190.14713
150.06,651.37354
11.79,160.06107
19.374,385.91675
10.99,223.9217
170.93,101.10896
218.253,251.6199
19.904,117.29944
53.534,352.91956
3775.894,701.53125
10.039999999999997,174.43526
60.25,249.90497
59.957,207.05669
31.93,155.19553
57.366,375.91318
0.127,236.01198
11.296,748.51965
130.497,307.22778
7.302999999999999,223.29323
9.217,161.89539
1329.217,218.68895
302.3330000000001,331.39984
1595.724,230.63724
69.953,107.999954
18.596,226.0828
39.294,144.544
10.49,262.23972
1297.886,266.8006
12.507,360.45978
30.27,167.2125
159.92,98.200745
5.254,312.85565
40.03,218.10019
519.276,360.91263
20.633,286.1063
29.603,101.76497
0.063,188.23033
19.055999999999997,225.87428
50.064,226.34361
20.687,928.85565
29.723,453.77032
650.817,1234.4128
923.427,350.815
650.863,292.06335
490.454,151.20795
784.217,1216.2852
10.13,83.25293
110.193,975.65765
11.173,145.98703
109.393,70.14231
429.88,452.93207
2319.5239999999994,4495.2114
20.089999999999996,89.261505
70.033,66.30955
89.287,153.15463
9.317,161.67052
9.237,227.38023
0.873,332.83932
3.2569999999999997,103.88486
40.113,72.96764
70.183,1757.7598
129.003,230.78026
9.296,110.38699
629.97,939.1583
39.677,230.80562
20.16,111.64101
10.32,81.529274
10.797,111.14429
0.046,110.271866
20.014,20.125793
60.647,106.35941
29.487,93.23525
0.19,120.76877
677.907,267.6219
20.393000000000004,3180.3813
112.126,920.6471
100.364,283.15198
20.782999999999998,75.80138
109.877,183.40305
8.777,122.06472
15.81,75.080315
0.36,474.71994
20.003,175.67433
49.89,257.66354
209.8,180.27138
20.477,148.87556
10.326,185.78384
846.6,306.14935
314.57,85.12155
9.204,276.7182
0.127,964.7152
0.234,310.41125
1.003,293.0902
10.723,364.73666
20.54,554.0474
569.91,123.04795
2.234,232.12419
0.093,180.6598
26.88,92.834694
60.133,123.4131
30.003,108.03796
101.233,188.58992
1119.58,105.27723
0.05,171.41222
18.877,105.66924
0.284,207.79697
19.663,191.1614
188.876,165.04521
10.843,183.56612
110.434,112.09964
8.98,231.84006
125.71,117.73994
87.197,362.43494
0.11,195.15002
8.373,383.59543
60.143,200.51831
18.703,115.45907
9.347,181.5157
20.063,220.1019
239.55,117.9162
159.87,637.0539
58.707,121.84632
130.32,180.27887
140.224,216.92267
359.35,84.93949
19.107,217.29218
51.05299999999999,183.82027
60.31300000000001,263.16058
1.076,143.5603
60.057,380.76086
590.94,839.15625
714.017,234.07515
19.997,390.2453
59.98,625.2373
31.907,399.53464
0.06,441.66486
1062.533,268.37457
20.276,211.42001
85.857,423.41342
21.03,166.79425
40.997,166.54163
279.72,254.89888
894.327,69.615715
842.06,125.77648
11.1,77.97239
70.434,114.56057
474.71,92.71291
179.6,86.95584
20.57,101.887375
1320.143,437.21777
129.244,533.1734
360.383,687.17896
60.317,184.12343
10.003,101.08521
160.436,250.1784
100.783,890.37634
66.883,66.03051
9.894000000000002,155.16495
439.29,334.58966
520.383,292.3826
21.033,1421.3064
17.623,436.19876
0.063,187.66113
154.967,73.90529
9.93,217.14214
0.144,127.97149
100.256,354.38315
18.337,412.51324
239.6,883.12885
5.507,110.97411
88.894,501.60507
38.823,106.42119
160.013,183.62944
0.756,179.23756
70.274,222.1356
20.28,77.51502
29.497,227.8323
20.27,85.07702
2.333,99.347496
279.96,222.39217
8.186,70.54487
19.533,78.000114
58.49,186.53189
19.497,71.67227
37.077,175.63156
119.883,69.24252
29.700000000000003,222.18744
1571.206,86.072876
160.94,383.2649
32.364,195.8227
68.247,1584.9166
109.086,85.91765
10.79,182.70113
18.884,211.64156
21.84,129.70609
140.207,304.2204
40.47,211.12804
9.950000000000001,184.29332
69.767,314.68146
0.906,309.6372
2.88,105.12582
19.903,754.0092
4862.417,111.586975
19.733,70.691734
10.063,90.158844
120.347,270.35947
0.33,146.01294
64.606,211.61539
7.173,187.8236
40.96,782.90857
60.207,142.40454
30.824,161.85852
369.74000000000007,455.41592
19.003,175.5012
30.01,514.2848
0.293,7.2481647
8.913,224.29626
27.68,126.15552
18.93,92.624275
379.867,173.15482
0.283,204.00972
761.46,105.43633
10.56,79.49254
10.697,302.33954
469.053,73.30309
29.85,72.82174
18.75,183.82027
49.757,265.1024
30.237,382.31018
360.19,67.52711
0.063,165.0396
510.04299999999995,127.57034
79.75,152.53183
140.43,86.72849
621.96,291.66174
392.237,119.1083
289.7900000000001,221.89645
19.733,114.70759
1.36,70.11499
41.41,181.4315
19.933,226.92307
29.993,217.29451
19.893,167.13185
9.383,188.73354
18.74,104.87778
19.336,364.27118
9.037,180.38173
20.603,138.88388
126.097,443.77396
139.503,416.90762
29.826999999999998,104.5617
5.823,297.78723
10.77,183.69254
10.01,375.41672
7006.3,4665.0728
40.93,701.9873
79.853,303.9109
48.437,22.233198
239.764,227.2414
159.363,137.10997
378.82,216.8275
379.7,1562.2388
19.397,12.006002
49.55,92.42536
110.09,72.96764
0.077,220.56264
9.083999999999998,31.668766
51.07,143.91382
259.44,313.02774
189.747,119.98541
41.02000000000001,204.45872
979.446,270.9956
190.247,279.15335
289.823,139.82736
70.263,71.281586
370.13,611.7078
69.993,144.79213
30.43,158.28244
0.456,79.12435
56.627,15.736847
190.137,604.88245
10.063,76.496475
20.803,333.99014
20.97,518.94775
20.037,88.50318
30.177,109.95378
48.904,423.1186
111.22,142.58154
20.343,107.999954
99.61999999999999,62.021744
24.616,106.87383
1871.39,289.35178
40.077,108.83244
1000.957,463.09534
99.197,2621.0786
90.213,80.64657
239.36000000000004,101.94778
347.78399999999993,291.40216
9.853,181.50818
40.307,95.40641
10.314,121.22093
0.877,82.26054
9.18,214.60948
2121.634,2447.6475
39.097,126.63315
39.133,264.78958
6.267,75.00141
579.187,540.07574
9.166999999999998,164.78029
19.934,191.66682
0.077,71.94492
10.08,215.45718
50.524,119.779205
1.16,95.26753
30.313,91.93088
20.21,151.31067
40.023,78.9206
369.824,714.18
99.513,370.3614
10.613,112.05841
49.157,123.29819
41.613,618.93774
22.253,99.79507
196.15,112.57595
1596.457,115.746025
9.56,106.28586
29.307,16.044426
39.677,164.80898
59.036,61.66041
9.993,175.66876
19.44,105.555855
50.757,303.20065
0.03,117.974045
51.156000000000006,207.66142
39.747,101.79116
80.08300000000001,358.79123
23.443,131.1425
21.01,642.02747
9.026,114.52099
151.06999999999996,280.09045
760.327,1594.0732
19.982999999999997,196.0424
9.906,85.07104
58.783,572.5954
0.3,114.510864
19.99,577.1671
1449.983,317.96475
160.12,351.37228
121.213,376.55737
19.903,78.751236
19.073,73.51766
169.694,258.99316
60.026,109.97543
19.914,140.71783
661.084,48.99198
170.03,908.09717
19.31,148.35199
9.77,161.45796
19.93,226.2131
23759.977,2619.4001
282.64,346.56818
21.003,72.39375
20.079999999999995,265.94186
41.10300000000001,216.94966
7.816,226.00449
220.887,193.81058
310.563,773.8374
8.043,181.42995
367.04,300.63797
113.627,195.15381
0.013,75.910126
469.857,64.70332
19.81,72.25366
439.923,79.509476
20.14,732.75885
49.907,839.109
19.46,166.48663
9.327,184.95572
29.797,105.925705
1091.08,142.39568
111.26,103.00126
0.773,250.12726
29.606,123.64252
1.127,78.1476
101.173,143.89867
230.003,76.48196
8.19,93.745995
259.863,274.80203
31.167,151.19241
75.923,85.137505
240.157,119.64203
19.73,13.039748
9.807,56.774925
28.954000000000004,133.25185
730.41,164.34602
19.782999999999998,366.01746
40.526,120.05529
139.45,151.21483
150.58,113.13136
19.35,110.480965
217.533,258.70563
198.604,1412.213
63.733,210.62495
29.44,113.27312
190.157,213.43858
0.063,71.63148
21.17,136.44266
0.22,173.92555
179.34599999999998,629.0048
764.9399999999999,141.50652
18.914,215.48538
31.203,211.2057
149.896,74.15598
145.634,149.31403
18.877,224.04643
10.727,105.901215
0.09700000000000002,71.465256
29.813,163.41089
9.237,119.34748
60.59,738.9776
60.403,316.8053
20.137,138.06778
59.967,307.99664
30.293,624.739
180.037,46.211617
220.2,137.19247
260.19,154.62956
19.05,192.07202
160.017,64.214645
11.4,106.87383
14.953,67.93944
391.59,115.49326
39.986,108.5979
0.844,65.40643
199.76,391.76923
39.997,825.03326
1.097,531.0103
2938.6340000000005,377.5084
140.317,72.494965
171.197,131.92451
10.847,271.90924
351.96,183.80547
940.0629999999999,287.94434
11.214,71.8232
29.977,192.90242
190.424,165.65056
75.923,72.07309
38.963,186.76268
121.54,236.88477
39.223,156.17923
3561.076,406.0338
29.833,90.43829
9.97,175.40085
20.477,29.65516
19.816999999999997,96.43866
600.833,298.93
100.507,304.55466
220.373,94.99525
0.327,352.12573
0.233,222.58963
219.69,99.28025
254.39,182.89818
14.967,72.65754
10.207,289.0557
19.523,315.34894
18.94,185.17064
721.027,214.68071
337.65999999999997,169.64926
18.893,89.36534
2146.996,1052.4335
8.443,75.1789
19.86,506.54004
40.174,119.37426
269.753,793.9956
3.68,598.8548
10.59,78.377075
0.08,103.009575
0.577,196.22742
10.29,88.53767
29.87,472.20694
0.624,223.7912
30.079999999999995,79.88415
28.387,223.41766
8.693,188.14981
258.81,267.84763
60.486,117.23328
57.183,77.61035
27.727,116.331635
49.553,302.26144
19.55,176.58086
19.153,69.823875
89.82399999999998,188.51059
399.587,1621.7754
19.386,68.53231
19.867,22.697557
119.7,114.67836
19.15,109.477974
10.367,324.15082
320.07,512.5907
171.66,119.70933
22.64,246.44933
59.013,128.53752
558.673,479.11737
9.24,70.78516
171.24,287.88342
19.78,268.35248
56.343,145.59056
20.66,241.77211
8821.984,299.4189
39.933,132.68414
530.697,270.5451
30.953,90.67709
15.176,312.39774
192.82999999999998,161.70102
1.267,79.638145
61.51,509.7872
47.727,114.81468
3.68,79.83202
91.087,470.8041
21.843,765.5711
0.784,74.16222
59.800000000000004,463.39682
729.413,519.29675
1169.713,603.85535
983.86,797.9468
370.026,500.19476
0.63,366.64938
29.96,200.39261
229.14,178.85889
0.22,15.91525
210.024,435.32114
369.9100000000001,184.80177
45.957,146.00435
20.35,336.64227
10.263,101.398834
369.90700000000004,360.0452
20.513,150.81953
179.267,177.71812
0.576,176.67221
9.556,71.72619
67.376,225.80908
20.173000000000002,100.25564
39.583,216.89409
0.203,159.12225
49.74,305.25623
1288.72,377.8142
90.253,97.80859
99.967,93.895256
60.484,134.18275
50.22,220.52509
759.503,605.6754
0.313,171.89954
9.57,112.44042
180.21,179.83221
30.233,212.54613
121.32,93.44769
719.8130000000001,130.70201
50.847,87.17284
83.27,779.22925
12301.143,929.309
7.64,68.928314
8.257,106.28581
10.06,103.009575
51.704,169.65926
580.897,170.20499
6.687,1015.3926
28.874,177.14381
50.933,176.62657
0.33,74.022736
497.97,270.05725
229.77,208.82956
59.784,206.61485
0.344,13.039748
181.407,135.00346
0.944,296.50195
59.965999999999994,140.1815
0.123,90.509254
19.41,335.79477
269.07,83.00673
0.064,90.27016
19.967,179.54861
897.703,464.21085
8.72,163.0314
121.626,2907.9731
459.826,405.25772
1460.1,638.56104
8.953,183.4398
59.817,226.12177
821.016,394.60596
1.297,226.13486
18.744000000000003,168.00131
9.51,76.30932
19.6,76.496475
1452.294,500.73285
0.093,84.11528
530.957,416.13022
232.313,66.93562
30.423,230.51797
50.044,72.51581
17.95,689.7927
19.913,272.90814
272.936,303.80606
9.61,215.69775
29.6,227.98672
300.746,245.12419
109.83,59.346256
9.49,170.64557
10.649999999999999,103.02368
19.797,251.85165
38.926,86.35596
970.173,394.30054
19.237,211.17455
39.197,193.70737
19.173000000000002,68.61621
89.287,463.28485
18.613,301.11685
0.39,154.27579
69.107,413.03384
459.28,275.15536
10.12,163.75813
1510.08,176.10146
157.194,287.76508
29.274,290.07297
169.943,96.89453
39.74,106.07005
498.853,2201.2634
18.873,125.4799
119.723,465.86093
9.193999999999999,105.12582
49.157,454.00293
10.52,222.0638
0.48699999999999993,134.10785
20.572999999999997,164.75812
30.003,219.54794
89.723,153.36064
770.11,2278.2854
10.996,221.56433
8.554,471.64084
199.417,110.80277
0.58,78.1331
9.427,224.0318
9.943,103.89252
19.887,211.1551
19.994,112.65214
0.157,71.537025
224.26,305.35995
20.66,300.27136
21.910000000000004,369.73706
121.203,216.96083
59.056,215.36528
51.25,126.20771
68.643,158.29956
5603.287,239.53638
79.9,145.28094
18.583,187.08333
89.34,235.34312
10.007,103.176445
869.974,501.6754
29.927,100.404366
230.127,290.27658
40.057,223.49835
0.203,72.42869
59.276,430.01187
49.897,763.85754
289.99,90.10297
20.733,571.0369
2699.96,4097.945
3185.97,3346.3218
30.126,124.870415
9.64,83.70527
637.997,117.38349
9.16,72.12119
49.024,126.485634
1203.82,95.12695
80.18,71.03814
170.694,97.1264
9.850000000000001,291.88425
2.384,425.44446
130.544,374.4243
90.893,283.00687
0.266,195.68808
59.647,87.191696
19.786,270.52872
10.413,977.8871
19.572999999999997,351.55142
1530.183,179.5444
8.647,110.44416
330.497,673.6793
384.05,115.40343
1553.56,226.8997
261.906,180.61494
190.317,68.580574
30.316,137.7608
19.06,118.527725
439.80300000000005,107.75474
9.953,79.38894
0.09700000000000002,158.55516
129.66,316.36435
230.48,416.64594
70.203,97.43561
37.554,371.4739
20.153,1423.8296
20.956,87.11562
0.7670000000000001,153.64018
119.61999999999999,152.67212
70.277,148.02316
19.424,105.5688
338.36,76.77418
289.884,211.8592
50.324,101.628174
120.016,165.4437
209.537,105.97204
0.064,95.44191
79.78600000000002,173.87125
659.73,228.27779
279.81,145.45287
160.087,128.44894
440.116,256.9065
29.217000000000002,150.73012
1144.51,584.75165
10.417,143.06767
0.267,191.4399
76.26,169.91351
10.327,1033.9454
20.35,124.5009
30.06,128.36511
11.124,215.10164
151.634,285.3827
109.837,144.02646
0.034,113.39713
20.517,88.54964
20.547,215.76607
10.717,323.17078
9.627,228.13881
9.387,347.92365
70.704,356.43274
9.806000000000001,70.87869
199.713,693.57745
19.35,332.32254
0.14,195.8227
10.460000000000003,196.36253
20.17,70.630325
8.42,901.2076
10.103,160.96577
100.33,230.10574
154.307,104.86812
0.517,248.48308
59.803,486.4054
50.93,119.80243
19.477,279.80325
40.126999999999995,121.96838
30.293,222.0638
21.037,106.21477
8.21,89.646
0.14,75.2343
980.083,251.01944
601.5029999999999,255.34528
19.777,130.89622
19.707,17.424026
220.103,1257.9093
90.547,54.45162
139.907,85.41278
19.647,323.8384
396.214,395.14423
39.233999999999995,114.901596
40.35,115.208755
7949.847,2747.0803
11.156,69.44493
190.053,118.241714
10.403,110.23454
7.957,158.08607
60.79,320.27078
20.373,159.35838
709.7,90.31908
529.133,364.95126
18.806999999999995,103.437096
80.88300000000001,156.31581
25.213,275.39758
389.657,1278.2786
51.47,106.6803
10.647,68.71459
1289.0299999999997,118.91104
0.014,114.16625
0.3,232.91063
94.547,329.93863
49.1,96.2582
50.03,70.9979
17.643,46.66436
176.933,301.08835
120.75,188.48999
24.297,202.57103
5.133,223.37614
3015.52,710.33887
71.453,99.801414
50.317,304.3499
419.297,85.31653
69.433,641.0142
310.15,918.2539
9.573,62.623215
180.06000000000003,70.246086
39.58,89.38549
40.14,141.92711
30.633,265.54932
8.6,103.74653
91.334,162.4647
489.697,112.52203
136.047,110.163086
20.247,129.75491
0.4699999999999999,111.07349
49.253,89.514
18.63,108.52895
19.89,78.44493
180.143,109.611725
9.903,145.78006
271.464,180.76808
30.23,104.67756
0.173,83.72429
12.32,104.49714
110.163,237.12247
59.22,354.14023
0.453,71.94492
39.857,16.593838
168.466,1659.8285
146.05,2665.187
1342.94,868.396
26.267,115.18372
79.867,123.21501
18.68,86.27708
276.393,624.3568
30.624,162.97375
0.013,190.08551
10.183,112.38266
608.737,321.55234
28.163,78.51169
109.937,299.69348
9.24,114.67679
20.06,277.1124
99.52,273.0483
129.987,146.85023
69.704,128.10138
41.016,529.44336
10.653,238.24347
0.45399999999999996,224.67113
0.16,169.7634
5771.217,1264.4456
39.027,207.69986
61.38,110.4734
40.0,175.41249
0.11,120.92569
489.957,294.00006
28.25,636.752
140.09,103.68597
240.426,236.10208
20.113,90.46203
159.46,526.36584
0.373,1007.5
31.846,896.20636
76.627,272.0226
10.703,102.81134
0.597,70.97237
100.95,40.796673
130.034,1758.4952
109.596,210.46527
1050.433,103.29977
1014.953,135.49649
19.024,46.00186
30.263,164.56145
0.217,199.69276
159.93,121.45755
51.00000000000001,324.54813
60.293000000000006,389.0245
18.793,1088.6074
210.923,21.122547
141.14,296.09705
357.597,54.867386
10.007,329.56305
0.063,216.30801
49.757,103.67799
10.022999999999998,223.9217
360.26699999999994,260.8274
31.017000000000003,876.53204
200.224,164.857
5774.029999999999,382.45578
118.893,149.60754
9.154,77.511604
24.56,121.19738
69.596,227.57391
10.076,160.85799
8.776,184.32603
250.527,409.26562
79.07,384.15677
0.9670000000000001,553.26575
309.876,343.9554
279.69,231.5263
18.893,207.66142
172.137,195.53813
0.844,68.39653
29.774,237.4467
169.356,161.63261
50.5,316.07687
19.473,113.1446
30.03,201.15018
280.157,595.5624
329.87,106.05506
11488.666,7264.122
1499.977,345.83386
20.197,108.80793
29.46,15.610052
10.773,235.16142
499.156,381.371
50.407,614.913
200.447,508.4032
199.74,656.05927
1659.377,658.1658
925.457,198.79912
9.013,110.13632
20.57,69.664375
3.7400000000000007,78.99266
359.077,359.67023
0.17,76.8174
1.063,153.06953
20.913,90.788185
9.323,216.72417
21.257,138.81741
49.343,88.48525
118.833,1141.1323
200.23,126.2867
0.53,121.690346
0.83,155.62117
1561.084,583.27716
547.894,930.8638
39.456,74.957146
28.857,127.97149
60.557,317.38315
50.52,380.98016
19.296,200.87912
60.833,156.47072
352.277,82.32786
249.114,17.571302
10.327,224.9212
229.43,69.54299
2.017,185.40263
150.067,135.42204
629.48,219.42125
59.400000000000006,927.06036
204.45,233.54402
420.56,231.81465
380.783,94.830215
1084.75,299.89142
1498.993,456.06412
102.144,176.59302
79.814,122.982414
57.89300000000001,174.87604
110.18,243.84726
110.173,213.89809
8.866,112.29017
210.487,326.6515
765.65,222.5497
109.167,175.31879
10.086,157.77283
70.14,114.771515
39.577,365.61215
0.4699999999999999,119.91882
11.297,225.87428
79.16,436.0368
1.08,282.7051
19.853,119.57881
670.17,471.51205
74.214,378.5815
20.14,1852.3448
9.543,102.928314
10.077,163.11905
91.51,80.72201
10.396,197.58282
19.067,474.79462
80.62,71.47648
8.0,212.17021
98.03000000000002,703.61017
9.037,132.43925
59.084,282.81052
58.36,198.1722
269.616,188.64189
510.216,117.65397
55.003,475.24066
9.263,79.653725
119.943,129.76329
30.067,283.00302
0.894,106.32862
388.48,402.7444
8.333,98.57366
150.17,224.84723
40.657,634.8203
20.117,70.226425
20.196,216.54198
20.897,31.627907
90.02,328.8013
110.767,240.61087
20.56,103.64295
1.313,72.355576
57.587,183.49548
58.53,404.77393
347.41700000000003,187.04686
208.993,844.0185
110.693,127.665306
8.937,195.41882
140.3,109.13374
20.443,101.50418
110.827,167.82614
550.16,567.75793
91.836,392.1583
612.083,266.2255
41.287,259.8642
2913.007,564.3035
0.03,85.38417
178.877,146.54166
7.857,83.507164
17.557,80.54372
101.123,137.59126
0.25,72.12119
19.903,158.77888
30.17,125.34425
39.93,97.69861
74.744,325.74838
10.76,107.94185
19.027000000000005,294.90723
20.303,296.63153
0.174,126.50467
51.907,89.59686
11.214,234.45354
120.677,265.36813
19.78,541.23285
981.233,1762.2694
10.343,82.97909
4698.94,2408.5408
120.16,132.71149
550.0,221.33919
149.22,216.87846
22.95,152.49142
33.507,224.7129
190.47,720.9646
19.87,288.3146
349.947,571.36383
620.897,1084.6091
971.906,791.9834
189.973,396.4929
99.603,130.09296
0.047,350.14462
6.29,72.60808
100.75700000000002,306.93283
20.637,226.57364
9.91,68.47997
75.37,135.4788
162.443,523.9687
50.003,108.27834
0.763,65.96829
311.223,1200.2468
960.863,1510.9137
29.59,234.92177
99.996,104.39666
29.43,222.97157
0.187,358.58664
2090.467,418.76187
9.797,204.77396
300.087,1221.0233
30.499999999999996,176.58086
1722.15,94.522255
8.52,15.6574745
10.323,233.21638
91.263,12.119948
0.893,418.2662
20.557,87.18585
80.226,582.9416
79.33,194.53905
79.533,278.57214
279.977,133.20404
0.44,254.9807
267.84,62.37639
10.487,226.13486
410.79,509.85843
0.094,81.997345
20.074,101.5207
79.954,312.25732
20.19,68.04423
9.373,364.8355
319.11,1294.1669
29.634,306.54474
29.83,186.95715
39.833,106.58206
409.817,88.39548
2651.523,425.98657
10.049999999999999,121.25775
20.214,83.37205
450.133,1199.298
170.187,64.095665
319.957,278.62936
289.587,380.22702
19.96,78.57845
101.8,671.1142
50.117000000000004,250.5741
0.8,119.31022
20.977,200.40158
150.34,143.4993
39.87,70.84788
289.893,378.95517
286.053,90.498955
26.644,222.96617
70.32,283.42072
19.797,346.70734
109.103,116.814095
419.17,670.5313
80.287,211.0314
30.157,85.81897
30.756,229.06454
88.45000000000002,256.92807
99.893,488.01987
108.09299999999999,72.16633
40.136,117.62885
9.516,77.07623
2118.843,2080.9814
508.92,1932.3829
101.22000000000001,80.17034
202.966,132.5197
20.05,128.69559
0.173,75.54869
20.107,304.9967
20.54,124.57043
9.950000000000001,99.88683
39.92,69.55657
230.75,146.4507
60.68,357.24808
609.903,381.1031
1720.367,197.09575
0.924,101.1183
430.336,512.11633
10.98,71.06342
35.36,88.40808
66.793,123.6568
390.19,401.11472
22.089999999999996,329.56323
40.199999999999996,88.580345
59.63,114.08701
40.026,128.44925
30.337,30.221113
10.163,96.95353
41.487,90.82538
40.387,131.07945
19.75,240.88835
10.58,211.21158
72.087,198.05258
19.76,557.40857
9.732999999999999,259.12402
68.85,167.59544
29.72,375.48547
8.036,453.28763
39.757,300.54272
69.587,287.01413
151.14999999999998,184.78912
89.687,210.34694
200.933,111.36535
50.23,181.20015
9.66,363.2609
19.463,79.17524
19.787,1683.1007
1.186,80.54372
213.287,183.15923
20.647,273.84177
51.097,16.951448
29.736,16.621778
101.777,157.62958
28220.773,2057.0356
220.25,358.38132
158.9,276.6171
0.14,111.44205
19.717,164.56331
210.064,229.70808
179.987,211.74962
111.21299999999998,331.027
82.747,221.96585
60.93,89.60969
1011.256,75.338234
3.137,88.4016
159.89,1821.6299
0.517,105.12582
3519.987,593.4864
119.97,336.8098
58.91,296.91467
20.06,78.318756
10.16,640.752
770.107,306.53613
0.204,188.98328
19.4,72.12459
1017.3100000000001,234.70914
38.006,310.41125
15.049999999999999,223.04462
1480.203,4576.4297
10.737,207.5023
390.207,108.76024
109.786,303.0226
168.976,283.8182
140.013,284.33212
99.987,214.88016
50.023,160.81929
109.617,277.33145
250.086,165.7531
209.653,177.45071
29.513,386.30243
140.05,159.1071
10.64,110.185394
80.024,88.031105
129.787,85.05267
40.54,90.57735
103.54,273.84476
78.744,212.10304
1050.054,393.25317
18.934,187.79524
67.244,81.80064
180.03000000000003,325.23868
10.34,127.96478
30.143,313.5614
160.46300000000002,214.96367
41.043,489.38132
70.004,109.0321
0.267,110.7767
198.92300000000003,1571.0164
30.813,198.62206
9.47,97.069145
2087.787,587.4852
269.967,285.26352
48.507000000000005,186.13406
19.437000000000005,91.5798
11.61,218.29877
10.196,66.518234
10.193999999999999,70.200096
40.257,297.82245
40.037,256.6518
39.46,103.009575
139.644,723.39996
39.377,221.01537
40.383,1109.1625
99.06,330.83792
504.03,300.41785
5.203,146.55852
20.407,212.51208
480.22,133.18924
19.0,137.46367
260.433,593.0525
8.63,211.08142
28.733,84.118034
59.877,74.77256
49.954,163.12585
20.073,13.007456
759.88,278.96292
10.263,85.43289
330.11,514.37866
20.006,75.35157
19.533,310.4175
471.01,85.25351
19.826999999999998,237.56099
39.9,22.147186
128.393,348.41223
1.41,122.28298
21.697,292.968
219.98000000000002,432.76184
690.14,370.64786
171.2,105.88874
190.607,49.944748
60.963,279.229
1440.46,94.29631
0.03,277.50204
1311.103,259.7484
19.843,128.33162
40.96,206.73875
3.926,108.797104
17.72,123.62948
250.167,527.217
161.373,55.4341
10.027,226.05666
676.577,144.99776
2560.42,352.36493
656.114,304.46393
1180.103,96.37924
10.287,89.342186
235.67299999999997,166.98882
118.82,284.1029
49.64,166.16182
9.856,70.31121
109.293,624.7677
40.273,96.54623
160.18,128.21892
83.036,213.63277
19.465999999999998,218.39955
60.007,84.699036
161.193,108.62894
679.1440000000001,152.8198
6.953,256.8119
9.714,186.124
249.997,56.208256
1.016,108.21726
29.32,386.297
50.27,292.756
49.994,100.25245
39.38999999999999,1308.8186
190.137,319.3453
790.8200000000002,142.27797
619.477,61.98363
67.25,215.07336
780.193,2337.3323
9.97,1003.8307
120.197,390.04007
38.463,329.7207
39.32,300.01895
50.027,312.5162
40.190000000000005,73.04478
89.84,212.53918
1183.213,4162.7734
49.127,489.51974
70.14,286.87073
91.363,472.20694
249.623,48.128082
71.683,269.7306
10.377000000000002,256.3144
248.277,317.4256
0.656,105.340675
51.96,86.67889
358.693,223.28407
10.177,83.540665
11.03,104.00847
9.637,1663.2277
20.16,89.19574
79.09700000000001,209.64284
19.53,87.81324
10.97,154.3272
152.716,377.42123
26.367,462.02435
0.58,71.98897
10278.893,1522.6471
29.837,100.00571
0.093,153.03302
29.813,20.438753
59.10300000000001,111.45815
0.344,197.58282
80.213,560.49994
889.967,145.19955
21.004,834.228
29.32,69.24252
22.537,228.21284
541.916,836.9286
108.743,434.58517
720.297,116.72933
10.62,454.37302
104.743,95.689705
850.513,951.3529
9.367,81.353294
19.94,87.57305
2019.793,315.16965
16.5,430.1124
14.257,67.93944
0.19,7.069203
1320.783,316.39368
157.123,211.85782
147.74,94.84229
21.74,132.77205
19.917,219.40877
43.36999999999999,108.59764
10.149999999999999,159.3253
1.327,16.101912
320.753,324.39297
29.45,194.31386
289.944,921.1475
22.38,545.8965
250.137,73.89207
73.54,123.014786
9.953,160.41672
429.416,93.81893
30.027000000000005,67.78724
611.01,1044.7449
20.683,283.6669
29.703,296.63153
776.05,217.41176
808.52,328.84662
259.316,101.381134
100.21,181.14883
56.253,101.32483
9.4,421.65552
99.843,1093.159
55.533,92.79697
10.217,143.33798
40.376,898.9351
19.976,260.54214
507.14000000000004,599.5088
228.767,306.52283
19.737,191.16748
0.626,67.171455
20.314,763.0597
109.70300000000002,88.23877
29.68,21.144222
1146.13,101.68303
20.289999999999996,2556.182
1224.567,1484.075
159.93,145.77896
29.653,126.45948
9.894000000000002,142.42444
0.063,96.95353
60.15,694.2891
149.47,145.60298
50.25,71.66054
39.627,68.580574
289.553,15.660766
139.964,302.82544
31.253,110.95602
5.133,154.07973
39.917,176.62657
20.203,226.06961
58.267,150.68845
6500.114,836.4522
131.097,354.69974
20.465999999999998,278.70056
270.02,96.35504
0.814,216.69261
9.253,168.54141
20.089999999999996,76.98297
38.817,702.48737
110.113,57.436623
50.95,134.4074
0.063,197.44398
18.626,79.57579
816.99,264.7379
19.227000000000004,104.86812
0.047,71.77082
19.444,75.29679
9.976,102.73545
4795.146,3915.9187
20.606999999999996,217.10458
15.494000000000002,105.10273
79.617,103.99611
80.90299999999999,85.940025
19.096,110.00842
379.59,256.4278
0.263,95.735634
10.427,181.50818
0.034,105.18972
1209.284,484.0581
23.567,80.08291
5972.744,4376.004
147.14,155.90858
39.827,143.2146
39.433,124.889626
179.72,321.01123
9.923,114.48113
9.983,173.48575
49.57,344.8268
340.084,71.794174
59.623,499.01074
50.04,124.86365
10.703,161.7138
19.76,491.2291
11.813,73.28367
1.423,266.5519
4.47,71.8047
19.47,50.24457
110.813,183.91547
280.34,88.96978
661.107,628.4721
684.06,317.77826
460.034,1419.8936
19.32,173.65294
2779.89,363.67844
20.28,190.56638
0.563,332.87772
360.43700000000007,677.61816
10.466,287.6762
18.787,172.88284
20.176,349.7392
10.283,83.05624
46.993,211.59
8.697,108.87691
8.267,196.36253
273.52,320.496
19.66,325.86447
400.08,149.55243
159.824,86.60392
20.176,266.69943
48.287,180.22519
28.03,169.19737
99.227,116.51076
400.97,132.18843
47.683,287.44943
18.944000000000003,100.89831
3178.88,313.67783
3782.484,239.71915
130.15,152.94923
10.467,438.59128
9.794000000000002,266.6049
50.85,120.227
0.093,12.98597
19.954000000000004,118.08233
59.194,280.64053
69.957,898.35077
49.424,121.89405
220.293,95.58785
9.94,133.16957
1184.07,395.15466
49.08,88.409775
451.45,71.28798
19.017000000000003,109.06387
109.587,114.95962
200.103,161.93831
179.28,140.16068
199.72399999999996,86.45999
9.683,300.65802
359.36,346.38196
440.15,428.3892
1.5,111.361694
22.69,156.03387
81.013,93.078445
99.33,73.891594
7.417,183.4398
10.373,117.42289
39.953,871.88666
275.947,539.628
58.987,90.222855
180.48,145.27814
4702.863000000001,241.79272
237.903,67.84289
29.943,541.1654
30.707,306.6498
359.7830000000001,842.18665
19.776,221.7445
19.694,89.79265
59.41,318.399
160.307,79.19154
59.74,206.27351
28.793,112.041145
9.107,146.15117
29.65,114.06105
19.95,262.16745
148.217,118.71068
0.187,168.45464
0.017,95.735634
69.73,2972.0388
9.42,135.24472
89.85,164.42336
435.697,255.74384
20.103,185.7677
0.14,79.99559
2152.103,115.66827
0.297,409.66595
20.643,99.99994
950.926,171.8865
89.177,16.344294
19.693,129.17862
49.056,75.23834
10.203,222.1936
18.797,83.13866
68.38,409.3272
457.924,1021.7886
0.22,148.35199
39.917,78.47059
62.153,276.45544
52.196,179.87436
110.586,113.51223
80.627,71.52255
20.562999999999995,174.20045
39.72,660.7622
69.264,296.6389
19.977,105.76294
90.03000000000002,2471.9663
0.83,74.32407
30.24,68.06622
289.78,404.27805
9.99,242.46918
18.956,298.6286
79.413,244.32965
609.84,185.92781
449.92699999999996,249.93814
71.177,336.06183
29.623,142.1013
19.814,128.75479
48.627,133.04776
1010.517,170.9744
50.226,752.0266
9.32,164.85893
0.9399999999999998,97.30367
129.563,244.46689
29.686,175.37837
120.627,364.07242
19.883,70.0538
9.773,7.222322
551.517,253.77394
320.017,243.91312
1.847,339.46817
0.564,115.45907
112.44,135.87755
59.733,557.2853
9.5,94.72347
449.19,658.0669
0.44,109.448616
976.693,558.689
80.396,116.1837
30.544000000000004,154.66924
20.076,817.69635
30.407,300.72958
10.77,174.6361
20.077,263.51428
29.84,217.47993
689.747,117.418724
200.387,285.1677
239.95,244.18752
21.079999999999995,96.634605
74.807,359.47134
110.237,179.26913
140.127,335.04333
46.68300000000001,176.0814
20.343,110.4314
19.946,165.63844
44.42,363.06772
470.187,117.16921
18.157,125.37142
9.91,224.71204
888.357,367.32947
9.787,81.420815
19.277,222.83769
39.02000000000001,296.52432
58.467,143.81535
189.477,492.22256
0.157,69.44493
129.323,243.69783
19.803,948.54694
117.28,295.14014
259.98,114.81729
309.42,110.962234
10.039999999999997,166.59682
7.837,75.22231
29.863,65.16844
210.736,222.87065
39.643,113.448364
28.883,107.64469
30.353,267.86484
8.38,196.36253
20.227000000000004,224.96332
0.22,324.63266
19.737,450.42432
137.13,227.7742
0.547,143.11235
78.38,160.21146
1469.033,873.1602
26.714,74.91017
1719.147,384.26553
0.66,102.53477
10.673,73.74471
209.827,291.82388
69.57,52.45091
20.254,124.51102
150.21,1002.11993
101.7,83.74445
20.424,218.90349
10.97,195.8227
289.7300000000001,267.31927
22.313,141.1369
0.11,142.5424
0.047,159.48227
239.433,157.66156
28.96,243.68143
139.883,147.09708
20.837,264.98474
36.387,116.493645
11.163,147.10175
7.793,218.29877
10.39,100.44619
9.786,290.8378
0.86,181.01006
1.033,104.422585
59.786,108.93119
60.013,174.51471
150.416,682.0611
179.834,114.15184
0.707,294.3641
60.76,69.611046
5042.26,863.3061
1.047,315.86044
111.1,138.33592
40.3,181.39041
1.86,196.3627
59.673,274.72052
13.103,241.04065
0.457,13.072122
20.037,209.33234
100.103,165.75037
222.306,83.08529
59.953,80.16965
19.933,1028.585
499.87,107.9379
109.53699999999999,197.26474
139.84,240.38123
30.83,205.55148
60.197,115.188545
19.457,77.07623
19.73,267.62088
6640.923,3587.9788
0.016,211.05042
49.800000000000004,360.99683
41.184,72.06327
0.534,210.71967
18.753,81.86422
49.747,78.680595
9.47,109.12176
19.616999999999997,15.901005
9.99,315.868
0.22,127.90771
9.757,224.42116
251.67,109.13946
486.817,55.99831
22.55,51.427402
95.88,1587.1669
0.266,198.91777
280.1,295.84644
320.34,234.88885
151.99,98.460144
689.696,262.06644
127.206,115.55789
21.06,207.33029
80.043,103.78305
181.18299999999996,54.54554
4.894,78.93189
8.656,71.77082
681.44,171.32378
69.38,91.9286
497.61999999999995,479.34402
139.627,110.90165
49.393,116.135445
30.113,178.5161
20.034,79.74317
48.0,294.45975
540.203,240.20125
99.857,317.87833
8.72,196.22742
329.043,231.7815
9.86,250.7699
120.44,88.65742
0.157,100.602135
418.06,112.65149
10.563,2278.1978
20.107,461.15408
21.45,370.67575
150.174,221.70445
18.956,257.13898
8.913,221.08565
0.253,143.76924
48.82,286.35114
19.13,165.70898
20.027000000000005,371.06332
9.27,128.84195
138.75,243.96188
19.957,699.8522
43.483000000000004,288.33838
18.95,202.53926
669.2939999999999,404.23242
29.987,87.84954
30.18,80.89721
19.48,1229.6124
79.88699999999999,202.96085
50.02,130.21454
0.047,67.04796
20.697,145.58743
9.913,216.59245
60.397,384.5884
1.0,183.84338
29.913,295.76685
21.914,97.23964
160.727,264.28488
40.486,434.60422
119.417,238.34291
0.703,104.25608
28.85,102.30194
9.717,482.29868
39.06,183.69052
249.943,281.77423
9.99,106.051735
0.22,85.235466
9.153,185.21739
19.947,125.89482
140.34,1072.3582
9.66,211.14357
19.534000000000002,139.16827
219.883,535.10815
20.026,405.27985
29.99,115.15136
332.097,87.38395
450.147,308.5736
45.233,302.27
41.33,144.32722
59.593,156.6757
29.74,320.16248
4329.91,316.99417
1980.52,170.85814
109.117,151.70552
58.36,284.09686
48.903,118.90313
19.947,308.59586
10.133,61.819893
12.266,175.58064
369.943,146.09636
80.784,526.02136
18.963,290.23947
299.833,543.8736
9.943,256.57632
1.14,100.371124
1.33,720.5236
141.25,136.51967
79.87,249.46213
9.73,197.05452
110.087,2438.6548
79.37,95.86613
29.487,91.62277
19.557,294.3701
1471.913,129.35403
20.64,581.0449
19.826999999999998,142.00114
2.97,64.286736
101.017,153.33043
2020.9659999999997,139.49106
272.08,1069.2822
12.913,333.76678
300.22,107.01076
10.037,82.2658
39.987,82.472046
29.96,262.55545
497.77699999999993,233.33656
1.863,333.98685
39.753,23.111824
359.427,645.20795
20.407,2621.0786
240.236,207.45341
50.26,155.65988
280.614,287.12387
9.47,31.587046
170.797,140.66798
20.22,343.8117
39.716,111.7905
359.403,285.66736
145.007,211.22806
189.23299999999998,280.30246
1339.8299999999997,3608.6926
110.364,76.2072
20.0,733.46643
29.723,69.71801
200.02,199.67659
5.28,71.67227
828.394,2596.164
99.8,394.16238
547.987,128.74457
89.933,83.81157
9.814,19.64362
0.094,93.10625
169.393,396.0235
20.307,148.54431
137.57,372.38562
0.11,69.94877
701.503,1219.9508
0.4699999999999999,78.53618
879.107,143.88048
10.649999999999999,434.5698
28.98,360.763
80.013,190.26277
87.346,247.90459
0.19,334.59265
359.97,1979.8899
9.863,87.32349
173.677,295.00305
20.133,69.55657
2690.08,354.10156
21.05,83.44423
392.003,345.02164
0.033,151.41992
660.864,91.71555
0.36,257.13898
39.696,303.05698
310.163,112.39906
39.123,419.3468
1398.733,2224.3005
70.076,383.20053
17.917,74.962296
351.03,295.32117
9.856,69.46427
10.737,85.02551
361.077,240.0891
39.647,120.841965
330.28,494.74084
8.97,488.16357
0.143,41.07455
0.29600000000000004,184.6273
49.313,156.1354
238.196,240.65353
128.727,100.732285
190.217,239.18282
159.634,292.1155
48.773,406.3085
230.167,154.8218
19.703,171.2714
0.827,113.93564
70.127,77.39828
19.19,186.0398
170.05,68.22218
9.793,7.228778
9.23,73.595024
60.31300000000001,241.58206
0.593,90.788185
320.964,498.41095
746.744,62.786545
390.697,234.41711
80.72,151.89365
38.397,88.67377
18.876000000000005,218.88109
48.87,140.89148
479.5,575.4204
80.016,1731.673
60.67,232.06161
9.436,211.08142
259.44,190.47437
0.093,127.68102
123.37399999999998,92.14837
249.624,85.825745
40.216,245.61205
0.14,255.32314
29.553,359.8309
109.254,187.11818
159.843,484.26724
0.064,109.50593
69.553,493.81158
19.626,313.52835
1313.093,167.9479
81.373,2291.8154
59.567,1403.6833
19.079999999999995,198.70732
2950.01,2353.75
10.136,76.94727
19.396,292.03506
68.78,338.13257
2024.137,1137.308
9.487,80.42263
2.54,167.21262
30.147,82.7043
60.06,620.9359
39.066,50.242058
60.717,965.5908
19.816999999999997,164.09991
19.25,181.67986
0.284,79.51093
30.103,427.30347
60.017,230.4963
16.057,211.14357
31.483,30.714806
178.207,101.229774
50.13,544.27783
770.99,115.360374
3750.883,579.1382
296.62,148.7479
60.963,578.90424
40.943,142.72485
19.46,964.7152
118.507,69.46831
19.633,413.17914
784.983,100.36348
19.83,80.995415
0.017,341.28854
39.363,117.51893
709.694,163.41148
0.457,270.52872
29.653,231.55228
210.493,651.08746
1169.73,604.78174
9.983,218.53386
30.123999999999995,254.75885
17.797,190.39722
70.837,418.65546
219.58,18.30128
80.326,106.76992
0.063,109.12176
135.69,81.805786
39.937,315.77008
9.837,201.64577
119.87699999999998,298.9775
466.584,673.0329
6.417,223.63092
249.483,73.18187
19.587,105.555855
16.55,92.33291
140.793,205.82379
18.957,88.79778
10.326,172.21478
0.17,65.44308
0.093,98.924706
411.813,142.25566
1197.106,196.72227
21.217000000000002,71.67094
0.377,295.06445
8.92,772.9054
159.193,210.67992
0.08,146.08206
37.917,504.80774
1029.214,465.05664
109.343,247.97693
139.997,311.22745
19.317,230.16234
0.83,474.5314
20.293,260.81516
20.117,79.713425
49.882999999999996,289.06088
29.98,95.69271
49.78999999999999,116.21226
20.237,121.756935
19.816999999999997,1006.9877
0.343,138.22891
229.097,282.58978
50.47,176.34044
3836.307,296.82864
891.103,766.37463
117.227,347.15762
209.593,98.59345
110.114,218.13243
2.63,75.77894
250.16,136.19862
19.824,121.29175
10.837,201.78839
19.76,112.842285
341.05000000000007,439.7745
18.69,309.2027
1.017,432.3328
103.724,86.41128
82.237,217.62886
10.483,212.17021
39.807,118.203674
19.900000000000002,110.64055
1380.54,459.51947
0.03,86.83901
19.107,67.72694
1.486,423.1034
1270.877,403.74304
19.784,171.71593
100.12300000000002,251.57437
9.79,30.813663
59.773,92.862076
119.803,199.31676
21.487,123.04789
33.323,205.31526
19.257,282.28506
14.987,90.22895
239.84400000000002,367.88632
6.456,190.0509
329.897,297.2577
100.077,169.56604
229.663,364.9995
7.0969999999999995,101.07418
20.45,204.8909
1619.637,484.9337
20.055999999999997,108.6373
302.03,76.28197
1.453,274.0997
100.303,251.46646
98.733,616.019
949.857,354.64948
10.02,188.29634
28.697,103.681595
289.9,106.08497
9.697,295.4567
82.16,125.56927
59.94,290.04498
109.316,123.83411
1.077,641.1995
0.953,112.83555
249.52,84.1385
19.826999999999998,307.2024
40.53,216.91718
89.837,861.8355
139.72,241.13225
19.866000000000003,129.3378
20.25,460.57422
11526.707,3426.699
429.98299999999995,128.25053
19.933,112.87652
379.226,83.90329
21.343,266.38007
150.03700000000003,83.01574
180.16,174.91454
70.283,200.00554
30.153,175.83505
288.383,298.0406
40.026,336.04727
69.976,89.98044
59.917,194.8715
200.833,4490.6147
149.88,78.99784
60.347,16.190794
110.3,377.41342
10.797,294.30884
8.936,213.19508
12.444,470.84933
266.687,178.91722
210.91,113.87883
189.863,108.172516
159.506,287.35452
89.853,84.153625
28.99,72.29094
9.956,114.11678
70.16,112.65588
20.79,89.45318
479.957,593.42706
19.85,262.59595
12.317,465.21497
150.01,1135.2037
1051.593,139.9741
0.623,164.56705
114.26699999999998,193.41614
10.17,220.50807
269.77,81.43836
44.287,93.66743
48.206,100.4288
589.133,449.51334
175.463,257.05792
58.42399999999999,65.03067
19.31,110.271866
106.143,730.725
80.334,174.12622
86.05,70.113014
30.003,209.9304
59.42000000000001,149.66623
20.017000000000003,321.77853
57.397,169.49544
980.53,112.28193
15.373,69.66441
20.527,257.05777
280.307,681.612
100.357,957.84247
50.167,130.18796
19.027000000000005,198.36243
19.753,88.53767
248.6,102.9801
0.157,124.20974
240.526,409.98907
0.343,192.42857
40.546,1003.8307
39.16,144.2811
0.547,89.934784
20.266,581.6383
41.113,668.3984
580.994,110.21368
19.174,313.0151
18.963,106.76079
19.534000000000002,812.821
15608.616999999998,7030.9043
111.22,298.96835
149.83,73.53915
659.506,1087.4019
220.133,196.93268
19.643,120.14782
20.700000000000003,193.42688
1529.41,854.3517
886.61,647.17114
10.22,82.09821
9.2,167.74496
249.683,326.55347
195.943,92.42868
16.34,106.81104
43.603,230.66731
149.687,221.43227
20.34,217.14853
129.104,615.78674
19.173000000000002,215.85794
18.036,108.799194
19.59,79.31655
70.34,164.89182
168.61,652.09985
19.903,93.77517
20.782999999999998,86.35633
61.02000000000001,529.6815
88.086,1981.7515
10.249999999999998,224.33792
20.572999999999997,504.60452
449.9,452.94873
140.167,602.29626
90.42,86.27708
10.743,109.074814
2606.187,657.18787
1.936,77.756546
149.027,1500.1428
38.293000000000006,353.20834
149.49,126.54947
143.626,297.08984
140.57,795.59625
1.077,89.3024
500.13,235.51479
17.724,71.846306
79.574,805.4101
129.983,95.16401
110.75,169.51941
28.216,360.5852
164.037,323.7424
71.683,285.0978
30.05,129.75491
26.4,197.83456
122.343,2004.6567
79.763,287.4146
57.78999999999999,271.77805
20.653,7.1709194
10.796,110.76707
0.143,101.10252
9859.187,3002.846
40.546,30.976656
11.13,230.23062
69.544,270.85733
1.33,121.168816
370.046,322.44116
5.69,88.18401
10.186,101.68467
139.226,109.98598
541.847,618.1536
0.017,84.135765
100.06,118.08401
8.357,143.74344
140.273,352.3826
1.267,183.4398
139.88,278.07507
140.13,83.48565
50.4,13.039748
90.487,363.3074
50.47,295.71478
559.19,101.95422
10.944,102.04506
828.9669999999999,69.47865
2.194,111.59128
19.47,97.74832
39.913,97.70747
19.823,117.97826
30.562999999999995,442.8727
79.66,94.51016
10.88,154.19492
28.77,6.137079
329.67,340.7475
9.753,109.710976
319.743,417.71072
60.06,186.37587
7.74,31.832815
249.78,268.65875
64.574,75.71461
39.717000000000006,105.7816
360.28,673.4213
37.99,377.2786
108.907,370.97522
20.136,258.30365
28.903,150.10721
40.907000000000004,95.00654
790.287,1145.4607
0.39,95.735634
11.877000000000002,217.16098
590.967,216.78047
127.363,470.15692
89.434,311.82297
79.863,188.39383
0.0,140.1815
0.22300000000000003,304.73947
29.17,291.10074
22.163,22.03302
20.167,136.24185
90.43,300.71832
1036.38,477.61072
10.283,168.06976
10.053,80.50195
520.723,289.0788
60.373,148.08969
19.767,231.74283
19.687,194.74278
64.387,81.95822
0.39,71.206795
0.78,390.09308
1.817,82.28223
148.903,487.7182
8.21,225.97844
0.14,90.973854
71.497,141.03357
1.207,239.63649
19.796,101.02726
28.572999999999997,71.151184
20.39,108.25721
19.94,421.22028
31.57,74.582016
100.38000000000001,135.74141
18.657,190.78578
100.197,128.36163
4817.692999999999,1574.8712
5.173,110.833176
150.7,212.2453
20.606999999999996,340.67557
9.737,113.52768
170.544,461.46664
58.707,618.9441
129.264,227.1505
199.927,318.91312
3.58,281.17355
20.337,134.4074
8.94,197.85493
20.233,71.37437
19.489999999999995,230.08708
271.533,426.43353
690.09,1104.6003
19.656000000000002,285.86853
290.13,161.97914
40.447,417.95734
39.753,15.590811
70.803,208.91492
40.287,148.99535
340.32,94.78233
10.947,100.490776
150.353,169.85432
1.75,176.90822
79.543,80.79282
9.564,201.28862
101.444,205.01476
1010.326,301.6341
139.476,297.75742
17.954,81.217514
10.06,111.69084
0.22,112.69145
18.896,120.88041
399.73,237.05394
279.97,88.82025
133.773,108.157196
110.523,311.87454
2399.997,461.02017
80.15,20.942884
20.327,389.9282
30.156,86.13461
258.903,335.62897
300.233,144.15175
420.797,85.547905
19.193000000000005,79.49696
0.174,245.33498
9.647,275.54382
19.487,270.16092
299.783,679.4292
29.826999999999998,105.58996
740.194,216.14311
39.49,181.26328
450.08,940.3237
10.09,227.23514
1281.903,2857.2603
159.743,268.9549
10.313,296.63153
19.89,81.98166
0.156,210.65811
110.107,456.21857
20.07,170.21501
0.237,186.80759
0.75,66.871086
1.233,213.79616
11.004,101.63484
259.76,91.86662
512.027,235.4397
10.31,268.53394
10.603,296.79547
30.782999999999998,754.14264
1313.506,429.7382
29.982999999999997,83.686295
0.78,108.72896
18.543,304.15656
28.700000000000003,161.8493
10.294000000000002,188.27148
19.937,85.64825
2625.104,2035.071
140.22,558.07544
610.173,185.6094
31.78,1068.8269
40.56,168.75525
28.920000000000005,46.09161
9.232999999999999,91.87344
9.453,180.06326
10.539999999999997,393.41965
20.982999999999997,911.68634
38.347,145.98703
396.403,234.42276
300.224,73.97924
191.023,294.0671
269.72,780.55536
19.633,70.62344
830.143,99.92484
299.496,86.73812
9.350000000000001,235.43669
49.763,630.032
656.203,1539.647
0.797,210.09923
39.423,182.80934
130.893,17.219921
40.45,75.47746
60.834,114.873795
394.53,348.2814
13.5,64.62914
169.76600000000002,84.481346
56.599999999999994,347.30417
0.25,75.29679
52.023,326.2553
9.79,241.27095
50.39,316.81183
55.9,138.98038
59.65,385.08527
9.327,109.448616
20.463,150.16888
19.967,95.15523
20.023,178.59456
90.066,172.97491
30.04,108.9468
90.24,885.0298
3582.213,130.73083
48.923,235.11987
240.893,323.29517
20.987,162.8304
0.046,114.887825
39.78,107.2628
72.58600000000001,204.37701
109.983,85.01621
42.29,263.46014
15.723,829.0595
79.44,345.77148
58.11,114.72128
79.647,511.33002
18.977,216.58238
220.063,114.07351
0.593,488.16357
179.584,604.93384
22.133999999999997,130.20354
100.017,121.31119
3549.213,123.55135
380.544,538.2464
10.503,190.10571
19.982999999999997,964.7152
114.63,1019.9571
0.533,211.77768
28.903,74.06936
1.33,96.20594
180.037,403.0593
4718.664,671.858
54.36,649.2797
139.453,78.72542
59.12,87.90812
860.726,427.08588
19.700000000000003,302.30627
60.147,280.50388
188.963,319.67517
286.317,114.17881
1689.937,1099.9255
330.04,469.52768
1539.1,567.8774
70.387,159.48616
60.916,116.95838
19.927,110.669106
59.54599999999999,1329.878
21.12,709.98737
10.460000000000003,284.02658
0.407,186.29466
301.207,216.8652
101.51,404.08728
22.126,171.49907
0.11,103.176445
19.297,114.06105
9.677,165.4437
140.07,120.16724
0.797,197.6516
9.64,70.87869
18.923,75.54869
2.9570000000000003,79.295425
0.07599999999999998,301.33908
9.773,67.136604
1212.596,195.33391
0.403,301.33908
1017.3360000000001,584.7201
60.613,78.59271
1.016,197.99123
71.696,198.57639
10.094,153.06613
0.97,992.29504
20.11,94.76402
49.846,18.040941
1497.123,434.17395
610.363,310.3263
50.31300000000001,82.50171
10.246,724.3858
40.157,110.033745
0.093,142.69955
80.82299999999998,170.0704
10.113,173.15482
18.837,71.98752
1110.11,662.7166
19.963,269.38248
1519.047,181.82776
120.756,239.07913
930.497,810.30115
9.117,253.35977
261.233,126.07109
0.424,434.5698
319.786,316.31845
149.843,126.20771
141.556,91.14944
50.3,293.46606
3638.76,91.70941
87.537,123.736336
529.533,342.27588
600.037,355.87283
90.007,242.6057
328.757,250.43983
17.964,489.33966
19.500000000000004,71.59561
19.187,251.49052
949.47,623.7248
3.7400000000000007,70.04117
20.457,288.32727
360.216,396.3504
0.047,305.3517
10.583,280.14667
219.907,235.4698
28.787,280.45752
19.727,111.69084
11356.54,1216.305
2140.087,918.66614
17945.58,8821.383
36.446,302.69046
19.323,72.37721
89.853,2034.6896
630.78,132.98398
71.2,132.7983
34.454,154.59196
859.826,279.8828
20.196,312.7632
20.287,75.65712
19.253,72.42869
30.12,280.92322
139.35,108.895645
319.55,174.68527
18.653,105.18822
39.854,168.64883
10.407,86.844795
60.13700000000001,433.73514
20.455999999999996,91.54236
301.23,93.76772
29.099999999999998,145.28094
12.293,142.36552
160.13,193.07921
19.099999999999998,89.28083
48.827,100.77416
37.78,74.83606
37.913,201.11351
40.09,160.85799
150.09,101.183
175.134,328.4835
69.254,235.13292
118.52,110.72326
9.06,166.52109
9.543,224.17984
29.947,1932.3829
10.137,674.55457
9.223,209.27876
100.104,21.36414
19.900000000000002,19.64362
39.344,219.61343
50.443,192.89592
9.717,100.31902
9.47,480.23907
19.647,65.28733
20.393000000000004,88.21863
179.91999999999996,217.26242
39.217,291.34583
9.82,128.25566
1495.1900000000003,342.703
27.717,107.63989
39.75,308.8256
0.156,476.89508
50.017,2479.4617
189.123,354.10837
6.68,106.68416
89.53,114.510864
9.913,123.10228
240.514,401.76715
53.097,87.808975
149.793,208.73668
17.84,166.71788
0.22,112.1811
480.733,73.445724
0.046,309.54517
44.857,545.8965
11.137,905.87103
80.287,510.03897
9.62,117.1794
0.627,126.90261
0.313,109.72966
20.314,131.26825
319.98,307.88364
0.11,75.20871
39.137,840.02155
149.79,290.1998
7.873,181.42995
258.87,377.7381
389.17,873.5701
9.82,330.7821
20.094,728.1851
470.414,210.58441
19.303,334.0082
11.01,142.36552
49.56,573.93
79.743,20.828695
49.766,74.5462
30.39,185.45947
50.153,163.22447
17.063,344.30994
11.460000000000003,328.71954
167.017,30.645447
190.327,614.4934
60.006,477.69833
159.98,292.2052
10.086,184.8652
51.226,469.2269
303.903,374.7781
10.957,663.25226
580.38,291.38608
130.37,82.82562
20.782999999999998,11.985417
40.167,167.07024
29.42,336.11984
28.004,326.6699
19.454,112.65866
21.07,64.33308
0.42,156.72447
69.597,886.44525
30.04,178.56964
7.002999999999999,65.12585
0.687,78.67124
40.113,220.2177
30.19,81.064926
9.277,212.86612
388.684,231.51237
284.763,196.23332
10.237,543.23553
159.97,341.97623
18.353,2896.1448
1.006,468.7145
10.287,330.7821
137.027,499.22253
29.957,84.85237
0.204,152.76498
50.49699999999999,145.94391
0.346,71.34828
9.6,2370.3164
280.977,262.66965
40.254,316.8496
359.05,917.44507
8.553,108.21726
1069.173,274.25775
21.517,170.64557
18.78,95.55
280.12,219.77284
639.9160000000002,324.95612
69.744,91.38948
186.64699999999996,228.75543
169.893,2046.7802
189.137,109.96367
9.450000000000001,112.590996
9.087,290.04547
49.11,102.29425
570.727,193.44928
29.89,129.28017
111.34300000000002,1452.9088
168.96,180.72615
90.026,145.66821
558.594,144.38922
9.897,255.54944
69.7,91.36219
8.733,316.7456
69.957,85.87953
280.14,126.328186
39.007,224.92175
130.314,356.78134
649.897,582.9481
29.99,111.81429
11.147,71.997604
19.887,313.5614
10.144,62.139984
2198.963,1651.6471
19.297,286.72406
131.91,105.94604
100.14,238.52136
10.683,142.76335
52.5,309.6699
169.98,177.12982
380.19,165.85803
79.943,20.957197
83.9,134.73712
1350.94,129.88315
20.026,2274.7544
128.817,267.7892
470.124,483.57208
1976.65,715.38617
79.747,199.57623
110.45,107.77984
188.86,296.38318
2320.113,198.0149
210.453,448.59305
49.953,237.68576
30.03,150.44055
58.587,104.73606
0.204,141.79982
20.603,103.865005
0.064,108.72896
110.827,380.3406
19.24,544.22815
189.71000000000004,78.17992
500.44300000000004,257.27853
19.41,183.94566
29.777,469.21103
1054.32,1219.178
289.936,288.1414
21.163,33.972794
20.234,46.211617
6.463,397.79694
150.90300000000002,66.683395
420.24,254.71075
2173.253,1026.8575
15.543,1064.8661
59.993,428.0122
20.693,358.8534
0.204,108.47492
10.63,162.21838
550.007,130.96448
5.954,186.64352
50.954,239.12581
0.203,147.7061
12.663,355.76804
0.25,30.855862
118.807,190.61176
20.067,77.054855
20.893,413.8608
2449.777,527.0594
3894.386,356.01202
209.83599999999998,67.39319
0.377,226.31754
9.436,106.360016
100.017,307.50104
9.966,90.52897
340.246,111.38632
29.933,128.55263
33.026,267.8536
19.094,70.96529
469.847,456.33218
204.604,110.33773
40.246,292.97766
39.323,348.69754
9.92,706.8445
40.26299999999999,163.051
9.834,111.25285
2330.307,132.23154
469.857,342.22833
59.834,218.4503
26.263,131.51985
138.896,133.26685
159.93,331.60947
135.577,104.66034
230.003,263.24146
950.323,205.5819
9.817,20.842936
0.5,109.46293
35.817,178.37111
9.32,168.36021
19.86,83.024666
159.723,103.60802
14.52,117.72277
58.374,68.51799
478.7200000000001,116.53763
200.46300000000002,308.29758
79.973,199.29944
1.5,97.45845
30.453,179.63385
9.676,165.91248
73.947,116.57425
10.203,280.81174
361.726,507.35352
39.29,545.84106
311.08,168.3555
276.82,146.41603
100.04,110.54296
148.13,278.55713
154.81700000000004,110.63719
9.049999999999999,165.85442
20.14,73.93001
0.5,93.04781
8.947,137.58093
3.6569999999999996,79.39896
69.523,30.39483
59.606,376.41492
290.247,141.67102
132.01,142.69951
140.247,303.05698
19.943,211.20372
10.253,221.20053
130.297,439.81824
20.19,345.1847
708.637,284.9492
2.57,106.14329
20.045999999999996,660.6144
79.517,95.207825
99.523,121.31749
0.283,224.83817
508.827,546.4083
19.684,46.31687
19.816999999999997,399.7509
129.803,282.0146
719.227,444.04977
4.33,108.17719
70.37,303.71265
20.06,65.96829
0.314,206.32469
91.17,112.691666
0.737,107.490654
240.05,181.60239
0.157,75.1956
39.706999999999994,185.45947
10.457,222.8877
9.783,102.8176
180.243,347.6302
120.27,382.16388
9.166999999999998,6.987619
11.266,275.54022
560.233,91.028435
958.943,282.49554
389.623,1246.9415
130.32,117.88257
0.7829999999999999,87.7161
10.723,68.220116
9.097,211.03491
20.562999999999995,522.16144
381.163,418.10928
19.557,277.96582
0.627,79.801865
9.666999999999998,12.20494
0.013,1382.4233
40.476,292.82288
60.643,66.7678
90.257,103.52261
61.13,926.4833
649.89,331.9978
1690.3,1605.8569
8.98,66.95946
9.14,324.7295
450.15,319.24332
9.253,86.28151
99.98,120.98433
10.03,181.71564
507.967,317.3609
0.843,186.23036
20.444,158.17903
0.22,80.15622
10.343,145.6853
10.62,83.25293
389.786,541.6093
329.367,1266.5483
19.920000000000005,271.25082
10.063,109.404816
19.13,287.87228
19.747,129.3396
39.69,106.02773
10.257,289.91467
29.97,106.05249
21.353,120.0165
0.22,154.27579
430.097,105.35561
8.27,276.2351
9.627,240.97078
139.53,177.2641
100.796,77.87948
9.98,134.31287
90.066,460.18295
59.567,125.956764
21.02,471.66064
359.914,297.86453
10.9,15.594273
38.96,544.4519
120.83,419.31
10.836,71.997604
79.03,335.16702
80.37,233.36761
19.54,76.67907
80.01,223.94186
20.16,492.31058
58.863,189.49164
11.536,85.91178
48.063,223.53806
990.613,509.7795
26.357,146.00435
99.267,90.89725
280.124,127.96588
309.95,121.86839
18.806,314.0251
10.460000000000003,121.62483
29.583,319.24344
20.603,81.37955
0.017,74.0733
0.827,70.366776
0.333,213.69566
40.063,16.947104
40.10699999999999,310.558
0.187,202.7295
20.077,76.62173
121.664,247.8143
8.013,77.20966
2.0,223.50058
19.36,127.485916
15.34,81.14623
30.31,106.177925
10.44,105.01032
185.42,279.05453
9.577,86.11703
40.317,82.53509
570.66,98.95991
10.736,263.98328
8.703,46.09161
20.089999999999996,80.725426
9.967,269.07523
10.78,70.652275
9.522999999999998,83.690765
1.0,75.1956
10.427,396.84015
19.784,230.51797
30.706,82.64975
12.377000000000002,68.928314
20.153,1230.5269
0.61,921.737
8.97,187.173
361.81,245.82085
91.706,96.19118
90.556,81.41214
51.3,96.033516
120.72699999999999,66.44212
800.154,762.73535
9.647,181.67986
1.58,470.84933
65.257,96.25291
19.255999999999997,110.831535
45.63399999999999,364.51608
300.276,110.84882
399.897,130.59569
129.87,268.8368
50.083,417.9908
0.406,280.70438
139.643,283.4447
10.433000000000002,112.540794
20.123,291.53043
158.867,79.16641
16.9,75.65149
230.39,615.1045
1710.07,970.87244
431.007,129.61342
18.963,245.97845
90.057,275.21085
57.23,910.9663
140.803,110.19461
79.21299999999998,108.59764
318.2099999999999,516.0277
21.506,104.49024
221.95,1327.2102
2052.68,1885.291
18.223,336.95673
19.72,846.0403
93.923,192.33485
9.337,181.4315
140.7,67.18305
4.36,89.7645
9.813,73.41461
30.177,20.993044
149.287,202.26071
70.62,73.58571
19.61,96.33249
19.434,197.31104
18.910000000000004,167.6864
360.017,601.27356
389.19,6162.686
30.68,236.53174
128.933,292.51913
809.8,555.53735
109.827,135.37561
59.89300000000001,99.57784
289.88,930.5597
59.276,166.74542
148.993,170.44443
60.176,777.8748
30.717,1031.3997
17318.007,16277.9
19.68,221.20053
168.38,73.23565
8.157,290.1383
35.083,1069.3843
10.037,165.44435
18.423,187.66077
38.516999999999996,155.08356
258.96,798.9227
70.663,401.01123
20.46,291.18115
200.013,968.1948
9.987,163.3896
0.08,74.24453
1.597,102.805145
18.823,287.21954
251.994,198.27145
2266.827,633.9311
379.597,274.7296
378.99,506.84314
20.063,83.519295
749.827,146.28535
40.047,379.31653
9.63,109.50593
52.557,289.96652
230.6,59.063354
272.96,4979.1826
1929.15,1187.5344
19.67,81.78158
50.25,82.87865
30.557,168.55455
10.213,7.2740984
10.354,173.60934
10.114,244.74751
748.826,113.65273
288.177,319.5471
339.86,355.662
110.11,119.12692
400.27,116.784615
39.336,81.5578
0.11,113.3717
70.977,357.34012
2.223,93.04781
8.37,482.75168
99.436,115.75625
40.35,71.951904
69.693,229.40936
62.27,155.26541
31.116,219.86957
60.697,210.3313
21.003,311.7712
19.476,332.85757
39.82000000000001,262.45795
549.76,243.06111
107.37,126.33909
1.5839999999999999,339.1612
110.066,389.69647
20.416,549.7853
23.693,497.66034
710.0029999999999,244.59988
160.13600000000002,848.1462
80.70700000000001,208.23235
799.924,52.391132
9.78,123.621056
18.78,131.6529
20.72,964.7152
442.55600000000004,301.99066
70.093,90.68888
9.42,183.32704
14.087,70.48328
20.23,107.73035
38.82,213.4994
0.623,114.768295
6486.594,1607.0638
19.713,456.21857
624.676,119.456665
40.893,379.39447
119.31,87.037865
0.107,116.942764
22.407,369.21872
98.13,111.56355
0.317,839.26855
60.513,230.13226
400.486,419.91614
30.52,194.40964
49.637,131.62024
60.384,288.61044
0.297,136.62004
79.84699999999998,73.672745
58.973,68.616875
11.243,191.43983
0.063,211.2368
701.01,132.55603
1.817,187.0819
100.81,353.41125
10.343,258.65366
19.463,86.1122
59.47299999999999,354.18585
709.167,381.01306
60.396,218.58192
29.21,75.23848
10.003,233.09477
120.187,68.7299
30.01,40.132732
10.137,167.13179
37.78,20.574362
60.32,145.1626
131.124,296.8786
745.797,832.38605
1900.31,168.18843
469.84,114.78412
40.727,406.47238
77.264,175.58064
199.047,861.07776
20.82,205.83472
139.533,145.2523
19.693,113.52768
0.453,117.76574
20.223,499.01733
41.64,76.91835
0.737,197.02217
109.397,145.02686
873.89,1856.2751
71.167,285.77493
482.783,95.47237
90.21,664.9385
789.836,876.6738
9.743,356.27475
21.07,680.33093
1139.8,57.278893
21.153,108.15621
19.606999999999996,300.29172
9.804,228.21504
160.327,279.4715
10.147,185.73932
39.66,71.83523
238.423,453.3248
90.073,501.00775
169.61,277.55405
80.207,142.28136
21.510000000000005,188.17392
0.483,68.220116
189.207,283.36856
19.910000000000004,523.8963
7.66,329.8742
10.077,171.9038
20.316,97.30367
161.537,225.84804
100.44,94.6159
19.684,95.50125
9.967,85.180466
20.313,358.94406
8.777,187.12717
10.886,185.85182
29.67,512.2286
60.03,334.01276
100.61,123.36829
1020.24,507.264
457.69,974.2871
9.01,345.16757
8.79,257.85455
30.253,288.5924
40.757,421.8659
2885.53,921.3832
60.234,379.64713
30.227000000000004,377.47253
20.52,171.09738
39.213,313.5482
59.04,476.4104
440.156,162.01373
24.43,223.87183
170.047,127.781105
0.25,31.668766
965.706,87.51216
10.013,235.83055
19.343999999999998,1062.994
330.144,69.31662
21.04,279.2193
548.723,625.6738
49.596,129.6712
221.33300000000003,316.78308
79.863,115.256165
9.92,129.46559
190.09,1227.983
9.397,80.58662
130.01,98.06393
42.76,235.3645
12.463,75.65149
0.013,136.22865
289.954,84.21659
10.450000000000001,77.51502
257.924,171.6369
299.6,124.889275
21.356,303.04495
239.776,375.2516
8.923,104.692245
9.947,200.40158
100.1,96.494446
369.923,448.24365
48.064,264.40604
9.826,223.74965
19.343,751.33575
231.697,379.0342
39.943,556.9183
60.266,871.077
2.017,73.56268
149.436,262.75012
11.396,81.217514
48.10699999999999,15.689171
10.783,103.02368
289.553,124.659325
89.567,278.76825
11.527,164.31161
120.937,97.45845
13.149999999999999,111.49176
130.153,157.37074
0.33,87.99996
140.003,97.41998
129.86,431.6906
30.187,169.61182
19.16,103.99348
300.13,91.54758
148.874,1492.0869
20.016,70.26144
0.407,125.5988
3542.54,610.1537
80.003,134.96411
20.21,8356.561
359.17599999999993,84.09916
150.937,132.45311
1.67,169.83325
20.554,182.37122
6.983,105.12582
59.67,442.6896
30.4,80.609314
40.803,287.6762
670.11,289.9327
92.09,225.16275
60.357,2289.529
19.77,326.25867
1259.08,273.089
59.47,252.25783
0.75,315.38846
418.423,120.10512
32.47,517.165
810.2870000000001,375.5627
220.074,731.1346
28.267,89.3024
9.884,230.66162
119.61999999999999,291.23767
29.837,292.62363
9.047,235.83783
9.964,209.69693
270.13,100.97496
19.299999999999997,96.60456
321.3399999999999,516.5647
20.73,172.63129
10.003,138.43164
402.783,156.10822
9.643,390.4267
130.907,115.47971
40.91,734.1369
29.903,84.820404
10381.56,1297.8035
110.643,125.18156
80.877,94.57928
7.667,171.47061
70.5,137.40536
90.453,107.37874
19.427000000000003,225.22188
10.077,491.5316
12.243,170.20166
9.707,67.63845
76.816,594.5794
0.344,485.8221
110.623,670.65314
4.91,133.41685
230.094,111.70375
0.047,17.453384
605.48,215.71965
20.15,12.163437
50.826,35.533024
21.21,177.57759
29.793,351.65775
350.316,517.02734
200.07,254.14853
2544.2969999999996,965.81934
80.323,20.807344
319.03400000000005,136.52597
1008.6,105.789055
110.377,110.830315
10771.907000000001,194.64687
10.047,87.71606
31.06,70.27515
19.244,179.74207
179.757,287.05038
10.843,121.05184
59.94599999999999,177.35583
19.163,223.08614
0.157,124.59205
7053.467,2137.6558
20.177,529.2431
48.616,30.183113
601.1,154.8609
10.014,291.53043
569.94,355.496
60.91,79.920876
19.793,377.47238
139.997,219.37508
0.203,79.922424
109.137,214.81673
9.539999999999997,73.43486
58.856,326.36075
20.017000000000003,191.48341
114.95599999999999,194.8218
370.303,301.29593
9.616,81.997345
799.4,296.1291
0.99,219.64745
471.28599999999994,109.81054
451.18,449.1243
839.92,325.25528
12.22,181.45439
0.19,72.12119
290.28400000000005,322.0867
9.784,83.353
20.6,291.33978
8.666,274.0997
119.394,94.89897
1210.413,462.7967
198.003,107.21941
20.317,122.742485
9.894000000000002,359.52722
1339.8699999999997,86.11121
90.247,80.53419
80.327,192.04596
405.066,580.4222
0.72,70.41221
651.026,465.31464
11.187,223.03665
1.844,226.05666
19.54,216.73007
11.92,119.37426
17569.353,5622.2676
248.69999999999996,226.48
0.017,112.77907
19.997,227.73683
48.62,161.4973
4781.337,444.91547
2645.3230000000003,1111.6641
96.19,1423.8296
40.997,59.450886
119.647,152.97333
2560.003,27.797918
9.960000000000003,115.513916
19.017000000000003,123.04789
871.123,89.3781
20.784,343.4589
0.314,333.89642
570.573,289.112
19.933,197.42973
101.353,3202.6147
20.993,1308.6531
41.06,104.09773
1579.944,324.323
201.28,304.30356
199.483,119.83165
10.12,89.43407
29.24,409.66595
241.15,124.02294
29.757,147.99588
60.293000000000006,417.17487
18.934,383.47375
0.753,392.00513
10.157,342.68457
99.05,299.89523
89.93,83.8499
9.117,108.87214
661.937,64.55019
19.58,80.053955
12.02,111.308395
129.71,307.98758
39.88,120.16805
110.85,165.76631
89.347,51.876114
99.36,308.57657
48.007,87.771904
0.093,80.81534
262.396,483.67172
40.25,434.51294
509.996,274.3724
8.206,132.77211
30.19,69.28516
149.963,324.8873
39.377,539.37756
99.483,223.79567
740.2340000000002,970.0118
1.61,88.200584
0.267,91.44835
16.016,104.13218
50.233,446.41318
59.613,143.90527
10.364,347.1734
299.993,320.59647
9.8,68.56597
59.517,56.072388
18.336,128.13475
190.18399999999997,246.87347
540.11,579.78485
10.704,402.4537
19.57,954.47815
10.126,315.04898
104.227,138.31384
139.914,89.39588
1.09,179.61227
19.307,104.78771
9.850000000000001,86.86025
658.8099999999998,120.49276
20.343999999999998,76.91883
59.596,87.03961
0.33,159.367
0.016,609.5325
0.9399999999999998,395.85693
530.15,127.13814
20.04,149.85072
309.053,74.14211
1660.436,385.2683
630.353,822.38605
0.157,308.12173
59.72,113.01581
250.81,628.23047
10.02,218.27002
19.67,192.18127
20.099999999999998,316.47055
8.64,88.67377
151.046,123.988144
32.103,224.87984
17.77,223.50058
140.676,196.3709
10.003,94.4792
0.707,183.63373
130.034,112.34965
19.510000000000005,174.4711
170.17300000000003,283.62976
9.393,215.78343
29.97,383.5956
20.293,290.00214
30.03,411.15048
18.867,167.07024
20.68,343.7172
20.063,70.13528
40.693,145.92894
560.82,272.99628
408.733,411.84384
0.09700000000000002,94.77056
19.68,111.74061
17.097,191.09167
340.047,95.00618
59.92,230.30244
418.72,985.8259
40.15999999999999,1196.0776
88.99399999999999,145.15257
29.047,7.0251575
20.717,294.8943
1871.913,664.9304
9.853,104.42675
89.126,341.8546
9.58,41.144337
6.676,113.63629
5.14,112.67913
0.174,80.96051
13.477000000000002,145.92665
20.59,114.1296
59.15,172.87297
0.757,206.11113
2151.35,763.0648
19.972999999999995,257.88754
0.356,179.61227
10.637,67.58145
9.19,72.918495
0.29600000000000004,7.0377083
289.437,476.62308
240.42299999999997,111.1947
8.664,209.19737
589.803,73.020134
10.39,280.81158
39.58,358.2824
0.626,187.49802
0.046,182.5577
12.08,22.090034
309.947,70.133736
149.96,222.3569
220.1,102.85561
208.983,291.12717
0.343,321.0803
8.097,112.67971
50.957,84.75678
4.613,224.31569
1688.43,90.98484
141.083,94.26671
114.96,294.02594
9.643,95.735634
159.12999999999997,285.1928
1.437,287.21954
30.043,117.96855
109.64,236.4684
9.91,85.55798
19.097,109.17443
10.243,119.22457
28.963,108.98949
39.62,284.5229
920.14,147.54044
254.404,213.39731
0.094,177.26068
30.07,101.20214
19.873,145.625
180.027,1104.6699
20.94,104.78771
600.1,71.55034
340.703,97.90274
130.407,157.62682
89.006,102.32844
549.864,320.5424
370.087,304.34473
249.583,143.46707
1.11,198.81046
40.406,111.430756
10.02,63.274086
810.186,1462.2961
21.554,479.8806
196.47,173.69498
730.36,536.24194
280.07,221.54562
9.92,78.26728
3559.933,663.2426
2.017,102.19953
70.984,68.64615
41.387,354.62268
49.507,269.23203
446.94,85.22837
120.783,165.78473
25.657,176.46417
1.607,506.09497
160.29,314.3175
140.056,312.7964
29.974,313.59564
90.494,76.9542
0.61,79.653725
819.24,111.31762
10.950000000000001,102.63544
120.22,1013.6626
10.897,212.98395
12.29,68.04423
70.587,166.15503
81.75,393.7758
29.347,73.60609
18.41,151.19078
251.76300000000003,321.08545
1529.996,126.13514
9.133,164.20776
7.377,196.0924
189.9,155.96623
229.90699999999998,185.67978
140.38,526.9798
27.64,311.81912
19.953,74.280235
40.154,131.67877
34.984,393.09448
229.26299999999998,185.79298
29.813,224.79633
8.86,742.46765
9.113,318.95294
109.93,357.9799
19.537,196.9264
211.56,210.64264
383.267,191.39107
149.597,196.04332
3001.503,432.75287
790.116,309.8766
5.533,105.901215
50.987,136.93187
23.473,276.51434
39.003,84.15627
10.043,287.87228
49.807,304.79938
58.783,270.21606
0.91,272.15106
1.33,295.39908
473.017,638.63403
0.593,84.40406
244.854,106.78062
0.046,168.56621
49.1,145.95064
1671.337,1096.6074
42.33,790.8504
9.627,79.97253
49.793,367.37228
20.933,200.38419
20.943,175.2995
0.096,214.60948
159.817,84.81411
139.913,183.95079
29.41,370.14575
119.93,361.07455
7.073,345.5834
19.856,207.32617
18.457,289.25516
20.614,1095.1757
547.71,154.74187
79.417,122.78688
59.923,103.829834
41.463,237.96394
19.063,202.18553
60.486,73.63675
1.0,114.58067
10.26,405.4741
806.7370000000001,214.11295
663.54,589.441
79.717,659.17145
210.244,296.4022
2469.513,297.49106
90.157,6.9316916
169.487,71.04774
20.193000000000005,112.58006
19.823,519.3988
150.307,111.99864
0.11,84.905106
19.727,362.73154
359.63,169.2228
19.95,176.48026
20.197,97.46235
859.457,1299.0732
1090.037,110.507065
0.9399999999999998,165.38797
20.883,273.54166
0.467,171.2714
0.22300000000000003,72.020905
20.223,103.16717
46.194,389.14053
2246.317,86.75792
50.886,230.95013
1.173,142.03488
20.243,120.29438
9188.02,8309.614
131.26,196.48253
750.73,733.73895
29.943,312.55243
198.636,116.19083
198.797,210.88576
20.562999999999995,102.81888
159.267,1024.1008
121.647,290.18866
9.273,110.15673
131.153,296.20172
18.99,226.0306
41.15,7.254643
27.517,375.06955
19.53,126.1207
2490.587,302.25027
9.227,194.79526
30.05,278.45047
20.69,609.21796
380.797,128.7163
5702.097,1201.736
329.297,177.56392
0.5,172.7142
39.457,295.474
59.47299999999999,123.90935
50.41,262.08533
9.617,209.27876
0.03,372.51303
120.05,248.83777
113.267,297.1697
1559.913,1592.6003
69.823,201.0118
21.0,91.52259
529.95,838.86206
31.367,1708.6451
349.7,96.23373
2342.2539999999995,168.05421
0.72,76.68714
381.016,192.55238
0.373,61.39387
11.066,211.64156
18.477,90.223274
80.11300000000001,162.08307
90.02,203.90538
1827.62,1179.8563
19.213,109.25989
49.25,136.75941
10.453,442.08292
10.407,105.12582
62.94700000000001,87.5886
19.63,126.54724
10.673,301.33908
19.383000000000003,300.27136
39.907,77.21131
50.07,314.01355
10.460000000000003,738.8679
30.227000000000004,62.300663
190.09,1133.1433
30.114,376.35962
70.04,82.904106
59.937,293.22144
1170.173,426.08276
180.59,496.42807
99.767,298.77582
8.883,817.2693
468.45,151.56717
19.46,224.6567
9.947,87.8409
0.127,178.77226
89.534,258.5219
449.88699999999994,101.9503
39.86,222.67226
360.187,227.5843
500.27,97.58619
100.453,675.10626
10.23,134.26378
0.627,722.08606
39.88,89.20872
3771.813,958.61176
10.946,814.9794
4168.357,1099.2789
28.69,297.1631
30.22,544.8895
46.0,115.02691
30.557,131.09174
2062.08,4833.828
10.497,241.64008
230.653,213.21994
119.27300000000001,1161.6316
0.657,182.30641
231.644,215.22891
0.077,141.4561
191.024,283.6472
416.99,281.6236
53.56,283.9516
30.95,148.31851
320.113,166.76987
14.33,142.11885
19.423,498.33728
0.0,186.23036
10.31,70.48338
301.373,120.08833
69.963,122.01367
30.057,850.3969
0.97,373.9277
108.016,595.0513
178.67,172.74442
10.877000000000002,195.2844
18.05,83.93934
0.203,184.681
19.787,79.00037
19.897,316.99057
9.88,115.02635
143.113,624.3844
9.87,148.99535
9.960000000000003,222.73897
19.13,105.68222
189.357,297.30905
430.46,223.0024
449.7900000000001,1099.9685
1.03,91.93892
49.726,180.12901
4.343,389.14053
20.694,1010.5718
130.123,395.64725
210.633,247.54895
11.817,316.6653
10.007,145.78006
729.42,84.48482
9.846,127.28833
0.063,467.8763
82.587,99.82239
9.907,102.65672
9.783,90.27016
270.343,152.41858
114.143,358.37723
19.833,626.6918
210.017,285.12128
20.533,184.49411
28.384,78.347824
21.214,62.325226
9.71,156.72447
4199.544,288.31677
19.637,117.19288
118.697,493.8583
108.573,579.5192
18.82,187.0819
19.067,175.5181
29.11,209.33234
0.36,111.69084
84.467,269.67938
89.53699999999999,78.22953
19.733,227.50388
3126.1899999999996,2060.8347
777.7869999999999,146.69382
0.267,210.87856
49.096,289.84814
20.197,142.5424
60.03,63.63204
569.966,803.7865
509.76,159.58209
8.137,724.3867
30.13,303.38495
289.906,102.24323
469.76,83.469505
20.245999999999995,240.10956
19.243,75.35157
19.927,266.1902
0.53,273.02594
29.33,1154.4896
10.877000000000002,77.07869
80.287,73.39681
109.95,441.2088
0.05,248.70912
239.82,190.54666
0.91,347.2761
160.4,151.39655
10.24,95.91597
200.74,105.39293
20.464,173.67175
119.15,912.38885
19.637,304.42804
40.316,670.92365
89.37,300.22678
20.513,2222.4646
40.5,289.43497
360.2169999999999,1375.0626
8.65,258.96887
97.806,164.27576
19.507,163.35782
20.413,102.778946
40.22,781.0671
260.824,163.41089
18.8,76.6871
239.67,237.33119
89.903,215.9957
51.38,157.29994
9.837,111.07349
159.716,261.7583
20.143,763.0592
179.773,208.85982
110.3,115.45934
39.923,250.38882
0.364,112.30014
228.743,118.18519
29.73,62.60616
18.297,277.83328
60.986,824.534
0.157,103.171394
7438.313000000001,1579.2565
9.447,113.03396
50.91,592.69354
74.407,78.71759
0.41,159.46806
199.823,367.41772
59.59,191.14833
12.487,112.69287
2.28,82.22401
10.64,185.2064
109.877,221.38757
9.149999999999999,88.54964
58.983,225.67097
60.707,321.22906
90.25,409.847
20.016,438.12738
471.313,364.28836
5820.783,1938.4996
0.017,308.44937
19.086,160.7604
6159.813,375.73898
160.24600000000004,109.79466
39.83,151.58237
9.873,107.490654
80.263,195.91063
219.833,121.90065
239.386,826.0149
19.907,30.819286
2.953,1098.025
30.73,136.07498
481.91700000000003,113.62346
6.46,97.73242
9.51,187.44742
269.903,241.64008
9.997,88.420364
0.8,457.17627
49.517,107.42326
9.82,184.32603
1269.89,3568.4128
20.099999999999998,86.288536
15.303,92.93652
70.26,33.932674
342.273,106.80516
549.507,2781.119
160.203,117.903366
10.68,191.35446
19.12,84.8338
830.194,356.04453
10.046,226.51163
760.48,252.13792
30.863,114.25009
30.03,289.03574
20.07,78.89274
0.08,86.805786
40.217,189.48894
50.07,103.7411
59.767,99.81053
29.803,291.48727
202.146,76.50696
99.683,263.63135
78.797,56.214333
1829.9469999999997,192.41313
19.813,67.60628
1006.773,1086.727
48.997,715.466
20.683,15.779321
59.097,438.46133
2271.91,2573.5237
49.377,320.0299
19.843,79.38338
729.0499999999998,133.44179
4.957,123.33677
696.86,122.07596
10.23,226.04355
19.793,2061.8447
8.856,78.44501
0.643,100.00571
21.133999999999997,112.669914
30.094,84.694885
455.39,374.37585
1051.83,506.28162
20.223,177.07607
29.883,66.00516
20.013,576.87964
0.344,147.64223
1.343,128.85982
169.956,187.97598
29.33,68.029236
20.107,74.707756
309.513,340.89804
1498.183,141.85197
375.117,554.4144
79.93700000000001,158.01483
1469.537,159.83218
109.99000000000001,619.8716
19.054,428.78674
25.346,543.23553
10.64,186.66629
19.736,412.1638
19.07,185.78384
80.067,106.613266
3.763,237.14406
330.33,302.91342
59.887,104.20624
79.754,649.46893
189.647,85.75579
10.096,338.40143
426.053,362.87543
9.813,88.346214
150.29,809.5718
470.17,1490.3821
41.25,301.99408
158.45,113.94451
499.823,221.55804
180.146,322.64755
30.18,181.77135
239.76,79.424866
19.486,202.28094
20.623,126.28977
54.923,76.801506
321.643,276.91235
60.057,113.50987
29.263,372.13852
318.03299999999996,189.62485
39.237,767.1477
450.834,360.3214
70.087,118.35265
69.923,250.00002
43.21,101.28894
20.02,80.24838
350.31999999999994,336.41745
410.057,234.20439
149.763,434.74002
10.153,29.614594
410.17,1495.9277
21.523,1010.1164
8.5,70.326935
59.997,419.83636
19.837,173.71246
4270.807,217.44417
9.637,12.10144
59.933,234.67514
21.099999999999998,159.71036
0.03,68.47997
18.89,414.13016
247.48,933.2619
60.08,135.67853
40.793,261.26727
19.826999999999998,186.0398
9.663,76.62173
19.897,368.67078
20.764,318.46497
9.344,109.51191
40.973,150.2161
139.857,287.6266
162.39000000000001,84.48067
10.016,186.87503
10.767000000000001,188.29634
0.41,73.32214
10.217,214.60948
39.117,95.40864
19.88,231.59836
21.007,162.30714
522.79,889.0152
169.71,104.66109
8.724,223.27951
41.334,108.26728
499.173,513.5789
18.36,221.23376
19.19,119.623886
9.157,114.9976
11716.499999999998,1223.1118
59.267,623.4131
421.063,144.69035
100.187,120.84818
9.917,65.16844
5336.392999999999,3342.2646
18.566,125.5988
10.86,70.691734
39.47,123.233154
30.177,223.16957
1303.627,223.51073
1.803,877.3604
41.13,937.02374
9.897,17.277988
20.567,162.28986
10.037,84.251884
2040.11,658.0934
6.483,133.96356
69.9,311.2044
51.92,87.84725
91.327,385.661
30.047,402.29297
20.514,96.176895
20.037,602.50653
50.13,124.40616
1070.35,105.58504
109.7,107.50783
9.227,223.67242
210.257,292.70245
229.35,606.37604
102.64,107.11048
19.562999999999995,287.21954
107.884,201.70456
40.355999999999995,358.79123
809.473,1365.3221
10.683999999999997,349.9315
20446.123,908.84515
11.327,141.68251
39.637,854.259
349.84,584.53754
1528.3,3260.0723
8638.52,5922.2085
10.044,180.13148
9.853,168.45464
57.757,114.16425
49.627,17.453384
729.9700000000001,1090.1978
20.327,71.77082
30.26,158.08607
110.977,310.2793
19.547,94.78233
18.793,114.88123
0.157,342.65652
139.543,156.48439
446.393,281.7705
2925.26,211.3908
60.617,127.352715
51.153,98.32323
80.247,112.97315
261.32,187.79614
8.13,458.20334
853.177,287.8919
309.28,293.83093
190.173,83.5206
21.06,165.87105
59.647,71.37437
250.777,237.9336
10.186,207.79697
69.1,151.51212
141.127,80.5949
8.62,1294.9167
10.513,82.69786
140.284,186.09477
299.903,119.67467
1.55,433.2957
899.206,407.5413
18.877,76.22443
0.686,177.43793
358.906,228.06158
9.277,99.14393
26.74,305.72128
50.09,13.050532
11.68,128.49992
0.047,238.23251
30.197,100.490776
50.357,80.73018
9.74,224.54619
22080.733,1888.3164
80.72699999999999,277.51776
250.46000000000004,110.69853
10.274,934.29364
11.51,72.918495
0.656,187.01071
0.534,117.94841
409.936,131.35983
18.562999999999995,120.767265
265.57,246.15474
209.01699999999997,185.30453
0.093,104.77281
357.4270000000001,377.86987
20.513,231.01451
2.736,1121.9977
140.727,220.11545
62.17,169.89687
210.07,2234.0315
39.38,342.28882
19.826999999999998,637.11896
9.633,71.29506
46.916999999999994,93.609436
1250.147,1331.3354
19.920000000000005,179.61227
9.79,125.672104
2099.93,722.3132
79.82,314.88602
149.207,220.794
39.92,13.469914
1579.47,1351.1123
43.87,89.698395
1.14,353.97748
88.663,108.39017
22.02,182.69514
50.81,263.21954
357.65,75.69968
0.123,67.054985
359.32,82.98873
19.07,73.13215
49.877,109.34544
10.51,204.56432
40.094,165.39583
0.143,78.1476
0.297,102.63544
19.003,173.4463
310.383,124.6122
11.539999999999997,118.03697
48.883,90.68719
29.476,99.2305
10.88,135.0122
1089.61,242.6479
11.263,96.33235
41.882999999999996,330.91913
9.732999999999999,215.41367
1.033,85.68468
6320.077,626.7491
30.433,112.663315
9.71,186.46555
1620.463,314.00647
79.246,125.71327
20.089999999999996,1251.4612
0.22,95.59201
19.562999999999995,80.19746
10.827,445.05798
1012.123,186.98268
348.38,171.38127
19.68,71.980125
0.08,210.71967
108.75,73.89796
19.453,283.2117
101.1,71.41919
0.08,6.968922
99.9,144.24449
20.346,70.26123
12436.753,4331.9756
10.603,105.5688
559.013,78.66757
105.506,119.31022
235.367,293.0456
208.584,361.2314
531.007,183.18478
250.00300000000001,270.50348
140.197,295.42145
460.15,226.50638
230.24,251.89577
20.143,254.82741
8.173,113.5782
859.484,400.78085
319.376,92.26825
8.76,7.1709194
13.49,234.26483
140.786,158.93082
10.664,220.49176
9.66,120.506516
7.833,259.2098
10.557,127.376976
58.07,408.38538
10.64,209.33768
11.137,80.6352
49.887,742.77734
799.4,194.32692
19.153,132.84879
0.03,404.02988
19.02,1563.6783
440.467,1084.7588
221.33,313.57547
61.327000000000005,204.90771
88.337,310.53616
22.37,243.3624
170.056,148.44073
19.667,147.69734
19.857,324.69327
0.766,154.69208
40.92,102.864204
31.75,177.72916
59.564,137.6165
9.08,717.27905
12.3,429.64966
19.007,181.39034
0.626,106.41019
1028.563,345.17218
390.124,244.25638
162.397,258.55704
1519.9759999999999,94.34893
159.233,909.1018
190.306,669.31744
180.094,144.20264
30.64,616.77295
16.337,72.484795
30.057,125.436676
129.75,122.18742
1290.9,267.62735
10.17,95.937096
1702.656,97.31968
540.454,98.86346
8.817,216.52509
9.377000000000002,107.02567
10.253,67.93006
80.803,289.6317
20.393000000000004,384.7436
620.0629999999999,144.30501
29.83,136.4857
9.463,102.63544
0.047,81.84223
10.014,86.35596
90.304,198.39111
59.906,321.17328
20.184,546.0065
0.677,111.155525
10.48,16.56591
108.964,196.3866
11.11,242.92421
9.0,68.11914
10.287,319.1558
70.14,518.0203
109.92400000000002,119.21732
19.99,205.12726
20.499999999999996,170.38815
205.49,126.52572
20.027000000000005,158.19928
49.987,109.35781
20.123,463.01056
4.127,82.24363
1.22,93.941986
0.063,46.00186
23.433,15.652206
20.393000000000004,101.5207
0.063,96.061325
479.51,187.22949
80.497,178.43352
19.67,213.63448
291.553,980.1719
19.203,129.31906
170.097,114.95481
0.034,114.768295
59.873000000000005,119.10433
15.249999999999998,77.81388
9.467,142.03488
10.363,73.36322
21.763,110.85226
150.22400000000002,203.14256
12.093,497.66034
40.607,103.50041
18.286,72.696945
9.017,147.09924
159.687,203.05473
700.997,50.38672
19.547,120.62409
160.28,245.49911
39.72,241.30112
213.017,308.27817
0.186,108.28546
220.456,222.74828
100.403,216.52509
0.0,73.93001
20.083,79.83202
88.983,370.49655
941.206,323.9471
206.29,413.24463
20.006,60.47228
0.03,11.954585
0.57,406.47238
1889.476,304.30112
1637.59,551.02496
4.403,99.045906
893.333,257.7592
309.96,116.52262
177.407,176.52618
720.604,581.40717
90.31,386.65198
9.147,237.80872
4170.44,1249.7307
29.544000000000004,263.3818
1.047,69.823875
8.637,223.63092
29.79,384.00092
48.406,303.37393
0.64,62.64797
0.533,121.50338
20.245999999999995,312.59317
118.23,420.69302
10.946,167.74496
729.9900000000001,159.23936
20.777,99.29398
0.047,78.57845
50.596,123.91923
20.957,145.55612
33.81,247.28223
179.897,125.32179
563.057,319.89032
39.38,111.36535
0.157,81.45306
0.784,72.79498
110.164,126.47786
8.967,7.0001106
210.144,365.89224
20.69,94.25231
99.843,469.34116
0.123,70.87869
20.01,96.20884
19.933,377.80737
69.35,268.1704
279.373,232.6912
30.55,400.25308
40.936,114.88477
46.31,208.14912
84.65699999999998,270.3056
540.047,196.15271
296.56,199.19218
110.247,46.377106
10.553,473.37283
6328.047,1049.6154
278.767,169.9094
40.1,70.83794
9.956,167.74496
69.687,90.16985
1279.09,559.9456
180.433,202.24571
9.27,417.5824
709.537,76.35188
2139.987,380.12546
19.237,271.50455
1.82,106.351715
0.013,185.7677
99.903,105.12682
20.347,255.32314
382.12,56.867233
9.907,131.5486
32.497,121.38945
339.666,133.41685
0.953,74.16222
19.907,137.51181
59.906,179.63179
21.099999999999998,543.9894
39.957,12.088767
21.483,158.87315
689.857,431.6538
29.18,225.22188
49.456,307.72122
425.846,372.8
70.07,101.53181
46.686,277.47482
7786.9400000000005,3699.8816
10.593,264.79047
0.266,189.43538
349.857,290.65735
399.99,997.4965
70.07,12.32988
176.933,211.00735
20.636,86.13666
50.036,123.01163
0.17,94.6723
289.94700000000006,364.47794
0.61,182.63936
38.75,137.9722
1951.787,460.6461
18.036,301.76837
58.513,157.99411
30.11,99.58301
5.473,92.9876
28.88,320.59604
119.697,279.41766
249.863,71.24632
0.703,91.636765
30.203,226.174
861.13,61.0115
39.903,94.43859
39.783,95.9308
30.327,192.94151
29.643,83.90146
41.077,110.04148
19.59,323.2629
20.017000000000003,142.09358
19.48,102.94122
93.107,468.6119
59.607,87.60105
150.937,81.35026
11.039999999999997,146.7941
180.033,509.95093
450.266,512.6667
70.106,192.90121
10.77,84.81411
34.32,187.79524
121.474,181.8626
190.19,13.633876
20.377,118.53917
9.894000000000002,233.09477
1199.916,215.0574
20.88,171.81166
19.8,183.28014
399.557,107.364296
230.196,280.5133
369.784,589.43774
469.33,435.06888
10.007,321.7837
150.023,1130.6542
60.797,297.17603
39.63,322.32306
19.424,253.10901
29.826,176.12059
10.303,290.40265
40.08,109.092354
17.936,182.77638
642.34,840.7888
19.53,411.04327
0.937,70.9224
834.183,388.91458
511.023,260.0802
90.16,316.3149
179.50299999999996,441.9095
18.927,436.00604
379.59,88.89186
80.943,741.9904
10.547,72.5194
0.75,7.228778
117.833,535.7762
60.037,290.851
9.296,161.86572
0.473,791.52747
20.033,73.18187
239.147,297.2109
155.44,331.27237
59.907,223.50269
2369.794,625.30817
40.867,450.39203
69.824,1421.1616
10.693,163.66257
97.287,330.33362
1555.34,402.68378
260.06,196.42447
310.05,1600.5984
0.467,344.30975
0.0,211.21158
9.32,234.41635
269.467,238.87535
20.19,109.58357
740.837,160.80615
0.0,164.98854
110.823,237.06114
29.72,148.82706
10.073,103.0235
10.13,203.30984
0.547,7.0818396
19.510000000000005,111.64101
8.854,248.41881
49.67,80.24838
0.876,211.34541
9.763,461.98633
21.576,135.8014
0.064,187.2744
20.657,197.37187
101.187,314.90903
20.463,216.9942
70.614,365.94644
9.276,297.21387
30.21,310.55417
19.053,328.71954
809.577,274.28204
10.91,92.097404
9.823,113.1446
109.723,105.65811
90.77999999999999,174.70508
0.347,76.8174
56.787,231.24121
110.773,248.54523
1014.556,108.849686
0.936,69.664375
7090.36,689.0383
17.447,152.16281
59.2,303.66425
189.286,298.0089
29.393000000000004,1027.141
20.173000000000002,350.14462
58.863,622.42145
42.134,106.93442
0.313,346.70734
1350.19,365.39853
78.05,202.0197
9.850000000000001,105.9249
280.133,167.58667
19.383000000000003,151.42365
412.357,1090.9202
10.874,223.71404
208.74,327.0811
70.143,270.06296
26.45,381.2947
49.704,73.49759
258.95,647.5527
48.24,332.83932
21.69,66.99826
10.64,489.33966
9.953,105.18972
20.503,181.05739
50.117000000000004,223.36197
159.93,84.43238
318.57,134.01193
39.51,445.0546
238.84,301.207
31.77,303.79272
20.356,86.805786
19.78,353.77393
9.734,130.69926
491.823,168.7754
2670.9470000000006,1317.6981
69.61,598.1728
0.547,344.2347
29.489999999999995,145.28674
119.584,303.33655
9.649999999999999,404.02988
10.147,292.43466
209.237,116.885086
274.803,667.67725
1.017,310.4175
30.463,236.45264
1.02,106.68416
19.93,95.3095
8.73,121.33559
69.95,462.28986
39.78,338.28546
50.867,165.84535
180.406,651.6195
59.784,121.8213
61.34,114.09487
21.97,169.23564
9.997,372.9297
7.196,84.964874
31.103,259.59634
34.39,833.7212
399.657,52.957638
650.403,320.11948
0.03,73.81523
40.434000000000005,420.64645
0.22,260.48367
0.046,185.99612
173.36,92.31498
689.466,478.96182
29.16,154.61252
19.777,108.28546
20.017000000000003,105.74021
0.05,552.88354
0.127,110.13632
111.027,94.90024
20.133,109.17443
0.127,250.12726
39.553,209.01656
30.45,78.08427
20.403,76.061485
18.96,70.39696
1008.274,503.67813
19.643,145.37971
351.13,294.12122
3.08,191.09167
9455.379999999997,10795.715
29.64,176.88808
150.894,133.80205
10.07,160.94254
0.046,342.34103
38.62,211.77768
20.06,87.32989
109.877,426.40747
15.696,106.93817
1.237,123.935486
9.764,226.42976
171.853,407.9039
39.907,98.3727
118.526,144.93683
161.083,34.991352
699.873,85.02678
30.073,73.37467
769.64,635.9715
200.38,145.81407
199.817,83.30226
360.007,152.59918
9.697,190.54848
278.766,197.09442
19.727,578.4393
1.0,113.93667
1090.377,329.34042
20.423,76.94262
83.06699999999998,244.01823
129.83,378.8466
55.383,75.63506
180.077,170.20636
16.62,124.659325
1670.86,337.1017
743.003,219.04712
21.714,83.97085
8.234,74.546234
1.094,122.998535
10.013,264.77808
8.93,485.63968
20.406,427.7599
38.984,290.26575
20.782999999999998,296.52432
0.33,102.539505
30.167,131.31255
330.2,501.37814
81.437,324.4776
69.394,18.565372
10.887,389.7704
86.416,1453.2244
20.024,12.026656
80.466,499.26062
150.137,87.77913
40.036,20.259327
10.31,62.64797
30.377,348.274
49.957,86.9307
1.66,132.62093
71.756,411.4683
379.72399999999993,132.54294
20.233,1421.3064
11.817,139.17033
119.777,438.12845
0.123,87.99682
98.4,131.14725
9.4,159.75313
58.986,86.965515
0.236,115.00279
19.413,81.529274
10.946,311.69513
19.510000000000005,79.653725
39.62,71.07175
8.24,122.0291
0.093,748.85547
19.877,211.22806
2011.013,137.4794
0.33,192.61014
18.907,789.88513
340.614,615.3841
19.747,217.38551
199.957,15.958062
6.84,345.16757
19.844,74.71238
509.72599999999994,177.66118
0.11,183.84338
11.23,132.84879
101.223,294.512
201.21700000000004,393.12524
330.003,101.77872
708.857,581.8672
114.31,870.59357
99.77,1462.276
262.963,95.39525
9.36,83.690765
240.044,176.1939
9.746,112.90991
116.62,137.49567
8.99,82.96931
170.28,619.3926
240.29,294.28226
76.69,189.6926
28.397,78.89762
20.54,754.0092
853.85,1247.7344
2374.0930000000003,1880.9991
15.373,638.0669
21.523,186.13406
200.693,354.5817
70.173,213.14433
131.017,411.64215
149.85,109.331924
19.73,96.14905
7882.563,1383.3593
110.173,112.6614
57.627,148.9066
281.25,448.9941
1040.043,602.5206
1269.527,217.21043
141.493,225.24156
11.18,64.764275
19.906,285.50845
63.026,93.038574
1259.936,102.81784
0.483,186.29466
149.63000000000002,104.15995
39.563,86.1122
39.217,134.86629
31.02,281.364
0.36,100.14105
304.266,427.62784
9.92,146.03015
104.934,302.51688
9.537,108.72891
32.893,1810.9891
0.08,215.69775
30.967,103.983345
42.503,79.10151
20.063,453.28763
0.643,67.04796
39.807,83.11173
9.11,312.39774
0.674,79.39896
0.924,82.90727
192.167,850.1802
10.24,244.47989
360.22700000000003,588.54315
19.467,75.88579
300.113,93.34751
902.3769999999998,384.583
1043.113,265.3789
19.843,94.76402
0.106,118.52881
25678.093,451.3145
238.987,247.36905
80.043,117.448456
30.067,166.73917
59.693,247.40521
9.066,771.3808
120.02299999999998,584.6007
8.827,178.7212
50.117000000000004,104.37165
149.873,304.66843
698.18,1463.2074
19.206,85.38243
19.737,7.0944915
250.407,198.02907
13.323,154.40256
220.03000000000003,270.50143
269.323,266.63873
15.767000000000001,233.54402
90.73999999999998,100.21974
29.8,70.87428
20.32,67.54499
150.916,143.11235
249.613,222.45885
18.72,1042.2031
237.526,1784.4878
310.343,123.63899
290.517,147.48793
0.22,271.25082
1260.377,178.31052
110.773,113.75163
9.767000000000001,185.2064
39.897,320.5692
1020.4530000000001,129.20059
49.227,77.009834
30.01,550.54663
9.213,231.31322
0.187,323.18878
99.574,144.26506
26.079999999999995,103.985374
7.269999999999999,160.26
827.39,850.3969
50.08,155.49835
323.4,547.3311
10.253,276.27277
519.826,247.41228
20.94,7.1901517
79.053,275.11734
51.084,263.64783
8.857,72.74138
16.53,437.04187
23.593,379.87173
9.247,142.52553
4317.123,1675.5704
0.31,184.91669
28.33,386.82004
120.383,257.78815
18.38,715.8551
62.017,170.80229
249.896,480.94775
209.96,231.94519
1.55,236.89935
69.453,190.16214
11.637,226.81703
0.436,106.85655
20.21,410.65793
144.827,123.488434
0.673,435.06888
240.776,239.84784
900.14,1021.0629
39.407,270.48782
179.757,165.88844
30.133,565.14734
2183.15,232.48369
9.62,117.97826
84.453,188.9691
259.35,145.53952
19.826999999999998,389.28317
70.09,370.45544
11.373,83.13869
11.23,70.598434
199.917,104.438675
453.797,278.56158
18.884,109.73012
120.027,109.279755
0.686,407.473
762.56,659.2909
56.0,293.92776
136.957,245.92146
60.567,82.11064
435.384,1209.4779
0.016,167.05495
29.933,279.98654
19.493,204.94572
80.486,223.44052
10.23,109.50593
10.307,82.1315
80.154,346.94113
20.44,111.11464
10.0,12.016334
519.997,326.83755
39.86299999999999,110.63719
2.06,187.66077
0.16,12.975236
1317.303,305.3484
61.03,109.59083
0.17,73.88363
9.98,116.4254
39.74,83.37205
150.17,371.06332
1.377,70.87869
79.673,456.41174
0.267,197.85493
8.72,211.05042
210.507,504.5272
19.956,766.1418
190.053,536.2896
47.457,211.40761
50.26,115.05605
9.756,221.08565
20.19,153.03302
50.837,604.50037
130.37,150.91124
13.886,299.0009
80.68,115.75736
20.086,199.86624
900.19,657.0303
299.34,142.57578
29.87,116.59514
11.487,185.71721
409.82,121.95095
19.627,110.38699
10.87,144.41467
140.277,310.76016
38.93,152.9631
10.48,97.61338
39.993,94.4792
99.403,304.66437
80.016,392.7083
0.5,71.69537
11.683,334.9459
171.45,140.08585
0.267,67.69376
70.587,318.0213
9.243,71.00944
41.21,173.92555
151.22000000000003,88.26194
140.387,271.63397
747.097,2743.9143
34.363,71.28621
49.73,234.28806
3298.507,196.07088
68.58,210.97527
20964.870000000003,2555.1306
1.58,159.8905
290.087,177.83699
651.07,72.66899
49.553,125.37409
109.793,425.20242
113.043,100.68484
39.58,106.08497
10.850000000000001,598.8548
60.82,102.89366
20.243,1847.0527
30.972999999999995,77.340866
80.05,314.08087
0.03,90.11335
40.376,69.44619
21.633,1767.4779
970.32,597.4585
6.59,70.60649
791.863,401.96198
102.76999999999998,287.90018
61.19,314.15778
60.282999999999994,288.45782
19.687,137.10164
122.423,1140.5413
19.910000000000004,317.00183
18.982999999999997,91.93892
0.314,158.52693
20.933,181.21753
30.057,282.7233
35.143,353.82043
21.86,83.55852
91.717,160.28198
40.34,830.369
20.166,107.27051
10.9,433.0771
28.503,261.29916
15.037,161.9632
18.77,68.75058
289.737,339.04874
321.24,380.86923
20.616,187.66139
10.69,169.90018
149.757,345.7282
39.744,188.14981
80.694,211.31885
14.887,104.97787
1.003,187.12717
10.62,150.29245
1159.61,674.2348
49.86299999999999,176.13213
0.017,88.54964
0.53,205.01476
919.827,407.12512
39.800000000000004,80.3064
59.57,106.49275
10.353,81.978745
163.904,100.7551
29.107,110.62903
263.49,72.04039
859.613,208.0851
21.137,551.8998
30.176,257.07898
73.177,22.726908
119.743,72.9859
220.843,329.11935
29.700000000000003,561.75867
49.377,327.3661
9.636,119.61656
90.39,255.83952
32.043,435.06888
39.277,550.79834
10.38,237.0144
70.634,554.9516
19.413,277.1782
59.673,82.634384
19.01,173.06786
10.07,80.12898
19749.27,2371.2195
10.807,199.4218
19.287,374.63608
160.16,435.57434
0.17,81.09652
19.02,362.91742
390.38,74.60469
0.046,92.98808
0.563,105.555855
168.79000000000002,1021.0905
689.123,205.13727
11.223,181.80516
730.65,109.63153
9.297,201.87549
0.873,363.2551
32.497,156.53513
119.263,91.87243
19.913,167.65033
105.233,464.7865
40.43,13.126263
0.91,73.595024
19.376,115.68519
39.434,210.62474
380.027,276.68872
9.022999999999998,142.3908
28.453,69.226105
19.99,109.07813
9.563,52.418808
0.546,156.20305
1.673,223.63092
10.343,280.0292
1940.554,400.31943
9.64,111.07349
9.354,215.10164
20.22,117.97315
20.147,2199.2559
100.167,171.48657
443.933,343.06424
39.963,61.875885
1280.7069999999999,92.905106
122.607,211.81323
529.956,406.76688
20.12,217.47993
2329.707,601.4981
59.56,366.8373
10.350000000000001,108.98949
9.967,292.2725
37.623,2350.4587
19.873,111.99195
30.89,242.00183
348.91,204.97179
366.75700000000006,95.37533
3360.727,350.92688
28.227000000000004,287.88342
1830.057,782.56396
28.73,226.51163
18.78,110.62646
2975.454,1169.043
39.75,110.401375
8.323,100.44619
19.68,168.75525
550.64,235.11409
19.316,68.79067
70.756,405.37125
330.81,259.31772
0.217,346.13483
240.237,298.36206
100.34,136.40552
20.027000000000005,137.77898
39.07,379.7409
19.13,951.84247
20.906,85.98076
2698.6500000000005,111.34133
299.974,369.60638
119.30300000000001,140.63872
240.03,468.23123
130.067,114.598495
819.92,385.985
40.113,94.801796
29.707,157.23035
20.04,336.60666
10.68,224.42116
0.52,188.17392
21.463,199.35854
459.177,293.2644
30.024,185.42902
0.976,72.077034
179.964,376.9541
670.023,2040.4213
7.61,286.76666
19.676,323.8384
12.103,76.8174
21.826,186.68645
40.02,175.66876
933.04,332.04108
10.32,112.32348
409.376,82.04
149.776,283.6241
574.64,255.67943
18.873,669.94525
9.657,75.29679
1340.973,1874.9879
71.057,328.97098
19.723,439.7745
449.326,321.80893
1.0,70.78516
13.943,223.71404
2.427,102.920334
199.96,184.92188
49.59,430.22006
712.977,239.98613
2503.744,1750.5033
0.33,138.31432
49.68,524.1786
100.03,376.68185
160.674,81.91183
9.317,67.64517
20.017000000000003,121.90505
89.0,186.88655
129.557,89.03142
65.087,407.3943
19.567,226.13486
619.347,3255.4187
0.75,401.70505
0.5,491.19003
129.696,250.77632
130.73,7.1453524
329.616,120.40248
146.77,312.51886
19.133,193.47137
198.3,75.7652
710.2499999999999,340.5977
3600.747,486.58237
10.026,503.67813
38.457,118.03031
139.84,333.2099
79.14,166.33641
110.627,1787.0569
20.710000000000004,265.2887
59.78999999999999,281.9348
9.463,187.12717
940.4,193.79669
60.22,210.38367
780.02,481.50806
0.143,79.653725
129.233,775.93
22.426,232.91063
18.97,31.464909
20.700000000000003,345.89075
40.036,794.0031
10.983,211.03491
110.02,86.36039
0.314,75.000336
0.216,116.944084
12.1,184.45296
929.66,117.35537
11.677,168.07568
61.55,625.3135
30.057,133.57846
61.543,147.4323
325.243,758.0172
10.063,272.4025
0.11,189.39314
18.16,273.14282
30.313,143.88985
46.34,1187.1412
0.71,15.774014
40.256,345.83386
200.296,61.598854
0.123,46.27174
21.32,246.44933
297.65,379.37442
29.38,365.15463
0.41,76.94262
14.033,73.97635
19.99,526.7275
349.843,315.50986
20.133,375.19168
1082.483,477.66553
119.77,99.76231
360.923,186.57417
70.016,184.45724
20.516,516.8339
8.22,183.4398
530.92,57.212475
18.982999999999997,68.85268
189.607,398.42694
320.71,291.33658
32.747,312.58878
20.306,165.85442
20.014,95.60074
19.697,300.4774
60.037,121.59074
180.196,198.7158
59.934,71.06992
8.853,784.37164
212.003,783.90936
99.08,1728.9152
19.920000000000005,426.42874
49.274,221.2407
179.836,634.82886
9.436,224.0562
840.787,230.70284
678.843,170.77199
240.51,470.31592
18.77,312.52792
648.85,169.5909
29.66,178.6366
89.747,84.21486
10.164,130.03821
58.307,498.45407
90.147,132.78795
109.096,69.81104
0.6899999999999998,112.14005
620.59,288.74893
30.13,142.69955
0.047,123.85446
780.8100000000001,348.0469
1211.16,422.40652
8.96,83.72429
20.85,143.44983
268.05,74.26987
70.093,341.52866
9.605999999999998,128.45107
30.904,133.36064
30.663,224.54584
316.214,644.2863
0.7329999999999999,113.60325
9.397,258.3291
40.03,304.1663
10.957,90.529015
103.473,198.81046
100.33,344.80267
1752.3,1015.15924
49.9,159.87599
41.08,384.15677
38.587,187.70833
49.97,455.9758
91.02,455.62762
20.700000000000003,107.5521
260.313,265.00845
230.11,100.65873
259.997,63.77268
108.957,580.6469
9.897,177.31529
20.377,71.97307
31.806,222.59964
29.33,72.29781
29.42,59.0601
99.54,129.07895
278.23,93.77261
20.833,105.8062
29.947,103.9701
39.31,993.7669
0.4699999999999999,117.67426
20.18,99.22921
3889.157,359.08832
10.41,468.4266
30.14,212.94135
20.026,81.55248
18.033,115.28424
9.904,78.66109
11.657,705.27045
0.033,307.66522
68.624,126.96008
34.59,145.5431
40.65,312.29276
826.58,141.62004
240.023,276.2611
5916.84,514.2181
30.043,240.10956
111.197,149.1946
19.64,241.07924
10.153,107.06536
27.383000000000003,30.749596
29.96,67.52711
6.844,196.0924
10.32,2574.474
201.22,214.52303
98.713,479.76382
18.943,1062.1173
10.814,428.15103
19.926,186.52455
99.86,176.96364
30.96,390.8123
520.187,401.84067
430.793,837.27625
19.373,710.6039
50.256,217.26242
90.097,241.5659
11.253,312.7103
2582.48,2536.2874
11.294000000000002,256.553
55.613,124.83244
2142.803,402.60403
260.623,72.83311
9.246,349.9315
1.767,77.087456
40.87,71.8047
240.034,99.05044
9.707,336.04727
1880.203,547.32825
110.18,360.86832
69.763,263.81265
421.56,102.732635
20.37,114.92104
81.1,324.38284
1.076,78.1476
39.717000000000006,301.99408
20.473,186.36276
89.773,171.46313
20.533,147.6537
30.047,1046.3497
180.203,549.5059
594.07,296.2503
8.777,62.809937
23.38,106.71445
18.927,73.09825
18.41,207.94089
8.593,784.96204
0.203,195.01575
20.333,216.59245
29.767,82.46235
20.313,344.88315
46.183,119.96626
18.87,145.96976
0.047,126.18989
169.78,245.51247
9.923,71.8232
239.84400000000002,235.61577
200.633,127.892456
30.523,370.87454
9.947,109.28265
362.04,80.99327
455.757,423.05457
469.59,265.93478
30.099999999999998,174.3403
2.093,468.4266
19.977,156.52356
19.717,142.12721
297.053,132.5207
11.173,75.65149
79.74600000000001,108.346054
69.887,108.13499
140.02,224.17114
49.963,30.9066
20.393000000000004,72.825134
20.436,281.75317
0.436,67.64517
9.86,199.66512
92.15,134.34598
353.687,64.96342
19.814,86.366104
30.407,145.35834
100.17,124.83344
10.697,185.21739
50.61000000000001,94.052956
9.207,121.52275
18.86,167.28781
70.793,480.83276
50.577,225.8918
243.87,1151.8987
28.53,87.51841
10.077,183.94566
139.447,364.12842
20.497,426.0101
0.83,362.91742
110.35700000000001,178.71935
19.923,41.144337
39.553,124.34186
0.123,69.94877
20.677,91.93892
91.72,147.81088
90.33,89.27405
0.513,7.2676105
49.48,234.76823
21.06,215.07336
17.34,77.34881
20.207,1851.3137
0.0,74.45173
18.936,105.12682
370.533,68.97238
0.107,109.448616
8.864,238.57745
9.94,71.34828
120.387,139.154
9.597,365.39178
123.16,1450.2189
40.566,146.96698
79.286,126.79621
8.47,70.819725
118.14,98.36177
159.93,328.0776
232.17,295.3735
129.983,590.63544
1879.683,440.22626
39.624,79.414055
759.23,506.95712
130.457,263.45142
18.487,71.249825
79.9,78.64889
19.483,40.178196
30.35,189.15985
180.58,174.4711
29.887,148.81554
11.064,508.72012
100.347,143.05917
10.017,102.51059
19.414,13.104589
20.37,100.25564
113.593,55.36615
0.643,12.20494
10.037,218.03114
319.97,223.0228
20.087,89.20872
29.347,381.3079
89.413,143.90228
1799.927,583.3485
72.13,80.21352
36.133,160.06107
710.3629999999999,554.28687
19.887,290.6408
39.964,869.5111
309.976,541.4831
60.12,286.9911
119.637,190.21326
0.106,189.38004
7.667,148.48958
31.074,251.24054
19.123999999999995,75.20871
360.794,273.91135
139.873,140.04692
20.063,466.44864
9.153,77.07869
349.857,711.10004
29.14,343.44867
20.893,173.2889
356.58299999999997,290.88434
19.616,31.101233
10.42,137.78094
415.85,68.16786
231.184,279.05237
9.649999999999999,7.012623
0.64,92.69518
9.850000000000001,182.37122
12.156,110.364685
379.85,91.549416
90.247,79.259445
1.963,194.74742
40.36,7.164516
20.910000000000004,2274.7544
90.19,254.92276
0.187,54.54554
10.2,110.69973
9.987,88.613815
20.616999999999997,568.94916
382.46,90.9433
239.53,101.841225
609.423,74.55887
17.84,303.4732
20.37,1345.7896
9.505999999999998,70.87869
469.063,205.54173
19.700000000000003,308.12173
20.523,216.22789
30.037,194.07748
119.91,126.486595
390.23,202.20479
1751.86,494.2565
29.574,95.765
78.14,197.54736
9.973,200.38893
19.36,114.965256
0.457,221.19353
58.033,106.701546
127.22,460.77972
21.562999999999995,71.8232
349.607,106.96406
145.48399999999998,406.12723
41.1,171.23491
18.813,678.6563
41.85,286.07474
19.72,67.186165
700.447,582.1416
0.907,197.99123
50.223,179.4207
159.08,313.08066
210.887,289.84802
310.453,269.81726
11.57,122.32813
20.15,1003.1188
20.307,718.807
119.08,248.60147
38.943,194.35773
190.047,252.57533
20.127,185.53426
60.282999999999994,225.71793
70.126,83.40271
141.007,112.84547
179.726,279.47098
10.124,64.6196
18.616,131.38948
79.703,333.76205
490.25,72.88234
109.723,66.63558
0.233,121.90505
769.974,396.1375
1079.214,326.93384
159.604,218.14368
29.917,131.75948
0.187,156.72447
9.98,134.42209
241.163,144.3875
27.614,408.91864
130.46,91.675385
49.997,205.51677
979.78,528.9897
91.0,246.31223
10.23,432.33255
60.037,92.34103
8.017,313.1097
1029.89,307.2509
11.437,126.61454
59.953,404.72583
29.264,122.190796
19.756,183.3478
39.54,457.59933
19.883,198.33069
9.84,101.92684
360.19,234.9692
259.27,30.819286
83.58999999999999,393.6818
1178.997,251.92203
58.143,188.49191
38.26,193.69214
154.553,937.0636
49.47299999999999,288.72202
20.910000000000004,420.10977
1029.913,1423.7675
50.197,211.2368
29.483,176.34044
40.59,109.30271
450.683,87.34097
59.057,544.89386
20.183000000000003,954.8632
9.637,121.96068
82.027,306.24377
20.987,89.28083
10.063,118.462234
9.686,73.0089
349.797,215.00072
17.99,56.81184
0.344,89.261505
18.446,65.89798
10.414,236.45264
1442.206,325.22504
56.13700000000001,527.22437
108.306,242.77386
70.286,197.0546
1.253,218.0305
30.287,146.70197
0.237,210.09923
9.857,282.0337
1790.43,997.9037
8.77,81.529274
0.016,218.14368
197.896,121.893295
0.643,271.494
3637.3569999999995,140.79707
59.947,630.73755
60.97,153.7678
0.27,205.51677
11.507,179.60817
0.033,253.10901
200.033,163.59502
19.323,91.09856
9.897,216.59245
11.373,224.9212
495.6,982.7009
20.35,118.706055
7.55,104.9115
631.7140000000002,2822.027
20.17,84.1988
428.687,356.8028
329.953,325.53687
38.847,1462.2961
19.95,72.519264
19.967,242.54433
21.636,221.33658
58.92,123.05894
19.737,107.03539
48.15,474.59354
20.303,156.03305
129.79,113.01333
109.423,97.37325
19.36,12.163437
10.857,186.31422
49.877,80.538574
0.876,146.01294
59.907,100.11491
20.187,211.0201
28.847,381.8371
171.764,130.83052
419.93,125.46261
9.833000000000002,92.51249
121.5,1344.1376
50.44,203.64668
20.11,236.21379
90.133,13.150733
60.05,138.75352
40.22,237.60876
0.597,82.20015
99.027,199.95937
0.187,183.56612
90.43,252.28162
29.723,739.12524
17.033,1019.3612
58.86,105.08288
117.60299999999998,331.25613
40.13,175.41199
81.51700000000001,255.48927
0.657,197.58282
8.287,22.118578
100.027,150.73872
10.07,425.71677
19.833,302.33035
49.767,1902.2172
19.457,131.06831
29.927,289.00656
540.76,124.192444
205.734,175.88145
49.186,599.0299
50.147,191.85329
48.97,130.17459
0.453,298.83377
220.463,86.51156
0.267,73.88363
0.58,16.538044
21.064,125.262985
20.67,116.519165
20.58,468.7145
148.72,123.935486
217.6,282.36737
139.103,203.5496
253.713,309.37735
29.43,81.58982
118.65,426.09177
0.74,74.70771
69.69,655.706
90.51299999999999,347.06207
9.663,104.25608
110.546,668.39874
170.367,802.40704
219.957,135.02016
11.753,327.61285
58.694,76.452515
320.247,552.6172
300.627,338.076
49.157,112.87149
19.903,318.40564
189.796,86.00018
101.533,224.43678
90.23,140.29881
9.857,92.51249
0.61,75.91009
80.257,202.77394
50.377,585.97064
21.247,118.18877
59.83,114.82209
48.856,135.61069
260.4,112.65866
119.94,141.6657
18.767,183.94566
0.08,179.61227
10.263,166.9575
10.14,98.7229
19.98,138.5808
40.31,89.897354
19.664,164.61748
790.76,611.6273
163.887,1048.019
0.157,112.29017
471.566,222.2861
460.946,89.28318
0.484,95.735634
38.813,373.06097
30.597,70.11499
9.914,217.14214
31.053,127.97149
1058.786,265.00394
29.88,110.05509
59.507,149.07234
39.216,382.21207
37.67,105.17461
39.233,387.4901
100.3,307.2024
90.276,163.36594
10.022999999999998,147.77193
11.703,409.3272
25.88,253.07845
10.566999999999998,347.966
2151.25,426.53247
11.497,183.28014
62.236,123.751396
620.984,176.06717
160.077,106.42022
99.93,166.1701
10.149999999999999,262.59595
17.19,483.809
129.83,1950.7161
21.536,619.69995
0.907,113.15515
39.876,179.27295
81.18,336.51535
9.407,235.82027
7110.847,1843.2852
19.113,6.9938583
700.83,219.2423
19.214,130.3713
28.217000000000002,505.23572
157.077,283.32483
139.296,110.36443
0.283,174.43526
1280.903,340.23727
20.236,264.94583
0.123,133.01501
29.89,109.291695
0.234,150.01035
9.57,98.19964
100.237,102.995094
51.67,374.8064
30.127,66.30986
0.813,439.83563
30.27,58.747864
659.48,91.15001
40.743,282.6112
167.51700000000002,831.35657
129.607,144.07819
669.677,189.75096
9.896,349.04114
19.427000000000003,104.67756
79.92,297.65802
0.143,179.82642
59.736,151.53218
20.465999999999998,226.12177
9.874,80.12898
0.06,90.22112
31.06,523.65204
140.193,110.70837
1677.05,313.24448
39.283,1068.6295
20.433,112.871544
160.123,3178.6694
41.807,247.97281
420.41,437.2145
10.016,390.8954
9.549999999999999,224.00494
2649.65,342.50378
119.983,228.15262
2880.044,160.67029
109.127,190.66277
179.65,169.5846
572.624,320.09723
8.45,275.11176
339.88,282.47443
1119.603,91.60076
10.336,186.32751
259.984,67.216835
59.414,114.80522
19.916,142.00836
1023.167,97.49607
20.214,78.55307
37.85,195.7019
8.977,302.49854
9.98,248.3987
567.647,170.35579
320.12,141.88039
103.61999999999999,475.44156
30.15,276.88596
1862.14,300.69843
10.316000000000003,105.340675
0.577,194.63834
19.39,301.10178
30.033,195.61813
19.782999999999998,104.00767
1120.88,74.307976
379.826,367.96768
3119.336,609.04407
0.156,77.511604
10.27,317.74643
344.77,529.10187
0.203,277.3783
29.82,108.24309
160.467,69.62145
39.31,155.32874
70.313,273.93692
70.87,218.6346
10.257,319.09244
69.26,196.72346
18.933,68.38961
8.616,91.224525
480.016,642.59375
39.43,379.22708
328.816,542.24713
1.687,186.80759
0.643,188.38347
29.920000000000005,403.67316
141.004,106.51553
399.933,117.301994
59.383,254.91928
39.66400000000001,222.80666
0.72,188.14981
21.02,441.52692
769.773,232.78629
110.95,208.49869
10.487,332.5675
0.203,108.6173
7.9030000000000005,191.84618
150.08,277.1124
12.447,161.4973
49.983,103.37327
17.383,105.77155
19.813,90.02217
150.107,171.47256
2720.887,288.64178
140.674,73.37479
54.767,420.17633
20.97,389.39102
29.78,131.07515
71.497,40.658436
30.854,266.5519
70.326,86.54666
40.274,304.43912
1260.064,241.42555
239.01,103.90234
764.61,215.59653
19.036,215.7403
50.187,69.52212
250.114,107.48309
11.076,88.420364
449.647,90.051094
79.277,271.0863
8.843,260.62616
140.123,277.5405
149.337,1002.6741
10.274,312.59317
19.577,96.48857
9.266,77.22744
202.857,259.72552
69.67,122.86429
383.926,104.01688
10.08,198.84798
60.49,104.46251
240.71999999999997,921.68
90.014,131.11116
898.37,156.34364
541.81,263.66678
10.364,184.19908
0.98,69.24252
1.206,180.38173
20.057,175.64314
29.910000000000004,342.42694
3.7,90.930115
39.89,275.66202
12.297,78.53637
149.377,92.42192
321.503,102.4601
1040.117,1237.9917
19.43,113.29607
90.50300000000001,99.24445
837.553,290.22263
110.663,62.58755
7.967,300.3424
20.063,222.71365
8.676,186.86847
440.866,113.216324
240.37299999999996,119.36041
0.987,184.90115
730.273,78.7708
180.593,287.5188
27.972999999999995,446.69818
390.01,84.35396
109.716,267.6205
49.334,71.83626
17.296,850.99084
57.583,183.12933
18.4,566.48627
9.850000000000001,64.45973
39.97,130.15034
260.13,167.28801
361.173,709.86676
29.977,131.61667
68.734,173.23042
9.864,199.30798
745.406,353.36386
50.007,265.04648
49.38999999999999,76.354294
0.314,187.96913
10.203,80.53752
0.25,89.3024
19.417,136.79637
51.983,70.401474
4.413,110.40347
521.21,838.4912
9.93,158.19928
29.863,16.56591
0.66,177.31529
19.523,462.38153
19.83,245.46887
10.367,118.48864
40.174,106.60339
0.047,99.71753
231.286,67.814476
0.344,214.04059
10.33,108.28546
41.14,191.34158
251.21,233.40808
290.497,138.13216
18.767,293.45483
9.77,22.40621
3800.223,218.69035
17787.947,1866.3027
320.933,118.585785
19.013,164.22026
26.153,204.75174
1048.356,370.31104
5.96,105.78698
360.2900000000001,662.8268
176.497,109.304276
179.797,408.21463
9.797,188.74559
333.006,2047.1931
20.11,190.74419
0.4699999999999999,185.99612
332.567,476.64456
0.187,166.79443
100.767,210.78812
60.326,232.5412
1.233,146.7941
50.254,94.55341
429.92,242.02553
19.85,112.741646
9.72,169.40056
81.063,92.164604
171.02,237.57318
138.1,273.63004
18.6,338.67505
319.427,396.48987
19.03,835.43304
1671.206,506.91226
801.457,189.62706
19.97,226.9778
102.433,186.79668
20.187,233.64644
49.01,17.075579
30.266,236.18411
109.71,252.67332
31.067,231.58498
230.297,302.08368
10.47,218.39955
39.57,221.19353
169.953,71.322685
149.533,134.22081
93.184,129.69426
2520.437,229.43526
9.39,96.24452
0.5,118.527725
59.663,624.03815
7800.093,3687.1584
669.933,305.92593
0.157,73.74471
0.8100000000000002,197.85493
49.55,30.898123
9.950000000000001,480.94775
19.863,97.07886
48.023999999999994,163.28708
4640.66,397.1417
33.414,85.91178
9.72,298.26807
30.455999999999996,102.69619
79.48,119.60746
8.207,131.05746
19.03,760.7968
149.753,364.32242
0.28,107.06536
2.406,988.0283
10.053,222.8877
1180.193,149.26178
0.61,115.237656
1007.16,1629.4121
864.774,91.33186
19.533,212.86612
19.424,688.3496
8.96,211.11247
1410.754,358.18976
0.0,164.70193
19.974,99.728065
8.69,95.735634
7330.85,2152.7158
918.913,116.28348
49.253,109.10324
10.01,70.41472
9.666,183.1873
120.086,81.45306
18.73,108.79437
45.816,522.4045
51.05299999999999,465.90964
30.223,85.196754
18.96,209.27876
61.71,546.57355
2676.133,802.42554
0.19,235.58263
490.267,271.46185
9.534,226.33043
0.863,103.11897
101.196,136.81679
40.06,341.68066
9.539999999999997,210.07059
49.913,140.2184
19.987,175.74654
38.434000000000005,30.697435
1360.0760000000002,1099.9795
18.997,298.6135
78.80999999999999,434.21442
30.173000000000002,447.7218
689.59,542.67395
59.837,534.7259
69.627,176.53108
1041.27,111.05554
100.93300000000002,205.67415
171.323,85.45265
209.837,89.9391
250.153,130.75264
1500.814,393.4926
7751.209999999999,1969.7861
10.01,176.63106
300.127,504.41852
8382.623,6863.018
989.6670000000001,1117.7484
20.446,193.50883
30.147,70.00375
540.823,1418.4554
60.403,168.46703
337.8500000000001,337.00192
20.137,164.26797
9.933000000000002,72.29094
9.243,105.022194
251.25,641.63446
9.323,71.29506
530.46,143.9532
100.63,351.72815
9.637,406.83826
229.26,231.22722
29.544000000000004,821.5887
9.836,223.37614
107.577,128.86264
26.173000000000002,66.825455
0.8670000000000001,256.5338
9.337,102.539505
19.47,236.41374
652.33,141.54015
229.82,352.32584
160.14,69.26138
420.78999999999996,56.002438
170.533,282.3722
27.533,144.16455
30.904,636.88025
61.157,981.4079
7.937,185.99612
2935.01,1883.6311
19.457,69.68922
0.094,193.78818
118.926,315.791
0.11,929.8721
270.507,256.5818
181.507,308.59528
60.367,1222.9178
347.846,449.69293
792.547,583.2119
20.723,492.67133
10.63,146.01294
327.403,72.615265
20.173000000000002,346.97928
49.957,269.14322
8.717,188.17392
19.17,395.85693
12.074,72.16531
31.217000000000002,195.39815
9.876,471.4781
20.86,78.401726
1089.637,94.54814
148.81,353.03955
10.707,74.94091
48.67,388.98816
0.297,274.7522
31.353,131.06969
78.784,145.10786
19.920000000000005,91.544876
99.92699999999999,272.89404
58.904,256.00012
20.88,120.6709
1.25,75.1789
340.27,303.9858
740.057,223.97702
9.776,72.44321
1.343,76.110115
160.74999999999997,322.36252
81.16999999999999,73.52148
139.956,237.19977
9.86,114.69424
230.24,99.581535
61.01,332.53998
30.857,84.118034
190.93,93.81461
0.017,165.88716
180.776,106.10843
3.94,81.80064
10.857,128.40213
70.887,154.28235
18.767,72.825134
800.227,220.95786
220.893,307.27264
2280.166,86.517975
8.91,108.98949
28.713,70.40091
169.854,111.046684
0.577,225.96548
19.287,227.7742
79.97,215.77077
8.397,699.25903
25.69,338.30255
959.74,566.48627
9.867,147.2723
20.23,139.17033
39.17,549.0593
8.963,211.2522
90.403,213.70216
407.567,909.72437
0.07599999999999998,93.97668
5.307,100.90243
20.667,161.72977
220.29,89.7991
6159.933,1237.5599
12.027,68.4511
108.983,576.9052
21.99,168.4693
0.33,964.7152
119.643,75.629906
1006.02,201.35591
1640.967,258.56158
160.507,376.19324
40.24,181.05435
38.196,186.86414
30.213,189.83597
188.137,1306.0205
90.293,135.47475
90.24,137.9722
9.446,104.73556
219.18,163.62587
49.536,321.30798
630.0399999999998,540.6861
260.48,256.2788
29.643,103.0235
29.637,72.96423
480.2,308.85013
60.373,177.55228
49.607,273.29303
3450.1,129.48889
1652.623,929.76324
160.346,256.50385
30.464,202.18573
9.196,110.17842
9.963,663.25226
291.627,293.33267
29.377,179.14772
40.86,760.7968
49.864,115.79708
10.763,69.46427
9.873,7.1709194
19.696,202.22005
29.754000000000005,342.81702
9.607,109.448616
19.772999999999996,289.43875
116.94,465.8234
59.17,125.64303
9.146,183.63373
11.313,200.83691
6.187,120.98433
0.7329999999999999,109.20294
8.74,98.09825
90.817,70.29702
10.977000000000002,71.77079
599.937,241.41328
8.947,80.078606
59.754,30.353249
20.746,169.62259
0.127,70.41221
469.24,58.411087
90.097,1027.3441
50.953,129.7506
88.703,217.69568
38.777,121.50149
487.87999999999994,422.13065
0.11,86.72607
20.703,418.11563
279.99,193.44771
39.856,183.0612
99.783,91.54642
1510.237,397.70404
10.476,67.55495
29.95,431.735
160.413,175.7167
11.51,273.84177
25.327,78.38355
20.13,173.52896
149.93699999999998,31.383728
179.87,179.83241
10.103,98.84457
177.974,293.23502
29.59,112.741646
29.099999999999998,11.985417
29.513,1864.5702
89.627,289.09314
40.08,145.8775
19.96,124.461975
40.143,290.6408
669.343,98.007095
1758.664,193.37752
27.21,146.03015
360.2900000000001,999.36456
258.793,352.4575
27.01,73.68902
19.276,169.75035
40.657,161.86572
580.907,141.07214
2.22,356.732
8.924,76.17849
130.623,122.277794
39.75,487.57803
39.803,457.63858
0.284,283.6245
398.63,1042.4996
21.299999999999997,342.72424
130.037,78.09393
39.787,266.0567
9.3,90.67709
0.907,437.62354
160.697,70.41955
240.517,269.99408
8.993,127.65311
38.71,167.39626
111.30300000000001,152.26578
30.413,227.96619
2243.637,340.75217
8.74,125.37142
19.687,300.1353
19.244,87.11562
100.13,586.17035
148.41700000000003,215.4733
400.44,118.67355
279.95,417.42294
149.96,112.0599
19.947,411.79926
20.433,15.958062
39.777,85.107796
19.556,485.33127
39.757,960.58417
0.07599999999999998,75.47746
101.053,143.05287
0.403,176.90654
7.9,114.58067
59.55,326.73578
0.313,342.68457
310.48,78.177444
0.686,7.119876
11.143,539.03424
20.034,307.72122
9.537,624.87604
23591.017,684.6916
13.073,162.47371
21.42,114.58067
1.016,282.7051
99.133,621.96545
20.700000000000003,116.704315
0.0,343.20038
50.937,279.1276
0.03,111.14429
140.887,81.73816
921.0,225.56908
110.923,99.99961
172.977,86.805786
70.073,157.08842
1.0,256.76544
282.033,145.04065
29.337,78.318756
110.014,80.98525
29.674,122.94442
9.427,201.9312
19.089999999999996,420.69302
0.7829999999999999,108.99204
0.157,327.8724
1351.45,1100.7903
48.57999999999999,109.404816
21.23,686.5273
159.717,281.14587
19.89,223.00327
14.653,142.13559
21.293,142.02638
90.117,189.21407
90.023,192.45085
10.48,132.71869
19.406,175.17575
132.817,89.49114
18.987,110.40347
1940.43,235.92288
19.196,168.33395
498.427,474.6929
19.653,433.8232
40.103,12.256
109.194,83.616104
130.04,76.67355
250.377,373.06525
0.06,449.22253
340.13,623.28827
519.877,220.87814
40.507000000000005,116.45301
9.397,175.41199
31.06,81.638275
10.607,102.778946
0.473,627.87836
160.713,114.91404
19.94,100.109436
20.886,280.00015
31.16,103.35066
49.646,362.0912
1193.3700000000001,1271.1277
30.32,386.297
1232.4030000000002,141.40614
18.987,147.6537
169.133,126.74344
11.387,86.27708
9.98,104.39596
1071.347,353.77963
59.95,143.88164
29.99,83.20467
656.39,1274.9292
180.57,185.068
49.823,145.67657
406.42,247.22646
110.427,428.0295
129.38,127.51071
29.923,199.98325
70.25,163.79213
191.31,747.65564
109.96999999999998,104.07901
320.196,465.81308
0.144,34.053177
17.274,1322.5317
1311.504,377.9549
40.487,250.70686
110.797,776.8321
38.913,114.25009
598.397,381.8203
48.166,175.35248
39.967,140.06342
140.014,147.73233
28.943,189.65378
108.97,140.1777
11.077,111.26625
10.077,185.474
9.307,453.28763
27.133,438.59564
10.097,457.17627
19.846,178.63268
19.994,405.27985
159.89,2543.0093
153.04699999999997,156.33437
9.657,78.74385
19.79,161.79822
20.193000000000005,117.19288
49.824,147.76724
59.683,134.41818
59.94,105.37965
1.317,441.6647
1.423,217.3614
30.163,147.64223
39.882999999999996,116.88173
40.014,96.89784
99.666,73.81065
2050.37,65.22585
599.127,480.81656
334.037,47.419228
170.027,289.25333
149.076,112.66901
570.623,67.2871
2.27,71.312035
29.58,76.564545
59.85,129.53769
30.137,338.7304
4441.67,395.99023
39.193,312.24518
340.90999999999997,615.4732
10.79,223.8801
708.427,618.2045
29.57,182.16011
40.48,73.74999
72.05,960.7385
59.42000000000001,313.83414
20.143,90.850494
21.78,11.958024
30.057,113.40603
159.757,143.37645
120.44,241.23302
21.133,276.85873
269.71,436.50735
19.56,189.72174
172.85,111.06927
20.69,202.21579
29.967,223.49835
0.11,120.92569
149.36,151.04346
18.27,311.1467
782.457,111.98321
155.62,125.772064
0.25,406.83826
540.023,169.88336
3999.47,423.27112
41.207,180.00743
689.643,86.13907
19.25,7.235239
0.127,158.19928
69.047,74.62401
10.083,786.60486
188.217,147.61678
11.933000000000002,76.1396
802.53,242.76642
9.983,29.858814
9.76,280.0292
1064.25,247.68214
50.637,104.12108
10.373,88.1934
19.977,166.73917
18.994,136.98738
319.677,110.39702
40.404,273.7187
20.32,864.2341
40.494,102.31525
160.28,177.80708
10.854,7.222322
299.92,265.09967
139.587,218.31209
11.41,153.12502
1451.95,640.3541
24.867,336.95673
640.43,2013.6638
9.14,264.0585
470.99,438.80566
9.450000000000001,100.14105
19.46,486.2885
19.55,705.73364
19.94,107.78685
21.367,106.60851
23389.22,2573.1296
10.147,222.91005
79.99,182.56264
0.657,171.19594
21.527,88.86133
49.42000000000001,464.67252
209.82,110.217606
11.03,65.45925
21.317,341.0163
2480.233,2988.1338
59.267,315.15567
1440.38,215.22209
70.097,115.51407
19.76,220.52509
50.103,99.399055
19.94,88.67656
110.053,98.24956
39.96,268.23132
30.06,155.32867
595.853,698.83563
1029.446,1189.3951
120.553,144.37314
3.397,149.60754
9.464,86.73812
29.634,83.40271
1311.237,63.129612
108.86299999999999,299.9135
609.5,1410.1047
30.323,81.62889
258.807,119.312096
141.507,540.9422
77.013,98.45721
10.049999999999999,74.75074
19.047,72.83047
209.727,576.0879
75.27300000000001,96.46095
661.054,167.4698
10.346,272.5286
54.213,121.935356
89.833,292.03506
40.654,322.54483
0.093,142.43153
8.62,89.45318
10.727,167.46635
319.69,64.597466
0.047,95.34911
10.013,339.38205
10.87,218.29877
79.754,67.22535
259.194,95.23999
39.69,206.29868
790.147,181.55238
4028.23,345.81073
10.133,597.4356
89.917,110.44458
2131.117,68.0012
19.734,364.4796
219.02,380.0073
49.923,4.3808146
0.077,74.53525
17.917,342.34103
20.16,178.77226
59.97,553.38885
9.12,256.3144
30.06,180.81715
109.677,110.818855
259.687,204.7263
209.977,100.95484
129.343,76.926186
10.466,272.90814
148.033,184.61047
8.89,90.91624
70.03,22.815153
493.723,739.17316
80.323,2102.887
600.143,1074.0955
40.29,887.6898
660.2,515.5122
110.093,83.67323
10.77,102.50129
346.71,262.82855
21.772999999999996,134.29492
181.794,313.77612
20.063,158.26485
1719.927,275.64844
9.86,201.73575
19.197,90.42164
16.346,505.27048
320.144,2091.5142
1106.96,3585.1912
19.896,96.78689
159.064,332.5263
329.993,93.98463
19.65,110.156425
220.127,169.00877
39.237,226.04355
10.417,134.59009
2870.2369999999996,659.9159
79.697,29.412638
10.146,176.58086
0.093,82.61488
20.67,68.574234
0.483,167.15417
30.079999999999995,345.73578
70.557,450.24948
161.17,265.5262
0.7670000000000001,88.1934
20.127,921.737
70.724,146.41408
19.257,108.783875
10.357,70.133736
21.089999999999996,189.8559
50.08,69.53963
384.757,86.27026
590.7,83.55903
30.027000000000005,112.879105
39.1,92.33291
22.796,71.12548
1223.256,394.0629
59.67,277.94586
89.757,143.04233
60.023,13.138951
580.577,119.4233
1.61,234.45354
119.79,338.83508
9.6,110.34749
20.11,71.5263
359.944,358.33002
1929.763,873.6264
321.22299999999996,363.357
24.489999999999995,67.5192
59.194,111.710915
98.69,301.26694
19.97,103.68597
19.556,399.71368
71.073,90.120674
0.863,102.90119
30.14,378.9437
59.724,611.66974
20.327,514.9717
9.93,98.57366
639.954,120.158554
9.89,98.57366
80.027,186.67387
80.13,80.81515
9.853,109.25158
9.76,144.27881
0.957,94.270164
29.756,168.6356
1789.183,511.66434
519.994,1335.1542
0.203,885.0298
20.074,67.47597
8.817,73.142944
990.12,361.7949
139.536,450.99875
60.154,82.26094
9.596,100.602135
10.797,123.81757
19.277,128.69559
28.837,895.09985
209.37,758.801
79.643,78.640434
29.61,130.3713
19.96,71.72619
14.01,83.78263
10.353,162.21838
100.1,160.34949
1120.116,169.62196
733.0000000000001,144.48424
190.963,79.713425
160.107,224.05885
2.534,119.2703
30.333,450.852
0.157,171.70142
984.63,68.97541
19.954000000000004,501.77493
99.64000000000001,78.607216
20.303,90.47481
30.900000000000002,885.0298
99.553,94.28361
208.317,134.11716
780.333,427.09897
9.23,183.31346
11.443,122.920715
30.287,310.35242
60.07,108.8356
39.987,83.14294
171.81,714.14624
22.972999999999995,72.93826
160.713,110.49426
249.957,204.41481
60.407,483.50607
21.963,115.183235
21.006,420.95547
1880.99,270.4142
0.204,16.152815
40.014,168.50423
120.733,304.9482
217.443,919.633
131.96,172.55296
190.156,167.17337
20.147,217.41107
269.68,12.193009
18.383000000000003,75.1491
9.31,88.67656
118.60399999999998,115.07749
729.823,854.7636
190.73,116.25916
19.045999999999996,2430.829
18.313,699.8522
1.833,63.62617
979.853,612.1679
179.68300000000002,143.8543
10.58,316.871
39.24,152.83458
223.47,95.313065
380.643,247.98549
9.06,477.78204
59.86299999999999,293.42514
202.683,358.7768
460.02,113.66947
120.08,146.73053
60.034000000000006,121.874695
20.22,87.11562
521.893,297.6822
109.996,224.6567
10.056,131.0924
0.6899999999999998,177.64696
199.236,430.47458
175.254,325.14264
119.457,13.36714
608.38,96.820656
19.78,82.299774
619.79,463.75122
34.956,1637.4799
51.693,102.1525
2889.867,588.15826
9.814,340.62106
70.22,65.23437
159.75,120.410675
0.413,182.18008
190.17,171.92377
29.707,80.90537
84.493,195.20601
570.186,253.36946
140.91,110.00842
290.404,541.02686
1.23,324.63266
60.037,79.21314
20.13,82.11951
10.38,135.25243
19.237,110.38211
9.907,170.83514
9.42,109.46293
150.236,218.75401
11.13,74.957146
121.474,128.26067
29.687,469.26318
119.01,512.85785
80.92300000000002,409.49463
415.45,48.854313
90.677,720.8786
271.343,116.35757
229.996,327.3451
17.563,76.5212
10.09,78.44501
200.37299999999996,293.82837
79.974,104.31941
58.767,991.8932
99.956,71.25198
39.98,99.01319
330.12,135.33868
669.766,463.10687
35.407,422.48917
61.71,105.49837
939.316,482.07745
8.83,158.85944
141.657,137.43617
1.19,263.60324
509.677,302.99918
100.843,112.89263
1650.403,620.59436
80.69,333.8234
172.386,89.11794
42.083,95.54314
359.817,348.7236
9.68,1308.6531
66.544,119.82699
19.972999999999995,253.83752
79.89,1457.6417
30.38,484.8177
9.893,187.12717
17.597,105.68107
0.064,118.66261
210.823,56.89664
198.73,262.20532
580.017,260.7192
0.33,165.30603
0.217,94.776505
102.384,496.76447
169.973,333.88364
21.38,71.09722
10.49,83.507164
9.236,96.2925
39.813,193.38466
279.66,121.74999
19.133,207.37512
79.657,121.657394
568.884,246.41273
62.206,291.48846
109.72,129.12325
149.83,182.24828
40.027,128.40213
290.707,298.89444
170.047,226.27798
10.384,85.68283
30.12,97.6874
29.966,237.36671
29.913,94.14886
10.27,145.35506
109.69,508.3465
191.977,265.9698
2350.846,1043.8279
2050.107,246.87567
1.017,595.44275
321.056,499.25867
89.95,259.4149
19.826,323.3155
19.55,185.71721
60.26,102.74464
564.003,319.86884
20.637,522.87646
39.884,168.90083
29.483,112.87373
20.01,89.672615
198.746,186.31432
390.277,326.89764
19.537,166.62436
19.647,460.63766
9.56,88.420364
51.467,83.12451
19.553,152.74217
259.79,413.73123
539.487,811.4704
89.92,393.76297
188.333,195.6735
488.904,166.84358
49.89300000000001,130.66794
150.083,516.7195
250.507,84.36852
18.96,176.18318
22.094,184.8652
1130.643,1236.9192
10.017,146.48935
10.07,224.321
30.06,383.72922
270.46,294.18185
348.81,176.70847
10.29,82.2658
12.5,211.05042
0.06,146.01294
40.516999999999996,255.46329
14.856,86.81205
431.15,426.15787
10.703,325.34802
0.07599999999999998,105.959045
20.207,613.53467
123.14,81.598366
116.87,500.37503
19.624,635.5609
0.14,168.07568
30.67,128.39641
369.197,120.84054
26.814,88.56273
17.077,268.67764
220.647,121.0934
1241.21,416.64963
110.753,81.47639
9.773,85.173454
130.22,84.51371
19.877,114.30078
9.32,204.50229
20.523,556.9015
8.813,770.3745
168.897,58.973843
11.313,223.33467
260.964,208.07964
19.754000000000005,286.18997
18.416,371.82736
11.22,600.58606
9.53,69.672134
60.937,93.48165
29.75,113.54894
25.764,246.39555
719.5930000000001,6126.031
98.747,226.89996
3393.337,503.3589
30.323,124.5853
0.64,186.87993
130.047,260.86185
160.173,64.476494
19.767,224.58781
139.163,289.96942
100.73,71.12931
20.016,233.64453
42.46,29.981668
19.713,286.8497
129.883,115.50167
17.297,332.76648
0.047,66.95946
9.38,466.82724
80.28,112.232475
218.337,130.37912
2436.773,1554.5317
769.19,395.35623
18.65,71.74766
20.076,326.8009
50.02,75.77717
100.954,1010.28455
299.973,200.46848
8.566,177.64696
0.686,111.123024
149.956,177.8558
60.047,1707.5391
10.039999999999997,97.420685
1.017,940.6476
450.894,534.4189
10.693,102.04506
77.776,189.03912
30.483,169.88963
1.693,121.803406
19.687,224.67113
19.863,697.92804
22.913,159.07048
189.687,302.89493
2.374,75.080315
9.914,543.06885
0.233,103.39185
139.98,289.28632
19.307,237.0144
40.017,302.37955
9.249999999999998,401.24033
8.913,225.93927
20.416,157.76389
85.06,1085.3567
19.277,290.23947
1179.953,1076.1302
30.154,337.04697
39.726,461.3259
0.763,208.71292
0.203,93.5862
99.986,168.82701
79.024,131.24332
638.73,921.4555
750.09,308.877
7.923,88.54964
0.923,223.62518
9.47,186.52455
19.583,204.72095
4.367,80.332794
10.114,109.64195
90.643,133.37775
19.706,96.95353
90.087,417.60208
50.813,300.90726
119.54,195.55084
20.01,224.321
1221.8399999999997,850.97766
39.237,215.62944
779.66,394.31464
19.453,179.96472
2028.293,708.0181
10.477000000000002,237.12686
121.123,94.867065
91.027,1930.5875
96.733,273.20123
10.196,71.98897
139.58,257.3652
39.667,145.04404
0.064,88.80518
170.087,126.85044
1407.99,560.60443
40.183,132.05615
29.463,265.6692
18.824,89.79265
69.84,177.6567
1.877,494.9229
0.343,248.07558
98.784,110.987656
0.91,94.82967
161.05,95.513466
29.267,107.84796
10.03,312.8434
19.27,317.29797
9.544,410.3097
622.596,190.81502
0.91,91.43904
18.21,954.45844
460.123,574.84424
21.07,124.8144
489.887,131.59993
1115.116,7509.4077
29.867,310.17386
51.10300000000001,280.6211
439.667,238.03125
150.173,361.93478
6.957,254.73087
19.856,126.02969
711.25,70.09501
269.974,224.42725
15.154,216.5056
99.473,119.185814
2989.703,251.30237
279.09,267.15433
19.816999999999997,673.51276
10.42,184.07224
71.213,556.2323
39.63399999999999,113.179565
1080.78,152.43492
189.66000000000003,97.40646
10.31,87.11343
0.437,168.07568
20.407,89.6461
20.11,356.43668
29.710000000000004,106.48659
1048.58,226.06068
8.407,784.96204
0.063,292.27155
21.013,152.70964
40.077,13.137124
110.743,217.48468
567.963,571.31744
120.15,349.5458
159.913,105.35074
4342.823,2761.1758
20.003,237.87209
300.263,201.03618
0.827,72.696945
11.02,115.519775
28.463,262.7362
19.02,303.34305
9.73,213.68239
10.064,80.44589
136.894,329.114
19.103,187.50362
149.696,202.8755
0.19,125.77751
109.097,273.89932
11.117,22.319527
1059.803,290.19815
0.466,166.48663
299.7970000000001,492.28253
340.154,58.303818
7423.943,1274.3931
1015.81,3215.038
0.047,399.71368
4.213,84.270645
129.643,112.721825
69.893,223.1981
288.87,435.49393
0.31,244.47989
229.91,148.57155
310.156,224.44853
10.16,125.855225
211.86,320.2793
8.803,159.26813
130.453,440.15695
54.663000000000004,159.46806
8.44,89.66191
20.079999999999995,62.325226
19.806999999999995,78.53618
0.703,85.35761
300.273,246.59259
10.53,104.64993
61.10300000000001,364.7074
210.123,626.60016
238.90300000000002,301.58887
230.48,136.8123
18.920000000000005,110.79377
29.944000000000003,238.71829
2050.703,552.8485
159.85,442.56863
10.437,512.2286
1761.557,326.13565
21.127,826.9726
29.723,304.536
229.874,319.83508
419.047,100.74493
673.853,864.8954
17.977,81.09652
9.76,115.65221
912.84,1722.2802
19.997,290.23947
18.772999999999996,253.57933
337.127,526.2088
259.377,461.30722
125.263,53.016373
1.75,98.924706
8.736,1178.5132
370.39,635.47327
20.816999999999997,913.6713
9.705999999999998,161.89539
200.48299999999998,261.06967
0.14,172.16736
0.094,170.32658
8.07,285.27554
110.69,102.805145
100.12,31.222006
20.99,166.52109
49.756,970.6109
1398.873,629.0397
1089.967,683.28845
50.38,186.29366
0.033,177.00826
89.106,266.09348
30.07,214.76947
559.967,581.5413
30.033,224.00494
466.716,331.8305
499.97,365.15967
229.093,85.61601
63.904,61.61851
19.903,185.84943
110.043,220.03293
20.257,159.3512
1.61,112.669914
19.826,128.57524
526.853,125.67598
129.22,369.94852
19.543,200.41487
210.28999999999996,144.48738
529.414,97.87258
81.397,228.55832
20.947,300.53537
26.997,15.864658
70.08,86.15883
1680.8030000000003,526.2657
39.98,777.51337
59.65,217.89766
77.823,1532.3085
0.923,106.28586
6.447000000000001,102.53477
0.643,358.58664
50.057,86.88967
20.877,164.3132
5.633,103.39185
90.47299999999998,230.02603
40.667,277.94586
30.06,305.49567
269.0,485.8221
801.96,365.88757
20.13,161.50308
10.004,56.867233
80.83299999999998,175.44371
30.900000000000002,153.80371
19.900000000000002,151.47247
101.073,106.140076
9.39,90.23204
684.143,137.41136
4285.15,364.55725
174.963,217.31175
501.24,327.13693
99.864,262.00528
70.786,110.867805
9.806000000000001,135.13881
260.16,461.6997
759.583,160.96898
89.556,429.88947
60.323,140.19783
272.167,379.60074
18.954000000000004,175.2995
19.14,92.32127
13.750000000000002,104.21009
9.333000000000002,71.67094
39.637,176.90822
119.82,242.8483
140.157,647.4677
20.206,146.99321
110.13,210.69127
21.33,279.44516
0.267,105.77155
10.983,494.9205
40.227,124.23487
0.047,73.142944
40.65,288.3041
2040.357,171.36696
20.6,101.61174
829.984,2497.7402
59.827,95.623726
10.34,102.90119
30.043,299.89246
29.123999999999995,131.06969
61.794,430.29773
380.27,474.59644
49.947,145.07216
0.0,349.7392
40.367,220.86781
281.26,886.04626
10.350000000000001,223.25188
19.88,124.792564
0.517,158.94633
59.233,598.63794
20.277,11.964846
9.97,213.6309
30.766,30.801851
10.31,75.5672
18.987,95.60074
0.623,326.6699
20.317,85.35761
680.017,663.87146
41.063,741.2084
19.823,30.063828
19.163,109.18865
29.923,104.651535
51.716,107.104515
10.33,293.45483
12.393,235.23723
10.750000000000002,412.20044
19.562999999999995,370.3712
0.17,262.7886
11.34,110.44684
110.6,255.05182
49.177,66.61528
0.86,181.30498
20.094,108.90771
19.217000000000002,369.21872
117.117,1321.267
188.857,196.84302
110.054,220.84596
645.883,115.53932
0.127,200.05783
21.23,537.46216
90.863,671.7765
0.047,416.7768
69.993,713.1977
28.077,324.38284
20.562999999999995,369.08
0.233,287.6266
38.54,2237.4812
12.036,89.6461
0.123,77.22744
0.063,22.377285
339.216,556.45886
0.267,69.672134
490.463,292.3552
29.544000000000004,121.15395
49.68,183.90804
96.407,286.5036
19.01,72.39375
250.016,296.20798
11.027,129.78474
20.11,186.52455
328.8140000000001,884.09033
19.47,116.15908
161.043,228.79013
20.063,294.09775
15.207,79.99559
19.094,461.9778
280.09,90.42164
60.396,143.78622
1278.217,1446.1321
40.467,252.98294
10.697,261.62833
1.113,179.33525
0.173,77.682915
100.0,91.429306
10.63,931.57104
58.816,197.6022
1100.37,80.01839
40.487,167.67159
161.19700000000003,302.1432
0.687,116.19083
10.533,142.09358
69.904,143.94472
59.747,284.20862
229.67,428.28375
0.157,266.38007
20.024,12.163437
180.283,141.39102
0.03,115.682434
120.177,265.3812
240.113,451.41318
11.2,170.0039
0.907,211.05042
69.16,68.86307
1620.693,79.03921
129.374,333.21008
6193.507,1854.8774
190.377,374.69397
10.99,102.026276
270.727,378.4102
259.577,101.4568
39.083000000000006,165.55582
10.483,70.226425
20.027000000000005,141.38243
10.107,179.03758
17.6,363.3038
919.92,1563.6783
292.78999999999996,782.21344
1419.977,216.62758
20.37,226.62344
19.253,679.0013
0.22,290.23947
138.96,217.12764
618.5940000000002,112.849594
6.076,195.8227
180.81,304.0353
790.27,1281.7227
19.587,108.96107
50.28,212.07861
19.517,194.88148
10.967,451.58118
20.0,459.0685
39.59,497.39023
40.606,182.537
39.943,150.73012
320.76,188.75803
0.297,110.23454
7.41,185.39525
66.053,296.7939
1.36,73.69848
41.88,258.08212
32.524,459.45715
10.31,75.91009
129.217,175.17465
9.566999999999998,75.22231
0.33,219.16106
119.37,358.64725
39.913,92.369896
49.973,81.175896
300.07,194.05545
88.217,1209.7474
111.023,105.00053
30.213,79.32561
10.453,474.91666
259.847,1137.633
2.017,181.42995
828.854,103.24517
120.68,304.25104
139.886,127.85139
669.87,2236.7454
8798.986,10243.037
0.016,12.288371
47.867,174.72156
242.384,407.73712
3.75,45.957024
66.9,299.52472
713.054,544.1937
209.97,221.59596
20.596,80.3498
150.387,373.7138
38.49,197.4468
379.586,665.64417
11.07,186.23036
60.03,442.62827
40.99999999999999,212.7926
19.243,160.0065
20.516,185.23457
20.69,287.87228
168.95,54.893093
190.48599999999996,78.31887
258.797,199.4977
280.443,315.78464
19.184,176.67221
109.903,684.4202
516.367,135.99399
80.027,205.19543
314.444,137.83797
18.157,185.87842
19.683,406.93866
60.764,477.47272
10.296,121.72124
19.089999999999996,117.974266
27155.707,1443.6327
1330.797,92.00053
39.957,356.3023
20.703,439.07968
9.953,816.92175
0.587,397.24768
149.573,428.45886
8.507,107.48207
360.114,224.22641
9.963,182.18001
111.247,565.6554
20.316,88.58119
10.493,138.11081
60.02,216.30801
5.36,522.93915
79.04,112.55493
18.21,274.75235
286.58,284.1462
180.033,226.3874
1449.807,330.0411
18.337,176.36147
50.154,555.6733
9.232999999999999,675.08356
19.567,86.28151
9.8,115.00543
9.613,88.640114
231.63,63.887337
8.924,101.80573
211.667,183.61414
0.094,136.93181
10.516,104.005196
10.09,99.29398
8.65,79.295425
209.717,128.25407
18.463,187.0774
553.23,97.043396
40.073,100.15596
189.873,981.5859
8.997,73.54218
29.83,198.09888
49.43,175.3619
760.67,358.65842
10.622999999999998,74.863205
17.497,106.140114
78.813,122.93694
38.163,83.92657
28.87,283.4447
100.673,124.39102
110.03000000000002,110.76707
116.106,322.08292
80.416,108.47492
8.75,113.3717
9.246,142.42444
0.0,253.57933
10.157,445.9306
19.203,79.96297
19.803,75.80905
9.67,215.53583
329.793,66.98244
0.046,72.07336
19.737,406.17267
9.99,126.86775
539.897,128.7985
69.837,383.11786
39.145999999999994,71.89871
277.21,88.968094
48.92,128.36194
8.727,185.99612
943.263,273.0611
905.6199999999999,618.051
170.106,329.2102
9.127,109.523254
30.167,96.089165
8.957,282.5858
180.64,553.3224
9.166999999999998,70.04117
10.607,184.32603
20.283,92.92412
1780.057,282.46478
0.03,271.25082
48.73,278.73566
80.03,262.4182
19.603,318.47836
392.923,136.79358
19.577,31.0611
821.233,375.54803
20.017000000000003,126.5577
19.883,138.31432
12.253,109.46293
90.127,74.38546
20.557,107.57578
1.237,291.7454
851.1700000000001,239.71104
1.99,89.881714
0.28,74.46651
0.4699999999999999,175.5012
529.996,380.7875
0.377,99.14878
21.017000000000003,91.26523
18.734,182.68343
20.423,394.3757
1.236,162.90253
35.673,312.11884
10.14,293.7662
50.266,378.2049
2680.86,470.86575
89.55,70.44555
19.637,766.48474
2199.943,2545.0955
460.413,56.331467
0.504,215.36528
10.007,146.87555
110.223,132.33157
19.597,251.49052
9.867,12.184178
801.667,463.91217
60.27,85.16223
210.11,397.47485
120.143,99.51829
129.037,143.91403
132.01,553.15765
20.28,89.2678
0.047,2620.8948
0.09700000000000002,7.2676105
32.417,31.832815
50.146,280.83524
289.616,84.83971
70.287,890.40985
5.269999999999999,83.68888
20.66,141.54955
520.113,453.29654
1481.166,1757.5336
19.85,77.1491
379.776,115.6628
59.747,211.90665
19.733,230.09055
0.877,193.78818
228.537,494.9205
69.446,214.22385
9.57,72.16531
10.039999999999997,188.80513
59.92,754.0094
0.046,165.78273
449.437,73.63399
2.157,147.58385
9.867,183.1873
119.953,683.9514
9.622999999999998,84.06379
91.01,266.09506
51.633,255.85785
40.623,91.28161
129.774,115.62718
179.954,135.95857
144.133,67.58969
19.97,249.80464
1049.274,1710.6744
9.732999999999999,118.72795
751.716,237.71933
89.897,146.7714
169.467,206.41333
0.17,322.60825
99.797,305.11105
10.254,315.04898
30.803,101.398834
0.093,102.16955
370.03,55.34828
29.79,89.939804
0.0,216.5056
140.82,143.09575
70.913,225.8872
59.66,179.45673
59.78,263.74567
80.31999999999998,137.63748
1.123,144.17232
0.516,302.49854
8.88,72.35947
2409.9970000000003,235.41759
8.523,72.785904
39.917,268.02087
498.44,100.79702
19.734,267.45486
81.21,174.2017
168.21,114.721
9.893,213.56693
20.78,516.7979
7.106,263.73343
8.673,196.7438
8.83,170.77766
0.75,426.26917
0.703,65.79815
40.594,108.73036
0.047,722.08606
21442.84,2561.7896
9.047,106.20423
20.510000000000005,549.358
379.544,319.6951
429.17,655.3322
228.89,309.34616
10.353,153.13177
198.99,813.54974
9.637,216.5056
0.7329999999999999,199.45981
11.47,116.331635
18.897,142.3739
19.743,226.10881
189.763,131.60173
188.247,222.52919
20.083,264.31393
122.776,359.30316
89.903,302.68872
909.78,144.19682
230.494,102.104576
9.777,103.74027
681.866,113.67271
20.893,88.482056
30.923,274.987
20.04,176.74449
54.954,119.715744
19.289999999999996,141.6657
76.253,131.0428
1.157,110.271866
40.793,257.17392
17.413,454.1554
60.02,1380.1189
8.897,93.04781
39.36999999999999,225.9523
369.836,279.46606
229.973,130.303
69.63,165.77855
0.06,275.98917
9.176,224.46289
18.913,568.94916
49.092999999999996,142.76335
98.95,33.972794
9.863,92.10025
7596.03,2998.262
0.737,253.10901
259.757,324.3954
19.76,104.85309
0.016,113.86255
19.83,222.67014
29.59,198.33069
20.523,121.72124
990.137,220.35196
18.0,105.33121
10.493,550.2444
19.933,141.88368
169.797,636.90015
139.05,376.0221
469.793,179.88779
9.347,70.36537
0.486,937.02374
40.39,77.59263
49.986,437.94717
210.127,142.08522
22.41,374.3741
29.0,83.723
169.947,84.3266
6480.537,1178.4784
99.996,71.433266
19.58,77.08178
170.937,312.3118
58.39,478.19443
121.067,386.7385
8.484,80.16965
9.166,85.02551
410.003,430.39682
549.193,268.26968
75.633,105.37784
7.602999999999999,70.11499
0.186,2621.8442
140.083,170.58235
500.073,168.47601
2801.22,77.47133
59.58,91.6818
49.343,131.09422
89.203,192.22002
18.089999999999996,70.85354
10.553,339.35965
197.02,358.8534
10.07,175.7167
1040.24,670.3907
10.573,116.81576
79.96,211.46486
22.024,468.4266
40.023999999999994,248.6567
8.65,67.054985
0.047,230.30244
658.7829999999999,832.01263
40.234,175.42606
41.117,80.75185
41.303,115.56879
20.42,195.68585
8.737,197.02217
80.85300000000001,120.30942
20.276,132.95587
158.95,740.4115
3770.0339999999997,474.58612
19.84,116.46646
49.913,219.64745
20.457,1671.3665
119.99,91.66283
19.393000000000004,219.47629
3958.617,915.00134
20.13,109.33112
59.547,216.89352
100.054,217.34232
450.44,1488.8552
100.966,239.70332
180.067,280.81808
570.06,399.94873
104.93300000000002,296.46967
1.143,158.77965
180.324,507.47806
29.683,135.30905
8.927,223.62518
0.107,361.93478
1.1299999999999997,688.3496
91.03,115.28851
749.4,737.6919
279.88,282.5572
9.223,142.9072
8156.713,515.45575
0.047,178.7212
1409.433,215.3662
89.8,86.34749
9.146,109.61536
20.664,124.15036
219.77,469.68945
40.057,75.47588
114.923,115.2151
50.11,1503.3928
7.24,114.69424
20.014,246.31737
10.046,75.11934
25.166,79.71799
0.203,70.326935
207.09999999999997,103.10809
0.237,196.85358
61.123,197.7278
154.513,303.15604
49.76,176.00807
10.197,191.37686
1542.886,196.18266
19.977,107.53246
8293.28,336.20068
19.986,176.88808
170.127,108.71066
71.173,155.73442
9.76,201.9312
343.69,82.0284
19.87,136.0044
7.13,70.004395
10.187,279.12573
10.183,208.85289
240.34,422.42166
11.177,89.10726
220.57,297.85666
89.317,87.28707
530.143,139.97668
49.713,219.54378
19.83,72.696945
9.467,172.53006
9.0,92.09754
6.533,106.051735
218.834,198.27805
1568.66,77.51583
160.673,310.27213
239.687,488.8081
29.464,424.2071
139.456,133.13597
31.48,69.45048
60.093,296.0406
0.547,110.364685
19.782999999999998,211.05042
1089.763,170.17216
7723.777,1001.1131
380.157,69.646774
19.87,228.67781
152.783,3000.7031
120.804,92.73294
20.353,224.25455
19.047,86.13666
311.51,6109.6304
9.207,106.68416
9.247,272.15106
10.049999999999999,449.859
224.74999999999997,125.7168
9.11,162.21838
149.843,278.79288
10.824,169.76099
159.047,128.74048
19.774,332.77454
0.686,186.23036
68.17,186.46507
10.327,169.99963
19.12,296.55215
16.613,61.292717
40.15,82.090324
0.33,146.38673
1539.883,238.78972
33.447,117.57194
389.17699999999996,198.3464
9.847,92.98808
0.814,213.43172
19.537,116.398834
129.857,182.80934
130.17,81.01138
19.514,217.90704
9.924,191.7059
50.06,122.38448
69.76,123.514435
0.233,105.925705
20.187,187.49802
1593.186,1423.3237
551.426,154.20515
20.02,120.47868
0.53,181.4315
0.893,158.08607
55.407,80.20989
5.113,192.3862
740.133,595.8865
93.02,1218.5419
69.873,285.72928
200.10599999999997,123.591995
11.996,310.5604
389.737,417.19272
350.553,84.43703
19.677,156.98314
50.057,109.729195
18.507,371.7876
10.79,445.74365
39.936,141.55693
210.48,456.8973
50.516,175.7563
18.693,73.32214
250.007,188.80287
10.33,134.42209
0.077,290.6408
0.313,130.6118
8.733,224.7129
0.157,223.40877
238.48599999999996,459.45715
189.893,268.15018
10.605999999999998,117.13419
9.17,74.022736
1033.367,1703.2812
10.049999999999999,62.48642
6418.653,2161.5552
69.78,274.52948
20.144,249.13095
11.11,211.03491
20.163,95.3718
189.297,66.72645
62.49,82.691475
10.460000000000003,198.19504
220.217,236.32675
28.772999999999996,108.99204
11.267000000000001,99.71753
28.74,66.13882
57.916,269.05737
0.657,87.99866
130.17,337.20807
20.473,190.93268
19.993,7.254643
53.75,78.9155
2090.906,283.39508
479.514,756.58673
25.572999999999997,198.04007
19.077,29.469799
0.016,79.30594
41.52,902.9995
219.79300000000003,93.751564
18930.94,19500.467
98.437,725.7824
469.686,141.38243
190.464,147.39735
21.03,65.80578
0.174,220.84596
0.094,616.4998
0.127,70.133736
1029.957,262.5263
0.11,316.8848
219.72,542.52814
19.54,160.48245
150.23399999999998,300.2461
5.453,88.84282
3630.583,507.411
11.17,91.63667
319.52,188.80682
5.763999999999999,158.4259
319.223,343.6447
1120.37,149.91724
81.777,112.784966
0.877,102.67806
20.057,113.498314
270.954,606.5838
11.483,169.61182
19.99,422.13065
210.48,320.12976
568.436,2488.6536
2059.543,578.0989
0.67,263.2507
61.87,99.47045
8.49,957.59534
10.543,110.08723
99.17700000000002,502.52176
40.537,275.0075
49.67,107.85396
10.027,137.51187
149.95,1116.9102
359.746,256.3723
300.187,223.56818
599.757,449.42828
62.33,984.17816
0.187,100.05631
825.93,1913.7935
8.787,195.15002
9.284,104.380135
61.05,268.15665
110.13,1708.2998
9.917,982.63715
0.393,177.40956
20.59,400.84952
30.803,108.62748
10.257,297.28375
15.037,297.0216
18.297,84.54749
20.68,283.2117
49.936,433.12253
15.087,993.42395
0.013,145.11241
1222.03,111.40534
30.06,80.89721
9.886,120.92569
181.18299999999996,46.33192
40.767,345.50195
449.13,123.13376
29.777,193.19865
29.074,151.30052
79.953,386.4843
1229.86,203.60992
11.723,244.3507
19.137,162.3287
190.143,160.32191
9.537,204.72095
539.356,476.21982
640.72,434.13605
549.957,78.148895
11.893,89.996445
29.326,273.24493
0.92,92.47223
9.99,73.41461
9.947,221.08565
206.003,503.79498
1212.17,204.12085
1743.676,1114.0697
119.75,842.99567
10.473,226.14795
18.747,274.0997
70.314,93.86375
40.553,133.09752
110.11,86.47064
19.75,108.327736
110.924,284.25812
1692.017,75.11725
219.827,305.33447
0.28,105.77155
1697.503,3516.5662
2.097,789.88513
248.53,112.757904
239.717,783.92017
21.063,170.44443
0.203,188.17392
1239.91,233.92723
0.28,46.106583
20.64,275.12033
40.394,186.90642
80.766,145.36688
19.943,176.66266
5313.78,8979.551
132.5,685.7828
400.387,698.9546
1320.58,234.70706
60.113,101.003204
729.34,210.36592
3580.306,629.42303
0.347,95.735634
30.794,302.4104
0.467,391.04794
0.517,347.14914
41.334,118.72496
9.513,260.48367
10.149999999999999,119.81576
319.437,405.44873
20.803,113.95482
10.62,108.96107
20.423,71.03814
210.353,144.5118
458.977,104.74145
369.80000000000007,342.15753
279.817,91.544876
10.097,301.99008
19.85,72.6525
68.963,96.09072
4.926,103.00126
909.493,114.85369
277.9,332.10437
8.593,187.8236
59.6,185.2494
18.653,407.48645
30.613,327.60504
549.64,1186.3605
8.727,80.81534
11.0,119.81576
40.28,281.84634
10.107,165.7531
148.71,122.09883
1.797,187.8236
0.0,142.00043
0.456,640.752
150.36,69.62841
0.017,103.19019
19.900000000000002,87.808975
23.11,144.1688
331.077,495.06915
30.367,62.785145
30.343,260.47726
89.25,116.35702
140.83,243.16924
94.223,113.59013
0.547,308.30923
99.256,282.8421
20.037,316.43527
19.774,127.87829
1150.143,179.18318
22.21,288.04465
99.43,733.0204
51.194,105.09928
20.03,95.446625
8.723,75.632774
19.98,894.6777
20.477,96.89784
7.893,113.86119
110.1,83.52656
50.277,75.41764
20.0,345.17603
40.187,181.32364
19.883,526.02014
10.177,73.053535
19.787,207.84784
28.576,235.34299
79.603,75.84268
100.003,166.32074
78.107,112.23892
189.913,57.617443
19.984,187.59772
10.047,86.64755
35.82,289.5473
275.094,1971.4712
10.105999999999998,146.02156
10.876,268.53394
190.936,271.1496
11.28,143.21472
19.772999999999996,167.13179
18.954000000000004,757.74335
0.217,1282.7985
8.72,274.59937
100.087,232.95728
476.57,872.4603
29.006,153.71738
10.563,256.5242
49.9,310.2133
659.986,333.68433
230.157,127.82513
120.457,369.87042
60.277,377.37332
0.284,18.040941
61.794,188.99915
709.95,751.91504
1.47,95.26753
189.96,253.00044
20.777,458.53464
50.713,20.529072
19.700000000000003,168.42984
1719.647,568.0577
511.14,476.94797
70.176,325.09314
19.493,115.04928
35.687,205.31526
152.143,118.39501
50.05,402.98248
33.85,158.77888
139.147,283.19458
219.437,51.803493
11.406,218.56744
71.057,104.2544
91.193,75.82125
80.173,250.9499
1960.806,495.23358
107.99,70.0925
19.86,75.4646
1118.723,288.33838
139.776,314.57825
41.227,298.77893
931.947,290.3973
19.863,61.670753
150.147,291.96045
21.744000000000003,211.3921
56.26,278.35617
9.433000000000002,222.87921
10.24,68.47997
80.193,226.92307
50.24,238.54268
0.204,145.0697
529.674,369.06863
0.047,259.59634
0.0,222.96184
250.674,89.51242
200.43299999999996,13.469914
129.913,93.58229
7.227,313.52835
219.71,615.5737
419.937,173.77565
21.007,365.61215
0.873,107.63989
33.14,95.387215
121.296,635.62244
9.656,408.5717
384.073,343.4799
20.047,115.38347
60.516999999999996,164.03156
19.737,106.93817
20.18,106.71445
19.564,65.79815
329.987,248.1777
9.049999999999999,201.55006
130.3,78.251495
21.204,830.51733
3214.843,855.7868
227.43600000000004,134.99911
190.287,387.4367
0.047,218.66815
39.89300000000001,31.061068
19.67,407.87863
0.56,121.50338
18.906,501.77448
39.937,46.27174
9.69,67.171455
139.904,309.0006
6.727,211.34541
19.957,295.86108
1179.64,199.42392
9.953,13.2571125
21.513,121.47145
5872.153,311.51022
645.413,68.34217
88.014,73.69175
2.127,424.96457
561.357,277.87692
11.33,223.96329
150.06,127.61096
0.83,191.14833
79.77,124.22301
18.357,79.7587
2978.87,311.95642
8.657,746.08344
548.8,127.805595
11.267000000000001,312.7632
0.48699999999999993,121.36465
1076.517,1513.1708
240.093,229.21822
40.094,92.22572
291.087,142.69421
502.74,2583.506
159.99,55.43996
80.324,187.3219
141.973,1371.7336
341.663,465.74155
30.299999999999997,79.909225
39.934,81.512634
120.97,285.12897
511.64,372.93356
69.86,250.90663
50.57,178.0116
0.05,105.45579
39.137,156.27304
459.343,422.27753
20.72,275.19342
750.457,1338.8911
0.9739999999999999,273.24493
20.72,40.819717
3890.09,1014.9447
129.283,83.0877
30.19,128.64665
20.167,696.4611
0.31,305.59232
29.337,71.69537
100.09,75.975204
29.237,392.33594
19.35,1294.9164
210.107,847.4356
79.807,365.88132
31.73,158.91954
150.746,100.03714
8.157,1134.1735
19.777,84.22997
10.183,311.49084
0.19,117.66078
1.064,225.4123
11.553,108.17719
339.22,113.468575
1419.373,353.31662
1.1,222.96184
9.98,92.42536
534.61,79.03407
139.7,112.578316
20.96,295.18176
9.923,237.55193
269.586,177.76187
9.68,161.8493
39.42000000000001,124.59543
97.61,3154.0051
70.043,106.39568
49.873000000000005,136.90918
90.863,87.94284
20.39,80.417305
959.237,276.04337
223.77,292.95013
19.533,254.57608
19.79,511.96878
269.197,291.22278
50.164,376.9249
90.077,245.20627
10.022999999999998,614.5844
179.96999999999997,68.49768
70.016,335.40668
19.099999999999998,207.37512
209.25,237.12483
28.96,86.941574
0.204,293.47122
19.484,175.31828
111.043,156.98314
130.23,224.6193
2228.297,936.92194
69.847,131.4224
49.887,91.4477
0.907,76.68714
269.646,302.8558
9.103,161.55544
370.657,720.86395
80.306,166.62111
7.487,196.63318
21.133,324.8059
19.99,778.3121
289.804,99.46942
39.63399999999999,80.15622
20.95,310.18396
250.73700000000002,112.08759
49.927,83.68888
2700.873,326.20316
66.63,258.80267
18.087,149.35326
171.026,94.686
19.39,122.1506
280.023,254.61919
4.519999999999999,106.4843
0.03,102.04506
8.523,224.08809
9.866,121.22093
27.85,140.17691
28.473,71.281006
569.42,161.57692
49.99,345.22574
40.12,219.54378
18.797,103.22906
19.87,163.13011
40.017,766.1418
9.960000000000003,77.35352
9.977000000000002,95.872314
10.163,103.525276
19.8,145.63824
100.49,106.360016
636.19,485.9506
30.153,110.865326
8.25,183.81905
151.713,73.481
32.056,448.2338
1131.846,818.6455
0.877,409.66595
29.443,181.78703
51.13,105.05906
463.78,355.86145
0.923,512.0008
20.83,183.74014
129.393,184.80382
17.05,132.62093
0.203,75.15926
2.314,677.3598
39.877,408.42142
10.107,585.61945
71.307,277.55756
30.16,108.570625
970.726,461.94714
9.487,72.27649
20.11,3184.878
10.074,13.147981
20.87,572.8467
59.937,141.73564
39.50300000000001,362.33148
0.016,102.31521
50.437,768.1485
114.37,330.51556
111.11699999999999,272.34705
1452.526,798.9795
9.966,80.846756
521.783,411.1367
10.249999999999998,211.11247
230.847,124.74022
61.796,133.4277
80.993,103.74027
6009.217,835.1647
361.116,190.39424
240.63999999999996,197.92326
90.123,214.41298
10.553,104.13218
76.467,513.1913
121.03,221.56137
136.006,295.55212
3210.61,1297.8911
0.11,2740.3499
19.557,367.09903
5.994,264.66254
9.053,175.5012
1.016,76.110115
730.757,97.78338
31.653,1570.9559
120.347,140.23492
4880.003,693.97473
18.98,721.3616
154.344,308.03522
269.83,430.59875
9.916000000000002,241.80463
110.094,50.224503
20.58,167.23856
8.69,194.63834
39.69,13.304736
49.663,78.871346
79.836,1167.4637
9.77,86.432526
10.07,178.17123
69.877,224.40099
59.633,320.51193
57.91,593.7447
428.6,129.06792
50.106,81.26764
291.783,105.30083
408.02000000000004,125.975204
9.666999999999998,109.30271
20.163,237.96394
9.08,312.29276
20.376,372.38562
19.623,416.70486
20.204,377.57138
30.39,359.66595
58.167,82.64956
858.083,118.14086
130.903,70.62007
9.93,107.66168
8.913,450.42432
70.023,472.25888
260.073,82.65017
39.433,230.49161
19.254,564.53577
349.474,311.1546
10.653,119.12692
160.153,896.2833
19.186,454.5397
9.703,99.14393
20.289999999999996,174.33098
19.993,479.40564
19.986,286.40112
0.703,71.2723
90.02,94.77056
3218.01,857.09314
29.693,201.47362
591.71,695.68787
30.94,70.98234
1379.633,89.70437
60.17,149.10265
13.039999999999997,99.37225
12.027,87.33857
21.214,229.78743
0.03,454.01215
149.497,450.1888
4.227,52.786343
70.077,277.74097
0.123,101.32016
809.44,122.21645
40.09,102.29118
18.954000000000004,92.47223
402.92,75.26757
20.143,466.4438
10.347,250.12726
20.25,213.77562
18.447,224.6295
19.907,70.96529
10.357,378.8616
20.917,132.89185
0.14,118.66579
100.076,560.8878
20.063,228.16235
210.437,91.69668
19.98,113.87889
208.07599999999996,867.29913
0.237,145.63356
49.12,112.5486
19.584,70.92885
0.203,80.332794
596.603,77.96924
19.907,128.78355
62.307,215.4482
9.863,223.7912
9.847,75.328224
169.87,96.89803
9.76,246.39555
6.91,104.422585
80.104,213.16173
230.77,1632.4446
20.244,324.98407
289.993,120.4714
19.177,272.34525
29.507,110.1067
49.73700000000001,752.0266
12.597,67.054985
279.407,196.64932
15.6,407.0244
60.133,173.65294
9.97,107.53246
187.227,141.71599
289.764,215.4249
10.433000000000002,312.8434
378.22,904.1865
20.46,157.57231
279.907,122.170845
73.547,6203.414
18.673,105.6386
40.487,364.51547
12.844,105.23343
129.97,145.24617
20.036,195.29724
210.454,70.5724
49.68699999999999,475.24554
20.37,75.44751
594.95,237.47763
331.473,56.990932
61.313,117.46945
110.703,159.89328
21.553,231.15959
0.077,260.3012
1.36,77.682915
79.407,306.93124
432.433,1401.1583
4011.134,1717.0009
252.034,111.49366
420.34,366.2503
11.504,226.00449
19.743,658.0934
859.757,96.06357
41.427,157.2231
9.61,245.0365
10.8,22.377285
72.82299999999998,111.15098
119.53,119.94546
6.974,234.67514
0.14,297.21387
640.2500000000001,393.6959
21.27,152.72658
20.454,277.3783
9.643,30.270267
0.327,163.13725
2520.347,400.78864
30.34,95.9308
159.30000000000004,121.083725
1.236,75.5972
0.11,96.72078
50.053,112.35584
1430.15,391.75626
110.13,291.40152
105.35,384.2665
79.674,222.82272
260.28,110.362434
9.907,151.41396
280.237,204.92978
121.48,1540.2942
20.977,414.7867
560.073,850.17236
19.710000000000004,102.90119
0.11,96.634605
158.727,200.73532
10.79,72.60808
137.193,390.57904
90.163,281.96124
43.983,195.65985
180.213,193.59303
9.622999999999998,95.77098
0.284,222.60736
189.47,416.66183
909.513,830.1349
40.083,954.47815
20.223,329.1923
740.34,132.2975
61.003,85.150566
89.986,720.1008
28.64,316.1941
70.083,262.37088
2069.807,111.171745
19.66,337.42352
39.453,112.45481
139.48,197.86751
8.22,292.968
58.896,267.3528
399.873,194.27945
138.907,129.02428
0.74,113.51223
20.644,879.5027
60.27,196.63486
45.71,95.41591
61.06,578.8891
109.137,306.0136
31.606999999999996,438.46133
1341.396,1410.4386
40.837,351.69498
29.514,61.755005
49.667,374.52255
300.017,115.59756
121.95999999999998,129.51457
109.843,525.51624
1029.04,485.21915
8.807,228.55832
0.0,360.5251
60.167,121.427765
18.834,76.110115
9.867,102.539505
18.289999999999996,80.58009
9.973,114.58067
83.876,176.03777
159.76,286.94284
129.614,298.36633
29.87,167.77843
100.223,155.25894
229.36,325.5926
20.41,384.55832
10.323,112.590996
69.68,211.42001
19.8,132.37473
89.886,219.27567
20.02,102.41286
7.68,200.83691
10.597,202.47499
260.097,84.05125
200.40299999999996,2373.996
19.96,338.2511
0.734,262.8784
19109.087,2407.2786
119.996,182.59557
39.723,146.08206
151.314,291.87305
9.86,132.03107
0.78,103.88524
20.013,214.53337
78.71,376.30496
289.25,125.8151
120.387,292.7189
20.4,87.68585
0.703,80.22253
150.193,260.79456
19.782999999999998,669.7915
20.183000000000003,95.09569
0.3,290.1957
10.103,70.772125
180.554,248.35222
19.833,1500.1428
870.5769999999999,607.24475
279.793,194.79526
10.774,7.222322
0.75,103.514824
189.893,390.9022
13789.1,584.4141
0.22,177.26068
9.873,293.45493
440.713,908.3803
37.96,60.752975
7.027,114.30083
9.750000000000002,181.34439
19.937,189.0565
19.047,264.88562
8.17,319.1558
361.736,100.71543
41.492999999999995,78.77529
61.057,56.247787
149.547,304.45685
9.116,76.57149
290.037,717.89557
90.117,105.60958
21.497,70.36028
61.527,462.2457
1540.204,444.51804
1100.513,144.0519
1.8,94.6723
651.253,454.30493
3650.43,2039.9532
1.233,62.809937
79.29,119.256424
4350.59,377.38312
60.073,569.8632
349.463,317.5209
60.607,57.94226
0.047,70.21897
1.17,288.13348
320.847,490.0936
119.96,128.83919
199.41,412.0546
8.127,111.08151
11.39,118.52881
39.77,1028.9429
160.44,84.74131
260.61,297.42996
268.32,274.27435
0.906,68.928314
29.663,58.34111
10.77,156.32285
160.604,85.032036
0.123,110.669106
19.083,353.6876
9.74,101.50245
19.433,291.26053
979.133,373.59427
9.806000000000001,186.46555
29.966,147.29239
0.284,78.23853
361.844,106.05285
0.063,228.34752
80.13,197.90771
1.58,200.39261
17.06,491.5316
1409.946,337.293
11.244,15.646925
70.59,264.93753
18.473,186.76328
20.187,111.64504
0.08,107.9479
2254.117,2441.764
481.457,303.89716
30.86,128.34473
0.123,145.00356
49.553,313.47037
1530.45,217.01146
19.510000000000005,233.38406
18.513,127.97478
9.9,70.91393
19.86,216.0241
111.03,272.5882
159.983,77.32444
28.193000000000005,357.37137
28.857,312.8434
240.13,325.00714
20.193000000000005,85.173454
129.76,1039.7048
219.88999999999996,310.234
39.78999999999999,374.18158
1748.4140000000002,115.56668
91.06699999999998,76.04411
32.05,79.30594
60.38,176.5776
1318.357,73.18674
79.643,161.39015
29.61,148.33492
60.586,8392.9795
0.97,742.46765
9.6,96.58591
139.973,136.20393
29.8,282.48044
0.017,145.11241
89.597,121.86417
10.586,49.307575
259.913,186.2493
282.06,207.32617
20.123999999999995,264.31393
9.267000000000001,343.971
179.49,345.36996
0.593,77.502625
10.14,223.7924
680.003,444.1498
61.816,790.2045
4.397,224.79633
0.047,66.871086
123.33,145.24457
319.574,197.28914
0.563,78.431244
0.077,120.62409
18.45,141.75745
49.89300000000001,119.07303
70.603,70.92885
9.3,224.50446
48.31300000000001,284.98856
0.75,184.32603
41.254,571.378
99.964,542.4706
269.523,1515.33
89.726,75.09332
190.886,84.307014
90.07,149.96313
169.18,141.54955
4657.14,482.30093
19.816999999999997,168.54141
19.89,118.51623
0.28,95.50125
19.873,224.7129
1029.827,565.87115
40.06,156.11703
0.45,71.537025
829.96,76.83228
0.29600000000000004,141.03357
20.033,146.04749
19.53,379.7896
50.14,210.37335
0.127,544.68835
159.50699999999998,91.09375
19.287,219.57439
1809.474,204.22337
8.24,98.95134
10.787,216.07376
23.95,202.39983
20.62,161.67052
21.117,56.957275
200.52,71.74923
30.594,199.1342
17.82,306.0987
19.33,184.0787
10.444,142.48715
60.46,288.33502
30.099999999999998,437.6034
4.133,75.79428
19.723,181.5549
18.177,262.16745
69.86,556.9386
39.974,328.54437
10.79,175.73697
9.077,365.39178
149.717,90.47487
22916.643,6907.797
30.033,248.83777
19.144,1009.32587
140.513,130.4653
40.836,152.07451
10.063,166.35432
20.097,600.1319
19.953,71.221405
18.814,336.89844
60.136,269.75388
298.86,386.07663
10.296,251.67113
10.32,191.2698
29.16,72.5194
20.96,414.0374
19.43,65.64528
38.453,225.9654
929.356,507.93817
39.03,158.13205
519.617,294.41217
168.977,204.45872
18.814,102.46053
9.834,88.200584
19.123,143.15584
1479.723,567.9723
168.623,303.35638
0.424,305.82147
181.157,124.83126
179.273,109.24016
29.510000000000005,286.10736
586.67,266.7305
40.043,405.4741
40.063,109.159996
10.097,184.58514
211.393,78.871346
0.646,217.43633
59.096,177.48247
10.907,71.87466
22.48,218.0642
0.267,182.70113
21.013,262.32047
501.59,305.8099
60.223,88.88493
10.074,62.785145
20.053,117.791824
719.62,445.0546
120.34,319.49478
19.593,263.24146
8.997,186.29466
8.587,187.44742
0.127,218.0642
29.903,29.695799
9.857,195.77412
25.572999999999997,363.5071
0.7329999999999999,184.0787
38.487,71.18759
260.31,296.07953
27.657,267.52652
0.843,301.44568
200.726,293.222
19.363,216.4966
10.214,118.79829
490.56600000000003,86.35559
29.84,181.51564
22.067,163.69455
60.934,190.68454
0.203,104.00847
86.60399999999998,202.80228
0.156,70.31921
10.116,106.93442
38.423,91.79648
490.16,103.203445
40.767,30.43645
389.93,376.39713
21.087,263.00552
1401.197,264.25037
21.053,181.14513
0.436,72.033
0.33,121.90505
4.897000000000001,66.871086
59.86,467.30106
228.947,266.45865
19.804,29.899696
110.907,151.43832
0.173,331.79688
79.124,190.20078
70.627,239.96977
19.78,79.29459
114.27,118.20811
0.017,162.60298
0.157,178.71376
539.033,171.80852
9.573,288.04465
719.827,423.1962
1725.523,335.74567
17.72,66.825455
19.557,96.24456
289.834,70.40229
89.93,52.102177
220.36,573.56287
10.656,74.45173
40.713,230.30414
0.28,684.3286
40.66,181.41722
53.9,209.90492
49.87,165.80835
0.25,336.30045
1012.52,360.53293
179.83,121.20654
550.28,314.73947
19.594,89.996445
1.253,130.81496
62.25,266.49625
19.323,74.81627
40.293000000000006,389.31754
409.396,66.65315
61.753,226.07549
12.61,118.72795
69.793,193.68433
160.167,130.70328
461.79,582.60645
0.63,196.49791
41.14,205.95091
450.66,98.16186
2811.823,817.36456
96.573,193.47137
2413.166,215.59062
0.11,102.4301
9.539999999999997,30.145126
98.843,221.97615
4.986000000000001,109.07493
80.663,178.88487
100.443,117.61414
11.2,216.87982
20.223,367.09903
249.77599999999998,91.33256
759.247,667.47455
40.294,144.3508
107.497,205.06656
119.657,924.56976
1.173,526.5359
10.264,86.96366
19.673,396.5913
20.403,182.56786
7.87,88.36352
89.45,416.97955
17.85,224.0562
520.144,85.05079
9.850000000000001,79.45268
19.984,155.3618
130.896,558.9111
20.153,256.5242
68.984,154.25777
59.87,176.9509
710.1429999999999,267.89655
19.11,800.40094
9.57,109.13172
2012.42,317.6134
20.38,143.06767
11.237,186.86847
0.89,103.77342
50.033,113.22069
30.086,198.685
69.996,155.85617
920.743,415.9141
1782.1630000000002,438.5713
537.397,144.00215
78.763,84.80823
10.193,102.04817
150.11,82.89434
80.07300000000001,259.59485
19.303,99.29398
39.800000000000004,178.93335
1029.967,293.0686
34.786,85.721695
129.93,109.758545
19.213,122.28298
717.3,230.70042
69.923,465.28268
40.737,100.68817
0.157,210.71967
50.473,323.58197
10.703,92.33291
0.67,104.56553
0.517,180.66083
58.727,143.68018
69.747,203.88889
59.906,78.23853
10.08,339.38205
6.067,132.01888
131.3,224.48322
9.756,264.31393
26.474,7.025151
59.583,792.18146
10.0,96.320114
80.807,668.4047
31.693,432.69305
19.197,121.05184
129.343,339.34998
1676.073,317.26797
69.157,150.93799
59.927,584.1477
49.647,82.35747
0.187,70.051575
39.643,321.0803
0.11,233.1228
70.02,341.96326
51.683,81.48826
13.693999999999999,746.08344
0.17,263.60324
9.347,75.44751
20.616999999999997,194.06982
6.563,563.1981
1460.9,371.5821
19.54,265.86505
0.936,197.85493
19.772999999999996,112.3331
139.723,343.80014
268.636,401.83517
29.69,79.39049
349.59,686.6402
10.77,76.94793
10.293,271.8742
12.11,225.9003
109.37,160.46585
31.503,1087.1835
9.414,74.395134
30.203,118.48864
70.516,145.53035
79.01600000000002,207.54256
10.0,66.74458
20.253,53.213284
0.403,233.64644
50.347,1132.7559
1659.5,303.58426
160.22600000000003,255.54944
9.357,101.61174
91.04,15.726238
98.983,280.32315
240.077,521.8792
100.28400000000002,148.79187
379.897,158.60365
1978.3339999999998,226.21686
71.64,264.10706
950.203,83.62079
110.26,586.3382
1.093,77.18627
159.263,107.25103
90.853,70.066284
161.05,112.536514
61.19,234.41635
0.407,145.24893
439.86999999999995,153.51999
259.627,261.23932
8.853,350.8084
2425.62,373.70184
0.123,113.27421
40.773,100.89831
79.43,218.81178
100.313,317.98602
88.47,285.0846
130.55,624.739
1012.9,446.60733
91.093,143.1855
204.85599999999997,112.77441
4724.850000000001,2035.6997
490.15,319.37747
299.95400000000006,1667.7747
0.787,223.7912
20.31,22.697557
30.543,123.81915
30.42,134.10785
479.783,885.5614
20.126,154.77768
8.924,163.50002
2.11,283.6472
0.436,112.895355
19.76,77.08917
10.683999999999997,69.71801
19.78,142.98933
20.004,103.15457
39.383,118.72496
176.954,154.68507
68.897,172.42937
549.353,87.99648
0.36,110.23454
114.847,369.33633
0.03,341.28867
8.99,345.5834
9.093,215.50685
130.187,96.50932
0.56,12.10144
18.316,71.596924
18.972999999999995,103.268974
19.653,759.4303
120.34999999999998,110.71037
90.08,1318.6467
20.264,83.51367
4121.167,1421.4762
20.513,147.96385
80.793,377.90656
6.313,119.2703
40.07,12.996709
21.81,198.40045
500.353,215.22229
20.782999999999998,226.69585
20.583,257.00653
150.146,289.44595
70.21,90.509254
110.32700000000001,115.43323
399.593,143.97345
99.777,86.20622
70.07,189.96103
20.527,170.20917
19.874,76.33957
359.67299999999994,270.66046
240.08,321.15027
48.946,57.50747
1676.72,88.91868
19.95,230.44604
0.157,2479.4617
19.85,263.91257
19.683,191.37686
480.266,325.79684
36.39,154.4002
2.313,324.29053
19.976,107.05948
0.8100000000000002,110.44416
29.873,113.5782
24.177,15.652206
1.016,274.75235
19.543,96.634605
9.350000000000001,145.58743
70.596,21.356842
153.12,215.31506
59.58,18.399883
19.037,450.42432
949.06,113.662766
0.36,77.39828
10.373,105.85019
3.82,218.3323
0.064,88.50318
0.483,58.33596
0.28,309.9148
39.293,103.724625
11.707,180.83215
8.464,22.377285
130.313,344.32803
20.489999999999995,465.81308
58.976,257.39725
0.06,370.10867
19.487,90.744446
129.99,52.50656
100.287,193.7222
40.1,137.43617
815.054,803.8922
109.36600000000001,192.54172
19.163,142.68268
289.23299999999995,165.28249
0.39,7.183738
8.93,169.40056
239.923,383.22412
39.657,222.91533
9.726,76.55699
30.27,303.77454
10.463,167.4911
19.593,102.29118
19.36,435.77924
52.826,84.30133
1729.53,292.83218
262.51,203.5055
0.537,80.590225
9.91,108.088715
46.684,220.38956
0.28,160.81929
380.383,99.07714
559.784,958.69403
95.81600000000002,149.04637
0.157,179.2995
40.723,89.58254
95.87,99.63024
28.79,315.5227
32.223,499.61014
7320.079999999999,567.4023
210.733,795.8595
0.28,209.27876
237.42,215.15077
38.827,2311.2104
19.493,112.25727
20.616999999999997,126.61852
179.784,329.81778
80.127,164.84297
11.723,300.18515
30.003,421.81934
59.98,170.78722
21.03,1814.6508
89.987,7.132602
495.53,383.37515
309.587,491.1915
50.967,84.11352
16.67,74.19663
9.887,1631.4136
479.757,327.77744
150.03,111.164406
340.2629999999999,130.5901
1285.454,115.260994
969.323,56.810432
310.17,759.4303
20.193000000000005,372.38477
20.653,263.43445
50.363,80.1627
0.36,77.92017
19.923,118.86731
1416.564,218.49257
33.95,215.00214
79.987,23.171595
250.71699999999998,408.0611
20.87,406.15085
78.76999999999998,168.55391
230.383,602.93024
3063.404,1898.5692
1020.167,328.88406
20.089999999999996,147.4304
39.08,237.9335
5517.613,2237.4812
21.35,306.7455
20.323,123.05211
1480.18,424.4655
519.97,516.486
0.594,82.17574
10.86,144.27881
460.163,1809.3818
0.393,125.37142
1117.237,211.79506
9.767000000000001,97.61338
499.21,236.68362
39.64,46.51295
99.827,491.34247
21.967,535.58466
80.474,92.469284
248.52,120.814125
10.783,72.74138
350.68,145.42697
20.434,197.90771
5212.767,1413.573
19.34,129.45518
19.014,347.1734
160.163,147.3259
56.287,389.1835
20.12,228.13881
1009.847,307.20862
468.573,255.62607
10.243,80.79282
10.283,188.1432
10.993,263.9233
159.04,262.5175
169.933,71.22066
9.23,224.83817
19.493,167.15417
310.087,67.66256
155.127,127.79514
799.5499999999998,199.49992
110.953,264.41257
111.09,255.7694
19.423,875.8159
11.266,210.87856
19.21,131.31255
0.67,223.37614
29.583,110.5754
19.137,205.089
8.773,223.21031
80.024,107.7881
714.0,75.05265
1089.397,1674.5784
0.39,141.44482
1.143,342.94254
934.88,402.80103
28.924,103.2491
20.873,341.74594
20.079999999999995,140.44324
250.857,74.21487
0.753,223.63092
0.267,85.38417
550.29,1113.2449
310.87,204.91583
930.857,354.80603
69.363,106.33525
117.27,347.34763
34.483,168.55455
9.06,333.99414
159.543,74.23401
49.877,118.34246
13.467,293.03894
10.11,79.35955
190.694,325.62198
9.993,83.31474
37.793,104.97787
79.973,87.704445
89.913,308.43677
189.964,678.73724
19.493,190.60814
69.457,97.45669
59.263,964.1653
50.343,69.73769
11.31,388.53964
10.72,101.5013
80.194,144.31926
0.547,184.91669
40.06,91.69846
280.693,318.95145
59.383,610.8019
9.91,244.01823
10.039999999999997,149.86333
18.94,198.58766
1.893,699.25903
29.327,272.74466
40.41,196.90912
19.636,322.54483
20.143,512.2286
9.656,155.76965
135.233,341.52643
389.797,189.67143
891.177,265.9581
48.92700000000001,109.0208
69.81,99.22921
20.987,858.2332
9.39,22.147186
110.094,303.00198
8.943,127.65311
210.873,91.519684
20.033,67.186165
79.57999999999998,315.39304
159.753,114.63772
170.843,304.61728
9.196,168.23642
108.87,457.4694
1237.183,358.3192
69.437,311.07193
11.743,237.19482
150.054,112.52721
119.85,246.25601
1048.61,183.76027
19.763,142.75291
10.16,77.209625
79.79,240.971
109.763,297.26544
260.324,300.87085
100.777,835.1236
70.38,46.497856
19.946,256.12006
8.874,72.049835
0.093,294.90723
41.1,69.1052
499.937,676.0547
709.674,3008.6946
141.64,215.73834
8.644,190.3835
1.157,167.74496
29.61,289.0557
0.143,70.36537
200.996,273.30417
87.21299999999998,205.00928
8.833,71.8047
24.283,244.4134
279.267,241.5418
2080.484,610.24554
110.07,208.94978
158.403,186.22559
28.25,104.56553
3010.257,1431.5507
627.683,134.84618
85.15,317.71796
30.877,130.92253
0.75,6.9938583
19.674,85.53545
20.13,85.757065
670.173,82.372574
100.306,168.8643
0.173,75.11934
20.057,304.20486
29.763,109.77239
38.574,95.91597
44.54,366.4544
9.263,7.069203
19.343,72.35252
20.05,210.9648
1.157,109.3169
0.36,211.05042
0.5,290.23947
40.564,280.70438
789.663,602.7798
89.526,835.56036
0.11,95.9705
0.233,62.164536
0.233,112.49058
169.947,277.14554
0.156,108.10373
3630.03,396.85925
219.447,290.3105
20.057,186.32751
43.696,79.29999
7.33,111.76367
78.91,110.99684
279.926,122.48324
79.07699999999998,313.13565
0.08,197.59846
19.816999999999997,446.31918
8.697,108.17724
239.283,680.10406
10.874,77.43015
9.677,89.672615
230.29,458.3304
80.85,350.62714
29.553,141.98442
61.374,104.89973
70.963,176.1755
28.843,753.3689
40.277,222.5015
1471.47,507.7719
195.263,726.2594
250.25,344.65842
149.97700000000003,552.39795
0.82,185.93423
19.22,426.40747
19.72,420.84973
0.143,67.76018
0.013,95.77098
33.96,708.5744
20.0,106.24932
206.257,112.90686
201.296,414.74075
398.88,314.7438
21.27,119.7245
309.013,81.60359
30.31,276.34888
61.25,109.67912
0.796,684.3286
410.093,18.799585
21.013,285.83633
10.21,111.99205
0.156,78.66109
71.003,154.58
0.33,77.682915
89.363,864.17053
1.937,181.67986
280.043,78.64522
100.176,1047.1674
1054.33,314.76733
30.01,90.23148
269.397,197.80766
79.41399999999999,359.48956
30.05,381.98718
19.406,192.81186
625.417,166.61977
59.45,221.48445
80.133,113.65305
10.117,977.2735
99.954,316.6988
169.973,121.41802
20.813,71.82186
10.06,222.45885
420.164,172.16458
79.197,71.30859
19.237,282.04718
0.48699999999999993,196.36253
349.844,271.72653
80.164,262.11804
40.007,85.854744
9.14,79.97253
22722.017,1198.6814
19.146,418.81302
19.85,622.1111
55.85,506.04956
409.91,453.93414
43.02000000000001,196.75731
1.473,655.6673
0.107,69.94877
20.43,163.60025
220.167,81.33192
0.093,189.70528
0.61,272.34525
17.86,261.48654
1.86,296.85754
0.57,171.2714
10.4,96.58591
98.177,566.1411
8.543,215.00214
261.244,62.885014
21.543,178.44324
60.157,229.77809
460.693,400.46652
58.177,266.03864
19.114,789.8848
21.04,362.55722
