actual,predicted
12.427000000000001,0.00026772323
850.134,330.43985
29.906,40.352192
19.953,0.4586507
60.27,0.017981628
9.03,29.671745
1.123,50.177174
10.243,0.0002572024
91.07,2.1386037
13.833,119.11859
61.264,480.92245
9.15,0.9340044
18.447,231.55682
20.077,254.4677
0.127,87.29191
70.043,0.022309456
121.067,29.71498
0.10999999999999999,0.00016793204
57.7,40.5962
10.68,0.07529449
20.617,0.36787564
30.045999999999996,111.951065
10.57,95.3916
9.857,1.8659904
0.39,0.8242665
79.643,35.548508
28.874000000000002,51.98978
9.073,67.02689
179.76,89.3014
8.873,0.15702242
40.146,91.9768
19.877,1.8187207
9.753,1.883457
28.260000000000005,319.2033
59.297000000000004,5.3965006
149.74,125.87424
39.853,0.21205501
39.297,35.849735
78.453,30.344439
30.532999999999998,0.98954564
2121.21,3687.7498
100.213,227.81111
0.033,0.016512122
8.803,98.187294
20.334,0.14000112
9.523,20.464764
108.93,165.74887
868.327,335.93286
20.146,31.562393
9.46,0.074559145
0.43999999999999995,0.4871588
19.25,62.893913
0.533,0.012378197
29.017000000000003,0.142348
0.42699999999999994,52.326904
9.797,43.919746
0.157,46.070953
0.5,4.928824
169.383,53.88143
409.27,167.99365
11.896,111.810905
70.026,135.94496
7.063,0.5559514
20.8,94.73334
9.247,251.16093
529.87,688.3223
20.077,67.841705
149.45,1986.242
552.733,144.7363
0.393,48.141865
11.253,0.0056575304
9.947,0.47424108
10.527,4.1390233
29.753,81.01911
12.227,0.001879338
539.08,956.71277
110.324,0.058327638
10.573,0.0004833485
31.273,431.40042
10.33,0.0017978523
79.707,1.178403
39.153,98.97816
10.42,138.77881
10.033,21.181847
20.9,36.252617
10.047,50.894302
21.364,307.58505
19.71,102.765785
10.553,28.790789
9.197,1.1884971
10.79,0.20487379
30.326,64.50356
10.18,0.011946611
8.757,0.017466344
39.457,109.177124
100.117,22.632698
10.597,0.0016263078
10.51,0.011004148
0.25,57.441303
9.557,0.00047883848
9.79,2.104913
9.59,479.44388
329.874,29.857685
26.683999999999997,897.56885
49.64,31.97261
19.313,15.721183
240.70399999999998,191.67561
38.28,158.21786
20.816,87.89077
19.123,126.64979
20.067,0.1686279
59.92999999999999,473.949
600.153,184.0506
29.073,197.38396
0.454,52.6466
0.5,40.63815
6.983,137.23125
19.027,45.9986
9.3,36.252617
30.947,46.6935
0.047,114.763115
20.486,0.18631291
0.236,49.17929
0.21999999999999997,0.19979039
11.574,107.14685
0.516,0.5902911
19.763,21.984573
39.64,76.58995
10.584,0.073156096
9.63,0.061585225
28.25,37.90411
9.743,1.0535635
10.183,0.00036048584
11.79,113.81331
0.58,2.2468932
109.873,889.466
140.197,53.86827
39.59,71.48937
70.264,119.38563
0.0,0.1509278
0.097,0.0019564733
0.173,0.008959731
0.157,0.00376311
19.38,70.02557
30.309999999999995,307.12418
26.382999999999996,0.0013760497
239.913,140.39069
8.084,0.083156265
2288.263,786.1405
70.006,0.0055675986
20.3,7.009598
9.68,0.0049480814
11.783,0.054131635
2.1,161.26857
0.237,3.3762004
109.79,50.517506
20.577,7.3458696e-06
498.7,414.84143
10.157,0.11994457
0.0,0.06710556
130.297,0.37913275
0.627,56.311405
29.747,0.008453643
19.963,22.852987
0.10999999999999999,0.0019001133
9.496,0.0011921171
10.193,0.21463093
39.874,0.52997655
0.28,50.86576
9.633,0.009751757
29.474,299.42023
18.907,220.67151
20.37,88.4941
69.844,119.62433
50.283,0.4113287
329.047,62.319378
0.407,44.316193
9.27,0.0021835985
10.21,0.00619885
0.21999999999999997,0.2093547
30.06,0.445154
219.997,11.29305
20.697,213.4448
8.063,0.0126897935
19.734,905.0128
20.144,62.668858
10.153,153.56866
0.21999999999999997,0.001744148
710.536,168.61499
0.063,0.0034645183
20.617,7.079976
9.17,31.343515
39.673,40.332798
28.78,203.84512
29.293,82.41258
89.053,33.961597
59.71,44.606693
268.727,1287.1455
21.423,59.588955
0.657,145.80472
20.497,0.54232407
90.383,76.44776
0.327,0.0031666395
9.806,88.39765
10.687,33.00753
10.254,0.006384727
19.51,0.06840515
31.154000000000003,125.35273
19.85,273.0056
138.867,52.612404
30.057,0.027617529
8.95,50.78122
9.374,104.29333
121.63000000000001,50.737667
0.203,0.14050724
3520.7,835.1841
9.984,6.552579
0.454,277.04025
19.504,23.548317
11.12,0.0053481017
89.39,69.96318
22.023,299.6971
9.553,0.7208686
30.307000000000002,0.00075277284
0.156,0.0006467535
10.36,0.02148131
3410.257,22.181522
41.097,40.134834
369.793,348.48422
14.739999999999998,35.06669
10.25,25.434034
0.516,50.177174
120.126,50.540726
21.247,35.67629
0.9569999999999999,200.39067
111.15000000000002,124.25566
9.046,0.092808366
13.827,44.44137
11578.04,2.2703357
10.304,0.00013034878
41.324,206.88684
1.164,0.002835208
52.817,219.10063
9.23,0.004548459
20.293,0.14543892
8.58,76.177246
2120.126,103.58514
9.93,0.17038736
269.62,136.33893
21.08,0.2882601
0.23299999999999998,0.008959731
330.416,2342.5002
19.87,60.450798
59.81999999999999,80.47938
0.567,6.0666947
284.696,42.10607
8.794,0.0016469444
7.66,57.053165
29.743999999999996,754.2003
0.826,0.034594327
19.653,65.97283
8.947,0.14556867
9.087,21.658802
0.093,553.2285
260.064,259.03116
29.104,0.49534014
1277.767,689.54376
49.56,0.20737104
60.033,175.07085
39.51,51.91707
5460.01,971.65875
39.844,410.57504
9.72,0.29978764
19.827,56.320755
10.81,0.00033775813
59.92999999999999,210.87556
38.826,48.90094
6.807,119.11859
2.13,266.9418
10.927,0.0457551
8.02,109.82589
180.517,4.3105106
119.527,1518.0844
110.167,412.02472
10.0,0.009013603
18.206,33.652134
8.683,108.39349
30.877,33.415936
9.576,0.00022983202
303.347,682.06934
9.583,0.001402184
0.0,2.99567e-05
48.81,131.81096
0.21999999999999997,0.00014967954
10.826,104.72633
19.82,0.0038572606
98.027,258.07074
100.63700000000001,13.193786
9.046,0.19551419
29.904,61.757473
39.824,90.01045
410.96,39.642693
79.92,28.514317
200.57999999999998,133.42899
359.887,10.400057
10.414,0.0087117655
41.344,67.05984
1.187,72.86336
119.08599999999998,210.28027
0.45299999999999996,0.14809375
19.697,1.5653284
0.357,22.629122
1.363,0.25176075
2021.467,33.439735
9.977,0.0017638389
17.93,1.2857057
30.75,20.045012
8.63,3.7227066
0.017,0.41536206
0.284,2.8734813
0.47,104.0088
41.077,201.38303
11.53,52.65487
139.88,0.22418982
71.003,34.833427
60.923,49.07987
28.424000000000003,132.95273
9.653,22.517675
0.627,0.00033346744
9.81,39.052578
201.82,149.28038
40.037,135.89378
10.013,81.387566
47.987,23.896059
160.713,64.24005
0.45299999999999996,1.7455949
1.52,0.056284774
49.82300000000001,0.06431366
319.61,269.2727
1007.7029999999999,11022.99
21.033,282.5449
0.064,0.18118462
0.123,52.291317
21.273,0.94175345
19.824,0.31081015
10.34,0.40559447
243.45000000000002,238.31557
20.286,984.86694
19.67,472.07285
449.9940000000001,65.87957
0.156,0.00023485189
70.044,66.54084
10.6,0.0006297862
60.11699999999999,59.987633
21.767,36.882236
32.49,25.987179
149.33,1.8300033
20.317,49.25261
29.863,4.0957985
19.61,45.284393
9.984,206.53949
65.233,28.876299
9.296,121.138954
49.92400000000001,0.00069051574
90.07,2062.0757
519.71,1726.4496
600.063,362.45694
9.907,0.026809856
69.664,16.739567
139.56,516.26105
0.063,0.05958063
71.22,69.17392
22.203,390.3795
10.4,22.848856
39.473,64.11946
49.76700000000001,107.94628
20.26,0.45163187
0.03,26.326056
10.123,0.77052414
0.657,44.1124
49.92,5.836559
360.067,480.53235
8.993,106.82708
0.563,0.043848682
0.064,0.00034671422
8381.413,2666.0374
40.237,890.28644
78.854,50.61393
9.03,0.021020751
9.36,88.0898
90.183,29.817049
0.236,108.99426
10.294,42.76272
99.50299999999999,82.977905
0.156,529.81854
100.53,7.914777
0.703,0.009600678
40.2,122.96208
10.367,4.0991355e-05
199.03,874.7302
39.773,41.103596
19.006,24.716682
10.137,39.745956
7.743999999999999,0.0037195734
19.833,65.76027
20.66,0.044596665
18.907,121.59394
27.67,58.02221
50.67,0.0008912465
49.503,222.96129
9.457,0.07456547
379.684,275.06677
0.046,0.00032507046
0.203,39.466515
48.527,92.427345
9.823,0.04027082
421.833,52.58414
19.753,10.132526
18.58,25.987179
0.643,48.791645
19.97,82.31314
78.77,113.897644
19.527,28.673073
30.247,40.981102
59.61300000000001,20.408588
8.963,35.053104
19.73,0.0062973504
449.636,2075.937
19.243,0.009384247
9.173,216.59113
39.906,78.71608
19.937,0.6204002
80.687,412.6685
0.147,50.182438
29.08,1759.0968
0.046,2.5624213e-05
19.54,61.00345
118.91,321.84552
320.307,1.0247217
310.126,1483.9291
50.416999999999994,61.103416
110.02,1502.5569
30.846,105.007195
60.36,0.012875613
0.03,2.5955794
30.52,31.410576
2629.56,460.26273
79.727,67.51688
40.24,286.9383
59.537,16.506886
2499.857,891.31433
9.61,89.77012
29.104,147.64787
18.38,49.434242
9.38,159.8154
32.453,94.83064
100.3,372.96194
1282.57,764.2886
11.373,0.017466344
30.466,0.012394213
779.883,79.23103
40.886,0.054141346
49.71300000000001,19.845938
9.017,0.005703926
9.694,0.0960217
20.7,44.904034
4537.57,1029.9492
30.443,22.201843
100.43700000000001,0.00018089685
22.803,0.013857636
0.106,28.141512
11.73,0.083156265
69.447,40.09583
8.78,0.023717554
20.367,62.056553
2062.303,1930.7834
469.793,27.017418
149.977,29.407972
565.1,34.15183
4308.25,1563.8728
19.57,58.378857
9.937,20.734856
19.55,135.26614
239.676,140.57838
30.77,91.75983
61.166999999999994,0.5256031
80.31,58.546196
18.99,46.286648
9.81,16.82744
33.554,0.0006566754
99.316,1335.0499
570.05,3332.438
441.20400000000006,1692.9725
0.08,6.9732214e-06
0.39,474.58017
104.69299999999998,0.008101022
3.44,51.359478
9.377,7.42976
19.744,591.84644
10.49,24.795021
21.067,0.00055907934
28.826000000000004,0.07824251
9.59,0.99834
130.264,239.62378
0.8000000000000002,302.71118
9.563,42.893414
89.847,0.37068346
220.033,808.34753
40.007,17.735405
20.263,168.99437
10.21,60.069862
27.802999999999997,118.408
10.55,0.00592275
9.964,0.011031204
8.737,299.0717
10.73,39.46403
10.253,36.61827
0.157,0.0038572606
9.217,0.089880675
9.5,0.3122266
1.926,0.0025139158
9.417,24.250587
10.85,198.99509
0.046,42.76272
49.16,431.86377
18.874,90.245155
109.597,0.013381331
60.053,116.640495
9.916,0.0045532677
99.857,153.3018
0.046,219.92093
80.347,522.4646
0.03,0.017786328
49.18,126.81935
30.21,80.811676
10.033,0.01792721
0.0,36.32655
129.416,15.023698
80.846,0.1045046
210.36,399.46112
0.093,175.32501
240.027,95.05569
0.25,0.3349804
0.123,0.044319592
29.087,24.320126
99.993,0.0076263146
379.376,1391.1119
60.71999999999999,30.950653
99.947,770.28503
17002.15,413.98633
69.183,0.46129188
0.313,0.20433779
219.87,192.47466
250.06700000000004,26.77639
21.02,83.36028
9.5,91.52221
29.183000000000003,48.792667
29.213000000000005,4.3646946e-06
0.10999999999999999,27.16946
9.963,26.98526
2533.917,630.9858
8.847,1.4686794
9.95,22.55852
9.93,27.97738
0.187,2.565503
9.976,57.502293
11.167,135.888
0.063,389.50766
30.459999999999997,0.001020518
19.677,40.981102
20.406,155.84198
51.01,38.83714
479.85999999999996,330.9545
0.21999999999999997,1.7798795e-05
9.704,30.870644
0.623,92.288376
0.313,71.91002
9.867,155.73047
50.343,289.93878
3.033,0.0013760497
10.253,1.3832022
2.004,81.537964
119.81300000000002,16.440172
209.48700000000002,0.8164158
19.803,56.925663
11.497,0.0124004455
9.89,41.49181
20.163,326.02423
70.173,0.035148896
19.533,22.424805
30.087,28.03346
219.754,4.4407434
9.874,30.028147
20.04,29.186136
40.92,0.0013949949
10.133,38.525272
0.127,0.0034816025
89.416,120.02088
0.0,106.92932
100.7,128.59459
0.114,0.0044873557
9.987,25.17247
22.13,105.76983
0.077,0.032716077
9.33,70.70552
1.5629999999999997,258.0551
50.023,139.06644
19.593,74.91777
40.277,23.65978
0.343,64.64586
0.047,0.067214385
0.174,0.0049200375
15.687,247.83311
10.267,86.35123
29.86,59.982292
19.453,0.3526956
1081.717,580.8145
9.286,22.96523
1.096,68.60307
130.267,26.719765
90.073,1949.0789
10.89,80.69026
418.797,25.200798
9.7,0.57095486
0.42299999999999993,0.00033346744
39.607,15.425389
0.8129999999999998,1.00391e-05
0.017,0.24754156
0.077,0.00075565575
9.053,72.008644
58.373,1.7668817
249.96599999999998,43.927975
29.89,0.1308009
40.15,417.92343
6919.747,1616.0364
10.143,0.004771948
3071.044,942.04987
10.623,0.014276816
11.92,0.021860998
20.97,34.10868
349.69,678.875
119.936,38.024742
10.277,653.41644
30.107,347.14148
49.093,0.052485295
19.676,0.048524167
9.41,337.83127
0.21999999999999997,0.0021835985
9.713,85.24918
10.483,0.00027177646
40.16,26.766169
69.487,57.920654
62.97,122.62504
16.277,185.43086
19.69,0.002655518
39.09,0.11790982
60.097,26.87395
79.333,10.458159
9.127,0.52216923
49.866,460.47638
9.477,0.0017340739
0.08,356.63376
4.717,254.65407
19.807,0.317862
19.907,97.10738
19.59,41.32663
71.013,0.001837341
169.787,118.130295
1.41,72.83744
80.65,18.59015
9.957,84.62744
50.934,81.82779
19.713,22.570156
7.546,52.301304
20.173,0.32048848
59.970000000000006,214.03728
331.2,428.9103
19.993,58.213585
28.837,37.887783
9.013,255.04077
19.977,68.84122
270.58,766.4889
0.046,400.83344
290.62,276.14154
0.92,85.47819
1399.18,788.7284
68.497,75.86467
19.897,46.576485
9.277,0.13956188
10.273,0.05670793
30.58,40.206642
4722.957,283.89926
39.693,180.1864
34.173,63.736362
10.327,0.0034638974
23.887,29.609169
0.077,46.757317
45.327,250.65471
93.99,177.72467
0.58,103.03377
20.077,1.5028132
0.517,85.18416
39.377,31.089535
50.34000000000001,242.07442
28.177,53.976402
59.949999999999996,88.745255
0.14,41.121243
0.14,28.949543
19.68,128.64102
51.54999999999999,20.823618
2379.85,188.1629
80.116,387.874
19.887,168.25554
10.42,176.60402
0.127,12.192224
219.997,0.07500973
21.157,62.43952
0.217,111.54673
0.33,0.0019898396
49.95300000000001,0.37068346
10.103,0.011552084
129.423,997.2757
100.02999999999999,24.648895
90.34,0.0023167403
10.243,46.13397
50.416999999999994,1.2393538
159.754,386.17685
49.197,15.783522
0.406,0.0256737
30.309999999999995,0.0034319889
180.404,270.84308
539.6,373.43668
20.077,0.024611887
9.136,108.49767
18.974,631.74335
9.544,51.470654
19.067,0.52087826
9.64,0.00029007482
59.919999999999995,170.07182
0.753,0.8090559
9.98,1.5661317
60.306999999999995,15.331732
0.593,0.5162513
9.86,95.72769
8.83,44.386673
50.46,1.2208104
0.624,0.009035241
39.767,0.044299897
10.23,4.6112113
39.574,29.600122
20.32,55.966255
30.013,0.08208304
79.783,65.81748
130.4,245.64313
6.86,0.69777125
0.093,0.0010321675
8.566,75.89647
20.527,23.289255
99.133,44.70901
10.19,7.738404e-06
1.893,179.30295
20.237,19.853146
29.602999999999998,63.95771
9.594,0.1566231
50.29,17.042408
9.343,0.003980812
360.227,533.75977
9.07,24.795021
11.07,47.23343
149.937,88.26755
60.973,43.359287
78.993,853.0462
9.814,68.60598
0.513,140.90605
0.093,0.001402184
20.51,41.209076
49.86999999999999,104.093666
216.313,1417.171
8.907,121.02099
10.164,29.36193
9.597,0.025831517
49.797,0.61349815
8.397,138.60582
8.827,0.0024151201
40.133,7.101442
0.077,80.84345
9.593,4.2750807
86.03,0.03015695
39.264,484.0472
19.82,3.3409643
19.697,118.45184
6.317,89.17334
0.107,8.123321
0.8770000000000001,151.47224
51.019999999999996,0.01709467
0.264,0.91327894
70.323,0.6841245
69.626,461.50558
17.75,53.96504
0.123,0.47370726
30.357000000000003,31.989347
18.794,1.5720888
230.247,23.547647
9.98,0.021249318
0.69,0.0007592502
9.963,5.3751533e-06
8.924,2.2468932
49.923,31.157465
80.19,0.3523873
1181.807,64.22083
21.02,870.66785
60.583,1.7168933
19.826,131.0223
8.334,1.1054968
29.092999999999996,113.321785
10.796,154.70555
10.783,133.05363
10.423,0.036529105
68.25,45.234135
19.924,27.448145
69.007,36.11009
20.366,29.07596
519.973,162.54582
19.666,31.953262
9.767,0.092808366
48.726,0.0014420106
11.83,149.52992
30.184,70.92733
60.964,542.6095
28.569999999999997,42.15981
29.663000000000004,49.591274
9.89,81.927895
20.267,0.00033143704
29.936,48.414997
0.407,0.118049785
0.593,112.37986
18.73,0.018630527
0.393,0.0027237912
89.773,847.90826
10.42,37.674587
0.9359999999999999,0.5344446
9.14,33.41595
0.3,95.65475
30.203,148.70851
0.676,218.46912
70.173,39.858986
30.020000000000003,1588.5757
1.52,48.848312
0.033,0.016369617
10.586,159.54854
10.25,390.43085
28.72,30.410433
10.936,27.932688
19.8,53.067493
19.093,305.5129
9.983,252.53883
9.447,0.6478567
30.346999999999998,0.0026432688
0.657,96.746254
280.204,88.03723
59.203,30.039473
410.737,127.91661
1.613,192.99164
20.876,27.675013
1811.98,91.65171
19.73,98.43635
7.242999999999999,98.07863
29.814000000000004,398.3888
29.747,28.806814
0.5,0.0027175276
10.467,0.027239349
4.823,2.2128363
0.263,0.23675928
10.127,36.446415
8.62,0.009068122
339.86,192.62628
776.81,776.11584
18.596,156.42351
0.187,0.010390456
190.75,393.243
10.166,5.2600594
730.14,941.94275
0.58,121.79722
8018.274,5772.055
19.973,6.598638
809.973,191.06119
19.903,449.15613
230.88300000000004,31.512978
9.48,24.97196
28.92,58.75348
19.22,41.076477
9.773,0.06558759
19.4,0.15024108
230.594,631.34357
19.466,36.4886
299.983,492.1434
220.43,192.981
14.549999999999999,73.93521
29.754,49.692657
50.193,509.02087
0.123,0.0029217945
29.767,77.40648
19.22,0.0844827
78.106,94.40818
10.5,76.618576
70.097,0.072086096
8.87,138.68835
21.204,51.83129
9.936,29.177
19.977,25.240894
89.734,0.012208567
8.937,0.28214845
190.294,61.016266
170.3,546.03906
57.66,75.12062
0.03,0.03396711
240.18399999999997,28.325272
389.954,399.60593
0.237,0.001955716
0.687,0.00166571
18.763,77.13446
2.033,0.2856878
78.173,20.318232
30.007000000000005,24.42291
89.203,46.992085
0.516,0.34490153
18.717,252.88593
0.097,0.1914881
0.017,150.51772
60.013,0.0005926267
14.556,220.86238
20.0,80.66307
41.684,218.74344
9.803,1.5661317
239.68600000000004,5.1899076
2.534,0.052060913
221.04600000000002,255.47865
401.207,116.159
9.96,0.98489195
0.533,4.660968
17960.75,2412.428
8.997,0.0789879
870.44,1221.6063
19.81,0.15088348
749.174,712.2597
0.21999999999999997,0.18681751
201.70400000000004,124.20875
3530.487,1582.4952
9.49,0.04408134
40.274,0.4061925
5.944,0.008658656
11.017,0.00037754665
229.10999999999999,33.0337
20.08,0.0087395515
30.154,2.861294
3070.237,2347.3337
0.17,51.14807
0.127,197.49115
1410.007,4206.2744
19.843,41.903202
1079.24,56.448734
9.2,37.953934
100.02999999999999,25.957205
9.84,0.105683334
360.254,847.8288
89.88,203.96683
458.53,113.59724
11.267,25.83344
19.803,4.022131
20.95,26.333597
0.114,0.31271324
19.43,7.350304
90.247,16.367998
28.227,7.3458696e-06
150.296,17.023603
19.967,47.740932
30.167,3.5849395
10.367,24.614286
133.46,337.46777
20.043,472.00198
0.19,21.627016
0.0,20.622356
299.367,765.85846
0.034,0.0025139158
19.87,503.06927
18.58,0.5787355
50.543000000000006,681.19934
0.10999999999999999,0.7518653
0.063,0.00031728295
19.8,75.536804
11.5,280.6857
13.243,0.01442952
228.133,541.2702
29.563000000000002,130.15508
1180.04,171.27551
19.753,4.399467
69.76,73.43347
0.28,78.73452
19.936,0.3789119
30.216999999999995,0.007674124
379.96,20.21277
151.234,388.35135
9.96,0.029002905
260.467,48.87635
49.506,60.946995
0.157,48.15512
10.463,0.042571727
99.354,235.43971
10.694,4.8598485
46.383,935.7142
79.22,35.989532
29.747,0.16697404
9.273,159.02473
10.764,22.22361
10.71,65.76409
11.373,0.45221618
9.92,1020.1283
11.603,0.004388802
0.237,154.62228
9.99,101.69106
199.024,7.1029596
19.806,39.81028
80.273,0.00024584634
30.024,0.01291377
492.5299999999999,1575.8146
9.503,4.298078
0.42,0.405827
19.4,86.45273
3744.923,198.58994
29.913,240.91718
1030.057,592.6551
0.674,0.020634174
31.17,0.07749559
19.734,0.674763
38.68,49.207417
9.44,42.76272
249.556,9.104533
1.436,0.8247933
30.329999999999995,9.611741
29.564,36.82475
10.81,0.19442439
40.323,39.093903
179.977,0.037098162
9.887,0.003907302
19.834,10.336078
131.016,23.163336
10.357,0.1583693
30.413,13.409004
9.307,0.071385354
9.92,10.742773
100.24,4.799852
199.80999999999997,79.51508
39.487,0.113757044
0.173,44.980816
19.043,69.15205
29.893,1.5209202
109.98,56.894577
0.093,283.83856
19.54,108.299614
0.174,1.9523587
429.967,148.76033
11.153,24.97674
10.257,0.30953136
9.503,8.32765e-05
61.254,80.20894
10.543,0.009347358
0.8770000000000001,0.0032208841
29.826,0.0005404703
98.887,1.7757057
0.144,5.710593
3210.2930000000006,858.6789
18.96,0.0006555477
12.2,0.0061601778
11.204,0.15157199
30.173,0.0025205703
531.06,81.59444
352.076,444.0568
0.203,44.890064
20.253,0.20979644
30.437000000000005,12.996461
11251.303,5.372916
199.527,2.9911683
280.204,262.23346
197.5,34.128857
9.453,21.9885
140.146,83.367195
10.053,0.0024905063
659.937,704.9015
121.26,0.047744453
69.84,306.92612
99.9,766.7817
10.01,0.50968057
19.8,0.013491078
9.967,0.0016633634
9.243,0.22915591
88.397,263.57114
20.064,148.2187
127.917,105.467
110.23,567.3355
10.28,0.028354242
20.926,56.26025
19.51,184.24666
80.114,384.54657
0.077,11.2932005
0.123,0.16909783
0.424,0.4789694
101.29599999999999,620.2572
150.46,287.82144
10.096,96.975204
10.637,51.423233
0.203,4.963164
38.403,111.84533
18.984,77.318146
20.997,24.413437
19.24,0.38784638
139.034,27.433823
60.407,63.384743
10.017,1.2481418
479.2370000000001,394.12817
187.207,201.86343
10.976,1.8257307
9.617,0.00035125244
39.426,0.7221326
0.126,0.0008136405
18.62,78.82622
31.633,338.168
40.017,104.20715
329.883,59.145992
17.613,48.89535
30.047,63.847816
10.866,25.460619
18.517,99.52892
21.697,24.250587
7.91,32.245674
0.097,257.51953
30.063000000000002,819.69495
24.953,249.49731
9000.737,4075.4731
10.497,0.0075634304
0.153,0.006949126
39.853,355.91846
69.964,0.7316815
9.66,40.26623
0.254,108.49767
20.16,1.7578986
10.13,4.232303
10.02,1102.4757
10.22,0.41075802
20.534,19.138155
100.573,53.78794
0.21999999999999997,0.0136004705
559.607,103.84741
2679.733,4855.604
49.183,26.709185
9.816,0.001467255
9.903,3.4050713
19.82,48.951935
20.03,456.8234
5.723,0.22543247
131.01,0.07170391
8.883,0.0012785965
9.396,0.065927096
90.866,432.8725
20.036,125.22466
240.107,187.54318
15.899999999999999,99.90973
19.733,90.60357
18.683,65.47805
19.807,0.051736522
9.147,0.08302336
0.47,0.33098555
19.507,174.77219
9.83,85.16166
1259.846,5169.166
9.657,0.071082085
39.33,24.138453
99.304,239.75368
0.093,75.55006
2280.416,3631.1946
9.577,53.534016
23.304,0.022802405
199.77999999999997,63.63557
0.474,0.00020626467
9.886,160.25471
29.877000000000002,21.188631
0.186,36.4886
60.36,45.859337
9.087,0.0008458939
10.293,0.00036528584
340.087,689.3621
0.4570000000000001,130.68393
0.064,0.027346764
1.093,522.7837
29.399999999999995,47.98578
3.83,83.94657
270.02,4.455942
879.507,956.6761
19.697,41.073975
19.714,20.75278
659.987,35.445435
11.374,51.24809
0.03,0.059596367
119.863,99.84174
66.61,194.13103
9.916,0.0026814602
40.087,22.143793
6819.303999999999,6192.4067
12251.087,2861.62
19.03,39.310608
0.57,0.010170634
10.177,0.00073965196
60.019999999999996,762.4085
10.437,96.70324
0.063,0.34661323
1781.044,1334.7761
178.64,0.050991148
19.894,53.539856
20.006,12.623088
21.61,214.47284
18.65,0.68077075
908.51,197.75032
105.98,288.17944
7.997,0.45221618
80.2,402.1742
69.97,86.33774
19.23,5.951366e-05
290.403,966.9109
240.71299999999997,2870.41
11.394,297.788
39.69,31.966352
20.064,94.954
1849.727,355.8829
9.964,0.7625838
239.92999999999998,1478.6566
40.207,36.073975
259.18,753.46344
160.72,64.56156
9.024,48.56701
40.316,0.03723047
51.53,48.765102
1919.8230000000003,704.5522
20.537,89.778824
29.74,3.1379082
11.113,64.27344
9.5,0.57095486
9.99,66.22812
9.553,143.87222
27.407,89.39093
0.533,0.013252122
19.19,28.104881
208.90300000000002,187.3837
28.483,32.784702
40.636,39.844856
9.993,0.3928267
9.687,1.5098792
176.683,14.011909
8.493,105.41284
89.98,0.5611224
18.8,51.77131
119.59,533.58264
401.5400000000001,146.5155
120.99,15.193452
180.847,122.490135
29.61,24.140226
0.063,9.0531066e-05
18.737,66.65911
40.956,299.6396
380.18,277.91714
2551.094,323.8012
40.563,0.68438095
19.797,24.226883
117.13,47.69077
39.52,67.81915
11.217,41.68905
18.297,102.226906
20.1,68.20345
8.91,0.0013783455
1458.58,42.31815
39.893,580.1166
20.267,166.15802
19.647,3.026907
22.264,68.60793
7.963,16.961397
50.687,4.7064304
10.673,0.0019539222
19.47,56.673233
29.034,39.081352
0.52,206.3217
18.656,25.17247
470.486,851.1273
36.31,130.63312
29.153000000000002,0.34729484
30.384,47.534172
109.706,177.23982
9.176,59.103065
40.05,36.625896
8.86,79.23247
10.493,0.074559145
19.37,271.59506
10.19,120.21071
0.173,57.65562
140.346,56.123985
10.676,57.18734
0.013000000000000001,0.34284958
70.297,6.6296124
50.17000000000001,111.55999
0.48599999999999993,0.0016280022
20.247,0.008317195
69.904,20.851526
0.43999999999999995,0.009048831
20.4,75.0303
11.703,0.8726137
20.173,97.705315
139.943,102.24197
20.13,199.34007
449.85699999999997,480.93567
10.827,85.18408
0.694,0.52216923
26.819999999999997,23.702705
9.8,56.72964
20.477,46.346264
0.767,0.00029007482
639.906,888.3949
0.8470000000000001,133.73724
10.293,1.2217257
99.137,30.570295
8.86,0.16386946
39.17,105.762764
430.48299999999995,84.75702
9.417,96.37785
10.43,138.60582
9.847,209.39713
148.407,169.02495
19.254,92.318504
46.923,261.55936
0.487,0.009347358
270.51,309.34705
341.436,866.1507
10.327,50.22985
20.36,301.27856
9.85,0.009035241
20.207,0.0037824598
28.483,128.06522
20.207,977.67303
9.867,0.020818397
10.067,63.884415
5478.53,851.2312
0.313,46.55277
10.524,0.7221326
58.333,3303.0337
90.26,48.03669
12.924,539.8986
1418.44,641.25385
29.84,0.036529105
9.25,6.175626
27.757000000000005,52.960552
10.217,0.023735113
39.796,23.879368
20.677,1952.704
190.533,0.7380062
365.37,1103.7054
30.843,0.04576902
68.84,158.10771
29.42,0.7452833
2.853,165.78616
60.327000000000005,404.54428
0.203,0.049718637
39.147,0.0023363677
0.344,0.68077075
29.922999999999995,95.901024
89.714,133.23055
89.263,22.39725
10.486,47.499805
9.38,83.541374
428.794,208.6299
1060.073,0.5360007
10.14,0.2550184
10.013,0.0223467
9.376,0.09802982
10.067,37.029747
159.877,1060.1062
1.14,35.644615
120.03000000000002,105.05932
0.406,0.0090141455
71.127,0.00016299334
9.643,54.82967
18.886,51.200603
9.66,0.00021774882
90.293,95.27821
1.11,0.024691302
310.164,206.27919
679.874,708.5665
19.71,0.1381389
179.39,192.82019
10.113,137.50151
19.474,55.213345
8.997,0.13380268
779.603,39.74319
49.063,34.744545
23.813,0.045055922
8.993,0.0007449911
19.947,78.18469
19.52,0.0008713799
1029.176,247.92032
18.4,50.74243
20.19,20.054588
19.693,0.101987116
19.903,29.397366
20.73,267.49106
2500.747,1904.4001
20.017,63.48715
10.51,0.0010052273
70.2,34.614887
559.974,53.01292
0.25,0.0032208841
20.25,1.6445566
9.72,0.0005321885
730.743,595.5324
1.063,0.053989545
59.88400000000001,352.5452
0.187,0.0027237912
369.073,1525.9779
8.95,56.24886
509.9100000000001,38.36457
19.23,0.0033004356
9.337,0.0003363009
0.013000000000000001,0.06327167
9.71,16.282518
12.376,44.022186
49.487,0.36682847
21.11,43.09341
9.3,0.002925263
19.914,0.020544147
39.86,0.18681751
0.19,44.71487
829.7860000000001,1744.6469
20.147,2.5571399
0.14,143.54123
0.4570000000000001,32.70325
73.614,578.0127
0.17,0.0021176557
29.21,0.00044212997
970.13,5.430673
11.657,21.5885
9.64,0.0004365608
19.496,0.02021835
29.86,0.0060808714
141.387,58.86762
29.833,706.0157
40.267,104.09722
290.437,52.053364
179.086,105.12462
79.156,31.673468
0.017,0.016912503
1009.9670000000001,1225.0837
9.464,0.5769319
30.296999999999997,127.657326
9.83,42.503113
39.32,110.792816
50.013,23.167274
99.93299999999999,39.284172
20.77,71.16299
29.970000000000002,254.06912
0.05000000000000001,6.598638
20.14,167.09003
19.747,0.0012892786
0.426,0.026268298
8.963,108.49767
0.25,73.51909
100.613,1.1706475
20.193,163.32573
10.187,0.00069901923
10.183,0.0028665557
52.07,43.823265
8.873,738.3236
50.16,84.92919
89.834,129.3587
69.93,21.096537
0.94,131.76576
30.333,0.00276698
230.094,1.0614378
9.286,49.12125
298.91,637.1202
10.483,0.8514933
19.13,0.0005509252
9.416,0.02021835
0.013000000000000001,0.00022919117
9.993,2.6105776
40.39,0.00033239237
10.08,55.193844
199.70000000000002,467.84525
29.886999999999997,16.367998
40.563,23.031055
29.826,0.018522654
260.37,462.51785
9.76,85.727394
10.36,66.9278
830.123,516.0606
1550.053,68.61758
31.4,69.615875
9.91,66.23964
50.244,145.63286
20.557,0.31081015
29.596,39.598274
19.967,6.1106057
951.81,1829.3134
9.266,29.543304
0.10999999999999999,7.335034
611.117,638.6793
89.684,76.54526
18.183,43.9581
159.846,0.030136855
28.569999999999997,0.040719535
0.093,0.001705969
9.84,1.6453159
70.77,43.765152
0.0,50.002228
640.03,42.1793
19.387,0.0006546419
19.854,65.52531
19.56,100.26849
180.267,25.767704
39.877,0.24793962
19.377,0.38413483
0.21999999999999997,34.15183
11.64,19.421425
90.097,2108.0256
140.323,1126.8414
0.8199999999999998,32.903206
10.39,0.9533342
0.03,0.98158765
9.4,62.265793
9.697,62.675907
19.043,0.00084933284
30.466,341.71863
29.496,35.616604
20.623,135.1355
80.03,461.01733
9.384,0.3928267
189.913,125.07902
79.58,973.7436
0.187,85.75985
90.163,27.360365
48.793,0.00015619464
66.35,44.2994
10.486,0.00031429064
20.193,133.31483
11800.063,228.99004
0.49000000000000005,3.3149667
9.424,85.87474
59.88,46.186325
19.89,34.297844
10.953,104.29333
4788.743,103.78027
49.547,0.49987882
9.637,87.034706
9.034,146.9214
0.47,0.00032492663
9.633,0.5465676
20.26,68.75697
31.263,0.37825555
19.67,57.438328
19.96,221.85864
1.143,31.708153
89.86,93.97395
19.63,0.059065912
19.33,55.58788
19.86,179.52562
199.853,144.59886
30.16,135.47115
0.21999999999999997,60.818428
600.957,233.51662
29.74,0.6774943
44.26,108.54057
19.85,0.88813037
450.17999999999995,25.09567
19.896,28.602808
351.18,1213.9305
19.297,52.771122
50.896,131.27692
924.66,598.1066
20.723,30.013538
10.154,44.585064
19.367,208.79619
29.909999999999997,39.64431
120.346,224.77036
9.34,0.03901921
6215.267,3530.1538
259.837,1.0748183
29.954,169.90073
69.1,203.39706
18.89,114.62697
10.464,65.956795
59.59,0.17341155
10.55,0.040892906
20.217,49.927517
10.11,116.34501
9.703,0.036922038
0.753,0.19551419
50.197,33.550102
80.2,112.13273
0.7839999999999999,46.915718
1.033,1.2363174e-05
0.017,0.0042546815
78.526,17.096687
20.127,108.38592
59.910000000000004,86.8917
9.6,82.912186
119.94000000000001,167.93661
9.574,144.36926
200.6,6.052384
10.04,0.1027105
109.37000000000002,131.35428
19.23,778.73
69.444,0.011946611
20.113,252.17076
19.066,35.85173
1335.52,1598.9733
20.74,740.6142
19.904,16.526491
29.914000000000005,35.989532
40.01,0.9219344
59.973,23.17853
139.46,37.243183
18.47,17.412804
0.83,0.00025387976
0.36,44.980816
0.077,0.01572828
29.520000000000003,370.25488
0.016,0.65232044
30.419999999999998,2.1941178e-05
319.08,18.975594
0.19,9.820683e-05
270.653,257.4962
9.9,76.91752
39.453,483.02634
149.79,45.189503
10.29,0.00046585602
2216.107,933.0634
120.627,89.850655
0.076,8.5087435e-05
18.044,40.080883
19.96,23.167274
19.16,0.0013783455
48.92,2.2006853
190.476,722.0202
0.013000000000000001,7.273223e-05
1.24,56.938244
8.867,148.16057
29.306999999999995,38.64597
9.687,71.55521
300.283,50.86762
9.573,0.0074245017
0.10999999999999999,414.67648
70.11,418.3284
10.89,96.96834
256.743,76.96449
80.086,17.47126
0.187,21.503395
60.05,46.9721
79.71,101.79159
10.703,8.290679
40.0,480.90744
81.117,161.65291
10.944,77.54409
39.377,100.45965
11.257,1.4988228
0.047,0.7329855
13.563000000000002,64.94496
130.39,41.219086
170.616,195.49318
0.513,38.338894
10.163,2.0164828
4043.106,967.04553
0.436,0.050069366
7.593000000000001,0.11358055
400.037,0.4629423
29.836999999999996,97.10738
9.803,756.8508
30.216999999999995,37.854313
70.584,75.91002
239.967,135.51714
10.986,856.8641
30.28,146.93327
39.797,39.51647
19.837,66.01746
20.397,0.0024537144
70.137,23.780535
208.926,0.24111621
70.827,35.84051
230.18,0.62626857
39.604,46.009895
20.063,115.58047
3211.37,871.44617
8.227,28.648489
569.643,165.48889
494.843,233.57295
21.18,113.05269
1320.87,1425.4823
0.094,0.604585
9.026,0.0020202578
0.373,0.8497216
19.413,593.0694
155.23,55.07487
0.25,8.246841
10.59,30.14157
2547.75,113.29925
0.14,19.691002
31.07,52.90115
19.907,0.4391165
9.837,22.97652
19.883,32.60922
90.077,49.61833
10.723,0.00038624794
6.817,67.85517
1.0,68.20345
128.936,13.944487
60.33299999999999,27.742851
40.14,107.84993
19.977,61.274883
169.617,464.35126
9.07,60.652187
20.387,230.3639
16.614,37.908817
20.32,0.000271905
92.433,57.544018
36.313,15.0230665
89.596,53.926567
34.964,20.496298
9.76,20.90325
139.08,94.4174
10.6,69.18492
10.364,181.88055
0.694,114.81783
0.033,7.42976
0.14,0.011892581
19.793,0.24880563
9.987,303.58057
159.973,274.08475
109.883,503.90402
2.1,88.80374
9.23,0.0007163703
2.1,222.45908
9.686,38.489315
10.97,28.550652
340.1,728.83417
3199.8260000000005,274.99423
0.9870000000000001,121.41506
0.173,43.66766
0.657,255.7399
100.817,1040.0635
40.3,4.66324
110.113,0.64103734
0.267,0.16859382
9.97,58.697704
43.264,0.019282626
7631.067000000001,385.2622
1.017,0.0015999372
0.53,0.004548459
1011.0170000000002,794.0639
8.903,1.0877002
9.927,0.19979039
30.072999999999997,409.04654
10.193,162.91246
3.797,0.023563098
18.64,0.010170634
39.417,145.88808
9.997,67.0139
18.717,28.089151
170.7,1086.5863
32.123,0.124627836
37.584,0.034934983
59.823,31.284798
70.93,144.03986
80.063,106.26414
10.083,0.0013976715
185.196,115.62727
18.796,77.94898
109.034,0.0040156012
9.01,0.007515558
0.266,3.1937661e-06
10.597,116.22198
469.89400000000006,277.66336
10.02,1.8961735
8.98,1.3178096
8.993,247.42587
29.71,0.0008821208
270.037,560.28204
19.963,30.211306
147.713,166.82832
8.9,0.033721842
41.077,40.479942
51.344,22.051065
50.23,206.60371
39.864,19.470049
9.594,1.0176389
0.43999999999999995,0.0013633297
61.117000000000004,126.1788
19.836,92.97835
18.914,82.7609
28.77,109.21608
870.8699999999999,298.7546
0.373,0.40559447
39.79,0.88527626
90.97,397.3693
600.8,194.47539
20.024,0.00046184115
992.2570000000001,41.684082
10.257,26.771809
39.333,207.5858
299.827,524.07263
0.597,982.8492
9.957,0.30397704
20.01,33.65268
8.783,76.375786
20.717,477.7705
0.9540000000000001,0.032601397
10.927,88.5474
0.253,3.7809298
10.897,73.233986
0.097,2.8899062
29.777,134.0635
0.124,41.10355
0.06,0.00077475695
9.537,0.9082735
30.547,68.24352
10.734,64.48783
290.677,241.11003
40.23,36.61827
39.183,214.98555
9.373,284.94638
0.017,2.9531777
82.22,53.83666
39.41,140.16243
79.897,766.9999
9.967,110.77106
40.454,22.682064
20.294,100.94924
240.787,0.0
31.2,413.3637
419.72700000000003,560.8864
149.69,0.29598913
99.95699999999998,508.92264
70.06,226.84468
8.393,83.04218
19.853,0.0011414663
9.53,0.0023202118
9723.87,3203.764
50.17000000000001,0.76819104
19.82,711.2973
349.887,110.21289
20.093,71.40809
10.67,0.0054413853
9.257,0.00093348214
9.91,122.76465
560.003,327.7703
10.833,33.958347
19.787,109.49937
0.094,0.0063440306
50.847,36.708084
129.357,28.548449
19.54,0.0041999742
20.144,39.55174
9.704,60.652187
39.577,0.0006676796
21.093,0.00022690411
3.713,42.68076
19.97,25.662136
11.147,104.945496
0.0,50.320606
8.6,0.00017138047
267.9,1050.6483
59.98400000000001,0.06292501
47.763,25.765162
19.927,116.48975
1.63,96.49264
30.127,43.892487
20.477,468.5521
19.36,85.50236
129.65,436.15454
10.17,24.923563
80.21,48.54376
120.95,26.401167
7.863999999999999,234.81557
209.79700000000003,821.6226
20.664,66.23964
89.723,37.06972
39.61,0.0015585994
10.107,0.12643237
119.044,212.84473
30.67,1.3214895
39.92,219.72112
429.26000000000005,567.5076
9.286,0.0005304728
31.010000000000005,27.4421
10.077,0.0021189854
29.864000000000004,0.0008057103
50.41299999999999,0.19364242
240.083,50.672592
109.69,711.5475
10.113,39.52559
20.66,332.6469
0.297,0.00063693424
0.657,0.38784638
70.66,19.889671
9.66,0.43874818
9.877,43.285892
3523.0,1330.1158
20.14,84.61761
20.92,47.23343
19.594,545.9725
8.913,52.326904
1829.65,69.297455
198.94599999999997,164.57086
0.597,9.834879
19.04,148.91623
149.343,171.36475
89.237,37.387993
0.203,0.12828116
11.487,80.37866
18.13,308.54178
19.256,0.026824819
30.173999999999996,25.484367
9.87,47.704834
59.817,128.3639
29.979999999999997,228.9371
1.233,0.002080586
118.25000000000001,395.44986
249.924,390.31357
0.28,0.00035931612
52.287000000000006,2443.2988
50.083,524.82007
10.21,117.15694
0.193,2.1132176
30.177,99.85183
9.75,71.755104
9.74,84.60976
19.556,0.026529346
1.44,25.7568
29.92,0.08306788
26.763,410.3407
10.44,96.29844
20.643,0.0045678206
79.777,0.084507935
500.81700000000006,64.4661
0.013000000000000001,0.033276822
9.11,0.13275865
0.7960000000000002,118.91018
0.25,575.5898
19.827,287.71945
9.613,0.07456561
30.153,0.0016263078
19.75,48.21593
0.143,6.9732214e-06
0.406,0.58384216
8.793,178.94064
19.96,102.78795
9.793,26.112127
526.337,230.64217
59.77300000000001,168.00992
0.8129999999999998,370.25488
0.8799999999999999,36.621048
10.203,0.019233238
0.553,2.2468932
0.28,31.153236
0.06,0.00036048584
190.064,38.0666
140.69,605.45056
50.39,118.130295
81.11,0.049047153
0.577,22.570156
39.163,52.47647
69.984,247.15973
20.03,777.36
9.91,0.006568449
0.093,0.006321425
59.67,21.299
19.88,6.019168
249.78599999999997,282.86313
49.607,5.270392
39.826,1.1257381
0.047,1.3494881
19.63,47.35293
0.0,173.57956
0.8770000000000001,0.006321425
19.56,288.72937
209.733,28.577381
40.456,152.10042
19.114,93.24923
1.13,163.7847
10.016,0.0019653712
80.963,19.323132
0.21999999999999997,78.44089
1620.664,901.9133
9.203,131.37173
59.723,97.83126
0.657,0.07447379
160.047,345.86624
20.383,0.91523576
120.24,0.16104774
49.466,2.1169007
439.783,0.13348584
36.077,5.964966e-06
419.663,205.48082
657.55,156.18861
0.533,0.0075634304
24.836,269.8775
18.99,280.164
11.81,149.71602
9.333,32.214985
8.793,725.6337
9.37,776.5015
9.714,0.00030883137
21.12,51.80942
1.594,23.503677
60.017,45.558605
69.93,64.397026
20.16,2.1148968
9.8,20.461895
0.076,272.0997
9.89,0.014189019
80.0,1.4926339
50.364,62.221848
69.827,1390.2855
31.012999999999998,38.122963
39.103,584.72284
159.853,2638.87
90.34,700.0991
20.803,125.43314
9.69,0.0011104591
0.42299999999999993,1.0877002
89.87,177.42433
29.574,0.3904874
20.656,17.522396
300.01,377.21054
0.033,0.0006831378
1.483,28.49105
889.9359999999999,1618.4644
8.387,35.733707
49.843999999999994,29.64268
90.354,19.992437
40.613,628.04395
338.423,154.59528
60.084,19.641848
10.224,106.50543
360.77,130.72128
10.707,227.23245
430.77299999999997,161.70726
227.3,444.91565
7.633,48.408497
158.444,172.80879
19.72,0.45379084
50.129999999999995,0.032988336
0.8470000000000001,0.0013554709
9.994,60.255424
621.07,120.60548
9.55,99.79238
20.383,0.081505656
29.047000000000004,0.035223763
19.903,52.8648
10.044,25.662136
40.173,85.00029
9.213,39.46403
20.36,47.02368
9.833,5.1059957
60.153,460.00726
0.143,0.25176075
29.929999999999996,6.245906
79.83,28.435804
20.696,32.563713
0.577,5.3751533e-06
300.297,1333.3007
39.783,208.20917
499.52700000000004,23.397041
19.076,0.0067017637
10.487,0.007853922
20.12,62.863537
9.114,90.74919
19.073,253.50787
2.306,109.79387
49.983,26.555693
30.18,30.087381
145.523,882.2976
20.963,92.382034
18.956,794.11273
18.213,117.73442
0.314,0.0006623826
110.274,61.318882
4889.503,1525.8662
7.587,3.240321
19.36,111.89501
9.893,0.00021774882
0.5,0.054141346
0.33,145.80472
0.9359999999999999,35.8012
8.613,0.2856878
9.606,10.099626
12.800000000000002,303.5237
20.084,44.03189
19.353,0.00020626467
100.12300000000002,84.48382
0.86,41.77164
19.594,23.868465
39.55,222.85918
279.944,1200.5677
538.7,409.31445
19.086,23.162273
0.61,42.507446
120.443,73.945045
9.79,167.03555
10.307,8.593883e-05
39.79,0.0008821242
90.08,8.705405
1251.83,113.56368
0.767,0.0066609383
39.923,4.9815235
0.52,199.87523
0.064,3.3248127
59.184,113.7385
141.053,129.34117
9.776,49.603703
1114.28,91.376976
20.427,12.58371
359.374,193.0928
19.52,87.92964
0.606,0.59870225
9.91,0.05880288
2.517,33.41595
10.103,7.738404e-06
8.284,67.81205
20.16,30.130743
0.19,39.59831
349.58,863.83844
0.094,0.00023974583
0.407,81.194565
10.217,1.7869463
10.113,0.021883754
23.303,20.367481
100.563,0.011397991
60.133,3.6433563
360.503,168.72849
51.707,56.180874
89.913,5.301997
8.773,46.61495
5.083,89.88791
0.063,48.248127
78.406,38.593567
9.533,130.68393
510.57,99.06388
0.063,0.0027869004
8.056,218.04105
0.237,0.019087493
23.473,86.167435
9.79,1.2512499
19.86,36.055344
110.31600000000002,82.47678
300.67,7.818383
8.78,0.019820431
20.85,0.023435874
29.957000000000004,113.1343
0.046,36.956528
19.017,28.665802
20.587,35.287075
50.324,0.8458618
19.147,20.032356
10.907,0.06673515
159.75,225.91219
0.0,0.060851365
1.0,0.003039698
120.543,16.467405
19.54,94.13354
120.093,0.007864453
8.997,0.010173669
0.14,19.69898
39.93,554.30756
20.03,19.441591
0.14,2.545738
9.786,1088.8397
10.1,184.15413
479.82000000000005,3.9300752
90.043,184.81433
40.21,27.728485
20.003,0.001584017
119.927,53.982857
1060.033,1208.4048
19.397,589.22327
159.21,0.66841024
32062.317,218.01668
8.73,0.034375496
10.84,0.23141117
729.64,277.30862
10.53,0.027346764
18.96,53.96139
189.867,18.744226
0.23299999999999998,4.8598485
10.453,150.51772
27.47,51.313946
9.197,0.06682787
115.49400000000001,271.86676
10.383,8.587962
0.24,0.00078261364
9.977,263.4364
0.297,0.0022045984
149.92,54.05461
9.41,0.00068961683
1.843,56.55743
29.81,0.09807061
11.19,0.1888557
49.973,35.464813
10.573,66.489944
2794.764,1028.8021
19.84,37.191032
412.857,882.1218
0.113,0.007890649
31.033000000000005,1.0401846
20.026,0.034934983
709.367,812.0372
19.913,30.872051
19.157,50.635696
0.69,154.20947
70.577,115.190506
19.963,153.87993
0.704,0.69777125
9140.217,4983.4165
20.303,39.858986
80.304,0.9475679
130.24,52.29349
50.494,62.35201
9.6,39.767193
138.8,1442.581
1.6199999999999999,97.20898
0.097,96.337715
59.870000000000005,0.50056
29.893,81.87786
40.187,0.05297045
80.76,575.7312
199.59700000000004,447.98465
359.843,17.451866
8.69,0.0124111185
41.153,219.90332
50.324,0.007072723
8.924,0.02148131
8.9,40.27711
0.97,2.148264
19.03,145.89804
11.5,371.69623
38.89,29.480585
20.697,0.022451885
59.75,0.33369127
19.75,364.03146
30.030000000000005,21.772242
19.943,84.45856
79.31,176.90694
0.487,0.000111493675
9.433,2.7010994
9.84,0.020634174
0.063,0.14612363
179.773,510.22638
220.31699999999998,68.693
241.14,86.13786
38.89,132.11076
30.104,28.591347
3.33,55.73674
30.113000000000003,0.00021657125
20.723,482.55112
130.333,402.3436
979.5870000000001,45.122383
29.743,135.37189
10.387,0.000529038
28.217,30.403435
19.68,4.958845
9.196,0.0005366429
10.793,0.07456547
20.26,71.991745
468.803,286.48654
0.653,28.716854
69.006,0.0058179568
20.974,48.792667
0.14,0.73556954
0.9529999999999998,39.50371
9.214,0.0051329588
30.789999999999996,3.5908453
0.06,30.028147
1049.707,22.85378
5.22,40.7118
20.177,154.66747
0.21999999999999997,129.3587
20.247,120.78001
130.513,487.55655
0.483,4.958845
60.003,97.81157
18.77,0.022636592
129.46,138.34227
0.8170000000000001,51.810986
179.71,36.647682
9.397,0.57971597
20.246,52.610752
99.447,7.422022
20.953,166.1908
0.013000000000000001,0.0008095676
0.39399999999999996,25.019596
88.22,320.5441
450.144,266.9327
0.284,0.00043425875
0.253,29.864275
19.247,3.936037e-05
10.713,0.0040249717
50.283,0.013424584
12.24,0.00084933284
129.263,0.07240025
149.773,51.626026
10.007,60.748505
10.317,2.1919217e-05
0.8000000000000002,46.04647
10.03,0.008287574
9.344,1.0783819
9.846,0.12804112
20.053,48.324677
0.077,37.717422
8.63,0.1566231
50.22699999999999,257.5419
80.75,266.84918
9.863,527.64465
20.067,37.431053
19.877,0.0009108743
9.86,376.94174
480.0570000000001,2947.0774
0.8470000000000001,33.22383
529.84,240.07559
0.063,0.0018052435
0.157,0.023281408
0.326,1.0313305
0.173,0.0013554709
37.293,222.86629
10.1,1.0963145
49.54,3.6091359
330.45,527.2046
70.91,258.73578
1.047,17.130867
7.21,73.20679
169.887,215.29356
19.41,0.061644107
19.26,0.16768067
3251.0199999999995,303.02625
48.95,236.02007
69.93,0.001125913
18.93,1.3249408
1809.78,381.63354
0.157,24.614286
20.916,185.65797
50.44299999999999,118.65963
19.733,12.848034
80.137,24.415838
60.407,20.176779
19.13,97.20898
9.776,0.0041530863
7.7540000000000004,0.0035728924
79.823,32.104168
124.50599999999999,378.52164
0.36,81.0016
0.03,140.64366
0.626,0.0038241348
60.392999999999994,71.33983
950.877,642.8066
41.076,47.28863
669.846,136.29303
0.10999999999999999,3.169456
2002.057,1033.2284
0.187,0.0026167524
201.72,578.4313
0.893,27.66758
29.883,37.904957
49.617,0.0014788643
9.647,25.039625
19.603,123.69015
360.1,0.27912685
60.163,66.05404
90.967,51.75331
2849.937,1292.9747
0.08,8.249036
15552.85,31.370813
0.017,0.00029398658
129.09,91.40452
301.417,104.18345
10.55,1.0253152
30.113000000000003,3.349536
0.077,265.42844
9.85,0.01311727
0.14,18.499342
109.49700000000001,31.23409
0.23299999999999998,255.97963
7840.973000000001,2199.8772
0.487,0.032122023
0.157,0.07769592
101.007,562.5894
80.197,400.14343
1266.513,370.85583
128.91,0.9067736
9.53,117.869156
49.980000000000004,252.65115
20.67,0.0012972931
10.557,42.781982
20.386,175.56303
19.7,2.1919217e-05
0.767,0.382857
69.927,166.79057
29.950000000000003,125.38053
0.61,186.85013
29.203000000000003,3.9403532
0.19,0.10937083
319.32,253.28908
0.143,0.00685121
230.21,6.8753552
0.39,4.6013516e-05
0.063,0.06842525
79.044,36.956528
0.223,62.611248
23.353,92.56249
109.947,33.608265
7.500000000000001,0.018407555
1090.283,2556.1458
39.98,38.862297
151.773,171.91064
220.11,29.91756
160.017,46.608784
60.074,52.643745
20.983,287.7533
30.067,43.293556
69.67,0.018320499
20.997,172.89027
7.964,0.013684754
0.093,61.13631
99.046,294.08047
0.25,0.0037129743
0.597,68.62728
5.82,584.89075
49.193,96.337715
160.97,1097.091
5552.987,15560.806
0.237,0.008317195
209.99,88.94378
10.434,0.0044873557
189.49,29.373629
33.17,37.87049
39.143,31.339928
0.03,563.1074
0.0,1.2042919
20.24,123.331
10.16,0.06840515
20.504,1.6542175
20.203,0.38144365
379.61,506.1225
559.43,234.65794
179.3,197.45174
4.9,37.76175
9.86,0.0146186
9.93,0.03396711
0.973,47.444225
59.78,0.15921675
9.65,69.97018
80.343,158.29256
0.33,295.58456
49.336,76.10123
19.98,35.605923
19.0,71.005455
1909.6260000000002,1518.8253
0.623,189.38202
0.3,38.573063
20.11,0.021046046
29.347,66.58506
30.587,0.030603966
0.407,7.668528e-05
80.247,1.0808456
1.947,0.01205189
0.016,0.535733
19.207,0.23825781
359.727,880.71716
209.593,48.838127
9.747,415.0675
17.06,76.00546
9.697,0.011022885
11.496,0.0015009958
12.904,62.09759
9.57,0.03330543
289.44,22.214537
2100.237,624.83673
19.707,22.852987
49.793000000000006,19.360472
29.670000000000005,4.395013
0.097,1.0358163
10.326,0.0005321885
10.25,106.12881
0.127,0.00619885
10.893,167.18605
30.193000000000005,16.392393
0.0,149.1263
69.946,38.969616
0.86,35.406353
0.47,0.033094715
17.687,0.0003271486
10.763,47.336075
39.85,82.191986
170.897,0.8802135
130.313,769.19635
31.86,151.36974
60.26,26.654554
9.754,33.958347
50.223,425.2962
20.397,38.64382
7.263,50.320606
49.213,82.12122
380.164,343.3725
21.053,0.006813185
237.5,821.8277
409.617,65.21495
40.173,2.618027
9.763,0.3122266
19.774,15.900724
0.25,129.54729
48.784,515.57196
770.054,79.92445
1290.456,212.15718
39.75,29.879635
49.980000000000004,524.38116
29.922999999999995,1.6427962
19.467,221.1549
9.963,48.831036
28.937,38.681286
19.407,0.18421152
30.24,40.697777
61.27,43.043243
0.03,0.0845642
620.02,10.792495
1240.184,409.39584
301.347,0.046179976
590.04,48.359173
49.977,45.987957
24.96,25.803429
0.61,0.0020357142
20.787,48.03948
1.17,149.6144
30.013,2.227564
9.98,36.962425
17.094,33.92585
8.25,54.17834
8.67,90.54662
20.004,31.396679
326.534,149.97812
100.133,25.972511
10.583,92.6698
169.683,1162.6233
9.987,0.011022885
1430.957,1010.311
341.07,615.7857
60.60399999999999,17.648083
896.95,752.8619
12.28,59.493896
129.944,62.61005
9.437,0.13956161
9.877,0.016483033
270.04,958.5936
0.737,0.020415518
3970.374,3166.0566
19.37,3.6530347
19.57,286.53137
10.25,0.5697457
179.987,411.50787
29.657,0.031561706
19.273,19.93271
19.693,98.01558
40.077,146.43526
9.523,19.185867
10.943,22.629122
49.893,23.71229
110.047,159.50009
20.0,42.89347
70.7,68.84718
19.946,0.0066201934
9.316,0.047897093
20.476,102.78795
20.163,29.904907
0.217,617.66626
10.84,0.030314472
0.017,101.02624
58.203,48.791645
20.873,0.00028535328
14.606999999999998,44.163837
489.443,403.28564
71.19,94.368996
21.344,842.0159
9.34,0.0034319821
19.983,69.904274
1821.177,103.50679
9.99,0.03255191
135.477,492.0093
10.54,252.04921
18.746,0.014894477
0.63,1112.7716
20.683,0.54968673
20.14,0.10746427
30.78,27.716604
499.08,137.0005
30.257,0.20636788
0.0,12.58371
60.14,7.8815517
90.046,490.48465
0.0,46.10987
120.00999999999999,26.432695
1059.653,1969.5748
11.017,1249.8713
59.594,0.2636508
9.893,0.0013943564
50.416999999999994,179.43575
123.787,80.15325
20.247,0.21723591
9.963,90.365776
479.95000000000005,22.0427
70.4,19.956919
0.144,0.10379899
169.853,37.42378
19.537,0.59205794
0.547,4.767374
39.473,79.72365
89.06,126.94104
9.89,0.0036574116
0.21999999999999997,24.147524
0.077,48.281277
20.927,65.19355
39.767,671.5197
9.963,40.69196
120.31000000000002,501.07077
11.353,37.799103
120.293,0.00041872167
9.54,40.057346
1344.597,2034.243
12.02,0.0028065627
19.93,39.539
6.447,1.4554352
19.65,89.95297
8.6,18.669218
9.427,0.48336622
9.193,22.11559
38.98,63.397533
9.957,36.733685
43.19,308.5295
39.807,0.037933547
350.1,177.13702
1469.927,161.5238
9.91,9.820683e-05
19.977,0.6677113
158.37,84.611855
10.584,36.395077
9.343,0.027859068
30.817000000000004,0.163199
59.833999999999996,372.06552
10.214,53.543144
1.707,0.0015348338
49.614,0.843126
0.173,2.0905359
0.063,35.27833
2047.233,133.68938
211.95,608.17487
12.073,49.341213
656.147,1072.7289
20.577,62.908077
39.543,60.674774
9.623,0.0030219916
119.86999999999999,93.8413
17.633,0.1229875
240.9,39.64431
110.2,39.886852
20.35,1952.704
0.21999999999999997,41.362736
19.476,147.64787
9.82,630.11847
9.824,39.106907
0.373,0.37825555
80.14,93.559616
10.56,0.871186
9.09,129.01707
229.75299999999996,534.2858
0.17,0.088222705
40.307,13.972939
9.933,5.476781
19.927,102.24197
70.867,43.750374
0.187,0.34690058
279.53,274.841
19.6,20.108786
19.864,31.229506
100.10000000000001,239.24252
0.047,1.0757103
60.173,88.036514
10.063,0.001106035
18.52,117.804344
80.13,552.15173
9.614,284.44864
119.846,129.7961
19.676,57.054405
0.047,0.0018788575
0.58,4.361654
41.497,565.98865
0.20599999999999996,277.04025
19.987,52.90115
49.54,21.18336
120.09000000000002,140.58159
29.073,142.40909
10.367,0.003907302
10.593,2.99567e-05
30.04,0.15358363
18.9,0.62780535
79.52,162.04526
81.13,53.452274
29.2,3.9616325
17.413,54.260193
50.336,66.750114
19.83,2.6054194
269.56,0.0024488051
221.883,77.242455
9.773,0.0933211
200.53000000000003,687.8436
21.157,94.91928
20.07,0.07962297
10.954,26.23976
89.07,233.21999
0.093,0.99834
0.797,73.023155
9.423,20.6003
10.583,51.592903
20.796,75.6157
51.08,12.850733
1500.137,44.813778
89.303,1195.9128
15289.719999999998,3.027851
399.8670000000001,102.80298
0.66,94.71675
50.41,152.18193
0.313,0.018295689
30.653,31.026417
590.25,334.08804
39.433,41.15719
19.747,0.02564477
0.077,50.89383
29.343,0.0005059075
9.96,64.48783
9.673,336.17365
29.677,103.5264
10.06,29.907585
50.10000000000001,78.89113
20.383,0.0021003387
2679.81,25.201147
148.907,177.02493
1.7160000000000002,84.44751
339.884,868.2186
0.28,0.028469535
32398.263999999996,67.13381
0.703,39.54314
85.083,34.758717
0.533,0.0011726192
90.207,19.172081
21.387,0.0017729291
20.074,61.104347
9.847,63.809452
30.047,21.987173
0.08,0.00019701518
19.05,88.81398
160.347,22.111404
2289.676,1832.3628
16857.323,2057.1475
16.063,68.58563
0.347,0.0027237912
0.097,0.03344088
19.543,70.962395
19.957,828.2165
482.21,964.1235
30.15,156.83412
49.837,213.4798
20.28,161.2675
19.76,138.08456
150.05,0.11151955
19.656,35.733707
0.78,35.327515
19.58,35.369293
29.406999999999996,35.616604
10.867,42.688805
0.187,0.010449145
139.82,22.380817
49.663000000000004,44.879303
19.75,0.004979401
100.60700000000001,191.6759
38.586,107.14685
812.256,477.88043
0.047,5.095737
18.68,0.0023203578
9.577,288.43396
119.58300000000001,589.31134
1.02,24.300776
9.853,13.3474245
37.993,36.314404
0.06,20.622356
0.126,0.06658378
38.29,255.7399
81.064,41.587635
20.537,82.32512
9.89,0.091901645
0.216,119.60199
19.767,222.12035
9.44,0.5532182
0.03,11.531611
0.626,0.0009505346
11.127,58.811356
9.217,0.004715948
10.11,0.05989848
8.93,0.004142485
0.707,102.89268
1095.103,8.828259
10.483,0.14556867
0.063,59.324924
11.17,4.0945873e-05
0.263,0.015537569
29.970000000000002,28.453966
30.083,0.027025465
109.31000000000002,47.022873
19.89,100.26916
79.83,0.023602389
9.117,5.4481325
570.677,343.63705
20.41,98.40483
2580.904,1214.9391
110.12,158.14275
9.91,0.06425401
10.413,109.49937
10.023,0.00029595004
9.937,0.0025893217
40.09,381.19308
10.157,60.748505
40.087,94.68903
229.914,41.1399
9.95,55.5885
48.34,215.0514
60.593999999999994,90.68369
39.017,4.679445
10.45,290.42014
140.153,118.72109
10.194,0.009288797
0.203,35.406353
0.063,35.16968
169.51,10.550079
0.03,33.08225
9.78,156.56612
10.92,32.30082
9.233,0.106543705
40.266,319.871
19.657,51.974792
30.487,0.2212764
41.123,20.273087
0.14,1.453381
40.35,0.00044369194
120.773,209.9932
9.49,3.2184217
10.8,35.892857
9.037,0.0004508536
59.464,0.7283371
0.67,47.261566
0.174,4.081587
9.187,41.572243
50.07000000000001,40.23438
0.783,90.27325
38.946,487.92786
19.906,2.4236448
20.164,91.37117
9.807,7.2807636
53.954,300.6265
9.507,44.03189
20.013,42.494545
19.067,784.0282
38.993,0.033094715
20.487,109.37423
320.04,28.276869
89.744,0.10080442
29.613000000000003,0.008297998
40.257,187.44995
499.01699999999994,129.29141
24.624,441.45624
49.463,70.99836
32.01,423.19925
19.763,80.86273
31.197000000000003,216.62752
49.01,35.40016
1399.53,1931.4963
7209.723000000001,755.63306
79.303,180.03885
0.267,60.818428
50.254,108.54057
50.41299999999999,534.30975
78.92,140.53928
9.337,157.47166
18.88,134.94034
9.066,38.85293
39.73,41.109665
11.796,31.886324
15.043999999999999,101.78756
100.95,45.51338
19.2,305.11407
0.16,0.0022056622
20.0,22.356571
0.08,0.0055493843
0.5,0.011552084
10.137,51.079235
41.007,80.076126
0.657,0.15131202
0.687,0.0028105108
29.433,0.397056
9.963,4.1412187
250.73000000000002,56.076824
9.804,0.18118462
19.01,0.031130321
9.933,7.8565426
0.437,0.008317195
311.37,107.51942
19.52,0.1199448
9.697,0.0013622433
30.787000000000003,48.03948
9.596,81.0016
140.393,134.89445
120.17000000000002,33.761677
29.403,0.033804815
40.38,0.0077997246
5.216,0.023735113
10.86,65.20777
677.674,278.8649
59.56,31.001097
19479.564,1448.6781
29.847,0.0009923115
30.376,36.159916
129.123,718.1216
30.703,91.29546
10.597,95.95482
140.11,1.4844288
0.436,64.49393
7.616999999999999,0.007129343
19.817,41.49708
39.203,150.05678
99.117,174.92938
113.153,72.99479
80.363,20.20392
10.0,47.914803
10850.667,4081.5894
9.987,108.39349
0.094,9.866323
0.47,0.01145731
1409.753,102.45475
50.10000000000001,63.266617
49.95,86.80845
0.72,50.468002
19750.92,291.356
0.10999999999999999,0.049718637
310.95,126.54093
240.61000000000004,63.052082
89.32,369.6005
20.406,0.0065800035
39.82,47.16154
21.517,1.8832685
0.03,0.0029511878
0.174,0.38431293
10.02,51.878536
19.903,155.12657
8.986,509.22876
84.08,1545.0392
1.11,296.9805
23.903,0.015050731
648.713,1022.5395
0.14,0.065837
2.27,64.90247
30.52,0.1522249
9.953,7.734949
0.157,3.5359437
9.463,128.35567
0.186,0.46122548
140.32,69.21836
11.003,139.79579
0.28,4.84723e-05
8271.21,266.937
20.113,0.27388448
0.05000000000000001,0.030855233
8.8,45.624573
370.13,364.3796
200.926,266.5157
30.067,18.987955
20.197,0.0018863227
9.843,0.026338588
1.204,0.22449878
2840.3,88.22732
20.43,69.42119
0.08,0.04812034
80.967,94.44099
59.927,293.92255
0.017,0.0037537548
60.98,26.853704
8.183,175.11104
20.093,0.13206725
120.073,30.95747
34.437,46.21655
154.27,47.655952
40.016,18.17176
0.283,0.0026167524
30.14,31.136408
12.16,53.89722
0.216,8.079412
350.464,179.15051
40.196,1.8005967
9.72,0.9340044
19.03,1301.726
0.596,29.387686
129.616,24.65483
9.69,0.021883754
29.94,2.0515523
9.54,1.8159008
0.0,0.49747717
9.777,0.01409429
20.063,48.43821
0.03,0.009751757
1.8339999999999999,138.77881
10.213,158.22801
20.89,57.73199
39.876,0.5213995
19.89,0.0010319686
79.156,0.005578654
9.94,0.7966208
8.623,0.00091814966
20.197,51.801495
29.513,25.472202
40.797,0.10041601
130.247,97.28076
209.07,591.144
74.083,632.95886
39.36,50.137722
0.08,0.025705032
19.863,0.000691027
50.3,37.854996
359.437,79.777954
251.89699999999996,168.81624
45.59,109.302536
20.773,348.28244
36.227,0.020095553
0.31,19.811518
130.46,22.931675
220.29700000000003,1045.4054
8.917,6.631104
0.047,20.461895
10.573,33.790726
0.123,0.003980812
50.23,2.1556332
20.203,3.2691576
11.847,41.166706
9.667,0.00034550347
20.143,22.142252
0.013000000000000001,1.3494881
9.707,0.09767382
180.843,48.96148
550.12,649.55023
520.25,155.01291
31.043,130.94661
19.76,46.48331
19.52,529.81854
390.09,403.53757
9.797,269.89026
9.653,0.005586832
79.333,0.0373846
59.903,0.0068079033
1334.827,750.32666
59.27000000000001,50.22985
29.08,209.84538
229.914,454.65036
220.49,262.13373
1519.75,1130.0033
10.073,33.330856
9.883,12.513516
9.793,0.00022399257
0.094,0.3940074
0.047,0.06710562
8.974,35.27833
9.73,0.0023500796
7831.033,79.00634
0.283,0.004548459
230.19,0.033998284
11.65,0.0014708528
0.4570000000000001,0.0066185775
19.35,716.72034
299.843,0.3439611
40.443,166.06642
40.037,0.13369732
19.553,72.497444
10.464,29.339397
0.187,2.9185681
9.373,41.766586
9.746,10.288163
10.747,27.385515
38.407,52.469296
29.829999999999995,0.3828712
70.133,26.730804
9.046,39.73132
20.0,20.484402
0.19,0.9677946
70.056,0.00019328379
0.7839999999999999,177.84209
17.617,57.818928
219.33299999999997,92.02712
20.277,118.45184
19.85,182.88185
10.63,0.06128198
20.02,17.248436
541.883,168.9982
1.11,0.0005404982
1949.3969999999997,590.81165
21.217,41.28953
0.503,110.06101
30.726999999999997,29.724846
20.92,32.764584
10.173,1.3938097
1.597,41.943092
0.013000000000000001,0.2630408
20.133,22.124094
19.016,41.04706
10.027,0.023313513
379.977,3.4281547
411.44399999999996,137.57306
399.973,593.503
90.987,40.436283
0.08,100.22375
8.756,0.01654581
9.983,0.15024108
631.013,71.68941
7.646,220.5877
40.847,0.0005047712
40.49,0.004131557
17100.987,2199.145
0.313,0.0027140053
10.047,44.576393
0.093,0.003328359
100.54000000000002,144.58324
240.317,0.09907176
20.274,58.478542
0.016,0.1229875
99.82999999999998,124.6424
39.72,43.20813
18.9,43.937366
11.207,108.752884
81.137,39.702465
16.757,0.00029007482
20.13,838.2882
0.25,28.302414
0.157,0.04776367
11.337,420.92026
50.234,43.444935
129.187,18.905588
529.593,391.51752
20.07,125.39805
7.97,0.12115665
10.064,36.719685
9.754,0.018660506
13.629999999999999,500.42886
50.010000000000005,35.610497
1.203,25.019596
10.78,4.963164
50.08400000000001,151.3429
10.763,7.42976
19.747,0.0011022756
0.08,0.0073207873
19.553,148.86888
29.406999999999996,1662.806
18.82,0.12508781
10.453,1.093754
69.856,31.183554
150.326,39.8515
30.047,0.1309628
0.203,40.649734
8.013,46.68907
8369.657,1070.2166
10.386,0.0024874348
132.68,221.48793
0.237,48.324677
29.713000000000005,0.003290787
140.964,549.1019
42.79,47.17721
20.237,1127.4689
20.33,60.65138
9.923,28.633553
140.144,203.99704
79.986,209.92224
0.016,0.0033602843
58.76700000000001,73.20679
0.266,0.1909862
19.904,0.27635178
9.92,106.07595
20.597,58.99943
540.623,1733.4443
90.346,110.79014
0.28,57.92059
1019.9800000000001,43.674877
40.196,0.0004884942
18.997,64.24485
50.407,1.6418657
20.127,47.0166
29.816999999999997,0.060913898
9.744,0.00023485189
9.68,40.828754
0.033,102.30162
9.663,0.020185716
10.537,99.916336
0.14,48.60609
166.01,358.8335
1040.59,82.443245
19.627,0.00020626467
8.333,22.253988
0.047,63.92232
39.897,59.277966
0.156,45.569027
89.797,58.823433
0.077,1312.5333
0.08,0.0031640488
19.806,0.027456466
100.054,471.01144
0.296,0.90958506
19.543,51.259415
20.15,0.88092655
11.0,104.51928
0.216,0.00012622614
8.674,20.405785
1.173,702.9006
30.409999999999997,179.46489
110.097,38.01893
10.913,5.1062467e-05
23.613,142.22281
9.707,65.34405
10.007,0.2052387
17.25,164.31706
10.787,248.9909
19.763,38.184135
59.68,118.85845
9.866,149.96806
59.833999999999996,291.38876
19.927,57.80923
9.733,69.99637
0.063,51.97717
100.133,1.1880757
119.667,60.65701
9.747,4.0427923
20.253,45.451187
3140.08,1905.1261
20.236,0.37260628
20.657,20.369112
43.813,266.2063
9.887,89.06214
20.286,71.16857
99.457,4.4673486
10.044,108.66772
10.23,0.015833009
0.03,104.609344
0.204,0.005586832
19.796,1.5330048
20.633,30.081703
9.863,0.0035438305
62.03699999999999,90.07634
950.0769999999999,101.1029
239.487,48.072678
249.26700000000002,120.50357
0.72,0.010227076
149.423,75.70363
0.05000000000000001,0.026529346
30.017,23.446564
10.12,0.0013976715
2309.787,2912.2715
239.89999999999998,18.65261
29.92,0.0056769657
9.297,39.59831
0.8459999999999999,189.38202
9.783,96.99561
39.57,194.7738
9.434,56.68901
29.026,64.86125
9.723,0.071082085
9.827,40.712223
9.72,90.71964
29.846,25.380478
13973.817,887.1097
20.09,0.0067017637
49.41,150.78406
0.39,1.5393101
89.89,0.7737081
0.563,0.029110473
19.437,21.631214
19.1,0.45774442
18.677,72.15781
19.753,0.0027728127
18.293,102.3603
219.9,93.77821
0.754,91.38493
10.413,4.759597
9.376,0.01409429
10.723,142.72379
237.37300000000002,225.72697
20.17,553.6572
79.827,230.06815
19.69,47.27899
140.186,27.527899
110.14,192.23193
11.303,41.88689
0.033,0.19095635
10.317,32.37925
0.156,0.14250855
15549.986,17165.11
81.003,84.962715
10.0,149.23924
14.304,47.317295
63.529999999999994,529.6367
131.79,140.47923
390.743,468.78754
70.017,97.93533
31.790000000000003,51.07812
39.203,1949.0789
20.374,0.25866306
5.36,98.86386
8.876,0.042181898
1.437,69.33462
49.374,53.189526
9.91,70.82392
14.413000000000002,0.0038092914
10.83,309.5091
0.0,24.716682
19.93,21.45668
19.81,100.36584
9.997,46.24126
10.737,0.00042725715
0.74,569.5927
19.85,842.0159
10.86,155.70078
28.93,32.112373
10.143,1.5225239
29.133000000000003,4.6189127
40.343,50.234837
140.34,313.6299
0.393,78.247635
1151.74,662.38403
1345.543,718.6342
10.03,78.51355
9.77,0.00026415134
9.953,20.50173
299.39,236.53102
71.05,431.4973
340.053,411.19556
30.100000000000005,729.727
0.567,0.02021835
70.87,29.9989
30.336,0.10813817
830.2860000000001,19.95586
19.127,368.73944
301.476,0.4392564
20.144,23.419464
10.316,414.20804
0.03,72.363495
1309.683,220.33392
18.53,67.71239
9.543,0.058523487
30.28,78.247635
0.017,228.42178
409.927,74.64606
0.157,249.85403
40.88,301.06116
49.98599999999999,190.00418
89.453,0.0129477065
10.017,0.026338588
61.26299999999999,506.87546
59.18699999999999,0.4170916
200.914,471.78375
19.406,0.0010297272
8.943,48.784275
0.064,250.92639
30.2,45.094017
0.08,27.084171
30.227,68.2852
89.057,109.3286
19.283,0.543516
10.257,161.26857
322.594,292.3165
110.26,1.8973652
8.927,0.06558759
19.64,1.8710008
1.017,131.91386
8056.233,8219.774
50.245999999999995,50.297894
0.17,0.32867113
19.76,0.0008100681
19.807,0.00010583529
10.073,41.89773
18.546,0.018287942
9.547,51.140114
18.537,20.857761
10.42,0.09802982
1269.533,6287.6123
4300.916,90.799866
0.077,0.008534161
10.37,41.89773
18.607,0.045557164
149.746,91.254906
1.047,0.0026958757
158.867,43.61198
69.793,455.85715
20.857,200.39067
29.753,64.84989
50.107,172.69205
0.14,285.0458
10.74,104.18821
21.12,69.96318
19.93,132.44237
0.7960000000000002,23.342163
0.263,56.68901
9.88,716.499
1.19,0.40025684
10.134,0.0020893987
0.173,34.073284
9.99,0.018407555
9.913,111.097824
170.057,25.775894
20.26,655.7084
0.157,2.5624213e-05
140.046,6.9924064
120.717,117.99534
4880.883,424.95914
20.39,0.11507326
9.977,0.48773286
0.657,0.00036048584
0.597,42.305687
10.04,79.19423
10.073,6.552579
0.017,1.7798795e-05
0.093,0.04673779
0.313,0.023735113
28.383,0.4986114
350.187,140.85562
100.21699999999998,89.825905
0.733,84.1638
19.02,40.901108
0.077,177.47586
10.35,101.86097
10.367,61.716084
18.837,83.902534
11.027,38.338894
209.22,87.33513
10.504,0.0030417398
149.494,586.22437
10.22,0.029141556
60.174,181.58775
3.047,20.589933
5.363,76.41293
29.436,784.718
9.674,0.021045445
29.454,0.21222757
59.11000000000001,0.0056575304
20.116,690.6428
69.883,0.06828738
9.517,0.092808366
0.076,20.461895
250.60999999999999,0.56295496
9.613,10.936525
0.927,0.0024151201
39.447,0.023821713
0.236,0.072086096
20.12,30.058462
0.076,1.2537187
19.98,0.015497954
0.49000000000000005,0.08238773
179.31,153.89171
570.126,4.884142
9.773,0.06175525
9.894,1.447265
240.25299999999996,0.035424914
69.74,0.80500746
39.733,53.885197
6376.393,6749.601
0.034,0.090399735
9.953,0.16909783
0.123,30.769314
9.87,0.0110316565
9.583,0.0013097592
39.624,0.0021444499
20.197,85.70859
0.64,4.2999597
89.95,31.938286
9.723,0.00029007482
10999.997,346.33173
10.703,0.00091814966
9.637,0.42307395
0.10999999999999999,71.4218
9.42,0.58384216
199.84600000000003,73.941826
28.853999999999996,0.12712806
490.087,211.05818
20.633,198.90627
5.876,25.200483
50.253,0.14998709
0.36,0.04027082
9.783,43.09341
643.15,91.8175
430.50300000000004,473.3225
969.886,708.78015
9.757,30.271801
9.273,109.20356
19.91,81.894516
3811.347,737.3726
9.53,0.0789879
1385.12,863.08234
0.047,37.670025
8.34,0.6972543
89.31,281.0711
5.237,68.62728
239.726,86.90805
412.01699999999994,372.79102
0.033,0.000529039
20.02,0.0016104723
150.326,249.52371
10.973,0.08045957
89.293,105.815674
0.343,0.04313451
40.077,73.06596
1009.6,315.41605
0.253,0.0022980012
9.094,0.003328359
38.376,459.49127
7.3629999999999995,37.717422
10.014,36.4659
0.377,0.004494919
9.153,59.17386
9.82,0.64474356
79.7,57.72695
18.627,69.60058
1697.697,308.54156
69.85,104.5255
28.967000000000002,0.16129766
10.063,46.576485
20.717,49.510593
60.313,66.95642
39.59,80.006096
10.766,97.704155
0.0,196.65204
39.946,0.09891173
13.143,47.635616
20.646,150.93217
49.976,11.1592655
8.903,146.87036
59.72999999999999,0.0042546815
9.223,38.216915
9.92,0.087873995
111.49,570.6706
9.386,41.630833
39.887,179.51369
10.283,46.409786
10.087,6.4335747
9.276,0.003876666
200.263,181.4407
29.964,37.66911
90.88,96.53973
0.094,23.360628
9.923,4.3135096e-05
19.627,59.199142
30.713,790.2702
219.06,41.573692
30.946,3.8059332
5788.957,83.475975
40.96,117.452934
169.843,307.2242
23002.69,1120.8224
129.583,241.52188
21.584,248.27501
219.67,215.78226
9.57,64.34322
80.004,15.37236
26.78,23.995293
10.557,0.0010005942
70.287,0.08822575
879.156,1815.9192
20.177,25.377953
19.017,230.63878
10.36,0.0039122766
108.78,244.57967
249.624,49.716717
101.214,0.058372155
20.643,19.217915
20.35,1.9467177
1.41,0.0428364
0.55,0.0068015186
50.037,66.64274
26.454,590.50684
239.87600000000003,25.396814
1179.12,574.0411
9.91,136.07349
20.237,30.833813
39.093,1.3587449
130.203,130.04247
7.037,65.05571
40.45,15.721183
1.126,161.27917
29.72,90.221954
0.25,0.010645415
8.11,137.23125
9.766,8.423851
0.14,0.00907725
10.247,43.95472
99.704,33.995903
14.284,0.12828116
19.586,53.718445
19.607,6.7373967
179.867,1167.6484
19.976,0.00083003944
19.61,49.026142
79.607,177.39923
21.11,0.0004044966
60.74,183.91685
20.28,25.26893
30.18,48.33994
9.84,0.28848696
210.16999999999996,599.531
9.237,0.17716482
1.093,0.06335138
20.663,120.52192
19.847,56.898148
9.903,0.6144485
9.866,104.945496
121.77699999999999,1384.6708
10.173,24.173801
40.597,34.316265
11.066,72.537285
50.7,718.1858
8.693,0.0015428613
9.84,0.0012699633
9.903,107.61892
61.839999999999996,53.201134
89.577,30.659891
40.294,0.023664324
20.5,1.6406717
19.317,0.93226814
4067.8530000000005,124.62946
69.844,121.105545
20.096,852.58813
370.377,27.346653
30.25,605.18335
60.167,18.284653
150.147,188.17523
439.68,109.58154
129.693,46.68685
19.593,0.041840624
29.42,0.001780381
639.717,651.27734
19.23,75.14778
2.206,0.33478335
10.707,1.1054968
30.057,1.7199296
29.69,3.9403532
8.78,52.804947
0.343,0.0019539222
118.97599999999998,34.749165
49.653,65.956795
19.78,0.25866306
11.07,50.85801
19.833,43.028706
0.16,65.20777
17.916,25.084238
189.83,193.97038
10.113,1.2481418
150.97,30.774797
558.686,28.11697
10.007,0.6566001
10.287,94.71675
0.67,0.0025094794
19.61,478.1937
59.866,36.19264
7.037,40.20304
10.47,0.0014500672
0.607,0.0016000348
8.27,172.87566
690.06,958.7034
109.726,138.63046
29.986,0.018450601
495.98300000000006,381.95895
19.807,0.7518653
18.884,0.0028635117
20.496,0.77947813
20.123,159.805
212.766,75.63139
57.93999999999999,339.4668
9.897,109.26334
9.874,0.01571146
59.55,50.56783
9.83,46.091156
42.807,42.249146
20.003,379.59247
0.393,0.0049480814
10.537,29.186136
8.743,0.03389815
29.653,41.586254
0.36,0.015895598
70.317,231.68411
0.047,0.47938663
59.987,423.45026
9.414,492.9436
79.784,1742.0247
29.513,0.018154211
19.91,146.61626
10.233,0.32089895
110.053,607.61725
1282.85,222.23131
17.62,51.78994
29.620000000000005,4.286458
220.77,149.59996
40.73,85.59186
442.323,1476.7609
70.3,1416.1968
161.32,85.011665
10.753,0.87060785
80.507,486.8132
1658.1769999999997,3928.657
10.263,27.921808
0.297,104.237564
11.044,66.4365
21.027,51.58877
0.96,182.39859
3270.6930000000007,2491.4917
569.357,1.1658802
9.8,55.338882
639.137,766.7157
99.373,269.06754
0.703,54.460003
189.917,107.740295
50.393,0.22434618
69.307,28.786808
38.763,102.23499
652.093,1820.3186
279.716,77.61945
9.837,0.0018768662
10.413,33.39927
18.274,48.51913
0.093,3.2167013
0.8799999999999999,81.894516
9.983,0.03560815
20.777,1.6786076
539.65,37.54432
49.78399999999999,176.11763
10.78,62.473248
290.914,272.5818
0.047,45.333286
457.05,108.42583
11.05,44.71487
50.226000000000006,78.44412
0.03,1.5725282
20.417,7.586984
9.86,0.017190011
9.837,114.53701
50.21000000000001,33.476357
39.727,41.90322
0.14,0.0185119
20.884,27.22222
599.76,9.309431
30.577,0.19438751
58.877,607.6588
1150.76,345.80856
18.914,0.9563355
3.36,63.338474
110.15,8.293683
20.173,0.012723299
0.186,47.444225
49.777,154.87169
191.937,480.94202
100.12300000000002,32.276894
110.237,0.09809053
671.857,205.85081
39.396,145.08073
19.823,178.00087
10.29,2.8899062
19.983,181.60071
329.866,3.936617
20.28,525.2153
3.4539999999999997,55.882496
60.15,157.64496
59.877,0.058115527
9.263,0.00047227062
8.564,47.762794
128.654,305.58438
0.28,26.487448
0.157,141.68611
29.933,63.090343
90.277,115.3833
18.93,108.24991
0.9059999999999999,31.360655
279.31,583.6578
10.053,1.9990025
196.15,138.10014
9.893,0.0036873908
120.05000000000001,17.080484
21.936,117.00386
80.11,0.7984392
120.27,19.55367
19.483,198.05064
730.047,1862.7657
9.867,63.50415
189.147,32.058033
17.843,37.1107
22.96,0.33054617
80.204,0.044305816
14.746000000000002,0.020095553
58.57299999999999,56.343002
9.89,45.913155
340.06,403.20786
28.93,1.4623109
19.683,47.725582
289.55,229.58875
2187.706,191.68909
11.417,0.46990836
9.397,0.08045957
700.097,0.167688
20.683,78.11898
159.81,161.66278
0.516,46.398556
9.334,13.409004
1159.743,98.659164
0.347,51.650288
88.03,76.83565
19.607,74.388504
19.35,0.0001654815
19.713,150.70926
240.39,22.700516
350.227,298.51367
3850.06,2110.934
129.257,76.84319
30.426,154.5818
20.496,0.00013623304
39.92,248.9909
69.404,0.18398066
19.187,40.69196
159.863,126.90668
20.17,35.614716
11.147,51.484608
14.596,100.36584
219.24,641.531
0.157,0.13236357
0.094,0.035956427
779.897,883.61017
30.510000000000005,5.577514
20.536,0.11015779
3430.466,91.37441
9.433,269.89026
0.593,0.006849165
159.947,141.4398
9.733,0.2818462
0.263,39.59831
0.5,48.73452
89.813,0.100839026
39.02,57.271786
0.123,11.531611
10.35,55.282803
52.779999999999994,0.007458815
260.117,24.063896
41.197,50.057907
89.76,62.73165
108.9,2.726557
9.79,0.0016633634
9.313,137.23125
39.626,210.26251
35.793,279.70007
0.376,153.1682
39.984,1241.0901
0.237,0.00045872017
29.676000000000002,325.3337
130.28,38.180237
250.15700000000004,2.1246307
0.23299999999999998,96.61795
0.89,77.707855
19.917,24.418375
0.28,128.64102
0.124,303.79688
40.14,679.96796
650.677,986.03723
20.177,337.33542
1669.87,269.22263
19.403,0.32800794
9.993,84.62739
9.877,224.26283
520.38,363.34982
670.016,236.76686
40.58,20.665142
10.91,5.265424
20.956,0.019282626
0.19,2.0515523
80.073,19.287493
710.903,253.39243
2038.33,1679.2554
40.093,329.32587
40.447,67.61664
19.587,36.13785
89.597,128.89539
119.777,0.005078724
0.0,0.0789879
1212.06,35.14519
89.113,47.76912
8.447,0.00036895918
19.313,0.0027728071
18.153,2.0653265
11.53,49.434242
2474.94,1115.1245
40.913,276.9333
29.112999999999996,273.77533
61.093,0.00016793204
18.81,49.78703
9.273,0.0018200617
0.017,82.418175
10.284,0.003980812
19.523,203.30794
21.03,162.18759
70.717,0.06395537
8.987,45.624573
1078.187,1310.673
19.693,0.0009925406
10.153,181.88055
19.766,106.12694
1948.554,1313.7903
0.704,0.58348984
19.32,56.077602
40.876,30.825573
20.067,0.42805886
19.563,106.32418
58.43,364.386
20.413,6.631104
10.323,0.03960714
0.0,0.00045871933
49.553,53.37907
5.727,249.49731
6.493,280.6857
0.14,97.37382
11.55,48.408497
9.56,32.703266
0.05000000000000001,141.68611
10.84,44.70901
0.23299999999999998,31.374254
10.19,101.75514
9.603,0.0002441808
59.910000000000004,462.7142
19.754,72.25076
68.94,51.91237
8.614,27.52312
10.71,38.14206
190.387,144.16148
10.68,150.03494
69.81,38.459263
9.23,179.51369
0.706,0.00036528584
179.867,91.64495
19.917,0.004388802
51.56,0.020509243
9.634,1.2217257
0.14,242.17252
18.254,84.44751
10.984,31.276598
80.3,26.385502
9.306,0.1583693
10.367,189.2757
113.74,41.21757
59.873,44.13264
200.727,13.336773
30.057,42.2823
19.107,174.29385
38.333,110.75499
20.717,143.3775
8.846,1.2926655
40.674,47.477955
109.846,1012.71515
5.85,38.478203
51.684000000000005,45.75483
10.1,36.91139
21.09,952.25256
10.386,0.00093348214
100.19000000000001,1.3612764
0.08,54.474823
0.297,107.53016
0.66,0.0002441808
39.737,19.09984
9.78,55.966255
19.643,26.383839
90.23,763.3321
9.883,94.91928
8.806,24.91596
272.643,209.02467
0.547,0.0009546189
10.003,10.5649185
28.86,30.660416
8.9,0.080132216
0.017,0.0029217945
10.65,63.40967
9.887,681.51697
0.766,27.4421
20.483,110.38801
20.077,0.004516387
19.61,76.572014
0.563,0.052060913
19.19,22.71244
793.737,34.36691
0.267,286.10104
19.917,46.9721
8.91,55.22892
200.766,4.5770574
9.97,62.110348
80.366,186.61302
8.647,120.23817
100.75,34.630013
1100.16,1310.9115
0.034,3.2646556
19.78,2.9523782e-05
9.344,581.79895
54.91299999999999,205.93686
47.13,26.129477
18.79,200.2644
19.99,267.04208
510.0,83.2678
149.64,1.4452912e-05
14.877,69.06512
459.51300000000003,135.99094
80.577,41.69797
419.223,14.526532
2010.223,297.7924
60.157000000000004,1063.1998
18.907,8.290679
670.863,1065.1475
0.094,0.0037537476
9.243,2.5571349
19.18,0.00012622614
39.09,19.58843
6.754,100.1988
40.233,54.552387
19.96,35.906765
19.57,41.830173
9.33,91.29465
26.55,379.59247
0.47,0.6690748
10.87,39.603046
20.133,24.459583
0.046,0.007546088
139.447,5.0364046
31.273,303.29922
39.887,4.1147385
309.854,259.04492
9.16,19.203442
300.333,76.54245
31.09,0.060810354
352.91,390.27014
0.503,0.02148131
10.244,0.011552084
9.8,0.15912656
19.52,0.297314
39.883,189.20207
60.847,2744.0403
1600.1569999999997,277.05142
49.833,423.37378
89.503,28.155922
62.923,214.03532
288.97,472.1382
139.944,106.32701
10.973,25.197042
268.657,78.27467
1480.197,748.5265
500.223,264.85468
80.287,6.992246
10.136,0.054386478
10.723,78.86447
9.577,0.0086433925
9.897,2.3339055
55.32999999999999,44.918327
40.037,213.8774
113.41,95.48825
39.85,50.72426
0.05000000000000001,35.493195
12.933999999999997,204.4007
20.163,0.0015348338
380.17,194.58388
29.147,237.98914
59.84300000000001,59.485683
150.02,34.615364
81.26,1306.6233
350.556,92.45356
0.657,28.285168
9.736,391.47086
9.356,57.08749
10.11,0.0013953514
19.63,52.32406
0.013000000000000001,0.946819
10.13,0.014608816
0.033,109.49937
18.293,133.73718
30.419999999999998,100.34502
20.877,65.09662
30.07,37.93722
39.04,146.75154
1.33,0.000263966
19.786,0.50242084
61.1,76.42574
0.204,24.001335
131.384,240.24619
10.076,5.268302
19.793,92.42978
69.616,31.590414
2001.866,47.857998
19.663,699.49927
4362.49,312.82117
59.827,19.807806
9.94,4.7628384
0.327,0.0074209473
21.567,154.39946
18.923,77.23643
0.436,254.90236
39.55,102.00765
310.087,53.605286
9.634,5.1062467e-05
21.324,0.00031969455
10.29,708.1428
10.237,37.75321
111.41700000000002,682.66284
10.736,50.468002
0.39,139.46135
4023.243,2734.0425
19.646,194.7739
20.36,0.0012699609
0.094,0.013008277
39.58,92.92198
20.397,42.191917
30.296999999999997,44.69257
439.973,183.5189
38.906,132.00801
120.77,0.0013089351
59.52,536.064
0.504,16.050852
0.0,43.88812
30.22,68.62728
39.697,34.417946
100.877,165.02892
7.647000000000001,6.9270725
0.093,0.09565875
511.0930000000001,1033.2542
0.157,473.96915
9.887,0.00027177646
86.943,312.5165
0.10999999999999999,88.80374
9.793,0.00085030525
8.323,0.026182637
30.962999999999997,20.92201
90.54,8.285486
19.953,0.9380891
0.28,46.46895
2.223,48.573685
10.36,56.977417
40.183,190.48218
9.603,0.071230896
439.7869999999999,0.89651394
39.23,5.811518
20.64,0.001597851
59.26,62.911316
300.27,4.307478
49.757,138.40591
18.92,26.112127
58.080000000000005,214.07309
10.027,1.1633123
9.76,17.15698
50.989999999999995,87.66438
118.583,0.09144353
19.81,1.5588958
10.753,27.322332
0.06,3.0547595
140.773,828.1552
0.377,74.521194
8.757,0.036529105
39.523,0.1420708
39.503,0.05626572
20.4,2.9531777
40.88,268.1531
1.157,0.056737904
530.113,255.79921
869.94,178.25917
10.36,20.787115
0.05000000000000001,0.0035728924
175.656,1886.87
21.0,35.92819
26.73,19.151321
0.033,156.44322
78.903,351.6588
0.726,0.0033874789
10.673,37.847923
9.42,35.273907
9.833,50.733517
19.584,0.0003019403
29.717,30.709238
471.073,163.05417
89.097,179.90742
130.157,111.40665
0.343,0.004586932
0.0,0.2625964
20.13,49.591274
38.49,1.9524311
30.71,0.0004655602
18.757,29.93997
283.357,102.16029
19.763,0.01544983
29.854,0.70951474
2.787,46.374554
159.667,0.021964168
70.297,82.53849
39.553,2.1674795
19.186,176.60402
1329.834,86.28852
0.237,75.19967
21.327,50.812656
19.97,526.79004
0.157,60.83674
1010.1030000000001,467.84457
11.147,36.770496
200.82,9.744095
10.563,11.372132
11.82,0.030370034
0.52,9.043355e-05
409.97300000000007,134.22987
89.903,934.9076
0.45299999999999996,0.071385354
300.15,59.316303
70.2,0.84134847
17.606,7.8128924
0.237,195.46349
21.004,614.5976
0.42,30.271801
10.497,4.3646946e-06
9.61,114.8976
40.656,527.3497
20.037,770.211
89.28,97.60846
40.867,2.0156124
2819.6,1525.6135
21.06,111.42779
10.207,0.0002441808
20.23,5.969362e-05
0.0,85.30066
70.83,0.35400745
29.963,0.3943018
79.997,114.92823
69.93,37.691822
59.82999999999999,1622.4467
39.81,0.059596367
49.936,44.81807
47.603,0.0006273382
31.593999999999998,59.122555
39.537,35.44579
10.033,234.41266
48.834,544.6041
10.28,150.70926
219.83,123.94127
9.923,27.97738
9.46,100.382454
19.106,133.9758
1928.873,1405.5806
890.0900000000001,695.6543
11.766,164.5668
10.01,1.0769502
0.45299999999999996,2.125064
19.77,242.836
99.62600000000002,24.545614
19.47,71.67743
0.0,0.3233575
9.753,30.541903
0.063,70.839645
0.107,76.4955
50.30299999999999,66.154335
8.207,46.033466
0.597,78.18469
19.34,703.00995
0.21999999999999997,0.004791685
21.197,521.49194
0.08,0.071082085
10.553,103.0585
20.72,20.239477
10.75,1.136546
0.21999999999999997,0.005586832
12900.79,2292.8943
120.27,122.78175
10.047,76.98659
12.187,164.12077
39.217,148.4439
50.393,151.49838
8.847,97.255806
18.373,52.841507
90.43,362.8829
10.92,0.0005069711
331.37,131.23877
39.687,0.07059878
20.173,102.30162
0.156,0.051736522
0.513,0.31894845
9.964,1.5393101
9.544,76.11544
0.75,0.0004508536
10.194,33.53019
5.02,73.73707
8180.117,1589.9744
301.557,313.2579
19.316,32.809814
19.74,42.76272
19.847,3.1084735
100.136,0.07218302
30.06,3.308407
49.547,140.44984
30.413,86.81143
0.076,56.68901
9.76,70.00346
29.986,48.48004
0.63,0.0011104591
19.977,0.56342334
109.59,426.00128
19.41,74.41961
0.077,133.2218
11.096,150.03494
0.517,0.056737904
0.14,90.245155
60.43,1.2170637
29.82,78.197655
40.424,221.6761
38.43,17.976677
29.077000000000005,43.674877
20.59,37.66911
0.0,70.04154
1680.2029999999997,299.1259
50.31,44.536938
55.503,63.933296
0.127,74.375786
9.793,0.18909305
2369.793,28.182371
10.777,57.80923
359.107,318.28983
99.687,44.816364
8.173,0.0019539222
11.157,250.66148
360.34,0.032450058
229.883,29.658888
0.077,122.59844
20.327,21.57266
10.1,2.742569
270.97,175.46794
10.62,102.094986
0.717,109.28288
1.25,49.897026
10.01,0.0011706346
19.007,52.90553
30.65,0.59205794
350.06,492.32043
10.56,154.64577
22.123,99.97404
19.857,0.47277662
108.91999999999999,26.60905
0.094,4.6013516e-05
19.826,783.5598
0.374,0.0072504934
11.863,135.99728
9.967,0.02567698
9.737,0.0005760952
0.474,1.3252478
8.563,66.4795
139.186,999.7875
109.967,474.9598
219.52699999999996,0.05673351
20.35,28.949629
39.377,0.00041401235
20.536,64.13996
80.063,0.0217246
250.973,695.598
9.153,0.006568449
9.493,76.17544
9.516,0.00017816569
359.21,63.961517
649.557,174.0841
21.1,127.46984
10.56,0.007989183
19.97,0.025091691
19.173,78.42818
181.513,40.333702
0.58,37.717422
40.403,0.0003877397
0.797,1.6052333
9.67,60.68787
0.093,5.095737
21.593,205.9726
9.66,0.11667737
8.146,33.719856
29.613000000000003,41.827087
10.776,69.88927
93.21,36.055344
0.43999999999999995,35.16965
19.947,72.2041
39.93,81.283714
9.617,63.346058
19.67,0.015108008
9.35,2.69089
109.72700000000002,41.21406
335.407,96.73437
20.9,46.689335
79.003,0.21490233
18.997,147.80281
87.394,0.69767535
899.547,177.03848
248.467,1483.0547
25.507000000000005,0.005790424
108.587,0.070642896
0.126,109.08355
32.643,123.806465
53.30700000000001,38.381264
21.457,80.414764
90.986,137.13863
9.61,0.98158765
0.043,115.48983
17.796,28.279064
8.29,86.42211
59.62700000000001,20.346766
10.304,75.19967
9.48,0.00026887417
10.403,0.014608816
99.88000000000001,70.2837
20.293,0.35145798
9.953,0.7603747
29.574,0.00027526918
10.96,0.0036196166
20.954,25.398233
89.333,66.73956
29.592999999999996,99.25927
20.713,39.86375
139.68,43.532413
11.127,123.40471
19.91,106.788574
570.107,28.544258
0.767,16.338049
10.077,116.67564
90.74,0.05252501
21.53,36.148098
19.237,0.013540394
10.843,0.0011463187
0.8430000000000001,0.034375496
9.693,60.255424
0.874,0.0012059715
0.157,51.78994
10.684,0.002193224
50.547,0.00023411396
11.067,62.675907
0.0,0.98158765
10.34,184.24666
661.057,156.65404
19.643,3.9475858
139.386,0.035988368
8.797,29.671745
198.87,308.06802
9.563,45.759796
20.143,0.00066841487
99.48,0.5592308
20.577,80.92907
0.7839999999999999,50.800533
1761.683,1166.726
30.49,227.00896
79.924,23.79668
0.657,0.012495537
19.433,0.2427444
0.127,0.03152615
50.107,497.19263
33.74,0.005790424
0.507,0.3122266
260.08,56.37737
29.347,40.06361
1981.1370000000002,222.10817
0.063,142.89899
13.703999999999999,0.69432336
171.587,88.442566
0.766,27.94857
19.583,114.81795
50.22,117.206535
0.123,38.184135
20.014,79.2528
90.27,21.527906
19.85,88.21023
9.343,0.024611887
19.164,29.397366
19.303,0.23955283
42.26,29.009138
74.007,0.01127239
0.06,0.10379899
0.313,0.00015273072
170.223,120.89354
39.523,26.88932
39.064,21.917353
8.67,67.02689
18.924,0.0005404982
0.047,0.06288882
259.217,147.44255
79.617,19.060534
29.406999999999996,131.67328
70.55,39.228622
720.71,583.0267
0.627,19.734352
10.016,72.67139
59.84,35.20592
29.974,0.34513414
9.587,545.1275
1299.684,1234.6547
3741.29,909.98126
9.67,184.70872
29.654,380.9572
10.71,177.73462
240.45,32.108803
0.10999999999999999,81.53661
799.436,231.62651
171.373,55.549095
10.203,1.2512499
150.1,3.8163745
10.323,65.38364
0.063,0.018287942
40.826,0.23915705
110.37600000000002,400.35602
10.147,23.110456
0.377,2.2672853
50.756,129.45139
19.83,217.68289
0.20700000000000002,0.0022980012
19.903,146.47021
9.617,53.54514
0.436,0.0036574116
0.20000000000000004,56.327225
36.99,121.58245
8.694,50.513462
59.940000000000005,134.32248
496.97,1252.309
319.883,36.08984
20.797,21.149046
40.393,25.887487
10.256,52.112854
19.0,107.958916
179.886,0.42822757
39.65,31.096489
0.63,0.008369414
20.027,0.007813922
9.746,68.83505
0.143,0.003961029
0.0,18.508976
1.58,207.32524
0.127,0.0016714002
19.813,1327.2544
0.14,0.15760091
40.437,394.54016
5.364,12.44961
109.937,17.75155
10.053,36.05342
9.82,124.09414
211.243,215.72891
0.266,6.6131277
9.887,12.363225
9.243,26.08316
19.723,23.65978
11.67,1.0823919
159.697,22.43675
9.85,1.2512499
5.596,0.3460996
18.91,36.971092
0.094,105.007195
0.437,212.70937
169.87,0.044105396
29.877000000000002,26.13181
62.033,260.52853
19.643,86.272255
341.064,127.7276
10.76,139.77078
0.58,96.894554
23.753,47.126038
0.156,460.2623
50.52,38.513474
9.68,57.253433
0.653,411.87836
51.034,92.16183
8.843,57.84214
30.143000000000004,0.3460504
729.513,85.1223
19.016,50.74243
10.183,528.3044
20.14,1.4578593
1330.32,1463.1907
10.68,0.08358026
9.497,0.0035728924
39.66,141.20004
118.69700000000002,851.88727
10.2,39.846302
10.05,37.492138
0.9059999999999999,745.7726
10.31,0.037731063
39.38,0.026897619
0.533,0.003328359
10.443,27.778708
39.607,64.003555
19.94,43.050465
20.053,0.21222757
89.316,961.96814
19.617,232.12672
410.6530000000001,760.7087
109.173,193.3922
29.175999999999995,341.3726
19.97,0.31271324
100.36,17.769566
20.203,43.014927
21.23,46.37887
109.31000000000002,0.0013742164
239.40999999999997,677.77423
508.75299999999993,1.974424
59.993,0.6340635
4400.416,1828.3502
110.203,47.1493
109.917,0.0018503251
20.013,491.82617
39.46,29.343533
59.274,45.73447
0.034,0.002550997
19.737,122.32728
20.054,617.46985
0.893,26.693958
20.843,41.626213
69.126,30.94659
21.59,40.337776
12.24,112.63606
118.954,0.5835249
39.83,0.10067201
29.87,831.02026
9.273,0.016029209
0.047,0.054386478
10.033,78.18469
9.963,0.4202033
9.03,141.68611
9.83,66.59191
28.805999999999997,53.786827
11.36,198.99509
10.404,2.7859225
0.437,42.433727
755.544,1082.3683
909.6,1010.1732
10.884,0.23829262
9.874,0.05000557
66.697,492.13004
130.083,31.986994
149.824,86.88572
79.636,63.096622
27.11,0.065997995
19.507,2.811046
369.32,52.45752
40.183,494.3993
49.96999999999999,100.63827
80.643,84.05649
10.883,50.179855
9.043,0.21064872
9.71,274.91257
39.883,54.572132
10.937,37.340527
8.887,44.607586
0.21999999999999997,0.046113655
19.9,153.89748
300.037,25.79481
19.903,37.434658
20.633,0.002163232
30.376,185.8009
0.96,55.22892
20.24,37.44934
20.57,48.470898
0.437,130.90465
79.913,1.1384908
37.683,60.079018
0.203,0.2549158
121.164,42.383564
10.043,0.37320152
38.394,0.3914482
1040.16,97.80366
208.96300000000002,745.13446
9.42,0.07447379
0.263,104.34093
10.42,0.00022399257
4.194,0.32311708
0.017,7.866669
38.59,21.50763
0.046,144.19302
30.343,0.07059878
19.41,99.745544
30.187,35.17669
20.56,39.87184
19.923,24.363909
8.55,50.51775
199.907,1.3147407
20.964,81.4511
40.837,9.446943e-05
1259.914,515.4668
70.217,59.970814
10.167,188.06374
8.733,51.97717
0.517,0.015443715
363.326,209.64519
0.767,0.10787685
10.017,320.19043
88.504,72.537285
9.29,7.33688
10.047,0.0012569431
9.777,1.4059342
0.14,0.035850115
109.86,71.39691
0.08,0.03135429
19.3,0.22840777
639.813,2.2111192
59.606,5.5849175
0.157,64.27344
0.677,28.56663
19.22,126.64979
0.047,0.0055620586
20.21,41.46718
130.217,2.8582613
7030.76,649.28455
40.533,20.355253
19.393,0.47938663
59.907,124.68771
99.024,2.8857067
9.976,140.86324
0.28,56.311405
18.437,0.46122548
1301.097,896.0098
0.267,0.006119938
9.5,0.3588611
10.063,22.000706
69.26,682.27246
90.16,86.55069
250.12,678.6933
55.223,86.167435
240.946,1338.0
2054.053,152.20131
1088.06,250.33704
0.063,0.2238796
531.144,1195.1531
8.957,22.71244
100.74,280.14478
30.323,28.223122
0.107,0.13236357
19.063,0.007072723
0.047,2.8812356
49.95300000000001,303.67307
170.436,130.9359
10.55,181.60132
59.793,0.015776742
10.534,161.8789
0.297,0.03544397
19.997,16.51336
160.894,667.7536
39.817,0.0065332884
58.63,93.95561
60.44,855.56586
10.103,148.99
8.807,0.9034093
80.224,100.97591
8028.253,2018.061
19.443,27.58597
10.003,0.43740246
239.55999999999997,47.524883
19.38,13.071468
129.036,316.81937
0.35,228.35904
2289.776,797.87054
59.883,387.17
30.314000000000004,0.093483225
2612.28,794.11273
28.89,33.169983
740.136,221.80035
29.983,17.292536
1.047,0.027619949
19.573,0.00017225086
21.03,38.921276
0.296,0.09767382
18.887,247.12456
20.004,22.469196
9.364,155.33925
70.08,207.54596
10.15,0.10198694
150.003,122.1393
920.704,977.62836
10.143,5.153238
615.246,131.17326
38.883,38.02121
9.954,29.56117
50.936,259.0726
49.227,60.41396
19.843,30.961308
199.673,330.1524
10.12,25.401114
19.257,4.463261
359.847,65.45576
20.053,0.0010192049
69.59,64.682175
170.357,836.2286
9.97,0.22449878
1.627,0.0053600194
39.997,160.52925
7.922999999999999,525.9921
0.597,7.663703e-05
40.46,936.9591
70.536,382.82288
300.31,232.45354
0.033,0.0061791763
49.906,114.26559
20.026,9.117694
19.833,106.70566
90.014,0.0051129563
10.536,0.07905784
80.003,267.67197
20.763,24.652536
60.55700000000001,244.49887
19.216,1.4575672
9.733,0.061644107
29.403,0.0020357142
0.063,21.308596
17.927,0.3185709
1.6399999999999997,172.63092
6.380000000000001,0.007120239
9.737,0.00094161136
9.71,27.240356
99.307,0.0052825897
20.574,1389.7018
9.303,0.29569092
9.694,19.27243
35.03,519.07605
10.287,271.59805
0.203,0.19442439
202.43699999999998,39.629948
9.07,542.68146
0.204,0.0010319686
0.03,0.9380891
792.766,889.567
30.133,1.1828008
0.173,0.05989848
6.369999999999999,0.001744148
37.837,25.11875
24.916999999999998,76.073555
4500.28,530.2899
58.940000000000005,104.72633
311.74,573.0786
12.699999999999998,0.03135429
240.37000000000003,111.74251
101.08,1194.4329
20.143,109.21608
9.116,0.37913275
0.217,51.484608
937.64,4.4817243
4.55,0.00088773627
9.557,694.7675
11371.757,1375.7126
19.863,0.0008726956
31.26,91.156685
19.66,9.0531066e-05
9.503,0.0044873557
30.052999999999997,0.037731063
20.043,0.14127596
19.916,4.0011373
20.21,65.08496
12.127,168.9371
10.573,0.31839868
0.563,0.003328359
90.25,214.54568
649.563,339.61542
382.97,621.2441
0.53,0.025232382
9.94,62.072407
19.62,37.93722
5.243,302.40894
0.296,166.31343
0.06,0.19927853
212.91,216.82724
81.307,35.104687
0.097,9.88774
12.067,115.645935
9.78,103.90347
0.08,0.09751429
11.227,0.059807435
0.36,36.219875
20.694,37.854313
0.047,0.009347358
124.12,237.48824
0.814,247.8202
10.92,294.52496
22.373,91.556656
0.407,0.0010321675
19.243,99.76681
1.926,98.540794
19.017,41.315784
29.906,35.42345
159.117,124.13705
6.51,36.058144
1.063,78.869896
50.6,174.56229
29.909999999999997,113.90783
0.034,3.069625e-05
269.537,244.48509
9.874,0.031750422
19.43,179.1438
19.35,96.47247
149.887,175.07976
10.487,20.715958
32.257,369.9799
76.447,67.48945
143.237,155.69025
0.797,0.00042933703
148.723,290.19702
20.037,4.298078
49.81399999999999,626.61816
40.937,0.21463093
9.54,65.956795
754.607,76.795204
9.537,0.6327509
0.407,0.010173669
0.10999999999999999,3.4636505
43.823,43.544357
510.42300000000006,42.110466
20.02,36.29273
599.654,329.632
29.706000000000003,0.9677946
20.54,1.8834553
19.86,400.22314
20.1,441.53488
29.733,24.804773
9.796,0.0055620586
19.27,52.6466
0.05000000000000001,158.195
1.156,400.3744
6030.003,1035.4525
0.063,51.592793
19.987,0.003184021
20.043,143.40424
250.64,15.641408
19.157,65.699936
9.104,0.024059067
260.923,47.81996
0.043,0.6857569
19.166,106.20823
0.753,0.16857502
28.82,142.36124
10.506,129.25261
60.07599999999999,61.609478
139.973,49.612114
89.853,47.21192
30.050000000000004,472.5374
0.05000000000000001,0.092808366
0.39,22.534954
180.864,79.888664
18.92,0.011031204
61.723,101.56537
120.07699999999998,365.38907
10.107,6.621501
9.13,0.016112063
60.707,2.6692863
0.077,0.0013269689
681.287,2265.1648
99.70999999999998,114.853775
29.454,39.57172
0.127,195.46349
0.203,1.1171398
48.697,0.9806257
0.127,41.367134
1.59,458.65396
9.773,67.08977
341.214,1059.2108
80.017,16.502785
9.446,50.45901
0.127,9.0531066e-05
70.063,138.22949
130.086,368.91266
840.25,38.589966
70.25,59.88442
10.264,190.41106
10.733,31.034534
21.364,6.9783855e-05
29.503,70.49214
9.74,26.60531
89.7,313.37183
81.13,37.448914
0.157,52.53184
9.63,3.4241364
30.646999999999995,382.50143
0.03,70.894615
1.077,0.0025927317
19.577,2.3294096
19.517,39.54316
9.98,0.0015389348
40.757,3.168419
0.373,78.61394
0.33,96.063934
4.656,59.86761
29.033,0.002392325
0.313,45.72883
19.697,0.028812353
9.22,4.5441113e-05
10.28,0.0033602843
0.0,0.13014196
40.027,167.5217
0.06,152.17665
10.837,0.048033502
0.123,0.0021176557
29.123,50.939426
0.516,92.88943
19.857,0.4586507
20.683,209.7781
0.97,51.284748
19.133,24.147524
19.62,118.47732
99.926,366.69028
40.384,0.016878324
1089.787,295.72568
19.92,142.08801
28.483,1065.253
119.84300000000002,46.02241
40.207,144.55203
610.12,172.00366
631.093,39.68035
59.919999999999995,28.59943
31.035999999999998,100.618164
31.143,40.657753
50.04599999999999,63.11361
19.997,42.405357
0.173,0.0038722984
19.75,1764.3278
0.097,0.10139061
250.123,518.9645
209.85,452.63177
410.4,184.86238
308.707,190.02008
8.637,54.074787
130.043,9.7542
0.013000000000000001,146.9214
39.956,6.624415e-05
10.284,0.00077475695
20.027,210.50856
7.087,44.44137
80.88,75.91417
159.207,1337.8097
40.64,90.1272
2994.874,2588.7512
0.347,18.669218
934.5760000000001,352.43924
19.753,77.55735
189.147,551.38574
676.613,1377.3971
0.10999999999999999,0.020775298
0.047,0.0023203578
20.367,53.273254
9.816,0.056424025
0.47,0.34661323
9.8,19.082962
350.217,26.609152
19.6,22.574387
1.05,73.60878
8.643,144.14845
0.127,743.6046
28.783000000000005,30.925209
19.907,25.460619
0.0,2.5624213e-05
9.323,0.014943162
118.94400000000002,21.662624
13.646000000000003,55.73674
20.433,57.093174
19.737,7.335034
0.047,38.733
18.806,87.888084
8990.837,354.93057
18.98,281.69644
29.590000000000003,72.25934
0.173,0.445154
19.773,77.54409
0.064,0.14250855
19.707,9.131103
28.894000000000002,32.835667
9.93,26.819084
0.123,303.58057
0.393,0.25538424
19.686,20.826754
9.757,150.54047
0.047,0.177667
19.9,54.841347
369.573,117.22271
39.014,119.000336
20.553,20.792524
20.003,0.00020829916
10.967,168.22054
9.847,0.025232382
0.017,33.70177
309.75,7.017582
49.724000000000004,591.12335
20.147,0.017443854
0.377,91.69099
40.844,29.174856
1.207,76.04983
30.047,0.10235438
49.317,174.0742
1409.06,874.19995
9.833,0.002611034
18.52,0.12967639
69.517,0.017119728
449.9529999999999,51.687332
9.966,0.06335138
10.55,51.656456
0.033,23.186089
19.493,65.233154
9.99,0.76597005
1.78,0.009439052
130.486,42.251804
9.283,180.03885
19.006,68.51868
159.793,40.123417
0.266,75.20799
9.943,12.890675
10.03,45.423203
0.36,48.200996
20.027,28.788977
10.37,1.8761538
10.777,0.004361081
8.916,50.601585
0.14,102.04932
160.123,57.54202
9.833,35.975918
0.23399999999999999,9.868695
20.223,1.481373
0.826,0.0033865813
30.127,13.906195
38.63,77.412186
100.223,288.7948
170.004,270.92453
9.423,55.363876
441.86,51.34353
26.144000000000002,2.078622
70.147,0.59159577
49.49,28.146334
7470.55,2861.8574
28.876999999999995,0.93130314
86.557,118.96763
50.51,88.51307
269.796,112.580124
29.633000000000003,6.5026856e-05
78.603,21.050901
0.0,1.0757103
400.60999999999996,144.86076
0.8430000000000001,0.0023062387
39.893,144.64285
10.24,0.039640438
20.31,68.77539
180.2,100.47854
0.0,1.0075496
0.203,56.68901
28.662999999999997,91.674736
109.693,97.6982
50.21000000000001,160.49171
109.86,80.83668
12.246,0.0004038475
49.896,1.6901456
11.937,162.39587
20.043,126.98204
2008.976,177.88469
3389.7600000000007,217.0304
659.593,1305.5604
61.60300000000001,507.62448
159.18,20.305067
39.58,35.188126
39.183,0.20487379
213.31,1158.9675
61.873,281.6963
0.25,0.0026167524
18.677,0.06575825
70.153,5.068192
93.796,227.47585
0.326,0.3244058
229.823,933.6272
13.323000000000002,35.508865
72.977,155.32065
4481.437,1986.9442
160.07,0.022391457
220.093,416.05356
0.10999999999999999,0.12484064
90.237,0.045606762
61.327,25.513874
10.08,60.051666
0.177,0.105057
71.227,106.92723
2060.17,27.382713
9.93,0.02148131
19.14,63.797306
39.89,0.018608864
10.62,17.84507
4.47,237.23622
71.43,82.99113
18.387,2.328881
119.80000000000001,0.0010001516
0.267,1.0612029
18.173,28.95765
49.837,37.094723
98.11,78.282394
60.22,44.151657
31.997,0.00033517383
30.37,67.64734
9.663,176.91832
18.85,0.035097413
110.354,137.34969
30.000000000000004,33.580383
20.003,38.553574
1.05,0.058523487
70.223,82.24987
0.0,0.27745008
12.314,31.462484
1.517,105.682365
130.35,93.17158
1210.933,1336.4758
2.19,0.12967639
10.5,0.0014577735
9.89,0.003980812
31.09,146.93327
59.364,0.01241281
0.643,135.04364
0.017,76.99963
49.82999999999999,94.20925
8.197,0.006849165
0.203,1.0358163
18.77,49.011738
0.25,0.005079654
22839.993,195.10988
10.537,2.6757574
10.117,0.005866149
209.87,46.87077
19.866,39.811493
170.953,74.27717
0.03,0.09727215
10.167,0.3526956
0.347,0.0024151201
19.82,350.1198
19.6,0.004548459
110.22600000000001,184.43944
1.22,50.39794
50.010000000000005,50.678566
10.056,0.020901553
19.87,663.2235
208.323,570.55414
239.71999999999997,1298.4601
169.973,151.22716
19.23,0.10385365
37.993,296.9746
19.466,43.823265
1.063,0.000632162
0.19,313.9942
0.076,0.0006555477
20.123,628.875
0.407,1.8675836
0.14,0.002835208
1.144,0.020775298
0.28,4.146371e-05
9.017,0.0152354315
9.523,34.378147
0.407,0.13380268
0.016,0.029638318
9.11,0.07529449
110.863,20.656473
289.85,692.4376
49.723000000000006,176.02132
18.247,157.05063
20.707,50.29726
10.04,0.97953975
50.67,54.20415
80.533,92.09035
8.843,0.015538871
0.9100000000000001,0.16833468
0.174,0.382857
9.944,52.822735
2281.243,1064.7462
59.516999999999996,132.16743
20.023,0.0007826165
9.28,0.006321425
39.507,0.00077628036
10.21,0.64474356
380.5,366.22104
19.683,366.71857
40.553,150.38101
19.817,28.419964
0.013000000000000001,0.10690381
19.86,0.042443585
15.453,48.21159
0.454,79.86011
0.21999999999999997,39.539
249.737,85.14459
0.0,86.35123
19.433,147.77948
518.033,174.34474
10.226,0.036984943
80.44,0.19229734
161.157,114.59715
19.11,119.38073
0.073,3.3248127
41.113,29.369932
10.01,74.177605
1.49,172.87556
8.89,52.62994
20.14,32.942116
29.847,148.07567
112.02299999999998,165.91023
260.113,248.92566
0.47,47.45582
100.05999999999999,33.913418
30.107,56.036366
28.9,50.260834
29.964,0.28145963
9.28,0.006849165
20.076,203.8663
30.266999999999996,0.29437053
130.946,46.94916
19.04,3.6326675
19.84,36.437885
20.9,1.9180392
220.0,91.404305
11.41,0.00031728295
69.827,5.064998
19.624,74.14138
10.527,2.6975396
220.06,76.41293
8.96,37.146015
640.193,55.84463
0.076,0.0051329588
19.296,0.00038854446
28.626,0.0002041044
19.313,0.38370973
50.61,60.608036
9.867,414.67648
9.696,51.079235
39.866,83.10669
18.077,52.885677
0.534,0.0027572496
0.47,39.746525
10.123,61.786663
20.074,3.2348406
8.293,50.496235
50.446999999999996,1213.8248
649.63,428.09546
28.893,3.328247e-05
11.084,154.64577
2236.606,2107.875
10.06,85.51455
3.3999999999999995,104.65555
39.907,151.36974
4341.47,387.51224
55.437,39.985573
570.307,246.88498
0.5,56.714138
15.69,667.6594
10.153,0.12475031
40.423,0.4569751
10.294,0.49973628
44.526,31.57413
98.01,325.4563
1.047,0.0034319889
0.94,0.0041530863
3349.66,24.403074
0.21999999999999997,0.023628354
19.613,30.473568
40.687,0.0037237334
49.997,13.961914
90.704,54.1452
0.03,0.99834
50.019999999999996,14.415908
20.943,268.13177
368.263,1442.4325
689.46,934.49725
250.243,920.4266
70.34,25.691822
118.20700000000001,481.96255
58.727,119.10488
9.953,25.152958
0.10999999999999999,81.5752
7.607,136.04591
0.097,72.15781
0.296,0.0015234994
157.904,627.1824
39.8,137.3195
40.087,32.30841
29.547,299.54498
30.72,31.721882
0.016,0.009603536
0.924,0.008658656
149.314,53.158745
129.783,50.188175
9.197,0.0013633297
241.19,32.412907
9.78,0.014032691
18.906,57.659935
0.327,21.76721
700.36,104.720314
0.077,10.099626
28.563,1.2611728
1656.304,1222.2272
0.733,0.032400087
41.413,0.015124905
2560.683,776.3321
10.43,0.11482191
29.873,31.966352
10.113,9.506806
50.284,248.62704
12.003,64.54216
9.79,0.041160963
10.9,0.023563098
10.527,83.52423
8009.434,1117.1667
30.402999999999995,0.0013943564
9.356,0.0022045984
0.9569999999999999,36.302155
50.767,120.24365
349.95,149.69666
88.486,71.52816
29.953,43.080566
2379.746,878.93085
110.16,32.360477
8.153,0.116453916
49.547,275.4839
140.267,68.28091
0.8129999999999998,277.17987
552.25,334.31946
9.76,94.329765
46.923,33.14413
49.993,0.13474798
49.717,34.840122
9.676,0.07632114
9.786,195.46349
170.113,116.5415
9.783,28.623213
49.083,61.453808
229.733,261.4182
9.486,7.009598
31.05,387.75546
20.284,0.0033605727
0.06,0.01311727
9.327,0.088222705
128.8,827.06604
9.587,154.24985
20.203,0.0003115089
279.743,3584.0908
9.73,4.3135096e-05
8.0,31.462442
10.0,6.2550545
40.496,179.84932
0.343,0.91014653
30.127,62.532124
9.956,36.395077
270.2,8.634518
0.39399999999999996,0.0043823775
9.923,259.8842
230.227,26.51282
19.834,0.014931752
19.697,23.439837
5.187,36.638763
240.073,452.50854
10.027,0.13014196
9.567,0.03344088
179.944,71.47647
31.89,45.897587
9.28,0.0027237912
0.123,0.22543442
19.246,176.72876
69.06,258.74893
40.21,28.34243
539.607,88.86926
19.473,88.75894
20.137,431.32706
9.95,47.162464
19.537,53.390064
12.513,0.042941686
0.297,0.018450601
9.93,161.77777
81.547,59.92493
10.1,0.051976383
10.157,0.05632532
330.986,77.151535
19.363,134.84592
470.573,21.513762
20.763,282.74213
99.967,748.472
0.267,0.17902766
20.447,0.6653403
0.03,3.5020912
99.657,46.215855
0.47,145.13142
9.923,23.03245
20.207,191.15088
29.58,0.03192461
528.886,86.894646
39.833,46.981476
0.21999999999999997,0.026529346
19.353,61.23755
29.363,0.16859382
80.197,213.90024
40.84,3.0318296
3458.703,1087.2498
58.354,81.01495
76.833,1.2665435
20.876,24.590029
11.08,0.0037195734
0.25,65.56702
389.46,247.74904
36.014,30.108534
20.43,0.6367529
10.093,29.214619
189.354,0.2549158
0.267,0.05000557
229.98,60.510685
39.074,0.6327509
21.84,33.00937
150.123,89.94053
179.41,426.89175
1520.02,1265.6544
29.285999999999998,53.96504
40.88,34.83514
9.126,0.0022056622
69.99,28.009146
39.433,439.44376
70.243,630.8155
27.674,56.05771
649.863,654.92365
9.513,33.44437
480.367,2153.1855
180.694,5.5714383
19.57,154.62228
0.25,0.21859838
20.42,62.173267
19.717,0.071082085
30.657,9.3675284e-05
100.20000000000002,46.94758
30.8,371.69623
489.5,336.10168
79.893,187.79478
9.934,48.47092
20.407,55.918312
19.98,522.4905
0.25,0.107877165
1.923,0.16754094
159.713,526.3723
230.02299999999997,32.99998
229.976,498.52292
30.100000000000005,0.16849867
10.727,40.649734
105.673,131.1607
19.503,71.40231
0.58,146.70586
99.91000000000001,743.6046
0.097,745.7726
201.133,0.0006776173
30.68,111.19771
19.084,25.535675
0.19,0.018407555
9.373,0.00592275
3250.067,1658.7097
10.787,105.248405
19.057,0.47045445
20.214,0.09616144
19.317,39.75115
930.404,44.954887
30.197,102.77833
99.61600000000001,0.7844867
0.25,0.0013953489
59.833,9.472602
2170.35,2058.1677
27.614000000000004,98.825516
340.1,412.06464
0.597,29.852667
0.647,0.0008168856
10.486,57.544018
89.147,0.6445192
6.317,49.341213
10.207,52.397312
19.043,0.0439174
244.81,430.33835
10.083,33.427914
8.463,70.263824
0.97,0.07447379
80.273,185.67781
19.626,0.040833168
10.817,163.83258
39.977,0.09804105
140.0,21.063095
9.897,43.340164
209.773,235.45293
0.144,5.6665736e-05
120.403,483.7025
10.777,0.006949126
9.606,0.023281408
0.69,0.0029217945
1260.114,520.06793
0.516,0.000263966
5752.573,2780.2976
0.237,0.00023342062
19.283,0.0007700191
11.353,0.003961029
9.51,130.90465
0.517,0.0010297272
1084.113,1408.6558
19.707,0.32418808
20.68,2.70395
10.214,21.694466
39.254,25.359573
0.047,22.3046
10.35,1.5279783
19.593,61.6403
109.936,0.96072334
30.72,25.753338
308.837,603.3458
19.62,102.78795
0.143,244.57967
19.977,0.074126944
50.12,4.89168
49.893,48.51886
289.253,265.9241
20.33,138.93576
269.427,93.66177
168.813,119.681816
179.354,144.2598
168.886,374.10892
550.324,104.68234
19.763,364.84827
40.31,3.9858468
21.543,44.040684
21.44,1.1054968
60.13000000000001,1350.1792
19.86,128.64084
50.043,50.98698
19.924,1.6052333
70.263,41.660057
100.176,0.01925034
30.173999999999996,21.361076
19.607,217.70944
720.303,1103.458
21.657,130.63312
10.477,21.576895
20.147,0.0008726956
8.18,0.023735113
0.077,0.0019432224
30.127,0.010915379
0.33,0.47938663
9.94,0.004791685
1750.063,809.15753
9.567,85.16681
19.89,0.0027230845
30.086000000000002,0.0065332884
10.41,0.0026903744
69.876,44.225273
70.84,0.005936599
20.487,27.208527
19.873,130.98766
19.65,359.1773
37.18,37.777664
71.013,27.810839
311.65,151.69876
19.633,453.16388
219.68,7.208218
19.363,0.7998994
9.647,6.1902704
27433.88,45.06348
80.21,68.511
79.306,301.52917
10.613,70.474655
18.343,76.99963
139.133,77.15506
10.356,0.1509278
0.017,163.53854
669.923,109.420296
20.03,3.081184
20.096,0.009763984
39.85,252.17676
0.783,0.52142435
351.147,458.10208
20.404,84.57169
164.573,293.12796
10.896,92.54082
1546.253,704.4091
460.27299999999997,413.96786
10.004,0.0015662912
44.017,109.24029
18.337,52.495716
10.273,63.346474
19.89,16.42576
9.96,0.011031204
20.47,339.09732
9.437,0.00045265272
10.45,54.902817
18.54,47.81976
0.156,0.0009505346
30.789999999999996,0.15999058
21.57,57.25338
70.936,0.010554093
8.807,610.2158
9.947,40.008385
59.964,91.29465
1.594,37.90411
10.0,6.2550545
0.313,265.1112
19.79,53.600437
31.332999999999995,0.011848216
9.017,31.566051
9.703,0.07689678
9.537,32.504562
150.39,29.091354
0.653,0.0053427187
19.77,0.0519512
18.834,81.36061
0.69,22.393318
11.037,37.07141
406.24,77.28525
0.0,0.99834
1.127,122.78175
19.893,574.5108
869.69,120.43119
0.986,297.24542
69.447,105.08547
9.563,0.025216095
99.84,406.50845
20.01,1.6837621
117.72300000000001,393.68176
9.3,0.0039408705
10.29,0.06164404
9.977,0.6999933
1010.1469999999999,1845.2592
140.116,476.72604
4334.19,943.66724
10.09,0.020282194
1.357,11.451605
15.1,105.198296
1.113,47.534172
10.204,68.88909
10.144,100.45654
109.977,0.043581948
0.267,4.5979364e-06
159.23,2860.7769
1.08,111.42779
10.11,0.2690899
10.46,23.56327
0.10999999999999999,164.36496
160.16,0.22373529
500.083,1635.9808
77.573,433.80856
50.25,128.72206
9.51,315.8461
20.797,29.491617
10.097,16.86962
28.637,140.90605
119.814,0.17697687
11.033,41.572243
1.016,26.00702
30.583,34.934593
19.294,0.010814293
19.563,0.46122548
450.056,1.139462
0.77,61.858475
29.597,0.18050683
10.306,146.87036
58.304,0.595789
0.547,1.9751891e-05
79.7,0.26563528
0.75,146.9214
20.283,46.900494
0.284,6.4879065
48.636,82.33755
9.667,0.535733
75.67,207.66762
49.29,0.62974095
121.377,354.61295
19.75,142.67357
10.003,0.0010463462
2329.103,813.9216
40.497,89.63395
18.963,0.0010729609
9.863,0.0844827
9.943,5.9455924
1860.713,2215.1033
1.32,25.360432
3370.0930000000003,868.30554
179.773,325.36288
10.613,38.60092
39.984,29.846418
0.123,0.011864895
29.876,89.04143
66.25,26.052052
10.477,39.947903
78.67,7.939049
10.167,0.000529039
0.47,39.959328
19.833,825.6511
1.177,0.0002816095
19.53,0.946819
0.8770000000000001,109.49937
11.563,201.94743
9.406,0.014032691
9.41,23.702705
10.093,62.167465
249.51,56.61945
240.47,68.40238
59.77300000000001,41.43615
19.977,84.47843
70.603,0.622005
0.124,61.858562
40.863,26.50874
9.687,1.2304507
9.597,0.08313557
329.906,55.888515
8.913,35.975918
4.973,0.055785436
9.864,90.75602
8.84,60.478218
219.97299999999998,173.16153
19.617,0.053989545
70.07,97.42666
19.407,83.671074
953.41,123.58635
19.82,0.026312428
20.076,109.96659
16.61,0.9441337
2.224,94.60487
19.703,0.027611574
90.4,102.41778
7.097000000000001,102.923004
60.327000000000005,0.050473567
130.843,0.26173508
679.486,575.5244
88.63,69.0628
230.47,349.11206
19.907,0.29978764
89.7,544.99945
9.746,0.021805823
166.31,20.232271
10.067,78.51355
19.28,584.59033
20.12,0.20845245
10.18,37.187294
10.413,0.011552084
109.683,17.78322
11.563,3.3248127
9.98,37.887783
0.093,30.743214
241.07299999999998,146.03407
9.703,17.446802
639.84,46.213165
20.803,68.628494
40.493,72.801384
0.25,433.77313
19.874,0.06335138
20.16,61.010216
129.906,2.2156613
10.616,7.5592046
9.336,4.67598
0.076,21.445759
30.25,10.171342
60.473000000000006,126.05763
257.503,94.099236
0.127,0.01209667
0.16,5.1629214
20.603,0.75438637
2616.553,186.60025
119.68299999999999,17.151356
3391.334,136.8506
19.47,35.267586
59.686,32.736427
759.284,976.8717
30.794000000000004,26.487083
2.11,965.05115
19.416,98.60936
19.78,3.8867907e-05
19.43,107.52935
340.023,544.8265
59.873,50.607098
349.087,20.296387
40.157,168.64432
120.343,125.987015
19.46,0.0068015186
9.806,25.979504
0.283,28.512905
0.38,9.880427
20.383,765.50995
0.64,58.605213
8.987,0.001879338
29.894,0.03884304
19.707,123.72068
19.81,0.0030918033
0.52,45.365284
11.207,185.49539
70.13,154.44658
120.12000000000002,0.0010180392
30.473000000000003,155.74179
38.957,42.484024
0.374,0.023751328
98.333,22.984112
70.106,45.81968
10.033,110.09638
11.57,20.476198
0.013000000000000001,0.29437053
0.187,0.060214292
49.92999999999999,0.19770624
20.747,12.44961
19.283,378.20233
0.406,0.008959731
51.766,47.099525
100.22000000000001,230.08919
10.64,0.003606235
80.11,0.6755955
19.88,120.83485
39.417,50.591988
140.527,23.183846
9.94,59.18449
19.85,84.62739
21.513,101.97145
29.966,0.25538424
1.5929999999999997,0.020973036
0.36,0.0009882147
9.937,0.044006914
19.804,0.0005733755
0.017,0.009347358
1909.57,4208.6045
0.123,0.18118462
1401.767,23.061502
11.88,49.434757
539.19,128.9004
529.896,234.23781
490.28,70.6932
100.75,28.409533
60.33299999999999,246.15384
10.854,179.95769
19.443,0.0033949302
9.936,122.2731
9.706,0.003392341
0.8170000000000001,59.103065
300.823,30.653912
0.14,0.017536746
10.734,27.609869
20.35,36.742928
150.263,785.6774
20.05,164.31706
0.92,52.47647
0.263,0.022749275
11.117,0.0025028829
8.593,0.013036294
151.153,1039.7316
19.86,436.06647
19.78,27.676481
9.344,0.15088348
39.55,0.40022475
799.7540000000001,102.17859
4.86,39.07262
0.263,25.351137
7.493000000000001,187.06181
39.793,21.694466
0.657,0.010227076
301.176,98.96785
149.793,97.279366
19.756,33.253674
28.906999999999996,31.74847
0.124,0.00046207994
109.49700000000001,954.91925
20.107,0.0012892786
9.453,0.49747717
30.967,163.18643
99.86300000000001,28.48855
20.303,28.183521
0.127,0.5019975
0.673,0.0014181497
2973.607,896.2849
10.354,151.66832
20.107,122.6447
250.907,21.414616
20.963,93.50411
0.156,0.038755935
50.694,0.0012972931
0.123,39.164604
9.18,0.009751757
39.047,46.04647
0.08,0.0005069711
19.97,475.96945
1.11,40.577595
280.12,59.064022
80.053,209.94176
0.21999999999999997,4.0427923
90.773,0.79292643
579.467,2.227564
299.92,15.633252
31.340000000000003,43.515385
184.44,27.974249
830.033,305.99667
0.21999999999999997,50.89383
21.853,175.11104
19.764,752.01184
20.043,0.7380062
30.476,0.68695205
17.707,31.005407
20.983,65.67971
9.44,0.011399927
9.924,0.15912656
9.89,36.073406
85.967,597.6034
10.074,2.4703653
268.96,0.43043932
11.127,0.00039976116
9.943,0.009068122
19.68,110.073555
5973.857,2531.1284
99.76,34.77676
29.723,3.1915326e-05
199.31,640.17645
0.36,0.019038793
0.013000000000000001,47.0166
20.046,46.346264
20.25,2.513131
590.21,3483.1067
7.173,25.920954
20.67,76.99963
18.997,16.325546
0.23399999999999999,0.10007689
40.1,669.87103
49.176,56.188816
527.053,5.944305
121.62300000000002,156.10863
259.99,1256.0725
99.98699999999998,116.31722
110.34999999999998,0.101872124
10.26,54.544586
9.873,0.00045389857
9.807,0.58384216
9.9,3.0318296
0.063,0.8054622
1192.32,216.69778
0.296,0.060851365
10.06,173.64392
0.28,0.1035452
109.986,1025.3768
20.88,39.43969
9.867,0.00036620317
4167.1,438.11664
10.187,0.023717554
9.733,0.1956065
91.127,35.62687
200.26000000000002,48.7472
0.504,0.009849314
20.22,56.07767
60.123,35.5632
160.954,91.64508
19.94,0.36194167
1.477,75.276665
0.9529999999999998,0.0005509252
0.827,0.019913495
140.837,171.82487
19.597,487.29645
20.173,0.70701563
119.696,3.036766
38.93,161.26428
3.037,54.247505
170.037,30.130743
1080.1,46.8002
16.377,738.2216
18.53,2126.674
0.10999999999999999,0.0920397
9.98,0.02880889
20.243,328.9287
789.997,2302.0176
90.097,20.881903
89.386,0.015506572
3098.16,0.14253777
19.043,74.07052
1.436,0.020973036
59.98,0.27724773
19.497,58.411015
18.964,61.136288
18.934,93.49473
1.034,659.15356
1330.473,289.54312
11.294,110.50895
33.487,2604.0034
1.487,37.887783
9.76,44.598854
39.954,46.920208
70.3,141.64954
38.864,56.350998
120.14000000000001,0.06368666
20.997,254.59763
39.463,0.019877542
40.45,49.69446
3038.984,434.5081
1140.64,250.66577
7.15,0.0075634304
9.987,0.4734304
0.093,309.7508
0.907,0.0029511878
6.053,0.22373529
11.483,0.0152354315
249.33,176.08804
350.663,465.11807
20.597,217.04398
129.907,759.6471
10.9,0.03344088
0.263,0.0031975682
9.96,29.537304
3.85,67.763374
139.516,217.66264
16.73,18.60123
21.247,163.05678
40.103,17.701132
9.574,90.18491
8.764,107.39536
20.033,592.2077
0.093,50.083477
50.694,110.98672
29.577000000000005,0.07299315
1.407,25.019596
20.99,0.00047192397
0.19,24.153128
176.11,8.182051
0.064,0.0028054873
49.866,0.004873376
1379.604,5112.903
150.003,112.19044
0.31,32.37925
1446.11,722.02893
38.664,24.525782
28.72,54.557327
68.85,169.45657
10.383,152.32005
0.8129999999999998,48.85125
39.51,165.0869
19.254,110.80152
20.227,27.585526
6944.5869999999995,3929.7988
10.457,136.38684
177.567,24.269932
0.327,103.03377
39.276,755.65216
10.733,0.0021176557
11502.907,151.63068
29.013,111.15165
30.910000000000004,0.19445057
20.687,0.20539182
941.0399999999998,1.19445
0.253,74.71608
23.533,66.139404
210.74999999999997,557.2345
19.213,0.009825157
0.064,10.967079
9.15,48.85125
169.22,0.0028665557
0.39399999999999996,0.4675321
9.69,0.020282194
189.12,964.4366
0.013000000000000001,47.96398
79.763,23.787823
21.47,190.63263
29.257,97.93533
410.04,189.20207
13020.066999999997,5574.4546
0.25,0.22456427
20.034,528.9457
300.01,590.97095
31.842999999999996,0.079452075
19.58,51.13933
30.95,229.44775
329.233,642.79266
40.02,6.5251694
10.463,1.3580245
10.03,43.050465
1.017,45.0161
40.74,160.72754
75.73,28.66606
0.03,93.621544
11.144,111.47958
30.663,79.79417
10.053,317.36545
20.02,60.93741
0.016,0.00041303592
2010.04,754.2244
19.973,45.702103
50.534,220.41058
8.917,27.172346
9.49,0.00031454852
10.073,31.780317
1071.387,114.057335
19.037,3.7345262
0.0,0.31271324
689.653,61.69548
709.1,67.1355
20.19,0.09723356
0.874,0.0014763562
40.123,50.95275
580.023,33.08493
7.843,0.013008277
29.970000000000002,0.011008242
18.716,29.84558
19.627,0.091555215
4.663,0.008658656
9.464,106.07595
1.186,61.771774
261.363,23.134007
3710.064,880.7111
0.42299999999999993,0.15131202
179.03,1.5714009
70.523,279.58813
30.086000000000002,31.896
161.667,398.69162
10.12,0.009748976
1289.493,578.3167
200.07000000000002,167.91197
231.063,515.06995
9.643,38.750168
766.277,99.804794
529.946,45.274147
0.483,5.778942
10.043,0.00027445034
590.083,449.01657
31.310000000000002,1492.1217
10.494,0.06658378
169.47,601.1141
30.097,32.809814
10.28,141.07324
20.347,136.64746
19.63,54.309246
1569.99,179.96906
14.904,25.594477
718.407,327.60962
19.323,0.031750422
422.627,137.21704
10.873,0.1706609
1.237,0.105057
69.963,38.15411
0.693,47.926632
28.943,230.77776
61.22299999999999,418.6385
0.737,94.43846
0.17,0.035097413
1030.056,626.25146
8.836,142.33427
9.4,0.44209936
9.22,0.040892906
19.697,0.08698866
20.01,38.733
19.106,424.32043
1050.17,360.89322
100.213,67.30508
9.756,0.0031666395
9.907,0.46195355
9.506,128.99161
49.973,33.580383
19.72,28.535538
190.397,71.981415
19.643,3.3423762
0.08,0.0026521166
18.91,467.20547
19.597,102.85768
0.19,0.001974972
159.954,222.95668
0.094,0.17373483
0.14,30.961308
19.02,66.10134
20.057,51.75331
32.847,28.119474
29.959999999999997,24.643574
350.15,19.522518
29.363999999999997,31.114275
0.547,80.332306
8.947,0.0025139158
10.317,0.00044432798
20.823,91.29459
49.05,67.81686
0.173,177.92941
8.3,222.86629
9.936,0.00024709495
31.17,165.2633
79.553,458.78693
0.21999999999999997,0.00039679394
19.514,32.36382
279.74,265.3718
79.473,72.30243
10.046,4.079237
60.934,707.47797
17.966,0.14127596
130.173,218.30402
40.2,50.554855
270.29,26.856295
20.353,111.83263
0.047,0.002265695
19.733,76.44776
7.293,107.14842
7.614,60.007477
19.83,0.019423837
21.806,214.22185
39.267,334.8254
9.87,149.12624
19.047,39.164604
30.637,8.246841
0.767,0.029283248
5.11,0.0038093063
70.113,1.3392512
10.097,0.00592275
0.42299999999999993,0.008369414
270.0,65.73171
8.41,88.21023
49.62,114.92729
9.683,71.701355
19.377,19.421425
1049.644,262.9303
39.583,0.00052660063
419.91,153.16672
249.24699999999999,32.68645
2.03,40.080883
529.317,340.76022
10.06,0.00031728295
19.584,77.46259
10.05,435.1116
19.774,16.240366
40.357,166.63007
29.477000000000004,0.06767098
10.303,82.1671
380.343,293.87628
40.15,18.1888
19.933,303.79688
21.027,221.01207
10.83,30.690731
20.124,0.37509224
0.17,79.93935
29.683000000000003,107.72529
21.147,115.48983
0.017,132.63234
0.546,49.785282
39.3,40.337776
110.15,4.598831
20.413,0.21763486
29.773,0.12267416
0.406,0.0060808714
159.693,310.55392
39.237,27.921808
20.193,133.05913
24.81,35.8012
0.763,42.22224
20.267,109.05517
0.067,80.155685
40.427,474.58017
30.954,412.0122
51.05,66.760895
70.314,21.18229
48.746,0.9855206
10.006,0.0064466945
99.79299999999999,69.444984
8.81,0.008959731
11.413,92.88943
8.35,5.1024863e-06
8.126,90.14372
69.793,126.1206
0.483,6.6514397
18.75,1.5279783
279.947,147.42552
1.25,46.374554
0.096,0.67441434
9.3,0.8453886
0.114,0.017222665
269.903,99.908775
131.58,250.51978
7.073999999999999,56.874058
71.367,1577.3494
19.39,128.9792
59.94400000000001,6.6611757
20.004,2.5599675
0.173,0.007250335
49.54,46.159912
30.093000000000004,30.990982
28.967000000000002,185.79993
62.956999999999994,87.43156
0.47,0.019508377
19.667,169.52116
30.523000000000003,0.009685727
9.927,0.45525387
7.663,123.37718
29.836999999999996,73.58853
39.82,84.27337
29.77,179.3424
0.18,27.42526
0.967,31.462442
38.657,21.452816
7.829999999999999,118.6875
19.7,54.053356
0.10999999999999999,0.003606235
0.42299999999999993,39.62902
19.69,16.325546
20.564,0.8497216
69.444,557.116
0.436,0.124715716
39.737,150.52136
9.337,167.99219
20.154,30.960722
0.123,192.5457
0.156,26.885414
9.954,1.4484084
29.544,166.1908
10.446,650.2025
30.064,89.40148
0.017,3.3245546e-05
9.643,6.2838273
80.267,5.671505
49.13,336.6103
71.217,47.066895
190.706,2217.4104
1030.476,841.6193
20.91,78.44089
0.25,29.92659
0.127,0.0036196166
51.24699999999999,108.59482
659.883,1017.54474
20.03,29.096308
238.74,152.21355
0.013000000000000001,73.232796
118.82,37.83534
20.417,26.128725
0.267,0.42896572
20.263,904.249
370.067,21.240278
39.277,27.202133
80.17,106.22829
290.963,1767.8639
10.086,79.509605
840.7439999999999,73.128624
0.14,6.026095
0.49000000000000005,91.556656
19.84,112.534294
38.287,423.87726
21.656,27.749065
18.944,0.0018768662
8.407,140.66118
9.03,8.4281645
149.85,680.53467
1.08,0.0034645183
10.873,466.88782
20.223,0.025798697
140.116,93.468025
9.22,2.2128363
109.68000000000002,103.32708
30.26,2.6643116
9.984,18.2247
19.813,51.568596
11.41,0.025216095
169.643,121.40109
9.394,90.365776
537.927,600.3806
0.0,0.013540394
10.047,1.7798795e-05
0.097,0.007146137
0.077,1.3260543
21.49,152.17665
10.834,257.8564
19.9,0.00096085
0.097,0.01792721
7.43,50.060886
20.264,297.24542
3.02,105.599625
0.25,78.629074
9.717,396.28278
4712.233,1523.6935
493.473,322.35416
10.257,351.42825
19.543,0.074625656
170.353,0.015157609
50.097,33.628647
18.007,80.59681
18.454,123.44993
0.23299999999999998,0.0010319686
0.14,46.55277
159.786,33.563957
28.223000000000003,220.96298
48.567,726.9665
139.85,345.16785
79.217,147.59116
1299.77,881.64374
49.71,368.11298
0.08,0.037335217
18.114,30.551449
19.24,44.35291
69.817,100.281364
99.93999999999998,85.38711
40.403,0.07228884
40.173,0.011586884
90.437,50.907036
300.03,0.18292344
0.077,71.85019
1390.636,1137.0443
9.84,0.07425649
0.24,26.819084
59.493,21.179136
9.67,54.993378
19.99,31.114286
0.43,0.091901645
20.26,18.486542
0.14,5.964966e-06
130.04,914.05646
10.37,0.11408656
49.88,0.013504158
1606.78,727.10077
43.784,81.08826
30.277,0.0004655602
19.597,532.9854
20.063,144.42632
0.10999999999999999,0.1956065
30.06,140.27187
39.737,1190.6066
16.36,51.484608
9.754,13.00742
21.006,172.33885
20.17,34.758717
108.74300000000001,37.41775
1.436,98.86386
1990.473,151.45197
160.313,3.871574
13.05,37.76175
29.393,159.739
9.7,3.5723743
0.204,1.7716669
43.223,249.08084
9.61,0.0019539222
0.39,147.80281
39.847,40.863163
20.807,44.696297
1.017,0.021906307
259.503,659.44464
85.94,196.873
40.823,262.74478
9.964,72.83744
41.01,30.548702
0.08,0.0628676
20.55,0.029141556
50.143,19.838087
79.017,1382.9908
168.976,438.42267
639.806,303.8031
9.283,5.9316325
0.94,0.0029511878
40.95,42.477016
59.887,76.348755
5650.373,325.37122
239.203,0.14213611
0.064,286.75494
19.273,38.606037
10692.693,240.9274
49.837,22.707159
118.68000000000002,118.121765
0.814,0.0005149429
10.21,0.13206725
170.096,1713.3451
10.064,89.04143
40.333,38.085396
1.254,64.84989
19.23,75.83375
79.934,119.9885
10.137,0.2442916
19.543,0.39580917
30.502999999999997,528.4734
9.813,0.00022074502
290.087,340.21655
19.143,162.8983
18.997,0.2805696
379.92,1175.9224
10.237,48.200996
79.67,2.8195055
18.7,1112.7076
8.484,371.69623
69.62,18.095215
0.75,0.10385365
10.013,16.793818
90.434,0.94910693
20.394,0.046552204
20.917,1.5836285
38.833,2.509936
1.6699999999999997,26.716482
60.107,0.98175514
6432.033,84.26596
19.493,0.0020010902
9.91,0.16913879
22.37,16.476826
37.987,151.38658
10.063,0.00027445034
9.986,50.635696
59.88,0.104004994
19.704,1102.4757
10.82,55.22892
40.354,365.95068
19.157,56.3273
1719.2500000000002,412.29642
39.84,121.424934
19.66,9.36145
0.19,0.00029007482
19.887,29.551666
128.43,801.16437
0.093,0.024611887
119.263,61.474907
11.304,0.0018788575
569.624,74.85869
39.716,146.83463
60.257000000000005,0.0010391622
370.023,96.34974
89.94,979.7336
10.0,54.205715
59.089999999999996,155.5653
0.467,0.00078261364
78.71,476.4478
19.917,107.03101
30.982999999999997,45.46182
10.65,147.70076
39.414,35.37622
159.63,80.66968
50.903,63.836
0.263,57.72695
89.604,1309.8649
0.72,0.032122023
19.386,0.0061791763
20.217,97.984535
19.9,75.51621
20.2,0.022707967
579.567,1942.8724
240.827,89.86786
60.987,23.589937
90.877,52.22402
0.25,3.2184217
39.77,262.26865
20.357,0.010170634
19.844,0.021075573
10.1,44.03189
19.717,46.19712
50.040000000000006,32.90835
2031.327,383.773
20.697,157.9381
0.33,49.17929
22832.073,50.22154
10.257,0.0066185775
19.697,0.004006872
40.063,169.33089
30.047,28.610975
89.627,0.14743215
9.62,64.15082
8.767,106.84302
9.133,2.3932202
40.09,273.73093
21.28,78.21955
240.85,1887.6952
20.3,0.0007777522
8.757,0.080132216
200.386,226.16656
79.857,517.614
10.076,0.00072678743
1.407,69.5545
20.687,124.42241
39.9,1.8761699
60.63300000000001,6.59613
0.313,105.682365
21.346,0.18897316
55.984,324.1894
30.323,54.993423
19.4,24.331038
29.763000000000005,50.995945
91.64,0.2052387
0.046,0.014370275
179.76,0.0016104723
9.61,37.752033
90.003,0.057989463
18.236,0.0011279762
9.34,0.017536746
29.766,56.746395
10.023,24.996544
0.25,0.08192562
8.713,0.15131202
9.733,1.0033356
0.203,100.94924
20.937,0.86854887
19.564,39.767193
30.263,29.812572
20.55,0.8499648
10.296,19.669386
10.037,25.636631
8.93,0.11462126
50.68300000000001,51.2718
120.28699999999999,109.22955
10.833,42.46332
19.11,42.01535
9.57,47.535255
20.95,111.89501
50.15400000000001,208.67253
0.296,108.49767
17.797,0.24137157
29.069999999999997,36.2361
2869.993,1195.5968
509.494,301.45856
40.037,33.628647
0.03,8.487043
311.287,140.58463
199.86999999999998,1353.3708
18.657,83.7021
610.107,309.79825
179.993,120.31364
11.633,87.678185
0.123,62.717793
9.27,943.6091
40.566,969.4312
350.39,270.7958
618.68,163.87773
10.74,0.033824775
49.344,110.63658
18.964,111.850914
1.41,0.07854163
29.879999999999995,0.006173128
0.23299999999999998,0.04588567
518.96,15.021003
9.333,32.878284
0.566,0.00091814966
10.176,73.51082
779.004,2123.2864
79.527,49.130424
80.377,95.48198
0.25,225.2237
0.093,26.771809
110.25600000000001,138.53537
8.637,130.90465
10.08,35.27833
19.873,28.67325
79.934,1.2523255
2020.16,155.02116
39.643,0.02567698
19.73,20.145664
39.59,41.226868
399.353,140.32773
70.146,83.87955
110.057,482.4075
20.44,39.117714
379.933,206.19427
1.004,105.41284
845.2099999999999,489.66705
80.083,0.087773666
19.21,46.39307
11.487,138.93576
29.814000000000004,19.3335
9.816,0.00029573956
89.567,66.41004
11.31,86.206566
29.436,0.010987444
21.74,215.1259
20.827,24.633032
108.913,852.3534
20.077,0.0011337029
10.967,0.11791252
27.996999999999996,442.0793
10.15,31.974194
61.157000000000004,14.75099
0.10999999999999999,41.832767
0.064,66.56619
260.136,78.27357
140.677,32.349113
150.337,279.31174
10.404,0.621248
1120.47,262.84573
0.376,0.0008830701
308.367,542.79065
179.117,514.972
52.236999999999995,76.17544
9.773,0.008588177
30.11,791.63947
0.28,60.652187
8.847,26.898626
99.937,157.51808
31.626999999999995,0.0014191021
10.724,381.25925
539.353,22.466413
1.063,127.657326
39.693,44.928944
0.563,0.00034671422
20.043,475.96945
10.184,2.9523782e-05
0.313,39.106907
20.13,0.0055493843
10.433,1.5736394
10.3,0.0064256475
29.92,1.0401815
169.853,44.79081
301.357,0.016048634
0.034,0.14998709
89.69,987.0973
150.13,443.283
19.24,90.245155
39.04,0.48415565
49.940000000000005,425.4232
550.707,213.18774
9.88,6.512774
8.994,0.106543705
11.39,135.1355
100.386,34.255226
19.397,0.0022074047
8.837,0.0005647866
6341.594,3138.6875
21.56,163.4585
39.51,0.18050683
31.38,27.140871
1230.296,1736.4514
56.176,83.959274
9.983,0.0152354315
19.87,68.55833
19.826,0.10007689
81.644,21.019789
19.684,0.0051329588
0.013000000000000001,0.0004072238
301.007,10.613038
44.426,77.74671
40.74,23.599798
19.536,34.306488
9.66,68.54887
9.01,4.7628384
49.847,22.517675
29.112999999999996,5.3304677
51.086000000000006,45.017605
80.15,27.716604
29.959999999999997,112.57236
10.52,1.453381
1.13,63.66397
90.517,20.408892
68.906,41.845547
0.33,54.902817
50.493,54.586506
67.803,221.9875
10.137,0.908764
8540.204,2409.5132
0.36,0.002080586
9.25,43.059326
1.97,35.015022
119.73699999999998,10.388947
50.137,350.21817
19.933,2.4056425
2259.923,1056.6003
19.55,185.06393
20.02,59.6078
18.98,0.0011706391
0.047,0.5559509
60.037,987.6096
1.08,89.17334
0.016,0.048696954
19.837,0.011964728
29.673,142.58282
836.22,161.74554
10.483,0.29198974
399.516,150.30325
990.103,459.7107
60.19,505.79956
0.10999999999999999,45.80436
2122.373,3792.0269
9.927,0.093490444
0.204,3.8820114
0.25,148.91623
0.596,62.675907
29.967,61.136288
19.57,0.22586629
30.64,26.215963
3229.93,3232.9426
0.86,79.82838
0.173,0.01571146
47.923,268.4056
1600.2599999999998,3981.5989
0.03,1.7412122
1.0,0.008180148
0.173,501.3592
19.823,0.3711585
10.327,0.0031867856
36.017,89.46459
21.87,142.38226
20.61,18.983765
0.144,0.9795088
9.79,380.58398
19.94,9.518705
9.78,99.36902
378.52,129.61427
538.223,106.852356
30.117,0.5201822
83.604,26.086168
19.434,279.01913
892.1569999999999,133.4431
11.847,35.45361
9.41,0.00035266957
30.23,0.7518653
809.98,484.6044
19.587,200.35477
9.577,141.68611
9.257,173.5794
0.173,0.00075565575
290.16,82.14315
19.46,27.322332
19.237,134.71365
10.35,2.776796
8.887,35.733707
20.094,278.79996
0.076,0.050069366
9.983,240.56987
408.9700000000001,48.784275
19.043,5.3304677
19.806,0.011864895
389.897,68.808586
10.36,96.49264
31.6,320.77545
169.877,2.7731233
98.383,0.93130314
76.787,2634.3113
255.067,203.71791
24.726,59.627705
20.083,16.502768
139.997,291.18158
17.927,0.060810354
30.137,22.773544
20.483,37.44802
0.123,20.032356
9.19,56.798664
679.663,64.52922
10.524,20.835262
19.007,128.35567
9.963,51.832138
10.143,0.00045389857
49.334,0.0032817544
230.12,41.117027
0.314,53.004265
39.966,7.3588024e-05
19.856,1.5661317
18.973,40.89684
19.433,70.39177
47.993,0.05435671
9.417,23.110456
9.8,0.13275865
9.306,0.008317195
21.347,146.00221
3840.0269999999996,834.82336
0.23399999999999999,0.0009882147
99.94999999999999,957.4173
12.667000000000002,93.49473
1009.4570000000001,805.2505
90.053,66.91239
9.657,157.51808
190.34,221.49084
21.483,245.6091
20.077,4.9815235
0.657,0.0026521166
9.82,0.30735025
49.997,0.02463499
110.06,26.126657
2080.41,18.576185
420.763,1748.5725
0.9059999999999999,0.31894845
0.0,0.0019564733
0.43999999999999995,0.0051329588
10.08,0.00090447906
141.1,23.847326
60.577,0.0012829669
10.363,53.033264
9.12,0.021020751
370.853,205.49785
0.767,25.37032
0.736,0.00063693424
0.47300000000000003,0.000263966
10.307,0.0008913127
0.25,88.80374
19.92,0.0017006962
9.07,63.48715
10.043,134.9904
0.314,98.94609
1.16,0.004142485
20.037,1.5665859
19.863,9.744095
0.28,29.671745
479.31299999999993,1503.0566
40.106,39.26971
2280.137,54.70648
40.8,115.904465
40.117,0.008089534
70.79,35.225384
0.186,68.62728
0.033,22.96523
0.173,25.62623
0.373,46.437477
10.86,216.23196
30.020000000000003,783.89886
384.523,486.19357
0.144,0.0628676
99.927,87.96279
20.113,52.183395
11.12,0.11656993
0.063,0.0044873557
29.883,0.08593383
59.827,355.4991
9.103,6.6131277
0.037,0.045346245
20.37,489.8754
119.43,303.19516
29.773999999999997,0.62901103
380.233,25.694696
18.357,375.3614
30.177,0.0036965525
9.28,0.12161298
8.69,0.042379554
370.993,2.4510646
0.64,75.027374
0.187,0.00096572615
10.03,47.05035
38.24,65.622826
0.173,0.20352836
9.897,110.8936
130.456,11.203603
18.847,332.41406
7.153,0.0017317468
8.96,0.37136638
20.03,384.54254
28.38,471.61108
8.564,0.06327167
19.433,20.801842
30.402999999999995,48.61353
19.73,0.008571731
0.42299999999999993,38.8361
0.06,0.6309529
19.127,0.00051015074
19.844,362.01785
1311.467,818.6853
28.436,54.304096
849.54,153.65294
29.967,64.37205
0.626,0.009288797
120.156,30.693367
9.233,0.0019075935
0.23299999999999998,37.778507
249.44700000000003,177.4192
579.51,60.13722
8.126,56.87043
40.147,11.073032
9.004,255.7399
0.487,0.002835208
90.383,8.148075
280.077,35.994766
19.13,106.92723
350.614,323.57312
0.077,35.058716
0.676,45.702103
10.227,0.00027177646
10.697,0.013600445
19.48,0.35815883
9.684,0.0005607517
51.033,0.0016809722
75.18,9.04445
18.99,39.564766
59.594,60.657204
9.273,0.7625838
50.423,85.046165
19.02,22.261848
10.337,0.0019075935
70.367,47.244137
9.12,76.04983
8.797,0.0021189854
9.89,4.942822
19.007,0.022802405
20.844,254.4677
70.694,277.2997
8.173,48.848312
10.197,0.001261942
9.087,0.019280802
29.003,101.79159
1019.8769999999998,736.4542
19.073,32.669205
9.033,0.2625964
11.27,21.183336
19.3,172.63084
19.843,0.035097413
9.87,112.55029
91.86,26.129684
16.07,416.93335
0.327,1.2512499
10.224,79.008415
9.556,0.20392914
350.17,350.78467
0.33,0.019820431
50.36,122.21433
79.507,60.340977
1.56,23.110456
49.42,1.0963156
39.59,216.1979
0.313,0.016912503
10.747,56.68901
19.707,9.36145
1.953,0.012497098
10.477,0.26418284
2.017,0.006999088
9.627,0.01862724
10.147,2108.0256
0.10999999999999999,0.59205794
100.09300000000002,382.1063
119.307,128.05768
11.036,25.200483
28.969999999999995,86.81143
100.49,754.1245
1.717,4314.919
0.613,39.7909
589.774,803.1873
189.85,107.72938
320.063,631.22675
89.374,1911.0391
1385.55,148.89499
53.66,48.51449
20.547,0.010036891
179.89,23.428198
0.237,0.16593352
9.613,0.47938663
9.36,3.5667815
59.78999999999999,64.83392
9.827,30.075851
9.156,7.734956
9.857,29.52151
0.124,0.003039698
10.633,76.589806
18.886,37.029747
700.803,367.6703
40.006,97.3192
29.542999999999996,0.06386572
0.576,0.11933859
96.883,464.24356
70.57,40.783184
8.88,235.55232
0.077,38.122963
89.873,1091.6256
39.01,162.23325
19.68,4.1480646
50.089999999999996,0.00016464562
111.04699999999998,297.31277
40.203,119.686386
139.643,63.346443
361.977,111.37224
80.027,101.1053
19.223,3.2917566
0.844,0.1229875
8.826,62.05531
0.347,0.11791252
8.666,79.24103
10.86,110.06101
29.827,23.057106
19.913,0.053070102
229.85,342.567
99.913,221.52531
30.065999999999995,14.922614
29.979999999999997,718.8779
19.44,212.69064
390.427,66.66994
139.956,25.264881
9.713,0.0015155609
9.71,0.19727358
1.05,221.42912
19.163,216.81772
9.426,0.00068961683
9.933,25.019312
39.18,0.0065523693
130.073,101.049065
10.743,3.0097346
59.486,153.3528
50.16,24.60968
30.55,112.48028
40.113,0.00069577363
69.793,137.46132
12.033,54.17834
9.91,0.0006554327
49.854000000000006,0.0007847497
39.984,0.013444301
20.116,63.08867
59.947,468.77954
4.33,0.00051015074
9.427,124.14863
0.047,216.99794
0.17,0.0066185775
80.207,567.48944
9.75,53.004265
90.39,116.4589
430.77,255.0182
9.87,15.304318
160.636,0.19378318
8.564,0.00014232539
24.947000000000003,0.051753603
40.093,86.52305
139.207,22.988512
9.83,390.31357
19.807,18.999506
9.253,0.00166571
11.11,22.86862
9.953,50.263367
0.343,0.018660506
211.42,59.588955
18.61,63.32409
8.78,68.89677
9.773,0.908764
10.34,0.00033790834
8.267,0.0021176557
9.01,0.000529039
8.737,0.58868164
109.364,1707.6082
199.13999999999996,204.36798
10.22,36.741264
38.933,77.85661
0.19,0.018660506
80.833,66.277916
21.873,0.002228931
137.206,39.9413
10.04,180.99606
19.284,0.0004669261
19.797,80.95665
8.263,0.6126931
0.547,27.921808
20.787,30.828394
50.013,0.09452311
29.946,134.47441
90.067,501.01184
19.95,52.67868
19.733,0.00037358535
40.796,406.46536
80.044,0.343381
30.430000000000003,3.2691576
9.487,35.735355
0.686,566.5812
19.907,44.499672
10.9,47.23286
0.047,46.286648
51.044,141.45192
20.3,865.4434
8.446,70.13225
1009.987,148.21259
591.1,21.307856
2.194,89.18771
10.013,892.80536
0.7960000000000002,34.48583
29.507000000000005,2.239569
0.266,6.019168
31.004,70.37522
71.764,63.81978
0.187,24.48928
130.303,40.437786
31.233,31.439703
0.10999999999999999,0.0038722984
19.8,104.54288
19.49,0.9885637
19.266,41.68905
9.103,0.924456
9.956,0.00026415134
79.924,1.7005509
9.964,0.055366196
10.044,0.13364224
2520.69,941.1921
8.456,0.00077628036
360.163,521.43835
19.917,63.628056
0.814,0.011475463
19.194,96.67411
30.459999999999997,89.16925
19.85,126.97531
20.03,3028.0173
25.204,71.35381
110.27,2.935427
19.984,2.1138546
16957.866,2898.1807
10.966,0.9885637
7.273,25.37032
0.27,61.40273
849.143,33.154934
1940.0599999999997,157.2848
29.78,71.991745
19.216,67.83974
11.043,30.951408
1172.91,1410.2101
12.314,75.35071
9.433,277.9241
9.244,3.3423762
253.603,98.189545
18.407,24.199427
30.006,428.3661
0.7960000000000002,39.811134
21.52,499.46133
9.887,0.003876666
59.45,0.07747985
10.05,233.46179
129.493,77.42571
239.767,261.90775
0.14,45.624573
19.926,0.036249567
190.667,350.00397
10.404,31.360655
9.783,33.70177
19.407,269.2727
9.68,26.340782
8.527,122.59844
9.703,0.0063214186
70.21,18.358433
0.25,17.250984
10.28,0.013596062
0.017,28.358969
260.476,69.69232
359.89,219.77922
0.23299999999999998,57.96713
690.317,1094.0647
28.554,431.27722
9.206,39.793503
9.057,28.607065
600.986,310.16757
9.273,28.921198
29669.29,6027.1763
9.42,187.93402
1.177,0.26116705
260.093,6.092417
8.936,43.653244
30.303,0.45480904
19.506,29.551666
69.294,47.82181
10.477,28.419964
59.74300000000001,33.87454
0.377,0.36787564
0.687,0.03387672
9.57,0.17628975
0.593,0.11791252
0.046,49.47216
49.723000000000006,54.96452
2478.107,2506.8884
28.137000000000004,162.99068
9.81,1.2048458
29.803,171.1969
80.627,170.19109
10.143,49.696415
29.970000000000002,23.98521
289.44,238.39355
1039.59,1367.823
0.173,0.00091303466
30.033,25.79481
89.26,227.85904
9.367,0.0018691247
138.487,80.02434
19.054,22.42237
1209.456,1406.3777
18.7,203.32745
9.16,201.2183
9.26,0.063268416
1632.733,934.01276
1.156,94.2773
1290.196,177.11018
140.694,142.0219
19.783,5.433051
9.223,0.27460268
19.453,154.89511
20.177,0.013364904
29.63,0.00015239317
18.96,88.28413
0.14,0.0033241143
29.907000000000004,11.612198
40.27,44.250458
29.66,45.9587
8.28,0.00073965196
699.727,761.71155
9.89,0.0049991463
9.813,18.355774
9.857,0.03865826
9.833,40.01555
0.297,0.008658656
1855.027,9835.036
88.466,114.90772
79.273,0.020606115
10.176,442.95743
9.626,0.002835208
39.987,135.79402
58.677,0.00033109265
20.69,29.852667
300.62,1194.2367
96.706,37.201614
9.3,51.284748
24.443,33.462677
0.06,10.40342
240.06299999999996,646.75714
0.124,0.015056874
8.696,31.374254
0.326,36.72616
10.186,50.59898
9.457,0.40025684
0.373,13.071455
10.397,0.10690381
19.213,0.01680935
28.593,48.728348
160.863,285.7292
110.63300000000001,109.417435
20.267,0.0010828935
119.647,470.40814
9.51,0.009014163
20.04,0.0036965525
29.553,164.44107
19.03,57.72695
10.03,43.257416
219.206,161.62204
30.236999999999995,32.330605
10.26,95.3916
0.64,219.56708
105.39300000000001,293.33026
1199.91,34.58221
20.407,0.36789033
20.39,35.518013
9.343,121.105545
3185.357,2053.0242
8.98,262.16025
20.886,37.4465
29.933,0.002819633
39.963,220.00012
9.843,11.372132
0.03,89.40148
7.012999999999999,792.0301
0.517,0.20707874
19.516,0.28236294
0.20599999999999996,0.069364265
0.063,0.99834
29.183000000000003,0.0010297272
0.143,0.0034319889
25.113000000000003,25.594477
20.5,0.002120376
18.69,4.3105106
42.017,45.758884
19.936,31.20329
9.713,39.757812
18.02,143.54123
9.423,0.02019174
9.827,35.93511
60.264,31.528645
30.273,0.00023738427
9.06,59.86761
18.787,83.36028
19.593,40.128063
40.093,32.37266
9.833,68.11877
10.27,68.10723
0.937,73.023155
10.387,0.057761572
2461.51,50.342068
7306.377,726.1875
50.446999999999996,63.464787
39.53,0.01039338
60.54,6.8248386
19.576,105.41371
19.91,0.00015125425
9.073,25.307594
188.753,129.67725
0.593,0.0005734608
7.947,49.207417
49.037,275.4886
19.396,37.92309
0.86,0.11211546
119.977,113.32583
10.283,20.586988
0.45299999999999996,38.55356
0.483,120.00215
10.063,37.778507
79.47,109.93002
7711.2300000000005,6.30344
69.97,152.12997
470.973,81.68498
80.19,82.81042
0.313,51.484608
0.97,0.00021774882
0.013000000000000001,0.020901553
11.05,17.732225
30.927,0.00023845614
32.123,111.63948
110.27,17.180729
19.647,19.531298
60.003,48.60082
19.807,52.253654
100.783,50.977997
78.91,80.414764
20.827,64.49393
9.576,95.65475
30.07,232.09776
50.81,0.0012362977
59.42,16.28277
13.313000000000002,24.961887
0.8000000000000002,1.0358163
0.6,45.26714
20.397,103.80803
70.09,0.13529538
0.203,167.5217
9.453,0.011073017
19.987,0.044102788
9.06,41.742874
79.004,69.92402
10.08,39.563725
0.127,559.1534
24.567,33.10434
49.967,131.82047
10.323,356.39017
0.093,53.004265
19.5,140.6916
20.01,124.14863
20.393,72.22043
19.4,34.550934
19.31,1.0200973
110.0,28.543308
19.287,59.38111
9.65,0.42805886
31.16,62.611248
19.386,2.9872942
40.546,0.0011514442
20.277,123.37789
30.363,32.52195
59.167,45.099987
0.623,0.49747717
12.747,0.0014347242
10.453,0.35811988
30.033,7.668528e-05
45.043,66.82827
3080.18,2767.12
20.91,50.029076
519.677,50.21744
0.123,0.00035094036
0.42299999999999993,0.28184673
10.024,119.42499
61.236999999999995,116.55651
0.21999999999999997,0.40022475
0.063,0.33478335
40.034,67.21964
10.13,92.52297
9.327,0.07769592
89.65,28.897364
0.267,0.0003363009
630.393,35.111794
19.673,0.5558655
20.234,0.0002587415
189.356,21.475704
39.607,1752.1511
0.8000000000000002,132.2936
589.657,506.01044
9.837,36.147755
148.75,821.2469
30.022999999999996,64.76696
9.37,0.006321425
30.24,0.0049991463
110.16,786.91986
9.834,26.652327
19.837,1.488402
239.487,1.7041777
0.03,0.0010681177
419.91,314.84253
9.957,196.4868
19.58,0.5902911
7.927,81.56141
21.156,75.08083
9.827,3.7435892
370.3,422.2227
50.54,43.67719
19.317,65.76333
10.81,65.956795
19.317,112.413086
1299.094,9.382361
9.03,0.051736522
169.997,76.88879
9.64,0.013540394
20.32,55.316563
39.77,552.1256
10.05,0.15286979
94.19,60.588406
49.29,98.01856
201.23,380.1579
29.540000000000003,148.69408
0.06,0.6327509
10.064,25.27587
20.207,0.79292643
20.187,0.0064308266
9.76,161.62204
9.857,0.2915362
19.743,1097.091
20.137,297.37106
90.673,560.30133
0.467,60.861397
20.387,18.921656
19.31,0.0004854532
0.173,11.748892
81.26,43.369022
69.76,141.52518
22.737,131.43335
9.323,0.015538842
508.47999999999996,221.13435
49.747,84.77695
9.754,0.98489195
1.053,225.44293
9.937,144.42859
0.06,0.3603041
199.963,0.0020547432
0.72,37.324966
39.9,346.579
2380.176,1274.5696
49.927,0.09891173
340.327,39.989513
10.064,45.119617
19.343,46.384056
49.957,119.60199
39.65,102.90044
99.107,0.016610444
29.847,0.03447734
10.734,0.02905969
29.61,0.13847023
229.637,1.8331978
8.96,0.00055332726
0.23299999999999998,0.0004508536
0.89,0.45774442
55.553,86.42911
1.223,112.46972
10.863,194.83296
0.374,35.733707
8.7,0.013036294
552.587,159.19945
0.657,40.128063
39.847,71.82403
20.253,11.748892
199.743,2.261
0.827,0.00047349095
1.407,0.2042546
99.44299999999998,0.0008244476
10.197,26.649004
0.467,26.275488
29.763000000000005,231.95308
259.557,44.412457
108.93299999999999,25.813429
139.873,11.754337
39.643,69.13417
9.063,0.003606235
570.707,1305.1289
1365.483,71.319374
29.22,10.17822
110.09,28.962921
730.517,1079.4059
50.097,37.974354
9.59,84.1638
0.42,598.9073
18.317,62.464417
1.72,57.053165
150.644,1.8876975
535.583,284.96405
259.85,403.08655
18.256,816.17664
30.783,18.578344
51.823,25.756334
8.63,536.57465
89.813,448.93652
10.343,8.960004
9.814,48.48004
8.883,0.010645415
59.913,29.581282
10.55,168.71317
8.803,0.0004161452
19.96,0.0004772319
0.204,0.021045445
19.5,38.983364
10.273,57.69224
41.54,5.602844e-05
100.096,112.09401
29.767,28.358534
50.849999999999994,152.85614
9.254,0.5754866
19.71,32.20332
19.747,30.338566
19.87,0.17480847
119.033,417.1939
559.584,407.6619
70.226,12.88018
10.153,123.38252
52.147000000000006,425.1638
117.30299999999998,127.77415
174.563,941.7149
0.267,0.02021835
12.093,52.180416
9.373,16.526491
150.487,58.437332
28.732999999999997,35.644615
0.173,0.038662612
0.094,0.06710556
9.297,22.143814
348.84,64.92177
219.87,70.27099
20.327,85.87474
0.563,2.3621204
58.786,0.26827836
19.517,0.03613615
20.044,3.3187149
10.057,44.670963
1175.13,699.49927
139.283,66.866844
89.24,443.6598
20.13,17.517616
18.346,0.008658656
10.023,0.32386675
9.42,98.36741
18.926,50.601585
179.717,45.613773
10.663,24.8089
19.42,109.37423
29.683000000000003,0.720527
2318.653,1053.8514
9.693,1.2626398
28.93,0.35703072
10.296,0.0051731775
78.513,39.16686
39.554,241.38428
40.204,111.711205
329.987,2.3938088
10.216,61.691185
41.787,76.97563
8.033,0.00061146787
19.2,123.06458
18.32,171.46971
19.157,57.82459
29.657,28.852448
39.957,89.48624
349.647,34.79819
20.093,54.803474
3.963,82.165955
0.814,0.31866783
9.31,0.0022951101
18.667,321.67014
30.123000000000005,105.599625
38.7,59.332798
20.256,0.19200689
119.887,0.0003291521
20.05,0.0005760952
680.396,516.7182
19.31,61.223904
9.157,1.0550092
0.753,96.063934
9.323,0.17716482
30.15,101.982574
18.844,0.2882601
0.474,0.0060808714
10.363,0.00075565575
79.817,0.006546155
40.047,1147.6399
19.957,115.718285
50.007,48.287323
0.313,54.889507
9.826,0.8517766
10.2,0.13014159
179.08,79.24005
10.2,50.39794
18.576,0.019879831
8.947,1.3130565
1920.9700000000003,6337.585
10.72,0.0027572496
51.437,476.09595
168.91,18.113602
119.88000000000001,229.44482
9.926,0.13206725
9.616,0.00034052995
8.953,133.2218
19.46,107.95475
19.74,86.206566
15.6,78.82622
10.59,37.953934
270.476,135.75336
0.763,105.80887
60.800000000000004,183.6227
19.86,113.10025
0.8129999999999998,147.24933
8.987,0.28142235
4.94,714.87354
19.906,27.563026
9.147,3.026907
3.1300000000000003,23.951931
0.674,59.199142
20.04,18.39803
40.067,53.496647
19.14,7.9338036
0.143,10.982985
201.166,117.87235
19.86,0.3843125
70.63,556.73914
0.063,1.0416707
0.0,0.10080442
8.794,0.0011987202
28.844,22.123621
9.917,0.29198974
9.793,0.0039408705
30.022999999999996,55.25552
19.883,155.61295
11.577,123.44993
9.96,303.58057
0.33,0.3016621
0.593,48.281277
64.607,551.7235
19.34,44.817604
19.75,35.37622
0.186,31.462442
20.08,25.662136
0.21999999999999997,0.2915362
0.03,80.86273
0.17,58.947525
0.343,45.111893
130.47,39.8467
0.033,0.68077075
10.22,47.162464
69.99,0.011396894
1.117,0.023289379
19.997,0.45850283
60.037,356.59726
61.014,198.55263
49.993,61.67732
309.87,293.11237
399.78000000000003,86.40833
8.196,37.92956
20.783,29.561102
19.77,0.41336617
227.90699999999998,6725.233
159.603,49.67144
8.92,37.117596
69.75,134.97229
11.233,102.41581
0.10999999999999999,0.001802852
19.097,44.85669
50.27000000000001,72.1976
9.053,0.029002905
0.46599999999999997,1.6347135
49.71300000000001,844.865
5457.153,2247.1187
20.484,119.73723
39.59,123.13696
9.307,0.05914015
10.947,81.87913
28.666,229.02382
0.046,1.4623109
0.08,69.670845
1439.85,50.46086
10.953,0.0013948539
119.897,70.04154
35.534,78.77654
70.047,28.613678
10.684,2.503637
18.867,0.0021835985
22.697,499.7767
9.463,43.834515
28.569999999999997,108.685295
9.416,47.740932
0.483,22.67745
1.053,0.00037358535
21.386,103.61541
19.32,76.11544
10.103,0.00039261047
7.674000000000001,35.669884
11.483,205.71071
30.022999999999996,34.488323
78.84,115.35183
20.136,61.86841
0.973,0.0025893217
19.687,25.468697
16070.24,5787.2026
2990.597,45.301964
209.933,159.86168
60.003,22.34939
9.27,0.30542618
140.78,0.063212804
10.14,0.05989848
310.76,610.2158
9.613,66.91239
420.54,262.2411
9.783,0.0016714002
0.047,63.827328
1250.237,1365.2854
9.413,0.15455484
18.487,0.051736426
20.054,0.00038842144
0.58,74.521126
0.827,3.6870801
199.83999999999997,14.246252
70.16,35.49548
20.29,0.13948853
19.377,364.03235
0.733,42.754547
89.98,287.30612
372.294,219.89154
449.88700000000006,53.0547
11.43,0.10937083
19.267,382.09946
60.276999999999994,83.41847
1340.423,548.1297
10.516,43.919746
1.157,0.16909783
9.806,64.37205
7.139999999999999,22.791159
8.83,0.0026521166
19.377,3.891108e-05
0.42299999999999993,94.64122
0.204,25.979504
20.697,1337.8097
280.267,2356.9014
20.423,43.54955
1695.0269999999998,301.64468
1.5759999999999998,200.35477
18.696,66.64274
249.783,204.81068
9.843,0.0053518163
19.81,41.213863
9.707,57.4197
9.39,0.0012538759
0.06,0.31638882
340.977,132.45695
0.03,47.125877
9.95,52.215607
78.92,7.252499e-05
10.76,179.51369
10.406,19.732164
60.462999999999994,0.005872194
40.023,251.31674
9.423,1.4484055
39.524,44.12449
9.074,158.22801
15.233,56.719265
20.21,16.852612
880.2130000000001,20.37148
0.38,0.00034550347
40.643,44.079975
0.14,3.2167013
10.307,1.4725642
200.07999999999998,0.66597575
0.39,0.0445102
40.823,1.0759506
0.75,0.09767382
1.203,0.0012478301
9.697,28.249668
30.594,92.00562
1.986,243.97385
59.38,0.005387653
209.867,32.425728
0.0,0.065837
609.094,1618.6848
199.133,403.91693
509.02,192.69272
9.613,0.30883402
9.374,57.81275
10.026,10.936525
13.52,0.030855233
19.586,37.523952
12.037,98.523026
140.527,99.855064
509.91299999999995,251.67828
81.21,45.111893
110.677,1.955349
349.39,27.604237
9.497,76.69483
180.103,27.280146
19.52,265.30417
0.0,91.21871
19.72,67.381714
40.076,0.25225994
240.25000000000003,38.880375
10.227,51.77131
4109.487,599.5228
0.9529999999999998,0.032601397
40.16,23.63128
9.97,0.06425401
20.14,195.92546
249.86,151.65678
0.094,46.273525
0.58,4.0134535
1.3,0.0029511878
90.087,544.8354
19.976,429.6772
1.126,366.5228
10.0,35.0587
218.986,28.047642
2450.07,2613.316
1.11,99.05772
20.136,84.3036
30.000000000000004,18.310986
9.833,0.3233575
109.56,1.2745793
0.35,51.232727
9.657,65.66625
20.06,33.75511
19.11,0.29437053
0.61,0.0020341424
9.504,16.888897
20.587,84.05649
19.777,0.011977184
40.73,0.000768115
0.237,0.007952249
29.516,0.9475679
10.103,0.5019975
0.217,40.09583
0.39399999999999996,36.804745
30.873,7.899044
1.753,0.5754866
29.507000000000005,0.24422729
9.626,0.351411
49.803,28.039354
9.2,0.008534161
9.317,78.379395
9.19,0.01467082
160.94,101.0777
39.84,0.80470127
20.456,32.163876
29.863,97.50315
10.174,0.18664832
139.85,22.593357
0.14,96.64689
20.027,4.7923746e-05
259.446,145.90991
0.72,5.1024863e-06
230.36,347.5069
997.1229999999999,1567.64
30.203,1.9000453
40.224,710.21265
149.947,164.49672
8.233,0.018287942
400.01000000000005,89.38301
1910.2559999999999,64.17852
79.793,64.498886
20.2,0.9760057
19.254,1.7984157
21.394,36.29641
20.37,0.00035446
8.66,1.1171398
19.73,38.247086
29.58,110.36775
269.894,97.03878
40.293,105.280815
250.09999999999997,372.97485
251.13,19.059063
0.343,47.96398
20.024,0.004771948
59.940000000000005,65.826256
8.306,0.003392348
9.35,41.06102
1.264,54.625633
10.817,0.0005520644
20.477,0.11675093
0.89,119.15872
160.73,146.22432
0.53,63.338474
29.607,279.55185
29.896,0.053690195
22.45,106.43226
19.976,34.35663
0.483,4.3679454e-05
20.293,99.67317
10.177,0.3019767
0.14,5.433051
10.713,0.29978764
259.543,78.755066
139.393,292.71408
49.51,0.0002022115
62.407,88.25765
139.894,834.3076
2420.03,2039.923
30.459999999999997,97.66607
9.32,30.026403
40.42,218.30402
0.406,0.6972543
99.867,40.291523
11.233,32.835667
20.4,63.66397
10.153,0.0015375733
70.267,1940.3678
10.32,24.775953
32.24,26.248081
0.0,0.382857
19.027,0.4711325
0.344,85.87474
29.66,0.0033241143
10.807,1.3130565
61.027,120.17166
149.867,63.27031
10.137,0.08629443
9.864,0.0011597847
8814.15,4414.615
469.27699999999993,1083.4655
9.413,121.79722
0.124,0.12767981
9.876,814.252
64.44,62.257553
1030.87,1916.6595
220.47699999999998,427.61862
0.25,13.409004
0.21999999999999997,40.745926
409.057,1119.2488
69.597,1087.7986
282.306,375.13254
34.404,348.9734
211.09000000000003,559.7982
18.813,39.64431
189.543,5.1054454
10.006,0.0017978523
59.883,3.417263
8.753,0.351411
110.077,379.17093
0.283,0.0018768662
11.81,53.36446
19.937,196.95737
0.173,48.90322
849.283,872.8821
30.037,19.198988
329.713,74.15176
42.047,307.02423
30.163,0.0031665547
20.83,25.68335
20.277,0.1801998
0.217,0.007724508
4.88,6.2228265
40.347,2.6281855
29.823,30.388819
10.107,40.057346
19.56,206.75447
0.36,0.038106136
0.08,0.67441434
70.027,0.1484808
9.624,3.5020912
119.68,35.226627
1561.017,170.34329
220.15,319.5073
19.91,67.841705
2.573,101.02624
0.72,112.29718
33.094,588.8596
39.844,138.98659
9.947,70.78636
409.82,45.546738
29.617,0.011484463
0.047,1.8964481
90.21,348.58008
89.707,65.41095
0.016,0.012913744
0.36,67.42019
90.154,0.21679012
99.74999999999999,0.6679043
490.44,25.651522
11.187,420.00296
0.017,0.051736522
9.93,0.0006467535
88.48,55.31414
19.006,94.2773
2532.423,2961.0237
20.01,32.720272
0.21999999999999997,33.10434
0.25,21.282804
0.047,330.52545
160.663,169.76343
11.004,1068.7504
11.0,26.87364
59.4,100.95016
890.063,251.70364
20.203,0.0008913127
70.227,4.7208724
19.877,437.64505
0.063,0.001974972
30.030000000000005,17.370028
40.343,453.13715
9.99,3.502299e-05
10.287,1120.8224
9.726,1.6797717
10.553,0.06710556
0.017,0.024237314
50.147,0.70806
42.02,0.057125017
9.643,28.758959
0.08,40.080883
22.26,44.02399
69.943,9.160349
0.047,0.0059607094
13.033000000000001,112.39063
9.78,53.111805
0.187,35.834347
559.864,952.15656
99.89300000000001,339.30823
71.556,140.9185
3320.7730000000006,1614.1033
10.294,3.3245546e-05
10.023,36.507126
20.053,1344.216
9.717,0.044319592
11.123,20.625954
10.146,35.45361
1.8970000000000002,113.27294
10.38,56.311405
10.247,23.844692
19.663,238.3574
10.933,0.01467082
0.3,0.00026772323
20.033,40.057346
30.543000000000003,134.0424
0.313,51.97717
10.034,5.3797092e-05
29.334000000000003,150.03503
29.062999999999995,43.004627
10.317,0.13539746
0.643,0.0038722984
11.904,147.25212
9.783,1.1112065
0.25,70.11667
770.45,309.32465
9.91,28.645292
549.764,368.0816
9.903,559.86816
9.0,0.0022951101
10.213,0.0039122766
8.917,44.71487
19.583,0.0223467
0.076,0.005355104
10.75,111.54673
20.367,71.4421
69.627,117.20399
20.823,0.18055815
9.326,0.03613615
280.014,288.89423
0.0,32.746117
150.226,94.8716
118.986,168.971
19.573,112.78551
1019.147,604.97925
20.093,14.596503
190.093,1253.7765
111.63599999999998,50.492268
730.07,189.03891
552.57,887.5495
1.6770000000000003,77.79504
10.16,0.031750422
0.156,0.12508781
19.896,96.78713
1.38,62.43952
10.41,70.49214
0.563,127.77415
0.046,0.025831517
18.737,1948.6926
19.31,459.66656
0.123,0.035956427
1.97,22.562572
10.92,40.522453
39.667,59.21888
8.87,0.14190303
120.21,0.62312835
9.92,1.7455949
1630.493,261.3795
20.777,130.52573
840.906,28.553183
5566.443,300.73572
10.046,1.5538952
30.419999999999998,0.0005998057
0.33,219.27658
20.507,938.37067
20.09,0.0069719343
89.876,0.73514247
50.010000000000005,0.51579654
30.087,67.76873
49.803999999999995,61.691185
9.987,54.625633
10.08,78.44089
1079.74,303.58603
20.923,180.55078
49.547,71.55486
10390.913,226.79349
33.527,91.09316
20.593,42.474712
160.35,166.49136
180.293,45.911057
39.05,0.21075195
39.926,521.1781
79.914,13.191495
411.71,2323.2888
9.98,29.304781
11.017,130.47842
20.887,25.74984
329.937,15.5297
38.503,219.56708
720.0,558.3786
0.143,37.310276
8662.737,107.039185
830.167,126.264595
59.59,31.205673
80.14,31.903605
59.62700000000001,1.5978227
11.053,0.43740246
0.364,48.60609
19.493,12.921325
0.10999999999999999,45.429665
0.9870000000000001,0.011080876
30.030000000000005,0.032988336
9.79,0.5455969
1.406,0.19915752
0.517,131.55037
39.39,34.962906
10.956,223.72202
10.06,0.60798484
9.747,253.7859
19.863,0.52169347
9.99,0.6690748
0.23299999999999998,25.804646
1.11,0.2566176
210.15999999999997,52.620804
78.48,173.83595
19.864,369.70514
40.867,83.141754
0.0,0.31755325
9.953,0.7252334
70.863,560.51355
9.914,0.03560815
50.323,35.40536
9.557,0.00096572615
0.28,1.0535635
0.597,154.64577
19.38,120.21071
2.896,188.59883
30.339999999999996,4.022131
0.69,0.05000557
9.6,0.00685121
18.143,48.573685
18.906,0.11462126
2729.526,896.4196
251.59,53.256477
109.98,471.67255
60.14699999999999,164.5808
29.29,0.4058266
50.013,22.85715
189.383,2.2144911
19.916,24.499798
140.28,25.639725
80.264,314.12772
0.21999999999999997,0.017851157
60.243,21.281239
0.17,98.07863
60.103,16.555082
0.063,0.005788282
20.537,50.72411
40.387,41.46718
0.28,0.00023485189
29.979999999999997,0.22186215
19.82,41.660057
20.704,143.23076
29.79,3.308407
179.956,408.04514
0.063,31.624105
79.223,762.2036
0.407,49.341213
30.009999999999998,1.6427962
20.457,27.792675
1658.1130000000003,800.5244
19.977,0.0004858246
20.92,23.021637
839.84,796.75305
10.293,44.97329
0.47,1.3580245
10.173,0.3125677
20.19,5.446714
0.283,79.194176
91.067,0.074963175
11.167,77.19978
9.05,145.63286
50.636,33.235455
0.123,0.00093348214
10.59,43.285892
69.313,4.2999597
544.643,60.59539
10.596,28.589535
2.116,172.55579
109.196,67.80004
10.15,142.89899
201.03,351.96234
0.19,22.71244
39.993,0.018371465
28.316000000000003,78.91834
198.873,19.776728
10.27,0.0023167403
198.79599999999996,46.345467
20.823,40.370155
19.624,0.014803082
59.013,101.89456
37.506,27.919163
59.794,179.46489
9.716,111.35937
1110.537,1228.5658
0.393,28.112171
150.167,762.28564
51.613,269.78867
80.07,0.0028111918
420.70700000000005,517.2327
17.914,0.12687458
501.004,802.5221
181.46,4612.625
9.763,1.4145101
9.083,33.719856
10.497,0.00028444364
4.72,0.0019838102
10.436,1905.0822
18.993,394.11325
9.666,0.10308191
19.813,38.525494
85.384,281.2102
9.696,0.21531527
9.91,6.0390773
164.15,422.70605
12.35,78.315384
59.72,407.5908
10.34,36.368416
0.593,0.052058484
2586.456,788.05096
30.439999999999998,0.001705969
10.85,0.49762237
9.51,0.0010599287
0.174,0.0009546189
8.42,96.24685
10.316,102.85768
19.157,0.2549158
0.943,306.3354
9.847,4.5441113e-05
499.903,117.781204
27.827,52.53184
29.899999999999995,76.88879
19.264,44.872234
0.10999999999999999,3.9635448
18.813,65.92946
641.104,58.37107
0.046,0.0022056622
0.156,2.106024e-06
29.326000000000004,49.745296
7.82,70.962395
11.38,1.0550092
10.003,36.719685
49.910000000000004,120.12855
60.36,2.9049094
240.323,588.53687
9.72,37.778507
20.127,47.689
9.49,0.044739116
1744.5730000000003,1291.3174
9.53,40.01555
20.18,36.058144
0.33,0.017222665
172.42,145.23802
0.263,11.451605
19.757,0.013189724
90.087,127.207466
19.98,36.31077
20.016,0.0008057103
39.733,42.92915
109.78700000000002,246.00787
9.437,30.990982
90.096,65.06926
20.703,918.8427
9.083,53.390064
0.10999999999999999,4.207094
79.62,541.30994
1138.713,1927.683
3340.34,2102.7534
18.89,43.653244
1.6000000000000003,0.0051329588
21.507,821.82184
649.937,201.4061
9.507,64.07505
2770.566,1255.1464
10.637,0.001402184
9.954,65.08705
81.077,31.080133
9.81,0.011663715
19.997,0.00013623304
79.493,353.32336
119.647,0.028001865
105.456,268.59952
0.377,0.0010599287
69.734,70.47355
1060.547,1075.8737
20.267,0.5835249
40.94,105.23783
50.133,443.5127
13.004000000000001,180.98051
1041.227,787.752
2.303,0.80364525
88.877,37.87486
19.453,114.067406
530.5,96.1383
29.31,70.97598
20.113,69.00939
3028.28,3045.22
28.03,334.59677
20.78,119.11859
9.247,2.545738
10.027,53.966553
10.22,24.883656
9.524,44.743465
39.507,116.69545
40.496,25.225912
29.727,84.45289
0.06,0.018660506
20.243,17.517616
20.383,102.094986
0.17,162.37595
1109.343,922.722
29.590000000000003,0.045544397
0.297,47.05026
29.016,0.0016004712
9.533,0.22954637
0.517,0.0026521166
49.44,3.1657405
9.977,0.96151245
18.31,39.10538
39.964,20.865932
70.763,106.26303
20.083,32.86897
9.77,0.025805093
70.2,900.13574
170.227,176.84778
20.763,30.537727
0.063,0.06335138
0.36,56.719265
29.443,0.008812777
39.8,0.015525794
39.534,58.02221
430.406,851.3988
397.903,522.65247
8.58,117.86911
339.97,740.0537
8.814,148.61006
9.996,0.012133054
8.02,127.282875
0.047,0.0009815854
0.034,31.396034
30.11,6.387794
69.596,1729.7048
18.77,26.693958
639.407,669.56604
10.637,460.2284
10.077,0.13014196
49.95400000000001,0.5277197
29.003,255.78856
90.166,140.0686
59.940000000000005,44.30765
8.157,25.04158
270.077,323.8069
19.553,67.902016
18.933,48.2208
19.914,59.316303
10.13,72.30425
149.787,185.48056
0.076,38.00866
29.16,358.59348
6101.64,1865.1475
0.03,0.052060865
9.983,20.75278
11.047,0.00069901923
40.67,2.3369614e-06
9.8,55.363876
20.314,0.0097959
18.906,109.86263
20.15,168.62338
539.944,519.981
65.597,9.525206
0.174,0.13459834
39.59,73.0036
149.63,60.86824
0.627,120.71143
19.097,5.102714
29.959999999999997,0.23421173
10.177,48.46619
9.414,0.042379554
10.52,407.08243
21.856,43.059326
0.347,0.0021835985
50.08400000000001,2.0787313
80.267,117.78783
0.03,100.1988
29.253,0.5522509
10.34,0.81071174
79.846,19.957067
0.516,0.031130321
20.14,0.021856435
9.067,0.0126897935
1.833,105.08547
278.756,22.682064
299.45,191.84863
9.15,42.34497
31.442999999999998,146.9214
0.14,0.006568449
20.63,1.1712282
9.967,1.4544375
9.783,0.16518573
330.783,0.47318485
138.263,39.120197
8.824,505.79956
10.01,0.029638318
19424.327,6467.001
8.336,26.993738
39.38,111.44454
0.064,0.006849165
19.004,177.17793
342.98,444.26755
11.447,73.0758
571.523,1177.1218
17.287,60.084854
30.015999999999995,0.013568497
170.0,240.4491
2461.274,1819.5181
59.54399999999999,17.481833
20.673,575.6636
1.093,21.059975
9.763,0.34661323
69.09,44.071922
79.446,2.0099576
19.446,0.040833168
20.07,104.528336
0.894,6.8527536
61.45399999999999,281.4534
219.80300000000003,9.910402
10.66,89.39088
150.367,99.647446
10.053,45.189503
0.123,1.5166836
139.787,591.3922
28.427,0.036984943
198.147,338.5828
119.81300000000002,783.7765
170.614,115.481804
70.077,91.088844
9.93,1.3325436
249.13300000000004,145.34123
29.937000000000005,27.563026
450.907,19.427313
36.333,1167.9877
8.804,17.953588
0.093,0.0019838102
178.994,123.981026
7094.067,1153.552
0.17,35.918846
40.137,91.91925
1.114,69.77361
38.943,156.96385
18.53,0.00028444364
10.133,118.302666
9.14,0.31894845
7.723,112.63606
20.14,147.86116
0.94,0.018630527
19.223,2.0542147
10.163,35.05312
19.567,70.72633
9.44,40.828754
299.717,228.95316
9.94,0.0030498265
209.79,69.556816
370.294,63.680798
30.703999999999997,0.055326026
0.564,0.07425649
9.13,0.0008794262
29.783,62.96889
450.05999999999995,41.932693
39.806,0.0007903059
15.723,45.001644
10.137,0.0010463462
1469.82,2784.5874
49.803,0.0090141455
11.173,121.64463
10.403,153.56866
39.99,145.19997
9.75,0.0051731775
30.3,57.771507
9.714,0.35400745
9.21,465.512
9.04,0.00050929905
9.723,0.01654581
10.924,47.978622
29.992999999999995,41.367134
20.464,94.2773
29.857000000000003,77.94091
40.62,13.12608
10.297,0.15679975
900.247,73.218994
119.51,0.0011776757
69.106,27.056396
52.186,90.072044
0.74,41.101425
19.52,0.010459046
10.13,2.139697
200.297,255.29483
9.953,23.540901
9.357,106.32418
49.959999999999994,0.044739116
0.45299999999999996,0.00077628036
370.933,119.93934
19.713,109.37423
0.187,0.23141117
1341.01,519.0919
10.804,57.78852
80.164,70.20898
30.104,0.0012785965
20.063,0.00023916717
1.537,68.60307
11.083,266.9048
20.757,112.23624
20.553,593.0694
10.49,0.067214385
9.873,108.882675
1199.796,988.167
19.906,134.224
10.01,23.702705
0.016,6.2106924
9.937,0.013684765
0.093,97.74647
70.156,0.034131512
39.76,0.19511427
100.203,1391.4115
59.787,400.22324
0.033,0.0332893
0.063,88.21816
10.587,95.04535
259.763,0.15142535
10.413,0.0034816025
30.962999999999997,69.87369
1047.107,1751.0146
18.0,68.42643
49.96999999999999,9.834879
0.5,31.73222
178.57,0.08781318
59.827,35.830467
199.46,46.53962
29.843,0.028115004
19.86,194.83296
19.91,144.83412
69.493,233.74149
90.494,123.57511
0.364,0.0029202513
1540.023,1036.1964
0.36,93.06565
19.884,37.669308
44.104,50.932003
59.847,78.71436
0.187,9.0531066e-05
0.437,0.36917916
40.714,78.37227
0.347,67.85517
0.28,0.0141879115
109.94599999999998,26.66378
39.98,41.73731
601.08,12.199212
0.61,36.961685
118.41,174.3396
708.967,299.84988
280.116,33.191677
18.84,180.69333
8.04,71.82334
10.113,97.37382
0.173,93.621544
75.78,61.38618
0.03,0.46195355
30.102999999999998,52.527977
19.73,0.024322154
20.007,1.407646
11.564,0.04364975
20.897,203.29974
1040.62,1143.5168
99.323,43.004787
18.69,2108.0256
0.127,26.771809
30.353,0.030519703
0.20599999999999996,0.0049200375
0.187,33.20818
0.033,0.0027237912
10.05,0.00086880766
39.88,31.075558
10.827,105.41284
8.654,0.060214292
28.943,34.306503
0.266,0.062406626
1880.02,1332.319
0.72,2.3932202
9.517,86.8669
19.774,41.17826
19.77,0.0033241143
39.98,108.685295
102.033,30.845129
0.123,0.1199448
10.67,0.07276581
19.2,0.10841367
0.534,0.0061601778
49.92999999999999,0.28678027
670.12,270.13318
9.993,0.011073017
888.186,516.4063
91.16,161.70088
0.076,0.0064465217
0.78,26.87364
60.392999999999994,54.260193
27.845999999999997,167.0095
59.973,2.1019404
200.037,23.434328
69.317,47.535255
149.954,336.3296
69.28,0.0013097592
16.087,9.820683e-05
10.583,1341.4551
22.15,78.97682
1388.96,2.3098903
1407.483,1310.8612
0.05000000000000001,0.038755935
19.876,0.1359711
0.97,0.0036238313
502.1700000000001,114.408585
360.267,32.57653
10.123,0.030263087
19.894,1.0673983
9.85,2.6643116
5981.456,60.441532
9.163,76.979126
1.514,120.84192
0.046,605.45056
1873.897,1397.6576
9.273,119.38563
11.39,0.0010319686
3732.7140000000004,245.87885
29.78,0.016122298
11.093,72.30425
70.283,17.519905
51.78999999999999,230.24944
29.65,4.759597
10.08,26.381758
19.87,249.45206
29.753,4.0316376e-05
0.656,0.04673779
39.513,22.864098
1.03,2.8436429e-05
0.127,0.0009142928
19.534,76.19307
19.89,74.21915
20.75,84.881996
8.817,66.65705
10.403,0.005605062
15.853,88.58632
30.22,3.506176e-05
90.63,111.09349
51.040000000000006,21.43925
80.177,5.3819046
20.037,115.77153
3020.554,931.8883
322.02,217.97177
12.183,292.84125
6797.077,1474.0255
10.383,74.27108
19.996,0.008942496
2725.223,1466.9302
9.126,3.3245546e-05
0.783,40.27711
21.803,2.57131
20.02,20.474997
69.433,129.7311
0.253,0.011924677
310.213,1837.7015
130.736,0.31166288
19.326,197.57181
1838.7469999999998,174.37904
19.763,8.15797e-05
581.02,964.3719
9.616,44.45429
19.987,22.167427
19.777,0.18885607
11.193,38.05648
191.063,676.09076
4589.62,301.43274
9.07,0.0070672147
20.0,101.56714
10.177,1.2393564
10.174,0.015443715
11.843,1.9770625e-05
90.25,29.235638
300.17,503.48932
10.654,0.015895598
0.14,115.21943
19.926,95.11049
19.83,2.0472465
39.867,3.3871202
912.27,225.80626
50.737,175.6422
0.36,3.7768683
8.506,75.35071
19.337,66.12145
20.014,0.0014930781
19.373,35.710403
768.89,529.257
9.517,58.274952
91.053,59.476948
0.237,95.603584
8.983,0.013684765
0.283,23.031055
19.067,0.0060430802
20.576,0.38431293
259.88,1135.5801
11.78,31.921427
410.06600000000003,27.795454
80.023,1232.1774
67.193,33.543518
19.137,0.021046046
50.877,66.51641
40.28,0.250675
350.426,886.7881
0.047,37.96147
0.10999999999999999,2.0447297
79.386,196.8208
0.467,0.0008794262
139.977,67.43847
19.913,92.71435
11.897,3.3407288
190.07,0.07213031
0.21999999999999997,17.732225
10.243,4.0945873e-05
0.033,4.3005586
19.86,0.014943162
19.617,4.4215646
29.383,52.60583
9.31,38.180237
2.58,0.030941544
29.89,656.396
109.87,1.6786716
0.017,0.17038736
10.506,73.60878
30.18,0.19293936
0.094,50.73747
0.406,0.0030364355
381.004,357.45197
0.33,142.40802
0.283,107.75938
0.034,40.27711
17.316,76.19307
19.867,0.0049991463
19.527,0.14250855
40.67,42.4769
510.6000000000001,866.6961
8.743,78.197655
2.703,66.55495
110.293,19.095392
20.096,0.21064872
1.16,48.31927
49.867,154.22955
10.22,150.45546
9.666,41.17826
2367.42,1434.5266
23.666,34.984406
0.39399999999999996,18.434862
10.447,24.566614
550.24,141.42567
8.907,0.00017376285
30.226,299.54498
150.31,74.59664
10.34,0.0007592502
151.014,558.9707
20.046,0.8599788
39.76,0.119828746
1147.06,4376.2056
90.18,0.36093962
0.047,0.049969234
440.86,40.994244
19.36,65.956795
11.624,390.3795
28.43,0.18960318
0.093,0.024691302
100.026,47.95296
9.037,0.10007682
0.313,36.719685
20.013,0.048153993
29.899999999999995,0.014949735
429.82000000000005,297.69272
380.753,501.50198
8.767,0.0010052273
29.909999999999997,126.72987
0.254,0.12484064
9.237,0.03908323
0.174,0.0040312563
10.54,0.00035931612
279.67,314.12344
20.67,82.487
140.15,442.9248
0.127,0.00051015074
10.683,183.37683
230.306,173.48761
5791.243,736.559
0.347,4.958845
20.15,64.98221
4630.413,2889.1091
75.543,19.68109
919.927,355.90567
10.01,27.584421
17.333,72.393814
8.41,0.00072406995
420.00699999999995,596.4078
39.366,4481.5874
1.78,43.88812
14833.446999999998,1033.9653
9.926,0.00010583529
3030.796,46.192204
2048.96,1622.9086
19.72,47.162464
0.344,63.10219
11.05,0.023471907
279.937,19.286205
26.832999999999995,294.55032
50.037,482.2887
40.156,0.07851281
9.423,34.196037
19.667,0.009690781
19.11,0.2630408
19.734,29.58581
40.71,78.38981
20.38,93.97395
9.953,0.029283248
159.723,10.803265
10.007,7.4298377
80.01,41.980515
19.24,0.10041601
830.06,1025.9265
19.4,22.773544
22610.614,2188.6228
89.743,3.6852348
110.08,873.26715
0.047,0.0037537548
38.97,0.25125682
1.01,57.253433
469.62,19.465168
58.45,128.64441
30.356,22.139824
111.74,1484.783
10.03,98.4127
910.64,2807.2368
8.27,17.250984
18.903,34.97462
8.69,0.03372177
11.43,36.148273
9.233,0.007129343
39.98,337.1019
110.33,1659.9059
0.063,5.778942
0.203,0.0011463187
99.823,283.09012
20.127,67.63198
9.743,118.3052
39.294,1343.0363
39.787,6.691224
10.014,0.024706092
40.623,16.374664
10.477,0.2894537
89.016,0.00091303466
43.043,63.26233
29.907000000000004,752.1765
29.877000000000002,59.145992
326.94,193.09526
19.014,58.453648
56.75,76.24826
13.72,30.743523
60.47,20.233744
19.717,19.360472
0.567,52.326904
29.92,0.21586463
29.393,31.23842
80.18,106.01084
9.94,0.00094905257
28.933999999999997,111.07112
39.21,106.538445
49.68399999999999,14.200607
59.39,20.492758
110.157,10.906783
71.084,0.004929374
20.987,107.53016
9.87,0.13948853
19.703,1.713053
0.283,92.88943
10.35,0.00014831542
190.01,2938.5706
39.877,64.60159
0.267,107.615395
29.223,0.0003987879
19.347,29.299307
164.994,605.48083
219.456,133.24516
19.914,2.998365
0.046,16.888897
429.567,417.02576
29.157,78.43842
9.727,0.0036238376
129.98,824.1771
40.08,58.455452
10.944,50.292862
0.42299999999999993,63.52021
11.82,0.116453916
0.64,0.00088773627
40.364,95.86165
18.904,0.0006554327
0.187,106.28619
9.957,58.99943
59.44299999999999,0.007282794
78.33,36.2979
209.79700000000003,18.964067
5180.054,2642.1506
0.013000000000000001,27.604237
0.754,0.0006831378
40.27,10.184327
9.977,0.00066841487
0.047,36.4886
820.05,1172.1537
39.807,205.90627
28.7,206.11494
359.857,1048.1041
9.957,33.975258
596.117,669.96564
17.55,64.17303
20.99,47.725582
0.14,0.0002572024
20.67,208.79619
18.963,32.403114
49.96999999999999,0.4338533
0.673,45.859337
0.063,0.13956188
40.193,50.778893
19.937,38.252605
129.963,17.628164
208.977,407.08243
39.437,32.365505
12.513999999999998,0.0038722984
59.917,4.0503364
0.25,33.2962
101.02,93.81825
40.8,144.83487
140.48,0.46736985
9.987,0.015108008
209.91700000000003,117.74317
10.5,77.341866
20.63,543.48553
0.25,20.461895
20.077,0.07962297
12.016,0.0014763562
9.364,71.454124
8.69,25.469376
0.577,155.47215
98.867,434.02518
2210.133,1025.2206
0.613,5.1629214
0.267,70.474655
19.31,106.92932
8.973,0.34289044
190.047,1448.7306
69.534,19.780699
9.613,0.0018052435
20.22,20.290941
8.837,0.006568449
19.913,40.26623
0.157,23.657492
19.533,103.50138
19.526,60.861397
19.36,95.23482
61.113,9.529861e-06
30.100000000000005,30.400461
9.647,0.004402266
41.106,111.75422
19.213,129.135
30.427,32.904182
11.867,25.662136
30.477,119.2971
10.17,94.7227
21.51,81.08826
0.626,0.3213816
0.547,29.35741
100.597,211.23756
39.723,827.175
19.04,270.00894
10.903,0.0025927317
19.467,0.005866149
111.13,0.1381389
339.926,452.02386
220.703,22.30039
29.873,111.76575
639.69,177.05183
61.443000000000005,196.11234
9.676,0.45525387
629.68,87.88618
81.25,0.25941852
1.737,71.786285
109.786,0.00065276655
4026.973,3990.7097
19.88,30.41622
19.657,0.16046213
9.844,17.345999
50.25,219.57841
1749.583,119.90413
29.23,65.383545
40.373,0.5882697
70.88,89.7306
20.28,1.4686794
10.247,0.5162513
9.133,0.016211152
10.78,23.734245
539.83,190.46298
9.137,0.021883754
40.18,0.014267707
20.96,135.54762
19.13,23.342163
230.24,34.701046
9.12,0.03217411
9.984,3.768119
0.283,0.0008458939
0.177,2.1132176
60.63300000000001,15.547283
8.753,0.33637068
9.517,31.005407
30.530000000000005,33.98957
149.796,359.41245
9.673,82.62135
10.08,0.6653403
60.64,95.61564
10.864,0.003392341
20.017,4.0427923
18.94,0.056423962
400.00700000000006,149.89264
290.544,193.97792
0.17,0.00055332726
9.397,66.39109
0.14,0.010814282
20.73,70.88669
10.6,38.23036
40.163,175.3746
19.89,0.7701165
48.85,53.24791
49.213,24.14284
59.954,48.63766
8.713,0.024706092
349.663,48.00455
0.033,0.0044066766
29.87,29.400995
18.357,96.16237
0.127,7.273223e-05
9.636,487.32986
6.8469999999999995,352.30603
262.224,53.19222
9.903,150.5918
19.134,0.02463499
39.913,123.77219
10.883,0.0005981617
848.203,507.17545
149.623,0.8181204
59.906,0.456311
80.233,146.41988
0.8129999999999998,0.02796245
9.013,24.48928
19.443,63.2739
239.80999999999997,676.33984
0.123,0.014200054
20.02,0.06442693
0.55,0.007807085
0.4000000000000001,51.284748
18.784,24.996544
19.67,0.0076263146
19.004,175.32501
129.974,140.69388
51.234,39.48322
49.153,51.730602
8.883,111.89501
29.715999999999998,119.61324
290.687,629.2428
30.266999999999996,53.111805
109.74,2.5519118
0.127,0.0054936633
19.41,41.887135
19.996,900.41376
10.2,0.0035468868
79.2,272.41013
250.083,132.39241
19.037,48.46619
8.663,40.85378
9.167,0.0035438305
0.407,68.69257
20.066,102.42308
0.237,78.73452
119.776,32.580647
40.11,2.5000439
0.283,0.08105738
0.377,0.00038405217
708.93,76.50752
858.934,2381.894
0.42299999999999993,0.02021835
30.23,44.375656
8.846,129.8377
10.4,80.69026
1.046,27.623186
10.01,1.6445566
215.74400000000003,8.973488
30.72,29.705809
20.047,195.10988
130.103,0.03021807
149.51,1087.8586
0.347,94.329765
21.303,111.67251
19.477,102.094986
19.74,0.5608233
10.753,38.60092
9.913,31.528782
30.027,13.225219
11.0,0.005320356
537.52,797.6489
7.997,41.988155
10.157,161.68582
403.9169999999999,245.85289
20.416,31.018671
229.573,14.251251
98.657,869.9385
819.996,164.07622
0.0,20.675396
29.29,35.483032
70.04,0.23781133
0.907,92.67295
19.867,79.535614
1.24,0.7170811
18.287,135.48587
10.044,310.02603
59.4,0.548969
0.017,0.3383477
20.07,0.027001478
0.69,22.36389
121.123,335.13452
8.884,35.053104
8.363,9.954165e-05
9.956,0.35400745
169.86,84.91593
19.87,0.17557652
8.57,0.4467143
10.324,3.1799493
310.727,1214.4048
1561.584,424.76926
28.682999999999996,3.7562945
10.577,5.0832496
8.993,0.0010321675
90.033,22.55852
10.77,70.07317
9.643,0.42896572
0.127,0.00041303592
0.27,37.953934
10.67,7.599205
19.553,166.13892
29.906,1.4063499
9.797,1.5330048
29.907000000000004,14.560003
1361.037,597.4345
19.61,45.0161
3670.6569999999997,85.98685
29.796,1204.8406
59.857,465.51175
20.204,72.15296
9.694,0.06136818
19.243,0.018816946
39.036,133.96828
0.23399999999999999,439.31705
120.75700000000002,42.678722
9.967,67.074326
9.023,82.36495
26.553000000000004,0.09200424
19.27,624.3663
198.62,383.14136
0.043,0.3017038
38.986,24.891712
18.88,86.38904
329.853,50.07469
17.84,33.86915
20.243,54.308903
40.034,19.23716
848.9560000000001,64.10757
49.577,26.01038
19.497,761.67035
18.77,110.15267
17.953,303.5237
1.004,2.2794607
19.317,0.13690427
929.3799999999999,432.954
79.51,1.9796125
490.64,70.83016
18.743,89.14413
49.786,0.018255759
0.53,51.977146
27.92,64.00363
20.88,0.006119938
42.85,140.7345
170.664,695.53156
510.784,479.2768
0.97,67.3864
8.047,0.021860998
0.03,0.00045871933
0.21999999999999997,30.95747
8.977,0.26827836
2301.927,648.1153
19.983,71.55521
40.153,0.0039488836
0.0,0.6972543
9.91,31.218554
6350.953,6581.007
40.333,37.421894
289.28,35.83259
20.113,299.47842
481.357,94.557884
9.993,53.837364
8.43,76.979126
9.484,33.839844
5.007,112.29718
0.627,0.071082085
24.623,37.665768
0.08,0.00023738427
84.196,43.341686
210.603,0.66747135
30.16,12.88018
39.083,153.50153
38.927,6.3633556
9.61,97.37382
20.157,0.13690427
90.307,0.03620248
80.84,2.1620468e-05
29.140000000000004,116.3275
0.36,0.0029217945
7.775999999999999,81.14419
1.766,0.0020341424
20.94,40.46841
0.513,59.23637
20.09,30.035162
30.164,4.081241
9.27,7.4298377
69.97,194.65654
209.68,443.916
20.533,0.0278723
0.19,0.0015389348
0.076,0.0278919
79.74,2.2479113e-05
209.66,1243.3025
0.36,116.18581
10.194,123.01608
10.843,1.5697021
10.74,98.359276
82.407,266.35092
9.873,0.0035769218
40.02,131.20651
10.397,0.07276581
10.407,5.8306684
10.457,0.07995542
0.173,74.155525
9.76,3.6895402e-05
11.193,28.545443
0.21999999999999997,0.024706092
5.336,65.05571
260.183,156.84068
9.174,0.0004997409
0.36,47.606327
19.914,460.2623
10.003,1.7199296
50.11699999999999,18.1888
9.617,0.002835208
21.896,26.898626
0.907,0.0037370813
0.94,59.606125
9.81,0.026391791
940.887,468.20514
40.263,122.6642
9.95,129.7311
3260.2099999999996,215.7166
0.593,6.552579
20.34,46.070953
59.88,0.06683305
40.21,70.839645
20.123,385.4827
70.987,48.85125
40.037,25.2141
0.046,5.8521137
39.853,69.06512
40.043,161.08824
8.77,78.10567
40.143,36.814835
31.420000000000005,73.25959
29.183000000000003,0.002681455
50.127,90.347015
19.46,3.2646556
250.266,589.85535
19.994,0.0004044966
19.733,30.115852
19.56,0.05010108
29.600000000000005,63.258682
109.733,127.22004
0.017,0.047698673
29.463,99.90672
12.403,60.910976
60.546,12.5555105
9.663,3.2691576
10.083,0.0011140591
9.47,0.010170634
129.467,8.246841
20.03,125.78612
9.42,0.0018768662
9.557,0.001705969
0.517,54.850937
29.937000000000005,108.135506
9.607,0.008544097
159.773,0.13052826
0.187,90.365776
9.877,0.94606435
108.137,367.20444
3.146,0.008658764
98.26,420.40704
511.69,32.143257
79.903,61.49627
10.27,56.925663
20.057,66.7289
10.59,291.3523
299.81,71.40952
108.644,120.45646
190.654,376.36108
31.14,189.2934
30.183,43.92535
0.173,436.72482
19.076,215.62825
12.78,107.151985
19.7,0.27928984
152.01,658.95355
10.107,0.0009507196
20.73,0.78445005
49.96999999999999,23.99346
109.113,65.1827
717.55,1221.0427
612.513,115.59795
40.07,533.77185
641.78,0.14683832
39.967,38.184135
40.437,41.845547
19.866,95.23482
0.14,0.6198106
19.706,65.82767
119.297,30.582302
9.89,51.970955
9.387,8.807401
70.096,967.74414
70.536,18.103891
119.023,71.61765
10.92,9.700451
19.673,91.72319
41.323,56.56268
19.577,13.881508
10.13,0.20035459
19.673,150.45546
150.016,19.62341
17.983,179.3424
10.847,28.669762
10.0,40.952686
219.86,325.56705
0.313,25.636631
19.673,48.539387
40.22,0.09324548
10.3,776.5015
29.254,0.08953061
9.753,0.12279577
60.653,43.853508
249.893,517.83
0.547,0.008588177
11.75,114.62697
20.05,55.338882
49.317,48.64332
58.006,0.01356292
1291.247,198.09315
19.117,0.0018070625
80.194,32.7567
0.63,0.020634174
9.64,124.54953
57.57600000000001,81.19515
0.43999999999999995,0.003387492
17.693,88.95242
19.283,102.31229
399.787,187.31187
9.003,45.83096
70.293,144.76291
9.526,0.18118462
670.29,1324.6425
9.633,80.73553
9.46,45.094017
10.247,0.0003115089
409.427,135.01657
29.590000000000003,3.6997774
10.32,1.7864895
19.99,369.70514
8580.303,1616.5411
9.177,57.928246
1.44,39.59831
10.67,0.25225994
20.033,2.3339055
19.17,25.593199
20.786,157.22789
39.613,682.66284
29.972999999999995,19.455032
20.077,78.195526
340.09,345.7072
69.947,94.47704
6.953999999999999,87.034706
20.023,245.48886
19.907,47.261566
1.267,5.778942
9.73,30.641422
0.093,0.13236357
30.2,79.06797
0.19,491.64944
0.373,0.21458222
0.10999999999999999,2.571308
1387.007,840.89746
0.266,0.65232044
59.337,20.591427
41.223,482.97382
80.54,129.83781
2990.41,732.3843
19.457,170.34856
12.643000000000002,98.28464
19.32,26.993738
29.916999999999998,363.9081
0.047,0.056423962
9.513,0.10379899
20.03,0.0050462703
20.664,1.0950032
40.627,80.15305
11.15,161.62204
139.463,36.464058
36.46,56.656227
0.703,78.07466
30.397,0.13635638
1359.337,1321.0638
5874.03,104.597946
0.547,0.0006372064
0.45,0.00022587902
0.10999999999999999,0.27389935
39.126,0.64562106
9.993,3.9702141
1.373,27.172346
0.14,0.0064466945
8.02,30.951408
199.77999999999997,465.63498
30.663,90.36396
20.0,0.08698866
30.007000000000005,46.364704
9.877,85.16681
0.297,0.7452833
40.117,1.9456638
20.103,6.691224
8.953,0.0130289765
0.263,80.59681
0.187,0.021045445
450.08000000000004,185.98918
1.107,69.670845
90.827,81.679245
187.167,66.1821
0.297,147.8812
360.957,100.707596
19.84,0.0041999742
20.1,58.608635
18.98,26.413652
450.67999999999995,584.01465
9.91,0.015833009
0.0,25.724562
0.23299999999999998,0.6972543
18.463,195.82014
9.14,0.01409429
18.34,76.56993
19.956,0.0009061938
39.673,34.108612
311.43,823.6854
209.8,793.86786
10.946,61.22801
19.29,368.8398
11.39,50.17976
59.134,1409.2253
16.753,79.41163
11.207,0.051736522
9.97,193.53062
0.53,49.84408
70.383,41.112663
17.476,0.0102656735
20.173,98.40483
5779.517,116.09728
20.177,0.004369091
90.253,67.24323
49.79,691.6607
12.133,94.43846
130.677,18.67584
0.0,100.1988
60.86000000000001,196.65204
19.876,0.029026976
19.933,55.906437
0.173,1.4988228
0.203,56.327225
19.597,0.056284774
19.703,0.007452238
29.287,144.19302
38.803,0.040707305
0.077,28.047642
50.20000000000001,4.882094
8.753,81.70347
19.95,97.86521
0.156,1.0176389
10.223,0.0036649115
10.533,0.0933211
30.07,52.578903
40.8,86.9992
20.05,355.47504
0.093,0.1956065
150.487,110.70204
20.83,40.522144
30.173999999999996,27.277452
210.093,18.921656
11.493,0.0029212316
10.856,2.7859225
7.844,21.299
1.233,0.04812034
19.826,0.012948262
59.79999999999999,24.375793
11.307,0.0031567132
10.04,29.84558
9.987,0.17373483
50.129999999999995,43.071182
134.837,18.964481
19.734,169.07503
808.4029999999999,81.75335
19.74,21.681545
29.376999999999995,10.50428
9.45,0.000632162
89.29,16.338049
9.087,0.2550184
18.993,22.972132
18.333,8.075177e-05
19.634,0.0140937
70.05,534.60956
9.457,118.34411
30.784,3.8552535
20.707,180.72804
90.23,115.78123
21.29,0.34289044
725.51,1421.8037
239.86999999999998,77.17137
3139.26,166.77069
10.39,11.775043
150.136,358.308
19.827,193.46767
9.59,45.760014
9.836,336.14944
10.18,119.78417
0.08,102.89274
19.2,1.3023815e-05
199.764,78.85123
29.78,64.20961
150.787,91.82257
8.977,0.15876989
10.017,27.068726
10.35,104.65555
520.276,32.53652
0.937,55.954803
0.093,291.364
99.84,28.57314
37.984,0.034651816
279.517,786.18774
0.217,44.71487
358.91,914.8752
20.19,0.2762714
13549.573,4779.9893
0.14,0.0038722984
19.613,30.219551
10.556,0.19364205
31.647000000000002,358.68228
28.280000000000005,39.90518
8.1,40.033268
149.753,57.51588
550.1,186.95457
0.203,0.44093096
0.83,0.01145731
19.667,2.742569
29.18,0.037401006
78.827,98.540794
19.933,0.011480379
67.473,188.5631
8.82,0.000111493675
19.25,22.995022
10.856,57.707737
0.047,0.98283815
9.873,0.00037754665
0.766,53.364483
9.91,29.671745
17.034,94.64122
7750.867000000001,1448.08
0.45299999999999996,5.095737
29.633000000000003,31.723804
1190.34,819.3835
103.78000000000002,412.46735
129.787,537.9348
49.737,0.14731099
19.873,231.00154
19.15,143.19916
1399.833,316.79883
19.823,1328.2478
21.92,168.3125
20.32,0.50061196
1.004,11.666732
19.9,1.368747
118.93,21.521164
10.837,118.85845
19.503,27.794397
29.399999999999995,224.3122
209.873,0.0011607074
0.8129999999999998,0.0062756347
9.356,0.025831517
9.947,3.7809298
1268.247,230.21283
9.157,0.1598992
18.83,0.013568497
19.77,0.07425649
0.21999999999999997,0.003606235
10.243,0.10923573
10.073,0.040432684
79.77,52.24334
19.867,2.2104654
3247.26,968.6869
100.14000000000001,35.416782
19.017,66.56619
9.577,61.449966
78.474,36.075447
19.503,0.39258626
50.215999999999994,443.15305
0.127,218.86049
58.69700000000001,410.97736
0.406,111.228615
20.117,0.039607033
9.713,149.6144
9.723,0.27188608
10.366,148.86888
318.973,276.61383
19.547,39.62902
29.527000000000005,30.01241
0.984,0.003328359
319.03,579.39795
160.637,34.443096
0.593,229.02371
40.05,0.13047373
21.07,33.00753
60.175999999999995,20.51158
329.893,446.97348
70.007,539.9297
18.447,0.31081015
20.047,37.778507
359.797,1235.5471
19.764,0.031877365
89.817,3.8015623
509.847,5.4830823
19.327,105.53467
0.14,0.008480509
9.42,0.535733
0.47,0.0023167403
19.99,1.0769502
18.937,72.76691
349.213,189.51674
239.79999999999998,0.15274505
40.79,48.310844
228.67999999999998,1687.2542
9.82,105.60731
0.45299999999999996,0.00031728172
109.02000000000001,0.63388884
0.17,4.3679454e-05
8.27,122.49822
9.15,0.00077475695
799.5999999999999,924.12036
0.25,13.575729
10.047,113.76257
19.653,0.24702458
19.46,62.457542
9.84,45.712345
1.097,0.00059692055
599.226,381.25925
30.030000000000005,57.824066
9.197,0.001802852
9.256,23.256613
69.94,308.86417
1229.396,984.4947
10.037,0.029331379
19.94,148.24211
9.613,0.0008453278
79.623,2398.3591
20.563,52.58933
199.693,68.07733
229.703,321.17902
40.277,265.117
29.533,49.901733
238.63599999999997,0.011805514
48.573,112.8764
9.893,0.4819665
19.996,66.2337
20.273,97.76666
1.004,273.43274
1.03,30.770897
0.593,121.79722
19.907,2.776796
1029.204,421.39166
5107.454,617.78815
69.293,360.6001
49.66,18.343876
0.407,34.306503
70.453,0.0029649374
18.287,73.48192
9.926,0.032808937
79.497,0.015784765
0.157,50.89383
0.577,0.0002572024
0.0,0.029638318
49.52,1044.569
21.11,29.541101
189.79,2.863792
10.293,0.00042994093
120.22,803.88196
0.343,84.60976
18.337,1.5637288
9.257,89.39088
29.567,19.078016
20.04,0.11462126
0.10999999999999999,23.162273
0.157,0.405827
21.433,415.65723
53.734,128.59888
49.42,33.775436
10.11,0.00010583529
9.677,51.162663
8.667,0.009384247
10.033,24.524567
9.383,0.4420096
29.937000000000005,21.543953
119.554,91.66114
0.143,0.6309529
50.336,42.09813
0.033,0.019372646
0.093,122.645164
19.963,0.60798484
0.343,57.393494
20.634,241.49583
379.91,936.9591
8.683,0.0027039812
40.38,543.94696
58.694,401.56808
0.733,0.1035452
0.076,54.474823
209.376,277.9012
0.063,0.052058484
49.824000000000005,12.735879
23.253,236.1769
20.12,52.204464
360.553,394.1002
9.103,82.62135
0.767,0.33637068
8.776,233.46179
125.276,187.45929
19.41,110.8936
40.84,38.37916
100.31700000000001,2159.8838
82.177,96.33336
20.047,105.96138
112.16,110.30497
359.75,282.42807
0.157,202.93011
69.483,0.0886499
19.96,57.84214
0.283,50.78122
0.237,29.93997
2269.873,408.56027
29.46,1444.9755
1.034,0.012005968
50.45700000000001,19.732164
11.13,0.14512952
9.716,4.3679454e-05
0.19,0.08313557
0.034,3.5133865
139.483,344.84518
39.237,4.3544645
9.907,3.2184217
101.43999999999998,23.42055
38.877,31.153236
9.483,0.0020357142
920.45,548.5215
90.707,418.32993
27.179999999999996,258.3235
10.053,27.966572
30.093000000000004,0.57195437
349.207,474.5893
89.777,68.30835
10.797,135.26614
49.92400000000001,34.964718
11.313,174.29404
0.093,1955.3938
30.06,37.050274
10.803,0.28678027
9.656,52.53242
0.923,0.0014652975
19.783,33.68022
61.15,6.1902704
1.19,305.01724
7.912999999999999,3.3245546e-05
49.37,160.18707
29.934,0.93812853
10.123,547.79175
0.327,22.574387
0.253,0.010173669
28.064000000000004,0.0002678377
20.16,22.972132
220.923,232.8689
19.66,25.480984
49.127,40.436996
10.327,71.701355
50.757,16.476812
19.633,21.634918
239.184,773.1223
19.31,54.474823
39.787,0.40725377
29.76,0.00022805564
0.75,23.834953
0.653,141.87448
29.687,0.004329496
355.3,1100.1372
19.527,73.21237
18.727,59.606094
60.29299999999999,67.93252
53.23,1329.811
60.47,45.261166
179.936,67.785225
6953.634,2148.786
1140.01,1280.4319
1333.01,196.88307
79.83,532.5947
210.16700000000003,214.85526
9.37,117.6777
9.903,4.722998
9.593,138.68835
20.033,20.848188
9.807,72.53056
0.737,1.3249408
39.874,0.00069577363
0.43999999999999995,0.0010681177
1.5539999999999998,1.7217103
501.39300000000003,59.39865
0.017,0.0019539222
239.97000000000003,460.89914
0.077,0.004369091
10.076,0.14458191
241.067,92.59223
19.53,0.06979603
0.14,0.003606235
69.717,5.334627
9.33,0.027239349
13.03,36.05342
9.43,37.205833
19.38,578.5706
24.007,3374.1191
169.447,840.0583
117.624,268.37885
61.382999999999996,78.394684
9.737,0.0031640488
51.953,119.38073
20.826,156.52118
10.34,129.97575
20.557,178.78883
9.327,0.054755986
130.193,79.4266
9.764,0.04408134
820.25,484.6298
30.100000000000005,113.99431
39.89,192.1756
145.014,83.146385
9.366,49.61833
19.983,1.226766
0.033,35.733707
8920.537,1266.7355
109.957,762.45
60.513000000000005,47.54099
281.647,297.1227
9.757,10.533556
199.057,103.30864
29.953,36.219654
10.95,32.20166
8.997,0.04408134
1.89,0.16294815
30.106,0.20770437
8.653,45.624573
18.536,0.07475687
0.594,0.01442952
15.054000000000002,0.16653022
19.696,0.88739884
0.14,0.0020202578
0.21999999999999997,48.51913
90.22,27.005667
9.94,0.6309529
0.42299999999999993,4.884687
19.89,39.078224
30.153,123.23214
0.703,400.3949
40.55,34.81596
9.914,0.25025272
19.594,44.5185
0.076,0.00059389183
9.797,23.065197
10.364,0.00026415134
20.1,469.77023
139.307,150.25616
0.097,3.8059332
0.42,5.6624017e-06
79.35,67.48957
140.233,169.52116
90.14,60.74574
26.937,0.98283815
90.086,155.74527
0.313,0.049969234
11.113,0.012909507
30.862999999999996,0.23540841
79.146,40.70299
138.65,479.76465
70.83,3294.3499
11.113,51.602104
0.066,0.020775298
70.053,142.31738
40.503,0.0804592
941.467,2051.8076
10.537,30.641422
510.1700000000001,427.41592
346.803,1371.3872
66.47,1126.9908
428.98999999999995,91.09316
69.993,150.4441
0.267,5.3751533e-06
60.817,122.2731
9.647,0.043130644
0.407,0.0010052273
29.257,78.869896
10.19,107.289444
10.293,136.71883
530.68,483.86685
99.24,5.5642915
70.28,346.42557
20.434,0.06658378
9.84,0.0040312563
0.033,0.00031728295
0.126,1.9180392
139.677,0.00074444566
9.493,30.960722
0.577,15.585884
20.12,73.56667
0.267,0.15131202
80.223,99.295975
8.57,117.11446
20.157,196.74734
700.177,1385.433
6818.906,7945.7188
30.28,55.886303
9.81,37.92309
399.907,746.6593
9.26,0.008313396
19.02,0.1035452
59.913,0.033031248
39.507,38.808704
1.11,385.68796
30.573000000000004,0.13505338
9.363,4.7628384
0.406,156.42351
0.203,152.0939
24194.43,82.0096
90.17,141.31013
10.616,124.14863
21.407,448.63956
259.953,123.01608
9.417,0.13380268
0.36,146.83463
9.03,0.0019564733
52.483,0.59204334
19.763,0.41473714
0.267,51.260696
18.257,50.89383
0.797,199.87523
0.19,0.059807435
28979.2,467.6708
10.004,202.35713
49.81399999999999,111.449905
30.646999999999995,251.35345
1459.556,239.23892
19.944,84.22749
4709.837,120.6573
0.8129999999999998,6.8248386
20.03,39.767193
19.957,370.55487
9.974,4.722998
0.23399999999999999,56.112152
10.72,22.000706
91.29,55.689995
0.424,153.86462
129.887,30.662241
39.053,33.21103
99.33299999999998,1.8612417
19.656,47.55852
0.627,49.897003
190.6,95.972855
40.51,246.94019
9.963,0.0789879
10.247,3.1694531
9.296,29.186136
79.997,69.65058
9.594,9.552091
20.16,2.0192885
9.087,6.776402e-05
122.63,114.64137
20.44,43.68144
1739.177,1126.1637
282.317,376.8579
36.424,164.1008
210.423,205.00711
1.487,0.0010052292
20.497,43.59314
80.017,34.078934
9.093,0.01572828
0.174,133.9937
830.7059999999999,769.4673
39.914,429.6772
30.037,416.93335
130.303,0.03595468
0.42299999999999993,36.733685
40.02,19.41084
9.67,32.878284
100.07699999999998,3.2957706
9.573,1.7285062
0.39,0.011977184
20.553,0.0004563918
9.2,67.783134
28.063,53.273254
439.817,168.53093
0.314,124.14863
3026.13,766.13586
0.097,41.06102
19.653,0.11976614
7.117,0.007487993
9.423,0.009202185
10.163,6.5251694
89.843,0.16158773
40.63,40.25489
20.957,0.7390909
50.040000000000006,6.516016
10.153,0.01209667
339.15,1409.8058
9.523,0.21098022
9.144,0.27769202
200.14999999999998,704.33887
139.967,410.18118
30.13,30.039473
8.343,0.005828625
18.724,39.84385
0.046,0.0002913657
8.673,40.09583
9.057,0.0029511878
19.753,76.49411
10.05,38.395226
19.73,0.77947813
19.87,535.9936
339.73,206.11847
539.62,220.37704
10.77,0.0007449911
0.0,43.653244
0.3,60.007477
0.376,129.81595
17.314,62.5503
40.65,0.05018056
0.063,47.443317
1.16,313.70792
190.66,42.26008
19.8,138.98659
0.047,1.368747
1478.93,322.0482
18.92,26.051224
129.763,34.98622
10.527,27.52312
90.52,21.004457
380.217,17.921951
19.79,16.300661
0.5,39.164753
70.097,51.89196
20.18,20.519775
0.06,0.37069905
10.603,184.04166
0.047,23.554983
9.964,0.017851157
25.59,20.458725
49.797,1.1445959
19.647,130.6198
20.23,58.86602
80.046,107.62814
10.48,0.00685121
12.58,0.00015273072
59.923,36.8292
20.81,68.45749
10.517,26.473213
51.266999999999996,29.22852
9.743,5.671505
0.203,118.583046
38.97,0.0042286143
9.477,3.1694531
22.02,140.13748
0.17,0.01680935
19.873,39.458054
89.83,323.9011
401.39,141.76787
20.304,194.43105
0.123,0.0031975682
19.977,118.66888
3520.32,228.684
1.063,0.00031728295
9.85,118.76093
230.407,316.5511
22.08,56.233566
290.08,87.55359
28.863999999999997,0.001984961
21.003,641.61017
0.064,0.22954637
9.237,0.95531356
129.56,110.32234
20.02,0.01586094
19.623,0.07529449
8.833,174.01772
9.607,0.00031809424
50.163,85.75499
99.46300000000001,5.138133
0.454,40.01555
720.603,142.35905
29.73,12.315214
19.567,0.09802982
30.316,32.20332
20.007,0.16833468
728.706,1327.4486
1.014,70.99058
19.896,0.00414715
79.677,82.06002
0.23299999999999998,0.01586094
10.033,881.369
10.1,0.0003291521
2126.93,1595.8248
19.517,193.56021
88.934,0.063374214
19.777,54.053356
250.05,56.56643
9.937,0.00907725
0.047,102.95866
11.0,94.057625
0.8770000000000001,19.421425
60.273,1663.7338
179.403,33.3388
80.227,0.071991
747.343,2211.1396
9.543,0.024691302
468.2339999999999,146.09657
38.697,0.027875917
30.022999999999996,659.1151
10.274,0.03217411
409.197,216.49722
9681.85,76.25781
20.517,45.465485
19.443,95.86165
29.42,0.9207993
19.887,0.9103096
259.124,965.3425
20.753,116.88464
489.79,53.938854
20.674,79.36343
9.89,178.34187
48.95,13.113109
19.024,0.0002989285
9.494,184.53163
220.84,606.6472
19.057,150.95822
8.593,47.125835
0.343,53.934006
0.016,3.936037e-05
9.18,0.0024875628
0.013000000000000001,1.0757103
39.46,1605.5457
10.12,26.487448
0.436,40.27711
9.73,37.189262
10.53,9.117694
219.42400000000004,372.03278
187.75,201.4449
100.346,189.07169
150.09,22.52414
1039.504,87.07144
10.15,1.786774
39.813,13.965387
8.906,138.93576
19.227,0.0043094098
0.14,0.2750233
30.020000000000003,45.119617
19.693,0.4113978
210.22999999999996,32.80045
29.283999999999995,49.526257
180.07,588.7522
9.734,9.423997e-05
19.657,451.66595
720.8,101.854614
18.883,0.0002816095
39.97,0.4543694
200.497,409.88153
0.187,0.0067074667
19.344,29.448952
3.2799999999999994,46.13707
90.18,0.1032602
39.85,140.99895
99.816,103.12085
9.117,0.0006574197
94.6,41.80694
10.064,71.71641
9.04,253.63406
11.157,0.0016634524
100.633,30.606781
30.277,220.00012
39.634,0.04667601
1549.86,1696.617
20.91,19.071241
20.21,0.12883508
19.723,139.77258
9.52,355.94492
350.153,195.51454
109.733,0.6425522
2099.763,2317.9512
20.347,9.043355e-05
108.197,79.722336
11.484,0.048520416
50.677,28.81584
9.993,151.08733
470.01699999999994,1685.6066
140.256,70.8756
1451.09,664.0821
750.127,251.02394
0.536,26.487448
230.02699999999996,14.813411
10.036,91.8882
11.033,0.29136637
9.163,99.18513
19.086,2.6116385
32.557,1547.5375
0.25,97.325554
19.187,243.08075
16.61,127.657326
19.083,16.83739
9.34,5.1062467e-05
8.88,1247.8206
9.803,74.5583
199.913,215.24796
39.273,0.0005733755
20.173,44.79086
20.213,94.10375
546.94,1407.4867
5.417,60.674774
0.153,23.403688
50.284,88.98337
10.7,0.0003363009
20.104,0.07591057
0.297,1.1940113
299.643,39.21644
70.227,158.22801
19.994,0.25622514
20.373,0.7469491
0.076,53.228287
50.523,45.77495
10.75,35.975918
169.764,89.48164
59.767,23.747871
0.47,80.98881
2757.72,2521.0798
460.27599999999995,558.00244
20.3,2.454559
19.853,0.7998994
236.767,2.565174e-05
20.17,0.0023202118
10.127,153.77711
19.94,0.08948887
19.46,33.75511
10.136,118.061584
0.614,44.471638
20.797,0.0008095676
40.033,44.231674
31.094,218.27382
89.61,442.37784
29.726000000000003,52.291916
9.953,140.90955
19.75,24.025366
9.333,0.6972543
109.74399999999999,0.16768067
9.747,53.718445
256.423,58.080734
0.8000000000000002,0.00043425793
18.523,557.3602
19.467,125.97372
371.013,57.013367
20.0,20.346766
0.344,44.221947
89.254,0.0013401416
20.043,106.944176
2001.037,1017.02716
50.346999999999994,205.49927
60.392999999999994,38.44998
0.627,36.07669
10.1,0.7452833
2072.137,450.87
750.607,6057.3784
19.944,87.73569
59.987,266.21185
0.017,0.08119332
0.047,5.951366e-05
329.887,958.89136
28.999999999999996,177.82204
40.41,84.0777
0.23299999999999998,0.23540841
69.926,230.04091
79.99,101.84244
11.267,246.15384
9.79,0.0008168856
80.27,85.70748
10.13,124.40364
19.706,85.795296
31.283,303.11313
28.976999999999997,65.05822
70.214,24.668262
29.927000000000003,45.712345
189.433,87.0456
0.4099999999999999,90.003174
10.473,160.95567
89.48,217.63237
60.033,490.5512
9.38,4.2750807
9.757,0.00068961683
0.36,0.0018050233
21.1,0.00026815815
39.624,100.618164
10.37,68.89677
10.463,0.0066185775
19.094,110.045784
38.663,61.421124
860.167,110.61484
6.873,135.1355
18.83,0.011669868
39.69,48.573685
10.517,34.97462
799.833,1715.7987
90.077,120.67901
300.104,157.53792
9.976,23.419464
40.057,280.14386
249.03699999999998,13.852089
9.21,17.84507
2857.754,115.92935
9.687,25.472202
159.736,0.013307429
0.357,135.47115
109.813,83.377945
0.5,0.0007163703
70.48,26.705076
9.81,1.7122495
20.32,0.009440583
59.717,0.1780332
19.807,0.38413846
0.564,0.20002528
89.72,945.89124
10.017,81.368706
9.663,0.10903132
29.75,92.88705
9.683,0.004311474
9.346,0.003980136
14.706000000000001,0.0001866306
1800.307,81.67803
0.21999999999999997,0.16253407
1540.624,1401.7311
280.047,235.50371
1.767,0.07905784
9.997,0.13690427
9.99,43.005013
159.92,29.739874
8.877,0.019038793
0.013000000000000001,0.00046184115
119.897,363.7839
20.01,1.6377174
19.98,51.442055
10.054,64.566414
0.047,0.0007777522
0.03,0.071336605
230.346,14.723707
19.1,188.93207
29.607,24.935122
9.903,47.606327
369.943,6.794696
0.157,0.00063693424
10.8,33.169983
499.8,10.8484335
69.213,1.4684694
19.686,0.43485904
359.757,8.495285
40.313,112.614136
10.497,0.17716482
9.793,452.74127
149.644,922.55225
9.437,180.55078
410.274,0.27557808
792.24,1075.2356
9.183,40.649734
229.737,183.33302
80.397,21.239124
9.173,20.589933
2960.583,1.5651358
9.96,2.4236448
0.327,0.0075634304
49.754000000000005,35.00972
58.742999999999995,147.24933
1.11,89.77494
20.783,0.0023601595
1959.89,312.91418
0.157,6.8453164
6.06,24.471638
100.073,48.138103
7.44,4.0273314
100.10699999999999,0.5512117
9.087,214.69916
0.03,0.0002598364
19.26,8.257488
10.027,71.382706
9.343,0.0025205703
28.687,835.988
160.15,1299.5231
18.437,0.007080761
199.787,12.963207
78.684,241.33006
9.413,49.341213
81.914,70.00346
129.18,0.82411164
10.277,132.53043
9.773,30.608534
61.343,82.78246
643.006,385.6356
19.89,93.70838
0.047,60.818428
128.99,3.7202156
170.14,0.009202897
0.124,0.00039976116
0.06,35.633495
10.173,39.890144
20.266,142.40802
3.32,0.04408134
9.667,0.43740246
19.82,91.09754
2209.77,160.37656
27.623,155.44666
9.883,1.0162433
19.703,37.644547
91.454,108.37502
9.607,51.602104
9.58,0.28678027
200.243,0.2505536
20.417,0.22449878
19.543,0.0041530863
80.29,2.6712213
9.324,21.592392
1031.323,784.2959
20.33,0.37825555
40.233,141.9599
8.977,34.104004
239.86999999999998,33.497055
150.07,0.008154031
30.187,12.58785
219.994,2388.2295
19.907,30.440407
9.093,339.59433
450.90999999999997,161.24574
70.433,87.31542
0.063,108.3776
9.856,2.8734784
19.617,192.99184
50.787,131.6716
10.19,76.89797
139.853,350.5754
19.95,207.6766
160.15,585.9406
49.273,52.542126
9.943,84.18428
32.693,139.00804
19.197,0.003387492
0.23299999999999998,70.02497
49.0,1377.4977
19.803,1.488402
9.76,0.5344446
151.143,29.971678
298.133,25.914518
21.054,0.036001306
40.067,453.7131
150.523,1164.6934
24.27,0.00043868925
120.424,0.050355442
20.004,0.00039341112
19.037,319.89987
9.607,0.00044314645
22.41,32.411793
0.264,73.138535
168.96,689.533
350.823,382.23383
0.72,0.012573307
30.862999999999996,38.27328
0.314,0.35815883
19.93,0.0025592628
0.357,0.0017006962
9.786,0.0035728924
0.547,21.631214
40.04,251.82271
9.45,28.896383
10.314,53.54881
10.187,0.001597851
9.927,0.2762714
39.973,413.56903
19.957,24.34743
21.707,85.3232
9.143,0.0026991481
0.03,0.0013487244
29.84,23.212448
20.5,40.27711
59.24699999999999,235.55232
0.093,12.387485
29.427000000000003,0.007674116
11.674,56.48994
0.613,0.69777125
20.137,40.96939
1.0,0.0030918033
8820.047,5262.2485
0.20700000000000002,0.003328359
18.704,92.13867
30.173,20.492964
10.103,64.98221
39.594,34.672733
39.936,53.037216
19.73,164.70155
0.406,0.0009882147
38.777,117.374725
20.25,64.55446
10.59,62.17291
359.887,56.09865
19.13,0.009763984
39.997,739.4994
598.063,166.19893
0.03,0.04812034
361.063,1796.7452
10.237,36.511368
9.753,260.9206
211.706,0.0020630644
0.093,0.059807435
0.014,0.026312428
19.95,201.09772
20.996,80.82204
11.517,6.8527536
9.71,0.060851317
7.57,0.0013633324
9.504,0.15183398
9.033,0.11266218
60.346999999999994,76.91752
30.25,376.87097
1051.016,240.9243
69.407,27.753412
280.673,46.505177
19.994,153.60454
19.653,0.009983202
59.75,0.0008292655
30.22,58.274952
19.76,442.8019
260.01,129.29147
29.433,39.50501
360.06,109.22308
5.517,0.019287977
0.9059999999999999,50.00752
20.96,91.69099
49.95300000000001,1.4057707
229.017,83.11559
181.027,466.9301
9.77,169.9882
10.004,62.05531
1.693,690.3999
10.18,31.999298
7.174,88.80374
21.647,0.012917389
9.12,0.12084876
0.9829999999999999,0.28142235
1.17,0.24137157
0.407,168.07732
7.85,83.5241
12489.943,6857.4233
100.023,120.507805
9.077,0.8090559
11.407,31.995274
19.42,0.089880675
9.717,0.4316096
8.35,0.22449878
70.214,23.579237
18.583,20.367481
38.743,0.014200054
400.10999999999996,113.67975
29.87,57.08749
5949.077,1104.7391
9.647,74.15081
0.19,2.0447474
19.853,0.055366196
0.547,0.08313557
9.523,120.79674
20.117,659.7138
660.077,432.31842
1.46,74.01848
20.617,1.8832685
1.437,28.276028
89.833,201.94743
39.75,42.15981
190.21,159.28854
49.483,71.42459
19.214,52.291317
17.787,38.359547
9.627,36.599068
20.314,0.0027140053
130.087,329.0598
26.434,227.6567
9.84,0.41171017
20.937,102.16549
0.766,53.067493
220.153,68.56486
29.953,0.27188608
4447.21,1848.7716
9.887,0.0036873908
40.857,0.7247238
9.67,0.0072504934
0.063,0.0007592502
18.813,19.667084
19.187,153.87993
20.766,1083.4655
9.906,0.012192419
0.313,0.006321425
0.593,52.222713
19.6,214.15625
120.377,69.18941
69.964,0.014102386
0.23299999999999998,1636.1223
59.010000000000005,48.85244
9.613,36.4659
9.94,20.675396
19.93,48.408497
19.05,2.8812356
4721.267,749.44244
20.32,265.30417
81.754,73.93521
54.597,57.587692
9.087,97.74647
30.17,129.92468
3848.3340000000003,2446.087
9.097,3.7719848
0.203,0.015270954
839.614,68.98495
30.67,63.204597
0.21999999999999997,0.027346764
829.977,119.14173
28.109999999999996,117.91968
2179.786,1655.5835
10.16,1.4544375
560.15,462.00565
108.96000000000001,33.22383
0.063,0.011534184
0.094,258.6646
10.303,0.01862724
390.186,202.6624
19.66,123.10335
1126.62,387.68192
19.977,101.86974
19.92,0.35037395
9.98,2.4149518
899.256,0.022791578
10.147,0.30910456
19.026,834.3076
10.093,0.00035446
19.837,309.7508
111.18700000000001,35.727375
0.39,0.0027237912
89.886,127.56638
30.273,0.10742778
0.377,18.741089
230.17299999999997,50.311455
9.847,36.623806
19.533,294.52496
170.663,0.0041610477
379.987,1687.6786
200.20999999999998,940.3877
20.257,25.648357
20.187,0.009428057
30.000000000000004,1.3476943
21.0,143.54123
11.11,46.398556
3250.1259999999997,770.21277
280.47,84.711
39.66,58.3098
0.576,4.5441113e-05
90.11,2.0309398
0.8430000000000001,73.51909
40.673,30.735245
0.21999999999999997,0.003328359
246.94000000000003,68.31664
0.143,30.77285
469.52,0.51518506
19.95,0.14861369
59.79999999999999,19.950335
0.08,25.401114
10.033,0.013479275
8.393,30.73492
20.07,21.421509
239.97399999999996,172.37157
40.137,23.850502
30.083,56.673233
62.577,68.67131
48.96,91.316895
40.253,74.83128
18.623,251.35312
70.027,36.568237
1205.547,1298.7009
8.95,0.039280187
60.22,26.239977
19.924,0.32418808
78.793,79.19423
250.79000000000002,148.1241
0.216,0.0024151201
0.203,48.190857
19.716,128.94418
9.744,0.3017038
40.263,33.532383
80.966,65.21997
19.067,128.64441
2354.41,3537.4778
1130.19,121.48751
40.447,67.3968
0.254,95.07962
10.043,0.48336622
6.623,0.69432336
2580.457,111.01446
112.883,35.107903
0.36,83.00848
0.174,0.015538871
10.154,3.6913652
29.913,4.0503364
20.156,41.969334
79.28,268.13403
10.876,87.620285
2740.724,1117.3671
49.12,242.28519
8.7,46.726254
120.096,48.172997
18.763,97.43024
8.957,0.15455484
19.936,6.71269
0.14,62.072407
7.707,0.0032534846
109.656,0.007425642
10.044,2.202571
259.473,576.58215
140.317,99.64775
620.42,1769.2317
8.887,856.8641
0.317,0.001780381
6360.077,195.62732
739.51,38.24739
40.72,182.39859
19.784,0.035956427
129.47,56.56759
39.33,23.30721
21.353,0.44467834
0.403,0.08318481
424.51,70.76308
481.16299999999995,95.28229
1090.82,657.0588
259.307,1212.884
19.79,137.0289
79.223,614.77155
21.43,0.0011544812
109.423,37.923813
39.464,50.694088
0.08,0.0003092982
50.24000000000001,35.451347
20.147,25.225912
18.92,0.020281907
0.03,0.0008821208
1829.9030000000002,560.85535
90.957,109.43065
19.0,362.6014
20.24,8.423851
0.236,0.13020739
9.113,0.15260062
4300.517,1674.2675
130.387,160.6701
40.754,96.18108
108.40599999999999,408.49612
19.584,0.03921188
669.983,855.357
350.223,6.895341
10.563,25.506157
20.31,0.026949078
38.887,188.39798
19.973,53.736797
20.273,106.979744
48.05,27.4421
1.11,27.107828
9.14,27.226526
19.9,0.071991
9.423,0.007989183
19.603,45.56614
209.07400000000004,565.80884
49.86999999999999,453.7712
119.13299999999998,464.68094
21.003,8.075177e-05
17.16,1249.8713
59.803,66.37225
30.033,46.879677
310.887,503.06927
60.556,54.227093
219.89300000000003,344.5436
49.976,4.058738
10.31,0.00042725715
38.937,0.08527263
20.384,44.41567
79.997,0.0016587604
29.676000000000002,4.0011373
10.75,26.0657
0.43999999999999995,16.141426
49.75,0.0009507196
19.14,89.71668
1.08,0.0003019403
50.177,38.295643
0.017,0.009439052
0.89,348.9734
20.014,82.29085
360.514,371.34253
219.366,376.2067
20.007,39.33643
20.053,0.9330383
0.17,8.649053
19.98,5.901224
10.09,3.0990682
14.86,0.052060913
21.81,0.8514933
69.55,37.780735
0.8430000000000001,0.0011987202
9.97,18.17176
39.29,79.888664
54.637,89.09692
1.427,77.79508
20.163,82.36495
360.09,99.79591
169.943,90.02223
59.81,10.288163
19.983,1140.6571
1089.8,186.47775
180.084,197.89236
0.627,40.128063
9.543,1.399162
260.287,349.99304
29.833,41.938934
8.893,0.45525387
11.697,56.112152
9.787,0.1027105
979.9069999999999,768.2826
21.026,97.69062
20.697,0.12585627
570.233,250.42577
19.643,0.0006831378
9.957,56.58683
93.716,353.88608
19.81,0.69365895
50.096000000000004,4.361654
39.593,0.19800285
0.43999999999999995,32.890213
20.16,159.15117
9.514,117.452934
0.10999999999999999,87.034706
8.353,86.8777
8.983,0.01680935
0.093,0.011022885
9.173,0.006999088
10.213,0.011663715
9.717,0.33637068
9.81,0.98489195
0.23299999999999998,0.6972543
79.896,118.41956
40.533,33.045994
80.987,2.4102488
10.093,38.57358
51.034,52.038464
3071.613,784.4059
18.05,89.072876
9.907,53.293354
39.994,53.615654
100.07,864.6533
3971.4,2176.584
9.88,26.939299
10.003,0.15286979
0.53,1.2021395
9.926,86.35123
19.933,3.0777128
21.55,0.01698799
50.48,2.3478198
0.03,41.512333
19.953,0.41536206
0.013000000000000001,40.522453
29.813,583.33325
58.959999999999994,239.92145
130.487,406.3602
9.784,522.4905
19.673,3.891108e-05
29.424,87.49883
70.524,3.0648494
9.35,0.23675928
170.183,0.97973305
17.557,0.003980136
19.097,59.79587
0.03,33.673
19.674,2.5599675
296.157,56.77617
20.397,0.8309735
19.367,441.59314
9.38,0.51579654
339.703,1003.84845
19.936,659.15356
99.75300000000001,18.448868
19.0,33.61968
31.096000000000004,201.48376
0.313,0.009347358
9.127,19.421425
57.797,113.35397
99.527,100.61179
27.556000000000004,261.16498
14.867,21.337246
20.563,0.058770135
109.95,30.05243
0.123,0.45221618
100.703,25.398233
9.093,0.5496862
9.927,40.522453
10.136,6.0666947
109.923,17.328281
8.87,0.012497098
330.617,100.89434
17.957,0.10608927
70.03,121.59921
20.553,30.075851
0.657,0.0027237912
16.657,46.073765
10.127,20.492758
10.05,82.96068
40.29,0.0017672132
920.1769999999999,378.0865
14.803,50.688896
90.04,24.079601
30.243,7.9281025
12.4,140.57838
0.657,96.67411
8.826,219.27658
0.063,2.167306
10.124,50.320606
0.046,0.06558759
594.86,1257.6631
79.594,0.0061305636
0.033,88.21023
19.95,214.53754
181.163,61.625137
161.36,475.90503
50.46,87.396965
471.56999999999994,361.3598
10.384,123.53186
11.034,0.02274589
780.043,134.11617
0.5,0.011480379
9.61,0.06288882
199.887,189.05688
21.41,0.0019898396
8.8,276.05658
90.326,0.8147864
71.667,115.68613
19.093,0.10798081
0.45299999999999996,9.0531066e-05
589.967,1001.2131
0.127,0.0014093135
190.087,117.69344
30.437000000000005,47.099525
199.72399999999996,58.14483
19.573,0.0043823775
9.713,19.667084
0.36,1.010128
11.6,45.624573
89.717,118.28782
220.11700000000002,167.77347
0.687,0.16253407
29.82,108.24991
19.363,34.121197
20.063,494.56482
0.093,31.28955
39.93,37.2554
19.907,27.609869
1090.49,39.381504
19.974,4.767374
319.263,121.72192
53.406,601.40784
139.066,119.2578
930.043,272.41693
199.61,11.5721445
38.453,110.439575
19.99,0.28236294
1.436,156.41467
67.933,216.62752
340.337,0.02686268
3271.853,414.12158
80.073,23.694633
289.68,60.733437
41.234,57.960907
69.797,46.286648
19.177,134.80385
29.542999999999996,10.459754
120.11000000000001,211.51056
19.484,161.65291
7.723,0.0024875628
0.157,2.1132176
1.427,0.0074537583
1.094,148.0532
10.61,38.60092
266.043,815.7682
110.65999999999998,0.2763681
81.037,16.065735
50.07000000000001,106.202065
9.96,0.108447485
9.42,0.44153014
90.323,20.975992
140.96,99.947495
19.11,53.794903
40.253,106.43736
19.78,133.2218
40.706,82.1671
208.06299999999996,56.06302
129.144,80.71125
409.557,68.12102
27.657000000000004,65.35285
9.82,24.795021
9.22,0.003980812
19.797,136.54578
30.193999999999996,695.8928
79.643,35.210968
2.423,114.067406
60.134,104.72834
20.096,2.9620616
70.26,37.669575
142.097,194.8998
257.967,592.4025
49.46,244.19334
19.727,0.57095486
770.524,195.89372
10.397,0.044799574
29.959999999999997,0.0086433925
119.99,472.58072
9.86,76.083885
0.283,0.006119938
42.143,2301.086
19.704,460.29623
0.047,1.3832022
70.007,19.143208
10.697,0.00015897848
51.243,42.805855
0.313,42.1793
19.863,1.1179839
19.326,259.18246
9.767,172.9178
9.35,0.1783294
119.713,36.977592
30.030000000000005,93.26263
160.67,555.6749
20.114,0.37167466
9.96,0.351411
9.626,0.00033239237
10.024,76.41569
9.79,0.00021812043
150.323,867.6674
0.72,152.81769
89.983,411.14578
19.53,31.28955
269.827,0.076839596
110.56299999999999,38.202297
0.077,0.0002598364
11.06,30.274902
30.022999999999996,70.284935
0.093,175.12468
39.506,30.03064
9.787,0.00376311
10.1,0.0045163953
19.566,469.68427
0.6,65.76027
8.05,0.008854781
39.983,36.147755
70.07,559.7116
39.267,27.582306
0.9100000000000001,50.812096
8.924,0.012192419
200.26999999999998,138.5268
0.03,0.007840834
39.15,1126.8414
19.334,65.53111
139.586,0.039439112
9.243,71.755104
49.903,54.780174
1798.19,1979.5898
4861.26,1335.2897
8.736,0.010227076
0.826,51.970955
28.37,0.00062192214
61.473000000000006,1.4014617
9.543,0.00036054154
0.03,0.08955102
19.007,534.4386
19.9,260.89017
480.027,1450.5818
699.663,83.55111
10.15,119.78417
0.17,0.060260594
130.517,2.8321168
19.437,23.700672
9.487,0.11652024
9.75,146.83463
30.247,33.588932
9.853,12.513516
20.57,1.5393101
9.603,0.009751757
21.294,570.9968
9.097,0.0020857474
8.217,139.79579
20.08,0.98719674
100.20700000000001,50.234837
2619.133,1049.4052
11.83,177.92941
339.837,694.8594
0.39,0.0051329588
9.903,0.017107356
399.73699999999997,35.454857
38.07,120.092575
30.474,34.984406
18.86,25.197042
0.14,198.05064
21.446,431.27722
9.6,0.025091691
29.66,0.015208607
9.5,0.015538871
0.42299999999999993,5.102714
21.327,28.972057
9.34,64.06386
48.813,72.72584
39.97,0.019877542
0.597,0.11358055
0.017,0.0028065627
80.376,65.74568
129.964,762.5725
19.747,48.618923
19.927,26.699902
0.144,27.619843
30.257,0.049709532
9.74,58.077763
19.787,45.427876
851.5930000000001,360.0471
2279.83,59.930626
10.233,40.337776
78.383,186.78313
0.017,0.15975045
10.143,41.35253
180.447,373.1603
20.573,33.818516
10.55,0.40559447
21.75,0.0002495888
20.117,16.1212
39.253,0.6478567
129.997,73.54965
229.69,70.07935
19.22,140.66118
10.34,43.757862
30.203,49.924923
110.2,6.2794003
69.84,3.0777128
2151.913,777.97485
500.01400000000007,163.89362
9.874,12.026053
10.073,0.029273612
49.742999999999995,0.002249161
11.63,117.15694
290.19,199.23294
40.347,134.70163
170.333,63.207336
120.16,24.131176
19.824,0.0010321675
38.9,76.33021
9.29,61.86841
101.033,458.72638
0.03,0.60780454
23.237,52.176888
20.163,72.79961
19.67,188.9599
89.536,23.96278
9.27,2.4324407e-05
1219.2,300.36795
29.79,74.71608
8.99,44.45429
8.574,0.007977207
19.78,85.88373
0.424,28.617321
8.804,0.001106035
68.84,53.262676
10.717,0.36917916
39.637,0.026599497
478.17,249.80154
49.59,0.06883063
40.137,0.011343846
9.093,0.0028054873
91.256,25.961296
0.397,0.016112046
29.967,25.765162
40.09,43.30444
19.6,0.0070169996
19.77,585.97046
9.253,1.0033356
130.22,209.0764
19.623,25.788391
49.92,0.011636904
0.487,159.0137
20.81,39.888832
39.94,786.73535
40.66,48.017315
60.273,19.334194
8.537,0.7170811
29.894,0.1868227
0.343,0.00035094036
20.66,113.177055
59.60399999999999,159.88971
99.36,134.60616
10.294,0.2205904
17.106,46.13707
269.273,8.415388
20.154,19.324667
147.867,741.6005
139.9,3.0161362
0.52,68.142586
58.836,20.07009
20.156,0.005703926
9.87,3.9113955
40.45,52.95498
29.51,72.37221
18.293,482.55112
9.664,0.34284958
1.174,145.13142
70.757,92.57091
328.907,69.49647
0.077,0.0010729609
30.153,64.99995
0.203,41.49708
120.567,0.41473714
90.77,76.69768
60.343,44.335644
369.943,184.72145
1090.05,417.73038
19.74,0.44970298
121.26299999999999,938.37067
9.263,45.620052
118.296,25.037563
41.49,102.95866
9.684,1.2994399
20.62,0.21940245
1.5,0.034934983
8.974,0.06327167
210.334,137.9403
19.047,177.72948
19.673,30.53608
19.723,0.0012221438
62.173,23.991108
40.274,39.436592
0.127,0.0028941177
9.894,39.57172
41.33,165.12958
50.183,0.0019989882
11.05,2.3363752
100.376,0.07599366
8.617,68.75697
19.873,16.743347
19.6,493.34586
9.673,31.58758
20.05,25.506157
0.033,0.47938663
108.78300000000002,229.05733
40.176,112.1592
39.42,28.57028
0.844,100.22375
0.03,93.06565
890.9369999999999,25.695484
81.71,26.826025
39.507,0.2762714
0.58,61.22801
9.3,32.96666
8.957,138.68835
9.464,0.0010297272
21.213,25.081743
48.583,0.00032462002
19.94,58.3735
1.9270000000000003,321.67014
10.25,0.0005734608
24.347,0.027664185
0.064,0.12572874
29.65,37.491905
0.107,204.66257
39.906,0.010350275
89.09,28.047642
19.997,37.483902
0.063,145.79819
194.177,1300.8494
9.85,0.07689678
433.547,217.66577
10.807,34.104004
122.224,193.92874
10.687,0.10982979
0.186,83.09708
880.13,116.1913
50.040000000000006,79.94923
20.077,2.5519118
150.347,17.476614
18.653,750.2735
69.187,16.716806
859.3900000000001,376.47516
159.78,93.5895
29.883,0.0044364976
29.75,23.840351
5969.35,75.71742
0.9529999999999998,0.00080163294
0.9829999999999999,17.250984
91.363,101.57073
49.81,9.131103
9.67,41.95854
29.363,35.611378
19.323,2.8734784
29.479999999999997,289.39532
8.367,0.48141763
130.253,40.461082
10.103,269.89026
10.393,99.0372
15.583,57.922775
19.996,80.0057
309.98,677.2372
9.334,51.239666
9.04,0.00047349095
10.91,25.17247
17.09,68.69257
10.09,0.5344446
10.144,30.5892
20.033,42.10513
13.56,62.90167
259.606,35.8091
29.190000000000005,11.2932005
9.957,0.30883402
1580.184,1209.4707
8.77,0.012573307
20.287,491.82617
260.027,381.59167
197.92,113.78937
19.143,20.479704
18.987,97.549065
0.0,0.0024151201
0.737,2.0150185
8.96,0.003039698
10.55,33.842552
63.8,58.769817
30.154,27.292953
112.117,440.64392
19.407,81.14419
0.033,41.887135
9.227,0.010449145
59.01599999999999,605.18335
9.57,41.14035
30.6,642.10394
19.643,7.606766
10.314,66.676414
20.35,100.22375
14.68,51.00739
80.5,52.99551
51.297000000000004,62.54774
30.084,107.43825
0.487,88.95237
0.016,0.6977698
3837.664,1323.0652
19.843,0.94606435
9.5,94.20925
10.113,21.694466
450.276,118.54605
4120.51,1582.2134
10.66,23.75104
0.67,245.46333
0.9870000000000001,101.679695
119.46300000000001,0.41645047
19.32,119.954735
88.576,48.053013
9.656,0.23804069
1.667,38.395226
0.013000000000000001,0.008287574
2.003,27.099638
240.91,170.44807
9.877,4.0945873e-05
30.000000000000004,0.050830495
29.049999999999997,139.12021
1.423,46.143425
0.296,22.123621
9.623,2.2672853
8.884,23.9049
149.647,49.983887
20.9,78.87131
19.826,18.67584
9.72,0.7208686
19.58,37.324036
7338.2029999999995,5713.951
18.87,82.78239
21.094,244.57988
240.19000000000003,75.76846
189.363,34.546535
38.94,24.045574
290.22,0.28641757
40.454,54.09209
0.343,141.68611
9.567,34.295616
9.72,64.200165
685.75,179.02286
609.707,553.2285
10.154,0.0121855
9.927,208.4517
7.369999999999999,0.001618096
9.517,0.04812034
41.57,79.6215
81.266,887.3363
39.797,42.058647
129.406,243.90417
840.137,1090.5911
20.33,38.750168
0.593,0.022084165
21.747,327.72824
29.873,8.587962
100.37000000000002,122.30349
20.027,0.9855206
39.97,55.807457
18.64,313.70792
28.523,47.37691
150.997,403.5244
20.17,0.2718174
129.927,93.14192
1.134,0.00068961683
10.647,3.691344
36.864,63.82617
37.033,28.908617
11.647,322.94345
9.89,36.252617
2379.636,1348.0193
19.95,4.963065
279.79,469.68427
30.359999999999996,59.324924
9.84,33.330856
11.864,32.997303
10.127,51.09708
250.76999999999998,278.96677
29.877000000000002,53.528828
112.19,395.81284
9.767,0.9441337
29.82,221.34683
19.587,0.59855324
0.5,0.007546088
17.337,64.587975
9.787,153.1682
19.38,40.143593
160.12,334.70667
9.263,0.006568449
10.363,0.16676462
30.35,216.50642
1270.49,207.17775
0.14,0.789348
59.273,69.87369
91.406,37.28035
1019.697,396.45496
40.857,0.0004563918
0.3,27.563026
180.533,117.567474
180.02,30.014872
11.077,117.91968
7016.443,821.4896
29.963,0.7647505
540.14,407.07568
278.644,86.54051
9.553,0.021282518
3.737,50.00752
399.813,288.19336
30.296,30.396467
18.997,87.3688
40.063,24.006733
108.697,24.269667
19.744,32.30699
11.07,0.0024875628
9.48,0.96151245
0.017,0.35772526
10.107,32.466114
31.107,0.9929601
1299.837,236.86183
20.213,0.52216923
10.2,0.05422795
319.377,3.6041594
299.313,224.5334
80.937,46.668972
40.336,62.74322
39.164,42.80208
120.20700000000001,362.97894
320.36,110.04589
10.544,23.101273
9.04,28.095566
10.103,29.35741
190.996,561.4389
250.02999999999997,156.58963
9.57,36.61827
21.056,0.2636508
20.07,1.3494881
9.807,41.315784
132.167,181.50356
849.74,3.9432666
49.45,159.01384
30.77,0.11098609
96.61,270.01715
69.287,48.278774
9.64,0.21531527
629.253,1094.8098
30.14,20.416021
9.643,89.04143
88.853,24.629202
0.047,0.026268298
4041.01,1340.0559
9.31,0.0034319889
85.266,24.195885
9.91,1.9272432
9.936,46.576485
87.83,20.474081
39.714,0.0039488836
0.923,39.550037
537.23,2369.0044
0.143,0.31081015
10.033,150.70294
40.036,24.072762
0.327,40.63792
69.5,86.8669
10.097,130.82814
1.003,47.000973
10.787,2.0905359
9.99,23.289255
119.99,276.19385
0.8170000000000001,0.00047512844
20.804,563.2392
41.723,67.81205
26.510000000000005,317.9709
39.356,88.47485
58.657,28.09835
0.033,0.47938663
0.14,0.52954257
0.92,27.921808
0.27,0.016512122
50.49,4.3771667
9.644,0.03372177
18.537,0.0014181497
0.69,0.048520416
119.827,0.0030417398
20.377,5.2153482
8.74,0.20626576
20.157,58.569996
69.636,36.302155
69.913,1.8171707
0.797,38.750168
19.706,445.4935
19.703,282.8529
18.74,1.5665843
9.946,95.05572
628.593,690.5149
8.006,78.21955
20.457,179.09026
0.21999999999999997,0.031750422
10.86,43.568474
19.533,22.253988
28.976999999999997,0.25371304
9.89,0.021883754
39.774,276.05658
19.237,0.00091303466
20.17,30.026403
9.35,0.21859838
1180.767,663.2151
103.48299999999999,25.214674
53.143,1364.827
1150.226,1.9141707
0.097,0.044299897
20.333,0.0014588139
10.187,40.522453
8.737,4.84723e-05
11.09,0.11962186
19.886,2233.917
0.187,0.0016016804
276.506,245.51866
0.61,0.43740246
363.203,143.34854
30.527,313.87494
19.907,0.2581576
20.79,24.29554
149.217,207.6766
10.193,0.0035468934
19.723,28.803673
8.96,0.015270954
80.18,126.087204
119.807,173.31096
390.073,483.24146
20.014,814.2462
20.287,0.001744148
29.492999999999995,0.0059607094
59.277,36.327885
0.094,0.9656375
9.253,0.007371481
30.07,35.83694
0.013000000000000001,87.30107
9.094,0.45221618
20.067,66.65911
19.136,48.518513
96.85,243.98436
90.217,278.48364
238.543,553.48773
40.123,137.84013
39.54,225.73491
43.263,22.535393
870.7499999999999,167.33742
0.36,0.04027082
170.84,5036.779
30.932999999999996,0.042364683
19.17,0.038662612
30.020000000000003,79.579926
39.93,84.47176
0.597,0.0018050197
30.339999999999996,47.203823
40.34,19.792458
30.716999999999995,279.8456
19.15,41.88689
19.65,0.0073033953
19.64,104.838936
29.347,32.31055
323.183,185.47932
0.284,163.01952
39.793,4.759597
38.82,244.92264
20.847,0.021172008
19.95,2.4149518
20.19,5.002402
0.03,0.06335138
0.517,0.0001942651
130.44,34.06266
51.47399999999999,2405.0454
109.673,84.489815
20.783,953.14594
50.129999999999995,527.79834
169.923,13.564281
21.37,0.12084876
10.113,34.82923
419.203,0.5811441
9.98,493.48755
229.83000000000004,338.6399
58.49,42.507446
9.416,5.5642915
20.684,67.464676
139.457,168.07741
18.453,483.7025
9.863,186.68172
19.847,26.731379
10.447,0.0008794262
18.724,110.50895
0.39,4.84723e-05
9.38,24.192877
9.237,0.00023738427
0.263,0.19153851
200.316,15.265876
0.093,34.053837
10.273,329.502
100.723,88.426895
29.090000000000003,0.010869663
29.08,143.71484
29.987,127.79048
221.18999999999997,37.847942
19.847,0.9760057
18.783,952.25256
528.773,199.12263
0.78,106.979744
49.907,26.602652
29.75,160.24794
18.966,51.692505
3231.22,574.8116
129.14,612.06396
70.487,113.987915
19.787,125.20804
149.06,125.201126
30.7,114.88576
69.753,1.6313434
8.707,0.10937083
20.203,111.47958
19.12,24.192877
3325.5099999999998,1070.4564
12.233,0.99940884
0.23299999999999998,322.41553
9.63,406.4204
37.594,33.65454
19.9,21.113644
263.697,850.3611
40.813,0.00015273072
10.77,27.172346
39.677,481.96893
10.497,0.0018691247
21.037,0.3460996
20.363,0.026659936
9.076,0.007952249
0.424,65.95259
200.057,29.075823
73.803,38.5573
870.127,194.4354
20.717,35.267586
98.81,113.39049
979.194,815.2334
749.57,550.4911
176.907,382.45996
579.546,234.96149
27.686,97.627785
16.13,46.67722
49.933,0.0032534846
135.8,97.10702
159.876,123.989395
20.047,2.8560407
19.02,260.89017
171.157,21.985456
0.814,76.56997
20.15,66.32726
19.69,50.16533
18.966,412.1717
10.577,0.06840515
8.3,99.709656
30.030000000000005,0.00039691658
9.766,0.05989848
10.1,65.20777
10.163,0.012005968
9.866,0.6284475
0.863,167.99219
29.077000000000005,1781.8186
20.49,1.270767
29.736999999999995,25.51914
0.377,0.2427889
10.317,25.813377
9.864,0.0019539222
1160.687,127.55941
29.267,4.3182925e-05
219.79,274.22647
90.214,508.30164
15.847,66.17132
0.8000000000000002,270.25714
0.51,0.005788282
20.466,0.02467327
0.407,2.2468932
19.803,0.04591079
58.957,22.12687
60.453,73.51348
20.34,32.181717
49.85999999999999,52.901752
259.333,895.4291
1.424,0.0025893217
10.007,0.03330543
9.65,0.011475463
9.747,0.023751328
66.857,59.510586
140.154,32.33347
90.2,1902.832
151.297,970.01294
0.28,1.6837621
30.253,43.572605
0.0,2.917249
751.083,108.15007
20.387,251.24255
22.016,56.112152
9.76,0.05222696
22.183,0.06981009
8.684,40.284805
10.093,283.83856
59.059999999999995,47.1215
29.177,785.6774
0.8799999999999999,0.0005981617
21.027,0.44153014
30.99,452.74127
20.144,23.558613
1.41,115.532585
741.723,342.88416
19.37,1.8762949
29.076,65.121185
29.433,74.80895
10.93,363.2287
0.0,117.09868
19.657,0.7718804
20.104,74.05064
40.627,128.2997
535.137,184.04166
29.277,78.87131
0.08,184.1692
20.69,17.545515
10.603,74.70779
0.283,0.059807435
0.677,307.98788
59.853,174.57613
310.1,465.7291
7.647000000000001,165.12958
9.053,0.015833009
65.173,329.40002
79.817,396.67163
20.88,52.960552
0.033,0.0060729836
108.82999999999998,21.974443
9.947,155.42162
10.333,0.26418284
0.704,123.38252
10.314,302.51645
18.964,476.72604
20.93,93.95561
2571.963,126.84958
4818.73,4104.375
0.297,0.0030719119
60.13000000000001,41.24482
39.504,1.5124345
90.37,35.04736
9.276,20.105083
20.013,38.00862
0.064,0.010173669
9.667,1.3507116
0.123,0.07529449
19.924,106.08681
17.9,0.028650224
19.837,0.90958506
0.013000000000000001,17.583782
100.11000000000001,94.86767
29.570000000000004,97.86521
20.637,19.28468
160.31,164.45961
8.703,19.977198
0.0,40.057346
29.743,688.6025
11.423,230.24944
9.694,64.601234
29.977,424.1768
80.5,92.54399
19.86,103.48568
39.92,57.4197
10.547,73.51909
19.85,80.778786
90.17,218.68369
1386.826,581.8391
9.74,0.16909783
50.64399999999999,18.236675
41.307,45.145195
20.906,36.907867
9.497,0.0013085358
9.743,0.0028065627
10.024,0.0006574197
77.413,121.852325
10.023,0.007249775
139.84,711.6653
20.67,24.153128
9.717,35.928383
887.8600000000001,408.97736
18.187,111.951065
20.013,2.4243984
3073.917,5793.783
12.983,89.59643
21.983,80.406525
3.3999999999999995,29.646198
50.33,18.868319
1.11,46.286648
10.533,51.140114
9.06,381.8303
0.19,0.013818759
49.82,124.09414
0.39,31.97261
10.454,160.95567
120.57400000000001,75.94881
10.237,108.33059
330.183,120.54702
29.816999999999997,24.418375
1.206,0.02567698
10.004,1.5362452
110.886,2.6700373
429.166,46.76527
79.957,0.0005149478
20.63,0.6284475
121.29,23.119547
9.717,0.05000557
79.874,0.23714776
242.21,166.13892
20.533,55.93586
0.94,0.8517766
0.75,2.3382406
9.863,0.7208686
10.997,3.5096364
0.284,0.0009142928
9.47,157.47166
19.517,4.1709385
69.387,0.036227692
2200.58,1725.7836
1.5,56.233566
29.65,54.889507
890.7269999999999,510.268
9.86,0.06673515
19.357,162.3996
19.25,77.13446
2442.22,3569.9138
15.34,0.0012721405
9.763,112.23624
0.047,0.0008713799
79.816,49.02092
10.017,0.012005968
8.82,28.141512
9.767,39.59831
19.727,0.00047883848
18.913,101.07066
20.183,0.006034015
0.204,0.0015069224
11.613,0.12687458
120.183,100.66396
0.23299999999999998,0.00033630148
49.573,11.293922
8.823,0.0018788575
29.829999999999995,47.707333
39.617,46.576485
0.156,94.13354
0.833,89.77012
40.16,0.001106035
60.4,26.123878
0.186,0.0126999635
560.82,87.77424
0.47,101.916725
9.95,64.66461
270.093,836.66376
19.637,78.73452
9.36,33.428852
280.637,107.61754
49.394,55.10534
29.857000000000003,122.11113
18.737,140.99944
80.1,469.2249
20.494,1167.9877
29.74,0.04070475
19.887,0.48421338
109.853,38.434864
61.05,256.49362
10.41,0.0074209473
100.726,0.07413577
749.033,1213.5942
21.59,0.18506643
30.363,465.5562
29.82,0.22211681
9.9,25.30762
19.037,0.06853183
479.51000000000005,418.7159
81.68,49.344402
39.39,19.5734
1.726,145.02983
0.643,88.28413
39.207,0.13028702
9.17,86.35123
157.33,828.74164
33.273,29.92659
29.84,861.87103
20.07,0.037401006
1209.873,575.0573
10.36,50.182438
0.5,22.393318
0.224,0.20547548
18.146,0.36787564
60.053,0.00023618565
19.486,0.19974124
0.547,14.072043
219.224,989.68243
79.93,85.90273
10.597,0.069364265
0.14,16.6619
51.57,269.96738
69.367,47.000973
80.75,108.13186
20.09,0.042057056
29.283999999999995,0.13553739
57.083,848.85114
731.45,72.12826
330.624,36.672314
60.52,196.76004
4.423,82.85877
19.973,103.61541
0.093,56.747456
17.94,37.205833
70.59,1.269849
0.47,0.0002289203
9.44,4.0693336
20.036,0.88020605
0.0,0.04812034
0.33,0.030370003
0.363,0.021045445
1360.087,2200.9302
20.437,1086.5863
499.44999999999993,26.402979
9.647,0.17971155
170.717,81.99051
7.2330000000000005,51.00739
0.627,0.0036873908
49.910000000000004,0.05222222
7.949999999999999,69.100006
2539.937,1.6413022
30.957,39.079994
0.143,0.09662357
20.006,0.007674124
20.133,36.29119
20.153,310.5033
30.537,25.468697
9.876,1.447265
19.99,0.67524195
109.873,105.54517
20.05,0.002413062
19.677,0.0001004656
30.27,45.14434
30.007000000000005,12.513516
0.08,0.0009815854
20.173,25.678844
8.106,63.338474
18.556,46.286648
20.07,56.587475
9.68,0.31504148
8.796,0.0038156759
232.51999999999998,337.48776
1.093,0.023471907
99.644,456.1483
119.03,321.24457
1442.48,835.2158
60.473000000000006,765.88367
30.327,178.00087
9.987,67.08977
9.737,22.855247
20.347,0.2042546
40.433,317.36545
7.953000000000001,24.72674
25.99,91.7077
19.77,389.50766
0.9030000000000001,0.019038793
0.123,65.04007
162.57,972.4512
99.857,43.579163
20.007,576.0013
49.967,129.90436
80.32,388.73416
10.08,3.026907
0.047,73.25956
17.52,0.007773289
360.356,628.1398
29.529999999999998,49.32589
30.153,43.3389
9.133,120.56291
140.76,0.32981217
9.017,160.12071
19.01,29.126663
79.817,43.377346
1.437,0.007807085
9.833,0.00019701518
0.03,55.363876
1.054,56.343002
0.066,2.8734784
1.127,1.4014617
18.806,159.01384
0.344,38.60092
140.24,5.075316
39.806,17.545515
19.66,101.73777
169.214,0.05441719
11.11,51.97717
10.33,0.06853169
23.303,0.3460996
0.173,0.001802852
20.607,881.4876
19.82,0.00034671422
20.42,17.325298
20.296,37.14773
10.447,1.9476613
9.713,0.018660488
0.204,23.403645
11.177,19.455032
38.84,84.747696
110.36299999999999,0.011668977
8.877,63.51479
26.907,71.7479
1451.263,12.284746
109.17000000000002,910.61816
31.09,103.566025
120.07699999999998,474.97867
30.11,42.197807
140.82,400.62622
9.34,0.11656993
20.047,94.19778
0.66,50.73747
59.98,249.38435
0.296,1.2797666
170.017,0.42156276
0.204,0.0024363988
70.707,0.92058504
19.67,0.14050724
10.313,1.4907516
203.97000000000003,701.95355
30.763,0.41305915
39.227,36.42132
9.91,33.10434
9.65,6.3477926
0.046,33.818516
220.187,0.23715794
0.19,0.0033241143
10.576,59.122555
21.93,117.98416
19.673,100.22375
41.73,227.25197
9.58,0.010015817
0.424,19.151321
9.496,36.961685
0.064,36.62921
9.853,24.173801
19.993,142.89899
231.184,484.21185
8.95,0.37839773
160.607,0.01292561
10.003,34.831882
9.29,0.0066609383
140.817,22.730904
19.697,2.0653265
121.853,522.8269
19.737,77.8776
19.5,6.9935737
29.866999999999997,0.20840116
140.077,42.957592
0.263,0.043130644
6.576,38.14238
50.7,68.3461
69.66,38.93339
1.11,0.7701165
9.586,0.019820431
49.5,66.97294
0.077,0.0006888478
59.197,35.51925
40.82,4.0316376e-05
0.39,24.292
49.56,8.781161
2.507,0.015056874
0.93,0.002835208
0.296,27.50313
9.783,0.028737845
1818.1960000000001,1504.4904
19.69,421.4557
3890.6469999999995,446.47818
0.703,56.77617
59.786,0.19107637
309.766,0.18664832
110.03399999999999,31.576263
230.623,157.99744
180.49,1.8251615
0.406,77.7967
50.006,94.954
0.47,152.81769
0.344,0.3588611
30.266999999999996,26.228834
7517.662999999999,1603.226
49.074,0.7465887
30.739999999999995,180.42369
31.143,35.714268
30.273,0.0016842809
1.597,55.73674
8.853,106.94779
19.89,75.439186
9.797,11.46852
211.087,443.24255
9.497,656.57
1.6229999999999998,138.6617
49.45,232.23012
87.354,67.37331
0.893,22.707191
19.283,56.11934
18.47,98.315796
0.39399999999999996,0.0030719119
19.25,2.69089
20.163,141.75671
0.23299999999999998,0.0024437383
19.31,129.3587
1.627,0.048759773
19.996,1384.6708
10.137,45.822884
149.763,9.760684
140.693,79.93759
630.263,204.84355
49.53,100.28204
0.28,0.019820431
9.707,0.0036873908
18.703,3.4717224
0.14,0.0026521166
9.477,22.571274
20.13,26.32707
9.547,0.38886228
17.674,57.321735
9.63,1.4484055
181.94,131.86313
0.563,145.89804
115.186,100.05399
9.12,47.44418
9.893,0.0005845215
361.643,2725.1624
118.957,36.496876
0.03,0.010227085
9.23,0.13553698
0.173,0.9340044
499.974,143.72638
30.743,123.7414
19.183,91.38493
40.496,220.43433
270.657,50.993027
19.686,0.048153993
19.84,131.06856
9.256,0.0051007713
7.186999999999999,76.95852
20.713,14.835995
22.206,138.56502
19.47,3.9133215
20.604,0.26692578
28.743,32.806156
9.51,128.06522
40.253,137.10779
0.437,0.018556338
0.156,0.0074209473
8.994,0.0038093063
9.017,4.958845
9.726,207.34962
19.85,161.68582
10.393,4.8436414e-06
89.987,160.5262
11.487,63.31733
19.577,0.023471907
10.74,49.93111
0.013000000000000001,0.00017138047
29.622999999999998,31.114452
89.023,0.6148377
0.156,0.0026521166
119.4,0.3482962
10.07,23.289255
9.05,109.82589
19.986,26.323513
20.376,160.7704
20.66,277.9241
279.873,28.914692
18.96,0.000697207
7.963,22.855247
41.68,115.21943
20.516,109.96037
68.173,72.96563
0.077,143.56082
119.71999999999998,19.691105
20.343,0.018081848
29.356999999999996,0.0017638389
28.96,231.00154
0.157,0.005790424
30.6,0.048696954
10.063,84.22749
19.834,2.9620616
50.033,198.31296
148.727,101.20727
9.623,322.3844
2.043,274.76138
40.413,5.915811
100.066,0.2339416
10.477,52.264175
10.174,128.88618
1.034,35.092762
31.174000000000003,23.506403
10.457,0.15300441
0.0,54.23401
289.763,164.79228
2418.36,728.2113
20.256,3.8820114
9.87,79.579926
89.207,0.0011881898
8.573,52.326904
10.794,17.250984
30.767000000000003,803.65393
29.090000000000003,53.17848
19.843,0.0006623826
209.82,57.69322
79.81,60.49383
19.917,39.36488
19.437,79.24103
39.233,35.323727
80.077,35.197647
0.5,8.182051
30.253,0.036922038
80.946,51.612194
50.050000000000004,264.43262
0.187,40.522453
400.4870000000001,472.07285
90.147,22.043552
20.406,113.41575
0.36,0.0024151201
0.4099999999999999,0.03135429
9.833,132.5716
0.127,0.035097413
0.593,35.015022
530.44,30.72353
39.907,116.312126
220.2,488.33847
29.904,2.0428877
18.71,0.17381638
19.92,34.5115
40.24,176.50409
8.854,33.493988
9.777,0.32048848
0.047,0.011073017
48.08,41.208073
20.157,43.68144
0.077,0.0008458939
80.69,888.05164
242.32700000000003,476.41412
0.403,0.58384216
8.393,0.00040970126
20.096,0.05010108
19.3,102.41581
339.693,43.7395
152.46,308.23227
0.36,0.005828625
0.236,9.301978
40.144,0.0009061938
91.113,206.67146
381.366,323.5118
50.233,28.232903
30.807,0.71075684
5.94,51.327858
30.147,37.705906
18.01,51.79055
469.043,127.439644
9.944,0.00064348785
68.627,28.15536
131.056,546.1592
0.127,0.0920397
0.14,141.53195
39.96,0.43533164
29.533,0.00031969455
2288.947,694.0751
0.203,0.016798163
8.36,34.26918
18.89,0.105057
10.03,8.123321
10201.073,6225.419
89.51,44.33962
1029.567,111.9468
10.93,0.0075634304
9.443,3.0990682
50.027,140.21587
19.52,46.374554
10.006,44.114838
0.017,68.54658
942.22,257.8564
0.033,0.3526956
9.61,0.36928552
68.277,48.494225
20.88,134.03441
8.093,0.0008458939
119.853,230.92467
89.986,38.483955
605.327,41.06998
19.784,0.78878444
189.24,1.0461504
12.304,26.503096
1.063,0.00032462066
19.85,70.5176
10.77,120.78001
20.654,0.09565875
248.78,4.6688466
6723.739999999999,110.02606
110.867,20.47183
648.896,199.12894
19.72,0.000480543
559.797,272.39453
0.077,0.010645415
149.393,349.8217
189.673,101.38586
39.957,55.57885
19.513,1.2208104
9.633,0.011475463
221.34999999999997,330.8385
0.25,11.495187
5223.853,1410.1017
30.25,0.0018827462
0.0,46.915718
100.00999999999999,3.261619
49.014,38.863476
10.563,21.689165
31.945999999999998,20.756382
100.04699999999998,87.07714
11.936,152.81769
29.806999999999995,158.37152
9.92,73.23212
9.707,0.12828116
10.49,0.0020527807
228.837,46.689335
320.343,1616.2721
0.5,59.20741
20.53,130.27275
49.847,1.9056578
0.64,0.003606235
10.62,2.1941178e-05
0.127,0.34490153
10.544,83.706764
8.13,0.000263966
56.117,267.0937
20.393,13.3474245
19.683,1.8659904
29.727,23.74244
0.984,200.77544
929.657,838.5488
169.517,205.2856
70.127,171.1968
38.333,264.92993
19.563,36.151768
120.21700000000001,191.25058
0.186,74.563644
18.85,0.034594327
139.423,24.957153
21.427,170.34856
289.607,318.06732
19.597,0.071082085
60.27,142.3458
39.687,663.3459
9.303,27.125118
20.077,494.56482
10.14,46.409786
20.14,81.90781
34.033,193.50221
0.49000000000000005,8.310213
0.047,0.052058484
399.30999999999995,380.93106
20.14,0.048033502
10.69,84.859566
159.967,31.632774
20.75,572.63275
19.957,29.601925
27.423,28.966064
1149.39,195.2291
70.16,17.38847
10.796,26.812006
20.066,588.444
37.156,41.47643
0.407,0.04070475
450.1929999999999,124.03
1.08,0.013008277
28.876999999999995,0.16754094
8.453,288.11987
10.87,1.0550092
0.156,27.676481
10.136,0.7844867
20.004,475.96945
15.76,2.4703653
19.7,40.460793
79.64,210.10182
7.736999999999999,0.0013487244
9.997,0.0031668867
490.6569999999999,254.12347
0.517,11.531611
8.686,49.25973
50.164,1.1291564
29.963,275.28235
1110.8,114.08123
21.293,2108.0256
59.917,0.19134171
178.93,59.758232
2.1,0.0006698085
149.617,561.4296
7.483,103.72981
51.03000000000001,0.88187397
20.103,70.4522
20.49,201.9673
17.913,342.53192
0.064,0.0020202578
11.63,0.026809856
0.64,75.439186
20.047,20.6003
0.626,4.0427923
0.424,0.00071782427
140.013,0.22298442
79.06,42.821335
19.603,0.00012373395
29.064,0.16476157
49.79999999999999,0.03255191
7.953000000000001,0.34490153
0.36,119.954735
19.523,356.63376
38.44,50.800533
3.566,0.5603492
20.127,34.831882
76.853,0.0003811928
10.29,295.3062
10.036,400.22314
9.52,0.97953975
10.27,0.0016000348
11.574,48.122284
219.63,40.528904
9.834,81.93534
0.23299999999999998,0.071385354
650.124,524.61456
9.96,48.158062
9.43,0.0012569431
19.744,100.57465
10.95,370.51328
40.547,6.5763025
222.96,230.77776
19.45,66.29328
10.26,34.242954
1.703,27.11222
3284.593,2257.3203
18.844,264.8766
80.187,115.890305
11.18,474.54245
0.23299999999999998,23.483612
1813.133,358.65005
340.547,16.064034
9.527,1.4145101
10.833,164.36496
9.903,0.32418808
99.84699999999998,1.0164819
10.597,69.61795
0.267,38.13497
23.964,44.74016
10.85,0.042571764
9.31,1.7412107
0.016,2.8436429e-05
309.787,33.732857
149.373,5.1218147
60.873,0.002120376
50.363,0.0014498043
0.397,0.0090141455
52.366,3.6655617
20.05,738.7505
39.144,19.09984
10.083,33.68022
10.13,2.776796
613.747,254.6675
0.283,110.70204
170.097,216.37123
1626.8500000000001,1623.1794
10.01,60.365326
0.177,0.6972543
129.814,110.2432
9.767,630.42505
0.0,3.3507814
19.947,201.80481
40.483,46.033466
29.356999999999996,96.96834
49.68,85.16166
91.197,179.33533
30.477,204.66257
9.837,28.731945
60.053,163.53561
10.883,331.9225
1.49,1.6863974
9.73,38.00862
20.657,42.41522
9.53,400.14343
19.713,301.40958
140.223,4.395013
0.373,320.19043
29.073,36.106388
0.377,0.9441337
739.23,117.71481
10.7,101.982574
8.56,0.0008830701
10.053,322.3844
859.943,1055.1768
8.614,26.87364
0.64,80.076126
20.18,39.123943
159.853,34.127655
29.423,302.71323
431.27299999999997,154.0348
180.29,4.3562465
50.129999999999995,107.324066
10.704,18.749609
20.91,43.004787
9.953,0.056274254
10.813,24.31784
19.867,0.21994025
105.96700000000001,99.511444
10.113,60.68787
10.25,1.7217103
10.5,0.1466596
9.877,1.7122495
50.183,19.955048
150.16,21.13374
50.113,104.671234
62.533,61.737343
21.26,23.896059
0.0,213.02989
6.15,22.991066
1.8759999999999997,0.0038572606
10.606,20.157072
30.207,39.458054
10.057,0.06175525
50.07000000000001,0.0046703853
3088.21,494.19687
0.19,0.00072941073
7.45,61.05167
0.123,51.97717
0.0,0.0009892558
9.84,157.02542
10.583,20.492758
20.083,59.17386
9.424,89.521095
183.73,0.84915143
20.41,84.27337
10.594,80.3543
0.0,0.3526956
71.28,321.799
21.047,0.22852366
147.497,35.80284
29.85,795.71906
19.446,79.36343
18.936,487.89404
10.747,0.2718174
880.06,706.68164
39.593,7.5869684
46.623,77.83105
0.42,0.1686678
19.76,0.60233086
0.253,2.7669208
19.887,0.0011156923
0.046,0.00023485189
30.887,39.811493
10.553,0.00044432798
38.12,34.779694
19.3,248.37411
30.04,51.626026
20.7,1.1088587
20.887,95.28968
20.867,2.03657
9.074,0.0009505346
0.14,0.013491078
0.08,0.020818397
149.33,58.817978
0.0,0.024704302
29.953,70.94752
20.157,35.91166
421.0129999999999,166.9366
219.67699999999996,822.0344
110.51299999999999,29.273848
0.123,0.00049346767
158.993,20.300644
120.17000000000002,346.14792
2.466,68.69257
660.9,4209.903
40.42,65.41537
9.166,1.0358163
390.677,80.54143
9.644,153.5686
9.233,0.0038156759
19.273,78.44089
49.903,0.1519593
17.713,0.0037537548
19.697,0.0033950603
0.28,4.7628384
40.21,240.58427
0.093,102.226906
9.33,134.09552
89.463,135.66621
140.347,38.1321
60.114,506.43875
37.47,30.455564
9.673,0.071082085
71.943,145.53377
611.24,72.424644
19.783,8.487043
319.164,8.502327
10.023,0.01764421
19.54,79.739784
6.5,94.329765
19.343,205.9726
29.79,59.156696
50.31699999999999,98.27563
59.57,86.649376
60.29299999999999,40.881897
0.0,28.521753
20.0,56.71782
1011.856,300.83438
10.28,0.019203966
9.837,0.015270954
0.343,1.825851
40.0,77.7967
0.8199999999999998,36.83998
0.08,32.30841
119.244,190.93434
179.983,714.0832
0.14,153.1682
2441.95,60.772133
0.33,213.95462
120.56,23.205732
0.5,85.87474
160.8,97.75498
0.767,0.0003798813
10.09,0.098070696
20.994,189.11644
149.527,0.2362394
10.07,193.28807
25.233,19.078016
21.28,198.98676
6.41,36.003754
19.863,0.14543892
79.866,1.7532041
169.81,329.63956
9.72,24.320126
57.867,98.62021
10.286,0.024760274
11.03,213.8774
489.863,802.4014
0.123,0.00045265272
21.06,0.45525387
5179.823,847.76013
10.13,0.08644229
18.726,0.0050592045
71.757,1260.8843
59.47,0.8514933
99.213,4.67425
809.827,94.19875
39.34,238.25914
30.257,5.398615
40.837,186.50249
0.4570000000000001,0.048153993
29.243,49.627384
19481.866,19.956429
9.516,42.53956
10.15,0.048033502
389.56,334.56616
9.327,80.584885
19.933,2.1031656
0.7960000000000002,0.016112046
39.943,0.15843275
10.143,69.27492
10.644,130.68393
40.313,142.66148
0.08,0.0007856736
99.76,56.82538
20.707,516.02185
10.13,1.3507116
30.2,0.004342886
10.107,2.9449768
0.093,0.0011104591
0.266,0.010173669
10.947,108.62008
9.676,51.423233
1090.036,2748.5017
709.55,558.257
139.9,44.249737
4343.804,4481.732
9.57,0.34347594
180.053,1306.5411
9.597,50.85801
459.474,222.91107
0.23299999999999998,0.019423837
11.147,75.89647
49.987,892.5177
18.793,6.3477926
0.534,0.0074209473
0.437,279.70007
9.917,36.5303
481.157,941.02344
299.8,3395.5369
0.83,261.14056
40.653,77.69177
0.597,0.14809375
10.08,0.0006213377
21.03,20.484383
20.227,40.500996
59.763999999999996,8.063634
9.543,0.0006623826
39.836,119.552956
170.52,9.719245
970.1630000000001,105.95906
10.317,108.80377
110.26,136.57352
239.546,123.37789
10.03,0.011022885
20.817,73.73371
10.32,0.053070202
79.737,61.40273
110.27,472.95215
19.743,56.842567
29.37,17.691586
9.676,20.675396
29.637,75.49985
240.347,982.51886
10.256,0.022363288
1.347,49.341213
0.09,44.250458
9.803,0.17394207
0.48599999999999993,0.00039976116
10.08,40.952686
0.063,24.920506
69.957,2.3060937
79.983,0.009384247
140.76,83.42448
359.82,364.90753
361.09,0.5797756
598.113,305.91202
30.477,45.14434
10.267,314.63892
10.027,55.574238
80.787,38.251423
9.937,0.06386572
30.707,26.340782
79.84,285.76074
130.277,3.4965317
49.023,109.86263
339.266,732.42487
9.88,0.133642
39.747,435.29102
18.94,59.86761
19.983,1.6895878e-05
1870.437,123.03165
20.213,495.07202
10.207,0.7208686
330.024,879.0372
27.717,477.43265
0.454,0.50872195
8.714,36.86725
0.8099999999999999,49.47216
19.077,9.122042
19.257,12.355695
151.45,539.8597
20.413,275.2356
170.554,223.25664
19.747,0.0015369516
40.123,18.122698
38.62,90.8985
10.473,34.18628
50.253,1.6196692
9.18,1.9304863
29.773999999999997,3.5074282
9.153,47.425896
40.956,189.16838
1530.784,3438.6353
10.167,20.7679
9.753,91.540245
19.46,1.5836285
20.403,90.221954
59.949999999999996,134.50977
39.097,594.4542
20.323,57.788548
0.42299999999999993,0.59870225
82.0,43.28793
20.007,0.00059389183
0.10999999999999999,26.215963
10.06,0.0002913657
0.093,0.025232382
20.263,106.28629
1.58,133.78917
180.0,2.889311
0.9100000000000001,0.36917916
379.603,152.27275
29.883,487.29645
139.373,12.996461
0.47,138.68835
0.107,62.274467
21.473,86.28732
10.19,0.018519705
270.046,656.4554
40.483,60.642048
1.274,91.674736
68.027,40.871017
58.837,77.57892
420.07,899.37885
0.3,2.8801001e-05
47.5,0.020942794
138.156,111.57437
20.97,171.66345
28.180000000000003,88.45699
50.493,140.13327
0.393,38.359547
19.386,16.064034
235.81999999999996,38.73378
8898.277,2771.237
588.083,7.4113493
0.547,270.52875
0.563,77.8776
10.204,0.27221504
19.733,46.576485
439.88599999999997,892.5838
10.564,0.011946611
0.597,0.011534184
9.927,0.022498528
140.533,45.38543
0.106,0.0034645183
0.033,152.0939
30.404,0.029273612
39.82,15.876202
0.0,0.022363288
636.4,438.49747
0.047,0.0009882147
41.046,70.35037
128.956,21.31799
10.273,86.405716
19.343,0.27389935
15.173,0.0019838102
109.17000000000002,1247.8206
198.346,107.03095
29.963,0.069096476
8.663,68.142586
119.1,21.58886
59.98400000000001,0.1088768
1.08,58.733387
11.147,25.804636
80.887,62.145668
119.56600000000002,43.300514
30.35,6.363398
9.887,0.1380902
8.946,503.06927
80.507,832.2588
80.37,108.23985
8.95,268.13177
50.927,29.94004
19.883,31.339928
10.42,28.535538
10.596,0.002670655
0.0,2.513131
18.81,75.742096
109.877,76.64365
0.063,0.0121855
120.20000000000002,50.941753
0.173,0.00091814966
18.757,58.213585
19.53,23.700672
9.087,140.84222
29.979999999999997,0.020844918
20.08,958.2775
20.117,103.84355
9.767,22.240162
0.8000000000000002,42.592327
0.9529999999999998,0.14148979
10.544,4.7628384
40.81,207.52103
110.217,443.52588
40.627,563.12103
10.104,62.25012
19.91,35.42404
30.329999999999995,587.4563
10.847,47.456875
10.0,0.33438668
19.38,55.059036
40.417,185.43086
140.333,0.0019319508
28.93,0.16833468
759.946,0.9123754
139.844,549.40344
19.84,40.305946
10.274,0.015833009
9.1,17.744675
0.126,96.61795
39.59,103.48568
10.397,29.179977
89.624,0.0093426
36.267,78.379395
30.163,0.04556081
20.674,54.304096
9.993,0.7518653
29.110000000000003,31.528782
110.77999999999999,130.12924
20.58,34.35663
39.543,327.63058
48.58,426.10297
176.357,323.3194
249.063,6.229768
849.89,0.82063496
751.194,176.21085
319.903,903.29724
10.877,98.788574
0.156,0.01268978
58.220000000000006,189.38777
0.593,1.0506147
21.76,86.10784
19.38,1.6955247
30.257,1.8749894e-05
200.19000000000003,422.884
40.234,66.96101
20.28,173.5794
20.146,0.74516684
1229.953,821.6971
49.48,139.13391
19.964,94.27765
239.967,164.94424
60.093,103.47331
19.42,1784.8488
0.83,52.55212
20.534,49.259827
24.523,20.656473
449.963,297.8486
60.45700000000001,27.754662
3819.887,39.009148
1170.05,292.47275
89.553,23.557545
338.42,1127.8165
40.88,59.103065
619.21,283.55096
0.45299999999999996,82.165955
17.106,44.03322
20.136,69.68625
18.12,41.367134
99.49,50.900677
10.187,69.067535
0.14,0.0022951101
19.39,91.437126
19.774,90.27325
57.02,941.84155
39.8,0.00024341168
0.107,147.26501
0.21999999999999997,0.00025301205
30.21,0.7447327
8.75,87.29191
20.407,88.82481
30.29,656.396
18.34,0.20626576
9.743,0.00045871933
39.17,51.942394
10.073,39.563725
10.977,65.269875
9.756,0.14612363
61.63,161.44237
180.83,2.9098804
310.25,158.2059
0.377,0.0018050197
19.92,17.78322
150.113,289.75873
19.663,44.090504
0.03,25.724562
9.94,0.03901921
0.203,0.002550997
221.09700000000004,314.09613
459.487,707.45135
30.530000000000005,0.17567852
0.317,0.008711775
18.317,75.08076
130.203,955.18384
0.047,61.03809
20.164,5.095737
69.84,249.02257
2099.443,1591.672
19.21,566.5812
110.264,31.842363
9.303,0.000575309
19.836,4.207102
370.204,64.16009
120.413,19.764639
81.897,112.5813
19.88,144.6427
0.407,1.5710262
10.73,54.074787
16.45,56.938244
19.317,0.0007449911
0.3,0.1201691
9.397,25.593199
0.547,35.493195
0.517,0.0026167524
150.074,0.18099569
0.48399999999999993,0.0027006567
10.284,1.24226
19.93,187.3118
19.99,690.5665
110.63999999999999,139.2904
0.0,0.47370678
40.684,78.17655
28.937,156.41806
201.25,77.754456
10.976,57.172737
88.99,54.462498
1632.253,135.08821
19.903,65.37845
10.176,5.702969
0.173,30.901392
29.7,339.09732
79.793,66.90906
0.127,0.040833168
0.25,0.9145979
40.627,233.47952
5109.937,1304.0094
20.936,27.604542
39.71,4.377906
11.17,54.110832
19.667,17.403849
20.077,125.39805
99.06,30.477798
0.804,0.0024875628
22.07,55.030453
9.63,2.8801001e-05
120.857,1.669124
20.703,33.746284
148.447,21.49775
149.907,441.05228
150.324,31.946373
189.587,445.27478
271.096,360.79034
69.957,0.06838167
238.18,54.74269
10.323,54.110832
8.946,282.70978
10.52,601.34155
10.17,0.58384216
0.97,49.61833
9.32,72.2962
60.483000000000004,200.98837
30.407000000000004,20.725016
0.174,60.82436
9.607,813.1338
18.42,1613.4305
14.846999999999998,72.64344
531.19,159.20412
20.763,52.397312
30.09,0.0009108743
9.183,32.30082
61.676,66.48626
28.797,56.58683
9.614,24.14284
0.013000000000000001,2.9049094
341.82,694.6571
0.204,0.8539874
10.96,0.0022056622
1746.0200000000002,638.5627
38.323,0.008651615
169.817,197.84189
7160.057,2011.7548
38.503,41.21757
40.133,96.588936
150.07,28.112278
4950.407,1158.8579
10720.47,1929.8727
149.573,28.40416
0.436,90.245155
39.493,342.74207
17.267,0.00072572764
4421.903,261.20544
12.443,0.023044322
1006.87,2908.5627
0.157,25.079527
49.483,0.001647796
19.477,0.2125429
60.08,32.903805
99.81300000000002,0.16593352
0.21999999999999997,5.7240275e-05
0.23299999999999998,0.071336605
9.597,0.31755325
130.287,6.4446087
20.02,109.61222
879.8370000000001,1024.8588
9.547,0.0015348338
0.53,0.029407619
10.2,0.99834
199.903,783.5016
29.235999999999997,1021.72485
10.22,0.010173669
0.267,0.38353634
10.0,82.912186
0.483,0.060260594
60.223,457.25302
352.453,449.02124
62.064,276.7426
9.573,0.03865826
30.422999999999995,233.18732
139.673,21.248732
21.05,411.2387
30.56,0.0011720556
0.826,0.021282518
80.05,29.615122
29.967,0.008094489
49.796,0.14128712
18.094,70.13225
0.203,99.771416
29.46,96.71594
41.127,294.69366
18.067,0.0012582816
26071.927000000003,5744.35
9.097,30.934982
0.564,0.007250335
9.947,146.83463
170.137,23.413383
20.34,1884.5453
59.602999999999994,46.653675
20.21,117.86911
0.017,32.60584
9.896,48.33994
30.58,136.47594
18.757,0.0051320093
40.34,249.08084
10.063,50.179855
40.526,0.032892305
41.18,187.5684
0.013000000000000001,0.10139061
39.65,90.72293
808.4570000000001,858.6844
21.66,228.70703
220.14700000000002,1255.8147
19.68,0.7405987
20.05,32.717964
0.153,0.0035468868
0.017,0.0018052435
30.6,543.0841
0.013000000000000001,113.9969
20.32,22.3046
70.004,2345.3088
50.632999999999996,0.0028941177
589.553,0.0
19.927,176.25894
269.817,43.556103
0.123,0.43541846
0.69,0.33478335
0.0,0.0021053
39.076,96.917015
49.583,68.70714
1110.144,68.30756
10.787,0.8657802
70.513,0.0024525118
20.03,110.073555
51.05,29.0789
19.423,271.59506
10.527,0.012133054
10.407,2.9049094
12.973999999999998,42.433727
49.47,137.31978
0.17,24.716682
31.097,195.62396
40.934,103.70155
48.99,70.01243
861.773,673.8223
20.15,0.023313535
10.273,805.3061
10.517,0.0004161452
0.157,6.9193406
19.0,0.002392325
31.239999999999995,124.21654
28.847,107.655235
39.243,114.92823
193.566,48.183853
12.919999999999998,109.08355
927.9099999999999,1329.6725
41.17,76.49193
21.073,54.557327
10.437,0.021746486
1.187,167.93661
16095.344,2617.2346
8.42,0.007807085
32.197,0.0005643516
9.317,48.89535
0.063,0.4202033
19.753,0.5341597
39.987,0.0121855
490.593,722.6818
41.97,34.829464
2780.043,263.55478
0.063,0.020634174
0.0,0.45525387
590.384,1587.183
0.156,0.00025517453
39.86,38.407825
0.013000000000000001,3.168419
13.007,0.0004508536
0.127,0.06848309
39.84,48.96642
59.237,74.483536
39.963,61.30285
10.19,76.02235
330.853,902.61096
141.003,1.580255
39.864,22.850218
0.613,102.23499
8.313,0.010170634
31.617,39.16686
10.953,3.328247e-05
0.47,62.687008
169.063,136.33977
20.274,17.372942
400.757,497.8603
9.763,0.009288797
18.52,63.797306
2699.554,1100.0171
96.604,246.40195
109.80700000000002,310.5033
0.187,0.007129343
19.55,0.00033143704
229.32,111.089676
18.82,528.9529
20.32,27.835825
19.583,64.55446
48.31,420.12335
0.10999999999999999,0.012170798
0.0,0.06842525
0.21999999999999997,0.0021003387
20.37,0.663801
9.833,0.29615292
19.857,0.0002803565
0.127,24.300776
18.91,0.12946805
430.19300000000004,1240.6155
9.936,0.06578836
30.809999999999995,2.4990287
58.887,35.540886
49.55,83.99522
19.977,120.00215
49.82300000000001,33.4139
1.55,41.73816
0.017,76.93173
268.987,2615.088
15.209999999999999,56.401752
20.017,42.28205
32.527,198.22801
549.664,911.93555
229.807,196.3422
101.03399999999999,0.024704302
9.823,27.442755
0.08,250.41864
0.0,0.0027237912
20.393,3.1694531
40.963,440.53693
12.014,0.23106137
0.513,0.00080163294
20.18,1.5425533
9.613,114.90712
21.22,224.24577
20.55,67.81915
9.95,0.6972543
18.29,113.59681
397.113,21.59769
40.453,173.35197
27.413000000000004,0.0251513
0.0,0.15914448
29.235999999999997,64.587975
9.623,0.00069646275
20.126,1.3587449
9.203,0.07905784
4.14,0.00041084219
19.724,70.05367
19.97,1.0922532
278.487,18.248997
2019.22,1706.9083
29.217,24.292
19.253,0.05240342
0.063,0.052060913
59.22,27.081186
10.387,2.49039
150.02,33.93212
18.56,374.30975
20.26,1179.2734
1130.31,468.66595
109.41699999999999,790.72626
1852.297,576.02167
30.086000000000002,148.73785
59.307,307.75497
29.877000000000002,42.754547
1.533,9.5369025e-05
18.337,38.60092
259.184,26.087822
4340.007,1801.1294
18.656,25.434061
79.717,16.725702
9.037,0.03372177
41.247,0.0050592045
2359.527,81.88808
70.663,134.57292
20.594,136.15588
0.8170000000000001,172.87556
19.207,0.45774442
89.6,119.42282
9.92,105.38958
4583.357,6267.937
119.63999999999999,141.61719
580.213,1971.2614
29.843,112.94665
19.18,93.24923
136.293,420.63913
19.073,0.1754791
149.21,623.0629
39.387,7.061588e-05
10.323,83.42448
259.877,0.08053365
0.313,581.79895
29.73,626.9727
10.0,0.037577443
18.346,528.3044
6797.874,1604.2598
10.5,0.020884056
0.45299999999999996,0.1891459
26.417000000000005,1027.7074
0.267,0.027611574
10.103,0.1186697
10.76,116.39903
50.584,56.252827
11.36,26.341597
399.73699999999997,109.76237
20.186,73.07971
10.087,0.042348042
0.033,51.273075
19.813,14.596503
30.037,1.3080959
0.687,563.12103
10.81,0.0017317468
19.777,0.22586629
19.77,0.23278458
19.76,791.63947
20.003,101.551735
19.42,0.07769592
40.21,103.566025
9.447,0.0011104591
22.69,0.054246463
0.237,26.652327
90.176,32.470657
20.254,127.51696
270.0,519.8832
19.95,31.149782
2129.95,4118.6655
68.973,119.34581
0.187,0.0016714002
160.127,37.05015
19.983,122.32728
30.216000000000005,29.339397
59.7,963.82196
129.863,451.9234
69.107,66.4795
20.376,32.63312
41.833,35.267418
0.034,222.86629
11.767,43.171154
0.67,126.85768
18.847,40.346924
9.78,51.38413
9.744,319.86572
20.054,45.569027
50.3,0.32089895
1.39,16.960262
41.953,132.27536
2000.777,1654.9197
11.297,167.0095
51.78999999999999,27.516947
9.603,23.419464
0.23299999999999998,19.68109
20.96,47.409557
0.03,0.025091691
109.34000000000002,672.1868
20.267,417.98376
19.597,0.019233238
128.787,109.238266
9.877,0.0064466945
10.174,0.012378197
0.08,0.87060785
9.937,106.84302
29.86,48.121002
0.296,1.1601659
1.317,51.97717
14772.08,13235.887
21.05,1.0101272
25.427000000000003,52.458973
129.823,497.11444
49.094,2.5552332
1.113,82.62135
4.703,245.32439
20.04,0.0025895638
30.414,31.28955
9.8,0.64474356
19.703,48.15512
20.773,26.988255
17.967,264.275
0.343,72.30425
59.693,767.1861
20.02,3.4534926
149.68,433.2171
40.076,500.16388
9.39,20.405785
0.076,60.450798
39.417,60.450798
109.92,1005.7682
0.266,28.24325
10.95,29.416105
80.01,8.249036
38.85,572.63275
29.397000000000002,217.87947
0.237,69.100006
19.054,27.79038
129.667,741.70874
1596.987,544.7054
19.966,161.0955
20.543,30.769314
8.983,0.0019564733
10.537,39.955498
450.18999999999994,952.39545
11.237,0.49409607
29.797,64.17303
228.82000000000002,5.505029
36.08,27.256199
10.96,0.00069646275
0.10999999999999999,4.0134535
11.187,73.25959
199.37,17.334461
250.143,254.72874
19.866,0.015218586
30.943,160.57764
30.336,0.8539874
200.097,42.660095
18.976,251.66002
31.783,56.99673
0.723,527.64465
60.416,0.00030188565
9.33,58.811356
10.984,3.495298
19.55,0.462035
49.7,42.26205
3048.914,345.52176
19.104,7.350304
9.033,24.97024
140.06,8.603879
109.64699999999999,74.04534
79.777,0.17590402
0.063,0.31755325
1.453,326.1945
10.017,82.418144
11.98,23.419464
29.413,123.830734
30.216999999999995,292.82074
9.413,66.29328
51.63,103.69034
10.08,0.09727215
109.89,296.30792
20.43,0.11304705
0.483,38.20856
790.71,39.814835
1064.994,806.12396
29.803,52.643745
19.354,58.137337
18.51,20.727436
0.204,0.0055493843
1020.277,40.046715
288.666,240.64871
39.683,1.1366608
9.663,0.046113655
40.463,96.746254
1609.9359999999997,363.6253
39.007,31.026417
0.03,0.00025301205
1640.1639999999998,144.77737
29.08,0.0070911
19.447,45.931946
10.173,105.45982
59.733,37.904957
2259.36,1468.6118
9.684,360.0471
70.164,108.23559
0.8099999999999999,9.5413685
0.25,44.598854
11.063,1328.2473
60.105999999999995,39.764843
22.01,180.34467
9.726,0.18419185
11.017,26.598392
59.983,9.293867
21.517,0.038198918
9.577,11.2932005
39.997,31.01893
19.414,7.2024813
69.9,0.94757944
0.123,22.773544
82.09,70.86677
431.577,2114.2876
0.173,4.0693336
18.85,0.001802852
34.693,1.024798
20.03,78.18469
43.07,94.83064
271.03,330.96124
0.174,8.542268
141.11,169.70874
0.43999999999999995,86.42211
99.34,0.00020169148
0.34,0.005384786
61.003,30.190102
19.533,1.9523587
49.873,0.0045163953
48.92,35.63511
80.557,91.56155
18.75,0.06558759
140.106,36.423195
10.266,122.63886
0.517,0.0019564733
109.75700000000002,1674.4939
20.157,154.5818
8.96,133.95393
30.083,0.16949065
9.786,2.5099432
720.373,133.51228
529.863,63.385876
19.674,41.47261
60.919999999999995,545.9322
60.31,65.89506
19.6,32.37925
10.887,3.0317615e-06
19.86,7.8987905e-05
29.937000000000005,11.495187
0.42,74.177605
0.114,0.009068122
9.65,0.19610484
9.506,0.22186215
40.967,77.08166
0.237,0.31839868
17.877,17.250984
390.54,68.94747
140.457,0.055913106
11.0,94.7227
0.297,63.797306
0.046,0.002835208
112.107,90.05109
201.98,27.953674
9.58,50.39972
19.773,6.927066
3.797,97.546646
131.34,37.277218
29.217,0.3050643
9.933,0.00015897848
9.356,6.6195025e-06
49.14,0.0457551
20.187,543.48553
201.73,267.26703
0.017,0.98158765
0.83,1.0783819
49.85300000000001,35.770912
79.34,0.025257446
279.583,41.043655
130.423,87.12627
130.194,963.2014
39.296,143.20227
10.21,6.6303782
2231.573,84.48889
169.976,250.80615
39.237,60.350513
0.61,46.092167
0.674,37.205833
21319.653,5915.62
49.96999999999999,0.5628036
20.173,0.030049095
59.84,28.159424
30.789999999999996,0.48423785
140.566,13.179337
9.833,0.604585
8.88,0.0072038267
10.103,150.54047
0.016,0.0028065627
50.163,23.862383
1244.113,729.81586
50.78,98.39139
20.996,243.98436
130.08,34.44326
9.663,26.301952
30.017,111.19771
9.513,24.923563
9.61,11.531611
119.94000000000001,758.1859
129.34,94.80072
39.133,101.69454
9.853,0.18744642
8.843,0.9533342
30.123000000000005,42.509773
10.087,265.58374
23.0,96.975204
79.853,164.35728
20.197,0.016878324
11.39,22.791159
40.577,0.041103065
209.93,184.02287
19.51,551.72815
9.644,0.12828116
29.34,82.151924
9.59,80.92907
795.067,1790.4264
0.9500000000000001,86.42211
0.25,4.5441113e-05
8.94,64.27344
140.063,401.9783
80.306,481.96893
9.11,0.0021189854
0.86,0.0011921171
19.907,125.22466
0.14,44.138405
19.13,9.001819
48.88,140.55104
379.64,601.9164
889.26,2949.549
0.326,96.67411
90.52,0.08040373
19.777,82.977905
19.363,338.52487
985.177,427.42212
49.856,0.41330785
39.917,0.07956423
50.959999999999994,1216.3356
50.453,762.1625
40.263,1.877754
202.973,294.55032
309.723,200.1308
1200.637,429.39023
19.323,0.0010853561
0.08,0.17902766
130.573,382.30148
9.78,31.75258
0.0,381.6932
30.813,162.35767
59.37,59.38349
239.91000000000003,922.8797
19.664,11.748892
29.090000000000003,39.4188
60.46,1342.4651
40.11,428.2831
9.776,0.03544397
0.123,32.32036
0.45299999999999996,35.16965
20.253,312.23618
1.483,55.882496
9.717,40.479923
19.0,0.32867053
100.983,2.6583045
20.953,96.88609
8.827,141.53195
11.623,206.3217
19.987,53.070934
18.537,0.0029212316
20.72,39.48322
40.49,517.614
170.244,5.745945
671.207,4376.923
969.723,86.09178
71.334,46.643475
8391.54,6225.1797
19.7,0.036984943
59.313,62.95705
19.967,0.0040671304
9.116,0.00072941073
68.696,199.34766
93.703,40.98157
40.05,13.852221
49.507,95.81891
29.094,0.56342334
9.193,0.2194027
39.503,26.439886
160.493,35.08258
29.323,2.4990287
0.25,256.13672
0.297,0.000632162
0.517,0.00045871933
139.73,689.7708
9.1,46.31384
29.553,60.042892
39.9,110.602104
0.377,36.961685
9.944,0.0016960733
9.2,0.3383477
18.287,0.020973036
9.54,0.03413148
1600.1499999999999,319.06058
0.187,82.74685
61.296,21.725033
19.877,27.805246
14.54,174.88374
18.93,0.001200246
21.127,0.0046703853
10.993,20.273087
29.85,77.412186
18.877,58.605213
14.17,0.5187436
39.83,45.314137
9.25,294.52496
20.46,0.20074517
1969.76,41.442234
9.984,0.0004833485
10.68,63.61493
458.963,131.82762
20.043,4.217795
39.92,82.07316
0.047,112.94665
0.343,138.16862
38.807,0.0002572024
0.0,0.11976614
10.497,68.44843
20.143,22.918943
19.193,79.26065
10.357,175.93309
23.823,24.387794
20.39,52.960552
19.99,143.75565
249.954,2.7590134
151.227,87.86946
0.767,0.51747423
10.88,0.1035452
59.43299999999999,0.15889925
9.62,0.13635638
1828.9469999999997,1196.5029
59.940000000000005,37.211647
209.033,350.67618
19.273,51.629795
30.923000000000002,77.15506
10.11,0.10690381
40.267,42.754406
402.46,1000.96893
10.373,0.0032208841
19.516,13.427859
11.63,50.372368
1020.343,121.06498
320.22,154.09473
9.43,0.000480543
12.4,51.790012
0.72,0.9656375
90.007,25.361277
29.857000000000003,92.67295
176.063,82.51131
0.513,0.109620176
0.186,74.375786
1120.177,866.0113
69.95,736.41406
88.687,566.46924
20.1,0.0029649374
20.083,605.4121
20.3,214.91878
119.70300000000002,31.989347
40.076,51.470577
89.767,26.557854
19.004,137.31607
9.28,0.08786496
79.837,46.202755
90.3,96.16237
18.694,134.38264
149.623,125.462555
249.957,105.69524
419.88699999999994,496.50266
19.963,4.0480466
15365.254,516.02185
1.173,0.069607325
0.45299999999999996,28.249668
10.027,2.1356525
29.01,22.271276
19.177,20.344585
20.877,28.921198
111.31,101.66996
19.153,30.835379
659.963,20.37351
110.187,88.5474
10.34,497.45914
0.094,43.321545
0.187,20.834112
79.4,32.01939
480.076,137.73418
111.09700000000001,471.74213
9.267,0.0011156923
0.576,49.725914
221.61999999999998,15.898633
9.924,49.61833
9.974,0.124715716
70.943,0.06038203
10.32,0.030600348
19.113,0.8174029
149.686,2975.1763
19.937,34.123264
10.027,99.76681
8.844,30.035406
290.11,448.6678
0.27,0.005790424
209.783,458.21948
41.51,504.5871
19.72,89.22666
12306.336,3244.1895
10.22,0.00017816569
129.713,1514.647
10.0,0.09281846
0.674,0.013036294
0.583,1.3832022
79.26,195.68446
19.156,175.11104
49.826,28.17873
769.82,11.071817
269.027,51.864914
23.026,61.41928
22.387,0.000604863
10.51,88.80374
50.18699999999999,35.49372
0.61,93.69927
8.407,62.12937
20.037,434.77643
41.11,1.2004747
0.23299999999999998,46.202755
0.21999999999999997,0.10139061
0.186,0.00376311
4.58,45.001644
1035.323,151.47644
0.043,1.7296128
19.62,67.77773
280.047,172.57333
9.7,3.0317615e-06
10.28,88.80374
218.453,203.29974
699.366,562.13196
2743.54,1229.6177
30.000000000000004,25.244835
20.307,33.631424
9.67,0.66063
120.014,131.72897
8.667,84.924515
0.25,80.73553
69.76,0.06845462
229.857,118.25839
30.277,111.859215
0.89,0.017786328
148.997,274.76138
219.87,402.44403
8.51,631.1819
140.753,328.7826
108.68999999999998,19.133549
18.847,204.62885
934.703,135.9601
19.477,0.023830598
9.903,41.943092
71.11,21.692905
10.586,0.0014347242
6.353,110.50895
0.23299999999999998,51.284748
57.013,268.3768
29.777,27.966572
10.163,97.255806
269.27,36.63442
120.103,1001.83777
10.073,1.0176389
49.847,355.47504
40.28,0.18590027
9.703,27.084171
30.889999999999997,276.89575
30.593,471.61108
0.43999999999999995,21.658783
5139.384,802.2425
60.276999999999994,23.642084
589.327,0.44209936
19.857,125.38053
170.087,217.26224
9.417,1.7199296
20.507,36.623806
23.403,45.001644
20.57,57.253433
20.57,90.18491
49.79999999999999,0.52421355
0.317,0.1106554
0.127,50.163933
49.943,299.0717
39.86,35.45361
0.74,0.021964168
10.26,28.758959
309.117,66.99517
109.504,62.793713
20.103,0.0034703717
10.42,0.27745008
220.303,149.51242
9.85,0.64914066
0.52,0.7701165
20.093,301.64468
150.723,156.1041
170.11,0.22462703
60.253,72.97525
820.224,751.79565
20.803,28.095566
59.927,32.37266
69.48,293.67044
80.007,30.028135
20.113,42.767284
20.873,93.23782
149.35,54.61284
40.737,29.766375
50.74,39.68355
60.29,13.666167
0.58,77.19978
109.67,51.478085
201.06300000000002,69.68728
97.05,104.78791
360.19,264.75983
9.99,0.00804051
8.807,243.98578
39.87,60.20672
10.124,142.89899
143.48,357.14816
210.707,582.15344
258.903,32.2281
11.11,4.8436414e-06
189.824,86.38904
9.91,79.93935
20.18,60.00624
19.833,2.5571399
9.653,27.746342
30.384,182.26268
10.963,0.000117454365
910.44,1243.6232
0.20000000000000004,9.0531066e-05
0.58,63.797306
10.033,1.7886137
0.397,19.667084
211.95299999999997,208.74326
20.107,74.61433
10.46,37.26465
8.816,0.0278919
39.563,77.318146
20.1,421.42358
344.99,1107.9193
9.98,0.0018200617
279.97,137.60197
1549.94,11.311983
20.077,33.253674
111.13699999999999,248.67989
526.593,688.3472
10.056,31.566051
49.88300000000001,55.678215
0.17,0.011445766
41.097,31.698412
0.14,117.43285
59.74,190.30101
20.007,0.00018644771
109.87,0.0070873275
190.993,90.69844
40.127,48.669327
40.093,0.18681751
40.14,12.712391
80.08,213.35555
0.14,215.7166
60.462999999999994,147.28545
194.17,66.96519
0.093,0.00029007482
50.886,0.12515834
11.166,47.125835
190.416,58.78735
8.73,124.14863
9.547,0.0023898028
29.823,36.029938
19.05,27.486473
609.98,750.5449
20.15,0.013746189
19.677,3.1483305
9.084,29.904907
0.55,0.00166571
51.54,142.72482
28.973,30.032614
29.909999999999997,181.29361
80.857,17.842407
10.44,52.6466
9.33,36.54778
38.893,91.58856
80.203,8.939514
21.17,67.325836
10.543,0.0003921098
9.83,227.73576
259.99,50.963017
129.433,103.85166
21.36,0.35703072
299.473,20.583948
0.47,0.032122023
18.793,49.84408
19.683,249.16983
20.677,82.43647
8.147,64.54216
10.244,146.87036
20.143,3.6913548
0.046,27.153265
909.97,133.79509
0.534,62.399094
80.313,0.024860952
880.0229999999999,147.50826
0.076,0.35039473
19.59,102.95866
0.077,29.84558
19.823,0.0025500483
820.133,315.16623
30.459999999999997,99.76681
130.393,1276.7623
20.123,87.77858
0.187,0.0007592502
49.973,1237.588
19.843,0.093483225
20.646,217.81421
29.979999999999997,15.172737
10.003,48.281277
60.197,5.5190535
69.414,88.57203
40.25,28.057777
20.787,0.5532182
109.847,12.614042
21.077,0.04776367
19.787,0.0052155806
20.053,98.47966
0.21999999999999997,0.3381412
9.92,28.623213
200.587,23.653309
10.363,94.27765
280.85,488.65567
26.427,42.680676
19.997,114.72797
20.103,137.05127
18.307,27.94857
9.96,76.49753
0.454,140.09291
8.74,0.017536746
220.527,149.84846
19.547,0.0012450557
360.644,148.65472
20.58,26.146633
81.16,0.00021048337
99.084,126.32581
9.123,0.00027445034
0.093,0.5608233
1165.243,167.6763
20.29,44.847954
19.844,0.101872124
800.217,758.75806
0.297,175.92365
19.054,22.67745
0.47,42.305687
20.166,0.005703926
0.8000000000000002,0.0047541508
20.083,1553.155
11.417,1566.6864
16.104,63.392887
1599.543,1986.5247
40.264,68.628494
30.246,0.5055594
0.693,25.923132
51.849999999999994,198.65976
280.267,1.0905709
29.7,59.897285
70.603,6.0390773
1.83,0.0129477065
0.123,41.49181
39.42,0.014862265
19.76,0.007813922
11.304,859.0587
20.363,162.63309
19.847,2.7010994
740.364,486.27182
40.153,22.572544
42.663,0.010378811
299.813,20.891567
9.906,0.00017816569
1.033,0.7349854
310.113,160.18343
0.8129999999999998,0.01654581
10.09,45.518368
10.13,0.018748341
9.744,0.007129343
22.427,126.8272
19.44,39.959328
19.797,103.56293
20.12,40.15289
40.25,510.32773
560.003,96.99682
0.43999999999999995,2.2672853
27.956000000000003,44.743465
8.82,77.8776
430.87300000000005,36.42132
20.11,86.829
0.157,84.915886
30.257,4.0957985
19.987,173.9795
109.973,115.532585
49.923,113.99431
110.854,0.0045497515
0.093,0.00050929905
20.41,2957.7012
39.48,0.00056206563
70.663,4.812887
11.483,47.762794
21.563,0.00033881117
20.644,21.37012
308.683,179.44444
19.237,9.113574
9.826,0.030855233
10.51,2.742569
0.14,0.0034645183
180.124,164.08194
490.9169999999999,48.92356
9.323,38.77926
59.437000000000005,80.044174
0.267,59.396355
19.91,1716.2557
559.977,10.174057
90.747,25.887487
39.073,144.83487
90.607,47.3884
0.94,18.698723
50.91400000000001,49.03477
9.02,97.50315
64.177,106.8029
160.263,39.65361
0.203,83.89395
19.393,34.934593
0.08,47.261566
19.32,188.37273
0.313,0.0006078758
9.744,75.3591
699.9,4494.9946
319.78,39.466515
350.213,461.09058
148.593,41.870636
29.76,0.23709053
11.35,76.02235
8660.337,2377.819
0.03,0.1686678
29.479999999999997,148.83272
60.08,3.2051969
9.947,0.1412808
9.08,5.6665736e-05
160.333,18.638987
170.424,41.688118
0.84,0.009439052
9.777,84.730354
119.91999999999999,19.691002
1344.4,187.35867
8.703,0.00046207994
17.024,78.629074
10.024,0.055299662
18.927,127.74806
28.063,66.64971
61.10699999999999,49.062828
1.34,0.003980129
9.797,0.016422497
10.194,25.56233
21.76,53.273254
544.183,64.29851
129.574,0.0038177073
179.51,15.663656
690.15,76.62012
40.21,40.381104
20.416,37.908817
19.817,34.08988
19.307,54.474823
18.51,2.4024835
59.283,33.20818
9.887,61.786663
0.14,0.0049200375
59.84300000000001,38.89219
0.283,0.85085934
311.176,327.6731
12.61,0.0027006567
10.21,0.6653403
10.873,1.368747
0.153,50.51775
19.927,9.700451
31.1,83.81826
69.606,25.637884
18.63,0.06398112
0.03,0.08523774
30.819999999999997,39.68263
90.264,80.0057
99.594,175.24706
9.873,61.834713
