actual,predicted
10.03,44.237553
99.93,207.54317
29.7,61.479473
1.63,49.70588
11.06,131.19545
30.030000000000005,176.8267
0.283,5.597541
140.907,523.56824
288.847,363.52322
19.0,26.984232
451.5330000000001,626.44965
899.6300000000001,808.4315
70.24,170.87401
0.016,75.85579
19.787,108.68103
370.23,1390.8242
89.986,37.965824
19.403,19.583366
49.444,66.55177
0.313,53.53305
58.073,25.799454
10.733999999999998,193.41159
20.493,182.42464
49.893,1017.49603
1.35,132.08968
9.966,9.251849
10.073,67.455185
9.443,92.67206
0.233,20.045328
100.18,1308.8138
100.0,138.68427
0.7369999999999999,92.29475
427.833,138.90398
100.02,92.29576
20.063,39.66513
10.404,309.52933
10.81,269.56516
0.343,23.217424
900.3199999999999,424.18225
40.61,49.00894
49.963,6.6449876
170.583,133.34502
3724.1830000000004,1012.1045
0.32699999999999996,57.279774
26.667,76.90678
9806.167,6417.5376
3.11,42.201942
8.09,374.40747
29.267,1764.4917
18.483,201.3348
179.697,110.00827
10.8,69.69291
29.86,86.532715
2.767,40.975708
28.11,59.55837
21.94,303.23126
30.71,211.9749
12.167,135.34395
20.47,15.702179
791.74,1082.2194
9.866,183.52713
20.613000000000003,15.57297
6.05,639.4418
301.874,741.20135
0.69,90.00996
85.956,175.81343
1618.857,4139.0503
8.993,65.962456
20.21,79.10185
530.26,344.15225
279.99,516.54553
28.596,42.80122
10.833000000000002,81.861725
9.433,8.038167
29.71,93.751045
60.09,101.44798
30.56,114.99393
70.137,189.04721
19.447,11.484728
30.333,266.33887
0.076,109.934906
82.013,103.05236
340.087,489.56628
238.41400000000002,0.0030803706
9.51,243.73918
19.483,187.91502
31.027,63.407948
210.116,977.56195
239.64700000000002,105.597786
29.47,169.02971
30.069999999999997,33.401264
29.623,187.4346
520.287,153.91727
300.027,526.19446
25.303,8494.241
9.926,83.84048
461.803,88.42694
96.34,49.57764
39.343,20.39181
29.375999999999998,59.713955
120.903,72.51729
163.947,1015.68604
149.69,213.2568
19.7,122.4053
18.91,23.848818
69.726,298.1951
0.267,1577.7302
19.994,35.391277
90.173,8.394854
319.89,115.43033
189.836,895.04944
59.85,75.86699
20.13,152.59578
38.917,374.6928
9.68,88.69288
0.03,1.5224898
19.87,53.371902
610.44,486.65613
29.797,481.84106
906.0430000000001,199.4141
40.237,481.26575
120.05,43.06574
39.076,258.7224
18.087,68.06491
259.51,59.177216
21.394000000000002,516.9889
542.18,1345.8694
0.09700000000000002,116.78011
218.55699999999996,82.06179
11.41,19.747461
21.646000000000004,286.58258
12.287000000000003,205.41573
9.11,245.99254
39.933,55.692398
10.093,64.19545
302.04,149.37833
39.04,79.58311
138.323,148.33864
9.424,253.56578
9.973,143.74901
0.11,110.70539
69.854,17.529161
18.963,190.33551
9.8,452.7963
30.54,61.592663
10.377000000000002,82.53462
40.15,2158.2883
0.013,92.25946
130.043,27.564995
10.253,114.2024
9295.01,917.84674
20.02,45.99614
19.643,30.529188
129.887,22.300722
459.91,1505.5295
50.32,689.2391
47.784,49.68099
10.12,69.5906
19.117,103.54478
491.96400000000006,604.84314
17.23,37.004776
20.1,12.060566
29.964,28.729946
0.567,186.71167
229.92,387.27145
19.98,489.64636
20.716,33.629807
10.023,66.60477
8.947,168.73616
0.516,141.4364
10.073,79.70042
0.64,128.76134
0.174,23.331406
277.27,128.7868
578.85,384.44684
40.92,463.94632
11.702999999999998,46.516266
49.37,28.673416
131.377,452.30145
4005.7670000000003,949.9953
1367.58,729.04156
19.964,114.51883
1898.4229999999998,544.1126
1.0,283.2906
9.14,219.40562
19.93,72.49771
328.856,43.366375
1120.07,1676.4661
29.987,406.8578
18.716,43.272522
0.44,34.131405
11.063,134.25053
760.96,519.34985
220.0,215.92772
318.8,75.66472
0.22,9.906281
161.433,1328.5933
110.01,477.74774
9.786,91.84853
220.006,746.9257
3.61,70.121735
1060.27,109.92684
11.02,79.6232
130.327,183.52094
636.907,582.0591
39.74,24.515089
346.326,169.01845
0.3,20.499231
1.6570000000000003,77.22471
11.143,43.72105
18.334,399.93854
20.937,94.093956
11.387,16.556078
110.84,338.0993
99.70300000000002,164.92201
0.267,28.144335
50.837,108.15185
19.77,171.47896
48.857,499.50336
85.19,4.0528746
39.98,62.03184
19.77,568.5821
160.183,0.30441746
0.233,29.603151
9.88,1015.54346
30.530000000000005,7.6563134
19.237,8.48639
19.843,224.9213
20.803,181.2992
584.216,222.70699
29.16,69.98341
19.587,100.60335
1.204,27.97226
1.0,33.341705
40.674,567.4939
9.514,99.04737
20.103,25.839413
19.86,1943.6815
9.027,52.8213
189.79999999999998,35.156757
19.894,214.769
19.956,197.3737
0.424,18.601603
59.897,255.94063
114.397,259.8609
240.443,114.215485
19.754,51.76817
10.74,128.5782
102.053,43.695778
0.44,24.62233
30.183,189.22714
39.857,38.067513
3.204,27.759726
19.967,4.7652855
39.887,256.28836
0.66,693.6305
90.67,278.55008
49.65599999999999,48.569675
8.723,77.616325
19.064,32.968678
39.3,343.27145
0.813,503.82327
19.944,30.581266
41.217,410.83273
30.567,79.38309
19.897,77.68108
19.45,41.311104
20.423,123.42255
30.024,3.851538
0.266,193.28117
5120.687,1882.6476
10.173,38.68641
20.193,59.73827
159.976,398.33038
10.063,503.35052
0.563,21.027716
79.437,473.3725
226.11,54.35006
90.10999999999999,80.4158
0.467,178.8187
1851.09,2615.1758
39.974,929.3411
201.16,131.18753
18.583,52.179886
19.507,59.766094
8.783,31.259462
8.744,55.83787
29.43,0.8569263
21.226,31.857077
10.81,49.967464
2.55,30.451033
59.88,225.07721
10.497,48.82363
19.97,379.9644
119.257,81.68874
90.077,71.00933
60.477,422.27322
459.30299999999994,59.597076
39.586,51.84766
39.24,26.607668
8.703,36.886845
8.7,27.329218
60.993,80.60412
9.563,24.020002
70.243,137.09325
70.224,212.68231
1838.907,610.63727
20.984,133.02951
16.323,3.7170894
40.174,67.59727
6866.147,6039.9043
29.823,509.70343
439.923,75.180374
60.293,68.34285
0.03,54.96849
339.70700000000005,640.27606
8.966,33.147667
19.97,43.93547
30.347,4.7482266
18.027,147.8709
9.877,310.6792
80.667,92.421875
316.94,509.70343
1.063,98.415855
0.174,79.39275
29.43,127.68813
61.774,29.813738
89.98,192.16425
59.553,1441.7861
19.47,72.69448
121.47,53.44858
30.603,150.8089
199.947,119.91944
30.213,116.78848
0.14,39.867203
300.733,245.37828
80.057,827.80084
239.54000000000002,656.5483
1591.366,895.64655
89.18,45.52862
30.146,48.833035
7.807,303.23126
421.66,459.15527
70.43,97.06464
19.57,41.244892
121.44,126.61577
200.947,89.63258
11.724,57.127888
11729.416,801.8068
31.35,61.55773
10.537,33.15813
19.26,1119.6471
1089.87,1190.2554
30.37,126.09823
9.95,103.20129
90.05599999999998,142.98409
161.18,481.812
30.904,215.06638
20.267,31.476088
19.79,67.04309
21.190000000000005,338.1559
10.043,93.8258
9.194,50.020203
9.74,251.99168
9.406,34.838036
7.947,91.89975
90.457,674.346
80.164,82.973145
40.32,191.45596
19.743,125.557175
117.11,38.123066
31.377,352.64615
49.807,903.8912
511.12000000000006,84.028206
398.75,69.934654
10.007,75.77237
10.207,34.78585
769.0570000000001,112.955574
239.86,35.685955
20.197,38.62124
15.834,20.461721
18.95,139.91658
17.67,46.374912
12.74,35.63125
39.48,2.3778343
10.127,70.652664
6793.107,1311.6896
18.203,82.1425
49.019999999999996,5.923772
17.733,1118.4923
0.36300000000000004,82.88727
19.83,14.158901
19.664,55.983902
219.90300000000002,65.78347
320.257,462.41098
2132.267,1042.1805
21.074,194.27324
19.063,107.637535
10.154000000000002,115.81547
149.683,13.778833
49.403,48.71098
159.32,911.65326
750.1569999999999,189.00087
79.36,118.515495
20.137,547.6634
31.233,23.936445
50.037,655.03076
69.327,167.47821
12.2,32.41606
329.88300000000004,2107.8967
50.726,58.890495
19.787,45.99614
8.283,180.18608
20.743,27.893223
1080.62,617.75366
390.05,138.77585
0.143,0.047414046
250.287,448.3479
50.24700000000001,207.67418
489.16999999999996,23.537004
0.157,30.40327
0.733,26.190332
482.23,353.52487
40.68300000000001,80.30937
0.03,31.010437
80.433,574.54193
270.863,252.07996
99.78,609.746
23.034000000000002,70.643456
99.603,2273.4988
319.856,203.58972
20.47,50.709263
10.897,65.0465
29.983000000000004,37.214386
20.729999999999997,41.005424
41.037,139.26125
0.32699999999999996,31.406725
1469.146,676.1181
668.98,828.63477
0.283,103.05054
551.293,791.7221
219.617,44.874027
0.22,116.1489
50.20700000000001,53.30166
39.07,22.702435
9.89,120.26602
29.904,264.96796
11.970000000000002,260.9599
69.853,55.01696
0.046,51.376762
1312.506,172.90364
643.347,43.223347
110.17,35.177113
0.237,23.331406
98.686,422.33835
0.373,21.419498
9.676,30.14957
20.197,97.879715
40.08,3.0821512
20.21,31.696854
12.2,34.873272
20.03,49.602444
0.686,2.126949
129.576,59.101574
30.17,262.03464
0.143,29.737038
9.33,40.566284
200.443,487.29645
70.767,126.68007
10.203,480.44647
30.326,120.21093
1.594,88.01757
0.143,615.5828
18.213,49.263416
10.247,38.714153
229.953,2034.5377
60.086999999999996,102.89082
31.647,42.867477
112.143,50.643814
40.13,26.377262
83.93,296.2555
221.87,806.0416
373.21999999999997,1547.3567
429.36299999999994,763.19806
289.497,97.57452
0.393,123.58794
463.687,2608.625
30.69,37.91411
10.446999999999997,140.9316
31.769999999999996,234.92433
9441.27,1224.9188
190.87300000000002,33.980988
89.687,8.594924
9.77,375.85358
29.460000000000004,46.69025
17.493,35.17091
100.867,30.02974
13945.41,2078.881
20.0,212.36075
90.00299999999999,65.65988
510.26,636.0841
130.007,316.8965
9.093,187.31406
373.366,1700.2257
19.95,615.36774
29.217,50.03002
229.327,308.7616
49.673,95.28298
0.14,126.09823
169.67599999999996,83.11255
60.28,176.49179
320.517,1462.4467
11.407,53.299244
159.373,88.626945
90.1,51.930855
69.963,103.17095
20.037,93.649055
29.86,373.14468
0.61,1.5456095
18.837,209.35625
39.993,78.820724
49.86,154.76198
29.143,56.98924
19.4,121.1984
20.917,6.7770033
40.213,104.50425
0.613,42.79087
0.11,26.71455
9.563,35.190556
140.97,119.64304
27904.682999999997,52.193207
69.754,37.392242
20.07,179.81032
240.24000000000004,142.34142
9.04,37.651546
69.923,1026.3928
30.096999999999998,2.3392038
30.75,377.8249
20.073,30.178421
0.21699999999999997,3.4649901
770.8460000000001,2224.3674
13.273,12.910496
1320.154,52.86926
17.947,150.73146
49.9,269.4106
17.484,37.0683
890.5830000000001,5491.042
96.783,68.16148
0.173,99.68378
0.063,27.53471
18.87,0.14148141
8.986,49.578003
20.16,234.81209
149.98,145.36252
8.39,106.00641
90.224,116.61686
150.507,1070.3862
187.40999999999997,761.40845
19.713,92.05066
27.17,187.62837
40.80400000000001,25.882513
9.996,286.42334
11.003,68.45855
1618.933,106.77279
19.707,9.906281
580.153,659.76465
160.287,728.56537
30.664000000000005,98.03895
170.586,671.5839
9.353,154.3258
350.03000000000003,54.95692
19.914,94.59019
139.36,78.39147
49.81,18.320728
1037.127,2001.7073
5.643,12.078677
0.263,18.308437
9.883,21.010708
9.5,12.107467
20.946,34.68467
75.6,127.102394
39.85,180.66467
190.79299999999998,124.88282
22.543,53.12213
68.873,197.08336
10.77,85.40651
120.233,158.4865
820.294,185.35197
0.36,20.137457
10.862999999999998,67.92391
3340.624,1218.1648
0.483,28.974854
0.063,75.748245
119.98,632.26874
20.177,73.11743
20.077,73.47928
9.25,156.81023
2502.367,764.6653
10.04,448.14322
30.073,82.94803
8.37,4.1001554
20.353,69.35796
9.126,35.86396
9.303,63.45416
29.97,412.25104
19.96,134.7765
5100.03,1909.4155
18.946,52.926495
719.393,844.2936
20.103,53.62744
130.863,193.91635
20.417,10.079519
9.42,89.68813
40.537,111.950485
9.766,87.525185
17.417,50.01726
9.183,39.256363
883.464,2630.2131
60.206999999999994,1115.3401
39.974,202.4553
820.62,167.40703
46.66,135.65088
6340.907,651.8373
0.436,29.469889
27.64,22.578533
30.463,54.525967
10.476000000000003,3.7327104
0.687,520.2321
2820.277,63.7542
49.997,1.8862009
29.127,127.68126
10.05,58.802757
2809.74,320.611
68.763,2.0621617
9.98,216.83856
2369.377,1656.0988
29.76,35.380215
30.887,176.46184
0.343,68.78073
19.94,76.96037
20.046,76.37526
26.209999999999997,468.68936
0.28,40.975708
260.997,653.6167
765.727,1116.078
40.18,18.53772
2999.43,636.9099
1740.103,536.16925
38.613,51.044918
19.547,44.903374
119.807,552.7855
19.234,73.528336
128.48,1018.3108
9.097,44.042866
49.037,111.98629
19.147,78.8862
9.58,40.447426
2.5800000000000005,670.7962
19.3,178.13351
139.983,37.747494
17.677,133.02951
9.196,58.622158
49.88,20.429409
1705.657,1255.6183
8.927,42.523502
39.94,82.893814
579.937,226.3491
0.09700000000000002,38.740223
70.716,167.14503
20.09,90.453354
280.71,122.63309
50.10000000000001,52.042545
351.05600000000004,87.86058
24.913,79.17602
11.674,126.09823
30.003000000000004,91.66871
10.733,19.992071
79.027,30.83146
0.8940000000000001,228.49957
9.843,1.81531
1.147,215.03128
48.82,52.272564
12.08,52.40985
30.0,318.97375
10.537,56.645676
60.537,264.82574
18.716,229.84749
102.406,31.093119
39.454,24.62233
30.037,331.94672
1.224,42.609577
19.716,2.080064
49.797000000000004,48.64651
0.28,32.69469
2941.69,2095.4587
368.603,600.3581
1241.033,184.40161
1.204,59.55837
10.027,33.448086
11514.269999999999,5832.6216
0.157,42.692165
19.277,180.0802
8.423,43.17722
80.113,45.021427
0.32699999999999996,89.25368
6.9,22.65588
11.07,53.08867
19.58,146.42914
10.2,91.726616
48.63699999999999,90.79464
108.8,152.84116
343.144,618.01086
27.733000000000004,84.80657
29.529999999999998,242.39209
19.527,200.62277
18.677,68.9973
9.53,491.48755
2.454,162.1151
1240.02,580.2061
19.0,62.027527
0.596,20.143713
11.150000000000002,121.50835
80.67,171.61125
11.147,56.60275
29.063,578.4999
889.167,76.77551
100.12999999999998,36.898464
0.517,3.4094791
4961.23,2488.9314
20.587,58.802757
593.94,341.6422
229.98699999999997,115.92967
29.87,23.46894
500.183,210.97664
9.384,21.554428
3500.36,186.00854
20.557,16.92585
0.017,21.836245
9.037,422.65585
209.846,643.67694
21.583,10.858142
7.076,56.113113
799.9799999999999,1890.8136
8.893,36.692123
100.867,150.74371
9.71,232.79028
38.88,97.52175
9.5,18.405651
31.740000000000002,424.15598
100.603,199.70653
501.5470000000001,106.45264
0.563,115.16641
9.91,123.58794
171.29,231.66754
59.066,526.0939
55.13700000000001,43.31428
540.777,1814.4883
19.836,81.912964
0.467,56.645676
350.233,415.8311
20.887,452.7963
108.133,63.6398
18.697,79.91172
3651.2939999999994,125.898766
630.336,326.68842
39.77,4615.7563
1318.313,1087.7926
2029.8530000000003,101.71547
0.36,54.760445
81.31,419.0932
19.777,82.91073
171.13,251.47926
3.937,33.909374
8646.07,192.256
72.834,46.17731
26.994,49.888622
110.063,479.32617
0.114,103.37539
9.207,35.68998
89.47,690.81476
280.417,142.59908
370.02,927.94977
30.31,598.98
180.726,189.31746
95.707,80.95272
40.596,167.97104
20.256,159.96692
8472.007,14.409936
9.023,31.82869
84.673,43.2398
986.813,826.55347
200.086,47.01944
9.863,78.170166
199.75300000000001,180.86507
1538.577,132.34157
320.1,98.7693
714.97,1044.001
1.05,33.301823
59.867,5.3819084
338.316,123.60405
5181.903,834.84204
11.55,61.093906
60.473,670.5058
26.923999999999996,22.21081
0.53,4.171005
19.84,154.05084
39.73,631.2793
39.12,28.091276
1000.2699999999999,36.584408
0.283,28.832115
89.377,123.303116
0.716,106.6661
939.19,2036.5214
15356.070000000002,2556.1567
270.957,1024.465
0.16999999999999998,67.74663
40.203,344.17944
0.47000000000000003,136.11757
160.86,101.75
28.187,77.174484
209.316,38.005577
79.843,130.55786
269.98,36.73557
129.04,107.55519
80.04,115.66499
40.206,89.35727
59.157,1043.0471
9.587,40.075417
48.873,75.37193
0.08,30.82999
169.713,425.58112
149.44,189.94804
215.57,122.33024
81.15,292.06293
19.087,60.435955
0.58,51.215866
11.033,4.2119484
4938.803,170.50635
729.573,3930.8938
80.006,603.2344
20.05,121.50835
0.563,34.47025
70.257,45.479023
1709.693,557.8271
22.053,41.33368
30.650000000000002,77.511635
750.1369999999998,996.79205
130.28,183.05255
12.863,100.63011
130.003,319.70355
119.083,550.7857
21.493,134.85858
10.0,79.05928
79.48,69.01741
70.68,0.30400172
10.354,20.049229
69.51,101.47906
811.1360000000001,354.71683
10.852999999999998,62.061474
10.77,104.34516
49.497,61.924694
38.827,92.127464
369.847,179.23868
1898.826,3883.949
9.157,267.20096
0.783,294.70883
48.867,503.89902
1.367,20.030115
8.536,39.900356
8.483,41.429287
100.28000000000002,162.6282
9.606,94.34115
637.977,904.3091
1.077,63.2461
10.18,61.187412
108.66,81.79556
9.687,67.85908
169.98,462.5916
411.137,105.81346
49.857,65.88925
20.12,1362.434
11.053,71.68465
11.733,42.2353
0.53,31.182552
19.353,107.684364
10.75,9.046027
20.077,630.2175
88.27,7.5660357
20.903,66.122955
20.007,180.8229
87.65,635.09576
720.2130000000001,643.2473
20.35,35.676266
60.374,189.31941
246.323,25.919157
49.85,101.992386
100.527,0.13426425
16.494,122.501625
20.254,8.995521
2060.144,1440.0874
18.79,262.81775
9.976,26.97212
9.38,395.52087
10.104,79.32455
9.524,523.4958
3119.83,8494.241
0.063,132.08968
799.79,5433.2676
9.13,47.85663
0.153,210.20688
61.164,46.256863
300.98,107.05694
30.647,119.58477
227.673,2149.3188
0.326,126.63027
89.524,44.108593
8.883,30.648884
40.790000000000006,275.21716
19.867,248.35442
0.797,1.0723168
70.11,395.37283
7.973,145.76521
750.173,587.4155
9.017,4.5030527
17.74,27.97226
66.487,186.65955
18.883,134.41339
19.1,87.1711
129.037,529.58215
780.0940000000002,1867.1294
0.233,140.4097
209.537,130.60774
10.234,4.0011907
10.07,160.90785
10.21,201.57024
51.634,20.247297
1.75,547.96344
150.29,367.38196
329.477,61.103912
19.56,979.5252
19.853,8.320869
20.217,236.58568
9.644,36.416702
70.083,1317.8093
9.796,42.609577
139.613,241.5104
50.214,47.35467
10.330000000000002,24.645006
10.243,44.629566
9.293,36.187756
9.543,76.88823
0.42,39.160316
29.12,344.99365
10.497,98.79917
9.933,22.696562
10.614,234.54337
8.557,34.41004
4212.8,2022.7473
235.66,330.8029
1.127,148.98006
70.2,64.53784
39.916,618.7815
30.58,159.26727
196.097,4.3913245
7.887,30.74861
31.263,47.983513
19.746,295.5147
361.853,890.5994
60.84,82.88106
0.16999999999999998,39.739876
8.37,35.949654
42.073,185.75436
40.07,79.052475
10.893,41.418594
11.06,20.21634
0.403,21.999926
52.907,587.2092
189.204,0.100339524
50.16,51.33359
109.717,135.64455
40.063,288.1081
0.47000000000000003,54.52217
0.8000000000000002,6.887201
29.373000000000005,132.87675
49.967,32.548603
81.47,516.01624
0.11,109.934906
39.0,52.1703
329.84,579.0978
200.336,80.51802
0.046,78.89135
19.55,50.26516
107.957,14.324908
18.763,119.7389
18.766,112.0794
19.733,51.932377
448.553,67.337494
12.143,220.47784
30.037,27.766924
9.333,84.07801
9.807,71.56809
39.913,117.84323
1871.233,1796.3799
30.14,91.03238
380.28,730.3101
19.62,495.12363
20.03,82.91073
29.113,56.30572
110.433,48.55246
13.907,34.47025
112.07000000000001,323.2546
1169.643,520.4564
4.27,200.6573
40.037,113.37127
101.214,135.31558
19.863,287.69864
0.234,32.53516
260.183,48.861
19.706,223.74916
39.244,3.5345378
118.87,73.190285
60.863,1.4649276
21.017,15.071401
90.183,204.89017
20.057,482.76962
19.756,27.7935
8.063,142.83807
58.677,159.15216
339.733,274.64938
29.803,982.42065
0.86,44.33523
31.967,144.77213
109.693,1.724764
81.71300000000001,0.30323932
45.63300000000001,504.5845
2591.35,764.8747
31.306999999999995,26.528158
9.823,210.61507
513.77,55.248707
18.166,77.60042
29.187,8.177283
19.81,44.064487
20.267,22.107918
60.31,181.56062
9.394,86.536
49.74,625.3382
0.09700000000000002,1.8025347
749.473,1678.7297
739.7529999999999,199.69438
429.8570000000001,1284.83
14.39,54.567657
0.063,42.8925
0.297,43.088436
21.057,6.0993137
50.25299999999999,51.12853
88.66300000000001,356.434
109.096,55.307648
0.65,79.97039
95.78,1270.7697
5902.587,92.768005
10.75,24.162191
11.887,24.376726
10.495999999999999,47.290844
10.75,42.08587
199.197,886.7963
20.113,97.33894
111.796,162.90317
0.703,0.15211982
10.087,152.27872
38.293,96.90893
18.443,173.886
19.91,23.42047
99.84,93.27209
119.96,71.01417
28.26,684.25757
229.163,83.0791
30.149999999999995,163.66089
10.446999999999997,64.29985
18.693,303.979
0.9070000000000001,34.66014
21.797000000000004,109.5189
30.373,117.267944
89.053,52.8875
30.277,3.4599445
10.193,151.92932
19.88,57.846413
19.376,454.35788
30.833,41.131958
38.917,187.52858
289.84,24.980726
39.92,49.806995
9.836,255.46404
9.267,24.211842
2470.08,1659.0825
298.86,71.31573
0.6,69.13135
59.567,461.90936
100.134,50.660336
9.1,42.623444
80.134,51.60202
0.42,17.364204
28.837,59.452183
40.01,154.68268
20.263,43.31428
0.893,47.524258
0.593,380.87006
18.533,151.15535
19.723,252.65459
30.074000000000005,79.60096
66.627,100.3794
19.56,682.96625
21.597,39.04071
30.16,23.772657
49.72,66.93619
12.502999999999998,300.50552
20.966,1.8025347
19.61,1394.8262
39.304,312.6424
49.957,1.281169
129.26,38.51735
9.967,38.484703
0.564,54.901337
27.527,53.684566
18.28,58.139187
90.44,109.76802
47.997,159.07318
279.117,177.80943
132.99,55.53117
20.756,38.69129
7299.713999999999,595.8547
0.156,83.66523
19.043,159.14188
149.154,73.90577
0.16999999999999998,27.44869
20.24,6.2262993
10.842999999999998,62.409504
0.234,48.926773
0.107,63.3403
19.916,47.88265
130.873,110.327866
20.144,202.48593
71.153,36.838287
110.317,47.272064
40.01,289.3555
1115.424,187.42125
240.34,23.339075
101.13599999999998,69.5563
160.157,123.313446
519.693,954.40216
301.98,434.05142
20.973,172.58333
0.033,101.8801
0.313,37.214386
29.84,177.05812
200.114,124.222244
17484.424,2216.98
69.803,632.7666
740.463,484.1075
289.687,60.780556
8660.36,667.13257
59.964,45.90087
9.897,300.77237
20.887,27.7935
30.543000000000003,97.60892
9.57,0.14320105
0.03,24.376726
49.917,24.504845
21.1,183.16309
1421.134,102.56725
1189.007,121.828415
60.86999999999999,707.42096
0.046,101.88006
0.343,30.975088
6070.713,642.7465
9.427,74.2999
0.05000000000000001,55.321636
40.277,164.62587
40.637,341.15207
7.896,25.190512
108.347,106.54655
9.95,683.6998
0.56,36.03795
10.874,91.29518
40.313,680.8504
19.733,87.45082
58.01,33.993362
350.03400000000005,256.868
0.657,462.24597
12915.673,187.85374
70.254,714.9105
230.14699999999996,103.03727
140.123,9.99375
10.186,108.35023
79.73,96.94138
9.55,26.332848
9.59,111.93601
100.327,56.852276
129.81,172.39911
10.07,292.9744
19.487,13.237345
30.297,534.45917
0.017,91.55378
10.194,205.07088
140.79,1129.048
31.127,49.28505
21.69,32.823727
140.024,258.304
1.063,97.31755
400.15000000000003,118.77663
161.13,53.180565
79.783,88.754395
120.273,38.798176
42.314,98.26914
8.804,133.18272
10.194,488.03873
10.12,356.434
20.756,364.80453
130.683,48.235813
20.33,249.35738
19.993,31.182552
39.737,45.65135
11.813,66.1171
0.0,53.53305
50.463,176.07068
28.483,29.44423
0.37399999999999994,31.470867
29.2,115.67154
50.147,64.55604
11.430000000000001,123.72257
9.963,27.06877
292.12,45.45603
369.763,728.4122
61.17,78.00942
29.420000000000005,65.00564
20.364,42.667465
59.336,1633.157
1629.9700000000003,1618.4442
80.173,992.8302
139.656,192.73216
58.707,970.6114
140.033,437.23358
119.66300000000001,16.67005
49.694,148.62189
41.07,12.74254
10.287,22.625652
13.82,81.10272
0.11,39.955273
60.17999999999999,24.531511
7180.266,1515.2345
20.0,55.007664
219.97999999999996,167.63928
20.04,39.916626
58.823,45.79627
560.113,320.41977
19.814,4.472924
100.94,28.293283
8.96,150.75294
28.717,42.8925
0.357,30.00658
39.15,62.8701
49.506,201.41322
120.01300000000002,1126.2673
19.48,38.99268
10.75,52.429478
9.697,136.4462
19.21,32.67901
159.02,151.9691
0.017,43.18806
9.23,39.083572
81.85999999999999,81.4448
2030.12,484.19464
10.436,93.47265
69.727,59.887283
99.88,38.659164
240.23699999999997,243.94807
9.746,75.77237
4471.01,2180.4773
2.303,28.88338
0.343,52.525246
18.66,262.53583
180.014,1273.5492
14.18,34.285686
2639.5,646.7268
1269.916,35.41948
18.69,90.268005
10.697000000000001,92.90537
20.373,66.34505
19.85,124.46218
10.436999999999998,33.041485
682.3599999999999,526.8533
13.726999999999999,4.122781
8.953,320.84735
6181.356,193.00607
79.987,398.01633
0.424,4.1984544
39.937,123.49327
220.233,622.76276
10.153,30.69119
19.103,361.09833
0.19,8.192774
8.883,40.14646
2.5639999999999996,34.838036
10.956,22.59506
0.36,5.566982
0.673,187.04707
0.233,24.697197
21.683,25.190512
402.046,459.80612
1009.157,98.73233
10.86,97.77003
131.1,108.59041
29.693,59.09569
11.013,82.45284
170.65,81.43488
123.823,2483.9932
20.267,190.48914
239.24,643.3234
19.287,40.63474
49.813,7.780273
60.273,131.6599
119.394,493.02344
681.527,2122.4763
100.17300000000002,520.3588
109.76,495.65512
8.53,2.4517386
13.56,133.48921
1189.56,3560.6506
135.104,65.056946
130.087,255.22469
9.763,55.83787
8.773,41.717354
670.5100000000001,3027.2996
29.904,132.59259
428.55,94.06142
50.624,38.889835
153.18,3.9756029
128.883,167.5895
9.084,51.748074
48.45000000000001,113.41276
38.73,474.5736
0.297,292.79163
95.98,82.318085
51.22,184.10558
81.056,683.6998
0.063,166.63998
1250.86,518.6856
279.723,96.87776
20.143,273.39938
29.31,126.705864
0.863,36.661686
29.593999999999998,297.8765
318.723,556.17395
571.013,1510.1926
21.037,346.60333
350.143,1221.238
100.046,2.7875137
21.343,137.11908
20.007,396.8865
49.103,6.686876
0.343,422.65585
60.257,128.78488
70.113,769.70325
30.234,35.373863
49.39,111.40009
0.236,34.05717
8.627,20.0336
60.137,492.2001
49.596000000000004,290.23166
160.06,42.735504
18.75,51.92792
9.457,66.26235
20.417,496.76767
9.597,18.405651
20.689999999999998,61.124428
11.196,662.33746
10.15,34.90567
50.017,2.1922534
10.05,107.93301
19.094,43.848984
19.937,48.57988
100.01300000000002,92.6438
1.25,67.18472
31.923,93.211296
300.026,141.09752
10.384,210.94063
0.33,108.15953
30.986000000000004,153.8269
40.24,33.223377
460.104,1427.0692
99.923,219.06602
0.093,82.66446
1.9230000000000003,103.02041
110.253,6.160864
50.98,64.20214
11.407,87.10385
10.716,62.538647
19.787,252.94989
18.1,69.08842
19.68,17.454487
0.25,33.328888
30.183,24.149967
20.323,9.346382
1584.5499999999997,460.78635
0.033,21.999926
18.88,120.562706
19.86,31.936518
102.027,171.52473
9.726,106.404236
20.48,25.47471
39.607,639.0393
1691.133,377.6818
450.034,29.46334
220.29,355.00342
169.64999999999998,146.96335
30.813,100.082016
30.39,64.94533
1559.976,854.0986
60.043,84.45839
10.350000000000001,67.08727
299.023,32.901108
19.797,395.37283
20.204,3.4206722
40.604,482.6568
11.093000000000002,41.936
10.433,357.5517
140.28,570.91516
30.507,61.5002
78.0,173.7024
78.89,175.23361
0.25,61.689472
28.919999999999998,398.25742
0.373,26.84304
10.123,85.37384
0.64,133.60506
75.437,287.04657
29.876000000000005,28.993954
59.246,25.547623
21.174,339.8526
19.513,1.6446109
0.18699999999999997,450.51056
9881.407,835.43085
202.133,33.541573
6509.873,805.57294
10.517,50.730106
561.617,397.44943
19.67,38.245747
1149.85,399.31146
8.59,52.40985
30.417,65.31288
271.113,639.1101
1.173,90.22345
0.06,546.647
11.913000000000002,78.10076
9.053,23.331406
170.97,448.80765
2588.807,2773.4507
29.937,189.41066
0.03,10.239097
7.452999999999999,20.21634
0.987,21.259209
10.83,21.17328
0.22,121.856155
18.513,141.4073
0.37399999999999994,64.027054
230.09,34.372536
79.513,94.34224
19.114,458.89032
60.2,36.54011
39.97,96.00705
0.093,109.870186
199.877,37.148155
59.873,37.062065
79.7,51.663
49.58,457.1587
8.56,31.049911
59.124,58.45742
10.796000000000001,35.86396
209.883,178.4817
0.25,28.759777
9.923,843.0768
19.65,39.79868
0.25,13.510586
49.72,218.28995
3580.063,798.7452
4.967,50.499557
28.84,19.613098
5641.377,2798.0896
20.635999999999996,109.26927
10.137,88.997635
37.126,113.89528
1824.527,961.86676
30.024,24.064182
81.07,20.126776
16.896,512.1608
9.63,32.117176
69.87,122.1697
7495.729999999999,1268.2162
0.263,92.75202
1.42,69.79537
259.536,450.48907
11.497000000000002,32.338654
3840.294,1841.5635
19.88,119.81645
109.773,50.599518
11.624,43.025227
28.64,138.23412
1.463,163.66089
88.647,153.25676
0.063,33.37615
20.096,58.436157
109.177,106.94202
0.8000000000000002,120.82909
108.667,69.706345
21.134,41.440487
60.577,21.354307
230.30999999999997,148.13313
15269.969999999998,3175.7004
79.693,240.50964
48.846,216.82478
20.56,23.924986
279.607,87.87203
579.5,63.817516
8.797,178.289
169.8,49.251266
69.67,50.93118
39.916,466.52402
65.626,31.999084
58.914,67.40381
48.952999999999996,87.40273
19.84,36.98659
59.89,464.2534
30.28,44.299416
1285.96,2657.2073
0.05000000000000001,31.9726
10.077,2.646453
19.63,93.0009
121.25,144.45457
8.503,74.96582
28.234,87.95942
17.857,11.717959
9.6,30.420807
10.453,58.763927
9.73,113.40687
2.343,49.888622
10.717,28.942812
60.383,0.30407888
1563.293,2599.4685
8.913,31.652653
1.3599999999999999,38.927757
9.334,857.9997
328.9669999999999,340.5569
599.82,237.82771
20.883,144.90819
109.684,621.52405
220.383,638.8314
120.07,138.54114
9.443,504.21338
40.123,46.467525
9.873,284.6544
19.953,157.87949
31.140000000000004,66.446785
100.437,533.1927
19.414,87.64565
22.63,588.9049
207.733,45.397457
11.81,30.913599
50.513,110.47035
100.637,1695.4572
0.877,52.93129
440.053,614.53687
19.954,190.30824
129.92,74.19907
990.396,528.2435
520.074,514.3408
0.956,663.41406
20.977,130.37639
1840.03,646.2749
270.1,6980.2197
70.16,111.547134
1.003,88.376755
100.207,411.06342
1.25,42.188545
131.23,215.37825
18.823,61.749184
10.023,59.192375
19.813,47.63773
99.09,68.478325
50.11,69.34635
19.6,39.911514
10.837,41.704796
24.42,184.87372
22.647,83.1895
1.03,51.6994
9.426,40.47853
0.64,18.211761
19.893,1132.032
11.907,41.005424
0.21699999999999997,21.154709
29.86,8.242082
10.044,387.00815
18.817,174.67538
80.007,65.35126
58.19,380.9089
0.21699999999999997,173.27039
110.03,126.88872
391.773,98.842995
10.25,45.11026
19.994,283.2906
171.73,73.2351
20.04,62.98941
30.25,4.3353376
99.74,21.49351
1.9230000000000003,109.934906
10.572999999999999,32.8499
10.106,92.33972
19.567,706.2636
20.93,214.37802
12.013,41.47486
10.47,111.05689
9.653,7.271783
19.034,18.11558
10.503,72.49771
160.11,606.52545
20.116,64.82649
110.55,0.13169675
79.337,51.13247
9.773,119.58397
0.42,40.447426
19.247,147.4489
31.01,115.91915
19.563,437.4692
1610.473,3833.3252
19.227,41.72153
151.703,201.39583
17.634,71.25359
39.107,437.4692
39.85,39.929295
18.88,810.5162
19.153,27.961147
280.45,313.9209
70.01,53.341427
100.477,204.48001
19.24,64.21548
20.057,162.90317
842.7540000000001,636.2335
8.326,3.6860442
22.183,45.0103
120.126,601.94366
28.930000000000003,122.44585
9.527,64.58967
19.564,125.1786
39.85,31.50683
19.557,56.167515
11.723,18.11558
149.787,387.98856
320.09,83.9734
17.697,107.10558
49.793,205.94943
90.05599999999998,80.258736
39.76,502.831
20.617,97.9139
10.126,5.749749
29.167,22.455278
11.517000000000001,32.00847
20.626,237.41325
150.393,607.759
9.477,77.53086
21.68,122.955124
28.513,3.1705039
61.145999999999994,113.637924
0.567,75.80735
10.876,64.62863
19.99,78.89138
1.35,75.86864
10.337,99.32399
19.75,82.87812
9.35,136.69513
60.956,681.4739
19.487,68.32844
29.727,2.9419842
0.16,110.25963
39.337,42.5918
20.52,111.47385
69.777,91.75738
8.673,21.892466
150.34,288.79904
39.877,55.692398
109.967,54.76096
64.033,86.309326
19.103,221.6343
9.897,59.29589
20.3,58.765137
110.357,66.441925
0.19,155.04492
19.343,278.6499
8.65,1.9690151
8.97,355.49347
40.95,69.76707
20.233,577.0081
159.806,97.69973
9.477,42.298187
200.09999999999997,73.53292
69.0,105.77372
0.233,119.88253
150.65,129.40126
20.103,236.8095
9.76,72.24778
9.883,67.94361
9.97,30.235474
0.11,105.62436
82.073,44.81396
54.473,447.10947
166.107,509.13818
18.993,3.8748608
20.003,193.94052
10.11,42.28255
8.377,26.318008
69.92,88.1179
19.886,60.924294
0.283,62.755978
519.87,551.23584
20.143,37.39745
507.49,1385.9592
38.877,68.979774
80.683,135.41577
39.25,31.685125
40.976,130.17915
39.794,13.906065
17.913,29.546825
160.837,79.06899
101.23300000000002,20.015343
9.317,35.973106
150.13,120.133484
10.320000000000002,189.4095
49.417,156.50162
139.09,253.67842
10.572999999999999,27.75478
4.17,51.082615
37.94,134.35622
99.853,159.1177
19.687,87.948494
152.316,59.932667
21.046,153.08685
38.763,52.989292
111.12000000000002,93.05623
90.306,126.05848
0.14,51.92792
19.727,72.961685
30.377,201.63759
30.650000000000002,42.092434
9.4,157.64395
9.213,88.54879
0.566,31.54278
8.156,22.87888
2419.873,4151.2627
0.67,311.31995
2.017,242.89511
371.013,34.74529
80.95,36.41672
46.717,465.04993
28.952999999999996,166.13115
57.367,170.53935
29.99,367.2318
25.2,646.5335
20.19,705.57074
30.926,93.74417
300.09,50.37441
38.996,155.51984
79.503,3.0487854
0.937,19.68226
12.046,40.772076
1.047,498.02167
640.17,1130.7087
9.65,130.8649
9.627,97.52175
238.3,1207.0059
301.474,65.982735
18.687,58.70727
171.174,475.71432
0.33999999999999997,7.6563134
57.357000000000006,96.96536
1389.744,1890.7006
570.9,439.64987
10.936,63.724125
9.783,20.023178
1049.054,71.48829
30.16,81.861534
18.853,406.5803
370.697,230.51866
1.147,41.366104
3020.554,2661.623
9.95,30.894445
89.867,555.7806
0.017,175.55193
461.506,73.84111
0.437,143.3159
239.827,21.545895
40.553,141.24594
18.19,182.31744
20.537,246.6633
39.027,358.44955
4.437,4.0659
9.984,140.1824
39.5,519.9697
650.444,440.2742
10.964,42.29954
39.71,510.56165
79.616,211.13818
3.407,77.22181
10.517,91.29522
9.93,34.80044
0.204,105.07943
130.233,62.68149
19.986,70.98661
0.157,28.682804
18.686,53.684566
0.106,21.729807
39.783,3.4587867
169.85,873.3219
16.463,52.609867
19.653,35.40578
43.143,84.690186
88.157,53.98877
5801.564,581.26886
19.903,22.91061
38.043,40.567715
29.71,573.3759
542.003,1172.9525
289.443,1330.1333
9.97,37.80393
319.83,328.47705
19974.787,1906.1051
29.924,71.95068
30.874,48.24636
29.876000000000005,85.83896
20.373,88.718575
19.803,30.892384
8.653,41.704796
19.377,808.0466
119.63600000000001,33.05459
9.91,361.30777
0.424,30.868383
19.847,49.133698
1223.883,608.0686
10.330000000000002,42.987175
40.44,8.675941
138.883,533.2906
131.083,53.710964
108.946,8.265486
559.593,181.67067
250.48700000000002,1097.3817
33.94,105.4083
0.156,95.14848
776.3300000000002,627.1361
9.916,38.825783
9.023,110.46474
30.093,70.38238
179.293,101.74584
1.2859999999999998,92.223816
19.497,171.31876
30.563000000000002,43.323463
18.403,61.80187
10.884,414.36182
20.187,67.4218
50.36699999999999,4.7223845
20.75,167.01784
19.783,120.34256
10.483999999999998,82.76453
19.51,195.51537
589.41,9.841784
21.657,123.13927
9.963,57.451645
40.34,41.366104
130.283,244.81772
14.06,159.14188
0.657,662.5402
20.083,822.51544
244.754,559.97723
99.91,542.6622
0.11,616.63776
29.803,1.191675
590.337,34.74956
62.436,53.926422
488.957,70.01336
10.874,1.6028516
11.236999999999998,62.63398
1882.796,1807.3091
58.94,78.94505
18.85,32.607025
79.787,667.89044
100.63,23.841526
129.613,63.10062
20.83,62.453373
21.759999999999998,166.16455
60.753,108.13833
19.187,245.32993
131.013,75.756424
8.9,584.76465
160.3,24.990562
19.053,20.671257
0.11,1501.7682
1.14,178.91925
18.94,120.924034
38.8,38.0626
10.087,4.918128
9.107,71.92592
595.16,1028.9589
1056.144,610.614
19.913,305.107
70.704,164.97743
49.98,19.301132
9.827,123.69404
30.089999999999996,4.8199153
10.137,80.64353
18.613,31.54278
8.98,9.654324
9.617,31.615301
50.076,500.07104
41.083,126.55868
9.823,74.93069
0.237,42.59369
549.56,4497.889
9.737,73.90746
10.274,70.906815
20.354,3.108166
19.543,665.86835
18.71,278.55856
20.254,449.68872
159.367,97.32908
10.83,70.829056
9.76,28.24254
130.604,111.877266
31.053000000000004,23.695213
0.093,58.603203
68.513,142.73398
40.809999999999995,82.920715
9.257,132.58322
300.83,808.80206
10.793,145.14574
10.51,276.7905
95.923,187.18571
29.956000000000003,102.7976
12.956,136.95184
10.786000000000001,40.666553
9.27,40.59323
300.253,138.23412
0.44,93.20865
18.573,346.449
10.370000000000001,59.452183
8.43,222.16113
49.35,51.616028
20.073,20.499245
1.267,31.361681
30.124,135.17342
340.367,285.2179
129.68,262.34097
309.393,70.621
56.45,60.102814
15257.237,1598.3982
1470.144,64.05647
140.547,397.94736
9.947,22.06634
1.6269999999999998,92.25946
29.66,237.91261
20.087,75.94367
19.083,14.375446
120.157,264.9529
180.48999999999998,610.0514
69.697,550.25134
1573.947,2636.096
9.04,29.546825
39.63,27.564995
39.923,462.0222
0.483,30.759897
289.197,48.280098
19.786,2002.1819
20.57,42.231228
29.606,17.642242
1.113,62.58797
199.77,299.44162
209.55000000000004,107.30447
10.63,34.91204
29.17,118.20221
12238.764,3529.9927
3390.567,2566.071
10.493,69.85005
1710.8630000000003,273.6525
89.99000000000001,4082.7473
340.25,253.32445
223.87700000000004,43.81079
19.853,36.513317
60.024,516.6085
30.35,20.057695
39.6,465.4079
765.11,302.74274
17.997,186.75963
19.317,65.68008
0.25,3.7170894
50.16700000000001,339.01022
11.547,23.676676
50.733,621.54913
29.69,59.29589
1210.09,67.87453
111.107,895.17206
290.277,682.39185
29.006999999999998,33.71275
889.1140000000001,869.2924
9.613,48.7979
78.356,47.085964
0.36,33.61374
136.46,87.24391
100.233,132.98447
7.926,1.7765254
40.09,90.0166
2265.097,692.0135
189.867,145.82686
88.41999999999999,160.20279
40.963,93.77697
19.98,112.66486
62.517,50.328945
19.753,510.00745
150.24,918.8596
10.977,202.29617
19.197,137.06673
9.844,1112.8909
28.85,21.920568
47.877,61.487846
60.44,419.90823
0.38,66.88936
58.93,31.293049
0.06,29.337233
198.7,31.323994
0.253,28.729946
10.11,92.75202
1688.217,335.46802
0.11,72.69448
974.273,1036.1145
87.90000000000002,8.520816
19.153,46.53942
130.767,288.63992
1.11,127.353745
79.64,56.738605
19.477,152.95528
10.717,159.85004
0.237,34.78585
11.0,94.22513
110.654,144.4086
9.897,43.160004
291.6,369.61148
40.26,47.55895
10.23,130.08841
19.174,846.0575
120.05,919.85657
655.357,1354.0514
9.437,23.56101
19.877,73.23182
20.064,310.1482
10.344,34.211147
0.757,181.65471
0.063,113.73399
49.596000000000004,175.61885
59.99,29.685114
9.76,31.798588
19.484,4.5307055
9.593,135.96796
260.204,633.3057
61.857000000000006,135.07329
19.557,22.59506
21.323999999999998,376.61557
359.99,4562.208
78.317,36.427563
60.11,165.08272
18.847,32.745827
89.827,2577.9067
10.343,19.998436
1.44,137.85564
70.1,545.7043
110.7,19.764156
4678.343,2571.7405
189.55,120.24037
19.106,61.124428
0.126,103.78885
10.453,241.18648
181.15,651.1312
9.613,49.133698
129.56,168.56253
19.917,124.915886
19.617,41.765793
0.364,62.944973
110.1,54.844112
48.887,297.2243
149.466,3336.055
38.92,24.96404
229.62,77.65054
19.616,17.190948
20.887,186.37108
18.69,30.472597
1.11,71.700676
3788.676,495.1153
20.593000000000004,6.721003
89.193,79.940475
1780.283,74.13168
25.047,0.003163414
20.0,537.5631
51.007,828.63477
0.6999999999999998,23.979696
19.34,12.51494
19.527,499.57162
19.96,110.69927
40.517,77.90022
10.18,3.7170894
9.493,129.33232
171.573,39.226994
140.96,6.3280663
49.937,2.1157622
39.1,15.57297
10.79,20.142628
19.997,65.65697
0.14,468.3041
20.103,76.5579
871.1899999999999,417.81247
39.0,613.8404
44.00300000000001,617.1203
2.927,88.39595
8.634,125.4752
0.44,104.02154
128.533,102.53145
20.047,44.820896
0.63,37.952457
14.016,528.9008
279.207,476.913
919.9439999999998,291.05325
20.28,20.100115
29.75,141.77475
19.98,63.904503
270.833,142.8091
9.594,152.22461
19.994,50.744026
0.017,99.422844
7880.799999999999,842.98773
59.653,79.42647
48.976,62.401943
19.737,50.324635
20.76,1921.8428
49.94,508.57544
60.413,93.70129
76.08,321.95737
1210.037,553.9149
20.083,2.1293378
39.15,54.454082
19.813,51.722866
40.483,46.601887
80.57,102.52779
15.26,64.675644
19.837,73.04355
70.377,669.14636
0.457,128.6542
29.29,40.94257
89.806,59.46274
739.7300000000001,842.9545
0.123,29.732265
20.753,68.16112
18.966,5.6060014
18.707,138.8
239.97300000000004,7.9167075
10.27,91.55378
19.586,8.616216
108.754,0.1068317
9.946,33.75129
30.876,68.4784
58.897,33.937256
1380.0570000000002,23.107832
9.683,33.37615
0.514,31.516394
0.28,20.134115
22.017,684.81555
0.106,41.64178
29.500000000000004,93.09018
60.063,211.85388
10.094,3.6504943
0.016,12.838044
319.79,638.0949
20.740000000000002,88.890526
20.8,88.01757
34.327,75.15618
8.87,27.581678
130.343,4.53604
279.797,312.44186
8.103,133.79665
60.537,50.837082
10.46,158.35616
1140.6,139.8086
39.923,416.3406
8.546,188.68604
31.387,4.8487034
25162.729999999996,903.1849
12.853,195.59927
0.08,63.493866
40.98,140.92854
0.343,99.04737
10.05,66.64635
309.083,885.71216
13.81,19.690874
0.08,50.838078
120.504,0.86263967
19.594,21.25859
11.02,119.11966
10.187,219.52599
219.57699999999997,565.1155
10.87,43.463852
60.15299999999999,42.86037
138.12,741.451
18.99,0.0029995192
19.894,130.50084
49.003,112.45392
20.077,240.31886
40.403,62.355385
59.66299999999999,115.52154
40.226,183.16356
28.944,131.35744
19.393,53.381977
288.82,1481.6334
20.38,59.179802
30.297,53.221004
20.39,171.97493
50.49,1281.4579
2.973,94.22513
28.667,88.376755
19.743,45.60777
0.663,31.179352
2312.927,428.3032
10.113,79.95169
8.487,93.56079
70.263,232.31807
0.16999999999999998,49.465374
1359.1899999999998,49.63446
28.653,49.948368
60.42,14.554315
9.383,158.3187
50.377,78.17778
11.150000000000002,88.24894
89.917,686.492
40.077,272.47763
0.86,93.70129
281.54,58.080635
40.02,469.71533
39.087,80.863205
198.88,175.58276
10.487,72.571075
30.78,517.315
278.293,204.59105
20.45,105.71619
41.21300000000001,37.20421
11.007,97.77003
18.98,355.3129
0.08,138.85667
99.94299999999998,165.55757
909.96,171.23978
217.94,147.45372
49.629999999999995,272.15396
150.064,279.87735
18.947,125.85119
110.08,546.647
139.843,551.6286
19.63,3.0946267
329.37,925.8049
30.163,54.515625
51.21300000000001,73.63336
20.126,51.542946
21.07,168.34828
38.783,167.18059
39.96,169.2586
60.047,63.3403
0.204,50.349277
10.206,159.47394
20.46,456.4607
49.72299999999999,31.750624
19.407,13.57245
10.08,35.67878
39.706,93.19056
89.507,33.81498
538.683,1633.4233
9.63,557.31586
11.88,90.68433
1312.607,200.84572
0.174,61.00841
119.574,1878.4025
49.756,58.491882
2069.937,993.72327
20.173,548.4528
169.103,137.57204
58.77300000000001,3.3684373
29.559999999999995,17.52056
131.363,170.12637
7.872999999999999,17.272512
9.316,113.95514
1669.46,476.07278
9.534,135.52573
0.08,26.58726
18.29,63.5451
79.82,13.191021
90.937,81.77447
9.63,39.343063
4584.7,5821.384
1.127,121.80033
289.74,119.818375
50.29,20.71782
9.76,42.007458
19.646,37.87602
20.087,39.578865
196.51,615.47
33722.313,147.59216
48.974,506.09055
20.86,30.323683
180.117,238.17036
19.853,4.472924
80.117,3223.3213
299.747,3841.4573
3827.373,4.4504824
170.10699999999997,52.8213
1119.746,1642.2026
219.077,110.53642
0.517,52.341618
58.124,181.88918
10.224,2031.506
0.03,24.387205
52.913,75.5866
10.087,133.52576
19.757,81.89345
19.793,74.35014
19.683,52.188633
20.153,126.062195
0.18699999999999997,3.2810109
49.907,355.0556
28.36,80.83584
121.44,61.879456
10.813000000000002,142.05328
60.27,420.24094
149.796,588.1563
150.12,92.16635
11.157,56.247005
19.83,59.13079
7.89,162.908
9.39,227.82826
10.753,56.96668
0.373,197.5043
20.46,87.724396
209.583,85.87471
7.697000000000001,33.076122
0.05000000000000001,225.04175
1464.2659999999998,679.55096
21.803,206.02753
139.6,46.11035
0.83,0.047414046
9.62,186.6748
49.17999999999999,62.71001
31836.339999999997,848.82135
348.967,63.601974
9.44,4.174048
2820.343,243.97281
26.053,61.80193
0.093,50.9479
19.94,23.90815
19.223,26.293528
30.327,155.87048
9.827,68.979774
539.91,515.4329
10.01,407.9841
0.313,111.0401
9.84,497.58075
18.534,51.157288
19.44,30.29561
43.047,49.967464
71.333,145.53542
4.824,64.29985
53.303,610.47485
58.78,25.050535
429.263,1855.3549
0.22,56.96668
10.303,6.55968
169.986,129.62608
64.48,169.94264
20.183,119.86772
2550.374,4066.3933
149.654,169.0374
19.027,78.36334
328.16,102.728096
17.364,358.37427
0.377,299.0858
151.99,72.95974
9.987,33.481762
19.963,55.866203
29.883,43.236668
19.926,38.911533
0.89,326.79794
8.957,53.929745
39.793,453.10236
1.066,106.94202
18.95,97.92102
0.11,20.24619
30.273,76.8392
80.42,51.743984
9.777,100.38183
399.734,1172.7051
19.724,13.972137
80.973,27.185135
18.547,193.3364
8.88,121.50835
9.966,42.62133
89.206,132.08228
180.063,767.2726
10.027,115.55933
0.483,30.856298
220.987,494.9149
260.94,50.036842
49.91,384.58145
10.919999999999998,36.099895
10.644,228.58133
32.227,22.65588
19.897,16.254618
29.826,641.0957
10.237,1.9495368
10.133,82.486435
19.867,285.2588
19.634,124.12461
1.0,4.4287724
19.017,43.287952
18.947,136.46431
78.62,134.35866
61.31,83.092224
38.73,89.36277
18.73,421.2023
11.314,56.008995
9.006,24.270477
129.93,1255.7095
491.93300000000005,596.84155
10.217,947.1607
59.887,236.75253
610.187,197.24428
80.62,26.868773
10.064,158.36575
5520.31,1153.0905
4.24,34.534863
11.729999999999999,291.158
12716.634,6703.5195
189.243,231.74586
29.386000000000003,15.631601
19.567,43.848984
0.034,40.12157
9.094,207.72986
0.153,1195.5006
0.19,65.0465
650.27,416.5938
0.42300000000000004,41.182114
0.267,30.5988
19.393,1097.3817
10.126,74.43484
19.676,35.78985
13.507,30.844389
21.027,92.29568
549.827,134.35597
9.034,31.454468
29.717,78.89135
9.13,75.33045
49.86,33.36624
160.436,562.2242
0.716,86.14747
51.114,1202.3425
18.127,35.86396
41.287,576.13354
10.174000000000001,39.916626
271.007,1138.2333
100.613,130.04323
19.78,75.76493
106.844,603.3912
510.074,63.708984
9.604,409.96506
449.733,76.780556
199.99699999999999,2555.225
59.493,176.41182
30.057,270.036
649.467,447.6433
109.84299999999999,158.39362
19.203,43.94961
29.077,28.425133
160.267,24.118767
129.913,187.31406
60.634,2489.9023
2449.737,5030.611
369.80299999999994,279.27338
19.954,27.928976
8.71,134.56808
19.314,112.90037
49.977,117.96213
9.783,113.95508
0.063,140.05104
9.967,68.16112
0.83,107.0772
119.79,70.11411
30.054,98.53409
49.44,56.918247
129.83,307.93793
89.39,100.35069
0.21699999999999997,28.144335
139.917,2451.1118
1.063,35.380215
9.393,446.60275
19.594,52.027206
49.944,89.62427
60.364,55.271393
249.88,571.066
50.634,94.45556
100.34,162.72662
0.8000000000000002,216.83856
11.325999999999999,49.68099
100.267,50.507256
0.897,184.4879
19.847,44.43311
29.98,368.24927
0.266,31.895517
372.463,135.00697
2340.966,380.35522
20.206,33.448086
20.602999999999998,130.60876
20.137,668.27325
49.537,274.43036
810.897,213.8972
19.857,243.30571
18.87,31.737375
0.127,23.56101
2054.786,1242.8214
20.24,147.02292
466.36,1038.6027
19.31,27.928976
55.283,1731.7874
20.1,108.85198
141.12,812.2296
200.603,500.90656
49.74,963.52545
59.957,126.59163
178.62,198.52637
149.72,43.335255
19.563,13.847064
249.637,898.17926
60.160000000000004,14.999897
8.953,23.676676
250.00600000000003,457.1546
39.24,9.013448
0.077,67.5669
40.284,55.94242
28.977000000000004,38.69129
2.457,22.089571
24.515999999999995,30.66382
0.36,2.227172
461.43000000000006,593.9288
9.59,11.05622
120.343,63.235737
200.04999999999998,267.41006
20.662999999999997,45.11028
65.933,65.31089
2146.026,257.80664
241.28600000000003,2314.2937
369.904,102.40176
90.18999999999998,1394.8262
28.88,33.56394
9.324,102.19165
190.514,60.093407
0.237,36.187756
39.47,1.8195841
28.594,51.667625
39.777,588.85815
119.75599999999999,531.88086
1862.703,1136.2275
4067.9369999999994,3192.9639
40.02,3.4762888
120.543,444.45105
19.437,177.03539
1.0,58.171833
19.56,130.81975
238.693,197.17549
180.17,22.92149
0.22,24.62005
19.526,459.40475
7.907,29.519516
19.846,49.32531
8.14,56.07801
30.577000000000005,83.199394
19.203,182.21031
59.846,37.242886
4235.877,2034.6542
10.253,36.599503
104.15,62.52608
19.69,63.197308
58.967,1.5947922
2646.46,962.52234
19.886,55.648975
20.640000000000004,176.75734
9.06,3.3957446
30.89,111.821785
9.743,92.25946
10.176,198.80003
9.637,58.763927
79.887,644.48047
135.14,659.4089
37.994,11.087391
58.646,30.202414
8.983,4.1850038
9.46,74.175095
19.787,121.50287
1.017,47.166878
20.93,23.5818
73.827,1602.648
40.08,205.59944
70.473,68.819374
20.187,265.42416
29.843,39.160316
18.673,36.885967
1.52,3.7958536
40.02,82.07443
29.87,1.7205484
40.436,135.34395
20.463,32.144352
10.144,142.43045
70.554,38.66207
29.603,939.70105
28.026,134.32353
7.76,212.86572
50.057,119.51076
9.41,41.9229
60.843,351.50192
10.024,117.97638
8.823,294.1092
26040.193,514.99835
50.773,26.354727
0.47000000000000003,74.85943
959.2900000000001,106.10274
20.533,86.07826
9.654,33.341705
3489.914,675.4379
9.85,88.02738
639.787,870.3362
309.494,506.07788
219.943,273.05145
5.35,35.562107
9.576,35.86178
0.893,20.006891
40.237,759.2227
8.593,59.078114
10.743,266.44247
10.163,30.28252
81.28,96.01747
8.967,42.79087
10.13,22.696562
59.873,50.84754
10.05,77.82585
79.45,90.18615
59.043,45.65381
9.257,121.1984
30.203999999999997,68.47956
19.847,111.161995
49.527,40.82412
430.15,92.65491
9.167,91.76184
30.887,55.536175
2026.9800000000002,1724.917
20.26,175.89655
29.676,146.28824
1182.437,952.70807
3301.263,946.8229
29.99,96.15789
0.47000000000000003,41.053463
79.857,247.80035
7.756,152.63458
0.923,41.429287
19.043,53.340054
5552.0,1459.2013
0.21699999999999997,51.83677
508.917,360.88397
18.79,78.98858
642.093,300.54852
169.9,156.96703
57.587,53.12213
38.607,84.290115
20.013,508.94644
9.67,168.06897
268.52,891.0013
130.567,1669.7172
30.28,320.01324
277.0,32.10128
125.72,138.42096
69.863,223.81029
9.763,373.14468
0.157,19.202057
59.483,106.80774
1049.864,485.29904
72.057,1973.4854
23.423000000000002,81.60186
130.337,202.83705
9.467,131.19545
11.204,69.34529
19999.707,118.20136
139.793,256.2109
30.806,27.928976
14.497,1181.7473
31.3,169.07353
30.893,418.10974
40.19,454.84412
51.25,138.48233
0.204,38.825783
150.066,501.7341
18.604,300.50552
19.6,117.467384
19.147,207.67418
110.45,96.4206
319.694,1190.3201
150.02,62.755978
128.69,215.67628
99.23,971.8351
1.173,50.220406
1534.897,144.09793
108.82300000000001,54.681637
1759.95,431.8447
20.213,81.646484
19.523,94.091675
0.267,422.65585
29.907,23.12018
39.01,672.114
10.023,89.7265
74.0,70.41076
162.0,1034.7819
4.8,297.8765
60.8,53.65645
867.957,241.428
0.936,98.33905
19.464,62.90102
9.623,58.139187
19.757,229.86832
101.127,121.10762
9.88,446.60275
10.297,355.49347
30.407,713.2735
401.007,115.17451
0.04700000000000001,46.467525
68.68,57.06013
40.64,20.787714
60.160000000000004,7.712968
30.216999999999995,287.24966
10.133,201.07092
119.24,227.4435
11.323,131.51518
69.6,64.03872
390.78,140.19374
50.016,10.761276
10.187,241.18648
160.34,175.40514
109.94,619.6862
29.297,866.1315
11.053,31.356243
79.65,16.659094
0.11,126.61577
824.67,578.0699
150.033,498.87848
9.99,21.419498
20.243,156.13321
109.766,239.00018
50.397,190.49057
490.464,642.9922
10.044,84.282295
10.57,13.124899
60.23,35.92931
119.88999999999999,141.2419
50.324,439.67953
80.71,580.5541
21.137,120.562706
219.42,64.67127
603.1,538.7114
20.057,82.21994
260.303,125.237526
20.217,150.79622
8.683,38.654884
1.3470000000000002,30.795591
20.157,10.334754
18.617,103.525085
40.457,99.05179
8.747,53.693085
20.557,62.849564
72.24,92.3195
1.46,49.263416
330.337,453.1964
0.783,179.73183
0.076,639.0393
9.533,249.35738
5.703,36.498425
10.677000000000001,36.52347
619.316,451.43408
79.893,153.68578
210.08,154.5092
43.344,552.9346
8.917,22.089571
21.444,133.53502
58.44,75.09468
30.343,119.11161
0.906,143.85013
169.926,1303.1261
200.166,90.990204
64.514,61.279808
288.757,45.33312
19.58,134.56808
192.10999999999999,933.4667
180.22299999999998,624.46387
39.904,22.414265
8.83,61.690643
120.1,70.26206
59.987,71.956566
630.037,687.5106
19.25,122.16965
1240.174,182.39926
21.053,90.45082
9.37,89.82166
7.062999999999999,38.911533
7809.82,4398.764
1090.61,963.14233
81.22,104.530556
20.313,53.6028
19.077,359.19125
6816.65,1060.1727
420.174,554.8554
19.92,169.49721
40.910000000000004,34.365837
155.834,724.82043
80.14,204.93053
19.347,92.595505
119.243,136.0024
188.483,526.346
31.796,25.897528
8.91,20.083128
9.8,83.234116
1984.367,1460.9307
50.233000000000004,14.549466
0.437,57.614258
10.320000000000002,28.498737
9.764,143.39505
19.897,8.91882
30.813,66.66771
41.49,30.105114
10.97,90.865814
149.137,544.7913
39.863,129.46289
20.720000000000002,27.107351
18.66,41.196552
20.097,52.143272
2489.89,1441.9496
150.543,116.5146
10.277,94.13615
7.8469999999999995,20.091621
10.23,311.31995
80.4,168.64267
10.555999999999997,298.33206
91.62700000000001,86.33283
39.943,39.359222
29.95,63.41067
0.153,22.991163
583.52,4028.7039
20.506,108.632355
371.373,36.03795
59.28,367.98843
181.187,648.0514
0.627,32.833923
170.037,23.871063
160.517,246.35222
169.88999999999996,536.6565
130.743,94.573364
82.263,54.74404
8.437,93.20865
1326.703,549.0387
19.553,5.508206
19.063,132.26692
29.747,544.77594
180.117,73.90746
559.86,441.27844
30.257,146.84865
259.96,0.62288344
49.45000000000001,53.94003
1.38,1.9190222
1120.117,1088.3444
30.206,125.08437
18.684,81.11817
6572.994,93.562744
88.924,72.10513
39.25,20.643047
19.25,369.16208
159.863,62.224174
99.91699999999999,124.417046
160.47,207.80542
609.07,66.68314
100.477,87.48233
18.13,109.934906
279.69,1123.9146
70.073,111.259254
290.887,941.95667
39.82,1587.3512
380.316,658.97046
8.964,204.56737
89.09,70.13016
40.05,41.89279
100.37,63.131176
130.064,105.78005
40.15,265.42416
59.317,2433.7456
17.93,86.3876
0.63,2.680902
2903.32,834.9139
0.173,38.740223
51.847,117.56182
1.25,21.96896
39.474,5.027959
11.577,124.544464
20.36,406.49533
10.074,81.15577
11.163,516.9889
30.83,235.07275
39.493,33.298363
10.61,20.083128
11.127,62.375366
0.017,35.061264
1.96,320.84735
170.087,348.8656
80.41,355.039
19.57,41.621082
139.507,712.94684
119.96999999999998,653.3439
10.956,9.674181
9.544,88.376755
39.89,773.8693
0.927,34.616875
0.58,4.568379
399.893,203.78954
18.767,86.3876
9.764,24.786558
149.267,167.65018
21.15,55.25013
16.75,49.135345
10.253,199.30965
50.047,113.27686
30.993,81.33456
19.547,296.67715
19.406,38.177444
20.19,42.71945
26.347,4.419597
11.617,67.416405
0.97,42.19972
1.157,39.09804
417.626,1303.5663
209.72,207.99582
18.33,92.73931
20.024,45.346043
19.84,43.111435
29.74,162.76051
261.243,956.81396
29.8,98.39445
10.17,133.79665
19.343,34.66014
21.033,76.06321
10.683,256.6687
9.843,41.9105
0.267,426.60062
7.347,37.87602
19.71,8.487442
89.363,17.411577
20.02,86.071045
210.503,1035.7574
39.92,42.478252
209.993,283.4016
0.033,5.906085
159.56,196.32068
0.21699999999999997,120.85512
160.946,355.67316
21.067,36.885967
0.16999999999999998,42.79087
1149.893,1343.7925
59.477,90.556015
19.204,2.189993
30.054,52.84534
9.73,45.892673
27.69,49.618504
119.856,223.5324
9.993,20.142628
30.354,24.270477
39.946,345.78073
19.823,20.030115
1981.61,51.555077
11.133000000000001,114.31791
103.92,90.74403
1159.57,1093.6267
120.13,209.54074
0.063,43.848984
779.806,503.1666
79.437,120.2738
51.136,75.68762
118.383,598.81165
60.323,1940.1005
19.547,56.60275
10.274,40.531826
19.97,33.328888
41.047,48.54081
150.303,157.0795
107.997,42.859123
0.017,341.77908
59.907,237.8416
8.107,1033.005
400.05000000000007,164.32417
27.72,43.844177
20.22,151.68433
170.23,122.45534
116.81,83.90968
40.407,377.1015
39.317,31.690804
19.63,79.565315
19.997,90.780174
9.316,98.862976
8.916,35.204662
28.394,90.358116
39.69,1.7589514
40.18,185.78333
8.717,20.849358
90.39300000000001,141.60803
70.09,302.72974
39.813,78.8862
970.817,203.50687
169.827,900.06476
0.877,28.867088
81.067,518.3938
41.81000000000001,92.777664
40.897000000000006,28.28773
9.13,33.54883
10.919999999999998,129.55708
30.003000000000004,30.51597
19.803,7.175259
429.9,235.42584
579.937,85.303825
40.866,530.5913
0.55,36.661686
2360.556,1659.8883
21.063,2466.5764
90.513,32.004192
10.657000000000002,29.825441
7.646,46.94882
183.483,38.005432
19.646,287.96878
169.577,120.299034
0.77,30.338772
9.427,53.89888
159.4,169.07745
20.677,34.534863
30.796,157.66158
0.19,34.68467
9.214,83.15569
29.877,99.701416
129.167,197.12283
163.68,140.68936
19.993,65.17323
139.117,4.9265304
90.71299999999998,279.99768
70.317,76.66852
49.093,45.271156
0.63,94.26921
19.847,19.014755
29.533,269.56516
41.297,227.17632
19.52,30.79646
19.293,121.14908
390.287,614.9407
40.29,150.74371
0.77,35.562107
10.26,124.099754
639.84,1644.621
19.806,81.644226
11.543,12.591728
39.87,531.8782
51.137,52.52029
150.193,221.67665
40.48,1018.85736
82.906,1772.8105
98.98000000000002,92.223816
9.53,80.09775
50.212999999999994,47.7705
369.374,88.05059
20.615999999999996,6.906561
49.99,414.26654
6020.443,3569.9832
319.48,289.61566
9.343,42.007458
59.763,531.1413
15694.643,7253.0195
228.83,1040.023
20.277,452.39944
49.94,101.4474
39.386,444.70966
1.08,235.07275
49.25999999999999,273.2736
100.25300000000001,17.824263
10.296,123.80348
19.983,221.10867
19.407,136.1567
18.027,77.835144
129.396,104.20248
619.873,1393.4008
169.04,116.131996
10.306,303.77924
10.567,22.06634
8.8,48.65306
100.033,543.4273
76.0,1058.3569
11.170000000000002,26.603254
10.153,62.231407
2.127,73.04355
1209.93,225.04433
0.014000000000000002,462.76895
239.75400000000002,180.36575
10.63,154.62741
0.21699999999999997,61.690643
150.3,56.559452
50.05,94.80391
0.297,31.179352
9.74,311.1205
41.873,82.2803
530.093,546.7079
250.814,22.486916
10.793,396.8865
40.41,135.96796
0.127,42.79087
28.917000000000005,52.143513
79.983,37.553574
29.1,34.434105
19.68,820.56854
10.443,20.91294
360.177,64.14849
55.873,128.66632
970.04,759.96643
0.766,29.795689
29.75,115.5988
2632.37,64.84077
10.494,60.435955
150.05,100.590065
21.053,108.22049
37.717,864.4719
9.664,482.19662
151.997,2046.4761
40.67000000000001,49.550125
100.097,3290.8308
50.773,5.798918
59.243,100.91138
100.62699999999998,66.6874
178.01,155.02666
21.443,37.54937
1599.387,873.9542
119.88,892.1266
0.034,392.15466
0.174,80.45864
10.17,4.3622184
89.88,488.87512
8.947,130.45425
15.733,70.121735
191.214,38.323753
39.97,118.26831
31.233,49.06794
9.67,134.96585
30.027,269.13943
9.957,91.89975
40.057,842.2938
50.967,114.17981
29.747,75.5176
10.5,66.28375
69.74,53.77138
80.02,596.5908
9.99,28.759777
11602.11,2162.5786
1.0,28.997383
1.313,112.133255
179.63299999999998,498.07816
679.643,437.9366
9.95,29.588938
1468.96,1105.7773
19.066,52.61239
30.787,179.20352
1152.754,924.9155
9.776,80.337265
270.143,48.9524
19.793,65.33043
20.003,103.85538
30.17,35.298748
262.666,1530.9979
49.944,973.56836
19.586,161.23982
0.126,49.497852
9.617,61.377224
10.592999999999998,66.55177
38.08,107.70394
580.133,774.61676
151.91,114.34423
290.09,41.147552
19.687,67.09586
49.58,84.46447
9.613,28.606972
39.2,0.15211982
0.39,57.451645
50.24700000000001,119.25424
99.437,81.18617
31.167000000000005,36.26706
31.293999999999997,161.32057
9080.807,534.56226
29.256,75.7478
0.077,73.10166
10.027,9.408772
9.993,112.10796
58.965999999999994,466.13675
59.003,1033.005
9.23,30.093666
19.06,87.55682
0.013,31.242722
88.24,66.82354
120.044,391.43054
12.717,12.576981
19.58,47.825302
1329.903,497.9393
9.38,27.510677
831.457,1273.4779
29.197,524.8452
20.064,36.286022
58.6,428.23627
9.803,21.744236
31.669999999999998,160.93628
9.86,92.741936
80.273,246.2291
9.847,4.9265304
470.127,242.81877
110.30000000000001,60.596745
69.237,37.144135
80.383,50.14732
239.06000000000003,519.17676
41.87,93.05175
70.79,100.01408
10.27,434.41037
41.40599999999999,40.484165
1.034,50.9554
52.78,1796.8708
2.266,51.7797
7.53,52.327553
19.573,39.083572
659.303,339.03378
12.869999999999997,302.68414
59.713,135.25214
460.5,27.83215
19.837,408.91095
2690.3899999999994,727.4137
17.854,81.29463
28.883000000000003,107.035
9.874,33.612507
19.756,48.900963
0.484,29.469889
300.226,38.283375
10.336,44.064487
39.937,134.40332
10020.163,1849.6477
0.83,173.886
600.227,133.05087
159.497,53.642326
19.177,112.848946
100.1,144.10559
29.977,159.22824
1100.197,1130.6776
553.287,516.3043
120.05,36.07502
40.253,29.886293
30.753,79.483826
90.54300000000002,16.681993
9.953,648.36444
69.007,442.01285
11.013,51.49532
109.953,62.640453
39.607,33.158142
0.06,83.66523
1950.073,983.7458
39.156,26.377272
1071.5,151.02708
19.603,62.087753
79.58,469.5189
8.5,186.2342
230.07000000000002,588.7515
180.07,70.485405
0.11,42.08587
0.033,42.104576
0.096,176.36049
290.233,74.79478
29.097,192.37962
9.354,79.83458
7.703,41.70053
21.22,1037.8945
39.324,46.301517
49.91,173.63046
10.453,291.4344
827.447,502.45676
69.177,116.937874
0.47000000000000003,101.0617
9.9,421.85547
398.78,222.31274
248.813,138.1848
70.053,462.93137
9.953,13.825466
9.67,86.06315
141.493,258.7213
331.0230000000001,86.06315
40.47,70.60526
10.03,52.55019
20.19,63.261456
18.64,606.2565
30.947,130.5472
0.906,49.967464
329.983,252.0364
370.076,66.00812
10.41,458.1167
0.826,120.562706
9.896,141.92163
10.537,36.64188
38.983,42.873726
150.447,582.6066
139.587,147.77417
21.267000000000003,5.508206
20.786,58.874172
209.217,433.52844
11909.293,1210.4315
18.973,25.642794
0.08,100.01408
10.25,160.90785
20.85,315.1835
19.553,31.68543
2502.307,50.27457
7170.52,1011.03156
50.199999999999996,162.31026
9.633,134.83667
289.867,240.35063
24.223,197.17926
269.686,624.2337
30.896,175.55193
0.317,41.871647
18.6,135.55086
79.977,1101.8702
18.343,49.70588
719.99,42.20989
9.31,54.88683
7.84,215.06638
4.693,30.364195
28.774,389.31128
337.263,1340.6458
90.06,4884.292
11.523,207.3766
228.86600000000004,1998.0037
27.784,171.7212
6.297,106.33063
330.016,610.66943
300.37,8.56967
0.013,31.468983
159.76,79.8474
10.503,29.737038
129.277,138.92815
160.157,37.616512
8.834,52.065254
10.103,309.83035
0.5,72.50337
506.457,1577.0461
70.064,25.02556
10.694000000000003,452.7963
17.99,42.770535
20.364,61.77492
0.16,662.8776
39.184,16.775017
320.063,653.9295
60.013,12.479888
39.133,120.715614
9.864,713.6994
0.36,74.35014
191.103,66.91006
20.917,232.35356
20.357,28.498737
60.0,743.46094
10.953,629.4724
659.7969999999999,268.9378
20.097,113.37127
39.814,519.34125
19.233,25.882513
269.53,879.07086
31.454,101.1547
139.913,308.34732
20.15,2422.3354
179.84699999999998,531.69696
20.4,195.95169
20.063,20.037046
109.93699999999998,668.5466
20.514,357.5517
19.82,744.06726
40.78,118.044266
180.076,67.22209
240.18700000000004,109.870926
370.04999999999995,59.236748
4065.6529999999993,661.7053
79.683,3217.2512
39.987,47.055496
139.95,67.66101
58.9,424.995
9.1,139.52736
89.45,226.31248
38.94,3.940697
68.967,76.88823
19.476,88.72117
1368.283,182.83179
26.169999999999998,17.563684
40.73700000000001,32.20145
189.88300000000004,122.48836
10.76,43.99354
10.330000000000002,40.82286
0.86,86.19867
90.95,44.54199
8.903,91.14099
289.047,6.270686
60.147000000000006,48.094475
7.093,18.01991
60.663000000000004,543.87225
18.89,105.633255
20.597,6.066675
9.873,103.30629
11.263,102.141205
50.303,216.19232
90.063,106.48991
19.46,8.130138
9.4,55.983902
21.256,44.00088
19.656,51.157288
9.307,32.463417
49.907,49.4196
1541.37,428.38925
79.187,325.6133
0.064,40.666553
0.22,20.461721
0.426,230.07927
18.614,3.097266
10.503,30.581266
0.18699999999999997,421.2023
9.926,127.16058
2594.693,3580.3577
1780.657,1490.2706
0.657,32.99843
18.477,3.639966
10.597,28.588028
0.86,7.6441245
0.183,143.63034
8073.816,5303.0757
489.207,200.21056
18.28,184.90314
30.95,61.377224
71.913,100.34984
9.5,33.041485
9.07,39.955254
20.873,413.76816
560.794,353.11923
20.827,159.55244
1311.1070000000002,601.0172
248.077,449.0605
68.977,1193.3602
50.334,42.37678
279.593,48.56151
20.503,109.221
39.003,20.183016
28.22,43.37522
19.25,15.441398
6.642999999999999,28.759777
903.123,798.04065
1121.013,457.11044
9.337,87.63255
0.253,104.94148
272.167,88.50895
19.233,0.15089919
0.204,197.5043
0.547,53.105904
26.730000000000004,43.816658
98.86,89.013466
19.787,870.9131
20.614,82.530655
0.42300000000000004,58.925747
2810.043,1596.5906
0.847,0.0031133245
349.967,131.36568
1.034,20.006891
390.033,147.82433
38.727,30.795591
39.693,68.36977
39.914,29.538746
21.076000000000004,144.36194
259.993,80.29133
946.15,1341.969
19.914,73.19049
70.127,43.737785
4650.613,1423.2882
0.173,43.05405
199.873,3511.3574
0.52,12.060566
18.977,31.853266
30.666999999999998,38.623264
9.257,108.55024
829.58,967.4336
159.967,649.14954
19.813,2.3150504
8.07,48.721684
19.677,101.4746
13050.277,733.4344
390.103,42.75959
13.05,4.026952
480.756,127.50738
1119.593,861.84534
127.54,85.90877
52.61,30.772505
60.213,84.41304
20.367,183.56041
151.06,34.44519
348.62,725.60535
208.87699999999998,663.41406
9.446,15.103642
570.167,152.21593
28.036,31.093119
9.304,483.91458
10.794,66.16825
9.637,240.05933
500.603,266.17374
37.747,146.21838
8.783,20.74439
19.45,110.5352
40.634,49.835022
1801.484,541.9512
10.543,80.923065
0.124,33.89164
30.353,102.018005
49.034,23.619549
0.22,41.9105
10.023,47.891064
20.554,264.5299
0.893,50.005157
90.36600000000001,139.20766
9.597,185.75436
20.226,303.23126
670.11,2102.5835
19.903,76.22775
40.11,752.04846
19.19,46.88804
21.68,19.014755
14.556,161.89503
9.813,92.16009
0.454,62.944973
0.08,23.676676
19.157,93.74417
149.744,102.003456
19.483,107.637535
30.187,82.91073
49.39,954.04
28.85,918.8218
70.11,52.460682
1404.56,802.6525
19.08,16.468643
19.867,559.82947
56.54,4.307609
30.194000000000003,56.24013
760.81,430.58817
21.886999999999997,205.41573
9.044,135.34395
37.766,62.61802
9.547,43.25126
20.1,31.049911
10.217,38.889835
0.843,52.87289
20.264,41.351597
1630.6640000000002,2319.976
179.963,147.26909
80.627,79.498245
188.393,145.98866
9.966,441.7252
9.92,28.682804
10.8,919.10645
9.32,86.10882
119.54,143.56682
0.16999999999999998,71.92592
649.753,510.63452
19.333,3.5794158
29.907,324.93967
6840.933,2048.9116
70.22,50.30077
8.907,23.331406
12.417,457.47424
3374.486,359.53403
39.917,52.92655
9.954,72.24778
253.094,604.49426
39.81,39.11678
270.133,81.61499
19.634,54.406208
40.046,27.4955
19.56,42.09357
5028.11,2714.5852
2949.806,223.20003
312.874,133.59972
29.063,36.598045
79.49,148.48602
8.84,32.262405
750.393,582.46704
89.46700000000001,99.40274
0.127,35.562107
120.566,4223.7114
9.083,3.4094827
109.837,97.22736
9.85,121.22619
17400.45,5877.9106
18.547,62.136967
29.646999999999995,53.77138
19.783,34.50735
9.55,24.74072
310.05,1218.8091
19.38,24.62233
0.25,172.8423
20.953,10.919977
10.374,90.951515
60.11299999999999,215.4082
148.993,13.880237
18.8,340.5481
10.406,24.401552
99.977,90.94727
9.447,176.38763
369.72,578.0783
51.37299999999999,149.14694
19.62,53.341427
1.076,128.81436
149.96,23.330545
99.94,69.401306
259.81,236.37851
24.66,64.10787
7721.17,1182.3265
16.74,37.314373
39.97,306.53406
50.053,109.16449
19.873,19.995213
9.967,643.4251
178.943,471.85016
9.65,113.95503
11.383,50.304317
80.023,40.871788
28.317,177.68631
30.58,147.50032
50.065999999999995,591.6568
8.197,73.75887
1.157,92.42104
9409.057,7654.724
3528.62,242.15436
19.967,29.681644
29.29,194.58423
9.103,91.27689
11.067,31.853266
9.343,406.98865
9.42,173.02603
120.137,373.21637
20.957,1312.2059
9.28,210.94063
249.613,40.13239
10.917,26.332848
59.46300000000001,25.758669
0.267,64.58967
790.0729999999999,391.7015
30.823,157.27722
3000.23,614.5701
31.073000000000004,76.58413
70.327,24.305676
0.6999999999999998,84.30289
1470.383,64.24378
29.947,133.72322
69.847,1005.7479
10.823000000000002,95.50168
47.99,9.804826
39.307,152.44296
10.013,50.838078
11.243,109.64267
279.827,421.68668
51.187,87.32741
0.614,34.66014
29.019999999999996,129.55708
0.017,138.8176
11.337,456.85614
31.64,39.535828
20.203,49.568016
1559.3270000000002,647.06085
2360.97,15.269912
80.326,361.184
391.05699999999996,528.7603
79.86,207.04607
10.017,9.654324
28.247,105.64219
8.973,198.81474
0.16999999999999998,55.17646
20.127,519.32764
0.6559999999999999,46.807194
169.74,50.008106
50.377,69.72225
0.013,225.22688
8.04,30.37742
59.84,101.992386
9.796,218.28995
0.04700000000000001,73.861244
19.484,72.778946
0.69,30.82999
11.047,39.30554
0.393,41.588203
100.76,4.7652855
11.013,49.465374
130.077,251.33046
21.725999999999996,49.2115
230.92,526.2308
109.95,147.0489
2400.964,1858.3928
50.607,126.62798
249.533,1080.4061
139.493,59.058483
49.547,8.521662
11.08,273.10446
250.45,31.496897
18.86,201.89943
20.096,91.76441
0.017,85.19301
0.983,38.027367
18.917,139.57565
0.033,273.10446
28.64,71.23655
8.537,32.98835
19.854,12.838044
40.413,48.556213
11.297,41.097054
0.923,44.40186
680.043,603.4654
105.874,587.1612
0.046,162.90808
80.267,97.74366
60.203,73.84104
78.37,82.28771
0.47000000000000003,134.41353
8.183,161.41238
20.583,181.56062
391.677,84.678734
30.193,196.3668
10.203,61.377224
8.98,44.299416
19.707,31.637962
10.463999999999999,68.78073
30.1,0.10225971
20.163,43.555653
8.23,36.661686
81.28,159.59224
10.576,58.701355
120.703,664.79974
10.467,455.55817
159.343,607.6336
0.077,83.15569
9.806,235.34998
11.065999999999999,104.17374
120.293,171.27914
49.903,154.66402
48.96000000000001,63.19968
429.767,869.5432
110.933,76.48497
109.474,59.409637
10.007,32.53516
49.92,112.611725
480.797,118.35658
80.156,61.902546
68.19,69.15724
20.297,51.044918
29.983000000000004,52.84925
30.0,207.43448
9.967,275.25156
20.033,47.323204
10.22,85.72533
19.163,90.22345
9.133,22.376375
9.833,84.4649
7789.95,92.62546
0.25,90.098
261.247,833.2136
39.834,52.385853
20.806999999999995,34.90569
0.5,68.32844
0.313,381.30164
39.943,86.19466
3318.117,2529.518
150.024,330.27237
220.284,112.65946
0.233,12.76978
9.524,41.962177
149.54,610.29803
719.737,91.31169
71.82,485.1886
19.13,24.509947
49.13,2.0457869
129.79,108.49477
19.473,83.40497
6.137,81.05774
0.013,135.551
30.659999999999997,83.13036
40.667,32.833923
38.72,102.698326
0.5,59.57874
89.487,643.05225
10.566,19.275173
49.526,9.169475
750.02,950.42163
81.103,163.25949
323.433,33.295666
19.387,15.867879
81.16,28.6883
149.833,217.50276
9.98,53.331913
40.016,451.4041
377.174,1668.4313
50.573,189.50687
9.03,24.243633
612.717,558.92426
9.837,8.534411
21.133,112.79003
8.203,61.19618
9.373,51.984287
19.843,461.1102
38.263,132.503
29.82,99.56341
0.39,179.79004
19.396,905.0311
19.817,111.693214
1019.96,186.66904
40.177,514.1323
61.287000000000006,198.6238
10.296,3.326446
83.057,58.03247
1491.65,54.826668
9.486,129.55708
0.28,343.63416
20.033,419.6134
88.16,386.87155
19.33,36.692123
21.210000000000004,203.21904
19.707,259.11508
219.163,156.8383
6587.393,984.4287
19.41,2.7000334
49.397,115.67154
200.087,79.036514
90.063,28.091276
20.336,41.34656
50.544,29.456972
49.52,40.72169
7.867,30.648884
1.33,369.19315
553.797,871.4255
30.587,11.295171
19.986,891.1435
1.1,26.08142
40.157,109.4373
309.88,228.74873
30.76,41.440487
20.747000000000003,78.72376
6.916,20.037046
10.613,52.065254
19.41,109.16449
11.863,151.29582
49.05,176.30858
29.117,98.51114
49.026,777.5361
415.173,428.45605
79.04,306.67975
20.354,211.6585
1.847,24.78028
48.706,50.11611
0.08,38.557686
29.985999999999997,152.52794
459.57300000000004,218.49184
29.522999999999996,65.20637
690.2499999999999,717.9985
260.733,33.963963
0.517,35.17091
149.277,494.60883
98.946,66.79014
22.07,33.46339
40.113,58.30907
291.686,961.3454
20.007,139.20534
41.5,36.789955
30.977,2530.7144
11.394,129.55708
60.567,186.19638
39.786,4.472924
19.804,288.78458
685.22,478.20444
19.22,139.99242
490.277,184.01308
18.793,86.718994
16.73,180.37321
69.06,301.5435
50.25299999999999,14.648455
58.477,821.49384
439.52,516.80975
149.93,731.08044
29.063,61.80193
119.94299999999998,143.0821
1200.92,106.62375
17.513,127.06365
22.107,29.719435
9.923,72.77293
319.223,70.545334
30.734,32.69469
20.047,2983.167
69.394,85.04795
8.1,72.50337
19.85,244.15248
10.947,32.117176
20.45,2.4423208
8.957,84.264206
156.93,666.9789
20.682999999999996,170.76765
21.6,20.032265
118.033,141.63564
29.053,103.24095
140.03,131.01343
8.696,18.601603
3029.993,1066.6183
2.41,38.177444
1.07,179.97432
0.89,19.464907
69.563,1266.493
0.583,91.29522
0.216,42.79797
141.54,498.96616
0.14,88.713295
60.313,339.9343
810.823,434.02524
7.974,301.19427
0.97,87.05873
0.517,13.149648
19.217,11.040123
30.147000000000002,67.8677
28.950000000000003,36.838287
63.656,2491.8745
49.833,94.95648
29.896000000000004,157.52484
69.86,158.3882
21.05,29.22099
32.133,44.46868
18.037,301.0489
60.617,83.466515
51.083,71.18142
10.103,82.1506
9.753,30.106659
40.383,2.5212736
29.05,424.68018
0.093,80.98848
338.11599999999993,990.1698
10.84,482.55966
9.86,10.747422
50.45,54.09918
115.97,145.11188
24847.319999999996,2604.4924
79.647,135.67676
219.71,131.3153
170.813,361.19162
10.15,65.0465
10.377000000000002,217.44049
8.12,94.22513
49.68299999999999,35.73385
0.473,34.985268
19.41,20.083128
90.643,30.78899
10760.393,7544.2026
270.044,525.8937
10.413,56.113113
50.607,251.48468
9.26,68.806046
9.077,57.940777
139.327,133.6441
0.577,96.30517
9.7,67.767265
19.59,534.0477
10.21,446.32266
20.35,19.100662
0.38,42.867065
258.98,1507.9673
149.65,290.0341
60.724,45.87492
49.41,300.09158
339.997,33.573868
46.61,134.48503
538.913,540.6492
19.96,38.11025
549.383,242.76491
40.437,44.917564
0.25,24.243633
0.8000000000000002,657.2681
110.227,50.005157
2153.053,600.4085
30.9,117.66869
99.923,759.6313
50.443,106.43168
10.057,47.21405
50.973,40.193466
49.753,25.018003
19.827,20.527664
18.393,58.401665
0.814,187.31406
19.81,184.4879
19.073,56.445293
139.983,81.28442
169.986,240.83264
10.283000000000001,323.03387
28.307,51.008705
19.117,300.77237
0.143,21.337095
2119.99,1594.7756
0.093,5.524476
20.19,145.2733
7.91,40.447426
1119.443,771.11475
3056.6469999999995,1296.6296
619.69,359.00604
50.19,35.68157
21.247000000000003,40.618732
9.447,2.1372106
419.906,466.55475
489.97600000000006,482.19662
140.11,155.27617
1.19,69.08842
20.697,291.6961
11.373,35.92347
19.96,22.914562
7015.77,15027.757
19.684,159.96692
362.45,55.32756
13.694,201.46124
6.59,117.1391
8.933,107.684364
21.65,20.0169
19.366,39.982937
49.874,461.69788
19.424,76.57838
20.053,6.200733
8.347,79.9515
19.057,415.9585
100.55,910.5154
0.703,23.792875
0.203,217.34749
2249.986,56.17543
896.493,570.4781
168.93000000000004,107.40822
359.14,62.66453
40.12,283.34143
2.127,21.122213
9.704,145.27573
370.0830000000001,5.758758
9.373,169.72633
19.64,55.06325
30.247,13.825466
2670.1969999999997,3844.659
10.1,3332.219
29.833,136.4462
169.00699999999998,81.8881
41.023999999999994,136.5121
19.993,1577.7302
0.033,12.776114
28.174,143.05789
199.72,708.7461
230.13,128.64075
9.793,1.4824113
39.537,136.07611
19.777,371.2029
61.25,30.487629
170.253,21.7541
407.74700000000007,462.6459
29.502999999999997,52.402473
18.57,4.042094
1760.93,657.93835
19.597,616.63776
129.457,111.98915
1310.846,314.26163
0.04700000000000001,24.78028
59.317,528.3172
19.753,75.5176
11.006,15.048705
867.86,82.82818
20.497,362.51447
0.593,35.63154
0.394,20.899721
39.97,180.62798
90.24,39.35577
19.957,72.23488
350.457,0.7081636
290.32,446.22937
10.107,30.106659
20.15,3.326446
19.78,7.2297335
79.613,11.86711
13835.283,6121.945
2008.533,747.49774
1019.84,43.142414
69.633,16.495157
29.677,244.82097
18.963,5.609242
10.607,406.5803
10.233,7.0710115
0.36,33.89164
5.013,34.077915
70.724,102.17404
9.66,65.75122
170.13,58.74293
70.04,44.539104
7.907,57.271923
1461.073,6314.689
9064.43,1043.0294
134.596,148.42691
28.597,6.5427203
0.36,69.603165
19.873,461.6977
8.626,45.33261
196.3,97.9309
266.673,1640.5448
9.8,94.18036
50.31,50.324635
10.277,299.54965
10.243,47.024277
41.737,52.80216
19.063,462.24597
20.247,81.99167
0.283,560.0036
190.18,266.57315
4659.75,693.35345
30.327,38.416233
0.347,86.51633
30.116,145.59976
20.766999999999996,462.6459
10.28,80.159225
20.204,112.0794
191.23,522.07526
980.624,61.545578
59.124,12.203469
9.796,20.066164
21.446,219.31853
10.416999999999998,165.65968
0.897,49.445637
10.053,34.608242
18.574,81.42038
299.693,62.802067
19.486,258.2555
9.917,60.27534
349.827,327.56982
19.38,132.26685
11604.957,9931.04
19.454,26.586716
10.113,31.853266
21.027,313.29156
32.97,49.43528
110.224,52.203144
28.476999999999997,1217.413
9.787,107.90528
9.823,71.92592
41.424,25.285458
29.7,105.028625
50.34,61.89973
29.783,95.22878
61.78,72.17906
99.65000000000002,366.54047
9.546,86.61407
9.85,55.76782
11.097,63.100174
0.437,25.87129
18.79,1289.0133
20.24,40.46974
63.543,54.757835
181.276,1222.6078
110.63,60.243637
119.647,85.48609
281.593,249.7134
9.287,41.52826
20.234,139.52736
0.33,118.92357
10.14,80.6075
1.737,93.08661
12.796,1037.9623
1962.387,1204.2377
0.283,17.525078
19838.377,224.89366
20.113,80.32584
20.773,739.7798
389.64,306.02582
20.156,531.7433
0.19,35.308754
9.657,133.60506
830.033,98.733025
30.48,85.13335
0.5,162.15837
8.943,83.234116
30.592999999999996,177.20035
19.913,91.31739
30.307,194.88254
4180.454,782.8708
9.99,68.47484
60.07,116.66854
50.843,183.47275
39.107,80.76616
59.71,168.13744
1.117,18.717075
12742.01,4241.89
793.257,195.82053
2210.0,1054.3701
10.44,76.08681
17.963,41.156464
79.086,100.967125
30.030000000000005,161.6199
0.834,4.0447474
0.453,60.435955
20.186,40.670715
20.647,15.082334
4.896,81.14144
49.91,74.22613
9.033,686.492
190.113,71.62992
21.37,602.7609
40.13,92.85774
128.676,164.30278
60.05,144.43399
10.14,37.00014
221.22,81.890274
18.92,260.03598
59.243,1022.1255
341.384,67.74331
60.52,56.153122
449.9669999999999,264.0208
15.946999999999997,213.28026
10.856,120.219666
59.634,744.93335
50.065999999999995,18.25277
38.433,41.182213
68.433,74.64471
51.486,12.13938
19.69,31.476088
0.267,90.96941
190.02,657.05597
7.387,116.22791
0.013,76.69192
90.093,158.73329
49.627,466.03015
9.736,55.94242
30.18,52.639763
9.453,3.4649901
41.077,72.60066
70.797,380.95334
99.17999999999999,39.344784
20.464,110.5352
20.993,147.28189
50.904,366.38837
39.983,51.38674
130.263,117.07868
56.93999999999999,610.47485
0.204,6.2783494
21.017,69.92014
4760.15,2114.8477
19.904,827.4832
19.81,22.9427
30.957,904.6513
19.28,101.13979
0.36,32.036587
410.613,1505.036
39.214,2.532039
299.55,716.5123
10.393,31.147213
100.43,168.30598
49.567,70.60466
20.883,987.6484
0.127,106.50773
21.830000000000002,121.91574
0.14,24.211842
348.816,553.18256
10.939999999999998,156.27162
2670.81,512.60675
31.203,47.055496
0.034,42.397358
9.647,394.15942
19.253,8.27509
100.77,263.38672
129.733,545.9472
19.084,59.6013
3565.363,5283.052
18.133,6.0731463
0.6429999999999999,123.20809
10.255999999999998,2.4678984
200.79,139.27596
29.783,15.004375
19.99,32.67901
29.487,73.292175
0.45,21.554428
21.067,100.51596
5.414,90.12133
272.527,165.93712
17179.617,66.158035
11.146,91.51002
29.17,19.541967
50.423,385.98767
8.303,20.049229
59.263,62.242546
88.7,24.902304
7160.267,5242.779
50.89,85.67875
20.9,3.6263983
0.033,21.010654
240.82999999999998,414.63104
30.216999999999995,73.812675
3076.663,1024.732
100.03,40.79002
12.51,85.71293
261.767,154.74998
20.05,70.9607
20.127,33.26202
630.48,584.7897
9.313,91.55378
11.233,15.004375
19.127,187.99045
11.04,54.286663
0.403,20.091621
58.9,74.92795
1.656,59.93906
20.07,98.20717
20.153,330.27264
31.264000000000003,638.11475
109.264,91.44025
22.047,1137.7455
39.963,49.195614
10.356,45.893047
71.47,295.80096
250.08,75.55686
0.237,191.06305
30.99,51.468155
10.904,113.77804
29.997,177.25835
9.58,132.08968
79.72,141.60442
39.51,53.21736
359.92,523.11017
140.89,83.59593
20.700000000000003,109.82422
59.796,1566.3436
209.967,3287.902
39.91,90.443665
39.336,247.39407
60.29,654.13855
39.683,130.5472
483.00000000000006,180.54411
60.23299999999999,86.35374
21.897000000000002,124.68533
59.18,58.14018
3210.02,524.30414
59.017,25.048758
9.93,253.32832
0.063,43.81079
30.163,65.900894
9.63,18.534637
0.0,40.975708
9.71,42.703682
18.28,37.132988
0.064,79.940475
19.953,2487.9316
20.194,136.20569
178.134,70.93953
249.43,460.5776
1.144,40.788975
10.933,19.747461
100.17,2322.365
10.597,73.58767
9.983,393.64886
50.6,46.506496
20.36,41.844692
15.787,29.519516
1.236,32.028435
70.734,61.459045
229.464,51.376762
459.437,76.420715
189.707,222.52705
59.917,52.669704
31.237000000000002,69.35886
10.987,93.1208
180.63,7.537836
0.61,186.2342
40.73700000000001,63.495052
39.547,472.98877
20.527,8.600071
2519.63,924.24976
129.826,462.0468
61.847,187.13649
19.03,188.5523
19.383,16.345697
141.103,13.445594
139.19,170.19537
0.0,29.337233
1.046,125.49034
7.976,49.715805
2390.5,4900.247
180.107,582.3241
10.677000000000001,2.9224281
219.316,51.389313
19.537,60.06566
209.714,426.3796
29.559999999999995,10.6481
10.153,186.19638
104.07,505.08817
179.973,99.12713
791.026,80.25434
810.506,428.22638
170.37,79.27137
10.0,133.95064
109.293,35.685513
29.460000000000004,67.841125
879.497,957.2712
9.297,12.060566
69.116,114.33873
179.297,140.53989
19.917,886.7963
19.273,622.28064
10.404,1195.5006
29.387,145.04465
9.79,95.22878
49.21,20.499231
20.067,896.3628
38.793,389.31128
7.07,88.01757
2279.867,103.3075
29.85,301.19772
19.71,3.326446
19.063,98.10281
0.21699999999999997,2.126949
22229.164,580.4375
0.186,6.730887
100.29299999999999,551.21063
29.317,122.61549
500.88,511.2451
10.727,77.56046
28.883000000000003,129.24794
1.38,133.49821
330.823,405.78534
19.683,13.437684
0.157,742.6694
279.787,1772.8335
39.693,1.2502475
5159.094,1444.926
40.03,551.4672
10.973,118.629105
239.154,112.600174
271.48,142.76636
2632.493,621.90546
0.233,151.7596
19.85,28.424162
137.867,94.76153
59.95300000000001,463.8398
0.067,52.63297
8.97,67.56549
103.974,160.3511
0.013,3.9123383
38.56,90.58518
20.147,202.50902
0.86,455.55728
29.167,178.92894
12.985999999999999,93.649055
9160.837,646.43695
67.303,4.6966925
19.784,32.439976
419.98,538.49005
9.617,96.15122
170.173,132.89275
0.03,227.4435
29.943000000000005,46.661465
9660.81,485.57077
38.84,160.42455
19.847,6.3973937
90.05,445.68536
10.39,834.14526
320.13,2.8482928
39.7,1.5507329
1170.096,598.21
20.98,3.046681
170.10599999999997,112.98986
59.877,85.82887
10.527,56.478443
30.236999999999995,177.2308
20.39,231.01405
9.283,21.467802
123.613,8494.241
71.224,217.94333
150.746,856.5867
39.943,3.1631386
76.97,3.1833315
10.147,53.267357
140.304,0.04702811
68.47,1074.2789
17483.607,78.455284
0.06,89.25359
0.063,834.452
189.65,930.3278
339.53,82.95349
10.163,84.28226
205.57700000000003,279.93777
129.686,78.74935
10.673,59.360188
0.6559999999999999,121.43904
20.267,33.11449
0.483,38.177444
28.952999999999996,131.14809
12.187,212.86572
9.91,67.94361
0.08,160.90785
81.0,35.08793
77.613,24.963757
49.277,36.390694
490.817,1669.6022
19.86,29.300423
0.14,107.90528
160.11,30.964489
8.073,22.87888
0.627,38.39991
29.933,64.62264
9.41,305.2042
61.15,226.42104
9.91,28.498737
0.36,179.52856
19.717,451.4041
0.0,969.2977
7.837,129.90567
1309.04,867.3295
10.063,62.534832
159.157,50.682533
39.637,168.87956
10.310000000000002,29.603151
50.08,27.510677
19.737,23.403587
42.693,270.48373
160.27,57.001667
59.88,80.95888
19.98,196.66861
3099.154,174.50983
0.9400000000000001,89.62427
31.56,20.02665
49.947,314.84512
21.096000000000004,80.337265
21.416,85.26783
107.893,48.688812
19.957,360.5319
1.067,74.175095
0.107,36.02099
26.26,3.8118029
90.193,5.0057344
9.324,0.6807692
52.287,19.406496
50.54,10.820382
57.427,52.00952
10.857,67.49402
9.5,0.14377934
20.063,3.5376468
8.136,187.08347
129.547,223.07675
19.967,19.799068
31.884,140.99435
40.18,476.26733
0.626,38.52893
51.07,202.99532
17.24,121.127365
20.053,45.87492
179.82000000000002,196.84988
79.754,129.56152
30.474,153.73265
48.087,93.51736
18.073,70.64413
26.242999999999995,28.144335
3721.087,1474.607
17.714,29.86676
69.8,5788.6274
406.267,1769.1749
9.844,194.51727
0.14,42.79087
26.657,127.71586
20.006,67.87374
260.403,528.4491
2.536,41.429287
2700.756,183.97244
9165.823,4835.4814
159.357,61.423145
1554.6829999999998,93.59918
0.783,125.1607
41.363,132.1707
18.803,50.349277
50.86,482.4228
4.387,35.221767
30.257,341.08063
100.82,121.28603
49.29999999999999,28.316128
29.38,35.952217
39.22,114.002075
40.413,98.02346
10.247,42.91515
50.413,1011.4265
31.160000000000004,2.508551
160.357,402.59708
252.887,612.5671
20.786999999999995,53.45309
230.543,125.59968
19.963,104.34516
10.59,87.95343
301.114,642.60315
5.303,100.87841
8.877,22.107918
21.46,137.22446
19.866,3.1146345
70.506,476.4003
39.316,76.11471
469.973,128.14711
40.58,387.78772
1255.973,33.021
69.956,93.21378
1383.056,509.72388
10.73,41.053463
19.99,252.06148
79.547,72.668526
61.327000000000005,120.322136
179.28300000000002,973.3614
9.184,129.90567
10.41,378.35352
9.19,3.6095657
800.983,411.59143
21.229999999999997,465.4079
9.94,37.00014
429.694,123.997444
20.484,154.90102
13.81,181.67067
5.314,54.48747
29.89,21.819874
9.927,46.848392
179.546,85.40651
0.72,67.416405
22.697,21.091822
20.193,2465.6375
0.04700000000000001,53.5055
10.804,41.962177
310.807,547.79517
19.71,265.1199
89.29299999999999,79.963
9.353,13.487522
6260.57,200.23279
39.62,573.61237
38.894,19.058052
2590.38,1040.8154
189.976,71.93738
8.213,35.782722
24.993,30.97845
9.753,68.52457
0.107,3.4094791
11.193,189.02663
9.727,101.56937
30.18,726.88184
6.756999999999999,127.93316
20.007,136.90923
40.53,2.3778343
139.99,38.648293
9325.843,388.33066
49.827,4.9339013
11.533,19.947395
231.61,0.8946694
14.373,133.1595
7289.574,411.3963
1069.56,2114.889
20.066,94.612465
11.226999999999999,17.272512
8.093,74.41145
260.144,707.28937
10.82,134.72289
0.017,31.400787
880.0360000000001,133.69977
31.224000000000004,1.2877408
18.767,97.60892
39.08,66.80076
659.98,392.2371
31.05,107.24743
51.157,44.818142
20.253,28.94877
30.149999999999995,31.062168
30.14,43.463852
30.064,442.01285
9.823,99.04737
0.22,31.54278
10.453999999999999,296.41528
109.71,57.362854
20.583,63.572033
10.653,30.9212
19.774,33.903854
949.963,415.01862
59.843,47.63773
1622.19,1269.7375
329.627,386.87228
0.22,47.95356
11.467000000000002,93.8258
170.22,51.165646
10.505999999999998,1038.3615
10.19,82.608505
310.063,630.7054
20.707000000000004,91.20914
29.97,31.825232
59.957,160.31142
11.347,55.648975
8.977,41.22303
29.8,312.46756
39.777,170.22244
69.63,78.55079
77.773,62.08425
20.147,387.42227
0.22,27.10181
20.21,143.63048
29.88,107.666214
219.02000000000004,184.22406
10.7,903.8912
80.917,163.4204
500.03,308.3831
60.709999999999994,291.7228
110.264,47.57059
0.204,54.525967
20.22,334.6925
20.163,459.40457
172.13,1.6195068
0.39,43.93547
8.527,56.68996
109.676,416.48035
39.057,51.902992
19.006,21.162355
8.894,40.35954
30.893,186.6748
22019.386999999995,58.564407
80.107,90.30754
22.037,109.26927
11.357,38.038166
19.624,787.44977
22.314,27.44869
0.936,419.31897
49.86399999999999,0.8307649
1.16,90.780174
79.443,32.391964
0.06,39.429935
0.14,24.916298
0.83,30.106659
119.983,226.59589
489.853,28.437597
10.166,77.43884
11.717,103.91018
10.7,42.168503
10.017,52.756786
90.867,1047.059
659.833,521.40393
0.063,3.2321377
80.147,58.98722
20.33,108.017784
7.003,196.56436
49.31399999999999,47.424694
90.154,3160.922
40.843,37.174572
8.89,28.76748
9.613,77.21402
44.33,31.47669
19.013,496.3878
179.087,1318.7616
9.25,120.62267
29.357,0.14148141
49.669999999999995,51.440636
9.463,103.484024
290.103,1471.0543
38.687,105.36088
79.9,552.8724
12.053,3.2159047
169.403,62.56424
101.86,108.14383
82.14299999999999,62.729694
750.937,5217.7505
0.876,26.586716
10.433,79.32545
29.927,869.3479
109.337,385.1429
91.71999999999998,965.9672
10.483,71.62788
48.913,65.313286
20.48,37.747494
9.237,151.03009
0.69,3.1071408
9.97,206.88463
138.374,1396.9105
7.007,76.42275
20.655999999999995,50.730106
99.763,262.52554
885.3499999999999,295.04376
1.05,59.19158
179.853,64.379
19.733,83.81387
10.354,142.62946
19.867,44.684685
921.6599999999999,620.3748
636.91,1368.3317
101.21,535.0584
140.497,13.523084
29.873,39.38722
110.21,13.929536
159.42,1498.1124
20.163,27.06877
79.864,152.43906
0.25,62.944973
10.243,55.007664
100.523,112.90397
19.973,101.3758
200.47699999999998,98.127464
11.3,6.133525
31.053000000000004,3.9441183
20.316,79.752365
0.017,290.72235
58.434,52.38795
10.833000000000002,32.729233
120.903,52.554176
20.333,3.7799635
9.713,56.47847
30.277,29.640207
21.494,27.635622
11.453,35.782722
40.61,1176.0051
29.563,63.572033
0.08,119.14713
10.103,66.74831
12.185999999999998,208.54425
1.033,11.087391
115.30300000000001,80.56044
160.24,394.56616
20.16,69.90702
0.36300000000000004,21.17328
0.04700000000000001,73.65269
18.833,13.972137
310.2,16.857975
0.017,355.67316
40.947,121.78748
280.906,129.0848
140.213,454.39514
139.993,51.54489
2491.543,1156.303
0.064,152.91902
0.25,72.5283
779.8000000000001,713.01996
18.9,517.5247
19.657,96.72478
0.093,87.32741
100.727,234.33672
30.1,340.5481
250.263,464.92978
50.277,211.94565
101.103,55.482407
30.062999999999995,174.46799
350.627,99.677986
699.613,886.48596
18.65,136.20569
89.84,973.3481
10.047,52.578712
10.906,209.19975
68.06,68.00021
29.617,204.56737
62.07,51.609295
9.004,73.58767
3024.527,1995.4418
251.767,68.73016
0.483,124.83475
459.94,783.8874
70.58,206.60393
19.703,848.76697
0.177,15.45472
29.923,283.7517
50.017,342.01245
59.657000000000004,101.98797
21.484,36.74264
0.143,75.23085
0.876,182.66191
19.62,403.8877
19.826,49.778416
0.343,21.419498
10.68,26.97212
6930.626000000001,65.505135
3902.423,664.9685
79.9,89.63016
20.847,91.20914
19.72,55.496807
4120.864,73.84627
548.897,646.9548
80.483,20.043953
0.157,31.470867
90.347,209.45154
280.06,758.9228
29.637,12.776114
19.334,111.57965
310.557,63.379707
90.417,0.90174735
45.135999999999996,41.689106
49.040000000000006,52.203144
70.197,91.54346
0.453,106.00641
19.947,199.16783
178.9,23.225582
100.38700000000001,42.71945
1529.96,191.2783
331.243,525.58386
320.66,154.14732
142.23,734.5022
0.017,24.082632
11.533,54.406208
1.5040000000000002,166.40036
85.19,52.013515
30.997,1562.7959
9.553,1.4415789
19.136,142.47968
0.03,61.3961
59.48,302.30057
0.203,744.82007
19.123,40.48756
10.816,398.25742
99.597,77.04922
160.89,77.38458
81.023,0.10482608
24.396000000000004,613.2826
1530.76,346.22043
1.127,192.7871
8393.23,3337.6418
8.297,505.79312
50.757,70.743385
36.444,69.09967
8.146,69.861946
10.004,243.98853
190.397,9.046199
0.394,31.049911
0.7499999999999999,30.472597
109.863,280.73065
8.37,82.098495
19.24,16.038319
2.25,85.09213
40.027,79.368004
1364.543,41.685787
79.927,503.5779
0.503,71.374985
9.983,370.90237
49.477,241.56972
510.01,1599.1953
0.04700000000000001,32.93969
68.83,113.27686
30.54,159.8255
189.753,442.17776
60.89699999999999,117.97638
139.876,49.338818
22.203,142.73398
19.987,197.5343
39.57,229.3255
70.677,78.447365
2520.287,999.7376
0.7369999999999999,21.010654
140.383,509.22552
4516.886,758.11273
42.704,1495.7794
181.003,152.12715
10.533,44.423252
20.85,29.77464
5140.423,1073.3756
51.067,106.836586
19.583,161.01176
12.916,75.84596
9.724,99.39277
74.083,319.37885
69.427,51.474136
609.914,135.73563
29.807,436.96326
221.05299999999997,1241.1936
10.317,451.2398
49.95300000000001,13.473669
149.16,186.96361
120.427,45.016785
11.043,151.37607
20.48,35.808205
69.243,9.7477045
647.543,82.98884
0.49,75.94367
9.647,46.99649
21.289999999999996,36.1695
97.617,585.8645
19.547,42.374462
49.583000000000006,65.16607
10.053,3.842803
0.283,9.654324
18.156,34.71855
40.686,4.5896697
39.413,111.08827
989.56,586.71533
19.997,2.073894
528.92,415.01605
20.09,11.295171
20.373,134.25058
16.894,110.1305
20.0,50.96229
10.23,181.24236
19.983,122.97792
0.343,36.500267
130.98,120.47121
7111.789999999999,4234.6187
19.8,28.020823
0.22,39.779366
1.72,31.638224
0.47000000000000003,5.1639876
99.043,33.766407
49.99,67.77407
58.667,31.356243
390.083,601.23944
9.767,39.514095
11.447,21.899424
70.75,381.40738
19.986,35.62877
410.34999999999997,610.19824
19.957,112.81821
199.82,55.784298
167.29000000000002,187.29672
499.44,836.7424
19.173,4.252787
109.18,0.10181344
24.549999999999997,0.0031887603
278.996,1843.1825
999.907,1441.7445
26.003,137.97684
69.86,36.00433
20.127,944.642
2493.297,888.96606
21.164,22.9427
140.747,856.0896
9.073,49.550125
20.314,23.787119
7.267,39.09804
31.160000000000004,16.381662
30.089999999999996,500.48718
20.533,283.47177
69.013,119.525246
18.314,94.44706
9.58,98.02337
218.98,73.26722
29.487,2.8996706
40.073,153.14017
42.627,458.06982
48.98,88.42694
29.613999999999997,126.57082
8.77,39.133846
0.18699999999999997,32.554806
50.287000000000006,42.623444
21.363,48.42886
2.21,18.211761
179.48,54.596172
0.55,13.9160385
180.14000000000001,119.41333
10.733999999999998,70.121735
19.97,9.408772
12.240000000000002,21.58524
0.783,179.55154
9.617,82.37511
38.8,50.77042
400.263,117.58344
11.423,47.95356
232.723,99.852615
9.066,2.665367
270.367,149.11674
790.087,969.03784
200.55700000000002,10.951736
10.17,517.73444
30.393,42.85143
9.784,82.142426
19.174,351.43024
330.7,63.972206
29.993,85.90099
20.673000000000002,87.28105
32.177,62.08437
28.57,269.10178
29.473000000000003,432.9722
9.416,27.153584
4306.63,1314.6776
0.174,310.6792
0.53,169.49721
39.727,52.371834
19.173,648.0514
250.97300000000004,88.225334
20.63,11.545219
10.194,287.35446
179.14999999999998,654.40875
241.056,607.50696
0.517,56.478443
120.197,86.917816
10.983,28.70641
10.193,29.868093
19.887,10.981586
19.16,38.137726
29.863,268.43463
36.48,28.8576
9.767,66.74802
49.45000000000001,94.98035
30.064,2.941036
20.227,562.52075
129.43,0.6616228
20.08,484.63754
8.773,63.760963
80.484,156.74112
24.916,79.2507
260.53,131.51894
11.634,416.59598
1455.937,120.598885
4189.863,2365.5698
40.28,3270.714
1923.0569999999998,1913.9227
39.86,24.859713
0.313,87.95942
19.083,29.469889
130.173,2172.4006
1609.9,2578.2947
29.267,0.14377934
129.483,813.9596
60.13999999999999,198.68553
359.367,965.8978
20.647,116.96449
587.036,381.43646
0.55,171.47896
169.177,30.40327
879.567,764.4247
10.14,142.33289
19.993,86.917816
31.587,821.49384
20.1,43.36711
10.006,100.60335
170.19000000000003,986.1429
80.12,4.1316433
8079.604,279.4042
19.726,40.425465
0.186,91.29522
20.097,77.105896
0.107,70.668106
10.43,74.299965
130.16,189.22789
200.893,15.307969
0.204,94.44706
0.407,36.580868
11.28,24.11134
1100.793,261.03757
90.274,42.838856
49.716,238.49286
869.1730000000001,2066.1667
58.844,369.19315
69.486,118.208824
40.797,11.484728
99.08,117.40894
10.393,50.601116
0.14,42.49542
30.136,12.503886
89.56,1230.4915
20.423,155.28796
0.32699999999999996,8.580463
389.80000000000007,102.77871
50.103,558.86176
90.716,32.90139
6267.854,515.2577
20.620000000000005,380.31137
314.604,836.8451
20.053,150.5089
1.063,36.52347
0.063,407.82904
41.82,73.536865
229.553,67.55448
269.773,1004.44324
3714.59,1572.5431
220.186,477.17368
200.056,759.68494
10.386,404.42072
10.024,98.8265
9.094,66.60477
289.656,249.42426
40.213,455.92484
11.617,35.349873
79.633,105.07943
210.12,141.36418
8.873,129.90567
18.85,4.8487034
8.193,139.26125
3702.7970000000005,4815.6416
110.203,40.039356
39.647,50.81302
9.567,93.20865
70.694,101.01785
21.767,5.6060014
18.636,128.80467
675.21,829.638
8.89,311.31995
40.19,152.52794
100.8,223.39532
19.62,31.342697
18.623,39.256363
190.123,355.9149
10.227,455.55817
21.323,2.9579852
1.346,48.81852
20.063,553.1503
0.203,214.38759
19.104,417.07788
0.16999999999999998,20.045328
989.057,260.21384
620.287,487.51166
0.576,368.00964
70.164,62.26935
70.2,951.56714
79.92,435.40933
19.22,3.5499516
19.437,51.47187
8251.953,1304.3892
10.793,94.5362
240.23,173.5768
120.137,122.45051
21523.817000000003,1796.7083
70.16,81.24293
0.203,56.61251
10.207,1.8689297
10.17,13.666245
209.97400000000002,1780.3104
69.85,205.49779
1310.1000000000001,1281.4617
268.99,3235.64
9.827,3.639966
189.544,421.92056
10.053,55.496807
21.027,49.289425
38.95,57.44453
19.057,259.3799
20262.173,2975.8525
20.393,50.81551
19.827,52.280685
179.82000000000002,377.57385
279.847,1346.8203
89.663,264.18323
77.963,50.653477
49.51,69.90464
461.65,1110.9114
38.027,40.274727
18.636,870.09235
4.453,27.626879
1110.42,915.18115
0.33,42.2353
22.484,28.706287
9.253,28.682804
9.767,82.60912
240.423,3271.6028
380.3999999999999,1228.6932
30.473,742.6694
27.207,51.04082
119.88,1003.4377
18.556,85.870094
0.28,31.670574
0.237,35.808205
7.49,32.99843
271.533,94.45374
11.150000000000002,82.21994
20.353,267.9834
9.87,80.98848
11.327,193.28117
9.99,163.98195
69.944,743.80054
60.04600000000001,210.59407
19.953,50.995785
40.28,13.472114
1.463,28.176754
30.833,3.0186267
20.964,75.7478
160.974,279.60263
8.237,456.85614
34.61,144.41202
385.607,160.58809
0.017,14.214796
18.75,147.45372
1.877,403.15778
69.56,254.78226
100.9,21.520845
70.32,114.28659
329.913,80.17951
31.517,103.07599
50.32699999999999,129.49712
999.59,234.73416
439.63999999999993,46.085632
2.157,62.61802
49.987,50.458263
19.996,89.27722
69.913,277.25607
10.143,149.64813
29.466,37.83863
39.527,92.233734
10.406999999999998,102.62899
237.79700000000003,100.872116
50.236,175.19536
18.286,286.02454
29.754,35.86178
19.903,88.24713
17862.737,549.35626
20.03,200.66982
9.79,68.878044
20.47,327.6773
20.76,29.088444
0.06,100.642845
58.82,174.46277
0.767,42.59369
79.737,118.29271
260.177,484.41382
1.003,56.443974
19.207,666.1292
9.93,102.19165
169.12,0.5910167
0.567,62.027527
1029.41,1808.6196
229.146,281.1912
30.236999999999995,148.88771
18.553,37.279408
19.46,571.7894
540.693,67.870674
0.063,63.85371
445.41,190.33551
106.97300000000001,297.8765
9.977,20.037046
0.39,3.222118
249.933,289.92398
11.363,52.503613
111.783,1023.67773
0.296,11.77795
319.7,1012.54706
0.623,4.289291
1.173,47.105145
29.529999999999998,52.26793
67.07,48.972477
26.403,29.919916
9.07,41.831112
9.84,41.831112
76.857,123.96986
24.897,40.792587
288.033,28.33643
50.304,90.39389
68.573,132.87215
8.137,52.87289
19.756,77.53086
9.504,13.206472
39.364,202.64275
20.13,47.340446
20.376,38.12661
60.634,100.5228
9.137,145.14574
119.306,124.89328
80.353,40.94452
9.846,63.85371
1.24,41.70053
20.640000000000004,91.38127
9.77,42.374615
40.1,5.046037
0.966,189.5022
29.187,13.772596
9.964,36.250854
99.963,322.6019
80.643,449.44107
651.713,110.08955
80.273,133.08022
9.994,661.79767
1.063,101.92741
19.88,176.93126
0.157,53.613556
41.123,398.59927
59.977,326.99652
799.8869999999998,1156.0236
29.393000000000004,32.012997
0.216,24.916298
9.73,113.115425
39.607,151.27455
350.64699999999993,394.9559
8.64,59.878498
0.517,50.375805
20.073,2512.2334
490.156,114.440384
9.957,254.82237
10.01,407.9841
19.93,29.249577
92.41,614.5701
1.013,43.1772
51.257,37.89502
80.453,144.75787
9.72,28.162125
398.75399999999996,46.265343
9.96,115.422325
319.936,20.785652
0.297,355.25375
179.376,158.22289
19.98,1203.8027
90.91600000000001,103.72593
0.893,858.7695
2405.806,569.8719
9.84,55.14943
5995.596999999999,763.94354
139.954,53.158848
10.066,39.233795
228.984,391.363
569.997,274.19815
20.036,40.131912
8153.243,2985.5312
90.81000000000002,62.06664
40.987,46.073368
19.43,113.95514
439.597,423.5201
39.613,39.244
0.063,90.18302
0.924,43.29514
0.0,120.855064
21.74,42.989
28.483,162.32407
2.304,16.123474
462.28399999999993,525.8854
39.263,114.01948
140.027,143.45306
20.003,65.42361
140.323,471.51172
39.34,135.8175
19.22,80.677536
30.080000000000002,14.327668
10.95,99.86821
10.293000000000001,1.9347389
0.21699999999999997,80.75971
698.143,84.514725
329.25,219.4382
10.49,57.195606
48.803,67.867096
1670.677,2421.643
19.41,59.73282
9.787,130.45425
10.320000000000002,52.794193
1.14,30.235474
62.804,38.59841
228.72399999999996,473.08066
18.983,80.32584
9.724,55.83787
20.173,347.10046
16.386,27.759726
11.02,10.811358
19.727,128.7882
11.0,77.17342
0.47000000000000003,20.21634
150.847,136.43292
19.95,129.78737
220.92000000000002,530.11743
100.143,38.834476
0.97,41.13615
20.293,109.961876
1.0,54.998474
0.076,42.703682
9.767,34.686325
30.089999999999996,429.8281
20.137,25.585657
18.94,20.74439
1450.173,54.390247
9.273,508.96732
80.647,48.070705
9.644,79.97945
9.59,44.537487
20.306,33.196255
20.013,83.86838
0.27,1921.8414
9.64,22.325499
0.14,119.11966
209.02,920.2328
0.093,27.23525
49.693,334.6925
889.983,664.60913
2549.09,1136.2491
320.4,681.8528
790.56,4041.8809
428.99300000000005,630.3116
130.646,232.79028
40.036,5.5168586
2169.913,1078.4004
300.116,30.81348
40.137,183.52783
16.533,147.14458
10.363,401.59662
10.300000000000002,8.534411
48.98,69.92014
2.753,130.45425
80.03,238.4254
10.093,76.59514
19.943,5.497324
1.7669999999999997,20.570343
2158.637,1769.6366
80.124,49.41341
25.963,18.899445
23.14,22.812922
602.39,1657.1438
670.11,373.67896
310.883,84.525795
9.93,39.759834
18.067,51.47187
89.38700000000001,4.9758997
109.47,108.47334
9.353,505.40134
29.783,82.63353
39.066,24.045553
39.997,50.872047
19.123,17.900059
30.096999999999998,77.97056
99.237,439.8271
49.8,60.175255
127.716,102.44424
761.037,511.15692
9.203,23.104023
1.093,3.1197112
0.657,429.66565
6669.374,1394.7544
0.28,6.270675
30.494,144.4429
18.803,42.622997
0.923,75.38353
89.457,18.889135
110.223,73.02596
80.29,172.44702
35.803,22.881495
19.87,5.508206
10.96,50.896755
49.303,87.95343
18.73,49.80674
383.416,91.85196
18.816,49.854748
9.917,32.53516
9.633,27.363096
38.147,198.27242
9.18,204.52203
0.234,66.37117
30.78,32.14112
209.70600000000002,68.83826
9.633,42.29954
59.997,165.17738
10.717,101.62146
49.36,37.715317
19.843,20.825296
31.63,53.929745
10.562999999999999,21.849041
49.2,33.319992
128.787,155.73492
399.187,632.3836
20.194,77.501274
19.283,76.18269
60.17,80.44168
8.923,41.053463
1303.14,530.8151
30.647,101.56937
619.97,4000.9377
20.363,202.94257
10.673,110.25968
30.797,77.60038
29.003,64.48587
30.45,31.825232
400.19999999999993,1520.6224
40.107,26.293528
29.420000000000005,199.8202
490.23599999999993,77.35594
190.474,450.8262
39.68,109.10268
39.99,860.68713
66.477,45.81383
160.896,77.89942
131.6,89.609604
119.653,190.29486
30.996,510.03674
61.123,97.99303
1.033,111.35813
32.547,54.327538
0.86,86.071045
30.550000000000004,633.43665
88.217,154.67503
639.687,779.24414
71.39,182.26068
19.883,422.80865
29.89,44.042866
1680.253,475.9002
60.157,39.02606
99.01,59.079227
280.69,124.99421
19.627,52.43087
541.124,164.8301
18.257,101.3758
9.167,31.30476
19.763,440.3265
15.777,50.759834
49.9,43.638428
10.545999999999998,51.92792
11.1,110.8294
851.247,128.67023
230.397,3650.0117
21.803,87.544
220.804,123.30365
0.89,58.3013
9.593,71.08834
160.906,392.10275
9.59,96.21692
9.19,247.39407
18.384,115.457726
20.81,79.963
68.637,50.5629
8.907,49.899765
409.98,819.51306
18.844,117.64856
9.88,209.41127
9.033,107.637535
50.064,50.731262
10.373,52.065254
39.966,88.30022
0.707,10.747422
79.247,2.18627
190.163,972.13385
51.033,84.350746
21.067,90.09586
439.136,140.51971
10.06,153.73265
0.234,75.22156
1409.903,617.27454
0.18699999999999997,210.4963
0.437,164.02827
1440.473,487.87726
100.396,410.05176
9.97,446.32266
19.687,15.313946
369.63,61.515896
99.91699999999999,99.437035
8.713,533.8539
26.276999999999997,46.511288
89.46,61.52245
39.734,78.31711
99.86299999999999,138.46681
9.864,128.96262
21043.97,616.97876
10.263,22.486916
2529.863,1235.903
49.663000000000004,43.453075
30.060000000000002,517.94196
9.66,42.889847
19.0,58.622158
49.50300000000001,267.42462
119.324,699.15424
49.504,33.124443
45.377,28.974854
39.773,60.892975
10.28,31.539412
220.973,112.79405
90.75,321.06262
750.056,108.26091
529.907,760.52106
21.45,1791.8342
79.873,87.08396
30.826,38.29541
40.123,177.00563
12.064,953.0922
419.673,170.72874
9.677,301.38544
5.473,109.38297
20.07,174.99707
28.6,727.2082
151.116,211.6393
464.003,460.2984
110.096,117.5099
18.607,137.16402
0.28,80.10419
1.156,312.46756
30.524,28.176754
7349.553,57.498383
9.727,41.176632
0.6559999999999999,95.38597
59.91,44.336254
679.867,61.952972
9.2,22.696562
0.063,323.10812
9.867,91.327736
145.453,92.70852
29.844,58.773754
180.32999999999998,2.2975526
9.963,37.00014
0.123,37.94749
6.5969999999999995,36.838287
31.11,401.01297
81.803,220.89648
349.913,183.59755
1296.717,403.4604
10.267,233.4454
150.207,176.6052
106.487,49.51464
469.39300000000003,334.41357
11.246999999999998,32.144352
40.41,106.520096
379.14300000000003,20.586294
8.763,44.01945
40.64300000000001,3.564442
9.384,104.94334
1816.34,66.58772
89.917,61.124428
0.936,73.65269
8.847,326.98804
3733.276,64.09421
19.516,16.374403
20.606,34.12066
120.35999999999999,1641.6567
409.946,665.07806
19.763,121.787056
4282.61,449.93823
4.627,211.9749
150.667,23.638737
19.226,60.110973
59.213,458.76025
30.257,90.556015
9.61,35.67628
126.643,60.059425
76.604,657.45764
0.267,41.33368
29.923,30.37742
303.384,920.1565
864.64,263.37177
0.373,23.46894
840.137,167.13472
49.376,85.2106
29.726,48.33843
7.63,135.78116
31.11,97.30885
7069.52,1150.6039
220.866,282.13913
39.38,551.1126
58.94700000000001,113.487686
859.1499999999999,412.87823
39.987,182.66191
5146.387,413.472
83.02,71.0878
20.613000000000003,23.339075
30.570000000000004,352.00146
0.157,44.43311
265.843,2004.789
11.23,8.109621
19.58,480.44647
8.41,155.17992
94.02699999999999,121.456825
10.05,68.66992
0.673,86.41474
13.523,127.71586
9.873,26.972094
10.13,1.8661767
20.04,192.7871
150.416,138.2993
0.58,41.196552
220.07,41.537075
0.234,82.83709
10.023,264.81598
10.21,744.93335
49.78999999999999,67.56922
129.337,115.87721
0.987,104.50425
8.163,40.48756
66.437,53.505276
29.91,17.317995
3545.0999999999995,1848.3492
19.71,60.34555
1.173,84.82587
69.99,66.94186
18.977,41.50933
779.07,1532.8544
90.00299999999999,87.66947
761.253,526.5168
8.18,21.419498
19.497,21.091822
9.857,188.38437
30.552999999999997,1.967296
0.123,125.1607
650.147,93.08845
379.773,198.6545
11.643000000000002,42.873726
20.92,135.54448
20.933,12.655924
11.107,463.8398
10.606,88.16882
182.04700000000003,51.857197
19.567,59.491257
21.157,97.17585
429.71999999999997,800.8016
689.42,47.895397
10.0,51.389313
10.284,42.110115
19.153,52.58001
19.524,40.03909
131.1,635.6012
29.973,30.676977
67.843,51.23662
129.253,90.96691
19.3,644.0976
107.56,55.4301
19.177,467.913
61.317,594.74585
1.0,77.31945
1399.65,10.380861
0.797,25.463243
19.35,40.075417
29.15,38.108143
46.103,22.31676
20.123,243.6037
19.677,33.991352
31.407,289.92398
11.764,42.94525
79.884,114.57413
190.28,55.908886
217.81000000000003,111.711174
0.186,24.270489
119.927,3892.2693
19.463,1303.341
0.076,25.050535
70.403,481.75342
10.833000000000002,58.625706
19.853,74.43484
1529.03,1791.8342
9.894,265.86948
10.929999999999998,5.193821
20.96,158.35616
1.267,201.41322
3294.426,4162.1616
9.996,1.1304218
80.69,246.09349
109.664,297.04327
9.797,142.65385
46.803,67.47459
0.37600000000000006,51.468155
220.223,57.61185
19.78,371.4995
70.9,2160.0789
30.72,39.29472
9.79,421.2023
19.006,35.17091
9.887,88.56321
19.147,12.580736
0.343,483.56985
19.377,175.58276
40.04,184.37968
7.780000000000001,37.116028
1819.907,238.99101
59.807,34.50737
19.7,178.71396
0.16999999999999998,1.4824113
1.14,97.77003
340.867,64.833176
199.797,246.77556
149.396,48.389805
20.353,24.082632
120.344,154.60641
9.31,44.237553
0.97,93.29023
9.983,3.3345282
23986.236,80.38447
209.997,226.36615
90.87,7.9074445
30.046,20.570343
0.673,20.016275
0.143,201.3348
1180.214,88.31383
1225.79,780.61194
201.18,43.360508
41.597,1560.9722
9.96,91.27689
0.16,91.813156
31.293,69.94933
29.38,227.40347
69.83,49.33379
29.984,57.825672
20.08,412.02924
0.966,227.40347
43.977,39.91733
9.303,32.776093
11.154,7.9883947
19.657,15.841104
39.58,23.589155
290.946,21.707188
4038.983,2377.744
23.68,4.2119484
9.95,606.2565
10.85,158.37125
19.963,86.909966
18.747,57.279774
64.0,1018.2675
79.86,225.21417
29.303,99.59534
0.564,6.7127547
299.45,2040.3582
19.564,37.048332
10.727,21.763075
79.187,172.95734
0.28,866.6945
17.756,151.29582
20.38,85.20108
10.293000000000001,4.4109406
80.097,106.063484
1.41,36.25952
0.703,88.24894
19.8,8.408913
10.95,66.93619
18.99,294.91235
251.96,83.38865
0.52,59.192375
21.383,348.9686
140.064,110.361755
0.233,31.694351
19.89,41.748585
29.046999999999997,207.86983
479.927,182.6458
0.093,54.18586
19.74,546.2088
58.023,224.32343
100.09300000000002,118.83041
87.57,85.06965
69.367,637.2013
319.9,67.477516
0.394,79.95169
19.44,8.43967
9.617,3.5944593
59.307,173.9301
18.813,62.89907
20.346,1680.2202
2.14,1.6874549
19.42,54.88683
78.683,651.52466
839.6,207.4193
139.853,232.93115
10.653,40.075417
1320.1499999999999,602.43616
293.69,673.42865
9.693,74.9983
3808.226,1616.2834
30.716,24.543135
8.163,42.692165
20.546000000000003,33.555702
10.63,77.59831
39.704,356.7317
18.823,510.48013
8.26,68.492905
99.147,30.534206
19.703,35.361916
20.93,669.8078
89.903,233.40479
19.627,94.34893
11110.804,282.70078
29.773,194.51727
70.287,52.514946
11.063,56.68996
7.923,23.445946
340.606,185.5614
8.936,64.62863
21.144,184.51009
30.28,68.5585
89.674,61.002666
281.253,44.685856
10.127,68.07548
129.75,468.98218
58.063,34.48286
4610.327,695.8453
472.193,1041.2466
19.437,72.571075
0.58,28.02735
19.846,658.318
19.893,101.88668
40.373,210.58365
59.93,269.292
1979.503,292.26157
18.966,250.97214
399.797,496.34027
9.793,100.06012
209.897,190.6328
19.813,29.640207
8.99,13.972137
81.307,92.626
20.657,92.50828
10.127,20.91294
60.293,13.585459
30.113,934.226
19.98,42.19088
85.58999999999999,53.83183
820.443,111.96332
220.12000000000003,179.93295
0.876,88.42081
29.957,505.79312
309.194,80.416916
89.597,481.98486
149.69,376.0106
9.69,3.4478214
3.6,221.6343
0.0,105.22974
0.47000000000000003,525.13513
8.107,24.211842
1.21,79.73849
169.24,86.8769
71.574,92.30213
11.22,3.6267128
59.99300000000001,160.7602
11.063,30.326109
3.46,26.84304
11.977,147.72841
340.296,123.5116
0.076,86.51633
77.467,41.943653
221.95,85.68504
20.383,72.961685
0.017,53.340054
1760.1,1135.4163
0.467,16.374403
10.63,372.13443
119.647,170.29877
389.966,152.24661
10.073,78.96204
40.954,377.48676
0.03,195.89926
21.34,78.72376
14.787000000000003,80.791534
90.92,621.8476
19.913,13.929536
0.156,353.66727
19.346,1.4018711
0.31,134.10466
19.95,425.41565
19.63,629.0584
441.133,552.4281
11.78,182.69684
19.973,166.4296
81.29699999999998,365.65765
119.923,162.09776
69.854,33.59931
440.17,81.32453
19.927,1197.0605
19.383,92.127464
111.04999999999998,79.92625
29.97,518.3938
370.217,399.08392
19.96,225.97432
69.454,96.37842
9.904,79.02675
9.406,459.72733
89.817,5.497324
18.873,178.8176
9.43,20.91294
30.042999999999996,88.95649
0.156,44.22571
21.677,44.423252
20.57,58.13356
40.09,40.6353
219.117,283.6286
29.85,81.73827
50.793,42.29603
0.343,205.59944
40.773,134.99864
0.22,133.06357
90.75600000000001,80.20245
49.663000000000004,63.466236
419.70699999999994,890.8894
49.66,725.7546
134.816,59.919712
39.213,1.9495368
21.863,118.54662
9.597,25.999714
0.064,792.10364
8.553,18.35701
19.653,8.760832
0.647,18.503363
19.21,99.32395
34.44,724.82043
31.504,8.367252
170.29700000000003,2084.8523
601.004,548.063
0.064,47.75376
4468.76,2515.5417
20.55,92.68286
149.784,34.751003
409.454,1104.446
201.25700000000003,405.8122
0.0,90.62705
1.617,67.455185
9.83,164.36586
159.984,291.50934
199.977,289.15237
142.796,60.727234
20.077,82.14417
30.283,41.244892
0.14,22.620348
200.17,152.42072
49.15,2.239217
1580.9099999999999,626.4803
30.147000000000002,4.401147
179.367,66.09558
11.712999999999997,83.15569
0.36,124.83475
33.413,2882.0159
30.183,13.227388
130.733,228.33475
0.716,557.31586
520.483,75.87291
39.924,659.76495
901.026,4785.4272
17.477,91.037315
1296.99,831.6098
30.32,73.045784
0.906,46.313473
9.75,206.60393
447.167,3858.0044
4.02,109.38297
10.013,235.27132
78.596,637.81305
0.11,21.25859
18.88,84.69272
9327.953,1413.1322
18.906,75.748245
70.383,908.43774
19.623,60.880623
20.904,1034.5393
9.677,20.142628
20.224,364.80453
407.487,66.79638
38.836,508.96732
0.723,64.53652
49.593,76.11181
7492.08,584.40497
109.933,9.866814
340.587,166.41318
279.82,105.44963
19.964,123.51164
139.907,46.003178
99.513,857.11487
121.22000000000001,304.4696
29.8,171.27922
1133.496,657.994
10.253,22.979752
649.743,444.4039
19.854,902.0209
1953.517,609.3427
250.664,160.19627
19.766,67.88256
129.95,104.19921
20.26,677.02264
17.694,44.237553
17.86,90.5402
919.4429999999999,976.7013
18.303,49.899765
279.407,47.80788
0.623,40.1645
8.343,82.06499
40.274,278.93692
11641.84,3760.687
60.23299999999999,56.39449
70.087,50.57201
829.77,63.116264
0.9530000000000001,91.037315
15.44,129.90567
9.023,24.979258
20.05,53.89888
11.117,68.78073
50.33,49.857025
69.643,152.69696
110.06000000000002,162.81485
570.637,699.4091
9.85,16.374393
40.054,64.63914
1.097,192.25966
349.146,1283.8235
8.75,37.973236
289.506,552.1251
10.814,59.994564
20.333,31.062168
492.14300000000003,126.98232
0.89,42.79087
10.036,137.62288
18.913,45.22405
19.593,129.78737
390.18,277.1739
10.08,63.438114
102.213,145.76521
3611.304,827.067
29.95,106.31385
869.536,313.29156
0.033,34.365837
29.985999999999997,199.64304
30.796,103.37539
10.287,35.86178
3939.57,2109.2646
0.9200000000000002,83.08596
18.513,41.053463
89.69,855.1704
430.366,444.28882
39.436,37.356987
35.23,0.13147336
152.423,72.286415
159.947,82.55264
40.74,446.65854
19.634,199.26462
0.453,544.3226
209.183,47.889587
20.777,507.37772
330.12,55.76782
269.884,51.685787
39.75,1060.5526
32.353,162.1151
701.043,384.52908
79.737,494.3093
20.89,61.354836
8.203,0.13426425
430.15,828.28485
349.9630000000001,43.446465
70.5,105.41914
369.50999999999993,87.304344
20.357,79.62551
99.78,87.72138
9.24,37.676094
19.75,40.968025
569.993,597.25995
9.09,85.53094
795.93,57.03346
19.546,94.44706
19.134,132.2388
3829.986,218.6126
20.003,59.01038
11.980000000000002,177.34799
2854.34,813.14886
0.093,8.600071
69.834,475.172
19.057,90.69461
8.053,73.31507
40.537,34.834103
11.116,123.69404
1810.93,965.3124
9.14,21.899424
9.29,55.55667
380.97,124.52681
10.653,11.77795
40.013,164.41747
19.994,23.312159
8.38,91.51002
0.123,65.68008
550.197,82.09744
61.24700000000001,103.37539
10.59,48.525555
51.124,108.632355
50.723000000000006,462.76895
9.827,45.807133
9.706,101.0617
69.85,479.61612
6611.050000000001,2278.8457
10.217,202.29617
20.11,65.28149
50.337,77.73815
71.033,298.6545
820.89,395.61096
9.05,108.29694
11.674,17.830067
299.933,49.4235
0.534,101.45091
61.68300000000001,115.95334
128.166,539.1741
28.86,41.58824
11.287,244.08734
8.967,48.556213
10.263,240.93143
9.31,3.7641442
20.39,1864.3213
29.107,239.86292
4050.16,4553.2495
0.157,17.181282
2498.757,780.9562
69.596,65.341995
4060.507,612.6816
70.853,124.12461
239.72599999999997,150.7647
1330.034,1823.9706
40.763000000000005,64.35558
60.286,716.16925
18.173,82.76453
18.843,30.817049
0.28,39.867203
59.51700000000001,66.44505
943.5099999999999,219.56935
9.884,667.472
67.277,93.18674
669.3840000000001,656.004
0.173,41.940998
20.093,205.2531
190.744,20.009356
10.044,83.077286
19.93,265.67505
29.117,77.31945
18.673,128.02345
140.556,337.26883
8.694,73.861244
410.173,735.1269
1370.0500000000002,854.7348
10.053,100.6101
8.95,60.435955
71.814,195.27016
0.157,53.08867
17.714,34.78585
230.567,587.918
9.02,123.20809
990.714,567.4389
4.267,39.343082
0.7369999999999999,49.758938
380.42,674.4285
11.937,31.259462
78.783,375.03998
231.27,27.93076
0.6559999999999999,306.4343
20.203,34.873272
69.93,62.6061
9.414,41.704796
8.8,20.948544
30.109999999999996,1465.3795
193.617,116.70234
40.794,1196.0803
20.243,83.258156
639.287,42.32512
1229.14,42.040585
62.057,208.0491
109.61700000000002,177.7
9.886,3.0209367
18.703,78.690346
130.43,43.448627
24.21,84.41793
0.827,88.14785
20.947,38.38557
20.587,582.27124
0.313,24.78028
78.964,5.758434
61.067,17.454487
39.586,191.51628
0.093,201.3348
19.857,77.68108
20.487,991.1387
0.157,217.34749
180.246,32.847225
209.963,72.727905
8.716,30.440224
10.797,43.25126
440.887,651.6482
0.403,100.900734
9.88,93.38454
10.347,75.35036
649.39,187.08116
329.99,157.86937
189.57,155.7634
10.163,15.867879
291.593,294.71497
60.054,122.20043
29.856000000000005,45.984173
9.493,24.305168
20.973,62.935238
679.613,474.7478
379.417,496.67172
259.707,89.138336
28.8,512.2877
2573.68,61.59996
10568.563,423.88806
10.287,49.47847
10.637000000000002,105.46276
29.604000000000003,16.833292
4.8,71.700676
250.2,265.3309
0.013,82.53462
50.297,117.881615
221.153,159.91449
179.76,189.59369
29.804,95.07249
99.103,165.24678
129.99,71.72767
0.18699999999999997,38.740223
239.99699999999999,93.91399
9.793,866.6945
44.190000000000005,37.645073
470.337,136.23853
18.663,291.12918
292.127,43.902824
19.696,68.52457
14420.67,1498.225
0.11,74.74265
10.433,19.995213
509.937,585.25146
120.207,40.68339
10.023,96.30517
5026.363,1799.2764
49.522999999999996,39.604256
21.857000000000003,41.439312
0.127,36.731197
39.55,269.71982
21.47,44.4242
41.013,57.22851
39.61,26.900253
7.91,15.45472
210.776,43.98051
29.693,102.25129
49.566,137.85374
2365.774,564.9183
310.3,115.3279
280.696,495.13162
21.263,65.8918
19.487,134.28607
1.3599999999999999,78.56387
480.506,531.5963
31.097,86.28502
20.06,432.10678
21.006,3.81349
41.49,83.29249
1745.573,1057.8641
70.7,60.449253
39.96,154.83574
259.89,285.50244
20.09,39.172016
99.717,1413.4734
1675.417,2126.0483
40.53,458.00677
110.423,41.669548
29.803,31.595423
20.437,31.139462
106.953,159.15768
10.545999999999998,3.3144767
10.917,26.332848
99.98,133.85078
169.343,288.76678
56.40999999999999,31.946321
19.814,53.241127
9.687,29.918863
19.897,98.39445
39.194,143.85013
120.293,0.10574713
38.797,38.831448
20.673000000000002,41.414047
1840.413,60.93575
459.773,1989.9911
17.173,81.91032
1.3599999999999999,20.083128
8.803,82.06499
9.0,20.846218
19.7,99.676994
9.087,224.0041
50.417,59.75694
60.337,106.51068
40.123,479.61072
9.173,36.330612
220.233,520.64954
180.07,2858.3523
10.377000000000002,465.99945
0.04700000000000001,39.723804
230.657,487.22754
30.606,69.65762
15367.836,387.70123
0.564,42.104576
40.033,4.0447474
59.856,133.44188
60.173,31.836786
421.05300000000005,313.58862
0.283,125.1786
0.017,29.63334
19.383,370.90237
0.55,610.47485
0.42300000000000004,28.144335
130.503,726.6422
9.1,83.15569
20.15,84.11771
1.237,101.37783
251.02300000000002,71.065765
0.407,70.40303
10.453,35.361916
0.25,57.614258
20.57,38.80014
19.783,55.925934
4352.05,621.0251
11.193,118.92357
1240.074,234.23409
39.136,70.15406
71.09,268.3315
8.764,88.39595
68.026,374.93246
29.96,206.60017
0.123,105.633255
9.453,31.147213
149.793,259.8145
11.52,50.75312
90.073,221.87599
19.433,553.24664
1059.837,210.9273
20.887,490.03894
9.39,105.983116
9.71,67.46488
19.94,50.35042
209.873,49.79402
20.797,87.11259
330.003,53.752647
14.779999999999998,41.88094
19.61,27.409622
379.4,366.091
10.003,39.169884
19.653,224.05476
12441.757,2606.641
9.046,29.454544
8.994,174.46799
166.076,109.5189
139.316,112.05286
279.39,234.12454
11.313,54.998474
611.087,1382.7579
58.997,74.55702
60.353,263.87384
19.467,174.31496
490.124,25.963026
18.83,49.52398
30.714,80.8737
39.936,93.96932
0.127,524.27924
10.44,22.107918
28.053999999999995,54.18958
9.144,77.973755
9.59,11.958538
189.54,170.35144
41.006,507.1245
18.21,30.913599
5205.247,282.5985
10.54,42.092434
72.34,35.319584
8.86,305.2042
10.187,158.39362
81.57,146.09459
0.927,132.26692
0.47000000000000003,78.72376
685.32,1189.0181
9.49,80.39277
10.133,102.81783
20.14,30.55304
9.766,21.536585
18.927,96.46987
72.376,82.658394
18.583,300.2318
49.323,149.88402
0.344,129.79266
220.83999999999997,144.95824
221.844,1159.4027
429.514,555.453
120.586,128.2796
18.96,118.00733
9.596,109.138695
51.78,196.41791
8.163,61.34108
40.016,97.37955
18.757,93.19056
9.456,31.805859
39.663,43.18806
2630.404,1697.9066
9.724,75.86864
0.0,181.65471
2.22,18.901293
24001.62,319.40363
11900.05,2137.4883
28.285999999999998,176.61943
10301.51,2459.2708
7078.467,1160.2308
7.68,90.358116
200.12,255.0198
464.99,197.32802
7.757,4.1582403
60.06000000000001,244.93228
40.177,64.067215
59.593,77.82589
5.177,64.580666
39.373,10.542174
20.18,35.736893
20.15,92.25248
0.093,41.418594
29.457,87.34726
19.627,17.525078
29.294,29.04616
60.657,61.209187
0.08,1.4824113
37.71,80.75971
100.063,73.96247
240.717,2466.7402
1610.3070000000002,574.0747
9.95,148.88374
19.51,504.52527
220.15,11.31849
9.643,118.454315
20.717,213.16994
581.904,418.24557
109.02,0.14262562
8.633,124.544464
20.83,43.689697
39.354,104.56984
19.837,56.645676
49.963,243.23651
19.95,113.504036
7604.166,1685.7762
10.837,66.0621
1619.7200000000003,2102.398
940.16,847.6477
22.943,0.0029285608
41.686,3.248242
227.947,938.55444
20.133,28.05644
9.63,7.0710115
0.04700000000000001,0.15273325
882.636,4166.0195
1737.264,762.4442
1924.8,117.320206
0.233,42.692165
10.193,180.50418
10.02,142.74857
29.123,52.30063
0.174,54.646004
8.23,20.21634
89.767,268.47067
8.75,4.9697685
39.517,41.484657
10.886,103.62341
9.84,82.920715
59.893,390.3065
31.140000000000004,53.371902
19.567,101.24366
459.41,62.832214
59.367,67.67452
19.987,37.232155
0.04700000000000001,224.9213
20.78,80.32584
0.263,41.89279
839.06,8738.284
21.08,137.43137
50.123,151.00298
592.687,24.89949
19.593,180.67758
38.813,137.85257
3.924,24.376726
11.623,38.923862
592.387,154.65901
10.704000000000002,31.173786
119.383,224.1464
9722.95,1654.1589
60.07299999999999,82.94803
41.87700000000001,70.89963
0.78,161.23975
38.7,37.837673
79.643,353.04013
10.974000000000002,31.561947
38.196,151.18295
10.24,162.908
38.836,1.6119845
50.03300000000001,225.97432
20.923,28.297176
0.55,19.36981
8.856,39.09804
9.846,78.31711
189.95599999999996,651.83093
0.284,57.265293
30.243,344.00925
428.08,638.9418
0.566,83.466515
23.763,468.68936
17.773,1.6446109
0.674,29.337233
10.916,112.975624
48.39,1.3257034
39.273,1.8702939
49.634,7.906735
9.113,21.255037
0.093,5.2673726
18.337,41.418594
30.069999999999997,55.38263
0.97,13.911792
30.679999999999996,121.512794
50.043,150.72302
9.723,3.3628497
30.236999999999995,105.48279
9.88,56.404507
180.387,155.04477
1730.39,692.8647
2772.793,63.17312
90.79,194.38338
0.373,22.089571
70.09,161.3178
149.667,66.587975
240.153,41.824783
18.284,51.180584
29.482999999999997,236.58568
19.963,102.89082
67.73,477.90497
569.833,291.0656
20.833,20.74439
9.227,54.167442
3392.327,423.4805
99.657,51.102665
4009.94,2990.2908
139.606,21.84073
59.307,207.68382
20.707000000000004,36.405743
8.834,418.8397
162.29,51.43005
80.923,92.70548
11.83,472.74585
901.84,592.30884
1693.057,1765.9519
9.96,41.76798
19.736,2709.117
61.107,24.360466
69.593,26.791693
159.984,440.38663
9.356,53.457466
30.113,21.655949
60.187000000000005,81.885605
19.783,134.72289
18.407,8.995521
211.057,71.28603
651.156,1244.7534
0.22,51.2699
119.83599999999998,236.29605
101.13599999999998,125.230034
99.923,80.78692
19.56,403.64005
230.25599999999997,868.2514
79.777,13.120945
0.424,35.190556
9.163,9.951837
39.577,545.6847
19.363,91.7935
60.13,193.02599
0.203,80.10171
719.737,799.6291
8.08,114.2024
39.62,128.96262
39.78,63.66623
29.462999999999997,519.34125
12.243,40.03909
10.076,171.38696
20.187,1393.4008
20.067,107.0772
21.544,38.52893
20.654,31.107624
10.214,577.0084
0.687,235.67358
89.77700000000002,42.458817
127.553,45.71377
29.773,164.95772
40.267,4.585723
19.68,103.54147
19.853,35.204662
20.007,40.22054
20.466,79.53574
10.14,232.02513
175.81,151.91467
169.927,47.182175
20.31,83.63063
109.557,224.06668
50.41,63.725006
1571.1,2731.4502
837.74,62.01631
30.02,207.3766
30.042999999999996,143.3159
19.53,74.14897
18.543,46.09367
9.866,39.779366
79.377,156.68864
0.55,372.13443
78.723,959.82117
18.783,58.673687
18.583,507.37772
90.923,65.16903
88.8,108.066864
10.127,167.15059
19.003,133.27795
20.083,44.423206
170.67300000000003,37.143623
20.253,182.81032
10.95,20.142628
20.317,21.285246
9.67,24.387205
0.467,863.73456
39.126,157.01349
1565.177,801.8018
10.453999999999999,133.33582
240.083,147.75226
16.243,140.471
6.7059999999999995,81.60186
49.273,102.141205
220.307,109.3747
20.602999999999998,29.684914
710.196,467.78558
859.523,334.35016
10.167,40.398357
9.047,2.8996706
39.77,112.27973
10.107,62.113243
20.42,23.841526
31.023,79.85088
10.446999999999997,59.994564
40.044,64.30633
0.18699999999999997,9.200003
180.21,35.847363
39.16,115.055824
9.233,75.38511
89.93700000000001,228.05576
0.8940000000000001,36.606323
280.89,12.50379
11.430000000000001,135.17342
19.827,192.3902
19.95,0.8236382
39.317,33.659637
368.2300000000001,49.770844
711.0,168.7548
1470.12,658.27167
159.88,19.875603
9.85,34.131405
60.09400000000001,280.61877
99.32,602.3243
39.757,117.881615
9.943,537.5631
160.804,181.67653
41.097,38.56419
10.04,229.60098
19.593,227.4435
10.097,124.565315
79.367,160.89716
169.903,22.088833
1678.114,1.5833689
149.77,441.49142
59.48,265.42328
9.177,6.4107556
89.96300000000001,557.4921
250.11,559.17914
199.33,136.3767
91.027,510.14877
80.104,216.13203
17.2,126.35043
887.647,150.74477
9.84,58.802723
10.53,460.6575
610.94,81.39509
8.98,120.855064
30.26,459.8623
16704.407,2788.8943
19.063,63.942116
4.487,176.95857
18.574,88.01757
0.126,984.67554
11.04,52.272564
10.08,79.74163
38.157,28.867088
460.55,1231.824
0.18699999999999997,42.817772
0.124,101.88006
9.077,30.166008
20.017,97.51538
9.687,9.45799
19.77,83.85727
78.797,218.24283
108.94,63.0571
20.303,4.7969675
18.94,21.836245
9.886,38.484703
19.747,119.82928
19.634,56.113113
881.393,79.812515
40.453,72.50928
30.323,40.6353
24.500000000000004,54.57954
0.516,177.03523
80.26,13.847049
1479.7330000000002,204.2518
19.683,9.15321
330.057,84.60139
108.82,243.73918
259.607,386.01288
9.804,20.023178
150.123,27.534166
20.04,43.9775
49.623000000000005,96.507195
90.98,100.41618
0.09400000000000001,18.53772
21.227,3.887318
69.71,172.83122
90.207,32.101944
11.33,33.427547
9.904,440.74136
250.196,77.41821
48.95,510.61295
130.096,266.4916
20.853,84.60723
281.043,128.16527
19.567,98.05303
210.35000000000002,38.379353
499.704,411.12723
219.993,14.294201
259.513,604.25775
400.93,1021.96387
130.054,154.34157
0.407,145.03032
182.913,157.51932
0.437,109.934906
1.394,182.12576
20.197,40.7137
104.993,352.00146
18.78,48.82363
10.592999999999998,3.7295692
27.603,125.47841
110.903,115.67727
9.096,41.962177
0.9530000000000001,34.531986
20.2,77.10869
49.673,108.110664
49.053000000000004,53.951187
58.427,1698.0104
460.013,3565.339
27.93,20.0169
50.20700000000001,43.973038
110.23299999999999,77.98057
19.93,386.1465
19.937,22.634537
1559.997,486.26508
30.134000000000004,1864.3213
59.703,129.25739
0.407,573.3759
0.156,94.60909
21.192999999999998,474.17963
19.763,20.759811
59.647,746.65125
21.313,154.5092
19.557,133.18272
59.136,88.20797
409.396,52.450703
78.946,224.11896
49.37,107.77963
9.637,22.088833
0.67,90.921135
0.37600000000000006,40.309315
379.84,371.20404
80.133,158.93317
9.063,23.217424
51.113,57.596127
250.413,723.0417
7460.946,7030.696
30.58,43.453075
30.35,929.3411
7.64,66.60477
132.933,503.80167
28.07,98.20717
8.483,119.14713
0.44,55.27685
80.01,110.75352
9.427,40.131912
59.83,61.516537
49.78,38.651237
0.55,504.21338
360.75,25.791977
20.28,88.82122
630.95,893.4065
20.906,720.0429
90.737,58.59034
2200.047,1217.0377
48.923,133.39984
27.877,21.143152
720.4370000000001,699.7707
9.123,77.10862
9.716,59.732784
259.713,130.5215
373.34700000000004,100.958595
0.36,86.28502
210.347,484.5029
10.47,21.122213
30.406,156.0355
530.78,87.1514
0.09400000000000001,241.1248
48.93,128.05229
243.35300000000004,2044.6873
6.264,55.21313
19.627,114.76965
50.994,69.929855
109.73,104.35822
0.0,55.007664
68.933,427.12244
60.04,30.235474
49.92600000000001,41.710354
99.67,137.15932
640.283,450.27237
139.55,29.349998
171.06,94.07546
39.844,54.168056
3039.0,1238.7765
19.59,56.2306
29.08,547.0906
434.917,195.98743
329.47,122.79202
71.413,252.16411
0.924,42.328598
99.857,328.4948
20.207,195.2437
49.059999999999995,234.81209
0.203,1.6028516
59.7,49.560287
370.967,595.68085
1.013,820.0894
100.16,0.1213141
121.627,44.518864
9.813,34.25548
21.033,37.97872
9.27,44.65432
960.047,458.06982
18.966,78.2525
0.567,141.9464
11.42,176.38763
118.033,8.202677
9.227,74.82369
549.66,112.133026
19.873,24.082632
651.4599999999999,612.87274
488.51,332.6721
30.18,2.105909
30.597000000000005,64.21548
20.97,1105.7773
20.283,53.138145
29.547000000000004,147.6204
8.294,180.67758
19.57,61.93198
32.927,71.41374
9.397,75.50982
9.507,100.082016
70.35,271.49594
2399.406,383.2444
480.18300000000005,517.7505
6.603,37.56977
121.35,393.11472
61.212999999999994,9.0408
10.862999999999998,3.6552632
11.61,121.14315
0.67,105.312195
210.303,157.80061
10.636,472.91653
10.48,71.38551
19.89,390.1034
19.71,220.2895
1.08,26.202219
63.197,126.50273
0.03,35.790802
79.967,182.49794
20.547,109.38297
1059.366,255.59583
280.04,64.365204
2.06,74.41145
309.99,40.389965
19.237,79.10851
20.51,351.5323
0.86,30.568085
20.617,118.83041
30.333,25.168543
18.07,76.922775
39.857,265.88107
9.926,194.69469
8.94,41.812336
3429.037,96.208084
9.96,83.46769
19.09,50.730106
309.723,1422.9332
8.796,38.979794
59.86399999999999,55.01521
0.32699999999999996,66.51864
331.313,416.63864
0.6559999999999999,64.43143
10.330000000000002,45.11026
4929.017,1233.9309
213.94700000000003,61.977165
11.283999999999999,65.141716
40.387,81.448456
440.91,96.3746
0.36,136.8637
81.26000000000002,416.53522
39.923,502.0353
10.344,26.354727
0.537,63.85371
240.033,6.2550645
10.037,31.26846
9.917,422.56973
32.14,17.181282
2.266,18.01991
89.637,614.7551
20.26,21.536585
48.89,40.556244
189.99000000000004,131.05397
20.306,7.086475
40.1,3.1414142
70.177,245.50792
20.893,454.6123
11.49,68.75651
420.723,445.63873
992.374,1169.5948
0.47000000000000003,31.827509
238.893,157.13742
109.773,157.02483
20.413,83.54733
18.403,3.1323326
119.76,110.54929
69.753,136.98526
81.027,62.91615
124.244,0.6760469
1665.1400000000003,92.99337
20.157,96.42981
508.774,1919.5532
29.914,36.187756
20.1,182.96265
20.543,92.27516
28.66,44.22951
311.227,852.43384
239.93999999999997,819.13586
1946.123,548.51294
130.057,593.6508
46.057,35.631283
0.673,30.012598
9.74,34.03824
148.393,160.24466
641.47,1195.8542
9.39,178.87422
159.666,28.790956
11.02,195.68518
40.173,51.7229
38.43,19.989994
181.334,152.44789
8.827,93.56079
15700.62,2091.1765
120.486,265.67505
18.71,85.78526
9.373,55.162132
19.673,904.6513
109.223,82.00977
9.97,454.35788
9.28,40.248947
10.14,74.930725
178.20599999999996,85.66862
29.753,30.189602
0.186,61.3961
0.343,32.2224
29.636,23.20436
20.25,240.35063
189.14,861.0471
17.71,152.69514
70.21,0.003197256
19.233,31.960491
20.06,85.26484
19.587,28.498737
340.527,14.337096
120.89,84.158134
69.69,60.73204
240.59000000000003,870.21313
79.406,559.96405
320.933,568.5821
20.024,74.72518
92.21700000000001,161.96472
289.537,147.53087
50.286,430.4476
9.78,42.29954
9.117,43.40168
40.46,542.34485
11.067,51.02665
0.876,32.54161
1.19,88.376755
30.007,491.48755
149.887,1086.5132
71.747,55.55038
11.986,22.089571
88.854,144.49687
249.65399999999997,59.574085
9.864,83.37294
59.8,250.4262
120.46,386.2998
17.927,111.96108
50.8,290.5366
0.767,27.961147
119.764,452.7826
0.797,54.167442
319.227,0.6818867
19.56,85.47522
60.81,51.359707
11.35,18.534637
29.446,43.408287
10.303,108.26287
10.194,28.993954
11.457000000000003,35.525562
9.857,177.97488
9.94,33.13853
11.627,4.2354574
63.17,76.4373
1231.167,1042.9955
0.03,39.169884
17.903,31.595423
98.96399999999998,98.49462
1.287,183.12462
10.903,91.037315
10.897,91.38761
1129.407,91.33433
260.01,6.2451468
330.06,988.01776
1120.15,393.57828
130.85,27.145016
6.376,29.469889
9.357,112.81821
31.669999999999998,108.892426
1090.567,893.99207
29.13,128.71841
38.91,24.390018
528.107,352.52393
59.737,61.287273
9.95,215.2932
0.127,462.24597
20.486,109.70146
0.877,169.62814
9.747,129.33224
59.043,93.3086
20.720000000000002,4.235461
49.923,174.43965
39.413,1581.8461
9.593,29.732277
29.41,111.00936
20.287,36.938038
0.89,406.5803
20.02,30.48706
580.516,122.84154
21.34,22.325499
10.983,73.36978
50.197,585.98303
10.247,0.57611984
13.183,50.601116
20.337,83.466515
89.41300000000001,152.20757
18.643,40.975708
18.63,29.737038
235.063,1024.4747
360.564,572.0646
19.694,83.66523
2.057,75.214584
0.14,36.25952
19.563,1104.7616
19.927,231.66754
20.757,107.74857
9.833,55.648975
9.967,19.613098
60.054,86.14747
50.343,205.5393
11.023,111.93601
61.09,155.28758
20.587,69.72225
1191.026,518.1483
668.904,571.86096
19.01,105.22983
309.723,219.3097
9.79,434.41037
50.66,137.06204
0.89,46.203396
9.497,132.87675
29.013,240.73622
18.103,58.625706
8.72,26.174377
0.766,510.56165
180.59299999999996,55.026623
5.287,133.18272
50.144,243.52956
1399.96,827.26
20.123,359.27902
1249.316,1113.3336
99.684,650.46936
22.174,228.03922
20.333,105.07943
119.983,790.0281
11.917,28.333218
0.18699999999999997,76.14663
80.92,109.920975
428.9599999999999,249.68427
0.22,33.148586
0.28,92.56419
0.017,42.007458
300.09,725.75806
31.376,483.18777
4.72,53.69242
9.82,86.23076
0.03,208.66747
0.343,398.25757
99.593,82.48635
19.547,100.967125
200.404,162.53416
0.017,53.276592
40.09,206.17517
160.437,1494.7603
79.87,119.94103
9.943,2.3047283
19.95,408.55026
9.687,29.795689
0.9400000000000001,51.576855
60.077,998.61383
30.123,19.068192
19.737,20.0336
260.096,37.03194
0.33,38.864124
22.2,3.651504
100.06,707.5924
160.446,429.52435
1.053,135.55086
9.0,3.4649901
520.25,269.49487
18.417,59.58297
6788.596999999999,574.298
20.669999999999998,58.442974
140.313,555.1335
0.627,88.01757
18.954,31.30286
59.706,211.14981
9.64,92.90537
0.483,232.15115
199.87,13.052474
1.063,68.923904
0.0,3.8118029
1798.703,1178.0481
157.946,3.8173463
20.23,66.95531
70.296,6.8784657
3085.4359999999997,412.8318
0.72,278.55856
10.82,45.22405
40.113,0.30400437
169.803,131.80316
20.247,3.9429107
9.77,41.351597
279.637,39.131298
41.882999999999996,53.693085
0.36,79.2507
12292.327,1260.5889
0.77,41.238327
19.943,27.232136
23.996,592.41144
5940.933000000001,2169.1755
50.06000000000001,19.432491
10.477,87.872246
790.683,268.8117
0.203,51.093716
251.296,45.985252
110.48,0.30257377
49.183,41.570293
20.744,166.51688
119.116,57.54859
10.163,42.80122
49.337,50.87433
332.12,1243.6094
160.197,20.041069
20.720000000000002,889.4098
0.06,395.52087
0.033,46.888077
70.847,203.58723
128.444,1472.1123
28.713,169.74603
61.11300000000001,90.575195
610.116,497.51865
88.88999999999999,29.409761
79.1,69.26759
70.81,912.90656
70.81,101.88668
29.617,40.26099
10.19,7.05191
30.599999999999998,20.237219
0.14,30.581266
79.863,170.95193
31.19,46.838528
9.127,92.92747
3954.437,3038.0105
26.053,24.243633
0.906,9.674181
8.934,123.20809
240.487,1035.732
10.053,7.507502
189.107,81.72584
20.067,36.25952
9.273,212.7526
1.75,117.29978
400.23,68.73334
20.59,4.696661
3794.71,191.4255
440.04,2027.016
4.06,75.68762
19.16,67.14029
0.263,24.78028
219.454,47.995525
20.333,40.7137
0.37600000000000006,95.49762
59.783,35.292744
0.7369999999999999,32.554806
589.903,70.45525
20.660000000000004,49.590622
74.424,77.81715
10.68,87.63255
168.64,173.77191
129.62,69.35796
19.877,198.42226
11.697,62.36265
19.6,126.95505
0.25,78.556465
131.067,194.08737
121.01699999999998,110.80067
11.963000000000001,58.478947
280.614,531.67145
20.45,57.63155
78.783,143.63048
8.383,93.47265
0.9900000000000001,29.868093
10.383,138.23412
10.543,451.2398
51.226000000000006,19.862543
75.577,1074.438
357.02,545.1909
33.813,626.98676
119.927,56.035995
225.283,1760.6676
50.39399999999999,60.28849
0.033,36.095715
2239.566,616.27747
39.8,35.302258
9.89,29.871483
10.2,242.02629
119.33,3.1414142
10.370000000000001,35.069393
19.21,198.6613
9.707,531.7433
18.857,21.577385
0.453,2.3183646
10.1,1245.6433
288.857,325.48672
17.767,72.883995
0.08,76.18269
0.046,42.29954
0.25,107.963715
600.897,453.64423
10.947,98.41801
39.79,31.75029
19.553,405.18152
20.827,10.43009
19.71,319.70355
1330.2000000000003,185.9961
58.96000000000001,0.0032314537
8566.197,1524.3397
29.83,1228.693
0.19,22.767132
19.887,90.23477
20.627,92.16009
39.336,81.29641
19.813,137.09325
19.377,119.39471
30.047000000000004,46.313473
159.936,145.14835
0.64,93.50289
1160.074,1323.3546
0.42,18.601603
40.424,117.73249
102.363,200.59383
1654.56,209.07147
20.526,11.958538
129.937,924.9668
1629.1330000000003,1261.8224
39.857,102.91936
17.816,620.4396
4357.326,232.70947
10.21,82.6983
0.39,83.877975
59.586,826.3966
40.276,979.5252
40.1,125.94768
29.043,44.4423
29.92,95.07249
9.147,97.10228
20.49,97.55784
19.646,85.60649
20.486,9.168512
19.944,42.48285
19.514,742.4429
0.123,39.169884
12.546,76.79134
418.79699999999997,78.4287
160.2,283.48026
32.15,4.8474784
0.703,83.877975
130.726,2.201297
0.174,52.13227
40.093,69.19782
19.403,29.65487
19.993,8.188376
149.877,352.48877
31.013000000000005,60.250458
9.843,3.4094791
20.316,22.952377
10.43,1.7241586
12.423,41.704796
20.904,88.72117
77.196,95.33314
8.723,88.01757
18.657,86.33953
79.553,32.242706
29.576,60.669605
39.303,364.04993
259.147,67.13424
29.917,53.50971
890.3670000000001,671.7113
115.917,307.27234
368.857,69.00699
20.193,91.81312
19.204,90.3148
48.563,3.187316
38.906,87.72214
39.847,2.277338
50.21,661.2236
59.88,22.899036
170.287,179.84055
528.39,116.42803
90.033,29.96586
0.123,39.25088
3511.003,663.2394
481.21,720.8337
20.57,39.09539
9.86,104.263664
44.0,78.91891
19.437,510.26025
19.183,129.29272
11.42,65.33043
77.2,29.325336
289.566,704.36444
18.946,20.125595
18.96,9.745717
20.464,23.90815
109.68,125.69717
0.597,30.48706
9.523,100.01446
0.16999999999999998,38.91207
39.283,35.448277
99.464,64.729576
209.96,64.99221
2223.247,2562.1099
19.556,234.52448
1.03,40.540947
260.623,64.29446
0.126,105.22974
170.787,587.9373
480.73,57.112816
89.27,110.11962
100.12999999999998,142.05328
0.487,93.03303
9.074,25.190512
61.833,28.192333
1.126,415.1023
21.977,136.83755
29.88,193.25377
370.124,8.072984
8.2,0.30323932
20.617,23.332373
18.903,90.45082
140.046,55.147038
24.556,534.3666
149.8,420.649
19.377,89.57827
5763.987,5415.7944
0.296,57.451645
0.013,227.4435
29.856000000000005,134.15898
1016.9070000000002,870.3605
0.267,34.47025
21.087,21.785522
33.537,55.850956
560.22,118.59126
1.123,88.39595
110.117,47.30409
2.263,12.235648
49.853,67.5669
119.92,473.02545
99.723,79.7177
39.297,66.365295
40.543,138.18913
5758.517000000001,1179.8707
11.364,16.209087
19.243,56.326424
8.477,17.549086
4949.503,469.0253
0.344,62.293365
29.08,260.9599
19.2,40.335842
139.243,194.69469
1131.18,648.14606
119.923,61.90258
19.83,3.7295692
19.327,65.21922
50.143,163.2941
20.573000000000004,273.31686
30.027,12.24608
10.473,42.890873
18.864,49.838486
89.587,11.706759
111.57,164.47081
0.41000000000000003,63.493866
26.204,1107.3168
29.69,115.20448
20.103,548.62555
104.93,46.23399
149.08,518.8375
10.67,40.817
60.853,152.75055
19.93,12.753198
9.194,122.84154
0.623,41.196552
100.31699999999998,52.058685
40.73700000000001,58.70727
50.734,355.25375
11.719999999999999,46.516266
59.455999999999996,11.487008
40.2,707.96924
9.47,62.36265
0.343,38.901196
9.757,342.01245
159.28,1014.51825
18.07,288.8241
0.157,85.895355
70.007,188.79854
52.706,767.01117
0.924,139.85922
19.35,2.6297283
0.297,121.856155
20.127,851.04706
9.397,11.035484
200.673,633.332
141.72,1417.8387
60.257,598.3168
806.583,9546.873
0.063,36.419827
7.83,19.181044
18.94,43.588905
8.886,73.479385
39.983,77.56027
4843.007,744.1462
140.507,575.6087
39.573,84.00477
8.397,91.986465
8.556,449.68872
9.936,62.519627
9.44,36.580868
0.64,370.90237
19.523,304.0767
1089.583,1350.1835
9.737,35.82333
9.907,43.590775
0.06,217.08635
11705.28,1934.6365
60.11299999999999,236.73163
1361.317,455.18338
19.07,22.486916
108.34300000000002,103.398315
10.436999999999998,24.78028
10.073,148.50635
980.7539999999999,327.43198
49.333,465.91684
3494.2870000000003,2685.4624
10.977,29.961521
748.82,718.7647
580.05,845.7302
99.936,73.05426
2349.15,708.0516
29.85,326.38278
119.853,133.66661
50.61,46.54355
20.01,125.47508
419.98300000000006,589.107
1142.326,1025.1385
0.53,13.79358
63.147,37.50289
19.413,32.498753
19.083,20.30447
291.82,85.05528
0.61,81.647156
70.24,49.63462
38.647,13.510586
0.6429999999999999,49.917393
137.956,613.5325
199.603,90.84356
129.654,71.62788
140.047,109.870186
311.66,232.2512
399.424,487.98257
50.11300000000001,27.766924
21.367,48.317112
179.69,453.64337
10.71,62.664253
10.52,18.054049
9.973,178.49883
0.22,191.30487
50.004,380.31137
60.27,118.61472
70.27,123.43568
160.34,12.83382
0.173,160.13571
10.18,272.38846
90.303,91.897804
0.033,396.88693
0.106,55.55667
109.983,89.05693
109.987,135.09492
90.283,126.062195
219.21,219.22858
17.593,588.9049
31.88,708.3778
667.207,6094.635
29.733,1147.9574
40.86,7.96626
9.883,193.62349
6.81,55.87013
80.29,96.64249
465.87999999999994,142.09196
49.066,86.298035
18.673,180.71658
59.843,152.45396
0.076,27.277487
0.046,134.85858
60.74999999999999,72.209785
19.626,4.2390575
9269.574,3918.4387
1590.1099999999997,2683.5125
278.947,158.42369
839.66,424.1278
21.503,531.7069
174.263,138.06258
2.08,174.02179
17.96,697.6692
10.194,5.6733127
0.373,133.06364
49.197,25.511
9.844,136.4981
80.483,261.3347
8.657,113.020744
8.704,19.36981
19.297,11.624123
90.104,121.2056
9.064,221.10867
9.774,4.4109406
75.25,72.28503
8378.56,1454.6843
1897.9530000000002,985.4392
59.62299999999999,105.68311
19.597,1727.5088
16724.31,26479.912
9.093,163.99663
270.137,58.811836
39.89,50.304317
29.01,28.749844
18.82,44.115215
99.953,131.55446
0.063,27.759726
20.03,198.32144
80.567,3306.2627
0.127,34.714863
9.763,55.07453
0.106,114.50582
169.873,794.3988
25.672999999999995,1.3632555
29.059999999999995,451.2398
90.006,156.35196
210.21699999999998,530.1078
93.35,145.09483
9.647,30.952953
3715.42,1654.8304
9.96,93.56079
199.44,172.57472
9.553,6.5027094
29.797,236.91469
4.887,39.343082
19.31,106.00222
70.157,69.705986
29.903,24.370651
39.774,49.632362
10.61,48.525555
79.767,59.326904
0.04700000000000001,169.53342
70.017,65.86301
19.847,11.706759
19850.273,3072.0464
30.143,151.68433
90.043,302.68414
30.069999999999997,37.723114
209.78399999999996,101.0617
48.98700000000001,464.27194
20.037,254.78226
60.15299999999999,187.15488
0.144,27.363096
269.903,10.867463
40.133,179.01253
20.01,390.3065
11.06,32.486492
19.73,1.1009884
30.093,7.3918695
27.016,19.181038
61.867,529.5807
29.923,2.9579852
10.357,136.42221
2.7330000000000005,28.493212
40.53,120.62267
1.157,56.404507
109.64300000000001,974.41956
29.987,65.62391
492.89,324.7826
370.33699999999993,132.17421
1452.797,1225.0825
19.287,32.725037
9.003,65.75373
90.963,36.76898
69.936,79.076
0.37600000000000006,3.7641442
39.293,344.01837
109.513,70.79521
2762.1829999999995,1250.7981
9.906,76.653595
459.984,198.46416
5819.47,2633.245
39.02,464.16794
2280.47,686.67084
20.786,187.1231
260.577,466.41492
9.607,13.825466
0.25,114.94291
30.516000000000002,88.959366
0.06,84.380585
549.574,443.7945
29.36,3.2986543
0.563,28.425133
19.857,70.337906
29.92,91.85142
110.35,40.676395
10.687000000000001,455.55728
50.773,135.40514
39.444,72.28957
5.66,151.29582
0.093,50.755814
302.104,156.87294
49.933,3.341347
18.91,226.3491
9.987,126.95505
19.493,3895.0156
40.677,190.32338
29.036,43.267494
19.95,91.55378
280.09,36.411945
79.98,4.952605
129.89,53.00214
1.217,2.384119
20.09,1560.054
6116.277,957.3733
20.22,118.04091
0.04700000000000001,1.6446109
101.086,66.72448
49.657,25.467808
19.763,34.608242
1040.35,2448.51
49.634,624.95764
18.713,69.721214
10.61,100.01446
1.33,41.831112
9.427,12.898083
50.183,1283.5837
9.83,26.459476
39.8,52.794193
0.42300000000000004,20.82278
9.073,30.817049
29.3,182.5732
49.024,130.90636
329.584,162.4724
9.043,10.747422
9.72,119.72215
1711.893,631.58093
320.894,423.09753
59.684000000000005,340.2597
21.873,106.98206
50.467,69.102036
8.83,325.3848
2676.927,1237.6168
489.19300000000004,115.968765
0.8440000000000001,24.62233
19.067,227.49841
19.674,965.04565
40.097,166.51349
9.04,20.689295
0.233,43.250324
0.18699999999999997,81.29463
10.587,17.272512
20.697,150.79622
15.897000000000002,93.649055
2320.086,365.57037
109.85700000000001,157.69324
119.39700000000002,60.20939
90.913,124.188705
3350.396,1916.9761
14804.166,74.014305
10.587,36.405743
18.943,10.44211
20.747000000000003,26.539133
109.72400000000002,680.508
450.15999999999997,65.176216
1240.41,541.9122
139.41,37.555546
0.16999999999999998,11.77795
82.077,561.3105
0.033,24.78028
0.863,56.107098
0.267,22.55497
1.674,35.86396
1829.9429999999998,462.5656
8.527,159.14188
8.98,89.928276
0.313,372.13443
869.81,511.05798
79.26,67.8677
69.916,135.67087
143.257,65.92767
429.8570000000001,69.0557
49.877,49.390278
20.897,133.27792
10.16,138.32266
154.07,447.4574
169.253,64.00013
39.883,136.32655
500.873,120.170105
11.25,0.14148141
280.133,116.4819
40.507,38.631325
20.033,114.171555
59.047,529.88416
11621.117,1956.5934
41.303,103.26864
9.8,29.90598
29.673,37.758156
0.58,133.79665
4.844,3.81349
7.35,124.85505
10.69,34.991608
70.38,121.50287
15071.146,4149.432
9.093,28.588028
58.063,35.036915
158.683,52.611843
0.22,67.24827
18.707,1.967296
0.66,107.684364
170.29600000000002,944.7992
39.853,90.3148
80.92,149.63568
8.257,19.509508
11.48,38.654884
29.223,59.73919
80.253,64.00852
4119.437,734.9355
3406.63,2333.3867
0.83,81.42038
20.63,661.25775
0.89,134.56808
0.19,180.0802
71.003,90.34381
739.3670000000001,192.91028
29.333,81.89345
9.59,570.40875
20.726,62.01998
49.756,47.323647
9.903,25.956581
649.733,80.70772
223.036,131.86592
1850.1539999999998,143.8036
0.157,244.82097
19.364,141.4364
31.303,99.68378
50.18000000000001,102.35773
10.592999999999998,81.29463
10.11,67.14029
20.19,58.47092
0.91,138.52982
0.034,132.41907
20.967,156.13321
19.72,412.2878
10.862999999999998,65.53675
0.077,25.463243
30.246,188.53052
10.99,182.5942
109.55,38.757008
600.163,104.72393
17.627,570.1045
109.907,301.46933
10.267,92.05066
2151.82,2398.0515
29.053,24.587149
179.937,186.11421
11.263,56.107098
2.19,82.66093
51.036,82.67771
0.25,34.285686
11.216999999999999,4.9421506
11.164,232.79028
170.627,834.2419
19.44,82.408264
1.437,3.7483983
0.153,24.082632
19.977,66.61863
28.903000000000002,20.13927
1.723,122.71381
19.447,46.601887
63.89000000000001,89.14869
8.563,75.22156
121.317,601.0897
19.973,24.390018
2056.983,531.8772
19.613,213.71518
0.657,76.79134
0.564,54.88683
89.70699999999998,192.2929
59.15,11.334926
0.11,287.01367
20.343,184.98604
19.987,71.82085
99.956,153.473
41.893,62.013836
1.83,78.56387
18.03,31.118729
19.747,4.252787
9.56,72.86842
8.574,20.91294
30.007,61.418114
9.296,327.6773
19.497,62.087753
81.716,41.70559
19.773,96.284424
19.947,125.068245
30.92,3.1926029
69.994,130.60876
60.02000000000001,1308.3257
100.873,42.001133
87.806,496.8641
9.717,3.7496707
59.983,7.3918767
79.913,47.828514
0.06,26.332848
8.197,43.463852
0.517,288.927
40.423,100.34416
98.523,39.828552
68.42,58.02109
130.27,49.520443
300.39,238.29126
30.716999999999995,9.515481
3771.423,243.20564
10.796000000000001,3.2321377
1607.797,980.8962
18.957,45.87492
2439.927,3346.4517
9.154,5.9503675
9.287,91.439545
170.024,1417.7825
269.856,204.99225
29.156,509.53976
20.58,262.63126
39.62,63.69479
90.24,69.5906
128.057,52.486637
90.237,1312.9719
8055.0,4351.775
46.266,148.67253
310.364,215.72049
250.43,301.85056
5359.06,824.36224
18.88,424.115
31.107,75.715294
89.36000000000001,61.454033
49.89,1318.2999
19.97,20.54222
0.127,38.20328
7820.484,950.1946
210.143,1533.5116
1.406,83.40854
310.97,23.046663
18.117,181.65471
1371.063,281.85226
10.813000000000002,73.19837
30.1,103.94378
140.987,359.0863
20.053,53.331913
9.417,72.50337
10.233,102.19165
10.203,42.02802
480.02,139.93321
49.583000000000006,55.246582
19.66,50.9479
9.563,102.59403
99.09,466.65112
429.84700000000004,658.3938
18.69,42.867477
19.853,57.027725
0.03,32.23767
29.943000000000005,407.9841
8030.083,1896.6019
19.84,25.695234
18.643,38.62124
30.23,363.32022
510.203,68.34902
656.3029999999999,1.6940593
19.88,24.774582
0.237,29.77464
439.18,84.60723
179.377,305.9575
0.033,30.472597
20.124,64.23473
800.977,3935.16
220.166,1587.3512
11.043,92.75202
1221.897,847.3221
19.94,61.79519
147.817,105.391075
1329.6899999999998,1979.3455
9.52,17.817366
19.53,43.009792
11.04,74.41145
9.847,482.02213
489.987,624.51373
419.486,1017.29895
0.186,193.28117
30.076,80.89164
472.067,796.75745
30.123,435.40933
260.367,89.02706
41.067,170.89688
39.983,34.931873
19.976,3583.3687
390.8,53.452347
90.477,155.45952
10.263,54.998474
19.556,46.759216
20.5,3.940697
19.966,30.820415
9.66,130.90636
155.25,1458.247
80.897,46.299004
27.923,48.685314
149.853,28.971903
0.9400000000000001,132.22485
20.34,27.75478
41.107,177.3688
88.98600000000002,480.83807
420.957,1561.1343
50.279999999999994,747.32697
168.967,46.979107
491.11,51.837536
20.114,148.0411
30.22,74.62321
20.057,37.78063
19.997,588.1563
19.267,133.06357
20.146,25.695234
7.517,614.5701
19.663,33.903854
459.84,552.68256
20.513,432.0603
20.0,456.3708
41.45,185.52507
2729.4399999999996,1607.4755
19.13,71.56649
10.13,91.439545
10.05,31.853266
68.6,225.88402
19.544,1677.5269
267.287,442.32324
270.91,8.621557
8.88,297.8765
11.867,56.120457
8.93,3.1071408
19.397,727.02014
789.05,303.923
219.137,232.74767
61.153000000000006,38.328922
69.927,48.038162
959.673,3013.1162
20.137,78.0001
19.16,173.5683
9.98,33.37615
1.91,90.609146
100.37,838.98224
199.147,110.852264
0.723,43.93547
1590.454,910.2515
9.24,69.603165
8.973,54.525967
11109.83,377.82968
1439.137,418.10974
2.563,75.805
32.113,28.424162
560.19,56.584023
58.33700000000001,89.737206
9.294,51.209133
237.98299999999998,2461.5872
543.923,523.6181
90.09700000000001,142.47968
38.627,86.457306
2130.29,1048.6981
9.424,93.73525
0.03,40.16808
9929.9,8494.241
126.473,11.3934145
9.71,780.78
260.137,2290.9875
19.73,374.70663
601.736,857.4125
40.39,89.005005
188.977,66.5513
29.75,424.14716
10.933,74.13584
100.113,651.7189
90.627,83.84782
602.02,123.63521
9039.317,1267.0865
109.7,6.642473
10.053,13.206436
18.957,42.91629
40.08,6.2960005
21.173,132.83388
10.093,92.488785
19.86,32.607025
29.84,36.862305
20.257,132.57954
90.213,907.5221
8.827,129.8555
129.856,542.8147
20.237,77.32736
6.333,34.41004
0.22,54.998474
10.44,29.686056
1029.95,36.413654
1192.873,5476.738
20.084,45.866337
40.073,239.1724
8.81,35.069393
19.07,120.855064
39.547,12.695055
21.004,79.9515
0.046,267.52017
20.0,102.2121
0.04700000000000001,135.34409
89.80400000000002,241.62209
0.063,20.899721
21.004,207.4643
20.5,91.07231
910.867,540.4309
18.77,92.05066
8.247,133.79665
0.14,52.04135
8.603,79.89316
429.87,470.84106
30.696,44.56915
630.11,452.35675
0.803,40.26099
19.856,164.86234
9.783,40.386505
160.02,50.45343
29.85,23.398714
6.114000000000001,33.89164
18.45,44.237553
1741.306,77.84592
9.313,41.861034
139.783,57.538807
20.083,16.155432
30.894,1066.5778
97.88,1031.2404
600.133,109.714485
20.547,77.899
16.02,65.14524
10.05,3.4762888
90.48,88.42388
20.689999999999998,41.50935
909.834,406.90433
20.233,43.323463
149.23,846.6983
28.717,20.499292
179.353,380.69452
599.897,282.1379
40.153,111.877266
0.987,132.87675
6.714,75.68762
10.317,179.93295
18.74,31.244795
18.823,31.347416
20.934,10.744625
299.68,658.9021
0.467,469.5189
161.78,107.48616
0.47000000000000003,68.83826
19.71,67.65058
29.967,136.5066
0.77,122.901535
9.596,76.31491
21.533,32.06475
875.47,540.7904
10.307,919.697
29.933,88.480774
10.313,89.08492
720.614,142.33289
432.566,121.62897
240.206,149.94974
179.75,188.63292
9.274,64.391136
100.034,305.52014
9.653,67.416405
20.013,480.40912
15731.98,8470.327
182.063,595.6492
59.874,7.489821
160.117,847.7815
30.176999999999996,81.49281
1269.923,516.38043
8.96,143.88283
0.78,56.443974
259.607,2734.4106
19.927,49.092625
2521.69,371.90564
19.537,175.5476
50.566,75.863846
370.363,0.045942347
20.14,2270.781
229.44,27.937464
1105.86,337.76608
79.563,25.47471
140.3,43.253647
20.086,1083.0531
10.05,5.566982
18.014,37.082607
0.013,80.69673
19.274,53.925297
10.737,79.6232
130.257,397.40424
30.25,191.20976
79.97,132.60524
28.999999999999996,71.700676
230.09699999999998,557.1985
1.084,94.629166
19.743,54.29482
0.204,101.0617
79.58,654.6923
30.283,12.7923
9.917,9.711831
99.646,130.62038
89.274,683.1556
19.887,381.70197
19.0,1.7045991
390.013,1030.8325
0.28,43.848984
10.827,7.481198
200.29300000000003,51.06625
16.17,1047.9492
18.597,29.028875
40.37,195.51537
20.503,200.24593
39.617,5.8130116
18.93,174.80815
30.194000000000003,131.20824
1046.293,840.7327
200.063,437.47974
49.907,180.50725
20.263,588.6777
59.387,74.36432
0.267,28.812502
29.893,121.531845
1190.17,484.37085
5090.03,47.026665
9.793,947.0827
150.013,795.3675
10.12,3.6504943
8.86,32.54161
10.09,112.86134
258.61,286.58258
19.51,7.175259
9.737,56.645676
8.943,74.42807
21.752999999999997,56.195656
350.1770000000001,144.75664
19.92,7.4016447
39.763,41.748585
729.39,836.67255
680.123,218.69649
29.957,37.87602
2139.837,1264.0537
119.156,847.61017
9.687,83.8645
31.283,20.057695
1730.5529999999999,184.47469
19.573,183.56041
21.493,162.15837
0.08,95.14848
0.127,193.28117
39.43,41.313957
40.087,46.611904
560.1,192.34537
40.207,49.18891
49.497,143.14066
69.87,80.36878
10.057,904.51917
179.647,324.04013
30.049999999999997,80.478745
5.814,55.131996
9.927,116.03741
210.203,113.685005
130.993,856.87604
51.404,177.2436
32.93,65.141716
381.217,227.77063
138.64,31.381025
9.096,62.944973
0.716,67.392334
259.416,128.9294
9.51,372.13443
110.9,65.38965
410.78,71.48475
2877.323,860.5718
9.953,27.022692
28.967,165.73943
20.307,49.758938
851.0600000000001,55.562717
199.844,4.5507703
70.757,39.46714
70.524,125.564354
19.923,574.5679
100.363,112.52897
8.303,92.12373
0.016,163.81912
49.733,71.43413
9.97,52.63297
0.47000000000000003,59.6013
119.94,72.593025
48.54299999999999,1695.7976
28.416999999999998,15.619259
39.7,133.72392
7.366,137.25499
59.804,7.271277
1119.42,1667.3804
10.163,32.67901
89.813,65.95975
1.02,41.962177
9.12,90.523766
19.76,31.755074
0.877,52.143513
79.897,241.26988
20.083,65.28149
39.083,572.5347
439.286,97.574875
29.073,936.32416
0.157,30.5988
79.113,34.45593
1.673,59.452183
69.91,51.305557
59.976,453.49576
70.827,87.86384
0.7499999999999999,294.70883
29.874,93.18133
0.04700000000000001,120.4335
19.873,685.50476
10.852999999999998,82.47986
50.07,100.29917
20.32,457.49707
70.84,256.63806
0.97,180.0802
20.837,207.54317
41.103,31.61464
0.283,118.62905
120.14700000000002,320.0134
101.15,525.4235
3.22,34.80057
220.59,556.9034
21.117,150.5089
29.81,86.61407
173.563,304.33173
0.983,119.098526
7.024,34.873272
9.923,51.178513
19.764,69.2614
47.807,13.9160385
10.973,3.4705951
99.98,168.06435
9.113,104.35822
30.057,209.41127
19.256,101.654236
29.579999999999995,132.33351
70.407,77.55862
9.037,41.4966
10.27,3.7641442
840.0699999999999,99.091774
91.5,8.63887
10.597,47.10512
20.157,62.729694
1.1,57.195606
151.187,585.67224
10.957,43.088436
48.327,235.07275
90.49,704.7686
20.193,110.81131
100.81599999999999,298.7733
7.17,21.849041
19.26,315.1835
19.153,112.22239
17.386,53.505276
683.657,4204.682
1120.747,425.01984
20.79,47.323204
49.63700000000001,148.4181
160.063,2223.439
19.73,45.58303
18.28,505.79312
0.157,29.684914
121.107,60.96515
9.963,406.49533
0.19,33.076122
160.03,231.67212
1419.96,2083.9688
9.937,21.729807
1.32,34.41004
0.017,42.188545
18.703,66.37117
19.077,91.51002
19.566,98.8265
10.63,313.33798
2621.543,1094.6309
230.077,58.81102
0.6429999999999999,46.561443
21.256,52.33633
11.383,125.1607
300.01,1244.643
49.23299999999999,102.55973
10.763,58.416817
0.44,36.09618
141.907,1045.6448
69.456,31.00076
2415.833,744.48254
338.233,323.0537
10.663,33.903854
60.17999999999999,177.0806
9.7,38.312515
20.05,16.775017
20.25,32.50231
9.4,73.61143
59.827,25.028198
0.863,8.648538
0.437,96.49287
32.067,50.075653
10.09,75.76493
9.66,39.049694
31.677,34.48286
379.5899999999999,1618.1937
10.87,32.70203
9.073,4.4526644
50.677,196.01125
19.8,0.8550309
769.476,521.3119
55.84,71.56809
9.097,10.279712
28.687,12.795714
20.03,87.23952
29.69,316.29843
40.166,13.920431
30.067000000000004,295.16992
99.57,174.32031
30.913,87.50148
49.91,297.69012
19.5,39.78941
7.41,41.429287
20.893999999999995,5.597541
71.897,218.91747
126.766,53.613556
210.77,122.26075
30.010000000000005,31.393532
20.006,313.33798
10.51,28.409727
9.196,34.273468
19.643,81.49281
1.063,29.574532
38.823,29.824152
60.07299999999999,75.68964
30.017,29.12815
9.61,28.76748
19.653,79.643585
10.103,197.78514
30.136999999999997,173.6379
30.080000000000002,246.7253
19.86,138.85667
60.063,112.55548
10.463,42.328598
150.353,114.61237
129.79,186.90355
29.997,232.75629
39.797,45.676357
31.153000000000002,76.08681
1766.33,3323.485
10.206,132.11491
1889.377,57.269295
141.55,437.95578
9.903,35.468414
29.87,62.870987
0.093,42.188545
221.99299999999997,166.13576
11.043,85.19301
39.783,41.604862
369.383,120.45035
2.087,4.252787
70.05,596.2472
60.246,78.96317
59.317,153.44649
20.093,68.5585
6983.33,638.1869
9.297,20.679565
640.687,436.27695
9.85,40.398357
29.657,888.0398
20.183,109.143326
59.867,39.870026
39.5,54.17173
1004.427,1030.9822
5029.987,1245.5483
0.236,26.607668
129.487,1176.2961
0.914,105.22974
64.36,285.53693
0.0,16.345697
0.237,730.534
0.04700000000000001,344.1524
10.433,86.49757
30.167,570.91516
9.863,110.4805
99.923,1091.2983
2219.787,171.38696
1159.557,663.5394
19.353,112.38768
60.23299999999999,65.455444
9.69,58.401665
19.807,2.072998
15.27,499.2481
10.947,441.7252
0.39,496.67172
19.883,36.251858
20.25,455.92484
189.06,362.50507
10.293000000000001,528.52344
30.144,14.975719
20.33,41.449753
360.16,128.27399
9.863,58.26913
39.536,687.1334
67.677,367.0159
0.923,32.643555
19.843,65.740074
110.023,33.108635
2991.713,169.35146
769.89,997.25134
20.046,44.83378
0.403,29.706589
101.614,8.606519
40.013,36.692513
20.98,19.202065
180.09000000000003,47.947712
769.783,3270.7676
99.27,17.600609
149.747,459.3775
22.126,504.82907
9.357,674.0129
489.867,4258.987
9.667,32.003086
209.844,15.449482
10.803000000000003,44.531258
320.153,896.2089
150.73,144.12369
19.903,551.6899
109.033,43.49231
180.59299999999996,131.45782
58.743,75.49143
19.717,14.959605
19.744,25.87129
0.237,98.1584
39.983,42.667465
0.20000000000000004,5.508206
1.394,2.0729468
21.11,36.48737
7.134,91.87504
0.127,17.456392
20.437,62.01708
8.267,50.838078
30.417,242.06996
20.19,121.452896
10.733,0.0030477715
6.93,20.030115
160.587,456.51346
10.037,63.2461
20.206,2.941036
800.08,78.4523
30.203,458.1167
270.623,150.51178
50.577,1003.2529
20.29,13.127237
9.436,94.54893
19.706,49.856857
0.9070000000000001,27.635622
19.267,26.654621
19.457,204.48001
29.947,68.9217
30.532999999999998,1633.7751
12479.853,4741.9375
59.773,609.68665
0.237,34.077915
0.3,26.332848
140.074,775.10345
9.39,63.41067
0.454,451.2398
86.874,174.65065
20.707000000000004,28.636799
179.476,456.19128
10.534,86.10882
100.34399999999998,193.12248
12.67,92.12373
90.02,79.42416
210.52,76.80739
15820.420000000002,62.986347
61.88,2224.7375
28.82,67.68744
269.72,523.7985
760.17,587.2386
9.876,102.003456
10.213,92.73931
9.906,34.554928
9.064,86.071045
0.017,3.7799706
90.026,7.131138
1280.184,663.4326
6.783,64.29656
991.844,940.81537
49.81,80.01028
51.29299999999999,440.81708
30.637000000000004,49.497852
102.87000000000002,83.74767
39.783,35.05164
20.55,663.9599
21.192999999999998,301.99994
0.283,2.6128354
210.597,434.76312
60.23,238.79326
0.064,29.546825
20.2,129.96387
9.63,81.861534
10.633,68.923904
21880.173,4591.602
1.236,42.91629
29.85,103.69466
938.22,287.21436
10.217,22.692974
110.09699999999998,64.54454
20.89,134.36934
29.046999999999997,37.331512
50.834,101.390465
330.88000000000005,282.24136
137.9,17.090548
1.5699999999999998,3.4510286
1401.6830000000002,983.359
11.197,225.3485
20.053,192.63322
0.733,9.654324
19.294,64.35558
190.85,74.758446
0.39,110.861595
19.507,192.06667
19.083,81.445564
40.633,1.3243185
39.933,362.51447
0.11,67.24827
56.81999999999999,58.657112
19.36,3.4649901
70.283,283.0673
39.863,3.8925672
10.966,65.55232
0.39,47.824135
0.22299999999999998,86.10882
449.057,115.40695
19.63,48.476257
70.126,34.304214
60.46,392.9719
1443.06,60.372856
29.89,23.861666
141.0,87.48866
1.72,32.2224
0.156,39.890697
99.99,146.44003
21.767,29.732265
18.82,475.33954
10.552999999999999,292.9744
40.244,118.82013
180.57000000000002,142.3814
12.063,55.131996
119.7,290.12762
61.43,5373.959
69.277,667.3121
110.25,64.97241
30.003000000000004,81.296646
20.600000000000005,81.28163
29.393000000000004,287.01367
11.1,45.984173
1813.26,431.48965
10.22,5.035559
0.233,95.70822
9.953,24.11134
0.67,41.24759
59.003,100.876396
20.353,687.5106
0.717,34.500343
9.587,30.894445
20.477,64.482185
140.07,61.0284
9.893,596.5216
20.06,31.539412
26.533,78.78794
1.3429999999999997,109.26932
269.996,914.8286
119.923,898.61285
20.11,67.246826
9.007,137.17738
0.203,266.75192
28.827,35.093845
19.456,77.22181
11.763,178.62082
38.284,987.6484
13.97,43.695778
0.143,155.04477
119.43599999999999,204.66504
11.42,77.616325
0.563,54.08851
20.983,52.87289
19.507,446.32266
20.2,870.28687
49.650000000000006,722.4479
10.753999999999998,62.89907
218.247,1354.8414
2089.983,7214.634
0.733,45.826515
231.963,57.790497
120.81,885.29913
1.0,505.40134
19.857,37.504284
129.937,51.314404
19.61,113.95503
69.67,104.87282
409.107,117.490685
9.777,81.00211
190.24,566.46136
18.677,38.825783
25.573000000000004,64.580666
8.477,43.272522
19.23,1921.8414
0.39,5.46715
0.81,39.343082
0.343,41.005424
50.11,382.34
13.446,44.029057
0.5,217.09274
19.364,126.66592
80.353,78.67329
20.523,702.7163
0.313,23.104023
19.564,57.99246
19.156,63.3924
9.824,94.26921
8.146,44.115215
6872.454000000001,212.22908
99.62300000000002,268.6732
19.246,407.10992
11.246999999999998,44.40186
0.123,4.9421506
80.514,79.0261
18.297,94.714615
191.1,897.3912
10.75,55.05103
718.0959999999999,164.09807
68.827,50.189114
0.16999999999999998,5.449366
0.843,53.81125
9.74,313.76025
1530.1729999999998,1326.4923
20.640000000000004,818.69763
80.707,23.097042
50.237,118.813065
20.833,146.0119
198.62299999999996,70.45485
479.247,1417.4215
18.767,84.57176
2047.05,7.4438415
40.11,1031.9132
1.567,112.45392
59.583000000000006,56.553425
149.81,60.22718
18.743,42.298187
51.063,101.59134
25.077000000000005,8.038167
30.803,59.848145
3440.1470000000004,1074.9547
10.293000000000001,0.99071187
19.934,142.55072
19.87,52.639763
7.923,56.404507
129.573,62.01708
2285.11,872.5392
19.22,79.39275
8.98,95.50168
18.723,207.68382
39.007,50.585907
640.19,516.2107
28.52,2.5040982
29.957,31.337515
30.126,111.96104
19.227,65.28149
43.176,414.36182
41.523,663.4184
9.01,27.10181
20.216,124.46218
39.167,64.850586
78.92,79.47524
460.313,183.21935
19.297,20.899721
59.263,184.43492
9.43,42.59369
9.08,76.4948
19.827,41.24759
20.157,289.3555
10.737,75.748245
19.193,197.5043
18.166,147.2952
26.750000000000004,1176.1218
1765.89,554.0947
177.857,504.82907
229.844,80.159225
0.816,200.84555
10.72,81.9876
10.003,43.40168
0.09400000000000001,174.43965
1220.09,126.26925
10.97,295.30438
179.20299999999997,140.69498
29.937,84.75812
929.617,808.60724
9.774,90.523766
19.257,72.23481
40.973,108.62326
9.87,571.7228
0.017,30.166008
39.42,36.64188
70.34,71.94313
310.097,728.4592
72.047,26.471558
0.47000000000000003,197.78514
10.0,25.996742
0.0,30.742445
19.563,98.26914
10.51,80.15273
439.18,678.2746
45.14300000000001,61.710064
79.757,309.75986
191.0,909.1289
9.953,17.924734
40.197,173.21815
0.923,53.22286
130.423,111.25978
1.31,69.72119
19.297,128.21974
0.123,299.54965
4.533,16.556078
9.39,147.45372
107.26,1422.3394
30.294,59.54693
30.134000000000004,235.63571
9.837,48.849407
607.11,903.2863
19.214,113.115425
10.284,80.98848
20.967,28.144335
16.096,85.72533
208.99,565.1247
510.907,708.35297
0.313,64.53585
20.44,20.415178
30.657000000000004,242.2578
209.913,18.450474
69.8,245.46185
10.243,265.42328
10.337,218.28995
9.81,46.848392
20.607,131.06018
960.207,578.6657
171.36,142.41219
6189.709999999999,1183.9183
99.11300000000001,35.840183
49.97,202.50902
580.82,725.77454
31.063,43.9775
1210.777,250.95183
411.086,1228.8809
1949.2570000000003,282.5396
20.204,0.09946548
19.437,33.37615
40.463,103.068344
411.87,377.61755
20.203,305.98148
30.0,54.602543
6.494,272.11145
9.657,96.72478
20.843,82.863396
529.96,42.774567
260.203,141.72389
150.037,550.1952
19.03,42.188545
61.105999999999995,20.925463
8.997,46.079285
0.313,129.90567
70.47,512.23755
148.877,37.916405
51.98,157.52484
70.607,122.192894
8.057,74.74265
28.493,41.578247
30.307,91.327736
110.277,281.8341
9.357,76.88823
19.323,86.28502
20.117,70.92424
30.797,209.18254
79.68,80.90524
19.64,81.91032
20.203,3978.0845
59.076,10.69053
9.196,58.925137
20.987,29.90688
17.136,3.2091382
1360.696,78.0001
8.923,39.30554
180.813,29.45346
39.953,155.91718
89.277,545.3576
54.937,460.7994
0.534,39.13383
49.577,25.839413
9.117,30.795002
89.85,338.70395
1.127,40.756077
28.950000000000003,180.92921
663.3100000000001,0.0689043
20.427,31.670574
19.634,154.7908
49.94,50.10206
122.777,19.608498
10.25,256.51938
139.897,555.4639
19.403,61.772247
28.55,55.479538
19.027,1.8661785
69.916,147.70355
11.103000000000002,31.68543
160.356,931.9095
40.276,22.484512
30.537,40.72867
0.063,45.58303
10.18,60.108685
30.583000000000002,61.588364
29.69,88.76609
19.103,139.15303
239.967,517.5138
69.507,296.9171
6711.142999999999,437.68723
9.54,138.23412
0.97,39.256363
8.02,112.86146
9.613,180.99228
8.763,56.443974
50.31,417.84717
160.377,98.722984
329.514,180.02628
0.593,110.19626
90.56,202.58945
20.566000000000003,98.64768
10.75,75.52424
20.296,29.464579
119.66300000000001,514.296
32.493,521.01953
99.88999999999999,87.96055
309.913,5.2958584
19.523,4.7223845
9.546,92.24932
511.483,128.10477
21.523,72.23488
11.627,20.929869
10.505999999999998,1020.4321
20.147,55.738247
350.267,63.391926
0.14,1041.9572
210.157,178.53542
10485.513,918.8297
1.187,508.96732
59.217,131.81126
0.093,45.82129
3276.68,367.26254
666.304,561.6559
79.274,192.19034
0.216,86.178665
2939.877,3617.016
18.97,38.776688
339.25000000000006,495.93338
49.05,14.337029
0.533,42.59369
61.76,111.72674
20.06,29.633581
9.36,294.51593
19.897,52.34131
49.344,647.1193
7.16,146.52322
3630.206,344.26898
49.92600000000001,75.92478
19.5,178.81412
10.096,46.203396
169.747,101.84076
0.203,50.375805
9.35,35.840183
11.903000000000002,16.833292
49.513,10.401677
89.393,60.406128
239.927,80.10419
0.034,119.68742
8.357,641.29065
208.94,1312.7322
20.78,233.32198
262.717,120.82007
0.14,20.037046
258.007,1102.2208
20.46,32.314976
49.857,64.12891
18.934,126.55868
138.907,438.04858
50.273,194.33284
20.233,38.776688
10.083,242.05257
30.4,497.48108
52.663,41.238327
9.203,36.416702
11.65,112.88791
8.507,43.36811
19.823,291.82047
19.6,48.42886
220.714,141.1599
90.95,83.70195
420.66,135.54652
10.597,39.779366
90.21,113.808105
11.017,150.3916
920.437,625.6428
10.16,32.23767
19.36,11.11207
11.056,92.67206
11.22,44.115215
38.99,149.80376
19.867,1995.0162
330.023,51.278496
9.253,215.35703
60.86,96.94816
7.744,419.75323
1026.39,1436.1587
19.097,66.91149
0.03,7.780273
19.803,12.898083
920.906,660.8623
330.38,31.900684
0.093,27.228384
29.297,34.80057
8.633,132.08968
40.702999999999996,44.1936
2074.3,447.46365
9.64,110.70539
29.28,55.615784
9.4,157.20215
16.794,0.0028975625
289.537,430.4973
20.626,237.95064
29.66,55.02852
420.013,492.84277
19.824,42.4871
19.85,216.34764
1779.9100000000003,485.97665
30.456,138.66937
298.963,111.60316
30.98,84.29719
73.266,44.425938
8.943,83.063286
170.4,487.17615
130.733,838.35364
0.08,109.79748
109.257,84.641495
62.09300000000001,51.10544
59.6,210.85312
18.847,19.927118
249.583,99.4876
17.707,61.23291
5.52,655.03076
40.19,24.237894
60.9,180.61035
18.803,16.833292
15.946999999999997,332.00763
18.366,42.490383
40.12,337.01178
278.92,121.99263
59.666,1449.6367
19.977,2.1364748
129.124,132.70528
399.63699999999994,81.58251
59.75699999999999,1537.9879
190.057,81.093
18.883,102.31835
9.507,35.748764
19.487,127.06365
109.4,605.8461
10.263,3.2477062
21.156000000000002,84.28247
1.224,119.00897
0.033,42.703682
28.36,99.22165
1.843,54.168056
90.293,429.41306
30.216999999999995,178.8176
104.847,311.4039
72.153,141.95003
0.05000000000000001,13.825466
30.24,40.093555
370.883,80.10847
20.283,15.051982
29.95,18.545265
47.754,127.10402
11.02,31.974642
889.887,3410.0896
394.36000000000007,133.3315
0.657,665.04376
709.883,864.91406
231.186,3087.5845
349.22999999999996,127.06373
9.504,54.286663
24.92,73.9675
9.963,462.76895
29.73,382.34
17.897,720.8337
70.637,113.6883
309.317,1006.0273
12.833,8.901702
0.25,134.56808
377.09,222.00671
930.45,12.170114
110.207,105.62894
177.233,88.08117
20.91,38.146667
10.406999999999998,40.772076
300.977,0.104979046
40.006,51.316505
18.3,189.90701
0.36,8.697269
32.37,416.21326
59.25,581.05927
40.09,81.543846
420.99,55.025562
18.917,38.443764
30.066,71.51463
102.564,110.95655
0.33,81.83309
790.414,65.2283
118.954,189.17435
0.406,23.445946
69.56,393.75772
330.89,230.6991
65.366,383.057
20.127,77.56027
9.403,122.55616
48.493,402.3977
39.587,34.985268
11.073,208.59799
10.187,79.89316
9.84,43.082077
9.287,75.50982
29.6,51.04082
0.203,419.75323
540.523,63.353634
49.657,90.12681
60.74999999999999,183.52713
10.396999999999998,123.57044
0.597,10.531264
11.003,64.43143
29.833,78.75427
38.677,498.46808
29.253,111.821785
19.52,78.29579
11.447,28.759777
10.056,78.53583
19.87,61.13971
0.704,42.889847
50.753,35.93905
70.216,38.02911
19.89,96.54214
7699.697,1200.4204
19.667,120.612755
30.923,149.19519
9.084,180.30034
151.436,1118.2267
70.437,112.38768
48.833,36.25262
8.91,46.374912
129.59,309.7968
20.843,8.551876
19.754,78.9451
9.086,36.661686
120.043,36.884583
30.763999999999996,194.77748
50.606,12.3651705
36.0,54.08851
20.263,63.637505
178.844,12.503886
3420.097,628.3412
39.786,31.393532
389.627,185.6629
0.033,28.062056
0.876,2.126949
440.833,1586.2004
261.16,159.37944
0.19,21.75225
0.373,36.58085
7.73,3.437126
10.29,12.74254
119.55,36.06844
8.84,231.21362
39.95,12.736066
100.513,497.498
169.727,49.87548
29.273,201.46124
49.867,161.1928
10.723,181.09886
8.65,92.25946
19.956,422.48114
319.92,603.97095
54.37,652.801
19.537,0.1571009
10.39,14.756176
29.2,52.426956
281.063,53.43586
9.847,43.179455
88.64999999999999,222.72601
0.09400000000000001,3.4649901
26.89,26.031515
9.057,27.626879
20.233,212.68231
19.537,112.05286
9.76,42.142246
59.893,166.91675
610.084,882.8331
83.33,4.6671014
141.25,86.0872
78.037,103.02041
80.907,40.94257
178.974,126.02889
30.736,188.38777
18.427,36.74264
11.58,107.696266
38.903,92.595505
29.487,917.94727
19.084,5.579816
5.053,80.30401
19.107,6.887201
90.597,695.45544
9.757,92.25946
109.057,846.45795
8.357,37.72827
129.657,350.05515
50.7,59.94611
199.614,534.0764
650.007,625.7807
39.77,1628.091
20.234,91.03238
119.58,31.217192
19.787,185.442
21.917,49.47173
759.857,169.40465
69.593,138.39583
39.523,138.57938
11.56,37.477207
40.99,33.43636
79.726,591.7948
