actual,predicted
249.07,611.0037
29.843,118.80387
120.136,496.7995
1086.047,486.97433
121.426,109.02393
19.573,89.9323
19.063,49.415924
2932.337,382.14935
120.33700000000002,301.35376
18.59,24.607994
4421.023,812.7227
1.0,65.22244
18.466,381.2948
1.123,99.70831
81.75,9.207488
24.132999999999996,1379.8507
0.8429999999999999,113.56628
0.25,9.867481
5051.906,509.11392
1.077,14.243667
4361.74,339.78738
10.343,68.53502
381.083,320.20294
0.8599999999999999,200.95505
659.993,717.68054
1319.657,336.94003
18.93,83.372246
10.95,85.59209
0.61,51.172016
0.124,188.86046
138.197,269.77176
0.22,23.556992
9.296,10.563009
1246.957,527.1905
0.703,46.784824
389.30699999999996,287.6844
0.284,93.807816
80.993,488.0958
649.773,516.21173
76.013,147.01288
1.123,121.38746
10.594,344.5894
89.984,119.57301
17533.996,1380.6091
19.627,1215.5011
19.7,119.26858
9.94,18.834019
20.894,134.59949
109.846,61.578175
300.123,54.28984
328.977,252.75214
1446.54,489.0557
0.0,15.458767
48.817,186.94803
59.779999999999994,311.83258
9.654,541.597
81.617,91.57755
0.47,15.742309
60.91599999999999,133.99883
9.87,7.182227
30.06,429.41238
329.837,154.70712
30.073,490.55362
10.287,70.139366
0.627,113.808975
50.647,161.40898
21.19,414.4301
305.977,287.9862
19.326,181.15294
37.933,25.504133
0.03,116.60966
19.27,305.71582
81.05,380.56845
1.11,40.509243
10.597,177.575
904.843,1303.7369
160.194,171.83534
71.376,53.893635
19.803,10.683602
0.0,112.432724
9.48,60.26901
79.127,168.9278
2259.864,1713.2168
12.233,464.89572
20.37,94.009514
220.89,122.68883
10.8,64.47654
10.666,107.06916
50.007,141.61029
29.033,91.249374
9.033,40.421024
3680.9,857.57367
1000.867,2734.3752
2.14,30.154146
0.343,377.2252
11600.92,290.00717
420.30299999999994,298.4172
8.686,222.95903
10.593,56.280247
28.296,68.60417
429.833,306.0875
9.974,67.171326
20.1,249.86214
10.146,79.05936
19.023,196.15315
31.463,188.03262
2340.473,328.52222
39.707,39.97947
70.067,200.71931
290.914,413.6025
132.233,135.01471
1650.09,456.35593
471.097,2713.2874
99.62599999999999,326.14624
10.517,52.268642
119.04000000000002,237.38406
79.977,334.03998
8.94,95.33931
30.054,48.854717
10.316,51.472973
27.487,90.45135
18.063,13.625857
11.237,115.39211
220.17400000000004,972.3427
10.17,287.14957
19.753,413.62262
557.757,311.13712
9.11,138.7451
0.644,592.81757
0.42299999999999993,207.32524
200.066,968.1214
539.023,221.14192
10.043,89.80304
60.086,273.14722
10.646,29.763092
28.403,89.74067
30.053,459.6716
20.923,27.589207
994.9359999999999,306.62354
690.833,829.67004
18.993,64.408394
19.703,27.87384
0.064,42.139214
91.41000000000001,315.667
439.343,262.42368
18.783,622.1429
10.783,53.030743
1320.217,540.69464
0.534,62.1047
8.2,53.622562
3611.18,715.7188
59.57000000000001,57.90788
540.976,503.40643
10.773,114.10261
18.223,188.48457
79.123,742.08234
60.563,651.3726
0.11,78.36655
125.38300000000001,506.73538
8.72,136.80237
9.553,55.228355
0.47,190.50311
29.67,227.89598
579.404,332.74213
9.937,80.07835
279.787,609.17896
2573.5,136.15298
23.217,138.33174
30.053,170.69893
4417.567,177.01805
19.783,45.28203
47.27000000000001,578.2455
10.616,15.712661
40.054,91.58867
38.833,65.95102
10.76,337.90588
89.504,59.1873
31.56,262.96045
149.254,236.18118
162.13,4773.783
90.253,292.1783
40.076,316.87592
0.44,52.14963
1.06,41.169647
480.937,376.51965
60.156,210.91496
9.98,184.48805
0.173,114.255486
421.594,307.7502
19.003,475.2853
7.186,14.5146675
2005.07,386.7154
1.093,296.4727
470.116,1282.1049
59.27,293.92554
1140.48,471.78912
10.216,101.16413
21.197,202.72302
112.19000000000001,602.1813
20.29,364.37598
129.39,394.99908
20.434,284.97998
41.34,47.78045
11.027,258.37674
622.437,1106.9531
0.157,104.33038
499.983,418.27042
40.88,274.881
1.4529999999999998,92.82875
19.966,460.37335
249.37600000000003,497.52603
20.067,45.55821
8.574,80.21263
178.854,152.16965
1700.28,379.79
19.73,99.388405
319.743,594.0034
79.543,585.975
0.266,48.84913
98.93000000000002,404.53607
9.47,95.51705
0.21700000000000003,32.971924
121.234,228.81702
18.927,273.04446
20.04,60.52146
2561.183,232.97502
9.277,159.48122
239.837,243.91798
19.72,56.242386
329.89,552.9074
529.22,74.11564
21.043,89.644966
571.95,1589.739
20.01,282.64224
29.657,445.91602
0.077,15.72899
39.037,33.104156
8.817,53.818554
10.804,144.56564
11.013,127.57323
19.733,179.85114
230.113,85.044205
20.293,183.66743
18.303,499.22427
3681.106,589.0454
1.08,95.088646
1041.936,361.91714
9.647,103.95536
8.927,89.602516
208.893,406.72934
1.13,49.031326
469.7799999999999,60.142567
9.953,105.39673
39.97,97.426315
10.417,81.77302
879.48,459.88107
2849.846,2068.0603
91.37700000000001,209.96718
1.44,162.04762
19.997,116.34292
580.6,692.05414
848.8469999999999,803.6732
480.48600000000005,408.07016
69.9,184.08105
9.423,70.68895
18.583,83.00171
8.173,27.063347
29.78,2.4533026
1459.936,2361.628
19.587,273.88184
69.92,193.40761
50.274,163.53682
11.346,299.1177
0.25,55.494045
100.00599999999999,206.2214
20.417,62.515503
120.59,233.62668
0.157,114.65368
260.066,1459.4188
9.877,38.462696
21.417,56.62908
710.26,5318.1787
40.68,189.31627
1439.864,398.63535
0.063,566.82983
0.23699999999999996,91.552986
20.01,325.07687
3183.7799999999997,793.97345
40.017,346.43628
17.753,128.02715
9.297,19.471216
1061.49,360.30307
19.524,189.64896
594.184,713.1313
20.047,989.78394
6819.49,370.0748
0.483,83.42798
10.09,52.365776
19.89,255.04445
10.893,102.0996
8.36,45.87249
79.333,80.03005
21.147,30.35467
123.357,643.6823
0.264,104.22322
30.117,104.54274
50.397,259.72168
10.107,46.391884
0.06,622.8326
980.3929999999999,374.6955
0.08,42.92821
11.007,9.013744
0.69,19.56667
247.11999999999998,355.20615
9.316,23.104353
49.733,2240.8782
19.13,414.25897
0.25,41.92703
60.64000000000001,353.82956
11.297,26.995377
360.013,371.9121
10.397,40.959843
18.79,979.1474
6491.1759999999995,442.76294
1504.7699999999998,642.64435
49.063,468.0106
251.82999999999998,215.43954
89.917,1155.131
82.067,90.66581
20.653,102.200554
0.3970000000000001,82.61779
50.403,566.21027
10.587,394.41382
1640.6399999999999,299.52158
9.987,103.09836
306.903,326.2287
79.857,178.89949
51.484,100.52518
320.2,108.15325
90.223,90.86991
1.667,208.6749
106.95,581.18994
9.597,47.667126
20.1,193.57802
89.903,648.5269
52.16700000000001,630.80334
58.977,275.13818
1.706,22.441643
8.697,64.67184
18.183,52.41738
0.31,78.705894
3439.5,495.9369
0.35,26.290577
19.893,162.70238
17.49,190.61346
0.83,68.02432
139.637,71.35504
280.81,514.7562
0.16,210.74574
20.554,78.45613
11.429999999999998,38.302597
0.623,84.31142
0.39000000000000007,119.40293
5138.07,425.86215
20.016,45.87249
39.417,251.1012
50.163000000000004,1076.5837
29.67,33.902813
0.203,396.0227
0.266,143.04942
931.467,228.16339
29.623,203.37595
19.676,50.931694
29.59,365.60266
694.04,335.28256
780.1969999999999,246.72647
19.253,27.731174
19.833,135.77321
10.967,15.812872
98.63599999999998,49.78295
20.197,305.37552
40.007,391.99997
19.777,69.04952
0.03,51.670753
279.646,477.74463
6269.97,658.28107
41.65,29.904497
18.983,26.840576
655.376,187.82156
20.18,165.60013
0.11,40.839596
169.436,355.40677
59.333,461.90213
28.366,185.74161
869.236,274.29178
108.443,147.23274
715.657,377.89932
366.24,796.60016
7.877,161.65623
9.737,245.67056
0.0,15.514339
119.62700000000001,592.5611
0.173,431.76205
19.503,747.8261
0.953,163.21513
7273.9,637.20483
9.134,154.17242
20.866,32.868565
11.706,820.6545
8.297,374.92596
11.264,79.84064
0.52,49.38381
18.757,23.362928
49.797,283.3291
15.047,590.37085
79.837,178.15012
150.92,340.3924
29.623,88.98742
1100.427,179.65662
0.876,109.9251
18.17,78.93783
18.177,91.96354
8.82,113.06455
21.223,48.678764
30.243,47.743156
79.003,29.966722
11.540000000000001,46.05273
29.497,68.618385
1.187,397.80716
18.424,10.545882
10.046,427.649
19.694,91.79441
18.877,58.68161
18.943,62.819733
9.593,138.26639
10.34,56.540955
1833.37,306.20383
1040.906,746.3769
0.063,55.446
1888.537,389.30386
59.927,209.61763
18.857,495.28574
253.35,850.0727
17.077,227.626
9.704,15.812872
38.507,925.7711
20.83,215.31042
9.183,44.407726
11.023,135.82977
1.033,2.4671235
0.0,79.66919
310.166,744.14557
17.19,739.48114
17.757,33.58231
117.43,583.966
1309.016,236.42403
0.22,79.05936
30.85,115.86714
29.432999999999996,59.222183
10.523,51.780262
0.577,321.4658
0.033,129.90262
10.157,104.49174
8.193,58.229637
8.807,53.622562
198.68699999999998,390.6551
420.12000000000006,172.14012
99.643,582.4652
0.283,196.66298
0.012999999999999998,203.11377
0.69,41.313766
179.07,318.51804
10.557,191.6731
7.940000000000001,10.325882
0.377,135.01471
0.343,47.266106
10.91,63.014214
19.03,371.25473
31.07,408.57056
50.074000000000005,1845.581
19.037,60.227863
40.087,902.38947
19.23,319.08246
110.31,53.8171
0.61,22.465538
38.77,57.431366
0.25,208.6597
50.063,144.7624
23736.449999999997,196.50221
9.66,46.189964
41.0,107.13805
167.827,739.9133
9.97,52.064125
1.034,215.0059
1.4259999999999997,114.92513
9.35,323.26633
8.76,39.957016
221.554,1941.1262
0.107,55.178364
0.08,80.23771
3375.1470000000004,691.6657
59.19,273.37823
9.37,60.42586
1061.107,455.8339
59.317,590.55676
29.716000000000005,184.30518
59.63,908.30725
348.047,990.66473
11.747000000000002,37.981216
19.98,139.74841
153.59,338.79404
20.533,304.45392
0.266,182.52666
9.384,96.81647
1.047,40.88905
19.573,327.1917
108.64299999999999,907.52155
0.313,67.055954
9.476,13.449465
19.96,87.93402
40.244,990.1951
178.747,202.22325
60.383,323.5343
0.297,46.43704
190.423,178.2428
9.803,337.65332
268.83,1622.0264
8.827,90.00816
9.11,27.914919
30.67,60.42586
39.28,95.86239
8.933,88.753555
20.183,106.48726
899.656,156.96211
29.823,260.16553
8.856,103.57565
19.6,1026.8247
13.753,38.586468
20.923,344.02142
9.637,48.863186
510.377,439.99335
20.923,106.20723
10.15,114.10006
150.453,654.8184
891.4130000000001,466.21878
111.70000000000002,47.803505
0.012999999999999998,8.730751
20.867,180.10384
30.714000000000002,79.72166
30.114,54.251072
284.683,504.19632
79.157,300.21732
60.267,137.6814
37.353,461.95355
100.21299999999998,211.66063
280.104,185.88948
19.88,172.6133
10.11,61.883373
80.793,256.1467
0.94,573.06665
0.18599999999999997,181.00114
2549.483,367.6528
9.366,53.9943
8.62,63.6517
20.803,33.565704
440.107,294.67645
0.767,63.44811
30.760000000000005,48.343895
1.117,318.60715
0.046,54.04619
199.233,133.33258
872.1,547.46814
459.743,326.72025
0.23699999999999996,54.00777
15.886,44.582794
79.58,177.4878
39.224,300.5859
0.077,51.858974
10.916,118.241005
10.587,188.5117
19.296,101.0303
313.93,145.8502
37.063,130.91647
0.106,65.941864
19.75,133.15659
40.643,899.9581
348.02,654.2952
359.457,222.35187
30.94,197.75987
0.856,83.873276
501.563,306.544
58.09700000000001,386.8394
18.6,286.6118
79.513,160.49474
130.55,456.5033
32282.374,960.94824
389.346,341.92886
140.017,76.203285
1.11,377.22482
112.353,1157.236
10.387,154.36937
9.747,18.632748
19.42,94.89076
481.13,307.50125
20.087,447.84094
11.14,52.80076
60.410000000000004,652.77405
17.026,116.09919
70.287,682.79816
69.706,172.2836
4.72,40.959843
9.443,27.640938
22.2,206.18726
19.993,287.89395
1.5,379.5377
11.17,68.35783
19.317,55.31179
10.437,67.380974
611.033,499.0672
469.363,598.11395
467.45,370.831
20.096,115.29123
311.247,165.70088
103.007,306.99503
20.246,677.4476
149.67,179.03958
0.39000000000000007,34.83718
1.193,109.653625
10.77,42.914803
19.15,400.11014
59.75999999999999,528.63165
19.72,1230.7698
70.037,583.77136
0.233,61.434574
19.863,353.9714
229.91699999999997,128.498
50.00299999999999,293.083
19.38,278.81223
49.95400000000001,443.90237
9.736,243.06488
374.85699999999997,10.47673
1881.923,659.5707
19.716,169.46664
0.03,44.495205
18.404,139.24731
50.824,95.167244
189.087,686.0091
1.61,27.20261
249.72000000000003,858.8273
1600.28,807.6989
40.486,42.17538
10.466,47.426548
9.58,379.2542
19.766,630.3774
340.7,189.50133
30.757,48.509933
930.343,366.1153
120.033,54.601223
29.43,49.760258
9.557,55.242474
40.024,109.324326
0.593,40.839596
528.993,347.4287
41.057,59.222183
19.867,206.90218
500.89,505.59518
10.583,195.9705
9.523,53.4649
110.107,341.32687
79.897,1111.74
19.047,59.73734
10.08,107.411194
241.2,544.5952
80.823,1707.0015
10.433,473.27283
30.696,388.47635
40.393,321.1034
59.77,300.61472
2146.234,382.01553
0.533,35.612457
73.627,196.85675
10.724,195.61502
0.016,103.43904
0.436,26.871475
38.583,135.96098
71.136,7.2643604
22.437,28.86627
10.163,94.61207
19.56,295.55878
19.703,408.47128
59.6,193.71718
9.583,56.711346
0.157,295.31113
29.98,84.43012
10.894,58.293053
9.984,40.46565
57.784,260.994
10.593,45.91814
30.033,55.14944
418.697,115.56821
858.1599999999999,975.4395
950.6569999999999,80.563416
423.337,1226.0869
12.67,56.644424
929.8369999999999,392.28915
8.707,270.21463
217.313,657.4048
8.96,56.10241
79.337,214.20319
0.077,88.54202
1329.98,1215.6072
50.07,455.74792
50.256,136.80237
0.08,48.343895
549.29,297.9503
0.453,68.40674
10.32,324.8176
19.88,107.918076
70.127,29.595346
228.987,1392.3599
21.31,312.93515
37.977,299.55753
9.333,55.966145
10.247,53.648922
70.253,269.74765
1.017,10.259121
110.60600000000001,295.24136
8.756,412.46716
18.527,58.02623
2250.883,332.10962
8.09,109.9251
19.603,289.06488
160.11,37.977543
114.49999999999999,274.79657
30.683,572.45996
30.12,335.88208
20.173,102.200554
29.889999999999997,83.13164
279.94,344.32523
9.75,325.06885
310.15,292.00635
9.42,259.78903
49.89,78.200195
460.297,285.71698
98.36000000000001,393.9369
31.110000000000003,82.87431
4.673,46.53823
440.0199999999999,427.26242
10.397,78.00782
1.064,41.0751
68.017,1467.2319
45.433,376.58093
10.633,577.7862
0.06,392.20633
84.583,515.4448
28.896999999999995,209.60461
9.186,10.545882
129.137,171.19855
1.297,127.04666
0.097,132.61127
118.64299999999999,138.18031
9.713,26.53363
269.994,41.544613
1.08,81.57948
11.077,60.213577
9.534,592.63763
30.620000000000005,74.36669
9.143,52.149582
19.997,80.252304
0.533,161.26576
0.14,91.79441
80.307,397.3422
2610.424,341.1534
16.744,184.32748
39.42,15.562556
129.667,481.26395
181.02,360.39856
59.967,838.1515
0.0,72.211205
1.08,288.67392
0.23399999999999999,103.43904
0.063,348.0778
430.28,108.58516
119.86,367.51608
121.25,317.98868
598.807,206.14056
20.4,160.79985
28.492999999999995,32.479874
1.423,40.87407
0.106,45.900578
10.004,25.581715
0.14,81.386444
0.28,15.626067
5.293,281.64212
11.687,15.645567
61.32299999999999,191.50893
19.213,43.551952
160.043,416.2705
200.70699999999997,168.85985
29.597,106.89235
850.144,412.83963
10.214,200.73434
9.7,103.1757
633.057,524.8534
19.047,49.104355
50.126999999999995,246.77159
940.9999999999999,234.59186
301.153,2159.8066
330.1,582.09924
90.3,292.96735
9.273,121.78277
351.243,337.93948
209.79,342.27963
0.03,130.8069
11.346,93.5981
1.474,39.47459
488.257,431.55756
47.963,90.02392
9.973,103.46617
163.294,870.3511
119.48,22.01874
59.994,37.36109
610.187,732.94965
0.049999999999999996,54.903378
21.1,68.46676
9.24,25.96003
0.22,580.8534
0.08,102.150154
540.473,1198.0638
194.353,180.60686
4280.607,639.3974
9.856,797.4412
227.71,331.306
90.18,196.69678
197.79,653.6883
141.76,269.21243
89.537,302.8073
1699.863,1727.1282
70.154,197.43364
10.063,201.49275
3473.513,1202.6085
129.184,352.81815
71.863,123.25084
9.94,63.370266
811.197,568.7525
19.607,39.435883
19.89,549.55676
20.57,19.423656
22.923,158.64055
11.376,97.088745
0.143,55.122257
40.123,109.02524
213.47,342.73193
199.057,349.89786
1121.03,1153.3114
241.15300000000002,310.6158
211.956,548.88904
20.077,142.28711
4675.067,1340.6326
0.47,89.40048
0.06,24.13528
11.247,57.912186
29.843,199.51816
20.407,394.19092
79.86,113.15171
19.803,25.989902
8.43,20.265324
19.136,47.60325
179.663,536.88043
30.017,94.75363
0.266,179.64195
1890.23,1117.1187
106.75700000000002,192.92049
8.866,101.02531
12.713,204.16348
169.954,282.5169
0.37600000000000006,115.18302
29.483,323.48297
458.42599999999993,1697.0377
50.184,1142.2819
1.42,80.282196
18.807,114.255486
80.944,433.9318
430.13,370.5842
0.313,53.4649
9.426,242.19443
0.534,9.9317045
9.366,48.863186
5.987,126.59182
151.81,278.93063
19.913,233.13261
29.313,93.38423
19.22,285.48825
9.653,94.09952
5.936999999999999,9.9317045
139.436,282.4786
9.51,74.82022
9.48,247.70801
20.08,44.320442
171.007,65.63036
0.473,78.00782
70.02,217.25905
1.437,319.73593
1.0,51.534573
20.787,65.95102
210.08,61.58537
10.04,303.0395
11.167,10.494717
230.48999999999998,761.3659
61.627,308.22122
539.823,573.9622
200.057,405.22522
30.04,23.1138
20.066,297.08395
10.177,180.58586
3050.836,365.97382
50.19,202.35283
610.037,370.69507
39.71,115.25888
40.436,113.15457
10.22,54.04619
7.383,34.32969
20.157,103.84952
9.067,98.91948
10.377,55.334297
19.377,138.01971
20.027,59.565
9.983,71.88293
0.06,71.24288
900.1539999999999,887.9801
10.873,49.66247
60.236000000000004,181.3269
9.937,102.633804
8.55,190.50311
11.859999999999998,299.54272
0.547,211.21513
118.99299999999998,261.49716
22.0,47.228962
30.0,128.99075
10.677,13.577513
0.453,40.839596
124.82000000000001,1002.17993
700.073,538.1812
10.157,169.80553
1111.414,254.84264
89.444,1087.0758
0.077,517.5646
90.25,413.37674
2260.54,470.84036
0.017,75.14215
129.22,266.25217
40.673,488.0677
780.283,167.18773
0.89,26.564186
10.503,907.52155
40.24,271.9454
89.716,278.49683
1.3,68.84937
1943.57,612.1572
0.42299999999999993,15.431055
10.856,100.3703
49.783,252.07838
9.37,74.07277
149.57,33.782124
7.087,24.13528
0.53,44.24256
12.053,41.23161
15.703999999999999,387.24808
35.53,155.07121
12107.03,1947.9098
18.317,58.599754
19.327,470.8575
9.464,102.623055
19.077,47.153122
90.89,244.81015
0.313,26.290577
419.454,517.9305
60.49699999999999,390.10175
0.156,24.131233
20.104,60.77031
10.04,55.204998
10.89,111.578964
20.333,132.95085
9.884,218.5038
0.97,98.283325
679.797,532.2131
0.11,76.57991
19.507,320.15396
10.837,82.55156
0.17,49.214565
259.503,175.89227
0.14,203.11377
10.027,54.670074
11.237,92.617355
9.723,98.14127
8.316,44.24256
399.326,404.07526
0.58,97.088745
169.12,106.664474
69.637,732.72845
9.583,63.058163
0.39299999999999996,57.565277
10.123,141.71368
49.830000000000005,412.09827
30.110000000000003,292.48663
19.584,685.16846
19.83,462.17432
50.092999999999996,501.89993
8.787,67.61057
80.366,1723.1873
0.453,24.847994
23.946,27.237505
18.504,259.57037
9.02,228.37025
52.18300000000001,424.4532
10.633,137.43198
0.0,15.514339
19.404,57.922527
130.016,136.19229
0.04700000000000001,55.975296
19.24,362.338
260.384,57.490536
8.223,37.88176
9.97,72.124214
20.16,55.66714
0.38,18.632748
39.75,796.8859
9.217,36.288963
19.603,303.58032
247.69000000000003,1243.2639
2301.924,389.01535
620.59,920.6368
17.194,98.29147
60.036,68.35783
79.427,60.780632
359.494,272.87363
59.784,92.439545
8.7,113.03228
49.867,77.30863
15.576,187.90247
8.91,96.0955
1.017,115.378876
0.313,87.929504
430.22,467.7323
19.79,101.69207
9.607,1169.2983
0.143,51.56804
20.99,4696.928
0.17,9.304676
0.627,89.17188
32.044,43.030632
18.6,721.7868
116.124,316.44162
799.92,124.25498
69.047,89.008545
0.08,366.5084
20.084,86.36868
0.827,66.04285
11.657,61.98155
10.47,80.81006
67.057,167.30072
270.19,269.9185
9.537,24.252638
13.127,10.545882
129.61,316.23007
9.877,646.5512
0.39000000000000007,24.018488
23.207,175.629
10.38,64.59896
0.063,45.91814
84.613,1092.6125
358.113,750.8504
1945.847,710.7594
0.313,26.59474
0.327,54.334484
93.71,455.6346
9.593,466.0898
9.893,55.063564
272.957,1444.4812
2909.643,958.33936
44.774,2341.9795
39.296,82.93754
10.87,291.52252
5.929999999999999,177.19884
201.236,309.0043
49.237,879.5295
229.22700000000003,535.92773
24.799999999999997,117.947014
129.88,9.304676
19.01,201.46536
379.47299999999996,719.0063
20.127,87.86173
20.023,64.12358
747.48,517.89636
1618.1440000000002,552.4537
21.017,277.44318
20.116,776.0312
19.76,195.9705
1181.367,256.52234
8.187,51.41343
18.154,16.041754
561.15,309.67743
30.623,44.068874
301.443,149.14209
34.14,55.21041
289.13,293.90198
1029.986,714.16656
18.967,359.64972
49.283,181.92787
10.067,45.35128
139.033,322.7605
39.75,54.170666
29.913,248.28603
9.607,50.581463
0.8599999999999999,48.06761
0.326,35.831394
239.86,191.33344
6.476,2.4533026
0.173,31.9086
9.833,61.585106
0.03,81.00174
180.09,730.37775
70.414,424.3421
10.19,497.8958
10.023,211.21513
9.857,40.419174
34.88,2.4681091
0.313,58.114338
40.13,33.44971
100.02,1275.7847
20.123,91.81381
7.982999999999999,86.82283
28.703,594.1594
20.173,1095.3944
20.467,324.55853
19.724,323.26633
40.513,115.56982
9.893,87.259224
119.77000000000001,366.34943
70.52,1346.9844
0.347,91.552986
29.8,243.50064
25506.909999999996,158.09094
549.017,221.12555
828.2940000000001,316.7765
9.437,48.330673
1.046,131.9455
160.477,738.3777
909.943,557.8576
39.917,277.29816
119.65999999999998,625.63715
299.553,756.25916
12.609999999999998,10.192781
10.343,717.12384
230.87,353.95685
79.173,263.77502
39.324,45.647957
10.01,98.720116
10.0,87.25448
0.69,45.647957
0.407,427.649
566.947,583.8722
19.71,1541.7787
71.12,42.09601
0.627,138.86838
19.34,437.5162
14.666,468.89603
177.163,238.61314
1.347,68.618385
937.1200000000001,690.46
8.68,78.66203
0.986,38.122986
174.52,645.06287
7.797000000000001,10.325882
30.08,566.52716
589.62,319.266
140.017,390.9653
10.346,45.120876
61.053,229.9308
17.704,59.289684
10.996,147.71501
10.45,71.405304
2602.27,315.72665
139.91,279.02747
320.867,383.73328
2.703,2829.1843
310.09,417.5004
18001.737,2224.5369
10.317,43.351948
18.99,78.69128
29.303000000000004,55.6285
9.557,53.833935
89.427,22.570757
19.957,235.95563
2.753,53.262512
40.013,46.90499
19.734,81.36821
1.237,84.3707
9.856,18.587227
9.457,150.15826
1.11,603.6238
191.50999999999996,445.1833
0.924,80.23253
10.446,55.644028
10668.513,815.76196
1.11,27.483232
1.123,62.256813
48.882999999999996,26.79553
61.220000000000006,330.36026
28.86,858.13995
2929.1629999999996,499.59485
89.714,348.51114
9.94,70.62002
210.54999999999998,401.63736
49.47,500.7667
0.453,19.670519
0.08,109.9217
10.2,64.940865
31.1,106.11749
0.314,52.860023
370.76,352.54214
0.25,26.964361
290.946,236.75952
9.853,44.802532
410.07300000000004,206.9876
9.466,46.00863
0.03,21.87005
48.283,58.276073
9.27,33.682087
109.0,86.422226
132.127,390.31705
0.157,73.325775
220.44699999999997,2068.7502
0.38,44.846756
889.764,430.84296
9.04,62.903896
4900.193,673.9361
0.127,103.15595
130.97,617.4887
20.05,513.159
335.337,501.6831
239.61599999999999,537.22266
11.372999999999998,71.30289
29.697000000000003,46.472458
0.8769999999999999,45.91814
11.66,301.98483
831.947,1477.9197
1821.08,1414.3567
8.96,15.72899
11.06,85.802444
19.5,190.96606
9.52,446.38077
639.683,320.52762
631.093,298.90906
139.033,211.07101
21.223,21.797913
1050.906,350.31595
9.89,55.114365
49.646,533.06116
170.373,1029.9033
31.117,291.03336
0.063,82.2987
10.557,18.451359
19.217,381.75595
289.657,85.24543
7.690000000000001,44.593433
0.03,114.65368
10.04,29.910229
621.323,651.3016
109.314,174.93764
59.777,40.257187
19.35,22.550755
19.62,38.984833
109.66300000000001,171.99495
10.31,55.547115
30.247,124.31083
0.39299999999999996,145.17815
38.163,327.03757
100.343,362.9637
8.407,56.009403
8.747,66.58041
0.0,115.509926
29.087,118.43131
10.653,340.51062
6391.197,779.8315
77.12,614.1044
9.287,280.56793
230.13700000000003,971.395
38.633,325.48227
10.073,39.930847
10.187,1176.0122
139.256,505.90244
10.643,83.72135
20.853,340.287
9.89,742.0942
10.637,423.48767
8.19,13.577513
1.69,450.72552
40.05,249.22552
9.31,65.96887
10.713,66.57851
69.4,191.13663
41.813,42.355877
29.824,526.84064
9.934,13.690546
9.874,15.403392
60.404,400.91406
0.47,115.56257
10.133,40.512215
20.966,129.62408
61.547,203.24976
141.077,492.6369
89.963,415.19388
0.03,87.05372
8.247,50.45052
1122.617,633.7673
624.99,322.28735
119.897,521.8362
19.186,162.03445
19.58,15.54189
29.297,397.13132
19.48,51.02231
98.723,284.99265
55.20300000000001,75.122696
141.3,19.769712
20.417,307.48068
170.68,66.75567
370.993,273.18115
22479.12,2418.2256
9.064,92.86154
10.403,189.2485
70.133,270.84344
20.03,124.56715
39.746,294.31006
6.533,425.31598
169.713,143.14168
10.116,48.019547
0.18599999999999997,26.686657
139.474,340.4913
2541.706,343.07764
219.987,343.37836
19.32,80.252304
0.157,416.51764
50.873,805.85876
929.3139999999999,328.51334
10.293,27.4128
28.83,46.37571
8.827,14.285022
10.267,102.082756
41.097,96.85912
19.583,38.17043
0.61,453.1107
1521.173,664.55554
28.887,177.55107
49.653999999999996,53.354446
12.753,20.19838
50.117,319.84708
9.857,42.03693
99.57,6.743032
20.843,94.04298
239.753,70.399185
491.02,101.27879
9.387,150.2512
99.35,305.3553
0.596,108.452805
59.116,179.70639
18.713,138.7451
57.054,696.48804
31.274,56.53746
19.713,54.846687
519.807,318.88882
40.88,414.38766
10.193,422.3913
1620.09,137.40701
9.84,389.06757
1640.274,299.47974
30.757,395.91556
39.367,113.18387
20.43,65.37722
1750.14,725.0018
10.527,38.3938
10.813,72.74122
909.0200000000001,312.69138
8.363,52.261974
49.873,731.58203
0.157,73.174255
0.17,88.08163
9.94,91.98622
81.937,374.02618
29.876,32.64898
8.987,906.1851
51.443000000000005,866.93866
8.5,45.875523
29.557,466.39944
112.063,64.248276
19.333,876.34735
30.944,357.07883
160.12,608.1234
19.29,97.36901
18.984,100.273636
1170.79,1862.2875
1.8729999999999998,20.968248
1098.277,481.59973
169.887,292.96213
9.817,56.11871
10.114,349.80716
20.426,400.55203
89.663,190.97522
0.363,102.55545
10.267,50.585003
0.45399999999999996,65.48218
2.813,921.4292
20.173,394.25092
1.157,28.86627
19.07,127.722
0.11,15.981413
39.813,292.43878
30.577,84.17848
19.514,554.7353
619.37,334.54437
139.51,481.92734
9.057,80.791534
181.48,298.8691
10.993,42.318718
20.513,98.73211
8.857,55.201626
1.067,49.357662
0.347,57.93775
48.14,1027.2059
1300.854,346.9417
40.143,280.0816
2242.9,273.4999
20.403,67.01517
11.097,27.028654
20.333,54.687786
121.78,47.05479
19.817,29.181751
58.99300000000001,22.649961
8.353,66.028076
19.857,41.07512
20.657,100.57929
7.534000000000001,473.8884
0.14,97.547104
0.41,39.6125
146.093,378.9164
20.296,65.21101
4399.933,1544.2701
9.957,9.945947
37.964,116.60966
3751.6800000000003,1304.5137
19.83,38.256485
490.56999999999994,1626.2319
10.847,203.71524
18.57,46.692154
9.16,69.77538
69.17,161.64577
9.5,44.068874
34.8,193.68825
39.053,179.78076
0.033,180.6509
0.873,41.77377
10.9,59.638546
189.027,1156.856
464.5,578.3691
3951.187,979.9133
4041.0960000000005,1222.4342
20.73,119.1481
31.63,386.27216
0.017,48.019547
0.8599999999999999,85.59209
29.983,42.1426
18.66,195.93254
10.23,41.367985
3732.2340000000004,1035.1111
0.156,150.10416
119.957,380.20746
430.55,1786.4906
148.15,1060.4834
1140.847,1221.1335
21.536,52.409645
39.883,294.32968
40.343,77.61585
0.203,494.43686
40.937,64.10422
10.06,158.27074
20.01,87.74624
309.98,63.4517
130.01,396.82974
0.124,22.126982
219.663,277.72226
751.093,712.9176
50.544,52.606567
0.346,82.3248
0.127,80.19274
120.78999999999999,9.472282
90.467,164.76546
1181.203,269.9976
1179.554,536.1928
141.857,860.7507
209.59,316.31607
2515.18,608.4368
21.833,296.29562
351.343,404.0743
10.833,58.07979
13.285999999999998,395.65958
9.434,138.19957
670.174,106.656395
2520.223,2658.9116
19.233,212.63895
1.157,107.50289
1140.856,498.67346
0.297,112.44385
9.313,97.142204
0.517,345.71085
7.73,50.288063
520.694,846.8484
19.043,306.65668
0.263,190.61346
169.477,287.8491
0.313,455.31204
21.83,100.87131
0.517,178.56984
1.5600000000000003,19.93269
0.406,218.2537
9.237,56.441483
91.72299999999998,158.15497
1.187,121.93634
110.133,1354.8303
8.036,47.386627
10.56,62.1047
8.853,117.70195
19.53,456.34644
39.804,361.15173
10.563,46.7385
19.877,28.92633
0.03,103.439095
24.377,154.64569
9.177,90.69654
629.717,306.25793
19.82,447.89078
41.55,766.30695
19.647,61.19543
20.467,120.1608
0.034,63.554726
0.157,76.40548
0.58,57.962345
39.813,49.136124
30.707000000000004,60.281948
40.93,157.12408
8.293,10.631758
26.403,635.70416
853.3540000000002,2074.2834
9.87,267.35867
9.3,135.7377
0.033,15.897214
1634.167,153.11644
61.19,490.2672
107.86999999999999,232.257
2.51,15.542199
10.087,87.68519
19.69,175.629
246.53,209.27396
10.936,48.165916
104.15299999999999,76.52206
306.817,281.9213
80.05,598.1819
2069.19,801.17267
9.946,413.58783
78.94,33.507652
13.96,170.3572
79.943,137.71101
41.06,170.89975
19.28,313.02942
398.91,1100.4962
69.78,120.379524
1042.487,1894.0144
10.02,315.03467
38.134,13.433535
19.78,82.93861
9.863,234.63225
19.773,100.68784
280.717,149.88657
19506.713,164.03616
69.86,170.60909
20.74,55.446
1592.453,503.35422
0.503,81.386444
0.36,21.483015
39.957,18.532097
40.743,212.40948
0.737,40.419174
172.33,517.7197
219.89300000000003,159.78072
968.663,404.86185
19.84,187.21294
10.253,192.38277
20.74,65.690025
9.483,760.65173
9.73,85.59209
19.21,403.46567
1.28,99.77457
19.593,102.89083
630.206,282.38916
30.922999999999995,404.60815
80.06,10.015484
1.45,15.854986
19.38,53.56763
9.673,433.2602
0.19999999999999998,23.556978
570.29,260.04263
0.706,88.54202
0.8459999999999999,44.381565
10.847,188.92229
13.316999999999998,115.729126
52.137,155.11838
19.883,68.02432
10.45,204.03969
19.697,695.2606
0.734,52.16598
10.31,663.1567
0.203,96.29672
10.39,46.189964
279.713,693.0858
10.82,152.17998
18.25,310.1713
10.01,551.6097
9.473,83.9905
18.38,344.77017
30.949999999999996,200.3596
19.904,151.71844
0.97,74.63205
0.21700000000000003,29.78046
0.8260000000000001,24.13528
0.534,40.818317
50.776999999999994,425.3148
59.290000000000006,205.19409
1478.1499999999999,915.94183
9.577,60.70581
38.15,549.3463
49.98,296.9275
260.793,495.68958
9.547,54.04619
25.35,2.450352
0.64,52.587833
10.043,66.67333
0.643,142.66818
980.72,267.53488
9.227,346.2343
301.197,229.55269
9.686,686.5063
20.733,25.369247
320.02,44.793377
0.283,54.49406
29.05,221.60098
19.943,53.482098
10.143,98.55876
19.31,91.33422
150.073,1965.5845
9.347,44.24256
9.17,20.968248
0.8939999999999999,195.1359
0.66,466.39944
175.513,572.1737
190.18999999999997,130.09932
0.11,417.72986
39.943,144.03851
8.677,69.79
6.220000000000001,55.379967
120.217,211.65814
419.847,800.2514
19.644,354.85184
864.6360000000001,4517.3906
9.79,74.09902
18.963,51.019424
28.274,20.665335
259.983,144.73001
166.793,335.4937
139.783,567.856
19.744,1243.2745
10.027,59.564972
0.8769999999999999,56.886044
122.79300000000002,2.4700923
180.206,209.96104
109.71,595.75
19.024,41.043854
1.4539999999999997,360.42892
5790.04,821.54987
199.80999999999997,326.7061
1.33,26.686657
39.927,196.01813
19.943,28.948215
79.973,349.39685
10.137,118.67178
20.11,181.6607
19.883,10.426844
0.063,50.931652
8.983,245.18953
365.03,1028.6954
0.61,94.09952
9.286,55.435165
9.037,195.1359
70.63,79.434074
108.21699999999998,311.91574
0.657,126.564
38.953,19.000858
49.437,294.33902
49.14,133.34317
20.066,26.20002
11.203,122.35423
210.81299999999996,112.46096
19.613,104.123886
0.033,44.486576
328.99,205.0848
9.317,471.1968
19.903,86.85176
420.553,271.62628
100.39999999999999,74.06901
150.63,2256.2905
769.543,68.1598
159.933,427.04364
79.247,45.217186
19.933,30.029076
79.79,702.83215
1905.273,328.86893
1569.937,989.95917
8.213,431.8504
60.207,97.142204
0.017,17.874002
40.203,275.80856
42.224,401.2227
190.597,152.02826
11.376,64.772675
447.377,385.4877
7.063,27.237505
0.5,9.899832
9.947,54.04619
0.17,450.72552
60.08,1732.5011
18.95,389.16104
0.513,27.624636
21.247,164.34377
10.734,198.11249
0.61,92.012054
288.703,256.9744
8.416,180.10384
419.97,534.0882
2.877,32.868565
19.88,293.25876
59.67,90.11836
9.843,378.68134
1857.023,2709.7888
10.937,85.477905
118.07,372.47318
658.947,1402.1744
9.093,55.2354
9.743,124.195496
2309.603,875.5631
1472.093,168.01834
9.534,95.088646
9.274,34.329456
19.64,300.0724
29.144000000000002,135.0185
1.377,52.587833
70.297,301.89145
14811.666,15198.648
19.84,45.453773
0.39999999999999997,105.60744
19.807,41.795464
209.87,87.22891
30.136000000000003,186.68448
20.647,80.940575
990.957,102.60997
539.15,647.23926
29.04,737.92255
17.797,15.598056
3020.357,619.8462
159.956,305.98135
153.76,419.0126
19.213,149.94716
20.11,49.38381
0.72,314.6857
21.843,185.47678
0.0,51.86704
50.03699999999999,87.46087
0.814,410.06155
20.016,115.89576
540.17,1028.8036
20.117,114.283966
9.77,39.718323
1661.923,725.5784
0.296,22.881283
30.673,579.72345
9.393,515.36566
18.097,217.74995
10.31,107.95831
18.997,30.154146
0.297,47.60325
329.97,537.2396
20.38,54.58031
0.3,194.52751
630.273,360.33685
0.656,9.883498
740.0000000000001,476.54514
1969.606,263.8152
8.937,111.97216
2144.203,100.92272
509.82399999999996,654.83685
1.093,557.013
110.46299999999998,180.59666
19.51,189.29036
10.07,182.52666
100.483,282.93863
0.14,54.29467
0.127,88.54202
9.503,396.76044
154.103,697.56976
0.577,474.00296
19.65,284.46158
389.89,816.06824
0.7999999999999999,106.20723
390.227,59.291496
550.003,322.47177
20.177,49.82245
0.704,23.104336
20.583,54.58031
9.887,99.49088
0.04700000000000001,150.57271
8.974,44.001534
50.96699999999999,146.38933
18.883,102.47717
19.097,295.2281
9.04,55.228355
0.757,179.30539
229.69,89.74067
100.316,99.359085
30.127000000000002,77.01665
49.957,341.81015
487.49999999999994,98.094025
29.997,88.05195
49.773,83.97335
0.127,53.833935
100.053,158.33446
10.424,15.624783
0.04700000000000001,72.199326
8.18,171.79701
10.434,133.99883
0.66,45.823616
40.807,58.45362
299.663,558.11523
19.97,293.8235
0.216,183.50473
128.427,188.8046
545.37,938.56586
359.437,262.19894
11.613,86.46414
9.22,87.86837
29.677,215.8402
1449.3,2365.322
10.454,69.25586
10.097,70.62002
20.34,305.58865
10.98,61.315918
139.166,370.24203
19.234,10.242496
10.44,59.73732
20.654,217.65349
10.687,82.95786
1102.28,165.30061
897.99,2514.934
9.937,56.01607
59.92300000000001,230.0406
469.96,91.81914
18.68,221.38612
117.53,313.75394
49.257,1055.9376
30.073,586.91876
20.223,456.51758
0.03,97.547104
29.306,24.505901
10.086,130.9801
330.043,349.1899
40.343,546.7511
18.153,641.5742
59.277,110.83461
21.163,1033.1378
90.24,590.7945
1910.96,427.06226
99.753,419.02136
469.89700000000005,530.33716
61.257,138.01302
60.657,88.75281
20.353,160.5241
0.623,46.692154
380.606,236.60219
70.646,676.1866
29.42,52.7113
10.793,135.43156
0.687,40.46565
59.983,299.20868
560.514,328.8728
1.173,57.565277
9.057,161.73444
49.453,603.8796
88.613,225.1486
10.98,58.77139
16.334,436.9885
0.657,208.9166
19.02,137.36299
209.78700000000003,326.01004
158.587,247.12993
10.09,133.77252
20.21,115.07302
19.43,62.264957
258.914,239.69934
22.093,45.376907
1.564,106.476685
20.193,103.302666
28.077,51.134594
9.59,544.168
1505.4270000000001,1189.028
9.036,133.17342
228.41,338.70444
229.14999999999998,1270.036
19.993,527.19525
972.2400000000001,146.2088
20.29,1284.8901
0.11,64.67184
280.14,358.77036
496.063,909.54126
1130.533,170.08441
119.08,485.8852
123.766,307.61993
8.977,108.202545
21.347,76.05035
41.074,13.917047
673.72,1259.5305
10.023,67.52686
19.97,305.51904
149.72,74.93219
8.847,52.4606
9.07,386.39325
10.373,15.683074
19.723,100.622475
20.146,150.09062
259.65,520.6432
18.973,111.67509
30.686,92.012054
299.776,95.399574
60.893,1.9403636
19.744,187.6299
89.257,139.74461
0.83,39.93083
9.637,158.7887
10.347,10.477699
99.40999999999998,370.7424
98.88299999999998,59.045357
20.136,241.98018
74.68,292.27866
9.117,45.94844
39.017,99.4197
10.267,303.0395
1.954,30.506071
29.957,58.715153
10.023,84.31904
9.66,71.24288
0.657,52.659893
1410.737,332.28006
60.137,308.8382
9.27,10.409956
19.653,578.0309
8.947,283.042
19.91,263.99637
38.913,312.93515
0.04700000000000001,53.974194
1.203,51.65599
429.194,1036.594
130.12,155.81326
9.7,223.36877
10.893,84.508995
19.414,433.59332
59.6,194.53146
9.78,130.91647
31.683,251.9389
339.747,312.8486
1.287,80.20266
130.0,281.6813
140.463,192.11876
144.667,60.4693
7.883,301.98483
0.143,269.34802
151.136,407.80508
1.5940000000000003,78.34159
30.432999999999996,65.836754
130.01,301.14935
10.127,512.7787
109.06299999999999,168.0316
0.203,103.50744
418.52,308.61404
91.55000000000001,606.8052
820.5399999999998,1223.3191
49.529999999999994,246.45735
0.7859999999999999,87.593765
0.076,52.80076
29.746,264.1772
0.327,109.636215
11.997000000000002,44.978718
2400.043,432.7651
0.457,318.32843
9.176,137.36299
210.086,1120.3071
12.260000000000002,25.761166
20.283,329.48834
49.387,391.66458
20.023,53.73767
0.22,15.458767
120.96300000000001,83.58383
1682.0460000000003,798.1407
39.856,88.23587
10.04,185.51544
856.1,668.9284
39.39,856.6381
70.1,326.3358
8.64,222.68663
18.867,45.823616
28.11,1137.381
969.083,426.77698
10.12,69.9571
59.657,263.4692
19.143,194.13185
19.203,180.66478
2.677,55.467304
170.777,72.70953
20865.197,6267.3286
1542.926,508.47107
0.64,395.30624
203.08,1359.9713
110.94,1687.7324
0.09299999999999999,90.30568
0.012999999999999998,183.50473
80.183,48.643753
49.54,422.10956
19.893,54.923832
19.303,46.448444
210.26700000000002,344.8635
9.427,48.12647
30.137000000000004,194.30098
49.18000000000001,55.531723
218.21600000000004,586.49225
4562.63,1314.8774
20.083,312.6472
30.097,170.32207
29.427,71.402084
8.47,22.224972
1284.514,472.3619
61.16,581.90155
0.926,65.70503
1070.603,254.36897
10.006,199.35123
180.403,404.07486
7.417,15.375782
9.607,135.71106
142.674,715.25256
10.036,276.75793
200.386,284.337
447.093,840.5777
11.137,63.703426
270.187,227.16249
150.916,381.74728
1354.3,969.8642
69.593,3669.9426
9.52,48.69183
60.137,129.64818
0.547,25.581715
29.787,57.804947
11.26,45.901604
9.896,54.50952
9.273,187.27611
60.897,583.5039
118.91,632.32227
30.3,37.42926
270.903,399.9728
240.25000000000003,274.98618
0.03,22.99255
20.293,52.032673
1.14,41.316147
8.173,50.59724
827.0230000000001,1043.0388
170.33,1390.9861
0.016,194.52751
8.844,102.633804
0.28,214.11797
11.783,55.757782
0.14,21.483015
8.057,81.11043
0.456,80.20266
19.304,380.90247
10.394,44.480408
21.103,62.322693
21.127,329.90536
1909.457,432.25735
20.92,301.8154
0.187,88.55994
18.96,70.027115
19.193,56.40489
470.357,512.7519
19.723,280.0382
9.52,140.39008
0.406,48.20325
150.79,1562.231
359.57,403.8641
158.48,155.5623
50.163000000000004,39.093864
0.012999999999999998,331.35068
18.823,127.04666
1.58,61.38383
20.047,63.463943
31.937,10.259121
11.353,256.2474
8.67,113.19996
80.246,92.492424
20.037,1136.2872
10.94,102.0996
8.577,105.03076
7.616999999999999,74.82022
0.11,57.67545
9.997,71.52007
79.473,281.34998
80.277,73.4522
1109.466,108.812996
41.264,13.723022
100.717,147.27809
20.643,160.02213
19.31,110.21483
18.923,42.300385
1.953,130.8069
0.8629999999999999,74.31349
8.883,66.926895
1.7539999999999998,95.20475
20.92,45.515396
5.457,91.73031
421.113,439.13177
24.457,281.64212
21.03,49.23283
20.066,460.2202
2203.444,295.8298
19.973,790.96124
40.09,88.975426
45.739999999999995,608.4368
0.216,55.975296
10.693,36.006557
0.43699999999999994,161.49991
509.62700000000007,1162.6755
59.543,345.71085
19.52,60.243065
0.28,102.904396
8.983,39.930847
78.68,214.8101
19.65,59.59606
957.26,472.5224
9.283,123.50724
0.597,39.98156
279.413,412.4777
2138.68,899.0489
9.517,377.22482
9.217,53.668095
0.5,268.52527
680.964,133.16147
8.46,108.980644
89.04,498.97797
9.34,192.73854
9.037,472.20004
8.69,111.578964
11.93,9.819596
69.91,310.27646
39.593,999.89777
1.14,73.32585
1.144,76.57991
0.046,115.18302
45.034,797.4412
561.03,193.1043
0.14,23.329578
220.117,1183.4556
3390.3040000000005,166.49347
79.003,127.749405
61.573,161.02
30.019999999999996,188.69951
2959.943,4132.063
19.546,120.42792
11.03,346.2343
20.1,211.27788
9.467,310.7891
31.287,45.412655
29.7,148.73357
0.23399999999999999,102.62032
7529.693,2176.1826
109.617,626.645
461.68000000000006,217.68163
10.16,46.00863
947.46,877.1217
220.124,314.8941
230.03,1236.2747
9.817,41.442627
11.24,125.96076
268.373,171.15326
19.41,76.87075
149.837,282.34933
18.627,42.1426
20.137,418.9517
902.127,702.3546
1.017,78.69128
980.39,830.8147
9.417,218.5038
20.707,432.2976
60.13300000000001,3270.8955
16.964,541.8641
788.977,143.1703
0.016,27.838106
340.75,523.6561
10.163,1228.4979
1.6230000000000002,15.403392
100.79000000000002,502.5225
20.233,1213.1824
9812.817,2742.616
19.97,174.94803
470.503,874.1552
20.52,143.84418
9.95,85.34392
0.08,99.53342
189.314,131.81232
19.96,104.514015
9.637,65.24083
9.61,102.62638
599.79,283.8527
0.25,215.26465
29.036,164.74391
81.156,151.57079
60.417,2002.6675
260.24,221.51541
319.777,305.88977
40.357,393.61166
149.69,367.9472
150.346,189.75165
0.847,189.29036
9.897,67.97464
81.25,141.55388
20.06,662.82733
0.717,96.0955
0.293,74.82022
233.21299999999997,353.05234
139.783,963.5644
9.984,266.42572
34.89,56.11487
112.78,238.83931
1988.554,801.4653
62.26,331.02234
11.653,567.8202
264.043,102.10806
20.147,155.52614
19.63,320.6819
799.7800000000001,480.8038
339.95,149.10526
1.5330000000000001,14.451662
70.227,111.31913
199.07,773.8376
9.813,397.87402
10.417,57.258213
159.167,476.88504
6.436,15.833922
29.677,386.39325
0.623,413.027
0.377,45.671543
9.1,57.821022
19.067,349.4488
10.513,282.00818
60.034,635.1194
0.063,64.79007
39.39,160.64833
9.913,248.17332
50.1,384.11786
80.296,117.3422
0.47,39.98156
90.014,101.610725
20.266,216.5916
20.063,300.8827
799.8400000000001,367.76587
4590.254,3893.091
10.966,59.9202
1842.837,1955.1035
42.23,1189.6991
17.013,294.79282
59.8,466.18552
9.223,26.169882
53.047,159.63196
10.107,105.692024
17.713,13.60972
0.43699999999999994,15.357017
0.546,52.4606
21.92,95.43141
0.36,320.43747
779.8559999999999,313.4254
18.827,150.90921
10.17,846.7564
20.917,9.396721
9.237,62.049828
38.904,27.098078
18.994,410.50433
39.894,307.57306
10.3,110.47461
60.586999999999996,374.64618
120.65300000000002,306.93512
10.26,138.01091
18.373,470.8575
9.75,464.57413
8.444,69.55368
499.92,110.607796
42.787,13.545383
33.74,440.59235
11.077,86.83663
60.633,188.43312
60.543,338.20505
30.78,57.345474
8.973,94.029465
19.853,44.808594
2746.117,776.64307
28.85,393.07703
70.003,259.29065
3739.963,1098.6796
1920.35,244.54366
60.596,1075.7054
11.11,71.45294
0.314,203.11377
420.15,162.96434
2513.547,178.01044
59.72,297.01782
18.27,44.758606
19.66,72.80131
99.89,178.27126
9.3,79.465454
844.137,85.68707
0.373,15.486527
9.847,15.486527
0.017,60.368935
359.273,2403.0876
48.607,66.657585
80.07,31.283197
11.03,47.298542
10.093,94.009514
62.044,420.96228
10470.64,850.2629
6.453,796.8167
379.953,438.64154
30.307,716.1948
280.0,470.8575
20.654,45.973606
0.09299999999999999,80.252304
31.523,113.03228
8.563,324.51108
18.863,263.8133
21.224,137.37012
3909.9500000000003,3307.0833
0.03,47.93855
666.057,8544.181
516.587,485.29178
49.147,3688.5706
19.943,631.2174
9.564,138.86838
185.71000000000004,1024.8582
30.98,7.2126517
0.534,2.4780314
27.593,196.99295
0.673,303.84445
20.47,348.39935
9.906,123.17418
10.467,17.830366
149.15,55.88734
230.277,162.7668
9.267,59.528225
0.09400000000000001,27.660084
30.963,136.94458
49.26,40.139137
50.93,18.632748
60.09,404.0596
9.397,48.13832
70.947,158.34192
70.047,135.6121
98.78300000000002,232.7089
977.843,809.55774
202.03,108.61979
0.39000000000000007,27.553862
32.0,292.13867
8.96,161.42181
19.08,120.20342
40.31,63.894554
0.893,62.264957
0.33,49.8038
310.98,454.60205
11.204,55.082394
80.087,739.55505
9.486,386.2724
50.95,904.9006
1389.97,313.4131
69.557,297.12366
0.796,119.87311
1889.8960000000002,541.3624
8.303,146.38933
90.057,255.15329
430.4630000000001,493.8703
10.047,63.058163
194.62700000000004,216.50108
9.96,24.434952
60.09,704.0571
299.653,110.78784
187.127,1063.9292
48.924,42.80242
47.36,193.06142
181.41,1036.317
369.62299999999993,241.98592
1.503,93.3519
80.343,253.61578
58.98,110.79701
19.77,67.77041
8.93,73.87366
219.624,215.32071
18.987,107.450745
20.656,40.048744
60.937000000000005,110.752426
0.11,80.393364
181.74,539.40674
19.887,160.7809
1629.0600000000002,550.62006
889.873,408.0103
120.19000000000001,152.7513
39.93,101.2114
1.457,18.316475
70.706,82.21965
7.91,192.54419
8.826,44.20047
2979.5440000000003,153.00757
400.2200000000001,288.28564
20.33,94.028564
0.173,16.003246
60.553,6.744537
150.703,338.602
20.693,65.32553
40.39,48.863274
150.847,289.63388
19.583,149.68176
110.024,132.41121
60.147000000000006,125.760315
9.667,15.418396
1420.137,617.92114
688.936,382.76254
130.75,338.30878
408.65,269.1957
34.936,159.2507
90.763,283.0154
50.32300000000001,176.8162
0.424,23.21666
59.627,360.98987
50.044,248.19408
0.077,188.48457
11.304,456.02225
40.073,198.61014
40.0,239.11626
1759.7859999999998,411.43967
29.92,32.64898
1471.71,2314.999
80.056,199.99408
21.644,608.5763
62.193,388.49622
0.72,51.247147
0.077,62.91016
9.36,85.7057
180.086,354.639
9.654,7.182227
9.713,42.634422
259.98,220.21242
420.8500000000001,413.7501
620.36,315.56757
28.653,458.9545
292.0,99.446434
160.313,378.0073
11668.21,6539.189
420.62,185.84938
10.873,103.0761
11.67,59.113922
24.132999999999996,546.94464
131.27,48.769894
4963.497,1096.2856
49.893,179.58963
70.237,67.97464
280.57,439.74594
2830.06,1030.2606
520.34,109.09014
19.556,404.9903
58.42699999999999,1935.8906
99.874,435.38345
33.747,317.5055
19.9,101.537895
1409.656,1398.5991
1163.53,339.37494
70.97,622.49164
10.293,82.92502
1040.27,288.5612
48.84,271.1062
0.19,91.79441
19.727,41.169647
24.837,131.1071
20.777,64.408394
490.22700000000003,1261.4591
530.93,526.14667
2700.087,301.4216
9.386,45.51994
0.267,124.30131
0.204,45.35603
0.593,15.833922
1616.5770000000002,191.01294
80.067,98.114235
839.727,93.111145
178.263,663.16016
99.474,205.65808
20.193,46.00684
12.7,33.459328
9.774,270.7251
0.58,66.81619
119.737,1836.7499
310.097,441.7601
0.033,19.73574
3.3470000000000004,57.19513
110.127,57.900852
89.637,293.76663
461.513,71.13085
178.877,170.07053
29.944,338.79404
80.083,216.38437
119.933,2041.7306
3.6530000000000005,163.80655
8.847,518.44775
0.347,160.89708
1803.9,507.7737
19.787,455.09644
0.23699999999999996,84.19175
89.134,336.6782
0.127,310.17596
190.35,9.7793255
20.287,122.75384
10.29,393.07703
10.553,29.616709
646.55,1065.8309
9.4,80.26232
9.45,72.5194
1600.983,387.3809
20.027,558.6271
19.88,56.33922
49.044,434.67242
0.547,55.644028
0.0,80.61885
117.637,824.7013
19.983,48.641308
10.07,536.6192
3061.307,120.47208
0.833,50.941067
86.91,247.55086
19.337,170.08603
5964.13,1227.8856
2528.54,140.91035
0.033,72.8409
0.58,83.91761
19.526,50.62089
19.85,778.0482
723.95,327.5949
20.167,132.8448
10.493,21.379063
0.36,51.909466
1058.897,193.04103
29.507,53.51719
9.997,95.088646
80.27,58.633774
20.19,1096.9246
239.94999999999996,7.3839893
15.2,281.80228
40.343,55.688538
60.087,540.1435
10.047,455.31204
9.97,183.01495
411.0160000000001,474.34784
109.73299999999999,465.22922
0.233,91.33422
19.946,91.11215
0.157,116.63108
199.78,288.93365
20.32,113.19996
10.493,114.879906
18.51,304.66647
0.89,105.09049
19.234,160.25438
9.277,264.2438
8.64,221.34729
89.703,388.9304
59.556,590.14264
9.33,49.8038
1.186,62.964638
0.14,181.55359
0.7800000000000001,131.32045
50.06000000000001,78.82014
0.173,521.8362
1.4869999999999999,159.48122
18.667,26.995388
449.276,79.72166
60.234,351.9514
721.366,518.8063
9.246,113.65761
8.51,203.11377
339.353,2309.7808
1307.826,454.3196
8.71,83.31409
2009.213,507.55295
9.06,23.556978
0.077,100.49464
119.97999999999999,42.730785
191.0,168.83917
579.743,284.54596
10.65,87.58768
29.976999999999997,440.38968
9.68,26.809717
0.42000000000000004,59.738262
10.167,367.7979
42.273,216.68497
70.57,421.91373
18.594,266.39856
179.267,199.30763
827.163,915.1847
381.6,120.65855
10.113,8.577391
20.8,43.210503
0.03,71.09014
0.09299999999999999,280.56793
0.063,78.36655
0.377,46.594208
78.966,355.9987
8.996,9.077862
0.64,138.85704
19.49,64.02892
140.04,791.7009
1391.26,1075.9772
129.727,109.59088
0.017,61.525394
116.92699999999999,392.68
29.476999999999997,44.99334
1179.874,1095.7096
9.19,95.13324
6547.846999999999,2970.5356
90.54,57.674545
39.15,115.04291
0.546,51.134594
70.153,159.48198
0.14,78.64739
869.18,420.63977
89.877,79.054695
490.567,800.9246
80.727,182.49335
0.36,49.71774
9.33,111.63684
0.233,19.670528
0.267,194.05339
0.22,84.70551
0.813,66.11238
149.873,452.2853
18.543,183.76833
79.82,277.3668
189.89699999999996,2711.1675
130.264,249.88242
0.03,145.17815
0.18599999999999997,452.87305
90.083,42.165916
359.254,1082.5848
35.626,44.862564
18.84,54.779022
149.82,118.26627
8.11,27.553862
12.704000000000002,367.43683
8.824,161.81262
7.807,365.98425
990.3059999999999,317.98264
0.203,411.24356
0.9359999999999999,150.50624
1.503,161.09782
58.907,395.26456
20.967,352.16815
20.023,707.2092
0.012999999999999998,61.467873
10.563,24.489033
10.853,73.51429
9.32,64.5036
30.887,105.09049
19.127,393.7129
10.1,18.27175
19.11,55.14944
9.787,15.626067
31.92,64.99565
8.963,98.91948
3118.3030000000003,635.42676
20.737,67.41272
179.864,312.6972
20.363,65.63143
20.853,85.15488
19.68,707.1816
11.244,27.483232
10.326,60.861546
29.226,195.48776
1763.343,366.64194
197.64300000000003,543.9739
3392.0269999999996,630.1091
20.363,61.283253
9.104,397.87402
0.8429999999999999,99.67341
0.076,82.3248
25846.343000000004,15498.916
648.24,542.80133
159.227,189.99106
9.81,964.13324
9.704,87.22891
9.92,871.448
0.187,53.622066
10.95,37.258553
28.06,358.17804
9.28,144.92854
30.246,294.3707
0.436,102.623055
0.644,43.210503
9.54,467.61005
21.627,69.00821
10.47,307.09042
45.944,2026.3564
50.339999999999996,457.70154
31.553,119.1481
60.532999999999994,7607.3105
29.807,650.41315
19.224,80.428085
10.203,21.348719
17.187,169.6694
3345.17,2298.6108
0.83,433.06277
21.0,82.2987
21.36,68.82629
80.76,26.436796
69.49,99.30522
10.014,167.75705
49.703,246.81271
20.133,355.72122
0.42000000000000004,119.403046
70.15,469.13596
32.403,5631.711
9.913,464.9954
1289.87,103.78693
9.846,139.73393
18.943,174.87318
6108.033000000001,803.75836
40.043,137.76259
470.29,226.93877
0.56,54.455673
0.25,37.465137
100.58,253.52821
29.85,117.413765
121.73299999999999,36.180477
1.52,54.25923
310.737,913.3749
47.98,188.33894
70.367,248.64792
9.087,67.055954
7.906,24.72775
51.963,8.974817
50.203,207.45528
219.5,208.56615
9.737,26.840576
2.343,73.77841
80.117,300.6047
430.28700000000003,346.40805
9.923,381.74728
20.056,28.986525
4090.2630000000004,263.1012
1.25,97.22731
170.646,189.84782
29.519999999999996,48.67919
0.157,119.57301
40.693,117.931015
9.75,89.39305
60.207,253.19699
339.737,491.78006
79.824,246.91656
99.703,513.47784
60.417,243.55646
9.644,118.48579
2300.87,380.94977
9.43,63.347908
20.55,358.5083
18.886,395.2175
0.033,476.8351
0.42000000000000004,10.563009
1401.617,163.99797
169.744,157.84732
19.366,139.14752
40.94,244.35779
20.467,117.44696
19.563,150.73381
18.9,41.968937
28.847000000000005,40.792675
260.633,476.65332
1.174,24.13528
0.03,46.5418
610.58,988.6255
3618.816,1666.7697
20.887,207.60362
48.339999999999996,32.868565
179.014,181.88123
115.503,1036.2501
8.113,61.98155
560.123,804.8559
1.52,62.731407
7.693,134.62413
0.36,259.78903
0.077,94.09952
10.327,74.6127
89.203,556.29333
107.82,438.91547
475.433,887.07465
61.0,57.891304
9.757,59.2513
19.47,318.45328
19.63,286.3283
9.047,51.452522
21.55,461.95355
19.87,87.28963
9.243,56.24115
18.94,42.522793
620.137,347.77463
69.426,98.61499
9.606,44.13783
300.217,412.5287
88.973,51.54087
611.417,301.03323
19.76,215.92404
80.25,37.56346
459.167,231.39432
19.81,221.74461
3172.083,353.8741
5040.08,718.4823
0.06,53.939964
148.427,895.11505
31.453,941.3261
10.96,44.87306
69.743,130.8716
379.973,674.55273
4102.28,1044.6267
9.317,96.60285
9.643,237.3517
119.52700000000002,2273.384
1.597,69.55368
10.204,29.465303
0.15,304.76376
40.597,134.37881
520.764,1012.50134
132.503,365.29337
1010.32,326.19995
10.653,51.86704
19.873,40.419174
109.927,313.70117
0.04700000000000001,137.79175
21.527,10.477699
80.274,420.81946
20.2,74.07814
20.007,22.10114
279.847,509.8412
500.643,170.09792
3.516,30.20668
19.8,102.82658
20.903,61.883373
0.266,96.28842
0.313,44.184578
191.676,143.62799
39.803,431.28143
0.046,46.391884
0.834,101.02531
1070.386,274.7497
2166.263,1125.5872
1.093,8.027847
549.644,350.15826
55.896,281.18375
0.033,444.22394
18.367,129.10454
39.57,103.33461
80.126,270.27847
29.824,296.9778
20.15,373.49304
39.197,25.334753
10.47,42.87963
41.987,56.561314
9.77,829.11554
60.18,553.0277
310.06,100.58222
10.473,45.079193
21.78,790.6645
299.856,570.42413
55.507,580.3006
90.037,492.37106
680.15,238.90945
2620.98,1807.2761
10.523,94.83856
20.017,257.30115
17.954,797.048
150.556,792.4044
7.8870000000000005,86.9168
30.942999999999998,708.3432
10.84,55.55884
19.203,212.02214
3300.8399999999997,700.8502
0.813,64.69447
39.044,363.60754
0.513,49.031326
0.486,36.437897
470.036,129.55095
9.883,876.5527
12.746,83.45431
42.243,352.68848
20.037,378.30652
354.577,174.41766
19.997,164.74785
3.33,23.1138
150.94,1006.90125
19.817,71.247574
190.376,491.34164
10.323,53.969284
0.336,87.259224
20.673,289.32184
149.894,362.6525
10.083,295.5494
0.39000000000000007,30.79076
29.546999999999997,50.153378
20.3,159.71353
49.65,581.14746
8.387,59.113922
18.73,116.17093
0.53,97.811295
60.903000000000006,413.37515
19.233,45.91814
400.88000000000005,602.1931
250.196,238.41832
79.844,506.00076
17819.637,496.89764
51.394,202.86768
0.33,73.46584
0.42700000000000005,41.674812
20.46,55.499763
2421.743,400.16162
119.66300000000001,511.0866
10.126,546.94464
19.617,59.988766
10.863,49.96469
18.54,326.26474
17.63,10.409956
314.076,353.2905
329.823,849.51276
19.53,39.98156
19.443,86.384926
1000.27,440.6306
18.863,294.02344
623.05,194.61595
138.596,411.30344
200.644,150.5543
20.553,47.51997
1.013,124.83363
15593.19,184.00208
144.477,369.00937
10.873,45.06434
40.59,738.9424
18.697,103.44762
9.797,18.724092
0.14,45.57496
69.936,50.92307
679.504,366.38113
40.81,44.01468
11.077,463.06366
19.944,84.884476
0.327,102.758736
28.760000000000005,90.98135
57.086,303.42606
451.157,152.19524
0.153,50.811947
39.0,149.01752
9.637,72.5194
59.297,103.734955
1159.624,404.09247
2939.6929999999998,632.78345
409.82,1362.9297
29.379999999999995,124.1045
211.04700000000003,97.49833
9.986,21.379063
249.05,657.31445
21.36,302.16846
11.017,57.379917
9.127,97.302986
51.31,51.845352
16.826,264.69647
19.753,76.05035
0.937,313.02942
701.177,1728.4115
9.753,144.20258
55.03,329.9843
10.426,9.405387
269.677,458.50772
1.5,56.277386
200.69,90.41752
29.937,104.46811
0.893,446.38077
11.16,107.450745
19.9,147.32738
20.047,438.37576
41.374,222.87967
291.227,260.16553
20.873,367.0805
0.373,96.68778
0.017,15.831545
139.747,339.7023
0.25,49.96469
2.037,81.966934
50.08,44.626945
1575.256,1112.1284
18.29,477.41068
9.934,77.19753
70.927,376.22577
0.09299999999999999,269.0735
20.04,796.70056
29.313,116.63108
9.74,10.028812
20.05,58.633774
20.443,239.61522
10.293,73.813896
19.86,148.97864
126.95999999999998,406.79987
20.073,48.952858
19.53,81.68385
10.704,87.94013
2138.4,525.7306
1822.627,853.9122
0.14,352.54214
70.164,120.39562
0.47,40.03404
0.453,72.3592
8.887,83.97335
19.946,517.18195
26.263,42.69331
0.11,183.73595
9.663,60.861546
19.127,55.55522
9.79,45.946587
0.43699999999999994,150.50624
18.754,147.52205
0.157,54.98715
19.006,38.256485
470.22,114.1153
19.967,404.5934
1004.72,197.73221
0.017,56.462036
611.24,2041.1855
9.593,204.74814
0.033,52.14963
9.776,22.465538
19.727,64.940865
1.267,1799.4899
1.41,352.81815
129.554,155.90341
1439.02,139.46469
19.517,13.625857
1570.3830000000003,338.55884
10.003,565.93365
0.677,100.49464
1.457,149.30354
10.36,195.1359
9199.77,467.10165
9.706,69.55368
20.31,184.30544
8.89,70.139366
1761.5800000000002,503.24884
39.774,1466.1958
284.41,1271.0515
690.804,1578.0593
19.994,123.25084
10.887,15.801735
130.67,310.47183
10.44,62.32427
230.06600000000003,239.12148
19.04,198.61014
50.324,107.82588
19.507,44.20677
18.953,273.9069
928.89,482.8791
28.543,510.63608
259.717,259.86865
39.567,66.05273
7.913,158.71188
20.033,13.481366
1179.143,694.234
1.643,76.00157
129.314,735.80316
3309.9,763.25415
2259.267,1965.0497
9.333,440.38968
159.594,183.08678
79.133,796.0485
0.924,274.38263
10.197,253.289
8.093,98.037315
199.19,354.3208
0.017,105.47388
19.214,415.7071
80.06,420.87558
9.057,9.883498
701.71,462.69196
9.673,82.23452
10.417,363.52692
1160.227,466.6483
20.063,210.71422
9.52,414.99258
0.814,93.66316
60.2,154.55142
9.767,968.408
0.517,55.30663
11.677,376.51575
19.9,117.92879
8.887,122.35423
19.083,419.52017
0.21700000000000003,36.288963
680.164,3196.7158
40.077,337.87796
119.964,452.70862
0.873,412.74695
8.627,14.535731
19.764,82.5777
268.523,56.353985
9.104,78.00782
100.203,95.65833
509.433,273.20334
0.17,91.11215
49.027,120.379524
3577.786,474.46222
39.07,184.48805
10.423,317.17755
9795.3,987.0467
10.563,83.301994
50.097,439.68488
10.233,444.75082
0.19,52.41738
690.374,424.36176
24.37,220.00908
659.806,302.7829
21.75,263.8133
39.054,181.03433
260.51,502.63242
70.386,116.83095
9.856,246.92444
119.853,1571.4133
18.98,186.14346
196.14699999999996,466.32745
51.51,62.668346
1.156,44.32021
0.534,108.77378
139.86,1025.4572
0.883,44.320465
10.543,751.1915
16470.7,198.45537
51.68,306.17984
19.837,531.31384
8.037,182.62813
1109.987,2143.163
10.013,236.46037
479.47,566.91614
20.737,23.48912
40.98,328.059
2670.024,821.08923
179.856,114.30965
80.97,246.85545
783.8329999999999,136.02545
19.704,288.67392
1.393,56.33922
321.003,269.38147
31.744,139.73393
23481.470000000005,856.26654
19.643,345.40076
3946.543,1706.1213
0.157,287.1028
239.89000000000001,138.61179
9.82,736.2983
0.09299999999999999,62.256813
0.267,51.82574
1181.803,182.13289
9.48,63.55775
98.977,239.0947
9.903,15.897214
0.06,559.35004
311.003,577.3739
1220.02,497.34793
39.49,126.05243
19.273,50.613487
9.73,293.56836
80.167,275.61533
9.777,69.15887
44.663,165.55106
59.577,582.9357
230.437,363.26007
9.22,38.624336
100.313,241.06143
0.703,52.659893
20.37,63.44811
200.27,571.73834
170.99,339.87747
9.44,181.55359
2.173,198.28894
1530.04,342.14825
25.183,457.01416
29.527,415.1097
39.73,189.20961
0.407,182.62813
70.313,796.7931
10.023,955.6894
9.743,47.912804
48.643,200.7442
510.127,420.39255
499.1929999999999,145.1008
19.973,98.179016
10.457,118.782646
30.08,1157.1163
0.236,504.05722
47.67300000000001,797.1406
220.004,244.55164
30.44,49.884747
1.5040000000000002,184.98166
20.8,320.29938
8.943,188.9787
13.847,99.02492
58.53,143.6997
9.723,138.5342
10.914,54.595963
59.91599999999999,701.0088
3.77,129.36516
35.047,390.1973
0.167,143.43762
48.653000000000006,265.20236
89.977,10.349922
20.667,33.829613
12.213,134.62413
50.786,108.18258
140.503,65.36764
2679.83,117.73544
3.867,78.77386
9.92,433.2602
9.986,55.783974
850.8830000000002,559.4119
9.19,268.52527
9.69,124.30131
19.96,137.36299
0.297,46.692154
10.213,56.462036
10.177,194.5724
9.233,325.3984
0.53,68.84937
9.9,104.22322
19.95,461.40585
9.423,65.96887
1690.123,412.17175
360.32,53.48895
870.0200000000001,412.74442
18.987,94.33408
60.014,72.82611
1.553,88.096344
60.647,183.46391
10.09,102.623055
0.486,75.42749
20.266,50.58934
3525.787,853.90643
40.897,179.11794
60.013,90.56124
39.89,282.65125
409.97,364.05768
25.062999999999995,2.4810176
30.3,244.68733
148.92,344.6877
130.707,85.08695
10.62,171.17255
90.064,107.67539
10.4,134.17445
9.107,51.475124
560.09,388.99808
299.76,282.32095
160.824,86.487434
9.44,79.87353
19.824,48.33241
0.11,22.491798
0.754,210.56287
19.85,315.03552
18.026,66.44078
198.773,293.27463
0.187,96.857605
110.08300000000001,1071.8174
109.903,474.6482
190.40300000000002,507.56677
0.143,284.6083
85.97,179.49226
129.707,409.52386
10.41,200.83464
20.26,81.99105
29.957,363.89056
60.383,618.95056
5143.133,746.6724
10.6,21.070215
119.826,761.26404
0.364,41.968937
41.67,365.74088
589.57,76.69102
8.696,361.32306
9.926,304.99384
0.39000000000000007,15.403392
21.704,128.15439
100.45999999999998,230.51906
70.71,840.5452
9.91,65.53016
1009.083,433.84836
40.317,45.63172
7751.833,492.57468
19.907,141.4006
30.617,311.3149
4.99,39.957016
8.807,365.86877
30.406999999999996,452.55002
0.5,26.59474
20.956,276.7503
0.7999999999999999,61.982117
9.783,45.296738
380.86,215.997
70.137,42.495583
11.697,52.930317
1.047,15.683074
370.933,396.60614
48.857,46.114532
9.813,192.73854
17.443,204.8359
69.657,797.2564
122.28,790.72894
0.856,81.386444
9.713,274.57498
20.22,266.48508
10.024,347.27182
0.94,82.61779
7.85,56.441483
10.776,82.425995
20.247,442.82797
20.04,53.833935
2.33,141.90701
778.977,570.41907
0.703,41.07512
20.193,266.07162
726.284,459.70355
48.89,662.9921
120.39,609.3592
398.86,83.47815
158.944,96.39401
10.18,66.5884
0.513,57.345474
19.344,161.26576
200.044,236.43074
28.007,163.47964
530.216,284.0197
30.06,73.50533
12.414,687.67816
380.3,316.28445
19.72,318.82812
1412.723,68.67853
40.427,61.626465
189.86000000000004,262.25858
53.22,184.58792
799.607,559.214
31.667,416.96744
290.197,152.75253
131.177,857.49164
9.85,27.20261
11.203,434.6745
9.84,137.93338
17.063,311.39838
19.527,74.534836
26.963,701.5575
19.817,1217.0891
88.004,65.51986
314.224,376.58093
928.904,1372.3319
39.023,331.84912
10.757,513.159
10.473,115.144135
39.5,101.291565
39.063,202.1596
9.707,48.439552
200.457,264.1296
49.29999999999999,58.019756
0.034,400.197
19.63,169.49428
9.123,27.777596
432.03000000000003,781.2958
10.527,72.211205
14.093,76.38315
10.433,58.321316
139.89,932.98456
36.7,52.101685
90.75,100.491135
19.723,486.18134
20.477,95.12979
0.08,200.17531
148.804,3078.7742
40.37,57.702133
9.627,1409.6957
0.5,15.645567
0.11,588.09326
31.127000000000002,130.77995
9.533,82.15584
30.807,74.658554
0.14,89.62968
0.25,19.00085
155.014,274.52982
139.153,188.23985
151.673,420.35565
90.273,73.26158
0.174,98.037315
10.84,62.049866
9.343,63.93443
19.43,182.15147
0.063,179.96556
109.30999999999999,187.75511
1200.203,511.14563
9.43,45.595676
0.796,113.78986
9.573,34.45587
41.74,52.365776
11.823,281.80228
8.403,202.4008
39.294,147.09564
141.127,723.08923
11.15,78.77386
420.03,490.29916
570.326,447.20947
0.44,23.67154
14.267,135.81447
9.877,208.38918
200.483,91.19488
0.373,50.45052
10.223,257.69202
0.313,163.37302
7.754,47.604656
0.177,83.96656
0.297,37.465137
20.07,572.93896
2310.923,881.2353
1.11,74.90479
39.75,55.91838
41.97,797.1406
19.82,177.47002
0.097,53.660862
19.217,299.1177
7.263,54.143635
0.156,53.56763
190.61399999999998,187.12335
50.17,495.6015
8.063,15.742309
120.53,88.13991
190.02,195.86792
50.277,105.925964
169.797,286.53748
21.364,38.624336
19.886,56.11805
199.07,280.94742
20.363,366.50647
0.19,58.53061
19.687,130.8069
39.54,166.22568
200.28,1183.0515
14.85,207.54745
59.863,292.6017
71.656,665.707
10.66,41.442627
120.013,242.19443
70.927,177.15341
29.997,137.46596
40.567,273.9069
60.410000000000004,239.71735
12.747000000000002,362.99228
450.36699999999996,813.9655
349.957,450.22705
29.827,153.52692
50.02,197.39694
0.39000000000000007,15.598056
208.073,607.90533
781.14,145.95757
11.033,51.86704
0.436,115.509926
0.52,21.379063
710.166,332.31882
1510.177,560.076
19.843,79.452
19.904,309.56525
951.65,573.59174
1.203,60.26901
51.824,901.0263
20.253,293.63977
8.996,26.070833
789.62,51.279408
9.58,26.101442
79.28,504.74936
668.52,231.0405
1000.9869999999999,180.53621
10.163,45.37008
10.07,275.52725
12.177,180.95694
60.333,87.59222
48.79299999999999,328.31665
4233.38,747.68835
79.917,580.593
10.603,180.95694
2.297,57.19513
20.043,45.18777
4122.797,1473.3256
3139.9,478.7477
39.704,44.916576
19.9,285.6444
7.8100000000000005,180.08688
0.11,26.809717
19.873,10.309157
79.74,7.8351192
59.96999999999999,452.58215
421.05,3277.8064
898.913,2275.2
10.363,9.883498
89.626,409.68707
20.803,149.5913
20.053,1630.2783
10.43,26.53363
18.873,10.077727
20.017,121.30322
0.203,47.153122
9.82,8.669084
19.983,213.99583
38.897,133.92422
19.03,139.62715
519.747,334.1952
570.783,371.38376
0.09299999999999999,400.85815
9.726,114.51828
0.0,62.164875
10.093,96.01384
10.424,48.790314
8.987,464.9954
10.24,34.83718
11.377,315.24445
50.303000000000004,124.20601
0.127,47.573414
18.836,33.276516
20.0,449.62115
19.424,86.46407
9.706,61.38383
641.324,246.30423
40.464,45.689495
0.283,26.070833
18.93,372.36288
0.954,39.957016
0.344,188.5117
0.017,101.16413
0.04700000000000001,75.520004
20.606,122.856445
578.873,1916.9242
300.04,827.39606
0.83,84.487404
129.63,20.640379
50.807,419.35153
590.166,1106.3098
0.09299999999999999,48.439552
59.943,384.47696
240.927,997.43976
239.796,450.8018
0.123,47.675304
0.123,40.46671
220.79999999999998,289.84616
7.5600000000000005,43.443447
50.67,66.21283
390.673,254.97514
3349.86,275.8271
268.63,524.55945
1130.44,343.99228
19.64,40.882698
189.4,277.00412
12.557,325.64862
144.49,334.0784
61.27600000000001,178.36288
66.897,187.99973
1710.8800000000003,1262.3842
99.744,57.396255
0.25,9.142446
2353.79,1976.8165
50.763,161.77089
9.064,92.54857
753.333,176.61238
0.017,28.471024
19.82,453.90048
0.017,50.62089
50.337,181.34984
19.9,962.8906
0.643,90.528175
8.97,97.98897
3612.717,507.8324
0.45,137.2665
14796.14,16239.491
50.49399999999999,344.5259
1790.8,770.0178
0.8599999999999999,133.29558
9.717,314.5319
152.14,339.2612
20.0,269.0735
19.053,277.65616
0.75,1778.3217
21.807,56.147427
11.592999999999998,71.402084
0.563,41.0279
113.713,318.53516
9.003,111.578964
19.603,47.921658
139.776,519.36163
24.100000000000005,50.61301
1782.0230000000001,657.9677
10.297,102.504196
47.653000000000006,610.17126
119.94399999999999,295.15353
0.014,52.860023
78.72,348.40048
950.063,690.12354
630.643,277.36102
10.07,125.505135
20.21,462.23453
19.87,54.779022
55.313,728.4009
88.813,579.25543
10.137,311.1165
10.703,79.55322
1.047,162.04756
0.513,52.93034
42.37,438.30493
1.203,83.00171
2289.937,600.764
0.623,51.11144
19.257,551.60785
0.547,40.69645
262.213,2202.8035
40.343,192.89095
88.427,355.69952
7489.950000000001,209.67636
39.456,1999.0022
80.733,241.20233
400.03000000000003,1325.1207
76.753,673.28204
20.17,29.656916
389.59,248.3919
18.747,22.660412
123.03299999999999,183.16847
219.03699999999998,621.6318
18.744,886.82166
1.033,67.380974
973.9360000000001,259.2845
11.425999999999998,48.222916
97.4,186.10947
8.567,79.87353
40.113,348.5882
650.36,332.773
19.343,63.711807
40.64,278.7068
39.133,583.7464
350.06,130.6131
110.523,46.369568
19.857,48.67919
49.599999999999994,376.34595
38.134,175.82207
59.933,1001.3274
17.307,15.562556
0.627,51.351387
3045.926,524.78577
119.54,268.0741
45.476,30.533978
0.11,577.40295
512.93,547.4415
71.017,1010.5534
119.95000000000002,281.16483
10.087,420.73596
0.077,55.114365
19.626,389.2071
46.98299999999999,650.727
10.884,94.61207
219.34,523.7699
0.0,419.805
38.2,239.33588
249.907,445.25476
125.187,555.4675
19.624,492.52115
70.176,122.804
9.403,148.41415
829.5270000000002,188.98555
22.2,85.4838
10.137,69.22817
1828.13,1306.3175
459.8,271.9454
49.787,45.79302
0.487,55.738285
60.033,396.84586
0.267,26.840576
1291.647,1430.1562
110.67999999999999,126.79986
10.25,294.07126
560.43,426.00507
19.363,55.674187
0.373,308.5646
40.77,111.44588
49.973,247.1135
300.81,998.8307
341.64,493.0938
9.173,181.51218
15.689999999999998,98.65942
58.38000000000001,359.28275
0.89,790.6645
19.633,49.8038
350.236,300.09158
824.916,282.87827
20.097,128.26242
123.616,364.35013
0.72,86.664665
0.123,1083.1293
19.157,52.257645
17.944,105.70545
266.45,740.6589
9.143,47.743156
50.843,393.9369
9.297,820.6545
10.013,485.10223
9.923,68.791794
30.147,45.44436
40.507,33.623844
50.957,169.53564
0.313,47.05479
19.11,130.40155
89.023,416.9144
140.18,290.39423
18.536,439.6253
67.033,6.7539067
49.287000000000006,96.07953
19.98,267.75378
531.447,246.92444
20.89,396.29147
678.98,1164.1147
154.714,308.31857
81.197,473.75134
19.727,388.8314
0.25,52.192528
50.02,6.8293653
29.862999999999996,881.36383
0.8459999999999999,257.83627
20.41,929.32336
350.5,353.13937
81.18,119.83741
0.19,81.215515
11.666999999999998,213.92464
68.836,545.15076
70.95,1332.7382
6044.927,7584.862
589.897,247.46481
40.586,46.280937
807.357,372.70438
239.874,357.2441
9.563,101.22259
90.28,314.71194
17.5,456.02225
179.824,331.68893
500.813,204.91907
390.986,3991.99
10.0,40.19178
50.12,238.56892
139.69,284.81958
29.623,51.534573
19.684,190.96606
10.133,89.62977
2.25,66.82099
60.00599999999999,141.95024
20.36,103.986664
132.667,593.0431
9.634,27.766768
0.313,51.41343
11.383,96.23551
520.11,874.7376
4.804,193.0399
70.853,367.2391
1132.257,184.66652
0.012999999999999998,15.514339
228.916,281.36493
0.03,343.03882
2.457,191.76738
29.47,395.30624
1792.2899999999997,741.94763
8.873,66.580185
7.73,27.589207
0.533,52.587833
30.126,296.55344
20.943,204.91072
1.233,137.00108
1.44,70.30832
19.503,30.35467
18.983,42.914803
9.484,354.88058
48.846999999999994,367.75748
9.263,19.187601
9.603,10.143316
131.206,329.67496
9.414,102.633804
4190.264,242.22618
1.033,83.00285
19.9,780.168
21.123,48.12647
18.007,105.444176
18.427,57.071777
8.8,27.777596
2668.483,1395.4392
0.077,80.428085
747.7999999999998,2395.0415
10.867,54.473114
40.114,53.9943
61.15,297.3391
19.67,40.839596
12.393,66.31252
759.9970000000001,521.0003
9.174,35.482063
1870.96,872.9581
109.304,392.2517
0.063,48.36882
70.657,124.65863
9.22,65.48976
59.09,219.89444
19.627,281.39008
89.49,64.30885
18.263,184.48805
90.764,246.45755
20.243,152.94052
30.843,61.798645
19.937,393.7129
49.35,126.43131
0.19999999999999998,18.678381
70.236,219.33112
8.29,33.459328
8.674,52.268642
10.053,268.79922
30.6,80.282196
599.057,793.28564
432.79,1088.539
20.57,278.81223
10.92,65.70503
182.233,288.33878
8.127,15.458767
10.09,307.17044
0.266,93.10638
9.764,40.11808
968.957,100.75447
199.42,20.419191
79.777,51.691395
20.947,785.6471
0.52,56.46201
80.043,211.99847
29.274,82.5545
80.263,68.8735
50.0,86.315216
69.967,168.78148
41.297,38.88183
0.03,290.1694
559.88,361.2925
772.3,831.79553
0.267,64.5036
131.0,330.63922
39.967,128.22314
19.603,83.873276
20.157,240.87947
118.967,301.23517
170.01,431.56653
10.107,41.968937
39.18,365.28555
278.863,274.38263
20.69,179.96556
2243.007,303.3296
11.37,87.529335
190.654,94.359695
10.154,66.82099
18.25,56.007744
0.267,167.43678
169.867,120.67348
29.9,245.00238
20.367,80.121155
660.953,133.71883
109.476,461.89105
19.466,746.9959
865.8129999999999,497.14505
11.163,45.77384
20.216,96.23551
240.573,2017.5358
129.81,259.57733
31.22,323.49664
520.587,498.63907
0.127,201.49275
129.996,136.25769
0.22,98.65942
4270.773,424.99142
69.393,1319.5054
1.286,82.161385
49.75,265.74625
90.947,86.29386
8.937,127.393486
19.417,762.4778
31.293999999999997,60.081425
275.613,304.54242
820.35,302.6574
8.457,94.511314
48.68,83.1354
10.017,66.516624
1520.56,130.58743
8.983,47.75848
541.976,789.6277
9.687,26.871475
0.36,66.52603
218.11699999999996,512.9906
218.743,1246.8613
160.024,303.05212
10.203,102.89441
121.743,1126.8981
281.144,959.2949
21.057,503.35422
140.12,130.31366
9.73,321.59155
20.803,581.8197
150.207,232.3522
19.663,17.874008
0.8429999999999999,140.8671
430.117,453.56534
30.183,201.47757
130.053,41.56948
20.477,596.8484
100.863,310.9768
122.08600000000001,454.00635
320.283,191.67888
18.377,53.651836
595.167,2019.5709
6826.08,665.9805
0.012999999999999998,64.59896
50.923,373.16483
50.24,167.7819
750.253,424.4642
0.483,15.57011
0.534,751.1915
0.03,15.57011
19.103,115.72041
20.27,778.0482
19.233,74.09902
20.1,52.548878
80.363,685.5304
429.647,187.18282
0.784,180.03516
19.433,26.47265
489.6429999999999,180.77156
19.927,14.099842
0.127,82.35619
570.15,429.7708
0.656,41.151608
0.076,19.998789
9.95,132.88298
3080.9069999999997,1478.1841
9.893,48.165916
499.62,157.27191
0.11,52.930317
21.43,456.34644
249.94,279.57578
9.51,50.585003
58.86599999999999,434.41562
261.293,171.9982
50.21,94.31789
580.247,434.21826
0.06,27.342533
0.174,15.708099
8.803,101.2114
540.217,338.59088
739.703,584.3368
20.327,59.752087
18.944,474.00296
470.487,1088.3079
18.726,493.7454
210.48000000000002,32.206554
58.797000000000004,695.8095
2416.437,2240.4656
3381.224,3698.146
11.777000000000001,203.6572
2.19,86.91738
991.9699999999999,86.57332
9.244,27.660084
43.037,292.97598
8.213,39.98156
37.643,78.64739
339.853,555.7327
2070.1,1714.1179
12.18,57.120296
390.00300000000004,272.3912
60.213,296.39502
40.803,285.3293
490.09700000000004,245.65378
320.14,448.19934
49.24,195.32034
9.934,395.65958
51.014,372.47318
10.073,303.16437
9.48,154.4856
0.11,81.5821
0.546,41.169647
430.376,164.62491
80.1,152.70642
20.903,199.34375
1.064,415.02594
0.14,40.936333
1270.524,1154.7386
9.23,188.9787
130.247,53.241646
10.61,28.191608
40.037,626.5457
4.203,131.1071
11.334,10.159772
29.944,215.82288
30.896999999999995,68.112274
9.56,87.120544
139.874,122.57247
150.35,192.94373
140.067,510.65454
8.383,137.2665
0.077,3846.92
110.81700000000001,469.20282
1.42,32.76595
49.844,60.73052
89.814,48.863274
617.99,697.30676
219.52999999999997,488.71896
27461.113,208.84808
0.7660000000000001,119.32663
99.207,49.85039
150.053,278.2585
9.74,47.053814
19.056,406.37592
15.886,91.552986
0.39000000000000007,37.88176
390.04,1410.2957
373.68,826.53674
88.8,44.60514
0.31,223.50423
5.984,23.329578
19.677,3290.9536
10.354,43.44347
50.88,125.892685
70.237,48.155453
37.423,1095.2122
19.014,118.64001
20.776,24.05534
27.06,379.41818
18.26,121.31002
26.586,143.43347
99.737,109.26328
119.267,119.73511
41.103,94.123344
10.017,448.54807
9.82,45.888527
3019.5200000000004,487.42215
9.99,127.98807
0.467,100.52518
36.23,127.217155
8.294,34.58249
30.944,129.04893
200.34,176.35123
9.72,115.4787
2319.777,2711.7708
19.8,1136.2872
349.283,240.3706
100.21299999999998,164.96127
0.064,36.437897
57.37,741.72833
130.78,53.929447
21.443,113.510445
4.38,70.322136
30829.42,667.1382
19.857,122.13796
131.37,10.677635
119.447,91.10721
19.953,219.9128
1.19,10.597329
39.933,264.59436
8.92,56.343277
0.03,161.65623
18.423,454.4529
0.22,27.342533
359.933,441.5364
69.81,161.77356
1575.036,1274.9814
10.006,158.57678
9.24,270.54663
1710.066,297.50748
39.444,377.58115
0.09299999999999999,72.5194
0.207,57.428417
249.69999999999996,6.7821083
18.977,459.54208
1089.75,295.37988
10.566,103.09836
19.547,96.73863
102.587,796.6781
20.853,96.366394
853.8,358.37195
7.933000000000001,53.262512
30.127000000000002,367.1109
8.873,97.11296
10.927,246.4896
63.31000000000001,399.44525
559.637,281.7346
19.96,134.61958
2780.933,511.0032
20.25,796.86304
10.117,56.14893
20.897,142.66722
2471.734,402.36957
1760.1500000000003,50.23669
0.593,78.63916
1.44,54.337406
1229.433,245.01443
18.904,220.34367
5.567,546.94464
629.754,844.08167
8.39,89.37441
18.683,23.67154
0.077,218.2537
17.937,169.72021
100.07600000000001,238.58873
15.15,65.28073
49.653999999999996,193.17236
2778.697,2316.3245
709.314,750.248
9.167,290.00412
29.716000000000005,133.29474
18.887,40.049034
12.513,59.42347
18.767,211.66063
18.83,342.17874
710.323,166.84483
0.03,26.717365
3.6430000000000002,37.79238
119.953,380.4348
210.25999999999996,58.98957
20.1,269.6186
0.11,83.33028
0.034,23.21666
40.7,611.55286
10.99,21.946796
63.577,425.01505
600.46,429.89044
592.11,4355.557
39.94,366.03467
20.707,905.763
240.923,179.41623
29.963,776.60046
230.084,269.36002
9.937,184.07411
170.143,1815.4504
40.5,44.71317
0.8029999999999999,27.51851
130.303,1394.1339
9.017,45.946587
106.473,63.35988
8.3,187.46982
59.93,274.17776
3730.363,188.6173
9.537,181.88295
0.19999999999999998,87.62421
0.03,703.9943
160.437,388.47635
19.497,59.349033
16.347,13.529352
30.236,535.1291
11.26,384.17386
9.987,1234.1198
8.407,20.866789
39.19,39.303047
8.51,20.448486
20.7,71.01495
812.386,471.8235
48.807,97.70527
2.08,56.189796
59.677,521.9597
1638.716,493.46692
21.884,136.47171
299.927,253.4184
0.157,247.19266
0.21700000000000003,59.216938
279.513,121.25337
20.94,1055.3594
10.414,137.79698
1049.333,403.15686
591.833,207.94807
128.047,354.61957
2650.74,1253.5614
29.260000000000005,96.73863
130.66,326.67514
19.806,315.28586
0.924,290.32806
1917.603,411.24124
229.273,288.89886
629.13,812.3446
21.657,463.59964
9.686,65.27401
9.04,303.0395
1.9230000000000003,116.09919
778.1030000000001,909.8744
20.706,26.260363
10.767,112.50102
18.753,24.947092
79.88,264.96722
11.386999999999999,53.060883
28.932999999999996,184.0204
191.847,272.26004
2081.333,1171.7526
0.297,102.150154
19.95,533.5292
20.99,289.5871
690.82,180.6509
350.617,599.3723
9.83,30.355984
27.94,314.6857
3.153,56.452938
149.327,165.92456
10.02,216.78218
1.1,80.222565
70.16,88.928696
9.453,79.465454
12.157,134.16182
0.58,53.4649
0.03,180.95694
9.466,58.66211
1929.8800000000003,348.31183
20.86,57.517925
190.173,729.12634
588.01,331.4323
27.586,249.66702
40.28,150.15883
59.566,439.9774
8.836,86.9168
29.072999999999997,1579.5315
0.67,46.5418
30.889999999999997,486.18134
9.903,197.75987
10.18,46.824608
30.063,45.79302
361.223,228.19032
69.463,455.73358
59.74,857.77924
5.707,532.59656
260.96,282.73096
20.264,138.60124
0.983,39.82446
19.907,514.44946
151.137,71.335
19.806,19.518894
1131.964,350.3794
9.044,19.93269
90.007,256.17038
1.013,89.602516
329.613,282.47778
49.17,359.4102
0.53,163.37302
19.683,90.16907
9.89,161.31921
330.554,324.4376
560.797,419.218
0.127,159.48122
109.074,75.25443
10.55,55.660805
0.406,15.4800205
329.226,251.48158
0.14,106.582794
120.11999999999999,4805.51
58.94,251.15634
2578.244,2828.948
19.796,65.690025
19.213,65.95102
99.787,1198.2771
38.857,108.980644
3170.06,66.50465
69.533,402.24518
8.793,83.91761
59.487,363.41946
4102.823,2578.581
8.096,27.553862
8.536,463.59964
18898.977,1913.5936
20.26,238.2879
20.793,81.40087
59.36000000000001,249.8403
0.373,76.40548
600.904,303.8376
0.22,81.00174
210.0,281.00174
9.65,194.61519
0.28,800.4671
19.873,57.63891
18.703,194.96463
80.764,17.52775
10.81,47.94924
9.177,52.36573
0.97,66.89976
18.837,97.02022
4022.3170000000005,1934.3982
70.73,41.640045
1142.38,266.534
20.096,67.171326
0.18599999999999997,114.64158
9.33,27.640938
45.93299999999999,295.28586
82.954,329.5008
0.08,179.22672
19.36,468.89603
2929.9099999999994,271.8335
309.343,286.57022
45.42,797.1638
8.76,56.45014
209.896,1236.9161
130.127,519.58575
54.633,93.59737
1669.943,218.5569
529.71,222.04568
0.44,211.63867
29.963,342.65036
189.603,456.26892
69.7,69.25586
29.56,13.658178
0.61,157.64171
0.04700000000000001,24.947092
10.62,203.11377
15.567,585.3816
490.39,1326.9392
0.407,203.6571
30.85,53.104523
30.303000000000004,517.5646
1230.193,158.12315
88.87,38.72369
18.374,304.85938
2068.366,80.89066
29.754,223.82977
779.65,644.2508
18.863,170.66396
10.17,54.29467
0.063,286.21872
18.473,67.380974
63.756,390.27747
20.297,74.47355
518.32,559.63947
18.796,295.88864
40.98,56.894268
9.28,211.63867
19.643,110.79669
577.894,162.31865
10.356,280.56793
19.907,377.19092
9.833,112.560455
100.18700000000001,586.46515
10.036,129.48117
0.937,10.143316
9.993,122.13809
110.867,749.6217
230.406,303.2629
19.71,54.134197
240.95,571.3671
169.8,367.08084
1610.113,381.34888
1141.307,229.55737
2671.08,80.94843
81.3,179.65944
9.784,223.50423
55.944,848.3046
89.393,104.74517
0.784,159.71353
438.846,438.8842
29.48,947.3109
382.72300000000007,338.27133
19.77,275.1076
20.81,138.86838
39.934,72.4118
549.59,322.2501
30.15,502.17084
3.047,464.87027
89.783,396.24164
19.76,19.140753
9.44,54.318546
60.35,308.01263
10.583,102.55545
10.13,365.60266
100.32300000000001,1536.4286
9.153,103.95536
9.246,452.01266
6090.193,1216.827
9.593,66.96899
0.893,69.04952
0.36,78.74978
9.9,114.95572
19.103,41.122364
20.314,572.7188
19.527,452.6257
180.367,1588.8082
20.566,96.81647
50.42700000000001,141.30333
1900.347,401.50653
9.467,88.823204
9.953,76.40548
90.243,74.132324
29.646,134.55629
18.073,63.711807
360.0,544.86676
20.713,86.35804
19.22,70.41535
491.206,184.01155
370.21,407.23584
21.213,249.51753
70.897,139.35262
1869.247,177.41344
5.56,93.10638
19.59,105.47388
61.02700000000001,297.544
10.466,46.156376
2.436,183.45195
162.654,492.01404
19.797,90.637985
0.47,892.98224
40.014,285.8278
9.043,96.57866
39.533,532.1421
1944.577,2984.636
433.617,288.72647
96.936,354.80063
19.424,13.642002
17.96,358.94995
238.54,529.21497
20.52,48.034813
2105.7,1986.499
0.09299999999999999,80.81006
6.037,144.56752
20.674,295.31845
0.817,371.3083
19.72,101.16413
0.64,52.4606
286.357,446.2022
0.064,55.379967
7.420000000000001,38.122986
9.714,318.5737
20.08,138.01091
60.084,456.03574
11.134,349.78897
9.69,365.08606
0.033,50.45052
1.564,48.6509
139.604,128.6553
19.133,44.011135
541.123,283.90424
40.024,760.65173
450.10699999999997,210.51709
181.036,9.516487
0.8429999999999999,40.67734
19.037,115.4787
650.0,351.5301
9.646,182.52647
0.233,73.60719
8.676,50.76327
738.436,259.47314
0.504,66.028076
1.144,67.13353
9.423,129.64948
479.84,370.06522
230.986,368.78784
0.296,10.631758
19.51,41.097664
9.33,15.431071
301.6,1075.5573
129.526,213.07826
241.057,201.46536
40.54,26.139816
24.157,606.9958
79.446,62.15675
1130.063,304.56213
170.406,228.37671
2.02,114.52842
18.3,50.61301
10.357,104.0373
69.31,263.75992
29.273,146.14313
8.86,29.181751
18.436,88.05195
19.243,1562.231
241.37700000000004,264.80133
75.793,331.15674
379.78,134.6681
16.833,285.40292
69.81,584.79395
7.313,197.75987
7.493,42.939034
40.84,117.40284
95.63,126.09896
20.187,15.500619
10.043,275.80856
180.253,853.4878
20.11,49.415688
8.337,198.86331
9.537,45.36887
1491.13,215.89668
50.05299999999999,222.7167
20.38,282.47778
29.17,181.28238
1.75,223.2315
9.15,436.9885
209.813,557.88885
79.07,1305.9741
681.534,333.60883
9.897,103.44762
40.237,132.95993
9.69,179.66762
12512.34,7536.5034
190.46,88.33655
19.67,159.09686
40.16,97.89576
60.07399999999999,469.8681
140.024,49.002377
589.39,27.788797
24.637,204.16348
20.576,122.09494
19.86,270.3779
11.033,27.483232
30.117,606.44055
440.97,503.26688
9.75,91.97983
17.567,49.96469
101.82999999999998,527.82477
0.373,158.0989
18.723,2712.81
290.61,646.1667
9.633,105.92808
21.183,125.46878
52.013,351.7817
45.126,59.50705
69.19,111.15086
19.587,115.594604
159.593,33.762672
19.447,69.232796
9.85,430.44547
2720.05,496.98114
38.686,276.04498
38.927,437.41187
570.797,259.93246
20.207,272.3912
79.693,291.30017
19.654,55.644028
19.194,95.24004
59.717,299.38754
579.86,332.22235
9.976,381.40375
19.99,86.24045
689.92,717.71313
569.297,456.43454
10.67,138.1608
69.847,165.03452
150.88,311.4172
77.567,182.92908
8.2,46.242466
5.962999999999999,183.09023
25.719999999999995,166.53952
0.5,74.292336
9.367,341.79446
9.006,80.282196
19.037,402.6108
0.66,50.692505
0.83,10.649015
29.633,57.571472
0.11,14.120291
20.627,15.598056
89.95,365.9609
9.58,85.802444
39.99,32.0888
50.706,73.85726
0.03,56.540955
118.74699999999999,184.44876
586.73,10.391799
10.887,57.681698
0.046,65.351364
38.98,378.4241
365.283,391.11646
50.027,824.8763
3269.9369999999994,1292.474
129.693,402.92422
479.256,430.71146
19.906,202.03162
9.75,170.66396
549.34,108.20799
15.996,79.04152
345.796,959.0916
949.67,123.781975
12.114,66.58096
8.08,74.292336
50.87,207.56639
0.624,58.38359
39.917,59.49248
40.51,488.01175
52.4,301.21857
71.147,334.909
47.69,394.6004
9.053,23.104353
39.93,138.81088
20.967,110.996826
15.227,143.26263
99.79,187.64896
121.153,996.98535
0.063,113.69101
9.813,52.910095
60.753,69.77538
389.63999999999993,10.648721
568.813,824.44183
0.313,182.29997
0.233,40.519623
10.14,187.6508
10.06,51.129314
8.363,238.76056
1280.1,196.68231
259.587,290.5754
806.9339999999999,130.38048
20.14,192.03258
5.077,410.56833
216.203,788.6724
80.583,1894.6049
759.824,282.415
2.003,56.10241
1.64,159.40408
0.53,56.277386
19.977,201.36798
7.976999999999999,56.441483
18.953,158.71188
9.31,22.99255
29.534,57.089348
20.983,103.33845
8.97,433.2602
11.267,277.89813
29.203,324.4376
510.50600000000003,6.8865047
20.1,65.23821
961.72,324.64926
19.747,50.549553
14900.754,8490.724
109.93699999999998,631.0238
19.843,148.58736
0.624,114.255486
11.23,382.76254
40.283,270.97318
320.04,836.1224
17.973,64.67184
20.06,270.1788
20.307,84.67238
329.96,538.24567
29.64,293.23752
899.597,313.24792
199.787,217.71954
19.07,103.0761
50.36,150.2512
19.967,139.14752
620.28,419.42944
29.783,50.042046
29.94,87.66313
0.123,55.760868
2040.6830000000002,1388.0903
47.41,406.79987
40.607,838.9922
20.003,64.929146
9.167,84.11427
30.353999999999996,174.0176
9.63,64.7027
29.696,99.772255
80.357,525.3485
80.207,120.056816
29.99,373.90323
30.707000000000004,187.20114
17.89,110.79191
31.432999999999996,251.55344
40.014,116.95639
10.1,54.49406
109.894,218.57129
459.877,498.59302
309.84,156.98135
969.184,293.76862
0.017,281.02145
59.10999999999999,397.1709
90.013,271.7074
18.92,114.92513
0.72,61.22228
20.344,698.2109
58.204,216.977
124.457,157.41234
10.62,59.528225
22.63,39.8199
10.55,77.45578
50.126999999999995,263.14032
28.723000000000003,160.36566
610.937,1097.5125
58.92300000000001,348.70697
1.71,72.8409
596.174,611.9219
11.48,93.3519
0.157,92.3767
10.12,97.426315
9.79,69.82852
70.42,73.69364
1.71,58.53061
31.146000000000004,56.474186
69.42,61.347282
9.466,10.028812
41.117,120.64162
40.25,160.79985
19.923,61.19543
1.03,14.099842
0.077,113.47636
30.34,224.09059
19.04,85.15488
12.21,23.329578
8.317,65.60208
4837.62,544.96686
9.564,76.23856
10.213,60.70581
251.013,144.31915
129.937,531.76825
110.88999999999999,97.40453
29.975999999999996,132.41121
60.037,562.01324
0.97,120.20342
19.09,411.24356
79.873,761.98663
413.297,746.4197
290.224,183.41226
20.343,122.38964
9.777,40.87407
1896.796,660.28937
1460.05,1579.4572
19.764,68.27914
615.533,1210.6301
9.043,41.746944
219.773,50.437225
0.157,65.32553
9.99,117.261185
64.82,306.1165
9.85,61.70745
1.97,56.784237
9.573,134.59949
29.266000000000002,349.80716
389.96,1641.5515
190.457,320.17975
90.863,285.32755
19.527,161.96935
169.493,3020.6355
0.13,219.3028
150.734,275.96982
119.78,519.95776
188.537,310.57642
9.617,26.778923
0.22,566.2246
22.07,1077.047
590.8,311.3451
10.843,105.91165
289.98,164.19658
0.064,71.05779
289.306,138.18005
28.203,114.52842
10.066,225.70306
11.22,24.72775
2261.233,138.12941
49.797,276.06253
21.503,66.897835
19.283,457.46216
11.48,45.771385
1723.463,360.4344
11.947,114.248634
0.11,115.99552
121.093,196.55655
9.844,55.31179
59.717,154.32057
453.983,588.1847
20.603,62.964664
209.6,703.49554
30.057,2240.8782
11.976000000000003,105.497
119.994,91.30239
1607.55,360.1896
19.047,59.9202
309.73,570.2007
80.65,120.19336
29.320000000000004,197.05988
319.493,564.66095
29.915999999999997,311.79947
0.297,49.104355
0.097,276.04498
20.093,60.13008
1.5600000000000003,57.011017
60.07399999999999,390.2281
10.856,117.05256
60.087,146.7037
12.547,144.65584
62.244,182.11374
10.413,244.43642
9.984,45.06434
486.53400000000005,264.56754
9.246,394.49402
1679.72,1059.2185
61.00599999999999,410.89328
1300.64,631.7033
41.243,289.2789
17.383,125.969215
19.97,414.7113
600.024,935.11066
3100.1400000000003,342.96643
19.24,203.11377
121.97999999999999,147.0855
10.127,40.959843
121.006,268.1572
4.117,36.006557
9.557,474.45908
589.023,249.30045
122.50699999999999,102.52574
0.14,142.66722
1940.006,346.7148
8.23,218.74158
19.88,949.2898
7.993,831.8851
11.674,53.622066
0.563,85.90542
1.694,236.52895
248.9,608.872
9.237,41.25963
20.174,93.676926
0.91,48.439552
0.27,41.77377
12.122999999999998,137.33302
61.2,429.06805
78.453,220.88516
2.487,398.24567
21.187,111.83956
10.927,66.926895
80.184,266.07162
0.41300000000000003,243.9837
3873.0730000000003,604.71
11.717,86.12826
969.6439999999999,384.1264
19.726,215.26953
0.0,141.90619
44.687,660.698
38.046,43.06673
20.083,180.8735
0.377,28.926357
2160.91,1253.0068
85.443,53.680058
9.337,27.063347
11.004,114.81128
8.757,238.68593
0.203,69.318085
40.577,280.15784
9.39,102.633804
13590.790000000003,1413.2883
9.387,23.786623
630.223,533.9253
19.466,73.325775
0.5,52.41738
0.076,15.604008
19.133,89.85955
1019.856,3030.4492
79.133,66.71373
9.25,40.252792
328.98,294.07126
101.96999999999998,445.42383
39.204,285.93073
19.92,66.19902
30.117,32.255825
19.513,247.87126
80.16,166.94214
1204.613,1535.9166
0.153,402.25504
19.8,2211.1313
29.83,190.96606
540.057,2614.4072
1000.21,361.06232
40.356,81.36821
69.73,258.76492
298.87,1528.4154
460.086,247.36742
39.127,285.89252
2918.5959999999995,315.92545
9.787,103.68828
2114.943,217.00609
19.704,214.11797
300.467,637.48773
830.11,560.5035
281.826,119.84495
470.273,578.8307
50.72,1660.9983
50.690000000000005,210.5392
10.2,89.40048
19.743,294.13324
19.974,684.1182
0.14,62.91016
19.587,64.772675
7.114,13.937244
100.31,248.03322
0.36,32.971924
7.64,48.06761
0.17,26.840576
37.11,118.99197
0.327,57.675365
10.04,358.5083
1185.56,465.66122
11.84,73.434326
49.69,590.81464
9.516,60.409115
19.883,1029.5765
1907.6369999999997,1182.8118
145.48,207.17932
48.394,56.365093
0.09299999999999999,108.77378
277.844,1070.9978
210.22,256.40872
1084.207,446.75803
280.413,1737.4438
115.996,514.1723
0.03,66.1796
791.663,2845.357
20.966,26.442226
140.377,25.528395
159.524,81.94127
109.78,104.90588
9.927,80.03989
389.357,63.060783
21.023,492.44617
1.314,50.931694
129.983,276.62323
29.896999999999995,636.30927
0.267,60.73052
10.167,155.73605
50.31,188.62238
60.013,326.66293
91.213,101.057556
38.617,34.45587
0.47,41.804146
59.867000000000004,235.34279
9.054,55.274563
10.14,796.86304
8.21,40.24453
0.14,72.8409
40.404,75.23243
0.42299999999999993,27.553862
9.743,161.96935
91.337,108.31508
92.88300000000001,467.8573
10.487,207.32524
39.88,125.47777
59.296,375.6079
6.130000000000001,352.68848
49.55,360.04562
11.416999999999998,95.45056
1810.1999999999998,459.0657
1071.967,335.72638
291.127,241.26974
8.973,106.2744
59.37,239.27072
27.523,636.9153
10.576,53.48895
25.893,42.522793
18.82,313.93604
190.11299999999997,309.75577
1910.3,2679.7905
39.916,48.33241
17.843,159.76811
10.064,164.08557
232.03000000000003,64.40873
62.066,49.467457
9.83,124.30131
30.767000000000003,175.47614
242.42400000000004,407.063
9.49,418.76294
530.036,454.0254
49.314,172.46501
7.497,608.2542
169.866,571.59186
8.127,35.48566
120.64599999999999,179.08382
0.267,48.23314
29.974,86.85176
90.91,245.32112
40.21,464.39557
19.273,46.538925
359.99,707.96606
911.413,44.89436
39.88,178.06705
11.217,88.1462
19.644,255.32726
18.004,128.52625
9.46,144.97527
19.043,102.62032
11.357,54.795494
741.8870000000001,402.04028
260.46,715.2297
9.62,65.48218
0.563,92.39416
89.83,120.22973
40.803,698.7288
49.703,210.83609
90.047,230.91534
58.983,59.991413
175.927,209.97475
50.31,163.86967
8.94,137.43198
4030.59,172.29852
0.25,75.71397
29.78,230.31651
916.05,390.41977
249.56299999999996,377.7251
1.334,472.60492
1311.717,296.78244
63.733,312.53403
79.95,410.79193
160.283,290.1582
0.157,413.5876
57.86399999999999,739.0348
1.237,21.69245
0.813,123.65294
40.044,2753.1711
20.723,304.89227
20.927,190.75613
29.87,74.10823
8.77,195.9705
10.273,415.7071
0.077,119.32663
1639.757,839.6295
2330.143,592.52045
0.784,54.856144
20.517,96.6996
270.166,450.66354
1.437,45.379288
8.16,80.222565
28.894,457.4259
47.91,83.77841
20.293,40.027992
0.547,15.72899
240.3,776.6126
130.236,1014.3136
19.003,381.5795
218.3,322.70654
120.094,284.5917
159.26,322.75757
219.993,449.4575
0.017,38.256485
9.213,277.1046
11.103,22.544397
48.977,395.85324
64.987,7.2679634
30.926,22.518087
8.26,22.99255
80.257,719.7486
20.097,1578.8453
0.704,103.087524
119.78,186.06206
19.89,251.70361
8.893,41.205616
19.614,89.10494
1904.417,611.222
7.523,98.65942
19.59,201.69756
9.1,409.95676
0.11,81.77302
14.546,2.4552732
359.677,439.65024
29.587,161.77356
1.173,55.91838
1193.367,578.2885
11.876,188.48457
701.35,97.51772
912.87,1254.4089
4.61,29.624962
60.98,2311.7434
60.91,589.27844
18.093,65.7546
100.167,94.02735
20.393,61.55176
11.127,33.58231
19.073,71.88286
30.284000000000002,128.02715
20.096,108.40657
8.604,9.947815
40.526,497.25598
39.17,110.377426
60.064,865.2094
18.807,90.670906
80.227,362.7633
179.857,134.40309
619.147,502.47815
0.483,50.163853
10.523,9.9317045
29.012999999999998,45.412655
9.057,23.902285
60.143,205.59514
0.063,54.778942
139.427,140.97247
349.34,352.53583
0.21700000000000003,6.7258286
9.833,97.587395
672.926,310.91742
230.29,294.84885
29.973,259.79373
119.73299999999999,274.58865
70.08,210.32211
1.013,181.88338
9.773,192.03258
519.984,296.15482
60.047,130.11751
9.623,76.14679
139.483,62.09193
450.22700000000003,215.02243
21.006,92.20624
31.819999999999997,89.948944
39.79,316.29407
24.85,2.4621782
0.127,197.78477
18.036,1349.4076
10.153,473.8884
59.79,473.7402
39.997,46.134552
1532.397,720.29285
39.893,141.39671
3987.7960000000003,1025.2744
29.86,105.02112
8.95,105.46619
11.36,10.342643
195.74600000000004,155.99968
4.783,9.724503
0.06,294.32968
10.236,102.88
109.68999999999998,239.22359
20.187,65.67766
985.507,1158.446
9.867,81.677246
10.937,99.64595
0.17,66.81619
282.29,1588.5374
79.613,523.9015
4.693,196.89163
0.983,310.1713
99.09,63.762302
209.98000000000002,256.33508
9.88,31.9086
10.64,91.74598
0.69,49.96469
1265.867,833.9137
9.777,39.40165
28.949999999999996,201.49275
2661.47,153.15744
400.937,320.8924
49.8,99.182144
70.256,184.32748
501.107,1825.1672
80.037,565.93365
8.073,10.631758
19.447,184.69617
1720.65,947.7255
338.926,546.95184
1379.95,430.87552
3330.143,64.322235
36.406,365.98425
10.873,86.589836
247.38,217.25972
19.433,1170.4203
0.076,40.08522
11.580000000000002,187.9714
120.18,93.762665
3567.284,797.1622
20.027,440.3768
46.882999999999996,370.19138
60.423,736.98926
51.577,99.997856
9.6,264.6498
0.937,69.30825
13.903,26.101442
22.123,13.577513
88.587,45.563915
109.9,325.9079
98.043,337.23938
70.384,178.83661
30.633,358.56436
19.504,417.26193
69.893,426.73566
58.98599999999999,1967.1451
20.06,472.60492
94.19,344.29758
80.29,766.4181
980.2,717.2955
1756.51,186.483
1.25,199.70221
969.8999999999999,267.25446
19.893,445.91602
11.007,50.62877
99.88,1570.0609
189.16,480.70236
1032.347,192.45016
0.643,44.62667
261.18,486.1274
9.376,81.36821
11.077,100.75956
42.314,429.47162
19.966,141.90413
0.61,15.770888
121.13600000000001,116.34966
0.516,66.89976
12831.367,15008.081
8.634,135.6121
0.187,421.8774
9.683,163.21513
179.977,111.7034
89.66,1210.062
249.01000000000002,460.19904
49.574,6.8896914
330.167,357.10077
210.11699999999996,275.56894
90.66,704.3141
8.244,124.30131
11.034,64.58782
9.28,469.13504
18.007,50.811947
49.92000000000001,62.18768
1.017,59.9202
9.85,44.983475
30.737,36.267338
19.103,41.92703
61.207,1370.3739
29.227,627.97394
8.763,27.802423
72.477,124.3363
3331.293,1539.2524
0.017,51.178677
19.99,279.71133
159.786,17.27244
71.093,362.82584
27.267000000000003,140.99236
40.553,168.40701
97.83700000000002,117.18664
0.377,183.50473
20.3,76.23218
1440.976,438.4017
1732.523,423.24677
120.336,1200.1267
20.093,14.181836
119.93999999999998,332.86374
59.194,45.649597
89.98,692.2466
0.36,15.683074
9.053,48.641308
60.61,139.16914
64.62,93.60662
60.74399999999999,130.19215
169.917,241.98018
19.203,66.897835
19.383,85.504074
1519.173,718.54895
8.006,284.8725
80.07,1447.3131
38.35,110.114716
0.123,101.83718
9.274,394.49402
188.43300000000002,2518.4407
68.973,92.29868
10.74,117.16524
10.613,238.76056
1.33,79.04152
81.663,217.74995
20.337,79.81621
4.827,125.42423
30.646000000000004,105.572815
9.374,132.76083
10.667,54.595963
340.647,456.59988
2.584,96.01384
0.0,21.69245
1724.644,541.6375
9.04,44.64847
18.737,44.774513
20.943,54.015434
10.633,97.547104
30.066,7.176155
9.823,129.36516
0.09400000000000001,182.52666
320.17,385.1164
71.39,1337.0547
19.823,47.293472
329.823,295.81036
89.93,232.11038
97.71,343.3368
1072.217,524.87146
20.033,115.38887
18.437,62.718353
20.916,57.018543
350.12,866.5968
29.853,378.41428
339.867,10083.875
1.28,29.35028
21.25,45.946587
150.23,845.74664
1549.923,181.72295
8.21,92.20992
3609.983,288.98596
0.36,80.21263
10.19,265.7581
40.29,618.4127
49.634,685.5304
0.923,115.29123
11.67,506.83987
13.157,40.049034
0.43699999999999994,498.78992
440.56,819.12915
73.947,850.05414
38.463,398.25616
41.2,109.46783
10.23,84.28697
8.87,267.09158
29.683,60.951508
59.213,52.06617
58.763,137.37012
170.97,370.63858
210.304,214.68639
5.627,15.4800205
7.803,53.668095
1723.2000000000003,701.5575
3408.293,362.32852
240.537,193.68825
310.013,593.22876
261.837,382.41296
10.333,49.4835
230.293,319.92072
28.740000000000002,104.123886
1.627,73.163765
308.576,273.53387
1929.4029999999998,944.68976
99.983,350.29553
2619.424,866.119
360.184,243.21515
18.964,64.58782
479.87,338.6321
9.68,277.95795
160.243,856.2225
360.047,2691.5837
0.657,89.39305
11.06,40.252792
69.817,127.948814
19.91,135.46545
38.0,107.5137
20.71,52.70898
69.847,158.9331
19.41,48.40299
29.456,119.65835
0.39000000000000007,21.692438
122.456,362.46466
199.08,110.1907
1.063,104.22322
1.157,82.78939
8713.616,2516.2615
5692.704,1840.7688
30.537,67.647446
20.34,182.91095
0.22,15.403392
259.78,968.5698
39.093,537.9565
2399.38,485.60217
19.25,57.292896
0.39000000000000007,303.84445
19.367,19.80119
0.75,45.06434
0.28,36.88834
0.64,40.698994
20.86,127.792534
574.49,98.28531
0.64,56.277386
11.113,104.514015
10.95,101.593704
30.183,102.04804
9.4,381.91092
18.8,186.88829
19.123,10.225898
8.347,183.50473
0.89,45.179787
2.016,14.181836
10.943,796.6086
19.063,607.72595
57.14,398.61783
18.884,111.931046
59.05,768.23364
10.053,50.104145
0.123,113.45137
666.14,724.79016
1.037,52.930317
10.166,2426.8374
1.08,55.975296
119.647,70.79985
9.967,55.966145
50.384,147.9765
48.573,56.31057
27.833,27.272457
160.29,497.34326
79.757,71.63651
10.023,46.716705
21.21,7.2751813
2597.113,144.13695
72.003,450.51465
1530.433,9106.04
20.247,484.5968
28.633,285.47647
173.167,287.61984
5.297,144.65584
19.44,101.593704
980.97,330.00458
0.09400000000000001,295.76486
409.417,1359.2754
290.947,567.04456
0.049999999999999996,206.8662
360.173,163.18613
0.19,452.99384
380.2,321.33475
9.436,15.458767
719.796,470.69174
20.376,485.02805
20.607,83.93431
9.856,99.388405
59.386,1457.195
20.247,427.45865
9.844,128.3017
88.274,323.8936
21.653,712.8364
930.4570000000001,1183.681
178.636,405.7366
0.046,80.222565
19.407,363.63855
840.993,312.48254
20.883,118.64001
78.77,168.59444
8.82,45.737865
19.57,366.08292
9.71,9.243811
150.744,57.555244
80.243,128.14464
3072.333,198.8771
1589.8869999999997,290.0591
20.927,48.273773
49.92000000000001,603.13226
1269.783,1024.0359
559.697,281.18118
9.817,117.27467
18.97,778.04785
9.273,257.87994
19.067,343.90732
700.35,1079.89
697.613,120.28462
9.954,20.968248
140.043,234.22827
20.293,138.49045
88.227,619.3873
79.85,662.52545
310.284,747.5526
20.0,674.8064
0.907,88.35285
19.667,49.71774
20512.537,642.55133
10.09,118.12223
135.737,773.45764
540.84,419.64035
140.264,717.57544
19.11,45.494396
561.107,273.05814
771.707,250.70897
19.433,251.71272
11.246,49.38638
39.933,98.8944
0.48399999999999993,22.550755
139.613,892.98224
0.5,55.738285
20.167,103.78094
27.717,25.293795
50.42700000000001,475.8814
11.196,138.43985
7.267,60.05859
9.603,45.87253
29.123,288.39032
82.107,116.47369
20.89,71.70996
217.137,609.5158
59.85300000000001,107.22646
0.267,69.56792
20.354,111.15086
10.446,77.45578
0.08,15.514339
19.74,258.8327
460.514,437.8044
5313.9,582.3501
0.033,207.54745
70.5,230.75888
0.0,112.10593
10.187,261.96356
19.757,304.85938
89.76,370.55823
11.143,1166.8132
10.09,10.159772
9.057,430.44547
280.346,199.32642
10.373,50.94893
30.21,414.89865
129.47,76.90633
19.987,414.64554
1.047,98.65942
172.937,494.28122
9.397,195.24763
20.8,51.976246
0.56,45.370037
2.157,119.403046
19.877,94.474174
140.26,135.06067
11.393,323.0065
10.966,117.19706
30.449999999999996,418.51233
362.067,396.03818
1265.28,694.1851
60.037,298.26727
1130.107,136.63089
223.273,2350.958
9.007,180.63182
96.434,402.3045
0.64,84.51145
9.41,44.593433
62.236000000000004,339.7369
11.003,403.59885
18.993,73.8857
20.68,114.352325
68.694,90.48558
115.99,322.744
469.9,205.99269
9.913,53.4649
658.28,1359.8754
110.16,272.22943
179.557,281.5961
169.66,231.39813
10.19,416.68475
2839.29,112.42209
80.076,183.28957
856.59,692.73846
8.987,49.20446
109.776,295.0724
19.22,53.872
98.354,190.14189
8.307,89.39305
830.7240000000002,587.115
260.94,419.53284
9.644,297.5188
391.12699999999995,266.39474
60.35,178.68216
429.823,624.4501
9.583,83.91761
29.99,161.032
129.964,254.98737
21.763,63.18435
379.93,156.25522
54.857,903.05524
709.953,429.5802
20.523,79.538574
219.52999999999997,153.32515
0.844,72.199326
0.016,66.11238
10.74,47.46486
21.903,270.17358
99.987,272.47073
217.954,154.84108
50.84,200.7442
60.204,924.0986
169.57,330.53015
290.4,1358.5748
70.124,855.80396
40.694,76.52206
40.523,195.79858
19.253,27.268465
0.923,114.64158
40.173,120.42224
0.687,438.9441
9.967,47.667126
1229.707,863.5637
329.207,232.58862
5672.497,2313.5383
9.287,57.011017
121.03699999999999,395.0538
50.07299999999999,528.3932
329.757,760.7424
19.553,463.06366
20.096,200.88654
80.923,84.69217
40.043,207.62001
0.55,105.96688
0.187,271.27795
17.673,128.31123
0.39000000000000007,38.456486
4949.344,795.4711
0.107,254.36221
9.617,281.8942
50.66,112.80262
499.84000000000003,295.2678
10.754,207.22025
38.644,159.55847
110.097,1133.565
710.874,397.65533
21.88,294.41815
18.893,61.22228
9.913,13.513345
521.254,626.45264
8.91,211.21513
0.33,85.10466
8.937,79.26217
19.823,532.68335
16.783,162.20438
6239.953,279.61444
270.726,313.92053
20.453,82.36932
0.53,56.462036
120.907,176.43723
16.377,96.7687
35.867,32.03328
320.536,375.454
9.926,55.201626
98.763,116.65232
0.533,220.53479
9.03,220.84238
9.23,266.88232
682.107,316.1007
0.28,10.683602
1270.777,1098.1212
60.61,1114.0942
0.517,101.291565
0.94,91.249374
1.25,70.152954
690.216,355.52103
9.213,62.996906
256.903,416.44208
1.843,15.708099
18.99,52.58285
209.83,571.146
18.593,42.411404
10.84,767.14484
1036.274,555.0252
99.6,114.802
29.599999999999998,39.264507
10.433,164.96065
9.743,136.73618
10.793,25.252073
51.267,60.04715
79.827,332.7289
139.143,127.81344
79.843,606.8335
30.345999999999997,60.820217
0.123,105.660095
430.13699999999994,557.90753
19.6,195.60864
25.642999999999997,568.13403
9.143,411.07587
8.446,9.963972
10.03,60.213577
0.504,60.220116
50.88600000000001,57.22185
19.317,135.88641
430.58,416.51334
116.986,180.55977
62.153,505.75262
49.674,43.508656
50.067,226.8133
3.52,27.640938
54.226,438.94684
0.077,290.92123
10.294,54.94311
149.934,290.17093
0.483,67.13896
20.7,583.5306
269.053,330.96252
0.534,214.76947
40.943,53.024006
0.39000000000000007,111.42065
0.216,105.444176
10.15,248.53624
19.586,131.5709
19.613,349.78897
170.057,561.0004
99.99,18.732843
11.25,21.483015
191.01,157.2235
9.127,121.31002
759.533,159.86507
7.732999999999999,405.92554
29.267000000000003,54.40658
9.776,64.47654
70.657,272.89706
40.074,493.7454
220.51299999999998,473.8448
69.853,329.09198
499.77700000000004,204.83942
2753.433,234.91989
30.247,154.46681
19.796,115.4787
0.012999999999999998,85.09381
11.173,27.063347
2520.97,3095.6
80.147,339.36752
0.723,67.77041
2.017,52.14963
99.59300000000002,448.40155
30.819999999999997,61.74976
390.07000000000005,432.57074
9.214,105.0493
29.944,418.36206
29.414,92.288864
429.81399999999996,284.00705
0.233,83.873276
0.157,54.96604
158.953,310.816
160.253,1453.0442
689.22,465.92883
191.02,442.93668
0.157,1169.2983
0.203,89.39305
10.673,62.55988
369.177,508.35745
9.783,43.685173
9.757,159.40408
449.77,109.88505
0.25,273.46942
19.557,767.31903
0.55,63.18335
20.35,431.76205
100.32700000000001,463.52872
10.424,45.620594
1.52,206.8662
22.033,498.73764
87.957,72.570076
0.08,60.99448
20.063,391.2898
9.78,194.88728
60.02,285.33948
4420.82,99.89139
460.78,324.1804
150.263,161.43108
19.503,44.717686
5.17,53.648922
179.743,707.1816
0.953,117.70195
40.1,349.60623
10.497,97.67227
1163.256,348.76425
9.817,46.784824
620.62,1529.3579
89.477,342.91904
19.314,219.41222
0.92,222.46315
6860.812999999999,293.2275
20.163,99.67341
608.867,975.48926
89.987,456.45523
18.23,162.17796
0.563,47.695152
81.2,1896.437
0.89,45.18777
49.78000000000001,1251.0685
10.223,44.13783
9.534,10.309157
130.16,286.87216
416.53299999999996,499.43713
9.837,393.06747
0.284,15.645567
10.02,1041.2488
14.86,131.72046
3.8599999999999994,10.325882
9.644,74.57452
9.766,53.668095
59.88700000000001,205.59944
6950.056999999999,404.92944
18.34,73.85726
0.097,85.87562
5699.15,633.89154
40.64,208.42174
91.207,338.00607
99.19,419.53406
20.82,52.7759
27.519999999999996,55.30663
299.18,272.2816
51.31999999999999,135.3988
2330.67,1009.19934
1.36,46.99433
550.407,115.99496
10.74,2643.502
0.14,52.910095
144.197,704.7121
28.949999999999996,96.01384
20.276,500.8929
98.843,440.35516
0.097,19.735735
440.42300000000006,451.59027
90.173,402.25504
39.643,903.1513
38.956,208.6749
9.76,140.39001
8.516,186.14346
19.75,57.820995
160.106,277.78333
99.117,471.6905
39.654,162.17758
100.103,29.947533
869.964,301.92834
1561.104,230.52992
10.396,45.57496
19.073,203.49338
0.17,55.402966
38.65,92.82875
153.73,279.582
79.656,181.52711
99.98000000000002,355.72122
0.873,55.693077
8.157,10.192781
0.23699999999999996,67.01517
1.423,22.99255
3.0,15.624783
147.437,222.95775
239.66999999999996,304.41345
9.483,401.98288
29.673,174.53123
9.843,34.965195
10.237,66.028076
0.796,47.053814
20.093,391.3762
20.23,256.20517
60.10999999999999,135.77321
90.804,319.03958
40.45,266.8869
39.333,376.35107
9.767,326.14084
81.344,117.14267
8.617,15.57011
2242.87,686.2944
60.317,598.89886
169.82,104.73591
271.993,507.10617
140.633,7.2427325
10.503,84.3707
180.79,63.292454
165.983,800.52765
9.206,46.784824
9442.96,706.0571
28.914,120.728645
939.937,407.95044
0.28,287.7473
10.197,45.901604
59.913,642.8737
0.75,82.2987
12.656,195.6578
10.37,73.813896
37.98,464.87027
98.173,445.849
18.84,178.16077
59.64000000000001,416.34344
10.874,91.80334
1029.64,271.74646
20.847,48.12647
19.73,117.28929
20.577,511.1413
19.68,139.08551
0.83,97.36901
10.257,65.53016
11.11,215.8402
9.907,291.67932
10.497,69.535065
2485.493,2113.4392
89.713,502.28293
0.08,45.595676
8.357,46.099216
39.844,14.20243
40.703,46.554924
0.317,43.176178
411.09,199.86232
0.703,93.29992
240.88300000000004,328.6652
20.547,85.75128
19.716,115.03979
8.473,59.749805
10.124,26.351126
410.764,62.515503
89.52,115.352486
1186.637,1994.3939
40.226,259.85635
129.923,47.51997
1250.537,590.07043
0.204,104.26796
0.22,59.44267
149.197,691.69147
18.753,747.7923
168.06,69.00821
9.793,18.63274
85.013,58.53228
9.747,54.98715
30.05,279.74814
9.523,44.32021
110.64600000000002,283.8015
8.137,58.25494
0.283,81.19387
0.04700000000000001,433.2602
9.73,104.76093
19.417,631.487
21.674,14.161299
120.08299999999998,866.4341
49.41,308.038
467.98,221.40274
19.093,313.31586
0.016,21.903921
58.93,203.65198
173.32,508.68192
19.623,113.22929
95.364,857.64514
2587.934,1866.722
80.01,250.96213
20.087,137.11531
0.06,192.39204
271.23,178.97325
0.216,83.16418
4345.753,1161.9769
10.397,56.462036
20.53,47.760952
1857.67,289.92996
57.693,811.7239
30.07,796.7474
49.69,790.83453
10.714,82.15584
219.927,604.9384
620.54,455.06406
0.17,41.313766
478.65000000000003,840.26514
9.463,25.794998
20.987,112.61712
19.94,419.42944
61.333,528.49994
20.14,515.1662
10.673,26.320852
20.117,63.362053
0.107,48.165916
540.277,319.79865
22.143,127.98807
0.42000000000000004,54.903378
1170.744,183.65198
0.016,248.20193
118.813,914.6488
22.16,308.18137
9.607,59.59606
19.666,489.41156
10.57,85.24543
2125.307,452.08163
9.963,159.09686
697.113,526.34784
10.223,64.5036
2.036,125.36282
378.7970000000001,204.77817
0.107,44.593433
19.067,15.921299
9.877,405.92554
179.603,204.66356
10.05,349.78897
19.02,107.13805
269.177,111.28027
0.21700000000000003,99.131905
558.006,444.43832
20.507,15.438897
10.877,34.83718
6854.313,776.6657
58.56,405.74524
11.48,121.31002
9.86,127.47211
8.52,15.918365
320.457,830.12823
251.357,114.64637
420.32700000000006,156.61221
18.41,38.456486
69.406,342.1081
9.33,23.786623
0.937,106.44279
5341.873,286.84818
274.277,171.16098
1.343,69.79
10.113,47.149548
11.45,80.753654
19.15,59.2513
20.77,82.92502
259.86,75.15884
0.063,379.41818
2700.71,721.9072
59.22,136.6903
0.064,83.9905
220.0,278.73254
0.076,50.12609
39.544,130.31366
10.02,81.00174
9.664,79.55322
1.36,230.44266
9.42,52.24754
139.963,1742.6775
8.267,26.840576
19.37,104.33038
90.09,87.80161
4.674,52.078213
0.23699999999999996,86.308556
190.517,713.1195
8.457,51.172016
39.303,111.03978
0.33,305.17148
10.407,44.12673
229.386,141.71602
670.22,1480.803
0.123,87.94013
0.23699999999999996,192.39204
19.626,54.944942
250.444,276.19034
0.157,53.969284
40.683,197.34395
19.387,81.06036
30.064,338.15714
29.47,53.519474
30.073,59.50832
8.543,23.32956
108.29400000000001,166.11412
199.62,573.29315
9.577,70.873116
70.173,117.43325
40.873,73.87366
0.11,15.791868
1081.93,129.66151
20.307,113.45283
19.964,405.91483
460.713,225.21487
100.3,246.62921
10.06,147.18333
1109.75,707.5835
1450.076,538.6608
9.654,276.7503
431.493,110.70319
3483.173,279.5379
2411.353,100.005554
9.623,21.379063
7.777,194.61519
118.32,625.7804
48.927,168.60083
267.37,1267.4956
38.513,495.6015
2949.7270000000003,1870.0043
8.247,78.04526
0.03,47.855022
118.596,224.31445
1129.867,1344.437
16373.07,1604.0287
129.814,503.89648
0.313,314.89444
208.7,405.72528
20.663,53.468727
1.25,58.9769
0.127,119.1481
9.0,191.13416
10.12,65.87816
19.74,140.12798
109.723,455.64706
99.123,1354.7366
121.33,1082.0447
0.91,414.7113
70.15,341.898
10.787,96.258
9.394,152.53206
9.836,87.80726
29.475999999999996,455.06406
8.584,61.616398
19.707,66.5485
19.82,184.58748
60.47699999999999,86.43287
1936.054,432.9527
10.67,56.009453
19.807,742.82416
1.187,24.847994
0.123,51.858974
51.756,25.43382
18.94,797.0943
0.123,52.80076
480.227,320.81247
0.45,56.09902
0.39299999999999996,183.01495
10.083,221.74461
70.08,283.38306
48.887,24.607994
86.56,285.24603
0.364,52.860023
8.844,302.56613
39.563,449.94125
10.007,413.62262
440.63,209.0445
10.147,572.6401
60.61,656.1037
16.296,14.409839
1.737,40.049034
10.303,273.78085
178.593,161.59573
10.21,481.5147
78.986,205.5105
0.75,41.0279
10.414,53.668095
0.643,102.904396
9.19,57.912186
69.963,107.12277
19.573,850.45325
11.27,422.10956
205.857,1027.2224
40.847,6.7507906
10.697,102.62531
49.257,288.75644
154.977,59.50705
9.85,431.76205
9.58,122.25386
0.03,57.930275
0.5,117.05261
58.86,288.71246
59.017,525.06177
0.377,106.8922
26.097,27.13288
29.529999999999998,90.637985
39.247,61.278423
20.43,224.0512
69.91,9.372113
20.113,39.646862
140.35,193.85042
8.186,38.624336
49.75,40.75965
16.906,15.708099
206.32,112.432724
2390.316,878.06226
10.56,106.939766
269.987,32.949287
130.05,319.84708
8.493,73.163765
101.877,162.34921
10.876,88.14382
3572.983,404.86526
21.013,210.74574
9.737,98.77722
20.22,114.59261
339.953,45.63361
80.207,408.2241
38.53,81.736046
101.16699999999999,56.4764
0.7,15.403392
29.320000000000004,2.4542902
19.807,93.676926
71.003,299.02435
29.027,128.54364
18.773,47.953117
57.586999999999996,152.25676
20.466,162.03537
9.577,289.0714
10.837,365.5959
10.873,76.133896
67.026,1140.1377
29.533,432.83
9.337,80.19274
39.876,1.9443593
8.32,111.97216
60.937000000000005,115.671104
0.453,60.34172
90.517,260.78485
191.38700000000003,88.69571
1.22,35.874718
0.8599999999999999,124.30131
0.313,55.738285
289.543,913.5739
170.21,841.57214
0.0,899.1168
0.03,86.46407
22132.987,251.94504
9610.6,1904.1466
11.346,101.02531
8.947,458.56177
0.983,383.91895
582.063,432.1153
1.347,44.630306
36.12,104.9518
7.392999999999999,354.55463
10.3,124.30131
20.036,9.274197
60.56,458.34897
8.573,51.845352
33637.16,1266.9243
0.47,100.52518
311.13,188.43007
126.787,161.53105
39.96,460.5694
0.077,65.29975
1.94,66.683395
39.61,242.69057
19.997,421.35687
549.977,316.0401
229.67,305.98642
18.643,50.104145
6.493,24.741335
594.51,581.81885
29.572999999999997,205.3193
3128.097,981.36255
20.02,192.40263
810.0940000000002,587.54803
1.377,90.70764
32.653,285.2559
18.747,59.44267
0.017,54.29467
2661.894,3756.8416
49.703,392.08597
50.154,118.80387
171.093,262.21124
9.717,25.581715
310.153,527.37634
0.717,22.152838
25.57,153.76857
110.764,716.0445
9.937,559.2553
20.047,48.825985
221.06,95.4586
140.443,870.5261
10.273,488.0958
10.184,53.482098
0.25,24.13528
7.976999999999999,191.76738
0.34,303.58032
407.426,317.81134
11.0,88.26316
1.05,23.67154
0.627,114.955765
90.153,271.27795
68.75,377.79153
8.963,9.013744
19.333,19.281675
7.603999999999999,66.41814
1.004,15.57011
171.776,122.766106
59.244,181.69344
19.66,166.25293
129.77,526.0973
20.853,295.5526
18.466,1366.8143
8.977,43.609108
20.113,289.10922
50.036,194.6051
10.673,307.09042
19.217,66.21472
0.04700000000000001,27.553862
1490.1860000000001,379.60016
19.203,90.85893
290.443,537.9565
19.207,160.56543
19.14,81.829834
9.997,251.06686
9.467,65.983894
9940.183,584.7108
40.25,370.09335
0.157,79.185875
208.86700000000002,295.12836
19.093,48.688187
19.917,385.19867
80.29,431.7459
949.0540000000001,189.77086
9.743,71.22581
59.154,181.89813
39.513,572.6401
20.36,68.08318
20.333,179.70273
199.16,111.213425
20.316,488.71896
9.937,21.483015
10.7,491.60556
0.547,27.377676
22.07,85.10466
39.487,158.55838
0.644,40.027992
197.534,118.90167
37.823,86.05294
704.214,479.05923
6162.083,175.8484
70.143,646.64667
769.487,430.40192
30.110000000000003,94.82071
450.067,139.94987
1109.843,293.95355
1779.42,530.5431
29.437,51.441425
990.2169999999999,411.2776
130.347,330.97397
10.483,51.77773
97.82,46.98545
70.623,440.26572
1477.4529999999997,185.03365
17.27,551.6097
201.04,795.3921
69.953,176.53069
19.127,96.6996
115.823,335.4829
9.93,352.54214
321.667,1348.5781
60.67,681.56335
19.2,2311.3708
9.667,286.21872
9.674,276.4273
160.11,1854.8849
10.053,307.14294
19.843,281.02136
19.596,50.450203
10.89,623.736
4013.803,757.8515
41.494,497.07193
610.233,3124.8313
19092.106,3137.6992
20.9,46.3424
60.623,310.42877
0.22,44.808594
448.847,749.0599
8.78,54.318546
2945.11,2292.4238
19.96,105.472664
0.597,64.69447
19.56,384.20538
569.713,789.48413
17.054,551.6097
10.244,116.436806
12.353,174.08563
0.25,490.16687
419.997,665.59314
37.97,49.727924
80.83,762.4778
1708.72,1214.7389
19.533,55.337086
19.747,595.75
120.867,852.99854
20.757,19.281675
626.24,314.6401
9.257,67.37607
859.3770000000001,55.688538
49.537,296.29858
79.453,208.56662
248.984,111.236984
0.643,351.95572
20.847,39.98156
329.926,267.5547
161.06,910.17487
90.017,43.83842
9.117,142.03275
49.867,159.71489
0.453,97.547104
10.007,117.44411
8.917,280.56793
8.08,44.87306
7290.177,358.34763
299.38,912.69147
1531.1930000000002,494.5429
130.063,29.465303
409.617,226.0615
18.083,308.18137
0.03,59.113922
8.0,85.59209
9.894,106.07261
2759.99,195.92358
8.797,44.919212
20.824,52.668568
3881.7,289.3702
10.223,298.0161
0.5,27.063347
100.794,102.504196
11.454,59.289684
19.887,82.56221
100.15600000000002,165.59573
202.134,317.6757
2930.033,255.35715
0.19,86.26931
30.459999999999997,64.21834
0.674,113.45137
11.14,15.72899
360.8,543.8798
0.157,158.48172
0.173,204.9694
9.573,54.196926
789.5260000000001,422.57977
69.773,2453.6868
0.75,47.75848
0.17,103.44762
499.29999999999995,1303.7577
20.007,396.76044
9.704,57.751198
668.704,59.71621
0.516,114.879906
49.347,267.78677
190.023,90.02161
9.993,103.57565
79.577,259.45078
69.95,1278.6746
9.84,97.11296
0.06,67.414825
0.25,141.90619
8.98,23.104353
59.059999999999995,466.39532
44.78,449.94928
19.133,13.545383
10.02,229.59288
7.476999999999999,138.26639
19.783,95.51705
20.204,122.02312
260.4,536.94824
12.117,10.012561
70.33,117.27245
129.856,299.706
1561.927,1395.7725
1.267,295.88864
1177.986,842.4765
84.75,81.25779
568.063,1043.9055
9.944,218.74158
19.073,469.53717
0.17,45.747494
11.163,33.21473
10.32,81.52701
369.41,291.8756
238.63299999999998,434.79623
30.097,249.73204
19.23,101.88086
18.863,84.719795
200.09700000000004,178.17828
199.957,272.09845
505.197,1309.1774
59.983,29.230282
60.6,205.04665
1.5669999999999997,123.036736
40.55,733.8068
9.21,195.1359
10.98,248.48875
50.157,340.43558
49.483,208.49904
451.35699999999997,108.74574
0.11,27.4128
0.813,135.6503
219.66,327.1813
20.037,340.94324
50.07,298.39264
11.334,17.961645
10.073,137.04008
21.033,92.8736
10.037,42.87963
639.867,494.68808
3116.313,1776.5103
0.11,27.87384
0.14,81.49146
49.269999999999996,517.5055
0.266,65.13027
49.092999999999996,9.494409
19.573,55.49949
19.166,244.55164
780.263,822.85254
803.7360000000001,403.39914
60.206,62.120785
210.177,168.17218
0.097,51.311626
18.833,204.19743
179.973,436.699
1334.56,906.3055
30.0,854.39374
0.3,89.40048
0.707,239.11626
20.707,323.15186
7.327,78.73516
100.21699999999998,226.58296
138.79,651.3971
20.07,65.48976
11.91,363.9318
1199.257,778.34875
20.083,163.73587
1121.054,596.0069
10.52,10.443778
69.927,238.57874
60.02,285.57455
29.007,86.70011
38.423,203.72333
0.314,15.742309
179.75,181.0646
0.17,310.0458
239.68699999999998,255.31914
592.273,376.6817
8.833,106.939766
21.03,65.783516
189.317,120.59521
450.99999999999994,312.98953
49.977,257.52707
0.0,87.94013
306.337,662.55286
36.87,100.87131
60.42,238.62617
10.746,161.73444
11.203,136.80237
8.426,25.334753
1.88,55.018475
9.593,84.719795
0.0,100.230415
277.32,186.73666
0.7660000000000001,15.57011
1.033,51.472973
30.554,454.49194
0.593,2143.505
219.64,1551.214
30.29,380.08524
0.58,41.968937
30.99,237.51358
0.11,196.18126
340.316,1536.5884
19.4,413.9337
20.86,459.6684
340.147,83.62573
9.696,275.4074
189.586,22.395536
9.676,48.534992
809.8230000000001,523.27997
20.146,97.4138
39.767,266.52338
129.963,92.25325
0.28,325.06885
0.233,74.07277
13.109999999999998,25.15454
18.813,72.199326
8.333,184.87608
50.907,134.50076
22.526,2125.6396
1999.187,313.35962
30.336999999999996,160.56543
219.847,353.4801
9.74,66.96899
19.837,102.72898
80.22,444.67834
19.057,121.8829
22.06,947.4866
361.58,601.07855
38.41,498.2453
179.91,403.43118
10.616,119.32663
59.893,128.28662
9.127,433.5929
0.42299999999999993,83.52557
1.02,84.31142
0.14,114.39731
101.233,254.26274
49.964,511.05334
0.487,97.547104
20.064,168.0316
0.297,49.006977
0.157,183.50473
19.35,109.9251
0.436,95.33931
10.0,270.31845
121.63000000000001,1011.81335
0.263,145.8942
190.647,741.389
10.74,328.1211
19.03,47.855022
0.7630000000000001,221.09467
9.294,782.92303
30.143,384.2763
9.627,15.654114
24.817,44.582855
49.89699999999999,106.62722
1.8669999999999998,32.765934
90.113,998.1623
629.89,6829.102
0.034,45.376907
16.33,712.2545
10.1,5314.605
188.463,316.9998
0.813,41.151608
69.417,160.10008
9.834,59.59606
0.063,111.396355
281.086,315.29047
1.546,115.94863
0.267,101.83718
19.78,102.758736
151.453,602.11316
1.28,303.84445
20.107,1702.1407
9.043,47.053814
50.297,61.403427
19.804,43.52785
119.91000000000001,549.17413
0.33,39.212433
59.82,156.7315
410.76,343.08658
19.33,102.42014
20.72,44.788044
0.533,18.954443
1.58,20.265324
20.404,73.11074
79.466,324.27667
11.257,58.908455
627.203,539.5839
50.407000000000004,222.04967
226.294,802.7621
8.85,73.813896
8.437,25.01603
7.87,20.467562
0.08,200.41919
38.373,325.35068
4.753,45.976204
0.394,83.00171
40.45,289.53574
80.35,155.72298
217.84300000000002,6.7664256
629.584,875.9972
19.26,309.7916
8.404,62.811104
49.627,89.9323
9.377,446.38077
160.013,97.03273
19.896,378.8539
560.143,321.26736
990.7439999999999,159.24744
18.073,202.1596
0.64,15.514339
159.487,589.7086
250.326,369.25012
39.597,321.08258
718.693,390.83252
360.05,543.6091
241.49299999999997,361.0726
239.81,261.95038
8.973,115.46937
9.273,95.33931
9.743,118.12223
70.377,655.317
2.157,52.064125
0.7800000000000001,414.7113
19.823,44.1846
9.837,40.606995
19.893,53.118084
30.036999999999995,341.23547
0.09299999999999999,200.41919
65.704,2.4592168
0.063,197.05988
69.813,597.5928
19.817,9.450397
10.244,192.73854
21.137,136.88155
19.95,498.82538
28.183,347.06073
2241.166,367.8795
31561.13,1755.0176
0.09299999999999999,92.27765
8.546,199.88435
289.746,324.7833
9.423,81.06036
18.11,15.6872225
20.144,606.8052
0.703,50.613487
20.357,200.61168
20.02,311.2781
18.946,55.59621
1110.216,293.0397
763.4940000000001,254.69693
0.127,64.929146
69.576,2576.2488
139.896,546.3756
9.483,34.32969
1879.773,1007.2208
79.953,62.300354
20.424,500.87088
0.283,104.22322
9.14,56.805767
139.66,393.12476
0.703,24.370544
19.763,48.66882
549.74,718.0888
10.96,666.516
8.914,128.17523
0.21700000000000003,191.5204
0.127,494.68808
69.75,17.23024
10.026,61.434574
300.617,347.93924
1310.78,344.44635
7.793000000000001,91.73031
1.11,80.272255
39.127,65.836754
80.83,111.2681
0.03,23.556978
390.39,56.11871
19.83,44.670616
13.079999999999998,29.472551
1030.896,612.4822
8.96,153.00653
12.267,103.0303
10.11,91.88647
0.127,55.242474
10.604,739.55505
18.823,184.68387
2269.696,296.65762
9.447,688.4251
19.583,43.654312
180.49,763.8156
9.166,79.87353
90.437,1242.9534
51.957,259.71283
19.884,94.83856
9.61,33.33682
1.613,10.477699
12.573,43.443447
899.7929999999999,856.0186
30.4,354.61957
9.114,103.56286
19.99,18.954443
0.847,257.69202
0.297,96.57866
9.05,103.68828
69.687,598.1441
0.09299999999999999,98.91948
110.60299999999998,825.77814
135.777,604.0689
100.67999999999999,3801.3381
0.267,122.38964
19.83,36.88834
10.04,45.888527
10.047,115.89576
1299.847,874.43146
70.334,451.6195
1759.23,295.3081
19.387,115.99552
31.3,13.73928
9.676,50.05478
19.873,152.53206
476.403,423.11737
588.497,165.1648
1.263,128.82478
20.06,59.451374
269.89,283.5404
12.260000000000002,137.06746
180.88,64.56687
9.997,23.682688
39.856,376.19888
18.774,42.165916
123.744,299.20493
9.02,19.866816
29.167,113.6208
580.277,749.3091
0.513,85.154465
1922.863,653.99475
159.867,2426.8374
0.049999999999999996,21.275606
400.067,312.59604
0.06,71.88069
10.15,53.537086
18.693,361.42175
10.217,127.47211
1229.907,343.03882
169.496,312.64462
199.763,603.521
19.133,410.60834
31.606,790.5767
0.516,159.92503
220.30700000000002,1034.1542
16.01,206.46805
13.487,528.7793
179.83,64.06476
59.943,739.2764
35.483,298.62878
0.033,96.68778
229.84599999999998,245.54181
1.32,43.040226
9.063,62.1047
60.01,312.19522
110.46299999999998,186.63742
70.16,531.32513
70.017,410.51343
9.95,62.049866
258.23,684.521
60.72,422.3426
70.323,425.18478
10.147,41.964214
69.52,273.07962
300.08,702.86816
7.96,138.11359
0.28,223.50423
0.517,117.92879
19.873,145.36433
20.617,77.698654
639.757,411.62003
40.1,86.33658
20.91,152.12482
277.143,110.40268
0.04700000000000001,97.62577
587.43,1183.9475
29.813,190.9674
88.19,49.045906
20.2,100.005554
0.017,114.248634
80.7,7.3332324
11.337,73.174255
19.47,371.33383
11.203,57.089348
10.817,84.11427
34.013,192.84471
56.73,528.77496
9.863,41.79251
17.914,257.83282
479.683,212.4438
0.25,101.83718
0.064,54.29467
19.06,191.74242
21.933,85.70452
10.364,140.39008
848.3559999999999,849.29956
1351.323,1495.7725
230.017,1282.6494
251.213,134.5497
9.473,41.795464
40.09,353.04315
147.58,372.65588
9.673,796.83954
19.88,40.24453
1.313,57.517925
219.867,338.4531
39.997,62.264957
10.19,403.45325
10.196,33.21473
7.333,51.909466
9.823,69.82852
66.79,92.85256
19.61,34.329456
0.143,80.26232
41.187,389.1618
60.553,152.85478
218.46,440.14954
0.406,27.167717
10.166,105.47388
59.23700000000001,550.6206
0.406,54.670074
20.303,123.50724
49.93,89.70001
11.986,227.318
97.07,100.812035
2.283,79.66919
11096.31,2949.9795
10.993,58.83069
210.597,288.7534
142.574,123.56017
24.623,15.939532
1202.286,452.9301
0.017,113.5861
28.817,582.843
59.057,205.05153
289.923,1277.2291
19.523,227.64459
1107.093,709.73114
20.75,88.2724
20.943,45.82793
9.507,56.3323
27.343,83.2399
42.45,366.02515
251.28,95.59361
10.47,127.161674
20.753,324.5346
21.274,46.88156
2682.257,577.8785
9.596,24.455011
80.46,541.995
79.99,274.52527
18.713,141.14992
378.673,589.0096
670.51,984.23816
19.44,441.0085
29.310000000000002,38.514175
0.06,15.833922
15.853000000000002,287.87897
240.003,1499.6785
2.467,31.12197
4.203,87.73449
34.11,178.7078
59.807,322.06354
559.353,389.2512
10.103,857.5457
0.343,44.593433
9.987,105.9571
229.88,551.89825
70.146,111.56771
3935.407,346.08884
19.253,57.78122
561.127,330.07596
592.91,194.53703
9.633,40.67734
0.14,71.247574
460.1,1096.0707
20.29,40.003017
72.17,143.26263
10.11,42.690376
1620.463,2232.7034
0.267,348.06677
30.613,133.52519
229.887,703.9757
20.217,183.73595
270.223,289.28107
28.5,325.23456
11.09,56.015064
772.23,292.24863
49.0,67.56413
0.7999999999999999,483.0849
920.9499999999999,929.069
20.69,91.47551
93.72999999999999,149.63809
0.107,132.76083
0.547,329.32513
0.873,52.261974
59.95,312.7565
58.247,660.061
8.14,107.95831
78.357,641.60675
19.763,48.13827
7.917,54.98715
32.06,37.920116
4337.24,775.1868
18.677,134.83649
1632.22,480.32208
19.173,381.86447
109.877,295.2281
0.627,84.719795
321.234,970.1459
0.48399999999999993,81.19387
9.694,121.89901
49.56,52.604008
19.213,102.45513
170.85,173.1552
7.79,65.40876
9.21,102.504196
0.11,21.275606
0.03,194.88728
40.1,97.98897
0.567,153.17026
490.22,2381.1157
178.913,332.575
20.16,438.64154
0.27,80.23771
38.967,60.52473
8.97,1325.3013
1184.054,640.4655
149.786,1028.3016
19.914,727.7314
0.953,316.88745
8.62,27.342533
42.513,430.1076
10.594,55.063614
11.203,40.47949
20.667,274.0925
40.047,9.272993
30.027,471.0683
148.827,204.18776
109.86,220.00908
0.733,130.8069
0.614,54.04619
79.677,245.06294
22.163,344.16458
89.37,534.0428
11.787000000000003,431.49722
1.814,10.66629
8.463,100.75956
0.33,52.80076
4.42,183.69682
11.7,55.7539
0.58,93.5981
20.407,770.8662
80.27,69.39279
562.333,236.92299
6.53,75.88957
20.363,62.996906
580.86,302.26163
59.516999999999996,392.27844
30.180000000000003,290.1424
635.926,146.41104
71.557,451.22318
102.003,29.65854
159.66,1429.1285
319.04,842.8245
739.127,417.48364
167.793,107.41124
9.047,32.64898
10.937,134.59949
29.057,13.836571
761.257,723.71545
19.956,466.00885
30.2,54.405106
29.963,246.67252
9.88,173.41138
170.287,318.54773
20.81,41.746944
59.933,281.71237
59.51299999999999,291.62708
9.776,85.37316
101.28,626.1193
160.25,127.11858
30.173,191.54973
10.133,87.18295
20.13,254.36221
30.594,277.3668
410.027,306.21902
10.8,69.55368
229.93000000000004,341.08368
150.413,170.31421
27.72,163.06993
9.296,29.472551
19.103,146.927
369.13999999999993,604.30524
17.807,77.004036
100.08700000000002,320.2442
19.72,45.797142
0.344,40.027992
129.21,509.99707
549.4,72.860245
10.077,422.39886
59.713,165.13303
19.22,14.5146675
70.837,468.00946
1.956,102.504196
30.254,140.30295
38.187,114.59261
19.38,14.120291
37.94,905.8722
139.84,202.62894
760.296,525.66095
48.31,200.3596
20.217,59.002792
3878.73,185.20003
10.527,79.23765
49.040000000000006,415.7945
49.49,55.19726
10.656,26.230167
79.637,368.13104
8.624,213.7454
0.08,161.73444
19.147,312.6472
10.04,75.24561
49.764,834.3997
440.777,278.0453
12.157,160.40942
8.74,463.15768
141.154,46.00684
1978.6300000000003,375.83057
66.96,639.12885
39.393,162.7388
439.14,512.3712
3690.8,392.48325
99.69700000000002,97.01956
9.64,183.59401
189.313,225.89325
249.98699999999997,307.0273
202.143,512.7657
340.32,552.5668
12.133,104.54274
0.406,413.5876
19.977,298.3348
119.633,10.250887
400.136,356.3459
2289.074,263.50092
0.203,44.919212
10.366,596.8074
19.436,279.96878
18.96,13.917047
58.10999999999999,355.71024
1695.4460000000001,560.15247
0.9870000000000001,50.777008
80.09,144.41394
110.92999999999999,99.28683
8.943,82.78939
71.127,796.90924
11.567000000000002,80.222565
0.173,21.275606
49.90400000000001,60.68199
19.837,164.58032
0.046,17.961645
530.03,168.8076
101.053,304.25195
258.513,240.58354
100.11399999999999,410.72433
149.65,284.9935
0.126,55.082394
18.73,387.37286
1.28,413.1118
0.06,45.376907
20.137,105.30155
0.687,88.35285
10.953,55.975296
9.673,48.46944
1090.86,354.72562
340.627,514.95044
0.174,82.92502
13.056,74.90479
312.51,355.69748
6.3999999999999995,696.82434
0.11,137.05652
9.604,504.05722
18.94,49.27678
10.567,80.428085
100.95400000000001,91.238945
0.58,396.0227
0.723,96.348785
1521.166,172.81398
10.55,20.467562
439.54,667.30273
10.123,212.32106
12.023000000000001,160.32071
39.393,1370.8589
20.073,194.16844
7.469999999999999,103.33845
30.063,300.57755
9.877,20.968248
7450.23,991.5777
670.067,165.06267
30.316,179.12823
8.2,383.52576
640.894,345.37067
60.51299999999999,316.39624
60.15,133.76627
1.157,89.812485
60.754,504.61868
0.7859999999999999,81.215515
10.58,239.45807
16.927,22.570757
575.15,335.9222
58.98,238.99573
17.333,47.63644
41.847,408.108
87.39,368.34882
0.43699999999999994,52.14963
66.526,293.2528
1.19,18.954443
10.45,879.1778
49.89,321.52274
40.296,421.35687
48.926,201.66545
8.887,9.996335
50.09400000000001,556.3573
0.61,22.660412
0.406,105.70545
60.45000000000001,58.601143
4.17,39.6125
30.657,2.4542902
10.196,42.851345
10.213,113.78986
0.94,65.08319
19.4,71.91793
17.99,51.351387
9.614,163.21513
28.880000000000003,31.12197
550.717,152.00333
39.97,210.71422
20.01,108.0212
3669.604,4818.2017
59.067,3632.5896
51.952999999999996,70.64166
0.467,15.791868
9.083,34.83718
7058.312999999999,2274.1306
46.25000000000001,143.94673
10.447,793.1217
1.266,56.441483
9.91,98.008095
242.367,165.87433
179.886,411.24707
258.893,468.96567
30.214000000000002,18.769936
0.267,65.690025
419.503,1225.3352
79.884,375.72266
0.7830000000000001,15.348231
4981.66,408.25653
64.727,326.4653
62.45000000000001,2.4730692
389.99,704.0971
0.233,184.30544
40.057,54.601223
372.49,293.21573
91.19,106.90923
0.407,85.802444
8.787,101.83718
359.85,622.8326
69.314,177.05176
881.403,287.4105
28.946,253.93938
21.853,411.0709
0.453,95.33931
0.737,56.33922
19.766,178.93503
0.767,158.63504
0.046,104.49174
0.077,59.01107
9.277,112.004005
0.28,15.960737
31.97,46.099216
17.8,63.18435
289.966,408.92203
9.127,67.684555
1555.473,844.6792
20.883,415.9653
39.4,366.50647
80.963,108.58991
1.207,653.32544
18.817,361.2925
9.84,46.784847
71.49,53.566895
0.46,65.28073
19.66,388.44092
79.767,288.48108
140.253,153.00653
60.014,168.839
18.543,115.94863
18.443,50.285263
0.04700000000000001,55.966145
9.73,109.636215
40.537,67.81078
0.153,296.9778
18.746,99.70395
70.143,142.06888
9.63,902.9611
299.603,475.86407
939.9770000000001,1878.7095
216.3,1210.0328
69.83,2.466131
999.37,882.5006
0.08,10.322584
177.793,301.8154
0.453,101.83718
21.08,103.090454
230.523,850.7549
19.947,94.029465
100.39999999999999,420.94516
2575.95,676.6223
0.063,102.690956
9.927,92.86154
9.914,195.60892
26.534,113.113846
39.217,157.515
1069.887,355.0062
349.183,319.03238
1280.453,1447.1702
19.607,363.02023
109.577,9.305907
20.223,49.208538
19.077,126.83773
8.947,56.83922
1073.773,1073.7284
39.183,9.405387
475.15600000000006,1282.666
32.126,915.6259
9.92,274.85324
199.22,72.22273
0.03,187.9714
39.744,91.14372
9.576,101.291565
9.37,104.54274
9.754,160.5241
18.717,30.900778
30.104,283.00174
100.027,622.31036
178.973,284.03424
649.777,283.28784
657.92,211.47003
589.88,106.892296
29.959999999999997,206.90218
69.856,169.25363
59.99300000000001,828.14154
249.894,2869.1794
219.46300000000002,274.76285
79.85,2137.436
11.333,40.959843
150.133,875.3757
29.98,122.57247
199.153,712.8558
499.097,1301.0394
33.863,35.22268
0.04700000000000001,97.22731
789.56,360.9602
1929.7529999999997,359.1175
52.636,156.08289
130.297,72.14847
9.484,92.617355
349.123,189.77518
165.85,175.75093
25.683,182.2529
81.037,314.46625
19.787,856.0186
6988.224,39.67736
289.96,176.02849
40.163,259.61398
91.4,371.901
7.93,44.13783
20.813,32.831215
129.84,1256.0818
8.27,90.669464
3.74,86.82283
0.11,70.027115
450.857,327.68768
10.04,208.9166
70.867,841.63794
0.03,98.246864
10.9,109.9251
0.61,45.82793
31.307,161.81262
516.103,685.00684
12.93,27.13288
310.014,287.28986
19.267,138.5342
601.486,1667.1147
9.644,161.73444
30.036999999999995,316.7365
1649.9730000000002,523.3969
180.774,176.53177
18538.737,451.12646
50.283,327.48013
300.793,714.71643
17.936,81.98735
29.224000000000004,20.866789
2691.167,352.5178
39.91,237.10422
80.063,272.26572
11.44,36.58743
490.417,273.04764
18.84,103.89009
20.02,320.3886
61.433,83.04147
9.327,196.25844
20.233,24.131233
32.14,166.68384
121.047,461.17737
19.023,73.11074
1.8729999999999998,25.706102
0.42000000000000004,71.88293
0.407,126.73932
9.03,59.528225
0.21700000000000003,197.75987
20.043,614.4177
21.203,133.12721
9.377,38.754864
20.0,512.0661
996.506,461.27844
53.117,196.46744
9.724,404.62155
365.274,870.26666
999.22,520.22235
8.133,218.15833
53.776,291.139
39.893,546.04297
18.837,164.32378
18.704,50.12609
20.064,85.7057
60.103,105.437706
9.124,66.11238
0.7800000000000001,85.81159
89.13,318.00723
561.9,710.27423
20.87,134.8742
430.077,97.48938
0.25,40.74775
49.896,287.1028
50.24,120.97372
20.24,296.4727
9.95,79.08895
10.127,65.37716
141.514,250.17792
160.296,458.53235
29.94,554.40186
30.73,229.59512
40.113,782.67633
20.013,514.95044
32.193,77.262024
21.11,457.3218
160.95,286.53082
105.44,1268.5266
639.477,244.90825
9.137,54.473114
279.25,338.80722
0.377,8.577391
19.713,42.317253
441.94,1072.3556
30.404,311.077
10.186,49.984257
59.480000000000004,690.7554
37.033,178.96306
288.94,852.9418
0.39000000000000007,105.60744
99.233,85.21885
200.63999999999996,165.80334
10.693,40.03404
9.093,94.511314
1.187,48.863186
17.9,73.174255
19.894,104.165115
10.187,738.9424
0.033,46.830517
39.144,296.29562
0.063,122.89323
8.09,161.73444
440.07400000000007,871.448
0.553,72.211205
349.71,191.62033
1.38,71.559555
0.263,20.976656
20.393,1271.0768
70.19,801.9228
20.94,15.4800205
50.627,400.42783
20.847,157.56458
9.137,83.91761
38.7,519.72394
9.903,110.83508
1.046,88.096344
1607.94,2174.2725
9.443,40.003017
1389.18,580.5464
319.584,1909.6638
90.85,27.203928
0.267,51.172016
171.75,1276.3242
89.67,2260.2822
50.75,752.21106
0.077,302.35263
0.5,53.795494
61.207,13.796513
138.994,179.12823
235.563,1203.493
339.7,42.28158
149.943,903.28064
20.197,57.63275
19.887,94.48509
360.05,97.390976
19.593,181.00114
0.03,67.13896
11.066,10.649015
20.41,66.74384
69.066,606.3456
20.213,132.59587
19.82,797.49835
20.087,96.68778
38.873,422.035
0.53,100.230415
11.086,146.53456
109.93999999999998,1038.0276
3441.523,1219.7917
9.9,99.64595
1931.477,950.2941
20.173,2643.4888
18.97,86.98651
399.33399999999995,331.75836
9.3,161.65623
10.037,203.22896
91.637,46.38054
858.617,697.6411
111.52400000000002,71.20207
7.670000000000001,102.21762
99.893,103.22549
40.757,453.4403
16.636,103.16587
4.833,59.978672
29.647,790.7733
410.69999999999993,574.2573
29.41,436.0927
8.017,38.25182
97.37,299.1692
19.357,413.5876
7.954,52.409645
1527.3,1082.4976
11.044,39.37206
21.933,154.4856
66.047,126.96959
8.646,85.4838
0.373,389.28137
59.620000000000005,286.36157
0.016,949.2898
12.687,193.67938
178.7,192.28598
0.343,80.272255
623.686,691.6755
19.06,340.287
130.627,434.73648
9.923,70.152954
9.39,65.983894
10.327,155.63261
69.666,576.20886
759.2229999999998,115.2239
259.127,291.00635
481.25699999999995,52.7113
99.76400000000001,287.01846
1748.68,559.0529
19.953,615.482
8.147,50.45052
9.736,52.165928
1.773,176.67186
8.467,333.54712
18.22,54.687786
0.016,10.597329
0.127,266.39856
1088.457,149.9026
80.143,298.88953
199.963,280.71954
20.74,55.316113
290.07,318.14517
40.96,67.77041
51.197,258.8299
570.824,339.489
510.494,515.4281
11.077,71.52007
19.63,115.39211
43.85,611.9735
8.99,82.7658
10.28,202.12181
746.9260000000002,133.16191
11.437,15.854986
19.777,99.27347
0.063,106.44258
55.32300000000001,101.74643
28.436,430.96625
19.486,10.3762455
8.89,9.883498
165.917,352.8053
97.41300000000001,110.35533
68.4,146.80617
0.8769999999999999,15.377437
1909.863,1151.4435
111.16999999999999,497.74777
0.263,57.93775
18.714,41.746944
29.442999999999998,124.905716
950.42,120.35404
130.56,186.3201
31.28,129.55617
0.407,44.160603
4130.38,1523.153
69.927,60.149723
399.797,261.90826
21.023,131.51358
28.442999999999998,53.969284
1.08,111.08872
10.807,266.88232
9.883,91.88651
16.14,82.30954
18.89,78.73516
0.967,40.519623
19.49,47.94929
0.72,15.403392
0.787,44.32021
920.0739999999998,378.51596
139.547,753.88226
19.127,194.09586
9.547,307.09042
130.256,41.101818
70.453,299.91595
119.994,256.70288
2931.283,2213.1833
360.88,820.77045
0.063,69.55365
11.197,34.329723
0.21700000000000003,55.050426
9.104,33.623844
51.163000000000004,95.97759
20.473,323.26633
59.723,230.25784
1280.797,577.55225
19.01,76.589165
0.374,309.81827
659.19,238.81541
10.194,469.13504
3.137,207.54745
0.8599999999999999,166.4044
261.257,360.93237
10.394,89.8045
809.867,315.89297
980.06,186.5751
129.036,108.83423
11.707,94.511314
102.43,360.086
20.907,596.3035
41.717,2.4493685
460.423,291.80112
29.973,80.837166
819.904,1154.495
17.424,124.741714
38.817,9.672515
10.017,51.441425
30.002999999999997,189.4427
0.296,52.268642
11.363,95.13324
39.75,247.10062
29.927,135.0185
30.377,43.953495
1841.167,594.0151
46.24,354.175
9.153,330.13742
11.266,23.786623
59.093,107.99731
1429.536,280.82202
28.966999999999995,114.09181
149.887,147.03215
49.363,328.7693
9.944,270.31845
22.0,14.535731
8.503,159.40408
89.827,6.800974
11.403,44.919212
19.95,63.14167
778.7430000000002,281.95963
23.950000000000003,99.13195
89.693,119.68375
89.183,1340.8213
569.9,330.4585
19.14,63.93443
1331.167,142.3723
10.057,27.51851
20.27,293.2854
0.92,55.66714
9.24,55.228355
50.296,304.2253
19.917,346.1616
0.36,63.55775
20.92,317.46835
659.903,842.9551
19.646,65.48976
30.819999999999997,89.5177
3.737,84.31142
79.164,739.3232
225.51400000000004,905.4302
0.567,200.41919
51.303000000000004,56.365417
30.163000000000004,79.463974
50.184,369.20715
19.587,65.784615
9.327,96.81941
219.94599999999997,523.539
12.293,19.93269
7.1129999999999995,454.49194
250.55700000000002,266.11713
48.017,34.078735
21.107,127.41391
159.823,44.050507
310.517,195.47829
221.097,2288.243
172.45,51.460785
129.503,139.66878
1029.724,262.19968
2070.373,285.39474
117.90700000000001,307.59854
761.33,306.34985
4320.307,494.19473
13.723,319.02615
332.1,398.38126
8.737,35.35214
59.89999999999999,391.6653
139.997,1201.9792
40.08,484.65927
629.063,1355.6051
9.293,142.60017
11.674,55.602383
10.073,315.03467
9.593,577.7862
0.343,24.370544
9.487,797.2791
9.533,16.024544
30.019999999999996,298.4172
19.58,218.47139
0.012999999999999998,61.467873
19.66,42.939034
19.834,382.35367
530.72,170.7277
80.89,158.86621
0.157,44.160603
2141.01,1260.0911
38.99,82.63619
19.314,72.199326
23.520000000000003,155.07121
18.767,67.29016
30.217,1224.3789
9.86,471.3908
29.693,1788.8756
190.21,558.3945
19.91,313.02942
556.99,358.93942
49.776,101.4401
1661.4330000000002,792.41266
8.747,302.7072
1.83,158.63586
129.68,321.03424
19.753,85.477905
9.61,102.758736
30.387,49.11437
60.037,599.7124
10.873,15.45946
0.593,47.695152
121.96,564.86127
9.587,198.15521
168.807,325.94818
8.907,15.377437
9.447,65.690025
76.433,143.59236
53.073,147.41284
60.4,321.4658
0.597,222.94315
1330.027,710.3044
9.11,30.20668
9.354,367.31253
178.36,230.99953
9.62,99.18035
32.94,778.80505
0.453,114.879906
324.18,378.3629
20.13,51.25049
12.68,455.97467
58.14,423.1526
250.043,180.42303
17.267,52.41738
110.487,71.89405
10.697,281.81934
0.14,56.099
9.777,135.71765
250.71600000000004,1283.2295
1.484,9.724503
99.72,353.84848
18.73,115.99552
380.957,122.90607
651.663,42.00038
2130.213,2220.1245
10.06,58.229637
20.743,187.99147
20.163,128.38007
20.58,188.86046
8.804,39.82446
20.157,244.93729
149.217,1196.1045
0.077,21.275606
20.08,148.41415
9.157,56.189796
20.543,44.797882
50.27300000000001,497.81503
319.957,299.60223
19.394,498.67346
0.7999999999999999,15.770888
109.537,278.1753
179.577,439.16077
502.857,2959.552
39.483,221.87184
10.534,54.846687
399.96700000000004,181.20287
1769.957,3034.7195
130.573,2292.429
122.224,455.2871
1200.45,353.2395
49.092999999999996,246.09636
18.903,201.31107
780.4770000000001,205.43202
382.016,353.05148
129.2,86.46496
2543.717,2643.8848
39.24,103.91802
20.867,140.49704
10.443,9.992256
199.854,296.5439
9.993,318.60715
28.767000000000003,89.3648
39.983,179.1437
9.923,496.53943
131.084,269.50027
1.19,54.318546
39.876,97.549904
9.2,60.629128
196.047,306.71213
62.16,355.34003
189.89,316.8617
259.777,1121.6864
0.23699999999999996,40.886635
90.35,218.09752
0.127,45.460617
0.063,21.69245
16.187,55.24093
18.59,38.289364
401.22,155.22702
21.34,283.87143
92.957,235.63213
9.433,391.3762
804.4139999999999,1020.02704
9.0,44.630306
91.05999999999999,218.33844
8.86,15.348231
2520.07,789.2536
9.443,75.14215
17.66,247.41354
8.463,37.981216
500.02,311.65314
30.376,247.19266
9.633,292.7666
7.327,14.451662
91.524,81.012726
8.303,189.33829
39.753,437.6578
79.667,747.6084
689.966,381.77438
35.947,403.4876
159.913,160.36292
419.886,220.23886
2859.51,26.923553
11.406,161.26576
10.68,90.89932
20.376,415.27435
19.256,164.83827
9.987,45.845352
1.44,82.64304
60.30299999999999,341.1794
1333.333,299.357
749.9900000000001,117.81509
20.576,54.85873
29.627000000000002,580.2973
60.193,139.02625
10.467,58.77139
10.55,48.5035
28.019999999999996,273.7436
1011.073,1504.7391
180.05,17.399622
45.113,168.95078
0.077,47.675304
430.104,203.357
21.25,98.14127
109.18000000000002,356.9776
90.153,619.2979
9.75,22.152838
2639.076,361.55585
1129.903,296.02942
351.19,173.10068
60.413,838.03973
19.757,265.3995
21.0,65.24083
0.8599999999999999,61.057716
20.466,322.01154
19.943,40.08522
328.506,160.7809
0.8939999999999999,56.147427
29.85,815.5609
69.743,388.67648
0.297,102.88
50.58,60.318424
10.813,138.86838
0.674,57.01099
70.393,294.3393
50.89699999999999,420.83698
210.12300000000002,291.362
9.713,27.20261
569.94,1125.2283
1069.513,99.40675
10.626,48.20325
49.96699999999999,109.733505
0.034,64.5036
51.02,137.93509
21.01,145.36351
111.76700000000001,797.4185
2122.056,278.4963
130.124,655.22363
183.07,1041.4768
298.9,675.8599
1.28,93.78815
274.76,60.21347
40.16,664.7836
0.69,22.550755
0.19,121.34759
61.703,143.73619
11.903,59.18257
0.25,26.290577
118.293,95.102325
49.84,166.28261
79.76,223.37805
39.936,1031.2504
959.6730000000001,647.325
80.124,497.2889
18.197,389.02454
20.083,385.94012
1.017,263.10294
0.17,23.329578
10.934,151.71844
8.887,64.47569
130.114,89.24179
0.21700000000000003,114.64158
0.813,78.73516
779.173,332.8636
10.146,49.64337
810.3100000000001,860.7435
149.573,15009.09
21.184,64.610085
21.046,50.095802
199.986,442.88757
0.017,15.854986
81.787,78.49288
70.197,392.20633
179.393,117.26352
12.690000000000001,54.143635
939.7459999999999,241.4922
20.467,123.65294
211.37999999999997,41.864773
10.754,87.63959
29.723000000000003,299.09122
19.8,707.1059
0.563,76.87075
9.087,80.272255
12.233,48.165916
1109.726,364.9657
0.42299999999999993,48.436024
1639.9099999999999,355.2512
9.877,45.93571
82.414,135.17746
9.72,51.049248
20.37,53.8171
349.39,300.2406
11.53,105.371704
0.8599999999999999,84.19175
39.5,215.92743
0.64,83.00171
77.534,2353.7544
40.05,315.26163
0.983,44.32021
1103.873,557.3522
100.383,326.93726
9.226,167.05931
39.81,168.31013
20.243,160.89708
9.22,59.45795
100.77,48.194096
9.956,196.69606
0.563,20.968248
0.33,77.37406
28.966,111.931046
39.14,84.955124
0.43699999999999994,275.86273
410.033,180.63182
18.32,452.82538
0.41,164.13142
649.26,218.96217
339.527,1028.392
30.44,88.489456
7.75,20.565336
9.156,42.300343
59.989999999999995,58.94006
259.677,93.28617
24289.926,292.3047
49.937,279.05838
0.8459999999999999,51.472973
150.97,275.76712
0.063,40.08522
60.013,436.2941
2559.88,2665.8994
49.887,703.1692
60.43000000000001,1124.89
341.8,1290.2488
80.763,340.8396
49.963,266.032
42.37,394.96808
0.077,47.053814
0.326,44.62667
940.234,595.64954
30.867,385.77734
578.454,162.31386
7.82,102.504196
160.16,414.64514
18.047,52.587833
1763.777,599.39154
11.233,460.57684
101.153,157.67131
38.857,141.5271
3075.9870000000005,1191.3315
8.987,343.90732
39.037,19.6626
59.867000000000004,311.0163
9.276,72.0398
0.327,26.320839
22.94,90.02392
39.86,216.98332
449.603,133.58005
9.247,73.813896
0.69,40.829174
20.827,391.99997
167.95,349.67142
9.09,397.6876
9.567,14.018306
252.3,304.6967
38.656,115.86714
27409.877,1087.583
422.843,104.791214
9.73,187.47667
127.78,198.92339
11.550000000000002,75.71397
349.33,167.6353
10.03,411.07587
69.487,121.37112
669.74,1184.5773
120.96300000000001,510.2449
107.69299999999998,1621.5999
159.63,326.14267
771.203,444.75082
150.366,282.53082
19.517,75.14215
9.967,101.0303
0.09299999999999999,413.62262
19.63,72.74122
20.134,82.3248
0.03,23.104336
394.83399999999995,346.0898
16.34,605.73975
59.643,1021.232
519.72,465.34058
450.26,258.08505
969.5629999999999,706.1054
219.86,58.3411
80.003,95.77356
0.3,713.9434
11.286,80.07835
3030.7,332.10123
130.09,600.78436
170.443,1949.1506
0.924,65.53016
20.257,83.32512
19.147,486.51776
79.853,429.2785
178.41,111.39934
62.526,737.69165
439.40700000000004,187.82368
9.507,48.436024
10.907,124.195496
2301.54,1567.4678
0.8599999999999999,49.8038
148.99,213.46223
38.71,233.29437
58.602999999999994,739.40204
0.08,57.428417
249.43699999999998,450.90076
0.077,73.325775
8.524,104.54274
8.62,1063.873
11.453,50.450546
1960.223,1947.1509
0.39299999999999996,48.923542
28.997,488.0677
510.213,176.65761
450.287,115.01888
8.803,148.90482
0.954,266.39856
17.933,30.506071
199.024,381.34833
48.993,287.18762
70.796,35.48566
0.9870000000000001,67.380974
21.054,431.8504
120.61600000000001,87.851036
37.34,74.47134
12.663,107.63443
273.096,311.2982
150.97,9.153271
0.813,52.41738
150.51,22.82848
87.68,110.996826
19.697,62.964638
369.29600000000005,442.6358
0.44,2528.2202
8.027,56.277386
60.317,396.59586
0.547,15.918365
8.79,70.50529
10.65,65.7546
19.957,50.153378
9.97,132.54967
8.023,47.123615
839.167,1564.4973
0.614,27.914919
9.61,61.38666
0.343,52.064125
11.216,53.071404
38.91,89.6337
617.306,286.11615
10.057,87.93402
19.874,92.34263
9.366,184.91614
0.11,27.87384
19.91,158.48111
0.28,100.75956
9.093,106.93014
19.353,42.77466
2460.937,1018.7996
9.57,290.15408
8.34,103.44762
42.183,50.411602
29.844,688.7576
21.787,431.49722
50.487,362.6769
59.873,100.27898
18.62,37.465137
19.87,331.35068
29.647,324.8176
1799.63,631.547
19.273,424.03842
1.047,367.43683
16.837,65.351364
289.503,30.907787
19.977,302.2286
18.756,417.2503
19.66,528.27124
28.83,87.120544
9.433,32.849865
0.377,197.05988
39.097,430.68652
20.753,157.48845
0.644,65.53016
9.16,384.49802
309.107,100.67664
179.666,459.88998
10.927,51.472973
18.636,469.64917
339.767,494.99557
69.894,445.56525
7.673,112.26458
59.93599999999999,436.6741
8.303,183.01495
491.187,197.12134
310.84,283.84885
20.373,66.086075
8.846,99.18035
12.03,14.347286
49.75,302.35263
19.12,47.989708
10.073,47.41345
211.65999999999997,211.04779
6.803,44.862564
8.207,44.24256
6.6499999999999995,54.318546
121.334,179.16185
238.5,117.08162
4221.444,671.8541
9.087,105.60744
0.21700000000000003,52.16598
89.02,129.8159
19.66,900.54694
19.273,202.57196
1.107,50.59724
20.043,42.85155
10.097,55.435165
0.523,46.281193
0.266,51.48082
200.347,235.50436
10.236,138.86989
1451.137,337.24692
9.29,177.70671
449.66299999999995,244.85962
18.59,99.52252
39.573,186.9247
99.603,141.71368
9.72,187.6299
9.603,83.6419
9.857,411.34976
0.19,95.59076
8.25,30.355984
0.28,82.78939
0.97,80.28377
19.18,93.3519
1122.044,562.9325
0.17,44.593433
21.053,177.82393
19.01,58.77139
152.216,362.5664
119.80300000000001,877.436
1011.1,694.1013
10.224,15.791868
1539.664,604.2102
1.42,158.60693
0.156,47.604656
10.146,513.159
5.177,194.57262
9.73,54.670074
0.453,125.48001
59.83700000000001,671.5195
4.906,25.761166
0.327,50.62089
38.177,122.846115
2.943,102.08751
20.217,47.46486
110.32699999999998,275.62183
140.997,456.62854
4721.617,314.92966
899.697,316.7883
49.986999999999995,131.90007
42.056,291.43658
107.93999999999998,445.503
3.52,72.5194
11.767,27.660084
10.09,26.169882
1.61,118.782646
8.063,45.886387
20.063,214.8101
915.86,63.123558
0.23699999999999996,54.14361
9.427,725.9903
159.467,1301.7899
1.123,53.27505
19.166,593.8706
0.534,54.687786
20.493,461.7621
520.403,962.9784
69.904,531.1428
0.7999999999999999,110.79669
11.064,44.844025
368.9,103.05443
467.33,1961.027
3410.103,2399.632
9.22,54.152554
20.25,210.5392
40.34,286.8792
18.48,53.622562
412.477,403.25882
259.856,261.4212
1100.977,614.90704
9.587,38.585144
20.07,95.59076
2857.247,1332.5524
22.013,322.06354
0.7630000000000001,464.0135
1657.08,761.13715
79.59,276.4358
18.317,494.60754
20.683,119.50888
14.564,77.650696
23318.74,61.248318
1498.813,1463.769
1400.0,574.632
10.393,55.321484
18.733,37.053127
130.51,593.13763
12.044,56.09902
20.353,15.336592
20.517,410.2351
18.927,83.708885
29.737,138.65471
410.603,944.2301
19.88,71.80114
2430.07,372.08395
281.18,122.47773
3.873,137.4875
13.71,159.92503
69.95,119.96123
34.357,158.96912
0.72,107.330795
0.25,50.941067
289.46,1511.2017
33.207,150.11093
339.704,180.41353
9.086,56.45014
79.437,971.6835
58.907,466.90198
99.987,285.00497
33.834,515.36566
9.984,614.1044
31.737,295.91904
40.22,165.60272
430.13,181.92511
2737.773,1143.1106
10.453,20.19838
19.914,374.2052
250.42300000000003,465.43903
210.377,338.1834
19.99,188.66588
0.173,224.47592
9.143,188.47437
20.173,89.96623
10.993,25.01603
40.16,44.670017
20.123,85.79359
1180.204,1303.0802
0.92,108.83423
20.686,161.85423
3372.1130000000003,1100.4875
21.816,164.7216
0.687,204.8359
19.657,44.87306
6.173,502.46277
0.577,70.46398
0.063,65.690025
9.654,78.72692
10.277,24.588243
700.82,388.1076
48.89,466.794
429.763,1381.0565
0.903,49.899727
0.296,86.1067
18.366,76.57991
32.977,42.522793
12.683,56.017254
1529.3,1113.1752
0.04700000000000001,56.474213
9.837,86.713646
0.567,53.262512
0.03,38.456486
990.04,124.676186
3144.526,664.62836
40.14,163.6913
227.31299999999996,519.33765
0.16,94.26957
840.1,365.73242
89.99,331.1053
0.03,39.978912
29.57,188.5117
0.0,115.72702
513.897,268.40323
19.88,401.05887
0.943,36.288963
2150.087,629.67267
9.033,66.94767
1150.8,418.24036
0.04700000000000001,197.75987
9.257,100.022545
2316.217,819.35187
1300.73,338.64386
239.52,353.82938
69.906,17.146187
20.043,316.66333
59.813,1163.497
9.317,44.740746
18.917,74.07277
49.93299999999999,1186.9008
6.276999999999999,59.9787
190.094,390.04218
29.663000000000004,108.16075
449.53,377.8234
40.21,79.742874
71.333,50.649136
10.0,114.39731
0.033,96.0955
10.827,50.686947
10.556,47.238373
25.153,578.0832
20.27,367.1109
0.106,15.854986
1.673,755.8593
19.38,115.39211
0.156,104.81837
1518.77,513.88214
470.197,274.78632
0.11,89.812485
19.673,324.6002
331.07,373.52557
19.257,79.23765
20.054,45.900578
0.21700000000000003,70.776405
89.993,297.5188
960.073,323.39737
139.31,265.6193
171.45,1124.1443
239.777,1263.77
110.18700000000001,211.78888
39.843,397.89148
10.093,325.94818
39.953,810.95325
20.11,140.45377
1724.16,1094.7546
2610.714,220.75708
10.973,56.439823
0.33,41.217045
250.68,114.77237
9.413,22.282616
70.157,419.36517
136.477,244.95279
20.06,82.23452
0.187,65.71934
101.867,283.19177
0.19,46.391884
20.43,15.654114
9.247,66.29844
10.85,76.27907
30.002999999999997,26.809717
19.603,53.939964
40.643,474.9592
63.93,654.40015
9.13,55.421387
264.926,259.30246
0.03,94.963844
107.12999999999998,686.8399
39.81,47.97917
297.26,344.7502
39.657,372.6848
9.453,22.178738
29.837000000000003,201.49596
28.062999999999995,80.29212
0.22,44.320442
80.627,499.23083
10.117,83.873276
10.273,411.90778
1059.93,648.13153
0.957,50.35105
41.527,120.03101
22.88,331.00418
9.59,52.691685
1.207,9.867481
18.783,121.61924
10.266,85.304146
329.473,307.3361
17.857,10.66629
229.90999999999997,583.8884
10.704,66.11238
10.96,904.901
1.584,52.41738
1570.0670000000002,1403.6761
8.716,198.88875
210.12599999999998,777.4228
2823.42,458.9718
1220.993,303.8174
2079.92,892.8885
21.5,23.981565
375.353,573.8774
49.970000000000006,796.6086
20.14,850.45325
1610.8000000000002,343.57965
0.14,68.40674
118.133,308.81775
9.98,47.266106
0.89,74.90479
110.114,500.5712
239.95700000000002,193.95242
259.154,205.02496
0.11,322.53955
9.217,56.18001
330.314,237.81949
1.17,23.902285
0.25,52.578064
523.74,470.6164
426.24700000000007,556.66833
98.94,572.8564
10.167,251.55344
10.083,199.30763
770.1129999999999,677.41156
179.944,292.605
200.21,68.62328
0.407,92.3767
51.297,249.06093
9.42,17.830366
0.5,137.00108
0.077,27.483232
28.896999999999995,191.47838
2.457,399.37067
0.5,47.228962
18.824,382.55594
1.143,84.719795
0.17,481.93936
173.936,139.64436
343.137,701.5842
4.57,46.093533
17.517,127.161674
520.03,666.78076
0.08,78.73509
10.54,364.74234
319.914,331.99716
0.297,470.86285
295.767,534.20197
1509.2730000000001,338.40985
19.144,50.437225
19.99,1136.2872
279.617,63.339703
230.42,399.37067
19.22,1624.0491
0.596,161.81262
1121.08,332.8262
9.167,27.51851
1174.063,962.51154
160.813,184.57356
10.107,19.807392
536.27,339.68274
338.513,792.361
50.776999999999994,671.8443
19.816,509.21863
3033.2999999999997,2028.7897
20.477,195.09308
238.39,138.01111
19.73,46.716705
419.944,259.5731
6.817000000000001,473.8884
19.856,55.370834
8.22,55.063564
999.7930000000001,250.59106
0.153,24.252638
290.23,603.3489
220.12,334.6819
0.046,40.933643
40.077,142.09393
480.014,143.72908
40.414,587.4795
9.03,89.837326
189.83999999999997,429.85303
20.187,9.110111
299.197,407.1966
1080.056,933.3023
9.437,76.92563
0.08,70.20491
9.556,43.63305
8.834,42.24492
21.64,797.21
101.05999999999999,288.3612
1411.644,466.79987
18.197,572.5818
19.41,321.26996
1.297,55.580566
69.47,436.24274
49.337,354.72562
19.283,85.87562
8.85,160.245
7.8,40.69645
0.127,98.14127
120.51300000000002,72.10732
32.64,294.26804
40.063,91.85971
220.26,98.752396
18.854,46.310246
9.307,126.15635
14.413,496.15326
10.833,38.0918
0.547,181.06906
99.864,818.2038
19.547,143.61671
11.393,21.275606
17.743,52.261974
8.61,78.66203
44.11,322.45035
242.11,4060.063
170.56,265.89532
19.706,112.6355
1.01,104.81837
0.89,452.58215
9.556,8.918406
1120.027,360.4127
20.827,52.578064
19.977,38.122986
821.0630000000001,426.98312
9.934,617.932
1747.03,351.93854
5.59,274.4045
19.74,49.006165
6.473,283.042
100.21699999999998,267.75378
11.403999999999998,56.50701
0.0,81.772934
9.306,27.87384
10.316,26.686657
10.063,435.67603
130.473,174.55478
20.633,214.87144
200.66,394.24786
14.856,174.07285
10.203,172.3036
213.54,203.03206
440.147,509.17422
22.54,704.9944
130.176,289.87943
19.55,63.276688
179.087,116.940926
28.880000000000003,40.47949
39.664,68.61142
29.79,334.6806
0.09299999999999999,21.587492
10.043,25.86906
79.757,61.585068
0.127,65.29975
38.397,204.83942
9.673,104.49174
11.592999999999998,113.19996
547.073,387.58936
80.25,177.52222
1280.264,107.5008
159.91,260.98276
130.927,419.4312
0.203,10.225898
660.033,262.72098
9.31,40.419174
100.06,171.72902
2.004,71.80114
90.197,562.9258
10.48,38.984833
9.7,348.0778
499.89,86.561485
0.0,15.897214
41.407,137.86562
0.923,57.632484
0.813,622.31036
0.18599999999999997,68.69451
9.95,91.556816
20.306,78.04526
10.173,126.95111
9.793,70.322136
1108.963,431.34555
0.067,294.02344
6.484,167.7819
105.93699999999998,2384.3794
11.25,80.2932
99.877,2789.7239
9.844,111.67509
320.58,1814.6127
349.403,351.273
4640.647,484.23087
120.83,520.63116
30.110000000000003,622.7377
19.917,422.83746
8.33,44.593433
299.32,966.6388
230.37,815.556
141.017,905.9487
211.373,566.7412
90.653,409.04065
58.66,650.147
49.923,37.006603
0.33,158.71188
20.507,409.9048
10.093,207.56639
0.47,27.777596
2400.063,1709.08
750.97,284.91898
0.754,81.57948
19.67,49.804203
1.237,184.48805
19.687,124.88775
9.276,80.03989
30.667,45.03929
190.216,405.04752
1.7700000000000002,151.37975
40.094,265.43948
17.94,302.95987
679.56,417.3298
29.98,453.945
4210.35,519.8117
0.203,71.56997
10.643,59.42347
619.736,362.25446
69.71,438.8896
428.923,1108.5507
221.113,302.48242
10.617,318.92493
0.03,413.027
8.147,280.56793
1439.404,317.16464
39.87,319.08246
340.687,530.832
19.93,98.283325
71.34,109.55116
49.527,156.8944
9.4,55.334316
229.51300000000003,283.86136
9.367,83.72135
19.69,60.73052
9.64,44.593433
50.766,46.870007
26.714,29.038206
9.443,39.718323
11.084,21.903921
178.343,746.7576
0.8769999999999999,65.66071
265.603,887.9723
30.396999999999995,6.7414246
904.587,215.18515
1.203,9.996335
40.05,295.95734
8.957,53.27505
21.01,627.065
11.96,15.57011
8.47,21.587492
0.9870000000000001,110.012634
10.04,44.13783
0.436,3081.5767
29.71,285.45718
9.843,47.75848
390.04,876.5527
19.77,1761.3512
61.537,915.3511
0.157,127.57323
39.05,72.86191
10.046,88.56428
40.443,182.62813
0.233,64.408325
0.42000000000000004,194.09586
8.56,103.72034
1038.797,336.8536
10.937,58.601093
26061.95,3431.5056
0.034,26.260363
0.64,138.01111
9.627,81.19387
10.11,850.3025
68.233,309.84238
2581.03,522.90265
8.634,90.71962
19.42,351.1928
144.296,211.41756
10.547,167.05931
49.900000000000006,50.193134
19.807,47.386627
0.954,68.54129
39.144,226.80533
0.04700000000000001,44.13783
9.993,118.67178
2813.24,1033.3698
569.224,477.29147
1.313,426.25705
10.283,222.95903
20.097,432.2976
29.079999999999995,87.259224
39.32,409.56528
40.44,50.649323
1.717,22.204653
30.15,66.01342
49.269999999999996,201.57396
11.11,22.518087
9.893,48.439552
19.907,98.82925
9.557,82.161385
1.627,87.67443
0.39000000000000007,54.687786
29.497,86.29386
0.153,97.36901
219.923,143.2589
9.986,44.40777
19.84,134.84251
18.89,45.87249
20.523,452.6257
0.124,194.16835
73.5,92.12211
200.91,664.2757
9.114,69.99798
169.997,115.09787
10.92,114.59261
9.727,48.534992
299.85,65.956985
9.727,227.626
9.75,456.02225
19.224,304.20108
10.197,55.114365
38.603,137.73785
99.777,200.62022
19.303,236.12404
0.236,47.810978
1348.836,1001.78174
29.214000000000002,228.0496
30.016,281.39026
0.893,408.4128
10.007,18.86195
59.50000000000001,215.33247
149.75,476.35687
0.017,103.68828
10.963,90.45135
9.28,59.148216
324.07,1206.0654
0.0,44.520737
40.143,564.91693
20.777,510.63608
19.706,405.91483
11.513,52.691685
0.344,56.22851
339.877,285.75815
209.857,377.27536
3701.247,379.6483
1.017,80.791534
119.863,9.60754
176.597,439.86435
401.05000000000007,672.20245
149.09,71.6309
169.934,70.08522
0.964,285.40308
8.126,57.912186
18.957,57.345474
1340.69,144.27266
160.924,240.57812
9.77,10.012561
1221.763,998.1402
2839.22,293.8686
117.69999999999999,608.96967
40.74,530.66486
11.649999999999999,69.30825
7.85,55.21041
720.77,390.60306
139.893,167.69107
10.137,104.81837
335.324,1987.1609
18.856,205.52397
19.917,87.81015
50.007,436.91425
19.804,128.11656
10.89,193.09503
1016.7869999999999,487.3534
9.85,105.91165
1.047,45.735115
100.913,142.91301
20.014,315.69186
28.922999999999995,81.52701
49.986999999999995,849.8582
10.083,408.4128
80.764,463.6049
0.47,20.265324
0.14,83.55134
0.327,257.47256
51.294,133.924
0.343,46.00863
199.66699999999997,138.67963
21266.217,7717.007
30.07,68.46676
0.313,58.25494
3561.383,649.01685
70.487,42.42349
0.833,114.52842
0.47,9.835525
19.474,130.74545
483.2,1123.0211
49.833,109.71744
81.256,5838.1396
0.75,49.899727
17.86,47.46486
19.277,94.009514
9.734,73.60719
0.06,26.59474
8.08,83.55134
19.99,315.78964
9.597,117.37453
9.83,145.75275
18.78,75.25443
8.957,24.9688
18.503,15.801735
201.85399999999998,181.08876
229.19,660.949
17.254,116.47652
3.206,311.3149
139.89,3248.4067
0.36,64.59896
20.054,81.98735
110.207,464.0912
9.367,42.507805
9.237,21.946796
1650.7530000000002,371.41098
10.627,440.30518
21.433,26.260374
0.173,20.640379
49.95,159.94466
19.154,74.31349
876.26,344.02908
570.133,1548.2578
70.217,1327.3027
9.407,51.82574
50.226,182.03764
1528.86,664.85895
19.844,205.92596
20.247,139.39256
19.03,327.48013
0.157,58.68161
30.680000000000003,54.015434
19.36,314.93707
0.11,89.17188
49.203,210.99588
120.004,179.70468
30.843,302.7548
0.017,95.33931
0.674,55.674187
0.203,40.512215
961.194,216.37943
18.03,116.16856
9.88,77.94493
21.13,26.717365
19.28,87.73449
189.867,141.33147
260.363,324.30154
609.687,457.7052
9.573,65.40876
10.774,417.2503
331.893,121.04779
32.836,245.14824
69.366,87.05372
9.523,45.024902
19.977,50.549553
1170.373,487.43686
8.453,57.751198
30.843,86.751526
12.594,14.472634
486.647,82.67847
40.03,149.78781
40.223,286.0313
280.043,54.203705
29.687,38.09182
92.91699999999999,89.7544
15.42,185.73586
9.056,64.69447
152.053,632.1852
20.68,65.28073
18.114,44.001534
9.01,45.823616
19.793,186.4706
2490.71,352.05933
20.203,27.20261
720.35,353.1504
990.004,527.31024
18.743,56.18001
9.34,65.2875
0.173,208.84808
37.413,336.43384
79.604,54.826424
240.35,242.89626
19.773,324.04105
19.663,52.668568
40.167,245.87105
0.077,65.351364
10.537,152.74773
131.08,52.11263
19.213,385.46875
39.89,275.0861
793.5,689.8272
0.143,53.497005
30.196,71.8948
10.396,41.674812
28.647,112.94393
0.767,100.022545
23.530000000000005,346.80902
0.656,15.708099
14.183,147.01288
120.22299999999998,451.73618
9.646,128.82478
29.83,119.163445
11.06,400.85815
0.123,102.150154
869.82,272.37982
50.464,160.94205
1.64,51.67071
20.917,210.72195
1076.674,1653.7896
1681.914,622.96655
10.906,346.80902
10.123,427.649
69.223,2152.4897
0.216,81.386444
1019.213,1767.0533
20.047,66.36167
170.867,372.68942
223.58,1897.9281
0.063,71.405304
20.264,246.58102
20.887,190.4579
16.42,643.6823
0.563,51.172016
30.416999999999998,372.09982
0.953,82.74703
8.316,78.04526
1299.75,496.6442
341.103,245.68329
9.92,154.97337
9.193,63.090065
2293.98,3713.5884
2552.004,904.12994
71.343,632.556
2409.13,105.5327
9.99,82.611275
8.98,86.26922
27.317,163.80655
19.896,31.233152
40.02,1031.1799
9.006,55.379967
809.293,1324.3947
19.493,96.857605
10.203,161.42181
140.067,84.561066
4.444,41.217045
10.423,266.11703
479.166,781.0239
0.627,389.06738
29.964,273.8289
1491.4099999999999,1005.9057
51.414,73.12073
18.71,33.21473
954.663,227.89598
139.843,173.52592
230.973,221.41948
41.653,62.348835
0.907,43.027493
18.616,40.512215
11.0,15.514339
30.627000000000002,182.48563
3209.333,439.84027
18.68,56.33922
239.103,274.1754
0.3,135.7104
8.91,180.03516
21.587,46.843014
196.953,264.08224
9.213,114.65368
9.964,142.66722
69.893,206.55992
8.923,52.24754
650.383,842.51544
22.06,57.798447
58.444,693.3577
459.95,341.22577
9.08,57.751198
270.207,250.88799
29.889999999999997,149.30354
108.37000000000002,131.86722
29.173,45.94508
19.486,44.799698
19.607,180.10384
18.947,343.74704
859.8799999999999,466.78555
69.083,219.27342
19.89,517.9356
10.907,8.577391
10.203,72.8409
19.267,87.3807
511.043,730.1114
892.313,3342.1353
20.537,128.82478
0.403,83.72135
66.644,7524.9463
5611.32,269.3919
20.217,99.17744
198.003,59.800014
69.803,62.15774
9.123,408.4128
2.1,187.46982
1089.007,1028.5376
230.12299999999996,233.48032
48.82,239.14314
19.413,243.9837
11.18,280.52988
18.06,57.011017
0.08,81.00174
0.33,27.483232
20.037,65.690025
31.047,38.187984
0.627,99.843765
9.22,238.76056
0.687,52.084667
20.18,149.7034
8.847,47.05479
10.063,228.3089
29.217,56.280247
10.253,70.776405
0.39299999999999996,141.30333
0.48399999999999993,27.777596
0.614,224.3494
319.563,190.92001
0.563,80.23771
2.8969999999999994,285.40308
8.82,55.122257
30.597,474.45908
21.04,618.1945
0.18599999999999997,226.16216
2.19,50.59724
1548.313,369.9717
149.893,394.4436
0.28,95.59076
30.667,60.771664
200.86300000000003,389.77335
71.81,326.88248
99.256,333.86465
30.045999999999996,181.5566
0.046,249.08075
15.770000000000001,1379.8507
30.633,123.52498
20.073,112.432724
20.957,192.28589
130.893,174.28267
19.914,101.291565
200.66,60.081825
70.13,121.60056
1.21,54.98715
1.017,44.630306
20.196,64.02892
29.476999999999997,162.79199
19.03,284.28687
1919.5999999999997,396.77835
16.79,277.25824
32.554,377.0964
4288.423,1390.073
0.08,26.290577
221.817,749.80524
0.36,310.29352
8.44,15.458767
9.743,65.48976
11.816,52.860023
29.71,66.278496
502.126,664.1789
59.74,27.49481
30.853,181.18617
50.613,24.20022
8.19,15.645567
10.06,45.875523
4291.96,3121.0881
11.937,30.20668
20.004,790.62805
50.00299999999999,195.94423
160.607,314.30258
820.1829999999999,483.48425
739.496,801.25977
11.126,15.683074
18.88,90.717636
10.15,60.220116
6.533,192.02748
18.514,46.05273
199.716,458.9289
180.053,1029.5288
980.5469999999999,100.8086
20.784,128.28662
0.173,73.174255
361.327,311.24738
786.8230000000001,561.328
9.677,211.21513
28.760000000000005,193.57802
0.17,44.593433
102.687,181.28238
8.737,15.897214
0.04700000000000001,26.20002
19.516,451.15375
8.94,10.077727
19.294,48.33832
400.343,497.90286
0.063,65.22244
120.60699999999999,186.4551
69.774,733.16284
401.193,553.9794
339.744,1344.8809
1.203,37.465137
304.58,3156.158
0.33,52.627724
102.623,181.09712
19.924,45.13343
39.123,78.85715
39.667,45.94508
9.526,109.9251
20.05,810.94995
1489.9330000000002,757.7619
0.173,147.46556
21.437,293.39444
9.636,451.22318
0.077,81.57948
10.573,161.77356
9.693,286.28775
240.113,258.97128
127.76,231.08385
160.833,500.20462
30.180000000000003,53.27505
523.2,690.95776
6.613000000000001,415.2853
11.59,53.622562
482.13,327.75858
190.433,1435.2638
18.47,251.36557
8.9,67.26586
18.997,411.62894
10.62,101.68637
18.42,111.396355
16.813,140.09097
40.024,92.19194
0.11,72.8409
1819.74,964.9842
0.173,113.69101
60.21699999999999,230.07304
21.016,102.28257
16.703,22.441643
21.247,446.17554
900.4,553.8638
59.342999999999996,2085.759
0.22,825.77814
20.934,51.14977
19.943,299.60373
20.32,474.00296
241.53,393.5017
71.023,67.02633
1.193,114.290886
109.513,393.96115
509.937,516.11444
20.014,491.60556
60.1,502.51984
19.323,38.4188
10.894,39.646862
9.613,46.05273
511.894,436.9724
18.92,53.82289
0.327,366.08292
19.05,104.92442
8.87,45.453773
3105.54,1105.6047
29.683,615.82294
320.717,337.26
80.13,548.3035
0.08,199.88435
20.47,76.756004
620.333,828.6069
49.742999999999995,51.464783
180.453,7.870905
19.453,92.82875
19.617,30.463104
10.07,103.47498
10.2,251.1012
1.784,102.45513
539.66,1572.2292
229.93700000000004,712.06323
0.063,113.03228
0.373,27.802423
0.09299999999999999,48.06761
49.88400000000001,469.20746
10.497,83.33028
180.503,620.1229
1650.687,795.50134
1.08,46.00863
9.377,106.78769
1087.78,362.5274
9.593,56.3323
0.45399999999999996,744.9069
231.936,324.8239
147.566,184.19736
0.457,159.2507
9.483,126.564
1258.25,543.78326
679.854,1461.3691
9.197,102.89083
30.14,142.80244
169.94,2159.045
571.12,268.74393
0.37600000000000006,65.351364
11.524,88.05195
0.25,102.15219
99.94000000000001,357.56335
10.44,19.614573
4.413,9.724503
0.064,26.20002
20.014,311.79474
80.97,880.0903
9.34,74.27109
1229.896,536.0276
1019.0470000000001,320.03375
39.65,39.088108
0.363,70.656265
19.927,41.674812
19.183,315.03467
21.003,84.70713
0.03,180.58586
460.05,1288.4677
8.677,36.88834
38.707,102.62531
65.573,93.807816
10.067,77.36728
129.667,260.7806
20.266,151.57079
10.923,58.25494
8.047,47.190514
49.565999999999995,45.21829
1449.99,223.95209
7.61,28.86627
30.15,702.4721
41.813,82.694595
150.277,1233.9443
9.577,50.163853
240.084,62.558746
59.88700000000001,344.95328
2279.37,315.34366
19.58,389.16397
64.93,464.892
0.11,19.140753
10.1,83.8564
9.094,47.855022
56.73,429.40063
90.24,57.681698
99.83600000000001,53.83036
0.547,99.13195
0.36,36.14064
49.7,57.49716
8.353,47.386627
0.123,89.602516
268.923,1294.3593
73.09,75.82473
69.02,724.887
0.077,68.02432
9.957,387.4802
77.353,36.35627
19.68,380.06174
69.97,60.359283
89.497,234.06477
9.907,15.833922
0.796,25.45795
9.987,486.51776
140.213,283.26865
7.8759999999999994,15.521233
22709.623,1340.5464
69.826,391.5472
384.133,48.116405
10.13,56.11805
59.297,419.52655
69.99,195.68361
0.547,50.59724
0.36,59.44267
379.40599999999995,68.85976
0.203,26.62535
19.6,286.54523
589.07,157.49345
8.927,76.0015
470.0470000000001,1116.0178
46.713,647.68945
29.64,7.1217437
138.84,361.71225
10.547,36.006557
20.26,1047.901
0.077,77.29521
9.787,65.51434
111.23699999999998,117.309944
10.847,126.25623
21.12,67.26586
11.006,323.26633
20.787,1515.7999
0.547,108.202545
0.38,203.11377
10.99,115.25876
20.57,89.89369
9.713,65.53016
10.237,124.30131
17.794,40.886635
770.96,491.53503
19.91,88.14386
238.973,366.49313
259.7,524.2413
0.39299999999999996,79.87353
0.267,79.04152
179.466,330.59436
9.413,483.0849
20.16,81.49146
0.42299999999999993,132.64903
10.003,13.937244
20.177,84.77678
0.033,64.406105
9.257,45.179787
19.77,100.76088
9.943,25.706078
19.103,74.57452
18.87,79.92232
10.257,105.9571
269.79,205.14449
19.147,55.760868
10.28,98.91948
20.763,306.65668
16.947,163.3499
651.194,979.4343
199.844,633.0778
9.127,125.96076
29.747,51.961143
902.3729999999999,260.12668
110.06,227.91623
361.977,364.04718
18.093,453.945
417.51,436.00522
21.67,116.349174
52.394,659.164
0.72,104.54274
71.693,74.32793
80.34,2217.7126
730.897,672.76056
20.193,186.15808
10.863,69.68905
9.26,133.79617
20.813,9.4276
20.24,50.550312
39.354,104.458885
571.304,294.8484
20.526,116.34292
20.43,106.20723
68.89,159.25009
51.586,1039.4884
9.787,105.16311
58.26,112.172516
0.157,79.465454
543.65,283.30695
428.693,104.02032
29.726,164.64188
1595.484,124.42106
11.13,59.44267
9.743,443.7577
10.07,83.72135
8.27,122.68883
8.78,47.667126
10.667,42.24492
259.08,247.05959
19.497,116.02483
9.92,60.40506
9.923,466.39944
389.917,485.84576
109.91000000000001,574.8594
8.88,52.627724
17.953,97.22731
39.274,84.93709
2.477,57.68487
0.173,70.46947
9.073,144.20273
30.756,60.510468
10.007,339.97934
199.937,316.13644
10.143,81.57948
0.626,295.88232
0.046,378.30652
20.054,67.52686
60.136,232.09958
0.283,189.48439
89.94,1167.9225
0.046,80.81006
530.973,935.86774
19.99,137.2665
440.337,248.91733
0.61,40.46565
209.793,3300.7917
49.84,370.44022
9.88,152.12482
130.683,127.936714
9.886,47.94929
523.513,302.61975
310.046,326.03497
40.0,55.499527
9.45,114.65368
10.243,269.0735
70.34,86.98567
152.777,209.01176
0.17,15.375782
70.557,159.07295
0.017,38.289383
70.023,41.96676
