actual,predicted
0.077,168.89336
40.12,61.879288
81.993,115.92589
340.004,412.7187
19.7,79.68447
69.937,137.13556
0.11,110.5331
20.624,79.73188
120.823,12.091697
70.324,918.38635
20.01,306.22787
17.84,26.63553
11147.197,584.3692
10.17,230.43365
159.646,129.40701
109.367,102.19171
0.153,74.57339
350.003,65.961876
9.256,187.14482
30.069999999999997,163.04099
68.06,105.458305
68.997,44.63374
0.126,91.13234
509.623,265.54523
8.32,67.32791
20.697,318.9657
60.78,181.15929
188.097,78.1377
528.41,2761.811
11.43,122.86234
109.873,866.64557
29.69,167.49957
9.677,479.7376
0.284,43.2348
0.237,82.4096
39.783,197.92654
590.123,401.48004
30.587,543.6816
31.255999999999997,147.10446
39.74,127.41673
199.953,72.51377
9.71,77.39948
0.156,88.21474
13.33,346.80502
330.88,150.79195
0.563,77.88102
9.967,146.78697
9.51,86.302864
40.687,485.23157
30.82,157.44685
9.854,225.80745
81.176,347.09424
10.803,91.69622
160.066,618.9526
29.91,172.90797
224.78000000000003,102.35697
19.99,211.00333
270.11,66.7266
18.973,30.304688
210.027,244.84868
49.797,110.616776
209.78,647.0124
9320.12,8240.245
40.033,194.82462
80.837,208.25186
10.757,193.43896
143.856,552.41473
32.277,96.41326
19.206,538.9764
180.223,94.10783
49.523,120.065254
0.83,84.13559
710.12,830.0777
9.86,684.3018
280.057,467.20535
88.95,183.70276
139.347,599.1373
73.844,113.05416
360.02,135.02641
60.347,1637.6858
19.32,168.75856
270.04,170.62328
129.753,106.17901
79.814,106.753815
8.59,49.330406
41.98,122.55177
10.899999999999999,79.929306
139.503,279.9597
40.78,313.46777
29.54,180.4172
8.296,210.41187
0.58,124.78347
77.117,178.18373
27.277,131.94833
29.387,70.53104
239.45,1136.8655
10.193,59.13574
149.9,412.456
9.937,87.57277
130.073,835.0371
39.687,239.38971
662.453,1167.4417
89.923,252.48566
19.617,210.19888
0.43699999999999994,126.5533
20.213,28.840794
19.14,146.90144
10.067,113.34272
81.883,142.71199
18.31,148.19116
69.42,271.91238
20.426,120.146065
19.957,134.04413
369.79,1862.8601
29.68,155.2451
89.007,222.9082
10.847000000000001,152.28632
0.17,148.98036
499.743,206.6011
20.71,65.50974
181.88,91.90044
10.027,67.343185
1.417,169.57878
44.177,238.18013
50.07999999999999,132.81895
119.25000000000001,88.645645
69.704,96.404274
11.027,221.11984
0.517,81.731544
20.517,69.018684
3680.477,1473.4647
10.337,145.76234
21.203,5.6505737
5.77,125.896515
38.16,1106.8457
141.404,1045.1279
19.94,110.59546
6.197,83.624596
18.873,65.230034
0.093,121.94102
60.35000000000001,102.33706
290.166,152.568
40.11,725.0346
30.430000000000003,136.70198
40.004,135.95189
0.577,198.02896
139.663,1292.4285
101.296,229.27516
360.2,132.08752
81.513,133.33174
77.84,183.4427
9.977,75.39227
8.577,176.12407
20.33,311.54395
18.223,209.63916
49.023,729.48517
25.623,94.606636
80.217,327.47076
40.097,136.69725
9.403,57.644295
0.08,278.61304
70.277,135.04335
0.187,175.57191
210.09699999999998,135.02614
2642.787,586.0537
16.483,124.16772
80.12,314.5494
20.22,183.81033
270.2,596.0931
19.55,129.9452
89.98,720.67487
18.257,58.993484
9.863,95.07309
0.36,199.07114
10.393,113.6677
18.836,79.94833
39.92,91.42081
30.913,157.80377
7.7170000000000005,35.25628
10.660000000000002,228.38359
61.787,124.62799
130.66,149.15562
19.33,10.81925
729.873,359.1384
30.317000000000004,784.8915
8.11,196.42567
12.667,255.74318
9.07,226.44116
19.817,156.58818
90.68999999999998,107.93659
8.044,214.99689
115.13699999999999,201.89594
59.13,54.589104
69.9,48.62099
10.044,342.0576
171.014,161.89531
0.156,74.4169
119.143,409.88504
80.38,63.526638
19.977,66.07738
20.736,70.8119
39.637,243.77502
20.65,67.52496
9.747,222.92429
2.993,108.772964
10.126,19.874146
28.693000000000005,95.51244
20.307,92.36561
29.603000000000005,61.502495
40.924,85.56674
122.124,273.06277
1.9529999999999998,3161.709
10.633,123.54036
0.563,78.60903
20.023,162.3598
18.557,343.01187
1506.276,1001.29364
40.323,512.69324
49.97299999999999,207.297
0.266,100.373024
6.780000000000001,149.66447
19.977,286.03217
0.12300000000000001,87.79823
20.074,129.05994
70.43,580.1807
550.643,247.91255
20.283,124.156555
191.087,187.23262
625.707,463.7286
10.373,328.8221
90.63700000000001,397.35193
19.93,124.39742
30.223,873.0163
30.094,243.28267
29.293,87.582
300.043,216.39915
9.66,236.83649
10.607,228.06938
0.43599999999999994,161.20726
510.503,174.54669
20.97,137.3357
629.027,1292.3156
200.084,264.39215
20.977,106.90533
39.86,93.130516
14.84,124.00298
19.343,91.44395
289.906,265.25595
2.87,439.9557
8280.46,1285.4833
9.137,58.48404
140.294,106.2598
500.526,573.35504
8.7,40.20246
147.106,208.96059
1.267,156.85818
0.347,54.396084
20.2,100.758865
0.077,64.94301
265.23,584.9457
13.72,189.58424
0.39,289.85706
21.063,511.79172
700.523,652.1902
390.317,194.10863
50.26700000000001,10.78336
9.22,282.87473
0.126,211.23857
18.397,313.46777
18.957,265.6132
20.04,278.6222
36.707,12.786139
10.34,77.76034
40.146,119.98049
140.144,51.546715
5.56,90.68943
99.703,385.22327
39.977,247.06151
20.504,66.35788
60.01,110.568214
119.563,350.35303
18.32,85.67481
20.064,131.55673
49.477,123.921585
759.3969999999999,714.974
0.686,67.20154
8.77,112.95087
0.22,255.31134
10.19,1133.6892
11.319999999999999,81.84831
0.20299999999999999,10.60302
98.81,190.83623
379.577,72.87144
0.344,167.25462
30.023,67.08249
0.453,158.6647
20.006,335.20758
59.936,227.40456
321.96,262.64426
5.184,58.48404
19.26,228.67303
120.756,175.82474
1639.753,3756.8484
739.153,1013.91504
41.117,716.699
19.93,166.45822
300.006,79.119354
0.064,131.24165
11.013000000000002,54.200325
30.193,101.920906
19.893,253.79642
2450.684,77.20693
89.037,260.87027
0.017,140.31512
10.766000000000002,2966.655
17.297,75.64279
30.02,174.16093
291.11,452.7346
18.927,91.5958
29.76,101.765625
0.643,795.48224
59.563,286.3671
1.307,225.62909
13398.923,1372.6062
149.873,296.8896
530.007,414.2038
0.86,201.60959
90.053,183.78027
21.204,131.32135
19.833,176.02533
19.923,436.91986
10.204,59.67119
11.06,157.8885
11.233,171.97704
580.35,224.97331
0.52,106.15421
11.09,110.18257
41.727,249.31746
0.186,91.668755
229.99,489.34256
9.81,33.473644
420.4800000000001,98.068565
149.47,866.73914
14873.853,277.55798
89.75399999999999,91.953026
119.927,424.9024
1.067,231.7496
39.96,28.602268
10.29,161.30914
185.43,356.08057
129.73,2341.828
40.366,223.72012
19.864,1192.7959
41.0,262.33163
30.106,74.34095
0.14,86.506165
79.13,360.9304
19.99,149.48558
60.449999999999996,127.7136
39.826,339.8829
7593.333,1266.5627
9.443,369.9402
510.85300000000007,66.872826
71.83,436.35135
99.06699999999998,348.81696
9.983,134.79868
190.294,251.01848
0.443,21.511736
9.913,40.519947
39.31,133.3692
270.256,191.39043
10.347,168.60922
122.693,241.38138
10.087,304.53003
19.767,225.73816
18.333,119.56439
21.387,93.030716
380.98,197.41441
39.014,5.1810913
129.95,91.6112
430.8399999999999,322.32114
9.584,87.582
50.103,64.16059
19.457,877.04144
0.314,154.78374
2233.816,1180.8123
40.47,6.7524514
20.18,143.1907
30.066,7.7254643
0.127,202.6081
2586.826,296.47217
28.77,125.40441
18.814,167.88582
141.237,150.44919
14.774000000000001,113.00794
90.853,377.18826
21.506,138.79271
421.016,608.02844
149.827,214.20987
38.556,41.05002
45.723,1327.26
169.634,332.25867
9.927,84.94252
0.05,576.60846
19.74,72.844315
190.62,95.48285
0.236,89.189125
19.33,137.20064
891.53,127.08282
39.987,87.26361
9.604,75.575424
18.093,90.82448
9.7,298.4018
78.89,144.1019
620.856,160.83488
170.317,379.0952
9.594,58.92466
666.56,526.33655
290.337,585.93
0.39,91.35377
31.013,115.738495
0.034,121.522514
30.213,93.57668
189.856,1296.687
277.753,157.8435
29.780000000000005,62.459965
50.4,155.88127
2920.4300000000003,528.4061
10.89,109.72105
0.14,169.59218
887.743,954.9664
29.983,194.71362
10.17,81.69521
70.96,671.8061
0.076,127.03474
29.65,216.08554
9.69,438.8284
59.973,113.59232
1530.747,186.81544
10.306,140.03993
8.993,129.6826
49.667,247.79741
25.43,579.8841
80.093,150.16928
8.686,66.63979
8.726,222.66415
19.256,161.56708
48.203,262.0488
99.07700000000001,147.76738
10.367,111.425026
39.943,68.48724
0.029999999999999995,149.3205
8.963,92.57061
30.427,209.06303
0.453,296.4074
0.39,200.82399
9.4,78.97551
29.92,166.5329
39.91,88.792816
0.39299999999999996,167.25018
429.75,273.1199
4859.347,733.74414
19.717,104.34971
2908.607,1135.9287
40.856,79.06315
12.794,204.63298
30.140000000000004,555.40704
19.23,56.766792
0.217,86.23308
260.09,129.80157
1169.597,571.3244
190.64,395.66434
31.556,79.285446
519.93,197.90358
0.187,133.98088
0.36,172.38977
739.597,89.596504
10.116,38.249176
20.34,99.23873
0.187,10.583385
448.967,202.06378
8.967,125.54349
189.35999999999999,831.2531
30.193,206.78384
525.11,522.8187
20.283,247.10612
18.383,128.00443
69.98,278.5961
24.67,89.02954
80.574,214.35468
19175.617,11312.537
280.783,424.55807
60.12,58.413708
29.159999999999997,45.322838
0.75,68.40741
0.626,83.19007
169.957,370.43307
50.083,133.56836
39.84,365.22092
341.23,469.7076
7.690000000000001,72.75976
250.373,323.25412
20.103,58.73755
179.80999999999997,266.06525
140.163,164.95981
20.14,54.396084
8.14,137.61382
41.333,156.13869
41.11,40.710243
19.496,106.524666
118.913,403.36066
49.927,36.508778
29.636,48.02656
226.664,167.64218
178.356,1139.6537
19.957,83.48591
61.337,145.3283
9.927,278.6222
70.153,175.23145
20.046,390.58264
400.66,86.522964
29.763,87.189896
20.623,171.85939
1.08,80.46397
1185.8,2947.9966
769.816,244.81873
21.764,90.37194
10.927,267.35953
199.74,222.82257
0.127,157.09879
70.21,167.5501
920.21,351.93253
20.22,452.40698
20.063,1195.0682
41.346,169.22748
2018.7800000000002,786.57965
11.312999999999999,194.4135
10.933,174.0083
80.7,42.233597
0.017,303.3772
30.05,158.72108
380.06,300.94168
11.083,170.15695
400.323,421.81348
30.654,115.59226
37.23,49.645477
30.457000000000004,162.89297
9.793,223.72075
1.113,96.51331
10.02,75.52716
19.64,59.074802
20.677,80.812035
70.113,91.32015
879.71,259.82373
0.143,8.46414
20.943,94.811226
1336.99,166.45459
23.417,93.76179
350.1,611.70404
11.944000000000003,182.7466
839.4600000000002,43.71047
5061.28,512.875
9.507,124.00212
19.733,170.26416
9.847,105.19215
69.744,211.92735
189.48299999999998,155.19577
150.403,169.40916
0.326,455.62
50.2,456.20605
2310.347,82.385345
0.029999999999999995,226.84763
0.029999999999999995,53.96139
99.16,1311.529
90.333,171.40323
20.473,84.508194
20.143,168.54556
20.283,371.08743
20.106,100.57189
241.7,56.57968
19.13,137.96461
170.797,187.47154
20.057,123.44705
20.173,278.21454
19.946,6.0022473
9.46,123.22948
79.347,220.96313
109.76999999999998,682.74695
109.273,188.67325
20.287,300.17993
0.363,329.78174
40.363,606.6686
9.82,53.61574
0.029999999999999995,75.15233
19.963,225.64085
8.363,135.80263
50.003,286.98834
40.093,156.07225
40.406,181.31653
111.124,1067.211
110.42,210.05157
220.963,422.05573
429.957,388.09436
185.35,488.92328
1086.953,243.33528
21.267,201.48877
69.246,207.39514
1.644,79.94833
0.466,46.111794
20.13,349.33398
10.117,293.5233
8.644,134.27794
49.71000000000001,583.80286
0.39,127.38462
21.034,1083.0491
21.93,1235.1733
10.037,221.63551
40.06,54.621098
151.657,172.52296
25.183,154.55826
20.866,211.79271
0.8,220.96313
20.517,10.47078
40.586,92.53295
239.294,182.46503
9.95,60.90074
40.36,74.3494
20.053,109.989204
313.2,1691.0297
619.7,166.22664
261.393,827.64197
40.1,242.65012
130.14,543.30945
0.144,135.66574
90.69300000000001,88.58681
0.39299999999999996,126.14241
29.07,72.595345
29.947,232.46516
19.863,198.77402
60.046,250.84798
99.663,196.50093
39.843,412.04172
149.16,315.6338
19.19,196.61131
411.074,235.36555
51.316,135.53654
29.713,149.81383
20.17,83.65534
74.393,104.47229
52.637,121.04178
9.57,671.8061
30.966999999999995,181.6564
210.42999999999998,124.54851
19.644,23.913042
20.037,93.87187
19.51,208.66312
0.37999999999999995,90.85136
39.123,215.06747
1035.943,419.98965
52.463,111.83325
29.883,319.9669
29.063,183.62912
19.156,214.2176
19.23,210.23767
1187.896,956.2865
219.567,158.7137
0.11,38.182926
20.837,94.25308
9.61,74.36151
30.074,131.84373
28.993,461.01544
49.64000000000001,159.36502
14.42,262.27994
20.01,214.357
0.687,37.928333
119.676,276.64954
7.903999999999999,183.99374
0.563,58.221657
41.457,90.888504
0.187,62.956985
1.334,12.699586
149.657,177.67238
59.47,10.68291
112.833,690.60767
9.543,58.889458
0.093,119.17567
29.157,308.6804
169.82,341.67007
20.24,82.20143
19.356,630.90985
79.86,89.47746
0.124,229.78601
189.753,265.24307
479.977,306.61505
0.8,81.56154
19.967,138.15643
27.47,258.17377
171.02,246.26917
196.433,314.46658
99.20699999999998,548.9099
10.167,183.915
30.643,1318.7009
39.903,357.1422
4616.72,238.2601
7.143,172.8278
10.29,183.43974
0.457,75.67838
0.017,98.80307
27.257,311.45914
0.42,90.01924
39.91,100.64852
19.057,220.80405
0.42,84.47943
38.72,103.10308
0.076,99.59345
139.973,314.7665
31.907,149.97073
1248.63,380.17767
70.794,86.8608
22.82,226.88231
20.196,400.77014
190.623,314.6122
9.786,140.4244
30.649999999999995,87.59634
100.02999999999999,157.76178
421.144,93.88031
239.75700000000003,109.81251
60.047,162.27509
359.867,1460.8517
10.617,480.05804
9.616,147.95981
10.58,43.82516
9.367,218.04796
161.124,68.56297
13.647,125.896515
9.697,110.92013
1250.897,526.5332
18.863,108.44125
9.897,93.61797
27.747,608.5187
3412.5600000000004,1644.3014
7.973,12.980174
19.747,79.728386
40.126,93.051926
0.83,97.14139
149.17,98.218544
560.79,1717.141
10.06,184.17136
17.706,159.64859
4.633,576.60846
28.566,189.46
11.54,131.2258
18.59,149.86353
49.573,228.6072
19.187,191.42668
39.814,453.59424
129.8,432.21906
0.094,98.23825
840.287,1162.5708
100.167,184.2191
19.27,121.677246
49.923,821.34784
29.814,160.22925
10.067,120.141785
1770.104,183.15108
85.57,259.9002
171.393,104.158966
9.016,151.13815
28.883,238.54872
79.713,87.1027
9.776,100.50398
2007.2400000000002,984.62317
7.797,135.1091
60.02,28.127222
0.0,89.77251
119.49,241.69864
88.65000000000002,462.99493
8.647,119.17567
359.13,857.09814
0.37700000000000006,43.52899
641.157,1193.8247
80.003,108.4668
18.457,290.24664
70.503,1271.3506
120.43000000000002,190.7694
9.134,132.36273
98.67700000000002,123.47188
9.9,99.36859
29.69,145.00377
70.123,618.856
981.016,1163.6158
19.843,789.20355
150.85,149.54936
29.18,285.69366
9.247,156.12425
1.907,85.36141
8.837,110.436386
0.14,26.013968
742.8200000000002,177.0802
40.68,94.57479
751.673,3275.4822
72.554,2532.3374
229.236,485.4799
1.193,99.15547
50.36000000000001,114.157875
50.094,161.03375
19.787,115.44256
20.55,124.563965
68.33,298.02383
533.69,214.68869
70.1,205.92596
148.87,529.07465
20.816,100.06234
0.22,126.74164
39.8,221.04124
180.31,58.00298
0.207,96.7995
49.76299999999999,95.75859
5874.71,2160.295
49.524,163.30937
2860.777,122.38545
160.25,227.03796
9.38,212.31284
0.58,130.12244
9.853,58.582294
249.587,75.25912
10.444,9.057412
21.05,136.0589
78.977,177.48962
19.514,1218.646
110.25999999999999,740.48553
99.31,529.19446
29.586,156.4356
30.719999999999995,92.696144
0.17,94.25308
31.337,93.457794
20.197,95.686195
210.02,272.9531
0.624,59.205738
18.543,107.43769
10.037,45.030228
0.703,106.78407
9.92,100.758865
10.82,45.64517
50.35,618.6207
0.14,85.25766
10.016,167.30984
122.22,98.05773
5.88,81.01274
29.007,90.31048
9.814,89.87268
11.177,131.80087
89.9,211.71649
8.593,194.16388
20.747,713.5737
21.16,94.97549
20.39,918.99243
22.75,230.33963
10.076,230.68285
0.284,208.10219
20.174,88.592804
952.766,1119.8547
518.926,141.02222
18.993,102.92789
18.846,142.8181
119.624,123.38983
21.85,125.97778
651.5,1185.5267
1939.7670000000003,111.480515
79.94,157.061
40.457,119.023674
49.566,272.33014
28.077,99.39947
11.78,97.51777
950.9499999999999,400.00024
0.17,207.68314
9.703,74.568405
0.656,78.365616
21.876,165.50249
12.43,137.80222
29.76,170.12709
24.037000000000003,91.24402
33.46,12.882791
59.123,521.7686
179.20000000000002,455.77655
308.98,143.23337
0.12300000000000001,122.34821
10.296,99.33159
80.48,459.5767
8.834,190.06444
10.63,227.59634
579.114,204.31369
9.796,108.752525
17.606,97.169304
70.297,115.55183
408.08599999999996,713.85596
7.983,64.96542
11.436999999999998,138.67209
30.823,313.25214
139.913,371.3572
162.72,237.09349
0.20400000000000001,139.52393
0.017,242.01894
208.27,186.12099
8.994,58.68209
53.863,166.73329
11.037000000000003,10.312222
18.576,64.94301
0.157,45.675446
883.83,1012.56604
8.83,131.45015
40.027,73.358
549.507,482.19232
37280.604,362.94427
90.397,416.24585
1113.11,886.1624
9.063,8.058595
119.62,159.38168
19.883,84.342415
179.80999999999997,270.0744
5319.293,509.09207
60.11,74.045685
10.87,192.38919
19.78,101.70439
468.767,370.3009
0.876,63.055737
240.64399999999998,113.05261
38.866,80.43443
75.607,1636.7402
1.35,87.09183
40.456,209.60608
0.157,123.76035
9.884,128.00166
0.613,186.7509
210.227,99.948166
40.486,241.89897
29.809999999999995,93.34432
13.34,189.45326
207.323,175.78952
140.11,89.41434
19.34,160.97614
29.577,209.20595
0.253,620.4872
8.643,32.402252
732.79,180.0078
19.91,143.0361
29.454,120.53462
50.25,7.3864694
21.603,132.51672
170.36399999999998,432.96063
5.327,133.45203
0.266,27.207668
9.773,158.72289
39.88,237.50317
10.21,664.9288
30.046,109.99819
110.007,510.47232
0.673,89.4514
862.1429999999999,905.6328
11.067,92.46864
20.466,18.174442
28.337,100.71219
4258.843,415.47794
198.706,37.681732
82.213,818.1711
29.213,157.21347
13.81,107.811966
9.014,91.17901
1270.82,801.46716
9.996,136.2515
279.436,60.51321
200.11299999999997,109.59463
129.797,184.36421
109.98300000000002,246.46489
18.15,1265.1516
19.746,183.89859
440.363,396.69907
0.126,99.83625
21.173,192.06711
2095.143,603.5391
140.02,801.2859
0.736,198.24078
40.246,212.11296
814.703,343.20035
0.127,199.5409
51.093,1185.4591
89.95000000000002,211.99521
19.023,293.57816
8.917,472.76895
0.094,86.65077
99.796,1599.6042
19.017,62.170166
21.93,185.72412
57.71,801.46277
8.727,168.22531
31.19,47.735306
48.723,81.91762
519.98,198.25299
18.86,252.0988
20.913,97.76938
10.98,153.63249
0.627,78.12293
0.267,207.33492
0.18999999999999997,129.32643
70.15,428.00412
681.59,125.54586
10.882999999999997,82.180145
10.0,105.62187
1.097,184.90819
40.24,96.18403
9.847,398.6295
180.12700000000004,99.53368
489.547,873.8537
219.02000000000004,775.9666
50.946,139.75948
100.13,167.75124
5601.759999999999,1449.73
19.957,190.64462
3886.28,432.36588
450.483,224.20074
3.873,111.06519
110.3,89.43411
28.837,64.63425
10.423,387.85913
19.933,265.23242
90.79,67.1722
200.62000000000003,87.61551
50.693000000000005,106.904785
6.876,46.741425
251.743,8598.486
519.98,898.0697
38.667,208.44417
29.880000000000003,1168.0994
69.607,442.2067
478.193,424.55948
9.5,86.93776
89.783,174.01915
19.25,255.74318
111.607,87.00192
19.806,238.1668
28.734,152.03275
10.19,22.75223
2479.433,454.5054
10.03,88.211044
10.487,148.88687
19.86,239.37915
29.54,658.6565
20.06,179.57843
21.133,53.4856
11.323000000000002,102.37565
384.70700000000005,1842.4739
0.063,124.3251
39.87,93.07894
19.8,146.62816
30.44,134.55757
30.287,82.88557
66.543,227.03575
20.42,97.93325
50.25300000000001,162.61346
1046.077,287.52078
39.93,445.78836
49.273,64.5012
470.197,61.592373
29.297,85.175674
50.120000000000005,247.66441
22.0,159.11732
9.61,76.71105
89.234,45.920097
0.187,97.51777
7.137,12.882791
29.894000000000002,333.75375
240.12599999999998,324.02383
10.7,168.1198
30.302999999999997,61.142624
3.31,111.24229
6.913,221.70488
120.853,334.28653
49.857,179.50778
18.93,233.07
9.764,83.19858
1307.8,316.1081
8.783,58.945156
8.786,73.32599
399.953,167.59293
817.797,530.8857
58.95400000000001,172.59903
0.327,158.01877
1354.674,841.55865
20.196,180.15334
59.74,222.49767
9.31,53.518646
1293.313,138.36377
20.107,122.70133
260.01,84.896645
238.93,228.64636
19.167,582.3146
140.046,504.8252
359.986,1146.7166
29.687,315.97702
19.96,97.50895
39.577,337.10715
10.493,208.7266
1080.51,5290.668
1406.313,58.459286
20.4,75.5592
9.653,127.87685
20.29,283.0076
240.146,89.02653
16.407,174.04866
35.614,329.29144
0.363,80.24233
0.20299999999999999,121.36937
0.127,90.38558
20.966,59.059196
19.593,15.435175
189.11,250.53136
30.154000000000003,209.78851
39.58,806.98267
20.08,660.165
109.913,249.08636
0.39,94.33493
18.72,523.8229
1474.46,333.04446
49.92,323.96
1.267,163.70493
9.513,87.83765
309.857,969.6493
20.247,161.03864
7.017,137.60681
8.803,331.31653
371.033,290.15503
69.49,177.55737
1030.823,478.38904
20.65,271.4749
59.263,88.26188
169.514,125.95627
19.8,168.34369
40.244,111.357895
19.88,98.85093
741.977,92.738014
300.04,101.20439
50.264,60.832657
1072.496,724.46875
109.844,78.85036
63.243,446.182
689.6930000000001,458.00522
11.187,89.57582
58.46000000000001,111.4026
49.733000000000004,211.96838
12.016,227.49756
29.964,114.886284
39.077,167.71309
2790.93,627.45355
89.983,53.924107
121.43,1243.6201
260.083,562.80035
39.166,178.87503
20.337,59.084057
30.903000000000002,218.12157
10.1,105.49824
0.11,210.20587
39.997,98.9022
410.84,332.12366
20.137,93.04342
69.867,303.94635
69.69,64.49484
0.064,101.519516
8.44,29.458246
16.773,101.34033
30.23,823.0826
10.306,167.73709
10.237,179.3544
30.987,205.23888
178.93699999999998,152.17537
39.173,81.010185
85.3,164.1606
9.96,91.17901
11.054,277.9782
260.317,314.0567
8.987,42.251545
148.374,1109.5238
90.1,832.5737
10.01,93.70306
0.064,132.28235
1.88,347.2552
59.316,47.973797
9.71,140.7539
11.163,175.34068
228.873,495.8348
29.717,161.46855
74.23,188.98956
29.94,154.58705
11.174,12.655424
889.673,3978.7344
60.06999999999999,174.16649
7.275999999999999,48.246788
0.186,130.7068
200.573,390.17914
8.663,156.42093
10.86,258.94205
430.084,295.05673
19.6,94.67392
21.043,98.62422
119.917,95.696754
58.36399999999999,66.897606
19.577,207.6292
20.63,87.62801
9.286,167.2187
170.153,194.87747
48.25999999999999,119.26864
39.35,504.8252
182.54,218.12157
10.057,134.91945
425.103,410.57162
100.24700000000001,86.42733
40.907,100.461044
79.543,1195.4082
49.684000000000005,91.3262
9.153,127.46175
18.707,118.62349
1.53,73.538284
50.04,131.10254
250.1,1114.6038
0.093,161.34772
0.017,250.22478
110.566,465.6836
59.403,395.3073
50.387,260.1746
0.217,121.06244
30.97,230.4158
0.3,88.086
110.12700000000001,150.60313
21.393,70.97126
91.384,218.23758
150.907,270.09125
40.557,71.44367
17.93,161.46855
10.63,253.77254
29.856,219.51227
38.99,27.472485
20.253,160.58614
0.267,193.16835
0.11,159.64859
709.8860000000001,368.35007
9.607,47.540558
140.39,82.68845
105.927,177.43355
39.54,296.44394
249.05,475.6281
19.937,284.4257
30.143,159.44757
99.90300000000002,118.38135
19.81,89.77455
20.107,291.01648
19.52,60.690857
19.913,67.48158
50.773,113.01013
17.78,74.84626
9.364,166.73329
19.757,128.08495
51.03,88.07341
19.787,436.6833
2194.103,478.36963
181.03300000000002,138.63269
19.483,132.23557
60.25,1000.61646
39.913,253.62326
306.52,555.2748
12.773,167.17162
0.7039999999999998,19.500275
10.357,201.5618
10.847000000000001,129.22011
19.487,190.03735
14.685999999999998,161.901
114.027,2812.3284
80.67,206.19186
30.927,66.65626
10.92,169.62288
1.11,59.489212
359.836,421.6322
2930.17,1009.1914
30.577000000000005,162.45793
81.61,90.02639
59.61999999999999,60.68626
42.08,99.93109
10.347,101.576775
79.71,180.2658
80.874,713.1689
1203.213,1282.7104
8.953,82.94278
353.73,99.907135
0.034,400.05527
350.45,279.17487
19.08,421.81348
0.047,129.60512
1101.253,197.00348
60.132999999999996,334.31213
960.5600000000001,653.6426
20.203,209.98819
597.09,1023.8601
18.363,88.421295
47.80400000000001,219.61337
659.33,98.770676
11.364,142.86685
1377.68,158.03726
30.007,224.84746
0.33,722.4944
19.157,171.7864
38.94,93.844124
109.406,82.29561
9.507,79.52897
40.477,33.756413
125.523,234.41985
220.743,464.00906
19.004,105.0756
30.027000000000005,173.09767
10.286,138.55975
850.1930000000001,530.5872
60.363,49.514603
299.78,134.2181
30.023,113.333824
1787.087,1235.1733
0.39,205.54012
21.767,272.94016
10.41,154.89703
39.073,115.81667
8.987,88.859604
11.03,116.941895
0.35000000000000003,87.05477
119.963,144.863
100.87,155.97018
1650.233,4083.3318
17.48,138.06227
9.397,97.11331
0.644,90.02741
11.559999999999999,66.11366
31.276999999999997,10.235463
8.513,128.51051
49.56999999999999,225.56924
9.93,89.29078
619.977,226.2755
80.25,131.32765
19.603,255.72765
29.626,166.77473
20.88,306.7857
60.087,1123.653
1357.7,1303.3529
9.933,86.92904
20.44,178.51642
19.0,268.1455
38.017,184.51518
10.647,291.39645
1.783,136.99237
90.04,1122.0972
10.113,11.061636
239.12,114.2393
5084.91,1786.3472
40.694,525.11383
279.974,847.5092
0.86,110.21695
299.353,332.89258
20.147,924.1249
58.873,70.45361
0.157,352.70474
70.736,75.37541
29.63,188.14488
40.05,83.078415
29.922999999999995,235.8648
9.527,334.28653
22.477000000000004,211.9461
9.6,90.37521
60.447,157.77287
28.696,54.741318
558.043,442.9357
0.94,96.671295
40.394,58.714348
20.49,73.19695
159.427,233.2888
7.93,127.60739
5578.806,242.92946
0.233,295.75146
0.047,73.09253
1680.627,1330.6897
0.313,19.500275
28.017000000000003,176.82562
507.277,667.1094
53.33,174.42389
3478.8500000000004,4519.6313
40.427,456.71167
9.18,137.08923
330.063,592.9742
0.12300000000000001,58.582294
40.07,85.63746
1380.23,144.19391
21.027,46.457623
20.326,63.36828
669.953,202.09889
50.643,67.1904
392.87,103.58229
19.034,92.25709
19.71,307.94846
79.807,200.38884
18.734,114.41553
69.394,88.58268
1350.413,226.71881
81.104,255.11716
9.553,263.2002
650.39,500.84692
111.59,123.41108
18.72,619.0917
10.016,102.46752
749.7160000000001,92.40549
19.294,338.8854
27.673,251.23076
30.436999999999998,261.97253
14.527000000000001,50.135956
13.6,183.6568
10.444,263.87915
870.7869999999999,583.3329
20.033,87.131355
80.39,334.02374
2.04,124.05941
110.24,333.029
179.976,230.4158
71.194,247.35506
59.900000000000006,206.62491
0.267,181.95842
264.074,222.81667
7.864,128.12668
339.617,154.99487
9.94,230.45168
5302.24,640.0678
28.827000000000005,111.75924
37.0,174.67532
9.297,60.95448
0.017,209.55342
4470.83,1299.9949
11.013000000000002,64.259254
18.866,100.2176
10.784,286.0382
558.977,199.33786
62.947,190.49968
9.837,130.94968
19.786,129.20308
7.04,104.86573
1020.923,220.84154
20.013,177.06209
1630.79,3592.5732
0.94,92.87481
9.153,87.93844
0.25,191.91774
919.9200000000001,323.86237
20.52,279.2577
10.103,129.30226
48.966,93.24249
126.917,55.00152
0.893,204.78198
8.78,59.097683
8.62,84.6284
0.3,164.55815
0.863,127.95999
19.48,452.40698
1919.947,376.1181
20.007,3180.386
9.873,310.58655
19.007,135.99475
9.28,96.70801
129.734,250.50693
49.783,68.29316
99.98,387.15683
22.117000000000004,97.68351
329.66,189.52812
30.367,757.88434
130.117,231.2702
31.317,180.43477
1.47,311.16306
370.223,350.2997
319.846,268.8727
30.127000000000002,157.96126
4985.407,280.60928
79.98,1049.3234
500.054,262.1067
30.274000000000004,74.45633
19.52,217.57416
100.02300000000001,455.39395
2655.7,3882.9502
830.693,347.34622
356.037,129.51361
110.12399999999998,217.24162
0.14,128.08495
1270.056,1122.3563
1607.5630000000003,393.55862
9.807,91.74966
79.977,195.48337
20.743,294.3099
11.734,133.71773
0.517,208.31265
8.994,136.8309
49.816,771.6712
5.087,88.859604
670.006,837.5983
0.0,144.94597
18.77,129.30222
694.3970000000002,1327.2601
0.39299999999999996,234.94328
40.627,125.53811
9.913,87.967606
19.91,946.0724
0.42299999999999993,90.27571
89.73299999999999,203.86919
19.017,143.52695
489.97600000000006,839.30865
19.973,71.86731
311.853,315.10754
15.164,576.60846
0.266,1138.4868
19.87,92.230606
18.714,119.955666
19.27,187.62115
22.47,92.665016
1.5129999999999997,129.59343
39.7,453.49445
4.923,79.640594
88.83,99.83625
1353.926,1974.7264
2.8299999999999996,135.90016
70.643,467.38788
20.35,251.5535
198.14000000000001,116.36848
559.597,87.110756
20.613,376.82605
10.07,126.3906
129.733,1323.4967
9.85,128.00166
29.423,91.45814
379.55400000000003,59.455475
7.887,124.05941
108.833,370.14304
90.03,96.49627
38.64,278.1251
1697.844,1197.4506
21.006,168.11714
20.14,182.90407
9.756,181.43036
1910.123,118.894455
87.493,335.288
1.93,72.29445
11.65,59.04558
10.74,138.18697
960.143,902.66486
16.963,134.99939
0.237,89.15488
0.08,110.5331
41.2,234.92393
22.417,135.51517
38.993,129.60512
1.096,75.50476
10.384,85.79782
39.944,198.04655
20.103,8.838659
50.04,29.665997
9.85,127.25471
69.977,929.4172
70.184,132.06015
609.927,732.4468
77.363,411.44446
9.866,115.3099
29.65,187.5068
159.87,169.27107
79.867,258.4518
111.47,152.48544
9.93,226.87929
49.53,73.32599
113.82000000000001,194.71062
29.466,449.70786
288.464,765.6224
138.937,183.95532
14.51,178.68062
109.78000000000002,94.32855
87.903,156.44734
0.69,90.41066
19.01,111.874954
19.95,63.92008
19.34,179.11229
33.147,88.70519
350.497,332.47623
1.27,134.91945
0.047,119.22617
6158.973,1210.9216
31.833,197.38876
492.934,1097.8126
19.793,12.461008
0.077,78.42191
48.114,299.02972
389.993,548.7358
0.817,81.81998
19.403,76.00098
180.157,199.94972
0.813,684.1491
749.28,409.7841
139.587,312.3311
11.210000000000003,318.58368
170.01,355.00485
50.79,169.05092
92.177,212.13928
19.893,474.6893
1930.89,1177.4033
21.0,129.9452
0.597,30.250425
119.957,93.206696
10.28,10.812225
1.5640000000000003,98.54407
1620.6530000000002,454.8169
20.027,165.71172
10.433,113.366875
110.08,210.35463
0.094,80.924576
22.884,150.9991
18.614,246.3044
335.27,345.09912
0.12300000000000001,113.055984
9.903,104.91142
18.964,54.200325
550.987,139.26506
20.513,214.13957
390.69,469.29327
0.064,137.67767
40.82,125.66759
30.189999999999998,443.0519
10.183,172.14694
679.78,385.19644
8.887,64.91402
19.807,57.4541
19.477,217.9739
744.867,354.96207
40.483,177.99834
19.927,73.77702
10.204,144.27162
100.957,254.17644
0.814,73.31061
30.11,166.14413
6959.223,2123.7776
28.059999999999995,194.4135
219.71700000000004,812.20557
0.61,126.33773
79.19,126.57894
39.813,98.147125
167.88,124.98286
58.65299999999999,86.540504
0.376,91.5958
7510.144,810.64343
19.67,216.29292
98.837,207.59998
330.954,107.953735
19.457,28.412752
1882.946,2505.377
63.454,106.443375
140.366,607.194
49.39,57.90528
100.127,64.19577
0.577,209.58452
8.54,124.78347
139.617,246.1372
59.924,552.7534
19.013,275.5227
18.093,207.379
20.0,133.43878
10.933,155.23958
2898.516,1196.7806
58.89999999999999,480.52164
20.063,110.70013
256.71,155.24503
1626.516,1131.7787
38.666,109.72105
11.936,161.46855
10.13,370.14304
2650.947,1255.862
18.916,18.274302
40.397,119.84285
89.943,93.215126
9.876,331.2286
9.417,59.783016
1241.977,1803.2007
332.423,182.81273
2581.113,1240.2925
130.397,585.6822
208.047,470.74698
394.847,751.07574
19.007,114.051575
3.8530000000000006,136.73422
19.644,88.910736
19.253,116.583786
19.713,995.26666
19.073,97.24391
10.786999999999999,116.42002
21.323,270.87582
1120.49,1256.4934
30.09,179.91917
40.02,77.681206
139.84,209.46909
50.494,69.63852
8.887,181.10432
9.616,52.380524
50.24600000000001,195.34258
11.312999999999999,126.26548
0.956,91.243225
0.42,123.84094
9.547,331.40845
173.31,526.0981
15.03,91.563255
32.237,141.10387
749.62,260.13858
18.81,287.20633
19.857,63.505413
11.16,127.296104
19.826,115.70607
70.056,174.00612
579.994,274.16068
1329.633,583.3842
159.24,205.45255
80.983,22.394472
41.417,127.55388
19.726,85.95851
169.913,1596.9277
169.967,95.67203
200.063,302.78162
60.997,444.3478
50.643,174.12547
9.82,168.89336
119.694,155.5128
50.79999999999999,211.58722
10.416,210.23767
10.807,131.61467
20.147,118.63409
448.52,87.372925
529.256,168.89537
0.987,82.68787
40.083,257.12177
59.82,82.180145
0.723,124.69766
779.937,485.913
20.257,65.06145
79.773,611.9986
1.787,95.6647
22.207,78.78242
49.807,105.661865
2737.583,743.80786
19.33,273.87518
1.126,78.12293
10.33,133.62947
760.0829999999999,1309.9515
2.36,12.8634
18.606,437.43637
670.676,2920.2507
0.283,91.275925
18.367,160.63344
10.803,66.77839
1242.89,428.07886
19.873,177.41638
69.47,232.83435
143.26,77.66997
230.383,441.10928
679.623,282.1539
70.34,63.732246
50.377,106.15421
1.477,455.25427
29.664,133.83684
101.14700000000002,845.83856
0.22,176.65007
40.14,207.25826
300.51,979.1674
60.073,422.2176
0.813,89.15614
0.37700000000000006,493.2975
82.93,2071.7642
29.797,65.213264
19.594,3.9415355
19.09,80.78311
11.3,182.37343
29.743,81.3602
38.07,95.445946
0.033,104.176865
79.783,801.1975
9.23,205.68002
8.863,100.463066
0.69,145.6263
0.20299999999999999,77.519615
9.294,80.03081
60.817,168.08464
20.353,133.25037
8.69,94.56179
74.79,188.11015
100.837,30.667799
37.273,190.09224
60.117,281.33725
111.43399999999998,180.44763
59.73,311.43112
0.0,2569.4902
0.063,127.287094
40.98,150.2074
5.37,58.714348
59.87700000000001,210.39636
66.0,47.582848
29.967,227.13443
4028.24,1386.8518
60.06,423.1427
20.027,173.65324
69.72,223.18384
0.0,188.7362
30.003,178.05075
359.807,80.87305
31.050000000000004,197.71489
20.024,85.99334
59.526999999999994,10.797782
2096.333,287.79617
219.043,275.6329
20.137,132.28282
6477.743000000001,437.06284
19.194,46.255318
257.497,63.56768
19.866,81.17678
70.16,93.18458
380.05,68.99029
20.01,284.93692
0.14,112.172
1.313,101.917114
40.657,188.97339
1515.85,783.3752
90.22699999999999,190.82689
79.51,92.30516
28.89,84.005264
920.576,368.5773
29.032999999999998,154.69354
8.01,137.15387
20.18,85.56674
72.187,99.28151
10.473,73.44193
169.94,9.355802
1459.883,155.94418
70.297,297.20047
18.134,79.205
53.824,222.66415
40.3,686.1814
49.879999999999995,227.79913
9.733,164.41158
19.94,174.00612
1.017,120.038185
68.597,164.9773
29.986999999999995,509.957
8.947,82.37179
28.883,88.53599
578.35,412.6164
48.877,13.226306
39.8,66.13729
0.4099999999999999,168.71504
8.963,90.82448
23.767,238.65474
61.56,101.65632
49.753,158.25343
31.987,287.20633
13030.997,10875.122
0.564,162.98724
0.046,50.07152
2300.943,1192.1353
29.617,83.48591
32.187,155.23123
19.883,309.19568
7.913,163.71552
27.14,34.787792
109.953,207.98334
9.843,367.01303
259.543,220.4186
10.964,84.12858
0.607,75.293076
0.296,189.83466
150.593,363.25247
20.97,5.9107933
9.663,424.29636
40.787,1161.0433
20.447,924.1249
256.647,743.94836
40.56,295.34262
31.067,206.13353
338.776,195.66191
19.864,65.66291
29.207,300.89185
158.957,270.27625
29.607,368.137
80.176,163.50693
19.49,225.98137
100.6,91.80138
91.17,154.54262
10245.67,4066.2556
199.69,693.48285
0.14,96.37391
600.126,1327.3212
60.202999999999996,200.8137
259.387,108.87285
70.72,228.61838
11.124,150.55182
47.907,146.48024
412.49,658.8338
44.23400000000001,94.0225
2321.63,508.34744
20.33,18.212774
60.016,92.03457
9.373,46.268364
1113.65,948.328
419.79,299.65308
19.58,92.48902
161.16,223.72075
5.963,63.39022
4.627,183.99374
20.807,37.995525
18.864,929.6274
45.37,147.56586
19.66,90.17632
29.837000000000003,445.78836
8.824,192.05083
1735.046,878.43335
28.973,18.266588
9.473,185.82733
18.734,117.06865
10.003,147.81824
100.27,67.96969
29.08,79.9497
10.433,373.06058
39.343,174.53897
19.637,278.3796
60.202999999999996,41.76321
30.786,203.78851
9.816,91.36136
20.69,248.34676
0.44999999999999996,91.861206
139.553,177.4152
20.167,276.52927
91.17299999999999,255.02454
20.5,111.06507
9.02,89.55004
974.7499999999999,701.76605
103.59299999999999,826.5921
9.933,134.67805
30.264,101.04491
109.744,197.08223
14.787,94.39347
370.05,184.4141
0.71,111.12268
39.883,94.15671
10.769999999999998,73.97745
309.863,165.09605
10.719999999999999,184.30821
720.0830000000001,197.1134
0.327,320.29434
6.607000000000001,659.49506
79.663,828.8683
7.787,202.08278
11.916000000000002,83.94604
8.93,74.57189
21.919999999999998,215.02432
161.593,101.39096
10.63,112.23096
30.140000000000004,123.17681
50.17,294.71442
1979.85,78.5778
540.446,339.40433
38.813,105.745735
20.04,208.8652
0.31,267.8732
149.62,108.6439
370.24000000000007,330.54294
221.043,1260.2488
30.857,141.58824
19.953,171.7016
139.403,238.86986
40.89,856.23157
680.06,318.09332
20.297,5.40181
646.3,298.63828
335.546,274.20694
266.623,927.4141
0.7839999999999999,87.967606
127.703,227.70332
21.227,78.6772
9.744,941.1993
41.053,95.99265
10.224,92.82258
260.436,251.31412
8.513,175.57191
21.369999999999997,439.9557
110.34,93.23181
9.84,111.21233
19.996,165.3732
0.017,198.88506
1179.223,1043.4552
10.233,45.955746
21.013,211.67273
9.063,101.06428
420.36,229.59184
320.883,188.19804
909.983,212.65874
669.07,211.57454
15503.806,11110.337
109.69,159.80087
29.863,59.084057
9.474,128.61702
11.277,463.505
29.966,242.3457
4.517,103.69342
0.063,86.56607
790.1170000000001,490.77048
11.417,169.80978
3819.1969999999997,844.95764
9.327,163.04099
19.53,66.35788
326.663,223.6832
8.147,70.97855
29.897,187.70891
9.924,476.6692
79.596,155.76357
209.55,156.15027
49.797,328.40518
7663.6,119.49692
0.577,66.63795
22.03,91.17422
741.133,108.44723
19.943,103.35966
139.85,89.74405
18.153,155.23123
20.727,63.435238
20.907,93.905106
420.097,717.3571
172.207,296.81018
82.223,109.1998
26.297,506.23572
50.26700000000001,210.60983
30.746,95.32113
414.49300000000005,2366.4424
209.934,1022.3478
349.367,1678.8945
639.06,335.98914
9.937,90.89115
1.677,215.49265
11.167,258.4251
27.742999999999995,228.95976
159.847,130.6433
0.564,126.676704
0.64,67.106064
40.156,411.47455
110.033,248.01578
379.99,159.11052
7357.437,1219.6447
258.85,805.28375
49.32,337.3955
232.09,566.0932
59.093,183.42967
60.687,301.68564
7.58,45.800167
20.17,119.805466
46.017,112.949524
89.33000000000001,241.86511
233.56000000000003,427.5428
10.143,372.42316
19.23,460.25104
9.253,100.50335
28.973,715.72644
9.924,97.30945
30.37,85.45019
390.15000000000003,360.42825
7.619999999999999,114.663895
1700.103,123.744194
60.22,157.40907
9.83,934.7546
0.107,163.78506
1224.17,416.9002
9.123,153.63249
28.964,225.74501
19.923,206.78757
40.283,134.87936
210.01000000000002,127.076065
0.297,119.546524
9.587,85.848595
29.746000000000002,392.3346
21.007,892.11115
20.173,203.12447
44.536,84.58556
9.833,93.951706
16070.516999999998,256.66907
0.263,85.1517
7650.176,220.96942
0.11,147.28331
619.773,479.38364
10.294,128.56119
34.057,80.17591
1320.03,808.3063
30.973000000000003,180.21805
49.036,206.73724
4.166,495.3615
228.723,171.31346
239.97999999999996,696.68604
39.003,123.057625
20.136,277.15427
401.11,305.7479
329.9,112.14558
1.56,136.96
0.0,129.32643
139.79,200.25761
260.11,588.0675
11.687000000000001,90.7744
39.703,67.097755
8.567,57.253273
9.567,139.64708
27.894,101.99822
18.046,149.75539
18.606,44.57451
9.026,147.95981
20.52,95.41474
30.726999999999997,54.115463
95.217,222.25188
32.01,127.966866
79.083,190.27556
1590.5329999999997,272.02463
20.003,155.40503
9.653,613.1664
10.163,997.23724
21.826,49.645477
140.163,1752.3484
219.927,126.29448
109.91699999999999,619.82605
367.257,66.157974
8571.81,175.67097
19.993,18.247355
9.134,56.843266
59.586,191.10094
236.827,507.98343
649.75,69.22171
70.96,188.62973
1593.697,1290.006
60.34,828.93036
10.593,102.18115
133.56,659.49506
19.68,89.640854
19.796,60.815792
29.48,38.13184
8.64,72.85718
178.476,98.00131
7.12,156.13306
10.11,99.24297
90.053,66.94613
9.73,100.500305
10.333,105.0756
8.676,109.235855
356.89,666.7217
39.983,51.344936
289.773,287.60907
30.89,67.53182
0.063,129.67291
259.84,1111.7854
39.91,439.02216
59.826,108.94217
30.573,232.39673
8.784,67.48515
28.92,127.83532
18.84,134.18352
20.54,115.54248
454.036,1108.457
6.443,48.138237
200.26699999999997,90.66851
956.987,483.87183
10.963,274.52078
370.42400000000004,422.27344
10.840000000000002,134.34744
10.42,224.0045
100.133,92.1723
29.913,153.6882
381.344,224.73486
0.05999999999999999,79.098076
40.873,133.29149
28.987,101.08967
58.794,60.259487
670.844,1388.586
235.46,300.7579
177.486,162.3329
138.76,424.2551
30.657,183.62912
129.6,461.35422
2.9269999999999996,194.91046
141.11,666.0712
22.327,182.56808
41.06,212.03183
89.58,205.97679
19.393,493.13907
960.364,577.2656
32.177,653.74506
99.64,202.35641
9.944,279.23108
0.14,127.29708
1.063,154.60933
9.767,134.28816
17.56,124.95529
9.477,110.29599
71.04,166.47176
29.287000000000003,218.97855
29.953,185.01474
0.376,219.05638
120.054,213.06902
222.323,120.63896
18.483,205.22818
9.316,100.158554
1027.564,745.63495
0.017,133.37827
1280.023,2256.5132
10.077,128.35188
19.443,76.787315
78.87,14.757989
0.093,59.04558
229.944,20.571808
70.277,250.9605
140.02,122.77031
1220.226,781.67633
40.877,38.412384
106.887,341.0572
10.323,88.13706
68.783,93.455444
21.147,250.11671
69.89,268.53937
389.824,211.27156
9.387,92.2735
850.2659999999998,1108.9512
20.197,93.2524
530.32,238.72417
370.546,295.20142
0.827,90.22603
29.197,148.39688
9.59,191.14859
810.483,1169.6802
1321.72,548.0463
19.83,63.89047
0.017,127.17192
40.254,167.0436
28.037,180.69707
19.557,90.34288
11.016,42.7139
108.044,92.750626
9.86,125.73104
0.093,136.12825
20.83,96.92946
0.6699999999999999,163.70493
90.02,24.20017
9.71,130.4963
0.487,35.930798
9.767,116.741585
130.556,150.44125
29.177,108.13144
30.32,627.78845
501.096,658.38257
640.83,540.7387
11.12,12.632988
9.344,82.68787
39.797,142.01569
89.553,224.87172
19.493,198.77379
0.046,101.34033
29.956999999999997,120.12812
30.06,67.381226
19.95,64.06649
10.136,88.36657
29.867,56.67166
0.8,68.703445
0.9860000000000001,62.758434
20.384,624.7143
17.9,172.94547
29.300000000000004,147.5839
1.33,50.75196
279.897,505.2935
1.237,132.52364
459.38,400.79514
95.273,391.47424
9.386,114.051575
9.94,161.22702
9.29,118.39823
20.033,211.00333
8.0,95.02869
10.676,209.90024
9.047,163.70493
400.796,355.7666
30.034,235.26935
60.656,244.72157
1014.163,255.65854
30.173,245.40471
121.8,91.45178
359.297,306.3222
8.82,59.34757
3919.553,1005.8167
452.09,513.55334
30.167,366.39026
10.02,349.33398
0.7039999999999998,127.5032
75.474,636.07477
559.203,498.64493
9.77,129.3557
59.536,120.78224
230.05300000000003,500.52673
70.057,114.0667
40.733,104.550095
62.316,125.33759
0.39,106.31884
1171.83,91.40383
50.816,527.9901
59.304,150.66165
59.17,1274.7064
4616.787,694.2251
1471.853,396.8024
100.37299999999999,169.91017
19.483,183.49419
0.72,124.36546
59.99,83.46398
171.59000000000003,233.83318
20.81,117.19348
28.05,154.89703
48.007,79.21133
308.954,324.9051
30.77,113.277725
10.832999999999998,6.6216025
0.207,104.07325
20.01,409.2347
50.903000000000006,59.192932
99.21700000000001,201.8321
20.436,553.94525
1074.743,583.1025
0.25,20.596746
219.42000000000002,457.93256
1649.43,267.69427
70.27,364.8432
209.776,60.17564
39.18,132.64392
20.034,164.60466
28.842999999999996,81.64806
0.33,91.00215
28.654,278.0953
8.597,132.53859
839.886,695.85
1090.253,1126.8915
3.564,98.01706
11.083,171.7864
2481.926,1157.0947
20.114,134.26399
210.174,233.64497
33.607,212.26213
10.05,53.913086
109.814,164.67795
191.12299999999996,869.785
10.03,276.1681
74.71,620.23755
0.013,111.9384
0.424,370.31293
20.107,435.28464
29.983,618.73846
37.706,1416.0814
0.017,120.038185
10.06,72.29445
30.003,124.36546
8.52,273.809
439.4,404.09802
21.533,204.39708
68.217,51.745678
0.7540000000000001,47.379673
9.75,70.018
9.62,81.40985
0.14,157.0534
8.22,172.42392
19.777,5.40181
102.09300000000002,63.96672
40.033,161.29437
0.467,212.84108
60.27,379.1734
40.693,594.3015
1319.133,1172.9939
49.67699999999999,103.9176
108.95300000000002,234.25839
19.893,226.74931
28.923,219.66814
9.584,570.3377
249.587,209.6274
49.017,59.489212
9.964,300.5246
29.683,135.15569
140.326,628.8313
59.813,204.81534
11.337,24.042341
14.56,231.70464
9.36,265.1859
10.892999999999999,144.82272
300.21,1430.8757
240.187,253.77254
10.133,594.75055
20.39,314.13898
29.667000000000005,135.86281
8009.99,729.4329
80.397,101.78286
0.17,93.80962
9.153,94.18459
0.763,281.48257
0.5,59.04558
0.763,62.170166
29.123,81.440315
10.234,994.07
21.58,109.00054
59.830000000000005,106.97172
1027.81,181.15335
9.004,95.42313
40.337,81.64725
22353.037,20634.775
249.663,178.69977
179.993,690.7507
0.013,227.40456
133.383,227.56241
20.477,70.74613
16.55,87.98864
0.033,15.87982
10.79,84.24195
19.343,158.20793
11.252999999999998,353.59177
9.854,206.7806
60.237,226.20229
20.437,89.224945
11.020000000000001,95.19435
50.23599999999999,1365.8932
9.367,297.31396
148.82,82.26988
41.71,92.36682
10.953000000000001,20.314384
0.157,124.16772
31.85,305.89963
71.347,365.00848
61.156000000000006,174.9917
19.31,143.62659
98.824,262.4347
21.066,207.84236
0.9729999999999999,127.911285
1.313,138.29631
40.11,1050.8555
10.024,57.454044
10.007,618.73846
39.05,670.5362
4175.91,1285.5187
59.723000000000006,273.80704
319.903,37.5308
99.696,149.76302
1061.633,33.800655
3421.3030000000003,344.66714
70.137,149.05147
19.256,205.23888
18.85,50.92504
281.733,207.11488
10.61,100.86427
780.03,54.65206
19.973,200.3547
231.834,87.6437
21.207,94.30361
100.333,276.52255
40.473,183.4801
191.453,94.67392
19.647,77.17331
433.46000000000004,277.8964
121.93399999999998,624.32465
0.107,170.1928
99.36,263.2002
202.09,701.33417
360.283,93.558655
99.923,243.78036
38.206,207.74207
10.213,81.06233
19.68,91.153244
1418.157,563.8235
31.0,165.7667
19.364,282.07718
189.974,100.63497
120.107,215.64244
10.593,133.52995
190.013,42.76092
29.784,272.11536
160.13,343.79736
1238.1,567.99274
49.717,182.38277
134.644,198.07364
10.8,91.962265
19.88,64.21689
10.08,127.95999
20.064,197.02106
0.36,89.74756
598.273,6457.743
0.22,117.70128
2.063,157.35066
99.847,94.60184
10.597,81.40985
8.893,151.79057
70.993,221.3943
69.857,501.1017
0.11,84.87291
9.6,169.80978
39.786,217.0544
76.833,1186.3297
60.677,93.87284
2383.407,543.54956
20.09,58.765587
30.063000000000002,137.29562
200.557,198.33824
129.117,376.82605
3648.8939999999993,645.37994
9.287,80.817375
180.21299999999997,212.88371
239.823,355.62363
28.017000000000003,47.551563
9.9,136.8177
11.094,160.61353
689.453,859.9108
20.753,41.705063
10.236,147.51859
10.623,89.30406
0.39,127.38462
960.0799999999999,1432.2373
142.37,108.24414
7.75,370.53287
0.207,512.5488
139.997,237.81535
190.227,341.85013
69.91,119.696236
180.01999999999998,78.03965
2.124,478.38904
10.033,75.38574
185.876,730.846
29.046999999999997,17.654842
29.313,137.08923
20.7,94.51391
19.833,166.97932
19.597,242.34615
99.023,123.41998
318.977,412.14777
0.14,71.44367
20.117,6.2919135
20.73,56.13687
9.303,91.32432
9.2,303.06073
20.354,161.50708
296.217,373.35284
31.36,220.08464
1.017,88.67336
10.137,102.8871
0.267,718.9679
60.18399999999999,662.5765
8.607,126.961
279.747,123.24782
18.737,187.10039
10.39,70.87617
99.54699999999998,220.65674
929.7930000000001,1133.2965
8.54,831.992
60.35000000000001,323.76074
18.947,163.10666
258.996,106.1838
660.866,67.25871
10.026,110.77135
1659.5769999999998,232.2744
20.726,155.5612
110.91,90.900406
0.733,289.9529
109.877,211.06387
101.14,53.04744
41.72,80.087585
710.6229999999999,519.7127
9.514,245.9444
0.064,126.42461
10.503,171.072
129.103,154.88252
0.173,102.8871
39.283,123.03813
380.666,920.97485
29.984000000000005,84.31484
98.72999999999999,440.80383
590.87,781.5757
399.9700000000001,108.05494
0.127,80.90261
120.18,141.11931
80.93,138.54851
12.144,83.87509
4445.543,433.79233
9.954,74.91662
60.253,192.34937
3.1140000000000003,25.360691
9.793,196.64789
29.126,91.72355
540.233,248.08563
20.267,1497.2881
20.684,209.37917
1927.6430000000003,1276.328
21.056,155.11238
9.384,95.69132
73.57,117.678215
89.73,10.725835
2866.0559999999996,429.08316
10.974000000000002,95.16532
10.373,230.68285
1.7700000000000002,58.73386
0.877,13.226306
20.193,81.15939
419.8399999999999,226.4633
13.527,176.2461
0.703,259.08093
15.486999999999998,162.29544
20.66,147.84276
530.536,93.34661
89.983,281.266
2150.78,440.70224
49.503,18.738949
19.467,144.82272
0.69,172.8278
15189.853,3733.96
19.816,156.95972
381.25300000000004,663.09
115.466,105.17367
19.774,231.02766
29.92,80.29697
756.86,464.9322
19.913,86.07969
14.2,424.28268
40.047,166.14413
51.04699999999999,228.28754
41.116,118.38607
11.256999999999998,742.6074
1779.5470000000003,688.8207
60.617,1159.059
30.147,402.66992
10.264,79.657234
90.37,107.7061
19.323,1350.7305
40.026,207.93712
0.107,87.034874
1.0,84.62969
142.044,162.34447
0.39,62.831024
300.056,373.40985
460.96,213.00475
78.193,128.00513
50.33700000000001,128.33507
18.923,144.90677
188.357,248.64072
250.133,262.91266
363.86,273.0932
90.613,235.0833
19.667,98.85267
10.027,180.90988
30.500000000000004,290.67374
59.79,546.8445
8.814,12.52127
20.033,1579.2697
0.297,22.593985
9.26,131.14772
4367.026,514.1569
141.906,135.6293
9.813,212.06525
20.56,63.56492
788.63,564.98883
31.07,137.50996
9.637,59.888584
99.777,121.033615
19.953,126.06041
799.6130000000002,302.16885
20.063,188.2301
119.017,165.61565
30.326,91.64869
10.097,156.12425
131.39,85.289024
39.453,210.43407
31.377,40.20246
20.413,33.45835
91.013,249.60733
19.9,61.12714
140.0,275.26627
9.503,76.21461
19.613,97.335526
49.980000000000004,427.95316
11.260000000000002,96.05026
1928.167,351.77707
0.0,150.45819
29.766999999999996,152.31398
19.77,228.31583
1.563,346.96167
589.617,1200.8896
39.52,265.65195
10.99,81.17678
1.723,149.41759
10.59,101.70957
29.96,231.0213
19.42,230.96248
109.077,575.5608
40.92,78.98923
250.68,1357.6912
20.303,197.15334
3286.65,1039.4391
1.144,85.18664
19.396,397.09775
559.093,306.57532
140.417,713.65314
19.49,121.199585
150.083,171.06914
9.1,74.110725
32.113,54.007534
29.143,244.9037
0.063,96.97202
359.323,972.9803
6916.2,1020.2861
10.207,58.84125
30.867000000000004,1132.1698
49.757,128.43167
7.109999999999999,259.76324
20.89,152.19481
178.597,263.40036
58.870000000000005,228.28992
548.013,369.59335
370.467,621.86584
2.23,75.43407
99.96699999999998,116.99234
20.183,114.10116
1350.09,220.97215
19.75,85.45019
81.47,135.4451
11.28,96.70034
29.780000000000005,62.870193
9.38,45.675446
11.376,76.80169
209.297,1115.3696
10.81,150.44864
0.017,242.83327
19.057,208.10219
0.013,111.24357
9.896,42.251545
4.74,97.93325
10.633,96.450195
59.847,113.020515
20.783,156.81674
25.060000000000002,132.32039
50.126999999999995,148.01677
420.186,401.9579
30.210000000000004,107.13559
329.963,12.367992
19.39,131.48106
19.48,63.154625
59.184,177.34857
191.173,900.6736
130.07,185.276
201.00300000000001,39.430984
0.627,134.91953
4.6,95.51244
9.473,88.398834
588.713,84.11725
79.28,278.61304
8.267,147.75671
1707.103,3637.2217
490.66400000000004,385.90494
60.13999999999999,173.63393
11.467,131.53722
87.04999999999998,258.0709
1356.606,260.74344
11.453999999999999,107.964096
0.75,130.70593
30.047,208.02289
19.814,124.56788
1.167,130.10902
49.14,96.63967
56.632999999999996,778.5772
1.42,149.66447
1.517,90.47487
140.394,156.99342
9.067,189.07767
9.957,204.47333
10.5,305.93747
19.13,103.55623
40.373,182.33731
900.373,263.45908
24.4,158.46478
246.987,303.62036
155.287,923.384
9.993,130.29993
8092.213,1585.6432
0.013,58.221657
20.073,86.173225
0.186,79.929306
118.62,151.64417
229.88,219.00546
110.52999999999999,174.89821
19.57,345.24478
159.813,413.31558
45.900000000000006,154.22104
0.796,76.920845
70.183,72.87476
39.667,167.61345
76.363,219.7607
30.88,436.91986
59.933,86.77007
81.087,135.98119
150.973,186.44543
20.08,180.31702
390.213,1155.5743
290.753,256.34964
30.359999999999996,204.77664
0.017,91.47119
9.037,132.88173
8.903,99.33045
9.073,170.83932
10.004,8.450826
2.394,170.28821
0.237,86.71055
500.437,583.94904
89.626,1267.8562
616.45,241.5373
79.627,333.07175
29.806,174.19658
149.813,110.28255
11.43,75.52716
21.337,71.86731
0.687,120.45067
29.687,77.5092
40.19,54.14632
10.37,202.17995
10.04,126.51167
122.237,66.28289
70.637,185.47878
0.20299999999999999,432.49814
89.86,158.82639
40.36,107.83108
60.283,187.8249
189.89,934.6256
99.907,207.11296
40.31,93.16605
0.5,83.970695
0.566,331.40845
1.14,975.6376
0.94,71.58045
19.993,156.07225
89.47,563.14636
160.513,201.50398
9.92,219.47247
813.397,286.06253
510.296,834.6129
10.544,158.72289
9.986,148.84781
10.875999999999998,152.57373
21.09,117.79053
21.18,204.57664
0.0,99.0682
39.806,146.16843
0.547,194.4135
452.017,241.47722
269.483,824.7383
369.823,199.42973
108.313,327.22986
1599.843,438.4473
9.27,97.055786
20.076,247.8604
849.8600000000001,136.1452
589.727,225.05045
8.95,90.126656
10.867,186.28856
0.05,44.63374
41.76,191.49736
9.963,84.35253
50.07,143.7721
46.88999999999999,85.27347
20.266,101.40722
19.836,185.94585
895.0800000000002,765.5886
1141.233,97.41334
21.247,283.4113
9.517,6.9563937
0.583,78.48722
17.417,128.16829
20.76,85.94421
1700.6199999999997,384.74472
19.96,92.0661
59.566,143.53342
11.66,107.83426
88.03700000000002,172.63574
141.007,143.51167
0.3,113.324135
3.3900000000000006,108.33541
179.80999999999997,772.3006
90.91,172.38832
9.936,372.38284
359.65999999999997,98.72816
59.776,287.07336
469.21,112.04792
30.39,81.900375
2830.23,1158.086
1293.116,366.02972
8.25,154.39401
39.967,358.86948
1.346,298.28055
0.14,141.19055
549.913,369.07144
0.11,111.916145
0.094,182.25766
9.767,163.29623
0.28,107.10521
9.017,291.81387
7004.499999999999,878.1753
20.007,72.182396
29.573,157.87703
19.84,122.295105
280.114,328.62518
20.0,129.5295
117.59299999999999,430.08078
289.773,58.45378
199.723,294.02194
8.39,101.65588
79.717,76.65521
14.78,159.18507
51.703,230.83667
80.16,59.07658
0.407,97.656425
47.373,113.86594
8.47,79.81633
1742.103,225.8091
1049.567,247.79657
19.627,72.75976
180.024,61.925915
39.343,455.87332
71.23,178.52802
51.12,279.87994
10.057,76.14331
19.133,346.0538
45.824,639.0549
169.703,115.38187
8.2,136.9278
9.854,83.13501
6.486,89.02954
19.973,57.431343
28.62,110.342476
39.16,181.6564
8.94,127.7136
20.99,92.26337
19.81,132.81895
249.873,278.53122
10.01,144.48654
9.53,87.18984
19.703,86.64394
0.22,81.88702
0.08,231.86087
2057.727,657.897
389.23,346.1761
9.86,90.92173
300.377,95.33729
20.283,90.26976
31.11,188.4344
423.62000000000006,341.42447
906.146,540.9157
239.59,434.41428
409.647,363.91388
60.017,286.09763
18.813,397.20865
9375.773,9867.486
200.846,583.5308
249.907,149.37253
19.846,97.93325
247.42300000000003,132.6431
99.503,100.38146
20.507,89.846504
254.103,431.72437
18.406,151.36842
639.563,1372.1514
881.81,566.09344
21.31,209.55342
2391.344,527.3785
19.927,398.30002
829.8,308.31873
119.98,227.25885
890.053,14583.448
59.627,99.327705
19.543,166.0971
26.074,230.52187
20.773,60.99703
17.893,219.96869
149.96,196.24637
29.097,32.34068
90.716,68.0978
0.187,455.62
591.737,2449.7932
2.107,189.83466
0.093,109.471825
100.81,108.22577
0.69,136.17981
0.127,125.937454
1420.06,840.922
20.736,53.303833
50.050000000000004,48.189693
191.044,84.066895
30.83,101.61793
80.176,199.76674
269.653,128.04648
39.893,228.85687
30.140000000000004,95.268295
130.537,74.17015
39.593,157.16962
49.074,134.39667
30.746,160.97614
10.097,81.54519
19.02,12.103207
41.093,145.00371
8.206,354.26068
249.75399999999996,62.81144
879.913,299.6979
490.084,181.60684
19.31,76.95008
0.876,88.45148
20.1,775.76825
2778.3330000000005,3208.585
19.623,124.20384
10.747,89.576645
131.254,162.34492
1.16,42.797226
29.68,380.62988
11087.703,555.0183
29.01,291.34027
27.876999999999995,66.68984
18.866,230.90443
51.833,90.516556
39.803,112.769966
553.85,628.0383
1.177,127.296104
259.517,146.72304
9.693,87.98864
170.693,19.494226
570.48,349.33398
0.233,61.21555
8.413,147.9011
49.734,192.57358
99.113,308.03775
91.343,94.99582
10.78,134.49374
9.61,75.29258
10.317,143.57811
27.447,326.23898
1820.97,170.17369
39.374,133.59732
1575.96,3048.3892
99.79,95.94121
10.067,144.69139
30.353,187.98824
38.787,10.13766
0.39,102.37565
38.634,80.40612
7.103000000000001,47.21928
0.22,135.2076
10.25,10.3008795
59.584,158.78067
349.74600000000004,232.48323
90.117,755.17084
566.32,65.21372
10.0,60.490284
670.047,414.5028
518.156,589.0785
30.99,428.5335
69.46,154.7805
0.72,6.9563937
990.314,113.1266
18.693,227.13443
19.41,75.03586
35.92,423.8588
30.483,205.82512
60.1,95.52274
99.934,107.28397
0.733,79.87653
749.827,594.7634
69.14,54.9424
293.773,187.80138
250.036,498.13074
880.176,86.901955
3.03,428.5393
19.59,453.1233
9.01,133.72592
110.843,91.56474
112.23999999999998,958.48773
30.18,32.892715
71.76,123.11814
0.25,88.910736
10.633,453.1233
178.98999999999998,145.42842
0.127,165.2924
62.09300000000001,116.172264
10.137,110.65618
710.6229999999999,139.46338
38.17,94.92588
119.356,208.75806
26.72,164.08075
9.827,207.06268
30.203999999999997,55.031933
39.99,122.12002
250.76,12.452317
13158.493,3012.9314
29.89,90.30703
180.33,348.93634
140.59,308.1454
20.097,93.96909
9.12,163.40533
447.05,409.11563
219.424,181.63034
31.029999999999998,247.16682
21.98,53.035763
24.423,256.56876
4022.22,918.8077
10.12,135.77919
10.407,162.16948
19.97,48.847637
20.467,87.05477
29.133,130.6919
20.066,74.59319
18.186,231.69936
18.993,95.134995
349.7,188.77318
18.74,133.8194
28.433000000000003,106.300995
179.96699999999998,188.2913
3682.124,508.73117
240.194,119.39018
49.723,209.35509
20.78,338.9117
109.21999999999998,160.50018
9.823,115.32169
0.017,136.86342
440.3330000000001,312.30472
20.083,96.60932
4.087,253.6248
70.573,716.80524
10.27,139.04242
0.343,110.50218
654.06,282.90533
10.186,138.12733
192.457,701.13666
20.643,192.57623
20.82,58.837574
0.047,129.14874
0.326,159.71762
350.15,837.2537
179.12,714.5827
0.577,128.78923
0.533,333.75375
840.67,757.4203
0.11,96.884865
180.833,124.40303
19.836,98.01706
11.163,137.28336
159.586,175.11649
529.597,460.52692
9.364,137.64273
11.527,262.5321
110.83,248.65393
89.96,621.30554
10.06,136.47752
60.123,121.77304
70.06,121.02043
25.303,182.37343
19.103,49.85148
0.034,93.96021
0.017,117.19348
50.823,88.45408
11.05,58.889458
201.073,57.891712
8.903,99.83625
8.67,89.3041
21.067,75.15222
79.827,171.04346
30.863,102.415764
20.596,202.71678
90.8,222.33305
79.553,495.1077
61.243,169.7957
20.2,226.66568
19.987,83.37886
60.11,194.90572
0.827,147.95981
9.076,133.43103
48.017,174.76016
90.836,155.81175
19.61,89.08362
26.657,97.148735
1070.627,869.238
859.36,186.79845
18.737,164.12862
1233.54,1169.6715
0.034,161.01683
10770.75,2645.115
30.9,126.388725
9.596,147.28331
79.543,98.249985
42.53300000000001,131.58061
139.957,165.86688
539.737,173.30586
39.553,56.86607
11.393999999999998,47.496674
359.89,466.11322
19.93,99.068146
46.6,48.138237
10.75,13.226306
10.26,88.89378
19.58,127.66916
1843.943,1086.8591
439.92,177.38385
89.953,228.76614
9.047,103.311554
250.0,100.67917
211.61,153.4849
178.983,229.41025
0.076,135.04027
20.98,134.87103
429.06299999999993,96.12095
70.147,117.30466
29.853,98.02569
6.24,90.847
940.223,1062.936
8.274,131.76065
0.174,59.34757
219.553,451.08295
7.993999999999999,141.19055
17.833,176.28255
59.27600000000001,90.788574
211.22,21.784624
1.623,50.2408
89.71,444.14108
62.75000000000001,255.23111
30.01,101.4246
7.993,97.60904
10.08,97.10347
59.349999999999994,278.11584
968.8499999999999,318.58368
1309.817,102.0286
848.3070000000001,97.3395
19.613,307.73157
39.68,212.84108
0.046,81.17412
19.487,202.71678
80.993,153.90027
9.974,189.69547
0.866,93.71353
9.836,133.45348
99.983,634.5261
19.596,97.043274
76.053,199.09381
29.86,65.05436
62.097,147.94186
17.0,48.409897
19.753,352.93387
41.737,149.61919
9.893,96.60987
29.996,108.29739
8.837,63.154625
19.973,208.21365
0.363,138.44324
8.853,125.644646
2969.1,1551.3535
100.197,172.83353
30.283,4.6955786
21.34,96.440544
118.78,157.64992
6607.053999999999,2410.1338
159.673,295.60168
8.41,165.37863
11.18,59.56021
1.297,172.60706
2323.604,843.245
50.212999999999994,219.03143
19.15,204.73616
170.054,161.59096
279.097,66.964165
60.98,28.783375
0.029999999999999995,55.39718
21.253,251.23076
0.237,76.68271
11.527,124.278755
9.113,133.89957
81.17,280.07333
4356.44,267.94452
56.596,84.88511
250.417,159.17107
40.27,111.71514
60.164,349.69537
56.04999999999999,132.33945
10.26,38.350174
19.927,196.64789
50.517,100.48045
9.917,559.2547
28.897,67.2359
29.956999999999997,91.57205
9.643,94.18171
60.747,88.352036
419.6,162.94376
680.73,583.4517
10.01,85.27347
151.103,402.11044
220.883,516.34735
50.187,62.70296
19.33,121.94519
120.05,138.38026
20.304,59.667454
19.95,385.96936
149.864,420.1166
100.673,341.30606
6.885999999999999,12.970401
100.43999999999998,334.27734
9.38,181.7716
558.67,238.44365
9.893,334.68347
39.593,167.10263
2909.4,293.20065
149.783,6.9398775
10.927,98.710686
79.234,127.36373
18.36,167.4547
139.86,62.83713
399.16,317.3869
29.82,206.55286
29.216999999999995,80.17591
450.196,188.38055
59.647,174.5366
37.717,454.8974
41.113,597.7983
49.83299999999999,237.44029
9.37,223.42728
0.407,230.43365
7.170000000000001,124.365585
19.687,134.44183
9.487,158.00392
9.81,91.64628
100.563,204.97316
39.997,122.770355
89.994,182.3741
11.447000000000001,77.04026
3.474,87.444984
0.347,496.15414
21.347,129.95874
91.96,156.66914
22.136,130.7068
18.833,91.93272
9.67,191.5032
241.267,92.698395
10.45,99.675835
201.04,190.39157
41.17,174.51198
9.343,150.74803
0.093,86.93555
40.433,47.690105
2.846,145.42883
79.1,188.73933
111.483,297.4163
179.76300000000003,1725.1252
609.946,865.98846
29.91,65.50653
19.813,115.66691
0.97,110.77135
20.557,88.23996
40.82,210.60173
69.167,161.19049
160.867,241.48384
30.497,79.76173
230.43,299.93597
238.783,1619.5687
150.543,93.295006
140.237,226.42406
70.55,659.7332
19.227,67.57388
18.717,130.61859
30.993,547.6022
233.314,122.70278
0.187,84.6769
0.013,99.080696
91.123,86.05201
19.78,19.500275
10.164,105.482635
20.157,135.24515
39.39,532.52216
50.033,283.4757
41.2,144.61171
239.3,357.1684
20.707,103.14381
10.39,83.19858
10.33,140.23204
51.96999999999999,80.79065
9.533,64.88805
22.950000000000003,91.6992
20.223,92.93209
69.187,220.7699
209.86999999999998,379.62082
28.886,106.2514
12837.483,1355.4264
9.37,92.56366
23.073,497.0496
290.517,86.70163
16.3,112.14565
498.38,3071.4832
0.127,84.43523
48.956999999999994,134.74017
90.06999999999998,195.94893
149.267,93.39333
170.55,154.43787
9.867,221.44946
29.954,85.94792
9.737,84.35253
0.763,85.17428
129.957,458.0348
30.2,69.00077
69.073,502.25
149.74,181.90154
9.977,166.3538
8.617,97.97486
19.587,226.14395
509.69,409.50348
18.46,105.704445
19.59,661.26483
30.210000000000004,158.09299
191.04,101.60801
40.1,24.140226
14.176,868.8013
101.363,100.13835
21.02,13.879574
9.12,96.93014
69.51,207.23573
18.79,270.35913
9.927,228.45479
48.39,157.35066
0.827,127.673225
10.534,163.07858
1750.773,195.27711
20.313,135.7328
22.019999999999996,76.32678
290.837,206.23058
0.86,121.462036
30.636,165.93529
229.33,192.21756
10.204,180.6365
50.034,128.03801
0.43699999999999994,144.863
130.667,38.731983
0.347,583.79956
79.867,808.1271
19.907,169.05092
9.9,189.94302
9.116,278.0933
88.944,78.2618
20.227,835.0732
166.367,972.48517
70.72,123.4426
339.663,603.04095
171.163,308.66678
29.349999999999998,106.501625
9.093,88.53077
855.1970000000001,1104.3102
20.08,128.51329
1.047,105.60619
350.394,1050.0017
100.317,561.4348
15.263,49.179985
20.45,191.66452
18.417,109.19599
9.583,93.07052
60.303000000000004,97.50047
10.06,152.94696
159.94,251.42972
20.557,89.91461
730.143,1013.0988
19.75,147.35065
326.243,801.42285
0.029999999999999995,137.50063
0.12300000000000001,163.93077
2742.034,657.83246
900.37,562.89545
0.357,98.87708
1.313,35.25628
0.156,119.84205
6523.249999999999,1418.6405
10.134,152.74026
10.35,124.56788
19.947,108.95081
10.304,115.60217
52.37,56.71133
41.273,193.78687
90.51,204.3126
46.883,53.713017
21.469999999999995,132.95439
19.424,79.34079
9.953,159.96768
449.703,608.51807
0.153,106.4445
0.0,80.18041
410.223,232.92625
222.03699999999998,271.3135
770.0830000000001,651.7532
0.143,147.44185
30.453,343.25
21.657,79.44308
10.98,85.3178
40.033,456.71167
1210.647,94.652794
0.66,209.8669
290.077,114.46146
31.367,137.11314
40.927,174.23026
29.400000000000002,131.298
31.183,229.64217
31.017,568.19
2300.97,429.23938
8.877,92.75937
2040.087,362.23373
140.12,244.0203
30.217,189.00247
99.99,440.34674
19.683,259.3602
19.756,80.11011
100.06,1021.49756
109.56699999999998,580.204
686.2,932.80743
0.046,111.632965
120.027,361.897
8.907,186.01773
18.183,243.39688
99.963,111.431656
18.676,172.71022
19.77,104.761765
59.423,205.47102
9.733,50.3611
39.29,73.93646
21.016,186.61461
0.064,217.31595
252.773,819.543
2630.897,47.120148
21.0,137.6723
57.02700000000001,299.85342
0.643,25.768934
184.83399999999997,126.6162
239.26700000000002,362.92557
569.97,260.2219
259.75,552.9482
1986.68,285.42923
20.85,12.536104
9.096,189.45326
1.22,158.41733
110.26300000000002,119.69989
30.423000000000002,173.95435
120.296,1172.074
9.293,160.57964
260.94,251.98341
710.194,252.84857
410.96,150.28642
9.813,145.97919
0.093,130.40756
39.754,115.463005
179.75,178.39343
39.844,237.4295
0.033,573.0133
194.626,129.64154
13.736999999999998,427.91397
260.006,101.0872
19.834,145.01135
30.033,242.83327
306.764,60.950485
468.90600000000006,857.2659
10.953000000000001,186.39986
190.106,254.42213
2201.126,1829.0262
30.883,212.3397
9.776,192.52579
9.464,538.79846
18.777,10.725835
99.93,836.6998
9.217,207.6292
529.99,745.6246
30.283,153.75629
9.69,94.68357
509.573,295.2513
379.75000000000006,185.62433
92.153,182.23465
340.59,298.87357
0.144,127.82841
19.637,91.6036
41.874,91.12299
20.444,125.48367
17.767,24.872618
3811.443,488.44144
170.24,413.14056
1.396,85.905815
240.283,176.02016
9.563,96.13724
20.783,75.810265
30.74,230.65428
0.029999999999999995,544.3435
70.52,125.37032
1607.467,932.7935
39.05,122.469
0.217,530.9115
30.213,1794.7754
9.356,167.7589
687.934,253.88658
1141.293,252.23526
0.954,148.9407
70.017,144.68198
15.539999999999997,930.65326
350.47,1014.04736
746.986,149.48401
314.644,279.8923
28.747,232.93896
39.56,94.08717
28.823,160.34102
867.1770000000001,654.293
431.113,1011.0359
3176.7000000000003,1483.8281
999.3,879.5702
198.853,56.799465
20.466,91.986404
172.05999999999997,1115.7314
9.023,153.7725
159.183,298.72418
18.566,87.890465
102.657,123.88065
151.01,213.52568
480.06,206.5409
130.267,506.4794
29.486,303.07312
9.24,8.080014
29.94,233.42805
9.367,260.1746
130.913,179.04863
19.953,46.425503
0.187,124.8924
410.3,203.82964
20.193,209.04372
70.096,86.06482
9.427,223.23964
19.017,134.11967
28.74,293.38678
682.2370000000001,1608.4117
410.16,304.54532
10.28,162.74513
0.097,119.392685
9.783,85.99334
30.393,157.40077
20.503,134.18352
10.037,994.66815
18.47,10.60302
8.78,689.2312
29.994,86.17688
286.593,715.42053
519.893,496.98706
18.663,92.0661
300.407,122.718414
359.75699999999995,999.3937
40.767,184.61447
0.127,67.74229
10.333,397.5387
30.154000000000003,410.28336
200.35700000000003,538.9886
0.033,97.024025
19.777,198.64958
30.17,99.76911
139.024,89.50992
3.32,90.60895
28.957,178.59254
51.836,146.2744
98.33400000000002,151.85889
34.273,54.45815
59.923,153.74965
789.786,413.9203
21.303,76.445244
48.90400000000001,99.42242
10.256,12.699586
10.273,168.1198
19.007,751.17816
50.33,433.29208
28.686999999999998,142.90814
20.12,96.56875
20.69,246.4871
22787.766999999996,601.04565
209.32,58.66477
19.53,89.79959
9.843,18.270437
610.204,1159.5797
38.996,115.54248
0.58,96.22981
0.013,131.94833
10.656999999999998,127.4203
9.97,5.180119
0.22,91.11251
29.617,86.93555
40.99,84.82235
173.943,202.05649
1119.626,578.5395
219.25,837.0493
0.013,148.88687
19.183,111.874954
9.506,90.02639
200.246,239.76851
79.973,206.41225
59.363,258.82153
339.92,219.92169
13841.272999999997,6483.9214
159.8,207.66959
90.29700000000001,164.5397
20.067,20.84274
0.034,82.416084
30.394,412.06677
200.05700000000002,240.7283
179.067,469.49738
160.843,52.64277
29.817,96.52786
31.203,109.821815
0.14,74.11075
8.036,205.95117
169.293,134.6579
9.437,79.38116
9.73,69.14991
129.58,308.2347
589.98,1721.9366
9.596,115.872314
0.237,129.67291
10.813,209.32866
0.36,140.57507
0.577,123.227905
9.167,124.92406
114.277,90.847
188.183,352.7319
9.53,126.51167
110.38,204.73088
0.08,94.97792
20.067,178.52641
77.513,317.48563
240.034,132.9997
30.38,215.44444
39.783,98.770256
9.683,678.89026
759.41,335.50003
0.05999999999999999,225.83618
9.766,112.80366
0.046,180.33157
1707.9330000000002,422.60257
29.013,1203.0123
20.83,67.2359
189.124,21.979977
40.4,217.81276
9.02,211.36021
10.949999999999998,168.34871
0.28,94.25308
239.76,242.20964
10.41,96.92946
209.16999999999996,892.2832
82.65,182.80692
30.193,375.42325
31.033,81.216
11.233,83.35655
310.26,97.51276
1.18,282.73953
19.42,480.05804
641.233,1253.9337
40.854,303.2027
0.08,152.69266
391.317,179.84
9.767,93.71353
70.94,219.05638
195.466,808.5093
69.96,278.4964
11.903,70.97855
309.88,164.42618
120.1,163.56578
120.073,244.32803
69.637,261.92972
29.98,155.87602
30.987,396.6057
0.967,91.42577
18.647,154.896
339.993,72.08417
20.48,105.66957
21.033,163.71536
30.277,274.8378
11666.513,1053.5308
29.713,116.92817
800.27,62.857185
300.103,212.06525
1719.407,508.3228
256.72,1189.9879
0.733,230.77711
370.793,549.95654
20.52,86.753075
9.847,73.08352
20.057,138.32288
177.853,346.65335
1529.487,1751.3748
0.347,65.28761
9.127,74.110725
19.237,123.84771
180.24400000000003,208.3695
9.824,23.946299
120.26,222.53543
91.21,53.920666
19.647,135.79967
10.13,245.59
19.797,253.77254
309.49,93.69364
1420.4800000000002,594.8344
60.712999999999994,30.52268
0.093,112.5677
451.15,179.89322
31.050000000000004,249.34322
110.13,94.60651
0.343,110.28721
20.297,301.91245
18.71,116.807
208.85999999999999,121.685005
845.7339999999999,1064.5145
660.824,602.63367
90.41300000000001,289.7375
178.493,852.63196
770.02,478.82895
20.287,205.66068
0.047,116.791176
28.93,58.837574
40.483,311.45914
20.1,297.4844
1279.537,461.07523
90.343,330.5928
9.72,181.43036
11.020000000000001,12.247494
5256.424,1760.6788
350.23,117.33992
20.9,107.07123
248.406,68.65922
57.764,155.77577
29.787,95.97462
37.953,62.833252
20.047,134.3169
20.086,175.01918
20.58,213.90639
9.75,4.6955786
19.2,157.82565
79.717,206.79884
16.61,173.98152
10.203,149.97073
0.234,78.00195
0.033,137.63971
4.65,135.82458
48.96,287.35294
510.057,668.50433
0.703,207.14146
109.614,47.61446
19.886,285.49628
0.25,82.180145
0.20299999999999999,245.89671
20.003,232.78615
40.22,117.691986
49.44,115.179565
49.87,203.4575
131.88,431.44098
0.157,80.18728
20.04,133.96814
8.774,147.0688
27.727000000000004,180.0291
4300.836,1436.4111
49.96,83.68289
20.747,110.3048
0.296,259.73544
1.02,145.83142
69.84,208.39906
0.37700000000000006,212.84108
8.907,156.81674
158.527,230.63979
0.08,58.68209
8.94,67.812675
267.473,232.92284
560.394,272.33014
110.167,60.225117
30.183000000000003,1042.7596
5.263,77.39122
50.63699999999999,126.388535
9.95,85.326416
468.507,1340.0773
19.047,8.46414
19.073,314.5494
11.896,128.00166
229.954,98.06477
50.27,155.52498
29.950000000000003,64.77138
19.313,124.279045
167.947,155.92838
2.196,295.90323
0.237,50.2408
20.013,106.00949
280.067,247.61087
117.067,719.9227
38.83,195.41417
10.327,140.20427
149.67,12.766904
19.55,130.0084
70.183,55.283684
0.157,169.17749
14.367,85.905815
271.62,283.24042
19.78,124.86935
0.017,226.45319
609.51,489.3647
9.97,131.91068
18.503,135.90016
59.8,241.29225
656.42,747.8646
11.097,64.85483
5.143,90.41066
7.25,95.02869
10.006,79.098076
0.546,86.455635
67.203,248.32132
10.36,43.974037
40.0,114.39919
40.26,185.39488
199.98699999999997,875.1373
20.067,90.20637
899.5500000000001,90.95059
2000.407,955.2298
80.157,583.4425
0.267,171.90349
39.303,156.53119
9.426,91.73602
379.897,878.26843
38.92,169.1215
150.2,173.0721
189.88,120.07295
71.557,107.95293
431.02000000000004,213.0986
40.727,97.23031
389.76,578.6354
39.79,633.77844
10.033,168.33987
9.597,292.03867
9.976,712.1904
0.237,85.6938
10.023,124.52743
29.766,84.066895
264.377,265.00375
0.44,116.741585
50.174,118.80611
9.87,210.9745
20.31,1285.0867
9.38,283.57703
31.747,207.67722
20.174,200.99113
40.497,132.0218
1.0,121.94102
8.756,58.387012
10.133,46.728733
71.09,98.9681
10.667000000000002,28.87803
39.427,90.165115
69.403,1262.0631
9.197,124.36546
180.103,357.14288
20.153,92.29032
19.76,172.36708
79.95,470.79007
19.26,121.70075
8.42,346.6666
20.62,20.84274
99.577,100.626366
379.147,179.64859
0.453,95.41474
10.0,131.85716
79.57,125.82619
21.017,179.4285
49.24400000000001,84.20681
10.08,142.86685
19.644,307.5165
18.544,92.89121
160.836,65.96133
49.29,86.23308
8.774,338.93784
17.587,175.37021
0.237,103.31032
269.4,228.47487
159.017,517.4657
31.163000000000004,92.73855
10.207,161.8228
21.15,51.04872
109.95,297.61807
9.46,93.857216
20.126,128.35188
160.38,614.51666
7.5440000000000005,50.53211
189.667,66.79542
11.664,104.5402
0.25,62.67863
9.55,99.95953
120.34,259.18066
441.29,714.49603
20.617,220.09352
4739.39,737.10474
309.27,62.35893
10.733,132.23557
0.16,224.57845
10.134,213.08885
80.98,173.29794
202.547,177.11247
26.384,168.28966
38.787,82.334274
10.017,225.53221
29.17,97.08018
60.29599999999999,358.83997
173.62,449.0237
20.907,685.3694
20.34,227.35631
77.977,731.613
0.267,67.32207
99.74299999999998,592.1884
8.84,271.4749
8.93,273.6566
10.04,147.28331
39.944,231.48596
0.157,225.53181
69.964,84.83809
11.73,95.33392
60.147000000000006,805.7992
1.046,155.35548
20.11,751.816
19.79,220.15097
66.747,474.4033
20.146,50.458183
4.153,260.21875
790.803,1246.5175
595.99,391.31845
1.593,91.0504
9.063,484.34375
469.137,704.23486
26.917,206.83154
10.476,112.828125
98.897,179.26033
29.387,196.36472
910.0269999999999,2839.2217
20.46,85.86084
0.173,152.33038
8.99,151.59004
10.16,167.12532
9.393,126.70009
9.967,53.992157
9.98,38.6548
28.996,91.37796
19.787,183.72682
69.77,232.62068
30.127000000000002,165.7281
369.7200000000001,3970.6807
79.76,110.29886
10.09,113.366875
159.713,119.310165
0.233,749.13477
46.573,192.90808
39.327,735.23303
18.913,137.28336
49.263,224.10835
19.823,20.481342
8.797,197.76746
111.09400000000001,151.01216
30.917,115.463005
40.37,346.81586
0.029999999999999995,136.2515
169.95,121.53408
9.8,699.1954
48.18,67.60806
19.37,135.66574
19.847,204.33601
10.557,141.80647
70.42,364.3305
20.456,163.22433
100.217,587.5045
8.807,718.9679
21.637000000000004,115.86664
20.144,126.101395
10.64,185.15727
17.257,137.93207
28.203,53.834743
0.923,82.32901
906.36,833.5037
229.623,456.94736
3532.89,1793.8564
29.966,282.49628
9.933,198.21318
330.083,948.3453
2262.223,495.82407
522.074,203.33455
7.673,125.04124
810.227,864.67786
19.71,132.28006
140.56,87.34117
0.22,45.388832
18.697,244.5893
5.29,177.67438
9.59,92.12886
0.063,210.69101
70.17,770.64417
60.013,164.72623
10.046,50.33186
0.046,163.45891
289.923,1953.2908
18.783,81.6189
5150.793,1878.4612
19.88,90.37629
10.063,127.12211
190.277,53.92617
8.277,129.33769
159.16,74.89139
8.197,71.4496
659.933,119.50203
11.013000000000002,86.07969
49.22,403.29126
29.843,153.79779
40.187,942.0783
260.98,483.45703
120.013,497.18155
66.156,281.6871
53.35000000000001,85.25766
5.006,73.424324
11.127,438.6247
40.124,482.80115
10.13,75.575424
10.304,76.28799
29.444,56.86485
89.58299999999998,175.97726
0.14,392.76364
18.943,79.42829
3.677,80.30159
141.457,520.89276
19.016,243.90465
0.894,105.33493
10.776999999999997,62.956985
139.103,98.186485
30.573,656.0649
0.927,331.0056
10.023,3.858225
30.056999999999995,79.68447
23.046,303.91583
11.023,286.04565
38.89,90.6406
49.776,100.18804
19.533,132.26793
9.654,29.17928
0.893,124.811195
1119.49,122.98239
10.247,123.84094
10.236,111.772865
323.396,72.04581
8.96,110.332146
49.663000000000004,277.12866
23.097,151.25327
0.327,172.72467
28.973,604.67786
21.01,100.105286
18.893,81.08604
8.823,278.70544
550.05,91.64974
509.664,344.79236
357.91,118.64543
2.347,144.4325
100.357,278.38214
42.04,377.62457
3.0329999999999995,210.8333
96.333,84.527855
5571.266,3845.5996
0.43699999999999994,99.59345
0.597,59.257977
9.54,233.21944
4.803,111.38969
21.874,86.099525
18.6,89.85567
248.97599999999997,885.36707
165.92,853.2117
8.976,134.1665
2677.27,1209.9379
21.82,96.45381
40.263,210.40424
9.02,97.51777
9.963,93.71353
11.42,75.081985
0.453,613.93256
100.67,103.30717
29.737,160.59735
29.417,60.473873
0.093,78.85314
19.966,95.71045
89.847,39.167862
129.773,414.4686
12277.377,9774.035
18.916,132.28282
49.917,164.06221
0.827,63.05572
10.297,248.11127
199.624,3.1408827
20.877,97.53755
49.3,164.67725
9.443,121.617096
1470.96,371.30273
42.72,122.175446
760.397,394.93918
148.316,122.73085
20.027,125.33903
90.514,196.11372
19.213,130.28828
29.07,26.692152
350.003,436.41357
40.206,204.15202
11.306000000000001,58.273075
30.13,132.28006
20.147,167.07635
21.16,162.5237
9.617,97.024025
46.357,149.75978
213.44699999999997,257.3643
0.546,101.972466
29.53,66.26355
0.16,166.88274
0.297,180.33008
10.504,271.62347
0.047,106.31884
89.497,98.20114
219.31,225.85811
20.65,109.49428
28.743999999999996,144.57289
10.056,287.3179
10.776999999999997,208.31265
9.474,155.37039
118.1,123.38537
2.17,50.020775
60.87,434.86627
10.953000000000001,175.43036
381.06000000000006,188.53168
29.973,162.83952
97.957,1192.6073
90.92700000000002,138.45238
0.236,596.9498
715.87,120.28355
420.01,94.10462
3502.677,833.4292
155.107,95.47345
10.313,178.0938
48.73299999999999,132.35799
20.006,90.077
9.15,155.35548
59.79699999999999,294.7147
9.867,676.1468
29.647000000000002,177.96698
352.36300000000006,2241.1492
39.91,201.68272
9.26,85.80019
1779.683,135.02588
10.85,52.98696
99.647,333.6003
9.637,138.1599
19.613,90.66416
48.963,237.65546
0.13,165.7281
8.247,132.68517
19.827,91.42081
20.17,86.57338
2104.533,2119.443
8.763,114.7984
0.029999999999999995,155.75557
38.97,462.326
459.843,68.94656
3249.8369999999995,908.25775
550.716,457.46738
119.52000000000001,403.5846
989.7330000000001,841.76337
430.107,195.70918
19.4,555.67084
130.003,35.495464
30.123,65.19815
188.94299999999998,68.797264
8765.39,850.8854
1299.94,921.5622
11.443,252.73088
240.45400000000004,364.07654
1119.897,297.08032
9.044,126.31106
330.05,161.6867
49.39300000000001,274.22757
20.543,215.7835
662.05,150.81812
19.01,58.73755
951.313,958.50726
59.593,183.40083
19.993,20.78623
89.297,159.23604
1.233,59.71758
0.14,7.6742773
0.063,87.73226
8.75,126.22436
50.043000000000006,115.395546
61.2,251.28625
91.56,92.43289
62.934000000000005,533.5286
1055.123,555.38324
9.784,87.724686
144.57,352.55975
9.467,81.64806
61.577,456.4058
9.774,30.034391
16.896,319.31012
20.253,81.62028
0.126,54.007534
10.317,113.80584
8.453,103.31032
98.79600000000002,206.16692
0.607,47.540558
0.094,80.35279
420.136,230.72072
59.54999999999999,312.67456
20.8,120.78168
59.54999999999999,161.37254
149.78,282.83936
0.08,84.52569
0.28,96.62941
60.643,61.551506
83.92,154.5941
111.557,704.2609
49.347,90.84181
0.17,132.81895
59.163,1230.6218
480.87,981.72034
19.383,517.9248
10.033,141.95602
90.137,141.30072
19.86,115.4334
1349.937,893.061
22.894000000000002,124.279045
9.014,178.78554
32.26,58.23584
29.183,137.69823
0.14,60.97708
20.313,132.6289
90.103,174.24516
23.816,241.01341
270.07,109.817856
59.187,97.786125
37.763,161.18651
9.893,66.13729
69.983,228.9925
3770.02,381.76132
251.14,246.17676
269.244,87.29168
20.757,173.20178
19.443,167.51341
3800.217,2148.7485
9.54,74.21907
330.683,679.39
89.746,210.06932
2483.623,1535.5994
29.69,77.36428
9.837,583.80286
79.64,98.19887
19.083,37.966415
29.737,99.32962
5950.082999999999,1616.7833
21.187,137.31567
330.01,607.6966
9.85,18.212774
60.712999999999994,843.2522
7.66,87.46062
19.977,273.47446
7.974,137.70474
7.673,90.01924
19.903,60.100235
0.076,82.68787
71.826,200.0268
39.237,169.6987
30.076999999999998,110.2811
48.693,105.58636
0.487,125.937454
30.210000000000004,182.6673
109.81,163.84624
0.157,68.785126
40.266,108.92485
9.37,23.7306
79.523,355.574
18.846,1074.7555
29.349999999999998,174.02493
19.42,128.26355
430.113,121.024055
93.42,797.1017
58.817,91.38078
51.19,82.24425
20.21,1335.6587
19.68,196.47833
391.057,1064.3099
10.14,110.38824
11.217000000000002,113.475624
228.97300000000004,99.91069
6.750000000000001,177.58937
9.603,105.13789
29.297,3.4973216
9.793,171.07765
8.23,91.45814
40.627,157.94794
40.26,91.193016
371.54,2904.0608
1080.037,751.5582
10.94,154.58705
59.623,219.89417
0.42299999999999993,112.80366
80.117,108.2428
0.763,150.45819
1023.514,201.08673
50.033,134.958
0.3,249.31746
10.057,113.91848
20.106,37.995525
0.693,96.440544
450.087,237.98624
339.606,655.6422
645.48,507.6929
4.364,130.1272
18.293,280.01334
40.426,547.5089
7.22,428.6395
139.663,1541.3372
2302.587,1332.5591
20.64,46.900166
19.014,231.50769
10.83,68.25983
421.524,420.86758
8.737,76.20851
22.379999999999995,77.70018
2245.906,1678.8293
1390.0299999999997,554.17615
9.746,86.95586
9.517,85.94421
59.503,297.69785
19.8,60.237705
19.526,295.71478
9.906,193.19319
9.907,162.25093
549.89,949.3398
40.54,168.7725
164.6,170.35802
19.237,176.41705
175.067,227.06557
10.004,171.564
470.06699999999995,190.20695
9.18,70.018036
4576.9,1574.7773
1423.7130000000002,871.7015
10.797,136.98833
64.253,432.7011
0.093,124.60839
20.883,189.04276
19.247,143.22209
0.18999999999999997,287.00412
19.696,1167.85
28.457,12.980174
8.26,61.72843
149.054,961.25977
49.923,114.913765
21.197,103.14381
29.623,165.17702
19.123,95.669846
410.05,356.61734
1099.26,260.27982
80.574,77.885765
131.05,95.63343
19.13,227.49861
9.533,96.13724
8.103,102.60836
595.3,557.48865
8.646,75.03586
290.346,604.71063
39.924,105.33763
109.17399999999999,836.0588
70.907,229.78601
64.78,161.7428
158.79,396.50684
69.15,170.9943
8.33,96.97202
9.596,157.96135
49.673,206.5614
190.19,96.41262
71.01,609.99274
11.746999999999998,54.208122
39.06,327.61057
19.773,153.36046
499.246,242.63281
1430.64,204.26039
201.18000000000004,198.6288
2351.24,805.4738
20.017,92.950775
2.237,94.39245
59.955999999999996,392.86984
30.413,116.53447
1682.633,543.18304
0.11,125.97842
10.197,98.92916
29.893000000000004,80.35172
6.46,226.74931
88.76999999999998,190.83224
20.344,167.12532
0.47,85.582794
30.11,177.67438
40.357,1100.7103
509.526,287.2514
2655.383,508.83118
120.947,184.27432
118.523,467.0068
18.573,90.88146
2330.443,1433.2181
18.2,63.814404
9.727,102.46752
20.417,154.35497
490.08,412.10065
18.853,88.914055
10.897,161.98625
20.524,183.51723
99.81600000000002,91.38498
10.92,219.47247
9.033,82.285675
9.313,130.38876
47.812999999999995,598.0536
11.726,93.39217
21.303,80.57087
30.363,68.16508
109.737,89.348114
8.504,188.99689
86.25700000000002,101.63795
210.893,286.19482
190.28,135.26416
10.587,198.46428
0.08,98.53268
19.834,113.44196
79.797,1086.0598
40.023,294.8307
50.203,273.47446
14.553,176.01604
2.157,91.14278
2000.846,231.55818
0.267,208.69855
8.66,16.023788
30.216,197.5584
90.12,109.002815
18.92,128.38962
29.477000000000004,247.10599
29.247,19.59684
20.52,160.54944
9.993,243.2765
20.157,91.988785
219.53,93.473366
100.45000000000002,333.72833
61.12,139.50111
65.61,64.089455
81.963,60.64421
42.927,254.43468
463.493,558.75214
24.843,85.655205
159.613,59.072025
100.14,203.71878
59.454,103.865166
0.563,134.89862
0.173,47.496674
18.753,135.86662
21.390000000000004,136.65697
329.267,93.434586
29.519999999999996,124.79823
0.013,156.32286
115.787,862.4018
10.377,208.44417
19.963,214.7254
220.17000000000002,113.35922
1108.836,187.52568
1455.694,1520.9805
6.33,136.73422
19.157,136.7987
19.78,201.32713
30.66,176.76913
19.806,82.4096
340.22,71.16309
55.144000000000005,411.45206
10.727000000000002,125.47194
9.36,132.46043
79.76,103.62557
18.93,88.21955
21.970000000000002,126.97048
240.583,196.4471
39.893,229.65762
0.017,204.25143
101.927,1285.4974
850.23,635.4979
98.566,104.28277
0.17,58.478275
20.71,42.59551
9.75,135.77055
11.136,81.54255
11.007,196.64789
29.367,291.73135
495.473,411.4093
9.37,126.51204
699.86,160.13945
9.693,58.89316
0.046,168.23131
280.117,117.33591
99.63,313.8029
19.816,165.4561
99.773,249.31851
79.817,280.58786
0.343,89.74171
29.837000000000003,292.84827
50.13400000000001,191.96725
10.65,92.70986
20.384,64.20258
179.67000000000002,96.38711
19.196,97.35984
90.31,327.7421
9.837,58.038033
8.887,89.579475
271.61,45.311253
10.437,68.91755
61.06300000000001,150.48851
0.83,95.669846
994.4659999999999,430.8059
10.043,168.60922
200.243,77.775055
28.164000000000005,252.73088
0.016,88.08439
12.257,91.18347
19.743,82.35223
29.84,180.90399
2296.353,936.1237
10.103,138.79271
80.104,108.40192
41.027,209.34973
1519.59,314.9186
29.999999999999996,86.778755
80.053,195.82146
19.2,436.21115
79.737,142.73201
109.36300000000001,291.81387
50.607000000000006,236.79968
789.953,234.27617
18.6,208.7266
159.787,134.94081
69.826,217.70253
399.237,414.35275
19.263,87.312256
459.44999999999993,468.54272
18.293,145.28355
17.913,1107.6135
2259.957,2039.932
30.443000000000005,96.13988
60.309999999999995,335.89142
9.887,250.2085
1.156,562.1308
0.283,79.755226
10.13,96.48172
19.38,382.61795
61.04,63.943394
19.473,191.60814
23.366999999999997,792.8479
0.7839999999999999,23.955395
280.73,160.95543
1.067,95.585304
100.746,168.21756
31.890000000000004,209.55481
59.857,157.78052
10.64,107.10521
898.9430000000001,341.5097
0.0,260.2219
159.52,640.0563
10.093,104.6522
39.04,64.20258
140.373,200.96251
208.693,101.13671
20.477,248.17514
59.96300000000001,75.930305
3957.81,889.6707
380.433,171.86478
489.11,565.05237
40.107,903.61346
59.393,96.28898
9.78,80.67575
0.0,396.41956
107.537,407.44583
140.993,94.35225
139.81,706.51935
41.59,91.486046
60.517,598.954
33.167,165.26859
0.39,75.39227
4.217,200.71233
49.917,577.3218
0.157,126.51167
0.327,122.60521
9.037,28.412752
19.1,261.4476
77.58,150.61974
29.936000000000003,80.036514
59.815999999999995,93.74327
19.697,68.256386
87.96,273.3277
956.397,968.19586
149.334,233.82527
542.76,1037.1594
11.187,83.71257
5460.209999999999,553.3051
10.003,119.87311
9.867,93.26655
560.3,600.12714
7160.157000000001,3443.6975
49.42,124.8545
19.927,136.9278
319.614,291.64194
692.68,1384.0077
60.04,287.35294
18.143,87.418304
70.446,178.18251
8.983,83.970695
19.494,520.3301
8.74,94.97549
220.11700000000002,607.58
24.097,74.35616
149.883,206.78325
868.097,82.903275
20.167,123.48886
10.324,58.837574
0.297,72.29445
30.127000000000002,291.78012
37.94,286.07843
19.59,126.84269
29.967,13.8294325
41.163,268.84763
120.677,244.76591
69.51,57.45035
463.913,183.20134
134.323,335.3451
29.496,427.13583
149.903,107.89368
9.637,93.905106
220.404,905.1398
200.12,93.61797
80.053,1120.2527
20.813,84.55912
10.32,171.49898
730.0500000000001,88.51345
30.472999999999995,173.71204
60.213,254.88818
20.023,181.84422
39.623,207.20496
9.69,171.7864
107.71699999999998,1304.1213
30.186,105.732506
1127.16,2436.4026
9.05,39.109795
191.083,292.12003
9.67,238.85687
19.617,173.41429
41.477,332.19705
279.466,329.14
60.307,87.41136
208.77,628.036
3060.5469999999996,887.298
59.1,78.39397
39.957,1611.8711
20.457,104.86573
181.897,141.87253
1.204,91.530975
2291.93,1619.6484
110.16599999999998,123.31851
29.064,80.81134
130.923,262.07114
189.756,616.20715
20.9,191.05225
39.866,59.310757
1.563,78.643875
20.703,133.28998
60.826,93.053696
310.19,255.65881
10.177,125.138054
1747.977,583.66364
44.02,790.2472
28.817,268.7093
50.216,441.17078
50.71,153.34378
48.333,252.01735
19.973,910.22766
29.400000000000002,224.99857
349.837,436.74484
10.42,77.519615
1139.136,1075.7329
40.154,96.24409
168.987,149.4399
19.956,109.2265
59.97399999999999,253.62961
9.23,68.02311
179.117,731.97754
69.86,308.46036
8.927,97.629234
0.097,87.99679
373.643,440.2257
39.577,115.02547
20.707,181.62036
1171.457,271.9273
9.507,107.82508
184.26299999999998,273.25427
10.71,66.85048
0.14,130.82169
128.32,222.79256
54.00000000000001,1182.1348
8.363,225.74501
8.307,43.52899
89.58600000000001,89.5821
0.20299999999999999,124.95529
39.61,96.26109
18.816,379.8552
439.737,1326.7751
442.1,130.0228
259.39,67.29268
19.897,335.20758
80.326,59.667454
1.697,95.35084
110.074,166.83978
2.05,62.858383
39.497,100.11392
200.79,172.91788
19.85,214.15929
18.676,244.45287
0.513,125.896515
159.96,217.1461
10.063,166.71991
11.274,149.75539
9.104,170.78513
0.127,75.38574
57.237,172.97313
409.167,204.00061
81.267,150.30635
10.146,273.87518
58.58299999999999,118.88801
29.553,172.2829
9.907,137.54242
30.06,358.441
28.86,210.9745
21.09,290.39838
19.8,198.67906
10.053,166.61534
10.882999999999997,60.7398
21.1,319.11743
18.813,132.76553
19.74,148.38417
40.106,1043.7303
20.19,50.410625
0.89,58.55546
10.314,180.79047
9.897,109.45875
0.077,71.62556
109.85700000000001,116.47025
10.587,91.31564
179.534,351.81964
563.433,406.08337
72.21,210.84244
9.396,756.58124
20.757,63.802208
60.13,134.3517
39.937,376.4881
0.063,101.65593
0.33,58.427483
24.993,125.64028
71.446,194.43098
19.727,124.632095
0.327,128.32358
9.493,106.15421
19.123,275.57117
20.153,109.096886
39.897,135.30869
8.703,72.29445
0.063,91.3955
209.496,281.42978
11.04,84.005264
283.48,186.18852
435.046,619.17145
102.937,551.4349
119.78,523.71954
0.033,203.16774
1.423,200.82399
40.617,152.55974
10.906,145.2743
10.387,296.90564
79.73,228.49597
730.0029999999999,1033.9738
18.25,112.260796
20.95,105.42074
860.223,213.52254
11.596,133.3523
5040.434,1019.3209
0.344,128.00166
109.21299999999998,102.35451
30.012999999999998,79.35964
109.547,436.31784
9.343,725.80066
70.007,210.65562
39.413,92.51975
240.85,97.83229
0.313,63.526638
129.04,139.17752
30.68,131.6385
360.053,278.66058
670.45,545.5177
28.262999999999998,49.68275
0.326,86.17688
40.683,92.32937
31.993,171.54314
30.036,255.32114
110.87699999999998,156.98688
10.237,101.65588
9.387,245.90787
0.623,1000.39044
19.69,90.16881
80.44,90.54115
10.487,90.30703
69.7,859.9436
79.19,332.77182
0.7970000000000002,48.409897
0.313,66.453316
60.994,118.11154
0.563,79.59667
22.107,95.17307
110.75700000000002,188.78006
20.377,443.72012
19.447,244.11232
101.613,228.05603
99.113,206.35414
10.47,214.66348
219.95,474.9075
0.37999999999999995,74.97671
19.23,149.41759
0.12300000000000001,90.37194
19.063,46.255318
90.913,73.95906
30.343,739.4744
229.993,243.56638
58.377,54.208122
149.61,113.16514
216.05300000000003,95.45224
19.836,227.82333
19.67,10.654377
9.57,65.95873
50.290000000000006,480.92834
60.64999999999999,337.48746
99.81699999999998,167.5547
19.51,306.55252
100.103,185.00961
170.233,80.55332
128.773,136.59962
119.67000000000002,126.65467
10.723000000000003,89.29078
9.326,135.50027
110.13,746.0819
70.75,79.73621
18.456,178.57916
10.513,98.34207
40.337,95.2588
8.81,110.91821
180.554,209.8794
4591.93,631.49475
279.73,157.31702
19.81,86.9688
20.387,58.620197
1287.334,507.20215
10.18,58.84125
0.18999999999999997,1301.331
39.8,134.35284
4247.253,734.7645
1.207,183.57104
0.283,126.97048
52.374,91.07822
19.793,101.921394
1030.196,70.372604
450.493,993.8111
36.866,148.91751
350.9,219.85756
20.226,64.6061
0.453,117.77754
1609.24,1231.8986
339.577,112.621826
40.404,96.57703
101.05300000000001,895.1685
24.54,628.8313
59.53,205.23419
2090.493,366.43015
70.776,79.34079
140.714,99.55441
17.53,198.73265
2718.896,1073.1346
2.043,199.72002
0.05999999999999999,141.19055
1340.397,842.2308
130.85,396.41956
9.374,196.8259
150.16,226.75505
65.217,61.436623
59.23299999999999,140.1958
19.34,197.60289
21.146,652.9797
29.687,290.7022
14.932999999999998,76.62993
79.32,90.9747
0.66,324.95523
40.36,364.1765
709.5270000000002,129.83627
660.84,492.79468
0.72,75.26893
10.573,68.63158
32.023,64.54327
530.41,833.63257
339.49,1407.8961
45.777,194.29259
116.903,229.83624
30.289999999999996,111.198006
0.343,543.1658
29.24,169.8862
89.63,330.96365
31.489999999999995,136.47656
9.994,57.64465
11.58,123.413956
2312.64,1645.5618
108.85,428.9622
89.784,122.62498
19.97,465.83865
121.01,465.0616
20.063,192.57358
103.11299999999999,612.9626
90.70300000000002,667.39264
10.166,16.023788
390.93699999999995,206.69737
260.33,159.77507
399.803,904.44836
23.037,1165.8374
0.047,648.3273
2.016,156.55275
1.15,242.71854
21.276,105.302505
20.583,90.05873
70.687,111.50608
997.8170000000001,255.64388
7.377,75.15222
13828.856,11121.597
11.303,525.0647
19.103,378.40503
20.76,107.92961
20.503,94.87123
0.063,65.43514
89.63,109.49558
40.203,52.23212
29.562999999999995,199.99358
853.79,65.38252
59.483,166.79494
319.936,173.32109
0.424,125.31341
494.953,158.85469
0.28,11.935502
19.913,98.53268
19.69,101.70957
258.383,222.51927
101.19300000000001,118.61898
370.7,288.4265
321.047,95.2309
650.207,624.5384
69.303,61.130966
331.407,184.0546
11.343,152.04462
118.68,333.77173
68.923,228.52274
109.78000000000002,133.49347
0.88,151.12306
20.067,123.7813
20.79,85.78806
320.977,64.92406
30.33,92.25709
565.757,631.33356
9.78,320.5525
186.386,783.5328
27.11,210.36353
80.594,199.42935
79.64,333.75375
139.067,188.64972
18.89,147.72154
30.836,53.518646
50.607000000000006,227.77689
10.104,59.533276
159.78,233.36316
8.526,146.3385
230.354,59.08907
69.56,398.2757
79.067,118.490326
39.893,188.68309
210.226,160.03687
1229.907,456.36227
110.88,221.7719
150.707,267.30182
201.847,100.62885
40.073,91.82093
60.374,89.528046
13.457,95.33392
49.260000000000005,191.94815
481.853,214.58295
431.36,202.80327
11.487,122.91616
50.333,101.90873
9.377,182.80692
28.123,169.96715
191.48999999999998,762.50305
20.963,473.68497
120.136,25.121128
1989.817,77.41415
1070.907,653.227
371.04300000000006,181.0887
0.536,182.51291
51.373,136.89543
40.02,110.38824
1380.107,1075.2654
459.793,954.24567
1570.253,285.73264
50.282999999999994,424.66837
29.83,155.85008
19.756,95.23127
59.54,157.3912
120.77,73.69647
10.03,67.53182
49.85000000000001,104.93527
8.847,65.46058
10.707,85.71763
9.963,259.89056
200.36000000000004,1252.0365
19.394,108.98778
19.087,153.50021
90.353,332.6504
390.873,166.37215
70.66,90.476265
60.23,91.30665
1060.88,488.07895
50.163,325.7018
17.71,338.05524
1196.903,1135.1398
9.3,155.1031
3481.887,1180.9464
11.094,79.43401
10.077,456.26047
10.12,131.64095
0.5,116.580246
12.822999999999999,46.660786
30.847,156.44734
159.82,553.80426
59.65,394.28308
1510.4999999999998,1191.6271
100.03300000000002,122.053665
4.796,81.15939
29.763,128.8826
2517.273,2373.799
20.68,8.450826
23631.057,251.98914
31.156999999999996,148.88687
9.67,99.28997
391.37,838.2044
19.553,90.120636
9.95,154.5074
8.923,122.55568
31.133,208.17784
249.824,201.8897
130.013,30.737137
0.6699999999999999,216.08554
39.873,224.92773
9.194,191.49736
168.31,831.93933
80.1,539.8174
29.816000000000003,167.96365
68.063,76.94576
32.093,147.35065
391.23,58.90624
29.025999999999996,62.271034
100.56999999999998,192.093
19.854,493.53195
20.88,138.29025
39.787,154.38203
20.284,89.04082
40.194,620.33124
279.656,114.5226
29.977,165.32838
39.78,200.74039
0.05999999999999999,108.2637
40.693,210.65262
429.927,196.0725
0.097,244.18599
0.39,85.848595
468.966,892.11115
20.43,73.84875
9.99,244.45805
81.243,90.34288
20.944,59.72044
10.24,112.38746
409.14,877.2554
480.15,71.00021
45.843,1257.6064
59.957,775.10834
17550.886,90.37203
19.02,64.94301
19.527,201.92984
21.033,258.28342
29.376,105.66957
59.06,551.9277
38.2,214.6983
9.0,175.43036
18.413,122.34821
511.853,618.7304
209.937,110.5422
3000.206,271.8455
1700.133,236.36018
127.99,1466.4244
19.997,497.41263
3861.9899999999993,940.91614
10.076,194.83284
33.97,148.30037
40.22,85.74608
50.893,92.08275
10.157,93.92239
19.62,121.53343
0.267,132.23557
0.284,125.11474
570.587,570.93085
19.246,119.39013
15.06,146.77492
19.72,86.681885
450.097,214.66348
130.99,674.4032
9.037,5.440824
30.620000000000005,224.99857
107.027,179.73067
14027.25,792.7044
1109.697,458.3711
9.73,119.7907
0.14,66.05852
9.146,203.75777
99.82000000000001,470.99036
20.02,155.56319
21.573,83.351364
0.22,91.74302
11.626,77.430214
372.54300000000006,774.4272
20.14,98.113815
340.31700000000006,405.8024
6270.164000000001,741.7207
16.937,91.2368
74.143,9.426531
0.363,85.060936
8.357,132.23557
129.68,35.333904
19.557,254.01273
1.19,127.12211
1661.53,685.64545
29.056,215.24901
210.08599999999998,203.2422
27.126,287.68607
9.287,86.545006
121.03999999999999,94.8856
40.417,169.32011
8.087,131.45395
59.777,101.15385
19.263,165.83986
41.3,173.41708
20.25,165.37863
4.023,156.24318
10.04,85.30018
9.95,128.8826
29.19,81.31413
0.174,193.99506
38.967,47.796986
19.266,79.42829
2.14,73.3448
0.407,140.19899
40.263,90.13822
10.386,59.82749
270.217,639.1227
180.124,447.77795
0.7039999999999998,66.05852
31.736999999999995,119.39013
98.787,51.564728
11.553,186.7509
39.356,117.81071
50.093,111.582375
180.103,239.41855
10.3,65.04292
439.39,672.5982
0.75,70.00293
49.67699999999999,134.67575
69.91,61.898026
120.26,571.2553
0.029999999999999995,275.80774
191.517,576.6394
119.763,693.275
18.833,750.32043
40.113,202.52243
70.84,588.9894
20.42,613.1664
0.11,88.81804
13.609999999999998,94.98629
299.41,204.35101
9.577,124.912575
19.86,127.60441
50.11,210.7289
9.557,99.45203
70.076,90.81208
0.453,97.94528
15.33,182.63574
69.83,92.09108
70.03,73.74683
32.173,268.7093
25.87,98.01706
18.98,79.58269
2830.097,573.49976
20.873,101.074615
20.193,165.57764
1494.867,221.0225
39.69,82.67365
0.36,94.759674
29.357000000000003,362.90823
8.923,170.62328
2700.337,736.2093
59.967,11.905974
29.037,82.67365
119.687,368.72562
200.74,148.14137
311.056,219.73528
50.437,163.68683
70.02,247.59857
1.707,465.83865
19.883,188.45157
249.753,107.678406
189.79399999999998,112.381165
10.832999999999998,209.2074
19.64,103.29812
539.79,566.57324
180.073,222.82904
0.047,104.12604
0.36,75.47569
9.217,111.570915
80.34,102.08171
491.2029999999999,284.4653
150.14,77.202934
39.514,121.36636
10.49,47.702007
39.863,338.72803
38.96,159.09146
21.25,99.91236
7.78,70.31915
1663.6029999999998,1374.5436
10.75,69.22669
9.243,100.99723
39.777,270.35913
38.737,75.38145
11.013000000000002,182.74608
60.313,332.15695
53.202999999999996,157.54897
211.33,338.05524
869.3400000000001,614.0205
280.44,191.87192
173.61,523.8229
98.806,137.20064
10.897,72.14681
298.54,1887.2249
9.89,580.8384
49.413,86.59711
20.0,88.26188
1890.024,855.2422
188.73299999999998,285.94897
29.917,301.91245
128.05,84.01531
1546.137,1394.8469
0.627,1105.8607
20.33,333.14093
269.98,174.59392
9.13,210.60983
1790.767,531.3115
9.62,95.52739
8.904,93.39217
1.5340000000000003,117.19348
20.22,53.91997
28.842999999999996,153.0915
0.3330000000000001,118.19357
8.91,149.77284
19.194,120.53462
9.037,208.02225
128.563,146.73964
661.476,680.46515
20.86,73.2882
30.137,373.76364
1.004,67.20154
58.973,131.88591
120.03,118.89689
2576.233,819.2898
1459.677,132.57823
30.506999999999998,48.864178
50.13,442.33984
49.943,164.2219
155.85,211.65707
137.23,507.85184
430.663,508.72397
120.07000000000001,157.71996
18.12,112.292694
19.947,795.48206
9.663,126.51167
96.776,189.03493
4149.956,907.6722
20.786,411.49475
280.22,235.26244
19.453,89.19178
9.953,91.813156
0.233,124.86935
110.20000000000002,453.2906
19.486,95.754135
28.563,194.76021
30.359999999999996,231.68518
30.506999999999998,187.93022
219.847,109.17581
0.25,102.19171
10.796,111.06883
20.017,133.2624
19.41,127.03474
22.543,131.97324
49.6,114.20741
8.857,60.799618
107.313,196.70259
10.643,196.73874
18.853,128.92152
41.88,143.77715
458.993,173.74313
9.107,58.53068
139.047,54.163998
19.81,186.05933
40.0,162.69914
420.573,117.50269
10.25,223.74644
40.04,800.78864
40.637,200.13782
20.79,127.73552
200.053,431.7676
450.803,125.23412
210.03000000000003,122.3279
19.737,92.7275
0.39,140.23006
19.494,58.027943
50.19,82.779915
8.277,268.39978
29.033999999999995,125.52845
1039.503,1008.89386
1027.46,2585.0876
49.423,217.29242
0.0,164.09602
21.097,94.18459
21.224,161.04713
8.003,80.67575
30.277,38.299633
20.467,273.51297
51.157,223.81097
165.81,171.34691
2123.89,1633.8644
59.46,211.32312
21.003,89.64355
11.706,81.10912
10.949999999999998,225.89748
0.344,102.78497
20.14,487.7759
40.75,748.59534
19.623,207.58124
29.683,49.179985
10.097,131.45015
21.386,166.95958
19.647,42.942596
410.963,432.2109
620.184,681.3807
120.057,224.01756
0.9729999999999999,12.766904
20.82,91.67297
88.824,340.20688
5477.525999999999,1554.3505
248.264,670.4336
0.05999999999999999,100.22537
90.85,229.57072
10.423,96.92946
50.874,155.36739
380.163,652.0046
0.12300000000000001,147.7901
430.843,65.019485
2009.197,498.148
312.234,95.134995
19.917,84.76859
18.68,242.95525
59.046,191.96725
59.44,131.96036
29.913,228.09975
37.673,692.88257
80.167,190.61192
578.83,636.70404
21.434,71.199684
0.22,88.84752
270.47,438.76926
118.82300000000001,165.5897
18.003,116.50013
37.467,228.11716
89.73600000000002,390.02115
28.507,248.34676
159.916,71.09096
30.623,161.33347
49.72,93.723206
0.047,124.08278
10.56,159.31543
1008.15,965.6366
187.797,61.620655
419.807,703.2029
20.443,155.75557
91.41,210.84831
21.746,231.64365
119.287,166.49872
20.877,151.92026
0.11,55.39718
239.683,1420.6361
1.063,94.25308
2549.704,180.08922
10.634,79.755226
299.874,204.20511
18.943,167.7856
10.036,330.57858
17.463,91.293564
50.24600000000001,197.66742
0.483,122.648834
10.563,642.5242
0.046,90.88072
17.697,94.68357
72.17,171.2107
1107.38,753.5678
150.986,97.57184
303.653,117.51639
0.953,144.22336
1.046,194.29259
310.407,77.554375
9.32,85.30018
315.754,344.99805
10.697,146.26878
0.18999999999999997,115.04691
0.58,424.613
40.057,162.25179
48.106,66.65626
3189.997,944.5983
8.413,89.35585
0.9430000000000001,85.185616
10.63,124.69766
30.356,282.55914
199.887,293.534
101.00000000000001,115.55144
137.504,550.4805
10523.774,1044.701
617.097,1913.8696
140.79,605.90344
9.72,113.951096
507.553,1032.1705
18.964,413.31558
9.907,134.30783
50.077,110.3486
520.08,339.62875
67.647,119.27591
0.736,64.88574
20.486,135.23079
0.343,179.51358
28.196,1090.2122
8.957,208.1887
60.233000000000004,153.48335
509.937,370.20468
390.023,247.09067
49.95700000000001,5.7146497
38.796,19.526384
20.227,182.08656
9.947,403.21887
10.88,247.59857
10.0,97.93325
209.763,397.06885
160.28,207.16722
169.317,393.47272
120.043,205.44063
450.527,93.11202
0.267,134.79868
9.974,124.77825
349.78,1286.3527
2329.95,1354.888
2530.247,205.99176
19.903,424.6407
29.997,106.53406
9.267,77.20014
7.642999999999999,92.633934
129.79,1342.273
0.017,61.115993
0.61,75.92985
120.467,249.13383
20.037,134.05682
270.3,469.11472
14.107,298.0826
1841.67,219.74649
40.847,162.06
11.29,80.311676
1648.83,373.1835
49.883,158.89575
29.596999999999998,177.63876
20.82,214.40309
10.18,74.13058
79.86,160.18283
30.17,380.48926
50.457,54.961975
49.16700000000001,173.4385
0.016,96.47543
6.323000000000001,116.10011
0.047,46.900166
0.09,170.6006
494.09600000000006,1084.2795
426.827,640.47986
29.933,134.60945
9.27,139.67589
17.717,77.67144
70.07,1163.8728
139.65,1288.6877
39.697,222.58372
1031.023,495.79602
23.78,97.39369
130.347,26.411419
16.793,110.8979
250.434,249.48715
9.54,114.595985
0.483,538.8576
9.653,43.2348
59.874,86.506165
0.907,89.04682
19.863,81.18813
30.38,177.89474
79.12,20.741146
119.66699999999999,88.43935
11.833,45.125477
199.946,425.00073
30.345999999999997,131.36975
264.52,272.69818
90.986,218.56783
8.873,75.43407
91.053,218.95789
90.11,120.11869
9.95,99.75269
10.973,91.38078
3032.7,1391.5603
21.426999999999996,302.132
10.017,115.51281
10.09,120.48855
26.786,73.3448
6.227,149.32198
0.017,85.326416
39.53,111.12268
308.513,257.5422
220.073,715.3383
73.634,387.67645
0.263,58.68209
4186.29,1676.0886
21.076,133.8194
19.086,250.22478
59.74,346.7283
20.01,84.733826
0.563,80.10371
467.59000000000003,408.5276
19.07,160.57315
9.72,58.99719
1510.33,978.27655
110.43,78.69416
29.523,101.22846
8.143,108.2637
68.037,777.1817
109.01,255.34851
9.517,140.20651
280.82,169.71327
301.644,725.0346
18.164,174.67532
308.837,144.87119
30.06,177.04312
0.013,110.43614
149.71,607.59174
58.763,174.19609
138.82,97.33061
1389.67,1067.8784
31.54,50.33186
18.886,427.63626
10.05,88.73394
20.084,239.72086
0.077,487.41937
246.11,770.02795
48.293000000000006,74.867035
19.797,441.92645
3.257,114.91261
0.343,111.06519
80.337,122.28884
79.44,644.52704
10.763,97.07357
0.093,102.28991
6.067,36.426754
310.277,400.93643
0.807,232.57323
120.237,856.23157
30.88,555.6296
40.147,399.5294
29.583999999999996,125.97842
10.99,134.79868
759.38,314.2044
0.5,91.72958
20.79,125.31341
150.687,220.73956
59.97399999999999,222.9505
21.326999999999998,137.02467
82.57,203.22667
214.777,168.29492
0.08,73.31061
19.414,26.013968
21.443,484.34375
9.636,10.740192
10.52,87.828995
29.87,110.54187
333.353,189.92761
89.694,98.846924
410.523,804.1756
8.24,62.83713
28.236999999999995,158.26205
1060.316,186.87979
70.803,279.31683
569.617,63.845955
40.17,207.59804
19.963,185.0555
39.926,371.40247
3.0329999999999995,111.391014
10.024,74.68759
29.243,267.9485
0.17,123.72024
1547.633,956.8911
0.013,94.70182
19.25,138.48488
29.634,129.50444
940.3199999999999,688.28937
7.224,135.80263
20.44,223.948
40.153,209.63916
39.92,51.344936
0.2,77.39122
39.98,206.54042
39.96,97.85915
0.517,330.67993
679.453,102.53521
19.91,138.91275
9.08,266.76898
2188.193,830.5447
99.86,653.59033
229.737,99.44887
20.137,97.98662
13.213,105.17175
42.297,89.660515
700.427,278.76782
19.91,193.51881
541.563,631.15094
89.61700000000002,691.08215
21.047,120.15006
149.267,331.78464
19.34,139.22343
258.863,171.25008
20.587,65.230034
10.03,84.733826
19.45,107.945206
18.98,90.217285
109.74,70.494774
330.8,147.72
18.806,199.5409
130.11,176.74646
39.95,71.73516
160.56,30.266241
10.546,203.03867
80.02,294.5668
390.23999999999995,306.39725
140.073,280.68542
81.74,406.73935
0.64,72.63157
110.85600000000001,142.76707
190.84,192.70372
220.04,190.80333
18.424,118.19357
289.84,511.50836
19.213,270.87582
10.216,64.65725
38.027,212.48637
0.61,89.59935
40.26,158.82881
160.356,874.36884
18.83,132.61818
20.11,2967.1145
139.73,169.8435
19.37,204.04109
41.246,219.04962
49.67699999999999,84.425255
20.247,114.46146
10.167,125.40441
28.603,116.582405
836.777,386.91724
39.68,129.5465
0.40599999999999997,151.97252
128.76,618.39655
10.023,230.83667
50.564,179.9361
160.973,156.04958
2859.817,1074.1395
10.013,96.3199
8.86,147.59357
1.503,46.390087
19.937,86.95539
28.466,100.0674
0.14,136.10896
19.417,86.442406
10.39,225.66447
10.073,124.8924
19.49,360.46982
79.443,143.17995
699.897,117.71819
61.757000000000005,177.49034
40.207,177.99834
10.81,106.369385
39.096,89.576645
9.673,107.811966
30.74,39.624233
9.31,59.065323
0.326,144.27162
0.20299999999999999,150.80118
19.833,89.51268
8.717,81.54255
1.123,169.62288
21.680000000000003,89.18813
149.217,194.82161
42.436,187.01738
180.50399999999996,1034.1516
52.184,135.82458
49.63,91.73602
21.04,86.53491
782.003,1221.0409
29.79,1133.1855
18.2,80.18728
1906.793,158.50706
133.12,308.94022
1329.594,807.68646
287.31,1269.468
6.88,233.67453
59.2,84.42863
49.49,383.27313
369.803,97.38582
561.29,186.61636
29.330000000000002,131.8811
19.807,144.00919
21.063,96.135216
41.003,124.54962
10.884,149.75539
49.723,221.32301
9.89,146.70992
30.125999999999998,227.27751
39.21,282.66345
68.97,219.16927
8.833,190.03809
23.790000000000003,188.57243
0.016,48.847637
20.313,204.63298
150.357,59.310757
19.37,123.88123
30.146,220.99374
8.46,109.49885
0.55,188.11023
29.907000000000004,1192.7959
59.767,271.1775
129.93,577.2279
19.18,125.79455
0.44,119.17567
250.13999999999996,149.67342
140.287,383.29926
61.61699999999999,524.4743
10.243,129.18288
10.543,251.7741
26.663,120.28611
11.383,50.579475
1.14,243.21056
305.737,167.55305
177.88,142.99483
0.20299999999999999,55.495792
8.01,83.19007
9.817,56.577507
119.80000000000001,151.1722
29.443,101.14358
9.8,111.817245
80.22,173.50946
11.226,346.6666
10.043,102.97201
206.6,410.86337
1681.056,996.8175
59.976,182.40761
20.21,232.39294
19.626,104.45191
81.874,1229.2716
1063.87,609.5059
9.71,123.415405
1356.583,492.01703
169.963,139.06728
620.903,1264.2515
59.102999999999994,154.17415
40.253,261.6802
80.093,411.45453
10.353,153.48418
119.09999999999998,82.6493
10.347,83.60217
0.216,92.87481
10.547,168.9488
3907.4629999999997,649.4508
1.3,288.50635
20.443,257.1646
120.323,155.92163
118.223,233.38242
150.36,1762.1381
149.347,216.28381
130.244,247.96509
9.433,437.36844
20.744,252.33127
11.503000000000002,90.68943
79.396,109.06352
0.20299999999999999,123.88123
58.91700000000001,198.78906
108.76000000000002,706.0957
270.096,206.65825
9.443,126.42461
21.957,178.57916
59.806,1365.5012
0.093,65.431656
17.78,207.72423
300.05,273.48135
20.017,225.29482
150.043,483.82462
2350.204,239.30264
60.11,69.55934
2639.143,1038.754
119.503,2275.7966
71.153,306.5943
20.497,245.28255
87.92,209.64053
19.45,311.16306
19.644,115.51293
50.940000000000005,54.069176
10.89,82.433624
69.08,123.440994
40.083,259.83563
154.174,346.67728
2019.677,229.5015
9.117,586.4311
921.5999999999999,1732.2148
20.11,71.525955
30.013999999999996,89.57876
170.366,123.63526
28.927000000000003,276.89737
410.154,220.50749
31.873,58.43505
0.047,78.73102
129.34,101.42287
98.534,204.77309
1.063,206.49777
81.007,286.08044
2430.124,696.7831
100.26,138.74997
20.23,175.08562
25.949999999999996,260.90414
39.86,158.6769
18.594,170.40613
20.853,170.26416
100.17699999999999,86.65383
30.37,302.63712
273.924,1071.1976
10.89,63.664597
9.893,113.91848
685.957,1401.8534
59.557,191.91774
80.383,78.945595
170.45,284.27832
49.76299999999999,110.0711
0.25,247.8604
49.78000000000001,75.72136
19.894,44.12339
10.534,92.128914
149.927,768.64624
8.887,81.42447
60.86000000000001,87.8218
9.734,249.14648
687.9299999999998,666.5301
19.75,102.738815
141.077,78.88415
30.153,1448.0023
20.454,91.688774
30.056999999999995,94.637535
130.204,171.10861
9.774,145.23366
249.86,190.71964
110.693,163.85036
79.737,304.7223
158.523,61.385845
7.183,196.42567
899.873,268.43375
2697.08,843.59314
19.943,119.74269
28.266,94.34667
1204.137,1903.0288
199.18,103.96972
9.71,106.31884
149.97,369.31042
19.124,97.88324
70.363,507.02335
59.783,1107.043
600.703,210.1809
9.187,103.24836
0.97,67.96571
19.863,176.60292
48.196,97.75784
320.043,24.042341
9.167,367.01303
29.84,1126.0842
1.22,133.37827
19.547,117.99473
8.903,105.60619
13.45,76.23054
0.14,58.630333
59.536,1076.5979
19.85,96.20413
19.774,227.99062
990.307,261.82446
39.913,566.94666
19.553,183.41808
60.514,154.71094
38.953,296.90564
300.253,831.72723
12.57,49.902817
569.703,153.80383
99.923,1159.3015
29.79,104.521835
140.314,129.03925
310.4,873.5697
79.36,243.39546
18.893,200.99113
10.067,171.68333
149.33,598.0657
2232.077,193.11197
10.633,58.17033
723.47,488.06622
141.903,1267.3018
0.343,67.03505
40.127,109.02469
22.202999999999996,32.795444
8.613,44.27323
10.02,125.81753
29.67,169.57878
80.78,110.38824
0.157,208.18813
19.67,131.96124
130.72,286.04565
733.4130000000001,1613.9133
31.413,306.6245
250.027,210.86475
10.713,188.29686
9.164,130.7068
150.257,563.8863
20.623,217.94635
11.167,210.7784
29.847,76.49035
13.854,487.47458
28.29,91.86792
19.873,157.78052
9.316,88.85246
189.387,292.34592
519.377,250.59062
49.787,281.7395
20.43,96.73462
247.617,343.83405
49.867,139.38075
29.966,76.70462
53.35000000000001,232.78615
1.4300000000000002,90.88146
260.177,187.52219
0.233,5.9107933
90.48299999999999,277.01868
140.053,165.48291
189.62,130.063
19.41,33.713467
0.029999999999999995,80.812035
0.017,80.52319
25.163,56.01587
50.77,338.75415
2500.043,1615.0986
1012.377,715.5305
19.513,598.954
220.263,301.05484
200.324,243.97206
190.617,183.79558
1327.664,1015.9977
0.37700000000000006,93.16198
299.187,229.13782
69.837,72.52771
1.24,154.28737
29.967,110.22786
10.327,89.149605
85.696,149.75647
31.924,159.55669
10.266,75.881065
60.117,500.02396
108.143,175.71284
19.876,174.59366
8.83,184.90819
10.22,90.31048
50.19,136.01772
0.20400000000000001,891.55585
19.38,222.70314
122.56,1818.8328
163.153,314.59613
20.71,164.91422
60.59700000000001,210.19888
89.85299999999998,174.23026
0.11,242.4675
3.36,174.6138
9.35,45.521053
99.77,242.6839
20.134,551.8216
10.027,57.221985
8.857,207.255
326.583,304.75793
40.133,1633.7843
4.58,61.925915
10.223,161.606
9.983,107.0995
9.5,81.69521
523.763,35.13872
369.9359999999999,495.63104
232.557,47.741108
38.954,168.23116
79.934,121.952156
0.563,97.700325
9.573,473.68497
110.88,92.380615
20.987,99.949875
20.51,182.46999
349.40999999999997,100.235306
8.753,134.99939
18.08,172.24187
21.636,83.901985
29.577,133.12357
20.163,682.07947
19.57,133.85631
0.013,253.79642
2.9860000000000007,200.82399
7.42,97.67547
29.999999999999996,53.651714
7130.02,1475.7932
149.067,123.40192
19.613,264.20026
17.77,121.49405
0.077,128.20998
60.44,185.13528
8.893,76.32678
0.233,179.55693
433.72,469.37027
396.02,399.07056
19.384,107.13559
10.38,98.579384
9.517,95.78112
238.423,24.06262
8.337,97.32617
20.127,73.3448
447.6,354.68832
31.01,88.0477
199.564,244.18599
20.18,99.21068
109.553,149.26894
12738.597000000002,11292.471
9.35,188.10788
89.137,99.4254
70.124,90.88054
20.783,100.2176
29.63,230.51062
21.11,8.890074
51.104,233.72339
1319.187,96.9932
99.633,108.314285
57.727,209.44861
19194.97,842.0549
50.617,112.09781
0.813,57.454044
0.077,73.304115
68.16,53.915123
41.33,113.490364
190.316,150.98087
10.03,169.10005
19.907,110.719315
10.47,207.27437
100.284,232.2529
148.713,159.43227
8.704,156.88754
5.177,137.25092
38.926,423.3246
70.447,286.04956
11.163,223.74644
60.533,172.23633
0.94,207.74452
19.327,287.43036
259.676,502.2003
40.223,188.24126
11.007,124.86935
420.03,145.85866
429.24300000000005,655.4772
49.46300000000001,168.34688
59.894,135.3719
1250.02,214.00325
20.297,68.72542
20.883,473.54648
8.987,132.88173
7.866,86.75914
20.74,102.54829
0.093,89.4687
10.163,668.10364
19.257,460.73032
61.093,99.39947
60.123,126.23616
9.423,167.01581
354.664,486.1281
19.866,627.8238
19.49,203.16774
59.554,260.2029
10.18,230.14804
1.787,255.74318
29.994,162.16533
21.083,80.85877
363.2,291.9283
29.574,154.89703
51.183,95.192
71.44,90.52326
38.977,211.96593
86.57300000000001,211.21313
28.957,56.5101
9.62,49.514603
0.0,61.26579
48.75000000000001,773.01904
38.77,53.131992
20.786,160.81555
920.907,447.26392
39.737,286.40164
16.237,96.884865
31.416,346.8264
29.287000000000003,151.06764
19.743,79.09912
9.556,128.00166
20.384,159.5097
100.10000000000001,270.49744
110.896,28.87803
0.11,128.35188
10.23,543.5075
8.81,94.93518
1.144,14.478757
170.06,237.7046
13.294,207.36578
118.807,74.6333
50.003,206.81097
9.343,132.63773
269.967,262.69022
68.617,87.72107
70.174,279.96713
3336.193,1160.9799
206.61000000000004,164.2091
29.863,96.42473
28.23,558.5835
157.817,546.43726
307.953,1023.01624
20.563,319.29697
51.883,110.40162
40.48,107.83365
19.93,95.35229
70.357,284.56543
22.637,96.30074
23.95,367.21356
41.76,73.596375
0.033,149.22339
39.577,89.02598
97.266,1425.7183
9.303,151.26842
0.847,133.67368
10.663,59.257977
88.947,183.58395
39.676,164.72879
109.86700000000002,211.61508
450.436,219.07486
10.493,502.54126
4.354,59.18808
19.133,43.676838
48.846,615.3101
89.93599999999999,647.4569
1090.167,217.31429
40.927,65.66704
0.0,328.10086
0.516,127.99144
14.579999999999998,1167.4417
9.56,66.691315
37.983,138.28685
22.424,96.86282
48.563,133.17224
10.407,58.526985
497.38,154.49585
2178.617,520.1796
0.029999999999999995,121.677246
66.653,422.38428
19.097,459.16037
70.147,121.10447
8.81,156.81674
18.397,353.59177
19.577,266.18793
69.323,397.5387
40.247,89.77972
169.527,401.658
1.864,80.936775
0.25,99.68712
189.933,297.0672
582.353,747.75104
20.124,133.20175
9.85,72.29445
69.947,219.82512
68.967,160.864
10.22,93.67002
16.313,66.63795
5400.85,806.5693
18.19,89.640854
31.92,166.8305
0.173,94.906685
19.737,131.28027
40.46,81.23792
420.56,409.33563
8.546,6.9548483
7.137,179.57843
4088.783,4311.837
603.193,324.36337
189.66999999999996,179.09972
29.734,120.64569
1.484,121.92409
790.13,210.555
269.727,370.76233
981.08,67.98765
0.656,172.94547
569.28,170.64339
19.443,154.47545
1981.007,1691.0696
219.473,204.15192
149.79,62.563488
3060.9529999999995,1407.3273
16.88,103.39414
0.314,82.8412
60.623,161.943
19.203,145.88654
19.954,112.08843
9.873,153.74965
30.693,126.14241
278.84,352.65115
58.876,145.20929
18.486,116.08826
49.534,88.37789
28.713,65.80133
8.99,84.88511
1830.984,311.01517
464.433,413.90067
193.476,190.5071
0.457,125.9907
9.907,140.96654
9.263,129.63002
59.617,94.147354
141.286,147.06313
49.853,118.46503
19.603,120.443565
43.33,208.74234
29.300000000000004,69.50074
20.05,261.32077
70.073,151.65994
9.296,441.46823
0.0,140.08801
91.18300000000002,345.08017
19.953,97.791695
909.707,498.36203
3825.6269999999995,3072.5444
41.164,203.3152
49.87,312.8281
69.053,158.69304
190.057,276.7855
1.02,156.13306
469.923,158.11325
10.337,75.38574
270.086,350.58542
4.593,123.413956
199.337,199.25064
69.643,293.54944
10.73,419.11023
26.637,95.113716
41.606,129.76889
120.297,2500.148
0.91,281.7395
41.36,134.73743
480.783,154.45586
7.45,70.50679
9.907,106.77303
30.313,121.84641
114.554,656.5815
21.48,188.63617
20.05,175.03165
809.44,2100.6814
204.34000000000003,36.42847
49.02,79.43401
761.1740000000001,371.56937
29.876,526.91156
28.595999999999997,88.49872
249.857,247.86949
2257.38,279.93787
9.92,227.35631
29.347,86.91323
9.863,212.3284
0.42,76.572014
8.913,93.99169
29.447,106.24482
100.17300000000002,227.44931
120.12,152.95685
78.12,54.380535
100.33,208.18617
0.297,206.13573
39.843,1259.9309
299.09,189.32043
40.48,125.352554
160.363,197.21098
70.14,296.39407
230.723,352.75864
39.66,145.0779
0.029999999999999995,123.25678
40.117,307.1162
19.904,211.67273
29.253,151.5076
41.39,92.590385
31.437,194.16388
729.6399999999999,2223.0493
49.597,3.673343
51.00299999999999,135.65855
2800.52,540.61523
129.497,273.5246
33.137,230.43365
9.96,189.69547
20.46,71.105316
442.31600000000003,361.75842
59.970000000000006,810.0335
20.51,114.52024
805.907,1530.8737
0.487,220.35388
10.06,137.34818
0.753,87.70077
60.17699999999999,151.55951
10.447,80.3459
27.452999999999996,170.28821
10.863,66.11366
8.637,63.75115
8.033,444.6297
189.3,296.71356
10.317,89.29078
129.764,155.24686
90.097,741.3175
120.913,83.7323
20.56,77.20014
0.7039999999999998,164.23438
30.187,1588.8292
10.216,48.353233
40.5,90.88146
9.037,137.80222
205.043,157.34535
1638.5,263.51047
0.08,208.19228
0.61,73.61792
305.293,124.82769
30.042999999999996,202.62373
18.66,156.85011
29.986999999999995,271.666
1533.754,591.66223
332.514,646.1632
41.37,46.660786
0.08,219.05367
11.223,90.04721
38.246,84.43265
0.64,97.024025
10.663,7.5748014
9.083,86.59648
60.59000000000001,204.70735
17.614,107.87655
9.107,53.923443
381.403,273.0122
360.48,419.5662
30.856,507.17636
0.297,84.58033
29.0,126.3906
79.283,82.68334
247.337,242.9678
6.246,97.81655
9.964,131.00247
440.183,686.6421
50.21,127.72029
39.76,155.79227
39.797,121.08702
2.753,192.90808
20.053,166.42082
200.18599999999998,172.53674
810.63,1272.1086
9.95,75.97257
19.587,602.544
19.983,331.2311
181.227,202.53609
140.236,470.77957
11.573,115.781105
9.984,84.803375
38.937,243.28961
40.843,91.923134
0.657,50.75196
10.827,97.22698
253.83000000000004,130.70598
0.3330000000000001,586.53
20.404,210.4185
30.37,113.06244
40.267,73.142654
19.95,76.56388
29.667000000000005,30.142666
180.48,235.88225
39.887,269.32858
50.207,104.32047
31.396000000000004,100.200584
9.204,58.92466
10.606,68.703445
860.087,300.66852
10.506,14.110523
19.44,86.51661
20.67,109.471825
29.956,12.970401
320.75,85.43027
8.546,136.8309
19.2,149.45474
20.233,63.802208
82.294,161.901
69.503,249.82138
81.88,72.670425
3002.784,9878.963
39.987,236.8157
17.913,88.272804
40.083,98.71082
40.42,334.19336
60.097,259.07465
191.306,154.92914
99.76399999999998,162.10132
1302.32,2558.3396
0.36,851.8817
60.067,73.042305
40.8,158.14322
19.94,96.86195
1332.384,532.79205
9.123,165.87863
9.277,147.9011
101.227,96.07695
181.03,116.22144
4976.863,2342.3765
9.164,114.02267
46.817,95.86714
9.913,396.2332
260.21,123.59953
69.963,2527.3022
47.6,411.2678
1773.78,904.626
81.133,203.62723
719.0599999999998,118.44014
9.4,76.14331
130.84,184.85828
49.783,1024.2432
48.943000000000005,150.55182
5.906999999999999,346.6666
1.097,203.1286
36.283,94.0225
130.133,217.0607
29.48,96.292595
30.534,147.028
8.06,86.05445
39.057,338.9117
19.47,79.87644
78.923,201.80412
1430.247,654.56537
20.28,162.30167
123.824,1286.6711
19.82,360.15906
9.73,502.54126
1490.827,469.44626
0.156,113.384895
10.14,252.45772
5.867,161.36841
120.163,201.03792
29.964,112.34261
91.077,221.74605
40.226,145.54335
439.037,236.31917
29.354,205.74794
10.334,79.657234
20.083,740.4865
251.173,60.553482
290.263,823.4969
139.413,164.84708
60.959999999999994,241.66608
100.157,121.2126
10.104,10.640136
0.39,124.556786
9.456,110.38824
20.763,160.18358
220.977,160.57315
0.327,42.7139
0.126,58.714348
40.227,242.14673
30.757,85.05364
260.527,748.862
87.56,188.40776
77.797,100.68956
0.22,89.79964
51.452999999999996,59.082184
40.113,261.31204
49.986,11.061636
7.656999999999999,50.07152
492.383,834.28973
30.237,91.68427
110.667,71.41426
140.043,742.0781
8.987,63.802208
80.727,272.6801
0.53,18446.062
249.95000000000002,334.77625
169.734,200.18227
0.14,165.42735
539.89,406.64313
9.444,53.122707
20.134,203.52657
19.783,109.2265
10.993,84.82235
18.733,82.433624
4150.797,708.19
0.05999999999999999,268.1455
10.25,84.22965
79.913,677.5171
310.687,272.82034
15.187000000000001,64.03297
119.913,334.64117
19.69,80.936775
0.22,442.61658
0.186,178.66678
90.313,93.34432
49.71000000000001,205.74931
39.713,364.1464
120.264,114.27923
179.887,190.08989
0.064,84.53582
21.320000000000004,193.5775
19.68,144.48654
689.907,561.39343
0.207,90.468834
110.65,437.80765
8.836,109.96738
38.607,211.55774
49.330000000000005,155.10884
0.08,255.7274
50.074,39.331814
27.603,391.80865
0.0,137.67767
50.293,99.140465
119.12000000000002,663.7692
19.89,473.16583
125.97999999999999,226.0163
0.78,76.23528
0.58,457.2028
29.947,253.2471
39.117,193.18312
410.197,367.1413
370.297,1387.8854
9.31,121.03366
10.99,23.955395
30.069999999999997,95.9501
21.243,424.2551
21.919999999999998,89.500694
50.27,37.75744
19.993,80.78311
209.563,67.849625
0.11,110.289955
17.814,131.257
4253.566,918.8256
100.11700000000002,145.88654
30.653,542.1941
18.603,211.6196
970.7539999999999,207.90575
510.636,901.32666
720.487,255.25533
229.663,90.59058
9.827,266.5648
0.174,268.42035
19.943,93.951706
8.743,256.48618
19.89,717.01263
160.29,144.10738
30.45,72.83665
19.27,81.23792
40.077,158.94444
9.493,80.35279
170.15,626.4215
19.24,120.7567
1125.326,139.48752
10.233,148.9243
178.944,97.03294
20.493,80.78984
258.7,324.9645
169.47,183.09534
579.957,100.43916
3599.1560000000004,3468.8687
69.923,208.89148
29.743,341.905
18.766,30.428856
10.763,131.257
70.78,246.91066
19.903,89.57582
18.907,719.54974
79.29,159.3243
0.43699999999999994,16.143404
0.64,85.55739
9.366,122.96275
58.72299999999999,328.7551
18.457,188.96477
230.963,318.265
39.096,91.64628
20.663,424.58554
20.563,307.63895
76.807,90.351006
9.52,286.0535
20.693,227.4502
10.107,33.359642
121.70999999999998,1386.6355
189.89999999999998,270.26785
127.69000000000001,207.92609
119.92299999999999,108.82092
19.95,94.92285
21.377000000000002,61.590027
49.73,128.32358
220.177,1283.8357
191.007,743.54315
345.76599999999996,343.60934
60.519999999999996,9.984856
3.3300000000000005,91.45814
8.61,161.20726
100.723,311.39365
49.702999999999996,198.71017
0.373,63.055737
29.787,161.48575
80.327,1167.3778
30.927,471.78165
10.083,48.353233
50.533,191.86401
20.07,155.2451
79.393,147.28534
941.017,725.505
330.86,1787.6357
129.333,206.55159
1316.764,1123.1965
188.85,47.93177
18.3,84.8889
19.057,831.72723
699.03,387.82684
9.046,210.01472
7.797,140.7539
10.176,91.79114
18.89,73.943436
48.413,101.917114
139.627,275.27872
91.38000000000001,95.915375
610.16,514.90906
20.75,65.46301
5.726999999999999,108.04877
209.343,54.08682
19.533,335.824
57.296,83.24833
9.623,50.2408
17.714,85.060936
728.943,199.1728
21.197,89.25449
19.24,126.31334
28.407,162.17807
10.263,156.63734
12.8,128.80229
48.983,60.52587
10.117,109.821815
67.613,228.76656
0.08,99.945114
18.733,30.520294
29.82,9.267304
10.49,208.10219
68.953,213.54828
20.08,192.8709
61.91299999999999,482.43683
12.51,10.740192
39.833,208.01707
8.567,57.00145
39.88,365.41263
9.857,141.26305
180.067,294.6128
39.887,94.53909
267.106,100.12844
0.847,108.2637
5214.153,591.5139
9.576,89.205284
20.216,109.69193
3063.3799999999997,2128.6775
9.837,88.9065
19.93,121.51536
19.716,215.96533
8.76,23.7813
739.823,1304.0425
481.513,619.32056
130.496,459.0415
9.23,85.7557
3080.896,284.2181
279.623,191.01163
449.997,629.1958
31.163000000000004,32.757866
20.514,713.7961
10.177,62.93822
29.063,101.07313
129.52,181.70006
333.207,102.67125
31750.737,2415.7263
1.033,187.62115
9.68,141.30072
18.223,157.20973
29.55,127.29708
9.75,227.12608
48.823,226.10748
209.95,39.116283
129.4,394.3756
78.85,746.23615
0.12300000000000001,72.89724
174.44,187.08537
91.167,231.84703
147.997,175.10089
0.61,231.7496
0.08,259.89056
13.643,559.2547
20.227,60.57926
49.37,65.9161
10.16,559.69727
29.77,131.19083
29.993000000000002,130.6919
19.596,229.34978
180.32,83.37886
720.65,247.07028
50.06,52.76229
16.25,225.53221
28.02,136.09103
39.834,195.4231
299.493,183.08672
40.063,189.34914
0.7970000000000002,86.753075
1100.87,270.58682
30.73,150.67592
22.06,70.71455
19.95,254.40564
249.38,100.3721
10.58,181.48914
30.383,150.79544
0.18999999999999997,137.08923
20.063,158.72289
49.684000000000005,147.99557
9.663,217.05391
10.12,150.35185
0.033,232.95569
259.177,594.40466
70.323,732.0796
30.51,109.00054
79.69,219.28679
9.287,120.57504
9.366,246.29285
0.177,105.13789
50.047,193.60757
8.87,164.14929
28.65,9.057412
94.054,246.66666
0.487,424.40662
68.837,69.87584
40.017,923.8942
30.37,63.71755
19.533,503.3356
20.116,23.865694
31.783,79.515854
1519.8230000000003,528.14465
49.993,166.4814
30.68,183.26572
17.557,47.943577
41.417,126.08191
9.97,155.04904
50.164,216.96576
219.94,350.04227
0.124,193.51624
0.567,128.92157
1320.64,1384.2496
1.2,225.18542
70.267,217.88344
10.023,86.429054
59.82,312.05353
9.243,94.09366
8.807,125.896515
61.683,81.502426
49.336,507.30667
169.443,129.63243
9.717,58.17033
5071.866,502.8182
180.21599999999998,457.9412
19.567,77.315125
11.247,77.67144
0.017,92.29032
29.89,505.8929
369.73300000000006,217.92769
119.633,116.22227
39.326,181.95842
16.84,200.52405
39.723,932.7929
1987.4699999999998,772.81805
20.93,92.99076
110.287,152.25406
141.004,89.05827
0.7729999999999999,367.21356
72.62,94.71181
40.197,71.73679
140.84,205.91982
29.647000000000002,175.52794
140.046,222.48257
39.454,157.75249
0.017,239.06538
9.917,157.3148
169.526,387.44815
20.893,189.42487
38.74,171.80745
110.93,45.798073
19.27,125.75007
40.91,134.53082
22.043,87.08008
93.21,304.3265
109.87,171.67169
60.02,85.24804
18.416,145.32623
0.957,100.4611
11.174,75.17413
19.41,542.26624
1840.3970000000002,691.86035
548.963,158.16298
290.796,268.082
50.173,1146.8219
19.56,134.83974
604.373,919.8442
9.127,10.60302
39.933,187.90518
109.683,162.5591
18.92,68.85194
37.35,577.8312
11.52,98.08096
90.676,166.88274
0.093,96.97202
39.507,151.25333
6395.627,402.05588
110.883,136.69725
10.207,79.86034
29.75,62.052532
19.926,99.21503
10.387,186.5289
50.424,94.83233
9.074,175.20192
20.286,148.61868
0.22,92.75937
69.51,376.01358
19.49,97.00824
361.42,163.54442
8.307,142.48853
159.894,224.92474
432.56,181.97307
1.937,100.71219
10.82,199.55803
110.77,59.055428
8.883,121.05755
39.3,214.01927
20.487,110.5331
200.52699999999996,291.1407
47.774,181.71318
399.81,212.63033
19.273,101.324615
0.013,178.61153
21.386,183.4585
19.687,331.25757
30.517,58.87092
10.613,91.3955
9.78,103.31032
10.074,75.17407
130.61,104.76028
90.70300000000002,167.70004
26.813,107.91092
29.513,188.68309
19.663,128.12668
530.544,82.1999
90.116,209.66165
0.077,63.96672
10.207,81.12152
20.184,261.9276
39.556,730.6111
253.95,448.77097
9.863,58.87092
219.777,277.3359
98.854,288.50635
8.767,126.96541
12.09,775.7617
3900.136,527.0968
591.68,1112.2717
36.09,242.34546
31.774,160.43141
170.203,614.1663
332.403,90.143974
21.19,100.1361
564.013,387.50494
40.017,233.5956
20.357,7.481644
9.667,113.59232
8.873,75.37445
8.897,74.17558
10.26,102.00545
10.0,121.14808
125.47,107.77364
280.383,216.52263
150.307,248.15259
6.233,47.482456
131.12,156.38788
40.654,66.37413
241.92000000000002,567.0349
1.423,104.86573
0.029999999999999995,49.902817
30.3,313.8029
0.36,252.36261
62.033,154.70854
0.8,131.85414
20.57,245.69225
0.983,11.046028
10.537,1017.2897
29.21,163.67073
9.09,125.11474
1368.747,245.79514
18.934,124.65449
39.826,180.52321
239.21700000000004,153.23125
7.36,75.22262
308.866,953.2546
39.216,185.36723
29.413000000000004,795.48224
49.943,108.41325
11.517,158.61902
148.87,1086.354
9.563,18.297428
28.217,94.25308
29.462999999999997,286.09372
19.943,91.908005
25021.307,3649.111
1276.703,392.96375
0.174,91.92586
4566.473,1013.2597
9.286,67.62739
59.99999999999999,90.04721
5744.849999999999,2595.1333
60.136,259.61148
19.127,82.180145
111.354,124.088455
10.227,92.62158
150.58,209.62004
1503.56,231.12787
859.91,265.41464
49.97,157.98845
41.087,84.64154
9.95,32.34068
10.344,153.44958
90.184,200.86234
279.97,390.22696
20.77,91.790436
49.863,91.24437
108.95700000000001,42.59551
0.08,320.5525
31.487,160.81119
29.013,172.2549
18.43,117.11293
269.936,171.63742
19.823,216.41144
1.8939999999999997,200.82399
20.88,271.3936
9.833,127.20959
60.027,366.21915
139.517,331.7258
100.287,151.9214
911.6299999999999,752.2674
70.717,191.12082
20.92,137.31567
150.293,331.4122
590.48,262.89783
41.07,56.824383
156.633,48.847637
29.607,95.780846
37.2,174.08733
1060.1,112.85379
18.97,300.92932
10.737,137.70474
220.056,157.71411
79.786,590.4487
0.17,17.74018
259.953,7.8503485
169.687,315.17807
19.813,112.73689
30.893,225.73816
19.686,205.66068
19.154,602.12573
20.023,168.48784
679.8,222.88942
0.63,158.36104
27.753,89.500694
0.233,376.67896
93.393,97.61154
20.127,100.72239
19.29,107.6043
20.853,164.14929
2539.783,2309.8083
205.043,200.48836
80.117,63.126827
130.064,729.61115
39.857,93.70306
9.673,51.38723
61.423,247.26714
9.067,289.59448
9.62,513.70514
99.23,87.381294
20.093,88.322716
9.76,92.028694
139.833,301.70135
20.476,205.57364
89.167,162.38126
9.533,33.756413
20.026,156.4538
47.983000000000004,154.4439
222.4,986.4288
88.803,159.05399
49.25,127.17192
21.177,161.19441
19.754,172.13762
20.817,172.77701
2.64,169.00243
9.96,103.569786
369.326,235.54553
28.81,130.9312
211.106,842.5495
0.283,83.078415
19.267,172.2406
20.926,441.53754
561.074,107.56235
12.032999999999998,107.14578
11.234,287.39188
420.234,591.4171
11.436999999999998,43.38167
122.363,174.9621
0.956,80.43631
40.093,160.17523
108.97,174.5418
9.727,573.40564
10.74,1492.4692
79.644,435.5897
30.96,90.22062
29.230000000000004,551.5559
9.753,97.00824
30.49,200.82343
370.23,225.60155
89.767,215.10843
9.333,181.71318
108.93,157.04073
100.10700000000001,307.81332
152.12,91.89729
9.867,211.00333
41.99,217.93
0.737,76.00098
29.647000000000002,270.6808
0.127,99.47129
0.40599999999999997,153.29779
19.517,300.02936
1.013,139.39273
20.063,161.26868
0.016,178.93959
21.65,88.03822
29.357000000000003,194.83284
99.717,659.4604
0.173,123.32186
0.297,38.249176
0.047,91.18347
139.256,282.8778
48.61000000000001,208.86937
0.847,187.50931
19.46,111.76391
61.91,167.68626
39.827,445.57968
9.267,113.31589
469.97700000000003,397.53934
10.983,95.789955
1069.89,510.6385
113.73,60.7683
19.827,89.74409
149.71,159.2903
0.25,155.73595
19.527,1468.599
29.504,35.322235
69.704,11.060802
9.13,206.13573
21.65,186.9142
1349.23,1000.05585
9.043,90.36838
150.003,23.981647
40.383,202.80533
29.566,48.986217
9.447,162.16948
121.003,472.94293
50.124,427.63626
39.84,190.55322
20.063,700.8076
40.553,88.70446
230.06699999999998,87.87991
933.823,627.85864
0.233,96.25938
80.937,96.57647
50.093,135.42146
444.73,273.809
19.207,76.68271
89.837,215.5512
440.086,940.1893
18.24,84.28615
81.827,232.14258
70.123,197.7665
3.974,125.644646
19.884,162.09563
9.337,164.83665
219.953,204.78297
569.81,340.49802
20.83,133.90001
9.19,143.33212
3899.803,779.5715
0.11,130.65561
199.673,798.3671
49.733000000000004,400.16248
19.88,796.5433
9.97,88.85243
4497.217,1105.7
1209.967,261.6142
8.26,75.61994
59.423,91.54722
1349.503,198.21274
19.727,76.63162
11.023,301.0225
30.293,74.35633
1.6659999999999997,116.583786
29.08,120.319984
3.34,147.6212
9.337,64.94301
9.743,241.60687
30.107,103.554504
572.467,196.47565
8.843,145.83142
159.673,295.85583
13836.083000000002,3570.9143
0.18999999999999997,298.4018
9.436,79.90431
10.823,154.84433
169.803,176.49376
111.016,165.1293
383.55,242.5846
5684.656000000001,1332.6377
30.02,39.07713
10.047,118.78956
10.873,139.91766
1021.0600000000001,648.3627
109.21600000000001,110.55064
8.896,493.49792
295.214,792.1479
72.347,328.37302
10.053,53.596363
130.114,206.33331
10.34,87.582
0.124,416.5914
40.277,130.8118
19.853,115.04691
50.683,65.28465
29.462999999999997,1286.769
0.093,114.0667
0.86,88.233215
99.58,240.72778
0.657,147.28331
255.253,559.3139
19.05,144.82272
2459.54,71.48388
3602.14,843.09717
19.907,88.21474
39.107,121.94102
10.196,89.74171
161.72,399.1543
515.354,219.4757
10.267,508.24066
30.076,54.100006
101.207,177.06573
18.34,90.80229
19.646,108.2637
18.92,86.248764
50.266,207.51259
399.583,87.28168
9.093,250.90387
131.963,600.02277
16.717,112.53134
30.293,148.93987
297.913,863.7812
38.254,124.375946
0.346,255.91129
4.553,76.20851
161.293,807.06714
0.047,87.83765
27.906,161.48988
8.396,115.86664
10.283,163.78506
119.21,622.2603
10.173,90.16881
0.63,79.098076
198.547,292.12485
0.7000000000000001,134.79868
10.753,85.46507
799.663,272.9558
299.157,164.91422
570.523,393.3272
19.997,380.43854
19.8,128.08495
40.366,159.92596
89.34,209.56575
262.067,78.10725
30.066,559.69727
0.313,111.98154
380.42,233.54172
79.683,188.82542
150.047,408.50772
21.393,257.49582
19.93,104.84632
1140.757,1055.4133
32.767,88.49118
39.877,247.54213
49.766,224.86925
19.41,100.52874
10.053,9.250698
20.33,691.3479
39.603,1113.5753
111.24,91.463974
19.263,263.7296
504.477,676.089
0.313,76.5004
29.513,155.79916
0.173,81.4099
7.690000000000001,43.824593
45.883,9.419442
390.29299999999995,233.96759
321.23,361.07718
20.313,43.313137
39.707,155.21646
60.087,1019.33923
0.28,713.1689
19.37,135.22444
30.896999999999995,158.81062
0.0,96.48172
20.16,322.61658
9.9,2527.3022
9.99,135.70448
8.156,130.81874
0.89,88.65793
229.313,105.70787
49.1,499.78836
885.473,168.6801
229.03400000000002,305.13943
0.237,60.95448
6.613,35.460773
10.864,102.03679
10.223,125.90412
80.38,513.63416
150.86,1140.7374
8.554,29.665997
80.093,424.75076
10.153,102.59201
9.85,150.60313
22.266000000000002,6.467724
598.126,1378.2213
19.724,287.00412
1.02,79.73621
299.457,224.72571
61.07000000000001,189.07993
129.847,163.73676
20.573,315.9453
10.186,91.564606
10.283,137.0569
190.71,513.02765
2940.483,849.59265
30.37,303.07312
8.94,125.19787
29.21,225.27756
10.0,180.78271
0.407,161.03864
10.36,98.34048
9.966,44.725895
100.563,39.05822
19.537,148.4267
0.107,46.457623
0.873,383.2826
40.013,158.54323
10.737,133.33174
41.914,933.1718
1092.954,716.7834
29.516,89.10706
9.347,76.20851
71.29,1570.7037
41.104,96.20256
19.693,183.12325
20.444,62.57421
70.083,89.994606
0.029999999999999995,200.82399
3979.7899999999995,241.8682
453.597,203.16792
316.817,551.09235
2.066,98.23825
19.9,107.69647
0.0,135.33852
94.05999999999999,156.2723
438.973,105.61347
39.47,138.12733
129.163,212.85036
69.29,51.69565
0.3,114.87682
19.906,193.72966
56.634,160.04916
29.8,1241.1571
19.84,994.4045
613.25,1103.749
19.997,38.29965
129.273,97.03364
349.937,565.535
20.84,50.190643
20.347,84.53582
269.907,346.0136
81.537,195.42596
0.644,103.3725
20.967,598.7492
39.897,474.76947
0.17,107.10521
159.68,251.73074
1718.254,1381.252
210.07699999999997,137.55501
42.963,437.46304
120.757,120.41321
40.08,114.7046
17.046,72.53375
0.987,270.3932
170.76,232.99588
9.953,58.48404
351.257,999.9464
470.33,828.91925
110.987,93.86875
70.144,155.03429
40.203,424.3815
579.354,129.5123
19.93,80.13314
0.126,200.24231
40.45,59.059196
122.337,13.029148
70.19,92.590385
28.817,169.24165
1800.2500000000002,1194.0248
690.587,304.05338
21.582999999999995,213.15903
42.013,232.69989
19.843,103.21246
7.977,137.6723
219.897,184.5741
8.877,244.7096
9.997,108.95081
8.606,190.43407
12.803,167.28545
9.843,85.6938
49.587,120.443565
30.553,267.20853
396.937,723.95087
49.427,130.65033
229.727,480.63132
34.856,363.44763
19.987,124.60839
70.6,151.51416
0.0,223.16995
202.39,324.31793
29.942999999999998,139.49402
129.093,273.03058
20.89,91.57205
121.02999999999999,207.7656
550.11,254.33629
0.0,94.97549
8.49,65.17254
189.72,683.4616
138.154,18.170614
9.354,91.709496
9.61,91.30021
10.71,96.25938
49.73,97.15873
20.183,248.98317
157.49,124.31144
10.6,52.543545
1.6429999999999998,88.670334
60.37,164.6921
10.91,161.8228
0.297,85.27129
8.763,84.83809
184.806,323.6878
90.36000000000001,634.74945
19.88,176.41985
68.984,149.40262
84.1,111.90726
148.897,106.43494
9.067,94.906685
39.984,289.33826
0.047,80.70087
20.53,207.22472
0.234,22.73787
2240.833,455.73917
339.473,157.31778
0.343,66.08236
335.237,746.5066
31.837,228.74138
0.187,126.62259
19.497,102.42084
1.076,64.67578
128.57,260.70255
1.97,96.884865
184.88699999999997,116.23365
479.5799999999999,380.51776
0.186,212.23851
0.11,111.98271
9.963,315.4248
11.150000000000002,91.42577
0.25,291.1407
19.43,95.441986
1.063,189.94302
120.17,93.88853
111.477,62.854908
18.78,52.81426
21.693000000000005,91.293564
11.067,59.489212
2.006,181.68323
5137.12,401.65247
0.127,80.52319
79.103,175.47719
10.247,128.59047
29.853,100.704315
228.484,1511.9956
9.057,126.06041
70.873,554.61456
10.044,51.04872
221.76300000000003,77.4701
160.066,87.53095
19.933,49.878147
19.514,111.632965
159.87,460.29752
69.83,143.20573
70.26,305.41202
9.853,144.66258
29.922999999999995,166.10902
10.65,173.4385
9.906,347.66196
11.307,92.09634
0.394,92.003296
39.6,609.667
39.913,226.60022
10.35,131.10147
159.793,361.7422
8.767,149.93697
21.947,73.48446
3334.1329999999994,1000.82
0.12300000000000001,199.34392
8.77,12.655424
349.85,247.72314
9.874,14.110523
9.217,86.18799
1899.7170000000003,279.84546
40.16,228.90222
29.929999999999996,179.76997
29.123,141.02692
0.107,135.83458
10.057,243.2765
1211.733,1215.1329
17.77,199.22566
49.667,658.91296
7.254,187.21443
0.596,209.59319
30.56,62.346344
0.263,294.3099
19.986,209.3848
1428.31,183.32106
20.08,97.484474
18.553,177.21631
19.81,206.10211
0.20400000000000001,71.92892
269.767,870.42914
29.46,428.2889
0.0,133.37827
19.923,161.58429
28.05,231.72797
0.063,138.45238
0.046,81.29107
2389.953,1053.4635
21.393,94.82405
1302.017,236.7086
9.757,176.02016
0.033,105.77043
20.057,397.26013
4134.08,828.47327
0.029999999999999995,124.56788
19.274,86.039024
10.652999999999999,65.04292
12.21,75.98255
89.9,346.26404
360.394,209.14755
29.083000000000002,139.84813
17.343,372.2653
50.643,100.08795
9.55,78.806015
179.96,89.42819
90.377,195.27435
10.473,75.059616
18.453,158.01007
140.053,358.57974
19.527,349.63358
8.72,261.59125
109.593,1096.6658
18.293,48.319485
219.55,2208.2712
20.123,494.4257
79.75,98.71082
3.783,80.924576
139.186,377.8138
169.966,346.6699
58.99600000000001,139.27419
80.89,347.1075
39.493,67.52691
9.143,122.44965
0.72,133.90907
20630.824,19039.576
0.25,263.7296
79.913,222.75961
240.377,2668.931
260.504,293.18634
27.910000000000004,175.97726
29.99,204.78198
50.19,199.43977
19.393,164.19118
240.25999999999996,343.01187
20.124,131.28178
60.507,217.61836
20.36,334.9865
157.097,116.11216
20.096,399.20602
169.393,96.73858
37.7,108.959526
169.997,18.555721
9.717,229.4959
10.186,117.2741
102.024,87.05162
20.097,171.66002
215.716,358.68134
115.937,186.20831
79.963,747.22375
51.247,439.17728
29.86,86.86351
382.783,1115.5778
8.943,147.87004
30.246999999999996,60.41823
149.783,2917.4475
18.82,122.60521
59.986000000000004,141.00299
9.866,96.95259
18.703,133.98088
30.123,22.73787
180.823,296.4361
10.047,86.77007
30.414,192.52579
0.0,553.283
130.414,146.91008
20.063,78.73102
53.193,126.33579
1.253,370.14304
19.697,18.262749
19.38,250.45297
99.787,137.67216
40.03,297.83188
332.023,769.1405
626.44,214.00597
99.413,477.97366
129.943,104.574265
9.174,74.13058
0.517,136.28363
20.097,184.62138
624.63,450.018
170.07000000000002,210.84673
0.094,207.08943
119.983,87.26108
749.88,237.89587
590.87,283.53696
341.986,158.02179
0.0,161.51604
99.47999999999999,38.0809
8.713,161.852
10.07,27.600796
0.064,202.67932
31.317,118.80583
19.68,125.138054
178.6,120.674324
71.443,109.989136
180.057,269.2093
430.94,1009.0892
488.4200000000001,231.72797
20.064,275.6628
118.97300000000001,171.3425
19.943,131.32135
90.183,298.71173
19.953,211.2798
0.39299999999999996,112.80361
10.15,246.43323
0.83,99.080215
389.367,221.1152
119.21,513.7714
20.177,201.62529
7.344,152.20148
0.64,42.7139
19.76,207.255
0.283,104.86573
18.91,136.34799
329.66,770.86957
79.97,355.7251
9.583,149.27672
1402.23,2683.0322
118.0,221.29327
194.744,219.1389
159.947,251.22728
109.414,283.01898
28.855999999999998,132.76169
10.177,123.72024
10.899999999999999,110.33186
1.313,124.28468
0.127,129.20308
0.046,42.59551
10.407,62.502884
18.887,96.08683
8.25,75.22576
219.684,477.85492
310.903,28.69745
12.417000000000002,68.112656
39.957,590.57654
0.28,97.93325
82.0,472.94363
9.97,96.7995
560.976,195.77156
0.20400000000000001,121.215836
0.843,81.4099
13.993,161.7876
9.373,124.20384
20.033,160.54944
0.8199999999999998,106.35041
1270.464,1259.8451
19.613,561.4348
9.99,127.95999
290.186,201.34518
0.127,241.49756
8.71,63.94017
0.063,88.89378
39.097,181.29697
9.903,201.53249
638.26,574.2845
0.313,103.620834
758.22,732.5941
2777.163,461.14005
58.967,198.02814
0.78,108.2637
40.143,91.6105
88.96,120.99459
59.006,176.35944
90.06999999999998,98.61352
11.043,107.64988
0.143,125.29945
0.263,200.71233
3.6459999999999995,138.05644
0.047,71.105316
19.966,348.30176
51.587,234.56921
48.027,1298.847
19.067,165.64635
109.007,37.94775
39.763,123.71025
0.12300000000000001,136.28363
20.163,110.43614
131.923,98.30942
9.173,92.57061
0.14,244.07045
39.787,110.05838
16178.813,13297.314
20.08,237.69548
90.06999999999998,525.8513
22.297,257.0446
29.883,141.4548
899.8529999999998,148.87392
8.537,80.311676
0.0,210.20587
8.827,75.39227
19.373,162.92857
30.68,91.79861
79.903,298.43484
0.14,78.6772
10.397,71.25523
50.25699999999999,133.78615
20.02,152.06816
11.474,89.058014
385.55000000000007,783.6017
150.25,466.83154
29.564,427.13583
389.95699999999994,832.3065
10.88,166.46422
2.1,82.57074
0.12300000000000001,517.9248
80.203,573.2466
65.3,178.56921
0.186,79.40826
7.516,108.31207
60.449999999999996,220.55911
19.893,285.70016
3.0769999999999995,97.629234
189.037,159.2875
18.633,59.205738
19.407,336.2482
48.473,288.49118
79.7,577.3045
611.36,230.17587
0.047,88.024155
11.183,228.6752
81.2,533.83405
230.363,1029.1696
1789.2040000000002,182.43198
9.65,493.49792
18.737,99.80105
0.577,64.21689
8.823,30.250425
4.85,180.67816
127.393,569.14087
170.153,147.90427
10.553,48.665176
0.297,87.58154
20.223,226.43312
90.27,735.6785
9.547,507.60437
130.683,223.42728
8.813,137.47757
90.68599999999999,244.47026
20.086,706.6145
9.183,75.22262
50.24,110.28721
40.22,53.297707
11.0,331.05807
0.517,127.71063
110.237,101.10683
0.25,88.698105
0.91,218.82254
130.064,138.28685
60.87,135.51399
10.934,111.874954
19.076,170.1928
20.146,204.7717
29.13,125.08315
19.667,166.3538
9.937,133.62947
248.36299999999997,559.84436
2008.35,322.2403
59.42700000000001,70.06792
20.643,76.28799
269.113,2652.9565
79.847,611.14557
250.10999999999999,128.43167
10.497,49.902817
30.6,116.082565
430.12,353.99255
17.544,182.46999
119.86999999999999,148.35983
90.257,90.21276
0.013,223.74113
258.64,102.92117
50.873,137.47115
10.68,575.7651
30.456,93.076195
69.56,217.8997
8.683,91.97651
400.1669999999999,793.86365
19.786,131.14772
1422.797,635.23737
250.633,927.2053
86.404,246.99529
220.673,101.95684
508.903,1286.0532
38.973,63.976498
0.9240000000000002,89.500694
11.113,75.14266
901.037,485.22104
19.873,283.84982
1119.424,468.65393
10.49,134.3169
9.917,6.467724
1.863,126.08191
40.11,102.01587
21.25,133.28998
0.08,184.94122
10.2,134.28479
72.47,152.18187
1.813,187.21443
9.904,167.764
60.334,203.2012
570.8,135.71863
40.003,172.11073
110.816,67.9278
9.867,147.44618
291.453,252.8805
49.8,193.67778
39.11,167.4212
317.533,359.69962
3134.407,936.02826
0.563,131.14635
30.1,46.053898
4168.093,1112.968
101.707,769.6337
10.14,95.06677
30.71,164.43797
0.397,77.189735
149.843,209.96661
849.267,539.6507
340.18000000000006,554.60315
0.457,156.88754
9.29,47.540558
19.657,484.04437
16.943,221.44946
176.43,413.23633
50.003,264.14005
7.6339999999999995,137.54253
0.9469999999999998,157.03252
141.97,1077.8011
458.04600000000005,711.6185
0.08,384.10306
0.233,153.50021
0.124,169.39314
59.596999999999994,177.08408
229.183,214.22855
16.75,93.30492
367.954,1094.0984
121.514,376.48615
2001.167,435.05377
9.47,139.3626
59.815999999999995,151.73607
2380.863,983.18396
9.617,64.88574
180.27699999999996,1311.227
10.443,83.47971
148.28,361.91632
19.716,95.15577
19.937,230.14804
430.32599999999996,130.15245
70.133,85.0093
100.03300000000002,451.6276
50.64,95.12603
11.096,55.397778
261.01,385.4376
0.047,732.0796
282.206,132.7668
0.6699999999999999,133.1256
29.137,196.82605
9.81,145.60014
10.22,160.35567
19.374,151.3462
9.243,157.03252
19.937,158.92204
19.31,80.301544
109.903,107.1344
2050.533,617.5916
79.513,157.68443
121.383,10.307267
8.967,88.81095
78.957,156.27556
10.52,127.5944
2151.263,352.3269
645.48,656.37006
30.256,145.73332
19.987,176.38171
18.183,106.443375
19.793,236.96043
19.72,53.93033
32.163,206.83154
8.563,4.312931
10.726,110.62476
10.843999999999998,77.189735
19.47,157.0534
9.63,91.673454
109.82,18.15531
7.977,124.69444
29.986999999999995,323.2905
500.943,113.762886
1526.357,1475.7843
40.793,71.73679
18.13,136.17981
40.233,436.6833
12.267,87.83456
9.93,149.6732
109.827,712.74756
310.883,846.425
408.823,61.659634
50.57399999999999,224.7224
98.55,304.6878
113.07000000000001,132.76231
2910.517,1096.9192
10.524,82.94278
40.26,339.35776
19.756,94.428246
260.23,287.89517
19.847,435.69876
9.85,46.18808
2247.513,1105.5283
30.543000000000003,99.79165
9.703,223.72075
18.76,96.51331
679.423,877.98035
20.07,88.670334
40.323,265.6132
1552.0330000000001,458.71622
49.967,525.2492
10.177,87.93844
1332.2,427.69705
169.617,362.48447
20.767,72.7443
70.533,149.19751
140.24,269.99542
70.363,98.632576
20.886,57.929573
19.023,162.40265
40.013,250.7738
39.077,151.38359
20.803,71.4496
20.704,159.39485
60.724,203.44778
0.14,70.38492
9.123,50.92354
8.26,121.70075
49.643,60.79247
879.663,384.77783
210.87,141.64978
9.676,96.70801
1150.5,665.922
314.063,192.22496
10.194,135.49834
10.17,198.2257
9.027,127.95999
437.967,372.42316
199.127,620.907
69.42,38.330517
0.424,59.362602
174.11700000000002,259.54025
30.069999999999997,60.7683
2085.774,760.3708
19.12,54.582497
19.63,490.5944
68.84,367.6371
91.097,75.23618
2.61,155.3698
730.4,874.237
10.55,126.33773
78.993,911.6172
0.413,125.81753
37.707,107.83119
79.65,171.94388
10.163,176.74838
120.533,236.92874
30.353,65.80133
102.834,191.41985
69.847,154.29573
36.65,123.21678
0.14,97.608986
50.007,91.64891
0.64,63.664597
29.884,332.15695
0.18999999999999997,254.28165
47.166,526.9957
29.327,557.399
21.18,14.110523
169.823,53.724297
1405.49,1058.839
309.81,76.49035
9.743,473.9663
9.657,46.255318
30.067,186.9514
59.977,256.1637
49.137,570.3696
19.366,277.6153
15.796999999999999,102.999054
8.537,100.99723
81.32,187.44598
30.064,84.49278
210.977,156.5527
19.847,197.04985
0.017,153.41745
0.126,134.45398
8.83,63.435238
0.33,81.52894
0.593,90.27571
80.55,244.74675
29.61,207.25826
2131.127,502.66183
50.527,726.9502
70.123,122.75835
0.7970000000000002,118.333954
100.806,230.30602
19.94,145.60014
19.703,127.60441
288.67,59.51135
118.937,106.076866
2012.8469999999998,209.51424
10.384,10.740192
39.177,12.584078
40.08,362.399
0.347,80.18728
910.677,1735.7574
9.043,105.19215
28.733,109.96738
6522.103,853.8856
2029.757,509.9839
10.316,63.132885
30.1,2127.6016
547.377,573.6485
0.474,77.76034
19.43,187.98854
50.487,120.45171
40.153,66.18501
11.466,170.6246
20.12,9.69272
500.07700000000006,249.23186
79.81,53.592304
8.19,58.375957
1.206,292.14435
38.857,121.74087
9.83,120.0016
179.613,205.95674
9.006,61.95942
18.913,56.86823
60.12,733.1826
58.75600000000001,257.58136
0.7970000000000002,5.3953547
29.707,4.312931
2254.143,602.0626
10.074,127.17192
0.216,78.48722
0.903,44.12339
12.339999999999998,317.42847
0.533,128.92152
47.393,236.06804
79.867,204.29645
61.093,38.451435
2170.74,440.85934
209.664,203.16194
11.17,560.09106
19.69,231.52107
179.18599999999998,12.219849
2.516,341.94833
19.74,122.67379
755.426,522.8498
9.48,228.1358
10.25,147.6628
100.153,125.82262
49.9,1309.8127
0.013,95.52739
8.933,134.93486
9.23,101.782906
0.076,147.35501
0.047,58.73755
60.68,132.9803
39.623,123.423004
18.217,273.42688
40.526,163.07858
7.817,73.19695
19.517,270.16666
79.617,174.58798
459.97,438.68552
9.637,94.70182
40.104,124.28468
41.02,106.329575
28.837,111.91509
37.403,204.84233
20.05,489.81647
40.286,161.94737
79.716,99.71069
60.44,507.60437
18.777,146.77486
40.267,1172.074
190.12,510.97
40.697,134.30693
40.15,315.5498
9.517,45.059883
3.783,173.5495
11.860000000000001,43.824593
0.127,90.89205
2.44,90.077
670.36,229.62901
119.987,54.180042
159.566,554.4689
201.27699999999996,97.43684
29.956999999999997,23.7306
19.26,229.17734
4.14,133.85936
19.774,557.59393
39.58,224.0045
9.943,303.2709
2674.85,713.83856
29.747,1086.1699
8.93,211.87927
9.317,88.22671
29.942999999999998,35.460773
29.6,77.291916
21.033,15.982108
0.25,198.19807
480.12700000000007,230.62914
338.753,158.4884
290.847,454.11765
220.013,533.3632
80.69,270.54794
0.703,62.67863
30.02,164.52438
140.16,159.95796
18.8,72.89724
88.9,47.425076
2112.233,1746.6135
0.8570000000000001,122.956085
10.064,128.52861
39.277,63.284214
70.123,95.55404
16.18,72.79979
30.687,124.78347
49.49,531.8839
9.267,62.561398
19.646,91.13812
9.156,185.72641
10.083,89.98882
20.03,167.64929
3.334,72.83665
50.09000000000001,148.74457
168.443,300.53836
58.993,340.13156
2.51,161.58429
3129.3069999999993,2052.0903
10.244,148.84781
20.344,776.78766
119.35,173.38332
19.947,25.343658
10.11,127.82841
10.437,123.41807
210.13,449.39832
30.293,211.25374
0.44,93.866776
19.14,93.911766
169.423,74.35967
20.236,174.59366
19.11,75.44376
30.076999999999998,275.19562
109.893,84.39761
71.987,194.76021
30.506999999999998,289.267
17.88,145.93958
30.77,101.46785
1488.884,950.4586
20.077,278.1028
20.433,109.156784
10.899999999999999,130.61859
829.8429999999998,335.17203
920.017,117.740135
9.133,91.74966
1675.816,1589.347
60.917,93.149376
239.9,193.77039
109.993,63.52882
269.007,108.691246
80.28,162.29135
39.897,219.28503
345.58,90.308075
19.647,36.39131
269.487,660.44934
182.643,191.16423
40.98,89.13306
7.589999999999999,128.80229
30.2,212.61354
41.294,118.7673
89.177,69.15578
10.04,159.20692
89.647,113.528145
69.156,229.8754
1103.866,285.6639
119.45300000000002,132.2783
29.53,140.40479
0.72,237.65538
49.003,293.97607
8.704,90.969086
88.98700000000001,145.75874
9.543,245.28255
360.217,195.63715
0.7970000000000002,191.43782
22.517,135.80263
19.943,91.112946
1031.18,165.21231
9.343,15.87982
39.926,138.87671
19.916,90.37521
20.51,90.30069
39.56,150.76343
1750.824,3256.6143
0.033,70.531105
592.43,516.14746
19.01,1471.8403
37.297,209.81052
8.814,174.80264
259.51,200.13213
9.22,149.27672
540.31,398.4611
11.260000000000002,165.87863
39.883,600.71533
90.674,109.049904
20.734,223.27719
241.706,793.9648
0.313,117.73599
179.534,165.07411
10.567,68.63158
20.01,111.38969
20.02,1704.8191
29.587,46.390087
211.08,186.89381
29.553,417.947
1.083,154.00891
109.993,147.28246
240.09000000000003,53.1267
300.287,191.66452
30.653,94.27238
69.703,62.56825
7741.220000000001,708.08575
21.033,136.19989
160.237,108.234665
30.08,67.99442
0.127,147.7901
9.327,96.50026
10.933,157.58919
280.427,227.09601
589.587,644.02246
19.926,477.31726
129.47,156.85556
81.92,216.55826
8.893,522.1485
30.42,192.563
39.153,188.97339
25.556,68.19939
261.773,281.62436
8.92,235.93884
479.93,629.8147
1820.04,540.12683
205.88,1551.9149
9.247,44.785675
19.9,21.33308
9.31,83.39585
40.164,92.38505
10.057,134.43712
19.967,85.2915
39.81,352.05826
299.77,199.92252
1031.67,148.36357
119.47,1341.3373
10.58,47.702007
9.167,111.13874
119.54,463.8498
16.3,176.41705
0.66,200.52405
60.773,326.30508
20.194,243.07741
130.78,548.86334
31.734000000000005,226.74931
80.323,163.28896
19.796,357.06015
0.847,116.941895
7.507000000000001,174.0083
9.653,202.08278
10.326,108.919876
20.106,523.19525
888.7,183.15854
49.863,247.58609
80.377,103.21246
49.746,107.81646
126.23,198.6047
10.573,168.9488
1.19,107.90574
20.364,89.99894
100.08,163.58716
1.106,77.7401
36.187,233.97124
1282.014,990.75146
0.029999999999999995,98.911514
80.657,190.6015
49.807,95.15577
69.013,212.49376
19.907,363.9282
91.16299999999998,804.6935
48.72,85.491035
19.43,101.70957
409.68,165.096
56.1,521.58887
12.872999999999998,89.211
220.43,86.382835
0.063,123.80061
19.974,81.56475
19.914,149.69243
1496.734,256.5998
50.37,146.97322
19.413,160.08331
8.95,74.34095
2715.42,343.7401
419.83299999999997,265.53146
270.116,128.81944
20.72,244.77528
0.107,127.25471
18.913,384.10306
29.07,89.55004
41.597,109.468025
90.19,160.81738
179.594,109.15835
1570.074,151.63557
90.27,282.85745
1162.687,626.01886
143.87,199.96342
69.133,202.25867
10.92,216.50546
99.11,55.397778
677.477,209.92902
0.347,125.55822
9.636,159.14478
197.226,1322.0583
20.1,104.03711
70.14,120.0016
9.037,124.6258
120.92,107.0995
29.503,162.08786
20.213,417.65292
8.61,275.80774
0.127,93.996376
8.983,75.52716
252.197,196.72278
30.952999999999996,222.70314
10.959999999999999,179.51358
310.963,228.81853
11.527,167.27208
9.33,92.60281
239.907,300.93015
9.943,116.340004
715.87,710.7522
249.84,104.24596
50.763000000000005,131.30743
18.603,70.3925
79.66,393.0806
120.123,186.7933
1.347,95.915375
230.04,600.53796
20.04,112.082146
10.85,144.82388
26.9,174.9917
20.324,208.6208
156.977,557.53613
200.873,279.80017
30.77,269.20715
841.52,410.38837
556.507,330.37665
59.92999999999999,177.78749
21.914,210.06566
20.007,241.82614
9.737,55.39295
16.927,60.473873
720.4569999999999,473.2968
31.306,60.799618
510.316,705.5408
309.636,130.32222
0.0,63.154625
26.764,258.94205
20.973,59.29412
89.114,38.320766
15.653,128.78923
26.244,424.36792
0.907,32.40824
150.124,1193.3677
40.28,209.04158
19.627,223.97604
30.433,178.68062
40.136,232.70457
10.18,55.462456
270.196,223.05397
61.07000000000001,38.822983
9.517,182.74608
39.39,95.49226
18.297,45.041916
19.673,316.37573
219.69,54.984985
21.3,94.70182
19.837,82.20584
319.94,56.2573
18.95,182.63574
18.853,918.6671
50.1,53.926853
40.387,129.63002
30.83,90.6406
39.28,49.601044
9.563,129.22011
8.41,76.28596
233.183,312.05084
0.077,202.57915
19.65,558.20245
274.12,873.0163
9.557,83.65538
19.8,296.50348
89.29,477.453
29.933,694.11127
2034.777,613.9535
19.18,126.74164
26.893,193.84776
36.01,94.7953
101.89000000000001,171.95819
0.373,169.8862
151.84,169.02505
39.64,95.07309
19.903,152.74026
30.59,321.2697
9.927,85.67481
139.696,114.45862
103.957,298.9373
49.883,110.25213
878.97,217.18327
8.324,78.12293
19.776,114.23532
150.13,304.82117
1760.047,897.9913
261.097,117.87179
69.307,307.11447
79.92,102.17412
338.72,313.4481
109.937,181.61183
90.16,215.46634
24.047,108.884674
38.994,452.25134
20.256,119.03656
120.12,115.95136
2270.103,1660.4844
69.943,178.24345
89.3,168.51872
40.48,186.20488
30.813,114.15397
40.06,142.28592
29.827,261.25046
7.87,110.478355
10.899999999999999,109.99819
170.82000000000002,91.9995
29.91,47.456615
4569.86,165.67372
0.063,90.17632
1027.943,176.79851
117.074,480.1361
9.57,106.67441
50.063,91.09256
26.48,114.945755
19.623,64.37268
420.64,487.41937
180.29999999999998,195.92625
50.366,112.00763
784.41,729.62994
241.073,1730.9338
2250.666,2074.7244
60.093,175.98514
10.46,206.83154
6.807,232.78615
9.5,177.08408
9.166,81.81998
130.197,919.4858
0.173,195.72621
126.613,151.11108
19.433,543.6816
59.687,99.466934
70.236,300.12393
39.394,208.35765
19.52,90.51678
61.882999999999996,158.98027
0.017,166.9744
22.013,62.758434
9.283,59.99433
9.156,75.070404
10.094,1228.8286
0.217,79.13464
289.81,86.31063
5691.58,486.18423
99.156,113.636505
19.81,59.835762
0.877,168.41423
9.483,96.54491
7442.296,1041.7601
2205.267,2498.1558
0.077,97.93325
0.063,64.828514
19.71,305.84286
6224.76,1281.4066
18.954,53.96139
29.44,108.21731
470.58699999999993,218.75038
9.886,479.1145
101.083,234.60754
147.823,318.9657
480.16,2909.4834
11.373000000000001,306.26724
0.487,125.55822
425.81700000000006,890.57684
1.627,8.080014
20.084,14.525297
10.093,158.81062
632.107,441.18738
19.197,274.96457
31.37,90.61379
116.534,121.033035
40.406,131.85414
1207.367,653.6849
100.11,207.1169
32.033,525.54443
118.31,525.6787
10.08,65.95873
19.643,947.0382
149.966,120.76525
10.387,411.59177
58.004,319.70847
140.47,185.17114
1046.347,1374.9578
10.453,124.648926
9.357,74.45633
97.99400000000001,158.7067
9.11,156.2893
19.233,94.889114
20.486,192.99261
10.276,75.35418
208.774,577.5126
14.44,135.82458
149.886,930.8178
30.860000000000003,1002.8897
29.893000000000004,107.68794
781.6259999999999,75.31609
19.096,146.73761
60.6,1080.876
49.674,86.10903
20.1,278.5961
0.43699999999999994,72.53375
179.966,198.76465
19.86,80.11011
249.84,237.12852
9.463,106.31884
11.36,54.695484
21.41,127.1117
20.517,45.059883
102.17000000000002,80.9305
21.037,165.12718
0.28,128.44028
29.477000000000004,85.85926
77.883,171.13057
0.11,773.0885
0.47,239.54153
3977.1430000000005,1548.5741
80.09,166.42201
0.12300000000000001,126.54525
369.0,195.6009
80.997,87.26361
29.660000000000004,115.51281
77.2,95.62553
20.9,97.791695
0.186,80.30159
70.493,423.67227
898.0969999999999,509.8265
720.0499999999998,701.9803
3017.873,2183.595
78.133,159.65001
240.08,84.27849
70.23,288.71112
19.5,99.50571
40.233,383.07486
85.44,177.67438
19.956,295.1399
181.47000000000003,235.05208
1.033,95.69132
345.043,150.9704
9.78,98.579384
4640.203,7223.7397
819.83,185.32173
8.017,80.03081
69.587,395.79272
9.137,369.38864
59.73,1258.7933
19.08,67.8191
21.033,132.95439
1717.7199999999998,977.81464
19.226,103.659
1.08,196.86336
359.197,128.67639
19.086,117.78496
5.58,48.02656
239.886,419.1818
19.723,145.60014
11.166,110.50928
50.49,86.854034
19.923,202.86539
769.877,196.20741
509.913,1135.9404
0.343,400.05527
186.46599999999998,88.716125
872.7760000000001,164.0566
8.72,87.74603
1768.57,696.28107
351.587,143.33948
29.75,86.33142
904.063,693.27203
5.473000000000001,67.52496
21.074,90.32763
40.017,376.45892
50.09000000000001,190.85037
70.13,248.05952
20.707,91.6901
359.99300000000005,208.32668
20.09,95.69132
20.143,90.94428
0.157,113.264755
459.76399999999995,795.9692
29.62,164.1606
0.347,102.18115
245.874,384.69968
70.953,301.28488
450.674,447.44794
329.763,250.1857
18.967,112.69319
51.177,101.324615
465.224,142.89864
30.366000000000003,544.57245
21.57,222.47969
159.233,90.038864
70.24,228.80304
0.64,37.928333
3308.41,787.4647
130.073,221.07912
20.387,67.96571
9.993,96.62941
1089.043,871.0475
19.863,84.12858
22.757,252.55927
9.417,81.607666
78.85,92.50223
9.96,111.98154
9.08,125.160255
0.22,186.7509
21.12,88.26188
89.86299999999999,462.32687
39.944,98.09302
48.64699999999999,155.3515
180.084,269.5485
129.923,800.4507
10.14,209.54977
79.277,286.19156
19900.323,295.8801
0.623,50.75196
39.89,559.2547
5899.223999999999,335.46332
11.12,81.16195
8.983,148.29916
10.483,155.01888
27.94,166.13768
99.947,191.12238
39.827,86.25787
9.753,84.6769
20.05,65.90123
19.847,128.25156
806.844,870.7428
50.617,25.05537
239.95300000000003,192.99272
571.24,339.89108
139.783,288.75952
19.937,286.0726
17.523,137.0569
29.63,37.75744
9.33,144.27162
0.187,124.648926
152.72,66.33109
19.914,161.48575
31.71,94.96504
188.14,457.29694
9.983,236.1202
0.283,90.44044
9.004,736.4307
39.167,199.34392
28.417,465.83865
0.11,31.273106
10.063,275.08765
21.21,48.573566
10.776999999999997,97.024025
30.306,135.73288
1869.3729999999998,344.28302
780.023,334.5622
19.176,319.93253
9.763,297.69785
49.653999999999996,496.24963
10.693,122.469
6.306,128.12668
29.533000000000005,218.29236
19.727,107.312004
69.817,669.13336
110.497,122.25691
130.017,151.43468
41.383,95.49154
40.11,89.4775
433.26,315.028
10.157,1154.343
59.424,12.461008
0.42299999999999993,87.047966
505.74,433.3612
9.41,45.322838
18.537,185.72412
1628.313,1024.4545
121.396,126.961
0.456,90.67206
923.8400000000001,888.97894
170.25999999999996,1556.2957
8.227,76.00098
229.25000000000003,150.29756
31.340000000000003,281.1206
209.547,691.3284
10.137,121.88086
19.813,32.591183
28.31,291.29163
9.914,112.821465
4567.68,1169.5564
0.954,78.97551
19.936,134.0864
211.033,98.98689
20.313,95.89667
8.75,205.37395
85.88999999999999,258.85382
999.997,3180.386
44.704,98.34207
4170.256,1029.8456
339.213,63.006462
18.76,89.211
18.99,230.25604
19.31,159.20692
60.243,79.523285
360.09000000000003,474.66293
9.657,109.69193
160.304,159.23076
0.063,76.31487
69.357,213.67122
1175.933,1252.6665
0.233,218.45233
179.72599999999997,880.0332
49.69400000000001,437.19278
10.227,198.07512
9.4,75.52716
30.33,229.03741
19.093,77.91341
11.093,125.11867
8.797,125.21334
1929.85,388.74286
329.166,98.340515
30.613000000000003,197.99231
20.687,100.588165
70.8,109.94899
49.687,241.66199
20.3,165.12619
39.997,230.77116
141.0,163.74142
19.327,79.87644
10.094,61.142624
0.236,161.87871
0.14,247.92899
22.27,67.770004
60.127,152.78505
89.87,30.947565
9.107,68.55522
9.753,201.5618
19.93,370.76233
9.09,84.01639
6.673,170.50491
60.78999999999999,366.24734
18.697,110.62476
62.357,97.32007
38.574,222.27893
19.873,114.061554
39.863,61.799686
170.007,493.08652
1.016,76.23528
0.517,147.95981
0.173,226.68007
208.956,712.3245
10.367,92.50223
129.786,100.60922
1.96,732.7718
0.063,148.98036
19.597,161.60332
9.5,87.444984
19.666,55.73842
1.047,97.103516
0.234,97.484474
189.65700000000004,823.0826
9.907,341.905
59.8,112.829796
19.28,228.09975
40.993,90.92454
19.96,96.623215
9.684,60.473873
209.937,288.47
0.076,376.67896
177.384,269.05603
179.92,82.259224
1615.47,620.0152
9.204,64.65651
8.42,78.6772
79.997,334.81003
150.344,1263.3074
19.623,154.62311
38.567,412.13843
11.974,69.435
9.873,176.38171
29.97,223.3547
92.94,102.93096
0.08,84.94252
49.910000000000004,234.01076
19.163,123.41812
464.343,331.0498
3.53,336.49573
58.067,2131.712
180.00300000000001,184.91074
29.903,149.9624
0.173,373.93396
99.856,112.90452
9.266,166.60765
0.033,452.40698
1704.096,254.09415
119.95,328.67963
470.013,5536.8237
8.683,131.49971
10.5,73.995865
310.827,292.13538
174.08,348.59338
110.493,98.03908
30.353,427.80228
100.013,204.80473
11.143000000000002,122.70939
19.963,177.70314
9.62,116.82505
1159.82,2190.9468
0.28,78.6772
10.043,616.155
461.2,110.23871
12.5,151.97252
16.444,87.821884
110.527,88.3116
29.683,243.83084
28.223,325.71152
19.017,77.597275
10.397,10.740192
1400.626,424.9293
15.676,123.47401
20.764,165.58395
8.987,125.39003
489.12,455.49817
10.46,102.63106
10.06,120.72959
336.22,347.32956
1469.8659999999998,564.886
49.7,958.82245
1240.583,207.45093
209.936,306.22787
77.15,88.76924
50.173,163.24063
630.463,702.23303
0.174,69.67315
8594.39,853.3266
9.807,159.42409
0.56,46.32266
29.8,464.71735
10.307,99.83625
179.563,107.60226
70.157,736.763
41.133,123.4004
30.947,209.12547
3.8469999999999995,240.83261
0.094,94.547646
208.007,550.0464
29.683,265.65195
860.327,167.25496
1090.177,303.91583
8.297,45.75616
19.56,185.39072
27.593000000000004,212.79099
0.034,181.749
0.22,243.2765
60.6,365.44662
9.757,101.358955
10.660000000000002,114.49427
110.73,219.8925
129.8,1074.633
419.493,118.30217
10.903000000000002,284.66183
20.32,121.32252
0.267,59.31028
5271.816,747.4739
212.70300000000003,205.9319
9.12,112.92643
29.613,81.823746
4762.1,651.4223
219.93,713.33
9.35,81.05393
20.1,58.324455
10.534,45.955746
298.323,1509.6381
20.567,140.23204
109.697,186.20488
115.86,224.44406
25.253,146.77492
78.9,285.7202
908.793,2868.2566
15.974,164.50626
61.81999999999999,183.63206
110.053,55.549576
16.42,139.23303
55.747,123.80296
0.47,86.93033
20.054,144.50356
58.967,196.72462
210.00399999999996,221.9819
619.856,97.037056
150.353,215.81587
160.083,190.23064
443.4200000000001,385.93924
0.733,140.40051
1348.073,153.49094
38.267,1162.1265
230.33300000000003,256.365
549.26,177.87529
430.03,106.017296
18.9,539.3868
21.023,170.65031
21.326999999999998,72.857216
391.52,250.37987
19.874,260.0053
0.25,155.2451
158.97,12.613986
711.85,220.17758
38.356,69.67315
30.35,235.74092
39.766,162.50528
22.05,225.16333
0.39,195.99098
89.64,231.53844
40.817,84.99704
0.42299999999999993,92.4636
8.766,75.22262
21.02,278.26306
230.31,903.1319
0.39,95.61657
10.113,130.61859
19.62,76.18603
8.97,125.39003
10.34,143.57811
19.813,85.2915
19.906,110.3486
20.897,101.07168
66.99,826.94745
199.26,435.5264
40.933,92.237816
103.05000000000001,585.73
1039.947,219.78424
9.703,186.7509
804.46,234.93642
160.784,315.05145
110.613,208.09953
1952.973,365.2361
29.113,123.3944
0.936,137.34811
279.66,887.2943
0.13,89.35585
10.37,193.51881
1210.123,1442.9879
10.273,50.332817
25.77,125.38964
250.43,354.85233
9.42,120.781624
50.07,50.92502
10.713,145.53993
20.83,190.06444
339.54,98.963394
440.6329999999999,146.04086
10.017,110.29599
9.824,243.90465
10.936,131.79861
19.44,130.03381
20.56,888.3562
31.35,119.84205
1264.034,142.75763
0.7000000000000001,83.82782
49.980000000000004,147.07515
18.453,149.19751
18.464,177.3851
2228.143,206.59178
0.0,23.946299
9.98,103.73387
0.013,140.05653
11.096,96.86463
10.753,268.42035
10.177,217.53
6.933,232.19566
39.593,18.182104
19.55,113.56061
139.64,318.37982
9.85,107.19837
20.19,286.0956
20.723,326.03366
19.04,469.89215
340.057,249.33177
29.623,427.81683
1.703,66.497734
69.917,246.43323
20.573,22.6399
68.61,137.76959
0.12300000000000001,170.9697
963.003,100.26826
9.814,186.06294
10.163,287.43036
810.4399999999999,145.22966
31.01,127.73552
220.997,553.64703
32.91,89.82322
130.904,186.55745
21.13,190.12971
299.94,422.68436
89.973,217.9883
30.213,61.95942
91.03,86.76731
40.547,95.94121
10.043,131.04066
48.11,92.72376
19.523,226.59772
19.24,190.64462
10.942999999999998,110.02746
10.06,76.572014
100.24000000000001,133.00772
59.92999999999999,232.33862
11.09,178.5314
209.69700000000003,305.7086
7.73,104.91142
8.767,64.888115
129.497,203.88504
28.226,203.52657
255.647,370.1885
149.383,756.70386
784.133,123.17833
0.0,105.81955
10.663,248.98317
19.377,135.23079
99.90399999999998,123.423004
9.33,4.1230497
1.377,150.28972
10.82,176.97015
352.94,411.42947
59.49000000000001,401.64545
290.624,268.1342
1039.233,800.10016
9.637,74.34095
240.894,260.46924
100.224,590.73706
0.25,119.379524
18.483,87.01037
14.823000000000002,83.624596
10.324,103.35966
0.029999999999999995,85.1517
99.99,286.02838
0.25,121.36636
20.096,710.2696
20.743,54.163998
47.923,255.24733
1.33,18.168224
20.11,97.77366
8.853,123.92146
860.8,176.42361
211.34000000000003,158.8907
9.61,94.759674
10.153,59.065323
10.094,129.84807
29.747,285.15012
80.437,473.16583
160.687,173.48694
599.98,268.29474
20.123,88.82229
70.633,231.99141
30.18,94.61416
39.947,190.50128
1340.02,220.18188
1.547,79.94833
340.15,419.88397
40.08,321.41388
20.124,98.5235
9.936,18.216625
0.847,89.35585
79.853,206.97968
9.256,84.266136
50.393,182.64232
0.43699999999999994,58.427483
10.687,471.48053
116.16000000000001,119.25457
32.194,318.3244
20.64,128.56119
30.033,86.681885
69.907,96.63416
11.047,148.89996
19.777,67.322044
3017.613,1264.8298
179.707,1424.0542
9.846,842.5495
20.7,88.49872
8.224,108.146614
20.31,304.9619
119.64599999999999,84.80209
651.333,374.76117
9.983,170.63707
0.156,713.5737
19.867,130.1272
4211.673,1890.1918
71.777,177.77692
19.78,90.10946
59.72,163.59782
39.88,111.425026
38.076,3.858225
52.58,218.83138
59.484,27.495
50.68,86.63516
30.61,141.06392
29.943999999999996,222.61186
10.477,265.38947
29.61,279.81262
18.13,320.5525
9.873,110.99167
119.85999999999999,830.2702
30.25,241.3269
383.047,1134.6263
0.373,95.97462
27.207,73.84875
19.66,148.63937
10.645999999999999,73.333916
168.807,1225.8214
11.047,574.67267
79.213,158.098
20.14,148.04497
40.08,473.54648
10.49,105.70318
129.85,171.7016
0.097,85.18664
77.0,316.59174
1942.517,452.49344
335.907,442.91016
4.24,150.61815
49.68,311.62787
170.327,726.31744
3928.88,752.0852
8.233,59.72044
68.457,118.16486
40.067,92.51561
59.66,411.49228
37.543,286.20148
18.907,442.61658
9.92,471.1641
111.093,208.1887
20.244,297.0672
149.193,196.5014
169.9,482.80115
32.896,784.8915
29.2,18.297428
19.646,213.882
9.984,95.81084
10.017,936.1382
3449.457,1375.6494
60.37,190.71162
1.627,107.97726
120.796,152.7034
7790.473,560.72424
59.474,287.43036
159.07,121.714966
0.047,150.61815
80.057,606.4991
22.184,46.728733
498.86000000000007,681.26984
10.89,113.264755
59.933,110.97352
289.966,272.66135
30.662999999999997,87.99679
269.043,177.37695
19.943,79.59667
1.33,110.80244
745.7460000000001,656.7097
200.82999999999998,113.08007
28.539999999999996,114.41553
29.197,102.09878
50.85,152.597
80.43,187.31523
30.277,176.87242
10.46,57.82594
20.253,281.31168
19.78,98.85093
10.183,74.21907
529.393,1033.7728
29.853,115.6719
50.307,90.16517
0.44,13.879585
39.48,118.276955
210.484,325.19
1.97,12.8634
20.827,210.69109
90.1,424.66394
20.267,6.3043275
71.067,208.87706
2130.154,1084.0836
9.39,130.65982
95.617,256.56876
6.287,152.57922
8.93,121.74087
1022.81,84.72818
0.047,61.82983
11.273,128.79398
269.763,190.78244
49.03,213.76393
119.81,201.31279
81.677,1629.0363
951.0999999999999,684.9166
9.504,170.9376
1.07,98.98807
1.987,124.05941
89.847,367.05002
20.674,83.95694
0.043,286.04956
129.267,837.6302
0.17,128.28746
19.703,313.6441
61.043,524.9348
149.463,380.48926
20.05,91.42577
70.213,193.21222
540.056,156.20993
29.89,324.34232
149.414,100.85704
9.34,182.74608
99.83000000000001,717.01263
30.47,89.08985
9.31,85.67917
0.61,105.19215
2.516,200.52405
161.054,175.12094
20.25,233.21944
0.954,136.3474
100.56999999999998,120.159546
10.493,98.86691
20.2,616.84045
60.166,203.92464
330.507,94.428246
349.54999999999995,92.87074
19.167,74.256424
28.066000000000003,167.32278
0.53,62.84502
0.047,71.16353
50.196999999999996,254.84686
10.21,58.574547
18.314,94.22584
230.22,781.99524
20.073,183.6568
0.097,48.353233
19.29,721.93256
20.11,1105.214
989.737,196.78528
29.739999999999995,94.57891
19.993,132.28282
58.247,79.03309
169.26,86.0369
20.477,107.979164
20.03,123.80061
30.41,211.26094
0.313,156.09375
79.947,491.07132
6336.797,1913.36
21536.673,1620.6478
28.92,213.94922
10.45,196.9128
19.367,514.7666
159.89,256.61118
50.007,71.426094
20.04,150.14128
64.397,1103.8501
338.77,455.57788
33.37,116.4722
170.25,203.68439
20.936,98.15052
0.267,246.75816
89.487,131.12465
50.173,89.87268
81.657,621.9413
168.98,39.84722
699.9929999999999,1122.8373
10.55,107.73076
200.93,155.64806
249.12,287.2987
440.32,764.80084
41.15,467.80386
129.343,267.2068
40.143,97.15794
958.537,1026.2386
9.247,220.99374
20.193,104.27632
32.027,75.61994
31.11,74.07645
59.796,100.01385
0.407,94.30764
20.727,88.94277
19.504,200.52405
0.17,836.2043
71.813,186.07983
49.71000000000001,197.66833
103.51,115.57183
129.857,221.03148
30.662999999999997,185.57268
10.957,49.330406
89.043,495.42896
30.513000000000005,172.13762
40.547,204.90768
39.894,236.32936
229.593,161.42838
99.72,95.85264
269.886,421.54547
19.05,244.76428
49.72599999999999,381.2221
10.467,140.46967
19.877,155.2022
29.936000000000003,206.78757
29.49,79.842896
130.54,317.56195
50.263,531.42993
18.776,109.63457
19.497,105.49824
139.583,226.81946
309.487,465.0
140.67,452.55753
1.144,78.85314
0.05,108.33541
338.93,90.7389
311.273,96.41269
6.89,13.098013
8.83,127.03474
3.974,130.41302
10.674,87.66398
29.87,78.24417
210.28,146.60022
1375.007,1070.0731
10.257,133.20175
1.173,100.71428
3154.9169999999995,601.66296
220.343,227.63043
1693.7630000000001,969.559
10.18,81.81998
10.173,108.33541
9.914,276.1681
290.237,101.22152
169.403,152.71582
136.533,1226.9867
10.42,58.87092
229.66700000000003,102.54817
7.787,130.74464
9.123,89.25449
37.417,102.37565
1.097,82.285675
30.263,104.29352
101.42399999999999,34.81602
20.013,497.33667
110.443,162.11629
51.5,125.758965
59.99999999999999,555.67084
59.036,834.5985
20.647,473.9663
439.634,579.15125
60.78999999999999,140.8099
20.53,112.48464
10.677,68.785126
115.27000000000001,345.19318
9.343,162.74513
19.883,59.31028
0.876,84.74999
20.037,67.67283
19.483,74.568405
19.107,69.22171
376.297,405.8834
9.76,12.699586
19.69,92.039955
10.927,122.34821
19.627,99.71069
19.083,160.24213
0.127,9.515941
739.863,246.0021
0.017,227.12633
27.096,207.3657
10.949999999999998,565.155
3.86,261.8206
20.03,128.70546
21.043,227.02396
39.76,409.2347
3.8929999999999993,97.59245
0.72,131.8811
9.147,310.58655
211.254,112.09755
371.15,58.79503
29.863,573.79834
30.863,157.80257
71.63,187.4858
21.093,90.97766
8.107,65.68515
63.116,417.8609
39.62,222.37196
50.02000000000001,132.6289
40.057,53.43048
120.254,437.43637
38.973,91.848465
1239.954,279.4013
199.17300000000003,157.77641
9.49,156.09375
39.747,148.84781
40.133,543.4239
130.216,102.03064
9.986,211.83934
360.984,188.91277
39.86,1290.182
87.833,758.26654
140.17,122.21658
20.453,566.25305
119.85,361.46545
450.76,494.06973
9.53,180.24234
20.16,105.06079
9.03,43.824593
0.8329999999999999,251.56876
0.186,277.9782
9.1,75.77964
200.987,5.882185
20.514,87.55167
0.029999999999999995,63.56492
70.46,196.93317
2.563,64.828514
40.41,54.93958
10.14,221.19077
40.533,198.88506
11.423,84.43265
10.027,128.33507
12.007,165.80992
18.173,75.899345
10.064,194.97629
79.86,558.8307
39.27,118.333954
30.203,86.56607
19.59,79.03177
290.547,442.15842
80.194,137.30124
81.07,86.46197
164.277,43.068954
340.226,292.72644
19.54,86.91989
0.236,60.95448
14.473,199.22566
14.336999999999998,94.96504
788.66,696.00836
19.993,287.47723
18.87,1382.238
240.16,86.97384
139.923,144.92793
160.73,122.4952
11.193000000000001,90.66416
69.414,80.84581
11.234,182.3359
28.407,296.80905
28.424,88.55158
120.35,188.65596
9.826,139.30809
66.777,133.0654
29.896,91.797905
70.194,159.34459
9.52,185.14828
11.033,79.91125
1.207,136.86317
109.713,62.75729
5503.133,1102.9044
11.080000000000002,286.06107
120.684,204.3621
69.876,187.63878
10.057,97.00824
90.87,93.24249
48.077,16.152126
0.9370000000000002,41.9745
100.16999999999999,176.05151
249.707,429.0487
4340.99,558.67346
90.237,680.2213
50.107,620.59357
138.007,281.05765
111.57400000000001,537.8136
30.034,1194.2102
199.813,988.82336
181.25,666.4798
209.916,296.84406
9.123,155.49582
49.84300000000001,88.55158
11.213999999999999,159.14478
50.293,108.209145
499.574,188.3221
0.173,728.8036
20.067,134.87936
512.603,190.06587
30.326,270.43878
8.337,72.30844
40.137,109.9254
160.584,614.9539
79.957,300.96832
10.186,64.826416
951.6600000000001,248.56233
1.017,103.53283
60.157,292.01328
18.317,75.61994
30.05,568.71545
1.233,122.60521
38.93,211.39993
39.597,91.47119
50.1,161.19466
2544.923,2414.2302
146.65,114.75578
124.23,954.76935
9.05,91.31564
9.687,88.89378
29.06,93.231636
19.717,9.811466
1030.187,647.3648
20.363,8.794851
1.627,63.80741
81.1,73.83682
30.557000000000002,227.75398
15.277,84.36621
190.207,216.0713
329.68,230.33441
460.624,148.88545
41.187,253.31203
19.883,148.39688
130.127,106.836845
10.464,101.97386
5624.44,339.1302
18.767,136.19989
68.997,130.53813
29.824,75.52716
9.533,140.31512
165.673,626.10864
389.507,915.2695
0.016,136.8309
60.777,261.75235
159.603,98.046616
11.189999999999998,19.874146
40.027,142.8101
20.177,153.51195
70.023,88.601944
10.702999999999998,200.03801
3979.026,3942.5803
1596.2839999999999,482.43753
20.37,107.73936
0.9370000000000002,170.45633
489.95,688.6112
17.267,95.96019
219.057,321.7477
397.6,458.06308
182.58,1080.2819
83.24,89.38255
0.313,92.237816
69.11,184.27205
2030.043,178.4552
18.79,116.52283
11.116,100.68463
9.54,70.00293
70.03,571.9762
39.74,69.00077
19.72,5.6505737
30.006000000000004,75.098
709.92,184.94402
435.8999999999999,304.5162
29.593,249.73093
19.81,238.50713
19.63,158.2944
189.577,177.02654
130.65,1045.5826
178.81700000000004,134.38867
101.644,123.45262
98.5,133.71773
10.78,91.02483
119.83,441.9204
10.4,101.54264
189.82,64.837845
49.923,122.372246
491.237,632.2136
320.04,75.911995
119.94000000000001,88.12661
0.347,110.289955
40.067,97.11331
202.226,864.3891
6.547,426.9719
0.563,28.412752
99.98,515.12823
1479.0200000000002,320.5291
0.657,192.05074
29.53,278.5584
1213.03,435.64996
8.817,268.42035
59.917,169.10344
70.8,95.196495
0.173,50.410625
0.623,1022.4352
129.923,357.85385
159.96,3632.6636
19.89,32.91197
50.123,245.23233
661.776,256.4847
70.223,90.610535
190.057,28.745148
40.054,1459.1547
529.557,1140.6028
2689.143,659.0836
19.31,78.15614
40.663,98.898155
299.807,625.2503
529.96,1207.1514
100.11700000000002,142.09056
30.064,85.77943
9.147,217.05391
29.807,66.886894
19.703,83.13501
10.197,78.42191
863.8699999999999,1588.8292
120.31,345.2002
200.20300000000003,299.45767
30.246,490.276
19.15,352.7319
249.8,113.73517
21.714,315.47482
269.966,1008.38995
210.33,291.12994
9.073,134.67805
760.047,218.19287
139.96,838.5145
8.523,133.89957
0.029999999999999995,140.55275
0.326,128.4603
11.256000000000002,80.18072
39.987,91.70278
19.657,210.33165
19.22,426.51254
10.957,136.6697
78.124,228.57762
0.55,343.79736
9.006,87.66398
0.9599999999999999,109.00415
1650.533,225.24258
3.55,90.308075
118.77000000000001,370.42133
30.81,656.80505
459.15,1192.386
226.23,242.27364
0.017,231.42053
100.72699999999999,330.04248
50.02000000000001,82.57074
0.8830000000000001,153.23125
20.31,94.35225
10.394,71.70669
1.5830000000000002,87.31733
3.326,138.64342
10.09,139.56982
29.747,130.47758
336.017,1470.1031
39.674,222.41322
40.316,73.77702
39.807,77.9155
150.146,164.30283
10.15,81.5667
6209.98,1321.349
40.026,49.973656
559.97,77.11815
59.760000000000005,570.91266
20.23,79.95595
0.08,17.370949
140.18,1039.4924
51.07299999999999,124.6258
10.123,90.37194
9.19,75.059616
448.324,932.7368
32.78,67.55887
30.11,114.57298
20.383,308.66678
30.277,95.734924
740.353,1171.8341
19.386,75.575424
0.266,506.23572
198.37000000000003,105.95813
225.907,208.58406
10.044,92.37965
148.713,715.2322
90.24,183.04778
19.404,186.9142
179.247,150.23715
17.89,164.72879
50.83,51.87194
21.29,109.05351
69.64,177.63104
40.023,7.481644
0.017,99.907425
179.43000000000004,244.47859
9.697,61.288586
9.964,49.514603
21399.277,203.35226
534.373,247.18153
20.69,147.95981
30.807,61.900295
0.186,106.4445
0.403,205.40027
31.62,138.01445
160.293,165.86453
8.656,129.78746
29.822999999999997,91.565125
19.977,88.53599
180.11000000000004,10.62592
0.093,128.0433
8.717,90.36838
10.577,90.03723
0.534,126.42461
169.79,7.080066
39.346,85.695274
10.34,191.27669
28.883,397.2072
87.21,167.38036
0.094,134.1107
18.947,213.57867
149.707,297.7114
9.67,130.40756
9.204,133.02557
20.256,74.617455
9.15,76.920845
20.167,230.96248
0.077,157.08109
0.72,68.055984
8.267,185.72412
22266.095999999998,821.04376
20.743,97.22698
1.51,143.0361
18.567,151.97252
9.746,161.45366
239.534,163.6803
39.22,257.0446
18.88,456.7578
61.66,177.261
40.114,1109.7587
10.267,207.85231
40.223,186.23788
10.827,93.457794
28.560000000000002,131.2258
49.803000000000004,472.46933
19.694,89.61083
139.78,189.4642
0.029999999999999995,78.85314
8.68,58.89316
249.54699999999997,1004.88666
9.14,111.68529
749.823,405.7614
120.27300000000001,221.98853
29.093,145.9027
24.820000000000004,158.15547
28.607,60.779327
340.517,446.37616
131.644,392.76364
0.906,151.59004
141.167,103.81498
11.16,180.90399
9.864,160.07664
50.89,170.52162
189.90300000000002,217.43492
101.48000000000002,576.1767
58.02,168.29965
20.723,215.29018
206.10000000000002,1291.8865
90.253,347.46002
59.157,158.45346
0.157,145.37196
1.0,69.435
8.063,137.31567
9.457,87.74603
59.57,82.796
59.536,162.95193
10.03,53.931686
69.994,163.66187
759.8829999999999,1534.7382
19.95,150.58672
0.0,209.26004
294.033,881.2681
90.17,192.56563
80.93,140.05927
18.663,102.8871
40.017,496.15414
59.02,208.439
39.636,542.485
1738.823,910.2143
10.226,36.39131
9.72,251.75964
11.185999999999998,81.31413
60.283,956.89667
7.900000000000001,753.4034
1359.827,195.4226
39.73,209.76874
119.963,163.39037
40.396,228.61673
260.18,185.35428
69.35,297.1804
46.826,95.05894
10.074,136.08055
89.624,218.57478
0.7970000000000002,53.976753
39.483,99.61506
6.623000000000001,56.86485
0.0,75.575424
19.497,78.533714
135.66,110.71889
1071.816,423.20792
50.014,168.73468
210.613,94.12778
189.726,669.7204
9.056,172.02051
60.113,244.63632
39.23,97.499504
450.21399999999994,943.4548
0.013,295.71478
19.507,159.60043
48.8,245.27708
61.01,344.4327
10.08,186.19254
20.683,183.55156
6.102999999999999,81.67563
40.653,386.89746
9.7,60.130817
30.544,56.060276
10.667000000000002,96.70797
181.267,199.83786
19.58,230.44774
80.53,360.93076
239.903,259.04028
40.143,190.66309
0.0,126.07741
69.66,147.20528
20.383,53.931686
90.00999999999999,1510.7782
50.167,393.49777
20.057,183.77989
179.07,784.0792
0.157,84.005264
70.877,705.74695
19.84,75.05877
9.013,117.456436
70.974,286.5314
219.83,902.6083
7.097,80.18041
9.8,343.09012
0.483,171.97704
13.357,181.6909
48.48,162.90335
218.923,119.65845
82.203,73.89576
9.71,211.25374
210.507,545.75586
0.563,166.89995
20.403,95.66249
10.233,92.99076
1288.71,63.206463
10.604,120.20339
10.07,91.249626
21.124,171.13057
457.60699999999997,226.09822
18.707,136.44543
30.477,86.78527
1.7960000000000003,97.629234
1.084,139.11884
189.123,160.02097
0.36,196.56036
19.593,90.70199
10.203,150.61815
178.58399999999997,446.55563
20.157,346.8447
703.85,742.1964
9.143,180.2891
22.534000000000002,190.31601
266.867,1146.7631
100.27,111.65319
270.107,159.48091
99.367,203.20302
8.854,183.12471
445.76,940.1059
0.14,158.93478
19.916,373.24045
9.163,67.31518
118.876,295.34262
30.046,27.762964
120.223,157.36009
18.983,64.5795
10.957,92.62158
18.7,79.55971
399.026,294.77078
9.827,118.863205
0.707,66.21827
699.983,3026.3113
39.936,641.4802
59.927,1088.8241
33.337,534.90356
69.947,67.09088
159.733,473.3312
19.133,99.41802
0.157,93.237305
11.620000000000001,50.53211
2159.963,86.44246
29.074000000000005,20.729918
49.713,37.568474
488.99600000000004,1089.456
160.043,437.23035
9.037,193.51881
98.91,562.5521
19.167,97.544685
25.233,119.46164
9.074,149.14073
630.113,820.2278
19.947,413.4226
11.226,307.78436
49.757,94.889114
9.74,76.06217
20.16,86.144966
829.387,299.57443
40.087,210.33174
0.257,167.03296
4452.29,6169.153
10.097,85.326416
40.533,81.69319
210.007,12.073494
430.67,1319.397
19.38,57.454044
34.987,262.05014
339.86,230.2064
0.44,92.70282
21.276,180.21805
138.61,196.47435
140.264,267.5768
0.14,242.3457
0.14,210.66998
20.04,544.57275
409.143,93.272766
0.936,146.28398
28.986,185.12
119.67000000000002,449.04666
8.567,80.51603
0.593,126.22436
40.197,93.265495
118.956,93.33039
99.69000000000001,1248.0425
179.08000000000004,106.224525
0.063,168.64372
40.15,107.90574
28.917,61.590027
39.997,163.07043
29.850000000000005,231.86725
8.52,130.0084
61.096,331.20633
371.69,246.41896
29.834,423.2209
9.87,70.0029
49.947,282.05362
236.977,117.91137
69.284,144.38757
20.28,109.45875
9.564,161.51604
548.933,389.6789
20.043,113.6677
89.427,153.3504
10.177,264.12137
1312.01,61.99229
22.073,195.66663
29.514,153.63249
20.387,144.03241
360.09000000000003,47.868114
30.240000000000002,195.88655
41.474,109.749084
30.09,105.00894
0.0,67.74229
19.326,149.48558
20.26,275.80774
11.467,30.428856
400.17299999999994,136.9699
6769.770000000001,421.0397
0.126,105.60619
22.1,89.10956
0.643,97.24451
60.28000000000001,344.76416
2436.967,803.2162
29.403,490.7179
490.2900000000001,249.2098
8.58,137.3156
20.386,59.888584
12038.837,5954.794
20.504,88.20142
9.043,136.98833
20.41,105.51967
38.9,227.8591
13.763,271.666
29.709999999999997,144.13986
29.1,305.84286
20.82,85.25657
0.297,149.3205
50.237,99.27559
69.383,88.15745
903.877,1051.8801
9.136,88.81095
11.657,132.76277
69.873,95.477135
79.02,214.24544
80.517,374.93866
0.264,26.63553
1.016,61.620655
9.254,86.72015
19.376,155.3698
49.643,462.74164
770.5099999999999,594.00775
412.213,721.9555
57.716,182.6039
11.597,132.95811
19.873,121.51472
21.38,338.6493
220.61000000000004,272.86954
20.51,204.84215
18.59,195.71754
100.01999999999998,264.37363
70.147,253.75697
187.54,485.1641
60.75300000000001,609.22723
170.493,122.80639
107.29,197.31584
39.406,237.77498
478.997,271.96417
10.997,127.12211
28.42,379.8552
10.006,153.41745
199.95,411.4388
10.014,169.59218
89.56,275.83478
1152.617,911.3046
9.777,186.8515
0.394,180.82675
131.61,933.12366
19.3,540.2284
40.263,70.330894
20.453,138.95099
439.95399999999995,1187.5166
0.17,204.72766
172.873,28.554796
119.917,213.50504
20.17,122.30686
20.107,386.89746
30.023,16.564713
19.7,165.57764
1400.9699999999998,353.11014
18.22,160.17514
260.08,617.7345
280.547,499.85785
19.18,91.48643
40.414,90.90026
249.787,311.1193
1360.377,1327.7788
9.934,111.98154
109.93000000000002,234.01132
179.98,245.7286
20.097,112.100365
6.367,148.38417
10.167,111.52869
136.353,662.3085
10.75,120.82866
29.477000000000004,140.6161
71.226,162.19644
49.853,133.66408
21.04,81.5667
0.207,110.289955
29.456000000000003,174.25641
70.146,896.80164
9.217,128.44028
2099.71,1468.7499
148.393,225.09575
251.003,81.05616
9.37,74.35633
0.7540000000000001,96.05026
21.127,86.17688
18.927,91.892006
17.05,241.50894
5391.887,1489.1876
832.647,523.1334
49.86,125.33914
32.17,178.29427
0.216,192.13809
39.733,483.68457
1.39,76.20851
19.31,95.22766
159.664,111.483604
498.28,398.3802
10.153,280.07333
10.287,64.5795
319.624,274.97977
59.623,200.67941
510.94999999999993,469.21576
80.803,93.71227
9.783,208.10219
10802.547,492.31024
11.097,105.25868
40.37,154.63354
19.423,160.97798
0.17,1140.7725
0.0,126.5533
139.64,612.99927
0.233,81.17236
20.023,125.08315
112.5,1038.4534
20.156,201.36438
0.013,126.51204
39.603,244.14162
9.273,65.34523
20.05,98.955185
10.11,124.8924
2.3,427.95316
9.967,93.26655
10.04,96.70801
0.08,172.14197
0.453,105.49824
13.496999999999998,762.2152
0.58,170.15704
2723.404,776.3836
30.427,90.61892
70.76,142.60175
28.987,169.00243
140.276,630.9336
58.49699999999999,200.03801
19.734,89.4687
9.6,78.365616
0.14,74.97331
210.16,238.32408
40.043,102.46752
0.013,145.03575
99.75999999999999,444.15195
100.0,191.62405
30.127000000000002,71.52736
89.04600000000002,230.93413
10.034,9.243732
20.3,136.7569
259.86,189.02902
110.28,519.37823
20.174,221.38055
40.443,705.76807
149.896,131.85414
10.637,152.3913
1.067,176.35944
20.327,641.26575
0.9240000000000002,171.13057
100.214,293.29898
219.58000000000004,210.09926
1322.08,1012.1249
159.95,456.69342
309.637,1417.4033
23.787,150.37186
19.913,259.57367
9.407,226.43312
41.307,825.3144
170.41400000000002,573.77045
40.943,304.3882
2182.133,59.237762
11.85,10.13766
68.617,863.45856
20.05,146.16843
39.933,182.08656
0.403,210.33174
21.403,45.256966
139.993,336.77573
33.17,174.22885
19.827,121.77304
22.107,59.934742
10.046,64.88805
11.73,64.828514
210.096,172.17502
613.26,223.5737
123.53,130.98921
10.077,2453.4734
19.413,223.74644
529.893,698.8962
200.063,234.79185
10.066,106.81425
150.227,83.28598
76.817,199.35555
19.46,113.951096
29.437,77.43634
10.597,147.07515
4889.027,271.01245
19.1,114.52024
9.88,109.7494
260.37,287.00412
10.33,90.44044
64.453,98.35397
8.517,150.10007
21.85,93.47065
0.11,75.14266
30.210000000000004,488.17212
418.737,301.6141
17.82,70.97126
131.08,93.74225
10.557,207.43283
2574.394,793.6187
79.607,191.60814
0.47,73.08352
5.897,89.33
59.59,232.14148
0.33,59.667454
9.65,135.99734
41.707,228.6161
89.973,483.84363
20.19,101.94073
0.43699999999999994,29.831045
41.894,274.22757
7.252999999999999,223.16995
7.703,68.72542
319.484,81.68083
192.437,215.301
10.15,74.97671
520.293,759.1296
29.843,126.2509
20.207,156.4356
29.903,56.436928
20.653,170.08595
49.187,222.26576
20.097,800.5095
20.333,139.12704
541.14,918.99243
70.044,215.1708
0.186,167.06224
299.886,153.41745
61.394,45.998966
38.56,155.81522
29.534000000000002,101.917114
10.707,87.14977
18.45,53.917927
70.83,459.61462
0.047,10.541019
10.073,116.020325
47.41,317.0226
0.827,319.78662
291.167,128.7773
19.8,191.90685
20.25,159.28764
10.457,82.94278
0.64,98.850975
58.916,96.680595
20.05,125.97778
38.123,63.39022
6.907000000000001,198.73254
3203.953,1582.7484
11.064,169.62288
409.57,1410.7312
270.996,217.57986
40.196,132.49838
19.917,76.44073
24.443,149.32198
8.863,180.6178
89.194,712.4991
9.957,14.525297
90.48299999999999,172.27168
20.11,201.5571
29.999999999999996,194.82454
645.633,1224.2079
12.993,165.74307
20.433,1016.6069
0.22,947.0382
19.977,269.61002
10.187,831.72723
31.177,160.21753
19.99,328.8221
8.527,26.415335
9.81,269.69873
29.223999999999997,90.97202
50.037,210.34944
9.733,180.9637
10.053,65.50974
503.83000000000004,492.3119
19.6,207.20508
50.035999999999994,416.5914
111.374,13.098013
239.96,68.98961
0.25,80.264305
243.357,142.4673
121.136,90.710754
0.33,148.29916
18.953,126.96541
10.493,63.976498
29.873,132.81895
30.223,88.83344
9.11,172.35783
9.903,10.359375
79.17,54.13087
40.393,23.946299
30.083,37.995525
9.84,90.97202
2041.1900000000003,560.4999
2076.063,273.20102
8.953,91.06686
9.437,298.4018
579.083,1020.9602
10.437,68.29316
150.217,157.89128
80.72,203.67082
219.906,135.51265
359.42999999999995,62.78371
10.660000000000002,53.921368
39.13,135.0662
39.92,116.81065
126.24300000000001,220.9472
864.17,885.29956
20.097,233.77754
407.99299999999994,680.10724
30.266,10.4288645
40.127,109.603905
26.77,86.23308
459.12,296.00528
50.050000000000004,414.07315
29.956999999999997,153.88206
4.394,23.7813
18.386,347.2552
30.203999999999997,261.362
21.437,119.392685
40.0,66.295135
10.033,76.63342
10.863,105.74517
72.147,107.3962
12.893000000000002,391.80865
224.487,310.97897
91.22,45.490643
9.78,156.92615
10.266,91.673454
1170.36,119.37196
18.987,103.04762
59.696,191.90685
67.81,172.91264
80.004,289.9465
50.726000000000006,183.6042
29.766999999999996,208.92873
59.80700000000001,132.17773
683.0529999999999,188.5494
197.56,182.7268
8.353,80.93675
10.652999999999999,102.01587
12.463,69.19767
13.28,259.76324
99.997,119.12512
20.183,250.27245
1440.07,232.39969
349.067,1478.6825
989.06,510.9316
1291.057,85.94899
69.623,201.87117
0.017,58.68209
1.253,77.39948
685.783,704.67645
32.74,137.89958
689.577,104.41739
990.61,1415.1703
30.814,166.60765
21.496999999999996,169.96715
447.4599999999999,1419.1006
770.723,461.43756
10.403,98.86691
390.36,364.0615
19.957,865.6062
99.98,59.061474
239.2,136.89862
7317.596,2377.8137
120.18,238.70589
18.03,435.90506
60.787,84.48441
17.976,324.95523
30.18,142.2858
129.796,586.3745
19.14,89.79964
9.927,61.82617
10.87,105.85513
80.104,200.79407
0.08,78.15614
30.877,46.149654
29.65,161.12733
60.253,161.65582
19.537,91.564606
161.456,283.99066
829.063,517.0592
19.36,124.851776
69.357,475.46817
320.264,230.10498
11.71,218.97484
380.657,427.80228
50.783,207.51326
280.777,913.1818
19.403,150.62897
50.0,113.64808
248.774,185.1519
19.014,137.28336
40.27,90.94271
2845.673,261.98322
167.847,132.95811
300.143,14.004903
113.07000000000001,647.4308
10.07,96.47973
1299.713,1365.8611
10.473,283.03638
9.163,442.0411
88.897,93.67233
0.577,209.63916
49.97,484.66833
0.093,111.64066
39.773,38.50992
80.117,93.046524
19.753,102.31843
49.523,122.77913
0.28,1726.0837
8.827,88.859604
21.253,82.37179
9.833,30.250425
0.17,63.253674
159.767,162.50182
40.08,286.1054
0.143,84.803375
654.893,713.20135
71.763,345.25815
9.663,99.41802
171.124,616.155
49.064,151.03642
1706.024,595.0124
429.093,232.33289
0.344,164.22072
50.973000000000006,54.4116
60.517,53.122707
2214.057,707.6819
0.013,79.38116
6.8629999999999995,13.098013
110.163,133.34306
10.16,250.46034
12.39,78.15614
3840.2360000000003,1440.8938
179.84,73.538284
41.69,159.27461
0.076,73.995865
19.17,150.41759
78.077,304.78305
39.913,65.52474
9.066,76.572014
18.89,271.85873
560.573,241.67435
129.603,168.9437
649.36,573.5966
830.794,196.98622
50.459999999999994,205.77562
766.0100000000001,441.89407
20.153,75.71705
49.04,93.81533
39.957,430.6536
19.5,95.96019
10.087,89.717705
38.72,90.132744
58.60000000000001,2909.8213
120.836,95.13672
10.44,127.46175
0.077,135.12521
880.82,199.26509
249.797,396.4248
39.487,57.929573
1.03,106.67441
11.467,105.60619
10.253,136.13264
159.73,487.90573
20.076,124.0884
140.564,187.43578
9.277,76.23054
0.33,191.90685
30.57,61.67952
14.399999999999999,96.82385
351.216,92.35438
20.883,86.973724
0.11,179.51358
8.38,47.496674
50.02000000000001,556.37286
39.613,101.82965
8.947,92.277245
420.054,779.4991
11.0,76.357376
359.563,97.30199
0.064,282.55914
10.39,102.89303
9.927,81.4099
11.860000000000001,207.74207
29.847,100.32431
19.217,107.47837
0.174,86.17688
0.296,75.30899
10.887,170.63707
410.544,121.67419
49.896,184.77574
31.805999999999997,435.28464
50.263,210.67151
9.04,58.47536
8.174,182.46999
10.38,154.63354
19.707,107.46525
20.093,112.220825
143.413,1800.2928
60.09,165.74307
140.33,958.82245
0.86,86.86351
40.467,258.95718
29.98,84.386696
37.867,89.74171
38.703,85.185616
558.264,930.65326
9.967,170.1928
19.99,58.00298
20.84,158.12648
37.756,317.5334
0.093,161.03864
100.383,237.67798
580.833,843.9132
9.704,54.278793
19.18,178.51642
30.223,209.08792
48.93,247.78824
29.96,158.49683
19.53,78.15614
0.46299999999999997,170.6006
199.73300000000003,123.62503
69.457,100.602806
110.047,147.53094
97.933,558.60504
10.036,130.94968
110.40300000000002,436.53296
70.92,385.67047
20.56,123.67782
28.3,60.490284
60.687,165.01883
39.974,496.0653
120.884,203.63467
10.126,393.7277
49.977,431.47552
3677.673,827.4849
19.52,106.00949
291.81,156.98976
50.817,33.662716
37.556,52.91524
18.47,283.35156
1420.307,621.7648
30.11,247.647
5850.943,1972.0044
99.18,150.10034
10.14,136.3474
0.673,58.582294
9.27,277.9782
0.029999999999999995,17.324757
16.6,127.19859
39.577,231.42053
20.45,167.4349
490.186,109.373825
359.80000000000007,221.73668
18.763,210.69109
60.39,592.6147
30.203,255.88869
30.225999999999996,123.14431
21.912999999999997,124.279045
806.6699999999998,852.10626
20.15,155.23958
1319.506,388.15213
29.567,201.49692
10.53,205.53864
9.997,397.93353
11.139999999999999,168.29965
10.077,113.47504
39.9,390.92825
10.954,84.88511
0.173,353.8118
18761.903,655.4049
139.153,415.64594
239.43,565.1841
0.266,12.9119215
20.173,242.14662
370.11,701.42303
19.893,215.2344
29.766,161.98625
30.274000000000004,106.81425
0.344,158.20793
79.183,54.628418
59.327,111.74616
10.577,168.41423
71.013,670.5362
159.837,90.00787
9.84,171.29955
17.92,160.54517
289.896,95.686195
19.93,69.882965
39.713,97.83275
109.96,275.82745
1.58,78.12293
82.13,100.55457
240.52,774.88245
19.187,108.03963
9.524,60.57926
169.844,130.27824
140.08,438.1121
10.063,85.79782
18.5,138.29631
0.034,68.055984
20.436,73.90406
51.77000000000001,89.91922
8.853,78.97551
150.973,222.62059
859.833,316.66068
33.453,166.9441
9.663,133.05206
196.47,1406.2437
29.496,722.7554
20.0,172.14694
339.98,149.59784
89.697,508.24066
526.383,324.19452
10.227,224.15439
59.247,542.5658
110.937,424.37912
55.166,87.034874
359.93,86.43623
29.577,464.3093
10.12,133.97887
40.15,1541.3372
28.686999999999998,138.34962
99.037,119.24744
0.7729999999999999,350.28735
219.243,791.03186
9.7,114.02267
156.364,163.71552
88.21,474.68015
89.196,412.06677
1.267,183.4585
39.523,334.27734
18.55,103.14381
29.400000000000002,121.04547
58.02,92.03001
21.16,13.096964
8.97,135.86662
10.757,242.01894
0.88,139.67589
140.693,157.29639
20.176,100.758865
493.413,782.06696
1.297,68.804276
561.106,239.84183
0.046,159.70987
0.029999999999999995,166.35287
369.95,1435.48
6.226,112.53134
28.896,123.40797
40.14,322.0893
10.656999999999998,245.06142
169.574,242.64925
2955.803,2154.2576
359.85300000000007,209.37917
49.983,299.36145
20.447,87.40466
5.117,99.06221
19.74,2453.4734
339.92,303.98907
11.396,148.64148
0.593,59.10137
0.217,252.34612
9.917,18.168224
367.627,175.34068
106.13300000000001,274.45688
0.517,206.17216
0.483,49.400146
19.943,93.831894
60.313,672.85846
9.497,185.15868
20.373,162.40965
20.607,91.275925
19.947,130.0084
49.04,249.19751
0.314,130.82169
29.986,224.57831
0.346,58.50474
9.167,75.059616
1326.927,2199.9172
19.84,88.78854
9.4,313.5015
800.003,425.2545
20.296,65.25963
0.216,182.80692
0.97,81.4099
60.08,105.012436
13.597,80.43631
40.26,82.21865
5310.514,705.2436
0.233,123.227905
174.167,165.93593
20.743,236.2645
289.38,274.97247
119.864,188.40967
12.22,435.90506
20.07,678.6715
0.28,111.21233
942.283,62.216553
22.46,93.81312
9.714,96.558235
0.86,103.14381
21.919999999999998,91.2368
461.946,1730.6854
9.627,165.37863
68.224,92.44357
1412.8330000000003,1084.1958
260.317,60.97708
3052.044,489.71094
80.65,741.51587
372.99399999999997,148.29706
2033.87,3400.31
810.184,550.7154
159.04,53.15844
10.077,54.300903
40.227,47.344505
79.813,1233.0823
40.54,194.97629
49.73,323.80414
69.557,427.6779
0.9370000000000002,85.92543
199.73,86.23234
10.187,385.93924
766.5699999999999,748.488
0.177,182.6673
18.903,65.46301
288.883,176.43434
51.463,701.845
1390.043,1233.703
18.45,89.64355
220.45300000000003,168.29779
19.85,683.9046
330.853,666.2041
29.947,184.10457
9.03,179.51358
490.58299999999997,966.6708
15.904,208.56299
689.6930000000001,486.89542
20.084,210.23767
1.86,262.1672
60.274,785.55054
67.67,123.17681
0.457,380.48926
720.55,263.4513
91.51,155.45871
611.26,1064.966
1470.397,470.0279
70.21,330.48633
29.197,223.16995
21.226,581.79425
221.664,192.45088
40.653,285.20584
10.85,44.57451
0.787,78.365616
7.977,92.60281
0.877,122.295105
139.866,92.32932
59.773,225.62941
9.457,286.10162
0.047,1001.1404
526.936,506.41483
339.967,180.76178
30.614,1146.7036
39.567,89.79703
12.410000000000002,103.24836
71.343,121.68713
59.96,206.15436
110.23,552.40796
0.14,156.7267
0.063,78.533714
10.513,211.02077
14.553,125.47194
190.077,207.6565
130.233,155.77153
1.173,136.16344
120.137,57.61915
290.073,150.85315
10.773000000000001,291.43335
18.74,81.54255
17.686,53.914482
30.047,286.41147
1080.863,238.96439
21.037,103.554504
0.05,111.24357
69.28,381.9065
0.127,132.99478
730.883,210.9355
26.827,173.79448
16619.92,15680.898
0.11,61.062126
56.043,108.08233
9.91,158.69304
40.676,90.710884
28.870000000000005,90.45787
511.21400000000006,613.32263
9.57,231.48596
416.9769999999999,275.4963
150.673,362.00638
20.443,202.05649
29.893000000000004,447.72446
55.413,338.97427
829.727,152.19402
18.667,116.6306
2.313,174.67532
19.937,84.20734
641.503,1544.7673
29.55,92.731346
19.993,209.72928
250.027,719.5849
9.93,103.3725
2589.864,455.60986
8.6,80.58162
698.76,290.242
59.847,425.83575
10.143,284.95868
19.31,104.521835
19.28,68.055984
19.157,242.75671
50.516000000000005,272.7934
12.25,129.41548
19.893,149.90555
9.327,126.71792
0.0,90.54402
339.893,431.66916
19.383,272.7491
1180.44,1514.5983
10.966,91.97651
730.57,80.28787
0.18999999999999997,395.08667
0.11,631.49475
10.14,286.43057
19.427,132.85335
10.807,333.3568
81.166,74.09975
100.787,717.3756
0.0,283.4113
9.983,81.063774
30.15,16.143404
19.4,150.69676
29.793,156.85818
33.97,123.19824
71.1,95.01851
730.603,267.8544
19.633,102.63106
620.527,415.50836
39.557,77.88834
619.484,281.09772
19.213,292.1206
57.663,664.2519
18.247,132.4545
9.877,6.0022473
0.127,109.00415
19.61,122.77376
169.83,363.48355
0.013,102.92783
70.673,160.85007
5208.354,8135.337
18.45,133.69472
90.707,306.37317
7.642999999999999,51.22205
0.326,137.18628
0.78,76.31487
29.19,173.71204
640.0,252.45772
29.867,96.11939
6.38,80.301544
11.093,58.945156
166.07,1380.7693
19.086,62.668514
10.773000000000001,516.14746
1.17,207.0921
500.08699999999993,1865.4824
9.987,91.45814
9.087,100.61166
79.767,28.907953
9.564,125.97778
30.08,151.49658
590.003,726.9528
149.76,344.1806
99.877,183.06918
0.487,84.22428
259.367,158.68866
50.273,175.08562
50.373,79.52901
289.7,169.98265
10.013,216.88
12055.163,2766.87
19.24,247.47882
50.147,394.19064
719.166,114.294556
405.1429999999999,461.43848
99.02,106.24482
10.076,95.35229
29.674,117.99473
10.206,215.82121
9.01,129.03471
29.904,105.8257
150.1,226.12668
30.74,243.556
151.38,185.0555
18.667,139.39273
9.88,91.52161
94.63,163.39262
668.54,368.5048
8.397,97.07981
259.02,956.8651
1.254,103.10308
259.843,709.0007
24.373,87.821884
50.13,121.29546
20.053,280.91812
80.28,292.8467
120.027,30.495785
719.823,128.28137
0.237,132.28235
50.953,109.89454
20.016,132.36273
29.687,762.0216
29.72,167.38535
0.237,133.12166
321.047,163.10661
10.6,259.09036
18.95,101.46785
89.527,83.90031
32.73,58.24167
70.554,192.17786
29.046,70.20299
259.816,37.732193
88.947,74.45354
9.946,127.71063
29.533000000000005,192.13809
59.5,357.16278
179.363,131.99144
10.637,181.95842
118.587,65.054794
289.573,91.84225
26.563999999999997,91.747345
20.343,757.91815
10.16,199.76779
30.467,210.54507
769.61,231.66801
10.28,84.13559
89.58600000000001,90.37041
79.937,84.386696
8.843,81.88697
18.01,284.11893
19.707,223.53105
146.09,1051.1025
11.47,391.6309
670.253,1662.369
549.434,336.7556
1977.97,748.21716
40.417,769.5815
15.22,80.74536
1.8970000000000002,167.6176
72.073,510.49075
40.07,122.30408
8396.034,597.07117
18.16,78.533714
30.584,88.2771
9.593,136.12825
119.97,89.24209
31.376,1142.9385
11.41,182.35255
0.28,128.62628
2254.416,756.10535
20.213,155.35548
16.08,178.18373
100.144,177.27808
9.68,113.102776
120.35,97.608986
9.457,93.866776
29.6,192.60002
60.64,12.229056
58.61,192.99261
179.823,214.357
19.903,559.3711
88.86,115.36399
56.517,94.60471
19.87,6.2919135
21.337,110.92013
11.537,74.87316
669.893,740.4171
50.613,84.65897
8738.894,266.02774
29.933,91.02806
10.497,289.10666
310.25,823.7916
169.863,102.78497
29.97,63.38667
10.253,434.45056
131.967,107.85406
0.284,295.71478
20.67,158.6769
19.706,19.874146
789.9869999999999,65.18709
0.047,255.45613
11.07,138.35547
179.817,172.5043
30.133999999999997,146.70503
10.936,101.74764
0.8459999999999999,163.85036
0.9259999999999999,160.11342
76.187,307.3945
9.333,124.490906
0.564,543.5075
0.046,136.44543
350.363,984.1958
11.82,98.452354
41.293,297.2247
70.143,75.95431
9.12,45.64517
10.553,93.905106
10.323,91.370445
50.833000000000006,184.55075
19.86,83.82782
10.083,94.547646
54.317,128.78923
40.037,194.82161
140.19,101.96145
442.463,473.6309
20.136,4057.9993
29.65,134.78912
30.41,315.4248
79.79,199.79944
230.063,314.0661
49.466,271.63675
9.947,59.10137
249.977,655.65125
59.53,265.93008
19.02,112.77051
0.657,393.17548
89.60000000000001,279.35696
9.753,33.1328
19.523,170.6006
39.063,923.7576
10.62,58.64437
101.06300000000002,123.46071
199.633,594.5578
78.79,64.429535
40.91,58.854443
282.726,326.56833
0.796,100.08795
9.1,192.05074
350.856,477.73682
9.794,134.1107
182.02399999999997,373.69827
19.387,79.99245
20.613,161.36841
20.783,5.882185
119.85299999999998,179.33356
190.463,338.50528
352.373,57.336052
21.016,204.91626
20.773,170.78601
173.15399999999997,241.82234
9.64,49.878147
0.56,132.68477
170.133,9.313622
0.14,252.21828
29.950000000000003,146.66183
7.834,91.17422
0.52,116.118904
3.9360000000000004,147.6628
173.88999999999996,546.41437
10.11,135.76752
219.853,130.6261
0.029999999999999995,111.916145
258.313,457.32626
60.33,157.8948
30.52,156.95634
8.983,159.20186
10.457,60.7398
0.627,55.715366
18.514,127.46175
110.077,161.82227
29.56,62.444435
22.543,79.86034
1962.33,172.3739
249.58,599.23914
18.94,60.738354
98.983,87.34417
9.267,216.41776
4.716,210.10793
9.017,150.10007
79.453,345.31552
21.013,47.00144
49.45,97.043274
20.306,130.82169
118.55300000000001,158.50949
8.77,193.84776
3.6899999999999995,172.02051
39.77,108.80365
7.924,244.75804
19.7,86.65077
9.27,86.71055
40.16,286.08817
29.283,62.83277
289.83,95.49352
70.226,167.764
40.873,163.64491
0.237,256.52594
629.353,335.22897
28.777,91.45614
49.45,465.14853
110.557,246.7584
0.156,135.96275
48.313,273.94717
10.75,90.33836
75.504,291.34027
921.03,216.0671
1601.3330000000003,999.4202
250.66,289.10666
12.597000000000001,208.9546
50.21,313.60498
10.02,269.25998
2826.963,433.64304
19.96,64.828514
19.657,140.48569
192.933,374.8462
39.184,120.76915
7.49,81.763374
20.157,87.523705
948.773,510.9459
170.136,480.36197
140.193,849.0613
29.176,186.94254
271.147,718.05176
21.256000000000004,226.92776
61.073,53.077713
549.923,262.37863
150.26,209.07678
40.733,275.37067
20.29,184.94122
20.92,94.102394
139.56,63.651436
169.517,224.36406
8.473,65.402885
9.086,100.4611
40.44,246.38918
39.987,166.81346
19.75,411.49475
11.4,81.6189
21.573,122.02025
19.083,131.72823
0.6699999999999999,169.60556
120.14300000000001,159.74721
18.177,447.54047
20.94,128.59047
38.893,534.23535
8.75,79.640594
61.217,144.6082
60.393,181.9948
41.146,413.0278
0.597,208.15564
69.743,210.04442
1380.72,113.01313
20.617,77.00313
11.492999999999999,181.10432
20.123,185.3691
1751.2700000000002,640.966
21.064,97.25683
174.686,777.633
20.727,163.00151
40.014,92.35438
0.9860000000000001,97.53755
10.117,14.467817
9.48,132.23557
70.27,1170.1461
135.283,170.40613
900.474,977.83905
80.06,245.9444
220.3,81.954506
9.293,92.4847
79.62,116.0239
89.69,93.96745
199.157,209.14737
150.157,311.9904
0.0,327.95837
10.83,147.55743
25.052999999999997,86.20748
40.017,5217.257
49.857,118.47961
19.593,166.0971
8.764,133.43103
480.523,493.98254
79.213,251.33295
559.777,383.0939
1.6429999999999998,53.91677
3794.897,391.8436
20.853,170.17369
560.47,102.730995
0.297,58.87092
38.9,185.59515
429.99300000000005,91.01228
29.8,95.77304
249.737,593.0949
19.25,92.36561
480.3260000000001,194.97424
0.047,823.6907
20.097,48.02656
709.087,372.35797
426.684,386.04886
158.877,211.84778
0.236,68.63158
130.963,209.71526
142.954,100.823524
180.894,132.83554
38.813,169.17749
49.587,689.54474
60.996,231.48596
10.24,346.7283
10.83,58.68209
40.317,38.047966
19.817,282.76483
91.91,88.965515
53.82699999999999,123.413956
310.02,573.44495
35.94,117.77754
0.08,10.312222
69.343,210.32579
500.72,743.4014
299.533,1056.8132
9.63,334.53357
19.58,128.24149
10.676,165.39339
21.046,9.514735
0.8,69.67315
180.93000000000004,1225.7816
19.253,8.080014
0.78,233.50497
260.13,177.13524
40.66,140.20657
18.973,100.37306
10.1,139.39273
10.157,42.942596
1840.726,1104.0836
80.903,79.137215
10.303,65.230034
18.853,86.99343
10.15,211.43623
21.34,84.20456
14.397,142.71301
0.987,90.89115
59.177,74.20288
20.043,206.7806
18.98,447.1499
2.24,89.579475
19.233,67.96571
19.923,81.0574
0.657,132.61818
290.023,1112.8351
10.294,49.973656
240.337,178.24287
10.023,221.26262
258.953,836.1751
19.054,456.94736
0.287,85.67481
81.334,18.282007
94.336,230.94925
0.094,86.753075
0.31,80.567535
1.14,65.80133
150.183,85.15051
59.164,224.90381
30.383,173.66388
1399.5500000000002,448.43372
0.18999999999999997,107.95293
90.067,85.78125
19.274,77.681206
763.6,372.34845
10.077,110.260895
0.987,275.95947
70.336,575.8059
389.88,844.374
339.967,331.2286
69.164,284.17987
0.88,56.01587
779.1299999999999,157.77641
0.42,230.45168
30.112999999999996,285.82602
20.733,28.917555
79.967,222.09047
179.983,297.9959
29.577,254.76788
637.03,2146.3127
0.093,124.78347
8.963,247.59857
12.564,91.293564
90.807,217.92151
18.677,75.97807
10.154,148.65576
10.213,124.3251
36.896,1254.503
179.24,269.032
69.763,181.10199
60.633,1245.2928
0.296,161.66658
150.367,289.8091
49.766,347.28278
0.08,110.68255
19.177,656.88837
480.407,244.5893
20.34,160.9074
31.19,91.839294
350.76699999999994,177.93515
60.893,224.1495
20.223,267.6018
9.09,50.963036
39.84,100.105286
19.893,133.52995
99.344,153.2519
1530.397,212.68181
72.3,918.6671
9.85,202.7612
57.983,132.80972
230.21000000000004,1710.1346
8.887,112.260796
8.41,204.34969
39.66,58.245995
31.5,132.20193
219.95,179.51562
8.85,81.84831
79.8,98.45887
21.027,115.52413
110.83,789.20355
10.013,128.45891
18.813,129.8111
0.047,91.96221
39.62,231.86746
14.26,98.43409
299.797,117.694336
7.91,76.31487
1838.18,495.13342
128.72,68.28398
0.7970000000000002,131.32135
329.86,1126.2489
41.343,262.05014
149.947,656.1869
69.583,192.70982
12559.394,9365.66
9.793,131.40111
50.887,164.53703
8.16,121.222694
36.407,367.21356
0.407,483.5788
11.477,105.77043
20.323,11.973032
37.77,94.19185
2139.9,685.3694
23.356,105.74517
0.75,70.3925
0.17,90.178375
9.92,266.5648
70.603,110.54044
0.703,298.0826
20.383,176.82538
19.973,97.00824
49.96,2582.4446
9.66,86.5233
9.157,221.08813
58.98,222.41322
29.41,140.6374
50.459999999999994,180.48079
80.067,338.96405
80.3,97.71488
50.167,110.25213
27.337,119.863945
79.916,246.73892
9.806,121.617096
1.834,49.179985
8.36,133.71773
207.903,47.677746
19.69,146.91008
8.263,83.87509
217.80000000000004,514.8435
10.82,201.04219
8.627,58.64437
11.023,113.44196
10.854,83.60217
19.434,187.42056
7.663,15.256161
29.18,1358.6797
320.387,91.37357
11.763,112.77051
39.96,91.61074
178.924,409.48434
0.0,75.99852
89.794,147.4996
39.187,85.63746
149.08,268.02548
120.327,424.7231
9.993,74.617485
82.004,380.7175
49.803000000000004,114.477715
30.627,129.6826
18.947,455.25427
190.15,207.35657
109.99700000000001,36.748344
29.79,91.899086
97.48,229.95474
49.844,87.85231
89.37,199.18495
589.586,205.30602
8.543,230.4661
1.31,206.2984
9.803,92.991875
50.667,108.48228
59.66,576.15906
20.197,104.68395
249.97000000000003,151.60619
40.607,30.19629
100.127,143.84653
20.56,26.178183
31.717,58.427483
0.7670000000000001,193.64754
10.19,444.0514
0.157,148.02336
19.327,336.9671
149.98,258.45572
299.793,282.25787
9.524,49.013523
52.36,100.0674
29.487,273.08817
9.71,79.64522
40.35,92.17499
20.04,92.679596
30.726999999999997,156.58743
19.203,290.43304
19.907,1557.236
2631.73,1353.7094
19.46,349.1777
589.884,373.49854
1671.917,309.13144
41.14,200.95691
79.263,166.6972
17.904,216.06963
60.043,81.12152
4299.0,519.88995
0.427,50.020775
80.86,1802.0062
690.216,91.28856
0.143,277.2282
370.857,162.9597
10.01,255.25508
299.393,811.3387
59.73,63.610664
19.627,91.3955
170.523,588.314
12.627,99.36859
18.787,133.69313
240.404,625.59534
19.707,113.614944
9.716,196.82605
30.107,485.00238
19.714,100.373024
59.91,210.58394
49.816,106.37018
19.377,169.40918
9.55,238.7894
8.96,310.58652
540.997,488.28433
119.557,487.87427
20.0,182.6798
30.75,60.997036
