actual,predicted
60.007,2.652708
20.43,52.09753
0.064,209.06349
11.163,43.496166
89.976,25.644966
40.093,58.633465
0.0,36.270004
10.837,0.4061578
290.493,272.87506
10.023,26.130371
10.694,45.604958
40.113,252.05733
8.403,44.430847
0.58,153.82477
0.22,0.53665966
8.64,83.559814
9.696,84.7285
28.987,0.94874114
8.956,0.012609136
39.367,77.061134
19.296,34.504353
0.343,15.558501
20.983,17.39779
29.6,40.59878
8.53,16.447887
0.627,123.24112
29.914,16.200964
199.19,171.05461
69.786,53.451553
119.4,49.773773
0.077,51.81977
29.917,68.322266
10.027,14.336063
1159.723,117.6237
4300.903,1252.1221
38.61,134.23627
0.816,20.593067
2570.373,349.053
0.37700000000000006,25.96798
1.66,16.351828
10.794,20.392735
10.213,164.79642
40.363,58.915474
49.57299999999999,47.82362
19.52,13.978841
940.7600000000001,3256.4019
8.29,28.801529
19.15,25.51628
0.7999999999999999,3.3333044
20.58,185.42418
289.94,263.3107
120.00000000000001,87.44233
9.11,0.49181283
11.95,51.17623
10.34,176.37384
160.407,96.85904
129.003,59.54439
323.764,434.09894
0.064,43.351776
19.223,58.61607
0.08,132.83797
0.173,7.943265
0.52,0.9821517
0.25,44.502018
40.764,0.079710945
29.109999999999996,46.419712
7.07,20.677057
9.003,33.71343
0.11,37.225033
100.9,70.87308
10.18,0.25879005
9.91,70.86578
10.047,19.573505
16.68,115.34629
30.267,25.924353
19.51,0.88935566
19.987,0.64006186
879.44,430.26117
160.97,46.61595
9.693,37.554928
650.034,638.0457
61.054,112.09433
89.617,150.44925
0.016,64.134476
7.124,15.270502
19.676,30.369898
40.13,56.250713
150.137,74.12892
64.236,27.75626
19.663,55.326523
0.484,16.859869
0.516,17.337706
0.42,0.07986436
10.147,777.8281
0.077,6.0611916
1230.107,444.32925
149.843,89.453674
1.42,18.52422
0.094,18.865118
0.097,92.55423
500.423,36.952873
20.207,84.7285
9.457,120.58564
30.37,49.644745
20.777,41.906967
8.703,18.12607
99.51700000000001,76.82801
10.507,37.793682
19.81,40.004868
0.25,4.188766
8.504,7.674465
31.580000000000002,294.93668
9.89,1.663119
27.996,82.30858
9.86,17.470905
130.006,110.43815
89.79,28.502438
160.463,77.39972
49.073,74.78293
591.007,173.35168
1.347,26.593124
10.047,205.69145
0.343,6.255871
60.27300000000001,225.28285
1.144,88.404335
29.08,58.278683
21.037,187.10905
23.857,69.60244
580.3,276.85883
80.923,104.46864
0.143,18.929659
0.187,16.282846
120.59999999999998,171.0082
0.064,32.18268
9.64,84.526855
530.11,59.399055
14.833,43.419777
9.543,30.06237
113.56299999999999,201.7749
97.707,0.13205162
47.167,52.874073
10.3,0.3612265
379.757,307.6979
0.877,22.04616
9.07,71.74098
38.943,307.3142
9.44,54.437687
20.407,46.268204
9.536,63.747833
90.6,239.90996
19.037,89.86025
0.14,6.389102
189.26300000000003,133.06772
69.903,174.48473
10.486,29.362795
54.516999999999996,112.94771
20.21,57.581417
12.139999999999999,66.36647
10.003,0.119072326
20.01,89.34578
46.492999999999995,15.262177
10.533,21.668213
19.61,26.286875
0.61,57.201214
20.14,34.57736
139.977,1.3263605
7.373000000000001,85.83292
29.423000000000002,277.4771
29.633,214.34903
100.36399999999999,31.181053
39.63,36.111603
19.81,255.51735
868.7370000000001,1190.4824
19.567,61.127064
9.997,59.35045
20.016,45.389305
14.276000000000002,98.27882
10.39,44.74907
1710.9769999999999,616.39954
1549.46,136.7479
159.923,56.400826
8.453,16.496971
148.617,175.76855
20.077,25.253578
211.244,378.47772
9.323,35.289658
10.886,74.192345
0.19,40.862907
0.623,44.88734
2.794,38.17278
0.297,19.708286
29.097,120.79498
9.116,17.202995
30.173,22.672943
260.664,24.411703
0.427,63.963673
160.1,68.501976
8.884,15.17093
0.873,8.065732
9.983,57.88039
20.003,21.668173
19.797,24.254503
17.84,36.61537
28.82,157.8772
19.406,15.300086
0.436,56.344604
29.627000000000002,38.70132
0.126,59.533546
9.534,32.19029
617.78,428.91647
29.862999999999996,130.41815
119.24699999999999,2540.8557
82.24,162.53714
155.986,131.15262
40.28,36.628334
11.31,17.207628
156.647,33.06096
9.95,26.21088
19.787,44.631935
20.49,55.6702
9.947,34.63428
0.733,68.63417
20.537,36.308704
20.013,33.091835
11.14,35.58159
61.33,132.89014
14.053000000000003,25.891632
424.61,86.344284
40.643,84.42528
10.587,263.60904
439.42999999999995,703.7368
30.23,112.288536
0.03,121.87853
8.68,14.016606
60.285999999999994,91.94842
411.783,130.02406
329.63,70.72301
567.45,123.133026
8.583,6.3814783
0.08,60.934658
29.85,13.609938
99.636,74.34912
9.95,43.652378
12.857,73.19603
0.7369999999999999,43.692223
51.32999999999999,46.06707
40.406,4.293034
31.417,91.119576
0.374,15.753336
0.076,4.1772857
98.253,115.003265
19.887,36.949196
28.989999999999995,152.10796
121.06,56.1402
120.296,203.30592
0.673,14.085357
1.36,35.211853
22.17,66.51414
10.017,25.27487
0.11,29.238834
9.876,85.815994
379.58,73.64065
69.526,193.42688
40.143,114.16472
49.906,371.86957
9.257,12.24601
110.18,66.657845
129.087,20.127682
0.03,31.402336
8.39,117.78904
40.29,58.731983
29.81,84.26786
9.887,21.17616
0.08,98.313156
59.957,110.09503
1500.49,56.768745
0.36,82.84065
55.39,5.7140527
10.13,105.389915
8.203,26.772675
231.177,220.09114
0.013,25.834095
30.397,46.741417
19.247,144.27695
0.12300000000000001,26.130371
0.9700000000000001,30.883263
1571.427,126.97495
89.707,131.32349
28.833,117.500565
19.64,19.103378
0.014000000000000002,42.737125
10.0,67.32508
29.08,79.45304
19.346,26.930868
37.424,200.52428
40.454,19.247725
18.967,19.036724
0.076,0.059203397
98.427,139.00624
19.796,114.78941
0.55,47.5154
9.573,87.736465
1.467,15.218356
7.760000000000001,82.24126
21.127,30.991497
1.19,42.1073
10.133,27.98316
20.573,100.82403
0.153,174.03065
20.623,54.500248
10.563,0.050373107
4.843,44.94768
8.987,39.078262
159.56,102.9091
119.803,20.693771
9.79,23.12016
6.8229999999999995,18.536476
4.58,14.157599
35.867,137.0951
1129.1,297.7523
110.784,60.141693
0.313,44.122066
29.223,83.20189
60.023,140.4482
99.27,237.31737
17.54,68.57148
38.926,0.4619787
0.39,22.35181
334.493,272.91364
37.814,183.12347
100.18,67.53941
0.19999999999999998,14.59376
937.87,338.87833
10.253,72.78436
0.33,59.057003
19.3,26.015442
10.03,14.722045
20.343,47.065292
490.354,243.9937
10.38,53.30544
121.27,358.35623
9.793,22.001938
9.567,84.45513
49.95000000000001,220.68358
50.817,58.70077
0.017,62.834167
19.954,136.643
20.884,104.90306
19.27,144.33614
29.756,113.05338
100.36600000000001,17.657724
2.1,41.906967
129.64,25.721004
539.873,502.98456
20.633,114.09577
19.716,401.0349
29.803,4.451417
1209.79,348.5872
0.407,27.366512
70.613,114.01725
28.0,13.281981
51.166,46.7299
0.047,183.56996
29.767,57.63075
170.293,39.400272
30.473000000000003,57.082413
0.817,117.07022
9.47,70.07843
0.0,31.42853
60.393,19.020855
170.113,35.798145
8.757,54.850307
1.736,78.99132
11.18,81.95726
26.61,111.139786
50.217000000000006,161.20209
230.06,0.84350467
0.033,120.31278
20.79,51.095367
0.813,127.236046
29.507,66.850044
9.793,18.27081
0.063,62.14224
0.907,18.668499
58.97,1699.1766
90.09,78.602776
1.004,63.79091
30.047,25.676222
19.96,37.225033
629.0,24.736467
49.527,104.81853
280.323,24.722404
259.68,894.96796
39.61,51.67369
30.983,59.09402
20.63,14.756725
28.526999999999997,0.06545137
50.41,55.567097
472.10699999999997,600.10205
142.23,1109.9976
0.753,23.483196
49.984,34.10795
1.33,19.678549
20.487,483.7376
0.094,24.82011
349.813,106.245476
50.77,30.821041
209.096,30.943802
19.177,236.26263
10.117,133.6739
19.733,111.57742
40.513,44.997147
19.64,52.83171
19.897,78.34532
20.02,24.200132
29.927,190.65286
9.516,45.941303
10.24,34.067604
19.923,43.271255
9.47,38.542587
52.92600000000001,209.7988
0.927,121.2861
9.34,110.87102
52.52300000000001,96.849
20.316,231.79764
65.907,163.13034
119.86300000000001,79.74425
0.174,0.06697704
10.127,76.99285
15.237000000000002,159.9549
279.776,109.61182
9.91,120.874825
10.203,318.89285
0.394,59.013332
190.02999999999997,51.199
0.0,20.677057
260.253,154.50363
1.03,34.49258
8.936,33.97551
9.386,16.821276
19.77,21.311077
11.08,118.89986
7.765999999999999,37.35669
20.71,39.1674
29.317,70.70231
1.207,14.479979
11.747,6.5169744
100.16300000000001,37.65699
70.853,105.736565
9.653,25.092297
20.284,32.38788
0.03,53.878872
9.363,14.702717
17.16,43.71721
90.867,65.15907
99.973,95.64477
10.016,25.09086
50.9,73.84403
8.797,272.93655
0.656,28.801529
91.454,32.075512
19.143,23.479494
1.52,26.21088
19.14,78.85951
9.927,73.29539
20.643,38.05658
10.48,17.749332
0.09,0.07085177
19.517,57.77904
10.0,6.233933
71.187,86.61702
9.61,53.76723
0.017,16.821276
9.237,30.38585
671.156,361.93103
0.267,29.689915
0.203,18.333832
420.604,154.633
6.6,6.4968586
8.867,6.2218423
1.35,68.38296
0.094,71.79829
10.103,54.569145
0.36,95.640175
29.883,5.4657345
19.337,141.33598
1512.84,832.74023
19.83,48.013397
0.28,38.1273
10.577,45.66291
0.92,622.5322
10.694,40.586132
49.076,67.52498
29.873000000000005,35.78268
39.633,34.499817
12.02,22.703543
29.553,135.10942
0.597,0.62821627
39.987,82.07597
93.753,149.89946
11.283,23.040155
179.767,52.523895
30.043,2.3475273
19.897,42.566418
0.61,18.213007
300.473,112.23963
919.974,723.10767
9.24,230.85004
30.957,405.17358
19.99,123.40615
9.07,160.23662
0.52,7.1959662
9.316,31.58006
30.043,26.504951
109.997,38.52459
80.26,48.332733
9.204,183.3486
30.613,15.434637
8.87,4.0726986
5.307,18.924994
19.456,35.004852
10.374,20.558268
169.663,346.23422
19.467,45.81284
19.936,15.514272
10.05,31.659529
22.6,34.687176
10.61,14.787034
118.58,88.99417
136.417,1652.8242
19.713,133.28554
21.156,75.654
9.357,19.957788
0.093,53.065006
19.56,283.3438
28.584,42.682224
21.776,60.177795
0.8559999999999999,37.432632
3440.0,55.39383
19.747,227.95238
9.513,576.1323
5.39,25.223898
0.203,15.257145
100.424,29.091566
10.344,737.8241
7.767,0.04708096
11.57,85.048355
20.167,175.06438
9.96,66.03175
40.237,24.866901
99.75699999999999,27.610243
250.603,110.204346
29.997,15.493359
10.326,4.2408137
10.983,31.402569
10.953,246.75769
0.513,86.01715
27.706000000000003,125.46145
0.173,21.729893
0.283,15.6760025
19.857,0.46350822
0.43699999999999994,54.506668
0.19,32.608547
1.093,7.792789
60.057,16.719057
9.983,108.326195
39.936,1.197532
32.126,48.4925
0.516,19.777225
19.997,48.454174
18.48,106.16074
0.577,23.816368
0.643,25.419432
1279.74,241.97137
9.033,40.798477
1.253,16.489243
0.047,19.103035
40.214,41.294834
29.637,127.809364
8.516,53.160923
10.19,145.2467
19.98,146.71384
0.704,41.19986
20.427,27.249685
40.034,44.75739
38.643,46.276554
0.67,84.7285
9.343,56.103176
8.377,58.70195
19.02,708.8813
478.913,176.96432
20.643,38.410503
9.973,72.39967
8.153,28.694208
0.534,26.902994
0.923,165.15656
29.057,30.813908
189.60299999999998,88.017365
20.024,132.4536
0.173,28.062777
2.433,47.057457
19.663,45.912445
0.333,220.68358
360.1,16.733746
110.06999999999998,654.2655
20.977,15.323414
0.317,16.56436
120.50399999999999,48.23131
440.6700000000001,41.95371
20.113,27.476885
20.223,41.945915
10.0,79.80424
0.0,62.948856
49.7,41.68133
2.55,16.747013
0.173,6.4794993
89.637,70.004265
50.22999999999999,75.825745
11.177,31.444944
12.9,24.219772
0.643,14.788977
64.777,159.99161
0.42,16.803333
509.65700000000004,66.16336
0.33,44.256374
0.217,35.80849
9.273,33.444565
0.673,0.0703122
130.1,324.02197
40.23,16.806808
0.657,15.877652
150.313,293.0678
549.954,69.73645
21.254,25.780127
19.666,44.09378
19.667,58.743565
9.42,116.89226
0.873,329.57822
8.91,0.43470985
9.533,48.554607
8.697,87.584435
0.19,115.59845
98.41,121.63358
19.753,113.71079
229.20300000000003,947.553
70.564,186.94278
489.793,252.94397
9.507,14.565405
9.67,14.977124
9.68,62.462494
0.564,61.887585
9.763,31.864916
568.72,28.843367
679.9,333.7906
0.093,24.39571
0.173,26.593124
19.653,80.815186
11.726000000000003,94.7435
1.086,80.049034
0.14,28.393427
10.047,76.13436
0.204,1.8164243
1.4530000000000003,50.41561
20.29,33.936756
9.36,55.95958
2.733,48.463585
90.573,527.7618
619.117,260.18893
0.08,120.13477
19.96,59.738632
0.893,53.49332
10.04,28.489616
0.093,24.433842
9.963,256.57904
9.067,29.188078
13.424,36.66371
511.77,383.56882
10.51,17.921951
19.833,115.438
100.343,99.7178
49.123,107.334656
10.03,34.258873
329.787,410.31573
19.704,0.90792054
9.0,91.78949
8.79,42.243324
29.703000000000003,1.4314232
37.34,66.55844
4.437,25.814157
30.003,101.59028
59.544,25.220434
1641.0540000000003,106.99138
10.18,23.344992
0.0,308.4932
18.133,78.40076
9.62,49.482903
98.953,291.022
281.43,165.72777
0.61,21.968508
334.04,1275.8275
0.077,14.930332
0.173,6.7007747
20.037,53.915657
19.75,2.8832161
1.11,37.68664
28.313,204.8928
1.187,283.55087
1.19,15.386213
9.944,52.91564
0.11,17.77583
70.863,202.14561
21.087,15.129837
19.983,57.836082
9.29,46.679752
417.69999999999993,173.55968
179.77,141.7465
9.847,44.849377
9.663,30.564884
30.637,23.102259
90.6,83.79871
10.823,17.867561
90.81,71.56202
9.25,17.47307
0.37299999999999994,40.24672
60.763,1.6875335
9.71,243.49812
29.74,18.098736
49.726000000000006,69.52417
0.124,12.896888
0.673,22.577534
9.273,0.07116423
9.91,50.824303
10.71,17.963871
0.17,27.676693
8.88,54.234856
0.12300000000000001,103.88411
0.034,7.195979
0.28,6.598037
19.924,81.94524
7.97,15.953399
0.33,6.511148
1.173,17.97216
0.564,58.04216
59.53999999999999,59.50198
10.66,4.1667986
49.633,581.82166
21.163,0.34388906
8.48,41.877544
50.467,27.326174
0.03,23.926203
1790.267,28.099659
9.683,19.339643
70.153,64.45
24.670000000000005,144.09311
1980.8739999999998,17.306017
1.207,42.900944
40.133,68.67334
9.907,124.72227
120.19,0.12633666
19.62,33.802517
18.993,18.62201
99.233,129.98901
419.44,117.66622
140.283,3.1536403
10.717,16.34314
240.213,169.26877
16.047,32.972008
120.32599999999998,148.4751
110.41299999999998,63.330235
1.4999999999999998,20.941637
29.37,303.08862
0.48299999999999993,39.106464
21.813,108.03765
0.11,22.855581
49.956,79.306946
20.68,28.382212
0.046000000000000006,15.370555
75.667,171.05104
450.253,126.20786
2.314,387.47946
0.31,30.49402
179.03,30.467916
40.023,32.554096
725.27,102.94123
9.046,40.819126
9.09,1.0119915
10.157,78.98181
2709.837,157.66359
10.16,73.719574
189.31299999999996,48.505444
318.94,31.016039
20.283,20.98004
171.917,487.32056
8.14,38.08154
19.866,13.390526
0.157,19.862888
0.08,23.854992
1050.134,290.51553
19.79,10.595031
0.42,27.375559
7.477000000000001,15.791201
31.144,267.40482
6.643000000000001,8.607653
20.013,27.589724
8.68,306.0135
9.39,1.6390446
9.9,50.559765
19.417,0.040356755
19.73,43.740433
110.2,58.69772
31.43,147.53026
40.173,60.701004
9.42,33.09185
21.127,379.3194
10.63,158.64534
20.126,151.59958
10.093,29.500034
0.25,19.95098
0.263,63.215614
41.294,251.7361
55.473,45.83157
30.13,104.81853
8.017,14.997068
0.296,44.259514
11.12,60.9303
10.476,20.88263
50.74,613.44037
19.03,41.83826
19.917,16.213495
0.53,127.1455
0.097,51.154877
828.02,506.82465
19.484,144.53766
19.243,54.44552
29.36,122.79832
20.34,36.33352
299.43,69.967545
19.674,146.05527
2.034,23.793951
19.453,6.7007747
51.373,735.2166
39.853,386.8949
8.483,21.677282
8.673,28.24284
26.677,34.24146
20.84,60.222157
0.927,20.047276
10.343,41.334476
20.06,133.91153
301.1,810.0456
20.587,80.87713
0.296,37.901375
40.8,50.95561
7.89,24.04988
0.034,21.599726
0.296,73.02689
0.77,14.555341
10.567,25.660189
19.33,42.025368
0.077,20.737305
9.886,56.86196
0.19999999999999998,30.269629
138.933,18.962843
0.827,27.112637
0.126,23.323824
60.04599999999999,7.111275
530.033,195.30579
20.0,0.60984254
521.603,97.79295
0.187,20.737305
50.063,72.39229
131.78,63.46303
10.324,35.500515
39.237,26.423174
19.133,93.85009
51.58,162.79417
780.243,642.72046
49.352999999999994,113.7162
11.247,20.27376
29.106,761.27435
0.17,4.9239225
651.01,450.38654
0.217,63.1248
7.610000000000001,23.793951
49.693000000000005,128.42587
39.906,331.94836
5.38,232.7113
0.394,27.22821
79.886,249.24142
0.17,33.879383
9.953,13.937401
5.82,132.53815
9.45,13.345751
0.343,49.45208
19.886,6.1574974
9.473,246.48914
398.56,100.02869
19.017,15.750904
69.703,10.903742
28.926,35.445858
10.787,130.87277
40.036,352.84903
629.793,388.39972
10.097,76.710655
0.12300000000000001,121.13143
10.14,107.27247
1.093,114.4547
0.049999999999999996,24.788334
1.25,15.9062195
8.59,33.6209
9.484,31.215023
10.48,70.65842
110.05,133.30869
99.81,67.20592
100.49,34.46771
0.39,38.667625
70.22,39.606735
11.406,356.6549
21010.144,3651.2217
8.836,67.73358
687.737,341.69785
29.84,20.37745
79.94,124.10449
37.744,162.41298
9.93,54.072918
820.0599999999998,307.62097
9.59,29.022936
0.28,2.5191495
479.52,234.42397
19.983,18.979177
50.447,181.66225
10.3,106.380936
11.233,92.39333
10.547,0.17812026
298.564,399.5713
0.267,21.807137
131.033,89.20811
80.854,180.22797
135.23,101.67095
19.073,23.509544
29.937,21.630592
18.59,689.35376
0.047,21.465397
0.203,38.490433
1.423,28.874308
38.696,111.11145
0.74,40.311504
357.89,228.75371
0.157,40.26939
19.82,0.74401134
19.997,176.17911
39.466,0.0698793
50.01700000000001,98.37624
19.45,275.39536
0.047,17.081444
20.097,54.62233
20.187,88.62031
9.95,13.836634
19.49,34.66393
9.773,10.742874
19.02,55.725056
1.77,49.231213
0.71,56.243877
1030.647,153.85182
9.8,15.477308
439.61,81.33364
150.763,1255.7603
0.063,18.081526
9.393,39.61821
19.953,41.62906
20.193,34.076405
20.257,45.534145
20.757,73.27469
5960.317,231.0865
0.017,0.9821517
249.63,94.06522
71.037,1.2242429
0.08,14.479092
50.243,60.367393
19.134,18.954655
213.46600000000004,207.44112
668.99,60.37564
1.144,23.194887
260.063,57.19168
410.274,34.415356
10.61,33.546486
99.913,319.47836
250.154,117.0415
20.044,47.0377
0.67,44.360332
0.9370000000000002,33.97551
9.837,13.710086
21.367,14.409441
41.496,74.778015
702.76,198.3004
8.8,212.961
0.063,93.743416
7.953,32.15466
1.7200000000000002,27.059244
19.63,24.681437
60.85,102.348
0.9100000000000001,45.553787
10.353,27.390808
41.087,359.232
19.136,16.530993
10.977,16.15574
0.017,50.16555
21.13,56.159134
50.07999999999999,34.918144
99.11299999999999,133.48267
19.543,132.5762
137.033,153.80605
168.433,43.714226
61.123,47.48672
70.964,110.460365
59.637,152.68068
39.527,122.646095
0.31,46.354393
10.517,227.223
0.11,34.985527
30.69,20.596844
2389.233,61.120544
9.28,37.224464
10.014,16.97347
0.14,32.370716
8.316,41.07116
0.063,7.7630353
765.617,129.56802
169.75,128.37146
0.877,244.08646
0.173,22.279516
30.883,14.19853
29.05,258.3139
8.453,0.69514835
28.58,24.476967
79.28,117.24203
119.787,51.681053
110.177,42.114716
0.673,53.84759
10.376,48.38554
0.33,30.117905
9.79,21.729893
19.45,38.663902
0.36,45.553787
269.877,184.12552
20.16,46.703007
19.47,144.64543
2690.91,175.6337
51.12,88.94323
0.03,4.3683414
39.947,67.80941
19.086,194.6775
160.75,22.23807
0.7499999999999999,16.830723
1379.783,104.62214
0.407,16.841984
19.616,1.1084405
0.28,24.55381
9.54,117.05429
0.37700000000000006,38.134064
50.977000000000004,95.567894
1.897,64.46951
21.48,61.561634
0.08,14.709417
9.297,16.56436
19.96,56.64149
7.777000000000001,7.028225
59.954,32.38316
12.264,12.739264
130.507,61.107502
20.316,161.75421
90.277,783.8614
1.077,16.99557
310.68,73.772385
30.14,22.902014
0.843,213.3517
48.177,33.03614
30.022999999999996,95.86149
344.753,578.7938
260.033,105.50942
11.457,222.72467
2139.437,605.3334
30.676,0.38737983
10.117,196.30042
9.157,42.44926
310.28,256.16983
0.797,20.205626
20.333,137.00578
1638.174,1458.8284
28.024,197.32121
9.78,10.37712
19.43,27.873262
29.536,69.48777
50.986,139.52118
2557.74,1859.8196
31.43,86.19367
41.373,47.74703
39.793,158.13228
38.163,40.15543
19.063,92.12147
9.88,47.257023
0.093,27.937801
301.633,71.26861
0.484,27.348074
0.03,27.781786
8.42,49.475548
9.103,34.328766
51.163000000000004,159.3713
9.92,56.102108
100.42,50.046547
19.363,51.943707
9.737,15.040971
1.047,21.48636
138.613,104.35913
0.077,68.34657
0.3,94.87201
99.483,154.01236
193.39300000000003,492.3953
19.197,0.53500605
6187.273000000001,720.6935
5.223,78.98801
129.9,125.79011
9.69,3.0098019
10.464,38.22631
199.61700000000002,54.60872
18.703,19.79708
20.183,40.880142
180.166,21.544085
2.096,38.639503
206.68,133.54094
10.847,5.8414702
150.66,38.759697
5739.977,2005.8822
49.707,65.42555
10.13,39.55748
0.187,27.119604
1.033,28.301016
4097.374,394.91412
41.0,0.9478819
19.813,31.073217
9.16,1.2833612
17.827,32.97297
10.233,16.0139
0.127,144.15451
50.027,24.931429
0.394,6.45679
9.153,28.811605
9.1,72.93509
40.993,60.21865
8.104,48.824135
1.034,0.84860873
290.307,185.2934
289.553,387.6565
19.687,94.07962
10.277,12.551981
0.38,17.420006
92.397,121.08375
10.563,13.819955
22.846,83.37629
30.207,26.381212
39.84,99.72942
0.11,19.041155
0.064,93.121445
9.38,35.09059
9.997,18.588572
9.017,70.59059
20.297,37.768967
9.083,57.82223
0.19,38.03943
39.173,20.735556
41.437,45.63667
9.217,18.400982
50.37,153.97662
10.96,186.07251
169.387,184.6199
90.8,205.62807
339.067,235.9879
0.017,17.40751
19.727,46.572544
330.267,49.066124
0.43699999999999994,43.692223
150.057,39.895443
109.66999999999999,17.13863
29.846999999999998,15.516034
0.7959999999999999,83.35311
8.997,32.370716
4261.473,1694.5056
10.144,14.872511
0.92,66.767944
69.253,83.13503
131.293,84.80467
9.883,90.05002
29.903,121.34584
0.394,16.319893
420.017,546.4712
389.7629999999999,358.73004
0.503,27.22821
0.017,17.260845
53.403,95.640175
419.566,203.75714
8.186,30.992413
488.186,219.47778
10.44,13.812843
320.157,82.608055
9.144,17.260845
0.017,23.091516
40.306,74.193886
0.187,0.117974564
20.847,52.787376
833.944,133.83577
19.967,14.99088
0.96,62.686516
19.42,18.846846
11.04,0.021508347
0.954,37.166992
27.046000000000003,41.76842
19.577,66.68895
9.723,62.560467
301.137,24.499935
19.393,152.67116
99.7,171.9766
50.437000000000005,26.217024
20.477,134.34885
9.047,37.665962
0.7959999999999999,1.3758426
0.31,27.442415
9.853,29.58178
1209.253,137.51369
18.93,15.295829
0.156,213.01491
0.607,30.81217
70.72,41.494152
178.806,138.13234
29.827,99.7587
0.623,15.8503685
11.017,33.803513
10.117,11.35995
20.13,100.75909
10.54,14.479092
138.027,47.84049
0.33,15.125931
9.717,32.070953
9.864,53.34765
1714.267,413.89633
0.11,23.899689
12.24,39.29038
9.827,25.984158
18.887,22.48163
26.366,62.15563
119.36,34.210556
70.833,91.209595
88.896,186.83884
10.087,36.620678
10.36,56.05588
10.28,0.11743329
29.330000000000002,51.186417
79.33,37.79129
279.946,130.83763
20.23,15.4908
271.9,769.32874
70.024,472.8771
10.817,14.129254
18.15,133.89835
19.28,24.291445
2.33,14.142544
9.764,206.85799
770.097,249.61566
39.947,85.53332
9.937,55.577183
0.344,15.129837
6029.949999999999,640.99207
110.54,252.68594
49.82,42.9291
9.333,21.17616
1.99,26.268925
10.01,5.6431623
0.047,16.489376
0.013,16.950712
250.133,0.057117328
18.8,34.89932
9.58,27.274462
0.11,23.696894
10.62,26.363075
9.85,15.358777
10.113,53.055965
285.113,22.384094
64.51,340.34637
10.006,120.20209
369.027,181.80054
19.703,177.50557
79.717,36.300278
30.064,87.70725
18.883,53.410122
11.527,81.99945
9.887,296.6846
259.996,87.37355
100.013,74.521065
10.743,124.8685
9.68,41.95455
378.96299999999997,47.01045
460.307,111.64357
230.74299999999997,329.20807
239.673,32.15183
3584.6839999999997,1892.4697
0.156,20.194975
0.9700000000000001,9.947438
118.78000000000002,50.794666
52.86999999999999,60.024532
40.14,70.367645
20.264,24.654617
39.727,26.664545
10.24,9.08117
0.093,146.43193
0.43699999999999994,0.32282126
20.68,35.460365
9.026,68.18051
18.95,44.741142
29.08,49.805786
9.457,24.681473
20.076,41.892937
250.154,338.8031
19.987,57.836082
31.253,101.06071
0.28,35.340992
18.044,26.368643
149.847,137.89217
720.714,275.30264
30.5,28.297724
19.563,25.788107
10.677,0.03185572
46.927,221.905
1739.1370000000002,77.728195
190.21700000000004,202.40031
429.366,151.33215
30.027,1.4889624
0.064,32.411686
18.837,0.33936837
50.043,150.5824
0.81,20.332714
39.263,152.00053
19.93,71.380516
19.976,63.917755
0.03,41.166096
0.28,102.45146
9.797,70.97884
9.393,17.081444
0.88,27.937801
10.9,62.072857
9.473,31.517374
0.08,55.169384
10.463,31.26301
91.664,315.36484
430.054,219.99234
20.037,28.656393
4.846,98.38129
231.967,941.93976
29.873000000000005,45.499622
40.197,314.55045
10.524,17.95127
90.033,7.1891627
40.293,57.754826
80.196,119.93774
579.897,29.365261
49.82,88.05918
20.59,15.616514
9.313,34.44909
332.574,1876.4912
89.303,269.0195
0.4099999999999999,1.9564233
19.557,49.99634
719.437,99.38719
9.794,0.06585672
0.14,27.694477
0.064,35.18434
258.84,92.67805
280.9,523.06177
129.066,29.363832
9.674,46.41394
930.173,202.61162
0.22,13.934186
0.677,17.598114
8.26,39.40519
10.094,112.68681
60.397,77.066895
10.503,38.34579
20.427,114.43702
0.14,46.026737
40.194,222.37863
108.09000000000002,0.9742634
30.149999999999995,20.828575
19.846,91.95683
0.047,52.650356
9.53,72.29193
27.123000000000005,151.38567
11.916000000000002,17.023594
20.963,46.92024
28.763,9.517123
20.9,25.960962
0.144,153.2748
179.9,31.438713
34.59,45.39819
79.93,1.0226263
19.823,47.807472
241.633,32.210987
69.95,27.022522
401.12,120.01843
100.28,186.43353
9.743,29.075155
18.926,60.69774
70.146,207.36589
0.467,27.873262
59.75,1.8914541
0.017,17.301537
3232.7970000000005,999.48615
119.81999999999998,248.2064
79.814,63.770336
109.557,53.99455
720.546,54.80675
19.11,94.37923
50.12,113.6546
20.257,59.533546
120.173,189.86636
20.657,6.456716
269.437,133.70245
0.22,0.21260768
260.373,77.98326
8.19,31.838427
21.22,87.645615
59.547,0.031265624
1.65,16.782658
130.993,349.59564
20.037,164.79485
0.37700000000000006,28.346622
29.937,98.27882
0.077,409.22623
11.757,61.837185
99.48,124.90409
18.797,84.02186
669.063,576.731
0.283,49.66511
299.213,83.0603
69.643,33.043777
29.963,116.666756
1.41,59.492996
6.162999999999999,37.24299
20.49,26.748117
8.624,15.877652
9.713,30.821306
29.866,127.13103
9.917,40.979046
19.943,244.08646
190.447,80.03822
0.03,18.424728
129.817,74.22947
30.317,49.968796
30.48,123.99653
80.3,77.24026
9.623,33.09215
10.02,21.736525
39.674,28.484827
10.13,91.408745
331.254,0.451352
51.173,90.67914
89.07,278.07278
9.68,37.954468
1053.86,152.2383
1.763,27.200909
1.413,7.7038665
50.74300000000001,96.05436
0.64,20.556576
10.567,19.103006
172.78,387.46826
19.823,168.58269
0.753,15.61884
49.37400000000001,29.917273
50.127,105.723785
1929.464,404.45923
0.017,173.49875
29.516000000000002,132.92946
0.43699999999999994,58.633465
29.953,13.816282
1.016,28.062777
400.193,148.69998
7.35,16.554893
16.586,92.34257
1.054,17.087845
507.37300000000005,64.37727
8.673,4.004213
38.717,54.269623
9.593,20.653399
116.79000000000002,197.40872
160.647,100.80556
53.873,6.9580626
40.064,12.963951
10.157,45.4521
10.084,117.779274
159.887,125.55094
1.42,57.82223
9.93,27.519144
8.65,16.698093
6822.393,67.53096
9.186,17.603298
8.937,17.897161
0.72,29.055378
10.83,70.59059
14.906,0.9918371
10.3,40.516144
800.9099999999999,210.92908
209.85,89.19236
0.08,7.2243185
0.296,17.377161
9.907,29.688362
0.314,20.822952
10.447,16.825151
19.66,17.453342
67.746,118.98952
10.027,27.838005
369.88,76.3732
1.9059999999999997,127.42556
10.114,63.985332
0.53,28.160358
39.566,304.63666
90.153,412.7924
99.48700000000001,27.541817
20.864,95.86364
150.206,175.24327
59.91700000000001,49.031704
8.126,116.6886
20.53,439.22205
0.16,47.756126
29.797000000000004,117.73676
210.36699999999996,459.19983
20.023,36.109844
28.94,171.06697
49.986,32.734802
38.367,96.10966
19.587,31.77842
350.013,248.1538
9.83,60.05338
9.564,55.15687
0.11,15.425369
0.12300000000000001,28.749062
0.597,28.801529
79.64,42.132816
22.21,25.555586
569.873,504.56717
0.313,43.408024
8.053,48.32724
9.937,27.466524
0.327,28.816067
0.076,20.763847
8.767,117.46123
19.297,25.522865
90.03,75.96528
19.43,121.22664
19.04,34.286095
51.147000000000006,31.387577
409.157,119.93124
0.093,16.158516
32.336,140.68617
0.703,132.83797
0.16,41.077614
39.644,39.737305
57.62,2445.438
0.049999999999999996,64.86781
0.283,19.47953
1.33,24.498531
99.267,139.00652
9.146,27.540777
38.397,22.919493
1.52,84.41893
19.893,73.69944
1.6569999999999998,32.343876
359.647,29.222187
17.237,43.549896
0.563,21.23622
290.04,148.27696
0.77,40.07403
9.226,62.10799
9.347,25.759394
1419.986,743.5377
9.843,75.12593
20.313,46.07447
800.21,45.08072
0.233,42.781853
39.517,194.38658
0.0,37.123383
340.65,477.00412
28.422999999999995,29.159616
0.093,28.455086
111.247,0.009684278
9.117,24.48338
0.063,49.977177
10.68,38.97644
99.62299999999999,75.320465
10.844,49.90044
89.627,234.48892
11.367,19.811031
502.83,620.4511
10.267,46.86471
11.117,27.738592
49.67,3.350564
219.85,82.753044
10.07,33.64247
10.043,34.455093
49.417,0.17171696
3409.813,208.78606
8.926,58.8737
6.864,61.733913
1.563,34.49419
15.9,72.19778
10.327,86.16397
149.97,263.3138
338.766,7.9607196
0.203,36.023067
180.367,273.14764
0.233,61.939983
0.42300000000000004,74.83931
9.56,54.51055
17.917,61.86666
275.92,74.19361
18.117,108.35643
78.813,28.277784
49.856,24.875147
0.45,4.094068
9.667,14.281535
0.0,39.111305
1.084,17.662884
0.22,24.625156
115.22399999999999,111.74634
10.143,115.98633
9.81,27.375559
9.77,114.81961
34.786,95.66142
20.083,172.83737
322.223,378.66647
19.247,151.88962
49.823,86.05217
21.34,113.89637
9.797,224.35092
19.33,53.187073
20.81,43.224884
18.563,80.94997
0.297,0.062856264
9.93,1.5673343
0.093,14.604311
30.734,49.959232
18.86,88.7795
10.86,0.041647587
109.69,0.39457062
9.823,96.070915
10.04,13.907987
0.33,50.358326
4869.787,1084.6392
60.327,206.23299
162.147,484.6024
40.336,74.09776
0.076,49.988583
10.09,122.74739
9.536,38.962368
32.2,114.836494
30.976,131.36952
10.953,34.069305
8.603,28.013702
359.42,78.213806
10.137,35.5677
0.14,19.2195
499.9669999999999,277.0234
41.356,0.77388054
20.933,167.51624
29.767,20.182016
781.146,107.92126
140.03,36.900215
50.043,50.057945
18.81,56.86196
219.767,47.018917
8.613,17.958904
10.717,50.16555
39.887,29.424088
9.62,109.28702
120.816,257.05566
271.71,1286.958
21.91,222.27917
0.43699999999999994,116.22055
49.767,116.629074
10.21,16.973461
2.394,22.709885
9.02,32.978043
99.75299999999999,12.011614
55.253,28.975925
9.803,66.03175
0.783,43.84331
1.123,31.09735
0.187,182.45282
0.484,117.02457
370.036,265.3442
19.473,27.19819
301.597,129.03189
0.343,39.231686
8.243,210.48111
0.893,28.325588
49.96,47.49593
29.817,63.564995
50.06,22.102493
15.404,30.670647
279.877,251.86891
18.97,16.520405
140.046,153.84502
139.723,198.25174
50.842999999999996,114.76714
139.653,530.57294
637.403,534.0024
0.8600000000000001,15.846473
90.24,434.07263
89.623,71.94311
8.923,24.70335
9.954,36.819324
110.273,757.4659
270.243,248.85318
0.11,381.4883
29.76,121.38571
90.904,4.517432
0.12300000000000001,26.21088
302.214,142.57355
90.277,116.36145
15.38,178.4508
1.57,24.344696
20.543,37.62431
28.93,281.6888
10.043,78.5944
4.137,55.418064
9.433,15.37353
10.093,0.5318378
119.38299999999998,29.739517
29.913,47.18562
7.627,39.747154
0.284,26.383951
690.323,365.2829
19.993,143.46004
15740.533,30.149883
0.954,37.432632
79.627,81.03827
9.11,27.944244
59.43699999999999,67.16758
8.133,31.509235
29.816,70.29075
0.297,59.59506
20.073,181.7104
9.18,59.54292
1.5459999999999998,36.08782
180.223,283.91428
20.063,176.08716
18.66,35.702873
859.98,50.8608
20.154,106.62516
19.33,49.990257
0.034,242.95085
11.16,16.805895
18.44,39.068714
19.83,38.490433
19.857,25.087395
20.25,14.191073
8.893,25.909014
588.9,88.51481
20.697,133.87671
237.8,118.8303
0.28,36.5661
169.717,186.70012
100.133,26.568691
10.144,585.1457
9.544,55.73371
20.313,12.833916
289.137,192.66699
170.54,51.095367
0.03,16.809942
0.094,24.318085
0.25,79.093605
300.127,60.946995
9.813,98.171844
0.503,0.03185572
199.366,112.68119
10.32,12.676526
0.7999999999999999,34.323383
19.074,129.36119
0.093,35.702873
96.317,115.98892
0.127,58.443916
25.893,40.862514
91.66,44.82044
200.69,275.3872
9.886,50.691883
0.017,31.876123
80.184,101.59028
19.594,144.24223
9.893,24.315573
20.263,0.45381045
59.34300000000001,30.436443
0.17,17.12283
49.866,282.86835
19.254,27.165092
160.363,94.656395
19.507,277.585
109.12,129.23964
0.283,87.432526
82.08,177.1175
20.173,20.716675
8.943,72.888504
0.22,118.347534
70.06,30.09356
60.65,1.0446048
18.567,113.98216
229.89999999999998,188.73193
29.202999999999996,38.02863
0.097,36.123234
8.404,83.67528
239.053,114.97691
7.433999999999999,44.48229
18.083,0.17581257
0.047,59.924988
20.58,58.270844
2.61,30.434017
19.33,69.91146
9.95,0.06303647
0.537,16.717299
0.17,27.266638
1.047,4.1594477
10.71,76.79127
0.283,13.057583
20.207,15.293551
120.067,195.22035
8.143,17.807991
19.11,31.371881
0.687,6.293589
2450.057,115.22534
0.517,8.300514
149.553,1085.6217
0.64,16.389668
28.87,29.836086
10.527,23.205027
20.004,48.22796
12.206,125.06772
19.776,121.47737
10.413,132.96858
19.74,33.685795
0.127,14.879007
20.52,24.380331
0.016,67.4158
9.133,132.60327
27.326000000000004,1.007116
60.137,142.16068
0.343,28.659344
19.917,213.94707
0.077,13.573938
9.91,35.825195
0.12300000000000001,109.82607
10.22,2.8971786
39.476,58.205116
8.19,33.486786
9.984,23.05995
87.257,92.31792
30.68,201.1199
79.43,2.0495825
61.087,47.590687
9.053,23.893839
58.86600000000001,72.175064
9.234,34.326042
30.446,21.114817
0.0,26.444313
39.513,203.55853
8.833,21.763288
20.723,16.92752
10.587,15.446355
59.177,55.775135
2731.02,205.46748
0.343,24.680342
0.37299999999999994,37.402176
109.94300000000001,0.3217326
18.757,44.393227
19.917,6.1253943
2584.573,1032.8755
9.734,194.74803
359.91,188.12561
20.593,56.86196
679.673,221.46635
0.097,34.819077
60.357,25.461927
1.377,15.76796
28.636999999999997,29.93324
70.354,29.506742
1.9,29.959757
38.837,80.45008
9.69,8.444592
10.06,2.4313405
9.117,14.449346
19.953,45.389305
29.769999999999996,40.73904
359.5,314.2478
10.304,13.871133
9.913,17.92114
252.52600000000004,376.34302
0.186,36.75193
110.157,86.255226
7.9270000000000005,35.866898
49.754,290.80115
20.067,27.360195
20.304,47.95139
79.713,155.8576
9.027,63.072517
0.097,17.306816
40.077,117.18944
61.647,402.39
250.54999999999998,317.17627
9.86,82.2588
9.667,13.976949
20.16,169.81494
18.89,0.15471469
30.2,160.04341
29.337,47.315907
105.726,0.45666096
0.267,57.77704
40.147,70.594795
17.89,26.674942
0.093,18.808878
29.53,865.99713
18.953,47.057457
0.19,17.935421
10.01,1.3979853
0.487,28.6008
19.706,17.633488
0.186,67.79366
69.166,28.080235
9.823,87.0582
61.99700000000001,112.49728
36.323,0.53990394
0.077,29.471664
19.443,27.626354
0.187,41.63536
0.14,124.61136
7.987,68.35894
19.083,25.462727
0.42,48.238472
0.203,0.3858077
0.607,27.229223
0.14,19.374811
559.913,69.328445
8.75,92.76494
50.48,131.90665
7.314,29.066011
140.16,81.11808
70.91,153.29015
9.836,18.085714
3700.58,276.14832
79.913,31.471958
529.574,79.90276
160.737,34.495605
9.67,13.812843
0.653,13.714088
60.4,130.42285
0.72,37.079735
19.703,456.6917
60.01299999999999,15.140992
20.23,50.62957
0.033,37.77707
20.39,14.703276
2175.484,608.40295
19.513,34.69462
110.25300000000001,1.4601392
39.437,115.362915
49.637,56.380817
9.254,57.38329
30.333,91.53225
30.979999999999997,72.93509
8.517,86.76829
0.733,47.40057
125.03999999999999,277.69186
27.217,24.50687
20.056,141.38826
40.837,66.49123
120.247,127.35917
0.203,15.134496
20.577,44.308582
0.144,102.20825
20.003,31.655125
20.844,39.61634
139.196,43.867672
10.593,0.86172223
0.844,13.661444
48.767,20.646421
61.623999999999995,211.63678
47.994,75.73508
4069.454,1167.3986
9.896,17.612137
0.127,27.751575
19.543,18.411985
20.57,4.353785
49.023,26.063705
0.186,17.386732
40.073,24.768484
1.143,7.733394
360.367,68.754814
49.370000000000005,35.770813
100.28,16.483107
11.943,19.79924
79.89,71.84901
100.383,59.93002
19.883,105.93253
849.313,98.20922
0.39300000000000007,22.309301
9.076,14.217441
109.987,76.10393
39.854,2.0306916
132.13,34.65097
10.77,43.83748
0.22,34.499817
160.34,136.5195
5013.827,1197.7999
11.243,24.085873
9.54,46.105625
20.097,181.67467
0.7369999999999999,18.961563
49.97699999999999,122.21973
80.18,44.09378
53.75299999999999,17.486734
210.59,171.28255
29.806000000000004,51.448288
0.017,18.628471
260.193,138.24243
3101.003,840.3031
583.453,298.90253
130.496,224.38724
20.4,298.69217
139.734,77.17071
139.704,172.72916
9.803,27.067955
0.017,84.92432
29.493,34.767117
0.487,30.568842
139.51,20.07395
10.903,397.5107
1070.203,1158.8198
0.72,109.97181
20.287,53.711964
0.657,24.848833
130.54,81.8648
18.55,101.2633
1150.317,143.82108
170.04,19.494747
10.73,121.333885
10.63,244.47176
8.1,125.975746
213.28300000000002,93.7301
9.723,26.974064
8.737,23.505537
5.95,20.811676
10.02,27.579155
20.07,17.655031
0.313,6.918592
0.4570000000000001,1.5673343
70.934,227.85947
9.374,13.780341
29.993,121.84491
0.063,53.84759
8.767,63.305183
150.106,266.74426
0.03,84.26213
260.796,149.08505
0.593,24.433842
0.157,45.574688
0.049999999999999996,37.68389
9.14,31.447855
38.943,48.45517
10.203,117.8759
20.2,34.286095
19.93,17.882067
19.693,67.78527
29.946,60.908916
50.867,58.878025
40.82,61.93801
0.06,122.64598
0.39300000000000007,23.784653
0.547,24.192932
59.760000000000005,72.91461
10.277,4.3052993
140.007,175.93263
9.926,130.66371
29.697,106.44255
11810.59,2773.2046
19.903,80.203865
20.33,34.564938
29.823,107.90483
70.273,253.65193
2.803,49.123386
5.16,45.596657
21.097,14.445587
8.287,91.408745
20.663,4.1667986
9.724,23.37652
9.9,123.17969
19.854,27.321812
10.04,26.735945
0.064,40.618534
10.91,20.962019
60.093,87.922165
20.17,51.943707
19.187,27.44681
18.846,98.3937
19.373,35.586193
140.203,201.11874
0.533,23.743027
30.056999999999995,130.25356
169.247,73.91676
30.537,131.82796
59.294,115.958954
100.797,0.42097157
0.757,17.598114
0.296,33.070538
20.237,66.94511
102.76,27.043985
20.13,67.075836
100.14,223.92107
8.98,16.450327
559.88,192.88725
39.933,101.02379
50.324,58.64592
20.54,30.751152
16.954,8.348233
9.76,25.448046
259.693,600.10236
0.173,43.740807
0.517,19.121017
19.847,58.436962
0.06,24.250532
19.437,33.787895
459.913,236.90671
60.7,103.07856
0.046000000000000006,368.72482
1.79,26.541164
0.36,26.811886
69.94,1.657773
1785.216,534.00134
9.85,33.00815
60.117,57.23162
1092.866,633.52606
429.263,1590.4867
196.453,171.935
0.094,82.39011
9.92,1.2486457
10.92,33.613148
5.567,25.937119
8805.363,7704.997
0.25,54.85035
1.953,51.57054
0.66,132.57721
230.017,68.48368
9.62,18.771133
0.627,20.669392
205.66,226.71077
20.61,222.58278
21.56,17.734032
6.453000000000001,7.0559173
8.594,1.4556816
19.95,5.800583
222.313,126.90318
9.636,94.933754
39.297,29.87725
9.76,17.450916
1.9860000000000002,0.79666007
59.18299999999999,227.223
49.344,119.46866
70.606,57.106518
0.42300000000000004,41.60513
8.553,22.793922
20.19,51.66405
90.02,91.78548
61.193,115.915726
10.313,60.697777
199.987,16.661865
0.06,26.426107
10.163,38.474556
40.196,31.294205
19.14,27.673027
19.75,204.83182
59.893,220.46567
0.517,27.676693
8.8,46.551853
30.589999999999996,119.9269
20.133,12.221046
20.913,6.1793075
19.733,115.36808
0.046000000000000006,27.731602
450.453,118.39979
29.554,98.48289
0.627,30.16451
137.327,191.4013
70.693,257.18713
149.994,115.49987
39.743,82.52646
10.407,41.07116
20.053,60.223866
525.007,276.4673
60.84700000000001,380.70868
188.94,128.96468
22.093,34.596806
0.11,27.873262
30.24,32.93599
29.803,177.21149
20.226,44.29008
21.22,33.75014
150.183,247.50102
0.69,17.882067
19.457,50.277287
0.653,22.984898
5.59,84.56983
19.227,16.282816
18.123,91.75324
208.85399999999998,149.78537
11.906,29.509975
1125.83,197.04254
13.54,18.397072
50.143,22.421728
0.263,17.782696
9.924,22.817738
82.853,82.530655
5.576,46.5034
58.993,50.409008
5396.51,1069.6626
19.976,37.9145
30.869999999999997,29.489845
0.016,32.810658
553.68,913.41315
20.117,153.25096
80.384,203.19934
40.216,322.83517
0.013,24.741562
11.233,29.066011
209.503,221.72345
0.097,44.726566
40.294,88.214066
18.48,22.90593
7.596,58.260498
6.86,37.079735
99.107,213.3495
98.713,124.37079
436.89,167.45924
19.79,77.813126
0.267,22.48163
0.047,6.245237
300.887,66.08794
19.487,27.921934
0.156,41.944263
30.457000000000004,37.643696
749.953,239.43863
0.4570000000000001,27.540777
0.234,1.7647566
729.693,124.303604
10.117,76.79353
12.75,27.77591
0.047,25.386562
672.753,553.66595
10.336,35.94421
0.11,36.786003
19.91,64.545296
0.03,172.41689
251.404,348.7229
0.25,8.444592
10.51,34.763577
121.983,773.20844
10.097,3.652127
0.22,7.000655
29.883,144.64586
39.894,28.876974
80.663,51.648174
10.653,118.316925
0.12300000000000001,0.08583437
10.56,14.584579
132.073,57.50613
0.017,24.970781
8.757,54.023643
9.863,14.653428
269.793,128.14377
9.083,27.668331
30.017,45.574688
0.0,86.4944
20.08,30.826712
29.167,100.652336
19.76,115.92251
119.923,18.979177
0.45299999999999996,28.470173
0.4099999999999999,23.469316
0.33,38.11421
20.027,199.31949
20.223,5.6898255
8.797,24.254503
69.98,43.15012
79.657,30.452387
19.446,0.24804386
167.427,249.80115
109.957,168.98407
40.853,166.18767
10.506,39.196823
330.023,165.3597
100.513,261.51227
10.056,32.087555
0.22,14.801785
9.04,27.29638
9.073,88.737656
9.81,91.48984
10.346,3.652127
0.703,41.468307
21.024,125.51146
9.383,28.408504
49.034000000000006,51.08135
0.7499999999999999,52.841145
9.536,16.660378
1.567,17.377161
20.153,22.930122
90.607,37.69515
20.573,5.5711756
8.45,19.90684
9.76,27.246733
99.663,67.192635
20.8,37.24299
2.813,17.207628
9.186,44.018055
9.38,274.92584
231.35,61.497673
88.834,265.80264
9.796,624.4311
9.47,94.87201
382.186,305.82883
510.327,192.10745
20.497,648.7477
651.2,1504.0958
9.803,26.772675
20.393,82.81467
18.824,517.02466
1150.624,263.41724
130.1,49.39666
8.373,31.059801
40.307,83.17353
150.056,309.84125
19.757,13.504736
20.347,28.346622
10.034,19.0389
0.47,14.372859
221.257,72.41488
0.17,45.217487
10.127,74.23784
229.90599999999998,65.48636
249.967,86.17594
20.216,53.259888
9.683,52.61037
28.8,16.814356
316.74,643.71893
10.087,37.079735
60.13600000000001,104.302795
250.603,111.19511
9.98,17.553102
119.24299999999998,198.7097
0.67,23.87321
0.013,18.662668
19.553,237.96643
150.01,54.869858
569.906,288.84592
10.6,35.752365
19.847,2.4253383
37.89,76.55386
9.76,18.399544
19.194,116.94839
9.653,5.9976487
0.9529999999999998,88.56979
39.39,31.11918
1.627,45.86728
570.073,139.66624
2520.41,515.2695
10.033,14.306201
9.98,17.320375
7656.273000000001,1877.4297
20.864,58.706676
9.907,17.133728
19.3,2.578513
19.677,2.62176
20.006,45.534145
0.203,52.987247
34.88,396.57822
10.157,22.939413
20.207,45.643864
2.483,9.185979
9.984,22.087547
149.993,9.916965
10.603,18.758738
9.863,34.8741
1.004,17.769825
160.25,1.4949523
19.19,43.561283
60.023,58.633465
9.71,61.298176
9.113,25.632772
14.413,97.91897
19.027,101.02379
100.38,287.60107
0.567,16.91021
9.486,19.396332
20.017,356.64108
350.16,36.538025
20.1,77.868935
0.0,26.825169
0.046000000000000006,23.743027
20.957,33.66797
20.203,43.876442
9.917,18.239109
20.96,49.216606
229.84600000000003,64.10553
9.77,41.95455
40.03,129.56802
0.37700000000000006,41.78681
10.44,41.32136
3.163,143.26929
8.974,117.14631
390.97,161.2663
18.313,30.661541
5.53,7.0837035
0.033,55.50507
9.257,62.161037
109.8,41.182198
19.954,54.379593
9.243,15.852352
92.733,129.59154
39.927,20.69869
9.907,18.8917
9.756,113.081566
0.45299999999999996,20.653387
743.283,168.56442
106.59,224.58707
99.41299999999998,522.92
2.517,17.17029
60.07,504.5303
0.17,67.03616
108.29300000000002,315.98117
0.126,40.5434
8.86,76.26895
20.757,107.04287
0.08,16.740574
669.767,171.7876
99.467,3.5130374
19.894,82.6954
70.017,145.87515
20.234,31.570017
0.643,27.935139
17.157,45.075348
139.247,113.13696
19.107,41.759163
19.58,147.04465
40.973,23.885958
9.803,84.154305
40.523,69.363304
8.907,24.117096
20.146,109.06617
0.203,18.588572
380.997,195.97078
8.44,36.381386
0.36,121.39352
70.034,107.63221
1.8299999999999998,7.1677394
39.72,0.23727821
29.7,88.65448
0.03,39.449257
20.064,5.6431623
20.197,109.679634
20.18,0.692083
5.273,30.06237
10.28,8.2214775
509.96,220.54663
270.936,112.90429
1.0,31.526812
149.797,87.92408
29.757,36.789787
1290.82,557.45056
0.127,19.062881
1378.65,388.2673
19.97,23.891993
0.48299999999999993,27.050596
9.553,29.075699
0.61,50.40975
21.133,63.31474
58.846999999999994,164.86426
19.916,131.98544
50.686,28.516718
131.717,112.23209
10.347,22.279028
8.43,30.903236
433.467,939.4409
240.677,272.56998
10.594,79.0491
140.806,36.150387
0.173,16.242886
10.05,31.359262
0.36,15.134641
182.44,75.00328
0.876,6.281131
219.213,540.97375
19.427,51.707024
30.237,32.994625
119.89399999999999,35.367996
39.906,255.21715
99.34700000000001,79.5355
9.853,198.74648
7.053,7.0559173
0.267,240.86108
0.37700000000000006,0.09557797
39.713,64.187675
150.107,17.306759
47.56300000000001,55.47053
19.92,638.6522
10.89,32.999607
0.06,16.468166
9.497,82.812454
29.817,104.87326
9.53,54.506668
10.3,14.303948
39.353,193.38411
49.879999999999995,268.97098
59.895999999999994,48.079517
31.126000000000005,24.607569
29.424000000000003,62.351994
319.993,70.779945
7.097,34.65095
9.703,0.4443689
20.337,51.58575
51.954,14.715476
217.263,142.012
49.75699999999999,53.065006
5.067,16.572554
260.15,1923.2773
137.794,64.33054
29.79,81.08114
40.196,78.9145
130.71,95.325516
260.04,271.2725
19.85,274.04556
19.85,29.53158
969.9500000000002,37.808434
9.936,23.470587
9.19,20.781094
50.419999999999995,34.198334
8.953,0.9610197
10.38,26.737177
1169.977,403.0967
60.003,1095.6746
1.16,19.90684
9.386,17.739376
1258.843,478.9494
3380.5360000000005,871.0157
20.45,26.457577
123.026,19.477316
78.83,86.73483
40.127,110.19243
660.396,197.4475
3.8469999999999995,91.88424
20.536,33.88014
507.73999999999995,93.52436
922.693,856.8877
109.70700000000001,28.580608
40.216,0.0703122
9.904,56.923557
439.45400000000006,137.80519
19.556,58.297634
51.26299999999999,92.20351
90.477,69.702
390.943,129.93828
11.97,22.978918
19.323,49.056423
30.319999999999997,0.07530101
410.85699999999997,74.07187
0.0,21.401815
29.96,163.22159
99.847,88.57814
32.79,236.13362
9.554,113.07672
108.79299999999999,48.22853
18.897,60.934658
0.5,6.618451
0.64,28.187561
19.584,69.728485
19.304,51.325165
6111.283,337.6096
79.093,145.80247
270.52,62.0496
125.027,129.11101
9.996,36.544987
0.14,0.16365857
49.836,47.379143
0.546,61.887585
70.32,238.14622
221.27,108.20369
79.91,34.368687
9.727,143.2342
19.737,52.6886
49.767,26.484354
239.754,62.512848
9.466,36.68431
511.5659999999999,114.9066
1.613,17.218863
38.957,14.274102
110.096,26.511555
0.127,17.97216
19.887,13.530393
19.87,110.427475
0.563,67.069084
5.603,76.553894
0.03,37.132156
19.847,92.57975
19.727,16.389668
4651.81,653.69446
1.25,4.9192295
8.08,16.867434
17.647,73.61351
20.72,66.33142
29.620000000000005,82.93176
8346.184,4769.0576
10.267,25.448046
28.509999999999998,32.655415
119.633,120.47345
19.647,27.23108
20.4,57.07378
20.164,0.49853158
1.034,119.59875
1689.1329999999998,263.10352
0.093,54.51176
89.993,40.481525
55.15,255.20667
20.2,56.58244
19.943,46.155247
40.55,22.579605
129.577,102.34365
20.29,160.11087
40.203,325.62457
9.986,0.5788366
39.874,142.66515
0.687,24.654617
9.377,74.744415
831.646,343.86328
29.453,47.25571
420.743,44.02999
0.987,27.509693
0.25,35.438477
0.03,33.533943
18.51,21.053625
0.717,27.668331
8.127,6.9939966
11.033,24.31001
29.817,125.00945
59.57,147.12183
0.233,96.994934
40.53,1.0071142
50.50299999999999,45.86654
9.943,21.060127
19.783,66.1821
0.8330000000000001,174.68016
40.303,42.372143
9.297,23.006514
11.043,100.891975
0.267,7.980648
0.187,30.127134
10.22,50.08844
0.064,26.013758
250.72299999999998,116.611664
32.003,18.673925
10.337,45.418354
760.1,91.63543
10.24,18.65672
42.13,28.430962
12.172999999999998,23.903633
0.047,6.571176
9.78,98.217705
141.29,76.7789
9.003,79.21406
19.554,21.673544
50.156,152.18823
18.09,66.17182
0.0,24.625242
18.68,24.337948
581.34,970.57513
39.74,315.5507
0.0,14.511872
20.953,117.973564
6.7299999999999995,24.246635
20.85,1.9471242
78.56,38.561153
0.343,24.265549
492.167,128.98828
20.63,15.485813
8.91,20.763847
18.763,47.467453
49.36,152.43665
120.15999999999998,133.28554
20.903,76.44777
19.856,20.653399
421.18,524.2804
10.664,196.82898
21.01,54.259106
289.697,80.579155
0.047,207.19191
21.007,91.06638
18.807,134.28351
0.14,24.315573
20.52,15.644709
0.266,119.72889
0.267,25.368637
12.334000000000001,23.961126
20.11,83.437836
0.12300000000000001,17.961428
40.48,173.4959
51.87700000000001,73.40951
128.557,114.42307
69.077,419.95844
108.99399999999999,211.13283
9.09,37.21271
88.49,84.52485
59.9,134.07347
0.25,32.810658
11.03,73.63188
4761.33,327.04416
0.017,49.184345
0.203,16.87814
20.097,42.704372
8.897,16.172497
230.536,66.27428
20.86,27.517714
0.297,39.747154
19.753,87.4595
0.144,16.867065
1.007,71.99694
29.813000000000002,560.9391
89.956,45.794296
0.314,38.123
9.577,0.6117286
9.947,4.2622123
531.26,463.23444
10.784,6.2446303
9.936,120.314095
170.057,137.60081
120.29,84.69583
0.33,52.2073
20.234,14.88982
9.87,173.48169
9.54,0.14551021
0.064,22.540482
14.72,28.21374
580.047,162.3025
9.887,99.97025
29.220000000000002,69.09105
8.69,84.673035
0.173,39.204456
0.734,23.979307
20.324,3.9918761
11.674000000000001,24.250532
39.66,22.507975
9.98,356.16544
0.14,16.420454
20.13,25.549
8.833,0.041233487
18.61,48.985947
29.664,79.59162
0.063,164.88422
30.114,138.32219
29.704000000000004,77.25614
20.39,13.663709
9.92,0.03867046
320.47,272.73312
0.267,14.169511
6761.172999999999,932.7511
58.19,634.27185
10.057,18.105183
1503.137,805.54376
8.787,27.343721
269.91,212.52664
79.886,53.739758
80.116,94.64711
0.83,7.8038535
1393.18,1450.0007
90.097,301.7722
0.046000000000000006,41.906967
21.766,104.944534
9.386,41.06036
1000.653,25.96346
1.203,15.912712
1469.183,343.76236
0.156,25.989756
6.7170000000000005,6.9731917
8.9,15.451599
60.477,59.316856
18.84,129.47772
199.77999999999997,190.40779
10.074,17.145315
9.6,14.163404
10.823,61.656944
109.967,117.58001
0.427,83.98823
29.6,8.640644
7.904000000000001,114.69771
11.087,61.464203
490.093,93.904335
1835.0259999999998,1168.2393
0.563,39.307384
0.124,80.74946
0.767,33.53044
19.666,47.600975
228.967,103.884056
38.944,136.03917
41.703,14.107573
10.613,85.724335
50.06700000000001,129.04245
0.55,41.511177
0.903,45.77481
9.863,36.88534
0.267,0.2703687
29.29,28.217936
48.63000000000001,67.56132
39.966,43.06044
18.69,33.32087
0.814,57.227707
9.477,82.219536
10.55,131.49057
100.374,127.542625
1.423,51.318077
20.356,53.32309
0.16,27.76057
0.076,29.414938
28.963,34.080135
109.03700000000002,52.393784
0.5,104.498055
1722.897,410.90292
7.029999999999999,15.8503685
210.017,117.246925
49.633,41.17331
469.9630000000001,110.15244
99.953,30.25836
9.627,45.679924
50.413,134.42978
19.93,38.55866
18.186,49.136875
38.597,20.119799
50.55299999999999,149.57597
70.256,114.7849
20.31,56.706375
19.44,30.519793
0.093,72.66835
0.22,21.908587
0.707,39.554047
20.674,80.34208
10.167,131.36952
19.91,45.54784
143.66,1135.7584
9.667,18.995377
0.317,15.262583
1.097,23.246374
2240.073,619.0485
8.99,23.920238
20.71,18.485743
69.987,92.2566
20.923,33.68225
509.8759999999999,94.67757
79.323,50.904274
28.48,87.37426
0.72,29.684784
0.186,84.172646
19.913,883.01996
92.503,510.87653
10.353,86.60585
0.687,7.6451635
19.817,22.591072
20.337,111.81658
11.846999999999998,17.662277
41.807,19.485495
30.11,67.86058
1.093,18.471088
0.843,115.41768
740.014,46.92355
9.934,134.07574
9.933,14.947623
0.0,38.97644
24.627,690.2036
28.306,10.460326
10.95,27.838005
0.049999999999999996,0.88935566
0.907,28.809694
530.17,227.37303
0.53,8.841247
0.546,15.917718
39.213,36.133495
100.036,76.44631
19.727,44.420204
31.093,59.60803
140.124,46.190685
0.37700000000000006,31.77842
28.574,16.944483
487.393,292.5806
1.86,51.630707
20.63,115.36808
10.916,5.4741845
50.35600000000001,214.19113
39.85,15.484924
11.35,0.08556989
30.660000000000004,18.423834
159.737,558.0328
1523.2399999999998,244.8939
89.613,25.613295
9.31,21.6797
0.186,116.6886
9.54,0.3396228
29.923,20.527624
9.68,124.039635
9.88,68.44515
9.707,41.25107
10.457,22.73759
81.167,96.757324
0.186,23.696894
31.133000000000003,39.837467
0.093,0.848607
41.153,49.739426
199.46000000000004,28.437223
60.269999999999996,71.204544
8.243,0.9796953
40.137,31.554384
199.777,244.5041
370.063,349.63055
31.076,1.6373011
20.163,22.041382
190.717,629.0521
60.027,165.80661
18.976,42.900944
0.813,27.842106
109.94300000000001,348.7079
48.67,0.44436976
11.026,37.241688
559.843,95.50041
0.39300000000000007,29.241047
0.987,21.786142
1.004,6.8914394
20.41,24.892336
11.076,29.61809
1277.59,1238.0193
0.9140000000000001,40.49719
10.4,46.741505
118.886,58.80503
0.47,1.0820723
19.216,64.54177
10.4,22.058971
39.647,24.254427
5569.994,38.56073
8.317,269.48962
0.987,35.58159
40.574,199.77315
0.033,46.904892
0.327,220.46567
1261.86,91.705574
41.137,0.87077296
29.929999999999996,22.490677
38.127,0.7969532
57.944,84.81958
41.993,60.444683
9.903,13.45614
4.873,53.85098
0.174,85.286995
19.403,15.3006115
0.157,43.351776
1.287,15.37353
0.234,65.592285
8.857,5.4741845
887.943,718.8595
13272.81,114.668205
280.286,182.14856
0.55,306.0135
20.064,137.92726
9.984,57.080708
10.007,55.735806
1.047,24.589258
0.4570000000000001,78.62611
20.133,107.90483
31.580000000000002,25.456295
0.72,113.82899
50.783,15.056124
30.247,352.63882
21.133,405.10992
19.723,161.50206
10.466,341.966
19.873,10.512076
9.813,1.249334
28.857000000000003,39.710625
19.446,46.739544
379.71299999999997,72.342705
1164.467,71.130615
10.6,22.80579
0.063,86.90162
492.45699999999994,1208.1035
0.093,6.598037
230.83,235.02036
8.99,0.17812026
8.62,7.586893
0.063,18.967093
4.85,225.46048
155.51,1473.06
18.73,32.99288
10.067,121.49308
39.44,33.365105
0.36,16.87814
20.813,30.992413
100.80699999999999,39.39884
0.53,18.814947
29.733,64.54846
1105.05,742.83325
10.06,54.27585
8.836,23.434181
29.45,106.84128
0.38,157.66037
10.027,121.49308
0.546,51.44248
0.017,0.14005704
10.826,29.650072
259.584,5.7612143
8.91,0.86172223
70.226,3.8348784
9.313,31.84606
9.933,27.544783
8.737,51.816864
420.08699999999993,72.7657
40.16,32.412766
9.28,28.633583
19.997,21.65726
41.014,69.0713
19.427,21.846844
0.513,27.21743
8.79,62.70108
9.446,4.6978793
0.08,3.5447226
0.153,54.779404
10.26,113.10679
12.060000000000002,160.14229
148.863,33.548565
129.907,279.0398
11.2,67.121704
9.943,19.88566
29.536,60.143322
120.044,140.6858
9.6,15.64856
40.02,22.993423
108.83000000000001,103.31148
10.074,45.471107
329.954,356.3477
9.094,0.090023465
9.773,0.046470273
39.08,140.63094
0.093,50.472946
562.23,215.78035
869.043,1209.7396
1.923,77.699486
0.454,18.363028
282.177,77.51204
30.03,224.21753
9.763,39.588985
0.03,24.842667
40.206,236.7876
10.023,217.9424
202.38699999999997,1240.9055
0.48299999999999993,38.92637
11.12,27.646097
60.207,66.719215
217.467,37.95604
29.624,78.90127
91.207,41.41174
9.51,32.238842
6.733,32.810658
0.0,49.18136
20.317,59.544815
20.287,21.059338
9.65,5.872578
10.384,14.074671
20.617,85.029976
69.32,28.421125
19.833,70.14201
179.213,189.96933
19.97,16.29676
0.093,32.810658
550.91,92.69746
1230.637,229.73494
9.0,38.07573
26.313,70.10513
419.91299999999995,231.1445
13.406,17.35098
9.936,37.21271
0.297,33.220562
1098.667,41.15072
0.4570000000000001,52.90435
120.12,196.69606
70.053,152.23322
41.757,0.29681104
40.187,90.21849
51.663,77.07731
32.893,23.920887
9.607,22.639833
119.963,13.206926
11.123,87.88885
10.143,26.528683
259.233,80.10088
2.133,38.22631
11.297,18.79222
10.043,90.840294
1.013,27.372665
9.94,19.72968
0.204,44.55605
9.637,30.833511
0.034,54.111763
49.62,49.568634
36.513,117.43077
0.08,7.338823
10.957,21.736525
59.59400000000001,75.81101
10.997,61.09343
0.127,16.34314
70.35,537.8136
32.983,177.37946
0.533,40.866062
19.807,17.299181
10.95,57.82223
70.217,70.42805
0.326,15.199219
0.203,41.86995
130.584,556.02783
89.977,295.7916
20.683,67.78527
79.403,53.69212
20.17,46.071377
10.164,123.84059
21.314,1.519676
9.863,40.862907
1022.78,2220.0283
0.153,54.709732
9085.913,1475.8748
1.826,71.25956
0.406,22.90592
0.687,8.960777
20.083,14.017195
460.973,62.115227
0.10699999999999998,18.660412
0.204,20.45056
1181.314,196.27399
0.097,54.3551
11.14,4.0735297
9.62,21.568352
8.99,18.032589
40.646,74.7629
9.587,149.62312
12.534000000000002,30.415403
1277.706,821.4091
0.627,42.656364
0.283,45.46026
1.067,6.2101774
0.516,51.816864
0.0,25.991081
90.347,40.984432
91.853,377.87506
0.233,29.157116
0.403,34.808693
5.587,29.294983
9.933,23.553219
90.383,98.48284
611.467,353.83954
9.95,77.77602
0.203,1.3009577
40.066,86.4819
10.123,32.77564
28.903,83.96177
11.07,53.050983
9.023,28.526924
70.537,30.789703
1.616,142.59474
11.1,1.9547298
9.707,39.000557
0.076,57.235355
28.803999999999995,92.6594
40.493,20.056814
9.833,62.646557
9.75,32.6381
10.206,69.220955
25.8,1.2663045
190.91400000000002,73.84902
9.097,161.57283
149.677,106.201485
165.107,66.07198
40.067,34.641903
1910.0129999999997,468.37726
30.204,40.19731
0.106,19.579556
19.763,1157.5469
0.03,0.2244428
609.706,630.9979
0.283,18.872217
0.774,31.484547
29.724,12.398052
50.077,76.415924
1.034,45.399315
2300.56,887.51373
70.237,390.6301
0.204,47.87554
670.027,114.09577
40.92,68.34657
39.967,51.733253
148.083,50.726765
20.217,49.919117
20.407,35.85101
60.477,57.676003
0.567,6.4768176
10.12,25.046465
0.533,40.53305
30.763,69.75842
7.593000000000001,0.3878211
20.187,146.78645
18.89,95.961296
7.75,83.622826
1.16,27.231066
29.47,69.6026
0.173,629.2257
0.03,35.10126
10.223,203.64746
139.89,258.9376
0.0,29.188078
22.233,110.481064
10.387,122.85137
1.127,20.931786
0.047,27.882418
0.9700000000000001,26.836191
49.867,65.35922
0.25,24.085873
60.19,20.468122
40.017,7.9196696
10.39,20.010662
0.03,132.88257
999.203,495.0592
0.33,25.269535
10.193,26.191711
18.91,473.00345
18.727,22.769495
1.19,14.42277
0.12300000000000001,125.25987
10.88,108.70842
9.993,197.01659
9.28,32.417183
340.137,124.45043
29.845999999999997,222.81483
20.08,31.374989
0.10699999999999998,47.87554
0.9370000000000002,38.810814
38.99,19.354212
109.47300000000001,106.48585
0.296,39.988914
169.36,113.11708
2.597,0.29499036
8.973,24.625156
20.56,78.910484
228.65300000000002,123.48823
29.08,37.77707
0.25,34.420277
39.436,189.84775
69.987,1.2473696
0.013,23.696894
0.873,16.282816
19.737,145.28296
9.303,71.12422
1254.497,224.57347
41.133,80.98416
9.483,50.978455
39.113,70.1816
21.183,135.12485
39.744,172.15562
8.747,1.7128394
20.3,130.41815
1790.09,147.6814
0.204,5.820997
19.68,90.6916
40.827,142.61014
1.083,42.711334
179.84,311.05304
779.83,750.7007
9.21,66.53207
0.863,23.343697
0.156,4.3691072
9.337,286.52963
0.153,39.617645
19.92,15.285184
20.333,57.49351
10.7,109.65708
0.42300000000000004,16.996748
9.69,191.55385
40.08,154.6976
47.50699999999999,24.939117
0.063,65.61521
220.36,233.60954
9.737,14.862788
53.844,100.046196
0.4570000000000001,70.29075
8.694,110.801094
279.383,134.50339
0.53,36.414158
0.187,15.994371
11.487,37.921383
230.20299999999997,178.96808
4.697,76.18414
309.307,81.88327
10.23,28.239302
10.297,22.390045
8.396,29.4924
1.064,17.47307
150.29,161.99138
7.237,16.406513
29.25,62.9945
0.12300000000000001,1.8579556
0.39300000000000007,16.365217
9.993,119.24267
306.174,63.486717
0.19,2.4994464
4.517,23.960333
0.14,89.66066
21.91,116.10992
22.067,18.575174
9.4,15.134496
30.157,58.70675
50.67,103.27222
29.676999999999996,94.18518
28.657,18.254677
20.356,93.53709
3519.94,24.340439
2520.657,595.0137
14.829999999999998,58.96713
22.213,635.3345
161.773,111.93474
100.07,5.45606
9.107,20.021318
0.217,0.024517016
19.75,17.87273
98.86,168.95123
219.64,356.2
559.853,74.77345
20.963,85.578636
11.133,99.97035
0.58,23.709364
219.65,95.7199
20.647,54.22653
10.323,0.2560352
10.76,19.838404
0.187,20.721098
79.747,178.37231
19.947,71.524315
29.465999999999998,15.178842
40.187,0.1217624
231.59,496.4331
38.457,70.72836
10.36,17.935421
21.64,0.3877235
150.546,42.927258
156.783,61.51873
20.22,240.2469
10.25,130.97368
16.96,42.187828
39.787,133.03923
9.867,129.57562
79.894,18.52097
10.986,31.173561
19.15,26.731142
60.10300000000001,97.12939
609.92,189.04169
684.453,336.47122
20.32,63.27715
90.197,110.425674
9.953,22.219807
1.093,176.41556
20.053,123.78199
119.63,85.46638
79.903,40.831577
8.806,42.566418
629.66,640.3493
40.707,57.41328
0.5,17.958508
110.37,143.95041
0.203,23.444244
1.016,52.650356
439.576,64.97014
0.564,16.944305
30.393,146.09402
8.58,2.9165998
0.12300000000000001,48.6041
29.923,185.5222
9.407,26.454872
9.5,39.068027
0.047,67.45887
1.343,50.61285
1.186,76.114944
2712.784,393.78162
10.45,1.0446048
861.3499999999999,101.41786
80.276,50.59139
10.61,15.412523
0.813,29.059364
10.487,32.079273
9.753,37.21386
10.664,21.032562
290.26,50.068966
9.656,3.8028684
170.28,1008.0794
10.894,132.59023
63.396,44.726566
0.17,6.14695
0.767,16.798574
8.054,92.82952
0.343,0.50625277
19.78,122.15823
69.36,118.887566
19.287,17.24411
58.604,88.84275
1.11,20.111338
290.35,242.50238
1339.96,204.483
21.423,0.12595601
1.11,126.84219
70.03,48.72389
11.707,70.67342
277.706,176.69972
48.660000000000004,40.005985
20.177,10.512076
350.64,136.18172
19.873,21.053625
128.98,87.5884
9.093,44.55605
29.657,145.4367
4894.194,2114.8503
48.086999999999996,14.851852
19.856,564.46155
0.673,76.01945
10.673,160.37221
223.407,64.46488
1.127,44.186558
59.85999999999999,253.28012
50.25300000000001,32.82872
29.293,49.239132
9.774,23.776354
0.077,34.70354
661.706,214.82254
20.877,88.04301
260.386,293.34988
0.203,15.257145
23.13,69.85118
10.023,59.491833
40.054,16.342909
10.067,18.79222
8.54,19.244553
120.013,89.23173
8.9,23.662401
9.744,16.172123
0.03,23.479494
33.716,48.55091
10.193,41.23518
39.867,19.041636
0.046000000000000006,14.80362
9.983,25.029161
251.54,216.10684
8.76,0.1865513
520.157,306.16397
31.053,156.11232
144.327,141.22508
9.61,58.70195
29.773,155.92221
190.62700000000004,346.57535
0.22,16.958986
0.203,71.79829
20.053,45.54299
8.447,22.279028
24.593000000000004,141.50566
13.217,40.862514
0.08,84.56299
9.6,7.7038665
0.37299999999999994,113.98216
19.627,98.78214
9.34,16.068108
9.32,29.663599
0.11,19.47953
19.917,78.14704
18.546,47.04932
189.594,264.50238
38.447,15.563366
19.937,161.84656
48.35,76.583824
40.273,49.643154
10.17,783.3368
11.05,30.06237
264.947,347.56033
548.597,181.77014
0.39,0.9236758
6.206999999999999,0.4511962
0.5,92.4086
2008.167,207.06189
8.667,27.567358
0.0,217.48389
9.623,23.01816
19.977,22.145344
23.42,85.83292
100.90700000000001,137.48906
140.41,214.2526
70.293,87.90136
1.7840000000000003,253.47464
29.86,94.740944
156.2,1044.6051
0.097,171.68576
39.403,16.530018
1715.0169999999998,968.9263
8.597,36.248894
7.944000000000001,17.024897
59.967,23.0787
170.003,27.449736
9.723,23.209023
1.3,15.67185
49.489999999999995,46.19484
38.64,107.55461
89.91,42.880127
270.027,25.317741
59.553,78.57963
8.06,37.123383
61.313,16.334433
10.453,23.435534
40.747,70.73913
9.96,17.618107
0.24,13.301533
10.164,141.37608
4838.253,187.35272
8.627,46.376152
477.603,368.05136
580.926,154.73488
18.807,295.6999
129.773,151.66885
0.127,16.939526
30.76,110.65097
8.867,275.49472
0.017,17.460117
8.524,24.625242
976.0769999999999,1304.2662
10.397,25.815956
9.563,41.62906
19.843,2.2198336
9.25,57.731564
40.936,64.80906
2.627,97.153564
439.6600000000001,952.2723
49.363,14.894449
0.69,40.24672
20.743,35.317715
10.4,28.528639
10.16,5.6898255
19.753,0.3227991
1.67,369.2861
7.93,33.41067
0.296,23.531595
0.296,37.21386
1.876,42.69955
0.657,70.729744
0.547,128.95255
18.23,71.90589
29.953,19.322456
0.11,50.48195
9.19,0.016553417
19.366,83.47394
19.47,28.270996
0.217,15.302682
439.897,45.536926
9.89,41.74111
20.0,137.32178
20.47,15.74556
150.147,111.866
9.64,24.778826
0.034,27.21743
210.17700000000002,196.96545
9.897,40.786076
10.216,85.02155
10.127,53.6787
1.016,16.142534
0.52,1.0197513
547.527,140.40565
0.094,14.416365
10.95,31.533463
350.09,102.53544
60.269999999999996,28.249107
0.046000000000000006,60.058258
0.567,47.40057
79.243,284.62726
249.386,204.80597
0.157,34.989048
59.89399999999999,48.58987
19.713,17.35098
69.717,382.86563
20.22,46.21447
370.89700000000005,207.2812
139.773,108.65522
19.647,20.412766
19.99,79.63917
0.126,63.90084
9.02,278.3751
0.346,28.013702
1.423,176.3321
50.323,585.79364
2119.66,202.74731
59.35,111.64171
1070.623,68.043396
231.60000000000002,102.21399
69.193,53.694218
9.48,29.949705
10.393,30.975271
20.73,35.03474
20.724,83.66741
10.54,71.203186
10.313,84.897606
7.944000000000001,87.0582
29.764,65.908615
0.577,59.827377
0.593,17.693758
49.036,29.70558
21.07,340.83835
10.22,30.599133
0.89,25.660189
49.04,18.072807
0.013,176.08716
18.197,21.720697
117.363,65.902214
976.954,595.72516
70.0,459.88055
0.67,59.145775
0.12300000000000001,17.70755
9.387,34.295628
129.983,49.53235
0.157,32.575157
75.346,339.53256
261.977,100.99419
29.897000000000002,71.57779
27.800000000000004,20.61298
1538.927,365.6237
69.463,40.206413
9.673,16.406359
0.907,54.066883
30.36,271.43307
9.51,28.187586
21.034,351.96783
6.360000000000001,0.36014917
20.06,52.679005
19.207,265.0958
0.267,46.225037
9.823,87.908516
20.166,74.23784
227.92,95.971405
0.017,17.828876
0.8460000000000001,42.969204
30.75,63.59942
10.274,142.93602
9.344,31.864916
30.383,146.51828
10.8,181.28761
19.064,79.093605
9.93,18.594831
0.254,57.34832
0.22,13.694553
19.1,66.767944
9.963,49.257004
38.937,31.299818
31.517,104.49736
30.29,125.71456
0.14,32.73947
1160.68,280.04324
79.936,626.3627
10.44,163.06631
140.12,143.14722
17.787,67.27097
31.907,15.30884
39.377,43.295097
879.853,234.61684
0.063,37.9145
9.11,24.498531
19.587,3.6207168
60.407,109.63071
38.814,214.01927
0.093,6.571176
10.014,16.03211
0.097,66.39077
39.834,31.419847
30.043,94.47198
0.436,18.64865
0.69,54.536312
9.85,145.38535
0.7369999999999999,48.098057
439.333,176.64769
53.054,37.241688
31.17,26.811886
8.423,186.07251
9.777,5.4468274
0.0,213.09146
10.337,44.012016
40.06,39.181267
9.72,55.577183
16.873,37.852467
0.347,652.45825
0.19,85.43256
20.227,67.631744
9.604,53.649292
8.943,30.01032
310.207,80.4083
130.667,864.5172
30.673,40.104614
59.68999999999999,40.399445
0.517,18.660412
349.837,96.40065
30.467,127.452835
1.076,52.61037
119.85699999999999,21.15264
9.247,17.35098
39.703,121.55233
18.627,261.70938
9.147,132.2661
89.003,101.730545
20.03,56.268265
59.980000000000004,238.0447
91.413,435.3946
0.593,0.022715732
10.567,41.906967
9.57,31.664959
10.94,31.491192
20.573,21.927937
186.3,69.837105
10.054,41.07116
0.23699999999999996,123.68594
29.81,47.420834
209.45999999999998,17.603601
0.12300000000000001,42.014416
108.717,28.627876
40.966,120.54635
0.12300000000000001,117.60489
0.81,17.832596
69.736,0.50181127
151.066,373.91833
19.373,24.169426
2.39,33.91173
9.337,35.289658
130.27,72.20554
18.246,18.594831
58.873,347.5561
2.377,32.370716
100.05,164.58612
18.217,107.656395
40.32,45.193607
9.597,18.399527
8.554,15.807935
30.650000000000002,10.293458
90.077,41.077614
180.6,211.33247
9.117,28.062777
19.047,24.219772
19.113,34.631657
8.78,24.381413
278.996,101.03562
10.043,132.07549
0.077,18.077372
0.126,7.557939
10.75,40.392708
38.61,224.58856
10.786,38.4196
51.397,148.02058
59.843,29.944443
1.393,130.65546
10.273,88.2453
9.89,17.39779
33.917,57.34832
19.667,19.309883
5.027,29.288952
299.876,73.671616
0.11,0.46820685
1130.037,85.92536
40.284,37.310177
0.296,18.397072
250.17299999999997,71.403076
19.643,46.8328
39.893,26.946196
0.12300000000000001,38.239315
10.217,54.948444
7.813,22.845018
10.643,0.28581905
0.11,18.62201
80.4,22.412712
0.37700000000000006,40.311504
9.187,20.354822
0.327,18.530659
70.11,25.791224
100.39,80.05434
9.213,37.614517
60.12,13.311238
0.25,15.558501
45.243,35.460365
0.454,36.381386
11.426,151.97005
100.12,110.47287
39.88,48.855873
78.83,90.709045
89.863,45.119522
0.144,24.18306
19.53,67.2826
19.577,106.60422
50.166999999999994,16.335827
0.484,46.690144
0.92,43.675533
184.17,88.28163
27.407,46.371723
9.063,52.29578
11.554,21.786142
0.283,14.599328
10.63,68.9098
30.53,140.96477
9.914,41.964943
759.9870000000001,67.132965
20.953,119.03559
11.984,167.86171
13749.437000000002,1518.9355
0.673,0.18071692
339.843,1697.2397
10.537,7.336892
101.23699999999998,179.6381
33.393,41.712
170.297,169.80348
0.173,0.050852112
40.12,175.72916
0.11,17.958508
949.97,397.05255
9.07,46.90308
9.543,68.9098
40.14,72.75305
69.023,34.180542
298.63,47.97412
0.11,16.360725
40.01,89.40541
20.47,15.998129
60.01,102.66624
16.58,25.358633
148.946,308.9245
0.08,31.081995
659.204,575.92236
21.073,90.727135
140.024,134.11894
121.277,162.71117
376.3299999999999,270.49173
20.503,16.365093
11.43,18.644192
0.157,28.801529
8.96,46.654205
211.63000000000002,137.47281
10.163,21.330416
18.29,177.54764
79.43,264.46375
0.263,57.235355
1.19,116.70228
179.78,451.48532
8.724,56.829582
330.25,214.72456
40.043,77.29609
18.827,47.36701
367.364,54.217598
9.58,27.882442
18.58,25.376102
19.06,20.844942
28.367000000000004,141.2467
11.083,10.023147
31.44,62.15563
9.757,30.415403
5.547,49.717728
9.566,0.3590025
9.017,113.07672
36.54,13.216321
29.773,39.711002
0.03,17.473686
33.697,147.937
7.423,69.76671
19.383,105.49186
31.087,75.99882
29.120000000000005,117.804665
0.407,18.872217
10.797,15.387487
18.954,20.241522
7.983,18.998322
39.73,203.41862
59.31999999999999,59.31259
0.094,44.55605
9.847,54.177895
0.187,0.025605347
10.463,39.24475
99.903,273.94202
8.14,43.83501
0.563,34.286095
0.28,44.881268
179.84,250.95107
7.926,31.402336
18.98,0.015423301
40.516,37.108635
29.963,66.164825
99.98,38.348637
2632.96,319.21002
0.61,49.990257
61.023,108.29042
449.7559999999999,270.07858
18.693,22.257017
69.96,81.01851
580.203,60.078575
0.25,79.12588
29.213000000000005,80.0861
0.513,16.160194
9.34,7.51263
7.15,84.15303
0.19999999999999998,26.902994
9.826,14.885649
9.083,56.05588
231.686,25.374416
49.814,174.09978
110.644,39.66766
9.687,3.440091
1064.84,466.96103
20.1,49.45208
7.297,36.803185
8.11,16.351828
1359.994,61.168385
1560.49,237.66788
0.5,92.143135
20.287,0.3174523
0.063,7.586893
149.816,107.656395
39.533,126.13057
10.606,54.377163
16.843,7.1396213
24.437,26.015442
30.003,31.696093
59.723,41.61736
19.95,36.280308
0.046000000000000006,24.71676
270.034,21.360828
12.455999999999998,51.659584
18.98,132.86714
40.2,63.867798
10.147,31.285084
0.216,23.444244
90.117,22.311655
40.183,6.277873
40.01,91.90349
0.33,40.568256
680.37,378.8641
0.42300000000000004,83.84516
1.037,35.5677
120.83599999999998,18.410666
181.123,55.75513
12.693999999999999,6.0616536
9.92,18.544237
0.4570000000000001,6.4768176
20.393,144.3216
98.964,2.550127
49.877,90.09333
0.013,34.612274
19.07,91.67612
109.344,73.5082
9.307,17.768969
389.85699999999997,151.74036
89.946,28.287075
400.13,201.66063
90.86,50.042877
9.377,37.004166
0.047,171.94412
1.017,17.603298
1189.797,100.77371
19.917,89.89399
0.153,27.052452
0.533,59.492996
180.0,66.240486
248.877,108.26611
19.94,37.336708
8.964,13.301533
0.43699999999999994,35.82823
19.49,27.50358
10.653,9.310878
10.447,21.59312
0.03,50.29661
90.134,99.255905
19.08,32.26237
48.626999999999995,102.02969
108.627,17.648703
9.44,41.151352
36.077,73.5914
488.216,3612.4065
379.127,54.372555
10.137,31.425297
120.19299999999998,119.13132
0.063,15.888239
10.016,17.097849
123.11300000000001,2.1599805
0.844,6.233933
409.797,95.41292
99.613,91.54319
19.52,204.43668
20.94,42.40233
0.156,43.978317
9.563,128.28487
60.87599999999999,252.48392
10.493,120.20209
0.37700000000000006,34.792988
0.577,27.29638
143.07,420.38425
9.726,87.20675
20.37,145.5844
0.11,42.452984
90.17,59.62974
1.097,22.37557
18.907,0.010056198
519.583,232.04002
0.0,5.454988
210.336,76.24767
18.57,15.119786
10.48,167.91885
0.11,17.651672
18.967,19.181839
10.9,0.42995614
0.016,108.622246
230.147,114.46465
11.656999999999998,28.455412
40.184,26.996634
210.71300000000002,96.2493
52.3,64.37194
5.930000000000001,94.7435
0.047,28.914713
1.093,19.90684
13.124,14.96171
19.007,36.76687
10.174,33.83598
0.0,18.891647
79.343,63.19931
19.887,39.459255
31.007000000000005,49.00124
0.204,31.01419
39.166,58.831886
11.287,20.174358
294.447,267.76157
30.207,19.057625
7.73,29.835451
9.057,24.433842
9.624,21.763288
69.067,112.35929
0.203,14.579907
9.626,20.643724
19.907,85.84451
30.540000000000003,177.01868
30.703,111.29287
1271.567,537.1492
410.71299999999997,416.963
89.443,62.671593
70.644,35.648823
9.493,16.821276
0.45299999999999996,38.345646
10.436,20.205626
19.734,98.100395
21.06,309.01276
40.337,169.6979
79.197,256.46085
10.25,0.22843908
0.487,41.08345
39.63,54.423923
160.326,365.66956
17.597,42.128727
9.603,47.3357
29.63,113.841896
9.73,3.1536288
449.56,1894.6091
1.267,37.826252
20.903,25.59044
49.247,66.17182
60.327,50.88353
10.28,58.629
11.05,0.62950927
89.95,277.6321
20.33,74.390396
0.08,6.3311
71.763,65.5369
59.956,120.175804
20.467,56.58691
1.69,85.32512
9.39,18.341593
49.89,34.55374
8.37,109.49308
1947.724,448.61127
34.68,58.629
9.683,1.4556816
99.64,28.894516
1109.774,194.48494
9.453,123.641846
9.947,60.953228
9.444,18.333324
0.22,394.99832
69.91,41.75706
1.156,11.53946
859.623,40.671246
570.533,396.38385
40.267,18.411196
254.794,101.19617
129.974,180.8274
54.423,132.70293
600.88,90.12121
20.243,166.50888
40.217,27.858562
49.85999999999999,83.071175
20.313,115.6369
29.52,41.38882
0.593,54.850307
51.323,68.90021
19.22,49.534473
70.463,229.42072
90.54,47.953175
1.174,18.34056
19.823,86.76432
19.993,55.187454
0.093,0.0271851
20.603,174.77205
1.16,0.06697704
0.013,17.018305
6.022999999999999,61.86216
9.77,37.635746
1.357,236.54002
10.66,24.848833
1.0,31.425297
39.753,10.306832
30.977,123.72231
19.597,130.98117
11.223,140.29976
8.157,6.318568
0.11,38.32143
3.176,23.169388
259.793,174.73468
31.739999999999995,0.32793805
109.797,123.82157
10.677,84.28627
2.093,13.443702
9.21,28.075937
8.0,59.32496
10.27,33.136757
158.24,22.703316
130.103,119.156876
0.656,52.972363
10.14,181.86427
0.964,53.802246
20.727,39.068714
740.194,815.98987
17.82,27.277256
59.95000000000001,118.84358
50.11,106.22202
0.046000000000000006,46.820774
81.4,128.47424
0.047,24.31
959.937,20.441685
0.594,14.303948
20.137,52.147728
290.103,241.38593
18.294,25.889153
19.266,62.76651
0.11,48.066402
0.11,26.980993
19.137,0.08014757
30.86,88.395874
19.72,67.1814
18.973,203.04752
89.803,9.286515
9.767,37.4261
552.636,302.89185
117.94,188.52507
0.157,170.4306
749.407,388.85532
18.017,66.51566
0.11,30.459482
10.78,7.7038665
57.21999999999999,282.28546
79.61,41.709972
240.007,407.68588
0.127,15.554821
8.973,23.322237
399.623,141.30177
9.76,53.19802
40.07,15.709576
0.45,27.466734
19.85,40.321625
12.663,112.5644
0.533,141.66972
0.077,28.717459
8.87,27.751575
252.04000000000002,205.8982
70.1,30.018202
1454.293,478.00986
20.283,23.279324
0.187,17.846212
89.373,56.70456
50.27000000000001,140.70422
2.063,7.8226576
78.574,47.32303
80.034,61.45508
669.506,361.74252
0.46,0.32555982
10.967,73.086235
9780.79,253.62616
70.046,83.89522
731.243,553.8949
18.98,38.04701
1151.653,373.5664
10.593,17.873812
0.436,24.523369
8.543,24.970781
9.63,18.36525
15.023,297.71082
29.25,23.08541
19.993,15.10371
9.027,121.84491
20.64,127.207
0.424,121.60332
130.717,146.49638
20.633,73.10169
10.077,41.527367
9.21,52.04723
12.207,36.803185
801.167,771.5607
0.017,27.266638
19.05,11.400227
20.706,29.328215
9.673,68.53643
27.236,71.03859
29.927,37.705566
8.337,30.36136
10.214,36.326633
9.383,27.109802
90.997,158.69006
0.22,36.5661
30.133999999999997,4.7360315
106.51999999999998,109.15997
40.106,4.6359324
59.96,68.111595
10.687,17.152271
10.446,38.0158
90.907,258.41928
9.903,52.06323
8.8,18.471088
0.216,6.082521
79.994,152.2032
29.037,83.009605
20.454,103.78806
60.16,1209.9769
0.10699999999999998,42.826797
0.64,37.07972
14.6,39.94687
0.8600000000000001,61.255867
1.05,186.19328
39.823,71.524315
19.517,49.665073
9.903,15.549721
10.08,24.051275
150.16,780.5176
1.203,22.058971
0.94,13.247545
189.077,403.84232
10.24,13.741349
9.217,0.9032226
360.51,155.86473
19.927,61.353683
18.953,351.96802
0.733,38.663902
19.697,90.08359
8.69,22.769495
0.533,26.26905
10.213,15.287633
0.326,16.420454
19.973,161.01582
7.727,65.1219
209.043,201.98904
8.993,21.668173
0.81,46.700237
0.25,74.75161
10.726,275.49472
30.297,50.947575
9.214,0.3168981
9.823,0.2640498
1.424,48.15312
1.016,17.605648
30.07,19.88566
10.724,78.46551
19.66,154.13821
217.436,271.86438
10.473,33.43682
161.917,74.92367
0.03,18.385496
29.757,210.9942
11.377,93.043915
29.617,39.4151
109.23599999999999,112.82155
420.253,350.47586
9.4,27.61439
25.837000000000003,57.38343
9.4,16.254642
139.83,0.41830865
9.346,22.875418
9.903,74.908356
20.303,81.99401
30.597,47.044235
40.617,86.76726
17.843,17.420006
21.13,33.95408
8.317,18.031212
9.64,33.142773
0.9700000000000001,22.888348
12.433,132.6259
6.977,44.9114
199.30399999999997,304.74164
1.513,15.217136
0.47,114.69771
33.813,35.228462
19.86,129.07886
0.06,45.73077
10.517,63.62468
8.803,117.23763
28.339999999999996,41.83049
89.37,64.270035
470.073,24.676867
9.544,29.4924
619.61,484.16595
0.08,31.09735
10.114,56.54615
9.01,23.41334
0.334,29.796349
39.97,192.38766
30.553,43.99554
19.654,143.47835
29.933,109.01176
299.057,49.673145
1.064,23.453466
50.22999999999999,84.646996
8.946,52.805565
2330.32,186.07559
19.913,120.94102
9.39,19.95098
20.016,259.29456
31.516,50.67132
19.123,62.1111
19.26,35.648823
9.817,62.3436
75.967,617.1981
0.063,57.058994
50.02,51.115807
28.75,76.99702
19.33,135.44159
0.267,0.3115849
119.89299999999999,55.094746
11.593,16.337196
9.14,40.0074
40.563,52.201904
0.624,18.814947
9.954,20.520716
1.03,21.6037
19.776,52.027832
18.38,38.620083
6.696000000000001,110.2113
19.543,117.727684
39.797,77.905235
8.72,19.549086
169.547,75.69702
19.363,2.4994464
9.27,7.9737096
71.747,70.16762
0.046000000000000006,16.172497
8.653,0.021508347
8.933,83.75649
0.0,15.791201
20.06,52.056927
20.294,4.0172777
1603.44,3025.227
11.803,46.931824
26.386000000000003,25.06433
128.027,129.8497
31.013,27.919888
20.884,32.928673
38.76,19.295704
1.033,49.943386
0.034,6.4768176
0.287,14.653428
9.626,15.91995
0.92,33.455498
20.68,14.493898
100.39,35.892994
250.28600000000003,128.67651
11.507,1.3394451
0.233,34.231148
19.51,13.593596
230.01300000000003,81.23346
958.696,332.48804
30.380000000000003,17.54678
10.526,17.508799
1139.94,97.528244
59.81600000000001,27.563847
816.097,302.15054
19.89,5.2198467
24.48,81.5283
160.496,211.81133
38.423,14.414002
20.09,109.06617
19.543,106.132805
20.307,120.463135
9.124,44.318146
10.083,25.672455
139.387,81.23751
0.064,20.315044
11.193,72.69592
11.44,23.220892
0.173,21.52916
30.013,797.34875
59.444,55.706142
0.017,18.554598
8.963,6.245237
0.664,14.899649
20.217,113.05338
71.787,49.239132
9.88,21.545406
11.246,30.415403
209.307,107.5121
410.41700000000003,1137.2897
1560.193,1073.7717
9.47,35.693996
160.387,340.8729
0.39300000000000007,20.882212
2.553,22.845018
10.747,48.543674
8.767,39.711002
9.953,82.812454
69.547,55.014355
5.087,15.888239
51.04,88.283775
4.643,30.459482
19.02,170.30266
120.97699999999999,42.306038
9.78,116.820175
40.304,31.421324
70.277,37.70381
0.7499999999999999,40.24674
6.667,35.350307
620.014,473.90576
19.356,220.68883
20.187,27.79945
20.237,39.867413
20.1,32.41043
19.77,0.38329053
0.363,2.5415468
8.93,26.343836
1.174,17.051443
111.083,110.62822
9.906,44.93317
51.14,135.35262
378.736,502.04712
423.7,94.59988
22.516,57.12262
0.513,18.701733
1.053,0.17581257
1.25,33.455498
0.23699999999999996,68.589966
0.9569999999999999,21.102459
9.054,63.98403
115.36700000000002,123.20429
10.493,22.868288
19.96,120.49351
10.244,42.748158
356.604,139.32909
8.074,27.366512
0.283,17.207153
18.733,39.00706
10.48,36.61537
0.017,38.024265
19.403,0.10413807
9.767,23.98174
1.577,33.88156
20.147,12.393654
0.28,24.005919
0.834,20.508886
10.25,43.978317
6.677,13.577278
7.583,15.0510845
30.037,0.4925647
10.15,42.08034
19.64,112.867714
9.913,19.012749
0.326,21.33843
49.34000000000001,202.22057
10.473,24.228348
20.526,94.56363
2.737,8.909132
89.457,165.88928
8.263,2.5191495
429.743,79.96856
8.924,123.33879
8.806,161.54588
9.013,19.041155
8.637,47.4952
29.406000000000002,217.75798
0.076,20.237566
8.626,32.111206
40.904,158.22122
869.5869999999999,130.61874
9.823,13.61762
118.733,125.38401
0.22,17.713223
6.109999999999999,29.223719
310.823,81.88386
10.873,1.3482958
89.627,74.350464
10.737,28.955551
10.39,41.08345
0.11,0.16365826
420.277,956.1723
0.03,15.211365
0.36,6.318568
20.15,33.879383
30.067000000000004,499.8398
0.127,28.85541
10.433,41.14378
20.49,171.46478
0.254,5.454988
0.03,68.54416
0.37299999999999994,213.94707
2.08,93.85532
238.903,337.39517
69.633,0.0212139
540.167,229.10588
10.007,114.08433
9.023,164.88422
8.46,4.2089305
105.536,63.002007
1396.876,360.35098
21.2,116.32462
9.476,27.030851
18.903,180.3586
108.95,0.17804419
0.517,14.653428
18.007,66.36647
61.987,125.10653
49.874,281.71295
0.0,0.07965427
20.127,133.94711
279.82,36.097153
71.066,75.73508
0.567,28.64641
0.3,48.306038
0.69,32.577175
779.49,533.34216
0.84,24.112589
10.733,38.41898
240.397,299.3002
10.12,31.926138
60.983,25.318056
139.117,64.53187
19.843,28.06135
112.263,163.46712
16.823,22.054188
15193.506,126.84822
0.064,8.25299
10.067,37.612125
18.363,0.024517016
20.963,27.156265
109.893,32.299538
19.547,37.612125
0.157,23.729439
629.614,22.196964
19.097,16.91439
11.146,91.84369
19.733,11.35995
249.967,74.73348
9.78,35.704712
330.044,334.51712
39.873,65.714264
21.65,0.15208411
19.93,32.15478
3.32,0.12132335
29.254,38.355255
0.22,41.10009
19.367,25.38908
39.253,25.625687
0.203,39.01516
29.654,202.58836
51.39999999999999,113.300385
0.313,44.60783
0.37700000000000006,23.180256
9.883,59.827377
9.73,6.456716
0.063,262.92896
19.834,44.13394
0.336,48.9085
18.743,15.968942
717.75,1183.6508
0.873,22.48163
452.7300000000001,178.66006
19.683,33.57625
9.684,130.74606
0.47,35.004852
40.023,38.749138
200.15300000000002,1663.0363
19.82,68.39824
0.174,27.751575
9.09,132.59023
230.476,39.88858
0.577,18.363028
6.934,27.935139
0.064,33.486786
9.917,33.89099
19.34,69.363304
509.843,372.6538
1.0,12.59438
0.283,49.482903
9.984,84.27512
0.89,37.70661
20.287,47.807472
109.97699999999999,206.87627
564.533,970.76166
0.45299999999999996,18.27081
9.997,92.96182
89.986,19.229544
0.063,0.015423301
0.093,0.07116423
0.66,5.06674
0.723,26.778366
0.716,50.214203
10.387,17.426252
29.757,33.066475
0.0,13.530393
0.53,18.652239
9.743,13.219721
9.407,22.70608
0.174,49.427757
10.453,74.3114
17.373,59.504704
29.937,55.446026
129.963,180.57375
1681.5970000000002,115.397
299.104,68.69525
10.627,26.743013
80.067,93.40635
20.314,31.973177
19.904,17.116964
40.88,66.7495
9.99,171.81757
138.317,77.751724
9.883,17.819544
19.017,21.053625
138.26,57.65501
0.267,42.289513
0.36,6.30606
279.727,133.32242
9.623,18.085308
69.857,171.06697
0.564,38.596756
79.49,196.89308
3507.944,2053.1526
169.967,142.12784
7.033,80.8649
490.683,9.271456
10.9,38.880238
4.687,113.10679
0.046000000000000006,58.004932
30.026,148.05309
29.47,89.453674
210.18,5.0280046
0.203,6.9731917
31.013,115.6369
0.22,49.515392
101.627,32.253796
21.256,0.33936837
9.523,76.886826
270.286,32.07536
109.57000000000001,62.40538
9.813,21.114817
9.797,164.15773
1.296,55.19732
8.023,22.09481
10.45,6.406818
19.923,1.8184415
19.894,77.32439
340.076,412.72824
590.216,375.4161
9.57,1.6980202
14.393999999999998,52.848118
89.523,17.852482
9.764,38.958336
19.684,79.82468
112.07600000000001,218.31444
10.093,44.06436
10.297,13.219721
9.7,65.31302
30.13,0.061683677
1.11,28.013702
9.51,4.044747
20.287,0.00944741
73.09,12.473576
15.403,22.340946
0.34,0.049470272
9.884,58.004932
0.23599999999999996,18.672207
830.713,115.34683
28.92,46.61876
80.177,38.78708
1667.837,172.10097
24.670000000000005,349.89328
19.844,57.716583
40.61,52.250813
0.284,23.53133
30.003,146.8749
0.363,173.86562
19.767,27.238504
9.717,62.58802
290.84,122.1951
19.347,82.86988
0.0,24.04988
39.54,32.05438
20.03,32.62272
4794.98,742.4073
18.937,116.06724
0.644,6.742318
0.343,40.931805
19.56,19.27437
9.08,44.494644
19.18,5.308817
10.223,72.66837
19.586,23.14197
9.763,54.023643
50.173,161.12396
30.093000000000004,4.1250815
29.903,112.7628
0.08,23.377275
160.167,310.0724
202.42000000000002,1.6373011
1138.63,549.08527
350.67,89.793076
0.817,33.993786
192.11,55.66272
10.147,121.14816
20.78,50.96675
8.73,0.036672287
9.67,209.3547
0.47,14.674121
40.3,55.41239
349.65,49.934296
49.636,296.55798
149.957,157.08214
309.9,119.90256
10.453,22.257017
0.42300000000000004,37.81895
1.0,19.010212
501.04,764.6165
19.38,39.01739
10.996,23.61
0.343,35.336628
0.983,15.302682
874.857,646.0445
140.133,65.43261
16.823,294.00607
4.5,19.671007
10.223,87.95329
19.464,0.049127996
40.7,64.80453
0.064,16.2871
20.027,27.246733
150.213,247.9651
10.167,7.338823
121.59000000000002,46.58897
0.14,6.8051248
0.707,31.267159
39.554,33.51487
0.174,23.531595
9.707,41.276424
20.907,23.920887
54.147,184.5199
19.443,219.99234
1.533,19.244543
0.487,67.27097
0.06,48.64548
19.22,41.533966
19.884,19.89228
40.316,45.889927
90.136,272.75305
9.583,18.347084
9.196,6.281131
264.163,103.19664
9.75,205.69145
59.79299999999999,52.99766
20.6,40.403027
89.427,51.60548
29.733,186.3132
10.927,18.155104
584.29,75.03454
19.78,185.01018
3056.7830000000004,3.3124797e-25
10.573,49.45409
19.717,28.914713
160.13,139.89233
10.156,109.97181
313.693,127.074745
16.65,1.8237838
474.46,1135.7051
59.507000000000005,139.56323
9.854,14.694294
10.0,46.48158
10.466,108.57904
0.049999999999999996,58.260498
9.207,86.88586
8.807,17.111416
10.743,0.018981233
0.06,545.4464
769.6829999999999,85.58443
18.123,35.500515
50.077,51.634373
19.867,43.02315
19.537,58.996284
9.573,28.160358
91.196,50.99065
10.137,48.634636
10.597,30.564884
0.39300000000000007,16.825151
39.906,50.489586
19.057,37.81895
19.617,16.879484
45.754,32.598293
170.576,16.618786
1.347,132.90329
150.393,345.11993
0.594,58.374786
0.7999999999999999,34.137024
281.693,193.15541
39.727,229.92786
81.06,39.30206
111.257,66.36311
29.237000000000002,23.467142
10.01,49.665073
29.057,2.4994464
22.494,41.90824
10.04,0.46890745
30.667,41.195522
189.114,166.87361
52.81000000000001,48.101215
10.046,17.56894
49.937,58.24097
60.150000000000006,157.81306
93.71,642.6187
11.164,49.818783
8.884,194.53879
9.043,0.80167776
9.516,114.056145
68.223,469.0777
0.127,28.549978
19.797,375.69537
0.69,77.77602
19.62,3.2680953
19.94,0.2991361
24.133,41.266144
299.92,366.0661
279.954,87.28896
90.113,52.428436
9.266,41.06036
49.66,0.7782532
0.263,27.454916
0.23699999999999996,76.79353
69.237,136.87437
8.18,689.35376
19.457,62.45547
241.8,144.62042
40.037,51.728924
11.12,9.185979
77.63,230.87585
229.423,160.60635
10.677,26.019747
10.01,20.083656
20.147,109.28702
9.306,39.10387
40.214,92.83099
100.827,97.85869
20.09,22.987595
10.663,24.11314
19.903,212.961
7.39,69.60251
90.317,107.46525
90.647,142.96346
22.017,58.91373
110.11300000000001,28.521503
2182.143,960.8022
0.08,50.779087
10.026,0.15033978
10.78,22.703543
591.077,91.82515
10.983,0.33916456
9.073,2.3844028
0.45299999999999996,56.42219
10.403,14.004239
160.833,29.634636
180.17,130.70898
40.123,15.415284
109.696,308.28506
0.4099999999999999,14.053726
130.493,43.962524
260.08,138.1808
8.946,0.33265844
99.71,171.38602
0.83,177.50557
29.627000000000002,36.74512
221.79,43.774223
0.14,18.639662
569.207,62.327785
19.084,16.442455
10.41,29.478212
20.11,101.07284
9.827,18.213007
0.55,43.83501
47.786,30.095476
18.737,32.74446
1.083,87.79746
40.047,42.39865
1007.677,227.76637
9.547,16.702028
0.033,0.008397477
28.413,124.145515
28.53,100.428055
14.594,33.7578
1.097,26.676727
10.457,4.3052993
0.37700000000000006,28.34669
0.297,7.028225
38.403,2.4728694
19.843,57.36433
20.713,74.131004
18.977,21.736525
169.94,147.75716
9.367,16.2871
1259.387,36.129604
9.844,59.040546
11.523,51.034775
0.187,23.427471
19.886,2.2605636
19.197,2.9005241
9.957,37.41526
9.06,170.22514
167.936,132.49591
10.337,60.05338
9.634,122.71063
10.93,56.674385
0.22,169.40555
8.663,31.173561
59.513,499.10043
1140.427,430.95724
10.103,22.769495
0.407,18.929659
0.12300000000000001,18.683397
20.243,51.58575
10.083,0.2703687
0.14,50.893734
0.894,16.769867
19.087,340.83835
49.577,33.880157
19.933,35.176903
0.203,78.37098
10.72,40.699234
11.0,72.69592
9.77,15.554821
640.153,45.418846
0.28,176.2172
81.737,48.800514
450.2900000000001,102.857155
10.22,78.81997
220.19,126.910255
20.683,64.76226
80.247,54.261585
402.34,143.86989
158.87,23.537594
19.58,34.281292
20.983,28.983852
189.134,69.18283
100.33399999999999,16.089483
44.083,76.454796
0.293,31.215023
0.39,18.700914
8.317,66.53207
1823.78,204.71426
320.3,56.21876
0.047,17.170277
49.773,51.86181
0.83,19.459934
49.817,23.832594
0.266,7.111601
19.583,169.60999
1.05,134.79546
20.787,4.2183003
40.574,83.68957
139.533,146.94374
430.177,837.66364
9.32,6.623123
20.15,89.022
0.533,107.68936
30.623,415.60794
20.784,13.882709
76.453,43.91191
0.013,23.854992
139.94,46.47033
30.457000000000004,78.40076
60.28,163.24089
100.26,71.93385
9.873,49.565258
13.803000000000003,349.89328
252.01300000000003,154.28987
8.517,21.78532
99.157,172.46022
10.0,53.739758
39.983,28.769482
260.444,69.18285
0.097,41.468307
59.879999999999995,47.33547
9.933,43.675533
0.313,130.11598
8.93,16.747013
239.09999999999997,30.127596
2.473,23.59571
39.89,245.05879
9.21,45.124035
0.813,33.57625
70.377,195.46051
1.9139999999999997,17.09679
9.12,129.36119
0.14,58.620705
1511.766,255.0237
48.257,34.42119
0.8600000000000001,86.35767
60.023,173.65997
10.887,18.360968
9.993,131.52585
860.12,230.79065
38.013,24.703196
10.38,21.729893
19.92,53.46476
348.957,68.554115
536.72,145.95872
3464.62,182.4882
28.973,95.57789
89.95,99.4116
8.517,95.3403
60.687,131.3902
21.183,22.35181
49.8,83.056625
60.073,65.13847
150.456,183.96545
0.203,16.733944
1.046,32.97297
9.523,139.79399
269.124,80.049034
69.51,122.646095
29.973000000000003,0.27874798
0.28,18.28128
0.093,7.336892
30.586,0.40069693
10.31,21.114817
9.48,41.124027
10.37,18.313446
30.540000000000003,45.69059
10.463,15.435727
9.9,33.08802
0.64,15.600058
11.143,5.51278
30.142999999999997,0.044191364
269.353,17.13543
0.25,39.148388
10.15,38.85933
148.57,503.1626
19.856,61.70437
9.02,5.06674
9.757,13.08984
9.783,27.29638
9.46,40.935028
59.11,116.47629
10.053,121.85588
9.73,38.69612
1.064,52.04723
0.313,17.58339
79.91,151.35083
8.896,40.931805
0.47,93.515945
20.116,116.24493
3690.1439999999993,184.53958
10.017,909.74805
10.6,16.172497
1.127,17.603298
64.717,36.53374
0.047,69.86677
0.093,0.53665966
48.783,113.7552
0.23699999999999996,70.90835
10.607,152.2275
20.09,94.544624
1.024,37.508003
19.89,789.6443
18.026,0.16365826
0.797,72.225624
10.237,99.95969
10.027,18.726204
19.35,110.944336
0.013,54.850307
2866.767,795.5628
109.21,26.675388
19.497,119.4206
1.393,1.3394451
120.173,74.89673
0.8469999999999999,28.897575
12.29,88.55512
0.69,15.721652
18.553,130.9684
10.066,19.637657
18.526,72.986565
189.844,0.0764266
19.637,687.07117
19.043,260.89343
136.64,36.319794
111.293,20.255737
0.093,2.1020982
18.86,50.034866
10.34,13.530652
19.38,137.13689
7.607,34.912575
19.46,182.6094
119.92,25.13827
9.434,19.328905
1563.6199999999997,1919.4683
19.723,72.612946
9.84,26.96919
32.44,553.96014
0.424,18.588572
60.83,86.512985
8.437,17.097832
0.06,38.123
0.233,47.257023
0.42,23.846764
8.863,48.861477
230.74,169.53172
0.157,35.704712
19.597,31.551844
28.577,26.574146
12.324,72.42945
0.14,18.587608
0.173,22.660236
29.340000000000003,19.405699
22.714,19.964525
1.8,132.49637
0.7499999999999999,30.920322
120.077,198.20654
2.674,0.02983717
10.113,15.906022
11.12,53.911987
190.563,88.73554
10.844,65.14415
39.91,80.471214
1.343,17.467493
20.34,37.20925
7.769999999999999,14.640919
578.123,101.764435
0.297,45.99955
9.546,30.028004
20.0,2.8507583
20.313,54.62233
9.123,108.98516
959.934,510.13306
0.0,0.47915632
51.683,88.40223
9.947,54.43305
9.77,26.363075
59.723,66.270096
10.69,53.61724
1230.23,454.89786
9.883,116.820175
161.074,91.156784
60.327,23.851582
559.977,461.24698
250.82999999999998,60.04992
329.466,229.12221
0.16,27.052452
1352.013,123.58775
39.353,230.95738
9.467,15.831024
51.836,12.235365
0.047,0.12132335
82.546,123.23349
79.256,61.034542
170.65,234.09344
179.813,64.28837
0.987,23.444244
29.066,17.488111
8.13,136.30405
30.743000000000002,185.70091
0.94,28.885899
9.86,61.274704
10.783,16.944483
89.69,74.424164
150.66,23.021124
9.46,147.7793
10.4,33.85661
10.737,45.416035
0.263,114.82634
10.77,2.2373369
0.09,30.826712
0.11,31.724876
49.823,55.09018
30.716999999999995,384.73624
9.86,30.720743
61.663,81.37666
0.094,66.39077
30.183,78.13569
30.046,34.12988
27.693,22.52466
20.12,58.746075
159.137,55.15057
7.626,29.40228
0.517,19.435999
9.054,27.067955
0.283,6.9939966
7.31,16.92752
0.844,6.6801043
9.263,8.380231
35.173,158.48694
29.657,15.749942
0.173,111.86032
20.066,32.413414
8.463,77.272545
19.42,14.569541
0.03,28.423916
0.23599999999999996,139.79083
0.063,46.00499
9.723,54.85035
0.093,6.3221235
20.517,80.98715
139.994,50.478493
0.0,53.6787
35.236,201.31543
623.747,250.17914
79.88,47.60452
50.34000000000001,82.68755
19.967,32.5003
20.253,24.319036
61.29,477.7769
38.317,131.64735
19.853,11.126439
0.03,0.21260768
1.67,59.717194
209.824,52.728214
50.17,374.00662
49.794000000000004,13.495081
0.613,24.64595
0.20700000000000002,44.573414
10.346,110.02037
105.93,150.10275
20.34,12.390559
9.963,96.92268
20.504,377.18152
9.11,14.647536
0.37299999999999994,83.75649
69.99,234.17818
99.92299999999999,89.75941
1.633,77.82487
549.75,365.83325
0.923,6.4115853
27.983,583.4462
11.247,20.283117
70.333,25.253578
331.143,144.0045
20.063,33.09185
1.57,86.90162
60.33,39.85461
50.57300000000001,42.036377
20.306,68.11127
91.007,63.747833
20.277,0.40822914
19.95,42.02124
30.027,4.490786
49.13600000000001,27.258402
10.424,30.778788
7.787,33.455498
10.2,28.442112
0.093,45.034035
9.113,40.027706
9.667,47.07124
10.144,29.726572
0.83,78.3889
9.703,60.001774
1.194,16.959925
0.703,74.19734
0.33,26.439558
50.82599999999999,48.644775
2069.58,99.91671
0.03,44.334705
139.914,185.01018
10.576,70.44557
10.057,13.258864
462.86,192.04839
59.086,114.35239
49.75,44.6375
169.054,140.92381
40.26,176.47137
138.807,122.70142
0.063,19.012749
19.87,7.6086698
0.25,12.364031
0.533,21.723951
8.73,3.091533
238.313,541.8593
1280.097,519.3456
0.043,14.722045
1080.117,697.9986
192.203,758.9098
519.683,2.4330149
289.367,197.59866
29.897000000000002,20.475948
0.28,19.123522
20.283,127.21671
0.267,9.046495
208.943,107.086716
9.48,14.351994
9.12,6.051131
0.623,16.99239
310.163,105.44056
6.083,99.46825
19.36,13.819955
20.193,26.633993
11.743,131.98544
0.174,47.3357
10.306,20.934881
140.56,58.436962
19.924,293.87415
8.1,26.577618
9.916,22.48311
10.45,53.641563
9.006,29.215416
9.93,115.079956
49.85999999999999,86.61643
76.187,389.86145
69.76,88.24987
0.0,33.66027
10.34,17.167738
8.703,139.60094
9212.906,2344.2385
240.28,187.07549
30.664,32.492245
10.71,119.76251
9.743,181.34035
7.6370000000000005,22.058971
168.93,221.3764
40.056,178.53067
19.55,65.498146
79.667,242.73775
19.114,1.0956628
20.02,184.7231
130.747,629.0424
0.547,24.344685
1.7270000000000003,38.620083
2079.843,761.74225
30.91,46.755516
1.624,71.21628
10.47,35.0994
0.9529999999999998,44.56694
20.414,48.41159
30.022999999999996,298.47372
10.056,56.51724
220.983,182.31274
10.39,31.521206
69.783,242.54277
28.97,0.5466006
0.39,6.4603367
19.944,542.5315
19.363,76.55641
0.0,40.787327
80.83,27.225916
20.877,35.387535
9.34,1.0561241
0.08,117.23763
10.887,5.253573
119.99300000000001,144.05688
20.72,92.89835
0.0,16.050056
10.753,120.163795
0.14,26.949305
0.296,28.383476
19.917,86.08125
61.357,73.81015
259.953,180.87833
99.99000000000001,20.97763
260.487,188.15187
9.727,6.7111335
132.107,74.535965
9.917,19.990387
170.067,504.70532
321.083,155.64626
0.347,59.59506
0.013,45.367302
19.877,48.411407
1.096,82.08188
88.384,76.859215
11.213,25.270739
9.257,2.700896
10.063,19.077564
0.36,45.46026
8.733,135.40166
50.006,34.370728
35.946,149.47043
9.97,7.557939
702.014,142.15547
90.173,153.51823
231.486,97.20877
49.803,23.652502
99.677,185.46008
595.587,69.61334
9.07,35.344597
79.083,128.94086
60.05,756.08386
310.03,34.121605
20.083,67.35742
110.90000000000002,76.81774
0.923,40.068977
11.517,21.33843
20.72,55.529373
0.0,777.8281
9.66,20.428377
10.17,21.120985
39.837,249.1021
140.273,191.28549
1359.96,88.30882
229.824,63.92696
334.91,158.17769
0.077,50.678604
20.12,27.399576
0.157,765.17773
19.866,163.53671
150.857,70.79139
279.887,208.83006
9.183,30.833838
21.976,114.841415
0.047,148.91948
9.257,84.56299
0.174,25.358633
8.75,15.8503685
20.006,66.12443
128.837,18.157547
31.11,2.106529
30.056,23.124477
49.18299999999999,56.563198
236.236,292.66895
9.91,17.60579
28.786,39.734577
20.267,34.710537
200.56699999999998,92.03454
141.08,36.80241
1.203,19.752466
20.084,48.250057
0.076,21.702528
20.094,16.671595
50.556,195.15685
110.014,76.836426
10.72,17.58024
20.237,0.80167776
0.4570000000000001,113.07672
20.12,66.28218
12.783,16.895197
9.936,30.178186
220.34,184.70793
430.557,294.13412
0.39300000000000007,17.40751
280.15,43.581665
49.873,103.7729
10.264,44.66148
0.016,205.69145
48.04,42.35652
0.7959999999999999,53.410122
190.3,149.48045
10.214,260.07666
10.137,75.656044
60.587,30.787607
19.077,360.5974
200.26399999999998,181.74321
0.076,28.183746
0.127,0.08583437
2638.776,671.67487
18.87,88.65474
99.38300000000001,83.61312
60.05,117.76394
90.007,43.53164
19.603,510.10876
9.6,41.38882
19.02,23.835638
31.253,69.341125
0.78,36.72695
0.64,40.074265
6.477,733.9477
19.39,0.54121023
1.14,17.170277
8.92,0.12595601
0.283,20.570091
0.12300000000000001,32.77564
19.853,51.57587
10.296,84.056305
1.5440000000000003,17.903288
365.02,162.61998
19.55,210.9942
1710.0,429.81104
70.79,60.83822
9.06,0.118705414
8.833,39.644417
140.2,91.53967
160.867,49.446808
18.82,185.60039
10.076,16.523571
0.61,6.8051248
10.207,16.172497
401.8,224.98628
230.29,25.899174
0.284,19.675747
28.94,81.71472
9.354,87.43579
10.033,52.928905
39.014,142.4509
20.85,361.16324
0.58,44.012016
0.0,40.66555
101.296,78.320145
0.81,45.181232
8.98,57.82223
49.796,98.046524
1.75,22.875418
9.083,25.717226
0.297,16.174738
0.013,18.969418
750.8030000000001,129.866
9.37,34.395943
19.794,54.62987
51.336,113.19717
0.653,0.67339754
0.327,70.367645
10.68,53.533997
0.9700000000000001,15.852352
699.73,741.17834
439.107,152.92331
0.127,45.367302
491.56299999999993,255.37323
19.843,23.846764
109.80299999999998,47.825626
269.87,100.34829
9.366,38.470997
40.97,31.171854
0.12300000000000001,78.23675
7.56,41.73484
0.407,29.059364
20.33,579.9762
146.34,64.66075
60.065999999999995,38.438347
449.804,172.99734
29.71,43.32448
0.267,0.07530101
28.38,0.037363853
948.3360000000001,922.2442
31.043,40.242786
17.963,78.81997
6.164,6.8051248
29.46,232.79234
2.22,28.467648
0.486,57.72871
4050.127,1030.4357
290.076,121.31266
0.049999999999999996,56.42706
7.737000000000001,43.03037
10.294,35.971455
19.813,96.68876
10.053,17.111416
1.013,35.61235
0.174,13.7417555
49.153,28.987457
9.603,5.9976487
20.26,116.31629
0.157,13.537518
10.853,45.73077
20.123,158.15295
60.263,179.77112
20.09,84.18011
178.983,33.15272
40.623,36.466476
0.049999999999999996,27.189184
10.8,14.241913
9.967,141.606
0.866,17.842876
39.087,83.567764
9.743,25.717226
14.103000000000002,18.700926
286.287,207.8046
609.723,29.727335
8.926,27.781786
20.047,35.09787
0.39,34.26082
5.766,32.070953
60.99700000000001,171.35785
19.754,43.05112
773.0939999999999,395.44223
29.52,93.578094
20.403,33.136757
240.05999999999997,148.27147
18.176,40.820564
10.823,19.85051
0.313,28.013702
29.997,68.76564
0.14,16.775618
19.577,101.3765
32.366,177.34743
109.93699999999998,1.471717
20.153,69.6343
99.814,26.925354
291.267,669.0579
32.08,84.8098
39.91,123.71179
0.297,111.57742
39.964,17.618309
0.326,16.158516
0.0,16.375877
99.06999999999998,193.22086
69.457,138.08177
39.697,74.297844
20.226,31.530006
180.067,240.9027
7.876,41.19986
269.53,34.654915
0.31,54.223225
0.72,26.533173
10.227,45.648994
80.187,28.624372
41.553,600.2122
10.084,187.77917
0.094,18.077372
11.424,17.337706
23.874,37.33801
10.457,90.60998
9.753,34.00727
8.184,17.399616
0.547,32.97297
19.894,30.06237
30.053,17.938368
8.246,23.505537
9.37,67.45887
0.9700000000000001,0.06545137
8.063,61.034504
0.297,43.369602
0.127,23.469316
0.203,42.933533
178.236,453.07175
0.34,7.7630353
10.377,18.125275
0.016,162.44958
71.793,78.79828
40.04,177.83252
330.047,177.47536
10.76,15.307294
20.076,50.86811
119.907,71.41404
142.21,2713.712
20.334,144.67743
0.42300000000000004,14.96813
0.8600000000000001,38.813423
40.054,28.778698
7.936,45.477043
40.104,32.630898
10.33,26.343836
18.55,40.739197
119.85,41.05211
8.73,26.589428
1.587,0.7792839
57.45,144.02791
29.337,14.450878
19.903,148.84319
19.73,34.8741
19.677,19.89228
40.14,56.419712
10.29,104.498055
120.12,88.092804
5.177,24.051275
10.057,29.294983
30.39,249.67879
9.903,34.027527
70.004,45.08972
0.08,78.34532
269.177,25.15909
0.766,15.750904
0.063,18.987265
10.217,83.35311
11.702999999999998,6.4968586
9.243,35.108772
60.72,74.076675
9.597,62.266983
16.56,286.95923
1850.996,185.13982
50.023,30.541903
49.97,38.7463
113.257,66.63654
870.1299999999999,794.2997
20.27,176.79208
10.073,49.61412
61.06,102.02324
20.68,182.9753
0.347,29.223719
0.174,16.625172
0.013,42.15177
858.7799999999999,1253.7345
29.102999999999998,178.6003
0.36,23.295685
18.633,33.373783
1.22,17.426252
29.58,16.867588
8.974,40.13818
48.709999999999994,363.98425
20.073,39.3722
9.164,37.483353
0.127,17.873812
1.017,0.9610197
50.00999999999999,139.34186
49.247,169.28455
0.17,21.853762
520.32,164.27414
9.223,0.5869546
10.0,56.54338
70.187,64.1748
149.297,166.05772
0.233,85.815994
0.12300000000000001,43.870655
60.029999999999994,121.565575
0.016,60.96013
8510.007,3915.8606
29.927,15.79885
159.99,82.683586
10.307,146.14197
90.53,4.832123
29.563,38.667625
460.133,140.9088
99.87,180.45789
129.57,90.569496
8.087,92.83099
7.13,6.6801043
19.623,26.115519
0.17,120.47219
344.726,87.61937
4.227,28.16966
3740.31,249.13129
59.877,138.16347
10.14,10.37712
40.843,133.66505
30.053,36.68431
50.307,99.26128
7.01,6.598037
10.28,13.850714
0.39999999999999997,26.955832
20.2,143.07532
9.93,34.955067
70.917,67.40602
9.716,2.106529
11.327,17.5834
59.94,2.2019083
40.474,95.07742
0.093,17.988958
190.12299999999996,560.21454
40.294,94.03649
20.0,71.79829
20.57,33.231247
0.22,33.97551
2.003,109.38835
0.703,41.547764
10.08,41.511177
9.333,46.61245
10.773,79.093605
49.28,30.017706
20.717,139.79733
19.984,214.85403
59.144,41.051167
0.034,23.349672
8.667,29.996115
159.86,28.208164
31.81,51.63439
59.247,54.763023
0.343,23.846764
0.8469999999999999,163.8551
0.127,0.020145461
920.43,461.84
1894.8,1120.9327
11.046,32.672905
380.80999999999995,219.53973
149.973,48.552254
8.457,0.5918368
46.13,171.38757
10.67,19.637676
120.357,126.397804
10.257,23.662401
19.13,90.12121
10.7,44.88734
2704.926,247.18167
10.12,4.1601133
20.257,114.35239
0.156,41.469574
6033.78,411.4603
1.7270000000000003,0.041337118
390.3140000000001,1008.1153
0.034,4.2408137
29.009999999999998,115.49189
12.97,65.498146
0.06,28.970512
20.08,37.360714
110.14699999999999,51.222683
130.89,576.227
60.307,32.83687
1780.16,1256.7473
39.25,15.502709
0.313,73.94254
70.657,54.753452
169.71,49.58771
8.613,32.98164
1.79,94.06522
10.07,18.652239
89.68,48.12984
39.986,56.717934
2489.234,720.78613
188.687,230.85004
19.33,179.75337
10.84,1.3979853
19.89,4.4289
4.02,31.664959
334.07,510.26813
130.1,200.65633
60.61,127.23907
11.05,27.356497
370.75299999999993,50.25772
18.21,37.083485
9.277,34.81599
30.056,40.218697
41.114,1.7302814
0.204,17.14739
10.093,18.20837
19.907,47.42421
9.316,66.36527
0.20599999999999996,49.82743
20.56,21.423422
9.207,13.702467
179.704,39.038372
60.09,338.18262
20.11,39.33376
9.523,20.558268
20.733,126.5975
8.833,32.334335
30.173,124.209465
10.9,22.00694
0.106,20.858309
61.633,55.2829
32.247,97.306015
0.78,58.443916
0.22,4.2035074
19.26,73.94898
19.093,33.983654
30.656,31.85845
40.233,95.236786
0.047,22.041382
471.903,154.03313
20.01,1.1305262
120.453,40.88398
10.883,127.763725
238.6,0.43190575
17.303,66.970184
19.74,14.801803
70.147,120.82821
0.017,32.608547
30.393,130.74606
91.013,54.27033
58.653,148.5584
0.707,81.99448
11.456,16.606972
89.874,183.01971
21.04,15.852352
20.903,29.500034
1.39,108.35658
1.19,12.397874
4.086,20.941654
0.407,5.7703404
11.15,63.669388
30.000000000000004,37.402287
260.65,26.050602
0.22,33.53044
9.683,68.77307
0.203,25.909014
50.00999999999999,39.947895
38.283,240.67465
31.477,129.58118
8.863,8.607653
20.344,106.13912
0.627,30.833511
29.883,44.067005
40.247,142.09601
600.64,194.10661
0.063,7.792789
128.364,65.27458
9.107,72.29193
9.667,45.37724
32.777,758.9568
21.423,42.711334
19.61,147.49886
9.807,60.9303
0.03,23.262909
17.353,307.25082
34.034,43.15583
89.97,543.25397
50.326,3.386277
8.797,33.131878
140.42,272.82025
48.637,46.561855
18.367,170.49582
0.203,41.69718
50.16,167.391
0.093,65.87812
8.74,28.19198
127.54299999999999,177.26329
19.287,134.68213
39.074,30.874285
7.760000000000001,20.77629
19.79,101.08112
57.753,1010.9601
1300.09,138.12578
30.827,131.53548
81.33,194.53879
20.366,46.538486
10.236,21.624489
0.063,26.482868
140.95,51.367744
41.29,96.40579
9.953,18.40768
100.003,573.1661
20.863,196.95105
61.50299999999999,211.56305
60.074,43.271255
9.933,53.98162
30.73,63.180294
19.36,14.809084
684.65,183.19385
119.934,151.9221
19.376,114.30152
58.87,173.08145
31.016,7.3636365
14.530000000000001,65.633965
446.823,666.86896
19.343,63.43865
90.17,328.38724
0.864,85.17636
0.0,120.85337
19.843,78.34532
11.023,96.84481
0.37700000000000006,0.2244428
20.87,5.7501054
10.257,114.30152
58.853,35.17798
9.073,14.074671
20.063,23.557713
0.063,6.5169744
0.686,28.879236
120.90700000000001,90.831856
19.943,55.69911
10.13,17.331783
70.13,94.81005
9.97,27.03062
20.55,71.06216
10.447,24.049639
40.053,26.013187
12.125999999999998,61.012066
9.744,87.584435
0.22,23.816368
0.047,6.318568
11.327,23.3114
10.153,13.593596
0.687,18.912659
20.134,34.140503
369.944,174.07986
5450.807,1165.3485
18.877,219.29938
80.266,157.9401
49.85999999999999,42.03174
40.087,171.62927
39.45,83.769356
8.386,39.554047
0.064,246.55853
159.423,240.68744
30.2,25.902443
20.327,266.03983
30.022999999999996,1.6133697
250.78300000000002,64.25703
30.943,12.251265
89.033,30.070639
420.533,69.0713
0.076,122.53731
11.764,45.079735
9.03,94.18518
60.39000000000001,576.1323
7.587,21.850843
0.03,123.33879
9.977,26.955832
589.846,46.788513
119.84,71.525475
18.734,64.85829
10.56,3.879731
9.623,46.182938
20.48,56.1032
199.703,85.03742
10.403,107.34313
30.45,86.07592
10.647,110.62822
0.487,24.70335
10.313,14.163487
10.244,17.207153
0.547,25.834095
39.007,97.301765
890.3769999999998,59.722336
508.833,34.70244
79.187,296.29965
89.993,180.5453
150.0,60.376816
1010.2529999999999,183.21437
209.65999999999997,297.75467
14.036,1553.7057
9.92,53.71455
9.896,40.158222
19.8,25.436665
9.85,34.44909
50.33299999999999,1.8015643
18.994,133.0393
10.907,23.793951
19.18,88.4961
9.84,14.554493
9.837,21.624489
0.173,4.262773
20.343,142.40965
9.844,26.728798
0.046000000000000006,14.7493
20.063,114.23396
19.834,92.787636
18.047,51.38596
9.694,4.2622123
0.327,58.61719
0.12300000000000001,28.455086
47.843,19.372328
1.223,85.029976
629.293,80.484825
19.497,18.704134
17.983,35.94307
29.74,64.12351
20.09,13.705407
47.21999999999999,784.019
1.6099999999999999,39.497334
7.9399999999999995,15.211365
19.05,55.434708
30.42,5.6565127
59.787,55.254524
0.14,23.662401
8.87,14.56207
540.137,129.33551
19.616,65.33952
19.003,67.04785
10.633,20.77629
0.403,19.06404
79.854,147.8695
8.947,9.947438
180.523,281.9774
9.653,98.55977
20.76,43.288452
0.017,25.269535
0.033,26.251509
197.46700000000004,245.00429
19.723,124.83869
10.003,26.199986
11.37,39.33376
210.19999999999996,75.50428
19.363,28.61501
5.35,98.88974
8.97,15.412523
159.89,15.007369
0.263,19.09354
148.807,70.22871
11.13,79.070595
80.2,29.908842
59.797,32.50041
9.82,4.1594477
19.023,127.96449
29.355999999999998,142.4425
40.983,35.70168
140.423,113.978264
60.616,1177.762
40.396,44.863865
20.163,88.988785
28.817,18.046879
39.137,87.37426
57.81700000000001,54.926384
19.633,135.11842
19.183,86.56381
101.40999999999998,77.25614
29.903,64.09792
0.5,24.059175
90.276,86.98199
20.047,47.475483
0.203,44.626045
39.357,33.37439
1.28,7.557939
9.554,39.985867
9.873,0.017129414
1.13,21.993351
11.273,22.182558
19.044,28.749062
0.9370000000000002,41.74111
10.16,8.977556
170.06,274.0819
60.150000000000006,39.030743
0.22,15.358777
9.234,15.639489
39.657,27.314283
19.946,25.924353
28.943000000000005,33.416626
19.973,259.71518
9.923,53.054188
4.59,66.99724
9.987,13.885224
0.517,19.161171
8.72,30.443813
20.19,92.74447
1.614,9.08117
820.18,154.3663
20.307,88.99417
441.60999999999996,232.18585
10.01,35.433037
10.34,117.78904
78.59,80.0172
20.717,29.796373
8.287,36.644466
769.95,554.0849
0.12300000000000001,40.40098
0.39,85.17636
10.68,122.861465
19.773,6.4326262
45.36,28.290161
39.653,226.44131
22.87,26.108675
30.174,51.86183
1790.9269999999997,532.4168
0.546,14.688818
0.17,1.663119
19.933,183.94334
19.727,39.77868
19.636,82.17308
39.007,6.2665224
0.204,51.648125
131.133,126.325874
29.566999999999997,75.03188
10.537,17.976503
19.89,42.8854
11.267,14.850409
68.776,160.18477
19.186,56.144836
20.547,86.23371
129.423,4.9742208
7.9270000000000005,113.82899
200.467,73.33063
1.407,108.59826
0.173,16.809942
29.453,22.23112
10.183,32.608517
49.946999999999996,314.0007
10.127,35.191624
29.303,20.976309
8.716,14.094139
1648.3770000000002,586.85864
19.793,15.273837
59.107,70.04287
22.137,21.265453
62.613,24.513762
0.327,6.9874763
1210.814,38.55177
10.006,113.31484
9.54,20.364569
0.37299999999999994,6.8051248
40.407,53.517155
0.22,36.76687
30.170000000000005,83.64277
9.73,18.146938
28.304,87.782166
0.14,19.17543
30.22,0.23548062
10.7,35.343502
108.83000000000001,164.09048
9.917,48.855453
0.0,15.358777
119.86000000000001,94.22433
50.11,120.30241
0.017,24.525742
19.673,82.54045
39.56,54.51176
0.033,35.77242
419.89699999999993,1176.799
9.413,31.359262
0.843,19.339643
187.013,10.547297
10.413,80.335335
9.936,645.4413
0.37700000000000006,7.25277
19.656,16.158516
20.07,4.2183003
0.12300000000000001,945.6706
19.777,78.59273
30.56,64.17346
20.0,56.923557
0.7499999999999999,24.059175
0.12300000000000001,23.427471
0.547,6.618451
140.367,1111.9745
9.287,27.22821
9.056,40.26939
20.584,113.3108
1140.387,140.5558
0.876,146.88675
8.577,0.0667345
19.716,0.14121935
10.483,27.731602
19.23,51.627144
30.19,55.6461
0.033,16.698093
271.463,429.7961
29.74,30.656578
30.086,41.251266
30.066000000000003,48.386505
20.377,25.90243
213.62,56.783478
558.727,159.64398
60.11,38.998234
1954.977,690.2036
240.16299999999998,90.46018
10.543,134.68213
0.234,24.315573
19.917,111.60753
0.983,46.00499
149.36,25.459974
29.724,67.35266
79.967,337.18994
9.833,176.24599
1.77,22.058971
0.36,23.272165
0.454,17.030558
19.4,82.55083
0.10699999999999998,49.585983
1972.39,279.9772
0.296,24.31001
9.88,42.656364
130.107,267.55243
0.19,30.98429
9.013,67.80941
18.984,358.75955
9.797,19.549086
0.533,25.759394
0.013,19.121017
0.06,19.90684
0.22,0.044191364
29.87,65.91465
0.36,33.902008
50.16,114.16633
9.36,32.079273
419.1429999999999,313.22003
20.303,151.9481
76.086,52.59306
0.844,48.65787
7.833,15.917718
70.406,196.30042
100.15,201.18045
20.0,0.28581905
349.934,68.97915
40.237,46.069992
10.34,15.831024
19.954,98.00791
120.25,256.61887
39.647,30.402187
265.514,302.23584
2339.83,343.29047
28.717,200.09079
19.993,31.820787
0.156,6.659486
0.48299999999999993,81.95682
90.263,327.21918
20.72,59.842255
59.41,45.163048
8.834,162.752
10.01,17.884531
29.423000000000002,135.65851
29.26,102.97988
20.05,46.267563
0.127,128.28474
21.37,18.729004
0.22,55.45487
59.283,98.715034
9.207,23.872755
39.247,20.875921
60.077,67.35742
8.96,17.603298
108.96300000000001,276.24484
9.83,34.544586
18.98,68.73805
9.686,30.239567
380.184,4.977932
279.84,77.75773
9.063,47.590687
9.447,51.816864
219.743,2025.2335
1199.626,396.1932
56.4,73.79297
10.406,70.81337
20.354,139.52118
19.43,6.9939966
7001.033,1530.7275
1.376,39.687702
29.25,309.01276
870.4430000000001,259.6755
59.716,92.56032
60.843,32.600952
21.024,148.62776
0.14,14.796874
9.177,14.56207
10.287,37.224464
19.967,69.508316
10.333,0.038768392
1140.243,488.3195
0.733,80.440735
29.834,30.061537
19.394,40.402798
0.287,1.3498267
8.923,35.7724
90.294,41.92798
0.097,44.122066
0.296,17.420006
21.033,37.84834
1.19,61.164627
49.760000000000005,19.002367
0.313,89.60981
0.45,16.038498
10.66,34.165466
9.987,33.32087
19.747,533.0842
159.67,60.259274
19.597,53.688286
60.083000000000006,198.98851
59.18299999999999,162.14786
29.84,21.054237
0.317,26.383951
0.093,6.945839
9.916,36.888508
1.097,19.847612
0.326,55.170265
9.37,17.943775
2231.057,345.41232
10.133,0.0183951
0.606,28.442125
19.6,37.325447
2.173,73.69944
0.643,74.90889
259.2,234.28255
9.533,16.282816
0.64,117.973564
10.796,17.694727
9.777,6.7111335
1.31,52.52632
7.777000000000001,17.494255
9.98,3.2780206
20.65,66.39776
10.89,18.471088
40.054,41.879665
9.31,0.15102726
0.077,130.41815
1.217,36.449276
79.82,4.416323
37.65,220.16698
0.38,20.520716
0.28,72.954124
179.61,60.377014
9.08,13.885224
0.217,20.556576
28.71,290.504
10.01,132.5093
29.83,47.08833
2.563,19.315315
80.316,43.136364
39.444,22.637743
51.943000000000005,96.56851
0.606,67.93873
21.137,66.11539
9.243,23.843512
49.447,291.25568
0.37700000000000006,167.85408
111.76699999999998,96.306435
8.827,161.24577
9.027,34.955067
50.123,44.505814
10.233,19.439169
50.827000000000005,47.55619
10.147,129.27315
39.727,38.088753
0.14,15.37353
10.114,13.789104
19.827,151.96428
18.874,73.54723
200.36,297.63495
658.443,200.96259
0.157,14.565405
2430.857,399.55975
9.883,8.943279
10.863,19.249321
1.566,83.131424
51.173,29.446222
11.284,43.54228
589.913,235.16293
59.90999999999999,108.73517
170.037,61.605396
55.003,89.35258
41.57,177.25345
0.03,17.39779
29.853,115.15529
20.4,20.332706
17.71,125.39775
8.703,30.599133
22.564,9.046495
19.2,105.75215
8.483,40.40098
9.75,29.996115
29.990000000000002,86.68297
10.086,6.6763086
60.809999999999995,375.58823
9.55,41.711624
20.09,128.93333
0.017,28.300554
69.743,262.09326
0.17,75.613205
79.7,37.27098
0.627,0.07085177
113.444,145.26508
10.296,14.96171
19.704,120.620804
58.88,299.08572
19.78,133.8271
140.266,29.125158
19.66,66.582596
8.807,17.73174
38.363,208.03014
9.493,17.038296
20.727,52.83598
139.653,155.64485
80.5,101.85405
0.127,8.807473
20.71,90.6916
0.343,37.793705
241.747,69.808716
0.19,14.702717
109.50399999999999,318.49466
20.24,1.4201704
60.02,26.035515
11.214,37.923504
10.393,21.853762
29.13,45.010162
49.433,131.51913
0.39,176.37384
594.88,298.03586
39.647,15.435727
160.15,619.1368
0.28,28.13844
10.247,85.50426
80.463,120.463135
69.497,197.14584
0.22,16.397263
797.3470000000001,1.093358
0.017,24.48266
0.343,8.065732
19.287,37.972046
160.31,170.17905
453.84000000000003,52.974148
0.706,4.2035074
9.84,6.0611916
0.547,63.181606
59.577,55.80489
170.153,49.822968
100.32999999999998,254.7455
207.503,287.26184
18.814,4.323312
8.967,24.48266
9.124,15.358777
49.693000000000005,445.18768
339.02,162.58844
0.124,0.059327744
0.267,7.1396213
89.937,27.870571
0.36,0.13505453
100.07,207.72533
179.507,120.68042
1499.907,2231.697
7.954,38.639503
59.853,73.94754
492.884,445.67538
0.347,41.334476
679.81,245.22368
7.64,0.09164124
38.394,85.9993
0.17,84.92432
8.933,18.865118
18.74,14.920403
31.29,281.21545
141.187,352.9559
39.993,82.929855
0.17,28.393427
20.716,89.90525
20.747,9.779572
19.687,61.00503
99.467,113.80208
10.38,32.447937
10.39,42.687
19.767,98.2655
10.06,20.237566
20.773,50.957043
110.983,44.18694
0.017,57.731564
1.007,95.57789
9.747,52.717865
19.77,228.27171
29.057,0.05741935
279.913,163.76491
19.13,3.9185338
0.547,39.86827
0.17,28.085178
101.527,29.875027
19.124,0.23997897
10.0,34.368687
0.157,6.4195127
8.763,42.15177
48.763,0.31064555
9.83,0.12800519
10.657,244.59021
1.05,78.5944
18.223,25.814157
20.16,283.5288
10.747,21.275223
110.087,196.62923
0.03,353.14188
0.407,30.334188
29.926,15.255402
392.52000000000004,102.85839
280.137,171.48688
24.877,34.622265
0.28,15.2972555
158.817,337.20627
39.5,14.804835
19.547,37.614338
60.87,44.412647
5.243,0.49264365
8.65,22.222729
0.046000000000000006,40.248997
9.883,137.60081
8.924,6.2101774
0.049999999999999996,14.163404
8.26,62.834488
9.0,94.771736
0.58,17.7593
528.893,147.01906
10.924,291.49545
82.143,45.942444
0.204,14.211451
10.094,15.186817
40.21,43.01766
103.127,26.891163
19.866,35.191624
60.433,299.20987
8.37,32.864155
109.86,61.568726
40.133,35.415993
21.657,61.332226
1584.313,1025.4877
9.967,89.4272
162.507,350.57397
59.987,15.160636
18.673,92.76658
0.157,29.583899
0.0,20.067612
5.5,176.96637
39.273,206.46828
18.876,134.13245
8.077,115.23737
11.29,43.326256
203.697,321.59366
0.12300000000000001,23.820337
9.637,56.81675
138.683,51.44248
69.887,48.70317
0.09,27.399548
14.216999999999999,115.07984
9.517,27.452171
150.107,22.594969
49.84700000000001,41.571003
10.19,137.60081
0.42,0.03454109
159.69,44.636272
31.49,237.2465
18.23,56.01428
17.57,116.71231
22.807,307.66556
9.943,124.95755
10.803,15.731397
220.107,22.881927
21.11,12.655612
20.01,30.859295
34.12,74.037506
9.637,4.112223
22.363,55.673275
3.3299999999999996,23.854992
9.22,38.85933
9.083,29.904013
60.04,196.9735
29.25,66.292175
11.617,87.80352
429.897,941.24817
0.263,22.660213
160.43,284.46732
19.966,0.72956836
20.496,36.990253
12.17,18.594831
20.886,515.9271
0.627,18.79222
19.26,50.72502
12.887,28.608774
8.07,67.27097
180.76,27.121794
0.263,6.577669
10.87,31.204937
180.447,263.25354
9.36,25.6491
10.827,12.490191
280.023,156.11679
30.193,127.71441
9.254,42.274246
10.554,121.33026
0.987,27.103079
1392.453,102.569565
47.83400000000001,2582.447
141.377,243.01439
9.18,19.375277
19.136,62.834103
0.17,87.20675
0.217,24.40813
1587.0799999999997,284.89313
0.013,26.28215
29.48,59.114944
0.33,34.663963
8.836,0.848607
60.153,142.65334
9.693,0.99010956
0.85,13.301533
12.422999999999998,0.3149476
9.977,53.345436
1.17,58.25786
86.317,117.865425
85.447,141.70044
930.437,49.53459
8.89,16.782793
0.017,46.19717
1257.807,1016.50323
49.82,33.68718
107.97,89.68473
40.073,35.64904
100.013,65.935486
0.08,46.14704
110.71999999999998,48.875
13.707,0.18359505
10.267,22.331182
19.537,22.572128
0.034,15.217136
179.377,92.16506
8186.264,952.55774
42.496,12.55399
0.063,26.948431
9.557,44.1914
10.897,26.685675
0.0,27.229223
0.127,23.040155
70.83,115.38947
18.946,116.74631
21.25,720.1644
1629.607,114.38602
0.9700000000000001,226.90399
10.42,28.6008
0.187,19.838404
150.067,0.13573292
10.13,148.11137
9.017,17.460117
29.476,66.88116
20.047,36.96656
1.224,54.955692
1.263,84.42246
1.17,15.218356
19.806,50.71188
21.023,54.685734
72.396,49.260845
3581.106,141.74295
89.437,101.871124
0.877,46.80313
10.073,41.60513
0.7999999999999999,37.65058
39.453,4.1601133
60.06399999999999,165.12149
269.724,67.59059
40.497,61.866634
20.06,140.75908
30.353,14.4284935
20.113,189.45465
58.443,13.422007
39.856,222.91641
18.853,124.23889
1.143,39.231686
8.783,24.456654
20.547,17.87273
0.7630000000000001,24.681437
49.9,14.291696
10.586,50.579803
8.017,18.996733
69.33,42.2815
1.0,134.24706
320.55,139.0871
10.66,51.500637
39.48,74.73551
128.773,0.82842
20.067,77.82672
0.61,131.60805
0.25,321.4976
7.077,93.121445
50.433,57.951393
49.94,23.627941
883.17,178.82655
9.72,23.910866
20.213,0.114382826
10.267,54.850307
10.107,169.23259
0.427,27.914404
19.66,63.784885
10.274,55.47053
9.657,39.71437
0.72,14.850409
160.263,179.81161
8.78,56.37628
100.757,104.0978
0.327,15.9942255
71.264,116.94148
19.05,29.380152
29.247000000000003,16.158392
0.25,22.311655
20.473,76.027725
1263.637,263.16492
11.11,22.817595
11.057,121.49308
8.977,46.679752
19.78,21.472828
19.786,117.779274
265.326,182.54124
19.65,33.136757
3.907,72.60139
1.08,31.89864
59.67,0.4092208
21.143,139.10951
49.413,18.304352
0.17,6.8261814
269.694,291.32532
20.203,57.92634
20.35,152.32281
0.064,23.843512
50.174,16.910223
0.093,117.10524
19.73,151.90419
270.543,117.8759
10.007,26.541164
9.223,43.692223
1.4739999999999998,38.11497
10.69,20.796848
269.48,84.14262
9.34,338.88077
9.826,52.972363
18.14,56.595737
680.307,131.53548
9.126,83.65398
20.923,361.30798
20.54,15.750245
4228.96,40.622715
52.10999999999999,30.329346
30.216999999999995,5.811024
22.69,149.59972
179.7,42.504078
29.527000000000005,180.6187
248.95700000000002,140.24673
8.826,23.724987
2.134,23.14197
9.894,24.768484
270.883,52.228046
0.564,25.617456
309.867,445.60196
209.23,114.05339
68.237,202.65697
95.39300000000001,6.8512616
20.033,84.98875
190.05000000000004,186.7133
100.26,53.878872
50.057,64.18941
10.137,277.82434
9.763,0.33561173
30.493,188.77449
100.476,83.15695
9.62,33.692154
19.8,49.679634
8.687,0.07986436
0.7499999999999999,14.129254
11.09,94.18518
0.22,6.9731917
40.267,59.721706
440.0,100.29003
8.986,96.23899
1939.893,198.3319
9.43,50.824303
10.097,122.260086
9.9,26.382317
8.483,51.47405
100.57,35.201954
10.103,14.900811
39.82,121.8681
0.08,20.300951
19.89,95.89196
999.9570000000001,1071.1057
45.323,73.04038
9.78,174.3607
139.95,16.06678
29.706,35.337475
0.9370000000000002,13.90821
7.793,20.899906
80.23,122.10836
19.91,69.74695
8.944,17.191053
59.45,10.183227
8.983,48.91646
9.97,153.46709
21.15,113.24625
41.02,57.463455
10.103,138.76634
0.25,18.53305
49.983,56.574596
8.454,16.597046
18.457,20.470865
19.663,32.34414
11.18,44.917263
20.953,118.712456
0.517,47.303593
159.793,142.58792
10.03,7.367711
99.54999999999998,67.198845
29.284,67.51051
9.133,49.801796
10.66,1.0591923
20.043,366.48068
20.36,121.000275
49.63,56.22778
7.342999999999999,44.94768
18.833,38.08154
9.967,125.94513
7.99,136.35693
10.434,39.412197
320.683,429.42865
99.49,31.700031
19.69,53.345436
102.65,18.424728
10.013,44.227203
1098.656,1334.5868
30.123999999999995,56.103176
38.68,129.01578
29.766,0.41026875
190.4,71.57072
19.08,22.07776
0.5,28.013702
8.167,16.987125
0.8600000000000001,15.555831
0.487,0.3115849
69.887,66.644
19.74,29.055351
0.217,14.320831
151.033,53.28949
0.327,60.96013
0.11,72.69592
0.973,18.808096
38.806,179.64087
9.137,27.91438
0.424,49.114086
29.884,129.5894
30.137,161.58159
0.503,32.82647
1150.067,323.78516
30.584,62.461067
0.69,25.759394
9.29,47.87554
130.75,55.31074
50.724000000000004,49.928448
12.356,15.551646
0.17,60.66489
0.173,39.359894
0.8469999999999999,140.63094
9.81,146.09402
20.17,6.318568
3600.26,573.9785
0.39300000000000007,27.170778
609.963,161.1268
40.244,112.42724
19.81,2.077966
0.17,30.678991
19.063,18.808096
172.46,557.6012
19.666,21.926607
1435.903,33.246872
9.97,34.935337
6.907,337.9843
0.14,37.483353
59.92,0.31956574
0.233,84.56299
19.797,45.217487
11.303,17.713223
0.143,6.2446303
401.16299999999995,181.60376
329.363,0.09276571
69.98,23.226736
0.907,29.815123
0.03,245.05879
10.656,17.357113
673.426,209.35489
89.613,157.6199
60.74400000000001,44.334705
29.946,131.17883
8.68,25.453157
0.063,109.38835
0.217,117.421165
120.627,55.391582
0.83,54.671787
0.42,0.3878211
160.16,144.50311
19.19,0.33957165
0.877,42.72529
9.17,45.389305
10.64,90.67961
11.55,14.163404
10.034,167.77943
568.013,145.82191
1.127,27.937801
60.02,138.14929
8.89,28.325588
309.224,109.41487
0.53,176.24852
1.077,59.992832
9.56,20.782907
0.7999999999999999,33.13935
10.85,44.37897
13.573,40.596523
20.147,14.813505
9.943,79.03045
50.17,212.34865
0.077,34.674736
9.413,230.54654
39.127,88.25575
90.006,1492.213
1359.59,474.80862
2497.263,894.2554
10.406,194.48494
3.487,17.287287
8.696,15.37353
90.047,300.4924
209.173,110.49799
1000.117,358.85464
38.703,8.542057
20.057,35.321552
59.17000000000001,25.626152
8.843,103.7225
8.13,27.76969
11.889999999999999,31.374989
10.9,48.20338
319.957,94.00153
29.214,89.69624
50.07999999999999,188.11206
6.763,18.086113
50.563,209.5602
39.96,68.62724
370.807,122.60481
79.83,24.968985
8.446,17.254314
10.04,18.825298
10.213,79.093605
8.337,40.66555
0.657,72.888504
1.11,33.455498
19.336,16.751831
38.787,225.21594
10.86,21.863033
0.72,16.331434
69.067,95.47733
215.38700000000003,150.15591
329.884,27.055725
278.877,54.01055
11.3,72.28938
70.387,118.55441
441.534,430.33725
0.063,114.841415
0.517,22.65771
40.86,180.67757
9.737,90.83469
111.006,426.014
11.02,21.173315
119.634,74.3391
20.776,18.05464
9.84,45.595337
0.333,29.294983
570.19,420.94067
0.83,56.95568
19.774,314.33316
9.903,34.819077
0.83,5.5907803
0.157,33.6209
430.01,615.0783
0.157,24.523369
0.72,68.05094
79.637,124.97473
29.827,135.53113
10.417,71.30123
25.66,45.9397
10.114,42.383728
10.214,49.7713
160.33,89.45105
119.837,30.954706
49.823,53.451553
10.256,33.98449
486.3159999999999,90.195656
18.97,81.02338
4.427,32.18846
0.36,47.025146
30.087,58.387
0.127,135.12485
11.127,18.390265
45.243,82.877106
834.554,196.81662
170.16,56.5795
210.473,0.6510868
199.61,53.997517
50.05,83.08076
40.097,73.43003
19.82,64.96253
119.99300000000001,80.40116
30.02,0.1964265
469.937,75.61878
0.843,156.73106
469.783,250.67593
20.496,88.23488
20.14,134.10773
10.414,23.455423
422.766,441.02484
19.824,59.452568
1.053,22.961231
89.663,179.93977
0.034,15.8503685
40.466,67.1814
8.683,87.347275
1.116,1.4556816
9.273,30.6666
39.65,38.393394
19.756,132.06982
0.08,132.60327
79.14,57.45945
20.057,2.4243808
39.046,5.382248
9.893,33.573513
0.063,33.694492
10.05,124.79716
9.12,0.037363853
332.974,242.06708
0.077,1.519676
29.137000000000004,105.400696
11.749999999999998,27.440086
209.894,86.91784
8.91,116.50616
286.75,404.97995
20.05,196.33775
30.537,20.853645
0.327,33.613148
19.59,43.407032
0.046000000000000006,116.32462
0.23599999999999996,41.611847
1.203,16.572683
19.99,267.83917
35.04,26.365362
80.453,143.98055
10.327,50.61285
0.25,36.66382
0.563,15.410434
9.527,27.801855
8.706,38.375397
0.08,30.108662
38.813,9.25651
0.22,48.55463
60.043,1.4235685
0.37299999999999994,12.235365
10.58,180.60239
10.447,21.475355
10.394,0.29149354
170.05,234.90443
29.897000000000002,114.7761
0.817,40.24672
39.347,78.6657
9.663,907.7025
29.890000000000004,3.4104583
0.047,5.6104555
171.3,137.25803
29.916,29.972076
7.6370000000000005,70.67342
9.77,153.7847
3531.6370000000006,378.49457
0.203,19.579556
30.163,49.98615
6.699999999999999,22.50011
8.414,16.916574
0.063,21.03257
259.9,49.619823
7.5569999999999995,109.679634
160.647,184.8952
11.046,15.636418
1.373,8.316374
60.467,50.71188
29.893,46.026737
0.39300000000000007,48.420418
360.487,209.23703
241.157,74.28925
20.054,40.646217
0.08,16.2871
9.893,3.1743205
11.694,38.57918
0.14,17.17029
8.763,23.985662
0.14,15.993814
351.074,309.25528
59.686,377.18152
18.746,56.011147
0.077,92.84832
0.077,121.22664
38.907,205.8426
0.37700000000000006,24.228348
59.94299999999999,25.311792
9.653,14.709417
19.02,62.82046
360.663,303.80817
10.96,27.382452
10.283,326.63333
41.023,71.04001
48.812999999999995,56.301716
10.474,55.78087
80.063,90.81267
16.876,66.81011
29.923,101.29266
290.834,54.14835
10.984,142.85617
20.977,5.5321703
0.03,36.621544
1279.737,127.442894
210.757,290.41327
19.647,68.98676
18.91,4.2044296
8.364,17.080294
12.17,40.232338
553.866,472.38562
9.46,32.590546
9.903,101.80164
250.393,329.4651
79.693,0.09245289
60.02,244.89417
29.26,33.786022
160.177,162.51434
19.587,70.81422
9.326,23.820337
38.987,61.77622
136.55,78.42939
39.78,53.45845
729.46,174.48813
1.124,27.676693
178.893,78.66126
230.567,135.99712
79.74,90.93995
10.673,165.12274
151.55,15.641309
10.174,47.16498
27.923,25.15916
0.9569999999999999,24.246635
20.487,151.66885
40.117,86.80658
110.26,22.400846
0.063,16.68468
0.7360000000000001,21.668173
9.91,37.58652
99.12000000000002,237.71921
9.48,16.702505
20.194,69.83278
19.986,0.0905216
10.043,16.112513
1229.72,285.7436
0.42300000000000004,18.865118
9.143,4.451417
29.804000000000002,34.583324
169.546,353.53857
8.326,29.215416
10.783,0.90567064
9.916,26.336763
9.233,69.27737
10.61,50.47427
869.424,77.76898
89.753,140.52853
19.84,59.59506
140.48,132.99979
19.21,129.564
70.967,25.81635
40.31,36.31415
9.82,41.468307
18.283,25.703531
9.317,42.123833
3326.68,1649.6754
660.183,295.5209
19.893,26.013187
1.393,18.05488
10.156,18.313446
9.25,45.68619
550.523,168.5746
31.037,388.99863
19.837,18.40768
241.84299999999996,53.335022
8241.16,209.63873
136.77,40.69466
0.127,32.413414
11.113,7.500333
10.48,44.779995
0.813,0.17473009
2898.136,139.58618
20.043,87.58939
129.863,18.47032
0.17,41.468307
49.65,114.82634
21.634,26.541416
59.946999999999996,47.33795
49.352999999999994,0.21304892
30.986999999999995,60.58927
8.904,27.751575
10.837,159.29823
39.427,0.10413826
20.804,53.277943
379.403,190.51561
1.6569999999999998,37.35669
160.887,66.107796
90.21,53.19295
10.937,13.927386
319.673,48.916325
0.42,23.910866
199.803,84.370476
20.177,88.71159
149.837,295.71304
21.823,128.2589
0.983,292.4446
736.62,478.76788
654.654,617.51855
1.457,0.4322032
10.05,18.61419
59.339999999999996,117.513145
0.267,0.13505453
19.68,32.96373
8.723,41.611847
9.876,19.321478
149.796,113.2573
20.147,54.75553
9.03,33.44029
8.607,23.782429
619.93,136.99272
0.533,0.07986436
49.18,167.42099
80.767,114.81826
18.494,19.614292
19.93,142.30524
0.14,85.17636
4.56,25.737951
9.66,15.848027
19.847,26.347439
19.47,49.45208
0.813,22.855581
9.573,24.48338
28.177,132.73352
0.626,17.331783
0.22,27.050596
0.547,109.49308
1100.64,172.97975
6.87,42.214474
18.72,22.427692
0.017,29.28714
10.563,23.102259
10.963,132.85097
9.193,35.82823
339.817,500.55298
9.83,202.6524
9.41,25.395348
4.72,4.1983557
9.24,43.648094
0.297,23.899689
9.896,13.609938
3.983,33.60943
29.403,44.85694
0.047,43.407032
20.11,299.37692
1179.85,623.6089
9.55,21.275215
50.20300000000001,112.67199
0.047,26.763609
8.917,65.91465
11.637000000000002,68.05816
19.513,53.590843
20.674,43.924564
10.343,21.539442
9.233,8.2214775
80.163,39.435482
19.79,15.092393
11.886,20.587551
8.667,72.225624
29.524,134.90118
390.32300000000004,262.86545
18.333,42.463646
9.483,20.392735
8.75,39.497334
0.077,56.59693
0.43699999999999994,25.815956
11.957,14.521451
10.66,21.791752
19.89,41.620075
0.03,0.022715732
359.22,136.37767
9.787,142.16068
10.146,32.145287
18.316,19.571873
0.36,24.249231
9.463,117.07022
55.754,181.1367
21.003,1.2407779
5.33,13.566098
20.096,12.398052
18.393,109.97181
19.81,24.239506
0.063,38.345646
120.984,82.946594
0.20599999999999996,17.410833
80.753,139.96011
60.166999999999994,39.15585
19.683,83.90856
20.1,169.3407
20.03,15.524525
0.717,32.978043
0.9840000000000001,14.811963
372.24000000000007,92.98797
11.1,15.17093
10.27,37.84834
0.517,88.84922
19.756,15.122178
0.016,0.055762928
750.25,1967.5876
9.763,30.269629
64.407,18.619186
30.716999999999995,32.972034
0.11,19.820652
10.204,35.7724
0.17,0.16781147
0.033,46.91747
0.016,0.2703687
22.496,663.6746
50.047000000000004,25.690592
143.506,337.9843
10.797,28.970512
0.19,62.834488
41.567,147.27628
18.673,136.00851
7.297,35.031986
9.977,134.3932
600.923,53.226406
298.654,260.6471
1079.98,524.4318
2701.863,530.34283
31.600000000000005,91.270905
215.423,112.169395
19.73,14.341846
29.923,0.015423301
1.173,21.475355
19.584,37.527042
21.453,440.07944
30.063,360.59384
0.864,17.467493
19.663,93.00878
19.624,229.502
9.827,33.802517
9.187,28.455194
0.204,29.836086
279.863,153.7847
1900.486,615.33026
1030.573,170.2879
0.546,76.99285
1.037,23.97017
39.71,69.15872
28.999999999999996,28.045347
77.92,110.75455
39.08,76.64674
259.563,179.6615
30.103,140.09653
8.016,20.822952
74.78,55.44721
20.847,73.12243
19.443,131.84377
49.453,100.42532
19.194,134.58188
1.4530000000000003,111.18132
18.746,14.640919
0.11,17.460117
39.943,77.53946
38.943,0.46821663
8.367,47.92041
0.43699999999999994,25.632772
29.873000000000005,117.53975
119.52300000000001,211.07721
150.12,417.16568
520.053,129.52063
30.14,31.42853
20.02,80.768906
29.877,18.207998
10.857,91.37131
279.416,49.629288
30.223,0.29773584
10.387,46.084873
20.11,79.241486
3.784,37.9145
20.006,9.197355
31.89,2.4728694
30.36,87.65934
19.937,42.025326
99.813,17.04763
20.234,18.282526
30.170000000000005,53.11963
10.35,4.9239225
19.31,62.51013
8.1,93.44525
0.127,17.27549
39.887,0.10239263
0.076,34.027527
6.1,20.882212
9.896,21.299433
9.74,27.668331
0.267,60.41156
18.344,17.521242
159.99,371.80923
299.593,135.58424
3980.437,481.36053
211.817,113.88505
10.13,6.039936
0.61,18.307293
19.62,2.1030006
9.907,90.25435
190.09,89.05437
0.203,27.348698
79.87,140.04272
8.183,15.848027
9.927,98.0466
10.127,22.295715
0.513,6.4768176
8.72,34.859615
0.11,37.432632
0.097,6.389102
0.0,18.21299
21.023,82.02903
49.143,38.469276
41.743,386.88687
10.793,27.937801
10.423,16.702028
194.38,627.9343
0.08,6.30606
18.707,28.659344
10.7,102.02969
20.96,91.31136
60.197,52.066963
0.06,37.079735
9.96,32.468014
0.7499999999999999,14.493898
49.664,0.2270326
9.494,35.83117
0.233,17.768978
0.37700000000000006,19.06675
29.987,121.3037
19.397,55.170265
0.28,33.44029
3.7899999999999996,18.924994
1.253,38.423847
0.53,0.0271851
0.3,73.342896
99.85399999999998,71.731285
9.807,70.30629
9.62,132.61626
69.48,3.0845835
0.22,2.1030006
2.187,356.64108
2598.936,2101.991
520.457,518.5346
550.097,103.11806
19.413,1.6817212
743.85,434.29053
10.063,0.21260768
19.76,130.98036
29.82,31.090605
1270.13,351.1911
0.266,45.92439
175.027,68.61391
640.146,66.015854
30.96,69.21463
0.283,25.905973
39.937,92.383354
149.647,742.2366
10.3,64.17419
19.59,114.63303
140.326,100.18732
1228.16,1151.2064
0.7959999999999999,18.583073
30.692999999999998,70.75898
39.247,6.8658323
0.093,141.94328
0.11,17.952278
0.143,13.934186
18.873,83.68957
9.7,51.043987
0.297,16.292635
9.013,73.40951
0.33,16.6623
1.516,25.121792
0.064,2.0808413
69.783,770.57117
30.727000000000004,37.276913
11.937,214.03882
99.95399999999998,101.52728
160.746,152.13657
19.674,62.451923
30.466000000000005,37.921383
140.117,149.11717
19.713,90.080124
0.17,13.976949
119.984,44.09357
198.52700000000002,256.48062
61.33299999999999,90.69589
0.33,41.877544
48.474,152.99252
99.676,74.45049
0.456,1.4590813
0.687,20.838017
10.077,68.54416
20.263,38.77793
332.497,42.21321
10.27,241.15263
149.113,125.522804
130.02,75.76881
330.036,109.5575
10.953,19.375265
50.794,60.977966
19.083,119.37159
0.25,19.90684
28.693999999999996,57.45945
18.354,43.02957
401.524,113.18569
0.326,21.613226
8.087,91.602844
19.803,264.25244
10.7,63.423965
909.167,30.913826
0.8600000000000001,0.29681724
1690.01,450.77536
139.906,61.329067
10.157,31.84606
19.04,50.715027
94.62000000000002,97.27889
0.03,110.944336
60.11,139.28604
17.636,345.10605
59.443,51.889503
128.913,229.11198
20.014,2.2194016
1.033,85.108116
66.35,39.22062
19.73,128.09314
0.797,49.1742
21.58,22.118269
18.907,63.80844
0.19,49.363857
60.967,46.811028
65.503,70.4941
79.68,294.95288
20.06,133.89835
60.67700000000001,1849.21
189.627,33.920036
0.314,39.60385
171.52,99.21605
40.897,3.6031234
159.63,414.94623
10.604,17.210892
10.117,45.9068
20.1,28.348598
29.054,29.510904
10.007,163.23627
0.0,15.831024
8.657,28.73616
81.21,97.14252
19.72,92.10719
19.717,34.71487
5.91,35.460365
20.876,1.0815338
0.83,48.454174
781.1130000000002,264.375
9.22,32.676178
20.794,31.791265
310.5,318.25146
2241.22,3274.4937
139.69,133.17847
20.153,42.90812
10.977,54.84561
0.03,21.411467
19.937,14.229779
0.564,48.32724
8.627,21.086737
130.167,159.93855
10.233,33.64247
0.047,16.533564
200.03999999999996,72.88911
110.76300000000002,29.828259
0.67,113.76165
9.923,34.21411
1.013,22.529945
79.834,1.1701444
30.074,465.76654
0.187,17.051443
13.546,17.70755
0.077,27.383469
39.08,0.13531029
770.126,137.283
1529.45,123.76105
16.903,159.3212
140.713,58.00181
0.42300000000000004,20.33787
19.977,144.57478
0.58,42.22735
52.243,344.28693
61.385999999999996,0.5098809
349.747,170.63777
39.89,292.10416
27.517,483.78717
9.304,640.502
20.767,0.11049908
50.383,98.87656
0.707,30.531897
29.564,96.32875
10.21,88.64255
69.77,76.75246
1130.167,297.38812
9.13,121.2743
79.754,230.60178
59.747,61.891685
10.273,16.698303
0.17,35.61235
13.093,65.09146
19.477,39.565807
89.277,108.582
10.706,144.22906
129.884,194.44641
99.99300000000001,3.885033
21.65,61.862133
0.39,16.740574
0.707,19.430182
40.78,40.786076
270.157,119.478836
9.963,44.152172
0.516,20.669392
19.923,120.47219
1.097,16.825094
10.203,61.887585
10.403,2.7499485
1.22,20.837194
0.533,35.340992
40.9,32.38632
90.703,173.55507
0.034,129.87779
234.423,153.11226
0.08,51.816864
0.343,87.504555
559.82,217.39674
0.064,7.2243185
71.09,3.6592734
0.624,97.1243
9.563,20.22854
38.823,99.57366
78.653,1453.1978
1.167,2.9697506
60.213,202.63588
8.984,0.018868934
59.906,33.28115
20.2,102.4661
9.723,37.923504
25.157,29.78241
1.644,7.1396213
19.854,134.07048
8.7,72.29193
0.39300000000000007,132.5093
29.797000000000004,59.06831
59.924,28.36423
9.237,62.114136
0.263,28.816067
30.857,43.289326
119.42600000000002,4.0374484
30.223,78.62908
19.163,43.289326
0.58,47.211037
7.333000000000001,38.70939
0.127,18.194073
0.69,26.980993
9.743,18.660412
0.344,37.88496
129.017,2.6253226
11.233,31.421324
19.47,4.1043797
0.046000000000000006,19.121025
49.903,24.916288
0.11,19.806843
0.047,18.757864
8.807,107.08406
19.453,46.904892
388.70300000000003,38.384453
14.52,32.917004
1.44,14.811963
9.9,17.671381
0.28,28.049114
0.03,1.2407779
20.713,249.4284
171.753,121.319565
1830.3300000000002,640.65686
21.077,62.834167
30.153,127.5573
0.153,23.843512
8.597,83.98823
0.046000000000000006,16.530851
127.90999999999998,66.204926
230.0,147.56554
20.566,14.95652
190.764,94.34753
28.977,37.38529
299.577,8.735045
251.227,27.946777
0.344,35.207542
79.874,78.08439
30.056999999999995,38.393394
2906.984,303.95004
0.013,16.200964
9.973,21.658052
9.643,54.84503
10.187,16.84664
51.04299999999999,25.169933
70.163,59.341377
32.047,13.559101
20.104,56.011147
80.24,61.681892
30.540000000000003,31.71452
9.74,80.85167
29.793,199.49272
11.083,5.0966864
60.71000000000001,135.09691
14.406999999999998,2.5993102
20.117,13.430381
0.047,28.160358
398.923,928.4419
9.753,64.832794
20.187,54.79062
546.26,166.06342
19.87,245.41492
542.493,468.40533
9.917,79.17877
0.143,46.945595
28.683,119.83572
21.36,48.32724
148.066,162.7661
0.217,26.191711
10.867,40.62101
0.42300000000000004,47.138943
1.153,6.8051248
210.443,98.44269
220.25,92.54419
39.997,5.790647
69.917,147.27005
0.03,23.609438
0.983,14.9904375
9.43,30.459482
19.063,14.732772
38.91,0.9236758
10.037,39.98657
0.55,30.608845
9.757,22.412712
30.853,121.36967
59.936,418.42175
20.207,46.37833
19.917,49.3855
0.047,39.286114
9.887,84.04798
10.07,86.88586
29.407000000000004,72.51434
20.983,44.162315
39.107,177.67378
189.544,250.23222
19.117,53.695076
0.25,14.017195
0.877,0.054114025
29.887,55.69938
0.203,4.3691072
0.017,43.418365
29.16,43.296867
49.74400000000001,13.385688
10.417,114.0988
50.36,40.228928
19.237,58.121708
18.766,52.675823
0.217,39.617645
9.387,70.14201
31.040000000000003,45.947235
0.033,116.50616
98.25,779.44104
69.626,75.069016
28.524,52.857197
260.023,87.75819
159.926,532.4273
30.133999999999997,50.395977
0.45,4.0632954
10.437,15.671371
24.092999999999996,25.610634
1361.187,96.52899
89.87,80.84119
160.067,32.201733
570.463,152.05328
178.766,55.948547
90.076,68.885796
20.277,105.478935
9.097,38.1273
0.033,59.35045
8.706,17.133493
10.796,37.99979
1220.08,785.62415
709.797,327.41428
0.03,41.07116
180.4,86.35723
0.216,28.13844
0.47,28.852108
20.463,485.8254
0.567,35.828213
0.803,0.8579765
1091.18,244.39755
1.093,93.01869
19.58,22.622019
189.757,68.068756
19.287,118.22499
8.833,115.6369
0.39,65.36909
180.92,43.661053
39.076,18.31155
19.967,42.69829
8.843,30.99011
0.407,6.598037
10.083,34.69462
20.32,403.06732
39.603,50.978455
5.424,21.644411
19.597,118.85648
10.033,143.47835
48.686,98.313156
8.06,30.72098
20.08,37.72886
0.25,14.694294
0.283,120.68588
11.780000000000001,7.672417
9.96,36.7019
10.577,148.25005
60.72,136.26958
21.233,42.25826
8.573,93.6479
119.92,184.68373
0.03,40.787304
250.117,1.2765963
1059.297,332.32938
30.13,158.05609
1.13,29.238834
479.764,128.1261
31.147,101.18471
9.963,25.899805
0.093,20.838017
10.09,28.544073
9.813,45.62569
18.944,6.5251827
8.933,0.38686222
5230.5,1208.8951
0.703,52.290676
0.046000000000000006,20.738537
557.487,190.65295
0.61,29.414938
10.273,32.904484
29.986,14.178849
17.03,72.04162
20.304,111.062
550.053,270.51416
31.866,34.243484
50.493,39.565807
30.023999999999997,649.0645
370.093,279.91922
19.213,17.341492
181.097,10.282745
10.07,55.62803
20.556,4.0006027
10.374,29.170275
21.077,400.6729
11.277,0.99179375
2.19,1.0344199
0.907,56.05588
581.057,1264.3274
10.827,3.0945299
0.327,56.595737
150.213,187.44786
39.2,111.85123
29.24,77.82487
39.303,65.352165
39.564,213.68068
9.964,13.919818
0.296,195.92592
107.17700000000002,946.8581
29.003,16.504066
20.097,0.5384519
9.513,119.40214
360.27,154.23267
40.284,564.46155
49.897,120.50314
8.203,24.696707
9.0,0.16365826
189.007,446.23697
9.053,7.930884
49.693999999999996,52.715504
19.843,747.6309
302.516,82.265915
0.063,51.812466
10.197,27.929068
209.823,107.80231
189.22400000000002,18.807259
170.247,1132.7267
1.983,18.05488
9.643,22.577534
9.823,5.6898255
19.54,34.9978
0.313,66.00991
3920.623,1343.385
80.27,46.762886
40.26,22.47652
19.856,4.017677
59.71300000000001,90.04159
18.857,57.95057
11.737,0.07116423
240.107,92.55252
24.556999999999995,13.566098
10.183,26.48062
1206.836,390.29684
206.02600000000004,340.814
0.094,39.231686
0.783,117.081085
469.297,83.08076
39.74,103.80574
9.507,66.95494
1.484,23.820337
85.514,120.87682
41.253,17.629324
7.507,111.479645
14287.076,150.53667
9.62,66.0221
1.187,28.633583
8.343,18.79222
19.117,15.758086
0.45299999999999996,27.366512
9.877,42.561264
10.17,70.72836
19.736,29.671684
85.724,22.40845
197.227,780.1809
20.17,33.907013
9.877,56.572277
19.34,117.99579
0.077,30.290203
1.02,0.3878211
18.997,77.72412
219.947,31.966843
20.18,28.175034
19.75,22.268444
19.933,76.140305
91.763,65.715164
93.66700000000002,87.78847
0.204,29.671684
9.663,15.052419
1.6299999999999997,43.53164
430.616,18.99871
10.61,14.972498
0.767,17.133493
19.847,14.32091
11.233,95.34267
399.973,135.5941
40.88,35.46337
0.533,0.2703687
12.09,117.500565
20.003,54.820168
210.03,623.60657
0.19,17.122826
18.176,69.6886
70.147,40.104046
69.33,102.7146
19.36,145.89471
29.286,38.410503
1.127,16.447887
39.993,22.40955
19.617,91.969025
10.013,31.005146
0.03,43.02315
21.13,1.0090406
110.79299999999999,119.28623
0.034,0.1890627
10.02,115.98638
20.696,18.591187
0.016,30.49684
1.337,64.31529
410.10300000000007,188.79868
270.423,73.019104
0.23599999999999996,17.935421
19.764,50.779087
32.27,70.07843
1.413,19.549086
0.063,30.334188
1.233,36.903275
177.327,283.43384
150.04,120.610146
10.633,5.7796693
9.787,17.713223
1026.69,747.63763
30.03,24.987331
89.873,504.23383
30.297,327.41428
19.133,62.088707
10.34,58.172863
8.736,111.82042
315.993,313.914
10.0,38.856995
0.39,18.204636
29.183,113.68033
10.04,1.1138191
9.52,104.5587
10.403,29.90316
20.06,145.2351
18.674,21.853762
8.297,18.023314
12.167,23.236715
20.153,2.2373369
219.797,343.26703
4.126,46.792877
7.003000000000001,57.911354
9.514,38.810814
0.504,109.68062
20.067,62.81621
40.013,3.4656549
29.894,14.252143
10.66,22.877409
0.36,29.996115
38.913,3.2403522
0.297,52.6758
11.07,39.398464
0.39,45.26614
8.623,131.6962
9.903,8.069732
21.03,161.84164
10.11,17.491507
9.21,29.815123
30.214,36.671867
10.023,25.852411
10.477,44.52986
0.94,42.014416
30.01,92.34411
40.077,58.740875
29.362999999999996,22.76244
10.38,0.15102726
1583.446,151.87704
69.46,208.11896
10.36,23.209002
0.09,18.038656
19.394,151.65863
39.96,213.3517
0.233,15.8503685
3.773,98.84552
63.02,172.36668
170.264,83.819725
71.04,43.40906
19.817,37.770477
0.843,35.866898
0.22,28.393427
30.807,22.13478
0.14,37.402176
0.22,28.549978
10.75,17.553102
9.517,16.442455
9.803,16.360725
9.06,114.87731
10.14,20.392735
48.23,34.472828
19.914,37.55663
29.536,47.1599
30.566000000000003,232.98154
12.2,16.717304
19.503,21.24139
1811.177,233.2314
99.647,351.84647
269.86,390.82468
1.08,20.091917
0.077,43.896328
170.903,56.731037
0.814,19.72968
50.427,247.29683
180.034,161.18776
19.42,38.667625
20.85,83.72249
0.7499999999999999,24.029848
20.063,80.1175
0.033,18.700914
10.59,0.041391242
0.049999999999999996,18.587597
80.57,120.61593
17.767,119.13132
139.906,161.77612
19.517,43.230156
20.28,74.611305
81.453,438.95444
10.42,314.1038
0.19999999999999998,68.54416
150.45,46.31411
9.717,95.85921
0.45299999999999996,29.663599
50.263,19.22048
29.880000000000003,188.64929
99.767,97.47323
19.22,0.9918371
0.157,22.80579
129.837,161.49944
530.75,109.38656
0.563,84.41893
9.344,55.69911
0.67,51.816864
10.297,15.186817
46.976,36.136112
1340.916,716.0199
21.103,32.15466
70.547,555.4402
50.047000000000004,10.023136
259.8,0.09152054
7.170000000000001,16.656267
10.054,45.09692
0.39,18.341593
18.327,90.81547
10.32,59.14685
39.073,126.77272
18.776,55.45487
0.046000000000000006,43.972725
10.253,49.36013
19.057,117.081085
29.917,57.718533
8.924,32.189842
12.440000000000001,175.06438
0.37700000000000006,33.21007
1.003,17.964108
3.4599999999999995,48.50979
50.11,295.4219
8.853,0.29184628
19.707,91.68393
1230.11,437.2467
38.7,2.5443602
700.89,506.84454
0.8600000000000001,25.703531
80.454,96.92222
32.28,42.790276
0.25,152.2704
611.024,175.3882
20.516,25.288776
611.346,508.735
49.767,68.35894
0.047,56.295517
0.31,39.204456
49.4,65.001335
399.084,73.68438
19.296,114.82348
30.237,19.897226
9.687,18.781122
46.967000000000006,161.9512
19.203,33.907013
30.097,64.57398
19.833,24.284393
1991.0329999999997,193.26491
0.11,176.29784
0.14,160.9462
10.4,10.762743
10.473,15.07383
37.307,0.33625367
670.054,216.01932
0.23699999999999996,18.808374
0.74,24.955551
10.063,386.62695
10.37,7.517273
979.107,1128.7383
8.353,4.1983557
67.51,100.28165
19.977,120.65782
1389.317,80.29523
0.504,24.192932
9.653,77.146324
19.973,43.876442
1.03,34.137024
60.029999999999994,74.33128
11.924000000000001,27.030851
249.533,314.7361
30.302999999999997,10.260416
9.03,30.265837
19.23,637.6373
109.586,208.03477
59.926,36.100388
46.387,580.6839
114.53,102.09386
26.424,31.4082
545.354,199.39124
20.907,75.37107
1.11,30.778788
2.057,63.030453
0.704,30.921886
10.654,35.512173
0.25,42.289513
1.13,50.333454
10.283,47.664673
17.873,22.500185
19.79,46.042835
1.237,545.60944
550.65,157.34686
20.21,47.60452
9.007,78.09751
39.663,44.501995
279.766,719.96924
9.71,19.777225
190.076,129.99538
7.994,18.77382
0.733,8.909132
110.056,121.7376
226.344,213.09146
0.017,23.117865
30.063,36.786003
39.9,75.57844
16556.287,2785.674
8.983,6.2101774
10.147,27.435982
40.034,412.83536
10.867,115.07984
1530.1169999999997,1266.2297
10.83,22.845018
42.017,122.07995
251.18,154.28452
9.637,29.259878
0.22,58.701973
9.127,43.694843
0.22,67.72023
4.597,209.05226
166.343,930.98956
19.104,176.4282
129.84,150.38203
265.866,593.0529
9.97,36.52499
10.603,4.0726986
1.05,3.8360486
69.717,57.001682
8.69,51.986237
201.15000000000003,683.59546
20.32,123.99996
0.81,281.05475
8.594,24.778826
110.307,47.82362
80.78,83.72435
125.463,537.06006
2.29,25.351475
0.143,35.235653
9.877,58.121708
200.177,171.78793
41.01,0.52941585
210.19,128.77843
438.423,576.31
7.887,20.145502
16.277,31.815449
40.013,46.654205
0.304,27.931303
0.11,19.556507
19.286,39.734596
40.13,41.069183
8.65,110.02037
9.08,19.671007
30.574,70.22232
69.923,54.112335
143.146,155.84227
10.33,27.37552
369.73,307.35
10.547,43.668518
9.873,99.68173
20.35,59.54292
119.434,76.104324
20.26,177.98549
10.04,15.877652
18.197,147.82047
8.037,0.33625367
80.747,43.811775
160.003,269.56415
9.203,15.599074
10.6,32.666218
0.157,21.475355
0.08,39.737305
19.99,34.989048
0.0,31.987368
21.327,58.558334
8.83,36.252502
0.687,24.771738
20.333,38.270992
10.037,113.0466
19.823,3.768121
191.506,99.00772
520.294,1565.5316
51.143,25.650137
1.313,93.449875
10.92,111.1195
110.83,20.976309
9.914,172.3905
8.84,156.11232
0.157,107.57595
9.817,13.86044
19.95,63.324867
9.11,177.52657
19.907,16.11097
330.1,127.440704
0.25,32.52554
19.823,107.09452
0.204,16.2871
29.58,20.730532
0.873,56.644108
0.0,31.627337
29.45,15.616514
39.517,152.7773
48.59400000000001,270.80243
10.877,1.0591923
1239.196,169.94989
0.593,35.16518
19.314,15.959871
19.43,26.949305
8.417,43.761837
518.796,87.4226
39.937,49.062824
0.317,22.311579
0.22,254.75954
0.903,38.200127
2936.85,110.52839
348.237,478.31207
9.5,18.009447
19.74,28.284012
29.389999999999997,44.45464
9.883,139.5286
390.84999999999997,155.278
19.746,47.21007
79.887,132.22675
0.03,33.901993
12.237000000000002,56.295517
15.003,37.860657
9.373,20.941637
7.957,19.277153
2.77,60.62483
29.956999999999997,38.33439
12.189999999999998,15.270502
19.097,120.89372
19.39,14.711648
19.32,55.566513
11.02,39.98657
340.223,217.81079
11.21,1045.6289
0.17,13.850714
9.906,18.28128
675.596,462.2239
21.496,20.628912
9.523,6.6056156
186.927,385.0486
19.917,2.106529
589.187,391.024
19.634,1.6000334
70.473,52.48446
2.923,29.505953
9.473,0.046595246
19.97,167.67558
9.047,23.349672
7745.533,5401.2563
8.853,49.61412
10.923,0.026175689
10.84,5.308817
30.29,36.629642
0.016,17.207153
9.353,6.0611916
219.903,80.54472
9.613,15.2972555
38.397,133.85817
9.627,31.279076
11.336,28.637213
110.90000000000002,72.13569
20.52,198.04254
28.92,17.470905
129.846,326.9837
1.0,118.158195
89.39,119.769806
3621.1500000000005,1028.3608
120.683,149.37654
0.046000000000000006,28.549978
0.013,247.4555
0.827,56.693092
11.36,29.863096
9.303,25.80881
0.017,37.649376
8.98,18.19409
50.31699999999999,61.64087
21.96,83.12608
0.14,52.06323
1.413,16.824997
49.877,47.734493
7.257,40.819126
10.94,55.45487
10.033,15.893509
50.09,40.521854
1.064,34.366615
0.017,28.183746
19.064,117.8759
30.716999999999995,74.311356
81.057,0.21624966
20.91,32.815624
0.343,53.451553
9.007,16.99239
1334.637,391.93625
6.756999999999999,21.212204
2530.62,1012.9057
39.877,60.973812
59.07,15.415284
200.65999999999997,813.5546
0.046000000000000006,16.809942
181.02,38.851665
59.707,131.2202
57.815999999999995,0.63820773
9.22,0.6387046
37.97,59.713886
9.993,73.69944
0.12300000000000001,47.057457
382.48,71.72682
0.067,16.420454
39.873,134.59698
9.064,47.25571
18.397,19.435999
0.36,57.022453
19.13,71.41927
8.75,19.150515
0.093,30.833838
80.983,91.18859
389.487,66.81215
110.77,17.41701
0.81,15.285184
9.386,43.914394
19.637,87.28207
1069.86,1146.5294
8.156,42.394657
20.647,51.611183
10.967,110.39533
18.737,0.30871287
7.81,72.83965
31.18,86.6307
8.593,29.935356
10.113,16.916552
8.71,16.867434
0.173,23.349672
7.697,77.82487
200.053,49.67057
9.874,205.87209
19.797,41.060688
149.57,118.98069
1720.5569999999998,46.70909
429.41,150.79877
231.67,103.407234
10.353,22.282587
30.927,82.94869
0.61,182.53986
191.294,97.12486
51.367000000000004,76.72636
0.8559999999999999,33.206623
0.296,80.74946
80.787,69.78714
1.08,56.95568
59.487,116.658646
0.253,36.35936
10.043,0.1890627
19.79,118.75719
170.923,45.037125
42.617,123.82533
10.297,16.242893
30.13,27.374647
29.510000000000005,60.94534
8.37,52.084103
7.932999999999999,52.256218
10.037,80.10023
86.833,70.239044
90.073,83.91703
39.43,29.660625
19.193,14.230133
0.03,9.779572
0.33,65.592285
49.877,12.490191
174.66,169.76152
9.06,98.86123
111.053,45.35448
9.847,22.798182
9.297,42.72529
40.017,22.57807
10.883,46.80313
8.51,65.56715
39.527,42.463505
6.445999999999999,6.9731917
2150.403,617.312
9.174,62.35657
1.076,54.60276
10.01,31.926138
8.97,40.819126
22.81,111.45531
78.293,92.17643
27.932999999999996,84.42966
0.23699999999999996,28.187561
99.82700000000001,7.626117
70.02,23.782429
1.143,20.737305
607.893,575.6473
10.64,0.6133479
601.027,119.52424
18.85,29.836086
89.887,119.01022
16.826,126.330055
68.88,66.74569
20.376,50.118015
0.233,34.708305
299.18,355.6554
490.117,302.1691
9.81,50.22753
59.817,95.32176
79.79,57.989155
21.677,62.45547
39.576,58.920288
20.57,32.564106
159.074,306.87497
0.567,42.463646
90.003,94.65069
0.92,21.465397
39.753,120.24916
528.873,117.87737
8.897,6.5481453
20.31,31.190575
7.983,48.020035
0.58,19.102324
39.57,61.101974
9.953,53.84759
20.443,21.784689
19.863,132.74654
2925.936,1830.0187
199.877,51.64047
19.23,57.49351
410.284,630.1512
20.003,13.765411
120.02699999999999,14.7054205
119.20999999999998,113.60332
9.56,26.609325
20.61,116.665085
0.063,45.82546
19.75,14.924515
12.703,44.889603
0.333,63.620625
260.29,53.111492
10.99,113.712204
0.4099999999999999,121.13143
10.013,22.990068
10.364,47.426384
170.347,38.87444
560.88,94.84081
9.174,35.980247
100.654,1.1767783
19.077,41.176567
50.613,19.334011
10.684,136.64088
8.41,14.722045
70.007,21.397388
10.126,40.516144
0.11,27.229223
278.203,407.67017
19.68,77.32439
7.96,0.054114025
38.797,16.638762
8.75,25.660189
90.933,199.67296
56.693,95.19252
1234.363,159.9549
9.913,318.24106
9129.16,151.5057
69.843,520.6785
18.737,48.88983
30.253000000000004,30.178202
39.687,70.767365
1.86,33.43682
10.923,35.201286
20.017,22.305626
29.6,197.11
0.407,27.639523
9.56,19.4036
19.803,22.572128
61.6,29.033205
19.12,18.707771
140.06,49.884087
241.93,52.211636
9.756,568.4632
78.734,91.991264
319.827,223.6998
40.466,66.89011
1041.45,45.128914
1.023,2.700896
0.313,58.190926
50.26,229.84421
30.08,252.16919
2114.557,6596.228
19.694,28.725864
109.33299999999998,166.75305
0.046000000000000006,23.872755
19.437,25.036585
0.25,39.196823
452.684,110.20717
30.149999999999995,4.387829
0.017,29.905499
10.49,44.26624
110.126,3.9030054
8.72,17.655836
9.21,42.214474
19.333,63.27368
20.823,44.924133
0.64,61.887585
14.33,43.252754
9.23,23.379105
9.427,52.156097
2.513,82.253395
179.61,43.952477
69.5,103.6236
9.82,420.94052
1.143,74.19734
9.86,1.2296227
0.06,49.32039
19.33,47.888866
0.677,14.016606
10.28,50.902145
8.9,64.699066
29.786,36.75193
1920.72,398.26605
20.274,115.77946
9.157,53.34221
30.834,170.8423
90.227,303.09412
28.683,130.95189
70.017,80.77058
0.61,55.89771
40.05,101.855965
10.203,0.14446433
9.36,68.598946
21.48,14.0283165
1.633,159.1926
0.064,72.66837
9.827,96.688805
174.186,872.71136
9.06,0.3878211
40.267,84.99662
39.544,222.4948
0.43699999999999994,31.287735
619.993,254.67062
21.04,6.1039248
17.75,0.06545137
38.123,84.32351
39.93,134.26013
0.11,25.610634
0.093,120.11968
0.64,17.087845
20.017,18.979177
12.060000000000002,0.53398556
0.826,55.40378
10.794,29.157116
8.913,8.82878
20.203,33.21007
10.61,44.256374
8.927,23.135973
429.5160000000001,471.4541
199.98000000000002,510.18216
49.14699999999999,0.33453998
8.6,0.026175689
1268.157,317.3782
499.63,667.37164
9.456,7.2243185
10.29,16.465136
1.25,30.638174
459.053,233.52473
40.114,62.13757
1.194,43.12568
0.173,50.856873
8.887,32.571617
9.614,30.562418
9.63,33.582375
34.686,72.57636
0.06,112.84642
0.19,27.639523
9.457,39.86827
38.54,62.3436
10.03,98.28458
51.959999999999994,63.359375
9.787,44.36532
10.394,46.50074
9.597,0.29184628
12.219999999999999,6.406818
0.187,0.2438934
8.54,22.972937
30.22,61.70437
140.633,87.0267
19.974,172.61507
9.876,10.213604
19.93,69.36575
431.503,61.096737
30.017,18.880323
0.17,6.9731917
10.333,17.37897
1.267,27.328989
9.827,27.109802
38.21,56.743095
0.53,22.032557
9.93,377.0435
39.95,801.28925
19.826,33.34403
20.147,45.137985
21.023,48.977833
0.89,30.599133
20.22,57.065704
19.947,73.83454
50.246,216.17001
4341.92,2501.533
0.903,41.877544
19.83,75.03188
199.96700000000004,48.155766
0.314,115.38345
19.997,22.282587
49.933,31.535688
169.823,60.91968
176.113,329.4891
0.14,17.517286
0.7499999999999999,14.211451
9.58,42.776638
27.55,0.7693565
0.11,65.92504
21.08,4.870324
10.28,167.80566
0.8600000000000001,24.265549
39.873,3.0870311
0.063,98.20818
0.0,6.30606
249.99999999999997,133.64093
8.123,23.009453
0.013,33.237366
10.217,78.9012
0.39,39.106464
0.843,22.07776
0.31,49.363857
19.54,79.97556
20.233,74.69891
80.34,0.32998976
31.77,36.872288
150.346,0.40625387
20.55,18.272314
0.013,25.505358
20.263,12.086285
0.11,5.51278
30.013,1.8070254
19.077,108.70842
49.113,31.219128
1381.09,415.99924
69.88,96.57407
99.26,94.02382
0.187,26.504951
18.977,40.155643
1569.907,813.3532
456.683,264.565
8.76,161.58159
1469.317,91.338234
38.71,194.84555
39.077,19.228376
51.589999999999996,55.208035
40.136,174.4137
139.493,307.26688
28.233,38.560642
0.0,49.02115
29.827,146.93648
69.894,209.79164
8.996,2.07881
30.317,15.831388
49.78000000000001,148.76234
10.443,0.36653385
9.213,19.334011
70.223,85.97936
0.03,15.8503685
28.597,81.03171
59.586,69.65513
0.72,9.115967
399.05299999999994,298.0941
19.627,0.053780947
9.043,17.543911
10.25,26.743013
30.170000000000005,50.214027
8.673,23.151474
0.326,90.06559
9.526,4.2301598
30.317,26.857132
920.183,45.309364
223.313,636.7474
12.397,17.12283
110.14599999999999,116.807
19.767,60.91064
18.91,30.976025
20.057,57.490284
39.956,113.51455
160.007,637.1171
20.306,59.84407
19.38,60.503227
9.613,44.1914
289.85,116.90383
30.657,0.012609136
10.484,86.90401
10.447,39.554047
19.623,86.88586
0.436,4.3052993
0.12300000000000001,6.3311
8.69,1.0820723
8.817,58.70247
0.22,83.70232
0.37700000000000006,122.081764
12.077,68.893745
49.926,79.28887
10.184,28.816067
9.804,33.573513
18.867,0.46935216
139.503,45.34243
30.077000000000005,50.06233
29.379999999999995,52.381058
18.68,160.33115
38.744,39.111305
0.28,51.034733
20.64,90.88051
9.433,52.250813
0.47,15.341713
5.593,42.593475
30.142999999999997,85.21644
79.857,75.733604
1.6099999999999999,294.00607
633.32,1039.9832
10.13,11.961855
9.476,17.618107
9.084,71.99776
440.004,387.48953
99.11700000000002,51.073154
10.14,30.01032
11.01,42.40233
87.573,139.3104
19.92,56.400826
28.303,159.25162
1.02,2.2373369
17.703,41.34771
20.177,17.693758
20.02,75.61615
99.88599999999998,237.5301
260.02,196.62262
60.38,114.48159
10.07,17.605648
10.02,28.065477
0.17,15.410434
0.11,132.74654
9.913,4.0172777
10.173,27.442415
8.523,16.509949
9.733,50.472946
20.126,108.96566
0.843,15.721652
321.807,638.6899
19.44,30.568842
28.847,30.74188
12.027,32.03543
0.013,34.49258
9.673,16.231846
540.22,2.1258988
0.077,14.849405
189.77400000000003,0.09402816
119.767,35.570072
219.72299999999998,513.6949
10.117,123.22986
9.713,131.10039
8.663,147.92984
210.127,221.17557
0.047,28.06135
160.177,26.393648
1460.103,717.6304
0.127,22.793922
429.93700000000007,169.98907
29.510000000000005,51.812466
870.296,5.5533333
717.23,130.26122
210.934,200.1345
20.037,90.67884
49.336999999999996,58.410866
119.176,128.08907
10.087,67.79366
0.016,37.72886
1129.647,2051.796
1.063,247.20714
19.19,104.498055
70.053,118.77826
0.25,21.545406
19.153,53.899452
109.993,28.716011
29.773,42.68702
0.033,48.972507
29.8,16.684668
4.41,45.80786
9.68,44.626045
9.003,54.301636
5.263,537.01654
180.13,111.49878
2150.14,440.82654
110.04700000000001,197.01659
0.127,90.47881
0.733,6.245237
181.117,150.9206
49.85,0.06930892
540.997,569.24896
120.83,129.95163
19.0,18.662544
19.963,11.376491
1.0,55.15687
10.137,4.0083466
270.294,120.68529
8.576,15.558501
20.1,193.79568
15.203,44.78674
10.313,20.50296
169.407,320.3015
19.763,355.26886
28.123,10.307501
8.814,50.48195
17.92,50.358326
18.004,45.034035
60.546,18.898996
28.953,4.083782
0.704,32.690937
8.07,50.6469
17.864,46.010708
1.047,30.670647
10.273,19.777225
9.48,83.691
1142.257,622.9065
0.064,22.506075
140.237,287.00916
9.114,135.55061
219.03699999999998,246.15329
1.257,105.33684
10.986,15.400184
50.783,52.71166
79.583,41.980022
0.093,23.628931
0.803,36.785305
9.72,54.506668
29.997,72.404495
0.22,22.427692
131.21,244.35188
8.453,134.58893
30.75,0.047473393
44.853,225.2217
0.22400000000000003,15.211365
480.82,509.46164
365.653,67.98166
11.23,2.0992136
29.03,21.839882
105.693,66.511406
1.577,33.09215
292.263,262.07596
0.45299999999999996,141.43256
109.85,11.893563
0.08,24.842655
11.926,6.6801043
49.52400000000001,48.162395
31.9,72.470436
290.017,249.92583
9.71,16.958986
0.313,28.717459
1754.66,372.92218
62.954,0.4593402
10.12,92.20306
0.287,194.00533
9.92,31.005146
2.14,60.002342
20.076,41.38882
60.07,310.62958
19.384,143.04408
390.543,438.0835
20.51,37.013966
20.157,174.49269
29.762999999999998,128.6937
699.597,79.092155
0.077,47.243813
45.284,25.989756
7.672999999999999,0.4309627
0.36,43.311123
179.487,142.36256
0.72,27.815195
20.557,19.47953
1.14,62.82046
71.71,88.80068
48.96,42.636192
10.416,0.54414153
0.28,21.10247
18.353,26.770626
20.35,31.570372
0.5,22.37557
589.33,58.400013
219.92,157.95856
18.563,32.35396
4244.82,1114.9939
69.313,64.669464
0.233,49.231213
1180.317,389.683
20.1,3.9228194
19.463,47.989014
10.856,14.052496
97.064,36.977016
1228.98,278.4041
2.157,33.41067
64.146,23.236715
5.83,36.308704
1.58,35.16518
49.82,157.39218
32.273,120.14786
19.88,54.52984
9.88,39.53137
10.114,51.308544
0.58,30.833838
19.883,1297.4587
0.14,7.906284
80.464,88.7586
9.47,32.666218
99.2,44.317726
99.68699999999998,82.97224
20.283,23.371973
0.797,21.114817
291.197,4.79209
9.236,42.784508
30.537,84.407
1039.337,251.43517
0.864,296.2904
13.733999999999998,103.948524
19.037,95.66399
0.033,30.920145
11.286,80.44005
20.01,88.0415
399.96000000000004,94.30927
20.573,74.783134
60.493,72.39926
39.83,39.11563
19.84,55.05231
99.967,194.08295
19.06,83.88247
369.197,397.5107
278.403,200.30144
80.097,79.947556
21.626,27.8714
18.083,31.290035
239.56,136.69514
19.48,67.366325
10.934,40.108494
0.986,14.752182
29.277,53.463238
487.02400000000006,106.29118
769.5839999999998,208.37523
0.283,27.668346
0.203,32.86437
17.097,5.2198467
50.027,83.68611
0.127,57.832855
3476.5999999999995,775.48615
38.993,4.394026
320.247,117.01266
10.977,126.32795
30.556,60.788467
19.963,18.794405
229.703,53.071835
30.956000000000003,74.639015
20.154,75.344246
40.087,80.51267
19.284,19.616459
9.13,171.49591
0.94,36.076584
9.923,22.637743
0.127,15.980149
0.567,38.639484
19.34,58.790806
210.784,79.37799
9.86,16.733156
30.697,143.48358
19.613,32.664066
9.517,37.24299
140.06,58.82334
10.036,26.382317
30.114,28.389332
7.6370000000000005,121.71542
10.54,45.69059
86.003,138.0311
9.147,1.3758426
9.86,95.640175
9.986,88.82165
79.857,27.238403
5401.76,588.5072
0.076,24.18306
0.153,17.553736
39.92,71.065674
64.336,154.69798
8.593,14.96813
180.96,41.53389
9.56,19.449902
11.766,59.114944
19.04,62.994083
219.18700000000004,95.73065
0.907,3.827353
0.266,132.66847
0.614,87.882996
39.95,146.25781
8.92,6.638944
0.049999999999999996,10.001286
19.933,107.73832
1561.047,182.55911
0.674,14.653428
0.186,86.90989
10.727,119.18504
149.763,54.396637
979.7199999999999,195.93355
8.177,22.92016
19.737,88.775
250.61,57.678745
10.173,32.753044
93.217,67.094864
99.48,159.66068
9.217,62.280247
502.167,62.14083
1158.663,305.35413
0.233,48.050564
0.03,15.639417
0.23699999999999996,46.41394
109.1,6.97423
29.742999999999995,230.78957
9.654,30.368423
0.78,31.632776
0.217,126.61029
19.08,18.313446
19.66,18.995377
19.993,67.37653
20.354,130.44365
10.036,197.32121
0.23699999999999996,56.968353
20.417,26.30147
4163.64,606.37494
10.953,0.054114025
19.594,19.612469
0.156,17.52021
10.16,35.648823
0.36,28.700113
0.263,49.400284
9.76,40.935005
1403.553,313.05005
10.683,18.49031
20.273,254.38625
20.387,250.27376
130.743,23.252178
19.423,67.5832
369.967,132.82217
9.67,84.42966
9.843,98.88974
80.213,24.10721
21.19,41.67855
19.433,122.5499
19.873,21.330416
7.046,17.873812
0.08,0.022963477
9.417,122.4579
130.534,80.279144
0.72,21.157812
10.56,61.257008
8.62,14.33654
29.137000000000004,36.506077
140.02,50.056202
9.37,39.48858
9.79,68.040184
12.514,102.89947
0.656,33.17113
14.713,163.80052
18.607,0.1344772
10.213,27.020575
10.617,17.392717
0.613,38.958336
0.013,85.56409
220.086,182.72404
1192.05,453.41748
0.28,16.375877
67.893,309.80246
79.9,65.38235
41.187,38.103443
9.534,26.478611
19.993,52.253674
0.407,18.962837
0.11,0.049470272
489.74000000000007,265.214
0.983,23.793951
54.42999999999999,36.705048
39.637,73.6389
20.534,36.934673
39.883,19.0389
1.18,56.732277
19.103,16.341923
293.927,19.118582
49.093,53.534763
11.19,39.307384
0.013,25.166645
2.03,39.704395
119.323,112.09474
68.293,67.79748
9.64,66.99299
111.22999999999999,109.57881
8.793,40.53305
12.023,0.3878211
9.82,20.631458
10.064,27.274462
130.16,54.58876
29.8,35.84811
1472.297,110.10331
10.044,42.668198
70.174,58.085102
7.814,13.766905
0.156,14.56207
449.39,36.839046
21.903,31.005146
10.07,27.731602
1.237,15.773309
0.656,26.825169
60.157,30.083317
18.847,0.14005704
10.3,17.58024
170.424,88.12031
0.863,90.00486
19.0,62.35657
90.337,117.01295
125.703,28.848808
10.573,7.39674
240.54,80.4243
39.927,62.09941
7.497,92.96182
1271.027,875.8259
40.13,43.651066
18.847,147.50531
1142.34,408.52707
610.217,111.387184
20.1,110.21482
50.33299999999999,106.79873
0.016,22.106337
1141.614,16.161976
458.94,280.868
356.103,118.75719
0.33,19.4036
80.19,34.27442
9.193,48.824112
1019.78,1880.6523
2.203,67.10094
20.237,15.447151
10.824,26.948431
0.127,43.125656
29.84,60.503227
470.036,117.51878
729.337,138.34778
0.014000000000000002,68.49059
369.907,522.50244
0.39,88.071175
10.09,6.389102
29.063,30.106419
0.16,120.120895
19.174,61.71821
41.07,0.32336783
19.65,132.5093
19.79,14.448248
0.39,37.555428
0.334,39.10387
0.03,70.97884
19.606,56.972374
10.397,48.043278
10.06,126.61029
9.644,46.34472
171.093,61.653732
0.047,6.4968586
8.68,28.717459
60.09,156.757
119.42300000000002,393.45007
18.806,112.898285
9.857,101.37507
20.754,63.662907
0.48299999999999993,44.13171
250.92,2.4762583
80.87,121.167564
10.147,21.288828
20.82,29.055983
10.197,18.832632
81.843,231.93506
20.064,69.83581
5.627,91.55649
1.016,48.887302
19.54,66.50123
10.853,37.025047
10.304,55.62803
183.064,87.36885
0.033,45.942444
191.333,208.9834
19.937,47.58824
0.14,18.929659
8.83,20.021318
19.833,71.83067
1.03,17.385223
29.163,2.0992136
18.767,146.49701
29.574,25.550943
0.033,18.891647
0.313,16.357946
60.213,63.391335
9.39,36.990253
7.2059999999999995,24.593054
9.743,274.4793
39.86,54.31007
9.817,71.06216
29.537,202.75252
5.19,15.270502
239.63,13.586484
11.233,30.326063
2.473,81.622154
269.444,147.76144
10.247,16.0139
9.76,192.23222
61.11299999999999,35.87882
20.083,106.8676
8.786,4.3385177
559.823,107.50176
19.896,39.33065
20.933,30.272644
9.413,50.31752
0.19,42.025368
60.613,1.3646648
0.077,777.8281
0.187,28.717459
80.773,54.955452
11.16,44.93317
39.853,42.132816
10.053,5.4934483
279.913,216.01411
0.063,41.468307
8.0,15.001961
8.76,22.282587
0.17,18.588572
10.94,35.526463
8.387,21.041155
20.41,66.78027
139.213,284.56976
0.03,28.383476
19.77,143.89355
13.393000000000002,157.57533
29.780000000000005,82.91616
19.0,296.2904
1516.5760000000002,463.04648
19.997,47.2113
10.04,16.859869
320.56,84.28627
10.503,0.14491084
180.173,87.33817
16.116,98.53585
80.446,903.1819
10.037,21.60671
60.427,140.48164
20.217,201.95651
29.953,36.5599
29.887,89.08698
100.98000000000002,137.33347
20.077,0.8273557
10.483,68.009766
149.553,55.80248
60.23700000000001,1185.6262
20.24,130.54355
1595.9,781.8845
1818.62,468.15573
19.574,154.2642
0.033,18.422903
579.527,246.26186
20.014,247.95438
44.11,64.88594
0.42300000000000004,17.097832
0.049999999999999996,27.052452
19.733,155.00908
9.073,99.0549
79.73,166.11511
19.59,53.3369
9.69,17.832596
19.593,46.37833
11.313,45.4521
39.75,20.562307
218.91299999999998,185.19374
20.964,0.68761474
18.36,80.99133
569.14,105.06349
30.813,2.652187
0.047,35.97486
149.976,283.4741
358.953,27.161469
20.786,556.2108
10.677,28.06135
118.827,106.36524
7.866,33.917694
8.894,65.061966
27.746999999999996,110.09503
0.17,10.623971
9.453,84.11539
9.99,14.804835
9.543,21.54811
158.923,55.03519
1.033,68.14449
10.397,48.64548
30.176000000000002,207.38063
0.11,0.049470272
10.973,61.70493
19.374,9.483878
118.527,32.32021
0.516,17.5834
90.657,72.01586
18.826,73.173065
7.926,0.061683677
90.67,76.754234
120.23299999999999,189.21172
0.25,42.462936
11.643,30.599133
59.614,139.56091
20.02,56.21876
10.157,27.052452
240.313,516.28174
249.63699999999997,208.84244
10.337,16.740574
39.953,165.80843
741.18,43.167942
0.173,9.3686285
59.4,45.26614
0.42300000000000004,6.6225176
29.733,25.337032
20.154,27.119396
80.776,133.09927
0.36,368.72482
324.674,483.31207
60.976,97.38356
8.9,21.732817
280.23,197.94247
1.8,22.835676
1.334,142.735
0.77,9.25651
30.387,0.6166205
40.36,13.095608
218.446,66.58497
20.2,28.078108
0.28,132.81187
0.12300000000000001,60.953228
9.04,14.446195
0.157,24.085873
38.89,20.010662
158.82,219.51445
18.823,50.8415
10.02,120.163795
39.903,38.293465
0.487,22.939413
19.033,4.8230166
0.43699999999999994,40.66555
0.36,90.41468
80.79,314.1758
88.783,559.68024
279.877,0.94722944
110.133,108.16859
141.137,33.349743
0.11,24.228348
31.206,28.260462
0.7369999999999999,0.2603938
30.12,121.87853
20.32,206.46828
0.95,45.992344
0.093,21.10247
0.673,78.147
0.143,420.94052
19.02,104.028046
79.864,20.171131
20.276,83.93795
39.733,156.49422
20.277,46.44825
19.78,19.205698
411.357,265.69586
449.48299999999995,89.57459
0.08,6.5371404
4986.754,844.6486
0.22,1.6817212
30.09,20.124054
0.047,14.053726
0.596,38.810814
10.303,245.81476
70.317,108.43938
0.047,28.466589
19.95,31.517374
20.757,139.0506
9.173,35.82823
0.064,136.11461
0.06,63.790295
75.873,44.06487
0.11,94.87201
11.347,33.291527
20.98,44.66148
18.916,46.85225
19.293,0.087208346
49.937,456.07343
0.017,1.2296227
19.88,32.067966
21.12,98.30366
10.097,16.15574
10.287,43.287056
8.73,0.14491084
10.644,45.395164
0.017,41.110603
5769.967,32.727352
119.674,196.10144
210.227,120.01433
10.5,98.46607
29.009999999999998,31.81994
2.833,27.867456
0.233,15.639417
9.543,115.46201
9.8,17.7288
260.074,108.04212
210.16,45.422012
151.81,144.69022
160.223,96.03708
18.397,0.4483977
19.074,145.63304
0.033,37.649376
10.303,41.396355
280.137,40.35674
30.706,56.870926
0.22,23.714949
91.217,1.4402769
39.987,145.10669
209.966,138.58426
79.517,39.11645
0.893,18.28128
10.433,1.6629474
18.753,46.267563
7848.894,553.96014
0.077,39.359894
29.340000000000003,138.88437
0.563,14.303948
29.79,12.281554
470.003,23.830233
20.71,0.2538577
60.633,24.911892
70.31,203.15964
10.073,44.318146
109.85,156.95558
0.016,63.598427
9.947,14.702717
0.873,27.565203
11.617,28.739666
3.41,68.3244
8.754,45.181232
19.693,86.60585
766.0139999999999,298.35574
90.583,28.770004
1260.47,117.20874
8.377,39.979156
0.28,19.103035
90.164,18.273703
9.91,71.19384
120.31,65.56679
0.297,17.633488
30.46,81.41188
8.57,57.1067
280.057,319.594
8.447,19.820652
0.85,28.383476
10.87,76.74595
10.394,36.53188
203.603,330.0403
20.89,51.046074
340.024,421.00278
29.833,33.337402
19.173,76.512825
19.563,115.048195
294.337,106.662254
41.127,0.69338316
0.47,112.0199
56.156000000000006,14.739938
1.36,307.25082
0.313,0.62950927
69.763,33.71343
2.393,71.74836
109.02999999999999,516.3027
9.17,213.82373
18.737,17.00516
5.33,20.79772
9.897,58.75263
227.00000000000003,137.98767
220.317,48.021137
10.546,23.636187
10.19,31.090605
10.15,34.00727
20.857,79.47086
19.15,0.47915632
10.05,10.001286
0.33,4.7635517
0.28,31.274544
141.637,191.6786
49.202999999999996,121.72408
28.817,71.82332
4.07,76.3736
8.33,23.854992
0.623,62.031605
4530.23,673.2416
109.83,258.55292
0.297,26.770626
8.797,47.40057
10.687,18.00185
8.807,6.847317
9.887,72.01209
400.46,79.14459
0.254,25.889153
100.047,35.808605
110.343,65.07535
19.89,67.32508
1.393,44.779995
0.047,0.043887544
11.677,20.721098
29.752999999999997,164.25214
1.287,46.06707
86.673,33.961033
11.27,27.29638
140.103,981.0627
10.24,4.983992
11.753,82.526924
8.344,74.192345
28.397,21.220903
11.033,76.04934
315.344,1141.047
0.9370000000000002,57.12262
50.006,19.232044
10.39,225.47388
9.946,33.237366
9.954,23.01816
430.893,342.4111
29.367,0.079710945
20.633,16.397263
1079.827,336.70517
10.433,134.48236
0.03,19.95098
9.99,82.08188
80.23,121.85264
0.097,18.074621
9.463,44.26282
29.993,42.13463
19.203,87.28098
15.536999999999999,81.094406
20.277,19.4271
70.22,7.2745857
59.20400000000001,134.91818
0.53,15.957878
209.924,177.61092
19.977,12.487762
281.13,92.20082
27.640000000000004,21.6797
0.263,6.343657
19.45,17.517286
251.033,129.68839
20.07,21.120985
10.11,5.5907803
0.407,16.809942
419.96,320.43048
4202.946,63.886635
909.34,50.37492
1.016,49.34208
20.097,54.861412
10.35,48.112854
41.006,50.708984
9.417,26.772675
49.916,689.55194
0.14,28.852108
1.216,19.132477
149.193,203.48776
0.043,6.638944
29.983000000000004,181.34169
9.96,66.9515
0.66,15.644709
4.46,14.519816
0.17,24.82011
19.33,22.506075
41.076,53.4363
0.8600000000000001,219.81355
89.85,319.2542
10.15,27.675821
9.92,124.79716
10.026,36.326633
9.857,26.213802
40.153,105.18894
39.68,73.69944
10.273,13.216321
18.95,45.416035
20.03,21.742636
19.786,88.26849
1258.497,487.63156
380.243,44.545586
60.029999999999994,225.98509
0.893,19.045067
9.44,127.52213
0.593,16.282816
6.752999999999999,27.328989
0.9840000000000001,0.21462531
10.973,112.9167
21.347,0.98994154
0.0,0.6117286
30.14,42.64622
39.9,34.989597
69.467,204.0156
0.173,15.632752
49.724000000000004,73.7268
13.523000000000001,13.486966
0.44,37.972046
33.064,75.25484
19.934,44.733982
0.203,13.812843
9.153,40.931805
110.84999999999998,226.62732
9.39,41.89036
309.917,274.74417
10.32,206.83966
9.73,32.73947
0.14,28.249107
40.71,111.581406
30.097,9.901845
19.643,285.64166
13.104000000000001,95.3403
9.98,13.322793
499.5040000000001,82.104065
170.827,137.22675
9.667,777.8281
0.956,152.45067
71.034,84.9555
19.803,5.4042077
0.83,0.0667345
10.366,14.351994
60.623000000000005,104.82857
0.06,29.509975
11.063,22.791195
40.423,86.34362
10.697,46.100266
9.243,15.837698
8.233,72.83965
9.154,54.0149
29.877,35.45594
1.03,57.12262
2.117,21.539442
0.203,13.553945
138.646,120.627
1149.693,410.47815
19.97,15.149078
50.376,52.565166
19.98,164.40283
20.47,46.334435
9.23,22.577534
21.323,22.91374
170.383,28.91201
70.957,24.121386
49.24999999999999,76.85717
9.01,18.042645
9.623,4.1158404
577.916,297.74554
20.017,16.319893
20.18,46.62271
20.18,24.678085
236.81600000000003,671.7771
10.157,36.934673
10.13,92.68395
0.076,30.670647
179.073,45.814587
0.343,28.787092
8.61,49.330402
2364.987,290.0264
241.023,290.6799
9.943,34.989597
0.346,185.01018
24.667,68.65537
0.25,152.91371
18.957,62.830505
29.386,0.3403881
10.737,83.61483
110.44999999999999,24.757444
0.267,284.648
19.043,0.48746365
6.686,7.8226576
0.703,7.674465
9.69,0.6972983
9.017,61.66732
10.11,23.483196
59.75,149.6828
19.473,101.82407
393.2869999999999,88.9213
9.654,6.3562403
8.67,54.844982
1.4999999999999998,266.81094
10.24,134.42534
10.22,39.213448
369.157,214.26201
8.644,16.15482
61.663,78.73277
0.25,66.91899
10.37,18.28128
29.227,5.6431623
9.99,34.997047
0.064,24.167286
31.523000000000003,87.782326
0.08,23.401535
0.877,22.09481
19.104,15.451599
19.183,111.86213
29.6,310.57587
221.066,57.852116
9.987,15.621129
2210.206,717.53
91.017,54.0377
23.377,44.06436
1590.843,580.52094
40.414,28.555172
9.45,69.76671
1.987,90.832855
9.637,16.26609
0.186,8.096646
6.220000000000001,275.56012
19.94,41.182198
200.117,155.64507
0.127,0.5026543
29.937,50.277287
10.263,65.90909
10.89,148.43805
40.05,31.824
0.47,0.15736282
39.547,71.993065
0.734,24.054695
109.73,153.99252
373.7169999999999,358.135
18.727,45.702656
0.92,93.54396
758.8900000000001,343.5873
170.306,541.71356
0.186,86.01715
7.909999999999999,54.51303
19.373,187.12636
33.87,50.56067
0.563,132.65543
0.454,72.888504
68.617,59.273026
9.26,28.450533
9.097,46.700573
0.64,22.07776
9.563,5.06674
18.33,58.75263
11.523,64.30486
0.233,40.46313
40.053,54.73193
9.38,117.46113
60.427,35.02381
28.687,0.31787825
10.007,49.878334
73.937,390.85147
12.387,306.0135
18.17,17.769825
9.707,182.90698
40.337,124.514725
9.64,18.100636
11.3,23.175133
180.78,447.38416
10.726,0.24804386
0.363,10.742885
19.86,291.88303
0.283,66.618996
60.09,59.44442
0.03,16.406359
8639.99,1528.5477
29.783,25.709505
219.996,376.2476
0.593,16.050056
751.22,172.12004
10.807,107.12074
0.94,40.798462
10.07,19.249321
0.093,15.25854
89.737,207.67235
1.224,18.49031
10.28,32.764862
20.607,25.660189
70.306,29.65543
10606.373,3028.591
19.387,194.28905
0.533,59.14685
9.893,126.530235
9.423,16.25052
18.877,32.815624
0.25,23.820337
10.31,51.500637
17.777,182.45282
0.233,160.14221
18.71,48.15312
10.013,45.33113
0.297,34.611897
1625.817,1449.6174
19.383,26.748117
109.207,76.06937
0.77,46.679752
3139.45,90.5304
469.97600000000006,131.24883
170.463,275.8091
133.273,493.39365
0.03,0.046595246
9.857,26.825169
731.513,256.22403
39.197,227.34503
30.216999999999995,90.07023
8.717,16.341923
0.094,61.385048
449.497,208.27632
0.25,16.530993
0.356,57.591232
0.047,24.632025
19.857,262.5283
70.317,34.867634
19.317,18.64865
207.163,206.04788
26.346,40.69466
4.683,51.712105
10.107,26.811886
19.404,29.163506
10.047,14.850409
410.90299999999996,49.28807
9.907,8.673762
39.487,42.394657
10.85,0.021395702
1.317,16.809942
0.22,21.212204
20.077,1461.2927
1.563,46.938477
81.927,32.859093
0.576,24.433842
1548.6460000000002,351.65976
89.523,3.1093972
19.564,114.63303
8.707,54.1732
49.807,36.96656
0.9059999999999999,259.00687
20.777,372.46536
49.97,18.424728
448.59700000000004,246.19075
1.143,38.200127
10.873,45.610172
30.724,48.273018
50.453,49.534473
10.057,0.14249209
10.187,16.420454
619.95,720.08325
0.913,0.0340109
8.337,31.937702
0.267,41.182198
20.957,28.466589
0.25,70.581276
19.07,21.157417
28.977,41.66906
0.827,18.757864
9.4,48.604084
58.987,70.66309
19.474,29.99617
21.25,132.49591
20.613,130.40115
39.97,98.55208
9.494,35.438477
20.974,165.55003
9.567,31.87615
20.143,39.98772
0.077,247.69058
9.824,38.4196
11.857,29.461836
328.707,93.93796
30.566000000000003,37.473385
30.000000000000004,113.33181
17.38,91.99071
20.583,71.84603
31.033000000000005,12.6141
20.304,21.060127
20.41,32.31234
0.576,47.60252
10.556,18.16408
407.74,1008.5421
10.56,0.3115849
530.607,29.451939
29.230000000000004,3.5116103
420.174,156.40054
9.55,132.61626
9.647,37.150368
19.403,291.95056
0.784,92.846176
7.56,37.158894
19.826,110.11765
3.86,45.33167
120.17000000000002,150.66516
20.2,35.142044
20.057,438.01413
0.17,29.372913
2.717,39.16654
1.077,27.642365
0.017,141.53152
339.974,508.50098
9.893,44.779995
20.15,0.4061578
79.957,140.15477
9.8,22.772491
180.87,43.161278
9.817,221.57565
19.49,34.727398
10.353,202.56392
19.637,35.289658
20.58,802.9671
49.370000000000005,284.40472
49.346,560.5528
17.983,22.04616
30.19,153.27885
19.49,50.046547
0.217,0.53665966
0.08,18.155104
19.643,1462.076
59.79,13.274755
369.66,501.3849
158.183,424.36
0.173,215.36937
11.177,41.7684
78.82,426.2545
39.657,219.09018
19.047,58.711
0.127,6.2101774
19.57,65.13261
0.187,132.60327
9.86,95.18702
29.16,15.432312
20.03,52.635387
9.78,176.1305
389.18999999999994,245.24805
18.643,45.87781
69.247,2.3319666
312.61,263.05533
1.763,36.599445
13629.717,2720.169
19.853,115.43438
10.553,17.943775
0.44,6.6801043
8155.869999999999,2.4218113
49.706,71.20149
140.103,164.09377
9.766,26.833916
0.203,119.40214
49.197,20.080498
29.24,51.167015
1.4900000000000002,39.979156
39.974,79.6141
19.537,28.344193
379.79,422.91837
19.47,77.79223
0.343,38.70132
10.944,5.1141157
9.763,61.625168
2657.216,310.9452
0.14,69.64692
19.683,50.78452
40.31,90.127815
31.583,122.74739
70.313,97.69197
3649.47,150.34988
1.24,15.125931
19.88,36.07492
5.607,71.17173
2243.773,361.4494
229.857,289.88416
10.257,39.85532
30.283,47.036617
9.987,10.904252
1.217,34.12819
59.043,0.10480079
29.25,46.00172
19.73,61.937744
9.096,288.23706
10.907,107.656395
340.62,67.29974
359.454,170.2168
100.227,179.82886
9.183,48.15312
110.65700000000001,231.15276
30.603,45.534145
1739.4500000000003,26.958427
11.733,49.496502
99.04599999999999,0.50050086
29.84,43.59959
0.157,29.4924
89.01,51.715103
8.843,28.593805
18.3,482.38406
60.097,248.19662
7.554,32.978043
19.897,17.348421
0.47,85.87063
28.133,94.13459
0.36,16.523571
11.15,5.551638
1.03,28.44076
121.00999999999999,56.634068
8.65,36.523945
20.8,30.174314
0.31,104.00077
0.017,26.820282
169.836,136.3664
270.513,116.67269
49.993,287.27155
37.757,50.148476
89.897,63.950703
0.22,26.21088
109.90699999999998,22.909054
0.064,18.085714
18.897,97.00107
0.203,22.48311
20.25,75.640915
38.593,26.836191
279.623,15.339432
280.253,222.8853
380.314,50.1375
19.863,31.444944
39.553,11.124846
75.763,144.68747
0.0,98.893875
19.823,84.6337
0.406,62.944363
10.147,64.99285
0.11,32.950176
68.504,42.09919
9.51,16.282816
30.14,70.92631
0.67,37.77707
0.156,75.74807
1219.42,33.80955
51.89300000000001,21.588354
750.313,480.8197
9.447,0.024117308
649.837,0.031611618
79.867,110.05015
0.94,40.565895
1059.66,2943.6416
19.25,255.51735
39.71,74.26278
100.204,263.6293
229.94,135.06108
23.953,31.262417
0.297,86.44179
7.446,96.21879
1.344,24.315573
20.657,78.15304
59.993,139.89134
20.0,173.5318
31.193000000000005,15.00199
49.003,28.32591
1070.164,215.89378
19.823,47.142986
8.507,6.2569804
19.793,148.00467
9.313,101.80164
239.543,89.03717
20.59,102.784164
430.866,35.73594
19.066,34.386276
29.936,375.05823
0.09999999999999999,41.62906
260.136,180.18338
0.08,36.925476
19.41,182.9228
2075.977,338.27036
10.88,81.223335
12.706999999999999,307.251
7.283,16.554893
19.563,139.93484
38.18,152.45929
39.464,22.149237
9.467,16.375877
9.344,114.80236
14497.713,16052.006
4.184,101.67811
21.457,237.71921
30.863,112.616684
21.197,76.94233
0.063,39.05638
20.137,66.01001
0.513,14.709417
28.767,1.2591517
10.21,244.87521
535.327,1074.8065
0.187,20.470865
90.513,72.85177
20.127,216.84042
0.9569999999999999,23.297972
50.013000000000005,275.3872
390.38000000000005,613.1164
9.89,14.026421
20.653,70.56882
49.704,29.16907
20.717,29.137615
0.063,42.705555
98.173,1.8170129
1.313,0.5318378
110.087,209.7848
40.686,118.70789
14.91,22.190786
29.997,167.66667
1.127,70.194
820.837,92.59743
8.65,113.3108
0.783,20.470865
60.46999999999999,22.573809
10.213,140.74275
509.05000000000007,92.32847
27.716000000000005,39.12025
50.26,187.28978
9.317,66.4203
19.28,19.320055
0.72,25.759394
29.91,196.32137
0.326,27.731602
107.29,121.591194
69.6,52.544186
60.026,83.906
19.784,22.12726
10.127,29.98402
151.11,100.08963
740.643,119.115685
1171.47,367.59824
18.89,173.90692
9.746,25.610634
0.67,19.4036
70.037,98.08334
0.954,36.381386
19.907,18.99983
88.903,89.09084
50.104,137.23055
19.95,39.449257
8.156,8.316374
232.653,97.27255
31.057,37.463425
36.857,55.506474
0.03,15.273837
0.267,70.2661
10.007,144.48285
10.117,51.630707
19.066,33.523098
5.013,42.21049
18.39,4.2183003
0.013,78.017975
0.547,21.663925
10.127,45.5979
119.73000000000002,4.431645
111.03000000000002,7.386352
529.854,217.0121
510.90599999999995,111.4175
11.25,6.343657
9.953,205.69145
293.563,84.34665
0.733,25.960962
30.257,0.19077718
100.23299999999999,46.196774
30.257,58.300606
10.163,26.948431
0.14,16.867065
80.637,39.4151
24.913999999999998,30.780533
0.48999999999999994,79.18122
0.19999999999999998,1.4179617
149.806,90.55886
119.747,55.972427
30.283,144.53766
21.023,13.980468
8.966,42.705555
10.754,26.962473
39.073,31.576727
69.934,66.78797
60.933,28.268568
28.967000000000002,130.10687
40.047,41.737385
0.8600000000000001,20.36309
0.687,85.87063
18.54,0.054925427
0.0,16.241304
9.353,21.288828
0.657,14.479979
9.213,87.432526
21.463,72.39837
1.233,27.470022
16.714,16.533564
39.903,63.31474
9.047,57.130787
10.02,24.586798
10.9,80.663055
279.54,82.04625
0.376,27.731602
0.12300000000000001,115.44002
1.03,142.66515
19.553,136.11461
4.52,129.8323
1.5929999999999997,17.958502
230.96700000000004,134.39772
0.843,18.652239
9.383,39.588985
8.86,20.77629
47.944,147.28998
408.983,138.76445
79.977,268.73056
8.803,96.40579
37.38,165.32962
7.667000000000001,26.949305
10.74,91.82843
0.17,18.507168
8.986,0.6117286
0.37299999999999994,175.80124
0.436,17.429243
6.910000000000001,118.089035
0.597,181.7104
20.33,133.04031
220.04699999999997,25.219532
60.263,4.6456776
229.93,149.9281
19.823,58.61746
9.91,294.5911
1331.787,552.31714
470.466,25.683052
30.487,32.952454
19.163,35.10126
10.107,74.65583
0.10699999999999998,47.973526
20.047,49.627842
60.753,77.73722
20.114,26.974064
30.006,60.19591
18.574,137.7889
10.25,44.523098
1.174,45.73356
60.407,31.31772
270.007,767.61707
8.767,98.22707
10.03,96.479
0.25,43.02315
279.92,50.021687
39.743,50.7403
0.627,4.3691072
20.753,66.52834
9.296,7.25277
280.817,19.609196
0.47,22.24969
9.663,19.820652
330.24,234.37852
8.916,75.548
8.697,32.12135
0.077,129.1952
0.233,26.169388
27.677,174.27156
29.307,0.919338
0.203,48.122982
29.133,47.305202
70.243,43.57372
300.657,218.78583
9.073,0.03454109
0.064,42.227184
9.557,4.1740766
1757.9960000000003,829.4664
10.173,111.756714
0.156,12.676526
39.94,278.9502
239.99599999999998,0.10446373
18.04,32.810658
19.87,22.305614
19.234,110.48464
8.577,0.35515723
9.616,60.533375
88.897,87.57768
102.12,1.0788287
10.637,82.94471
0.19,94.64711
130.88,103.813286
18.557,18.025522
0.11,19.260979
20.9,50.51419
170.246,46.393833
0.23699999999999996,22.331182
11.064,8.444592
618.94,14.258408
0.36,69.17946
19.913,44.076523
9.78,45.65852
0.22,25.728588
239.097,568.2069
0.174,15.998129
29.082999999999995,15.200001
19.91,23.169182
0.347,33.29587
19.783,17.399368
19.76,52.33487
10.013,34.596806
19.724,52.48446
57.627,25.18834
9.64,0.59966344
31.11,3.2403522
98.18,129.54877
0.234,25.223898
30.06,14.767872
0.25,34.997047
38.983,200.45007
40.027,0.1671158
570.54,231.05975
11.02,17.202995
10.194,105.58264
9.213,47.58824
11.893,40.568256
470.96,378.89352
20.153,103.78693
359.817,559.44556
18.5,68.82401
0.094,25.737951
141.353,22.030062
33.327,36.405975
89.29,160.30524
10.17,83.08423
59.2,121.34584
169.806,439.8624
9.11,30.269629
18.887,8.389393
8.624,24.955551
9.397,1.2005233
40.504,59.61652
79.513,2.2694066
149.897,109.50441
40.103,100.63911
828.8370000000001,111.021835
100.32,18.261076
40.653,52.90435
89.366,4.1978273
0.563,738.30804
7.66,74.19734
41.143,63.802753
1410.113,516.6028
1.02,23.906755
38.747,120.233955
19.804,44.271347
0.11,33.3853
67.866,163.75064
9.52,15.180014
9.784,79.306946
39.747,88.82165
9.063,15.9942255
1148.69,125.52405
161.466,17.57833
11.7,20.265896
79.663,290.17038
182.797,69.27865
10.597,17.133728
539.777,98.07386
49.8,81.23675
20.413,202.6524
399.114,381.14835
49.883,374.2181
369.823,141.83327
560.133,527.78937
870.233,88.522606
550.963,192.9579
56.75000000000001,503.15277
9.797,278.9783
32.07,73.35518
29.727,85.441475
10.487,91.78949
22.36,30.18801
3.143,21.846844
0.017,28.637213
180.073,29.198149
59.923,25.442354
80.116,262.45816
200.27699999999996,39.21881
0.327,23.899689
19.616,39.872585
60.003,61.479027
17.1,194.06288
1289.997,85.03917
8.813,17.030558
27.753,88.04812
20.46,27.17873
69.284,71.33825
0.033,16.57916
29.95,0.61838484
29.153000000000002,63.114483
70.13,141.46956
0.45299999999999996,17.090118
17.72,47.840805
20.007,46.813858
40.427,3.2747452
46.336,99.261475
40.237,39.98124
8.683,27.738592
260.64,32.79579
18.857,17.554014
11.0,21.776726
0.407,16.61451
8.707,0.15033978
17.547,15.753336
59.87,64.14911
23.963999999999995,13.484188
10.08,0.118705414
9.947,39.44546
0.22,28.239302
19.84,148.27696
19.877,53.160923
809.8530000000001,102.37555
89.786,65.56586
0.093,37.527042
9.207,21.650955
40.267,167.8838
38.59,121.68497
0.8469999999999999,43.224884
69.05,111.16412
349.716,392.13297
0.177,28.970512
8.7,16.859869
0.533,23.091516
200.27000000000004,77.4969
0.486,145.20004
482.327,144.42229
9.983,25.71725
11.0,34.72533
20.32,56.705647
11.107,59.504704
80.09,736.7944
9.97,20.934881
29.967,4.980258
0.88,23.040155
0.48299999999999993,118.22499
73.044,204.18227
9.57,17.693758
10.134,17.819544
9.156,14.657621
0.157,19.267555
20.127,109.874626
4421.82,1752.8989
7.323999999999999,48.05566
28.626999999999995,18.673925
2.08,60.62483
1.19,31.827415
30.686,22.88427
1.143,17.693758
11.033,28.73616
18.204,65.938705
0.627,14.457904
110.804,76.23011
10.03,147.53026
40.42,158.44012
19.273,48.449657
8.187,42.789803
100.19399999999999,527.9609
20.343,46.155247
8.47,299.22943
0.03,7.0837035
7.497,17.561485
19.37,34.07676
0.14,56.635094
0.626,46.01049
42.764,1505.6636
18.734,26.448547
9.403,4.174085
860.4170000000001,12.873473
40.016,142.15735
11.304,13.322793
30.943,0.07432826
80.78,54.337574
20.053,44.26282
9.953,30.75917
10.907,52.29578
19.67,68.554115
19.377,82.73134
20.623,68.05586
329.42,43.414997
539.733,292.4917
19.713,17.914444
163.19,28.938911
0.174,0.0905216
109.83999999999999,45.432693
8.507,19.666862
19.077,58.524326
21.773,23.552052
8.97,19.917858
259.046,228.64908
149.653,157.4192
17.894,13.208711
19.38,25.909014
9.417,7.672417
0.093,4.154904
16.906,844.9479
11.466,7.310022
92.146,50.012203
169.33,639.17584
29.983000000000004,51.025417
199.16,213.69829
10.074,97.45666
149.743,9.319619
279.923,228.2791
19.557,27.246733
30.969999999999995,26.983181
0.39,36.260983
0.406,6.8914394
8.564,73.63188
70.56,75.257484
0.39300000000000007,43.46711
10.933,21.778543
50.43399999999999,75.93651
10.054,4.3683414
71.25,50.640522
79.187,89.66066
19.376,16.213495
9.73,111.37267
70.287,113.4868
79.764,160.48497
19.25,102.733665
10.026,30.054407
0.673,22.845007
1.224,74.06127
0.063,23.709364
0.14,66.95523
359.856,21.732824
119.063,42.757236
18.983,34.57736
0.907,62.61671
10.08,0.90792054
19.677,49.5045
0.047,6.30606
79.79,81.30901
20.683,46.668102
270.857,109.14403
789.7299999999999,443.2329
0.14,16.242893
50.11,68.36142
205.04,515.6286
229.83,143.85678
8.337,83.92353
129.27,195.62384
9.72,18.865118
19.904,388.95554
10.024,36.313232
8.184,6.394136
12.81,102.451416
20.104,48.873566
10.14,71.30605
0.613,77.203995
21.243,93.15895
20.04,33.03614
0.233,16.533564
21.013,289.74173
79.517,121.69857
9.507,16.450327
29.37,120.874825
63.416999999999994,86.458275
0.17,24.6297
19.244,0.57119894
21.287,1703.7467
0.467,6.343657
7.746999999999999,76.1781
0.267,53.711964
109.82,91.26878
19.13,62.24063
20.09,19.119104
10.397,8.158815
10.2,72.14823
0.033,133.53453
20.016,31.16077
0.127,452.70322
0.144,20.704927
9.76,23.242933
68.913,54.536312
249.84700000000004,111.36526
18.977,57.444675
230.07,1221.0203
8.414,37.70661
149.754,26.633993
19.72,6.2446303
59.587,202.69478
8.14,23.180256
259.423,108.93995
160.347,43.180195
0.626,1.8164208
91.097,149.20013
10.814,15.412523
11.046,95.44263
0.893,25.15909
0.127,20.364569
7.72,21.475355
19.223,55.635708
0.546,20.083656
0.017,14.163404
0.0,6.368847
0.25,17.216127
30.13,15.153873
146.4,42.23157
19.763,35.58159
70.0,52.57732
40.047,63.215137
18.94,17.060148
6.75,31.32635
0.203,27.366512
10.19,72.39967
30.003,121.409225
140.954,94.58291
30.336999999999996,46.610622
30.56,70.93314
20.1,306.5075
0.44,57.24242
10.734,55.094673
22902.843,170.03365
18.787,69.445465
7.697,0.0746068
0.234,30.99011
0.297,96.85485
10.573,4.8375254
109.823,127.236046
0.297,84.92432
0.297,8.2214775
19.087,47.18531
0.36,22.837635
13.01,115.921974
59.946999999999996,335.93848
69.924,26.267513
38.147,51.59356
10.24,15.599074
1.24,16.090765
0.14,23.893839
0.25,64.96253
12.219999999999999,68.816635
0.33,13.885224
10.91,22.032557
10.206,65.2206
58.779999999999994,31.073036
11.14,15.846473
0.22,19.678549
9.424,30.178202
210.76,5.643314
20.304,12.6452875
0.85,19.95098
150.15,122.94043
18.694,1.0815338
20.22,66.330444
10.94,20.37678
0.25,7.367711
51.43,229.51262
9.71,17.238323
9.92,4.1158404
8.156,39.106464
46.11,46.627464
13.847,46.10949
90.173,236.03114
129.333,42.403904
0.156,17.473223
9.25,29.796349
9.54,26.851732
4.25,7.9129515
50.747,0.86054456
18.39,44.00179
78.967,29.212133
1411.257,281.56973
512.11,167.3546
9.763,43.146065
1119.4,316.47018
0.203,65.54045
130.073,40.85423
0.687,178.96423
70.243,75.58532
110.537,38.521587
9.73,46.828793
20.233,18.808374
0.693,56.42706
3510.713,493.7031
1.093,20.893423
10.473,38.95775
9.243,108.74199
109.183,39.387413
10.707,65.2206
200.01699999999997,62.260406
879.1070000000001,1098.8732
0.22,66.77767
479.18000000000006,92.592834
28.719999999999995,108.70285
29.267,50.31752
49.867,30.743706
17.85,47.918056
10.134,51.48356
49.867,211.41193
20.077,22.45684
249.527,121.63372
2.11,93.26778
139.953,29.953833
1.7659999999999998,18.662544
10.373,5.790636
0.23699999999999996,17.867561
39.376,31.37074
9.647,29.238834
100.87,743.1367
129.45,56.542587
0.157,115.41768
11.637000000000002,62.380096
0.14,14.230133
10.683,171.05714
0.363,75.01052
20.3,74.285614
30.157,88.69074
0.703,306.0135
19.423,74.70343
66.233,119.2527
10.594,19.380114
0.093,0.028862424
61.959999999999994,0.024464697
21.05,4.2044296
0.17,15.180014
10.77,174.78806
188.263,27.64802
0.8600000000000001,29.312578
0.977,131.17883
29.013,41.434795
823.797,377.8066
9.027,27.815195
17.997,14.482957
350.033,17.934883
29.013,53.220455
2.337,115.34629
274.81,155.01564
2.457,28.721157
397.356,1080.6221
439.947,62.74699
163.09,71.3764
4.08,89.436646
19.857,64.44502
10.897,25.242464
0.37700000000000006,44.360332
9.143,19.16707
0.797,37.649376
18.286,19.55304
9.533,46.572544
47.817,1.0304737
70.867,72.180016
150.2,148.88309
430.477,168.32784
20.13,19.752466
18.776,5.7703404
0.517,24.896511
0.047,18.588572
10.203,46.33395
0.013,16.530851
0.33,18.408709
0.406,29.509975
9.373,27.12985
1.58,83.559814
219.93700000000004,237.147
1.816,98.20958
273.19,245.0361
20.29,104.90853
8.987,6.638944
0.016,83.41151
21.02,18.808096
80.66,22.083292
2398.69,987.355
0.0,0.09748633
0.047,41.335182
30.149999999999995,34.994717
10.094,66.74491
8.636,26.383951
119.516,723.95575
70.187,116.42002
31.203,42.890137
862.2400000000001,69.332794
29.076999999999998,69.079605
0.03,35.97838
40.144,150.8276
10.48,85.93698
9.396,16.050056
10.187,122.821846
70.274,0.79238504
0.047,22.791195
79.0,82.93464
947.73,395.35086
1.07,67.31579
39.653,31.326752
180.913,135.56296
29.293,466.43042
19.954,0.18828717
10.854,63.8352
0.22,27.72709
19.887,144.03769
59.28,114.04845
9.77,16.952795
10.057,66.60995
660.797,90.17287
0.19,49.114086
0.203,34.265797
0.813,64.41315
50.407,16.530018
28.703999999999997,115.664856
0.47,21.908587
20.237,19.955023
0.266,15.204841
0.5,749.04236
0.673,24.82011
0.22,17.922941
0.043,0.0271851
0.53,114.69771
304.597,175.9731
91.916,141.92722
8.816,35.43302
0.11,23.021124
18.117,54.079323
10.277,31.735928
19.63,21.545406
10.14,17.447302
79.377,38.991043
73.383,16.128382
4586.396,357.86545
9.056,19.516325
179.823,46.8204
348.676,67.911964
118.8,42.997955
39.36,48.316845
1.223,80.56766
9.733,12.707846
49.67700000000001,100.63701
0.94,136.30405
9.28,90.47881
11.0,57.276844
48.757,0.093869574
9.94,15.23787
642.15,341.1116
249.417,92.576866
20.153,26.763609
5.907000000000001,24.456654
59.94,185.87564
20.904,34.333836
39.596,63.200394
1.33,40.54008
31.259999999999998,18.559767
17.693,53.802246
40.08,82.52646
3043.597,1426.1991
330.734,1789.8959
939.797,208.69966
125.87999999999998,110.59671
8.013,49.943386
150.577,106.000786
20.06,24.25311
0.077,72.29193
51.123,21.544197
390.553,4.080917
1.22,60.007324
10.56,116.871254
11.893,13.31967
0.017,30.838085
9.057,4.316152
570.68,204.17357
19.673,24.900854
0.077,20.091917
1416.67,124.56008
19.927,21.763288
18.997,24.6132
140.17,1.7842135
190.77399999999997,92.45105
21.307,120.58581
8.763,16.420454
10.55,18.31156
9.493,31.484558
0.08,17.935421
9.73,17.71314
150.38,104.14243
172.206,67.1134
28.867000000000004,105.85756
70.0,33.88321
19.227,34.076405
98.84299999999999,62.58802
29.613,154.07669
49.38699999999999,113.63472
18.0,302.33063
0.234,23.323824
10.74,87.43682
29.396999999999995,19.397053
120.36999999999999,185.70091
9.29,28.013702
19.34,41.61127
0.657,31.903978
20.044,76.40453
100.03000000000002,8.614435
9.58,20.79772
20.41,14.487848
45.66,81.27961
18.647,108.41965
40.007,122.01965
10.253,14.52998
1189.853,79.76998
17.223,15.10371
19.52,34.019295
1.19,40.40098
2.283,28.140142
20.17,43.951824
9.387,18.042645
29.223,560.8019
270.29,41.038685
9.633,18.25897
0.25,15.998129
19.893,56.51724
20.79,23.237778
0.876,21.60671
250.163,274.85626
0.22,76.836975
8.32,26.731142
3.0160000000000005,70.67342
0.033,42.289513
9.824,28.027735
0.126,2.9697506
19.023,62.137547
20.593,17.603298
100.657,63.012356
229.713,103.437614
2439.577,396.51596
9.86,49.32772
9.7,18.464388
20.227,91.12898
49.664,35.606205
9.19,25.34384
40.273,371.118
29.74,13.146044
180.1,127.69132
92.323,157.84935
220.24000000000004,200.38727
20.393,557.6603
0.0,45.1833
9.713,25.537737
0.593,34.18028
250.586,36.51453
17.294,21.48427
8.744,23.531338
19.46,271.22665
0.19999999999999998,6.9731917
0.843,38.84948
50.137,179.6418
20.183,84.69583
13.684,41.390457
19.537,38.77793
23.697,36.14749
329.783,987.05707
0.033,0.043887544
8.697,55.169384
9.437,3.1756644
19.24,62.852947
1.016,71.208855
19.71,2.7642515
105.317,57.24242
30.07,81.01731
127.31000000000002,88.27661
19.07,63.19931
10.27,86.90989
10.463,124.83869
120.113,163.11049
0.9370000000000002,38.667625
59.867,41.54165
139.547,1.2061647
0.67,38.470997
0.807,59.450066
13.100000000000001,73.62799
41.28,65.52875
9.777,15.295829
19.63,194.29091
0.063,16.879475
50.913,1505.6636
0.7630000000000001,19.612469
0.36,46.90308
20.893,25.559824
22.583,41.21439
0.25,0.0271851
0.094,0.06303636
50.08400000000001,151.9481
35.07,291.87637
9.88,77.36235
38.707,606.91895
219.847,189.84782
10.127,33.98449
129.747,93.585266
0.36,69.00576
20.134,14.648933
75.97,13.60524
3.89,56.904167
0.049999999999999996,20.88263
0.25,28.811605
299.616,355.66617
560.583,207.9104
5.066,31.664959
490.82000000000005,633.1194
209.857,120.53523
21.426,0.42971018
9.317,34.26082
19.814,13.849714
31.543,17.645664
0.094,28.408504
110.903,30.050793
81.123,94.425285
10.057,23.377275
10.43,80.51272
0.5,42.079464
20.244,32.818363
10.946,17.60579
911.89,164.74583
237.91,66.20397
0.12300000000000001,28.16966
6.383000000000001,107.01027
8.347,58.044754
9.737,217.48117
10.743,46.86471
20.0,47.46465
0.9239999999999999,105.47057
119.28699999999999,132.1688
39.974,80.35404
329.263,85.3614
0.37299999999999994,48.031113
39.93,92.38116
0.37299999999999994,4.6575646
7.946000000000001,6.4768176
20.207,135.58424
269.664,18.908447
100.83999999999999,76.94488
19.523,11.348433
0.14,22.309301
0.14,85.429146
0.033,24.568033
9.69,2801.476
19.586,122.24248
11.094,52.497505
0.25,176.11601
270.53,831.4036
10.097,0.07986436
2.437,20.237566
0.627,8.25299
100.45999999999998,14.893429
29.946999999999996,0.16467217
10.78,27.593065
30.046,85.31595
12.323,85.14166
10.113,140.45119
28.889999999999997,31.947485
10.067,20.796848
14.623000000000001,36.583908
50.693,75.90035
23.666,34.10203
0.39300000000000007,32.413414
8.727,44.29006
1.223,56.95568
90.19,15.315497
0.48299999999999993,17.392717
1.753,0.19077718
142.44,98.84073
44.7,207.27127
9.88,24.589258
58.927,66.32116
23.27,23.802046
50.943000000000005,178.93132
8.98,59.141163
29.853,26.978577
189.887,272.99866
9.76,46.067024
9.95,15.222305
520.1,283.2799
229.83999999999997,143.12355
9.903,18.42689
30.093000000000004,202.23076
1236.156,844.60986
0.093,38.905476
0.22,50.489586
59.28399999999999,356.74155
0.11,0.87077296
19.84,33.15717
20.003,22.111668
9.463,135.09691
0.153,59.505146
10.147,4.2035074
60.804,245.33159
10.897,22.769495
0.017,17.308329
0.11,21.401815
0.0,120.69961
69.716,28.899
19.62,180.30734
0.33,1.5446464
1710.5169999999998,799.73267
40.07,0.6477845
19.85,81.12044
46.78300000000001,17.6811
10.133,195.91919
0.326,6.659486
11.7,29.294983
80.51,0.45609343
0.16,29.996115
9.977,132.64241
11.013,18.507168
19.923,30.11087
20.887,117.10536
0.22,19.49196
11.18,340.77768
358.817,105.899574
10.05,45.338276
551.11,56.414883
19.55,622.07043
219.696,161.92587
0.08,22.345528
30.032999999999998,214.60136
99.54699999999998,95.373116
522.114,82.292946
39.683,33.7578
10.786,43.501907
181.353,181.90067
9.937,15.569524
20.063,171.81757
20.303,0.385665
30.733,4.8072124
499.49,146.2163
2888.473,1563.9379
1.42,19.036724
9.29,77.813126
900.4070000000002,158.01059
0.703,86.75358
8.037,42.08034
550.24,145.89471
20.037,129.87057
61.00999999999999,38.670128
17.91,39.650463
20.373,63.585335
251.1,372.88785
110.17,38.03211
10.563,47.602608
40.016,14.840362
571.893,479.56995
59.773,18.828306
99.8,177.91702
10.55,20.9498
9.98,20.021318
8.964,0.030643182
678.927,144.05188
59.84,0.33957165
150.083,78.71093
19.22,37.006947
259.85,16.942942
9.72,48.79926
9.633,8.476958
8.947,28.764313
19.1,42.227184
89.66,116.78024
20.007,36.109844
9.87,0.23548062
0.077,40.935005
0.266,27.112637
129.91,45.794624
31.16,37.70661
349.57,26.303177
9.02,28.383476
118.67299999999999,1.4555982
20.956,204.412
19.926,132.80013
79.314,143.13142
39.653,16.112513
19.636,143.39746
19.67,164.79642
20.663,54.923717
0.03,28.955551
59.897000000000006,150.0802
243.32,326.62466
157.077,81.95051
0.11,0.1344772
19.163,44.6023
9.917,1.0197494
10.406,51.852837
141.947,107.877106
30.115999999999996,140.99881
169.663,54.551685
9.86,0.57771045
469.517,35.559822
110.394,66.41145
50.23700000000001,34.445866
0.283,27.694477
194.64000000000001,0.50698036
269.687,2.2435503
9.527,77.82487
0.66,16.15482
19.517,38.117405
6.576,16.142534
9.21,99.8323
24.794,158.06691
20.977,16.862226
0.28,46.105625
0.047,16.24183
70.716,133.54715
9.617,251.29768
9.813,46.741417
0.064,18.146938
34.193,97.153564
9.26,795.3488
1.25,295.0969
880.133,540.743
19.626,22.124794
18.903,38.701504
210.01,142.33759
20.156,44.48229
0.56,51.986237
7.08,68.37668
0.33,18.716587
1046.89,418.88177
10.143,50.684402
21.0,30.857916
0.576,5.9976487
9.95,49.343746
20.163,109.54196
9.15,33.715553
130.267,259.90305
110.094,34.050983
0.263,50.277287
9.766,25.889153
62.553000000000004,45.422222
8.987,39.442886
0.017,36.381386
39.883,43.40422
262.813,1172.3468
239.83,45.377327
0.28,76.674
9.797,51.986237
5959.76,87.28098
40.937,0.39789364
10.163,114.16054
0.013,24.224596
19.777,134.16983
123.314,1049.663
10.277,21.644411
9.313,29.672235
349.973,211.2039
0.47,13.609001
30.216999999999995,170.92992
18.93,26.670263
9.937,6.394136
70.973,19.152695
0.173,37.27098
0.127,1.8235089
30.463,80.22284
0.877,0.48163575
64.84,514.67084
29.323000000000004,0.016541993
10.173,22.390045
10.436,21.00127
1.11,117.05429
79.274,101.403496
0.093,40.772907
34.447,38.344402
29.74,3.879731
40.043,42.56388
0.77,43.601
9.67,28.717459
19.797,57.39021
8.86,20.306887
19.88,187.10204
8.843,28.852108
9.47,27.067955
41.0,231.59605
359.49,162.71736
2.546,18.100636
10.123,69.36575
219.563,122.69767
0.144,6.5481453
266.974,327.3241
8.45,16.626596
65.437,81.14596
0.093,66.183304
20.324,61.110867
259.773,1138.3064
8.773,21.086737
0.44,116.32397
18.404,26.383951
0.093,34.792988
8.807,28.77771
7.704,66.49787
0.266,7.4431663
9.953,14.33654
347.61,573.8095
0.927,29.835451
11.79,13.661444
0.313,37.483353
1498.9530000000002,507.60474
39.797,213.45671
90.947,377.12878
10.12,33.613148
0.33,15.134496
127.757,215.49895
0.8469999999999999,31.402336
132.287,125.139725
0.327,123.71179
70.777,12.040334
80.853,180.26102
8.844,49.343746
40.4,27.291853
49.226,47.048393
49.82399999999999,122.56587
13.656,56.351105
20.823,44.657833
19.363,36.822075
10.187,550.831
4437.03,972.93
410.1,142.78246
0.516,43.408024
49.29,166.6116
19.407,18.150478
10.0,36.755733
19.917,55.74833
0.049999999999999996,0.013596799
89.467,174.17937
129.773,61.875835
0.25,37.281635
69.943,412.4675
39.423,65.10467
110.44999999999999,678.2638
30.517,41.387028
0.567,49.73869
9.73,90.47881
19.227,18.961563
0.39,18.587597
9.843,13.897981
29.620000000000005,2.7499485
108.86700000000002,149.92767
50.31699999999999,36.925476
40.104,154.50488
81.773,173.74333
0.577,37.092815
20.156,2058.262
160.737,93.95538
9.814,30.264044
70.647,17.045038
429.74700000000007,269.29874
50.053,113.85818
36.547,5.2670765
29.990000000000002,253.28012
0.046000000000000006,125.78831
0.9529999999999998,18.757864
0.61,40.931805
19.577,35.593723
19.593,23.77308
19.92,403.38812
9.623,37.81881
28.94,34.12819
10.63,24.863476
189.887,36.603443
40.097,89.10805
8.673,29.726572
29.03,53.39595
20.93,66.254
4.256,33.901993
799.7229999999998,782.9364
100.53,42.625366
24.48,160.64735
320.323,151.86203
21.626,93.44525
10.113,18.020851
40.084,86.683754
11.064,15.551646
9.786,35.18434
10.046,143.94946
9.967,1.4689184
1161.12,102.15169
50.5,337.2559
10.65,21.212204
140.343,55.884415
0.063,33.476227
19.573,4.154904
49.50399999999999,33.677643
50.11,71.60443
1.03,24.556456
86.047,647.3928
9.044,25.096672
400.75,95.479645
9.04,162.752
59.675999999999995,65.8823
10.414,30.347898
19.187,23.729439
79.3,6.905278
213.593,76.98248
130.93,142.71037
26.29,40.85084
10.23,19.284773
58.833,136.33029
10.84,76.886826
370.056,62.155025
50.58,472.14523
1.19,26.902994
39.737,43.496166
0.19,69.64692
304.41,309.34552
0.39,93.6479
69.996,48.327354
724.96,82.945816
4058.3559999999998,95.63859
21.673,47.167355
9.764,94.540344
0.094,28.383476
1.064,64.7786
0.296,20.37678
11.842999999999998,54.9703
0.347,0.020145461
881.8029999999999,196.98294
59.983,30.879152
18.15,62.320652
9.273,19.990387
10.393,0.046595246
200.096,146.58276
600.67,617.818
9.953,19.09354
160.674,193.2285
0.263,17.5834
8.83,142.0093
82.03,43.561283
120.067,72.43853
20.31,133.19603
8.907,50.733097
0.313,6.847317
0.47,218.89783
8.71,52.650356
139.993,59.28884
899.1399999999999,151.63475
29.887,138.41713
30.616999999999997,250.89714
9.553,114.572464
1.08,45.08523
8.95,15.837698
39.76,13.036784
11.15,35.236523
0.077,237.12358
360.69,92.72926
0.03,31.820787
990.47,174.75916
9.077,116.84095
10.147,63.31474
20.31,25.436665
59.953,277.57538
8.334,68.9098
0.143,81.81257
39.027,33.723812
0.11,40.22377
20.407,30.6666
81.1,53.865093
9.816,14.059114
29.937,667.53796
9.663,84.11594
0.11,29.949705
21.007,25.782612
19.886,0.324462
8.783,7.882723
19.08,545.60944
8.79,150.04198
90.447,473.57474
40.563,47.298725
19.583,11.285418
8.8,27.366512
10.173,44.77265
9.493,14.556739
19.746,144.8184
0.593,25.727598
8.483,26.902994
50.959999999999994,65.358444
9440.097,3242.4631
194.453,225.46048
48.953,15.224654
2119.417,346.03745
0.407,18.910528
170.28,181.8947
0.204,16.606972
424.333,44.906975
1.093,46.141655
19.767,989.2183
39.566,64.03639
68.826,42.62569
18.714,66.00991
58.973,150.68771
9.99,10.260416
1.4540000000000002,17.216137
17.643,4.316152
30.823,52.82176
30.01,107.64984
38.963,63.55827
10.206,23.509544
10.96,32.52554
9.19,7.943265
239.69,82.65002
11.3,71.4295
60.926,120.76128
13.15,13.927386
189.47300000000004,81.941925
99.967,90.95493
20.12,21.990305
18.973,208.70924
0.25,57.201214
10.413,17.54678
193.50299999999996,379.9993
9.026,17.090118
1.704,43.967216
480.403,221.15584
9.223,24.456654
1619.91,318.92307
40.807,80.27441
9.43,122.7676
18.31,17.426252
19.903,28.065477
9.373,67.58062
19.094,13.710476
341.717,101.16147
9.56,49.32043
39.83,81.99258
21.267,32.666218
9.217,21.993351
150.034,87.281105
28.807,46.38633
9.403,26.552422
10.413,110.02037
40.11,35.53768
0.43699999999999994,289.2894
0.533,16.87814
0.03,117.23763
569.41,262.92896
50.166999999999994,33.52022
1.153,0.9824047
60.373,20.532612
0.25,15.514272
39.64,0.7539941
9.044,19.49196
11.16,28.705069
298.727,139.81613
40.636,103.59689
2671.39,370.68756
21.956,43.05221
39.713,277.13742
20.426,50.48195
15.457000000000003,68.65537
10.037,103.36247
38.616,32.05746
9.884,164.9437
118.49,170.65205
0.314,88.73583
31.637,20.631468
9.373,64.38791
29.24,11.510649
1088.51,861.9847
14.41,260.9913
2394.55,340.46436
0.5,111.82042
49.79299999999999,121.07183
21.213,0.4511962
9.186,40.820564
19.173,139.60094
0.033,3.145123
88.764,120.96357
9.596,23.952742
50.197,90.47881
190.393,55.889427
39.783,29.671684
20.023,145.98828
18.7,285.9001
0.297,20.12443
54.343,39.726784
99.327,171.47488
52.586000000000006,46.32869
0.049999999999999996,0.07085177
13.113,46.362404
9.047,36.48177
39.973,33.607544
31.487000000000002,15.700473
220.474,0.96920735
19.237,132.80013
40.823,79.46753
407.92299999999994,1064.759
0.673,42.021206
199.53,147.10162
39.94,176.16507
20.69,121.48892
21.017,99.0549
11.72,18.859634
53.293,62.734142
29.8,16.389668
70.597,57.1067
201.743,243.00157
9.01,20.962019
20.39,87.01477
0.407,24.433842
20.933,98.20094
19.514,25.723822
18.763,82.39011
39.827,281.19644
0.174,41.5537
18.177,47.211037
29.697,151.83441
640.44,67.84475
18.65,91.06979
0.076,28.801529
21.616,261.70938
490.1859999999999,152.70941
7.6499999999999995,27.266638
290.74,124.22299
19.204,26.336763
20.203,102.619934
8.453,16.035135
40.98,45.649498
10.013,61.839916
10.067,35.08551
19.687,42.241833
1429.583,455.4593
50.057,32.087513
522.08,135.35847
0.9700000000000001,6.5169744
71.123,49.690525
19.884,133.53453
126.62,7.5087633
1382.407,1130.2217
38.957,121.19078
21.636,22.311655
9.784,58.044754
10.567,198.79921
10.197,51.54186
49.9,21.17616
6.664000000000001,18.814947
0.657,16.038498
0.48999999999999994,30.564884
609.487,96.36282
20.187,277.07437
120.53,115.54431
8.95,14.345536
29.659999999999997,72.541374
0.077,113.82899
1.174,79.52392
0.016,20.139256
150.09,125.78831
0.157,30.49684
10.167,72.79096
30.066000000000003,244.83727
270.377,129.36552
19.71,117.804665
59.373,13.237961
0.33,20.796848
18.977,26.955574
0.173,26.26905
29.827,41.959145
60.364,254.6869
0.784,718.43555
0.08,108.73517
20.07,22.256924
338.574,160.4255
0.093,34.37363
180.186,5.663485
18.997,48.137745
0.016,53.345078
280.283,1662.772
329.783,113.877884
0.12300000000000001,21.59312
8.133,36.8682
90.103,148.68994
601.273,189.18016
0.187,9.046495
10.217,31.287735
20.43,106.196785
20.596,16.90367
0.926,18.194073
0.17,63.43865
7.016,8.25299
39.39,31.498579
60.007,83.40534
51.85699999999999,88.8287
19.743,285.60785
0.063,57.856525
0.097,24.112614
0.064,0.5058281
21.244,42.72772
569.727,100.82417
19.78,44.310463
19.66,44.310463
1.047,1.2591517
60.857,1313.759
11.673,63.630257
41.0,121.606606
19.656,71.795456
28.25,17.769825
19.06,15.257145
61.45,292.92047
20.01,0.08014757
9.883,33.906628
50.92,30.923082
90.286,36.821003
21.11,54.567646
90.853,2.288946
0.69,117.02441
59.733,55.097404
10.046,42.789803
0.314,33.53044
0.787,1.8184415
19.003,30.826712
0.08,64.80198
0.187,19.103035
29.07,37.831463
30.170000000000005,100.901184
9.067,144.15451
634.137,380.27982
1.1,83.70232
84.6,87.05487
0.0,54.643948
169.94,185.38701
9.813,37.635746
29.487,82.48489
12.316999999999998,0.71491575
11.093,18.229403
29.897000000000002,48.070816
10.037,13.504736
79.97,216.95792
19.977,123.13753
50.43,90.80265
99.666,91.432594
20.763,27.730543
350.147,95.777596
659.243,288.60278
20.313,52.179214
30.837000000000003,15.049949
1.143,205.04794
0.767,33.901993
0.14,16.973461
9.663,15.153873
233.887,680.295
110.774,165.27728
20.447,52.308456
160.113,622.3134
89.967,132.20197
41.697,21.28423
99.97,67.40657
249.55000000000004,37.597717
15.053,240.67241
340.083,31.943817
90.293,64.925125
19.31,17.015667
670.873,163.56065
40.377,18.551981
71.973,172.97992
10.074,125.72048
539.67,263.60904
60.383,352.18784
29.14,2.5655425
10.17,6.8978825
29.907000000000004,48.709015
10.76,41.949276
10.413,48.628563
1.417,23.38489
20.566,28.801365
40.627,28.987457
28.927,17.297983
10.333,49.709362
0.0,171.08011
0.17,45.58602
0.7540000000000001,2.9165998
7.2330000000000005,92.69128
89.18,41.125595
50.61,121.26539
18.65,299.90012
20.04,97.18431
0.644,15.307294
10.077,57.64368
9.49,42.014416
1011.313,85.10333
8.877,44.889626
49.8,184.1641
154.23,551.5594
229.946,450.35892
100.057,38.776875
109.487,78.2125
29.516000000000002,3.8028684
1.66,0.024517016
1.207,6.577669
9.497,6.618451
38.993,15.175821
19.777,210.48111
21.416,56.147255
474.796,483.35083
60.277,132.96858
23.147,45.937126
128.94,981.2267
70.084,142.98398
0.454,23.696894
309.847,131.15884
58.864000000000004,85.46194
0.89,15.593992
0.707,31.402336
281.867,380.0813
69.79,8.225964
29.973000000000003,30.127596
0.5,14.560212
59.12,146.56746
399.463,72.02481
11.19,25.582663
8.77,17.97216
0.923,15.688247
50.397,47.57527
13.096000000000002,50.2565
0.283,58.223717
58.706,134.97728
10.204,19.260979
238.917,82.46018
10.447,81.40294
0.187,61.953964
30.256,26.022188
1529.387,195.14983
10.827,0.053780947
200.203,184.8746
19.103,0.35515723
19.617,186.61987
50.33,49.199036
0.326,87.584435
10.036,52.000072
5.744,150.64659
0.047,28.659344
11.293,15.400184
10.387,44.995052
199.416,34.393322
400.29,48.55103
10.333,11.952438
1598.423,675.4774
19.763,82.939026
10.136,41.453
49.96,47.029335
9.15,27.76969
8.53,23.427471
131.394,29.509748
3049.933,29.012846
19.75,92.84823
11.24,47.491898
359.806,8.685248
20.167,212.89955
20.773,214.60136
9.717,103.666405
400.14,197.12929
0.19999999999999998,147.58813
802.6070000000001,82.87926
20.4,83.35904
9.307,15.21853
1.093,17.473223
90.197,41.44879
9.983,71.203186
564.493,186.07251
17.35,26.514538
59.843,127.52213
110.237,119.91481
10.097,115.13383
40.5,0.046470273
114.733,25.581444
59.477,4.449659
0.127,18.758738
19.234,141.4409
9.67,70.89427
29.777,27.10518
89.21,584.95917
1399.217,103.27767
0.25,60.047173
4064.6,7805.6953
520.026,124.46524
0.8460000000000001,21.732817
0.4099999999999999,15.446355
5.343,14.52998
103.14399999999999,221.9504
18.894,54.685734
0.12300000000000001,87.584435
8.597,27.030851
180.653,5.708988
1.426,51.325165
1586.933,356.77036
9.62,50.91995
2975.6499999999996,495.23767
0.93,29.157116
132.334,81.31226
37.703,93.6479
19.09,23.236715
10.233,20.763847
468.71,324.26486
30.046,44.060432
9.656,16.606972
9.253,14.451208
48.096,405.17358
9.386,0.7937039
10.56,59.8982
119.92999999999999,77.184715
50.587,3.7679474
10.91,16.670595
9.52,39.231686
100.387,69.9045
27.215999999999998,23.479494
9.827,2.1030006
39.547,116.71231
38.79,127.19743
0.72,21.465397
1.873,33.711548
248.95299999999997,116.9172
20.78,61.650417
5.607,19.3704
10.133,19.826815
1.017,86.61397
1.394,0.848607
10.753,25.984158
0.407,14.560212
29.173,156.08939
32.583,154.76456
9.703,59.929928
9.034,45.41063
19.07,61.862133
8.76,115.11624
20.007,17.778408
19.317,25.223597
49.223,44.10504
4.18,1.08296
0.813,65.751114
8.547,57.300266
4445.024,3065.0813
21.127,23.067139
9.517,32.917004
9.97,42.014416
432.43,789.5442
0.033,16.076164
2019.993,143.10469
9.496,41.790493
39.94,140.0509
9.853,6.485136
11.457,17.709795
61.074,29.931059
9.15,20.326376
60.07,48.013397
40.214,298.47372
18.224,21.540836
9.844,17.873812
18.137,1.403738
640.316,60.865456
239.783,486.61334
218.69699999999997,476.2329
39.144,17.867456
39.256,14.688818
609.973,456.39026
1.093,0.013596799
8.753,287.0939
19.186,1.7082492
0.076,19.060007
588.236,231.72775
11.17,46.327103
10.206,16.174738
8.84,38.239315
0.017,20.556576
159.66,111.04988
0.58,29.215416
50.197,219.01376
41.163,88.91086
176.323,76.049965
89.087,57.235847
19.764,79.90101
18.694,59.394928
11.14,13.926671
19.11,6.1904426
17.933,490.95914
10.204,127.889786
19.984,259.06567
19.373,83.691
63.934,178.6823
249.22699999999998,201.60864
10.093,0.01975431
8.467,58.300606
19.733,23.008308
20.026,0.2126462
0.19,246.75769
50.74300000000001,37.479576
0.174,17.828833
19.203,2.212943
0.296,18.023314
19.957,117.426926
0.06,41.14378
149.826,118.47357
0.233,41.033882
20.75,75.30985
30.12,124.254974
20.017,25.62779
10.06,18.18547
2.95,26.444313
10.15,0.36653385
20.313,57.886684
881.094,184.0338
31.634,108.9851
9.436,0.20139705
10.326,24.228348
0.017,23.939644
0.767,35.00487
29.620000000000005,23.310923
0.326,45.81284
41.02,44.1914
19.03,19.336739
11.356,20.37745
0.613,21.668213
150.163,249.10681
8.894,18.25897
12.073,62.072857
31.477,39.725437
80.567,102.84977
20.124,136.7972
26.843000000000004,91.361465
31.047,45.156723
19.107,84.449394
49.17000000000001,26.728798
10.493,16.48925
10.653,27.19202
19.117,63.33113
40.213,70.369385
79.557,143.28038
9.963,1.8164243
8.84,0.057774957
19.207,14.449346
10.177,6.659486
9.664,22.47199
378.47,374.90445
19.85,214.10194
0.017,6.742318
9.14,30.629477
419.3,88.969345
0.4099999999999999,22.639833
10.13,6.395064
60.67700000000001,3.6695814
10.354,63.512314
10.383,17.308329
11.297,60.001774
900.53,818.2975
279.023,148.7499
9.68,8.943279
39.74,74.50212
90.08,26.95091
19.873,46.931824
0.127,81.11808
0.016,37.70661
25.563,99.22053
49.42,31.184881
10.477,15.909101
1.93,98.236824
150.48,92.121826
18.92,26.836191
9.327,0.2126462
10.103,1.3355728
27.93,120.89884
120.137,41.74075
90.087,245.85825
60.15400000000001,49.917248
8.16,8.909132
30.773,55.120316
129.937,22.928135
0.0,595.8901
90.06,148.7532
29.734,549.20404
49.269999999999996,604.053
0.39,18.27081
1484.307,408.6321
110.79299999999999,731.3972
59.996,226.60966
20.35,22.402643
10.23,43.096844
19.514,38.364006
396.213,440.07568
20.48,62.28757
8.94,82.38246
11.83,2.5191495
299.097,139.04062
20.266,22.32962
209.91999999999996,18.619308
9.97,0.11118341
50.047000000000004,130.65205
71.993,151.77032
30.363000000000003,93.67135
9.986,14.493898
969.493,71.264984
0.157,10.614648
20.853,13.09558
60.36699999999999,102.67649
73.243,62.238373
159.65,97.74224
221.46000000000004,55.73313
19.677,74.78869
1.233,48.15312
325.893,16.509243
59.413,25.23652
0.64,28.787092
8.827,0.25385824
9.543,27.973482
0.7499999999999999,35.108772
0.047,46.96581
258.87,71.24547
10.674,37.312187
0.537,18.141153
50.22,110.868576
0.233,14.88982
20.213,27.19819
9.784,17.210892
0.5,17.172642
138.716,217.60075
19.543,241.7546
0.986,18.987284
17.086,24.848833
0.48299999999999993,72.29193
1.686,12.314244
9.88,57.34832
9.06,16.958986
0.093,18.422903
27.807000000000002,364.7761
9.103,50.8143
19.803,1.0820723
30.36,296.2904
99.08000000000001,74.440994
0.676,19.046272
0.313,26.925354
91.896,51.17023
1049.48,80.3782
0.047,7.9737096
1660.1169999999997,383.76468
68.94,66.99239
751.5059999999999,438.93552
20.25,3.7355065
99.093,0.16727203
270.65,197.32121
50.987,54.130432
20.047,82.83321
0.077,74.46545
1.11,41.611847
0.36,24.249231
20.343,20.931786
1634.9259999999997,718.8926
9.983,83.46965
10.573,79.09604
0.157,177.54764
10.877,55.27452
393.20399999999995,307.43985
190.193,239.23586
41.046,21.673544
0.297,119.341774
18.99,94.13459
0.017,14.599328
188.926,399.38037
1.3,92.70011
48.52700000000001,58.166073
10.916,15.530092
569.95,262.30524
8.91,46.50074
29.886,0.24577017
3.577,17.650084
9.933,16.331434
0.46,630.9979
10.267,22.921429
0.314,70.67342
0.903,33.785088
62.69,83.1807
40.353,26.115519
0.37299999999999994,16.319893
9.86,131.28479
0.047,0.53665966
19.87,127.21323
10.046,15.883302
1.383,30.269629
10.197,17.897161
98.657,105.40454
0.017,177.63191
609.82,175.2328
9.45,15.410434
1.124,21.024275
770.057,208.01149
79.593,114.41796
10.143,219.92012
9.86,36.246544
0.08,42.826797
20.343,29.726713
9.316,57.50649
9.933,7.000655
0.9529999999999998,20.593067
209.063,245.28406
109.98600000000002,173.53975
20.047,0.5932756
20.033,62.59273
37.697,74.42721
18.923,15.334622
126.89,25.103827
0.657,62.462494
1.733,21.401815
0.44,26.096132
239.903,518.93774
70.83,111.936646
239.666,210.609
0.11,15.387487
135.307,474.30997
9.853,67.540085
9.903,13.486966
51.193,115.35485
29.563,109.82607
0.046000000000000006,16.442455
9.436,20.161345
1.263,81.47286
28.509999999999998,66.163574
110.133,75.023346
209.877,30.101387
8.74,26.039858
31.040000000000003,19.02223
40.65,152.91371
179.954,147.38167
7.454,41.10009
0.22,22.24969
29.880000000000003,5.955659
5.895999999999999,18.843729
8.6,116.6886
9.123,21.411467
29.887,25.724997
0.22,14.752182
3060.0430000000006,575.6269
38.853,28.937477
21.483,168.67131
119.82399999999998,178.92018
265.446,125.32642
9.87,40.392708
0.703,38.262337
4996.82,761.55505
10.427,123.424355
0.03,17.353516
19.763,26.66343
9.033,200.96019
59.09,1334.8718
490.126,113.228516
609.034,290.8779
0.173,18.587597
10.013,29.059364
0.673,91.29264
80.68,38.111557
39.157,113.97758
39.51,45.71944
0.016,40.928997
0.347,17.935421
40.14,36.7019
2.02,184.34192
11.06,73.64535
15.853,31.484558
51.26299999999999,84.154305
69.957,205.05797
1.043,44.035843
39.32,0.9979169
0.12300000000000001,51.034775
39.04,96.28122
9.563,90.45745
740.7229999999998,79.17742
139.737,136.2357
39.407,439.0577
19.75,113.10679
20.073,56.19788
16.463,81.61147
3505.4029999999993,477.92566
130.657,34.683723
9.597,45.679924
0.186,28.764313
0.23699999999999996,819.8203
10.133,23.246374
39.233,34.81901
9.087,75.65317
58.019999999999996,106.95111
9.194,84.85184
0.063,6.7841215
10.043,18.510015
0.14,126.39281
180.477,261.15222
100.21,145.7566
20.9,20.505545
38.86,73.11025
10.437,50.277287
9.767,0.0271851
0.013,19.2195
44.61,12.477575
20.816,1145.1486
0.19,17.690542
15.627,89.66774
180.144,211.02995
0.08,83.75652
18.914,195.15685
20.017,424.6352
10.023,58.248924
161.077,143.37279
9.196,122.47619
57.733,29.382238
19.886,519.41125
149.733,67.72076
20.85,6.394136
300.05,1437.1233
9.12,6.281131
141.737,127.49822
10.743,36.559967
0.157,60.69677
9.8,82.28002
59.895999999999994,630.9727
89.287,3.4766452
30.969999999999995,48.814133
1.077,19.17543
30.557000000000002,75.617485
68.09,95.71292
0.203,21.650955
0.406,23.854671
9.167,113.67862
30.017,1.7291694
20.567,473.09482
24.81,389.89597
5.987,24.192932
69.743,29.778013
30.273,22.001938
19.823,13.036784
20.04,34.061775
0.049999999999999996,46.334366
1438.49,754.6289
19.946,35.228497
271.067,180.13281
39.89,47.91319
119.07,119.03497
19.06,61.255867
48.63000000000001,43.665127
1.4999999999999998,15.334622
0.39,15.883302
60.817,31.594542
0.94,127.97727
40.4,28.71404
0.063,0.90567064
90.08,225.23459
39.507,5.0966864
10.873,19.270676
32.68,62.654022
30.603,45.01578
39.636,69.60124
0.5,71.7416
1.207,76.280495
11.583,125.450874
589.817,661.1062
39.783,23.370485
19.847,90.727135
0.144,24.319036
0.157,27.670544
40.15,376.6365
0.046000000000000006,47.138943
0.704,54.023643
8.977,13.387299
39.724,41.8523
430.5729999999999,120.44561
0.03,40.931805
0.67,27.76057
0.454,25.497715
1160.65,280.12143
110.10999999999999,200.31152
0.43699999999999994,23.776354
0.407,43.692223
10.077,4.416323
69.04,90.638275
0.297,43.214752
8.554,23.262909
0.753,60.046654
8.59,117.946175
6.83,36.405975
49.46999999999999,29.873035
0.03,5.5321703
100.05,158.20445
180.237,222.5436
29.913,2.4027412
9.204,16.994463
20.643,101.9821
11.780000000000001,50.258396
0.717,30.117905
20.587,23.274246
0.31,44.272003
0.093,6.742318
10.483,33.05891
0.767,0.024117308
90.643,32.229855
71.56,66.40054
0.39,15.358777
10.357,23.960333
0.047,345.10605
9.817,197.97571
0.127,0.022715732
90.067,13.281981
9.78,8.069732
31.403000000000002,47.56227
0.266,24.182224
100.51000000000002,176.62462
130.157,124.39687
29.857,28.909088
170.017,242.49054
0.047,22.855581
59.687,31.660072
21.447,176.37384
62.42000000000001,136.04013
90.177,155.3347
0.47,14.599328
1799.8900000000003,17.522207
79.947,396.31503
9.21,14.711648
0.187,24.793861
18.467,56.59693
8.844,44.271347
20.51,8.185513
320.687,49.804844
0.063,545.60944
600.03,98.679054
358.897,292.35245
19.387,18.5295
56.410000000000004,211.3373
9.25,74.19739
120.453,63.87763
18.47,61.75032
90.36,213.31206
9.96,41.711624
110.017,83.50741
0.643,19.437935
19.837,114.903915
10.813,55.577183
8.98,49.503292
39.964,46.74847
1.75,17.5834
60.206,31.320341
18.92,212.37025
8.946,36.329502
90.12,96.984604
20.013,112.58416
19.833,75.84048
10.217,934.6993
240.966,291.61523
79.22,65.14738
0.767,47.95152
0.44,7.195979
9.206,59.865803
29.98,59.8982
8.884,33.85661
341.45,685.19745
2.02,90.06559
68.93,25.869394
10.393,62.63841
18.616,123.84059
559.53,122.99676
130.396,204.83192
9.113,0.02886237
28.837,55.256233
90.1,15.550758
10.274,35.09059
19.424,26.130371
9.087,33.291527
0.66,20.50296
10.93,14.094139
258.404,86.73732
70.913,51.500637
30.89,6.532939
51.734,13.387299
90.04,208.97972
48.92,132.90329
149.757,219.7948
19.607,100.71653
20.03,280.71017
10.17,17.426252
42.87,105.92326
140.204,79.53035
9.52,78.85951
208.91599999999997,31.55834
20.81,176.10188
99.953,1.3459396
9.233,0.38329053
94.22,167.02364
8.593,92.50368
17.717,88.73583
225.443,91.93937
0.063,6.5371404
119.53,29.214834
20.617,105.93253
49.903,102.1789
9.45,34.819077
10.863,62.560467
40.783,30.48295
80.097,17.981874
39.163,73.6667
0.03,21.301851
0.28,17.897161
0.643,260.31244
41.177,44.69945
1.6730000000000003,19.045067
50.32000000000001,121.51007
49.277,54.861652
0.343,79.76489
9.33,0.06303636
19.197,62.384583
39.68,128.16035
0.47,42.711334
570.357,477.35345
93.28,105.23504
8.52,17.37897
639.46,226.11467
30.667,20.837194
29.496,17.425709
0.093,24.047346
48.927,171.70236
0.31,18.929659
42.677,47.727497
0.156,17.00516
9.137,23.439892
9.117,19.584808
160.5,62.356483
8.983,0.7402674
0.0,50.957043
21.283,22.208591
19.483,91.97403
159.75,636.57367
19.906,46.572544
809.3759999999999,493.26746
9.277,25.891632
10.03,24.916763
54.32699999999999,106.97002
139.91,82.94225
20.14,28.29029
0.157,5.545638
10.54,27.22821
9.2,15.776966
20.077,29.33952
59.642999999999994,182.5914
28.42,52.900097
0.016,9.3686285
59.099999999999994,90.06487
8.407,30.054407
59.513,64.15283
22.814,80.85167
98.903,30.36404
19.017,38.759697
20.244,42.31388
40.213,146.58376
30.886999999999997,96.757324
216.577,292.6491
10.647,40.0074
9.747,26.05951
20.42,65.96495
17.507,15.5094385
0.09,0.030643182
0.72,23.843512
9.844,14.217441
70.86,62.21053
10.17,22.495115
0.093,27.268845
399.356,0.3623555
349.246,119.8981
498.79999999999995,94.84117
26.757,93.85532
11.06,16.365093
1.346,19.449902
9.95,42.705555
1.157,127.35123
0.25,37.24299
70.21,84.04622
0.03,14.990925
280.137,91.59156
20.913,21.299433
8.443,23.045341
800.73,1505.8363
0.017,91.30709
2708.31,91.35674
10.874,30.678875
0.203,1.657773
0.39,23.349672
39.73,51.167015
1279.944,263.55515
365.937,84.06214
60.20400000000001,102.84537
0.11,8.300514
0.064,24.117096
0.067,24.378103
734.57,116.44565
18.72,115.960686
50.137,880.7929
0.547,33.291527
0.517,31.484558
11.247,258.90717
0.266,6.3552575
0.143,0.020152302
16.17,62.612354
40.714,274.3133
99.847,130.20912
110.01299999999999,207.18433
53.323,72.79096
0.9700000000000001,17.237823
38.12,34.937035
9.206,37.505844
9.406,36.380882
199.72600000000003,232.0374
130.567,14.0858135
0.25,123.33879
1.08,27.343721
18.683,0.33391526
0.17,49.02115
10.99,43.6245
0.093,13.959102
10.79,75.80056
1.563,31.290035
19.54,135.68317
17.807,47.057457
9.923,23.718403
18.724,33.91173
10.117,9.779572
49.910000000000004,44.20146
4.14,44.31498
9.583,36.386635
309.983,49.494167
30.177000000000003,17.762035
1.314,44.435352
9.907,17.331783
19.73,190.23123
0.157,17.00516
9.88,8.673762
19.903,109.8715
20.41,19.123522
19.157,18.598623
149.98,236.54002
10.237,32.99288
19.863,44.2152
109.873,146.5288
60.117,1.0492574
9.964,20.011644
79.993,109.900406
0.5,21.411467
2178.943,1465.6743
10.086,163.3583
19.694,72.16502
269.243,51.744015
8.943,115.41768
0.376,23.920238
19.637,140.44038
0.23699999999999996,23.135988
19.41,0.3377411
0.12300000000000001,17.47307
20.193,26.15389
129.953,897.5969
0.9529999999999998,76.33928
40.51,57.40489
19.263,59.427044
0.077,0.54190433
80.073,185.34134
0.656,23.846764
19.743,56.419712
0.266,15.25854
10.1,40.82286
9.873,1.9305577
8.373,44.00179
0.203,33.070538
82.91,64.37231
38.114,103.33101
47.474000000000004,953.02936
560.567,82.81354
37.576,127.47537
20.65,154.23563
60.202999999999996,120.687485
1.8299999999999998,90.727135
189.583,59.126198
9.786,19.06404
709.13,326.50873
10.733,38.178986
21.044,267.88486
20.05,22.919493
20.254,20.185923
79.803,31.52248
159.69,112.13278
0.093,71.47391
48.09,44.051704
20.2,40.667213
63.04299999999999,645.9971
3.443,27.366512
11.274,53.187073
10.94,27.694477
290.14,395.87943
50.077,249.60881
129.967,215.43736
19.726,20.782907
11.05,34.763577
21.19,140.23389
20.504,24.14601
233.513,145.858
189.61,241.14075
30.083000000000002,42.148235
70.783,258.85925
761.744,1091.3225
107.866,127.56483
59.754,223.33461
19.386,45.624535
79.06,512.77185
29.977,177.27087
0.0,18.993368
39.907,90.96178
8.73,6.738154
19.563,396.12747
19.524,168.422
18.956,79.52392
20.436,79.8779
422.15,281.68237
19.813,25.036585
19.763,15.145379
109.227,134.62445
17.377,47.89617
20.277,0.09637115
582.474,182.28902
9.916,63.28661
1238.07,479.93268
8.903,61.953964
11.063,173.9465
9.947,19.96624
9.09,30.776764
0.78,15.773309
20.246,98.675125
0.033,25.717226
21.863,216.36505
1.6099999999999999,17.517143
10.81,0.054925427
8.983,29.188078
9.924,55.99656
0.033,90.537735
219.97,159.59013
9.243,24.523369
59.43699999999999,112.056725
9.573,48.216747
9.636,14.997068
0.063,45.652298
139.57,49.151424
0.39,36.08782
0.014000000000000002,68.53643
128.753,183.70384
8.517,21.163952
29.173,0.070529535
0.37299999999999994,126.530235
0.11,21.212204
0.187,20.677057
0.704,36.20136
20.887,81.95682
10.233,145.8743
0.097,40.522182
20.043,53.694984
20.7,40.902817
8.91,119.59875
38.954,66.146965
0.043,6.618451
29.735999999999997,137.58334
0.016,19.480852
19.86,27.149408
1.987,33.83632
7.12,30.720743
18.77,178.40648
0.093,127.103035
10.576,90.595406
8.79,106.28818
9.024,119.41502
48.817,25.494593
1409.76,192.294
69.017,5.168632
19.967,223.2572
10.097,122.95067
19.623,16.368198
20.06,191.58366
0.347,25.242464
10.356,85.39814
1.11,55.169384
0.094,27.266638
29.36,52.32653
8.656,21.33843
70.467,31.16664
9.28,41.533966
0.267,45.74371
0.11,18.33487
39.547,104.48811
19.077,131.30339
31.749999999999996,41.124767
98.837,29.257275
10.763,82.33209
0.203,23.835638
0.19,46.182938
59.913000000000004,17.689802
9.657,23.575964
8.78,49.801796
30.613,74.744415
10.74,1.7509505
11.093,22.198458
8.907,31.09735
1011.297,153.6272
208.88,180.82277
0.127,14.970986
169.1,443.39603
210.073,248.11887
12020.013,2818.7114
0.9239999999999999,119.9269
690.574,130.95508
10.074,15.134467
10.817,49.330402
100.003,319.69604
20.104,26.980993
79.93,17.86697
9.88,24.046165
19.117,4.6583285
17.88,95.79053
80.383,70.66282
9.963,23.776354
232.54399999999998,389.76672
2869.463,95.381424
8.863,28.450533
0.22,40.370853
19.954,19.74379
10.064,81.19864
0.467,27.119604
18.403,14.313963
1.12,0.69514835
9.17,58.260498
0.37700000000000006,16.734455
19.694,14.715701
19.857,98.19402
0.25,22.058971
0.263,6.5371404
1.443,40.00681
0.254,2.176174
0.503,25.044949
259.55,64.35903
73.446,63.0988
18.04,85.375534
282.383,72.02964
19.96,232.14278
12.079999999999998,34.57734
60.36699999999999,313.691
60.157,449.7327
48.68,65.1348
69.247,0.38058496
0.017,45.62569
172.864,379.1273
9.21,22.53544
91.08,116.89226
139.876,176.00873
0.907,88.005516
11.31,60.41156
69.687,74.764
10.133,27.261295
10.1,47.243473
7.610000000000001,42.394657
100.09299999999999,50.526676
1757.73,722.351
0.034,18.961563
8.83,32.46885
8.463,29.904013
369.32,806.2282
1.233,16.90309
8.77,0.30460808
182.557,58.101967
59.75,64.00283
18.583,44.001034
39.88,7.444118
87.093,133.90376
9.413,20.364569
10.13,260.53986
19.503,25.81598
59.906,39.77868
19.89,882.685
19.943,1.9088024
30.906,31.44799
10.187,26.859528
106.753,697.51044
30.160000000000004,140.7235
0.343,21.877827
9.836,20.419441
1.424,33.669334
7.934,1109.4436
21.054,0.022781381
9.24,18.350878
19.53,52.967033
8.543,14.80362
9.75,47.50148
28.719999999999995,56.985535
9.97,150.42236
8.956,173.38373
0.144,16.11097
230.923,124.10584
3.206,62.404274
4332.92,4.804042
200.60000000000002,99.04619
1.506,0.06303636
0.7959999999999999,0.33625367
0.047,2.054267
38.513,75.126434
1.6099999999999999,15.218356
349.64,59.32415
10.113,32.176594
40.906,43.98863
0.083,20.593084
0.606,41.877544
30.376,47.18531
51.03000000000001,18.950846
1189.28,416.78015
300.633,175.98746
88.966,72.27127
80.847,139.46387
19.773,148.38055
0.03,17.306816
0.267,210.9942
0.297,68.37668
19.603,44.814182
9.244,17.253355
99.42000000000002,79.20147
90.65,79.63199
10.466,35.074814
28.75,21.610727
11.935999999999998,16.117283
580.206,62.405468
109.59,153.1517
0.9059999999999999,43.692223
11.113,31.639078
2604.523,310.6761
190.02999999999997,28.574339
0.0,6.4369087
9.99,63.963673
9.72,73.7268
10.134,28.182028
110.76300000000002,364.6141
1400.604,379.8807
35.586,52.848118
0.25,18.755234
840.237,42.278515
9.62,0.43107364
9.197,14.709417
10.07,130.98117
171.247,14.922166
58.743,74.7013
104.573,280.03745
0.37700000000000006,6.3562403
169.943,498.0661
29.91,129.17361
11.293,54.84561
0.42300000000000004,121.000275
9.867,33.206623
0.22,5.9241314
29.58,52.852753
0.217,13.553945
9.82,54.432102
9.887,38.667625
119.88999999999999,36.18001
20.29,0.1130636
0.046000000000000006,25.94388
0.14,225.06294
19.753,107.34313
0.25,0.5058281
19.663,75.13161
19.82,80.23155
169.247,79.48929
10.237,7.980648
1.677,45.553787
0.017,30.833838
9.16,71.40098
28.847,34.434036
11.144,49.231213
30.226999999999997,60.41527
28.626,27.595642
20.363,30.095476
2089.88,1117.0172
20.27,35.10126
24.98,49.363857
29.846999999999998,88.84922
10.12,26.135088
11.283,62.686516
0.263,34.819077
0.144,19.06404
0.013,18.872217
30.1,27.544783
9.25,46.700237
19.104,121.8681
78.39,126.69255
0.903,283.145
45.53,208.13506
9.53,13.976949
70.396,55.033665
387.053,96.97383
9.317,114.339325
9.577,32.23881
9.947,40.158222
2449.07,1025.4065
39.187,287.01498
39.597,0.131704
0.627,176.28477
20.603,26.811886
0.78,33.092136
0.187,45.3383
38.86,184.75882
0.013,23.262909
9.65,24.686554
20.297,19.150515
28.783,44.07213
11.646,0.04358947
29.214,18.65672
0.017,17.260845
108.413,84.223076
0.126,32.90464
0.31,0.016553417
10.123,24.112589
8.593,27.043985
89.713,205.05797
28.533,111.71594
48.466,203.16496
10.073,77.77602
3.36,16.009464
19.513,34.71487
10.246,32.452793
1.347,0.050852112
0.08,0.563446
29.823,86.48985
351.74,396.73538
20.323,48.537197
20.097,76.53834
19.457,184.98846
20.367,108.74199
0.55,49.363857
19.92,39.027805
11.073,14.804213
19.92,128.39137
0.017,17.429102
70.373,52.96529
0.156,106.072426
30.007,40.703907
20.69,35.108772
533.337,822.9387
9.86,0.15328802
0.077,33.21007
19.213,28.58318
11.28,58.611443
9.99,19.375265
0.033,22.111668
429.907,147.52618
11.456,7.4431663
390.39,317.53174
49.879999999999995,18.347084
60.476,105.69341
11.762999999999998,57.87243
109.396,41.28067
30.583,139.63469
23.356,86.75685
19.953,31.177204
63.827,131.69162
49.984,50.36398
10.09,37.081467
0.14,32.053265
0.467,18.146938
200.447,49.805637
260.613,144.11194
170.997,51.522343
26.966,41.358704
64.553,143.85548
11.044,35.943687
359.25,150.84407
2.53,44.189503
230.08,81.682755
19.564,12.251265
139.61,124.60998
10.78,226.41565
0.314,35.58194
6.64,73.57294
9.803,20.563463
103.79300000000002,294.17844
230.58,59.81009
1.347,88.17235
0.344,21.475355
60.25300000000001,42.90295
39.936,136.11461
20.707,144.16335
10.097,111.202515
200.234,434.88184
39.983,48.853355
79.373,29.578102
820.424,172.48695
3166.173,200.7214
61.143,18.105183
263.02,41.276424
49.75,32.38788
0.203,18.601515
121.5,285.86484
21.347,95.66142
487.707,561.62354
60.24,0.95279384
10.88,2.6863313
1.164,244.7623
9.343,46.627464
12.743999999999998,238.1113
1.143,14.085372
10.844,23.049854
0.093,16.867065
0.187,132.49591
30.934,128.03542
0.296,19.877058
110.53,32.776043
30.374,65.99323
1.11,126.19321
79.333,54.93295
9.156,82.94869
11.0,17.348455
9.943,36.786003
29.136000000000003,116.24493
0.94,39.10387
0.266,0.021508347
9.49,96.85495
1490.204,133.93356
9.66,132.60327
0.127,54.123547
49.583,175.43805
8.143,3.3624005
0.187,6.3311
5036.253,338.67862
17.72,6.233529
11.104,52.744026
0.517,17.00516
320.084,49.261127
19.683,16.909119
0.08,17.254284
118.99,3.832671
781.2969999999999,358.04706
9.67,181.59503
115.12600000000002,0.97679013
50.083,64.10889
60.29999999999999,41.844025
48.583,48.80256
0.83,0.7792839
9.884,37.813427
0.707,38.45207
18.937,23.045341
0.034,32.90464
0.627,4.2035074
180.357,263.31882
0.37700000000000006,120.62149
49.407,173.74219
11.486,22.087547
0.22,1.7826998
20.167,146.78645
42.297,83.131424
0.55,24.664373
29.393,112.04257
9.633,5.1141157
99.067,262.76816
0.267,23.435534
9.18,52.000072
239.383,53.936073
19.15,204.22882
19.88,208.35901
40.157,32.974487
1520.66,285.13184
379.15,175.187
659.667,618.79016
140.033,39.95391
9.794,37.70661
19.91,18.758738
0.25,22.168478
7.19,43.150505
0.093,17.254284
39.873,318.95978
19.11,52.402473
0.733,42.809048
60.906,4.688866
0.374,109.97181
0.25,3.652127
2.88,49.904476
150.096,132.62262
149.957,177.61351
19.8,251.86891
820.1400000000001,509.7282
0.174,83.389275
9.15,127.763725
11.027,98.261185
69.47,38.611492
0.173,16.204382
8.027,0.018868934
3069.9769999999994,327.5548
187.51,57.67594
90.963,33.89099
0.127,6.5169744
99.58,37.411377
140.317,128.19095
0.327,44.133965
810.374,1391.3867
69.457,137.54721
318.24,613.77234
0.23699999999999996,86.16397
1.067,2.8142722
0.643,35.866898
10.423,52.507935
0.03,28.526924
19.966,34.149826
60.187,556.2108
713.764,155.95438
0.127,20.12443
60.473000000000006,1193.5417
9.506,83.389275
4.533,25.94388
0.204,4.143548
18.987,26.528696
0.23699999999999996,42.452984
8.95,72.39837
11.424,118.089035
18.357,176.41556
29.752999999999997,120.35856
19.88,91.50591
8.683,37.649376
10.787,13.956148
19.963,26.112919
9.713,18.207998
4.587,31.521206
9.943,14.811963
370.746,170.18648
1.237,41.790493
14.676,19.37039
9.607,50.893734
9.967,0.111536846
29.773,59.533546
1.127,19.477316
11.293,14.605383
39.183,16.57916
9.97,58.26439
71.346,31.229435
18.423,21.59312
2.19,30.269629
1.144,4.3691072
59.97699999999999,202.46452
9.666,31.700031
87.186,181.70117
0.047,17.988958
10.556,47.89617
19.333,329.96106
39.58,73.99903
41.253,0.010056198
30.962999999999997,29.143156
13.517,124.771576
80.013,177.21674
20.9,48.55463
60.556999999999995,106.21161
59.19,196.07742
29.147,73.92644
19.15,208.51772
100.277,102.61296
19.964,233.22249
50.34000000000001,72.36161
20.467,126.00431
59.812999999999995,56.080173
0.047,87.736465
120.757,101.62847
0.034,24.842667
18.94,67.52899
80.963,136.4317
18.357,13.45614
0.10699999999999998,14.997068
90.327,207.56444
9.477,18.422903
10.403,26.685675
189.686,19.556517
0.097,24.112589
19.87,123.99653
8.13,58.260498
9.167,0.021508347
19.35,34.22024
8.943,41.711624
29.986,70.10776
130.447,47.741974
421.93699999999995,256.3189
0.67,19.260979
20.82,130.87968
20.777,66.50123
0.016,54.431164
30.487,0.2045717
0.06,0.40006006
18.73,24.74513
0.047,22.972937
0.687,40.931805
2.643,15.218356
0.424,0.9806429
0.717,20.354843
52.584,87.14579
90.056,57.467396
60.796,62.809143
18.987,78.3889
21.743,22.111668
0.063,38.667625
5.4,48.787594
11.97,36.803185
19.87,74.05502
49.704,32.926693
9.314,38.84948
2280.96,108.58673
8.944,26.577618
69.186,144.96819
9.664,17.988958
10.203,203.76178
19.95,628.8068
11.144,83.88247
8.954,25.880516
509.494,125.801704
10.653,49.36766
4.36,30.75917
0.314,34.859615
19.524,23.107525
59.709999999999994,179.06651
50.282999999999994,47.45315
178.63,91.08376
10.014,83.29723
32.75,28.83105
120.427,54.65676
80.424,0.34572262
1.303,51.034775
0.64,6.4968586
10.273,26.019747
90.044,251.07004
29.886,89.37155
170.617,0.04772697
0.597,56.268265
10.906,57.553127
10.82,64.40879
19.343,50.691833
30.91,19.86525
39.794,21.431664
0.157,16.830723
20.206,51.659584
8.243,8.412351
28.81,17.810225
8.517,13.15536
9.296,14.96171
0.37299999999999994,98.03141
230.117,55.202595
599.873,0.43620244
20.257,15.481707
20.017,121.713326
31.257,44.035843
0.363,57.813282
9.85,120.11968
1.25,70.14201
10.083,62.686516
40.057,5.1331396
0.43699999999999994,28.580362
9.427,12.397981
214.83000000000004,393.2905
8.797,35.359657
8.793,132.3103
20.39,38.55735
6.934,2.6759763
359.896,58.93972
29.184,51.20946
10.347,18.086113
10.977,0.29149354
109.984,142.77328
9.993,44.09357
1.33,19.103035
9.874,37.52999
0.5,66.818695
0.06,6.368847
10.317,24.192932
0.11,6.281131
7.333000000000001,60.8275
38.537,25.495695
107.183,777.9746
60.057,79.65284
48.673,240.94818
1.393,4.248035
20.253,28.354027
588.987,31.244118
61.83,75.39782
48.272999999999996,60.403553
20.91,74.96365
21.034,92.39608
0.357,86.495514
716.883,479.56088
980.573,203.40854
7.816,17.921942
0.36,0.20139705
79.64,97.63988
40.873,53.386948
17.923,19.372328
1.627,24.40813
459.69699999999995,90.08077
260.123,33.7023
110.353,220.52684
40.204,93.1938
0.143,68.53633
21.817,1074.8065
14.463,407.20517
10.573,6.582452
209.65399999999997,63.19792
20.49,245.07635
0.69,68.37668
10.103,25.780891
19.663,54.622044
9.317,22.972937
10238.773,337.78357
3996.1340000000005,227.84541
0.576,183.3486
70.04,55.602184
8.934,39.617645
0.7499999999999999,16.572554
450.09299999999996,153.93338
19.637,104.71964
1626.7130000000002,189.54686
139.2,82.51969
742.1729999999999,113.65298
3.2799999999999994,37.793682
19.19,26.511786
0.064,11.432816
0.216,64.82495
19.866,40.457287
10.824,49.706005
0.047,16.774605
71.527,12.196104
9.52,22.774313
0.594,25.672455
20.006,29.064545
8.946,0.33128637
950.0769999999999,488.7706
9.683,24.589258
920.537,527.2116
18.986,22.208591
69.22,215.55156
49.46999999999999,569.1591
0.047,23.609438
21.513,79.4735
569.953,51.263676
10.516,136.32648
190.51000000000002,95.3925
11.27,124.145515
0.174,246.75769
579.63,65.403755
9.24,23.688684
20.34,137.94582
10.57,10.001286
0.17,54.248585
128.92,26.510042
9.87,28.955551
1233.08,724.0155
0.064,6.190288
2.923,14.783734
9.967,25.524254
10.124,21.52916
0.0,29.959757
748.697,600.3429
30.02,38.712196
0.83,17.023594
0.753,47.758194
9.873,1.8742957
2359.783,2676.1743
229.813,21.595291
0.19,23.987906
7.35,33.802517
169.674,59.740227
260.263,208.35901
9.84,59.827377
48.79600000000001,37.281635
0.093,24.254503
18.31,243.10075
10.077,30.859295
9.963,12.896888
10.04,35.333702
390.247,393.5567
0.624,108.65765
0.217,85.32058
138.97,45.71132
0.20700000000000002,74.46545
0.58,45.669662
11.476,25.114296
28.157,71.52966
19.817,187.2193
89.953,56.95501
0.12300000000000001,18.726204
0.644,18.25897
15.566,133.4097
9.867,62.666695
70.017,113.61196
40.053,142.57605
28.763,35.956734
30.395999999999997,119.62035
0.67,37.972755
3.503,23.609438
0.563,38.77294
586.327,801.5027
69.45,18.423834
20.517,27.14207
29.857,34.027527
161.057,820.59515
1.177,43.069977
50.0,36.32794
19.674,54.683758
9.48,49.685364
560.17,500.255
29.84,61.360874
19.253,13.819427
0.0,24.167286
129.74,199.28165
8.9,18.347084
29.976,31.26301
25.68,668.8316
0.577,48.861477
11.12,39.71334
369.264,213.661
129.806,383.09653
20.187,31.153101
0.25,59.14685
8.773,6.2101774
0.55,22.323431
99.11700000000002,49.595673
30.34,68.36528
0.08,55.169384
9.95,16.876411
109.74000000000001,19.402712
20.026,134.07048
11.27,68.5806
20.057,102.854034
19.733,139.93484
19.814,2.3947756
20.096,55.78087
9.786,90.536095
170.7,845.21484
19.937,148.88309
0.09600000000000002,43.653503
49.56000000000001,2.8325267
44.676,686.0206
9.547,40.928997
11.233,52.61235
9.77,94.62532
40.09,27.104338
10.124,83.389275
39.01,75.011856
9.494,37.9145
270.103,125.02498
49.767,49.24151
18.23,16.365217
20.064,74.50772
344.616,305.09195
1.27,94.7435
1.436,52.666916
42.896,247.77565
11.09,157.9885
9.037,41.77274
60.217000000000006,82.57786
59.987,36.374012
0.093,151.60585
9.914,16.69843
9.837,196.13676
9.643,48.66082
10.01,228.68423
119.81699999999998,83.51388
359.947,224.2322
0.154,178.40648
200.36300000000003,165.6894
10.087,1.403738
0.347,151.01979
8.967,27.19819
440.103,209.9915
19.506,94.53863
0.467,25.453157
20.297,154.31625
0.047,0.38686222
39.844,83.67738
8.87,14.094139
43.644,1927.2499
10.19,14.230133
19.163,19.430182
19.454,27.261099
9.926,27.466513
19.113,41.128334
10.774,1.5673343
0.61,39.359894
19.86,723.3451
20.927,121.04793
9.45,132.35864
9.77,59.141163
179.307,149.0189
49.797,107.09645
22.834,173.57765
10.02,53.71455
31.037,123.23349
9.31,16.442455
0.046000000000000006,42.822716
24.627,119.06504
79.343,235.19662
19.107,65.71552
0.17,16.11097
7934.103,5759.233
20.067,125.78831
430.19,312.65436
0.44,16.782793
9.873,54.643948
0.03,136.28835
19.69,14.732772
9.4,168.14206
0.127,23.006327
9.95,176.24599
10.306,44.717487
229.83,93.268036
1198.844,885.8541
22.303,34.683712
174.017,385.61755
9.786,16.6623
29.45,35.201954
89.683,40.580048
20.187,34.386276
9.877,51.58539
28.657,45.947235
18.65,19.76439
771.0330000000001,343.07663
168.11,120.04647
59.553,23.57631
58.264,0.33939424
10.546,24.255812
30.613,148.28818
0.25,19.061903
30.407,4.1563306
10.75,14.15984
44.39,21.1703
60.077,65.1348
0.677,6.4768176
780.28,513.6914
31.087,22.268562
9.657,57.813282
19.977,401.69852
10.757,29.802597
0.9100000000000001,20.61699
19.276,66.48248
48.98400000000001,118.18709
51.126,99.798195
6088.81,160.08295
29.234,495.89093
280.467,102.15352
20.416,14.861272
20.197,21.52916
20.18,61.71821
32.944,63.917755
0.0,3.440091
30.01,37.46205
74.41,155.60048
10.083,20.50296
9.76,34.533085
0.9700000000000001,51.034775
138.624,86.72551
70.673,31.42853
20.586,23.180256
10.357,16.286806
10.133,15.21853
99.34399999999998,140.57217
0.52,0.8783945
9.0,49.959232
69.52,128.17741
9.917,57.75373
30.443,54.3071
8.903,142.71053
11.23,557.2835
0.14,175.98746
20.77,31.498083
19.367,16.078962
189.87700000000004,194.91634
19.234,35.702873
1.24,16.525038
20.486,18.233173
18.187,20.9498
220.17,54.04709
49.807,71.67938
19.617,27.268845
0.06,27.306765
0.153,160.48497
18.427,59.846817
926.0540000000001,398.91968
12.183,14.788977
0.8460000000000001,63.790295
20.237,116.26633
8.104,84.70733
20.457,33.578377
29.69,44.393227
0.673,22.323431
30.676,46.436165
9.973,30.963049
19.793,43.670544
29.96,46.8323
10.06,46.449955
0.017,27.104338
333.16,20.547297
9.67,23.53133
0.03,22.919493
289.843,569.50323
0.723,17.207628
39.507,41.87021
12.156,85.33454
0.077,11.952438
10.134,36.398827
59.133,24.309095
8.86,15.425369
9.774,13.15536
39.96,150.27728
1009.9829999999998,124.40131
0.283,32.03543
10.796,72.225624
129.167,31.941961
0.47,4.031193
0.017,36.990253
170.39,89.68076
200.99999999999997,60.463535
9.42,70.194
221.01,103.40891
320.727,628.7474
660.086,674.4987
0.173,66.68895
1679.16,23.443674
710.626,167.44295
230.583,65.46359
10.257,15.516019
9.846,20.72518
20.81,89.60981
50.06,64.13819
20.707,0.8459922
19.157,8.158815
20.123,428.6429
0.42300000000000004,39.154205
10.137,23.129759
70.52,65.036446
1.7370000000000003,93.85009
8.62,131.08783
9.536,52.7853
40.14,92.35382
0.42300000000000004,16.620434
40.71,88.005516
15.06,31.770487
28.680000000000003,1.6273884
20.29,100.43105
369.3,435.60406
0.12300000000000001,0.563446
10.573,42.1073
0.517,17.918911
12.357,0.14249235
9.946,55.45487
79.34,53.483303
30.584,43.230156
218.01699999999997,429.51697
5749.793,390.92093
69.2,19.709087
148.936,90.72321
169.32,294.5911
19.854,18.513231
28.373,46.700237
8.773,87.281105
0.033,0.16365826
18.173,0.013596799
49.443,43.41601
19.944,51.659584
9.947,39.33065
0.8600000000000001,30.903236
230.83,24.154085
34.003,101.74034
30.08,51.87856
0.047,47.057457
40.05,10.45893
0.046000000000000006,28.580362
118.57300000000001,119.55238
0.094,163.05482
269.51,70.546585
0.297,26.035215
21.204,22.888348
8.253,59.35045
0.313,23.609438
8.876,24.807655
99.867,306.658
29.853999999999996,72.65522
19.057,35.37268
69.36,176.15208
0.204,57.768
9.947,21.539442
33.543,75.1612
99.844,123.42177
0.03,13.663709
9.837,14.840362
9.526,148.70586
9.536,0.5026543
199.82299999999998,18.474531
1240.044,1.2752262
150.61,86.500656
40.077,432.15576
1.89,136.23444
1.204,17.145315
9.993,52.278473
1467.52,374.81415
51.452999999999996,56.780907
9.93,20.811676
7.900000000000001,48.238472
606.396,133.8163
0.013,87.0582
132.6,0.49098802
19.167,19.06675
27.406,75.87435
19.36,121.674255
0.643,37.54931
200.21299999999997,73.21384
411.383,73.56095
0.643,2.477486
491.223,280.2539
18.28,129.59154
0.693,34.447216
39.744,48.87147
0.546,38.45207
9.917,0.2633376
160.04,364.9831
10.14,30.821306
96.727,71.40105
11.883,70.05642
19.984,383.23953
51.293,42.388355
3.897,18.814947
84.91,180.64204
18.25,29.950176
189.897,35.105007
9.02,32.370716
10.006,23.220598
19.367,20.305191
9.343,48.824135
9.94,107.50677
59.187,32.953648
0.157,80.70284
9.243,18.474962
32.37,234.42397
240.88,41.70457
229.61,149.18169
0.283,26.932203
49.906,16.483107
339.91,116.11236
39.404,27.450945
0.11,26.737177
29.16,129.45352
10.087,16.331434
8.993,102.10668
119.22000000000001,80.175186
159.307,201.28183
71.313,73.71925
7.272999999999999,15.879849
19.247,54.2496
0.157,20.737305
0.08,27.44322
11.067,41.73484
6.993,65.74838
121.82000000000001,147.40886
102.93,49.0092
190.4,93.341736
19.68,80.74946
2.063,636.33417
0.063,24.741562
8.29,18.859634
139.96,117.365616
79.253,257.80856
70.043,63.04769
69.76,3.5202208
19.153,54.08847
8.23,157.31276
20.19,1.3502517
11.437,19.534073
39.536,119.61041
29.323000000000004,13.730098
9.447,18.146938
39.64,25.456295
11.277,16.626596
19.156,18.590862
8.853,51.073708
0.31,34.564938
0.37299999999999994,43.26658
0.36,14.879007
20.997,50.29661
20.004,127.364555
7.856,28.300554
10.617,6.268733
70.457,51.92295
924.2,320.7575
0.016,21.38588
10.0,70.81337
0.093,42.014416
69.35,177.16951
150.874,37.25921
10.634,46.61245
0.12300000000000001,22.331182
59.414,94.37425
9.983,29.726572
50.7,56.937847
39.643,124.0741
519.027,281.49567
23.950000000000003,27.867456
29.983000000000004,11.48942
9.764,88.071175
467.44,85.02155
60.202999999999996,88.34758
151.513,49.334892
1.517,49.717728
0.064,196.33775
0.0,0.07986436
0.92,18.8619
70.294,544.4211
8.07,41.19986
50.04599999999999,164.95445
0.28,45.46041
568.98,267.55087
29.943,3.7974908
11.22,69.0713
19.903,43.59959
0.33,34.432823
335.837,73.604866
8.417,101.67811
0.14,36.3596
0.06,74.311356
20.63,38.447067
212.366,200.43268
1.55,18.510015
0.017,41.611847
41.09,15.295128
1.6730000000000003,117.081085
50.470000000000006,73.4527
1.023,18.588335
518.34,63.687588
11.11,19.322466
10.387,59.102356
0.173,194.74803
0.077,16.916552
8.117,22.972937
49.16299999999999,50.945442
1.383,17.70755
1.063,72.19933
18.207,19.773766
9.884,6.277873
30.24,35.131916
869.21,1341.3281
30.834,70.112206
30.356000000000005,37.48044
0.20700000000000002,163.87776
9.394,274.03357
90.277,1.6957837
229.95,329.23322
39.06,47.310944
8.227,61.360874
1.4900000000000002,28.801529
8.86,0.13505453
70.413,94.131325
38.157,59.98709
0.5,4.0632954
20.083,74.99285
10.07,125.74301
99.95700000000001,88.62031
1.716,122.44007
781.177,271.19678
116.923,176.4473
269.44,233.88757
0.39,117.46113
8.674,68.036194
180.336,0.09654484
10.916,123.24112
961.2539999999999,119.720314
30.643000000000004,286.52963
0.217,35.09059
8.1,46.182938
50.837,102.38256
23.657,18.509657
30.556,15.307294
34.103,28.1145
20.067,63.81193
81.163,260.80276
2400.077,1136.7837
19.067,1.7633336
0.923,13.989292
9.046,130.25356
117.676,699.8466
27.947,34.030838
773.683,332.2707
8.347,18.307293
0.047,40.242825
19.91,18.74971
19.916,160.06438
38.307,111.86821
39.047,36.807655
1840.8499999999997,840.733
17.29,73.12452
0.593,29.796349
40.073,37.20322
0.097,0.049459986
10.183,15.718445
29.673,73.78583
315.957,68.78952
7.483,19.78856
9.007,7.195979
20.01,217.82188
40.726,2.5031006
28.197000000000003,96.7003
89.614,31.575941
1.144,39.687702
70.0,613.4519
364.393,229.44688
461.17,47.865337
9.82,54.301636
0.204,20.738537
9.48,18.12607
40.14,196.62262
79.046,75.139984
89.244,131.55495
19.707,24.337948
20.713,35.416904
89.13,304.5465
19.216,37.365063
17.493,117.02441
30.4,161.78989
741.9160000000002,211.13567
0.093,25.39863
159.824,147.25154
556.174,220.90807
0.12300000000000001,28.160358
0.076,2.5157504
1.907,57.906414
32.11,87.43682
0.049999999999999996,32.202652
9.727,139.79399
10.183,59.381264
259.63,96.1834
10.087,92.143135
0.157,29.36628
130.07,13.698653
0.017,57.022453
279.74,103.321465
0.703,18.553082
16.383,95.19089
10.26,5.8414702
10.61,47.5154
1190.62,208.17369
14.236,44.36532
10.604,75.548
339.127,202.44463
0.297,28.975416
59.474,64.7786
677.783,553.8152
13.436,30.5369
0.25,73.92289
8.27,39.725437
169.89,83.71307
1.11,23.636187
20.033,49.171432
130.337,263.2957
212.80299999999997,362.92914
79.52,144.75908
29.120000000000005,38.41517
60.227,50.779087
59.157,70.48359
9.837,19.85051
20.313,57.14365
19.96,22.968584
7901.844,597.27936
148.96,199.01701
260.093,125.80822
132.65,113.22279
9.897,18.536911
19.98,20.44778
20.994,15.201102
9.764,0.84059113
9.497,25.626152
19.33,234.09344
0.296,16.676682
1.06,13.797551
9.03,59.688892
19.547,25.121778
271.106,33.132004
3.1460000000000004,88.7586
9.586,25.166645
0.233,75.27221
0.063,32.417183
82.457,262.0696
41.34,74.18916
329.007,53.66596
9.823,70.22232
20.434,148.41685
9.166,10.614648
1.133,39.231686
19.29,12.160838
20.823,104.32006
248.96,375.48605
1676.907,1129.3898
1149.627,204.5874
569.71,2143.555
239.233,899.0207
1132.256,182.22183
7.806,92.96182
0.097,129.07886
9.31,33.070538
1.236,6.3814783
142.58,313.31528
286.11,234.2532
130.143,256.0548
210.273,696.622
20.32,18.40768
19.15,15.015466
140.017,262.62326
29.843,124.23889
40.674,126.330055
0.39,0.047473393
19.083,62.950752
0.42300000000000004,116.14218
0.25,33.923176
208.00300000000001,95.914314
9.917,15.145379
2.187,66.31457
86.23,323.84998
11.046,57.271347
1129.89,517.3425
0.61,40.618534
19.933,62.558403
29.720000000000002,282.1617
0.513,93.654854
19.08,132.61853
10.35,56.675995
10.794,30.946428
119.136,160.48117
9.754,36.786003
49.53699999999999,20.12443
121.034,651.91205
70.84,92.933914
0.077,31.6528
9.056,7.4721656
39.517,58.79007
9.086,41.77274
30.767,134.48236
80.69,44.75564
83.28,205.999
19.597,48.46039
0.33,24.005919
9.877,45.62569
29.977,70.223526
30.064,128.93333
118.31000000000002,229.76994
29.924,0.0101326145
1948.794,968.6835
121.32,1207.1517
29.9,16.64856
80.103,68.871704
2092.12,1210.4005
60.176,65.81962
9.183,81.33944
230.434,996.8959
80.094,4.2044296
109.393,616.9765
416.25,918.5745
0.956,16.775618
0.61,48.35295
128.683,62.63257
19.383,31.820787
28.86,75.75001
0.253,17.152271
19.797,28.23085
0.25,52.99766
0.376,55.256233
39.194,76.99285
0.733,19.540594
0.627,23.979307
28.416999999999998,125.02419
40.027,163.82062
710.82,430.85397
8.154,31.374989
20.737,56.144836
0.64,33.735706
121.0,354.05646
39.15,68.805305
9.16,17.722937
50.25300000000001,802.2605
19.59,56.675995
10.737,28.188982
0.093,6.485136
38.583,78.72899
49.93000000000001,201.74176
0.297,245.27547
0.093,39.644417
39.157,49.959232
19.31,132.62932
19.79,103.40513
19.41,25.51628
1.487,17.172642
12.143,42.187828
9.4,306.85825
8.127,58.434334
59.760000000000005,30.438383
20.447,53.632996
29.71,125.02444
10.39,86.76696
199.9,269.1357
0.16,6.5573797
0.0,66.36527
8.376,28.325588
9.033,5.669884
29.817,232.18585
18.997,52.5614
47.95300000000001,283.145
9.243,45.92439
20.613,246.15329
20.15,141.03331
119.707,134.42308
71.56,193.47575
11.06,27.03062
0.48299999999999993,15.848027
19.963,30.708685
1696.54,1268.2957
20.1,45.31699
0.143,12.393654
9.163,30.717024
14.78,43.057648
19.82,90.07044
50.39,42.890137
10.016,0.02983717
10.94,46.253693
0.923,23.87321
8.92,49.9452
140.117,248.84879
16.11,23.846764
10.073,17.598114
19.86,25.27487
0.627,14.872511
41.63,58.94572
169.417,259.00687
58.876,27.432295
9.563,6.638944
8.957,15.462281
61.58599999999999,37.362583
39.733,384.34015
10.03,16.254642
10.344,120.92926
1844.3100000000002,736.90674
1.617,33.786022
19.233,61.42216
9.613,33.291527
50.903,57.429802
120.66999999999999,58.36908
0.12300000000000001,26.21088
20.59,0.53500605
28.953,121.10752
18.923,25.311792
29.827,62.734478
10.167,8.773862
6.977,46.45176
318.52,172.74382
0.03,17.988958
30.302999999999997,73.06063
19.897,18.447279
19.78,52.788166
0.687,17.075941
9.047,29.478212
59.313,134.9613
11.313,90.071335
9.697,121.33395
0.716,41.78681
50.24,62.15871
20.44,43.034798
0.7999999999999999,21.299433
294.147,326.11676
39.52,256.95773
0.153,57.87243
0.063,82.24126
0.06,176.23161
309.29,151.50961
8.52,18.307293
116.774,625.43976
99.82300000000001,24.309809
40.15,91.976875
389.78,32.904926
72.317,1161.7302
149.974,293.06616
0.326,20.714764
20.12,164.09369
2743.49,592.84106
10.197,0.571829
21.007,53.960464
29.379999999999995,20.249636
49.73,195.92592
71.303,159.96353
887.213,3106.1384
0.37700000000000006,66.33142
30.8,27.765888
179.867,128.21378
1561.0,75.077446
435.884,428.40176
17.163,9.08117
20.284,47.387024
0.517,57.201214
198.497,88.23652
1.22,61.42216
19.527,20.593067
189.757,37.84035
13.007000000000001,17.921951
0.36,70.67342
79.44,40.478245
10.363,69.06309
10.054,18.629795
10.85,17.054773
19.367,69.048904
0.08,37.382526
19.667,24.245249
39.92,291.13043
59.98400000000001,26.597332
0.204,26.638384
18.806,70.19702
79.593,43.442135
0.22,15.30884
281.06,237.46095
420.15999999999997,5.288264
8.237,0.040356755
0.45299999999999996,132.83797
1.233,28.544073
40.376,31.655138
26.425999999999995,32.917004
10.503,5.729942
10.3,15.776966
20.194,108.17369
21.007,179.68591
110.42700000000002,380.20917
0.427,23.724987
9.797,14.306201
20.057,277.585
30.923,218.25218
109.997,285.9888
40.106,249.64883
20.25,539.38684
120.11,69.60038
3708.643,1661.274
20.36,21.658052
9.49,24.466606
40.37,130.1495
20.424,18.410185
20.25,1905.2634
0.44,16.282816
38.957,35.964962
20.057,244.47176
28.953,3.943244
9.71,28.119831
38.793,74.350464
229.50000000000003,367.94495
10.1,256.57904
140.073,549.3505
10.783,23.288324
428.64700000000005,228.41312
8.973,19.540594
9.933,121.000275
0.344,21.141087
0.36,121.74093
20.007,186.25432
107.60600000000001,90.65562
70.01,75.67838
9.527,66.136894
0.0,15.600058
20.144,30.5369
0.19,33.070538
0.16,34.708305
19.833,30.105236
0.077,24.051275
0.187,39.286114
0.12300000000000001,41.667774
41.013,22.506752
6.706,86.76726
79.99,78.94524
0.313,38.024242
59.709999999999994,4.3154693
9.697,50.361732
270.397,84.846344
259.996,519.9936
1229.18,821.5301
0.48299999999999993,59.139797
59.06699999999999,40.810726
10.65,87.13861
19.446,0.3878204
628.677,93.93219
1.077,8.841247
1.203,132.42174
0.046000000000000006,17.698944
0.607,134.48236
0.47,22.168478
57.71,39.41214
23.386,41.124767
0.5,7.111601
10.574,21.713766
7.7,56.693092
59.967,130.57484
8.863,23.453466
0.424,28.013702
9.063,58.434334
6971.167000000001,453.11966
9.26,26.980993
20.667,57.112797
90.57,351.20023
9.21,19.002367
59.97,35.87297
0.99,40.005985
0.19,20.858309
18.34,35.12606
0.017,21.299433
951.786,729.4573
131.044,50.555817
8.407,32.666218
19.924,83.648155
130.52,170.94151
189.86,237.1235
31.44,115.55854
4.567,74.52089
0.343,79.11152
3091.7,221.90898
9.543,86.01715
41.08,2.0992136
0.89,45.2033
88.574,52.614082
0.174,25.467194
310.254,230.31978
769.737,204.53835
20.39,22.26246
1.08,128.81032
50.419999999999995,26.035215
0.033,33.220562
256.766,94.61914
29.71,627.93256
39.843,39.30416
20.953,29.066011
19.067,4.012508
9.19,70.767365
19.784,147.90057
180.16,135.14658
9.173,18.700914
10.093,32.80101
10.283,32.053265
0.656,73.55284
66.89,132.15251
840.5,350.80914
0.656,26.872995
1.023,26.951666
0.42,17.618011
29.667,30.72291
8.943,63.832653
8.97,60.143387
0.203,329.23178
0.927,58.86843
30.692999999999998,44.375614
831.01,457.40955
16403.28,28.94788
28.357000000000003,1.8184415
29.963,66.83387
736.286,352.25314
9.713,0.02886237
10.116,63.784885
0.08,27.189184
9.94,43.16689
1.27,7.792789
10.3,0.57890064
8.603,17.435614
41.367,106.98486
0.187,28.77771
0.72,25.351475
0.547,29.863096
10.223,34.859615
8.434,120.93767
50.247,0.8732827
130.127,184.13838
120.70599999999999,65.41
9.277,13.873209
250.83600000000004,113.056335
20.01,21.966763
30.47,96.64702
7.38,35.426945
30.043,14.106739
0.187,19.315315
0.043,16.11097
19.813,48.921124
9.453,18.990786
1351.287,161.34946
18.07,64.9583
9.323,120.638016
99.847,42.883636
19.394,218.58083
0.173,50.753048
21.093,93.23772
10.32,122.7676
30.054,28.161835
9.917,121.34824
10.057,1.1781324
300.036,33.727123
19.447,19.141617
21.417,22.190786
29.016999999999996,122.65328
71.787,93.35867
138.973,31.351929
9.253,39.255054
29.355999999999998,33.957603
0.23699999999999996,26.763609
19.807,100.47131
8.147,89.91591
16.756,116.51013
0.487,38.21926
11.860000000000001,0.36546436
9.644,53.99831
0.063,122.65333
9.947,171.97086
21.253,49.86187
7.593000000000001,83.034386
20.293,59.013332
80.09,169.21515
29.780000000000005,27.631386
49.39000000000001,26.416586
20.19,29.020092
20.517,0.039008565
5.903,92.68395
40.117,325.60883
90.003,211.46254
20.32,121.55233
19.903,75.640915
726.817,149.95476
39.873,44.980278
1550.247,0.8777848
49.986,38.903587
18.753,79.113464
189.8,50.400562
9.043,42.969204
66.853,80.28737
10.37,50.409008
120.613,62.558403
10.394,31.299818
9.61,0.18770699
40.143,27.971424
40.17,108.59826
19.4,62.409157
9.243,31.903782
49.773,297.95566
11.593,34.674736
1932.0860000000002,550.73926
12.2,53.989384
10.006,58.24097
0.034,624.98315
8.22,25.94388
9.923,213.3495
19.09,52.996105
49.68999999999999,168.00903
0.187,32.34987
0.28,56.595737
1.643,41.944263
50.15400000000001,203.2269
30.06,59.88339
0.22,7.4716945
10.323,72.29193
50.803,135.03801
28.387,132.30429
109.057,98.31662
410.9,228.3526
47.177,705.0872
2204.486,120.79498
427.36599999999993,327.77548
0.186,1.8164243
20.32,69.220955
0.284,34.596806
9.427,27.844677
21.517,83.89522
40.07,71.776955
13.627,290.2135
0.25,25.762062
49.28,180.74391
1051.74,275.3166
0.593,114.69771
0.813,46.225037
1.193,0.8188078
50.473,55.59619
9879.926,94.563774
130.026,77.76179
20.853,60.141693
20.116,18.712854
0.097,0.15229835
233.707,343.0218
10.726,122.28095
1.133,16.508472
270.533,128.2507
82.343,94.59498
1.08,63.28661
19.58,14.584579
8.45,15.412523
20.007,40.773685
18.897,40.935005
0.017,56.86196
22.504,51.41367
29.597,214.10194
9.513,80.091194
10.01,118.58142
278.864,27.684713
0.39,41.396355
0.113,43.601
28.78,30.434017
160.033,121.45248
20.0,128.44197
0.7499999999999999,0.013596799
69.88,182.2197
10.373,21.650955
19.934,6.018766
9.9,59.56192
20.337,105.92548
11.824,70.26848
149.483,112.708206
10.003,25.537737
0.567,114.64029
20.097,92.835236
50.303,123.67267
1.217,27.014753
10.934,18.995377
880.074,81.0562
19.24,1.7826998
40.077,30.09453
109.07,188.8797
0.233,38.69612
19.824,82.54045
0.33,47.25571
1672.306,1214.4154
0.0,32.19029
1148.693,53.15646
9.994,0.046470273
9.666,27.229223
29.687000000000005,182.90698
0.047,44.32102
14.034,44.02095
9.826,142.93602
50.282999999999994,58.258392
1556.6269999999997,1974.3792
139.966,57.886513
9310.617,8035.3867
0.08,38.02419
0.08,105.11029
99.73000000000002,202.21443
809.733,611.10254
29.21,72.68578
30.550000000000004,53.98162
21.033,27.412834
190.04399999999998,27.575335
1639.9029999999998,233.9643
8.946,49.062824
450.56,85.902374
9.333,245.66512
240.43300000000002,43.5193
8.836,27.91438
11.02,17.762035
433.856,78.02113
0.5,18.872217
260.257,154.74408
9.03,36.279198
29.876,76.4152
9.493,1.6817212
99.033,31.354155
300.807,536.5653
152.77,142.4245
20.88,63.215137
0.22,23.73204
20.356,41.92933
0.157,134.79546
12.653,37.593708
1.19,50.64692
10.893,13.524693
0.27,0.3612265
1.14,30.385866
0.797,16.572699
19.407,52.987247
9.917,22.65771
88.69,166.73065
0.42,23.789886
129.276,137.99855
30.47,47.914265
0.673,41.5537
29.303,28.187561
0.33,18.418915
290.534,182.51427
0.187,108.258286
0.06,38.77276
0.19,19.85051
19.03,109.68062
10.05,48.66082
0.14,32.383396
59.946999999999996,141.414
9.833,312.11206
69.73,43.145576
788.937,727.8689
19.41,75.74807
11.15,115.50344
976.3339999999998,294.70364
16.613,23.349052
300.117,139.3828
9.533,18.74971
250.066,111.892334
10.887,14.970986
2887.45,115.252945
9.63,84.40842
9.394,26.702583
0.347,30.415403
0.12300000000000001,57.82223
9.573,0.8783945
30.167,32.929836
0.53,17.426252
30.193,1.2833612
8.867,121.47737
131.15,52.179214
22.013,34.972378
19.39,208.75119
38.987,0.040295456
0.017,15.644709
10.07,36.15675
0.297,16.021168
61.06,96.61816
9.203,44.33039
8.94,35.866898
69.75,4.107176
0.436,22.309301
8.357,24.166132
1.326,88.06374
9.003,88.071175
30.107,84.41982
59.747,24.962656
40.017,38.76293
0.467,39.979156
196.39000000000001,335.1695
19.93,44.05355
0.344,25.94388
9.186,191.76723
19.866,67.57315
12.836,80.91114
9.25,28.217936
9.707,43.07223
19.547,119.24267
8860.734,3790.4797
49.257,57.158188
358.777,433.44467
2.117,92.39333
10.04,16.625172
9.12,129.92215
48.987,32.47855
297.377,49.932438
19.33,109.721954
460.177,87.59982
50.6,23.168894
209.42299999999997,29.429882
9.9,5.018405
495.287,890.20624
8.94,108.59826
41.83,96.74158
1.317,63.282787
12.78,45.97894
0.016,30.35811
20.034,27.602324
69.873,3.6137967
91.527,29.178522
10.003,17.257368
1.064,43.408024
8.48,44.88734
0.327,34.44909
140.407,184.88348
0.187,17.96142
39.73,75.23055
0.08,33.455498
179.867,125.730774
0.013,3.145123
240.09300000000002,69.08178
0.016,38.958336
0.08,23.729439
19.65,28.393427
9.667,40.504677
9.53,115.92836
0.56,17.46085
69.816,69.32871
8.47,0.080395296
10.33,14.024174
9.843,22.772491
10.83,31.290524
8.973,1.4380726
11.377,67.49515
20.147,131.4412
19.99,153.4859
23.063,56.138992
39.963,68.61038
380.7,229.02994
10.613,139.84245
129.684,173.08769
79.817,38.836456
0.81,2.4313405
499.95000000000005,498.7778
119.6,125.63885
91.334,97.22571
59.99,253.42393
9.154,1.3148146
0.017,32.739456
15.84,9.150906
2.487,47.242344
8.897,6.082521
19.127,15.61884
9.933,186.97783
8.797,47.46465
0.174,23.444244
0.297,17.60579
0.22,0.7792839
8.093,16.61451
830.077,512.7039
120.60300000000001,1332.2495
50.713,0.10239263
9.66,39.60385
130.314,23.431654
28.033,25.029161
9.966,35.727448
10.22,20.22854
58.686,42.280308
9.894,221.66696
20.197,46.155247
0.10699999999999998,47.62294
0.186,14.569541
240.77,85.4588
0.0,17.884531
20.98,147.1957
18.094,40.915543
20.017,62.965557
5.664,25.62779
0.064,15.586707
20.61,69.52417
0.907,24.239506
70.177,164.8329
0.016,51.07923
109.13300000000001,1142.8456
19.873,0.6261611
375.4340000000001,148.71938
29.143,52.89249
9.126,168.68588
59.91700000000001,29.915741
0.093,36.123234
58.85000000000001,25.667095
7.797,17.553736
0.093,26.685675
10.947,26.689722
50.056,59.774128
9.516,34.366615
69.68,66.13529
0.03,53.472836
0.047,37.954468
10.247,21.673544
18.014,160.33115
0.03,17.024897
0.27,21.149382
0.10699999999999998,64.134476
9.976,75.43204
30.053,57.09654
377.357,391.4597
39.877,189.18098
0.36,23.557713
21.193,30.209393
152.2,60.846848
166.273,82.027985
68.717,0.011655786
0.25,0.049470272
119.98999999999998,402.51227
20.303,220.72047
4.883,20.09847
0.03,26.851732
168.877,233.87117
9.313,70.2395
139.277,128.68268
0.08,6.659486
59.96,1.0095816
9.893,43.692223
230.92000000000002,106.18073
19.984,24.677473
29.737,171.69778
0.047,20.300951
827.0569999999999,510.52975
2191.48,199.5589
20.02,44.756706
14.480000000000002,14.560212
19.967,40.59205
19.67,27.19474
491.334,146.4822
169.233,92.70527
130.083,352.55188
308.79,40.82391
9.58,176.45747
8.454,52.497486
0.127,23.411617
304.056,450.9659
0.157,22.53544
29.523,35.340973
9.474,105.02681
320.17,60.858383
10.166,14.482957
21.25,26.013758
0.406,7.7038665
10.39,0.7205379
19.97,52.84019
83.937,489.28992
1.113,23.628931
39.743,106.75692
10.41,47.22808
99.92999999999999,40.537457
9.153,34.12003
40.653,28.243685
8.874,6.30606
49.8,89.44499
40.15,44.440815
321.387,14.159816
8.497,18.077372
9.65,6.039936
31.663,28.495255
7139.895999999999,1417.1328
0.22,37.901375
8.73,38.526485
469.903,7.0156364
879.637,158.33728
118.93,40.684967
10.687,31.172758
60.94,47.752243
1.467,119.22264
0.203,17.521242
10.787,0.036672287
18.836,62.834488
30.643000000000004,127.86019
11.02,19.826815
10.31,108.966644
0.234,65.8823
429.07,27.133144
8.5,15.764426
169.546,28.626572
340.003,869.21173
549.38,622.5322
50.207,37.81863
436.95,1409.6465
40.203,179.6418
20.403,132.43181
0.456,121.14816
31.097,20.59222
10.3,28.593805
13.043,37.158894
0.517,0.6117286
129.86,0.2991361
19.42,172.3905
820.246,630.9181
29.659999999999997,121.130806
0.08,26.130371
19.923,45.1833
0.23699999999999996,30.75917
0.58,23.696894
490.66,604.3997
0.95,46.90308
30.209999999999997,31.71452
0.22,6.8914394
0.203,40.4084
0.253,21.361324
8.45,18.668488
0.407,14.479979
9.66,71.524315
0.313,27.167097
0.507,45.32888
11.024,18.734234
52.373,72.31499
10.853,26.825169
160.367,298.6511
199.933,591.41736
17.96,80.93836
129.54,36.708805
1.004,17.97216
38.793,49.044266
20.134,105.44056
0.043,44.501995
11.13,47.78671
19.937,15.285184
9.19,125.60782
1167.44,419.4279
11.026,34.34923
69.22,36.235806
28.687,30.127134
9.603,30.269629
9.92,75.378
42.8,103.594215
19.14,0.091358855
39.89,92.96182
28.14,17.956951
20.373,67.76158
20.276,22.743591
39.173,38.96762
101.863,157.7631
9.027,28.852108
210.20999999999998,156.7515
18.6,1.6875335
149.727,54.948444
9.184,77.95909
19.19,5.3892317
0.046000000000000006,16.717304
10.266,47.739227
19.52,28.428223
9.787,45.147022
741.517,350.79504
21.5,72.7898
0.203,84.172646
0.016,116.921974
0.363,13.553945
9.467,23.729439
20.28,50.562393
10.113,52.36502
21.394,52.779945
10.77,27.014753
10.293,15.586707
20.004,5.128532
119.55299999999998,92.10724
0.343,131.30339
19.796,177.58966
18.81,45.49845
9.567,10.137877
9.157,10.023136
10.316,69.83441
2470.006,904.80786
61.217000000000006,35.467194
100.813,87.11306
0.077,14.059114
0.58,38.517452
0.047,15.830031
28.464,5.94498
60.086,45.165157
81.143,72.255684
140.067,328.57748
55.836999999999996,79.95037
20.81,45.862717
50.784,111.906525
40.196,68.539734
80.767,3.829528
20.273,0.40687427
9.24,26.949305
19.81,13.747679
59.53,92.80848
9.77,10.260416
18.796,52.900097
29.54,0.1431
10.1,67.71111
0.077,0.9610197
9.46,37.852467
0.077,46.690144
29.857,28.530096
9.35,37.923504
119.65700000000001,51.261055
50.85,186.1786
10.454,59.713886
80.594,402.5078
20.873,156.48314
19.66,52.084854
109.563,34.328766
9.906,43.311123
70.37,39.031555
0.017,39.48858
20.014,126.52577
0.923,18.29291
11.067,45.1833
0.7499999999999999,34.472828
930.6200000000001,136.03406
39.496,13.349826
8.923,26.48062
21.017,40.824787
0.503,16.656418
1.0,24.387735
9.593,13.885224
0.973,29.40228
0.42300000000000004,88.071175
0.203,24.433842
210.04700000000003,50.561905
90.566,718.43555
89.42,41.39206
19.857,242.1712
0.69,20.61699
5.436,15.600058
19.643,100.98755
0.47,16.92752
9.887,6.4000645
829.747,383.94592
11.18,59.6696
10.31,52.565166
250.81,28.79697
150.464,79.51786
9.916,32.690937
20.187,29.90316
0.31,76.1781
29.42,6.3552575
0.14,64.11621
0.233,27.149408
0.047,42.682224
19.84,56.202106
49.675999999999995,33.893867
8.476,60.464222
62.38399999999999,90.069275
12.3,41.458725
252.20299999999997,183.69739
99.503,83.114456
40.12,117.8342
39.737,91.54319
0.23699999999999996,19.431078
3109.927,330.0991
9.42,14.479979
0.643,6.511148
189.42999999999998,108.97941
4069.347,522.55536
29.41,18.681059
29.456999999999997,5.2198467
30.234,54.445057
990.546,195.8701
1381.06,48.561047
19.24,25.09086
20.253,260.3228
11.32,47.4952
10.323,176.41556
9.507,5.4754906
10.414,46.067158
10.99,26.268925
268.456,253.58829
1.283,33.455498
19.973,182.37355
10.143,20.703547
0.19,32.906197
19.794,37.66551
89.987,49.09032
0.233,132.65543
70.85,246.1562
6512.633,693.0286
12.1,66.04349
80.36,162.58473
8.967,14.801803
8.607,24.085873
258.633,602.8238
5.42,26.108675
0.157,14.674121
20.117,43.70567
69.987,217.82396
10.986,29.244349
0.58,126.530235
19.637,14.52491
727.523,310.4536
20.177,59.970383
10.39,123.703125
60.07,66.82481
669.703,294.96713
1.017,117.23763
10.243,33.613148
49.79299999999999,35.68262
40.2,167.01617
1.046,6.2101774
101.87,230.61253
0.013,4.2089305
1.016,38.23048
0.203,4.3683414
9.383,0.3227991
14.907000000000002,33.802517
28.65,76.49168
8.977,84.70733
89.096,187.07541
1498.977,297.36667
20.144,273.6568
0.407,63.330235
20.013,0.16378506
30.23,71.21387
30.47,42.399967
30.25,19.698887
0.113,35.0865
1849.163,501.3305
9.13,14.787034
139.89,52.741478
0.64,81.529076
9.276,198.62837
119.91,758.445
30.114,31.186073
37.61,58.735756
108.93600000000002,48.31832
20.72,27.144505
229.13700000000003,2752.921
90.676,230.36469
10.733,0.07085191
40.263,104.028046
18.8,50.779907
410.37999999999994,623.22546
20.74,6.3221235
20.184,57.106518
500.21000000000004,191.60553
10.787,25.617407
29.733,20.139256
40.127,62.432686
20.294,72.448906
9.02,10.37712
19.347,1.3245454
9.317,39.56528
8.546,15.807347
898.9399999999999,393.1722
10.697,79.67631
19.613,45.2535
269.343,166.4293
16.083,221.9504
11.043,29.312578
6.8,0.9918371
280.203,17.124521
20.133,36.14288
0.017,21.668213
179.847,184.41655
7.69,35.95218
0.063,41.945915
39.074,57.908516
8.39,55.5092
20.01,25.467194
1810.0330000000001,169.88159
9.41,25.092297
19.983,4.071961
10.607,24.916307
0.20700000000000002,176.3321
29.293,408.06522
19.884,152.11821
10.17,23.473988
20.384,19.532099
19.686,54.51917
650.633,147.03905
0.533,16.61451
0.407,27.426594
0.263,35.426945
8.09,19.95098
0.25,48.753773
2520.02,488.96652
0.687,86.35767
121.733,247.45007
8.903,23.05995
0.53,26.516272
0.69,142.77328
0.594,46.354393
9.356,0.043887544
20.114,94.771736
0.55,16.803333
8.847,36.20136
1.03,27.83319
10.054,56.52184
9.317,15.145379
780.3999999999999,1595.0483
12.253,93.121445
19.826,67.10097
20.763,17.392717
0.326,45.4521
830.343,511.14017
20.183,780.0916
0.127,48.122982
0.987,40.00681
1249.98,585.0848
8.983,40.159374
30.78,132.61848
10.297,18.270447
39.95,181.6242
19.124,72.34584
160.0,51.8376
9.997,45.010162
4468.617,1750.7506
80.52,797.3818
21.05,116.29226
20.056,54.072918
140.453,179.76926
179.773,281.70908
140.163,3.316892
11.433,21.423298
9.37,29.944443
59.09599999999999,126.84362
9.983,16.068108
10.29,43.71721
19.817,141.98164
0.047,6.6801043
10.267,28.516718
0.017,80.440735
19.593,118.12779
13.380000000000003,28.613392
279.84,165.55003
159.287,94.71509
8.846,95.3403
480.21,462.90347
10.466,18.8619
9.51,25.922882
9.083,50.733097
19.86,68.12797
19.136,31.858208
29.813000000000002,138.88264
0.013,13.976949
8.946,1.2296227
19.083,40.54008
1392.0,248.89096
19.877,19.675747
20.443,110.34891
10.134,43.311123
89.167,28.262966
8.05,19.880878
0.22,47.185486
10.327,93.62973
9.776,23.175133
60.173,28.08491
28.513,32.897686
0.907,90.54045
20.087,50.691833
101.304,130.14928
160.11,60.13869
901.5699999999999,494.11124
1699.743,624.9743
241.196,575.77313
12.447,86.76726
21.083,132.73358
49.903,46.750763
1738.83,284.08383
0.454,114.339325
29.253,120.11968
9.314,42.845127
270.054,352.0743
0.14,57.95057
80.294,447.24585
91.603,138.24843
8560.327,5.9072323
160.883,85.5461
109.866,320.131
829.253,139.89406
889.813,571.0786
9.767,18.639662
59.683,46.86752
0.83,93.16528
59.90999999999999,210.11707
19.866,163.07158
14.85,63.43865
772.076,0.5417565
0.17,0.7444713
21.057,118.602516
8.44,18.929659
779.296,67.131454
9.867,55.79138
370.883,199.4118
8.917,43.26658
30.967,45.098335
0.157,0.88935566
21.253,97.152214
19.89,22.805954
10.867,24.681849
0.58,38.117405
59.613,33.142773
10.323,58.260498
19.873,56.42015
19.903,38.344402
19.287,93.44525
90.303,52.698627
17.6,22.709885
29.85,25.133083
60.31699999999999,47.61481
249.783,767.42993
0.28,9.011956
19.297,58.618355
151.777,171.18217
0.047,51.025513
0.186,19.315315
45.69,248.40833
0.69,59.412163
0.327,17.420006
10.897,39.18698
0.36,19.74379
5.007,35.574688
13.36,15.91995
38.673,76.62609
19.14,23.694025
110.873,38.20167
0.0,14.178849
16.204,119.38284
10.36,38.07573
0.297,25.632772
61.257,79.35971
53.386,74.20516
0.094,132.59023
0.334,6.511148
16.597,7.557939
31.153,121.02075
9.91,111.85123
1.423,65.938705
14.55,208.13506
78.94,136.80305
171.826,26.14691
0.157,174.57089
69.727,87.83441
0.22,0.3868563
10.13,25.20181
39.904,117.226906
9.1,239.98814
309.856,138.70627
179.347,250.55763
29.362999999999996,0.558718
920.1270000000001,38.306477
0.5,71.146164
0.0,12.59438
21.75,29.621675
8.76,27.348698
19.824,16.067255
9.773,22.80579
2143.18,200.2688
9.163,20.124727
20.49,116.33697
0.097,33.95408
0.33,9.779579
19.48,22.66298
30.142999999999997,44.933765
208.906,44.69945
9.12,132.65543
20.287,190.12903
9.044,23.644825
10.47,197.11
1.0,56.351105
20.773,16.670595
51.95,98.68778
11.933,30.522501
10.63,27.738592
20.437,19.573505
10.303,16.195864
1403.68,214.3704
11.216,16.420166
99.904,92.083084
60.177,22.202538
69.15,97.655396
19.226,104.65
19.013,90.283615
0.547,27.509138
0.25,28.700113
28.680000000000003,84.82328
19.66,1.0406158
49.873,64.171074
10.046,41.0218
30.41,18.825298
0.877,27.19819
8.74,17.450916
219.82000000000002,92.25401
0.296,66.38141
18.023,69.21463
20.094,334.2749
60.303000000000004,78.073906
479.92,57.490284
249.72999999999996,105.3471
9.48,48.420418
69.12,46.03268
79.167,6.5875497
69.727,2.5808249
9.38,121.14816
339.333,118.05613
380.407,269.6887
1.05,68.539734
440.06000000000006,377.01514
4.896,20.885046
9.703,18.430212
39.944,181.93497
9.743,72.19778
9.383,25.505358
40.187,139.75107
9.97,139.29
250.51299999999998,37.235325
69.927,55.44802
1.08,30.99011
8.46,39.877045
0.8469999999999999,30.608845
510.73,152.06528
9.917,176.1305
20.41,40.928997
9.703,5.3234267
10.826,0.47397795
18.32,44.435375
9.55,18.457357
9.84,33.435177
39.214,553.24316
0.03,130.10472
79.58,147.33542
9.68,43.408024
30.107,201.73753
1.003,62.644737
9.87,85.9118
0.877,31.326885
10.904,58.260498
360.24,199.78604
29.514,109.04481
28.877,17.284739
9.493,15.25854
2.72,64.699066
230.09999999999997,26.28215
170.923,52.584393
20.673,86.73732
0.0,24.896511
19.59,42.197582
1.03,28.26915
4.38,73.63188
7.909999999999999,74.40316
109.97,120.49207
19.933,379.98544
20.573,18.132006
131.33,49.006325
239.84,148.8499
8.827,42.426537
400.5400000000001,95.09079
10.587,0.11118362
29.939999999999998,97.978096
321.3,81.793396
1372.754,642.56177
30.657,53.393333
99.497,175.68758
10.12,1.3355728
9.1,16.15482
11.157,1104.0437
9.3,746.0974
120.21,29.053648
0.127,11.963201
40.093,243.4592
9.936,67.73358
19.687,124.98342
0.27,4.2622123
2.346,84.327446
110.02,170.9036
29.25,54.457325
20.093,121.01357
70.446,82.554985
20.11,197.13736
20.773,0.6387046
20.96,56.693092
38.193,1.7082492
0.547,0.36014917
21.913,68.3763
59.913000000000004,62.42173
0.36,18.991718
19.164,89.91689
30.053,2.5443602
0.19,29.59481
139.19,86.22232
8.024,23.609438
580.103,247.6933
19.457,13.573938
11.054,23.322237
40.464,45.455753
11.803,17.291325
0.19999999999999998,82.10251
0.11,29.314478
10.293,93.183784
29.19,55.319878
0.436,27.844677
409.7699999999999,96.5278
10.104,0.3858077
549.357,732.9402
0.08,12.770737
0.23699999999999996,22.939413
0.58,16.009464
40.753,24.735817
10.193,24.82011
20.907,34.700405
10.377,13.344354
10.0,42.258057
29.963,34.140503
138.847,72.73421
10.12,28.098614
10.623,31.081995
19.643,33.679245
89.67,334.51663
0.83,43.483532
0.23599999999999996,18.79222
0.03,90.06559
21.796,73.91676
1.21,43.549915
8.57,70.15883
59.96,50.16665
11.067,60.131653
190.923,106.22202
29.16,152.2704
20.08,128.92525
19.39,23.816368
29.220000000000002,23.427471
0.607,49.515392
505.29999999999995,286.75165
4.91,160.64735
40.563,26.809462
19.48,194.00533
8.163,45.242424
19.983,128.6937
38.283,25.765562
9.05,24.793861
0.016,29.671684
7.923000000000001,17.958508
11.443,6.618451
280.007,67.29407
370.064,586.2783
0.513,43.297554
120.484,15.4225445
89.804,0.13409248
8.493,66.95523
39.304,89.17233
30.039999999999996,43.394176
79.886,505.45706
8.867,47.306416
30.077000000000005,21.742636
69.124,53.329594
739.544,73.53561
1827.5099999999998,334.341
7.407000000000001,17.739218
120.77399999999999,182.56223
1123.95,1039.8352
1.094,28.526924
10.514,58.435223
19.363,26.940367
19.883,155.12354
140.413,367.45734
0.157,1.0588914
8.696,17.087845
0.533,13.609938
29.659999999999997,131.98834
18.293,0.054925427
41.93,57.38329
24.454,173.5826
49.517,124.114235
30.863,0.43917006
0.343,39.86827
0.124,60.143322
19.424,23.411617
1.91,26.577618
11.574,69.655815
0.403,288.12195
29.403,94.362305
0.173,56.52728
20.477,29.59481
80.627,40.67508
9.097,26.516272
160.503,63.35573
0.22,4.2089305
1.817,25.092297
9.016,44.189503
8.987,78.05064
0.08,49.00124
0.156,21.00127
49.086,122.60481
29.193999999999996,65.70075
29.954,252.03145
4.16,42.081844
0.397,586.08014
29.473999999999997,60.143387
39.983,125.15717
9.156,16.294151
0.124,37.092815
30.73,44.581867
0.72,137.0057
90.32,31.631905
109.933,80.87199
9.61,31.274557
6.043,627.9343
9.88,47.257023
0.0,26.368643
18.793,65.29215
39.953,70.080864
40.034,66.74027
19.09,73.69944
0.203,16.530993
279.137,65.79116
9.107,355.94165
29.556999999999995,41.419598
0.143,91.50683
271.077,210.5413
0.204,48.959423
40.337,45.924
1061.924,632.7477
0.0,23.29626
10.707,13.694553
108.987,37.20322
10.13,14.449346
10.014,120.9498
19.68,22.608414
0.0,37.21271
40.917,41.128334
18.896,57.12262
0.10699999999999998,17.903288
20.63,0.111527264
29.79,95.80279
21.22,17.6811
8.363,19.02342
30.203,30.436443
0.613,28.633324
10.854,26.870745
17.427,78.72329
19.946,19.107313
10.66,21.926607
20.103,509.66815
10.923,46.968456
2057.246,239.9908
9.72,34.64062
9.77,31.421293
12.1,97.612
20.317,32.974453
413.72,60.852444
248.73400000000004,102.48107
21.506,30.357573
107.863,124.06329
19.89,57.227707
453.62,264.39255
0.017,16.766485
19.783,36.978695
12.265999999999998,0.25012615
19.704,70.319176
0.063,6.5573797
0.047,54.5253
0.297,19.933641
10.676,22.73583
0.406,0.12800519
20.203,16.681995
0.45299999999999996,17.958508
259.734,14.186163
4.923,0.20728971
20.283,21.855183
190.73,111.62695
9.89,48.89568
59.803,69.285515
8.923,22.37557
0.03,18.991718
60.023,26.328432
5.969999999999999,29.198065
29.874,207.24825
13.89,17.038296
270.02,543.93604
9.407,37.11601
480.1329999999999,1216.2798
9.81,237.24641
1032.307,121.22706
310.057,83.03666
10.597,102.33385
69.92,171.90912
9.87,80.80255
0.033,0.21300466
187.776,445.02768
568.976,108.591385
108.76600000000002,33.13406
68.196,68.893745
99.977,42.530334
1.6929999999999998,31.966843
616.947,1117.9886
0.5,45.9068
150.224,433.57785
10.12,23.12016
80.957,204.31238
4.473,1.0033504
0.344,18.042645
360.473,378.33255
179.386,149.01784
0.466,28.112707
0.314,72.28938
9.504,15.179362
90.056,135.40604
19.887,53.790203
0.287,40.158222
888.647,294.63684
9.24,38.624332
9.64,113.01649
9.757,35.268505
49.976,46.421173
10.03,19.17544
10.22,67.14268
10.91,218.2492
0.11,535.27826
160.073,112.24945
220.18,84.81912
9.51,1.2070069
20.947,26.14315
20.013,42.890137
49.68999999999999,173.49142
19.923,124.61136
0.047,40.53305
1.037,1.6980202
52.34,106.86592
9.03,17.318909
0.296,74.47279
18.764,58.173332
30.653,41.527367
0.233,0.013407848
21.396,53.72587
0.06,23.310936
790.753,439.60083
0.046000000000000006,45.68619
18.94,14.42277
100.52,89.27428
19.336,65.35333
11.343,33.105858
18.633,13.908225
10.333,22.639833
50.077,136.13849
19.193,25.80881
62.373,46.17139
28.763,60.025387
1.407,84.56299
5774.373,2133.7048
19.846,37.272972
22.053,17.640324
0.467,117.40267
8.97,29.505953
20.05,22.495115
19.767,0.8273557
141.41,6.13649
689.27,135.49945
60.566,37.71655
60.81300000000001,59.286243
19.276,15.784623
10.22,17.353516
3.323,42.836205
743.2100000000002,783.40656
0.703,27.694477
10.92,17.561354
8.697,96.05264
1534.1500000000003,489.95605
0.72,50.055603
0.61,16.782793
359.827,271.55307
12.953,43.150505
0.11,54.06571
109.857,84.850174
39.68,36.575336
943.37,174.47163
40.543,162.1716
11.096,109.49308
0.174,38.836197
0.5,99.45847
40.154,66.4494
0.017,27.935139
18.63,61.939983
60.166999999999994,97.97293
30.267,63.59942
9.007,21.908587
0.033,16.56436
9.037,111.57742
10.203,20.300951
31.259999999999998,6.14695
8.267,36.64141
100.247,620.6181
40.407,128.97859
0.049999999999999996,25.505358
10.036,28.970512
50.186,121.86631
9.134,7.012053
361.006,44.56955
699.336,73.92289
1280.69,139.90025
55.484,37.511868
140.454,159.84521
69.234,72.41849
39.907,67.28267
17.68,26.268925
28.684,160.31528
20.774,78.90886
0.3,74.78399
20.154,230.34363
44.41,0.99753815
0.25,27.149408
38.64,232.01494
11.19,55.50507
51.017,296.1485
0.36,33.5084
9.783,18.691238
1173.93,340.87643
8.59,17.331783
19.474,111.672424
19.057,73.801254
30.593,144.89182
0.9700000000000001,104.90306
10.813,24.145088
9.436,14.291696
19.55,32.638767
70.196,149.39052
59.046,100.92203
49.62,91.72219
9.833,4.2089305
90.023,13.675387
8.203,32.430622
9.1,106.5855
19.306,0.71491575
19.67,38.024242
19.74,20.182016
0.034,176.08716
30.153,23.895182
29.723,38.67695
10.373,30.20143
31.462999999999997,39.351696
9.607,30.269629
0.187,18.929659
84.73,191.19975
2.58,45.477043
21.9,182.897
80.153,16.624266
0.174,28.549978
9.58,38.712196
48.78000000000001,1.3245454
8.377,40.00681
30.447000000000003,63.0879
159.656,116.50704
19.093,447.2999
2.593,27.119396
20.124,178.09528
0.143,38.447803
0.047,24.04988
0.03,171.04861
51.35300000000001,59.45261
0.097,19.06404
0.23599999999999996,163.66158
19.813,67.52229
9.427,101.176
20.69,26.533173
0.157,76.03508
19.004,55.170265
224.4,31.748194
10.04,181.87076
18.33,114.318954
19.266,37.445076
8.8,46.327103
2618.727,475.59647
150.133,159.7784
19.667,177.01868
70.646,90.44764
40.08,26.638191
290.183,65.40184
60.85,105.49186
221.4,237.26791
0.23699999999999996,130.11598
782.927,192.25467
20.294,111.635925
28.52,89.60981
389.67,58.033836
20.04,245.81476
19.047,20.43249
0.89,25.94388
239.69700000000003,726.03906
20.867,472.99966
49.56000000000001,126.02696
0.08,0.15033978
60.667,90.31026
21.167,155.23225
20.697,5.986883
49.85999999999999,38.82622
19.39,8.417775
0.013,115.55344
4.49,86.011826
40.234,14.052496
60.15400000000001,307.81635
569.99,111.61597
10.1,15.307294
0.263,112.097374
47.94,139.19487
8.677,114.69771
9.007,69.39238
527.547,494.9083
9.04,27.54079
9.753,37.901375
39.423,167.85408
1.033,24.709024
9.843,34.44909
269.21,249.4696
0.547,22.48311
10.09,14.150259
0.157,7.500333
7.513,0.385665
39.947,198.13165
40.37,152.70528
19.847,38.542587
18.14,16.076164
9.523,54.850307
9.57,79.181145
32.603,165.32962
0.11,166.43318
79.96,184.43915
9.783,8.574788
0.9659999999999999,13.873209
89.804,177.25336
10.047,164.58612
39.45,344.38098
11.663,73.351715
7.377000000000001,43.601
8.984,20.941637
689.053,146.3322
40.396,154.13821
8.237,16.090765
469.71600000000007,153.64218
50.24999999999999,27.606728
30.147,31.609661
0.06,241.38533
70.9,142.86888
40.266,14.410538
600.567,453.90787
29.57,84.32219
6.193,67.3081
0.297,0.012879674
9.503,87.836174
18.05,76.54154
20.16,530.34283
0.22,18.31156
0.173,83.769356
9.49,27.731602
1750.8299999999997,234.06378
68.79,54.867104
0.03,43.83501
18.823,40.402798
0.767,25.15916
9.98,45.075886
20.14,148.91948
9.404,26.268925
219.67999999999998,238.3118
0.064,17.207628
8.956,72.69592
91.547,74.65583
9.77,19.394688
0.626,21.24139
70.393,91.99727
6.067,24.387735
19.533,0.13409248
1.016,20.962008
20.107,21.23622
9.273,23.11497
29.79,28.158226
19.3,29.055351
631.093,337.39212
120.557,177.9384
10.044,165.0988
18.987,50.272873
0.064,163.05492
20.123,3.1156058
40.764,177.57732
18.323,82.38246
14.277,63.870327
30.277,121.34824
0.174,42.748158
19.92,102.54125
0.11,29.689915
2127.66,300.33267
8.83,14.970986
9.453,136.32648
18.863,24.807655
10.17,20.98864
215.45,81.98964
9.323,22.837635
0.047,38.103443
10.47,6.8177648
9.513,5.2670765
0.283,62.830505
9.104,18.726204
20.45,19.115503
60.00000000000001,48.72526
0.5,16.992374
10.38,162.44958
0.094,59.14685
0.0,45.68619
29.873000000000005,27.192656
20.39,238.63107
20.147,1.8403076
11.76,92.143135
39.44,38.639484
430.80699999999996,9.916537
20.446,19.955023
100.456,200.72972
9.447,127.97727
17.853,77.35893
0.0,0.030643182
29.727,120.35912
30.047,517.1076
9.98,52.066963
11.32,20.882212
9.763,35.52551
19.614,74.977104
39.194,250.57079
220.243,159.86765
18.706,4.2772284
30.380000000000003,12.83957
9.563,146.14197
36.43,143.26929
10.577,114.43702
988.9869999999999,154.95207
8.543,48.959423
119.90300000000002,177.51279
9.746,119.18267
69.856,250.2906
19.924,84.61807
0.093,23.323824
315.813,458.5374
8.983,37.083485
0.39,25.905973
10.45,5.6431623
0.356,2.502881
19.867,0.11984609
19.666,36.936775
59.85,121.19258
18.813,221.36423
11.08,88.69556
0.8469999999999999,95.940994
2.094,1.197532
19.457,37.050774
21.043,56.81215
9.7,17.553736
91.17,48.259254
10.18,17.739218
112.834,91.81676
319.53,101.68696
0.11,18.046879
19.627,50.892788
10.013,23.789886
0.08,21.032091
11.26,144.78476
7.426000000000001,66.5033
17.957,17.970566
3718.5899999999997,62.371777
0.25,16.533564
9.99,32.509094
700.183,54.6616
0.546,2.9005241
220.763,93.210915
18.99,32.190136
22.51,80.98597
600.017,69.47232
0.14,23.129759
57.57,123.765495
39.833,261.2402
9.016,32.6381
0.03,37.150368
2087.49,732.3012
12.110000000000001,52.46696
250.18300000000002,136.52034
4670.13,129.8518
6.853,135.12485
915.6669999999999,986.1827
9.81,9.589557
20.317,26.135088
8.297,22.111668
149.79,39.19774
10.64,43.06376
808.78,876.0732
0.077,23.040155
1.39,15.993814
30.496999999999996,23.76473
0.143,0.049127717
9.123,46.41947
8.986,29.944712
29.814000000000004,0.028213626
8.463,107.73832
8.547,36.077827
150.67,460.41486
9.7,16.920115
20.07,174.48473
169.85,92.091675
8.8,20.083656
149.977,3.9907725
10.75,8.380231
19.83,0.33448002
0.08,30.821306
50.377,96.33305
1742.0400000000002,466.75427
19.986,30.449596
9.74,29.329315
16.87,80.85167
40.07,40.311504
9.613,36.0588
9.963,73.39029
0.22,18.732843
199.024,207.88274
19.543,0.15229835
568.056,283.834
13.274,118.369995
20.63,33.227962
0.343,23.444244
19.92,30.821306
0.863,22.47199
18.894,42.782017
19.913,33.189396
149.924,142.49959
0.627,66.164825
140.957,134.03127
3.353,114.841415
0.39,66.53209
700.064,75.01275
4.75,42.21049
20.08,44.606785
18.88,25.12238
0.19,9.185979
250.10699999999997,621.92175
17.61,67.45887
19.51,175.52126
9.896,127.51364
1.087,49.503292
18.567,26.820282
51.0,96.915565
119.134,64.42137
8.497,38.21926
19.76,25.270752
0.093,28.442112
40.25,93.041626
0.143,25.811428
139.866,60.825993
80.487,21.614105
170.013,112.809105
19.11,71.06216
121.27599999999998,32.454372
9.0,129.4122
58.684,62.742992
10.06,68.18051
673.567,602.9123
10.32,37.951557
19.757,15.23787
21.05,127.06031
0.187,28.665709
20.126,83.82246
18.696,318.13556
140.433,165.8556
0.94,33.0819
845.913,408.5058
0.09,49.45208
0.153,114.841415
89.657,119.811676
9.95,193.64528
60.55299999999999,19.559301
9.823,52.03315
0.14,0.05741935
8.923,32.430622
0.317,15.797855
30.319999999999997,183.44576
9.6,22.961231
59.61000000000001,186.8145
18.41,1681.0125
1701.5999999999997,138.93079
90.07,30.824331
19.79,111.81658
1.053,50.779907
9.467,31.737864
19.73,89.69092
0.5,14.339616
8.403,120.314095
9.43,64.66044
9.33,17.693758
79.76,157.76627
10.224,59.00567
10.103,18.588219
18.777,17.57833
19.007,180.90198
37.984,133.68777
1.783,18.644192
18.237,84.27388
40.137,50.50577
0.094,22.984898
50.427,72.7739
10.007,27.020575
309.61,134.24763
99.776,45.085773
114.26999999999998,170.71045
0.36,22.325918
19.907,98.19402
0.03,6.281131
8.987,19.228376
70.007,48.24008
18.743,21.485674
209.98300000000003,113.97315
10.44,95.85921
0.52,28.955551
8.85,87.80352
69.847,226.81891
7279.983,1591.0721
0.186,16.69843
19.314,29.14474
540.326,129.39719
11.796999999999999,191.3511
104.82,64.925224
38.267,63.166023
60.16,38.749786
69.99,0.453179
19.006,19.081842
30.049999999999997,57.41183
8.726,40.699253
9.557,51.135387
9.87,42.34334
70.214,200.04709
10.047,13.663709
19.597,4.0735297
8.63,9.221186
67.33,49.431267
210.11,187.46548
0.596,6.268733
10.303,82.60495
0.14,28.970512
9.663,12.961258
140.827,104.234146
219.82000000000002,291.438
155.307,507.23758
20.087,46.19484
89.504,497.50076
1145.853,797.0648
10.613,22.66298
29.202999999999996,17.790794
19.607,21.545406
71.8,231.49875
100.293,33.32992
20.274,36.925476
9.023,14.702717
1146.757,76.12342
15.489999999999998,20.06565
12.612999999999998,343.32654
9.0,0.2006769
9.843,24.300472
69.077,31.159319
9.34,14.6848135
180.073,18.032589
11.503,48.861736
150.313,39.936424
180.71,64.17844
99.14999999999999,5.4975886
130.973,65.12619
7.909999999999999,36.381386
0.314,176.96259
0.0,0.68761474
18.93,16.323895
260.173,36.226124
0.7369999999999999,31.864916
59.41,37.324276
61.173,65.325836
0.19,42.826797
0.397,57.92634
1.703,6.945839
0.22,89.60981
10.626,81.71472
10.26,17.652319
9.713,31.265783
19.996,152.27576
10.12,43.369602
9.947,16.405872
9.347,30.239567
1.097,26.778366
1.017,33.520027
0.907,81.32647
13.813,28.55475
0.67,26.609325
59.903,26.172829
105.023,46.87159
79.56,45.07071
60.910000000000004,150.04198
9.917,29.949705
57.16,54.60276
9.423,16.625172
119.76300000000002,146.45921
79.574,134.94649
0.797,47.049343
259.986,143.47061
20.264,51.816864
20.66,47.211037
50.41,46.03044
1.18,137.58334
49.06700000000001,46.79906
9.973,38.639484
10.314,22.390045
18.057,30.54517
9.526,43.05112
41.6,120.60497
0.267,181.7104
89.63,66.07695
3.267,48.814133
440.13000000000005,485.87906
20.237,15.37353
20.0,635.3958
198.30600000000004,71.29679
17.92,46.945595
210.163,157.94325
318.96,107.28783
0.10699999999999998,12.040334
9.35,65.352135
1.566,18.392809
0.58,14.027488
16.034,46.371723
98.997,16.91197
281.643,63.24332
401.936,121.368576
1.187,12.676526
29.054,72.321724
7.183,53.259888
10.333,424.21207
0.61,16.920109
498.11999999999995,152.2521
184.156,61.075737
30.19,13.628168
0.03,131.08548
61.18300000000001,164.25533
149.61,304.39053
810.333,228.3442
50.13,311.20795
10.44,36.69809
9.297,58.209522
1.177,40.417194
0.203,23.3047
28.92,57.189224
68.13,360.3344
0.8600000000000001,135.81807
310.393,154.38919
10.627,3.6942368
8.46,21.59312
118.92,46.11364
244.45999999999998,218.65677
9.12,43.369602
140.2,0.16711612
0.33,26.851732
11.947,0.03632719
279.813,235.62654
121.337,32.52177
0.0,89.64684
0.863,33.189396
21.847,84.00355
17.336,18.132006
20.677,51.38596
0.127,132.66847
440.28299999999996,1870.5743
0.347,26.516272
30.286,141.19493
90.323,158.90295
0.22,39.255054
29.893,77.0947
10.833,42.394657
30.183,183.18591
30.304,264.81262
10.623,54.643948
8.61,30.274988
29.563,55.995407
20.09,54.31007
69.56,12.424413
0.37700000000000006,58.30979
0.297,124.43853
5.12,37.793682
370.52599999999995,74.98358
10.547,101.176
19.904,52.383354
22.943,106.33659
9.203,29.049593
0.0,48.65787
0.047,2.1970048
8.926,33.73252
19.883,10.227479
0.686,19.616459
8.087,0.062856264
210.19300000000004,161.30928
0.55,19.328905
0.11,17.71314
0.033,23.135973
29.536,22.739248
0.153,19.107313
11.023,23.53133
0.644,41.60513
119.96000000000001,56.96559
9.317,64.90582
0.14,3.3929803
10.71,112.660614
11.773,25.467194
0.343,158.05609
0.44,11.776089
9.62,49.878334
29.967,25.549
9.704,16.29676
279.716,290.3698
20.55,33.37439
6.477,91.97403
28.506,0.018981233
7.763,7.367711
0.283,46.010967
10.09,83.67528
29.986,40.24093
0.626,129.01578
70.8,35.298195
21.563,66.11035
21.807,84.18764
0.703,26.974064
29.423000000000002,13.219721
20.013,94.23776
22.567,47.616703
9.046,26.082714
59.617,386.26486
310.31,114.345474
39.096,123.33634
9.85,44.550156
19.737,18.913233
9.78,8.640644
390.65,1035.1332
0.047,27.29638
0.093,28.549978
49.97699999999999,86.8739
51.577,94.816536
11.14,107.42605
10.037,50.61285
30.003,14.340545
10.073,32.665874
0.0,40.66555
40.123,23.559484
9.344,84.28691
0.049999999999999996,49.717728
0.12300000000000001,16.24184
0.986,28.348598
10.087,15.4908
10.227,23.979307
219.87999999999997,221.09732
9.91,56.675995
1.517,123.424355
0.22,49.7305
9.86,24.6132
9.38,73.342896
19.83,62.266895
126.557,214.69281
1860.213,247.93474
10.143,106.4746
40.78,72.8011
69.14,30.443813
0.283,104.66226
418.25,262.2029
10.01,119.15376
11.71,27.442253
10.607,51.460278
8.283,81.40294
38.113,27.836906
109.51000000000002,25.556778
10.047,236.7876
9.063,17.015667
30.483,3.8306534
1210.027,193.29428
0.187,57.88039
0.19999999999999998,86.10362
0.06,14.059114
449.97300000000007,655.6693
10.296,14.081088
10.617,49.629288
0.72,69.52417
0.11,73.263565
0.22,18.50708
259.837,117.50247
49.507000000000005,501.92612
0.347,17.92114
9.88,32.20267
9.667,15.569524
299.063,201.87407
30.247,34.52576
0.03,17.768978
30.76,35.998493
30.183,177.21588
28.733,3.168749
29.500000000000004,300.4924
0.11,15.959871
22.547,45.722538
39.874,283.09064
68.757,105.336266
9.117,18.399527
9.213,26.035215
49.933,21.490322
9.98,136.7972
20.007,29.700743
0.25,109.481636
39.497,141.09729
139.827,48.181847
199.96700000000004,122.748505
190.33,426.53052
0.643,36.18001
130.52,735.71045
10.597,45.732204
10.01,103.40513
69.383,198.2814
20.083,124.35127
58.31,54.504677
19.613,43.04809
30.000000000000004,43.83748
82.02,126.48727
50.336999999999996,16.020588
9.874,4.936428
19.3,49.928448
47.416,67.357704
139.08,135.77919
9.037,29.864664
10.147,26.872995
8.876,49.400284
20.186,34.47802
187.797,73.485176
0.72,72.66837
9.86,29.36628
720.397,54.0379
9.813,22.442053
31.17,62.266895
79.063,48.669586
0.767,24.778826
10.577,83.27523
10.72,32.571617
1390.136,875.75806
29.846999999999998,7.517273
19.71,2.7499485
10.96,63.734943
190.18000000000004,74.56965
29.31,27.517714
30.494,46.9679
190.433,230.26678
29.896,9.901845
9.773,161.84656
270.08,29.874462
21.02,47.77162
66.423,91.55813
19.103,276.70303
2449.977,943.9396
170.147,625.76886
8.594,52.68469
22.253,20.028238
0.217,18.307293
48.886,82.36941
172.427,15.669697
8.064,19.678549
1254.707,245.26572
0.644,19.73741
9.934,33.226437
40.257,90.595406
50.513,384.44138
22.26,123.25271
150.347,48.385853
69.967,221.17274
19.54,45.338276
140.203,23.690794
10.56,123.90013
11.04,111.36653
0.11,49.917248
19.066,72.51047
18.86,10.614648
168.877,31.486887
240.883,106.2382
9.46,54.79062
1.08,35.61235
0.156,59.842255
96.733,90.95433
70.45,59.95551
1.363,40.40098
21.656,46.141655
20.057,23.753078
20.404,67.89349
0.17,0.33674794
27.900000000000002,52.497486
249.776,62.256783
11.41,19.460926
117.83000000000001,25.296766
5686.117,248.02663
12.057,155.23225
352.007,363.15436
0.877,54.5592
1.22,137.14412
7.89,54.72023
100.09,43.057648
21.447,31.204937
19.904,72.14823
0.297,0.5375837
10.276,30.800985
20.47,128.10808
18.98,73.82966
0.064,18.794405
99.693,54.445057
700.12,123.02888
149.0,45.278423
8.613,0.7579552
140.22,0.14073507
8.84,20.37678
129.597,196.22841
8.637,60.131653
9.41,34.63428
0.577,21.927937
10.673,158.29619
9.514,83.12608
0.153,19.103035
199.387,33.27391
0.42,7.6159725
49.003,95.42645
160.363,16.76664
17.627,72.62801
39.627,89.72008
20.154,0.7519965
114.67,409.22623
19.534,109.72905
98.09,35.739773
181.664,152.23691
20.053,0.68335116
3029.6769999999997,109.3592
40.343,34.09196
216.427,122.43885
60.657000000000004,135.68317
30.26,103.7225
28.87,36.485973
630.607,313.30374
0.17,33.893677
0.127,202.81221
10.946,13.131664
1.363,15.295829
19.306,189.091
112.873,453.86713
120.89,139.79733
77.59,64.37196
50.13,1.0710583
0.563,132.69554
18.077,67.78527
99.14,87.468124
0.187,30.516481
168.82,151.7257
368.28,120.94888
80.476,131.93425
1.267,15.558501
0.11,34.687176
8.647,4.219531
77.984,50.73696
291.377,120.578735
19.213,32.737675
21.607,112.788185
19.046,11.320442
118.484,87.195656
0.42,43.045055
60.04,443.18665
900.363,171.72862
50.197,58.483788
39.766,17.325594
0.394,97.45894
111.514,1812.0675
20.813,26.108675
0.03,19.121017
9.9,88.50101
9.32,35.95216
11.013,362.20135
530.333,212.0934
0.25,28.889132
9.773,63.985332
10.13,3.0098019
119.786,174.49269
29.47,545.4464
869.573,7.716468
7.973,17.22133
219.644,51.86523
0.436,37.972755
19.037,22.599129
0.097,6.368847
20.22,18.207998
0.127,28.801529
829.81,27.057587
10.354,22.577534
40.237,32.98164
28.726,211.63678
19.517,174.3327
9.157,23.583841
50.23700000000001,44.73099
960.023,309.79236
0.8469999999999999,15.043982
9.537,11.376491
90.62,56.869812
46.397,18.708574
1870.0130000000001,109.99033
0.094,27.167097
139.31,50.835075
696.127,328.30032
61.14,71.16096
18.893,40.94908
29.707,51.223694
210.157,236.26263
19.99,42.046715
18.847,17.397469
79.773,143.49484
0.267,4.2089305
99.053,68.45666
10.0,30.883263
9.874,15.76796
125.897,98.861176
9.683,18.995377
11.087,29.605133
9.346,19.189466
8.934,109.5228
10.06,17.943775
0.186,26.383951
29.803,82.5401
8.917,34.612274
19.803,13.85864
588.847,209.72192
190.02999999999997,350.9763
19.703,0.05741935
0.28,19.637676
9.897,57.86361
19.916,26.100657
19.25,33.648182
8.97,29.500034
30.563,18.598444
184.38,381.77286
0.047,67.97603
575.41,432.97253
0.17,19.78856
21.527,48.841396
979.89,79.13589
30.187000000000005,166.54546
0.987,17.337706
341.087,92.60146
270.907,53.34478
8.996,70.449715
28.446,67.40592
9.694,31.274557
19.857,19.061903
15.553,45.45941
0.36,58.04216
0.077,19.193296
0.553,58.260498
19.41,47.47544
1.283,30.499382
9.5,49.773006
0.03,18.013807
9.756,23.411617
19.37,24.046165
2.476,23.06667
63.49,180.73543
240.624,111.78004
0.017,56.95568
10.283,34.40473
0.267,36.544987
160.49,93.2829
10.39,57.553127
14.673,83.389275
0.283,30.833511
470.16600000000005,102.87308
51.256,194.84563
309.743,69.04238
10.004,33.60131
7.244,67.10094
130.237,196.25215
68.996,123.738335
40.71,77.56888
0.157,50.333454
18.597,67.978546
9.243,54.43305
2297.457,669.30774
22.87,42.214474
29.169999999999998,17.095648
0.046000000000000006,26.191711
9.99,26.471487
10.133,441.4724
28.677,19.460926
8.44,122.28095
99.773,144.95369
9.39,0.704407
51.34,290.616
0.046000000000000006,176.1161
28.723,19.506197
69.994,34.041737
1.287,17.43004
20.563,82.44444
9.053,26.735945
0.5,66.53207
58.75999999999999,14.169511
0.12300000000000001,34.079258
9.24,52.381058
0.314,0.25012615
490.01,447.92212
19.527,17.650084
9.583,0.09079619
20.343,84.33761
30.983,14.901537
0.987,63.98403
18.436,12.739264
9.067,37.132156
29.253,27.06372
29.897000000000002,202.07787
59.733,57.490658
149.96,293.32092
9.993,70.223526
9.827,57.395374
19.49,13.85864
0.89,56.011147
0.254,17.935421
50.132999999999996,57.63075
9.313,24.228348
20.64,45.367302
48.333,79.93207
420.25,40.401485
381.244,199.85663
30.293,17.972502
71.453,155.83005
10.2,22.44152
130.067,87.908516
0.454,27.738592
0.06,51.986237
49.613,50.815693
1650.447,1877.4946
19.83,250.56633
10.143,46.214428
250.66,10.722593
1400.13,219.19926
10.047,13.163353
9.997,29.414532
30.07,52.029182
1.297,55.841988
0.8600000000000001,61.862133
10.267,87.31556
12.2,4.219531
19.817,103.13178
81.917,89.290085
19.964,339.58148
415.56000000000006,1042.9525
8.86,30.36136
10.904,17.769825
0.08,120.11968
0.233,23.903633
39.846,55.0269
0.144,0.7792839
0.327,17.910332
9.683,29.806541
8.896,21.736525
9.91,207.364
0.174,521.2158
130.827,82.94013
60.176,24.140749
0.677,20.941654
20.08,240.8878
19.866,153.99455
8.237,24.049639
9.85,56.422237
10.637,0.40031195
0.5,27.79945
10.447,45.04736
260.8,75.519714
20.087,114.555695
0.03,90.90486
3739.0570000000002,529.13745
0.36,27.167097
1.8930000000000002,47.93799
19.983,34.255104
208.954,138.38849
40.376,2.3364854
0.263,26.21088
8.657,34.663963
300.087,188.02509
0.9100000000000001,36.706165
20.2,70.76081
90.036,80.02496
19.963,0.3373175
61.199999999999996,85.634224
123.973,16.092356
209.15699999999998,14.15984
99.85299999999998,41.988865
237.01999999999998,100.25179
9.767,19.540594
0.093,28.541452
31.01,28.38093
17.927,9.327601
210.06,167.67647
0.047,37.954468
0.9700000000000001,30.178202
259.973,546.2286
9.14,124.688354
9.74,13.741349
0.17,15.644709
39.72,63.48804
0.25,16.357946
0.313,17.097832
3.443,39.204456
50.07999999999999,101.41241
8.77,118.887566
30.336999999999996,40.73904
110.403,100.37861
9.056,38.962368
651.57,200.73044
213.3,84.87276
40.453,69.21445
10.574,30.177176
0.233,81.79645
50.413,116.0335
10.88,21.17616
19.523,211.75755
9.5,36.279198
29.777,15.814765
0.233,23.87321
1239.796,145.49852
9.953,14.140361
0.143,64.9583
20.34,87.12397
9.884,39.231686
0.42,19.131857
160.777,242.01851
19.927,50.947575
9.853,12.15099
20.783,97.00098
19.88,180.19467
90.33,137.3835
19.73,81.53118
20.183,122.28095
739.08,221.62898
0.063,15.837698
11.337,87.65391
730.044,180.79811
0.876,17.70541
20.923,53.989384
19.864,108.24494
40.423,105.78436
100.36,25.329268
61.313,11.574843
0.36,28.085178
20.233,160.2523
39.42,67.896194
9.174,114.78941
10.1,142.32047
79.666,38.743896
59.77,137.79314
10.507,123.04782
110.393,28.980787
0.296,29.996115
9.397,58.86843
360.063,202.47006
0.14,32.608547
10.327,7.25277
29.866,36.819324
23.507,99.46248
1.19,50.794666
69.64,21.854055
23.14,28.061508
9.846,65.14415
140.106,31.840506
89.546,138.421
160.703,186.86896
0.284,41.547764
26.747,77.08622
9.74,27.428816
0.064,24.059175
29.774,18.200058
29.296999999999997,65.2206
9.17,132.81187
29.9,59.201912
9.893,24.44477
0.22,109.92317
56.587,127.47537
129.21,519.69037
1179.566,701.3437
10.217,25.497715
249.70700000000002,97.40187
5.4,75.65317
10.067,231.27457
39.98,84.98875
50.207,42.91908
9.133,14.930332
9.166,89.272156
1.08,176.41556
210.073,159.86339
19.0,65.92042
49.57600000000001,121.74093
9.81,13.073075
20.28,248.18524
49.737,65.161705
0.563,132.2661
9.283,233.48763
59.92,176.59692
20.897,119.18267
510.26699999999994,617.17834
9.01,44.435352
20.454,26.42038
0.063,27.109802
29.733,104.08229
0.08,16.489376
0.517,24.466606
0.304,103.30033
1.007,132.61848
680.13,148.9276
40.353,60.66489
138.97,46.668102
7.92,13.301533
18.18,252.93245
99.88999999999999,31.130188
10.453,18.755234
160.523,270.67923
0.144,17.922941
458.85599999999994,50.90103
20.913,83.034386
0.233,99.32795
19.1,194.38658
80.38,0.8566291
111.71,17.195845
40.557,43.32448
10.257,22.500124
309.807,207.63805
7.454,17.517143
30.123,118.49274
19.456,66.5265
21.83,47.956806
19.257,88.05918
51.833,112.57831
30.11,13.94221
11.11,18.757864
19.324,40.616985
39.474,56.941532
90.34,83.630394
0.216,145.63506
39.81,46.352673
39.663,141.37369
19.03,123.25271
0.034,16.84664
0.093,24.340975
0.013,18.460209
0.157,22.855581
51.343,88.25575
0.987,31.421293
10.413,278.3751
19.177,46.422985
0.127,17.598114
12.362999999999998,55.841988
30.156,34.985527
539.984,125.4006
70.867,25.677547
0.03,24.352068
0.907,66.164825
0.296,41.100067
4.59,25.295046
40.037,39.934788
0.094,6.368847
30.063,35.581722
30.4,44.10697
5003.66,5126.831
8.017,9.25651
80.2,98.20094
19.79,4.262773
8.974,0.21260768
0.013,115.41768
18.777,28.239302
4.674,17.70755
0.267,42.682224
840.1469999999999,619.6714
127.353,309.6948
9.113,27.832844
1825.867,522.39154
49.133,88.06259
100.887,172.62099
38.917,20.237566
9.687,19.124142
10.243,66.818695
0.03,28.961815
70.06,3.0443552
132.77,179.07231
2509.857,239.18571
0.593,16.87814
10.47,15.930349
7.253,125.55094
39.95,130.65546
8.937,30.629463
9.86,42.933533
19.347,36.08782
0.11,36.888508
10.157,36.252884
329.41,35.839535
0.356,43.978317
10.187,82.84747
69.857,73.33573
711.166,311.7137
0.33,1.6390446
0.11,0.17473009
9.33,6.344383
8.607,22.331182
160.663,72.324455
81.037,118.55842
209.14,27.464996
729.324,321.17874
9.26,197.67804
34.84,96.112175
61.073,36.625385
0.033,27.306765
269.93,224.11444
159.687,128.64035
20.81,67.09033
9.37,98.2273
9.933,32.520683
30.096,69.0713
9.867,24.771738
11.647,46.026737
10.127,35.305027
0.4099999999999999,33.97551
20.673,16.814367
110.25000000000001,330.1583
30.443,74.19734
10.014,39.563587
20.79,0.084054664
27.697000000000003,71.00074
60.00000000000001,110.844635
9.49,0.6695796
0.53,22.413
520.544,103.359375
1373.037,133.09694
10.03,176.2028
30.747,18.213112
9.84,259.29456
139.99,66.86192
9.397,21.483356
0.093,36.076584
42.084,74.64044
1.22,6.7841215
38.93,57.92634
228.877,111.62027
10.463,79.57518
8.68,20.387041
60.516,54.268208
0.844,110.11765
9.403,0.08556989
1490.9740000000002,20.052235
0.064,6.945839
2014.223,156.86797
10.45,44.21317
20.65,28.01251
9.853,19.49196
19.527,49.69433
19.106,11.159947
11.83,64.2682
19.507,217.37624
20.346,59.6246
449.79,688.7441
9.987,31.387577
70.91,144.22696
6.93,31.173561
9.927,0.36014917
0.25,29.195518
21.203,73.92644
9.187,15.953399
11.033,52.278473
149.847,472.12646
0.017,173.90692
630.93,412.50497
9.904,19.777225
20.836,113.58694
0.097,45.86403
19.937,32.657467
0.093,28.44076
30.017,111.85123
10.01,36.559967
0.297,55.67324
10.76,24.381413
9.07,46.29162
19.713,114.42503
0.046000000000000006,16.038498
0.173,169.54826
10.657,33.727715
9.724,144.99161
0.063,15.255402
120.96,119.28928
10.097,40.820564
9.403,58.743565
19.776,98.494736
30.047,39.461178
10.79,30.722982
620.323,30.507376
0.7959999999999999,41.08345
9.283,24.318085
40.073,64.90415
0.513,114.7761
40.123,38.231045
9.883,50.183876
0.563,96.428375
59.817,47.414932
9.604,16.663183
9.947,17.59163
737.86,961.4153
0.12300000000000001,23.349672
18.714,85.154076
0.063,28.633583
8.677,22.49877
20.087,34.538765
10.483,33.0819
1.173,24.265549
9.286,22.032557
39.73,59.86375
69.356,44.176838
9.483,27.52957
79.493,143.81636
39.0,112.330536
0.033,29.05932
0.033,61.222385
2798.453,486.32117
50.34000000000001,51.90599
19.383,52.147728
180.277,295.05716
178.913,84.981255
0.094,13.349826
40.267,35.21481
0.03,94.04087
211.29600000000002,274.5061
81.426,87.70725
27.904,1335.152
40.957,286.21707
3.9500000000000006,32.20267
29.256,44.051704
8.936,22.442053
39.693,158.37837
10.443,116.77257
0.797,69.42411
18.196,14.59376
18.837,28.078108
8.704,0.5729666
26.653,207.32692
100.37300000000002,54.02758
1304.307,2341.5063
1.55,48.27965
379.11,63.11536
9.78,23.920238
1.347,38.958336
210.137,161.19673
19.937,46.356197
9.38,58.711
10.633,74.31279
0.657,21.041166
113.687,219.10707
9.45,0.107735954
9.117,6.4768176
130.06,95.360954
0.157,128.09314
10.64,45.124035
58.88300000000001,206.67514
20.056,0.15861943
0.09999999999999999,120.65161
49.72,133.0939
830.953,305.06042
10.207,40.155643
0.063,32.157913
30.056999999999995,107.9327
21.0,11.432816
10.113,50.1536
10.834,39.10387
10.15,49.363857
49.75,381.25092
1410.01,524.9477
119.777,37.69271
29.983000000000004,31.414604
18.967,37.505844
30.184,64.76226
9.674,0.33344108
0.4739999999999999,0.062856264
279.996,8.926206
29.614,9.485127
123.543,106.7452
30.237,19.27437
0.263,28.062752
9.817,52.987247
40.254,113.09932
178.997,50.678604
69.934,146.9471
207.977,762.8296
0.296,109.97181
0.046000000000000006,33.455498
40.207,177.04355
651.167,113.39502
100.76699999999998,260.58405
325.384,186.41406
49.843999999999994,52.979828
69.733,23.220892
0.36,29.14045
40.697,57.66699
335.89,693.6312
170.11,180.81804
9.077,26.685675
10.32,25.45572
0.14,45.338276
11.194,63.630257
101.697,26.454992
6.457000000000001,44.477833
49.9,28.805317
70.933,176.62605
90.033,89.63548
9.916,14.163487
9.08,88.716576
10.457,53.335022
18.58,59.717194
149.763,2.202631
78.077,122.84878
359.23,509.11594
59.174,20.86269
0.03,40.819126
160.957,74.66482
149.386,117.29718
19.977,58.513203
395.12000000000006,185.85182
1.146,41.335182
20.3,82.89979
1658.7270000000003,114.38225
10.747,35.4856
9.857,30.174314
1.063,35.18434
12146.98,244.7302
12.49,87.746666
0.157,18.307293
11.566,27.579155
29.433000000000003,209.23703
20.07,42.754677
9.17,139.16173
745.333,493.04593
258.677,186.10983
21.38,79.93207
10.576,39.940037
149.786,155.21286
268.413,548.22485
68.986,1.5672836
20.51,2.4253383
0.173,22.839119
50.19599999999999,62.777695
18.77,72.158424
0.813,117.05429
19.684,73.69944
20.21,223.92107
50.313,245.00188
269.977,181.08948
10.13,25.991081
589.993,1243.9706
10.753,45.78795
0.049999999999999996,142.7534
20.08,50.506996
9.256,85.43256
78.847,4.373659
22.087,112.867714
8.504,7.310022
10.073,76.58346
9.63,36.326633
9.923,7.0837035
39.416,274.03357
489.87,42.861927
18.46,494.10797
0.063,0.025605347
1.376,67.87955
9.7,37.87006
38.963,16.59423
20.07,356.16544
1351.623,162.89525
9.25,4.2035074
59.67700000000001,211.85982
10.09,67.31041
19.233,20.61699
1.423,0.94874114
9.26,18.644192
0.327,39.09609
0.17,49.184345
2.0,144.78874
41.013,65.97221
20.14,42.90812
18.71,85.45494
30.270000000000003,38.371616
39.824,22.4255
0.547,16.122503
40.017,13.871133
10.297,67.58062
180.756,73.7286
38.603,110.07711
8.76,27.642365
0.19,34.859615
19.834,213.54735
0.313,34.326042
419.94,74.93326
70.97,43.389458
9.183,6.406818
29.846999999999998,87.28207
9.617,2.9697506
11.097,17.353516
250.48999999999998,62.316044
0.047,87.94305
10.467,0.15328802
19.717,55.95334
2656.82,622.48395
0.766,2.2345052
9.89,39.442886
9.006,127.89789
39.833,93.052444
10.373,0.03253381
118.34300000000002,395.66547
18.106,46.690144
50.56,24.963425
11.083,19.21499
0.20700000000000002,31.267159
31.077,0.6511776
0.7499999999999999,2.008049
0.106,27.470022
1.473,0.31689876
29.8,31.765944
30.247,19.249578
60.18,54.175365
0.24,72.79096
80.087,50.574677
0.12300000000000001,21.908587
18.777,51.514545
62.197,88.50681
31.164,46.546722
51.596,47.46689
0.093,17.348421
0.25,19.612469
20.896,25.087381
20.05,223.83609
0.173,35.86584
10.677,0.061303884
3.6229999999999998,52.132046
326.846,7.3187246
0.017,7.8226576
70.034,55.07867
639.814,218.53508
20.083,11.338847
1.39,40.946064
0.644,23.444244
19.39,22.672943
0.033,0.8296105
0.174,42.77949
179.933,30.838085
8.906,23.644825
1.047,59.865803
0.297,37.004166
29.703000000000003,147.15779
0.22,243.93921
29.967,26.514538
9.577,19.540594
29.207,292.4446
8.49,60.8275
40.146,16.910152
10.766,16.830723
9.55,20.354822
768.307,256.93198
0.11,0.90567064
0.03,50.893734
33.08,0.16319478
1.484,23.349052
100.244,158.78293
74.317,31.692253
9.747,81.81257
10.01,0.34018427
18.663,1.7826998
9.143,39.550144
59.78000000000001,73.00716
0.593,82.33209
40.153,120.45488
0.8469999999999999,24.31
290.85,40.345085
0.12300000000000001,16.021168
20.683,393.45007
1.156,26.73988
31.037,5.7322254
381.02400000000006,63.489754
30.137,30.423437
9.277,64.10889
1.05,121.2861
0.58,22.24969
21.1,105.45501
0.11,6.918592
29.953,467.18683
19.843,20.364569
11.247,16.995417
10.61,21.6037
0.046000000000000006,17.207153
20.35,159.47133
19.877,222.13858
59.797,85.335205
19.39,12.578023
0.38,85.80881
9.94,0.4092208
139.823,58.315765
8.59,31.798658
210.65,617.8262
38.857,43.85174
69.994,12.130846
0.343,0.49562275
0.047,13.573938
129.273,142.90686
119.783,0.77909225
8.797,23.767567
0.64,32.82598
1000.21,247.72643
0.19999999999999998,14.728812
30.962999999999997,18.383852
0.7630000000000001,24.130016
14.98,134.10773
9.887,16.397263
19.28,70.54725
39.604,39.153683
19.976,13.600647
0.11,5.887639
0.39300000000000007,117.23763
109.383,174.6015
2.533,111.479645
7.093,20.448622
19.567,17.447302
9.11,17.355444
6.49,9.08117
0.28,32.77158
0.266,14.565405
40.97,19.79708
1.173,22.177336
41.066,145.49425
0.74,0.99179375
359.7,101.12892
10.783,77.07771
1216.673,422.0967
20.23,72.23016
0.9700000000000001,13.7618685
50.14,40.034492
0.39300000000000007,40.592026
0.983,144.15451
18.863,66.11035
1519.01,593.0686
19.74,186.9669
119.85,24.036333
0.049999999999999996,78.85951
119.91,207.24307
0.674,52.182396
19.777,90.25144
39.733,43.0035
7.173,14.885649
18.14,54.5592
19.854,17.54558
9.0,24.381413
21.68,55.22295
0.017,0.18071692
0.78,26.685675
411.013,244.8729
4.61,35.992146
9.767,41.14378
6.343,6.8051248
0.12300000000000001,16.117283
19.467,48.4323
240.17,167.53717
10.563,1.5673343
18.653,26.465178
20.864,147.40886
30.125999999999998,18.482447
467.733,384.94775
8.993,67.54414
49.75699999999999,238.11145
0.36,21.216454
20.13,31.627337
31.45,25.73937
20.87,46.630394
0.013,24.319036
110.07399999999998,150.66501
0.42,16.15482
89.817,57.581417
0.407,33.893677
2.393,23.784628
7.853000000000001,39.617645
139.92,69.81712
9.61,24.139347
19.054,50.957043
19.5,28.633324
10.287,241.7546
20.167,121.03365
9.644,6.3814783
0.7959999999999999,16.484518
8.516,21.854055
0.14,1.0033504
161.773,237.1485
10.873,22.442053
1.37,3.2872612
0.126,47.647804
19.876,106.201485
10.003,67.5637
19.647,29.949705
0.017,79.241486
94.767,44.750347
909.9,655.8411
20.203,27.246733
0.06,15.632752
240.497,53.327873
20.06,29.14045
49.760000000000005,32.961353
147.667,64.08563
9.396,17.205194
29.224,0.04446514
815.4099999999999,545.6437
1519.997,450.72766
200.877,135.04958
0.046000000000000006,16.465136
37.883,25.698566
180.267,144.9435
9.39,16.078962
49.82,41.84887
42.137,48.31167
19.323,14.150259
0.10699999999999998,23.642563
10.88,46.643143
20.11,34.912575
9.46,26.851732
1860.8139999999999,549.9827
249.98300000000003,144.28923
548.15,50.37013
251.043,118.25338
7.579999999999999,41.944263
0.643,94.97306
38.857,213.33984
30.506999999999998,102.99075
29.939999999999998,24.983706
250.067,513.92224
19.673,117.00998
0.36,118.606964
30.95,25.814157
309.46,213.89462
9.66,22.282587
10.037,55.995407
20.177,119.4206
0.17,21.839882
0.17,32.18268
10.564,15.9942255
19.72,55.785973
0.156,29.151514
0.5,14.007738
8.403,27.442415
12.983,35.35873
0.623,26.035215
1040.353,176.46352
0.157,41.151352
9.636,25.95714
19.457,29.706882
8.79,26.28765
0.093,43.675533
49.85999999999999,69.82843
8.824,69.27737
10.103,24.18286
30.149999999999995,71.98827
22.86,70.55947
9.916,34.48364
1.86,59.145775
11.05,20.738537
11.263,22.243202
0.157,18.831284
369.943,123.65098
20.036,27.509138
954.303,303.75436
39.7,43.84389
19.266,121.99683
17.734,29.33952
9.423,17.870264
0.22,40.699234
10.12,27.289793
20.163,38.82132
10.137,212.961
20.303,43.970795
0.407,23.075035
274.06,412.597
111.01999999999998,98.03859
17.873,157.2682
390.6600000000001,87.370186
389.533,1070.151
19.71,55.95334
9.536,21.48636
18.857,364.0607
9.807,26.955832
160.087,40.71557
9.953,164.20467
0.47,6.4369087
0.23699999999999996,23.323824
0.11,23.885958
3007.063,1175.9402
81.543,27.15224
9.773,113.712204
9.417,0.050373107
19.807,19.826815
11.167,142.39613
20.07,33.13197
0.766,18.662544
9.164,0.5918368
20.217,24.506758
379.626,573.01733
29.876,48.316845
0.203,16.747013
0.097,80.0172
18.883,79.63199
19.6,14.32091
19.77,14.953526
60.78,42.31398
0.046000000000000006,52.497486
39.427,185.01018
38.017,668.8316
19.33,15.600058
8.663,37.643696
225.783,116.38419
0.22,20.593067
0.64,40.62101
51.11,61.0381
19.29,33.05891
338.887,228.01198
10.01,40.646217
39.553,129.71886
111.70299999999999,96.33911
7.843,16.830723
19.423,14.413424
28.76,43.70994
20.22,122.260086
9.57,44.48229
9.89,43.675533
23.92,95.940994
0.25,87.347275
179.317,441.25122
10.01,7.7630353
160.28,67.332344
20.89,57.627834
9.853,24.382088
39.99,52.058014
180.53,118.602516
88.947,291.13043
59.897000000000006,157.66037
0.284,30.16451
40.093,70.44272
19.713,147.74269
69.94,224.44662
50.86000000000001,87.5016
19.23,19.79924
6.957,0.10446034
79.42,64.138596
2.127,42.394657
0.06,1.0591923
19.464,75.378
10.23,52.82695
22.023,362.93463
10.187,96.87061
0.22,5.308817
29.894,50.655945
8.356,38.03943
519.893,89.07353
8.97,15.636418
0.013,46.50074
200.45999999999998,3127.7954
189.86299999999997,121.80848
0.533,19.02049
31.613,62.014507
0.126,31.186073
29.076999999999998,33.653023
880.4499999999999,172.72739
0.643,24.265549
285.26,122.59455
88.94,139.02806
21.473,19.123522
70.28,38.52966
0.7959999999999999,45.80505
40.763,47.904114
9.867,6.918592
10.04,41.166134
9.63,74.69863
10.86,55.90878
58.577000000000005,70.299324
79.433,138.6285
8.5,14.885649
61.086,127.95878
17.737,38.200127
81.013,61.316803
10.354,33.692154
60.093,69.018875
10.063,251.54442
50.563,164.52655
862.2999999999998,218.83028
0.063,277.585
22.266,4.316152
9.297,66.9583
8.687,55.862328
188.443,608.02185
1.156,56.52184
7.833,46.026737
9.043,14.711648
9.913,21.119646
0.06,6.332985
9.737,21.061043
0.503,4.2331457
30.257,121.088005
24.63,205.46748
59.337,40.475044
9.75,30.272644
8.953,93.26778
9.253,777.8281
10.05,23.12016
0.533,111.581406
69.7,68.27446
39.27,84.94906
0.734,58.223717
0.69,76.6467
39.646,91.156784
20.0,29.806541
10.376,85.31318
20.01,68.040184
9.097,16.99557
19.177,90.8783
21.057,245.66512
0.5,17.961428
195.233,106.8219
59.686,178.02747
10.04,33.17113
0.204,19.549068
19.927,40.769318
180.406,381.31155
20.27,80.48309
379.93,85.81215
0.11,95.940994
9.693,27.668331
3834.357,416.2569
245.44299999999998,92.29288
17.663,43.351776
0.017,14.076683
19.883,174.4936
280.05,314.01004
9.174,18.05488
40.263,33.72802
50.31,43.744953
60.28,73.004425
7.477000000000001,20.275423
109.66,402.11166
130.01,107.25795
7.547,90.15956
0.39300000000000007,5.454988
360.027,194.33786
20.657,80.30507
280.02,18.169094
19.843,23.42401
60.13,93.38507
0.673,19.72968
0.093,33.85661
0.7999999999999999,0.385665
79.103,113.69674
0.064,16.242893
19.454,828.2228
19.41,35.21481
9.797,22.381071
10.85,23.152876
49.28,86.42377
30.087,19.081842
8.923,58.190926
7.456,17.694584
11.943,31.937702
138.68,56.136665
19.37,15.334622
0.093,63.07216
2.493,84.32351
60.664,121.53286
9.957,45.54299
1.046,27.189184
121.05,47.80267
5.757,80.23925
210.90299999999996,110.103516
10.97,38.21926
19.877,108.35643
1.02,50.40975
29.963,110.62822
7.62,2.3247328
3152.6599999999994,344.3554
0.03,35.20323
7.830000000000001,137.25803
380.38,61.44843
20.254,1.0705477
10.297,39.979046
1152.09,235.27463
419.763,281.60617
28.964,74.13931
709.103,117.19849
0.827,21.60671
16.803,36.53188
21.93,41.6586
10.11,7.7749605
1.7670000000000001,85.87063
9.737,24.047346
489.63700000000006,55.23247
0.5,37.238514
19.263,340.05188
0.14,30.833838
2.11,21.990305
2.016,28.659344
2.19,131.64735
9.204,120.163795
0.72,6.638944
40.333,23.469316
90.363,21.461622
6.327,21.846844
9.527,26.689722
100.94300000000001,43.70994
0.22,13.959102
70.27,76.17762
20.07,45.980206
379.067,16.300817
20.167,144.78874
0.39,17.769825
0.313,8.284621
20.124,12.657373
10.07,56.42219
50.12,209.72296
0.253,37.914467
1388.0,181.95131
78.783,18.402946
320.547,116.575005
9.123,70.67521
58.92999999999999,175.39655
8.67,90.51999
1.21,47.5154
90.117,121.868225
109.003,144.27126
19.867,5.7703404
0.5,63.87516
9.76,26.541164
40.427,158.28703
19.883,293.48102
29.63,36.629642
6.94,16.572554
20.467,27.027906
211.12300000000002,287.4701
9.257,1.0561241
0.14,38.00588
9.443,9.216421
8.51,26.763609
9.06,47.292965
119.58,21.450874
9.697,63.725323
18.057,69.21463
3.5169999999999995,23.87321
29.24,69.23575
19.687,14.361135
10.587,48.383533
0.343,22.058971
209.953,370.36383
20.84,42.531044
20.35,77.203995
9.523,27.249685
9.53,30.443813
50.72299999999999,80.416885
30.267,83.949615
9.864,29.059364
29.1,114.57389
28.059999999999995,45.37724
0.25,0.4156412
9.45,54.934807
20.063,536.1289
20.356,36.48177
18.747,106.39488
169.71,176.35959
69.48,117.07022
29.467,638.4771
9.886,64.09428
47.53,79.917755
0.517,41.77274
29.82,66.03849
19.146,29.959757
110.006,45.448284
69.627,37.819313
1.02,37.432632
20.28,94.740944
9.82,36.83894
49.763,55.64639
0.124,37.95121
0.67,45.856857
120.84299999999999,438.54898
0.06,0.5918368
230.14,117.00998
18.826,50.59233
0.347,32.751038
41.106,5.9589186
189.277,1.2481693
109.967,2.9436812
10.99,91.417885
38.447,66.465355
19.644,38.262337
89.82,34.257694
569.88,34.76218
119.64,153.8818
18.793,34.4309
134.13,47.80227
0.204,18.12607
0.063,24.31001
90.1,22.402569
0.426,118.62696
45.027,36.204807
10.563,59.092228
0.513,7.1396213
9.874,49.123207
20.097,112.860085
40.003,31.00095
32.576,13.661444
0.047,172.0852
0.03,65.17166
9.377,23.776354
9.64,17.873812
9.09,34.49419
19.823,165.4986
388.49,30.624094
20.043,133.1979
5.607,113.58694
30.18,160.0948
8.833,0.02886237
131.017,67.000175
70.507,27.043297
313.12,100.853966
19.8,51.177986
100.60300000000001,47.06155
83.483,145.008
0.203,152.9716
170.886,255.19731
0.047,6.623123
3485.44,156.63799
18.714,37.826252
59.976,7.395936
8.43,43.06376
60.977000000000004,370.80893
0.047,86.447815
207.94,223.84117
8.963,50.64692
0.013,1.6817212
9.69,18.497728
49.73,2.5565548
8.557,87.65934
29.316,69.42306
10.137,17.722675
0.047,23.583841
8.87,36.903343
29.857,13.237998
20.35,52.442272
0.173,167.66673
448.967,83.993866
9.764,38.750156
10.18,17.36693
459.867,18.013807
9.903,13.345751
329.72,74.02816
40.423,17.044582
140.217,109.33532
0.67,42.15177
1.203,641.80304
119.163,78.29171
40.556,110.75224
11.91,14.353908
30.53,0.4309627
1.203,129.07886
648.323,383.06467
21.037,67.35742
0.317,294.31342
0.39,37.483353
640.784,124.317566
0.88,55.47259
10.553,372.88785
11.367,17.943775
1129.217,491.438
10.564,176.23161
0.013,16.050056
11.53,439.22205
20.667,21.243872
31.587,132.52516
19.92,77.3008
594.564,705.32336
10.823,52.650356
21.053,27.014753
89.65,80.54472
9.734,16.26174
8.987,19.061903
29.58,150.84192
0.8330000000000001,79.63199
20.043,181.60704
141.304,26.655437
0.033,17.958508
8.986,44.917263
20.09,114.51417
0.203,13.057583
29.553,2.2584262
111.596,39.222824
0.093,6.6801043
1.203,36.64141
20.09,0.6322263
0.313,15.412523
0.017,51.750114
0.126,19.584827
6.39,22.984898
30.06,35.164574
20.76,77.80082
10.384,88.10342
40.036,51.822342
89.686,45.680843
0.08,41.89036
10.04,148.37419
189.827,46.058624
1203.663,219.00172
0.33,132.61848
0.14,70.931335
81.203,40.169685
2.35,2.5443602
8.107,45.33167
351.926,400.22192
4.257,32.23881
9.754,25.114296
6.86,7.000655
329.93,234.35826
19.877,39.44809
0.37700000000000006,85.57828
568.317,795.649
69.17,40.429367
9.1,110.06895
159.77,83.40233
0.877,19.141617
360.947,78.679634
10.297,16.57916
29.596,183.87401
10.42,263.19748
9.73,89.0667
2399.57,303.49326
13397.567,146.88046
50.605999999999995,62.881927
29.536,193.26282
10.013,10.742885
7.55,39.231686
120.073,99.24272
100.94000000000001,72.80569
20.043,16.232615
0.08,19.339643
0.577,39.1674
20.43,23.035324
19.073,52.2958
20.156,6.79387
189.377,0.8985919
50.00999999999999,122.65328
20.213,41.027466
0.127,59.30442
0.296,14.599328
0.626,73.006775
129.533,46.89231
9.83,17.655836
959.48,451.642
8.983,104.38705
1.13,24.456654
30.063,185.51701
9.896,56.897667
20.25,36.469078
49.43,97.73252
16.58,207.92503
39.803,163.89983
330.35,281.46976
135.103,620.8512
10.23,133.30869
10.23,186.97783
29.644,43.039066
10.473,16.447887
60.094,197.22954
5873.76,41.518215
0.173,18.05488
1.096,40.819126
0.013,55.90135
20.89,6.61753
3501.3370000000004,579.0594
20.23,0.039008565
10.213,40.928997
0.10699999999999998,23.846764
10.314,60.41156
0.907,30.239567
9.946,398.58328
9.523,35.512173
280.577,776.30493
1.297,0.14446433
269.277,3.5960104
8.743,20.941654
10.16,42.820904
2.01,19.244543
10.343,18.333166
210.4,57.82793
149.997,543.13885
339.717,243.18105
11.834,26.082714
42.117,33.124554
39.733,553.4601
8.65,42.705555
18.92,52.161102
10.38,174.15437
40.58,54.639168
7.793,38.57918
40.107,87.69135
19.357,45.124035
42.35,102.89947
0.234,72.71361
19.133,15.953399
38.906,112.81006
8.64,36.786003
10.774,90.599205
88.516,43.32204
19.633,106.56354
29.783,4.145888
0.733,52.156097
196.537,300.09885
8.134,13.452895
60.10300000000001,290.38922
0.25,38.958336
0.704,27.112637
20.757,54.850307
9.847,79.32836
110.033,654.83795
60.053,620.65875
18.697,0.018981233
19.33,8.12768
0.343,20.738537
280.11,135.71007
9.197,0.4542928
229.557,96.879295
0.593,7.672417
70.463,297.11935
23.646000000000004,233.55138
1.033,6.9939966
25.627,81.19937
49.66,98.85107
11.860000000000001,136.42625
99.996,45.174023
149.703,100.56078
18.563,118.606964
9.33,94.60222
9.78,1.8164208
9.066,47.332726
70.213,275.03506
18.797,124.514725
10.743,95.44263
474.58,86.598885
9.937,15.25854
620.713,1101.7076
0.94,97.61712
819.833,343.32654
9.044,27.838005
260.1,74.47949
0.36,26.763609
10.773,24.139494
8.016,45.098335
0.233,35.191624
29.477,119.187256
216.717,2006.6198
59.833,202.60101
1.17,88.395874
80.097,10.306832
99.93600000000002,40.15964
19.603,51.611183
1.5999999999999999,16.867434
30.183,160.39407
39.703,35.305027
59.783,16.440151
0.11,4.1983557
1969.977,491.40692
0.047,115.34629
30.33,89.51953
10.667,17.543911
0.08,82.173035
10.044,1.8164208
69.933,60.45375
1.6099999999999999,24.593054
87.713,101.80174
20.183,4.1303325
29.855999999999998,33.879383
5219.893,312.33286
31.237,113.3108
26.98,46.95946
20.323,126.18458
0.7499999999999999,32.567177
21.39,55.001892
10.22,179.89618
2030.904,289.00708
20.88,47.081306
300.56,214.91876
11.107,0.33166698
8.867,76.21392
0.9700000000000001,27.64802
90.09,200.7661
20.08,34.74691
920.76,370.47186
0.343,69.64692
9.403,14.56207
51.103,74.90889
39.703,94.974724
50.027,69.6886
12.043,493.33588
2899.927,408.9491
18.697,43.71721
9.606,33.970245
39.29,1.2315241
69.903,146.77737
40.413,118.955055
100.04,36.023872
260.067,193.21675
1584.197,1551.7002
51.266999999999996,162.36655
20.733,19.540966
20.95,21.797651
0.22,0.017673261
19.843,20.297083
79.877,27.4562
9.563,2.8142722
8.563,16.009464
18.94,109.63983
9.827,40.248997
60.127,45.960102
11.26,81.16613
9.506,12.006506
59.946999999999996,32.296684
19.75,50.31068
30.123999999999995,15.439937
0.033,0.0271851
17.853,23.175133
11.0,50.837013
179.696,263.81134
1281.167,26.430061
10.783,51.648125
70.237,44.171577
11.35,90.685555
9.797,39.049007
18.496,70.26848
19.767,83.77578
90.0,197.19203
10.103,39.611263
19.774,58.04216
49.04,0.40687427
35.444,584.6014
10.22,7.1677394
0.19,131.48058
0.203,132.79893
39.343,178.31793
10.193,20.871147
80.176,394.01367
30.309999999999995,52.228046
745.357,110.16822
0.11,0.8783945
9.99,30.369898
120.144,6.4754233
9.72,30.274988
8.893,26.551687
0.787,59.14685
20.414,138.0046
10.197,103.51559
0.9059999999999999,29.445564
10.683,24.032532
19.633,617.2896
18.92,27.76057
50.034,112.57864
19.93,0.112353764
40.05,63.030453
0.033,71.84901
0.06,53.702755
0.106,22.993423
10.103,44.20146
409.697,317.97922
9.017,33.852467
19.523,195.70087
0.064,114.841415
22.954,15.10371
11.137,66.164825
129.69,134.68852
20.254,215.36937
11.263,36.66382
309.53,181.45595
20.25,24.470026
100.243,73.12452
7.947,0.06303636
30.427,28.988243
0.0,290.2135
11.166,71.46681
7.4,0.29499036
9.6,13.609001
30.153,32.577175
70.076,0.4724616
19.263,115.61931
18.974,290.4865
9.357,81.5254
0.563,52.83171
1.983,16.740574
20.143,14.809084
201.376,95.40059
0.017,27.329575
0.17,17.618107
339.697,205.90369
20.1,133.44815
59.00000000000001,22.107304
0.08,38.596756
69.904,74.67648
30.53,41.563282
49.56000000000001,78.44001
0.19,40.0074
41.01,534.1396
22.016,69.06654
81.163,299.22943
71.037,189.33188
21.753,65.74438
149.84,526.4427
39.99,135.04726
11.173,6.2569804
29.513,163.40659
0.28,23.767567
9.15,64.17844
70.193,34.748894
40.687,65.79245
9.483,13.242871
0.787,17.060148
30.046,112.4801
3614.957,457.95767
27.196999999999996,70.80714
0.187,33.08802
1.26,16.341923
20.88,22.874763
20.437,116.89226
89.83,97.11218
20.657,111.906525
30.137,56.968353
79.833,43.20308
460.12,607.07477
23.76,34.65488
29.74,16.763622
10.03,9.988306
0.127,13.86044
0.37700000000000006,29.809387
10.216,118.13135
2840.137,444.50998
30.06,49.145454
9.636,19.060007
141.07,202.44191
40.31,21.791687
8.4,17.473223
78.97,113.97019
0.94,40.787327
0.25,70.39194
40.11,6.270192
18.897,0.5042839
9.777,25.358633
40.164,109.98477
0.9700000000000001,15.9062195
0.643,16.076164
10.436,37.66551
40.01,2.2194016
31.69,233.09807
927.003,351.0841
69.79,11.218495
19.03,0.64620125
814.4599999999999,280.1272
118.226,114.8543
0.076,115.13383
459.44,212.22401
29.197,173.3726
29.967,21.119637
60.18600000000001,254.31766
100.43700000000001,28.065477
19.79,22.8619
0.25,17.111416
0.20700000000000002,47.92041
8.89,21.061043
9.433,73.00339
10.25,0.06585672
10.266,279.37845
19.45,381.04596
99.61999999999999,29.347351
9.647,17.508799
28.763,138.78781
0.39,49.99634
351.18,1196.291
53.76,151.34293
8.75,52.650356
0.983,61.66732
19.276,247.02954
120.36699999999999,176.30118
0.987,43.501907
56.123999999999995,129.65497
1.144,82.95371
860.8569999999999,149.8442
20.153,45.942444
940.08,646.9914
0.627,0.24577017
229.80300000000003,349.16855
659.87,1966.2756
1.097,70.68527
69.99,81.49982
0.174,0.028862424
0.157,6.343657
339.776,31.785385
8.883,269.31796
0.19,36.64141
46.14,273.30145
29.566999999999997,22.902014
718.834,269.19724
9.737,57.553127
0.017,18.49031
9.737,58.345127
18.627,25.573824
90.41,150.40285
20.44,33.648182
1.263,41.06036
63.313,46.573093
149.82,2164.0217
78.99,144.87799
0.36,30.290203
0.687,24.300472
51.693,0.78482836
0.216,34.936466
10.277,26.74763
19.557,28.580362
209.477,46.07151
11.287,48.59542
8.96,40.392708
369.473,95.00299
0.047,49.02115
0.674,78.92854
2.11,14.482957
129.483,48.276505
58.42,41.54937
9.97,33.1629
11.423,73.22654
9.513,46.076355
630.06,140.34253
319.79,145.40878
0.22,12.76599
9.523,14.229779
40.84,59.311295
240.14,52.198483
0.597,19.02342
57.603,220.95125
520.037,121.62804
90.374,48.983593
9.72,19.380114
62.74300000000001,185.24689
9.307,1.2928344
39.38,454.35165
0.016,6.5481453
207.68700000000004,127.801155
10.517,35.949165
0.8600000000000001,28.325588
14075.84,2618.637
10.24,51.941853
89.84,73.775604
19.067,16.489376
70.163,89.58662
10.347,7.2243185
69.823,60.54243
0.017,37.150368
9.87,256.98666
10.456,42.38375
49.89600000000001,66.24898
20.143,33.758877
19.893,39.985867
0.577,21.053625
9.58,22.408665
110.01299999999999,8.405159
9.823,20.390148
20.99,44.45464
10.586,177.25336
0.19,685.2943
50.437000000000005,122.04688
11.127,111.57742
19.026,28.764313
19.7,45.29951
0.267,0.19917221
69.126,67.366325
29.939999999999998,54.72023
0.923,22.86298
8.197,17.605648
20.8,144.63858
11.603,27.200909
9.53,0.1344772
9.21,28.34669
939.9859999999999,272.32938
78.604,22.416634
3080.09,595.345
200.12400000000002,335.6904
30.049999999999997,56.64062
19.053,18.567514
10.444,0.2780094
0.594,24.099539
110.16,134.05435
19.327,24.573381
9.9,6.6056156
0.187,16.876411
8.88,0.99179375
0.17,28.764313
1476.753,154.65152
40.376,28.502438
90.02,86.21926
20.413,48.753773
0.14,19.21499
0.093,15.040971
10.417,84.41893
18.703,25.358633
19.657,774.8632
369.72,218.87474
40.006,55.291172
320.153,53.50713
9.883,22.637743
39.15,33.42941
0.816,75.203255
0.25,13.486966
10.22,84.841736
189.42999999999998,296.11987
0.233,125.94513
1420.25,86.5416
40.94,22.608414
124.234,70.89367
200.55,159.04211
150.104,105.37848
9.62,50.118683
238.8,224.76031
119.29300000000002,507.82245
21.01,278.9784
160.347,82.57818
9.013,90.67961
19.373,61.245945
8.167,15.797855
259.763,8.033894
8.583,51.17623
19.86,33.998272
0.11,8.574788
8.854,24.828785
9.913,0.2603938
0.17,54.83156
9.643,33.901993
70.183,54.967945
719.92,208.64626
49.007,22.687328
15.154,33.321533
0.564,17.172642
9.96,95.85921
70.037,103.51594
0.78,54.5592
6666.427000000001,1073.2286
288.433,100.9169
19.37,26.685675
20.124,109.635345
120.02,4.2861204
10.25,50.06233
0.297,19.516325
0.157,46.843597
0.017,88.25575
9.64,125.544
0.577,25.573814
19.63,98.39523
3430.853,600.2007
30.02,19.094568
10.23,83.46965
21.217,91.31136
50.38,27.504135
29.746,0.08033965
79.987,517.5329
170.51,57.180676
8.794,24.04988
20.406,1.0032718
0.077,24.270452
253.566,121.63649
9.877,132.64241
30.186000000000003,0.09402816
10.414,28.062777
9.99,52.805565
169.443,50.99293
10.303,21.60671
10.343,27.027906
8.873,15.4908
1689.8,1058.962
9.013,278.3751
9.313,23.660261
45.166,48.95913
19.873,173.49142
0.48299999999999993,0.6176316
0.814,88.65474
49.980000000000004,39.353928
241.52,192.58484
110.1,17.969332
50.09,15.370173
10.644,21.18111
150.143,1.2887036
48.767,0.4156412
10.524,146.45921
40.173,57.169437
19.82,198.13165
80.86,236.61206
30.477,25.638695
30.163,54.79277
30.270000000000003,0.49016088
9.813,29.595257
59.786,0.09726753
461.12299999999993,263.2388
130.127,115.92967
0.19,19.672056
14.77,65.70346
121.68,201.27931
21.193,25.295143
79.777,158.48694
9.5,27.973482
9.84,37.629295
70.01,92.059586
11.524,17.617651
30.074,49.623863
10.123,24.14601
269.806,105.05805
0.22,20.885046
11.49,85.31318
0.017,15.994371
0.267,22.577534
120.14,509.0977
1.326,31.190575
261.956,217.04927
90.726,25.633064
0.093,23.776354
18.907,16.232615
0.4570000000000001,27.832844
10.076,44.550156
19.943,34.152138
0.627,59.00567
8.977,110.46326
770.643,270.1445
9.953,56.561676
99.357,388.00775
62.92399999999999,204.45447
269.6,61.11277
9.777,8.476958
11.0,33.648182
11.05,116.84095
0.28,22.282587
30.513999999999996,53.91432
60.413,67.450294
100.28,44.841236
27.865999999999996,160.84528
17.893,63.87516
19.383,151.78525
0.14,86.76181
9.766,105.523224
299.887,2.0576277
9.053,60.63505
9.954,13.816282
249.813,154.40395
9.283,19.74379
29.549999999999997,35.396088
13.15,9.291988
10.207,22.529945
8.76,15.262583
9.557,27.317478
7.217,16.614357
139.92,437.70944
13.783,81.40294
29.913,79.00419
23.329999999999995,93.88418
70.23,14.448248
119.956,18.939447
0.094,68.236176
10.403,116.50616
11.48,36.386635
0.203,21.863033
50.937,66.29313
4.066,20.941654
0.563,35.866898
2250.087,515.9271
20.26,21.225615
190.64000000000001,430.98776
9.58,3.0639334
9.777,22.921417
29.946999999999996,5.6500015
3410.0499999999997,1777.0995
19.51,136.26958
39.143,2.601656
0.424,45.46026
40.113,19.32923
259.77,177.27087
8.446,40.56568
463.11,235.77081
42.337,82.89979
60.247,167.63264
8.953,16.798574
1.08,62.518772
29.880000000000003,46.41947
8.283,41.877544
9.433,327.3038
40.4,90.87255
0.233,527.927
4.063,20.491756
10.023,84.99662
11.34,92.2566
109.883,22.733482
10.803,16.375877
39.804,1.2070069
50.023,54.380505
49.68,1.7128394
84.84,165.45015
19.86,38.090523
59.327,59.5753
960.613,715.5412
5065.017,750.48364
239.91,199.41415
358.296,1212.3197
8.42,204.37761
20.013,33.21292
19.687,118.22049
20.017,14.230133
10.07,61.650417
30.047,15.527385
18.934,79.47086
11.083,37.505863
9.4,0.53398556
0.106,257.3372
18.68,55.19732
3.9569999999999994,19.102324
0.327,22.442053
11.296,89.41167
21.107,0.5384519
39.807,113.1331
80.5,22.75116
0.624,40.820564
9.56,1.7727854
0.267,29.944712
509.417,70.272995
70.077,61.465324
0.61,26.689722
19.273,135.01343
8.997,1.2183752
11.033,44.649544
10.58,71.74098
0.52,15.415284
199.354,664.186
9.5,24.625156
9.116,85.429146
1560.64,309.0157
50.16,181.67467
9.89,28.300554
0.92,15.636418
19.22,112.92309
640.093,78.294685
6.585999999999999,8.841247
60.696,96.50338
0.203,73.20616
19.76,55.862328
244.22,200.86354
9.9,79.37124
50.51,980.4633
9.27,116.50616
9.583,18.141153
18.72,16.146675
0.016,0.18071692
1091.01,164.54361
51.917,173.11679
1.127,9.046495
332.21,58.808044
31.19,75.68326
2.39,28.90917
89.88,24.527609
118.76,454.69696
190.167,334.11478
0.047,16.15482
9.94,53.511753
0.076,64.16013
11.304,88.06374
49.04,221.9387
30.314,19.917858
399.936,35.781998
20.047,87.453224
69.946,254.35078
30.063,50.858402
2.22,30.976025
180.163,99.10648
0.357,17.097832
9.827,46.904892
628.72,119.41502
39.927,171.61653
20.277,88.08562
0.293,27.11058
30.2,133.55656
329.957,213.10478
9.976,0.33835042
39.257,98.35228
0.14,168.92548
329.96,620.73553
18.787,87.504555
9.25,0.046595246
229.17,236.85849
27.683,84.692444
19.117,27.515696
40.77,50.125587
20.75,248.35553
19.003,114.41702
19.83,200.45792
20.024,49.184345
0.144,28.809694
8.817,28.852108
28.9,37.298748
199.906,1273.0967
78.813,244.23619
9.033,63.985332
2030.06,605.2745
0.03,82.08188
0.47,17.09679
0.436,48.15312
0.8600000000000001,40.805756
3759.7629999999995,2220.2766
0.73,28.749092
10.22,36.822063
160.873,35.4494
151.09,93.05593
90.36,51.46335
90.0,300.4322
28.635999999999996,624.97375
29.933,64.82041
19.933,20.470865
0.14,54.257042
0.19,40.798462
0.017,24.848774
290.01,448.09412
462.37,1648.8523
29.814000000000004,27.440086
219.29,134.42667
172.043,274.07748
19.723,115.20242
10.443,50.92888
48.74700000000001,14.521519
9.49,98.2273
10.45,60.029606
230.406,648.3783
20.007,117.421165
9.32,5.96589
30.063,229.39342
0.343,16.090765
9.89,54.268005
31.514000000000003,80.94997
259.95,718.8163
19.857,64.35903
9.64,42.456383
19.003,20.047276
291.03,91.213554
20.06,33.206623
109.93999999999998,1.7496283
19.02,141.90921
59.92,160.37221
8.41,26.870745
9.356,47.782356
58.913000000000004,77.84343
10.396,14.267435
1019.8970000000002,248.75552
29.966000000000005,191.48668
49.96,17.55773
10.303,20.145502
0.8600000000000001,28.57517
10.393,18.62201
9.013,104.676254
18.724,50.837013
31.16,40.575245
10.087,20.838017
201.52,976.04034
10.303,60.41527
19.51,47.45315
0.37299999999999994,18.987284
329.157,138.79578
29.586,31.01419
503.8070000000001,169.71008
0.297,18.74971
7.78,14.96813
28.97,147.23378
20.016,84.692444
1256.866,929.7418
0.063,75.37204
0.23699999999999996,22.427702
40.01,162.09827
9.743,40.24672
60.94299999999999,0.104986444
289.97,30.64952
10.933,47.44234
20.626,401.69852
0.06,61.24568
9.01,118.85648
19.823,134.57062
1298.54,578.48425
8.716,19.549086
18.104,46.527725
0.157,23.006327
0.326,72.44694
39.157,34.465557
10.313,78.337
9.817,49.02115
10.136,14.411979
870.53,964.66547
0.034,16.876411
8.097,7.1677394
30.256,132.17432
150.657,37.7301
9.19,17.694584
140.253,165.83235
16.57,130.11598
17.75,93.5801
80.493,249.25908
28.64,24.89535
60.023,146.43918
10.093,36.48175
20.266,0.092367046
19.073,44.976746
0.03,45.534145
120.00000000000001,125.84024
460.803,150.85922
28.386,315.19208
0.204,34.564938
219.564,362.64005
0.37700000000000006,40.931805
158.91,82.98735
10.89,19.131857
39.624,76.33928
0.357,28.785694
0.233,0.052551962
10.207,0.56371045
20.657,168.61731
120.23600000000002,294.5229
0.37700000000000006,55.18142
0.157,43.819164
28.41,123.29118
19.766,28.045347
0.017,18.8917
29.6,3.3654807
0.08,55.77115
10.347,37.58652
7.907,33.455498
0.12300000000000001,13.747679
132.964,203.97762
7.147,92.68395
40.037,104.5587
10.013,32.29435
41.716,12.100928
49.733,0.33391526
20.467,65.36909
6.5,15.052576
245.98700000000002,75.15484
10.993,58.623657
50.277,23.304268
40.04,21.35937
373.924,427.82864
20.803,80.583755
10.687,0.80167776
0.127,38.856995
10.157,29.663599
29.676999999999996,152.09053
149.077,26.355654
199.79,6.0613413
850.224,378.90802
8.85,19.990387
19.86,38.134064
8.16,34.061794
48.75999999999999,27.269287
369.423,420.32822
824.1300000000001,92.82868
20.08,26.17508
250.117,304.60263
10.114,18.628471
31.523000000000003,82.65101
32.124,173.96716
9.623,0.3149476
460.12,58.525864
19.91,49.257004
179.157,147.31429
0.127,87.13861
21.18,165.35806
19.143,41.667774
60.756,513.65424
18.26,24.735817
1.313,26.820282
21.087,0.88935566
2.587,39.71437
37.087,74.712074
0.407,91.67612
1762.4330000000002,205.22333
31.384,69.92008
17.15,33.66027
9.81,33.66797
9.824,22.49877
30.013,15.460381
11.024,28.496954
20.56,41.239605
19.137,63.106373
31.02,406.3988
59.873,22.591072
30.187000000000005,94.89025
179.577,88.753525
0.766,59.057003
8.687,28.16966
38.723,176.07277
249.517,73.7851
20.246,33.421
20.574,22.360529
39.953,92.69998
0.19999999999999998,15.893509
0.046000000000000006,21.18111
9.757,17.867565
29.836999999999996,37.14851
20.38,33.93792
0.03,53.463238
380.09,101.8566
74.88,219.14719
20.25,169.15959
20.14,14.89249
9.263,47.52839
86.15,82.47513
1.0,52.250813
18.61,30.99011
39.163,46.38633
18.937,0.29426542
20.283,38.659115
0.19,15.425369
0.22,25.358633
0.44,6.742318
9.83,24.771738
0.234,24.318085
0.12300000000000001,45.36974
21.1,1.2476244
68.273,544.3933
0.4570000000000001,34.839783
19.993,65.746506
19.963,5.955659
8.96,0.20139705
0.343,7.281347
40.067,59.411247
0.7499999999999999,9.011956
28.906999999999996,47.909492
640.34,188.4768
10.18,18.924994
9.307,127.35123
68.257,38.33137
19.4,273.69836
360.213,116.7657
20.813,182.00827
10.067,99.93101
89.35,37.705566
10.363,119.341774
9.74,21.24139
19.987,64.54846
25.203,15.7645
19.07,30.908733
50.766,22.579605
0.077,17.17029
9.57,24.709024
39.55,28.743774
0.08,22.390045
9.377,15.993814
8.556,6.394136
20.77,112.59027
310.024,0.3168782
99.977,28.384203
0.9529999999999998,54.799
10.323,75.78356
111.02299999999998,239.68573
609.05,38.027645
1352.957,92.72362
0.203,14.400195
30.283,57.342506
0.7499999999999999,157.2682
30.1,75.26018
150.386,1342.0614
40.046,48.950333
79.554,3.8981032
609.8,48.08225
9.023,17.188438
39.913,0.031241365
0.10699999999999998,70.73913
9.813,17.813358
8.68,20.91909
29.092999999999996,7.5531836
50.267,6.690394
1.057,0.43690515
50.0,38.038395
9.596,104.72985
0.077,28.86966
0.72,36.20136
51.323,96.87237
0.767,25.737951
10.17,41.944263
0.08,118.77826
40.083,218.12375
0.36,4.1563306
1.13,26.191711
0.017,34.34923
0.39,6.406818
0.067,31.576727
38.314,58.248924
59.637,24.834534
540.377,255.3306
20.7,41.110603
9.423,22.331182
0.534,70.19702
79.644,340.0517
9.25,35.61805
2.16,31.851446
39.917,34.598717
8.444,120.50599
6.47,0.024117308
42.747,72.84393
49.68999999999999,128.72768
0.867,24.044125
7.867,58.223717
20.297,63.49911
19.0,38.17431
0.203,0.118705414
10.13,32.751038
19.777,24.112793
9.78,25.087395
6.422999999999999,16.572699
771.68,159.51974
10.817,56.904167
0.064,39.877045
532.337,681.10815
11.553,112.17108
20.18,16.440151
11.05,77.12819
1771.2399999999998,189.0944
50.364,88.08562
619.803,53.34907
28.723,137.14412
0.44,15.998129
29.2,33.17113
24.993,203.88934
890.74,261.38617
31.100000000000005,52.253674
949.693,186.02675
59.85,157.50914
39.127,24.506758
0.4099999999999999,18.44538
30.237,27.59576
20.424,28.260462
4.436,46.10949
610.327,242.9535
50.22,178.91417
169.73,91.260666
310.077,24.506907
8.54,6.4369087
0.077,31.279076
29.883,210.35721
20.3,15.199219
9.703,34.18028
0.28,82.33209
30.317,35.081814
10.234,50.733097
53.86999999999999,81.03171
0.017,17.426252
10.943,92.59556
0.487,22.791195
8.937,55.577183
19.69,260.95898
10.183,33.893677
15.767,19.698887
40.37,180.89346
49.74,19.514286
445.083,49.37605
0.064,17.650206
79.123,0.83159095
11.173,23.694025
89.42,48.33678
12682.143000000002,1124.9882
40.443,92.44348
71.024,296.82983
0.28,18.086113
1.827,55.50507
16.996,42.836205
319.427,97.54811
9.633,14.141708
0.233,29.835451
0.673,55.995407
39.037,67.6751
5.536,74.78399
50.667,26.584091
20.8,56.59693
0.656,19.103035
17.814,172.06754
11.74,50.733097
190.17000000000002,11.974955
19.75,42.985172
19.05,0.021508347
748.936,1044.4673
9.003,80.99133
29.614,5.092984
40.61,30.004532
0.174,0.15861943
30.336999999999996,137.29216
450.0,505.4673
370.104,91.93338
0.157,28.975925
49.8,33.63208
20.584,51.3979
10.03,0.6387046
68.46,245.72198
0.39,16.733156
21.624,134.58893
19.896,135.22133
0.297,90.83469
21.7,62.69574
19.617,33.421
8.326,23.961126
9.303,18.961563
391.07300000000004,144.52971
130.57,589.91846
38.49,179.07664
48.907,43.611244
8.864,5.9976487
38.877,122.01889
20.383,173.37337
51.589999999999996,30.643404
8.98,39.617645
70.043,160.25858
110.057,50.341873
29.07,1.1142079
20.533,55.418064
122.317,150.1111
0.034,36.620678
9.656,127.889786
19.514,220.68358
0.126,14.887408
9.533,58.38029
0.064,37.91689
20.726,21.338694
0.233,510.10876
20.903,25.060007
0.64,33.35029
40.986,3.3578188
50.023,71.712234
26.474,134.76733
50.074,71.4026
589.834,52.883846
0.0,73.63188
109.61000000000001,72.08772
10.397,18.700914
8.16,0.054114025
20.047,148.43486
0.11,16.56436
0.064,1.2296227
29.804000000000002,106.87961
19.194,88.82165
19.85,43.224884
97.457,185.60896
69.843,53.86147
88.757,235.91649
8.56,85.375534
19.497,113.22722
0.8600000000000001,76.01945
39.514,88.31715
1279.74,52.734787
9.976,36.85492
0.25,36.705048
128.756,102.04072
20.023,119.24793
9.903,34.533085
19.36,114.948204
49.522999999999996,116.83657
10.397,108.67264
0.0,27.935139
1.5459999999999998,39.35436
910.2599999999999,88.00807
171.98,62.004086
1051.797,188.64252
10.596,43.418365
0.783,14.702717
428.77,218.88057
30.534,114.08779
9.967,29.595257
70.03,37.21418
11.939999999999998,41.276424
16.816,38.11303
50.26599999999999,58.91373
459.626,184.70776
870.227,580.0557
0.08,0.9610197
19.556,25.762062
9.067,39.18698
0.5,29.583868
8.363,91.26878
0.36,0.8273557
19.57,408.60104
87.944,235.76065
67.15,383.67215
1.093,26.383951
0.797,0.15102726
160.207,24.046555
0.063,20.941637
0.08,16.365076
19.927,45.35202
0.564,6.0611916
20.013,5.4934483
50.470000000000006,300.4036
0.314,8.740362
49.19,35.94793
18.846,103.51559
219.67999999999998,13.93468
19.727,30.731056
8.847,65.54998
29.92,93.28406
7.06,34.48874
8.347,6.9731917
9.783,184.06169
20.81,155.94377
19.77,40.667213
19.964,21.637398
10.25,58.270844
139.533,29.10044
0.097,224.30823
8.657,19.270676
10.66,536.1289
0.11,37.440792
33.687,0.061683677
29.563,49.097588
1.4999999999999998,306.0135
9.8,17.348421
0.204,40.516144
6.38,89.69092
9.923,8.68568
19.86,299.16498
19.02,94.68686
39.813,147.96991
0.36,20.115635
0.187,30.017706
153.433,72.66835
0.533,28.489605
0.03,14.027488
9.43,49.82743
115.407,32.337524
20.76,23.553265
30.503,46.084873
19.853,39.737305
0.157,31.26301
0.987,48.383533
9.124,29.379732
0.843,7.028225
20.01,3226.125
59.803,110.87102
9.877,86.25498
0.11,18.652239
31.062999999999995,125.22814
0.06,19.045067
1.13,30.976776
59.72,214.60222
840.22,114.40674
8.77,14.016606
1.563,16.406513
4452.48,411.40378
10.71,23.274246
370.42,155.9731
0.267,0.07116423
19.087,8.977556
17.593,111.36653
0.9059999999999999,6.5573797
31.06,54.44552
50.13600000000001,102.8306
50.587,174.65012
9.693,28.526924
49.837,535.7267
20.184,87.58939
40.413,92.986725
0.093,46.61595
0.097,23.61
70.086,171.69778
30.242999999999995,22.03844
40.226,53.772457
1.177,0.9610197
38.86,39.98772
0.203,24.219772
410.586,347.42172
11.223,0.39789364
1245.133,299.5735
0.0,7.9129515
23.053,42.22735
89.943,88.2453
69.057,176.24852
9.06,0.23693627
0.0,20.737305
1.177,28.045347
70.757,191.85823
20.03,31.815449
19.007,60.50173
0.39,25.504084
20.856,42.128727
7.97,7.0837035
9.36,60.69682
8.913,21.301851
0.013,63.79091
19.603,18.508993
10.836,21.38588
0.19,39.867413
9.137,7.6451635
20.204,173.74664
0.36,1.1440289
20.97,46.232506
10.29,0.13572878
29.620000000000005,72.70866
49.35,64.48438
1689.896,170.46632
549.803,243.60979
9.063,14.19704
663.087,261.86404
30.267,89.308235
49.843,141.92007
9.78,13.908225
19.91,132.72052
39.793,35.30992
6.75,82.4545
0.313,24.595001
121.06999999999998,93.50521
17.817,18.482447
169.66,167.66212
21.223,77.63079
10.324,0.2703687
20.27,62.14224
21.164,56.63183
110.087,133.98349
39.83,54.789417
0.093,0.326662
10.11,158.3272
255.74700000000004,428.52115
10.093,46.489372
10.077,3.2780206
41.137,14.413645
19.92,37.95121
1090.076,143.05244
0.033,58.873367
20.41,203.64746
19.98,41.335182
0.0,25.497715
40.587,29.867231
0.42300000000000004,24.82011
111.473,419.61108
139.753,66.72583
49.727,73.454605
4.587,77.28027
39.453,0.62950927
6.880000000000001,19.678549
160.883,215.70833
0.077,28.717459
21.16,90.75041
70.11,25.264984
9.413,35.841278
39.396,25.075903
149.363,329.75018
0.37700000000000006,14.569541
1191.743,141.87381
31.604,154.28401
140.166,97.92264
2960.05,142.44475
20.22,424.6352
8.836,29.157116
20.434,51.630707
0.017,30.205158
19.793,248.18524
9.886,23.141228
39.687,15.569496
20.003,5.8620257
29.147,70.781296
1089.663,169.34302
0.25,24.771738
9.507,60.96013
10.573,545.75244
9.3,13.58186
31.3,112.56666
21.03,60.59458
0.986,56.95568
0.013,48.238472
19.334,163.03871
19.666,50.868553
199.523,456.18042
8.697,13.609001
39.1,45.46784
10.19,39.40519
90.816,200.77075
8.99,21.347767
10.563,30.18801
9.887,6.6875987
693.59,522.708
330.707,174.60944
8.606,59.688843
0.9100000000000001,33.785088
20.187,17.650084
29.414,16.39788
0.36,4.2408137
30.187000000000005,26.251509
58.994,20.241068
18.817,32.77564
185.02,315.73535
0.64,114.51835
0.047,11.011172
9.89,75.74807
10.29,400.67316
50.807,1.4479781
360.3,71.553444
9.77,154.08629
40.066,84.17966
0.046000000000000006,64.97488
0.983,117.83615
17.987,25.9644
0.03,87.88885
9.927,17.17029
0.37700000000000006,86.61397
8.773,25.351475
18.81,21.299433
0.06,17.935421
0.03,34.51665
129.96,37.81748
20.01,72.84594
1.237,23.741253
69.747,153.64787
90.95,143.2342
10.344,114.056145
1620.817,370.5757
90.75,18.13982
19.6,111.924034
19.974,83.67528
160.937,102.26655
31.067,113.617485
0.547,66.36527
51.207,41.805145
1162.946,254.02142
30.956000000000003,31.01419
0.7499999999999999,99.99847
19.563,78.76516
0.076,29.16907
20.07,66.56623
879.4860000000001,402.23636
219.933,59.579563
75.57,297.71082
0.173,12.156968
9.937,100.831024
140.027,58.040073
9.08,0.68335116
60.22,28.657963
149.707,143.23093
19.84,25.047945
53.02,67.72727
0.19,11.011172
1.047,41.10009
30.283,216.9008
11.323,55.418064
28.883,62.602303
18.026,21.568352
343.297,174.90576
1.69,14.016606
19.98,148.98447
30.336999999999996,96.92268
0.143,36.903343
0.407,29.379732
10.954,70.1816
90.403,54.81828
70.16,48.265305
19.594,41.297924
0.14,6.039936
18.79,48.68085
0.17,25.114296
0.516,81.95468
36.15,18.397072
199.22999999999996,106.65175
0.973,115.6315
59.974,50.95493
0.204,14.479979
149.67,104.31833
101.67,114.83408
59.837,90.61137
40.853,13.710476
8.66,42.187828
9.6,298.45618
9.25,40.403027
10.263,119.974655
10.537,30.262762
129.19,83.41151
9.563,18.990786
20.027,17.375929
0.064,25.448046
10.206,15.412523
0.297,41.877544
580.947,970.8536
29.197,78.68871
39.3,54.501644
18.996,30.991497
8.62,15.204841
411.05999999999995,488.254
3187.877,36.421207
220.13,33.64087
56.92000000000001,82.937515
20.08,16.117321
20.057,41.799255
129.936,133.12213
0.8600000000000001,116.32397
21.0,46.10949
89.926,143.82306
39.727,35.76449
18.393,57.515633
8.94,15.917718
0.673,38.364006
29.7,42.754677
19.127,491.61063
118.78300000000002,0.46644196
40.53,194.10867
457.64000000000004,169.04341
20.174,57.964005
0.43699999999999994,17.337706
90.62,0.48274863
90.027,112.928246
360.056,258.98538
10.137,37.382526
20.057,52.805565
10.107,41.0656
0.31,19.312172
599.476,44.814117
20.7,26.955574
8959.147,1325.2443
9.66,56.26247
0.873,49.47692
41.327,20.477716
50.617,5.4468274
130.38,67.92501
19.737,125.652626
305.197,212.405
108.69400000000002,3.480227
20.783,33.405018
59.31999999999999,0.6641726
823.7270000000001,87.766205
20.086,15.439937
1936.83,541.12006
9.857,20.447752
58.897000000000006,18.976192
19.917,16.29676
71.0,87.944916
18.57,36.023067
39.253,23.376163
30.857,20.275423
0.157,56.52728
0.08,0.57771045
169.926,136.73647
29.666,38.653328
49.344,57.06505
1825.057,624.7896
438.48,45.636646
29.853,6.5023003
9.693,32.475346
70.3,562.8665
9.7,48.27965
9.573,74.20637
9.02,28.801529
9.51,23.575964
0.826,15.125931
10.197,101.267746
451.61,529.56976
10.376,34.537216
253.843,133.93398
10.92,89.86025
10.56,27.454916
20.333,19.293892
8.95,142.66515
28.840000000000003,15.33686
40.007,52.635387
159.317,50.514805
19.613,66.71689
99.82700000000001,23.824938
11.523,133.82735
370.057,855.9415
291.39,347.12018
0.343,66.9515
101.026,148.23491
10.557,13.647513
272.53,230.51375
9.917,23.920238
0.0,28.239302
9.597,16.447887
109.86,104.860245
18.913,46.20096
40.94,21.807137
0.267,58.456448
10.113,0.3389608
199.85000000000002,149.38152
9.89,22.839119
139.563,127.45106
370.77700000000004,62.666695
79.267,31.767704
9.35,27.473663
0.33,51.852837
30.983,160.4284
29.696000000000005,22.344206
19.994,137.09607
84.34,55.991493
61.150000000000006,108.22357
20.673,8.773862
81.133,18.725338
9.257,0.114382826
10.2,34.382305
39.777,16.75325
0.153,6.0611916
169.17,63.870327
0.12300000000000001,18.28128
266.74,115.131355
2.614,41.151352
67.477,202.38991
0.063,37.93348
115.757,139.81395
139.763,119.309204
129.737,5.3452387
8.376,55.2873
6.783000000000001,40.5434
38.977,26.92485
0.10699999999999998,23.531595
29.707,34.47802
128.924,397.13934
20.11,24.046165
60.027,174.07175
19.45,46.14887
19.35,189.38914
169.92,146.02953
9.144,17.450916
9.037,17.133493
920.346,473.00345
412.777,334.0521
39.966,64.31633
10.133,33.476227
77.814,45.84875
34.354,1.0051931
0.71,16.87814
70.05,53.771793
39.397,113.54303
0.267,31.639078
58.88300000000001,15.912712
0.203,13.908225
259.33,254.74817
10.063,132.86714
250.057,66.17252
29.472999999999995,3.8439362
8.283,173.9465
7.416,15.957878
0.36,17.56894
19.297,196.10204
110.157,21.032902
11.303,49.02115
1189.134,583.1141
20.843,37.01462
4.16,17.055035
39.904,23.723595
19.75,31.00095
9.263,18.194073
9.247,2.1020982
14.313,75.65317
229.74300000000002,154.78975
113.63300000000001,33.22318
31.337,232.63625
200.477,34.40614
20.49,64.112526
60.150000000000006,127.514114
0.283,26.825169
0.08,39.55748
9.11,22.381071
2.113,147.52591
20.79,391.31625
0.157,41.07116
19.41,145.76479
10.23,32.12135
89.436,143.57045
4938.42,3236.404
18.757,68.97394
10.12,30.272644
19.987,186.07227
9.74,32.344986
1.487,15.270502
60.51,35.71504
11.03,21.98086
1.033,58.30447
10.39,67.93873
7.804,46.984436
0.174,16.942942
317.54,538.05304
0.076,13.08984
10.883,46.561855
11.154,42.704372
0.013,2.2198336
29.137000000000004,57.602016
101.07300000000001,8.994821
9.227,17.553102
7.757,36.576187
70.894,96.51512
30.12,165.17209
19.79,66.323685
30.302999999999997,220.18518
60.396,70.850136
1690.596,306.22638
0.283,26.833916
10.137,22.855581
0.7499999999999999,8.909132
10.15,94.151436
71.307,126.327354
8.03,46.240414
80.196,89.00632
0.12300000000000001,71.74098
189.50000000000003,52.12243
9.277,11.09798
78.94,162.56712
0.047,19.877058
197.73,81.55676
311.06,65.4806
19.763,89.40541
19.87,48.038567
9.43,23.205027
0.076,4.2331457
70.19,199.74925
0.013,23.793951
0.283,21.086737
30.667,30.266024
0.47,39.61821
0.0,17.655836
58.043,42.874794
110.85399999999998,66.51345
41.213,89.4272
0.11,26.457577
20.063,24.470026
10.766,67.174866
28.64,119.40214
19.794,26.441404
40.196,23.723595
10.003,64.70326
0.11,17.867561
0.63,39.711002
18.563,33.552513
0.093,18.544237
50.35,133.1979
10.03,560.5528
59.71300000000001,125.41497
19.777,316.0015
3.16,92.53847
21.154,23.299551
0.267,76.83701
12.383,6.598037
39.403,176.70847
3.2530000000000006,41.66906
0.36,132.66847
37.783,43.296867
0.157,38.410503
40.26,42.522293
0.157,0.057774957
676.53,71.88752
18.934,42.221115
170.733,474.54898
10.47,75.12593
1.017,25.333961
49.910000000000004,100.07833
0.013,0.020145461
10.886,17.662884
19.447,49.044266
30.747,63.156464
11129.987,4767.3438
31.033000000000005,277.4592
21.1,22.26246
0.0,7.500333
51.38,56.75141
100.43,70.952255
19.743,95.85921
1254.557,691.85046
10.373,37.983433
10.14,49.904476
10.11,69.83441
461.9769999999999,139.41283
90.77,32.479015
19.727,57.76798
0.88,26.811886
0.03,33.694492
89.97,102.75248
0.097,84.92432
9.55,60.58927
138.567,26.84297
909.92,47.95525
0.64,8.284621
330.906,339.68198
0.03,24.044125
0.203,64.86847
30.12,44.84707
30.03,55.635048
0.56,68.55794
19.58,0.080395296
9.047,38.096203
9.633,34.935337
30.75,81.02534
20.167,71.29679
30.714,153.18243
0.14,132.59023
9.89,16.452768
19.994,306.81232
17.663,14.256152
139.1,126.287346
40.263,52.503284
69.97,110.703186
149.977,93.98838
123.42000000000002,31.572632
12.61,14.96171
51.667,20.990282
93.52699999999999,49.319454
280.173,0.5061301
47.05400000000001,155.57555
11.197,53.78209
10.13,101.36913
120.397,199.74925
60.18,855.7327
8.84,17.392717
18.983,0.87077296
0.033,17.01831
20.66,28.906914
9.903,128.72768
0.9370000000000002,7.1677394
716.547,417.9353
9.357,38.423847
37.91,54.49985
1915.67,293.95285
0.454,15.220042
38.01,146.94878
59.63000000000001,61.642727
8.684,16.172497
49.93000000000001,121.20992
2.953,43.8152
219.784,24.454973
1.033,24.498531
0.287,53.70792
9.776,0.33278918
0.313,33.787895
9.184,34.544586
9.68,28.544073
169.337,48.90905
79.197,82.81467
2976.143,1843.6696
170.093,56.22558
58.977,85.029976
10.326,50.09461
200.24999999999997,19.963306
9.714,47.08833
20.027,64.354614
8.82,19.602945
64.144,78.79033
589.843,40.7792
4.643,4.1983557
32.89,89.09079
10.06,0.2603938
8.236,29.312578
0.22,2.2345052
10.16,30.178202
919.5570000000001,654.0133
0.187,158.24445
9.293,0.0271851
0.546,17.426252
448.627,405.73386
29.787000000000003,219.70352
0.11,0.117974564
35100.933,27.742662
9.8,29.40228
0.283,24.192932
29.563,31.889673
289.867,205.21416
0.347,0.15033978
20.093,89.19236
30.434,124.23889
9.626,104.49736
18.4,117.78174
39.687,208.52972
90.3,41.134804
130.297,82.98894
0.173,66.77767
29.633,37.629192
0.343,82.23956
1.753,37.951557
0.42300000000000004,13.850714
1.097,24.589258
87.907,121.63029
9.377,33.43682
29.123,263.55515
40.17,54.83156
0.157,18.726204
20.553,37.21592
139.393,105.92304
5.907000000000001,8.158815
9.4,37.092815
521.92,409.59314
0.313,18.998322
9.326,28.466589
529.66,650.0732
59.68,20.291645
320.057,136.53014
0.297,38.667625
10.256,26.199986
19.597,214.96179
0.37299999999999994,30.678596
9.846,23.642859
8.81,15.387487
30.496999999999996,110.10917
328.643,96.95742
8.89,37.04468
10.827,15.134496
29.603000000000005,154.18263
119.877,85.294136
20.74,124.00402
9.903,29.689915
0.424,40.34328
36.573,62.539635
0.17,15.883302
22.023,64.08563
60.083000000000006,44.92448
8.647,30.633886
19.173,144.22037
9.534,128.28487
2452.58,155.57443
109.283,47.587852
39.937,33.616383
121.06,97.40187
583.18,216.36505
10.026,12.961258
1090.977,102.556244
20.266,68.85322
39.347,410.15155
28.400000000000002,754.60736
311.177,2459.3672
10.783,30.49717
29.157,31.32635
10.164,106.83034
0.327,26.902994
20.25,59.86375
10.533,24.989422
0.187,4.017677
90.23,40.055313
109.97699999999999,127.11296
92.57599999999998,499.72842
19.694,13.789104
80.197,43.01301
119.29000000000002,46.261784
30.796,1.9305577
219.976,341.09262
40.067,41.68133
18.26,134.73785
6333.547,601.45886
1.253,17.075941
0.153,36.232643
200.797,795.3488
16.306,55.40378
13.626,16.597046
0.14,24.04988
59.953,0.80167776
59.95000000000001,0.09220986
10.67,139.89233
20.38,122.47619
4068.27,5167.4565
50.53699999999999,219.76942
9.067,2.2373369
6.014,6.598037
0.787,33.451973
19.296,1.0245845
0.38,26.339378
0.28,48.726227
0.263,56.210835
49.877,51.3813
7.126,21.024275
1.04,35.3384
9.543,23.297972
91.2,83.757545
9.116,23.98174
0.407,60.367393
482.34,61.874474
149.74,72.51123
9.86,130.70898
0.017,26.951666
1950.96,901.13617
38.12,65.633965
39.897,127.97727
18.143,74.39111
0.046000000000000006,6.8261814
138.744,565.4118
79.963,100.75909
109.697,38.76842
20.337,4.201952
30.969999999999995,104.15908
0.5,40.13818
38.954,3.5733335
1135.953,29.366753
30.806,89.41167
20.037,113.04691
0.564,18.100636
29.893,136.17307
0.407,41.74111
160.287,109.65708
20.91,63.90084
20.15,29.166481
9.867,42.56643
0.597,27.881529
20.304,35.654934
39.63,50.28349
19.51,309.9794
710.113,184.83275
0.08,16.99239
10.154,42.814762
10.053,177.55777
20.436,97.5457
11.007,73.77445
0.63,53.3369
2.55,23.59571
89.68,53.760315
13.36,62.61671
10.076,36.888508
9.094,42.289513
190.21,81.63672
118.91400000000002,216.76761
9.444,15.593755
21.016,90.81547
3.283,110.801094
29.603000000000005,119.24267
9.147,29.081541
238.357,15.368884
19.857,18.884426
220.16600000000003,436.9132
6.46,84.70733
19.423,17.216127
0.313,22.63263
28.626999999999995,182.85495
28.987,117.08682
10.207,17.37897
9.99,21.330408
168.657,92.46948
357.85,83.889824
409.603,286.28857
0.877,35.21481
70.667,63.890034
0.344,18.009447
10.856,13.86044
79.067,71.60374
10.357,31.005146
0.717,24.884699
9.013,45.156723
63.160000000000004,107.63252
0.013,112.28977
1066.31,234.19987
0.827,16.92752
0.593,30.6666
1198.493,155.04865
0.077,83.59812
89.913,41.763786
239.91399999999996,252.75662
0.25,28.717459
141.024,117.64099
189.70000000000002,150.8032
301.053,247.27177
9.41,89.94818
33.31,70.24653
579.96,326.9344
19.87,64.10889
19.247,31.603065
0.686,187.2193
10.36,650.0732
163.603,148.09671
22.44,333.62076
30.022999999999996,78.6657
0.016,17.813358
30.727000000000004,361.74252
10.39,14.377603
129.863,133.25398
509.073,147.65794
123.68700000000001,512.44366
153.617,316.6698
0.907,4.2089305
9.677,53.329594
10.88,45.595337
19.393,118.712456
9.723,0.114382826
20.387,89.793076
9.907,95.940994
19.87,113.66836
8.29,38.22631
0.37700000000000006,21.91577
19.614,107.90483
660.197,62.50313
19.08,69.72675
9.773,13.919818
8.53,33.775143
250.02699999999996,82.97139
40.507,49.943386
0.25,34.231148
760.23,652.5714
0.88,116.50616
0.327,17.284739
8.19,53.055935
39.2,25.154053
0.723,0.07986436
149.867,40.04233
0.297,28.442112
10.35,28.502945
0.533,694.55774
719.97,46.1328
87.73,194.28166
594.306,155.8814
9.697,4.1158404
213.773,496.73447
8.417,28.44076
10.393,14.339616
1.283,35.82823
119.816,382.16324
10.21,16.920109
9.62,47.758305
244.61000000000004,633.7577
20.99,37.93348
130.047,107.63963
1.0,46.572544
20.91,1.0492574
4999.917,75.55909
0.033,39.35826
10.963,25.9644
0.047,18.64865
0.424,48.55463
920.09,188.04297
9.943,154.50488
28.107,15.639417
19.5,66.86753
59.43,191.37328
19.856,23.14197
78.047,109.901825
69.746,61.28337
99.81699999999998,41.08797
0.034,22.894241
97.98999999999998,229.51262
40.157,72.565994
0.72,44.00179
29.247000000000003,55.00584
0.343,89.94818
0.144,28.77771
19.944,180.30734
7.74,41.906967
30.967,96.09314
0.297,35.09059
29.556999999999995,134.75822
8.87,28.874308
1.113,6.456716
10.05,48.420418
60.34000000000001,197.78516
182.167,184.34192
20.17,65.061966
120.276,56.705647
26.512999999999998,25.889153
19.154,20.69303
180.75,138.38377
1.0,14.377217
0.267,22.774313
0.487,7.6451635
60.086,424.5248
19.357,18.177671
110.367,58.568775
137.327,57.21881
0.093,90.54045
128.143,79.88405
0.033,6.5481453
111.857,517.7062
0.327,70.931335
584.17,73.87616
170.566,104.477325
10.093,38.024242
29.296999999999997,1.4380728
