actual,predicted
162.11,678.4594
9.487,17.132517
0.19000000000000003,6.779034
9.929999999999998,8.509732
9.623,0.23244686
2.537,0.35729158
30.163,43.093636
98.39,13.062454
0.643,148.34836
0.094,4.2307334
1.047,63.786514
0.41,0.09894507
10.23,0.22870548
114.717,223.04054
159.123,503.32062
9.323,2.167821
10.033,67.25734
0.25,21.631334
0.033,31.992542
1.61,0.030642362
0.017,0.04918241
277.81,40.744637
19.996,13.584447
10.594000000000001,3.1225672
0.784,0.2333595
0.083,0.85775924
8.87,18.754639
9.257,72.09725
9.603,0.13315201
20.84,79.10564
9.924,0.17399552
8.854,0.031437334
0.6229999999999999,98.414764
0.173,15.829681
11.014,20.463768
20.593,0.20562482
0.72,5.740672
19.454,0.13598438
10.027000000000001,1.3923888
700.756,442.03107
9.577,0.15615956
1549.99,1697.7734
0.53,15.426752
0.31399999999999995,0.92911184
0.347,37.214367
0.4699999999999999,22.519638
21.204,101.71251
40.4,1.5518495
20.537,12.05417
9.057,113.79005
0.046,0.52066267
1.017,3.1712015
0.15699999999999997,0.07642817
0.12299999999999998,3.2040603
0.403,61.890083
170.19300000000004,760.1215
9.13,73.64214
10.5,84.161766
136.673,19.583273
0.27,228.74368
0.93,21.706205
19.52,92.72427
20.363,153.25604
140.234,208.59506
19.833,18.691984
0.734,114.37289
8.823,28.132633
42.9,19.403095
40.954,31.549051
0.203,129.46672
0.36,15.094954
0.08,0.743346
20.0,29.122093
0.424,3.427593
0.047,2.389838
1478.097,1043.5809
0.127,0.6933079
10.163,9.344841
0.034,9.939407
19.969999999999995,55.18055
9.893,168.13377
9.48,0.75322145
0.187,8.143398
39.556,3.7490242
179.72000000000003,1019.25055
0.357,29.725996
0.14,0.03169807
2298.72,2750.8953
0.797,15.4346895
9.18,32.556725
8.37,1.2719686
31.116,29.544333
0.39,3.9758484
19.793,21.649775
58.636,87.79622
10.833,32.05876
19.859999999999996,3.702193
269.7,469.55786
19.173,0.02881874
10.437,110.864426
7.86,58.786755
20.937,42.41717
29.983,202.97415
39.7,224.21747
9.777,26.669815
0.033,22.61804
0.063,2.0244517
0.076,20.281984
10.146999999999998,2.069158
0.08,1.4174366
10.0,1.6057874
19.747,43.516224
8.707,85.76505
0.013,47.18921
3241.237,519.2261
0.7669999999999999,0.9896538
9.687,6.659593
300.184,228.44066
19.887,21.432892
9.533,20.646498
21.227,37.117874
60.153,17.994854
74.753,279.7132
39.37700000000001,188.37338
179.213,182.19247
0.8500000000000001,6.7686033
0.033,0.8735863
18.554,75.07354
9.566,20.079407
0.3,63.77161
0.283,0.044703018
9.153,0.54883456
301.37,960.83905
8.83,9.7578
0.12299999999999998,15.399974
9.49,55.18055
50.01400000000001,109.16832
0.047,5.5348926
539.777,138.89316
9.067,16.236311
150.5,16.223671
20.420000000000005,37.20428
20.333,116.354614
8.08,49.383743
9.86,0.1634107
10.203999999999999,4.335985
112.127,207.17966
19.563,0.28108507
8.24,3.8030994
50.03699999999999,22.190086
0.017,48.58791
9.217,17.412628
0.816,0.6555743
0.17,27.183422
0.484,41.901047
0.046,14.068606
49.986,210.59499
0.017,0.20869444
9.527,45.065456
218.007,49.994965
10.02,88.23869
9.727,4.004958
9.853,3.3807955
0.15699999999999997,1.0187533
0.843,94.43176
38.724,16.025076
7.766,0.7224053
100.233,14.678422
80.25299999999999,7.459941
9.6,26.938334
9.76,0.008095808
1080.753,96.443184
9.817,82.50674
3828.536,821.54333
330.527,903.3927
775.704,614.68085
8.99,51.63228
569.273,19.531645
9.66,32.10976
140.263,529.005
9.533,4.2163877
30.326,7.914809
0.03,0.09499297
40.45,42.106228
10.9,0.15547365
19.09,865.42206
1.106,0.024400027
8.82,19.3038
9.037,0.3036792
670.8539999999999,371.58472
0.8129999999999998,16.017942
0.094,0.057202082
0.0,4.1843724
21.204,206.82701
60.13,155.03098
10.077,37.27079
430.353,506.03635
79.8,232.10516
29.643,0.014668242
0.203,8.158554
0.484,1094.3175
0.033,0.034420703
166.59,418.88034
9.467,64.636024
20.01,17.822943
80.854,257.7783
9.59,0.099475466
8.406,1.5451938
39.95,18.135042
763.394,207.98802
119.327,2.5226061
0.216,0.013366161
9.92,33.869915
19.95,21.55346
101.297,152.63799
19.164,14.146449
9.923,28.337404
19.16,67.08355
0.357,40.234165
9.39,1042.5795
0.577,98.00666
9.147,3.1274042
8.766,34.20827
9.11,36.49621
9.815999999999999,18.803148
18.854,176.34274
181.25999999999996,58.421215
9.843,0.033804525
0.28,2.7309415
9.897,1.0394047
19.287,187.8152
0.25,6.82414
12.510000000000002,210.71658
9.443,2.688846
9.33,3.275576
10.1,0.6723402
1.5000000000000002,0.03374858
10.766999999999998,1.8741946
8.49,0.036026724
840.923,52.90117
0.03,4.323888
20.003000000000004,14.532206
139.557,15.338027
19.193,1.9994256
0.127,6.997001
0.593,72.49601
310.866,715.95953
19.514,93.12613
1040.01,539.802
9.053,19.784622
19.914000000000005,43.21245
40.077,0.06717733
29.713,13.099631
99.563,198.92953
19.214,1.4740758
1.124,18.698887
88.556,9.701353
19.606999999999996,2.4543457
0.03,35.164356
11.074,30.221653
0.847,53.80687
19.1,17.553514
10.210000000000003,12.8294
259.97,89.73531
0.097,0.3823753
0.503,179.8209
30.68,27.766895
29.467,0.84478825
29.627,87.27493
0.593,20.458431
240.093,273.2425
8.907,25.596981
1.126,0.3076389
3.26,8.825585
0.063,33.046013
11.103,15.381326
9.714,1.0831046
19.486,151.8564
2.39,69.66351
0.063,2.1379702
70.28,65.93036
430.414,418.63257
29.553,28.565609
0.0,17.774359
9.883,8.4057455
51.91,21.77466
9.77,59.48364
14.122999999999998,25.468122
0.156,4.1982336
1.5629999999999997,110.35524
28.467,19.27171
359.81,571.33215
228.166,68.96804
0.6160000000000001,21.04779
21.86,326.83838
50.694,1083.3143
9.847,12.238103
39.50999999999999,83.52914
10.26,20.54642
650.99,75.059326
41.187,151.75545
20.020000000000003,5.9592314
170.53,23.152105
50.43299999999999,357.4525
0.173,0.018056791
0.36,50.754196
19.406,19.114464
9.627,11.788461
1290.317,484.90027
9.707,20.423506
6.935999999999999,20.577744
9.996,7.1960263
30.043,90.26903
0.017,32.450657
0.017,11.548125
0.376,45.337406
10.343000000000002,1.8234644
29.646,20.720003
9.806,0.13414887
1.123,12.846588
9.513,5.2725725
270.48,386.2155
3720.8630000000003,2727.4302
12.564,87.86831
50.393,601.51984
39.726,35.688873
0.296,52.581646
8.634,7.0121956
0.03,22.823912
20.447,21.338335
0.013,1.8110182
40.026,113.4567
0.034,1.3999981
200.67,12.348222
0.787,2.860214
0.03,4.335985
9.546,3.824218
0.7500000000000001,26.216852
0.03,0.15982822
50.6,11.279325
0.11,4.8931384
19.967,33.97835
7.947,5.935583
140.17,109.55237
9.767,5.843167
10.073000000000002,0.15039194
10.583,0.12484545
0.156,2.0981643
19.797,0.053062648
0.063,1.0876361
0.08,26.263617
0.143,9.024234
13.567,79.88561
20.077,7.4032254
0.047,0.3284155
9.76,37.970535
0.3,0.16840182
19.18,23.473597
50.077,20.749708
9.217,14.708708
0.17,38.99779
19.956999999999997,513.8964
9.45,113.79005
19.71,0.03898666
0.347,11.85357
0.19000000000000003,7.7939677
0.237,26.885075
1819.87,309.63556
0.393,2.6561189
27.516,37.186665
8.95,13.14933
19.986000000000004,83.40601
2451.097,1428.402
30.33,0.17889778
19.63,115.14602
8.99,39.986042
1860.153,842.0668
1.487,49.0477
10.454,51.71741
0.063,26.279652
590.187,1504.5598
19.38,23.473597
0.22,154.43925
49.786,21.520208
9.01,5.6881237
121.15,392.5742
59.58,32.15566
29.673,6.5630608
60.36,15.4346895
28.27,7.4484406
9.844,29.260675
0.03,1.3861698
1.2999999999999998,84.829636
40.177,0.41006416
28.476,3.1238415
7.87,15.478613
19.587,35.40019
39.683,147.37694
0.046,0.16856603
10.244000000000002,167.39212
12.03,38.16829
5.77,21.855953
0.064,6.1856856
0.063,0.088147745
9.784,13.96223
99.67,401.4784
0.093,65.74302
10.646,7.3038173
871.514,388.75867
20.056,19.507215
0.7669999999999999,109.736275
79.92,13.315256
9.976000000000003,0.04125523
200.01699999999997,81.88143
9.813999999999998,0.07871558
28.984,35.912823
19.910000000000004,155.13722
10.047,2.4621847
30.07,40.758656
109.64,79.066345
19.737,11.083202
10.26,15.516835
19.983,45.361256
0.063,0.081069335
9.907,0.3076389
9.84,15.598294
0.14,15.882101
9297.764,2319.1968
0.343,0.01850844
0.53,0.037996866
68.964,29.028208
20.487,0.9732134
2710.5700000000006,619.2698
39.97399999999999,30.914507
20.023,126.17442
0.944,8.453625
4320.176,1312.7117
0.36,44.99624
9.523,31.83665
46.567,0.0097619
10.15,70.41245
60.447,13.4302635
80.247,128.03633
0.047,3.824218
49.727,66.31409
40.047,60.99971
0.043,0.2092523
20.684,0.05954125
0.03,12.930919
9.514,0.54792875
1.4069999999999998,0.17098412
19.863,2.9559207
0.043,22.187164
0.047,38.58831
0.0,15.757728
0.05,3.2323642
10.1,1.1204902
789.5169999999999,792.92664
18.9,136.54883
0.233,21.973679
0.016,13.564899
0.203,1.6022631
40.217,209.79158
9.827,28.67188
20.98,19.817732
0.407,0.33808002
68.787,785.9119
25.61,63.579895
7108.72,997.2352
9.27,0.35211724
29.607,41.019062
9.087,0.073730476
0.237,0.123456396
8.04,9.182871
10.84,23.963573
9.943,13.360331
0.047,29.537674
0.644,4.4368315
0.047,2.222202
0.53,52.60173
9.48,26.486563
20.843,43.104416
10.053,6.983271
0.316,42.141266
9.813999999999998,0.1385312
9.867,28.63649
59.326,204.07207
149.907,69.449425
20.16,53.340412
19.537,711.8739
0.046,28.901482
10.626,1.209662
10.116,0.0057326485
8.153,86.32892
0.6870000000000002,14.012133
20.257,67.16868
20.007000000000005,20.207443
9.98,49.530457
10.14,12.438067
0.126,3.198227
0.08,73.4199
0.12299999999999998,1.0231442
9.313,7.0217977
20.556,134.28099
9.714,4.708972
10.117,23.45735
9.716,49.492332
19.82,287.32965
20.94,15.227296
30.103,20.956915
0.627,22.106688
0.204,0.34550238
9.6,7.53389
239.81,120.78919
9.65,31.46432
59.559999999999995,49.825645
0.03,0.28296378
513.216,1073.6277
90.01,22.04973
8.443,42.33439
19.793,2.3546922
9.65,49.24814
9.08,0.2809645
9.633,0.24462514
20.06,33.100235
0.094,3.824218
0.343,3.9682622
2.1,586.58887
10.026,22.44531
0.7669999999999999,6.9764695
900.317,323.47455
30.183,0.7221271
0.33000000000000007,1.1483964
9.837,90.097824
9.94,0.8808082
0.423,19.875519
61.793,6.530912
0.046,0.38344887
222.22,308.15967
1.073,0.06849778
0.204,0.7425044
10.165999999999999,0.7387976
10.11,10.610976
450.584,94.29823
0.5,34.296722
0.143,67.97334
10.06,871.2997
9.49,0.19915876
20.356,23.36602
10.29,58.98849
19.947,5.6259828
20.116999999999997,45.827324
20.14,97.52121
9.357,6.0932784
0.11,22.020618
60.099999999999994,65.42918
9.0,1.7032989
0.08,45.536644
49.879999999999995,2.1615992
30.11,175.95207
9.847,42.401558
1.474,5.8566327
3900.16,124.36703
108.833,546.9338
9.36,68.74398
18.037,32.947884
0.11,0.21666501
9.81,16.908846
296.55,146.98676
9.7,115.14602
9.98,0.11939645
10.07,128.28523
9.657,10.39467
9.96,13.83493
19.496,12.201441
99.74,352.6754
29.39,20.704931
79.97000000000001,294.76245
17.724,14.768451
9.297,31.183008
180.033,415.30496
0.12299999999999998,43.55359
11.154,0.31527868
30.097,13.906162
21.64,179.18532
10.18,0.03316729
41.50300000000001,437.52957
10.97,0.065585576
10.71,278.08594
0.8129999999999998,0.088147745
0.36,6.936128
0.064,2.536428
0.373,0.44652435
9.476,84.70891
0.326,11.521656
0.14,2.315643
10.057,43.46773
0.11,11.043771
109.894,35.31435
494.62699999999995,398.38867
0.673,9.465982
19.047,26.6703
49.713,27.32407
0.156,15.308434
21.557,5.648775
10.226,34.641663
39.947,0.32216176
0.39,7.0728726
19.673,103.772705
9.95,8.7522955
0.03,0.4748535
30.11,48.922466
9.863,5.4823227
19.344,17.506016
18.67,7.1681747
140.287,1042.5795
0.376,0.26245236
270.187,612.7337
119.65000000000002,621.18945
0.063,13.148516
0.03,30.445782
9.557,16.039274
460.44,2026.2855
100.01,104.476105
18.82,751.654
3639.96,966.7725
61.497,0.70371157
19.74,123.39342
30.094,100.32213
30.0,8.955875
19.943,83.95011
0.25,76.566345
7.73,31.93458
0.17,5.3943806
0.08,6.086102
0.86,34.24255
100.58300000000001,158.56471
8.833,40.677734
390.014,66.70345
20.48,35.251194
149.876,1694.5333
19.12,33.617977
19.567,4.803613
49.513,62.953716
29.664,400.578
10.903999999999998,5.071286
640.933,1016.5677
0.12299999999999998,25.204723
1.3629999999999998,50.997517
0.283,5.332565
10.026,40.441723
8.86,0.05100508
29.643,27.929438
8.244,0.015271978
40.163000000000004,13.777857
20.260000000000005,42.194107
0.0,0.055243816
0.124,21.108185
39.67,13.4311695
0.284,10.226447
18.02,14.174475
99.77000000000001,171.76863
850.064,143.88925
9.547,35.758163
589.01,775.997
408.9429999999999,5066.6157
40.034,34.810017
0.577,0.012805767
0.093,38.53893
19.699999999999996,148.58987
0.047,8.527855
0.61,11.447965
0.19000000000000003,0.23179916
29.872999999999998,158.05006
19.986999999999995,237.90416
20.297,14.4179325
0.11,1.9868447
0.25,6.941634
20.11,15.734355
19.887,17.838318
240.073,16.396532
0.96,3.486578
40.633,0.733154
0.017,22.216156
8.09,0.21163975
16.117,5.165593
9.463,0.07933506
30.25,145.17784
9.066,10.981048
0.15699999999999997,0.114676245
20.553,16.036234
10.163,20.92142
12.047,7.5455503
9.74,0.26529396
699.937,930.8656
690.79,85.22438
29.587,12.856206
31.25,93.57149
0.0,16.761124
0.156,4.6198053
20.112999999999996,89.58095
10.199999999999998,3.3601165
40.07,12.080851
10.027000000000001,3.9261475
762.697,462.57492
39.473,2.449734
19.35,0.32616484
19.707,38.634514
0.33000000000000007,105.9816
0.013,20.479502
0.203,0.015222174
79.573,220.41203
28.934,1.0755137
1.4069999999999998,17.545273
359.89000000000004,82.91255
20.133999999999997,1.1190699
0.0,0.40025046
0.457,5.7861094
10.087,1.9914882
9.853,23.589575
0.517,17.150322
29.810000000000002,30.997038
129.95,12.992467
19.686,2.7985165
8.993,10.6550255
19.57,219.49495
189.283,475.11346
10.637,3.1120026
30.079999999999995,3.5446372
0.094,0.36851642
240.787,314.60583
0.0,93.363396
9.994,26.04422
0.203,69.31487
9.547,19.391094
970.017,1067.0149
7.61,41.046394
339.113,103.97725
10.616999999999999,98.414764
30.547,191.98819
0.15699999999999997,25.156628
9.746,19.354118
251.104,260.90143
1.443,164.66945
0.127,0.92819446
1.063,7.481704
10.043,12.8294
0.28,25.670652
91.28600000000002,94.46431
249.937,515.0586
56.19,34.867977
153.037,298.18054
0.39,19.774305
0.013,6.0966444
3854.2369999999996,814.79584
0.033,3.3655808
2.104,16.977087
351.08,992.9558
310.436,794.705
9.47,1.1328558
21.32,42.0655
19.207,15.391478
1800.4130000000002,601.8691
1359.92,72.29659
10.673,103.62245
9.47,44.687843
11421.767,1113.22
0.6870000000000002,21.813496
0.0,5.148799
20.164,10.073153
19.733000000000004,651.1133
0.173,81.52693
9.849999999999998,67.78618
10.196,36.365322
10.056,0.2504604
20.91,126.47779
9.903,7.7337766
0.233,1.6022631
64.056,20.1197
20.457,683.7096
19.634,33.97641
0.047,0.30324686
30.414,24.0239
0.39,2.3155549
2120.277,2042.0286
20.624,20.38892
0.233,2.442468
64.64,16.756266
10.814,9.694352
140.097,81.284386
10.817,41.273922
0.83,11.557487
340.2339999999999,158.02815
111.153,185.38707
209.827,13.7603855
0.28,39.694443
20.233,9.098717
19.84,151.8564
0.076,2.285358
0.576,16.427801
89.023,19.98763
9.896000000000003,0.19690761
101.737,89.11631
0.144,6.278642
61.0,0.18097012
20.013,90.78308
0.047,0.38688365
38.956,24.959743
10.194,0.24274738
10.686,88.31909
9.45,10.607558
21.83,102.16064
10.233,0.116641976
0.034,0.52066267
19.976,27.966366
0.013,0.054342806
9.976000000000003,2.0798209
10.104,14.315573
30.774,16.03611
10.92,34.308453
0.546,0.03687819
10.167,31.800156
19.81,184.01945
9.716,14.094883
0.826,0.17585216
20.853,15.5023365
9.973,55.338375
120.113,3914.5903
0.063,45.708946
20.176000000000002,11.880235
0.047,0.2880091
0.187,16.851458
0.297,28.234793
99.913,264.83026
209.75,492.84164
9.037,6.8401537
0.063,0.09528796
39.884,98.17822
10.262999999999998,70.978355
30.507,0.49926856
3789.18,949.55646
8.38,0.27502978
0.034,2.6355484
0.0,20.85812
260.0,353.47006
129.287,78.24642
9.834,28.662073
41.92000000000001,85.91299
209.5,294.6175
0.017,0.6339865
1580.36,379.07327
28.764000000000003,0.87815106
80.417,78.736664
19.007,15.195038
10.71,29.7003
39.567,37.492573
67.59,1243.9729
2644.93,691.67896
90.05,250.11345
1.7540000000000002,6.936155
0.033,5.148799
191.06,231.4356
0.6769999999999999,0.17240913
149.78,204.51637
348.74999999999994,62.573956
10.663,0.017157374
28.597,45.881577
0.013,18.958736
70.076,116.444115
29.737,4.2979445
0.36,4.088161
79.94,25.686106
0.156,182.60327
9.403,3.0576441
129.857,582.5095
8.206,6.8026624
0.546,56.338467
9.964,89.12186
0.237,51.04789
30.172999999999995,1.3063468
0.093,14.60872
0.313,37.811493
640.56,136.66805
29.810000000000002,33.479683
0.014,69.61684
19.616,6.4546814
1367.933,16.14089
0.204,1.1030527
0.017,0.7174799
90.236,90.05977
1212.144,118.15266
40.11,6.876735
9.103,47.813072
7.85,65.79728
49.324000000000005,136.52971
40.133,173.36482
19.764,88.08074
100.16299999999998,23.319387
124.28000000000002,143.256
8271.096,12.22081
0.173,3.8096118
360.15,183.1151
310.72,81.47357
29.963,56.744335
28.914,325.9823
383.2,260.76596
0.233,50.98803
0.4699999999999999,5.061218
20.103,35.65394
10.14,32.316193
0.017,601.6279
10.507,43.148212
0.22,0.26772037
9.69,17.572355
9.293,1.9273612
30.557,6.099045
9.163,7.184496
319.886,189.39795
0.017,28.034756
9.197,29.548698
30.476000000000003,25.544184
11.14,41.377758
73.373,994.44775
0.457,28.304905
20.116999999999997,0.67536825
0.45299999999999996,70.375824
19.817,336.81958
0.143,12.125702
10.090000000000002,21.29934
80.323,655.4841
9.183,272.16226
8.926,16.959972
28.906,46.06598
20.457,323.26743
9.053,0.77742887
51.88,99.13148
0.28,39.747227
9.6,8.881715
10.363,13.361275
9.426,53.734993
0.03,33.37766
10.43,3.2476146
0.233,2.0798209
0.9399999999999998,0.012986373
9.906,17.028288
19.25,299.92822
0.267,0.07184834
9.387,0.04459546
229.787,506.53525
11.457,100.177536
0.53,46.345432
80.71,13.272582
0.33000000000000007,0.11023009
20.66,48.097645
99.953,0.24224043
40.46,14.108174
20.41,3.8179908
9.983,0.021891331
7.827,50.724983
0.0,0.3212104
0.016,14.130348
0.126,7.252961
7.836000000000001,1.3722686
0.487,4.9600344
49.807,28.503214
1555.8,12.689478
570.227,204.78082
10.07,35.54913
6.787,0.9141827
0.45299999999999996,36.090992
0.17,19.507448
5.25,171.46675
0.234,0.32194984
12.389999999999999,0.010181698
0.704,12.286864
9.796999999999999,92.69816
0.08,7.8414497
7.627,78.668785
18.976,0.15051089
5729.83,817.20483
0.25,25.596981
359.223,1332.8615
9.71,30.065405
29.970000000000002,13.480222
20.437000000000005,22.194534
0.203,29.15506
11.260000000000002,1.1928476
0.093,69.95287
10.004,0.32761288
9.953,105.5657
0.076,81.284386
20.112999999999996,39.966255
10.07,733.155
20.323,390.0463
9.684,1.5736985
0.0,45.827324
0.093,1.9524612
0.234,0.052918315
1.73,0.0134285875
10.95,5.90381
1.203,73.08496
0.03,3.2218955
11.383,87.97476
178.88000000000002,261.20923
29.017000000000003,57.886944
9.95,16.536654
11.253,65.33473
20.36,13.748912
7.397,153.81703
64.533,314.3411
8.863,5.0187383
0.033,0.64010555
8.803,0.016635127
0.8,8.012525
9.706,11.776366
48.86000000000001,487.1884
0.14,0.87262213
10.106,10.735621
0.15699999999999997,1.1050279
29.227,59.029396
19.56,1.7981269
30.043,130.6832
3.9170000000000003,0.11137331
20.19,12.18342
9.907,7.30507
9.303,0.038102604
0.22,5.327411
0.156,4.2737913
9.796999999999999,15.473642
29.963,157.8842
1.203,56.43231
0.283,75.65817
0.864,6.8026624
10.226,24.800362
0.28,18.162464
2.033,91.84805
109.743,106.20033
9.667,0.18363373
9.733,15.848463
0.233,72.14387
0.03,15.40313
151.01,32.303814
18.687,103.049416
1.283,62.63202
0.15699999999999997,1.5746069
0.267,5.193028
20.447,102.8705
0.093,43.344704
60.13,71.15693
371.1499999999999,231.58736
0.92,7.3525677
0.313,12.853288
0.173,0.51872134
9.603,2.7561703
21.227,6.543322
9.98,6.8241525
9.704,0.14032812
0.03,0.7644213
60.004,440.93634
10.14,8.526137
19.6,20.85812
0.063,0.42970237
22831.144,596.47815
0.28,8.286334
10.156,1.1994603
9.607,24.433573
70.154,199.77786
10.11,18.841703
10.783,0.34792036
9.95,14.586335
0.063,0.065614164
8.677,0.13957684
0.127,0.27502978
20.260000000000005,99.05724
9.54,30.628443
20.997,0.5626566
0.127,0.036809534
20.529999999999998,193.32253
0.406,13.675869
0.177,12.330884
19.93,37.21822
0.017,32.425358
290.774,73.43056
8.36,51.884357
0.07700000000000001,6.0301266
0.11,0.22526348
0.093,7.7266417
40.033,17.93006
19.943,8.07143
11.453,24.597786
0.17,1.3999981
0.17,0.070992716
49.856,136.51205
10.027000000000001,9.252848
9.564,4.21167
0.153,4.325793
18.99,490.33038
0.11,40.007397
5.587,0.056554534
0.14,0.03565913
9.967,20.645023
9.776,16.62445
9.14,11.04633
1559.11,411.2167
0.03,0.9960907
30.163,3.8225477
0.237,0.24749783
8.563,35.82616
0.013,5.5821757
40.933,18.82787
10.02,65.72856
10.090000000000002,85.91299
18.66,0.6723402
9.354,2.8981025
9.104,8.425492
70.207,8.412947
0.06,51.547737
9.857,23.135006
0.156,6.2087603
0.33000000000000007,0.007994548
20.403,2.1283908
9.263,4.708972
1.046,40.699417
88.94699999999999,110.83784
261.223,26.859951
10.090000000000002,14.554034
11.183,137.29332
3.113,35.56839
48.503,30.805578
20.007000000000005,34.279747
0.126,0.13141201
0.187,6.5356407
0.424,29.398317
10.814,26.25333
0.72,14.4032135
30.603,5.6463246
149.91,36.742657
10.279999999999998,0.82544494
0.046,0.073660396
0.563,53.415955
0.043,0.8394349
21.317,51.61414
20.07,74.75387
9.31,11.343987
0.987,94.857834
19.99,6.8401537
0.11,0.17219698
20.38,9.334885
19.286,46.307625
17.487,21.781355
0.657,2.5434885
1165.713,1434.4114
9.377,7.7436423
1.17,150.68347
10.304,23.39092
0.14,0.7779109
19.066,391.1465
0.97,38.799847
0.14,0.016435444
0.266,50.477158
9.883,5.1140194
40.263,12.87502
70.357,237.36787
0.173,1.6069394
19.71,4.1843724
1.3830000000000002,19.348122
20.559999999999995,2.1319904
8.703,8.1071415
9.683,808.33575
159.15,365.90115
2.4529999999999994,80.295334
9.647,0.29456747
8.893,9.733494
9.94,0.7425044
20.213,22.037376
29.166,31.285387
0.16,17.720661
18.87,0.2986144
0.43600000000000005,51.555622
1051.427,274.151
19.84,101.90405
680.5730000000001,180.62184
9.956,98.4055
0.914,16.725355
20.75,125.18424
8.913,3.2258425
21.026,0.009950335
9.969999999999999,57.18784
10.194,0.11626883
17.273,24.613169
0.203,35.758163
29.6,41.74251
68.0,46.124912
9.197,13.37644
70.996,26.089657
229.593,199.28471
0.45299999999999996,4.5309653
9.693,0.3176854
0.847,8.123538
9.077,9.832157
10.82,0.7217959
10.63,89.878624
0.126,27.186663
0.017,43.6449
100.16,9.9286
0.6870000000000002,16.599634
9.607,9.619957
10.51,357.9514
0.017,5.4465113
8.677,24.425304
0.233,0.39744076
0.03,0.04876273
10.090000000000002,125.96518
9.83,1.3520021
0.047,0.036553044
0.83,2.7135587
460.393,562.818
0.15699999999999997,42.788708
3829.023,4006.1123
0.6870000000000002,3.5532305
31.537,78.74423
941.863,41.137527
29.872999999999998,1120.2452
20.444,59.08685
292.68,166.8902
0.31,2.4621847
10.22,32.31545
19.063,1127.9861
40.08,10.450517
814.75,342.35364
0.017,2.4621847
0.217,0.3748855
10.03,20.216032
0.15699999999999997,0.42846984
21.316,16.01843
19.38,6.3926787
10.98,31.035513
4177.25,41.614994
9.9,23.928106
0.36,1.1483964
9.25,125.131935
51.34,107.41776
10.047,9.773369
0.327,21.53707
9.95,12.345423
0.796,0.6339865
269.547,242.18188
0.457,0.05953098
25.963,75.74331
20.013,16.353714
1.097,0.012268871
39.892999999999994,101.499245
0.03,0.2333595
11.866,76.987274
60.117,67.83311
50.55599999999999,29.215124
720.0,33.0979
3320.164,1211.6437
29.36,19.208876
60.11299999999999,121.3019
13040.4,4012.8677
0.186,48.092224
19.65,0.28088275
0.28,0.36568108
0.063,100.78943
0.03,29.254387
10.58,36.687805
10.18,479.732
20.542999999999996,293.49426
11.782999999999998,15.538971
9.067,34.85969
20.017,18.496897
59.087,12.4532795
1433.97,676.3634
20.287,95.54357
9.92,182.32036
98.437,102.99769
16.607,38.807922
0.437,0.118345454
40.33400000000001,31.140041
0.517,6.7870607
0.22,6.1607623
9.273,200.75684
0.063,0.19581212
1.423,19.107779
19.917,12.6743765
9.444,18.398647
9.627,2.543275
0.07700000000000001,0.108411066
9.826,6.1856856
0.39,1.2886147
0.194,36.647366
100.25,37.232975
0.11,1.9885582
30.906000000000002,486.3531
8.843,36.159542
0.4699999999999999,0.9239289
19.897,730.9724
0.563,63.76583
170.15,136.2891
59.733,50.806026
71.043,25.369568
9.04,0.8402815
639.747,8.426739
1.577,15.518705
20.65,419.5248
0.487,2.696028
1.123,1.3392547
9.703,59.85514
190.33,23.832693
15.197,66.73687
0.577,0.18363394
0.33000000000000007,17.760075
29.767,2.0174174
0.046,7.0654526
9.433,1.5275683
0.15699999999999997,14.837291
2519.6529999999993,652.76587
39.546,76.45124
6.324,59.326164
1.3930000000000002,13.779329
0.987,1.3338209
29.583,62.061348
1.22,5.099075
70.11,36.846622
10.64,22.519638
9.217,6.0301266
4.417,19.094215
10.090000000000002,7.159596
10.024,76.62558
740.023,514.21967
9.877000000000002,0.31403875
19.056,0.50584406
3.6429999999999993,0.29467648
9.993000000000002,0.87863284
9.994,70.41245
0.376,16.501123
9.82,11.817021
10.1,1.2679962
11.677,133.4068
10.440000000000001,117.47079
0.013,5.109511
9.804,0.008420325
10.547,72.84896
18.313,275.27487
10.29,35.842155
241.55699999999996,38.527676
21.01,33.291817
18.947,50.33717
8.68,43.6449
0.093,1.0187533
190.427,602.0203
0.05,13.671268
79.803,15.241607
19.952999999999996,128.72223
9.953,15.546226
140.3,120.07877
29.202999999999996,0.6704553
29.737,0.27759984
0.07700000000000001,10.086934
0.047,444.94507
1.016,6.8026624
0.517,28.809431
10.14,11.138286
4.187,20.310053
10.047,14.510305
0.313,27.404495
9.57,44.601192
0.034,0.12818666
0.64,0.02547236
0.284,0.070992716
0.204,19.863682
10.916,49.856346
19.63,546.19543
0.05,16.320072
0.11,74.49346
0.203,0.27195293
5.697,21.975592
9.907,0.08403131
10.656,48.152283
9.944,24.701504
19.69,18.54345
19.71,0.81749994
19.093,18.425205
19.52,12.951212
9.487,44.687843
0.533,3.0149753
9.173,1.8188552
1735.9300000000003,435.47473
9.757,21.04779
10.15,0.21272899
9.86,48.40561
98.95699999999998,53.101242
0.05,0.4466372
28.624,53.317146
0.06,1.0349942
520.43,29.971954
0.093,2.5936859
141.384,96.659615
30.31,22.673286
1438.45,872.5159
10.133,601.6279
9.71,0.34820887
10.513,211.89777
10.093,55.404926
1.203,8.050524
19.699999999999996,23.171156
30.82,542.33875
49.416,50.50733
19.85,19.720829
2.033,5.1140194
0.58,14.523328
10.16,33.97835
99.72,61.07842
9.98,0.009090695
28.15,87.34548
10.99,36.136322
0.0,3.8271177
0.03,9.919725
0.61,52.81234
41.273,0.0091880085
12.59,150.30684
99.0,5.660476
3.3599999999999994,96.18264
0.017,1.9273612
8.86,43.344704
10.049999999999999,38.58831
59.663,12.353379
0.547,140.52547
299.34,16.589748
0.127,6.6538234
20.533,30.87001
109.977,73.75253
10.399999999999999,44.687843
0.047,0.3537273
10.17,3.2782197
0.06,9.465982
10.083,57.309204
39.626,216.07805
12.04,17.244965
0.313,9.377168
0.644,5.0331645
0.39,26.316698
450.08,130.18861
0.06,0.03978561
11.610000000000001,20.577744
78.96300000000001,12.061446
9.994,0.7158818
9.617,549.6561
339.68299999999994,497.34937
9.053,10.533835
13861.636,163.48412
0.783,7.0722456
1.187,8.010066
11.126,3.0270636
0.063,0.049335558
0.424,54.23662
9.593,1.8859236
20.464,92.09254
14.6,0.037045095
119.10400000000001,16.094046
769.357,2952.6765
2628.134,234.91364
20.194,1.0801896
20.717,53.358955
11.403,6.4558578
10.08,31.000572
8.587,22.046041
10.233,42.742207
19.77,18.158468
0.064,8.7896185
9.756,7.0360193
19.78,70.16155
0.093,0.04876273
0.12299999999999998,0.69185483
0.07700000000000001,0.6651009
0.143,14.659902
11.76,227.8036
0.127,5.6564293
21.027,51.067005
19.587,34.314503
0.11,18.264917
0.093,0.32674703
0.017,75.17616
250.66300000000004,139.00461
10.08,17.412628
29.366999999999997,125.567566
9.837,1.1112862
0.7669999999999999,0.8719891
50.44,10.493138
0.203,20.731165
18.59,52.663914
20.083,23.019714
10.39,14.708708
17.483,551.51135
40.867,304.9775
30.77,2.222878
20.15,99.59541
1.094,78.26734
19.893,725.1741
0.33000000000000007,0.38293585
22.1,18.684631
0.233,26.938334
0.097,0.19984256
10.3,23.277925
0.093,5.046245
10.279999999999998,0.3111293
9.673,0.4568047
0.047,64.5379
61.346,26.09432
5.153,2.5348976
17.45,511.59857
11.03,74.08613
0.593,23.049719
40.293,16.28851
9.664,31.747612
729.1230000000002,149.77704
10.484,5.940418
8.284,44.993153
0.14,0.28254014
19.146,47.250095
2521.287,1318.5516
57.97,622.2756
60.15,4231.582
8.763,8.358704
10.187,6.573583
7.947,131.37419
10.336999999999998,19.905153
90.43,9.256827
0.173,0.46557492
130.114,14.068606
10.024,1.4876567
10.46,11.317058
19.697,122.66565
20.93,37.04276
19.173,3.931198
9.333,8.184982
0.457,0.040523052
0.8770000000000001,5.69758
760.437,52.0048
19.935999999999996,602.97797
19.716000000000005,17.506016
10.333,35.515163
19.85,65.66213
0.503,0.14706932
1110.843,2744.4358
509.03,103.20256
9.653,27.218384
0.064,166.5932
10.873,0.96047664
19.786,104.24879
310.85,17.199429
510.4,67.0674
7.81,193.91028
110.113,333.7604
16190.167,2410.617
30.196,82.839836
18.28,0.049589433
10.27,38.83707
39.946,35.354343
34.223,172.11902
19.904,18.56234
39.7,156.93855
8.3,40.71764
10.666,195.50726
0.06,0.11967278
0.127,9.074406
39.886,8.303884
8.506,12.54404
0.14,20.795815
19.883,61.119663
8.424,0.6339865
19.633,19.506407
49.577,43.117767
0.093,29.388752
0.983,61.018856
1484.7300000000002,119.457855
29.96,59.669952
19.9,139.58492
10.257,69.864655
8.46,46.53136
70.624,59.164402
9.193,80.962746
37.233,22.362598
14621.013999999997,1368.1892
0.14,20.33485
0.0,1.2064005
49.153,32.25326
9.794,4.91899
10.037,18.206009
10.704,15.852833
20.017,4.1806273
1.423,60.854156
20.673,10.338678
0.36,29.207102
59.61,150.18515
19.804,300.14758
39.07,84.93789
0.07700000000000001,8.002028
9.657,0.83013415
10.857,0.017157374
19.977,23.75398
719.203,29.0708
360.113,180.47647
10.423000000000002,4.661459
20.92,23.070877
0.07700000000000001,7.0217977
18.704,114.41917
227.083,0.29822397
9.213,172.486
19.043,15.651075
305.626,36.79973
10.853,1.9994256
40.333,19.787523
0.047,0.15615956
11.56,81.14028
169.99,1091.127
10.374,0.14938647
19.547,19.052868
979.846,1741.5387
0.03,0.86950785
20.357,121.44993
9.973,2.8899307
20.056,0.5049726
0.047,8.050547
9.38,25.596981
20.397,0.32222658
49.077,121.3019
8.5,24.340948
1309.383,154.54698
158.673,176.35692
10.054,0.42075476
0.203,12.9821415
0.186,0.108411066
11.077,19.163136
9.57,18.916368
20.047,0.3399695
119.22,30.755848
0.11,26.979542
91.167,5.281994
30.332999999999995,21.095634
39.503,51.652348
628.83,27.941639
0.22,0.04267883
11.453,33.281982
1.44,0.032717258
9.74,150.76903
8.867,24.388414
9.8,1.6549757
12.293000000000001,92.17587
8.993,24.969236
0.08,0.24749783
9.553,0.4788982
239.81,393.08072
0.064,4.774168
9852.39,837.4536
9.48,20.705662
19.417,51.289352
11.674,21.823933
0.08,0.38901657
109.6,30.886646
39.89,17.19024
20.55,88.431526
107.006,78.88165
0.046,0.03192853
39.73299999999999,37.896534
5.127,44.516403
9.607,1.4374164
9.583,97.27413
10.02,1.4957453
0.187,10.957872
50.047,116.651024
20.78,43.344704
0.08,11.512564
9.66,12.929389
120.463,75.91875
349.413,52.302418
9.883,1.4149098
0.017,0.047529865
20.196,216.75124
19.73,0.026738446
20.217,246.18877
20.376,216.32033
0.0,180.1512
20.6,15.40313
9.92,23.796755
9.764,16.471167
10.943,9.608727
0.15699999999999997,54.523598
0.4699999999999999,44.010143
9.563,14.930355
30.176999999999996,0.67536825
9.463,35.72474
140.073,19.213758
20.333,115.59946
0.6600000000000001,37.34819
9.5,43.835926
9.927,10.825639
29.489999999999995,3.6335158
0.783,6.7194743
8.487,0.89485866
9.787,4.613716
9.367,2.3727157
330.62000000000006,969.8944
0.39,3.0119696
19.866,5.35851
0.25,10.54731
0.4699999999999999,7.914809
1780.08,882.1513
19.397,0.012567392
0.483,31.532187
10.066,64.50077
9.903,12.639454
39.55,314.20178
0.69,1.735521
10.090000000000002,56.35902
0.076,2.860214
119.837,55.721157
0.187,0.01790015
0.11,1.4400882
304.86,176.30305
9.353,0.08537171
11.533,122.09609
8.853,12.18342
7354.07,999.9863
20.15,41.193245
0.597,29.624315
61.1,814.0091
0.126,23.425901
10.657000000000002,2.3000703
9.216,0.1652973
20.006,7.688382
17.57,95.16817
9.457,180.92406
10.113,4.781973
8.79,20.906406
8.037,41.658493
0.017,20.281984
9.63,23.41349
1.007,0.25807044
0.233,1.1745498
2.517,81.12116
0.204,4.294831
10.1,85.18947
89.573,12.740086
18.984,61.680874
2.067,104.89094
10.156,0.291048
0.19000000000000003,23.096209
11.834,10.206496
0.047,2.0244517
0.22,8.458866
7.293,15.657356
10.683,22.322834
10.043,28.478262
39.643,23.09184
9.826,9.874336
29.970000000000002,25.204723
21.069999999999997,8.172489
0.297,2.5476203
0.56,24.34979
0.187,0.43092197
7.61,0.037605513
19.71,12.177384
0.31399999999999995,62.595444
20.004,50.35976
2030.474,621.0979
10.06,4.294831
0.7669999999999999,82.938354
8.883,20.463768
0.8,50.754196
0.127,45.606136
10.803,29.355034
19.876,1361.1664
0.0,1.0502014
0.15699999999999997,33.105064
9.803,32.91335
70.156,214.0046
38.774,296.0386
0.156,0.405795
0.03,0.1349345
3.19,0.30493692
9.89,11.976871
9.66,2.370809
0.173,0.1200429
10.199999999999998,8.979414
9.32,0.050087538
19.33,30.143375
9.58,0.30047005
6.223,13.458583
0.033,24.701504
0.12299999999999998,40.07809
10.727,24.348976
128.777,316.64847
429.6499999999999,1404.0239
0.19000000000000003,6.97101
0.14,2.988783
0.233,1.8469523
0.673,3.8084493
519.856,886.2589
18.274,86.194046
250.717,270.78888
0.15699999999999997,22.48756
29.503,92.19249
88.09,1811.7789
419.70000000000005,10.245183
109.56999999999998,111.876236
0.343,25.015614
16.45,72.13229
19.88,101.87324
40.026,6.9137435
730.9830000000001,217.70511
9.36,1.5617635
11.12,50.476074
8.97,23.049719
9.594,80.707146
8.076,86.81848
11.297,9.755011
0.063,1.1762568
32.01,112.25725
62.983,28.565609
10.073000000000002,0.009797696
9.75,1.2225685
0.127,0.13142154
0.233,11.676474
0.437,62.882664
20.863000000000003,12.974916
8.76,3.9570396
16057.174,1214.6522
11.019999999999998,178.44492
19.406,18.021254
38.52,16.512041
20.197000000000003,2.978699
9.897,14.772462
409.16,1357.5444
31.47,7.3505
296.196,194.04434
0.093,0.41444856
10.45,35.27658
10.224,70.43317
0.6870000000000002,17.044008
18.28,32.16956
10.010000000000002,18.992334
0.92,21.487282
10.156,29.043041
20.32,245.13861
20.053,25.004343
0.11,4.125745
30.053,553.25903
1.283,9.799822
10.146999999999998,115.36291
0.36,70.0507
20.943000000000005,44.27497
19.774,244.839
0.266,0.34559435
0.25,45.606136
0.093,0.091908075
19.573,18.525066
11.107,29.791407
209.957,55.477474
339.91,193.24583
9.984,21.596004
211.04,261.9135
19.883,11.923141
10.583,42.899174
9.584,1.9322675
8.874,21.074562
20.11,20.207443
0.013,28.291924
0.7330000000000001,16.492878
0.36,19.365585
9.024,0.057202194
3.757,0.23137733
0.064,15.566497
10.073000000000002,0.091370694
10.102999999999998,31.620275
0.814,16.79162
20.54,33.473164
940.107,20.577734
0.124,37.77534
49.396,167.86842
0.076,15.954698
0.283,0.123341665
0.127,0.59222686
20.95,26.185833
19.55,0.48648238
19.473,29.520594
251.71,165.90898
19.887,78.01083
20.237,386.94196
39.986,18.442211
20.829999999999995,0.0159767
0.15699999999999997,98.66581
0.07700000000000001,54.716904
8.936,0.42273805
1.5529999999999997,6.6671786
18.644,17.720661
4.817,15.074304
0.03,2.8382385
0.33000000000000007,37.413963
39.879999999999995,185.91779
0.77,32.421738
10.536,35.168373
20.377,0.1688682
6324.767,1769.3495
19.916,24.64118
118.87,24.212778
719.547,615.2678
897.58,226.65192
6.377,2.9797418
0.263,1.6069394
108.843,567.6214
0.063,68.89957
179.03,31.695078
10.663,24.701504
9.6,1.1745498
79.92300000000002,70.265236
30.027,15.629715
9.693,22.217957
129.73,375.7269
10.26,67.330475
29.937,36.463257
10.163,41.222183
39.136,11.147793
0.36,360.73352
120.07,212.7454
0.437,3.9815092
0.097,0.16227052
0.593,0.24049315
10.073000000000002,24.770254
10.503,87.35515
79.057,27.271011
189.773,858.4519
0.11,4.194452
5.753,53.94931
30.603,95.351425
39.667,17.69142
0.127,13.620434
79.896,272.9427
100.017,29.013649
0.53,0.71771383
0.0,282.69986
60.324,372.41843
39.86,25.264992
20.023,794.341
49.747,131.04007
0.127,21.48419
0.047,82.0159
0.267,0.19575742
0.03,2.295254
18.79,109.97305
0.15699999999999997,21.287535
9.354,1.192229
180.367,48.51397
10.064,3.3288236
29.317,46.58014
18.924,20.717777
0.0,1.0632973
9.847,413.12592
29.696,0.72191775
10.223,827.5349
10.0,62.052597
10.03,253.56114
10.583,11.55111
9.187,0.114676245
0.267,0.38293585
0.237,40.903217
10.02,0.20605035
2409.29,110.74318
0.52,1.5787085
39.963,660.36566
10.24,2.4262435
9.793000000000001,0.6725717
9.503,0.16856603
11.184,35.212036
19.294,16.512041
0.204,20.435356
9.433,1.3623525
151.053,26.69374
19.750000000000004,0.18631607
0.05,2.292157
0.15699999999999997,1.9739966
10.15,0.1634107
0.11,11.20137
19.603,5.486047
20.2,0.33720356
0.016,3.3807955
0.483,0.40818948
0.22,82.938354
9.153,0.015764773
1627.697,545.2073
0.367,218.59422
82.33999999999999,149.18422
19.327,29.585382
10.130000000000003,0.368829
9.55,31.372408
0.14,0.007434043
0.44,16.194387
29.01,125.985596
0.903,0.06125158
0.08,0.007994541
0.814,12.202788
9.593,40.282696
0.394,30.21922
19.027,6.7429333
60.04,10.464435
10.25,145.99423
0.424,37.34819
1.02,1.0187533
9.544,19.9763
19.25,48.74575
0.97,29.366173
19.247,544.1377
388.486,508.75134
19.084,10.893197
29.834,18.368813
0.546,17.412628
0.127,3.2222114
0.063,4.125745
1.377,0.020367542
10.043,2.408941
0.454,0.30399793
10.306,109.94195
29.970000000000002,91.156975
49.616,11.470089
9.013,0.037512556
10.913,39.77151
0.15699999999999997,31.15448
19.703,0.23949845
1.27,238.8232
20.267,21.155502
9.353,8.378588
10.124,24.837416
29.773,11.399565
20.33,50.72676
20.12,17.664932
30.006,238.86076
0.343,0.06285213
10.18,16.62445
0.186,0.8808602
10.113,109.97317
19.737,16.00676
19.13,1.9322675
0.08,2.4621847
41.103,22.640936
9.853,0.25128314
0.937,68.932724
148.194,120.42911
8.59,50.790314
9.04,0.012567392
99.716,144.26445
21.356999999999996,0.94696873
9.053,4.95715
8.68,84.38265
0.407,0.6121199
20.08,12.675087
40.22599999999999,12.469815
50.017,8.18322
69.37,160.127
10.424,5.2725725
9.723,0.41351327
40.983,12.7311
149.117,185.00162
0.437,17.572355
58.93299999999999,34.714806
0.903,1.5746069
29.584,87.14493
10.68,18.042759
0.266,0.01587102
8.227,65.128685
0.047,20.281984
10.93,9.969172
20.064,14.339648
59.737,143.49089
0.373,15.813364
0.156,3.2946033
50.53300000000001,886.9282
10.54,4.896769
41.010000000000005,481.54913
19.157,21.495686
0.0,14.610963
20.137,0.017540745
14.426,36.01449
130.037,109.04738
19.873,16.291784
19.673,85.40263
209.617,0.94973344
0.477,4.295502
0.487,36.431396
46.133,405.63443
9.969999999999999,37.3031
8.726,14.28656
29.85,166.2277
1.013,22.570929
0.127,9.443076
0.22,13.271773
0.047,2.5261738
39.833,6.4317966
10.047,300.9809
28.944,50.10356
0.3,3.3526886
0.17399999999999996,0.7049837
19.9,24.457102
19.034,49.47418
355.91600000000005,747.8356
18.977,0.23286688
15.704,36.003098
0.047,5.9384584
20.156,6.7048693
9.897,1.9868447
0.017,20.383413
9.357,19.386086
150.03,1233.4062
40.68999999999999,0.808547
0.437,17.32359
9.72,16.08127
8.356,0.3100526
30.424,33.759094
0.204,0.27518013
9.293,2.9356942
31.243,658.084
0.094,30.781445
79.874,188.6827
11.207,46.681396
0.047,0.01587102
248.75,320.12646
0.703,32.30209
9.78,5.144231
261.293,179.00804
199.77,310.14816
109.32399999999998,71.57812
0.373,20.099867
9.856000000000002,35.14548
0.046,44.384644
0.06,0.16953577
63.117,79.820274
1.067,0.89485866
30.749999999999996,9.303599
10.43,6.724967
0.267,32.073647
0.127,21.415455
9.847,4.295502
49.997,123.17565
0.986,4.05782
9.803,6.97101
10.133,0.25080028
8.923,9.553306
89.87999999999998,1.8142647
9.33,1.3787067
29.236999999999995,26.374159
0.156,7.666158
199.27,355.44656
39.894,24.243172
0.096,22.245346
10.17,0.29008555
1.326,55.266087
10.12,1.6635789
0.67,0.088147745
18.877,29.15841
89.963,6.404228
0.45299999999999996,85.44865
8.78,76.24736
10.363,0.25807044
0.11,1.3418316
0.127,5.4902225
18.233,14.724961
9.694,5.1658683
1.44,305.7491
18.563,25.864315
29.83,5.8027687
8.79,24.640078
130.147,73.36202
1.443,8.38335
59.713,30.948841
207.98699999999997,168.7969
19.910000000000004,0.016273456
40.363,92.759
160.137,451.7433
0.186,0.027890265
0.297,3.5054908
90.02,608.81885
19.876,12.125715
60.074,524.88947
19.897,21.456013
9.58,4.859715
0.11,9.686519
10.273,22.39121
20.083,44.345642
20.112999999999996,19.531301
21.383,60.153286
0.097,0.18105367
8.34,46.229683
7863.29,1627.1079
50.46699999999999,24.597786
0.047,19.229908
0.327,1.1757107
19.517,7.0728664
0.22,21.456707
168.687,46.651768
0.11,28.901482
0.283,0.099475466
10.123,0.88280874
39.339999999999996,339.01724
0.11,0.42075476
19.024,1.9029742
0.517,40.510597
11.207,0.13884637
16.99,334.75375
19.946,13.86132
8.683,1.2834514
609.63,626.8325
30.18,11.360408
29.916,23.807043
8.603,21.026718
10.04,0.46701476
90.547,291.933
528.717,196.88545
3332.816,2356.1187
19.73,529.1459
0.064,0.056897625
9.83,5.848959
0.11,11.256197
32.917,40.181602
0.107,4.949889
9.187,25.080023
20.116999999999997,34.993057
9.83,11.923141
9.674,156.07736
0.07700000000000001,0.27880648
63.70000000000001,71.19623
9.827,0.009488513
48.774,44.063065
0.564,0.027419345
39.80700000000001,22.350666
0.017,14.64501
9.796999999999999,53.100666
68.907,9.608727
0.093,0.12018277
9.303,55.23789
10.652999999999999,18.727884
19.42,33.88087
9.877000000000002,102.88586
0.39,0.34499338
19.92,10.21745
29.07,6.3967333
9.18,19.872265
0.107,9.755541
50.996,40.101604
1.367,0.40025046
0.093,7.2240276
9.133,47.836075
49.69599999999999,16.152075
39.9,7.357562
10.014,92.18029
9.897,42.0655
0.313,0.3627136
9.83,0.75327957
0.0,0.21131581
19.986999999999995,0.09170925
0.017,87.86831
10.076,63.174736
9.167,0.056624904
8.427,5.9447813
0.8129999999999998,40.598297
10.167,8.2469
19.597,111.5856
0.423,1.9118104
110.633,0.03140635
0.407,23.104267
0.55,0.016030865
0.22,6.9476647
20.347,19.169296
9.854000000000001,259.65787
0.12299999999999998,3.474036
40.523,23.929932
39.81,10.596206
59.45000000000001,6.9938664
0.11,80.90793
10.216,17.717371
60.59,824.034
0.216,8.620568
30.403,10.025018
19.590000000000003,161.225
1.076,33.00188
0.28,14.111443
0.14,43.586945
0.017,12.930919
0.11,1.3999981
11.12,4.5121155
19.07,23.741575
9.857,854.9644
8.993,84.33656
20.963,20.502249
39.513000000000005,21.5048
0.313,0.0920328
11.037,15.286616
60.13,104.31138
0.076,0.90755314
169.82999999999998,218.26854
20.46,142.72781
7.553,0.23179916
9.147,19.258175
10.199999999999998,10.449182
9.643,31.747612
0.187,26.667656
140.24,966.5769
339.76699999999994,360.04538
0.093,10.795689
10.114,564.946
0.097,4.774168
20.257,1753.9623
90.86700000000002,54.706856
9.92,3.4580622
191.284,944.2323
80.04,128.66583
10.437,19.774305
9.79,0.43755597
9.423,80.02282
19.547,173.9571
199.58700000000002,36.375305
1.3100000000000003,105.28547
1188.724,278.6426
9.33,0.024393233
10.11,17.75937
50.166,6.7220635
9.796999999999999,36.382397
9.603,0.5033629
0.524,7.0360255
709.763,24.89282
0.267,0.3106297
10.804,398.98254
10.793,213.3501
0.08,15.189165
31.46,317.64847
50.437,129.53798
9.063,10.945449
9.433,103.500145
1.076,0.035448402
8.32,0.04022807
598.94,1007.0335
20.573,28.167994
1.033,0.04338107
0.013,35.5245
10.167,83.55214
18.81,231.31142
6020.053,2597.2256
0.986,8.395781
9.92,69.62178
0.127,0.8310991
0.08,130.79654
20.823,14.42524
0.513,0.12484545
9.323,18.707312
10.16,35.078068
86.96999999999998,58.404114
0.063,2.7755854
0.313,1.5465604
8.983,10.881167
100.177,19.872517
0.296,16.599634
10.24,1.1545652
0.03,18.922321
10.226,24.5613
11.810000000000002,152.1938
1069.62,813.466
0.25,13.1384535
19.12,270.58374
7.237,40.717697
8.583,1.7541752
0.2,8.869545
1500.433,1052.899
9.907,22.398352
0.14,0.5847504
50.23,16.543365
0.047,6.0778728
0.156,0.30047005
4.986000000000001,35.086407
9.357,181.111
1620.677,783.7884
260.32,314.26575
0.843,19.163136
4.86,0.27822852
109.9,102.88586
98.946,12.109321
0.487,21.385113
19.82,30.096766
9.804,1.1711841
0.093,9.448787
20.180000000000003,61.77607
27.213,636.5002
0.31399999999999995,0.27104077
398.54,39.9953
29.23,106.01948
0.517,44.010143
8.027,57.0974
58.51,0.46065143
29.973,7.1588316
10.007,6.7758417
9.707,0.8577601
0.156,0.020367522
38.063,0.015841682
11.043000000000001,78.933784
29.333,7.347543
8.837,1.5409133
7610.946999999999,2.154384
49.57299999999999,621.84186
10.247,22.103115
32.037,31.745039
39.59700000000001,1.229326
9.773,104.82023
10.107000000000001,26.790897
8.996,94.857834
331.163,352.89923
9.17,2.059023
89.92300000000002,16.57808
9.929999999999998,134.61438
18.193,325.06232
0.07700000000000001,0.8310991
0.1,1.8213946
29.987000000000002,35.825054
249.656,0.09368852
9.734,78.30584
19.166,21.243765
0.287,32.790073
0.047,106.049614
702.567,83.74895
0.753,12.125715
9.766,49.000698
39.81699999999999,9.733873
1733.463,3604.7698
9.533,18.932531
8.907,25.642633
0.03,4.5708857
18.393,34.566154
0.076,0.18240587
9.7,22.423029
0.31,7.8821926
49.61999999999999,405.1353
0.217,0.08192045
0.69,17.185703
10.090000000000002,5.9618683
10.480000000000002,33.503456
9.61,0.07367889
10.707,5.0289083
50.967,20.98846
0.14,31.183008
0.956,27.782314
0.144,0.13141201
237.314,16.171358
19.767000000000003,6.7671957
3169.66,501.0334
0.094,22.06265
10.693000000000001,0.88236755
169.163,89.00322
0.61,19.985346
9.023,0.4543513
20.369999999999997,3.2014003
0.033,2.7086134
0.0,79.31454
27.353,336.3164
230.62,163.14154
9.177,20.095425
9.22,41.725166
10.049999999999999,13.086599
9.774,1.2792406
0.25,23.698805
20.41,12.955745
0.234,1.6325287
11.0,16.933493
0.0,21.19234
0.06,12.299603
0.16,0.1652973
0.063,0.89133847
0.03,0.112017006
19.817,0.33503857
19.867,34.120438
9.427,35.29147
19.943,30.301811
19.876999999999995,19.625616
0.313,1.3829268
9.097,26.480572
21.35,32.738277
0.064,15.501059
50.45,17.395756
19.716999999999995,51.65396
50.243,32.116585
9.103,0.16594744
1.33,61.64159
0.047,34.08588
7.923,0.8136616
10.523,0.9655838
1.216,13.971794
59.12,149.2574
21.25,122.66565
449.11,291.9275
21.197,88.2471
0.15699999999999997,0.16856603
0.12299999999999998,7.47674
40.246,793.86194
0.037,0.5444067
8.947,9.26989
20.064,31.787027
18.83,25.48569
9.437,27.219742
8.587,1.0205473
11.223,357.04187
9.566,312.61026
89.89700000000002,614.8927
0.343,26.541512
19.147,13.883397
0.31,25.438911
19.927000000000003,0.4403948
0.08,1.491562
0.19000000000000003,337.4368
60.15999999999999,74.11491
9.444,60.59066
19.3,13.939978
19.17,73.127335
9.697,0.72151786
30.666,0.13662025
19.387,3.1708145
9.903,70.39657
1.403,49.358093
20.447,71.28464
0.064,0.093606375
28.53,203.89796
20.027,0.5579938
9.394,34.274017
0.5,3.2632854
19.61,1.8037415
11.006,21.57366
0.5,270.07532
9.49,26.700232
0.893,0.6482236
99.94,1378.3016
0.14,1.5453751
15.979999999999999,2.3778348
0.14,3.3941467
80.323,165.29082
15.473,19.831709
0.344,1.3576161
0.064,1.270904
49.31,65.685524
0.063,0.0726773
9.13,45.48836
21.326999999999998,100.28063
19.923,1.7541752
9.747,4.470006
288.983,386.5794
10.319999999999999,14.28289
0.317,8.526137
9.497,4.9306455
191.217,245.82303
0.063,0.114676245
9.794,1.1994603
700.184,327.747
180.89,81.09951
230.23300000000003,67.93089
7.755999999999999,0.9923927
19.92,41.568684
0.047,8.796376
0.297,0.20500313
9.764,111.275
10.446,17.009687
9.004,0.66712147
9.0,0.14938647
0.686,1.7687238
9.974000000000002,7.815594
81.14999999999999,2.0722108
0.36,16.139992
30.285999999999998,17.767557
100.88,20.215086
9.87,1.4374164
9.95,56.188354
20.06,2.0139134
9.773,11.587765
38.96,558.36365
0.28,57.028923
0.44,18.554625
9.357,16.811241
0.16,4.180416
18.733,10.305128
19.984,14.666409
0.093,13.452182
15.487,1.6559876
0.093,0.39793497
0.11,15.435926
481.053,197.82442
1.08,7.545579
29.37,42.9991
39.877,292.51523
9.64,311.19443
1600.887,109.425224
14.72,0.015822506
10.184,21.060234
28.956,80.00428
9.927,2.9328992
0.923,0.16260788
0.443,0.7644213
110.197,97.11278
80.12,631.7995
1.61,73.74635
19.81,9.604587
10.077,92.70804
0.17,14.146449
0.267,13.1384535
0.39,35.513737
22.924,18.375477
50.29,5.3999233
0.534,10.898631
11.14,49.459557
552.24,149.94946
0.15699999999999997,16.581652
0.076,8.319957
0.013,0.22995692
18.94,36.5073
40.486,340.53064
190.263,337.13208
10.126000000000001,16.678848
0.12299999999999998,2.9797418
19.876,5.404812
280.127,184.26051
9.943,5.081097
14.063,0.83386016
0.9670000000000001,373.20233
301.273,117.91288
10.264,19.687082
10.95,56.026966
210.98699999999997,3743.5383
119.63,41.398457
0.67,113.62356
0.017,16.3945
9.72,0.64198345
0.033,0.12018277
0.033,4.4385533
19.507,4.522126
30.217,0.24828792
259.95,530.814
190.403,379.5794
17.22,56.612896
30.04,10.014574
0.14,150.34119
59.96,13.233415
0.173,45.80134
20.542999999999996,33.821625
302.933,326.89267
0.0,70.27313
0.55,1.3081744
9.18,32.09639
50.407,185.72604
0.143,0.18164173
0.943,0.015271978
9.487,353.24612
23.686,171.63066
17.643,1.0508004
140.564,41.069813
6.833,7.650641
0.11,17.801737
220.283,129.0306
2.096,26.417828
10.083,26.693008
70.283,14.109215
9.59,33.583508
9.663,0.4049005
10.107000000000001,28.983385
269.983,819.4746
0.064,22.899132
80.013,155.99449
9.903,30.631653
0.17,33.503456
9.254,0.9841218
10.357,35.15792
0.297,8.825585
0.017,10.5854025
3.323,5.95868
188.514,178.20184
9.516,6.5136905
1057.17,479.732
0.05,0.16296187
8.7,17.233294
10.29,0.44417655
10.399999999999999,234.6098
0.187,34.370052
19.603,79.4785
89.013,658.1303
8.893,15.31641
0.297,0.025750777
10.307000000000002,0.15652026
3.72,0.13315201
348.21,922.9617
30.062999999999995,23.094847
0.076,3.9438772
9.727,52.01682
0.88,260.8374
19.19,57.283394
20.44,84.69258
0.987,0.057671625
9.41,0.06285213
252.426,612.0556
9.25,14.602315
39.023,7.886079
0.0,27.701344
0.0,1.5589662
149.917,96.27697
20.047,17.212357
59.023,15.721664
11.204,13.049893
0.25,83.3258
1589.497,48.3593
0.297,68.89957
0.17,1.8667241
19.633,23.049719
9.726,46.088226
1749.83,128.27766
380.5,331.938
18.973,20.771456
281.253,215.00475
29.810000000000002,124.039055
9.927,12.599473
20.326,54.938145
251.38000000000002,3.2473614
0.97,2.2567513
19.363,103.81516
0.063,15.731357
9.787,34.537575
9.27,0.42658535
9.737,273.482
519.284,451.59723
9.969999999999999,18.849035
10.53,114.93674
0.03,0.021891331
6.85,39.113117
19.14,215.00133
94.56,958.95654
0.093,37.21043
9.937,72.383125
0.07700000000000001,41.71172
0.28,9.17538
9.03,1.4849921
0.11,1.2068943
39.697,1.0508004
0.267,21.211956
0.267,23.856308
0.097,8.589138
9.507,0.01551215
0.25,26.867834
8.853,20.383402
129.093,440.7316
30.593,21.456707
0.514,0.31571648
69.417,464.01025
10.319999999999999,27.31042
9.417,0.052895155
40.204,136.51205
15.317,83.53911
10.226,65.17457
411.177,165.75272
0.567,62.438587
10.14,6.6061454
9.903,13.5282545
0.204,1.7898793
9.16,41.73694
20.22,8.689118
18.716,18.696972
0.106,0.03374858
129.97,10.069456
109.047,371.76788
19.917,127.132545
9.832999999999998,0.07930019
9.28,39.333523
0.033,18.772219
46.037,21.692625
9.006,14.523328
19.846999999999998,6.446397
19.316,40.30744
9.397,4.986886
0.017,11.147185
19.34,44.987087
0.07700000000000001,11.710119
10.31,60.118874
0.173,2.506366
0.15699999999999997,0.055001467
8.443,2.0590267
9.353,0.07279502
11.727,84.234985
1.017,68.89634
1.376,25.26265
19.996,96.56644
20.687,33.62267
0.063,7.5319715
8.55,71.502594
9.267,18.65214
0.45299999999999996,1.0231442
10.237,0.14353758
60.123,0.55456835
159.983,750.53906
10.377,20.057415
9.517,0.008745345
1.11,0.15404004
9.607,0.15538424
0.08,5.5365233
9.483,16.933493
9.007,5.7769904
9.337,20.286411
130.287,88.48549
138.537,69.16472
0.094,6.260797
8.316,18.119766
10.156,30.439775
21.003,23.62616
19.79,219.6776
19.183,424.38907
10.77,6.5433097
462.723,554.2215
20.443,92.759125
0.22,8.681798
9.597,4.2307334
10.016,89.030014
10.963000000000001,7.4179015
10.603,19.1181
0.03,0.093606375
0.126,0.09499297
0.11,7.386775
0.72,16.591866
19.127,199.05386
359.46999999999997,35.034225
0.35,0.2737839
0.186,1.9118104
28.11,25.207678
9.48,35.781765
10.49,4.6918807
9.92,79.4785
0.267,0.6402575
0.627,360.27597
0.717,0.03687819
10.090000000000002,22.113379
19.1,203.78261
9.747,7.7642236
40.22,561.1463
20.03,21.32215
0.14,17.049128
0.956,34.478413
379.894,444.6865
50.033,12.621644
19.31,41.397873
0.11,4.754433
0.41999999999999993,0.5139196
0.15699999999999997,24.68927
1.03,25.800282
40.77,299.13068
19.81,89.9778
0.83,137.11324
2459.86,3151.217
20.227,85.87956
9.53,17.842783
20.990000000000002,58.98934
18.99,21.37353
895.527,246.97694
20.3,0.06354517
7.55,51.82405
60.326,7.6305037
0.237,17.584396
530.693,676.5699
0.517,0.23691122
23.923,18.55818
49.25,0.10260986
0.047,18.764078
9.946,0.59055966
380.39,888.84076
9.864,33.63913
19.857,1145.8307
18.454,4.880938
10.116,59.48366
9.74,1.8969913
0.013,0.084931575
0.19000000000000003,0.011754475
0.5,0.16667053
0.204,35.56839
9.287,0.33444095
9.62,16.972101
21.26,19.184008
0.033,0.06775356
0.017,86.94949
0.06,1.4454774
0.296,0.90831167
1.05,1.8079935
50.033,15.378927
0.14,0.8735872
0.173,23.03887
0.12299999999999998,0.50453883
1.08,8.929706
10.187,0.026217978
0.0,0.42309862
29.91,53.042793
0.064,15.066253
9.004,2.647763
0.45299999999999996,7.589732
0.267,18.808157
38.997,5.3580446
0.343,0.10675872
0.143,1.6022631
0.08,42.160053
20.12,29.082903
10.023,25.306063
816.9459999999999,410.7684
41.440000000000005,17.982147
1.8,68.64049
40.566,18.998163
1.203,54.716904
299.537,164.21312
19.8,52.80377
2201.11,560.8917
0.064,3.486578
9.887,6.2087603
0.156,14.726315
150.16,11.25124
0.046,1.8667241
0.046,6.3926787
50.94,1342.3906
19.954,603.5917
469.897,396.12497
34.587,28.464602
8.776,36.382397
8.927,561.4385
0.08,27.867552
1409.627,307.0678
41.797,14.638867
68.83,112.32633
0.7330000000000001,79.057236
10.397,8.708717
0.28,41.06191
97.01,20.150656
0.25,0.5618555
146.114,937.56696
19.297,58.50907
0.063,3.711182
20.227,0.12287896
19.27,21.41134
9.56,1.6610519
0.07700000000000001,25.065912
0.15699999999999997,4.744683
219.954,7622.138
161.033,230.31662
0.013,16.76423
50.217,6.3004246
19.574,16.331516
0.217,4.2163877
9.493,16.29608
0.393,0.00834439
9.483,9.096132
9.9,0.15721636
8.17,13.65307
0.064,0.19018386
81.95700000000001,311.7609
70.257,6.744875
0.203,0.10034307
19.72,8.191822
179.697,798.38367
0.173,20.728083
9.017,123.82072
9.71,9.024234
20.0,16.851408
19.92,220.23407
150.564,50.328594
50.49,92.005394
69.987,3.6890202
39.794,20.582165
9.617,0.19857463
11.187,68.33127
9.969999999999999,17.651398
19.027,0.071010396
19.669999999999998,507.41083
20.187,0.4054117
9.823,62.43128
29.033,68.980225
0.127,0.16856617
0.78,0.38624147
19.817,27.435125
49.917,35.128742
809.367,83.226524
0.267,29.520594
9.457,0.0965572
10.773000000000001,2.7641325
893.783,919.2855
29.99,32.60534
70.183,37.062355
0.297,19.073875
52.024,50.04811
1.017,86.33073
190.256,7.3464212
9.907,15.947181
20.123,26.349674
8.836,2.860214
20.07,21.649775
1.02,25.514084
149.673,59.676548
6279.373,2463.813
19.887,15.353219
39.417,140.00519
0.317,9.465982
0.17,3.380338
0.204,106.50211
0.25,20.85812
0.127,0.044554483
10.037,1.8665624
9.95,0.5359574
9.943,4.194547
8.24,21.001217
19.497,75.89542
8.38,9.754043
9.693,0.49669552
0.36,14.813503
0.263,3.0356863
1109.124,518.35925
20.233,22.06265
0.093,0.7141377
0.343,1.4636762
11.024000000000001,7.5766964
9.45,31.630554
0.457,4.3270226
9.36,2.5157046
0.454,0.0057326485
40.25,3.6685472
0.203,3.9682622
290.22,718.1748
39.9,63.7342
89.646,324.79703
0.63,2.561305
49.84,96.922356
770.96,398.68747
0.5,1.2214811
0.047,30.974262
0.927,12.7561035
0.016,80.02282
9.474,25.183052
0.07700000000000001,0.0549644
18.483,11.854803
10.95,59.85514
8.654,6.75873
1.003,22.219503
2480.883,56.224083
0.093,10.54731
43.72,1415.782
29.543,137.17503
10.027000000000001,0.54104614
10.77,1.6189107
9.46,0.77742887
0.013,0.83434284
29.827,43.73945
0.373,4.702384
508.83699999999993,244.48083
81.463,107.30442
2.02,1.0296928
14.843,22.113379
547.31,2190.18
0.534,0.6295522
0.06,2.1923673
10.057,103.59096
19.504,0.12431568
9.524,1.9886247
19.907,157.85878
39.516,8.963332
19.303,100.97924
0.27,28.63649
8.886,1.4454774
10.04,6.456689
0.88,0.020944789
30.57,0.23997103
29.717000000000002,55.368034
30.336999999999996,23.598433
9.854000000000001,26.879745
0.064,21.026718
29.76,5.1338024
0.457,30.9931
1710.08,251.60312
210.33700000000002,649.76526
0.107,329.98584
29.602999999999998,46.644547
0.07700000000000001,0.24286848
0.563,16.36311
0.313,0.10698315
8408.33,3019.6357
0.046,65.42918
0.873,15.421467
221.013,11.238481
0.03,4.705071
9.38,16.255978
29.940000000000005,63.99414
37.537,23.36602
8.753,22.216156
11.047000000000002,0.2672467
179.30999999999997,30.530895
0.0,53.227806
79.79,1447.1454
19.46,25.75984
4.253,69.07525
0.547,36.19835
10.073000000000002,31.183008
9.077,115.14602
529.423,561.3915
110.397,229.79613
19.96,77.43949
9.18,18.359072
30.13,108.588615
0.0,0.108411066
42.673,367.03857
0.467,0.3284155
0.317,22.106697
0.22,293.94336
9.75,22.020618
0.377,2.4262435
29.317,63.849125
620.593,250.6337
1.063,74.998405
1810.537,532.3815
8.677,1.191304
39.987,17.236809
9.493,23.837488
0.033,10.960264
9.56,2.9303024
7.037,9.234172
9.373,27.31042
10.5,72.66228
9.243,8.870213
160.837,137.86906
690.58,497.10376
19.237,52.242325
0.046,11.052789
9.64,1.9190658
19.747,21.765953
0.203,2.672769
300.804,199.47156
19.939999999999998,1557.6306
60.807,95.238365
78.566,15.993491
0.03,0.040523175
3.047,52.21629
30.137,91.26533
5.48,38.489098
0.33000000000000007,22.48756
0.3,0.87262213
10.266,86.72547
9.04,0.6566349
10.503,17.450483
40.144,18.934137
10.963000000000001,24.688372
19.744,19.160437
79.78700000000002,80.32595
19.03,16.05721
30.013,1.092395
9.34,0.14032812
8.994,47.003326
1244.233,503.65796
40.44599999999999,8.614603
11.75,91.58333
0.676,20.879864
0.19000000000000003,0.66712147
20.533,274.17215
69.8,40.12753
0.457,2.2857742
10.427,38.406914
9.377,5.109511
109.94,302.86005
109.82,1588.2378
10.41,15.613923
9.803,6.4505486
0.063,5.1152287
39.77300000000001,30.998905
0.06,16.135525
0.423,1.3193585
14.67,23.324331
10.307000000000002,68.93653
0.423,18.32545
9.993000000000002,182.35966
1081.197,1467.494
0.17,10.226075
29.876,41.901047
21.254,0.20562482
9.806,300.5934
0.0,3.0893269
140.01,627.221
10.452999999999998,14.5616
99.433,704.9264
9.687,0.79701155
493.09,200.09697
8.483,0.42072704
0.064,4.5309653
0.39699999999999996,0.014123084
9.443,6.9461484
9.396,7.206127
8.933,16.156454
0.11,0.33444062
0.53,1.5736071
60.62,69.36844
30.33,27.955124
27.667,12.662189
159.287,193.0166
20.064,89.9778
0.07700000000000001,1.5909715
0.14,24.275246
30.53,90.466606
0.217,19.777952
9.277,0.7391992
10.763,9.493523
40.113,36.952904
0.41,0.07930019
0.33000000000000007,12.862384
0.047,1.3260908
8.94,0.05885623
100.276,0.97414577
30.064,0.045967385
0.55,104.09074
30.287,112.47897
99.836,210.31181
9.36,20.850061
18.03,0.742532
20.457,3.3330677
9.643,26.3042
9.373,46.32655
0.363,32.136284
0.36,0.02337286
20.517,253.0163
99.47,59.619797
29.013,76.99717
30.53,5.747442
20.71,12.774054
21.426,34.720047
9.987,21.243765
60.853,870.4399
8.94,2.1071472
0.15699999999999997,14.887439
384.997,224.34381
10.165999999999999,30.41607
20.227,17.285912
10.626,31.309095
9.41,1.0169274
6.85,75.51374
752.61,74.925186
41.277,187.66872
0.393,0.34052044
161.45999999999998,323.06174
19.563,32.750946
0.0,1.9174304
0.186,3.9833477
29.976,4.4923067
26.093,10.518199
200.7,171.68155
20.766,19.62979
0.797,18.723307
19.88,69.72113
30.167,31.342945
10.82,55.129395
0.7500000000000001,7.7436275
29.973,0.40299782
11.08,57.53427
0.12299999999999998,5.5382442
28.81,46.97396
20.146999999999995,9.874336
8.743,0.03297163
39.513000000000005,0.29764944
29.576,4.3270226
0.08,17.720661
19.383,4.660334
0.36400000000000005,1.6022615
0.093,0.0290258
50.337,14.883082
0.173,12.7561035
0.093,3.7300608
29.872999999999998,16.733027
0.17399999999999996,30.66644
10.827,56.753708
0.22,0.060436223
9.44,10.497449
19.206,16.091715
0.187,21.765953
40.587,68.932724
9.363,0.65100265
39.987,12.434381
9.92,16.893856
0.283,16.892399
41.173,32.12219
631.224,1978.938
0.047,17.556166
9.91,15.917518
145.967,174.51183
2450.067,965.41595
90.266,337.63007
0.11,2.408941
10.433,116.653015
29.597,10.527338
20.05,68.490616
0.17,8.313525
0.15699999999999997,1.830793
21.353,101.72557
19.553,113.62362
0.374,88.9341
21.61,7.4484406
10.107000000000001,16.076794
0.03,12.690736
110.05,35.148724
257.037,75.7502
0.61,17.429642
9.877000000000002,117.57251
0.046,6.341565
0.173,17.095762
9.846,24.614975
9.923,0.84014523
42.01,84.5181
9.56,12.718107
10.227000000000002,65.329254
10.703,10.062938
70.093,75.43138
8.87,38.54646
159.29,146.9922
60.31000000000001,102.46478
9.557,31.627626
0.07700000000000001,2.1765006
9.083,27.96138
20.14,172.94563
98.663,28.716396
3.894,2.205896
19.027,22.119026
0.203,55.11304
28.98,51.581676
0.203,294.6465
8.763,22.820292
49.427,308.9923
0.127,99.70618
0.03,0.593323
21.550000000000004,16.33086
0.717,2.984126
0.25,0.13414887
40.613,13.291472
19.846,23.139685
78.3,588.9889
0.41,0.02898044
0.36,37.219563
320.487,435.206
0.063,5.0758286
19.756,17.006323
80.174,34.024406
0.28,21.922256
0.297,0.4936153
0.0,120.04727
9.406,5.376551
19.81,37.952473
1.674,36.972275
20.973000000000003,73.90835
0.15699999999999997,4.719207
9.813,38.311455
90.34700000000001,80.85908
21.056,59.76225
18.11,34.282494
39.314,23.80956
10.66,145.98993
0.33000000000000007,231.30539
1198.884,64.29227
19.333,138.87567
30.203,73.59613
0.267,6.7770314
39.037,76.42177
0.063,0.46571174
9.36,1.4849921
11.144000000000002,40.49188
28.38,37.48984
10.094,15.350153
300.087,42.41719
0.33000000000000007,5.7765
0.49,0.2241192
0.577,0.014861388
0.283,0.09609843
259.603,411.11206
19.347,161.77396
139.624,311.7928
50.04999999999999,29.104563
19.750000000000004,0.4365811
9.346,28.606186
0.063,1.3392547
19.95,1.4576409
10.76,0.7932278
11.183,2.3922617
0.186,100.18566
0.3,13.612256
1580.024,296.60605
99.59700000000001,29.697853
9.274,40.71764
9.533,42.772346
41.004,3.562408
10.23,0.60857755
9.757,37.831474
20.097,23.757923
118.65299999999999,139.0512
9.52,72.73671
550.057,1094.8641
9.873000000000001,11.435235
0.627,0.0468551
699.93,435.66867
1.08,35.29322
30.72,31.285387
0.46,0.60271806
0.22,0.13340992
70.08,9.148074
10.196,49.92069
0.076,14.536619
70.237,33.277466
7.974,0.2617982
28.66,0.05526099
19.614,19.225618
0.14,10.533835
19.09,0.039022554
0.33000000000000007,0.90187085
0.7669999999999999,19.863682
0.704,38.195663
0.97,0.013777251
9.423,18.26954
39.607,1227.2233
0.173,17.506016
10.063,34.979275
0.063,76.65221
0.22,3.6023414
81.263,255.98772
10.194,0.024400027
10.037,15.091608
481.6770000000001,94.93865
0.203,0.9920606
0.846,0.056897625
9.156,0.8045413
310.28,2964.478
10.267,0.05953098
20.103,10.431663
2389.797,1433.3312
20.977000000000004,0.007434043
20.086,21.975592
848.794,274.96457
0.186,0.593323
49.987,18.611559
10.06,0.74778855
0.097,1.9174304
20.529999999999998,0.42712155
9.464,0.068358324
16.284,63.11419
9.393,11.793365
450.96,594.1579
30.683,15.765963
0.503,6.2954698
19.147,46.55367
80.293,1.728757
10.477,13.72831
20.253,88.956985
72.194,102.47159
49.933,154.23303
1.017,26.02582
9.8,16.389784
9.294,68.98978
10.52,22.3912
29.223,9.401142
60.144,4.1972165
130.073,8.077389
9.457,25.98604
20.73,42.771976
0.483,5.7769904
9.72,7.7337766
0.063,7.3746705
9.853,24.204086
28.033,7.0722456
0.22,26.520489
29.872999999999998,38.23269
20.023,218.51315
58.673,190.47382
55.12,14.60872
0.047,2.445626
8.664,0.42482257
15.996,48.048286
19.547,219.26347
0.20700000000000002,57.805256
110.83999999999999,295.27872
19.56,3.029645
90.573,242.73279
0.22,0.12556954
9.26,34.88258
20.133999999999997,0.5782494
20.03,15.686654
19.813,25.894674
10.03,39.828274
322.293,3889.8896
590.03,15.269792
0.874,0.34870732
0.03,164.71341
10.224,36.65566
1.19,87.313515
90.367,14.984839
220.26,42.624264
70.41,47.647575
37.373,180.41917
10.283,17.170185
9.28,17.532415
20.0,10.5854025
9.96,9.723309
0.076,0.215444
19.914000000000005,652.85254
0.7330000000000001,15.061047
0.92,96.522125
0.07700000000000001,0.051192258
1.25,11.340257
29.9,6.931415
18.087,25.79578
10.06,0.017340606
59.779999999999994,708.02313
0.233,314.25842
9.84,21.813612
9.04,2.521731
19.606999999999996,1058.845
0.0,0.07545488
0.25,14.361625
9.793000000000001,9.425403
10.399999999999999,1.487183
9.77,15.399974
10.6,158.55202
26.987,29.92796
168.883,145.09206
71.913,128.29051
20.33,0.89560646
20.246,26.237698
0.233,0.39793497
0.204,0.039161135
220.994,174.8518
0.11,45.48836
79.637,10.509778
10.694,6.1029835
9.093,0.024457807
10.233,15.026725
19.733000000000004,30.483578
288.186,175.32938
8.82,0.68123984
0.17,0.3943802
81.007,178.22308
241.093,313.06992
20.73,24.746847
59.05,21.903854
40.007,0.38164845
139.66,56.614964
21.084,0.37741885
219.78,97.45258
279.694,212.31369
175.753,306.46295
0.283,5.2725725
9.214,0.030207515
9.7,55.786037
18.096,339.0006
2929.94,565.8204
59.99000000000001,53.53292
0.233,9.252848
0.047,1.0515503
0.19000000000000003,0.033904646
9.456,65.25993
19.287,79.55921
248.177,2034.169
0.017,2.561305
0.046,112.63343
9.777,23.31653
10.957,83.03854
19.617,130.6529
9.18,1.8667241
19.952999999999996,30.256046
0.7500000000000001,16.139992
0.08,297.7227
10.553999999999998,74.08613
8.46,6.0895557
0.017,36.676147
472.877,127.72929
19.787,297.30035
19.783,121.34944
19.337,1.1627299
0.127,0.074650526
18.983,174.90068
0.144,115.26577
8.336,13.344736
19.373,54.11194
853.6440000000001,1563.5363
9.304,4.393094
0.017,0.69430834
0.097,19.952436
20.04,2494.2107
0.25,28.238651
0.06,0.52826303
599.616,99.62198
10.126000000000001,52.3614
99.436,509.0309
189.7,535.0538
2200.147,429.8193
9.536,41.88471
210.653,1050.2894
0.033,22.157524
190.066,745.1376
0.33000000000000007,71.10554
0.45299999999999996,5.8177
12.303,22.200089
0.047,25.803574
122.047,18.696972
0.127,1.5617635
12379.582999999999,13540.365
29.69,13.36632
0.013,13.885617
19.859999999999996,5.3819423
20.112999999999996,164.52919
229.626,20.368002
0.763,44.7253
0.016,39.747227
1.98,3.4314451
0.0,14.029998
20.367,213.90515
19.910000000000004,269.36642
59.833,130.88205
80.013,218.7647
19.803,12.320623
0.313,40.510597
0.96,0.6711193
0.15699999999999997,6.5629616
0.8129999999999998,48.624928
0.127,58.082005
0.017,0.5539816
90.73999999999998,87.844376
20.807,27.78729
19.3,0.10360998
9.587,68.70999
1.094,7.4484406
1.58,0.3622165
19.093,0.31906232
177.997,294.2215
19.653,11.124021
20.263,33.44961
0.047,29.73781
9.817,9.988573
0.407,0.025568228
0.013,5.8566327
8.77,68.64049
0.047,0.24749783
19.177,34.853924
9.14,39.747227
8.66,0.052814055
6569.907,409.09293
9.794,18.95477
17.703,23.311464
10.956,0.7224053
0.44,0.1385312
0.737,10.344236
0.16,0.64198285
0.076,72.915276
19.863,60.313026
0.203,13.6878805
349.946,395.72968
9.873000000000001,1.3081744
40.32299999999999,499.5412
40.93,30.916569
0.11,9.495777
8.927,0.42482257
29.793000000000003,156.48697
19.973,126.1089
10.37,13.394985
18.99,73.85672
10.737,6.8067436
0.07700000000000001,24.308537
19.893,4.294831
0.12299999999999998,12.916181
0.396,8.00202
8.047,17.412628
10.29,6.573583
10.003,73.05803
10.807,19.199934
149.557,23.87373
2239.153,220.24315
10.313,36.79186
9.403,25.327812
1269.3139999999999,184.70305
0.15699999999999997,10.971589
10.034,109.6513
0.33000000000000007,2.4322593
259.803,309.25458
1.956,97.97617
19.813,299.93036
1.4899999999999998,63.094
34.07,54.585293
0.187,1.4904171
9.716,2.355984
0.297,17.774359
7.703,1.491562
19.69,434.1008
9.01,11.702084
30.35,0.63275135
41.266999999999996,717.0335
0.017,2.292157
33.407,37.050205
19.767000000000003,29.629866
89.383,22.614073
38.837,65.93857
20.014,12.0318365
0.144,0.3546329
9.993000000000002,5.3091702
41.21699999999999,268.39957
0.393,75.29099
10.165999999999999,131.77165
10.004,47.41979
139.493,45.485332
90.283,50.115612
534.873,101.84717
11.687,51.262318
0.19000000000000003,1.5732815
0.326,21.874454
18200.723,685.9073
9.046,2.9032836
0.5,16.708757
9.67,27.536125
0.186,0.08770834
30.27,6.615171
0.046,0.33503857
20.064,8.472943
9.5,71.502594
11.063,75.159775
539.017,320.37564
0.344,8.296105
89.56,108.69454
0.204,0.3627136
8.993,34.24971
0.127,16.969303
80.813,25.938223
20.967,0.03848871
0.237,0.0114003485
0.52,15.550007
20.19,634.86444
0.14,0.659859
229.334,180.06744
9.43,26.173775
20.19,0.33175358
19.47,21.691145
27.627,133.78218
9.969999999999999,23.929932
9.257,4.373821
437.5,152.42778
9.497,8.01031
19.78,47.82186
9.034,7.9705625
9.573,0.40025046
9.756,0.029991623
0.737,10.610947
0.223,0.38774318
90.493,66.930405
21.550000000000004,15.716097
19.66,60.156204
8.946,0.9771276
129.95,351.27628
9.07,37.253178
20.06,122.0662
22.054,23.369997
29.017000000000003,0.17526437
2.033,0.35720202
9.427,0.050747976
349.0,301.48172
0.064,0.1109006
241.02299999999997,342.7348
9.837,47.97514
0.33000000000000007,0.043194477
30.41,282.3304
9.71,92.00006
9.36,3.2355807
8.467,40.282696
378.56,174.37207
9.243,13.474822
9.246,0.07539317
19.777,58.514557
20.833999999999996,16.147863
149.5,550.2756
780.494,1963.812
48.536,21.06411
121.74700000000001,291.0947
10.017,9.164442
29.52,5.717216
0.107,0.51872134
9.417,2.2075438
50.10300000000001,23.178377
0.063,7.64733
39.91,99.95123
9.849999999999998,32.34413
9.433,9.1754055
95.57999999999998,185.89032
9.407,5.7337246
37.81,149.80656
121.303,303.8814
17.206,73.847015
39.657000000000004,180.32455
87.973,336.73566
319.493,289.50323
8.92,4.9452095
0.283,3.6195447
0.377,0.23403458
0.093,1.6023562
98.943,134.49442
0.347,22.583305
0.05,0.14706932
8.223,3.6292737
20.413,44.90888
89.72,130.1043
6.662999999999999,22.60262
1599.827,1080.5836
1.877,16.386843
0.08,11.189683
17.103,41.918472
8.783,14.130358
0.127,11.551121
59.49,923.9556
0.047,21.380556
19.813,127.60598
19.08,14.327794
1138.83,451.37305
0.41,0.04459546
140.054,18.75205
40.59,51.486156
9.91,6.316117
1390.1640000000002,276.50717
100.31,558.55743
0.08,5.5821757
0.8,0.04918241
9.42,1.3999981
0.12299999999999998,6.3888946
8.443,43.422897
50.08,24.2059
40.217,16.94105
0.513,26.6703
0.237,0.017855654
18.873,93.77234
8.96,3.3941467
0.127,19.927002
0.423,3.8030994
220.043,80.96434
0.954,9.594638
9.584,11.512564
9.28,2.8101678
139.69,358.69077
0.454,66.10566
75.4,319.13504
9.98,0.017340606
1159.616,1594.2037
220.04,322.70587
0.656,350.671
0.236,21.798916
20.24,53.645687
0.33000000000000007,20.079407
0.2,16.386843
40.18,60.415455
130.24,45.20181
116.973,423.1043
70.024,63.111355
10.037,13.217124
9.063,13.991675
0.237,160.63475
9.363,7.8893805
9.003,61.94365
0.27,40.678326
16.887,219.06404
10.837,0.5618555
10.102999999999998,2.7261462
19.51,206.96071
160.503,772.50574
9.35,3.0119696
10.360000000000001,3.868824
8.983,35.513737
10.02,0.6725717
0.517,1.5451938
0.437,15.443246
1160.36,303.38782
329.816,110.65406
0.03,15.457152
39.09,166.45222
0.19000000000000003,7.303461
9.37,23.45945
10.14,18.836807
0.173,3.2782197
9.006,41.320152
0.06,8.908226
60.533,280.95926
0.12299999999999998,0.20925246
0.45299999999999996,20.178411
19.590000000000003,36.270386
0.423,0.16889735
18.817,0.013552057
0.153,0.028179226
23769.246,3342.7969
0.063,10.362529
9.48,28.478262
0.13,4.3883166
0.063,2.016725
0.097,30.54773
0.047,46.205658
0.313,18.33179
0.12299999999999998,6.97778
0.144,10.04784
69.58,6.581348
69.926,5.8199186
83.77700000000002,28.250078
0.466,130.85985
0.144,0.53985864
428.76700000000005,877.15845
0.097,2.0614398
19.986999999999995,21.765953
29.817,64.912415
9.06,1.1126382
9.616,1.5617635
9.987,53.80687
23.567,193.26894
0.58,21.649775
9.55,0.022695445
0.39,0.05069051
10.017,135.87708
10.360000000000001,28.564178
10.17,29.94611
79.58,303.26538
19.634,13.573922
0.653,13.939978
0.07700000000000001,3.486578
19.067,368.18622
0.204,20.099867
1.9829999999999999,325.151
9.94,19.541021
40.44400000000001,11.677774
9.387,0.011840432
10.319999999999999,3.7081852
9.583,1.7032989
10.057,55.163372
10.319999999999999,45.936817
9.78,25.75056
10.51,20.692865
20.417,28.885912
9.217,32.75201
10.077,52.280273
0.58,0.60857755
10.734,26.34489
10.004,12.667829
10.51,0.009433546
49.54,8.038282
21.203,199.98412
19.516,2.111049
0.81,40.39157
0.127,26.305285
48.836,26.158577
9.303,123.82007
139.803,25.693954
960.133,1231.6836
0.063,4.8931384
11.05,20.423506
21.863,58.618015
19.87,5.1655235
8.97,0.09536186
8.607,0.036883183
20.046,25.202345
20.023,6.3693137
150.26,117.245186
20.603,15.277162
0.28,1.0713556
20.180000000000003,309.11792
189.937,2234.5518
0.093,30.841797
50.867,24.717237
5.17,101.263695
0.483,27.10372
10.473,15.691216
0.047,1.9174304
10.435999999999998,28.290733
239.49300000000002,1414.5479
19.657,187.65118
19.617,98.35411
40.047,367.85126
0.0,1.5176497
0.22,19.78111
9.96,1.2528559
0.55,23.482727
9.22,8.208523
0.297,106.049614
200.02,198.51662
11.093,19.621286
0.127,0.3055098
0.313,4.373821
20.507,0.26779395
11.07,5.099075
20.357,22.058783
0.216,35.982437
8.837,38.422085
2779.307,1358.9178
10.043,12.610254
10.037,0.09166071
10.213,4.6241207
9.663,67.87139
0.7,4.987846
299.516,194.73871
9.01,59.362972
9.34,0.12809551
9.61,35.677525
0.703,0.25942242
9.566,35.937
0.15699999999999997,2.224473
340.03,178.99991
19.697,53.704735
20.09,99.59541
58.9,135.15367
0.11,0.7738576
68.92,343.88156
29.95,15.258256
9.38,12.352509
19.4,142.86453
9.25,1.1657562
739.763,386.87286
70.127,6.289524
20.183,56.68934
0.22,77.98162
18.977,1.0876361
0.14,0.88280874
0.033,22.874722
30.19,42.74817
0.017,4.05782
0.173,31.344364
0.203,45.968285
10.496999999999998,10.431663
39.016,137.11324
0.013,12.230217
9.25,34.094715
19.857,259.86694
11.236999999999998,80.50182
0.407,8.514651
171.06,338.69717
9.05,0.36851642
369.916,378.58707
10.027000000000001,524.7095
20.763,0.041102424
9.44,10.306345
0.063,12.774054
9.107,25.729645
19.969999999999995,21.210619
0.033,2.0990968
239.763,1049.5898
0.22,7.3889723
8.793,0.037512556
10.22,14.130348
492.08699999999993,230.65897
8.71,67.346794
39.933,15.137795
0.547,1.2626193
39.127,5.9058356
0.064,0.0077578686
67.297,103.92248
11.05,0.14499125
19.886,0.5567623
40.85300000000001,6.1622257
0.563,0.40163428
10.045999999999998,0.01821517
9.993000000000002,7.6439695
790.137,674.29285
49.064,872.35675
160.153,57.171455
140.356,18.056
0.127,0.40163428
0.12299999999999998,0.09028406
1.347,1.3338209
29.87,135.94347
0.284,13.164607
9.717,42.772346
1.576,33.55076
10.49,83.28599
18.987,28.86436
9.456,1.9527737
10.387,0.1565259
9.547,5.125771
69.814,18.03767
10.447,0.5490466
40.66,15.070102
129.336,158.32054
29.893,20.26028
0.267,0.14995041
10.14,21.691145
8.996,40.282696
24.933,18.522902
20.933,412.1236
20.05,66.186935
0.377,19.499603
59.977,8.448887
10.573,0.10652064
89.11000000000001,184.09381
0.0,1.8520851
19.74,56.753708
0.11,5.2991505
9.456,4.3476524
0.07700000000000001,2.4553187
0.737,72.52203
0.03,0.3823753
10.090000000000002,48.491814
89.80699999999999,1.1109577
0.25,193.53363
0.593,28.16163
0.313,0.7386708
0.017,1.5736071
19.96,50.83675
9.773,9.742732
714.15,82.120415
19.513,84.181
9.76,128.9856
0.25,0.27759984
5.953,38.489098
19.939999999999998,841.48737
10.123,19.046135
9.73,19.967485
0.28,74.68997
0.076,9.398229
0.407,1.8871486
9.42,0.030287215
39.173,4.252161
30.26,12.247964
9.58,14.335574
0.14,0.09499297
29.937,128.4744
630.9239999999999,174.1666
0.33000000000000007,5.4133635
19.057,0.009359428
0.39,15.829681
0.424,0.3627136
199.707,976.37
0.08,21.311846
38.554,28.402954
29.964,100.10753
0.046,2.8922358
120.737,9.242355
0.716,4.8467937
30.032999999999998,164.02876
1.076,3.3749528
0.343,27.501982
9.843,0.48541367
0.343,1.0335435
130.954,23.868307
19.217,2.959
0.41,40.561398
70.776,337.00113
0.046,5.806355
0.14,0.05909407
10.157,37.952473
9.964,301.5353
9.703,9.3832855
8.377,56.7101
39.847,89.83052
9.403,27.03077
10.440000000000001,40.557884
0.97,2.445626
49.987,235.91576
9.56,25.210358
0.143,0.3622165
29.86,0.30924755
29.13,352.34186
20.38,32.75201
50.67,31.162409
20.217,51.017754
19.9,47.046036
0.766,72.87646
9.577,10.347751
20.007000000000005,75.3348
1.576,4.8064485
29.147,472.853
10.16,15.167554
0.063,0.9432597
1.613,0.113199584
29.970000000000002,43.23163
0.564,38.422085
0.047,13.469414
0.15699999999999997,6.456689
0.0,1.7187966
29.940000000000005,35.81795
20.313,47.652252
5.646,24.688372
570.967,2144.5256
0.237,0.012049255
0.77,0.050413456
5.274,157.06018
0.013,16.21175
0.36,0.11122312
9.774,0.7644213
8.107,58.7388
0.297,0.8045413
9.404,2.9134004
1441.554,697.4095
20.056,51.028522
19.733000000000004,122.0234
0.393,13.671268
0.076,49.220676
10.42,1.9739966
0.27,6.3926787
0.7330000000000001,16.262936
19.343,3.8375475
0.047,15.757728
18.47,10.632322
39.113,16.28214
19.02,15.023992
0.013,3.6507213
21.65,9.406459
0.817,7.093047
0.39,265.8959
50.166,51.395912
9.62,18.97262
19.677,14.916612
60.427,437.19977
9.117,0.014861388
0.28,36.090992
0.093,0.36209735
8.323,1.0442942
10.3,25.41139
1.24,237.34827
10.199999999999998,8.927042
86.89699999999999,66.70738
0.063,20.987719
0.407,25.98604
79.11000000000001,1318.157
9.153,5.332565
3.766,28.109745
29.553,24.172964
10.480000000000002,0.13044657
20.044,22.671642
30.456,196.52066
856.393,8.779836
39.987,95.652626
29.427,4.263583
0.313,15.65735
20.546999999999997,19.542763
9.42,0.11364426
69.003,223.01335
0.05,23.95031
9.003,28.019129
19.113,4.373066
98.61,32.26717
0.064,0.64816606
10.17,1.6850586
2.5030000000000006,0.054129034
20.227,109.4345
0.143,1.049964
66.103,6.994693
10.163,2.1381762
48.917,250.67609
0.267,0.071039386
0.034,30.353628
9.866,4.264404
9.62,15.896712
0.22,0.04267883
20.207,17.192331
341.7900000000001,103.57322
8.987,3.9371548
9.906,25.191074
20.36,75.67284
0.034,2.8382385
0.047,0.1860464
11.103,33.369484
8.566,88.555435
9.304,7.3525677
119.846,187.45807
0.297,0.2227238
0.153,42.860004
0.25,0.037512556
1.847,46.96976
0.0,84.698875
0.097,0.65100265
10.26,0.870359
18.06,0.03717934
10.130000000000003,62.232246
19.68,3.9473236
30.057,20.956915
5.180000000000001,74.75387
8.95,23.000124
18.713,5.448542
180.797,190.7528
10.23,526.8187
9.234,0.043989915
0.093,0.09936833
0.07700000000000001,0.20341419
70.844,13.6055
0.237,4.088161
119.674,288.69653
30.407,20.219595
0.31,9.660804
10.033,12.9584255
7.92,0.020897664
0.11,46.74467
9.367,20.593527
34.027,1328.7584
0.034,0.40596455
0.734,0.7224053
19.003,16.362019
9.494,12.996134
9.577,10.473288
9.647,5.5054727
19.244,0.03461618
0.937,2.9377248
10.107000000000001,20.024754
9.667,5.524472
729.6529999999999,215.2115
9.813999999999998,0.93273944
11.94,55.696884
19.507,1.6736897
8.887,17.827023
9.456,16.697187
0.03,0.8402815
8.77,0.18872079
0.597,11.611506
8.877,1.5589662
0.0,17.664932
9.437,43.709835
0.22,9.334885
129.413,147.48393
19.434,822.4436
9.107,123.39342
149.29,852.0146
19.617,5.517698
5.280000000000001,0.015822506
160.063,167.12936
370.647,724.65826
210.486,128.31761
18.5,303.76318
269.873,35.17622
9.849999999999998,7.183242
59.744,487.4202
9.68,15.751638
1.033,0.03749475
29.993,72.845215
8.987,23.481653
0.9569999999999999,0.016435444
9.74,1.5465604
0.016,0.07757239
9.957000000000003,61.067886
39.483,0.27784193
20.127,166.32317
0.25,1.3132893
109.97,72.909424
29.867,8.613774
9.98,12.846588
0.914,1.8678997
1.127,28.167994
9.523,13.779329
1036.917,1698.248
10.754,0.13340992
9.946999999999997,0.064477086
0.437,2.642227
0.267,20.828579
78.23,219.99599
99.234,113.66026
70.763,15.939755
19.910000000000004,9.101252
59.79299999999999,28.760984
9.9,129.20459
389.174,99.02303
189.647,17.81301
10.127,1.6844095
0.187,90.83721
10.177,2.4727023
240.40999999999997,16.21688
10.377,3.3894858
10.076,56.338467
9.55,11.681894
40.413,0.5315387
40.233999999999995,149.51875
0.047,3.6195447
0.016,8.232672
0.127,82.85351
0.343,36.41312
19.976,33.95398
10.797,289.93362
19.87,8.315571
40.233,11.119408
0.08,0.46322367
10.0,121.88828
0.22,103.500145
7.727,54.616314
9.303,31.717403
10.03,8.665515
19.1,35.656075
601.067,58.15769
8.417,372.5577
21.627,6.7150745
19.73,0.13957684
80.183,81.72313
9.98,30.065405
1.166,0.09166071
9.917,0.20500313
0.0,27.622034
0.153,8.416115
8.58,21.476595
19.667,434.84344
0.03,56.359097
49.947,34.019638
0.17399999999999996,82.3284
0.596,1.6682336
20.49,19.827871
19.513,87.93735
0.563,1.1425456
19.863,162.07732
269.77,839.1852
9.636,4.6007304
49.827,91.39373
0.08,7.081883
0.33000000000000007,12.7561035
0.67,26.279652
59.97,30.0335
9.827,5.8790193
150.09,17.604113
9.45,0.008750644
0.927,19.77833
0.4699999999999999,0.059035663
0.7500000000000001,0.02372092
10.223,50.476074
0.03,15.381326
8.987,80.22823
19.16,58.7388
10.504,0.23785503
340.27,342.23712
0.14,0.77449095
8.2,73.92844
0.11,54.702023
0.8129999999999998,14.4032135
18.966,16.691442
11.603,34.54971
359.18,93.03764
0.5,83.584175
10.744,1.9421715
151.977,102.96982
0.047,21.649775
9.874,4.8931384
0.594,1.0848714
61.022999999999996,288.82297
0.046,17.100006
9.357,5.863254
50.123,3.3377588
57.307,128.10431
0.03,2.0951912
40.13,6.522753
19.667,44.19969
9.58,0.478507
59.347,177.3326
0.097,0.06717733
10.363999999999999,0.65699255
0.647,0.41589493
2.016,65.10194
30.18,4.2065043
1.016,13.217313
292.55,5.360789
0.013,0.11023009
0.12299999999999998,105.42245
11.283,38.83833
9.383,12.654128
11.173,75.51374
18.44,6.4130034
29.083,309.22092
19.474,53.420033
310.316,189.62566
0.07700000000000001,1.0860224
9.653,4.101183
9.533,0.2183991
9.863,16.761124
9.087,0.08872665
29.47,121.57915
39.99,8.075155
0.4699999999999999,0.34855735
40.173,28.197617
49.823,22.04452
0.047,9.504562
0.63,1.3081744
20.157,6.0909038
0.076,2.2857742
18.233,0.1673707
561.913,86.264
23.924000000000003,241.11172
9.723,74.38023
19.867,100.381134
0.22,2.1369572
22.783,4.886378
19.303,3.8055599
9.413,5.229781
320.18,1313.1525
170.877,183.86761
10.11,17.009687
10.47,15.816339
1.4069999999999998,3.4816906
0.267,20.71021
4.33,0.322682
0.063,16.536654
29.223999999999997,30.304579
20.23,212.39288
0.02,4.705071
19.669999999999998,27.189875
1.203,31.539492
38.206,1978.1731
10.22,0.6177921
19.87,1524.7305
0.45299999999999996,0.6654777
0.03,19.010801
10.113,5.8111954
1.097,0.27195293
0.15699999999999997,2.978699
9.933,19.422043
0.27,73.91778
9.683,56.061703
39.447,41.324795
0.25,95.78946
9.734,1.3249393
18.873,31.626616
0.33000000000000007,0.021710468
19.454,42.772346
360.0,658.5736
70.417,4.613716
0.0,4.591478
19.823,7.7622857
8.75,17.853638
29.197,32.488575
0.297,0.01401617
0.11,50.987347
1.5930000000000002,20.900589
10.257,1.8859396
20.187,41.653584
10.737,39.54809
0.36,0.46322367
20.054000000000002,63.964256
9.483,12.000619
9.503,53.423084
8.457,8.022035
8.244,47.059494
19.973,24.271423
9.937,14.145276
1.516,0.6177921
70.783,78.76597
19.567,203.27597
9.373,41.879158
0.266,40.71764
9.62,22.884829
9.81,9.569752
1.66,0.024649536
279.95,84.28458
4.73,4.602257
119.11999999999999,39.77151
0.267,44.90888
0.127,0.09547788
9.307,0.18895636
0.034,82.24074
9.89,4.038064
0.047,15.218116
78.683,264.60834
0.237,0.011840445
500.20700000000005,225.2944
19.794,0.4969736
0.757,0.010568688
9.51,74.29418
0.327,1.0585552
0.047,1.1657562
60.757,11.276946
0.017,2.4843216
0.58,0.06911927
9.213,1.1112862
51.42,24.181593
10.867,1.3592017
970.7329999999998,344.10825
40.05,428.5517
0.237,7.081883
0.203,0.8203284
19.83,5.836357
50.06,7.3463798
54.344,0.09029656
21.223,17.827023
8.434,0.098933265
459.623,344.72104
550.61,185.1305
30.7,0.74575734
0.076,1.4636762
0.08,3.9388187
0.17,37.361668
341.737,360.48764
9.44,1.639562
10.010000000000002,0.28501037
0.063,2.2058938
20.367,39.762
10.513999999999998,2.982906
0.07700000000000001,25.230509
30.183,0.5073896
9.694,12.785009
19.52,56.725494
0.14,1.7590568
7.776000000000001,10.306345
0.203,1.0848714
28.736,22.763832
20.007000000000005,19.840633
0.047,21.57366
140.007,21.244804
768.133,337.3425
8.85,31.25584
0.267,5.3669677
30.447,117.419365
31.0,48.097645
8.97,43.139328
8.883,18.876677
4.273,0.14938647
8.586,68.93653
10.753,39.428898
3479.89,1980.3892
179.783,3.465586
19.93,29.334509
0.05,1351.2635
109.923,257.6486
20.23,122.39991
19.777,200.16068
65.043,23.676748
18.06,16.181181
47.997,517.0079
104.85,44.745865
40.013,190.49461
0.753,0.091277845
0.254,0.6800917
18.883,305.7491
0.047,0.5139196
19.017,16.959972
581.08,254.53421
39.567,26.264593
280.074,29.014519
7.82,38.799847
8.947,0.5105246
29.867,7.481704
2.86,19.77833
10.017,4.2065043
0.09,34.91504
9.303,84.33656
29.493,6.4558578
9.84,4.3067164
10.882999999999997,79.428055
30.42,6.1296177
0.41999999999999993,16.381489
389.863,331.08813
0.093,2.2234144
18.224,39.528637
30.22,24.53853
0.03,7.695247
0.373,7.0514197
0.03,33.63913
45.977,68.58777
0.7500000000000001,2.009733
129.957,269.83252
9.16,0.034988135
9.4,31.592525
9.347,0.69324315
0.15699999999999997,6.9035277
10.199999999999998,59.651115
0.0,6.97101
9.753,5.365463
9.817,1.004169
180.29,533.9529
0.28,2.1369572
60.58,78.44251
11.636,0.59100646
0.8129999999999998,0.09028406
0.187,21.114437
10.264,0.006504092
21.177,296.29373
0.203,458.58972
340.583,176.95093
9.643,17.545425
21.820000000000004,109.47405
42.84,58.19708
1.174,22.369215
9.67,0.04876273
9.826,0.02498149
209.913,28.605707
38.934,17.81834
1089.87,583.79407
0.08,101.17577
8.744,38.216393
0.07700000000000001,22.115566
0.15699999999999997,24.836681
0.063,39.584793
12.706,20.362837
0.234,0.64010555
0.444,9.075158
40.642999999999994,14.981197
8.76,57.53427
260.71,18.751722
260.08,104.575485
0.7500000000000001,140.52547
11.586,17.933996
240.193,543.1693
9.483,0.16240735
8.564,8.425492
21.49,203.89796
18.564,61.04184
0.327,11.389818
0.0,0.06981408
0.034,88.23869
20.433000000000003,101.853714
111.79,179.421
100.60400000000001,11.55631
10.07,23.010187
0.19000000000000003,7.026607
2389.663,4200.752
10.29,17.370453
20.28,280.0685
119.847,62.027718
0.12299999999999998,0.08138051
19.84,0.32921332
9.65,29.360518
210.64,1197.7402
40.66,33.886993
900.143,409.696
34.654,133.55913
9.944,0.215444
0.546,21.371572
0.5,1.5409133
0.186,9.617499
0.093,40.007397
59.763,736.81616
31.610000000000003,39.706806
0.03,71.35191
10.74,30.117792
7.519999999999999,20.849373
61.276,520.4418
30.393,271.07233
19.17,19.163136
410.313,587.5916
19.357,9.373567
19.694,353.9547
0.343,0.3160427
630.114,78.81606
20.026,21.670048
0.11,7.7337766
9.763,0.03593339
9.923,14.652922
509.763,183.57556
10.313,39.454845
9.39,57.775368
6.896999999999999,25.26265
0.487,1.5409133
471.887,871.48376
1.147,12.945829
13.163,2.095143
9.963,12.6907215
19.56,16.50551
0.11,12.638852
10.383,61.675537
20.033,1041.1534
9.55,29.254387
20.62,0.44360548
0.97,61.36178
29.77,57.34663
18.853,303.50824
51.247,60.44802
0.313,6.4647894
131.027,261.98523
10.16,0.24900305
10.236,19.307104
0.266,17.198364
340.19399999999996,628.9352
1.063,43.773426
20.003000000000004,411.08237
30.18,164.27116
12.507,46.13256
89.893,13.016571
0.034,0.034049295
10.597,55.581497
0.6330000000000001,86.16697
9.66,10.625423
0.19000000000000003,0.54792875
79.953,107.74299
0.127,15.213023
9.897,13.664081
10.86,20.357306
79.816,62.226017
19.523,10.4168825
9.967,2.0514421
70.086,57.96972
10.796,1.4849921
159.954,560.80365
0.284,0.78944016
0.266,0.040882178
0.217,0.03898666
188.97,345.2072
9.66,142.88232
0.36,25.15609
0.15699999999999997,0.072795086
0.0,1.8079935
29.21,20.91795
30.496999999999996,5.038494
368.603,617.7435
18.98,41.40931
301.556,50.35976
0.893,56.026966
0.013,12.363833
9.113,0.11569421
7.64,20.458237
0.423,2.2447124
79.113,0.17369078
140.006,55.825237
1018.857,139.87886
69.837,120.70482
0.907,81.761665
0.033,0.57295823
100.867,531.45624
1030.72,47.326607
8.493,0.49587667
10.107000000000001,14.838902
0.047,2.7641325
0.08,19.388693
0.0,0.040882178
9.34,13.96223
30.45,1.4282372
660.737,798.7888
20.605999999999998,486.7388
9.377,4.4611444
19.825999999999997,11.268736
5.673,54.38473
90.293,205.69487
79.53999999999999,93.34141
0.063,30.699173
0.297,12.125715
9.17,24.770323
14.57,16.636513
0.717,0.015271978
2.21,0.3100526
20.993,106.53566
0.017,1.9190658
0.437,32.983234
6781.58,1291.2191
680.174,22.188202
249.86999999999998,19.723536
0.327,1.2319489
0.107,3.6292737
59.477,1042.2676
10.247,53.440178
1.08,36.798733
8.577,9.538107
0.53,0.010976655
0.534,82.938354
1.0,43.487312
10.790000000000001,46.55367
10.113,0.48830673
9.473,4.05782
0.127,0.75187236
360.11,938.0209
9.156,5.2041364
0.8,28.014086
0.3,2.2881165
10.983999999999998,21.33874
0.15699999999999997,28.986263
10.673,52.10133
0.45299999999999996,15.31641
0.013,1.6736897
59.40999999999999,471.8181
10.833,1.57358
1.647,0.3161461
8.437,24.578592
20.377,36.3545
10.064,15.954698
19.173,1.4876567
10.583,6.423278
0.58,11.854803
28.136000000000003,678.6848
0.657,2.224473
119.82,13.552516
10.193,0.34366933
9.877000000000002,41.495876
70.687,83.1468
0.046,36.5073
0.517,0.7433453
9.643,0.771936
19.614,54.60589
20.053,221.99445
0.203,18.95477
88.277,128.87566
0.466,0.0549644
0.326,31.549051
9.726,6.4966273
0.403,0.18924634
40.283,23.660583
9.186,0.16231103
0.12299999999999998,18.822577
2529.0,1887.5891
110.303,49.750225
9.07,74.11491
0.12299999999999998,39.25799
0.88,17.159416
0.237,0.9005688
19.18,0.012986373
0.25,19.62979
0.64,81.25328
0.187,4.8931384
50.040000000000006,16.254097
9.21,0.15721528
0.577,4.462097
0.06,0.3546329
14.217,14.574878
9.173,53.575127
0.124,1.7588471
49.91,103.59096
0.234,5.567169
0.6229999999999999,34.935886
0.313,7.818285
8.847,43.487312
9.04,14.100802
10.463,37.952473
9.31,55.38227
0.703,4.3970675
0.047,22.823912
0.25,27.570314
9.003,0.6909066
0.31399999999999995,8.8113
0.36,267.18457
9.984,117.743355
0.107,19.78111
0.344,5.0331645
119.92,33.613976
9.813,9.945543
449.157,29.647516
90.654,123.25338
0.046,2.1411936
9.56,19.662342
8.767,5.5283875
0.187,61.166412
799.55,278.06787
39.59,36.74404
5.5329999999999995,59.797226
89.75999999999999,717.7861
40.14999999999999,63.84506
191.89,79.456764
39.327,310.4813
1.323,53.632763
29.83,66.002235
2.5,40.540573
0.15699999999999997,18.258112
19.39,73.564766
9783.1,2136.7373
10.314,52.591885
20.007000000000005,28.914501
39.716,27.503714
0.063,0.27759984
0.283,0.6154107
0.6600000000000001,0.48629957
271.05,177.64532
18.967,208.51917
9.586,5.046245
0.39,18.449574
9.969999999999999,0.09936936
129.723,220.47284
19.47,5.273066
8.616,166.5932
1.077,1.1050279
18.953,33.273277
252.01,245.82303
69.987,43.733566
9.747,1.3576161
10.066,5.863254
39.457,29.73237
0.187,5.1152287
10.049999999999999,48.900803
9.99,0.2526157
8.017,6.6286325
89.844,18.687904
18.986,85.40747
0.7500000000000001,109.97317
29.336,59.848186
19.78,29.87788
0.954,36.49207
36.617,191.22383
19.93,13.127598
0.017,6.5820503
5.68,22.453217
0.03,16.491903
20.367,52.160213
99.47,82.631256
0.14,16.90925
59.473,36.290142
0.08,15.905525
9.796999999999999,5.304363
20.033,0.5696599
80.53,176.5003
8.076,49.038525
0.07700000000000001,0.050087538
9.217,69.124596
217.193,72.78499
19.952999999999996,231.26877
28.4,11.583933
179.887,263.8004
1.4069999999999998,83.64208
1.4660000000000002,8.8113
9.76,0.14437902
10.117,83.38199
9.214,29.21238
0.72,20.398384
10.399999999999999,1.4174366
0.156,59.789165
0.063,123.80718
9.51,11.957907
9.617,0.1562101
9.166,0.8045413
9.964,41.959446
0.3,0.051610056
0.86,0.017600635
1.8,19.653719
9.832999999999998,0.028350636
250.304,61.599464
11.673,7.5339184
39.35600000000001,398.68747
8.964,1.1173656
719.893,259.5852
0.047,2.2162614
0.107,2.2463183
15.996999999999998,0.5509406
19.84,22.018017
10.319999999999999,6.792778
9.9,0.21849096
10.924,31.623737
60.42000000000001,327.49677
0.203,20.85812
3.72,6.809891
0.173,111.96238
0.763,10.542464
9.067,9.389255
12.94,78.675316
0.107,16.30286
49.713,36.053738
40.22599999999999,28.123917
11.93,273.99838
0.127,3.6292737
0.017,1.6559845
0.466,37.57937
0.3,1.0632973
21.14,93.378624
40.433,40.257103
10.553,0.38688365
8.883,2.8297849
40.03,117.503456
39.843,174.74776
0.063,0.006783656
11.0,8.774011
0.153,1.347407
9.684,0.070325814
7.513,57.287296
49.27700000000001,66.85313
0.033,1.9174304
31.55,136.718
109.81700000000001,340.59137
20.016000000000002,0.46694756
80.94000000000001,393.93555
8.69,1.2681085
34.64,86.836655
18.637,24.486563
20.737000000000002,1.3727176
30.92,19.452623
0.267,9.457791
31.06,20.956564
0.03,36.142128
2921.0830000000005,979.5865
0.313,0.49587715
0.064,0.42309862
0.28,0.027470462
0.25,108.41129
0.233,0.21271598
0.766,31.602608
810.174,1894.1626
20.343,20.311766
9.563,0.6800917
11.065999999999999,71.861626
8.894,4.5348043
38.706,64.84924
0.127,10.762649
8.857,0.60857755
19.92,46.088642
60.516,551.2941
0.517,29.94143
4511.13,1889.8489
19.227,1.1928476
9.49,4.582035
0.284,0.76566017
14.906999999999998,0.52992964
19.777,0.67328155
360.19,96.27207
20.246,19.275423
0.064,0.9860402
0.15699999999999997,39.113117
19.237,84.72112
80.12,599.12286
239.747,76.80942
20.326,84.009056
0.203,6.936128
90.133,1340.768
0.097,0.30863386
9.69,2.7641325
0.09,2.0798192
0.013,1.6945354
9.04,26.005848
9.427,2.286156
11.047000000000002,0.2809645
6870.22,2060.8643
10.08,44.197735
11.489999999999998,15.304581
20.077,81.60399
50.023,88.492546
20.2,2.521731
0.416,0.4865413
9.586,16.478767
250.897,1234.9105
2079.613,279.72342
40.883,7.9487276
9.687,3.9600096
19.933,8.136863
0.12299999999999998,89.91328
7.093000000000001,103.59096
0.127,12.202788
9.9,0.5244166
1.55,0.38344887
20.884000000000004,37.086834
9.773,0.33060712
10.187,18.214478
0.9670000000000001,1.491562
5534.987,429.7544
10.31,153.76062
30.094,5.8085365
0.107,28.712484
9.946,24.130678
0.483,0.47877353
70.88,85.01333
0.563,7.296981
9.31,42.310417
21.173,30.077293
950.094,1529.7461
0.203,21.431015
9.68,249.8577
10.766,29.440704
0.106,0.116641976
2350.887,813.45984
18.983,87.56543
10.14,0.31581885
10.953,29.798365
0.423,23.176548
20.753,1.5913873
18.47,26.759445
7.486,0.04652462
19.323,18.10479
0.313,0.30962467
10.763,1.3199538
0.08,7.8420553
10.14,25.54724
39.56,105.07753
9.177,43.344704
11.483,15.808686
69.976,34.252808
9.957000000000003,6.627773
0.36,43.6449
160.84699999999998,411.4683
0.047,4.287756
9.87,105.557014
0.063,3.3325365
170.11,15.027741
20.056,278.66336
60.11299999999999,39.556686
0.423,55.736973
0.08,1.5188149
848.63,345.47037
20.446,82.24074
0.064,0.712194
60.526,1.2693826
325.64,160.54094
20.799999999999997,234.61763
0.0,5.5348926
68.96,95.78946
8.613,62.834015
9.777,0.032552928
9.36,5.9483423
0.594,2.8029284
8.84,94.64418
9.123,79.667885
8.51,14.186223
28.407,19.346066
2082.763,2236.3308
10.977,31.845055
0.297,34.29951
8.776,4.438448
118.647,311.898
0.017,0.15965436
10.06,7.5319715
9.75,0.26306403
0.14,4.294831
9.965999999999998,16.329802
29.323,577.2487
8.066,40.521465
15.859999999999998,29.60322
10.0,45.80385
9.673,15.404445
80.16,246.55237
49.720000000000006,26.473919
2790.14,875.26013
0.6870000000000002,0.94421273
60.446000000000005,50.524582
69.847,0.15273753
90.797,27.514591
11.006,1.9613254
0.4699999999999999,36.032833
0.186,37.34819
0.097,0.16535929
0.64,7.847651
39.957,6.848617
51.337,5.35851
0.063,1.2319489
9.824,0.19875972
10.07,60.819122
9.467,16.066523
60.26,87.21874
0.437,50.51842
9.907,10.916495
29.983,2.9797418
8.906,7.693648
0.017,24.316532
18.906,58.98934
18.953,0.02404847
51.61300000000001,146.77477
0.9569999999999999,0.020944789
38.217,192.4146
110.103,69.78591
0.03,7.708863
0.094,0.5618555
18.806,118.20086
11.017,13.379029
9.6,17.556166
0.113,1.6426544
8.98,37.219563
10.066999999999998,165.43889
59.79600000000001,33.690613
52.977,797.3627
0.07700000000000001,37.20428
9.736,30.900751
1.084,29.798365
59.239999999999995,807.51935
0.39,34.745167
9.704,0.19690761
18.67,8.757854
29.489999999999995,6.717802
19.713,29.82187
10.38,0.42273805
19.643,416.15524
0.173,76.62558
41.113,229.87001
8.844,8.050524
2259.75,280.3087
2.19,3.5676875
10.123,0.29456747
10.317,16.066523
10.093,17.636671
10.217,39.57477
20.437000000000005,120.55233
9.91,20.091671
18.654,12.924792
39.873,2.1258998
299.804,792.74786
0.12299999999999998,15.999766
106.82,898.7439
8.92,20.970615
4089.9799999999996,2000.8754
49.433,86.07708
9.327,127.09447
39.364,25.905043
79.884,13.658655
14.404,48.048286
0.283,4.2065043
0.173,0.27432856
6.409999999999999,41.046394
29.889999999999997,33.140633
9.356,0.77449095
31.22,138.57065
9.617,4.660334
20.683,401.99484
0.62,0.69954824
9.517,972.2933
109.947,77.396225
29.607,10.422058
10.484,0.017600635
80.87700000000001,0.48220152
808.726,1083.1332
0.067,1.6960132
75.2,552.501
1099.816,298.5132
0.03,98.17822
19.007,8.629713
0.53,73.44336
12.987,2.6355484
80.01,948.24384
9.293,1.2068943
1.657,3.4566877
209.25,335.77377
30.027,4.6863194
9.903,255.83191
11.127000000000002,22.995256
1.203,22.625002
0.61,0.4568047
0.737,23.56552
30.277,81.284386
19.03,22.079361
0.0,1.6426544
9.027,9.284971
9.297,6.936128
0.343,4.476349
140.117,116.00424
9.333,2.0614398
0.86,2.8101678
379.674,120.28171
0.203,21.813496
19.986999999999995,1.1075969
110.594,92.91968
9.633,60.93794
0.237,0.6333744
0.127,19.151094
9.534,0.097074345
9.3,7.768394
29.287000000000003,34.44106
19.12,0.1883091
18.89,7.6439476
9.843,37.9969
0.8129999999999998,1.7930793
10.1,11.052789
0.72,0.051610056
0.047,0.041837417
10.47,0.27454737
9.45,37.254707
29.974000000000004,228.74368
30.06,504.1128
0.076,2.5936859
1.39,0.04842037
9.67,0.046300262
20.74,103.64891
0.03,24.781725
9.51,0.89485866
1.203,111.04338
9.714,0.2894111
9.624,24.125525
0.143,25.367298
9.937,41.219143
1140.106,797.8169
11.247,18.696972
0.407,35.35628
9.914,310.1126
20.323,0.25296044
1.704,33.684
70.793,107.912056
11.087,22.597754
0.407,3.013156
28.936999999999998,54.74655
9.673,8.817772
29.837,727.6864
0.013,5.8278546
39.98,19.343872
1432.106,265.11215
11.843,80.17785
129.32,5.812842
39.50000000000001,5.399049
0.03,24.8928
8.97,15.917518
9.929999999999998,40.99023
69.634,73.98894
56.97699999999999,7.704689
11.033,38.799847
10.96,0.04652462
0.063,0.5665527
20.98,9.529425
0.094,17.904238
0.19000000000000003,0.33503857
20.047,0.31796303
19.964,914.64075
10.045999999999998,11.340257
0.22,4.101183
0.017,0.029214257
31.0,0.52613884
10.1,0.22856721
19.43,6.480961
3.7899999999999996,21.842756
209.81300000000002,50.359425
9.987,13.3566885
9.63,5.8323956
11.384,280.24722
0.0,0.03158365
20.146999999999995,231.54675
7.76,73.15098
19.567,28.909609
9.977,0.7203895
9.76,1.1369935
40.097,5.484566
9.854000000000001,45.60058
50.12599999999999,764.25543
9.987,7.619396
0.046,0.46014827
39.627,460.43228
100.58,525.44214
0.6870000000000002,51.295
29.987000000000002,64.18705
0.08,25.433313
0.52,9.427496
0.063,0.18164173
0.11,0.19334382
1.033,8.886552
9.753,12.640467
9.912999999999998,1.4876567
0.313,29.197304
10.104,1.0609988
9.723,118.47001
0.15699999999999997,9.939407
20.287,5.662332
1280.536,1477.7661
19.817,1.7413782
19.896,501.1221
90.186,69.709724
19.254,86.02335
131.047,249.59604
10.12,15.721012
0.127,19.169296
69.447,105.37538
0.127,10.542436
0.093,20.357306
3909.59,2299.0535
14.37,70.894745
10.076,21.171848
9.88,13.296645
0.0,6.483644
9.893,0.16953577
0.86,13.756319
20.367,1.5964825
10.010000000000002,0.11814923
30.083,14.888892
9.31,0.111426964
9.006,16.139992
39.99300000000001,104.22243
0.03,27.93906
9.73,63.786514
20.077,20.803984
9.52,81.128685
0.12299999999999998,30.247078
38.664,15.445058
0.25,18.816154
8.167,2.4998543
0.063,0.90755314
0.53,73.85672
0.093,18.17879
35.046,80.09074
21.003,18.594303
8.487,2.7249036
9.98,13.029905
20.89,238.5962
0.297,0.18996476
0.11,0.24286848
999.9329999999999,101.73678
0.17399999999999996,885.46533
0.124,0.06536528
20.43,46.345432
10.22,19.073875
1.157,28.232454
0.983,0.76369846
0.15699999999999997,0.52929074
9.153,11.885346
9.796999999999999,2.5304098
120.95000000000002,400.51755
10.9,0.18872079
9.91,38.958088
10.12,41.463314
40.284,109.91305
2040.903,189.5443
10.92,19.413578
261.253,18.243237
370.123,293.15662
8.977,0.9849321
9.677,87.891754
2.28,56.78652
0.047,0.064477086
319.83299999999997,413.45047
50.09000000000001,17.618734
38.483,0.18784223
0.423,39.76238
9.69,15.198513
9.756,0.2858155
19.897,1.4713693
20.0,29.629866
20.62,16.091715
0.144,0.07871558
0.12299999999999998,8.012525
0.03,0.36788088
10.203999999999999,0.56964743
10.163,5.5535536
49.81700000000001,10.96223
0.046,75.321205
209.046,431.8027
69.977,22.545473
0.513,0.008420332
18.597,128.16443
0.233,0.007434043
0.564,78.72356
9.027,0.09936833
1860.48,107.4456
110.203,353.9547
59.844,38.939796
19.487,17.336716
0.11,0.03169807
11.443,7.882335
21.166,400.56876
19.753,44.485817
0.58,25.063652
1.097,50.445763
63.267,0.053990096
9.03,6.4566836
209.903,181.20752
20.196,1.9783348
939.117,327.35275
99.83299999999998,19.304077
23.653,1.4665728
19.494,125.89129
0.017,2.0135043
0.25,16.091715
0.107,0.1962872
761.5670000000001,24.828825
1.033,15.721012
0.11,0.32674703
0.03,3.4572744
60.083,82.1749
109.02000000000001,5.888113
9.333,1.9273612
658.997,698.868
0.15699999999999997,43.628754
0.393,0.024743438
0.11,0.15721636
1.093,18.104939
0.14,21.563114
9.444,122.32887
9.366,24.243172
0.03,15.598294
0.0,0.5233146
9.887,0.83881307
9.33,36.356266
9.373,79.667885
0.03,12.627026
10.153,4.602257
9.96,6.6996093
549.877,109.361336
20.922999999999995,67.79763
19.586000000000002,23.26454
18.91,32.111275
60.187,25.33154
0.22,2.167821
39.3,0.21952482
80.23,137.04614
10.813000000000002,106.77374
220.04,679.34814
9.22,23.856308
20.917,57.20565
7.593,11.73428
1.05,0.11569421
10.360000000000001,7.8392677
1924.337,1434.5392
8.093,21.650541
19.723,733.155
11.25,8.786937
0.034,13.671268
192.763,11.01831
160.043,9.296471
1.207,18.726768
20.19,156.48697
0.9399999999999998,21.649775
50.32,23.731691
0.267,124.7299
19.17,22.762667
11.483,101.099815
20.003000000000004,1.6996417
0.093,15.305193
20.656,143.22516
9.927,1.920047
0.014,64.061226
40.5,103.016945
40.906,34.415344
18.66,14.058859
59.673,70.291756
10.693000000000001,164.02876
29.72,42.107838
9.834,0.014872587
9.313,0.80837137
0.16,0.68920755
20.216,24.254107
831.22,675.726
0.033,3.6292737
9.3,3.1879714
0.394,2.408346
1.083,42.730217
18.926,29.02319
0.093,0.3748855
0.203,2.5620582
9.73,6.4546814
1.394,15.925697
9.96,35.80598
0.236,0.1724093
39.89600000000001,21.160307
0.014,34.043068
0.03,17.319834
19.763,0.79434735
10.033,121.60285
0.203,0.05885623
49.57,5.8783402
8.927,5.708075
0.34,21.007044
10.62,218.59422
0.593,3.5446372
21.177,68.58549
0.757,8.47397
8.277,140.86386
0.15699999999999997,6.456689
1.14,0.016030865
0.217,21.811357
89.6,94.91905
20.067,66.36569
10.657000000000002,2.1595387
9.627,1.0192547
169.917,136.57272
0.614,1.492434
10.077,1.7093929
10.319999999999999,12.554416
39.784,51.727993
0.093,40.510597
59.31,1119.3773
39.793,0.46561623
10.753,38.54646
0.046,0.3723838
28.55,54.863945
129.697,49.35367
1.003,1.0349942
0.33000000000000007,65.35205
10.676000000000002,163.1542
1158.63,37.633514
9.46,13.609764
0.063,45.807198
1.174,0.0702291
9.86,14.911066
10.06,387.5604
39.763,189.24123
24.014,2.7621586
90.474,127.045616
10.11,15.195038
19.42,10.875401
62.046,136.54626
20.793,9.223666
0.063,34.152367
0.06,0.513119
0.7500000000000001,832.3379
159.834,661.3078
9.17,0.9495313
9.38,5.5821757
9.67,12.472598
19.12,134.845
20.907,15.913989
29.677,637.53986
9.86,9.619957
0.39,23.326689
9.144,16.410372
9.493,0.27432856
39.65,12.787676
29.636,20.16468
9.906,63.374096
1.257,96.18264
0.233,5.69758
10.007,0.016874934
18.327,8.315539
2835.43,4224.56
10.08,0.12004301
9.667,0.07383693
9.687,1.7181543
0.217,41.74251
0.373,59.238605
1749.136,104.20339
9.623,15.686654
20.003000000000004,182.22636
10.74,46.12131
10.045999999999998,76.566345
10.49,16.991026
79.24,77.66803
9.213,0.19114213
9.5,0.2986144
19.08,5.6259828
10.045999999999998,15.31641
50.077,47.04403
311.51,427.69882
39.467,108.29227
19.424,66.89826
0.063,0.3412412
8.927,110.66121
11.460000000000003,69.07525
0.267,0.056897625
9.78,162.20636
0.22,70.747475
39.01,56.88706
9.82,4.3228655
20.033,120.76846
10.146999999999998,31.816847
21.194,56.102436
0.69,15.201891
260.27,269.9734
20.5,15.524351
100.82,132.25212
0.076,0.76566017
490.62,840.65607
7914.82,666.0922
71.117,45.155914
10.93,0.4543513
640.354,590.6573
0.613,12.26051
10.217,29.798365
89.724,44.30063
9.39,27.505127
0.15699999999999997,8.870213
1137.354,237.32973
9.74,19.010782
39.21,114.979866
200.53,18.863737
29.894,62.226017
1.067,0.17219698
20.536,53.497013
9.373,0.3482766
0.513,18.056799
0.953,0.024470543
11.5,578.66907
0.204,49.492332
19.524,617.47156
149.826,62.00038
0.07700000000000001,1.7541752
9.596,31.620275
10.790000000000001,14.896409
19.783,0.04147904
8.72,90.74444
9.91,4.2645216
9.954,1.9868447
0.97,0.4748535
0.283,3.2782197
0.99,5.3669677
0.55,514.7188
19.097,2.5466242
295.05,216.61108
130.45,49.367
9.57,27.222141
10.117,13.94102
240.82,139.47704
50.007,179.79837
19.837,0.07552111
0.016,19.601145
10.287,124.09809
0.563,0.23785503
68.764,28.399855
0.927,0.5490466
11.09,89.030014
79.91,1.078556
9.86,3.0134952
69.703,18.642187
1.6560000000000001,29.447737
0.03,15.011579
9.937,1.7241828
0.17,108.22874
814.837,29.4334
9.637,4.5450125
10.749999999999998,28.79628
0.217,0.8674141
9.95,5.482328
0.843,0.7024329
10.25,6.937934
0.763,56.634113
0.267,30.710041
111.174,260.8637
9.374,1.8850857
0.046,32.241955
0.186,8.012525
9.667,18.286266
9.636,11.208167
9.977,0.056511607
0.203,1.0231442
0.403,10.521789
10.377,3.1238415
0.924,3.0993688
1.877,120.13087
29.034000000000002,61.19443
0.08,0.072795086
49.76,5.3937483
28.203,0.30493692
9.517,3.8030994
9.284,5.074057
10.102999999999998,0.13438869
9.703,20.953768
9.753,14.694923
9.186,55.600327
1.896,2.6934628
0.156,0.3202396
0.31,37.571712
30.524,1362.9691
109.716,7.0621247
138.94,464.95554
19.783,6.8067436
10.353,32.494038
9.413,25.454556
7.6000000000000005,4.8222685
1.53,27.914627
0.014,20.079407
11.084,75.49807
3490.5999999999995,1501.4141
0.15699999999999997,59.061146
9.806,0.7505633
8.85,28.083961
0.69,18.042347
9.437,1.392066
0.156,2.978699
30.03,42.27156
0.187,55.850895
0.173,30.830557
29.013,1.5951129
19.547,134.47792
10.003,48.40561
9.32,0.29835138
30.210000000000004,0.08427834
1574.9670000000003,2785.6077
659.993,113.78864
0.203,16.135525
19.913,107.02284
9.66,15.017533
1420.95,885.83264
20.690000000000005,43.001617
29.567,3.4427261
0.156,409.19955
450.133,22.021376
0.406,29.46864
1.877,11.9137745
0.047,0.040882178
0.657,11.813496
1038.51,254.16556
9.423,73.50218
0.25,23.184698
69.803,17.944647
0.343,42.125244
10.367,5.0811024
0.674,2.366777
0.237,2.215216
9.094,15.757728
29.187,2.199823
10.107000000000001,41.506824
60.103,17.822332
9.763,70.04196
31.27,314.04828
10.8,3.9341602
9.477,0.03627319
569.967,1190.4723
0.017,7.8420553
0.44,17.527288
9.586,1.1467743
0.937,0.013629812
7.467,55.470707
82.247,1470.3066
18.99,206.01262
19.767000000000003,0.8338595
10.133,2.624568
39.66,267.18594
19.01,158.15685
10.207,1.6389773
20.227,6.189992
9.673,78.49303
0.237,2.5936859
9.093,112.05947
14.83,63.258396
20.334,18.95477
0.237,20.834513
21.453,531.05457
20.652999999999995,9.988573
9.83,38.285583
70.337,15.1093445
10.33,144.68501
1339.86,3518.1572
9.69,15.312167
20.67,12.883738
0.076,0.009433546
190.04,16.202372
19.983,14.965197
119.984,451.1243
149.59,124.66411
0.017,1.0192547
70.153,0.062348265
10.669999999999998,0.08449514
0.093,2.4553187
19.073,18.749409
19.974,26.158577
80.47299999999998,168.4402
8767.567,1403.2946
15.34,0.036612146
109.83,0.25871533
40.23,12.888836
766.6470000000002,557.0619
60.633,56.8127
30.36,66.68806
9.63,0.044584025
10.0,0.05572501
19.233,35.390812
78.726,8.472943
2412.053,601.6046
28.407,40.44271
0.063,98.66581
109.774,51.87571
180.12,212.85907
468.767,330.98578
540.75,23.723969
1474.453,618.25385
80.854,19.376944
29.793000000000003,3.5559046
486.593,608.2713
41.974,5.341837
29.674,9.848876
238.447,50.163822
160.613,110.864426
19.343,111.876236
22.42,59.27753
1.063,0.15227255
12.952999999999998,141.96686
50.187,23.339043
0.28,13.032763
21.843,54.702023
8.817,2.1374502
0.187,0.46400538
1010.04,271.49802
8.857,4.4763436
18.783,21.93779
10.07,0.16840182
0.063,53.16929
10.08,125.340775
530.214,21.796785
9.45,163.1542
470.803,86.20971
9.986,20.855494
9.177,2.295254
36.47,6.4512057
9.28,7.206127
19.743,1.9995397
9.727,0.61368173
0.07700000000000001,0.40194887
2020.083,1663.087
0.11,13.469414
8.783,61.05577
20.267,475.61984
20.22,4.9724693
23.39,14.186223
99.7,1097.5762
79.316,52.97032
9.296,0.5490466
0.203,1.9190658
79.53,401.93356
20.173,8.18322
0.326,313.83786
0.457,11.512564
0.283,9.170219
351.87,1591.055
52.306,22.474264
0.3,13.394985
21.673000000000002,4.6796875
9.38,2.4976997
10.476,3.882787
10.083,9.323348
0.584,2.268264
20.567,52.670334
19.477,56.335808
8.744,0.012977051
9.964,57.09213
130.05,11.793644
0.3,1.4174514
10.19,40.07805
79.993,235.99786
9.683,8.313525
21.43,174.98216
0.876,0.046039864
0.063,18.822577
9.957000000000003,4.21167
10.577000000000002,3.275576
0.7399999999999999,1.5176497
19.576,44.0246
59.64,236.73567
59.424,74.07238
279.886,384.42355
40.703,164.71349
7.983,39.113117
0.093,0.19915876
0.08,4.608845
39.89,441.5135
0.31,12.56391
0.327,0.024393188
0.093,0.71794534
9.787,44.34131
21.033,45.954403
0.173,0.1562101
20.290000000000003,8.514651
9.32,0.103209496
9.12,19.365585
20.306,3.5289183
10.917,27.69546
0.99,85.654915
0.0,0.9432597
8.83,0.098859034
0.063,77.8852
39.93000000000001,82.54974
1369.914,951.18164
89.44000000000001,335.18558
9.92,35.02496
19.14,33.77206
0.237,1.2886147
0.28,47.309452
9.63,14.879594
18.75,10.632322
20.386,144.72482
20.137,33.454395
349.847,732.2135
191.317,1726.3855
1.22,0.29826775
50.12,14.726315
239.06,154.524
0.937,1.7687238
2.013,4.3497014
1068.47,962.58606
8.843,196.63123
28.184,33.281982
9.98,25.523815
0.047,2.7641325
9.94,7.2310643
180.577,95.11544
0.25,7.5922723
18.707,35.72474
22.15,25.748978
19.699999999999996,79.14431
151.093,660.28046
0.16,41.74251
0.284,6.8026624
200.58299999999997,1070.229
0.516,4.1806273
49.753,0.93661314
20.167000000000005,41.72828
0.11,3.0578337
1.127,26.263617
9.767,107.59271
11.0,1.4648019
19.14,0.09395462
0.017,40.382545
9.874,1.0876361
0.3,0.09894507
18.863,1.7025197
12.466000000000001,10.712739
29.08,287.73776
9.293,0.20925246
9.167,19.229908
0.22,32.687122
529.957,450.66367
8.917,0.02660879
0.063,18.364342
8.317,4.1939
10.413,4.2226567
29.472999999999995,26.547924
0.11,1.8533853
10.267,36.969265
0.564,0.072191134
0.45299999999999996,31.035513
0.25,87.183044
9.826,43.36761
19.46,0.90742666
0.61,0.022077737
10.527,15.629715
49.757,15.878558
0.14,1.5329779
1.144,0.029385684
339.75699999999995,51.969864
0.03,6.4805036
9.98,35.62583
9.277,0.13442074
0.17,4.3970675
20.163000000000004,0.4215432
0.093,0.012297477
9.573,16.017956
1.22,2.940306
0.327,65.74349
50.22,9.344841
9.317,0.4466372
120.024,627.851
0.047,8.184982
169.94,1212.662
51.953,348.46362
9.453,0.020944789
21.043,6.140441
39.71,1.4277102
0.31399999999999995,0.073660396
8.813,17.651398
2.487,2.0538614
40.0,35.844482
239.847,206.84833
0.14,24.354351
0.737,131.50677
0.14,22.198198
13.407,148.0111
40.487,313.59085
2.913,26.963232
10.726,0.05577057
79.57,184.10577
19.686999999999998,12.150488
9.773,0.7158818
0.203,130.90797
10.45,12.259299
0.203,25.850431
0.08,61.58545
12579.173,24065.389
0.204,0.21849096
0.25,5.5518217
9.267,10.881167
50.71,966.88477
7.27,15.6021595
0.034,0.06055039
0.407,26.628492
0.53,1.7032989
20.443,109.73621
9.01,11.383348
481.417,113.6722
10.163999999999998,7.696216
0.187,0.10675872
10.08,31.872938
0.787,0.9097351
2.99,15.893611
60.637,9.553306
20.61,12.557251
0.076,0.055243816
0.766,170.52377
59.977,10.886459
9.51,14.036239
0.14,3.5865817
120.61,1.2124614
19.317,8.5116
19.88,45.025154
89.647,2.363714
0.427,0.12809551
0.047,16.571892
639.873,985.7414
9.253,10.767914
9.657,27.845495
9.16,7.9053135
509.2029999999999,484.8018
1029.993,1654.1084
1560.537,998.8898
29.93,278.82446
80.01,1.8621281
11.077,5.436021
1.25,0.016030865
1209.937,106.41822
10.077,0.2613055
0.14,0.87863284
19.736,0.035040326
61.12,26.417828
10.013,14.50238
20.94,0.6966417
9.673,6.659593
0.4699999999999999,0.23691122
8.917,27.404495
30.427,57.513195
9.317,8.938967
9.823,0.38769916
10.807,29.049557
0.437,16.526388
8.527,0.2187255
0.047,11.85357
29.796,2.4024806
9.444,42.0655
19.55,610.88684
40.580000000000005,3.7765594
0.097,0.13414887
10.477,25.530033
0.4699999999999999,21.338335
0.11,0.8841678
49.77000000000001,18.09355
29.2,61.92713
169.173,14.801433
10.964,21.874454
19.837,154.32544
20.167000000000005,5.73455
0.11,8.54528
74.077,5.7479897
9.537,10.098078
49.647,37.21043
119.883,778.2619
20.033,39.460545
29.467,47.009956
0.05,3.5865817
10.217,0.90821296
10.404,25.918354
0.31,14.058859
10.757,224.2793
9.517,6.5262427
0.313,9.053053
81.077,1188.0208
21.065999999999995,204.23544
330.386,1785.885
20.244,0.29708967
19.526,6.5010586
63.45,71.5954
19.386,33.30366
0.047,8.074354
20.06,13.707822
20.017,377.08954
179.254,1560.5594
280.193,440.27554
309.163,33.632828
10.324000000000002,8.559788
0.046,0.037512556
10.16,43.729618
0.094,6.7752476
87.836,721.1341
7.047,45.606136
18.94,7.18921
19.96,2.841125
160.483,290.79684
1.144,31.460037
21.047,262.94882
20.68,207.76497
49.633,4.0093527
22.009999999999998,82.33335
8.38,86.8315
0.017,14.811242
11.489999999999998,7.3851767
0.8,0.0726773
0.017,0.37634236
9.953,5.7311673
0.613,0.3680416
18.767,18.351461
219.873,88.42455
19.923,88.892494
0.25,1.492434
0.517,227.43497
20.08,12.434381
9.157,19.346066
0.28,3.824218
0.127,3.764669
29.807,36.902203
9.516,37.3031
6.2,18.2848
0.08,3.1225672
0.203,6.191161
620.513,983.6436
1191.51,493.56793
8.47,7.651086
19.22,24.82885
8.537,126.42261
12.57,110.805595
19.603,3.9833477
9.807,1.0000081
0.143,1.3260908
10.85,218.34154
10.587,477.6366
0.5,52.802704
19.507,9.167082
19.377,44.516403
20.234,3.353983
9.653,1.0000081
80.663,439.2774
19.277,73.8293
8.964,0.042916335
79.913,21.437489
250.97,1135.581
0.107,18.496035
0.15699999999999997,0.12809551
17.974,32.923134
568.703,334.3569
0.11,6.0301266
29.894,58.315716
9.694,0.035435528
2.077,59.436977
19.577,0.6201113
9.11,10.610967
0.03,24.308537
0.173,0.5738518
31.93,53.682846
0.107,5.6975746
20.177,6.749726
0.25,4.459971
50.56700000000001,17.553514
9.969999999999999,107.103806
0.143,1.8972372
70.267,0.5283446
50.57699999999999,1.9029996
30.58,30.45086
10.667,4.7468185
30.267,25.990917
39.93000000000001,3.196489
7.953000000000001,129.86853
810.374,311.72153
9.817,5.784102
310.183,24.676624
9.53,41.703304
0.173,4.470006
6.450000000000001,18.084307
59.507,226.46356
0.517,0.6860782
9.32,575.09863
10.543,38.58831
0.076,4.1499047
0.047,66.16956
19.207,112.127174
10.613000000000001,25.309074
0.063,16.255978
0.017,1.058736
30.034,16.350737
10.483,5.9618683
19.473,20.933966
18.64,7.6074896
60.494,14.391462
0.0,117.09584
40.717,370.65372
10.03,1.6057874
971.267,395.50476
279.637,247.76453
29.48,0.43723026
29.71,7.5825634
0.107,4.252161
0.3,0.6268025
0.17399999999999996,14.927951
1619.9099999999999,1034.5829
90.45,176.34274
21.073999999999998,2.60486
0.284,0.047529865
0.15699999999999997,4.3970675
39.99,0.06518462
0.22,9.234172
140.04,30.45315
20.054000000000002,5.2723923
119.64399999999999,28.245195
18.95,228.61382
0.076,14.0789585
10.384,201.81335
34.317,36.909607
20.334,1.0107994
13802.916,2634.5115
0.063,0.13884625
0.093,23.341143
1370.0,27.66792
40.626,0.5358777
0.313,23.277925
0.203,13.45673
79.957,310.7639
137.4,233.57625
279.22,33.29608
40.14,246.35835
9.316,0.33520254
49.747,48.04508
57.27,389.3498
199.193,20.797491
9.837,4.7915034
20.407,23.8267
20.84,43.4461
0.08,8.930055
10.045999999999998,33.995518
9.407,1.487183
10.827,119.05719
0.11,1.1030527
14.339999999999998,104.57028
0.7500000000000001,33.0767
22.616999999999997,71.30571
0.064,9.566029
10.1,97.51582
80.024,15.007879
0.0,34.636715
10.487,0.0104325265
9.676,30.73367
0.233,21.4685
10.083,33.87519
0.046,21.007044
9.75,21.937874
30.370000000000005,0.030898012
79.82300000000001,21.66788
69.87,148.43266
60.017,40.09711
49.803,173.92772
1.394,188.44164
29.613,32.904697
27.453000000000003,40.339264
10.22,0.33206347
36.267,514.5483
9.84,0.13662025
9.873000000000001,11.823695
38.937,765.61926
20.463,56.632874
30.66,30.424955
0.127,32.09639
10.674000000000001,18.674095
10.25,25.741825
10.41,108.41129
0.82,1.9273612
19.986999999999995,128.03508
139.857,133.22914
0.06,8.575791
1.013,8.881715
0.297,19.621286
10.217,3.6195447
3085.61,2152.737
40.527,28.768824
17.733,9.394403
10.452999999999998,25.576681
21.127,28.501097
18.404,5.411496
19.8,114.880745
1.077,50.724983
180.9,77.49962
0.14,317.97308
9.846,14.156797
9.41,0.06621562
18.56,110.35524
0.047,0.4664994
130.2,785.3948
0.0,22.795843
9.577,0.94545907
9.634,18.922321
20.593,32.907642
9.907,11.016934
0.233,35.164356
1970.06,1772.5073
20.399999999999995,18.65953
20.16,5.273066
50.023999999999994,173.38179
21.769999999999996,76.086586
0.033,11.098912
12.167,46.681396
10.106,7.7644315
0.297,8.870213
10.333,0.0871017
9.4,0.7174799
0.72,31.626616
20.799999999999997,11.140866
8.693,17.599304
0.15699999999999997,367.05487
0.076,0.07545488
0.313,3.8887265
0.07700000000000001,0.46571174
90.97,4.7864122
0.627,0.06083836
0.843,0.018477714
0.0,45.48836
0.25,0.65100265
18.81,272.68457
79.903,54.097183
11.567,96.75841
10.399999999999999,20.425814
9.553,4.2479706
40.06,10.533283
9.457,13.1384535
100.203,56.529037
10.483,3.6023414
31.033,156.84981
21.583,19.469461
369.616,314.01654
1.487,6.7048693
13.764,50.246838
0.11,7.4474115
0.593,0.03454481
59.2,41.599995
80.01700000000001,67.97334
90.68299999999999,108.29227
51.203,1174.9432
0.127,3.9438772
9.29,12.785009
40.163000000000004,0.119306654
0.39,0.020045614
8.7,46.74467
40.52000000000001,30.266085
0.124,13.440523
0.17399999999999996,5.708075
0.45299999999999996,0.54314506
9.88,0.78047526
30.034,0.0223159
9.957000000000003,49.038525
1.063,0.024632944
10.42,65.23577
9.806,58.66641
14731.62,5862.4272
39.706999999999994,197.0752
39.39000000000001,8.208507
28.737,22.882486
0.03,80.77278
7.64,0.3076389
0.15699999999999997,0.06664884
9.57,0.21080437
28.37,84.76871
109.44999999999999,5.08401
280.773,416.62802
26.996,0.014743441
89.883,58.0541
0.187,35.95716
0.48600000000000004,0.26615605
9.75,17.864702
28.276,5.47714
10.343000000000002,28.068521
20.922999999999995,313.72443
0.063,0.052369237
39.98,83.47267
20.306,58.557564
0.20700000000000002,0.026395297
18.923,14.586335
0.546,72.08294
9.997,0.08624035
0.343,13.664081
80.69,7.186283
50.223,41.221478
0.263,83.85178
19.910000000000004,315.61816
20.524,2.6936295
0.593,33.281982
140.143,82.51675
0.343,27.189875
119.994,112.7138
9.696,0.24030994
19.327,3.4566877
0.517,11.958611
18.937,97.5987
19.83,4.611596
10.197,4.591478
9.593,3.7081852
29.86,15.026725
89.546,113.22153
79.933,966.2692
0.267,1.8234644
0.033,13.296645
0.014,22.445173
20.94,16.717272
0.07700000000000001,10.795689
1171.15,192.42975
39.313,883.5811
9.916,43.586945
18.2,4.032211
210.15,459.36032
0.0,28.64241
10.262999999999998,35.303986
30.26,7.956341
1.174,36.864655
17.523,36.236916
9.854000000000001,5.806355
19.686999999999998,34.071125
9.92,14.869105
40.046,143.55328
0.457,5.8026853
290.066,221.40416
0.347,329.91528
17.737,81.81359
0.03,0.37634236
19.366,431.58032
0.393,0.3627136
0.673,3.0325584
20.317,8.681798
0.92,9.799822
11.087,98.16847
30.836,132.09949
9.056,9.252848
18.243,25.704853
59.124,5.5293164
29.724,1.8073676
0.203,50.445763
0.423,0.07979808
0.33000000000000007,31.938108
10.496,256.63132
10.12,2.069158
18.564,60.854156
0.373,12.827703
0.88,0.18267463
19.943,95.631874
1.33,0.59222686
9.457,28.65262
0.14,1.5188149
49.803,300.20285
0.25,0.012977051
9.557,103.59096
8.81,2.1379702
99.894,32.32352
239.843,34.397194
0.89,13.657934
9.106,0.11898554
9.46,7.196267
35.99,407.8783
9.12,33.66986
29.137,52.01682
9.929999999999998,364.51932
10.223,10.517657
10.207,19.347435
209.817,158.40404
10.010000000000002,26.693008
9.486,1.5934497
9.987,35.317406
0.07700000000000001,27.285204
30.037,132.6131
0.4699999999999999,0.19575742
10.43,20.33485
19.137,27.046387
9.183,7.8620157
10.25,0.22556444
90.313,831.337
290.06,120.12679
70.15,61.73567
0.03,21.80278
29.126999999999995,35.95716
9.77,2.9905899
0.187,110.839165
10.6,25.426598
19.153,4.823299
9.01,2.3084664
10.010000000000002,21.211817
19.517,81.86313
8.72,0.49926856
12.526,20.528355
0.377,22.385286
629.64,793.60455
0.034,0.1689265
0.17,2.9247777
0.533,0.012865652
20.457,52.551933
9.98,690.10156
99.967,362.30276
39.067,228.40263
0.873,0.02404847
49.93999999999999,1336.7607
10.433,4.8563476
51.213,273.29413
29.847,134.94405
0.593,46.69714
58.9,787.8439
30.703,19.125418
1.863,9.164442
0.503,23.725767
264.99,16.468779
0.047,0.31005287
69.686,499.02655
0.016,16.591866
0.076,4.884891
18.623,35.753937
350.05699999999996,510.87338
0.734,7.8893805
1652.77,428.4619
0.593,0.016218625
19.943,43.55359
19.62,0.33258414
60.907,495.38348
4675.07,3011.3987
4.793,83.53911
7.27,21.80278
18.54,11.317058
18.96,7.882335
10.182999999999998,0.59055966
19.99,0.2412443
10.25,5.961107
80.37,47.445946
7.163,25.803574
30.285999999999998,7.43221
1.5000000000000002,13.6849
1.0,22.52402
0.17,0.17510594
1.123,30.121109
10.0,0.18937485
0.516,39.809227
441.967,46.317234
39.567,24.479887
100.774,28.400246
11.25,140.98265
10.117,5.861505
38.877,142.13857
8.64,54.461086
38.877,380.3804
40.68999999999999,68.79344
0.014,0.05909407
360.223,53.431854
19.14,10.521789
20.816999999999997,19.98569
20.947,277.4811
8.426,11.531281
29.52,30.012058
0.17,2.7755854
0.78,9.096132
40.0,16.80171
20.194,2114.5388
0.11,20.114532
0.28,14.30202
6.733,32.368073
0.14,54.616314
229.017,160.1639
10.224,2.1292315
0.0,0.3284155
0.047,2.3676507
29.59,0.07763337
29.996,45.543446
209.893,37.908745
0.203,15.304871
0.437,0.07150812
0.094,0.4721428
0.013,0.38237563
9.54,89.9879
9.886,37.801563
0.22,3.424192
21.154000000000003,11.244836
0.173,17.599304
40.047,0.7240621
19.606999999999996,178.46642
9.283,0.009484468
80.27,17.790981
9.526,26.089657
110.26,497.0267
1.483,29.86181
10.51,20.319746
10.056,0.045572963
0.987,23.59902
2167.773,2188.302
0.097,2.1304011
29.14,227.70006
0.08,0.056006264
29.997,25.793663
38.66,29.602037
9.594,15.441959
30.247,545.6051
30.523,30.681812
10.066999999999998,87.66324
19.643,0.1265632
0.374,30.247078
0.97,9.617499
9.886,25.156628
30.457,63.540436
0.07700000000000001,0.5084635
10.306,12.365117
49.96,229.02629
1.936,0.90755314
0.046,13.848915
30.896,38.279583
9.693,3.7398584
9.784,7.766498
0.49,17.875572
70.247,353.1161
1440.394,347.08813
19.939999999999998,17.233889
0.173,1.2834734
8.91,58.11476
70.036,41.350525
1.0,55.600327
34.54,698.5078
9.937,63.144093
10.867,7.113373
60.04,186.14322
0.373,23.339743
4.05,85.3369
9.527,22.795843
0.36,48.491814
0.83,5.7634068
18.653,268.39957
0.17399999999999996,16.427809
130.087,756.7491
60.22299999999999,12.627073
11.14,4.5035915
0.19000000000000003,2.536428
1.174,40.39157
99.97,84.536285
9.71,0.2541509
0.03,1.4400882
9.487,9.115555
39.737,106.23114
159.83600000000004,1322.257
0.626,19.828684
10.826,11.402661
0.15699999999999997,3.5481246
0.377,1.8667241
0.11,9.113433
0.017,62.04562
8.94,1.0435464
10.045999999999998,23.3683
9.98,31.627626
0.536,19.391085
0.093,0.37143782
9.68,60.566433
19.29,31.627626
10.51,26.187609
10.607,1.1513889
80.11,13.719237
9.92,11.676474
0.043,0.31177804
30.077,6.4317966
0.127,733.2546
40.884,78.65174
0.12299999999999998,3.5481246
0.064,5.6319623
9.516,106.72222
31.24,3.0977137
100.596,9.283759
1.03,0.019970225
11.307,27.692251
29.967,124.01778
29.627,0.926956
9.94,30.233446
19.944000000000003,60.660942
0.063,0.026217978
51.146,410.89734
12.023,62.247185
0.783,19.069477
220.17999999999998,14.523404
210.0,29.407827
30.463000000000005,9.836827
49.91,176.2803
9.929999999999998,89.400955
39.617,0.08650112
9.717,18.03514
0.233,8.155069
0.03,13.920689
12.143,0.017998423
0.393,1.0515503
9.26,54.51483
0.287,73.92839
19.263,147.6668
13.54,155.40257
0.08,1.2017466
0.5,288.69574
0.517,19.74229
0.017,0.7644213
11.786999999999999,41.301064
0.0,20.11289
10.107000000000001,0.018582385
40.154,6.0986443
41.813,28.792273
0.17,1.7588471
9.773,26.3042
9.534,25.773172
110.264,293.10928
9.723,17.159258
19.134,8.128349
45.983,18.929068
51.87,102.937065
10.357,10.4656725
19.067,0.16466467
9.577,39.58759
20.663,10.35832
0.173,18.378263
20200.67,333.05038
60.92,754.2985
37.827,49.488583
9.577,1.5188149
9.703,19.517807
5170.9,866.5452
9.6,0.23189665
10.14,0.20390265
260.127,61.130947
52.993,70.79935
7.917,93.02932
9.856000000000002,18.432827
85.99,119.67591
20.11,547.75287
0.283,59.738945
40.044,29.468655
12.047,97.33735
18.373,9.945449
0.094,0.045022104
8.17,0.015202922
110.107,143.62854
0.64,0.24749783
20.486,8.257585
10.73,20.387058
0.563,3.7300608
59.89,125.98956
30.74,101.01739
9.696,48.20803
9.967,14.5616
10.217,4.91899
200.977,1139.8832
8.74,9.125701
80.60399999999998,981.9646
179.813,194.67087
0.11,0.22251491
28.953,27.845495
8.82,20.114532
239.97000000000003,448.00378
10.016,36.84776
7.943,2.9466584
8.31,36.864655
171.53300000000002,1096.1254
19.927000000000003,21.587137
0.454,21.403864
1.83,7.0722737
19.853,90.44747
19.686,0.27631062
0.343,16.511696
1.406,94.42189
19.816,12.648542
20.290000000000003,29.022991
12.524,180.41917
0.144,3.7081852
9.873000000000001,7.2310643
9.52,12.441768
9.233,0.02012098
9.687,8.2469
0.017,0.77742887
9.41,0.04267883
10.23,125.89129
0.15699999999999997,0.11658149
11139.176999999998,334.04272
20.023,9.095647
0.203,0.15982822
19.937,10.721037
0.143,45.968285
8.344,0.04326081
8.986,22.48918
0.047,1.318169
0.64,16.262936
9.483,33.719837
20.17,48.66949
200.016,4.5234375
0.127,0.12913871
8.646,7.9705625
0.017,1.1745498
0.264,0.08857978
20.937,18.255709
0.033,1.2290506
29.433,28.947447
20.990000000000002,17.702066
0.204,30.077293
101.037,14.980006
19.92,272.3716
210.667,173.47374
40.29,1.6471268
20.927,1518.8971
10.406,19.863682
0.03,9.907789
19.457,6.6671786
8.947,26.263617
0.08,2.8029284
0.36,2.9658117
0.187,0.5444067
0.094,1.987072
570.294,268.78094
13.67,91.16288
20.083,31.232182
10252.749999999998,1859.2417
0.25,55.99261
0.093,8.791915
19.956999999999997,665.2115
0.03,103.91724
10.246000000000002,5.1067586
7.28,57.59633
29.493,60.93794
10.686999999999998,0.67328155
312.986,419.4458
0.297,0.712194
8.867,13.836471
9.22,55.110447
1319.783,998.3479
8.0,29.207102
9.53,92.72427
29.906,2.2286897
0.45299999999999996,1.6610519
9.75,59.367756
0.237,1.1434689
19.597,0.6242344
19.453,0.5273439
19.913,0.48531604
9.824,11.2858
0.257,0.022695445
150.32,389.13623
28.357,117.258736
18.736,318.8856
19.977,86.888985
9.607,0.9968687
0.563,1.7687238
19.74,25.3018
19.937,184.48796
40.156,8.6106615
29.803,10.909295
0.013,107.31905
10.24,10.83606
0.89,17.020645
0.17399999999999996,4.2737913
9.7,2.8922358
30.093,1.3199538
10.676000000000002,6.9812074
8.184,50.88551
20.6,399.6614
0.03,27.222141
10.447,21.390884
119.877,438.22308
0.186,7.616439
30.066999999999997,57.106514
49.767,27.54143
0.31399999999999995,2.0219743
0.343,0.42075476
10.04,0.11364426
9.973,3.3044019
22414.15,10338.708
20.083,57.976593
0.063,8.158554
0.14,0.07545488
19.669999999999998,12.071478
0.283,0.48953307
20.303,43.84894
1349.913,82.899254
100.73999999999998,119.708405
10.08,21.452066
9.969999999999999,18.78788
0.017,20.284435
1359.73,1025.361
20.12,41.19449
0.063,16.536654
0.674,17.509867
19.523,3.197983
20.823,19.184542
0.094,4.4385533
29.9,95.35877
18.28,5.8719325
10.08,0.06832117
0.047,4.1499047
0.013,10.542436
19.173,16.313028
0.11,23.756098
40.86600000000001,70.01207
9.86,7.6337867
2.067,1.3722686
0.047,84.76713
9.22,47.898453
0.25,34.477226
10.58,0.1307592
20.65,539.7195
10.137,11.741275
779.583,10.965649
19.983,16.982525
20.14,30.997038
0.546,0.13442074
0.343,11.741454
50.163000000000004,4.313962
8.897,7.726649
18.737,9.182871
979.533,199.1794
9.717,3.5956771
15.797,14.698467
10.237,0.008027384
10.317,135.10872
7.226,46.44609
20.766,0.0633475
0.047,0.3134905
17.843,18.727741
20.047,49.92069
0.12299999999999998,0.67070466
9.183,9.182871
79.497,256.4699
0.127,2.442468
69.123,76.08582
0.643,42.21493
0.61,2.1071453
10.413,13.5374975
0.20700000000000002,0.010337135
30.563,28.156635
19.65,63.35888
10.157,0.405795
119.866,193.14673
0.25,45.337406
89.353,13.350465
20.15,81.535194
0.343,13.88223
9.793000000000001,48.734154
10.547,260.6212
11.234,26.183655
179.99,204.38696
0.19000000000000003,5.365463
239.267,459.92618
9.887,149.2574
1.643,12.521354
0.267,7.0217977
19.244,79.054985
169.723,35.557808
8.804,54.73363
0.233,38.489098
79.317,158.73172
59.91599999999999,248.1858
20.043,38.53893
9.383,1.8850857
0.017,0.31519446
10.827,80.90793
19.836,17.905996
39.77300000000001,2.7417912
0.11,18.953386
0.047,10.279301
0.187,4.2479706
70.387,27.13528
0.456,0.5359574
0.07700000000000001,0.13141201
9.327,4.2163877
0.377,18.435919
10.447,2.8553715
9.87,21.403864
100.233,2.3177593
60.163,6.6173096
0.36,6.3693137
0.033,2.1374502
0.076,0.15293312
570.084,127.842575
260.037,32.5934
6.633,15.31641
0.5,7.651086
20.55,25.950243
99.417,362.16568
9.19,7.211055
0.216,130.84055
9.883,7.081883
0.047,18.484797
10.732999999999999,91.58333
118.917,0.8066793
189.923,70.47975
9.143,23.56552
18.753,0.7455625
0.03,2.1374502
0.797,337.46536
1.4269999999999998,93.55609
10.177,37.254707
29.984,48.188244
0.737,234.90475
9.67,18.2959
9.51,73.90835
0.373,84.698875
1240.004,279.83353
8.55,2.2857742
240.14300000000003,774.98676
19.647,30.933968
6500.724,5307.048
0.203,16.994486
0.173,52.501152
9.973,3.6735983
0.283,0.015202907
9.78,33.146156
130.613,104.05718
0.407,22.113379
0.45299999999999996,0.2923167
0.094,1.6960132
8.726,60.151676
0.127,20.398384
0.093,0.01395109
0.223,11.432479
20.347,23.998386
9.903,8.0327425
19.697,24.955204
20.177,52.823544
80.69,38.642776
9.877000000000002,12.916181
0.033,3.3526912
19.893,29.40664
5831.38,1429.366
58.644,541.2836
10.783,248.28471
1.723,28.444124
30.825999999999997,110.12603
0.703,17.802498
10.667,15.657356
9.057,154.97989
10.776,0.88236755
29.72,337.78125
0.093,114.04331
126.093,130.39618
19.753,221.99445
10.302999999999999,23.058598
1.017,45.337406
20.36,13.440523
1.5540000000000003,0.044572927
0.9569999999999999,4.5450125
0.233,16.764238
9.594,0.29772723
370.14,187.7543
0.31399999999999995,0.2626359
20.133,132.8957
21.267,15.420408
179.244,1015.57074
21.706,5.004818
9.796999999999999,0.08810354
9.92,17.201529
8.88,29.903667
0.234,0.6333744
251.06,102.65968
10.026,2.7542603
40.017,656.19025
10.144,8.997463
6.987,21.706205
0.07700000000000001,23.266083
549.87,633.5941
4.643,6.257449
589.727,79.8411
18.887,7.2609534
40.25999999999999,60.52533
54.653,11.389818
10.876,52.094883
14045.005999999998,6691.8916
39.946,0.3563966
10.073000000000002,86.415306
10.532999999999998,23.03887
7.867,0.29826775
7.987,8.603407
49.937,23.720364
151.11,53.87307
0.0,3.428338
20.743,42.23323
0.234,17.044008
0.233,3.764669
10.746,17.736557
10.087,31.209307
9.7,91.41682
0.25,0.12018277
9.977,0.3714538
0.61,14.623526
20.157,16.165451
19.61,4.338914
160.56300000000002,231.07455
0.06,0.52826303
19.07,63.293465
0.064,0.1329088
69.973,1187.1232
30.366000000000003,20.525967
9.984,0.6860782
100.19000000000001,11.107817
37.677,7.706143
388.066,72.76222
0.0,0.4466372
0.6600000000000001,7.0514197
1.3740000000000003,19.761963
30.064,12.26051
19.98,53.63802
79.793,64.83785
0.31399999999999995,2.536428
19.226,0.8558595
0.143,3.711182
0.347,2.2857742
0.22,1.7981118
0.217,0.36376598
9.564,30.012058
0.076,89.62647
179.9,390.03842
49.943,815.14624
1060.373,181.19159
0.097,56.35902
0.36,0.24749783
20.233,11.138286
0.03,18.916368
19.51,19.541002
0.014,39.141857
30.07,618.1282
9.796999999999999,3.275576
20.423,2.2157438
430.283,18.026213
19.303,0.19875972
0.11,0.96606
9.107,3.7723665
9.07,4.681451
9.35,0.7174799
11.077,73.15098
601.514,888.8397
19.447,10.769832
19.333,21.562416
9.88,1.4323591
9.03,0.09028406
10.54,19.308037
0.046,29.434477
10.057,74.41121
19.590000000000003,889.9757
39.967,165.56952
9.176,5.4227777
0.063,3.496693
40.144,49.609028
0.284,66.007385
20.384,372.4001
9.09,3.481687
0.33000000000000007,7.6439695
48.897,25.092155
11.177,151.46053
500.317,0.82198155
2011.927,386.0033
0.06,0.061531972
50.47999999999999,221.97318
0.07700000000000001,2.6140049
0.297,1.1745498
0.0,51.962692
0.204,0.4338604
18.427,4.6241207
48.787,68.739105
42.029999999999994,298.57214
30.210000000000004,267.33383
59.336999999999996,217.49977
40.064,26.627426
0.343,138.21799
8.723,2.6140049
9.744,9.427496
1.22,0.17564668
0.064,5.5821757
0.61,1.2908925
9.0,0.07793136
0.634,1.270291
120.797,540.7077
20.112999999999996,54.47997
0.046,1.139913
10.216,14.707461
460.05,57.98427
9.71,0.048556596
31.027,119.96171
0.33000000000000007,0.06849778
0.127,4.636801
18.857,41.703304
19.85,650.79443
29.41,1.7331063
9.53,3.333071
709.92,346.95477
9.273,23.796755
0.094,3.3941467
0.657,9.530244
19.56,15.186073
0.076,0.07563615
19.714,18.93251
10.0,19.987213
0.45299999999999996,29.437675
10.03,88.2906
20.047,167.73248
9.596,23.037418
49.293,2.2109525
0.283,17.239292
8.396,11.031482
9.846,44.804634
79.727,76.28254
0.233,2.6270368
0.017,10.859725
0.44,20.24054
0.663,22.620466
19.846999999999998,61.445404
0.08,37.709457
19.536,39.57639
250.29999999999998,589.1532
20.19,504.91803
0.437,16.825718
8.757,37.509796
30.049999999999997,28.606186
0.547,4.896769
9.463,0.9239289
124.317,109.41425
19.43,12.626651
0.216,31.460037
219.68,294.85245
0.097,2.0798209
10.177,63.610596
30.437,186.36375
8.687,0.26245236
0.08,14.130348
192.37,533.54785
20.55,17.47605
9.803,33.180508
40.0,7.3237123
16.013,18.554625
40.849999999999994,744.0769
0.12299999999999998,0.030254046
19.703999999999997,17.664171
10.010000000000002,17.785276
11.806,109.79289
19.03,237.55324
0.343,0.065585576
9.59,10.372367
0.344,24.643309
10.5,36.360077
30.643,38.24063
9.844,6.1222415
1220.163,1626.1077
11.217,131.51764
28.703,10.300267
0.2,0.38688365
8.643,21.551693
0.31399999999999995,10.067728
9.843,0.36376598
9.493,2.3781796
0.5,50.170773
19.446,5.274599
8.897,0.052814055
8.93,11.73428
0.047,0.34832877
20.013,26.955626
49.763,17.110132
89.846,53.1362
0.343,42.048565
0.296,4.5143924
10.186,0.071039386
19.857,14.659965
197.73600000000002,602.6521
0.393,2.4585595
4419.667,1325.1298
0.14,0.90831167
150.064,40.339264
8.35,9.367571
9.276,39.920605
0.076,34.064148
0.05,165.0072
218.86000000000004,58.557564
9.82,20.281828
0.05,0.052895155
9.054,24.539644
20.36,22.539608
0.07700000000000001,3.711182
0.05,4.373821
10.614,16.05217
9.0,171.63066
0.017,65.06119
0.22,17.244785
9.007,5.490406
59.72999999999999,1.6708109
8.49,17.565672
9.804,130.88205
0.07700000000000001,1.3623525
0.484,0.011261665
9.815999999999999,56.373783
15.779999999999998,213.05888
19.743,30.685661
40.377,157.80449
35.173,21.727724
0.83,0.024400027
0.8770000000000001,0.033804525
8.856,52.00617
0.43600000000000005,25.131464
0.717,0.1385312
20.25,687.77435
0.313,0.7192789
9.127,1.920047
19.88,18.444138
10.683,8.150732
0.7500000000000001,0.04459546
9.616,0.010789516
38.924,1173.2507
0.12299999999999998,20.593527
10.12,10.825639
20.687,173.68907
0.796,109.02776
159.617,401.15878
9.406,20.458244
1.207,21.04024
29.76,7.666158
9.943,2.642227
9.393,16.708757
0.05,0.8136616
0.36,0.02547236
2.16,17.115517
8.897,82.671036
1570.853,523.60046
79.69,691.05865
9.656,0.1860464
0.0,35.579952
0.61,51.71741
509.2029999999999,938.14197
60.73,97.41859
9.7,31.087337
0.094,58.56752
0.15699999999999997,0.06849778
0.033,51.303032
10.17,96.33765
9.89,31.970201
60.913,299.93048
19.667,1003.4215
10.5,2.0869474
9.65,25.156628
20.754,52.329346
19.867,410.89734
659.934,224.70186
10.496999999999998,9.999693
0.27,54.088165
49.95,75.680115
9.806,5.3357124
28.624,0.39786062
19.417,31.89725
9.95,50.727726
20.19,2.1231768
9.464,0.17407769
10.913,0.18295205
0.71,0.23844665
110.63000000000001,153.28357
8.26,0.6339865
19.277,17.23728
9.777,24.179485
9.753,15.776637
9.804,15.716452
59.296,11.980708
0.534,0.28254014
50.093,352.89282
9.66,4.787439
0.373,0.06594389
1.65,25.35908
0.287,0.9432597
0.093,13.026564
961.107,396.1001
50.24700000000001,34.85444
0.03,0.26372367
80.167,100.62216
10.14,0.19890404
10.273,0.16183576
40.13,515.92633
210.113,831.12085
0.0,93.987946
80.393,190.06102
409.0369999999999,162.45976
0.534,0.03139072
90.24,12.36237
41.5,214.33047
2.6100000000000003,23.64955
10.627,4.3228655
9.832999999999998,13.187935
9.993000000000002,33.199944
19.803,20.72685
30.597,183.47661
89.043,86.53066
15.084000000000001,32.241955
9.126,3.073978
9.173,6.5820503
19.813,294.6465
20.31,19.75492
10.974,19.275423
0.143,75.17616
0.28,10.521789
0.06,11.175321
7.73,0.07979808
0.41999999999999993,81.09951
9.923,1.6022631
0.394,17.651398
20.103,10.461582
140.19,157.53896
9.943,40.441723
1128.71,507.85413
4.314,9.051171
9.327,4.1499047
10.137,3.5997698
19.027,0.743346
0.36,10.680544
0.487,10.347751
20.81,100.65538
8.167,19.669996
70.257,8.112592
0.263,0.19018386
699.913,334.4269
310.54,362.0247
9.637,16.309338
9.07,0.40194887
50.107,15.455839
9.896000000000003,232.01508
0.034,3.9682622
9.912999999999998,14.470479
0.0,24.411076
0.097,45.48836
18.917,75.37912
0.44,0.15051089
0.11,7.4343066
11.033,0.646191
120.587,32.47491
20.095999999999997,100.0756
91.22,33.34569
0.013,3.9682622
9.963,25.922337
0.097,2.292157
20.25,15.700831
0.186,0.19018386
9.657,2.0583792
9.75,75.65817
19.46,257.02216
19.72,69.49139
0.064,23.624767
19.817,0.6437792
259.223,356.50626
19.4,0.21163975
3.46,194.95854
191.11299999999997,100.95019
9.83,1.787026
9.776,32.948246
10.927000000000001,0.030642362
9.61,0.18267463
0.944,39.265232
29.963,21.339125
0.237,0.0468551
30.457,83.041985
0.487,19.348122
9.19,0.039444376
9.586,15.935097
0.17,16.017956
949.0959999999999,532.53485
3.843,68.74398
0.313,15.682633
39.833,459.67786
58.919999999999995,7.126563
9.987,56.432655
0.063,5.8566327
0.127,4.0431385
9.444,1302.66
0.063,20.178997
0.107,38.489098
9.813,2.5985134
0.033,15.286616
10.54,22.080664
20.25,456.51947
20.557,44.278152
119.63299999999998,243.87727
10.42,71.17847
0.08,25.663939
59.71699999999999,189.08214
99.38,1149.1874
10.54,71.97035
29.42,17.23728
19.859999999999996,783.79156
70.183,327.76373
0.033,27.000044
58.997,0.74575734
0.2,14.927951
18.953,1.004169
9.89,32.725536
0.28,0.34550205
10.196,21.403864
20.087,0.050073016
0.267,21.4685
48.103,98.33924
401.0,525.31433
11339.644,3898.489
9.92,23.571056
231.09,74.56615
150.947,155.06119
19.15,522.7075
68.743,159.05885
99.884,1372.2399
9.437,0.00834439
9.7,0.13994724
8.954,1.3496255
10.82,83.0978
39.923,12.157084
18.657,43.78443
19.967,19.549732
28.42,108.22874
9.35,317.4817
0.22,0.45159352
17.77,20.18012
0.106,8.072669
19.214,0.30493692
9.74,0.09547788
8.91,31.275053
9.786,5.155874
29.636999999999997,14.464336
40.797,3.1542428
0.11,12.9821415
1.076,35.912823
20.333,56.087814
19.686999999999998,59.02384
1.11,37.571712
0.907,16.412233
0.9399999999999998,14.720455
15.406,54.645653
0.07700000000000001,1.2834734
29.86,1239.6344
0.12299999999999998,103.53243
10.066999999999998,262.5535
67.017,26.904852
16.2,1.2213192
0.0,0.0900415
20.875999999999998,49.665096
0.14,41.984386
19.047,7.6387377
0.03,12.981311
8.29,40.37792
3.017,1.9355336
50.150000000000006,81.77743
9.76,8.823373
0.61,0.05999742
9.75,2.7542603
0.28,0.94545907
0.013,69.21325
20.024000000000004,269.6097
20.829999999999995,65.39454
8.977,58.24132
0.013,28.947447
10.023,9.660408
9.463,188.71057
0.047,60.63482
230.403,121.58124
53.667,1627.0364
29.767,0.14392564
8.264,20.898708
0.08,3.496693
79.81,573.6597
0.407,0.052895155
9.707,6.0966444
30.274,95.53584
59.57,199.49788
0.593,10.226447
0.15699999999999997,2.781112
155.61,180.0612
29.947,61.92713
8.65,0.75822824
19.11,89.00076
259.577,553.86957
0.393,3.8421252
10.82,1.2834514
398.63700000000006,54.280033
19.503,6.581348
25.707000000000004,92.831604
143.823,5399.027
0.657,111.69778
8.91,23.043554
30.656,44.0875
39.867,29.447737
19.196,20.357306
198.84,736.9586
20.913,4.2541604
9.917,17.32359
8.943,0.7141377
9.887,0.02245017
1769.264,69.034355
29.787,14.333645
0.03,12.202788
60.546,5.9547434
29.916,22.776743
60.873,3031.9219
1.063,9.803673
9.243,28.019129
0.563,40.7874
0.517,93.17784
120.3,160.63475
60.373,76.82506
9.783,51.309505
320.087,419.18204
8.713,0.84440875
19.703,35.737347
0.017,112.05947
279.447,259.9177
259.857,44.382496
1130.103,255.5637
10.897,76.37135
470.093,17.906046
11.417,23.74374
0.127,8.47397
10.24,35.29322
399.77,826.5895
9.96,7.6668386
18.983,0.065216646
509.087,741.3088
0.36,4.3603244
0.047,4.8488274
8.28,20.086739
0.143,30.21922
0.467,59.436977
0.376,0.1962872
30.153,14.680061
1.193,0.044554483
70.834,16.378881
0.14,0.03627319
9.767,7.2609534
19.0,4.434124
539.777,84.85467
21.204,12.567815
969.083,318.6558
30.27,6.9168234
0.106,63.850098
10.1,177.92905
10.07,0.023633288
9.443,18.160265
0.204,0.40194887
25.187,92.00561
5.833,1.987072
0.847,1.5188149
89.537,1.9994256
30.424,231.58736
10.433,5.8566327
61.65699999999999,2326.506
181.893,161.69429
9.777,24.621418
120.907,410.11246
129.76,237.88228
0.567,4.636801
9.447,0.322682
19.939999999999998,17.342154
9.597,2.0990968
10.46,3.1247234
99.19299999999998,17.657675
0.07700000000000001,23.805428
7.617,23.980505
0.907,15.757728
0.14,0.2961087
430.314,529.6927
0.127,0.3627136
0.14,4.1115675
90.637,8.814771
57.657,1070.4375
18.833,35.74094
9.873000000000001,140.18152
10.0,26.480572
19.944000000000003,31.395678
21.153,71.44235
0.5,25.174593
250.076,69.07934
0.08,12.554416
8.85,16.386843
0.297,28.238651
9.053,0.32654232
0.047,0.8735872
0.0,150.68347
30.107,65.74349
9.33,0.13790283
29.85,20.725792
0.127,0.03862181
50.244,58.400387
9.6,1.4454774
9.32,45.968285
8.926,0.7222483
9.687,44.889866
190.09,0.1682631
69.894,211.9014
80.743,20.00201
29.940000000000005,15.465286
9.907,16.227028
0.547,0.50984246
0.25,176.7912
9.99,41.463314
40.273,36.49207
0.153,12.472598
9.923,21.33874
10.027000000000001,1.3921045
7.83,0.09893336
19.613,0.046347708
0.076,32.907642
50.23400000000001,0.030707363
12.877,4.9777355
629.9669999999999,425.96082
13.83,9.525974
9.176,0.1296889
9.254,3.2218955
170.187,146.85043
8.91,0.052895155
10.203,51.616795
10.8,14.4032135
19.76,15.062813
0.143,1.0231442
10.319999999999999,80.73612
9.487,1.3999981
19.167,22.48756
9.62,10.309267
0.673,3.0806098
0.313,0.40818948
30.142999999999997,47.86433
69.867,314.6052
120.197,321.82193
8.477,28.501097
9.607,0.23179916
0.204,19.580477
49.327,144.0862
19.31,401.02365
0.11,35.982437
239.87600000000003,47.57429
0.064,61.94651
8.17,144.68501
219.763,0.33070266
19.567,0.5471628
20.067,0.32877842
10.456,7.619396
0.313,0.042916335
370.107,1789.3572
0.8770000000000001,1.5769391
21.04,92.92831
19.276,53.152355
9.976000000000003,0.00897355
0.297,0.012986373
0.39,4.4135346
19.396,20.897718
9.824,45.370922
10.234,15.622141
60.187,10.816817
9.667,0.14846146
73.266,136.3587
0.11,137.19121
40.564,5.8361015
741.566,208.20589
9.843,20.047068
10171.544,2702.3433
10.17,19.21831
10.153,26.482828
0.72,40.7617
59.03,35.64884
29.523000000000003,514.7188
49.477,50.479923
19.57,1.1434689
0.25,0.11823547
0.097,16.805809
20.04,4.6817584
0.267,22.020618
10.257,59.48366
0.033,8.881715
10.616,18.506052
0.127,7.081883
0.047,3.8024035
0.25,310.18674
0.12299999999999998,0.34130985
450.31699999999995,247.72083
2.047,19.831709
20.222999999999995,7.819708
6789.676,94.39508
30.062999999999995,0.07376528
0.187,7.7337766
9.607,31.83665
8.826,4.8563476
190.797,525.8067
99.93,47.468777
0.407,1.4602218
0.563,0.45541415
9.463,0.05821615
9.813,232.42108
2311.0,292.937
29.75,353.8318
20.184000000000005,18.130402
10.027000000000001,0.90821296
19.827,0.98028153
219.983,223.43689
1680.82,401.97986
18.853,50.476074
49.89,55.104008
10.03,149.70633
50.14,313.3746
9.813,7.296981
8.667,27.501982
0.03,21.285069
9.317,16.704586
6345.653,3828.9844
41.143,0.20100604
19.057,368.965
48.833,2.982906
0.25,0.13790283
10.547,0.4936153
9.267,0.020607313
20.033,16.429337
10.47,0.6369525
20.797,155.67653
139.913,116.11881
590.9,228.4194
9.423,72.400375
0.173,24.876432
50.040000000000006,15.622141
0.11,60.525387
8.92,10.845394
70.32,1144.7594
9.55,0.18164173
59.027,6.0316625
110.987,1652.8519
8.897,25.158035
8.103,580.6317
20.013,15.214615
10.983,55.49452
0.17399999999999996,51.473827
9.526,0.2187253
19.833,34.972168
9.849999999999998,1.5617635
0.97,13.251075
9.96,16.538996
0.126,0.04996259
0.72,22.194534
610.22,1032.9421
0.0,16.135525
19.256,11.562878
19.696,297.42365
1.064,7.0674334
0.0,0.9013782
150.103,929.97296
78.943,62.3555
80.26,161.34784
119.66999999999999,23.140928
6.974,0.7203895
9.52,29.034561
0.347,33.69464
9.997,1.3728538
0.36400000000000005,75.22903
1.11,43.645332
0.517,0.052369237
53.096999999999994,704.7741
9.643,20.661648
971.25,524.1885
9.984,52.11879
1.08,0.4748535
0.097,18.953386
0.106,1.6688542
0.0,0.32910815
1120.646,182.90962
8.76,53.75685
20.554,69.93505
31.317,63.188847
60.017,155.13722
0.827,18.684631
519.827,246.02167
214.686,425.4981
19.024,13.903623
0.076,22.219957
0.093,0.06285213
9.43,12.554416
1.303,3.4276807
7.264,10.211656
0.783,0.57561517
19.686999999999998,9.683675
0.487,9.945543
48.287,29.095303
0.034,0.06301767
9.19,19.57204
0.296,14.887439
0.093,1.987923
0.204,4.997816
8.51,7.766498
0.297,1.9739966
8.716,20.879314
30.12,0.25777036
8.88,31.5181
59.85,1.694765
8.97,0.106228575
30.207,135.17993
60.423,22.932222
0.327,1.9355319
11.397000000000002,50.003483
0.72,65.17457
0.343,57.080555
10.606,0.39793497
29.940000000000005,9.459379
0.31399999999999995,8.386285
0.047,0.80837137
0.033,0.33206376
0.22,0.065585576
8.594,11.645554
21.423,28.35414
20.896,21.875462
30.056,12.599473
11.013,31.408615
81.293,1016.54694
0.126,29.555271
18.343,20.156881
0.45,14.50238
0.89,0.24040529
0.203,1.5736071
0.233,0.28444472
10.669999999999998,26.15426
240.08,82.4524
0.974,0.20562482
30.3,5.1399455
10.003,31.467712
9.63,61.94651
29.563,0.50931954
119.34999999999998,2611.1416
30.553,16.917648
8.863,193.53363
8.84,0.07220277
9.1,10.542464
8.943,1.6900797
60.557,425.62277
9.763,55.368034
9.786,0.8735872
120.757,0.11359245
21.390000000000004,1.8026752
0.17,107.046005
0.33000000000000007,0.037950546
0.253,438.85846
80.10600000000001,14.722798
40.057,1.3654727
3062.21,460.48938
9.703,5.486889
9.55,4.5116124
0.017,0.38688365
0.39,0.7485989
389.443,252.0132
0.923,21.51783
5.973,16.977087
221.103,129.49821
99.95,750.7004
0.15699999999999997,0.5618555
0.657,84.38265
140.007,304.69348
10.273,16.729053
129.986,27.59684
0.063,0.50883657
2251.574,560.44073
9.17,0.34130985
29.72,26.70022
72.623,1219.3444
10.02,72.719154
19.913,57.880302
9.854000000000001,0.12556954
329.794,1164.1042
0.0,5.9618683
0.217,8.369238
21.28,58.275173
20.756,0.08295678
0.144,53.959587
9.197,26.667656
0.843,0.012297477
10.413,35.765915
0.363,16.455786
10.886999999999999,43.98506
0.28,232.44586
7.27,0.012772179
0.016,2.8310616
0.863,346.95477
10.25,1.4282372
5026.616,4003.8516
9.06,2.1071472
20.31,0.2730809
19.663,223.68526
0.064,6.659593
0.55,24.591219
0.08,0.026217978
39.91,950.19855
0.11,0.1385312
10.437,14.662367
230.237,1.0495236
60.33,452.92517
231.55000000000004,0.03342395
79.956,102.521164
24.853,152.85306
1.897,115.21666
0.22,9.817431
1.453,17.801737
271.05,346.7803
10.19,0.0087095555
0.25,5.8790193
0.313,13.41364
8.927,21.285069
0.06,314.21387
49.983,101.8745
20.23,34.98742
13.697000000000001,190.71576
0.14,59.059982
0.0,55.600327
10.066,57.73709
8.064,5.9100385
0.06,2.8382385
39.863,47.705933
0.327,39.10954
1.177,0.047529865
9.663,5.649475
1.77,2.1694384
2770.033,55.008812
508.147,721.9449
5.836,3.486578
19.923,16.526388
446.0299999999999,466.66547
8.973,18.311687
0.064,8.645123
19.699999999999996,143.11311
10.513,15.721012
19.433,25.050613
30.07,29.444271
9.647,12.084615
9.953,7.3175907
99.923,10.830639
0.017,23.92982
0.39,0.10706941
10.14,25.121576
299.893,26.178877
21.156,138.1778
9.969999999999999,2.745064
20.020000000000003,1.5198278
10.766999999999998,24.591219
0.796,1.4145279
0.08,0.07150812
18.84,0.04493023
10.19,39.084293
169.233,83.53359
8.82,12.744751
109.213,7.2578998
9.757,0.058179125
10.203,26.408516
27.827,55.49452
9.087,10.226447
9.59,54.213127
640.693,590.1369
80.243,100.677826
161.16,355.5105
0.423,50.754196
11.167,78.209045
19.973,29.520594
41.567,21.210033
60.164,12.8556795
0.17,1.6366254
0.694,0.5319378
9.877000000000002,8.869545
40.52000000000001,87.975525
8.76,0.24749783
0.547,5.365463
60.123,65.526985
7.876000000000001,26.006565
170.707,2120.8672
0.11,23.07438
9.38,5.999787
0.034,28.501446
9.98,2.3684995
0.153,98.12551
0.187,81.66182
0.063,0.80837137
11.065999999999999,44.687843
99.853,92.765434
39.623000000000005,34.437317
0.07700000000000001,2.6934628
9.257,0.021952353
1.297,110.502884
8.754,15.794551
9.817,3.6195447
0.893,24.501759
19.83,37.7694
9.42,47.366993
99.80699999999999,91.66099
0.38000000000000006,20.98322
90.043,17.823105
0.127,2.2446418
19.47,0.025289102
0.06,18.958492
11.957,20.572456
1119.847,141.5559
0.36,2.7086134
59.943,67.79192
9.877000000000002,21.330055
69.23,54.585293
19.527,266.947
20.587,150.76903
39.867,25.171066
9.99,0.064528935
0.09,10.372367
20.01,3.707425
0.0,15.598294
19.263,54.729935
8.383,1.7687238
9.74,43.98506
7410.063,2276.808
0.156,22.314348
0.533,0.17912261
118.967,286.0778
0.156,23.868307
0.25,14.029481
29.527000000000005,12.084973
0.187,24.640078
137.496,87.25398
0.14,0.38294312
0.064,38.76083
10.68,6.093285
127.6,71.61046
0.19000000000000003,0.012805767
9.267,21.495707
86.303,145.84164
0.546,5.524472
29.85,120.75745
199.82,10.429782
40.177,93.20722
30.257,6.6241207
0.234,0.051610056
9.68,0.14412796
20.357,10.882806
6.77,0.11137321
0.783,89.56232
20.3,105.37538
1.64,0.04918241
9.07,20.649136
10.333,10.819193
60.143,22.858831
30.513999999999996,0.17650779
0.376,11.5187
9.227,7.113373
0.113,12.639454
0.284,0.05885623
0.373,25.11825
29.953000000000003,1.0000081
278.93,396.2198
9.993000000000002,416.98514
849.4299999999998,807.5771
20.074,30.68433
0.344,2.905873
10.827,1.3106719
9.323,15.359756
0.393,1.1030527
469.146,21.540867
1.127,96.10443
3309.8269999999998,745.00543
10.026,9.621966
0.047,3.0107806
10.14,5.9547434
0.83,25.204723
8.05,91.61526
8.07,89.96453
8.593,13.867611
18.513,80.90793
0.143,0.34130985
31.164,26.231897
8.98,12.2261715
8.833,1.8972372
40.606,13.712704
9.443,0.040418647
0.173,26.867834
10.217,94.37053
19.287,0.039942235
18.747,16.88584
19.303,31.765644
20.643,26.917776
8.92,12.8294
0.0,50.98803
10.697,64.84924
148.573,199.27707
11.163000000000002,129.5798
19.76,0.13141201
0.03,7.6381984
19.024,105.354645
40.153,14.643133
9.654,19.056248
0.367,0.049387764
20.144,1384.547
19.8,29.20937
9.66,0.61213046
0.487,0.42712155
21.2,65.67758
38.76,47.548786
80.656,10.924898
260.68,283.27872
9.969999999999999,0.48648238
149.95,11.906917
29.379999999999995,0.028489456
99.614,93.38872
0.483,20.230923
0.097,0.65184814
0.36,5.490406
49.720000000000006,19.807669
159.93000000000004,46.38888
18.66,20.395678
6020.96,2596.5962
8.4,5.9618683
0.14,4.868063
170.096,10.290373
20.39,137.00917
9.597,7.189244
9.84,16.465767
0.187,19.928514
0.28,0.4936153
9.683,125.89591
0.14,21.02313
10.16,12.654128
0.253,15.716452
20.267,27.17234
20.523,101.196175
181.083,781.96893
30.017,190.2949
249.00299999999996,173.54416
9.537,0.35729158
0.64,7.860839
279.63,79.45445
0.233,18.164213
0.12299999999999998,0.30413657
7.853999999999999,9.373967
18.906,0.61734164
70.096,82.48405
1.096,0.041102424
0.187,0.18266542
0.12299999999999998,0.08135628
16.3,120.31067
9.11,5.5283875
9.994,3.1846902
18.86,0.90301454
79.05,91.11505
0.093,0.5847504
8.924,26.955626
0.45299999999999996,0.0549644
0.07700000000000001,2.7755854
0.127,2.167821
0.31399999999999995,16.225765
1.11,44.157944
9.107,18.054922
9.236,55.865997
0.41999999999999993,15.258574
29.834,328.8943
14.44,24.227663
9.357,1.6844095
20.076,520.4981
6661.84,717.17664
27.277,441.5135
31.289999999999996,62.60454
0.047,38.48741
1656.603,2155.1455
30.285999999999998,32.41541
4.74,725.1741
9.236,67.47306
0.127,0.23910955
3879.85,954.4612
480.06,1029.1532
29.857,4.1511354
0.11,18.863268
19.83,5.5702124
9.87,59.45113
11.447,32.790073
0.033,4.2479706
20.003000000000004,1032.9395
0.017,1.191304
24.507,8.628307
40.707,17.09199
123.723,209.38776
9.62,62.99683
19.817,24.463467
19654.913,518.6684
9.013,0.096098326
29.913,11.012786
1819.94,2209.3545
89.164,156.12082
30.45,32.425358
0.17399999999999996,2.7249036
40.264,32.549088
11.017,199.55214
0.0,1252.8353
8.59,0.011627676
28.53,246.64247
0.15699999999999997,0.94545907
0.17,2.434218
1179.737,346.71606
20.095999999999997,1981.8434
40.21,30.041605
381.607,124.540016
150.264,378.97388
9.763,1.1192471
8.87,184.16702
18.557,0.7374728
10.797,37.253178
10.39,0.5709282
20.703000000000003,268.4826
9.003,0.084931575
0.25,221.77876
80.377,288.74646
9.983,53.12529
10.407,6.871399
20.6,1.0724043
9.59,21.174917
0.033,0.78203154
10.024,63.174706
19.3,0.1688975
0.047,0.29467648
850.94,91.89237
0.017,14.9800005
20.09,11.930473
1.127,0.04267883
59.69599999999999,33.087967
9.47,72.95857
8.897,3.474036
0.973,16.302658
0.253,14.712058
20.213,761.6429
9.213,0.89216834
239.48300000000003,20.542631
1969.933,3322.1204
31.284,32.362537
2.5030000000000006,13.550582
29.187,44.40078
19.094,107.35387
1.037,0.021097548
9.81,0.3639645
9.596,3.1879714
30.04,178.06854
10.023,18.576624
10.763,14.574878
50.12599999999999,27.342356
620.07,1376.4995
0.403,58.24132
10.262999999999998,15.848463
20.183,708.2656
40.21,28.523048
8.563,17.823122
0.256,1.2426771
9.64,0.014861388
80.04,0.3849753
8.0,48.206974
0.33000000000000007,0.28501037
0.064,1.3999981
0.203,82.50674
177.526,395.96814
0.187,7.2240276
1.004,25.05132
7.795999999999999,12.847236
10.023,0.053062648
0.8129999999999998,28.698778
30.283,163.1872
15.18,106.485565
9.929999999999998,7.8620157
29.763000000000005,18.866539
0.217,76.19639
99.307,142.32014
3039.877,1335.5095
10.25,22.217957
12.033,20.155573
0.093,0.20562482
0.12299999999999998,2.8066542
10.476,32.75201
0.563,0.008095808
40.53,117.29593
16.433,41.746582
29.876,14.9800005
10.487,1.9813442
0.016,16.604618
20.673,2.433134
30.036,60.50843
0.11,1.0169274
169.91,0.028865969
29.783,50.477158
10.846,0.027470462
0.22,0.7893265
1009.873,130.9772
9.987,42.217205
19.733000000000004,19.566631
0.237,28.64241
59.567,251.8529
20.456,6.8401537
8.956,42.78523
0.08,76.19459
10.26,36.136322
19.477,12.323867
8.424,26.56369
9.337,6.401023
10.563,6.476297
8.876,4.2479706
20.08,262.60562
9.86,4.373821
0.25,1.492434
59.91400000000001,20.083351
10.279999999999998,2.2863388
64.757,63.90301
13540.847000000002,2297.4717
10.693000000000001,6.1101637
170.093,210.55716
29.472999999999995,38.69998
2709.2399999999993,485.4005
3.44,67.90131
0.124,14.613567
0.7060000000000001,91.42603
39.22,358.59995
8.927,2.5169406
27.913,236.08092
19.946,58.99116
99.773,207.79184
29.69,24.486563
9.17,20.987719
0.313,1.4831847
8.884,49.781887
219.197,295.71625
60.31000000000001,24.940374
80.113,196.75468
0.487,15.896824
19.31,1.1127273
20.374,734.2307
39.973,4.190933
29.649999999999995,12.797445
31.276999999999997,16.405014
1659.287,334.88998
59.82,30.405697
859.077,418.76984
0.533,9.495777
19.32,0.081965834
9.903,24.8988
9.44,0.48456544
20.24,21.762554
0.39,159.72899
10.3,22.390951
0.017,12.643733
43.173,94.5944
39.903,26.356916
9.583,27.902576
20.16,77.06379
0.19000000000000003,6.4489317
9.55,83.0297
40.283,33.719837
1.58,30.530895
0.173,0.17399552
19.173,135.80347
229.596,139.2696
11.887,4.806453
0.876,0.80824405
1.047,15.435926
9.083,66.162926
8.897,5.3239627
11.13,28.566195
9.99,0.088147745
19.677,0.3748855
0.14,12.129264
7.813999999999999,141.96686
59.77000000000001,14.979813
0.58,276.4303
11.449999999999998,118.04407
19.407,13.976985
121.247,449.25732
0.093,0.41759953
0.047,0.18143775
0.064,20.873482
9.694,273.99838
259.857,199.0535
0.093,623.4161
8.396,0.12809551
9.663,17.451397
1.847,23.623642
9.813,71.21891
1.193,24.487446
0.19000000000000003,20.849373
20.773,318.0534
9.077,24.356043
1.367,0.06771364
17.823,0.18363373
10.85,63.787212
769.286,630.45404
9.053,3.6292737
110.577,1237.3021
0.126,31.89725
10.51,62.493874
9.933,4.4135346
9.823,0.4212643
20.024000000000004,29.408966
49.917,62.348373
340.083,40.667183
20.913,12.670762
0.11,55.669224
7.970000000000001,19.107779
9.41,15.550007
9.28,16.039274
20.247,5.3440185
200.273,662.33984
20.116,52.961243
19.81,104.192276
11.552999999999999,654.50244
0.703,31.745039
48.707,77.06374
0.063,0.6732822
0.08,1.2752297
0.313,19.506407
0.17,8.955857
9.646,34.364845
10.073000000000002,56.7101
670.773,46.643063
10.010000000000002,0.024743438
9.784,1.3982433
10.560000000000002,4.5471625
1.443,79.26266
0.064,2.860214
39.50999999999999,19.53226
60.114,32.68303
194.153,5.160364
0.5,15.091618
8.467,10.666124
549.0,486.2207
39.91700000000001,34.91504
79.713,0.5824446
210.294,64.1929
19.897,149.93906
40.06,76.12995
0.094,59.797226
0.533,87.35515
11.693,179.8209
19.77,13.91609
0.033,4.5116124
18.266,54.50576
210.334,336.18076
0.204,20.267778
39.843,36.736652
0.094,12.3561735
9.76,0.19757406
0.8,521.86914
1399.99,65.982666
19.627,68.490616
0.437,19.558239
19.584,0.058179125
8.77,3.362575
50.03699999999999,135.85835
10.57,24.837416
9.54,2.6880183
210.193,269.42804
11.27,12.818118
8.743,28.923206
0.17399999999999996,7.300099
10.013,26.018715
20.24,33.20752
19.763,0.22805229
9.973,130.59477
0.187,4.323888
10.18,59.736668
0.236,4.4135346
30.19,1343.8904
10.167,62.595444
6.642999999999999,65.67326
0.547,16.964096
99.963,82.1778
89.86000000000001,26.554443
8.563,20.038797
0.17,1.492434
9.703,26.628492
9.987,24.93623
20.51,149.93906
18.874,27.371922
9.907,0.48953307
0.047,4.8931384
18.66,14.906324
19.96,87.73714
10.273,73.92839
1.05,74.08613
9.58,390.685
21.073,41.336334
10.297,22.456266
199.213,243.92468
10.3,0.33520254
9.46,1.1714019
9.95,4.851242
70.22,34.454746
29.72,19.646875
10.76,40.12753
0.233,9.075158
9.59,11.459935
7.46,27.23077
59.779999999999994,0.1535787
0.7500000000000001,36.819546
20.25,45.138268
49.16,0.03817495
28.793,8.552967
8.71,73.586044
80.014,106.726776
10.083999999999998,0.6482236
9.213,2.974478
0.0,0.8731997
0.503,1.0192537
231.023,23.721088
0.06,10.368728
250.153,370.85028
7950.026999999999,403.35333
49.019999999999996,325.6646
0.343,0.21271579
60.84,55.712345
0.267,5.1748323
29.937,73.521416
9.726,20.696596
19.62,15.465286
0.936,1.8667241
9.73,1.830793
49.52,277.43945
0.033,15.2368145
0.22,36.781906
9.887,0.17765549
10.12,12.951658
19.750000000000004,169.15088
9.563,61.05577
0.0,25.191074
0.12299999999999998,0.37810078
10.71,103.056694
0.17399999999999996,18.876677
0.063,3.0993688
19.453,29.233572
59.766999999999996,0.2506073
2627.16,855.20026
20.196,0.021097548
20.417,17.801737
10.367,14.174475
20.16,112.336525
70.8,4.678978
0.127,0.17931779
619.33,98.61172
7.997,44.804634
16.74,381.42255
0.047,0.08857978
0.437,0.8808082
29.593,25.31976
0.106,7.9053135
19.859999999999996,838.79645
0.187,1.1762568
19.737,19.040514
9.363,1.920047
10.714000000000002,1.2857718
20.49,7.635963
10.085999999999999,0.11823547
18.83,17.984238
10.597,14.888892
8.22,12.6507015
280.17,22.992867
8.663,31.793566
0.17399999999999996,0.14308465
868.967,710.0541
29.28,334.03925
260.13,187.76921
0.203,25.98604
21.037,42.33439
8.967,0.012622418
9.46,0.43755597
0.14,0.10277162
0.56,9.743372
20.24,139.95372
19.887,0.16560958
59.129999999999995,1762.5554
551.983,175.79266
40.66,8.047501
10.53,0.46400538
10.157,9.1754055
0.657,75.29099
9.79,9.401133
11.369999999999997,0.013029692
299.146,108.46543
10.0,37.474056
1625.43,43.9505
18.557,438.85846
21.47,42.436848
11.51,50.818115
19.836,130.43127
0.407,126.881546
0.513,1.9322675
0.14,15.524351
9.823,57.29058
9.42,1.6987132
9.61,0.5693911
356.647,1006.65717
749.753,42.48535
34.973,177.03905
0.39,54.05518
19.217,30.012014
0.076,21.155502
9.836,54.20033
1.314,40.349342
299.023,1646.2283
50.36,14.936355
18.964,110.76862
8.733,4.2163877
9.436,0.31571648
515.507,350.95035
70.187,6.271935
20.103,0.061531972
719.4869999999999,14.824
0.33000000000000007,2.1772225
8.33,10.447738
0.25,9.075158
8.253,0.916433
88.95699999999998,92.85607
0.047,40.410007
19.41,203.73796
0.797,2.300046
1.566,19.811546
0.037,4.5035915
9.673,28.360504
30.0,37.639893
30.79,24.596613
0.17,3.8518865
9.96,26.086475
18.873,19.534204
29.810000000000002,231.54675
1.194,53.60774
9.573,24.582691
8.514,0.016030865
19.88,18.200766
20.0,6.814959
0.516,157.57904
0.03,2.5157046
0.0,7.616439
9.596,34.515373
0.047,18.554625
230.02300000000002,293.12967
0.20700000000000002,1.1030527
0.41999999999999993,1.0187533
1.143,0.025568228
8.733,225.2897
10.669999999999998,5.864188
29.927,2.744949
10.623,50.297726
0.204,11.469706
5.5329999999999995,36.003098
0.36,40.06698
60.043,195.64471
8.42,1.5909715
11850.947,2945.9954
10.473,0.25567466
20.013,35.583004
0.03,57.392212
69.727,42.09364
0.783,39.72586
1.143,16.530073
9.28,59.810207
0.15699999999999997,0.2241192
20.95,3.672229
0.64,0.43133152
9.637,2.68004
0.14,29.132923
0.124,38.034966
19.807,8.97611
19.476,15.927483
0.17,19.705889
149.837,24.48486
61.16,688.69934
0.046,0.112017006
9.857,0.059035663
18.907,6.225733
10.344,2.408941
0.4699999999999999,15.421467
0.0,9.939407
10.187,11.442662
0.124,10.845394
9.407,26.53241
0.4699999999999999,53.441612
9.673,27.867552
9.849999999999998,1.2626193
0.186,0.4535612
20.257,5.843167
10.319999999999999,153.09015
39.88300000000001,186.22229
0.013,94.857834
0.093,20.173853
19.244,1.0363147
0.913,17.257076
19.11,10.521789
30.226,77.88255
0.03,2.281034
1.92,0.0052698646
9.75,7.7939677
42.842999999999996,55.052002
1.717,16.408152
99.573,58.239166
0.127,6.446397
8.39,1.2467344
29.31,261.20303
20.47,4.745275
0.064,1.2679962
0.143,11.512564
21.696,23.799397
19.543,205.80916
9.846,4.91899
69.077,60.51325
9.133,0.12556954
47.666999999999994,68.70956
0.064,17.137949
3.7699999999999996,18.65214
10.167,43.192
9.986,60.63482
309.97,157.79422
140.313,152.36061
0.07700000000000001,3.2222114
0.25,0.03593339
0.017,0.7174799
0.407,0.16092202
0.124,1.3999981
0.927,3.3749528
0.06,1.6023562
0.25,3.8233063
10.72,0.7145874
79.78700000000002,0.3111293
9.796999999999999,127.013916
2704.0430000000006,2235.6816
9.766,80.47876
0.343,0.13414887
0.017,0.013366161
10.114,129.10115
9.784,2.4709315
18.803,22.462317
9.186,3.2222114
9.497,0.3120112
13.42,0.046301626
9.147,32.948494
18.183,20.178997
0.3,21.631334
10.16,0.10341719
10.066999999999998,11.207118
0.97,16.00992
8.07,1.1657562
69.2,11.39502
230.153,737.64606
940.226,530.7138
9.1,97.97617
19.477,15.396186
9.437,27.67322
18.527,69.95287
11.316999999999998,10.306345
30.0,1.1002865
39.606,2585.6196
1.296,9.223631
0.03,0.26404682
0.406,11.702084
1369.97,204.84251
23.139999999999997,21.420904
9.694,44.90888
0.204,0.3546329
0.283,0.61368173
0.547,15.566497
30.353000000000005,18.218933
0.07700000000000001,12.91617
90.12700000000001,148.77867
9.969999999999999,7.793945
0.017,35.164356
0.517,12.125715
0.17,0.46959132
1.19,0.032717258
9.72,97.51582
8.91,6.5356407
9.764,26.144743
9.683,8.462527
10.857,26.963232
40.353,45.27284
8.967,18.82641
19.05,0.3537402
0.233,4.2756295
20.136,290.21783
0.283,0.056624904
9.713,77.06379
10.057,0.2518169
0.847,19.318815
39.763,0.43227494
19.756,378.59442
9.75,0.019743416
0.673,0.09894507
0.377,39.113117
9.083,0.24040529
179.847,323.3801
0.0,0.08857978
9.183,25.5154
9.847,11.706031
0.224,0.32761312
0.11,11.20137
9.824,0.4542183
19.707,62.682823
20.129999999999995,19.782373
0.99,41.463314
39.933,119.21826
299.89,21.591856
0.08,3.707616
0.237,34.437317
0.78,111.35357
9.9,22.823912
131.11,64.93708
260.523,27.175486
1.22,17.853638
0.173,0.009635351
21.08,20.186357
3989.033,1195.8885
50.03,287.3041
59.763,262.84958
9.357,5.0541525
10.146999999999998,0.2142368
0.03,7.252961
0.594,6.0149493
9.767,187.44403
9.2,6.362085
8.45,7.2430367
10.27,0.016878698
7.456,387.1971
21.047,300.36588
150.067,128.30504
0.25,0.084931575
0.12,22.776754
20.466,92.716606
29.854,29.583258
15.953,7.5908685
0.127,8.158554
0.07700000000000001,47.317814
20.737000000000002,27.66118
9.757,3.3655808
1.334,8.47397
9.807,63.945103
0.953,0.4568047
2300.696,1539.1719
19.603,48.048286
0.11,16.232378
1650.68,134.37794
9.44,0.71794534
21.0,16.571892
0.076,12.231394
90.2,95.707504
58.2,41.2387
9.917,81.28811
9.777,3.9438772
0.143,2.2567513
40.13699999999999,17.159258
100.357,710.6736
39.82000000000001,338.70453
0.333,4.8181596
0.187,2.8553715
0.763,5.1140194
0.19000000000000003,0.060981605
551.14,1428.3508
39.973,106.27641
0.28,1.9152521
109.557,67.330536
79.59,121.370735
0.046,10.086934
28.679999999999996,80.22823
0.5,1.3861698
0.11,121.44993
7.737000000000001,125.86636
20.95,8.363878
209.926,49.108986
0.11,0.34559435
19.699999999999996,21.685194
7.783,17.189274
0.187,1.2403059
20.05,61.873047
9.983,5.701944
9.434,37.46692
20.356,0.0062360493
20.844,18.32545
0.0,6.480961
30.846,23.63882
20.720000000000002,8.453625
20.137,0.81749994
39.523,0.07367889
30.213,133.20737
0.487,3.2258425
0.267,72.421165
0.017,0.017292334
10.31,27.501982
9.134,0.07563615
9.23,30.81236
10.376,0.18349613
0.08,37.545425
29.157,396.7325
20.573,23.432245
0.267,22.586382
8.863,11.710119
0.033,1.4400882
19.89,0.65439314
92.773,154.32625
2858.976,1299.6953
0.327,16.145725
19.9,201.71436
0.046,24.85693
0.313,13.671268
0.093,14.838902
10.65,21.96929
0.063,1.2834734
10.083999999999998,2.204588
0.22,0.013366161
0.20700000000000002,0.16227052
18.527,0.0894488
0.0,0.44417655
129.767,148.94302
866.0999999999999,4276.802
109.377,363.33038
9.52,0.17098412
48.66,144.79428
40.143,15.084711
10.203,278.38065
19.842999999999996,303.38782
120.584,94.62456
304.29,19.29354
24.157,0.05849647
19.897,0.1533169
10.357,695.7057
39.547000000000004,60.83162
111.446,447.8518
0.12299999999999998,40.382545
9.063,16.8874
49.527,35.2412
9.834,5.397221
849.2729999999999,71.765205
20.293999999999997,18.603876
1.08,86.32892
39.717,3.7205117
50.987,123.08722
160.346,32.424088
0.564,23.104267
0.483,0.052446797
879.01,54.879
69.93,185.15367
609.63,18.832787
20.473,0.9416537
50.63000000000001,184.05211
0.9569999999999999,0.9539433
18.967,89.50049
30.02,48.811855
421.05699999999996,109.09654
0.047,25.327812
39.497,41.821888
0.11,4.373821
40.437,19.921608
100.93399999999998,31.84815
8.407,0.01850844
2.65,0.037605513
19.483,1.2788697
19.873,9.075809
0.283,6.617164
10.51,2.328744
20.283,73.07417
0.03,7.476005
9.713,0.018850368
0.39,18.164213
0.517,4.705071
18.773,30.247078
9.023,14.40069
540.004,519.649
0.897,22.737734
350.203,64.987854
148.827,183.06941
10.596000000000002,23.769266
19.682999999999996,12.472598
8.973,0.38293585
40.89699999999999,0.43690014
19.277,3.5918045
21.05,89.400955
0.297,31.344364
40.427,295.74866
30.06,13.6878805
0.14,80.11461
27.83,19.046135
20.146000000000004,152.09132
0.017,0.13414887
30.25,36.418518
0.076,31.747612
0.08,64.547554
0.763,0.025757555
30.825999999999997,0.2667555
2.004,32.63456
0.144,1.1050279
18.806,81.51549
79.89700000000002,11.36706
219.707,23.985407
0.093,14.104334
0.046,0.024400027
8.993,17.650726
20.720000000000002,378.42227
0.03,0.8402815
7.927,1.9885582
8.146,0.405795
18.983,12.403666
0.076,0.02595066
0.78,66.82628
0.063,70.894745
14.04,27.66118
19.87,1.2067263
5.392999999999999,12.259133
0.28,7.1832347
0.3,38.53893
0.03,8.191822
0.326,238.5962
56.16,1451.1512
0.234,11.710119
0.217,0.060436223
8.946,13.3566885
969.977,48.58835
10.182999999999998,5.9227667
439.93299999999994,1551.8997
489.106,264.1267
0.063,1.7032989
0.8,31.463907
0.563,20.22046
1.1,32.494038
89.84,86.9418
19.669999999999998,22.106697
0.187,0.14537685
9.827,1.8859396
0.013,1.7511083
0.297,37.875042
1.507,0.31403875
19.763,16.711313
30.157,47.848465
8.29,0.034988135
9.983,59.55024
8.783,0.10360998
0.013,0.0154350465
20.187,6.9219294
0.347,34.624275
1.14,19.275423
1.454,0.016798535
130.07,115.44812
39.74,16.015684
20.24,59.996914
29.84,24.479887
40.747,72.80628
10.22,16.10283
39.717,0.76360667
11.299999999999999,0.15016678
9.596,18.274164
38.873,20.561398
6.744,60.66854
0.047,0.21181318
9.75,62.219944
9.96,18.837994
9.38,0.5946134
40.156,194.29924
19.093,185.70978
10.26,1.8110182
30.797,21.832706
19.657,26.85172
20.25,69.82665
40.304,354.15417
20.48,0.022542164
149.78,7.082288
0.19000000000000003,0.20477156
59.907,26.349674
20.626,57.394302
1.707,0.8648791
0.14,20.230923
1.153,17.047485
0.127,11.5475855
0.343,9.538107
19.876999999999995,96.82601
0.454,0.098859034
7329.77,501.20374
0.9399999999999998,189.61917
19.586000000000002,593.7268
131.893,43.90593
20.03,17.298006
8.957,40.875603
0.07700000000000001,0.24749783
0.064,0.12301215
209.32,66.63668
0.283,2.0174174
580.817,647.855
20.3,0.43815103
30.267,21.04358
9.87,0.4607261
39.87,188.07173
40.36999999999999,9.164092
41.1,600.99176
9.573,0.068257935
5351.193,48.233456
0.22,0.14450382
9.656,4.4368315
10.17,0.50984246
11.994,129.47021
9.82,20.44084
0.237,18.164213
29.713,334.75156
29.796999999999997,10.239205
9.953,20.879314
1040.587,60.262505
0.9839999999999999,0.41605917
8.17,24.501759
19.667,49.264553
29.25,0.02617658
9.17,32.9352
0.593,1.9739966
8.7,1.1042063
19.163,18.042759
0.533,0.017296672
59.81,363.8054
0.327,48.38273
0.187,0.008745345
109.514,14.26998
0.483,0.07465074
10.02,7.356592
0.016,8.143398
8.663,41.06191
9.157,0.2858155
30.094,25.597908
0.187,17.285648
21.01,0.24475789
20.267,1129.1285
19.986999999999995,0.5945124
130.28,66.284935
20.92,318.01666
8.027,7.53389
10.457,27.894081
8.477,4.718694
0.203,5.155874
18.53,0.020652149
0.14,104.70668
9.723,15.999766
270.14,146.59955
2458.074,4906.316
0.03,0.3546329
289.31,505.2165
50.06,503.17227
0.233,14.832345
9.537,73.346664
20.064,21.922256
10.207,15.416795
6.934,1.8871486
8.87,0.45159352
80.194,265.69727
0.15699999999999997,0.18188614
0.094,0.009082939
179.863,83.276634
80.014,662.8817
49.157,33.56887
9.86,21.371572
0.047,4.8931384
0.093,35.9298
29.636999999999997,119.96689
0.046,2.8101678
0.97,73.91778
25.304,78.668785
0.41999999999999993,16.232378
10.404,30.868128
29.547,48.209133
0.27,0.19585529
11.42,84.72112
9.86,1.055521
18.23,76.841156
8.54,2.0614398
0.626,54.088165
0.12299999999999998,0.92819446
39.833,234.8718
29.362999999999996,17.198364
39.727,290.84085
0.07700000000000001,0.48531604
29.940000000000005,59.767338
0.063,15.524351
11.14,16.491903
1.313,36.97645
9.194,23.9256
0.25,14.042235
9.86,6.476297
3.767,89.50049
10.210000000000003,12.605758
0.187,2.2162614
0.097,1.8188552
9.84,5.273066
0.017,2.059023
10.045999999999998,10.4656725
60.237,1573.2701
90.137,1147.0754
58.993,84.16362
3.363,22.362598
9.54,1.7702309
19.896,94.42189
11.464,19.422043
60.47,5.730472
8.71,2.063416
140.037,1132.9531
359.4,67.46918
9.31,32.871475
0.064,0.23547192
70.194,1.285605
0.17399999999999996,0.6295522
189.427,54.303917
0.047,0.17399552
9.837,3.2218955
0.11,1.1092976
199.95,123.219284
0.143,0.0822799
0.047,0.114062384
10.08,27.93906
281.577,128.3187
9.563,16.135538
9.857,570.0215
199.183,478.55154
9.473,3.8124785
13.094,15.31641
11.236999999999998,0.036026724
0.11,14.225383
60.35,76.340965
20.03,98.95405
9.897,12.706839
19.03,30.313828
39.767,20.559706
9.664,0.2752872
1.013,107.46793
0.016,36.270386
0.19000000000000003,0.46959132
70.223,65.15787
20.2,10.234083
700.1169999999998,3225.3691
1499.887,549.9313
9.894000000000002,66.930405
11.077,5.486889
9.873000000000001,32.155155
70.1,13.121479
0.046,24.09113
169.56,715.8784
8.55,9.742732
0.203,0.0726773
0.53,0.83575654
79.914,23.08543
49.16700000000001,5.786407
19771.234,12.893262
0.094,39.066902
0.92,19.664438
19.027,0.04326081
0.327,53.47585
8.703,1.0442942
0.373,38.99779
310.614,12.470956
30.386,12.323867
69.697,18.16967
0.187,84.161766
1.003,13.965184
20.08,22.0138
9.877000000000002,35.08053
0.0,15.953498
1.033,3.275576
9.643,98.36584
0.39,2.281034
0.046,13.27682
0.19000000000000003,11.531281
0.33000000000000007,71.99073
9.912999999999998,12.193602
130.436,756.3078
10.056,0.03730418
0.454,1.0633227
9.843,0.215444
0.064,11.397009
8.064,0.041837417
0.907,1.6559876
0.296,29.197304
0.173,38.489098
79.28299999999999,557.1187
19.667,0.31640825
9.137,16.99101
9.24,31.977713
0.343,79.26266
10.65,128.03633
19.89,177.262
21.054,21.042137
10.233,0.3100526
19.886,22.252033
41.947,19.186293
19.72,16.492682
9.52,63.293465
129.9,64.93516
8.74,3.1908212
0.093,100.362366
0.78,0.24991305
30.66,48.734154
10.66,0.64741236
0.033,93.70166
30.446000000000005,18.963886
10.546,3.9862547
9.41,1.5453751
0.016,0.36203757
9.633,0.0896542
0.034,0.41365644
61.15,12.73258
49.883,778.6075
260.377,1053.0385
9.88,2.608464
0.297,0.38293585
1.03,156.48697
0.25,35.82616
10.246000000000002,16.258915
30.357,7.243589
30.17,32.186283
0.017,5.806355
19.934,79.2466
0.153,1.1369935
10.027000000000001,18.100666
10.784,13.3062315
439.55,405.353
0.093,12.639454
328.38,445.29663
9.09,8.791915
10.924,79.14431
19.986999999999995,65.875885
0.25,0.04459546
0.983,57.665462
210.16,490.97266
20.39,0.016531272
8.61,11.290869
0.093,0.40302283
9.77,13.249508
89.793,13.136147
10.513,103.62245
20.124,184.11304
49.97,185.1091
20.3,2.4258637
0.07700000000000001,9.660408
0.033,0.17399552
0.343,2.1411936
0.05,19.376944
0.78,18.707312
20.247,27.58217
9.89,280.60214
9.063,2.4621868
9.313,11.676474
9.773,29.120167
79.927,194.60594
11.126,14.328004
10.03,0.15293312
0.814,6.715087
19.166,10.075131
20.07,15.954417
0.204,2.4487765
0.033,38.195663
19.613,36.956196
1.353,0.11137321
0.5,0.83833325
0.063,3.9438772
26.423,400.56876
29.92,13.806344
49.954,19.220945
9.673,0.21181318
160.897,25.96595
0.377,19.02097
14.387,13.458583
19.737,97.813644
0.423,9.390079
10.515999999999998,106.485565
10.014,61.890083
10.973,0.61545753
1.346,0.1911166
0.07700000000000001,0.028179226
0.7330000000000001,23.894632
8.493,1.1931887
0.653,0.39993152
10.336999999999998,24.411066
69.99,9.213875
0.674,8.620568
310.053,19.141695
0.06,0.015354563
0.267,173.10953
152.273,115.60164
8.04,0.7043869
0.143,8.010066
0.25,19.495735
10.703,19.904652
860.8600000000001,551.47565
9.447,7.9953766
9.997,1.6682336
0.03,105.28547
20.077,60.794262
0.20700000000000002,3.197983
8.79,0.87425894
8.963,0.3412412
0.047,14.41888
2519.977,2311.026
17.97,1.9339597
10.467,0.04190315
9605.127,3594.4934
30.240000000000002,694.45276
0.28,22.874722
40.54,32.348415
18.943,252.22238
9.733,2.6355484
119.827,2924.629
19.727,0.20869444
9.874,43.674828
60.04,15.245065
20.823,6.941634
50.023,56.181095
20.74,96.18264
0.5,2.8066542
0.187,0.9849321
19.07,45.76542
9.849999999999998,0.27432856
108.58000000000001,19.258175
37.06,86.876785
19.294,47.88586
9.7,0.008847758
0.25,3.882787
130.317,108.504745
9.383,2.7086134
0.22,28.983385
104.394,48.74538
29.72,252.60464
141.893,71.91158
10.213,390.99466
0.28,9.373967
0.03,12.230217
9.717,22.960226
30.0,9.18183
31.55,73.20569
19.08,29.572418
10.8,45.568993
0.52,19.57204
19.994,67.68619
19.207,2.300046
0.063,1.0515503
9.574,104.77871
9.52,97.02102
259.07,932.9045
20.27,3.7799172
54.436,158.19383
199.92,564.68604
10.319999999999999,36.17956
19.665999999999997,56.65148
0.20700000000000002,0.3212104
0.0,67.962944
9.866,0.84911025
2.5799999999999996,72.14402
10.090000000000002,33.745453
9.826,2.6355484
1051.717,718.66595
9.896000000000003,5.071286
0.657,0.0920328
40.793,9.804073
12.326,14.4032135
2234.283,1096.1912
0.7330000000000001,9.834792
0.36,11.808362
19.993,15.311906
0.11,1.1711841
0.03,0.008248866
9.965999999999998,29.914532
0.657,24.907965
68.877,14.628233
0.97,20.156881
30.406,21.060234
21.67,17.165531
8.62,0.94545907
59.95,37.393787
9.82,41.21918
8.647,0.6812392
0.22,15.524351
0.374,15.927483
0.034,2.506366
0.016,0.1818993
1.3629999999999998,30.456434
180.38000000000002,540.8059
9.884,293.94336
0.8500000000000001,0.21181318
32.957,77.470535
70.957,0.13884822
8.69,5.2839875
10.68,0.123456396
39.963,8.693453
20.020000000000003,21.762554
0.424,12.845583
9.593,0.048556596
0.076,78.36948
10.1,15.917518
20.587,341.06033
9.773,8.708717
45.147,658.00336
8.803,54.716904
0.03,62.085224
99.976,334.33963
78.157,1.1970732
0.186,0.08857978
18.947,25.951899
47.383,377.5087
1.157,8.315881
0.014,98.04087
229.11,18.432863
19.723,188.83444
19.883,0.012986373
9.91,15.457158
9.523,171.29094
0.313,637.53986
200.13,70.95274
20.193,73.05366
640.91,3306.9392
29.619999999999997,26.991966
20.946,10.8519
12.88,124.213776
11.053,18.43903
9.12,3.9388187
0.156,0.046347797
0.7229999999999999,41.76576
0.72,1.2555493
9.19,0.9828209
10.452999999999998,20.803936
19.743,22.318079
9.273,0.3303464
0.233,2.0869474
0.17,84.161766
0.033,27.553692
175.934,99.10644
0.266,108.43773
29.997,151.48328
0.313,0.06083842
0.89,129.35378
29.91,13.045192
58.486,73.61561
19.813,1.7201724
59.653,42.866535
10.793,261.23187
8.913,0.33206347
6.093,8.378588
0.283,20.300879
20.604,18.311089
78.277,99.218475
240.637,11.345959
19.25,4.737838
0.14,98.61918
0.094,0.046300262
719.926,15.238223
40.23,33.578278
9.763,27.087671
9.163,59.326164
34.626,0.2613055
9.69,19.470852
9.327,1.2247612
0.046,0.07642817
20.86,12.034443
9.733,6.941634
29.927,135.2659
6.244,26.963232
2.3,21.902351
0.0,27.622034
240.31,75.63993
0.14,14.750369
8.043,75.622284
90.91,156.71637
19.92,16.132532
0.217,0.40596455
6.836999999999999,26.417828
18.856,0.08135622
0.016,1.3866853
20.67,11.350393
8.667,10.406777
20.222999999999995,47.41979
11.48,39.268223
0.20700000000000002,0.5139196
10.07,21.165916
8.64,15.189165
30.142999999999997,24.425304
20.38,2.0514421
0.047,2.442468
0.284,5.3991046
9.863,11.138286
0.547,11.531281
9.854000000000001,21.8235
40.053000000000004,56.321613
1152.05,2977.839
0.297,8.460326
20.377,26.53241
8.24,7.8420553
0.296,1.9881316
9.52,16.536654
19.353,1574.4426
0.016,0.4007394
0.64,0.27104077
19.424,0.071010396
0.61,1.5770864
20.099999999999998,9.478925
5.549999999999999,47.652252
0.48600000000000004,33.259155
19.82,1644.109
10.106,34.478397
10.97,16.560295
0.55,80.67037
1790.2130000000002,1022.6996
1.11,0.6154811
1.123,38.55849
0.094,1.9527737
0.563,18.674095
0.24,0.058179125
400.13,989.5908
0.203,1.6111821
40.71,19.831755
9.047,0.39476892
50.24700000000001,102.22153
10.753,0.43253145
39.81,383.7161
0.237,0.5450785
0.3,19.529896
9.87,0.3943802
0.457,20.078543
9.934,13.026564
102.88999999999999,28.629843
129.066,457.94977
0.127,0.51872134
29.807,97.563385
28.245999999999995,290.2416
30.007,102.24848
88.58000000000001,120.432434
0.06,13.95634
0.513,13.894528
0.923,26.714334
0.08,8.369238
0.11,0.48830673
0.034,4.5091696
2350.663,477.52832
80.93000000000002,827.5997
0.313,0.20370363
0.003,2.1909065
0.893,27.942335
39.803,292.1802
10.136,0.19875972
209.967,452.13782
0.097,113.79005
0.046,21.37353
9.417,0.48417148
9.2,10.649258
50.72,26.602009
10.843,161.82933
9.76,31.804113
30.3,143.31938
709.663,249.79672
19.6,103.81516
8.903,2.0906923
84.456,17.95447
10.457,0.7644213
30.97,16.289045
0.147,4.325793
90.124,98.45245
0.047,2.5408
0.047,12.085526
2.157,13.965184
31.289999999999996,177.92905
0.876,86.82188
2993.65,837.9974
1.767,0.028552998
9.437,84.70895
10.81,0.12838277
2472.153,41.545082
89.863,11.436053
0.846,0.020045614
19.103,182.51552
10.15,64.13144
20.086,15.402732
9.017,7.8821926
9.823,22.723478
23.266,105.15417
18.43,135.05106
0.14,40.37911
1.377,50.38452
39.216,13.6849
0.19000000000000003,94.278046
10.07,27.23077
20.024000000000004,89.18815
0.297,2.9466584
60.22,1.0366536
19.64,5.399414
9.123,33.961113
23.02,56.78652
29.885999999999996,17.904238
0.153,93.38872
41.51,103.57834
30.037,74.070755
9.86,9.526981
39.737,3.6125655
448.277,550.6199
21.033,10.869366
130.993,257.19785
9.916,29.624315
1164.946,70.793655
9.327,34.071156
0.343,11.355361
0.81,0.10288234
9.217,211.57462
9.965999999999998,0.009359428
0.83,33.523865
2.99,0.47877312
30.536,1.7391493
0.11,18.351461
9.974000000000002,15.629715
10.35,6.7105036
0.126,29.022991
32.157,805.3311
0.233,2.8101678
9.937,2.8297849
919.563,958.53723
19.377,100.40845
19.737,0.87210214
20.823,758.2091
4.093,52.242325
19.716999999999995,41.56703
0.72,26.189095
10.043,7.815594
69.457,845.7538
199.88599999999997,4.9822946
429.296,1131.226
0.25,69.512634
0.36,1.1042063
38.157,328.6239
0.407,20.984812
0.483,1.1116761
9.72,0.09704602
0.17,0.53952044
40.93,8.621909
0.046,0.010568688
0.863,0.28476176
40.040000000000006,5.341837
200.1,1365.162
0.31,18.164213
9.92,1.3722686
20.003000000000004,0.012049255
20.014,0.20717591
20.497,89.011505
9.033,32.362537
168.73,12.262852
40.077,24.743921
9.28,14.510305
432.867,742.7057
20.3,54.67038
0.063,0.82544494
1548.127,1976.0438
19.553,2.09731
7.297,0.3070773
9.843,10.799085
240.207,411.96356
19.587,108.70353
0.013,18.582823
0.03,73.91778
1.5640000000000003,35.303967
8.093,17.150322
1128.793,13.542117
0.237,1.6031986
10.397,18.7879
0.013,9.456474
9.98,56.188354
470.253,21.725603
10.087,22.123814
0.44,27.189875
19.644,104.192276
19.566,36.595097
209.713,99.49663
19.066,9.679503
11.173,58.786755
1.9829999999999999,43.627205
19.333,9.691063
3.974,40.072308
9.98,56.432655
10.04,21.021507
0.03,0.75322145
0.143,2.0990968
0.814,3.5653408
0.033,15.816339
9.904,0.54724574
9.23,1.279868
19.887,12.299603
20.283,18.873808
0.013,1.2351182
9.99,11.611506
131.234,305.89377
10.133,85.9341
0.38000000000000006,29.725996
73.693,446.8555
9.796,40.94158
0.11,8.416115
29.93,68.989815
0.953,0.027691754
9.734,1.1631835
18.883,3.33254
0.047,4.5121155
10.134,0.22003081
100.627,58.083076
0.487,2.3727157
20.316,17.997341
19.842999999999996,139.72919
150.33,85.74613
18.023,2.3082461
0.17,0.42309862
9.146,0.013777251
10.313,15.523048
13.205999999999998,59.72774
9.784,17.09199
79.484,989.45825
400.907,184.16702
29.077,44.704063
10.19,2.984126
29.957000000000004,22.859085
10.440000000000001,34.313896
0.076,25.309074
10.04,65.49555
19.93,0.48940518
10.216,41.98319
19.917,34.1261
9.886,17.540157
9.247,247.91917
300.097,222.51295
9.924,5.405312
9.27,11.147185
128.957,157.98833
0.12299999999999998,1.5787085
16.017,331.00397
0.034,6.5820503
10.267,0.43133152
0.63,0.4693701
9.914,162.84335
0.094,58.275173
0.187,43.773426
19.536,21.81751
19.564,38.63085
9.03,3.0893269
1.537,2.1319904
19.73,0.68305945
0.124,0.9920606
19.257,22.602146
0.05,0.2031697
19.743,54.9929
9.566,1.0502014
9.796999999999999,97.276245
10.563,7.481704
1.143,0.12932506
0.14,3.7510338
9.717,0.661255
18.196,204.13626
0.127,9.377168
19.69,66.58518
0.173,0.021891331
8.98,11.776366
0.0,2.8382385
19.63,125.25388
9.57,1.5934497
0.31,13.524876
20.58,6.5262427
0.0,0.6482236
40.42,13.008854
28.840000000000003,0.13070445
9.717,11.923141
19.74,29.511663
9.92,4.5854797
0.22,9.298703
1.327,78.36948
0.41999999999999993,5.486047
20.137,33.95398
104.07000000000001,230.80037
40.343,88.85479
60.01,194.13084
1822.264,356.16858
319.637,12.830871
0.343,0.5084635
19.8,21.50468
0.86,34.98742
9.0,14.308739
620.043,35.628056
19.707,139.72919
23.26,22.604324
19.127,399.88824
9.467,87.06566
30.073,10.361621
0.07700000000000001,0.6879782
110.593,184.88094
19.03,0.3100526
20.114,258.55615
0.097,86.02335
18.673,1086.95
9.667,12.621644
19.986999999999995,47.014473
6.686,174.08237
10.803,17.17897
38.48,30.9931
20.533,19.194693
10.1,291.29034
9.487,49.220676
19.5,21.011467
8.126,0.03817495
0.407,0.304102
7.6770000000000005,10.01008
350.694,231.89146
1.41,61.9466
9.92,19.354118
1.483,33.273277
21.052999999999997,157.39355
1.423,0.03978561
9.413,0.092339
0.12299999999999998,18.836807
49.793,90.51962
1000.07,249.36577
19.477,65.92505
8.993,99.26647
279.356,106.280914
30.92,5.2839875
0.17,3.0538042
20.09,606.0598
9.527,206.01262
20.243,0.9234066
10.336999999999998,22.998829
119.61,481.35794
0.33000000000000007,10.845394
0.11,40.218468
10.45,23.8267
0.064,47.532455
550.417,444.49652
0.07700000000000001,0.23844665
19.71,0.47051832
28.734000000000005,70.6145
0.063,14.029481
100.36300000000001,0.051113628
10.197,679.18805
40.199999999999996,89.34033
0.17,0.7356234
0.06,2.295254
0.17,12.7561035
9.596,0.038738564
0.284,27.7605
11.2,0.3303464
19.98,89.83052
9.47,7.949502
2618.823,758.451
6990.926999999999,1113.619
19.63,1623.9255
0.11,220.45265
89.873,23.901075
660.583,321.81155
9.063,20.704931
19.077,23.757944
38.916,301.26163
0.17,17.253466
0.343,9.742732
1231.006,90.247475
0.093,0.23244686
69.717,76.78606
29.773,18.6617
2060.093,1311.6387
0.33000000000000007,0.90755314
0.22,0.27267206
30.253,11.057025
39.672999999999995,19.927822
0.06,0.3303464
0.99,25.156628
0.15699999999999997,0.13442074
0.33000000000000007,65.39454
0.67,155.40257
0.064,51.653374
72.22,91.01998
0.017,0.46571174
13.08,65.172134
51.033,8.370477
29.137,1045.5042
2.034,0.77742887
0.36,0.6655773
20.17,66.35287
248.653,315.73828
0.393,0.052814055
0.28,1.2214811
10.803,5.193028
20.65,9.939407
0.27,10.012265
39.17,199.77786
0.186,81.36845
20.293,0.8465697
19.842999999999996,14.943427
9.287,21.894096
18.177,45.793987
670.94,1672.7662
19.597,1.2602482
0.9,0.4487866
14.504,0.7024329
19.71,62.493874
0.046,273.04135
100.857,132.23077
20.86,13.569111
39.207,3.784227
20.677,432.3803
19.16,21.415455
19.486,0.2598991
9.27,0.10652064
251.327,64.29466
0.466,0.019880835
9.623,13.954651
19.554,1.4860022
5.717,6.362085
39.994,198.83865
20.697,22.630299
39.50000000000001,227.43497
0.17,0.17765549
20.09,1.5721266
8.94,0.035790775
59.874,15.789237
20.146000000000004,173.68907
1.203,19.774305
0.31399999999999995,445.60855
260.223,141.06674
0.204,0.35842702
0.14,36.159542
19.776,21.311846
0.763,451.67856
331.457,38.692776
179.434,11.430549
19.653,0.5077672
10.42,6.895435
541.25,400.59088
0.15699999999999997,612.9921
9.316,3.9682622
9.857,14.151332
47.300000000000004,72.9972
19.397,9.817431
30.319999999999997,20.324694
9.71,51.309505
19.337,18.93251
140.687,42.005665
220.79299999999998,141.77394
70.213,374.78473
0.064,33.704433
0.107,51.074986
0.333,0.15067127
10.917,20.178997
129.843,473.74133
0.2,69.331276
214.06600000000003,137.36707
0.31,66.76109
39.62,38.87185
20.403,35.09545
0.0,5.483113
79.85,30.416056
0.626,3.6495624
40.61,7.6511803
0.156,1.1260185
9.926,1.049964
11.16,2979.1558
18.457,0.07979808
10.146999999999998,24.388414
0.063,19.77833
9.83,0.13935338
9.457,18.264917
15.53,27.35106
9.98,1.3999981
29.940000000000005,12.960131
10.353,0.15118961
40.040000000000006,2.9135451
70.057,32.89745
9.243,0.019689398
8.58,31.018642
9.477,14.292179
19.3,36.41312
0.017,44.384644
10.440000000000001,95.57857
0.127,14.712058
19.137,0.07662711
29.834,45.49237
9.71,260.35272
30.886,256.73154
7.53,129.47021
50.14,524.03973
19.883,0.013265194
10.943,14.151453
0.017,1.596484
0.237,2.3399632
89.81,217.69643
0.17,0.1580614
0.517,14.82715
20.59,22.620466
690.84,1809.7583
0.61,39.053616
19.053,104.4774
0.423,5.708075
39.816,20.213036
10.25,17.119286
279.827,1102.6449
8.127,124.09809
0.233,4.659419
0.25,6.047275
0.016,18.484797
20.533,167.1227
0.03,5.046245
10.117,0.19672272
8.664,0.67070466
0.186,7.9053135
30.103,0.60218656
0.11,6.7105036
10.536999999999999,31.150383
20.35,32.073647
10.053,30.094568
42.300000000000004,98.50075
0.233,218.59422
0.53,25.836918
120.237,133.40611
9.927,0.57197773
40.754,734.48114
40.49,135.17993
19.546,5.1748323
533.36,19.61509
0.08,23.769266
9.287,14.5616
4.163,0.12471157
10.173,67.7793
150.15,22.56308
8.877,64.65411
10.096,0.19915876
0.17,39.53345
9.84,7.081883
0.203,60.118874
9.863,8.416115
8.02,0.03817495
9.237,9.024423
10.440000000000001,99.089195
0.12299999999999998,0.25128314
9.463,0.9099329
1.723,4.3511906
0.12299999999999998,28.182747
0.344,25.356928
19.827,1.9465139
39.963,16.851467
0.534,1.8113396
9.897,66.27752
10.003,13.781114
0.833,23.51675
20.243,78.49303
0.063,8.272527
29.44,14.903906
0.064,2.9247217
765.673,0.06652856
0.4699999999999999,9.298703
0.11,0.12809551
0.61,22.52402
0.124,0.82544494
49.587,0.033669975
19.033,47.252186
8.796,0.07150812
39.437000000000005,363.3076
1.157,0.6295522
0.563,54.706192
20.094,0.06057968
9.623,3.2782197
129.943,30.550758
10.563,30.21922
20.2,16.00796
70.264,659.95135
9.62,0.026395297
10.013,113.65086
9.103,0.21400319
8.733,0.024316052
149.873,34.720047
18.553,63.850098
0.094,9.323348
39.847,186.10297
20.563,27.837318
14790.087,6735.0513
11.369999999999997,0.020543618
0.03,14.887439
40.054,15.148624
499.83,181.28935
29.810000000000002,17.047909
29.796999999999997,73.15098
0.25,9.525974
29.92,1.4405715
7.64,0.83434284
0.28,5.7337246
90.314,166.11046
0.03,0.31796303
0.093,18.049707
28.907,22.527107
0.467,70.25684
689.784,1021.7648
0.12299999999999998,32.49331
10.194,0.04818139
0.89,8.614603
0.017,9.87932
0.376,0.027890265
120.21000000000001,400.3863
30.073,269.5871
7.6000000000000005,5.1338024
9.223,0.24475789
20.466,76.18943
9.696,6.191161
0.20700000000000002,0.29008555
8.35,12.472598
19.82,33.144962
0.17399999999999996,35.82616
10.71,0.07757239
19.977,8.313525
9.74,75.31576
349.857,1.8326493e-10
10.73,16.236311
0.03,1.3999994
9.177,9.945543
19.283,2.9754767
20.15,8.583432
69.367,2.5678818
9.62,0.027180912
0.173,2.0936275
0.017,13.1384535
1145.477,69.668884
8.816,65.33473
39.613,705.8967
60.294000000000004,1458.1279
1.313,16.63748
620.243,1692.2697
0.06,0.26404682
8.876,3.2014003
10.073000000000002,34.273575
163.89,34.53248
9.107,24.269161
19.907,390.685
0.267,0.28720823
0.377,1.721108
0.093,0.5539816
8.0,31.370079
130.023,26.186861
8.933,0.0324825
9.56,2.1125073
0.22,0.06125398
0.5,15.091618
7.96,0.09166071
9.626,106.50211
0.437,2.3676484
48.043,66.353
59.826,523.1549
10.07,154.88077
39.847,19.054121
59.747,14.368972
11.23,29.415201
10.96,126.144806
49.947,24.86024
460.306,122.11705
29.23,115.46443
10.897,212.9432
0.444,0.0871017
170.02,190.40173
0.013,17.864702
0.607,0.3421611
10.227000000000002,17.192078
10.367,1.1192865
1475.95,818.7187
9.884,25.551888
0.016,25.156628
18.323,103.049416
39.847,380.26294
10.677,95.09019
89.714,17.4832
10.437,206.8871
3.023,213.05888
29.95,25.092062
9.057,66.27565
19.27,558.8172
19.933,27.044739
140.02,232.32008
30.78,32.104362
0.487,6.977787
10.085999999999999,2.121157
0.534,17.59106
0.03,0.074772365
0.424,77.73608
0.266,19.260248
10.946000000000002,31.209307
10.25,85.08326
20.073,7.2764287
0.466,24.05146
71.057,56.359097
9.643,56.30047
80.424,158.80809
29.777,183.25598
10.153,19.952244
0.403,29.585382
10.360000000000001,23.333105
0.8,0.46571174
19.917,9.233759
10.493,0.017959861
5.297000000000001,29.499601
8.96,0.4145561
10.113,0.2626514
9.98,82.0159
30.15,75.79049
0.173,0.046300262
209.507,9.282813
190.073,13.567816
29.85,0.2090863
280.64,588.92267
0.7330000000000001,17.348394
260.777,1144.2616
0.127,27.20256
40.42300000000001,24.81463
4.83,19.283129
19.842999999999996,0.06664884
149.613,138.25627
9.5,0.4511433
640.803,600.04224
90.58299999999998,48.421154
7.604,28.444124
949.883,604.67804
170.09,158.65535
0.017,0.84911025
8.577,18.484797
59.603,15.78243
10.62,5.6433263
1.08,39.54809
11.33,0.6591827
20.15,305.2426
9.977,57.117935
10.1,78.44677
30.41,29.85978
0.11,19.297768
9.817,75.43138
10.663,0.63558286
9.907,38.984688
30.293,42.23786
19.074,25.670652
62.05,232.91179
270.82,140.55658
0.046,0.13351324
8.933,13.761992
269.487,276.3862
9.174,0.4683064
10.457,176.86998
20.083,4.8805056
239.85,9.721584
19.143,212.9432
0.17,0.478507
9.617,10.54731
70.09,181.62173
0.473,0.77193534
10.477,11.426092
0.173,0.6402575
0.19000000000000003,2.8836102
60.067,0.06518462
21.046,18.351461
0.187,0.0822799
9.337,0.24991305
0.14,55.052002
31.077,40.565163
69.79,5.7783356
0.016,4.287756
10.706,46.61486
169.09399999999997,70.50535
10.633999999999999,0.50952077
10.182999999999998,5.742074
0.14,62.04562
8.83,67.8679
29.987000000000002,9.89311
0.376,0.2965501
38.847,11.6243
19.797,447.61865
19.81,40.06698
56.753,414.7306
290.197,227.35042
9.663,59.112118
20.3,0.0894488
0.704,19.529896
90.166,591.2634
19.96,60.45697
0.076,1.8234644
10.643,48.95794
18.61,16.093584
26.683,48.93582
946.2939999999999,326.3129
7.773999999999999,13.347932
21.1,0.0933319
120.71,830.938
81.467,18.821617
0.0,296.29373
10.58,81.66457
29.889999999999997,63.56766
1.97,0.2617982
0.093,0.044572927
120.417,130.85835
270.02,470.6811
10.03,2.3684995
20.017,8.311021
0.0,3.6765428
0.33000000000000007,8.16618
9.347,0.23949845
20.317,14.067412
1560.22,4123.6113
1.093,15.262968
0.06,0.045572963
20.17,20.91795
9.17,3.014978
8.904,56.325428
0.267,24.228783
0.0,4.997816
9.677,31.992542
17.757,42.98879
19.763,0.17535381
209.557,7.860704
9.59,0.90821296
41.986,38.69395
31.537,5.208147
9.817,18.286266
9.767,14.698467
18.546,441.1664
250.15,291.36255
10.74,0.16183576
29.634,0.041774828
2082.086,652.9196
0.233,4.937496
8.027,109.23333
0.143,20.348385
0.127,3.2946033
21.993,76.070114
10.167,2.527034
1.347,15.550007
1.033,1.1627299
58.903,387.6699
29.917,25.25409
19.433,93.55609
0.924,6.3462048
29.147,27.859324
9.2,63.174706
0.64,54.81263
370.563,924.37195
0.564,9.270791
0.186,33.259155
10.14,14.956061
0.297,20.559706
91.897,11.883815
29.91,387.70816
0.14,1.2319489
189.22999999999996,334.98462
10.306,107.86721
18.75,7.890208
9.904,19.781132
0.016,0.055243816
9.996,99.979004
50.074000000000005,26.749283
0.516,3.738928
0.204,2.295254
9.86,190.2949
549.007,148.24902
9.627,14.335526
20.03,50.892906
0.19000000000000003,81.59174
0.12299999999999998,106.23114
131.633,14.033792
9.87,75.79049
0.156,0.7222483
0.064,1.352411
33.923,346.25775
50.02700000000001,133.90034
1.467,50.15032
20.037000000000003,11.6560955
1.007,8.9595995
0.15699999999999997,110.92042
50.933,647.11285
49.943,77.68274
9.86,34.512085
8.563,19.59601
8.68,9.925119
0.094,8.760578
1.207,28.67188
6.827,120.13087
121.214,107.508316
0.017,8.460326
19.946,17.130665
29.584,1.8011922
19.9,0.27528828
20.017,30.967823
8.517,4.434124
0.14,0.3943802
8.037,7.602813
16.297,910.5859
0.126,380.2401
359.467,264.18927
19.82,15.868005
0.31,12.751167
10.14,21.307869
30.373,18.50635
9.33,10.542464
9.783,9.164442
30.093,0.09860708
0.11,15.757728
18.647,81.21298
8.75,11.470099
10.182999999999998,18.689959
9.664,6.3799157
10.043,17.519733
40.593,187.48352
10.577000000000002,2.2446418
1.596,59.832283
46.573,32.87987
9.717,93.42133
0.467,0.23949845
0.047,0.3639645
0.267,0.071010396
8.04,57.02752
9.912999999999998,4.8488274
39.99,70.226944
10.423000000000002,0.16999619
40.653,142.05586
309.613,925.6187
32.57,20.41472
20.437000000000005,0.016769322
30.047,270.07532
170.014,288.23117
70.36,99.05282
21.017,10.493328
10.487,13.301792
59.297,8.416725
2839.65,819.42957
20.347,137.47223
0.39,19.777952
10.25,235.42021
1.6270000000000002,53.459034
0.896,0.020897664
0.047,1.8060737
31.797,55.04259
29.594,113.376236
30.14,82.00266
60.11299999999999,14.071585
9.184,0.046300262
20.186,1.9932536
18.757,281.96902
10.0,87.66324
0.097,0.25415066
0.03,17.006323
159.7,248.23415
9.507,2.0951912
39.74,0.19138657
10.953,129.47021
0.11,33.180508
9.88,301.3747
0.313,0.063744314
20.184000000000005,104.432205
8.033,0.6113511
0.297,0.30182415
19.083,106.7477
8.996,5.274881
3.023,270.58374
10.62,0.7505633
10.257,15.629715
60.95,316.1687
26.03,184.89581
0.517,0.33206376
110.65,103.74603
340.1070000000001,176.29353
0.263,43.586945
0.25,103.804955
30.133,29.257832
0.653,42.772346
38.843,0.043158818
0.11,0.22694452
18.774,144.02419
0.36,32.881344
22.009999999999998,16.859539
9.88,288.94052
0.4699999999999999,39.442078
9.447,0.021891331
30.387000000000004,238.7969
12.14,0.47877312
40.040000000000006,299.3221
0.047,4.323888
0.11,0.23547192
310.023,1616.9313
160.063,1261.7928
889.72,292.34454
9.603,10.825639
20.352999999999998,33.745453
12.947,52.10133
0.9569999999999999,24.578592
9.847,7.9487276
7.95,36.97645
11.044,21.371572
19.944000000000003,8.620214
9.807,6.5449505
20.253,72.646194
9.356,20.489273
19.68,240.06448
0.88,29.034561
79.81300000000002,35.200027
0.83,20.024742
19.503,11.808362
0.41,66.16956
40.057,34.29951
40.004,25.854792
0.297,31.183008
1.5629999999999997,7.8420553
120.15,128.03261
9.25,0.44652435
9.807,1.7212359
459.733,948.6503
7.797,316.1687
10.393,27.771631
20.143,25.25409
70.553,57.48732
0.064,19.469461
0.924,340.54453
19.507,25.036339
9.614,8.062553
0.61,0.48531604
8.777,12.9877615
10.133,2.3259227
0.36,0.013366161
18.613,8.155069
19.933,20.557451
0.43600000000000005,0.30863386
0.82,20.604956
30.424,51.20113
0.233,4.66309
0.55,13.604646
39.043,31.03977
19.69,13.829009
19.893,39.37777
19.917,0.13438869
119.48,114.67291
89.303,313.9023
8.84,21.254732
10.790000000000001,7.66409
0.017,0.34550205
28.867,7.882335
9.497,3.496693
9.31,156.93855
270.236,188.71504
51.907,47.283726
9.863,0.7239611
9.912999999999998,22.941511
0.25,25.444296
10.633,0.59861547
0.013,34.515373
8.86,11.702084
9.87,53.324028
64.03,1640.63
20.25,38.334934
19.284,11.885266
0.443,26.520489
19.44,78.84848
8.977,2.4146218
20.863000000000003,14.28289
10.11,52.5618
20.013,25.019478
1856.654,249.40898
20.112999999999996,16.381489
90.77,5.9656734
8.933,60.49813
9.953,2.366777
0.49,12.8294
7.106,0.018401852
9.697,0.1464951
9.346,14.315573
10.090000000000002,20.281828
20.464,3.076855
10.213,21.67858
0.034,1.6736897
9.867,0.31527868
1.737,0.2510747
0.016,1.1556461
9.91,20.040226
9.153,2.2857742
29.88,0.26685423
89.93299999999999,212.28163
27.02,29.143589
0.013,0.5244166
0.14,54.706192
40.34700000000001,3.196489
10.130000000000003,0.061750066
209.77,29.656897
52.153000000000006,445.58923
30.45,17.945604
9.996,34.624836
280.253,661.80426
19.26,10.762649
0.217,74.998405
10.17,88.500885
10.15,402.61798
10.017,19.778242
9.997,98.16434
9.52,22.429945
9.353,0.2398152
9.286,8.54792
0.33000000000000007,0.0066829445
4.87,1.1934654
21.127,61.581657
20.03,35.29147
2.143,24.501759
129.957,15.883374
9.32,6.836672
20.007000000000005,4.719207
0.4699999999999999,2.059023
19.973,15.005012
1.19,45.37236
9.923,4.949889
140.9,87.682175
39.7,4.019213
0.0,10.957872
10.684,695.27747
0.547,4.6241207
10.773000000000001,58.56752
0.516,27.029932
9.044,0.69324315
20.16,9.939407
0.013,16.427809
10.143,5.8288655
29.219999999999995,81.89305
0.343,0.12198726
8.64,0.007659367
20.62,18.43468
5228.154,613.09717
19.633,0.28835428
10.063,0.13853131
29.423,322.33432
0.034,8.01031
1.217,0.2122852
9.973,16.57018
0.093,2.016725
0.14,2.9247243
0.08,0.45814145
31.346,77.73608
8.017,8.425492
18.716,37.746754
0.047,27.286804
0.547,0.19334382
108.677,30.683186
29.940000000000005,31.004309
11.023,157.13724
10.023,6.4505486
29.793000000000003,400.79608
94.647,197.5313
0.956,0.038306892
0.41,18.922321
10.233,62.576057
100.946,34.937935
0.467,42.788708
9.903,74.89632
139.93,19.750607
30.873,25.555433
230.083,70.66549
39.05,13.768917
3141.3360000000002,1665.6597
0.07700000000000001,0.28785783
10.416999999999998,24.420359
9.43,0.21423638
19.997,1714.5942
0.266,18.566902
9.747,59.738945
1.107,19.469461
0.173,0.5277328
6.207,0.025709502
79.513,701.3559
79.763,4.4449573
0.83,0.08857978
0.16,8.444868
0.36,0.037512556
9.82,57.73183
9.984,27.67322
0.0,22.251766
0.267,1.1934654
0.03,0.117395714
9.576,47.813072
662.46,40.718746
0.107,2.2863388
20.095999999999997,314.2265
10.057,23.866339
15.903,272.68457
20.344,408.11945
9.796999999999999,5.6123524
8.187,5.77279
0.423,0.3399695
0.017,0.21613316
9.374,64.784035
0.017,11.124021
70.567,1083.7888
9.193,0.34832877
0.427,0.4465248
20.5,18.840385
19.437,24.05146
8.833,38.649906
0.017,7.64733
9.31,0.8714869
111.863,110.99571
20.494,266.13507
699.156,553.76746
0.673,0.016218625
0.6870000000000002,92.41122
379.353,349.9735
50.353,1007.39575
20.847,101.50489
0.5,12.26051
30.456,13.573922
0.856,7.1832347
9.767,4.1115675
0.596,43.181915
66.786,64.096275
2.033,1.9355336
39.87,26.337347
170.077,596.6614
0.0,2.672769
9.973,2.010371
0.046,2.1071472
9.977,71.12283
58.919999999999995,81.25328
10.24,37.896534
274.407,20.82895
17.513,370.8864
0.263,15.896839
10.07,73.50218
40.309999999999995,72.73671
18.89,0.48584437
21.03,31.552704
1059.864,142.72781
19.287,96.522125
26.613,93.34621
0.063,17.545273
29.666000000000004,2.96509
0.093,0.22526348
7.883,38.799847
49.63,176.90744
18.314,27.268763
18.61,6.3462048
19.87,5.0870214
144.033,52.47026
8.773,0.046300262
0.017,14.906324
9.96,0.1437916
21.037,10.39467
20.367,9.877275
18.793,12.690736
29.806,17.64212
35.597,6.2473254
360.69,1033.4873
1020.703,1833.3976
18.083,38.325417
2739.99,4288.66
79.37,89.98815
20.167000000000005,104.15988
1.047,0.3596765
9.987,1.2064018
0.89,43.4169
30.853,989.1547
0.046,2.7135563
0.423,0.11137321
20.08,6.616009
8.417,3.0977137
10.063,11.268736
39.947,3.4945302
8.513,21.706205
19.623,27.945957
19.06,20.78123
8.853,26.917776
13.113000000000001,0.052814055
0.17,6.800865
48.58,9.2819
9.333,9.424737
0.12299999999999998,50.11272
9.244,4.3476524
20.35,38.21657
0.03,2.9032836
0.076,1.1483964
10.167,1.3632635
9.216,29.73781
11.023,76.99212
10.85,0.007659367
34.657,43.645332
0.07700000000000001,316.77466
40.144,64.53922
9.95,19.828684
2.047,38.86772
19.577,29.82187
9.047,0.030254046
10.053,41.983204
20.026,207.16638
48.893,4.7833915
0.127,0.09028406
10.607,9.621966
20.04,122.39991
11.123,58.254772
19.814,289.38168
19.767000000000003,2.0805807
9.89,0.19580767
30.52,49.22599
339.69700000000006,42.27373
10.217,36.411457
0.013,2.1772225
29.553,827.7184
397.28299999999996,261.95035
20.047,18.958736
60.34,17.340624
9.246,0.023607563
0.67,26.279652
10.64,20.458237
10.167,0.48629957
18.963,17.737057
0.047,17.912638
9.89,5.8363466
109.95,30.457043
0.594,33.497715
8.11,27.902576
60.08,196.17264
7.96,24.323195
8.893,9.096132
31.033,211.57462
20.857,26.491333
0.047,0.065614164
0.143,275.31894
0.143,18.54345
8.48,54.31825
0.17,2.521731
26.077,0.5656221
0.577,0.09028406
150.744,64.167015
9.867,0.83434284
20.143,26.08011
89.83,227.75934
39.892999999999994,29.713915
9.79,1.6600842
9.493,0.0077578686
30.17,71.48483
0.25,128.8844
9.832999999999998,83.68504
0.047,0.3482766
0.596,106.049614
9.12,7.908872
0.014,44.480885
9.969999999999999,50.5683
0.017,7.882846
1.123,26.005848
0.03,6.891366
10.73,173.10953
0.03,9.160345
9.02,15.071213
141.12,35.15506
0.013,244.773
0.156,19.224089
4.727,1.987923
1.017,9.755011
0.14,7.206127
444.007,187.57127
0.14,35.29322
139.89,156.53885
9.81,0.6684423
8.97,9.958257
40.607,551.73627
21.246999999999996,7.9247994
0.233,0.10675872
10.093,0.22111031
9.546,301.28503
9.69,0.1818993
170.797,59.182384
9.117,156.96107
250.103,410.75003
0.15699999999999997,0.18164173
9.296,6.3799157
90.25300000000001,8.980597
9.063,21.437489
9.929999999999998,36.411457
9.396,44.010143
9.043,0.41351327
91.137,9.337545
18.937,6.0548277
19.859999999999996,20.203892
0.187,34.98742
1.16,52.4557
0.12299999999999998,17.664932
0.33000000000000007,8.13262
10.23,0.15965423
1269.97,234.00247
0.844,13.695171
9.287,19.004637
0.343,25.191074
19.967,910.5859
0.017,16.21175
9.157,49.472866
170.083,14.738284
18.573,0.22422287
6.654,20.44084
10.317,21.4685
9.706,13.196424
0.11,11.808362
40.02700000000001,105.81707
0.437,27.966366
9.457,22.513353
0.144,0.03717934
0.107,30.233446
0.186,1.3722686
341.177,2472.1301
13012.536,1103.0361
20.053,0.16267489
10.59,3.613179
21.267,89.71649
0.9059999999999999,59.48366
0.597,5.632966
8.96,4.661459
0.45299999999999996,7.3506603
20.782999999999998,25.639603
14.04,0.008124542
0.0,2.0906923
9.723,6.0684047
100.24,59.53377
0.203,0.38688365
20.07,0.1265632
9.964,0.63087744
0.05,95.22926
20.55,0.14732087
10.51,19.491648
18.56,21.791513
18.524,6.5299096
0.577,22.899132
0.533,434.1008
19.63,5.1152287
10.004,2.1071472
0.03,48.152283
28.48,70.061104
9.163,29.585382
10.603,37.92626
9.44,0.4568047
0.924,17.282757
19.88,1.2442235
0.14,10.859725
18.7,12.322398
0.047,0.61999595
19.684,61.71962
39.557,46.46514
10.319999999999999,106.022995
29.107,36.83718
21.584000000000003,78.068924
8.933,32.75201
9.52,17.900364
28.533,34.163414
0.28,27.174929
9.367,20.879864
10.024,3.4566877
0.347,4.6198053
0.106,5.632966
0.61,0.10456241
0.03,0.027760474
90.88,304.25394
19.62,23.731827
648.197,109.44125
0.7500000000000001,0.29008555
90.25300000000001,26.326845
9.037,22.369026
9.673,29.548698
14.06,48.24749
9.777,1.224809
9.827,1477.9307
19.547,32.111275
19.44,15.308434
5.509999999999999,0.00790876
31.16,0.5406783
20.25,0.17889778
9.89,10.347751
15.254,40.893166
0.093,207.16638
0.08,2.0219743
39.71999999999999,149.78522
8.813,0.8798553
29.827,1.7025197
110.233,1235.7712
19.037,22.565813
11344.532999999998,1693.5211
0.203,8.473961
9.74,30.83176
0.377,0.2527646
10.063,2.4262435
1.207,15.33421
19.913,0.2836286
19.89,25.622719
29.602999999999998,0.050478734
11.064000000000002,8.425324
20.05,9.760918
9.18,0.05627036
1.033,7.9705625
1.283,0.040418647
9.436,0.11817143
0.31399999999999995,7.8300276
9.583,7.400332
20.180000000000003,101.674446
109.74,173.67111
10.46,15.672514
0.516,65.28871
9.173,5.69758
60.153,30.64853
9.274,3.712042
29.147,0.012267022
1.003,54.174103
19.61,63.35379
0.31399999999999995,0.98163885
0.237,12.7561035
0.7330000000000001,3.2881756
0.313,2.5194592
0.6,18.03514
60.536,336.34863
10.513,36.685673
649.883,157.30013
3629.337,278.10385
29.073,167.77058
1.253,51.074986
0.15699999999999997,580.6041
9.073,84.99319
19.89,6.201535
19.034,64.95232
0.046,0.04818139
0.047,23.171156
9.78,105.69737
9.497,17.760075
0.503,2.295254
0.283,197.86542
0.283,0.4788982
139.393,8.085557
19.976,60.02958
59.907,280.01245
10.78,24.223356
10.319999999999999,7.695247
0.827,0.15293312
58.86999999999999,633.1964
0.144,31.275053
697.227,523.08124
90.093,15.819198
0.237,16.258915
0.08,1.9885582
239.67600000000002,609.05475
9.863,13.669754
29.453,365.9513
0.11,2.205896
9.27,52.802704
0.233,41.517975
7.993000000000001,0.8731997
0.897,84.698875
39.937,12.749379
17.17,229.24007
19.53,19.828684
0.627,0.22858813
2.067,73.50218
20.427,7.577215
40.14,13.420868
19.750000000000004,14.903896
0.64,12.55591
0.686,20.029991
159.726,16.27085
118.013,96.39755
110.124,61.731083
20.622999999999998,46.32655
10.587,20.623533
33.427,167.49849
18.92,13.458583
89.95,34.023964
0.017,0.79074293
54.737,45.428173
9.186,0.743346
110.356,302.4676
0.093,20.693794
20.203,47.45093
9.75,20.771456
9.286,4.997816
0.487,422.67874
43.617,35.30627
30.77,0.6900961
220.043,407.47867
39.76,90.42299
10.360000000000001,25.3018
0.03,10.226075
0.046,9.14475
0.28,2.7755854
6803.676,1546.9125
480.02,172.7216
41.35,101.257126
18.653,0.4049005
0.31,54.82782
0.017,47.63331
0.503,20.024754
29.23,341.38293
0.204,7.3746705
19.46,38.8122
0.403,3.197983
9.997,0.26245236
0.5,1.6022631
29.196,20.996155
20.27,63.166676
529.887,24.523232
41.0,0.2397784
10.87,23.116892
0.12299999999999998,59.810207
14.8,64.99838
0.033,5.465771
12.374,94.53295
11.854,81.52693
13.077,53.999046
31.183,90.83704
909.9799999999999,535.19354
10.33,12.299616
9.453,4.323888
48.636,79.428055
10.586,25.530298
10.1,1.4576409
19.104,34.132164
3641.2199999999993,355.54813
30.043,35.555943
59.99000000000001,0.08331722
0.533,14.308739
379.547,106.11107
20.406,24.293669
9.5,18.444138
9.276,8.378588
39.043,3.9631119
19.876999999999995,0.020398077
21.237,18.448366
9.453,2.4262435
10.6,169.4312
30.864,209.47636
0.563,22.432854
10.624,9.795825
8.39,4.5033855
40.843,181.26155
10.06,11.241491
20.097,0.09742725
130.393,37.882908
19.803,14.464336
30.093,25.946627
760.1430000000001,9.702065
0.28,5.5348926
0.126,2.0614398
0.08,8.0327425
0.547,13.196424
8.773,38.846874
0.094,662.8817
9.98,5.397221
0.233,24.683552
50.266,13.137826
0.06,0.58887476
0.033,0.017296672
69.897,15.307701
19.333,48.867134
0.08,21.338335
19.163,2.1128314
9.38,2.536428
89.32,158.3871
9.563,41.76576
9.027,5.3669677
0.797,14.359393
0.36,0.22954126
0.03,19.669996
49.59,32.14973
0.17399999999999996,0.9849321
0.096,0.44417655
1.36,36.996185
0.046,11.103169
9.907,50.85852
20.127,359.05902
9.43,8.8133335
19.547,488.61493
290.7,41.48293
9.87,41.746582
0.063,33.045998
157.62,585.1085
68.86,481.41394
0.093,18.916368
129.58,23.92982
0.35,30.353628
0.52,13.212727
0.45299999999999996,6.75873
18.983,18.021254
0.063,5.5821757
464.04699999999997,0.04048122
30.0,10.35685
1799.9069999999997,1330.276
9.373,53.49925
120.513,95.719185
7.9,0.036883183
9.573,37.545425
10.054,7.0212417
0.016,29.440374
9.523,53.285374
19.763,60.59066
0.033,496.28015
19.956,14.881884
10.22,12.638852
1459.81,23.12079
80.907,83.30748
639.446,245.01904
19.153,2.883973
0.093,20.98556
0.33000000000000007,3.2964075
0.113,14.927951
8.803,0.10698315
10.25,200.75684
360.3999999999999,38.187004
10.616999999999999,0.044005394
260.337,219.23892
791.953,81.93889
0.363,22.768291
40.18,33.087967
20.216,1.1184915
10.02,24.195772
9.929999999999998,62.13664
9.22,0.5572902
60.137,599.66644
0.267,164.02876
20.176000000000002,51.319626
60.25,390.50388
190.393,514.19037
19.063,15.304469
0.263,0.5945124
9.684,12.227149
0.203,4.987846
0.063,11.557487
10.03,52.381054
9.883,0.3399695
8.514,6.446397
10.546,0.5233146
9.53,24.723423
10.11,17.003178
18.213,0.038306892
0.034,1.7093929
58.853,72.11307
10.480000000000002,5.8646016
18.994,144.96085
9.92,52.296585
0.11,14.662367
29.59,186.74313
0.783,1.1882753
19.077,0.29008555
19.910000000000004,8.019358
39.89,1431.0066
8.39,17.316572
99.777,557.77216
49.877,66.74412
18.816,42.388004
0.076,12.521354
10.010000000000002,30.868128
0.094,299.47647
9.876,3.3270526
0.483,0.64741236
9.38,2.3702009
10.06,1.5920126
10.360000000000001,0.24154674
0.177,10.239205
50.93,60.02362
10.003,22.103754
0.126,0.11967278
8.077,35.14548
30.327,563.82227
10.182999999999998,71.07021
30.174,7.993099
30.13,5.3783975
0.07700000000000001,23.411215
0.233,18.457743
19.873,13.572592
0.78,0.08582085
0.07700000000000001,3.882787
10.476,13.695177
11.69,7.890208
0.844,51.309505
8.407,80.40083
19.823,131.48438
20.35,121.51271
9.627,210.83955
10.216,36.052048
8.833,19.103918
0.14,0.83833325
0.313,3.0993688
0.83,14.335574
10.803,65.35205
10.283,12.599473
9.293,1.0374439
9.963,0.18295205
19.233,119.260666
10.136,13.403629
19.92,2.6880183
0.047,1.7899561
8.686,3.0977137
1380.01,1494.105
9.497,1.6111821
410.893,89.51784
0.44,0.27837607
0.356,21.995325
9.347,0.24221575
18.184,0.21400319
0.097,0.027760474
0.216,0.14032812
39.22,102.5832
60.06,27.072073
110.073,281.21545
8.194,3.1274042
1050.047,50.419468
9.13,63.174736
0.86,19.962479
8.383,24.67513
309.896,178.46909
9.034,170.52542
10.913,24.230965
629.8,164.95262
19.82,40.406174
0.204,0.7455625
410.15599999999995,718.78864
18.51,92.37407
28.357,55.197
0.0,0.24154674
3801.563,1088.9784
9.884,50.24078
0.106,17.445301
20.49,24.640078
10.966999999999999,245.25194
9.29,2.389838
59.72,18.214478
269.693,3204.5117
0.013,159.98659
9.52,0.9896538
9.75,1.2555493
10.277,4.718244
29.32,17.348394
40.16,64.93516
9.523,0.045967385
29.723,2.5270367
0.144,0.14032826
0.827,12.9877615
0.046,23.104267
0.03,114.44836
30.064,54.718544
10.127,33.259155
0.487,0.6860782
19.947,13.212727
1.313,1.2834734
49.9,399.88824
0.03,1.3132893
19.967,22.87263
0.064,65.32661
0.656,1.2792406
0.17399999999999996,119.46678
0.6870000000000002,33.259155
89.97000000000001,124.08771
19.82,9.459307
409.18,116.03016
10.65,138.54802
10.577000000000002,12.03341
0.143,0.030736106
2.384,0.09173959
0.954,32.230774
19.983,20.14542
0.423,67.68619
0.033,34.381496
50.727,14.108174
127.67,393.8015
20.850000000000005,1.1258669
255.55,153.97025
0.064,1.0984224
0.17,1.7211046
1.127,0.31403875
12.673,36.474655
0.16,0.10498999
29.794,57.73709
209.94,200.47415
70.854,24.120607
10.044,122.950836
70.314,137.50084
0.127,2.0792913
19.723,14.778676
7.493,0.35235906
1.187,5.445696
10.283,21.943327
8.98,36.3545
20.926,156.20232
49.977,10.52448
19.793,5.199394
0.25,20.463768
0.356,1.0192547
0.15699999999999997,1.3738388
16.283,6.23682
9.707,0.29418004
0.15699999999999997,0.17765549
9.82,71.11471
29.796999999999997,147.17863
9.217,2.7985165
7261.85,3360.5264
0.08,16.780987
0.03,40.248898
68.693,40.1239
9.764,68.95058
0.577,21.206211
89.623,97.11542
9.72,11.138286
19.35,76.070114
9.577,0.014974903
9.68,3.3526886
0.146,22.390951
0.0,0.031437334
30.26,0.04853058
0.613,25.203508
729.84,455.8236
70.024,830.8365
0.12299999999999998,21.02313
59.886,641.0757
1479.75,445.2387
9.557,3.198227
19.093,35.56839
48.993,44.68912
0.17399999999999996,8.319957
47.22,189.45187
19.45,10.88949
0.454,8.13262
11.067,44.442017
0.77,25.290447
19.796,23.567436
9.374,26.520489
0.39,0.040882178
0.017,0.6879782
0.046,285.9133
0.7669999999999999,0.09609843
0.127,4.5116124
0.63,21.6615
0.017,0.13442074
780.7,50.111458
0.547,5.0055146
19.88,14.720455
20.542999999999996,13.976985
19.673,2.1128314
0.127,0.061954744
20.797,28.713634
19.11,52.191788
41.923,55.34175
29.973,54.924145
10.443,0.09536186
0.504,7.8414497
9.573,32.687122
0.017,6.97101
20.157,51.705307
1.0,97.33735
9.803,112.61229
19.547,26.557465
2128.584,3777.9
20.246,214.57018
0.483,5.2947617
50.150000000000006,20.665956
8.14,80.17785
0.39,0.2965501
9.636,200.46303
0.237,2.370809
8.473,1.5736071
310.92,123.33666
9.804,27.453905
0.046,3.6765428
300.103,61.77603
8.747,0.38293508
20.594,556.01746
0.046,17.660233
259.97,345.1297
20.123,0.7217959
8.543,0.026591789
0.15699999999999997,62.99683
0.78,41.324795
19.55,29.468655
39.924,0.39246565
0.143,5.078027
8.676,23.525806
69.363,73.59613
20.253,103.572426
11.527,511.23718
8.623,16.733027
8.284,91.751305
28.927,24.517202
9.067,21.325989
0.203,21.66151
20.877,38.250362
29.08,0.86670303
1241.187,1247.5767
0.094,0.5105246
159.953,176.73071
0.61,29.794895
173.484,378.81482
0.86,9.660408
0.03,912.92487
9.747,0.4683064
0.483,5.397221
10.81,10.261071
30.19,87.934006
30.06,126.426476
19.3,18.38342
39.327,116.70495
9.43,16.386843
20.68,21.587137
0.204,36.25726
58.282999999999994,108.37927
0.143,60.81777
21.016,11.532403
0.016,0.37624833
10.41,53.733818
0.347,52.141495
19.39,106.29405
4.816,3.4195256
0.25,1.6189107
20.203,146.8152
10.664,34.467667
0.047,2.4740865
10.057,0.030254046
0.27,69.95287
230.027,599.1579
0.17,65.69918
0.897,144.68501
9.21,0.2737839
10.636,98.289085
19.969999999999995,10.979732
2040.397,335.17322
10.17,36.43096
279.273,27.771631
119.124,397.8213
8.917,2.9887855
9.793000000000001,6.977787
29.96,0.07507017
9.25,21.25544
9.457,68.31946
9.68,2.7641325
4013.307,161.2106
1.017,0.2241192
10.017,8.10286
40.077,1.6996417
0.454,0.046300262
29.624,793.86194
149.987,67.64026
773.273,195.72203
10.527,19.094215
9.807,7.6668386
0.24,1.1556461
60.08,421.529
10.1,5.421231
0.0,0.48456544
1.05,71.19203
9.967,23.116892
0.15699999999999997,13.636113
0.14,0.6177921
0.31,10.688388
0.047,3.7510338
0.987,30.628443
0.017,5.5518217
2.736,8.9595995
11.04,280.0685
23.207000000000004,28.589169
0.076,22.116877
9.126,12.659642
9.033,52.98919
0.6600000000000001,3.5776384
0.284,2.543275
0.283,1.1931887
0.25,4.323888
0.483,0.94545907
0.107,24.316532
229.97600000000003,271.05487
0.11,14.930355
0.017,34.314503
0.8770000000000001,6.7105036
40.24,59.161846
0.707,24.012514
20.787,59.07478
9.603,2.366777
0.39,121.13061
6.726,16.636513
1.5339999999999998,2.315643
10.426,310.1126
21.637,12.933247
19.842999999999996,6.047742
9.743,242.8466
20.546999999999997,33.02357
0.797,0.063061185
341.143,371.78137
0.936,8.886552
10.41,0.45499778
9.477,66.98873
19.777,0.15979941
0.577,25.171066
10.57,44.34131
470.63,43.81568
30.043,57.117935
1509.15,137.96153
0.033,1.5964825
9.686,0.0106195295
80.01,123.95572
0.19000000000000003,65.17457
48.99,193.3647
69.867,67.59583
26.592999999999996,212.04257
289.984,2012.9142
9.177,44.673347
0.173,66.53151
0.0,2.1581883
20.647,26.793322
0.08,0.11898554
7.783,10.184042
10.123,3.2258425
0.07700000000000001,21.631334
0.827,9.382212
10.056,47.898453
0.234,0.08857978
20.27,164.21312
0.03,1.5617635
0.5,17.678936
1864.693,557.7446
38.74,41.687733
229.783,2276.6868
0.017,18.78788
1.25,20.488163
29.174,92.58781
19.78,18.430265
5.883000000000001,11.698714
10.207,58.594524
19.956999999999997,27.765806
10.277,22.583305
0.237,0.12965775
689.647,65.17388
120.57,133.28638
5.913,35.56839
1.177,56.249954
29.34,0.018477714
0.017,27.109327
10.257,94.589226
8.13,0.3058401
0.873,0.014626895
9.343,2.850858
9.79,156.20232
21.157,8.508598
10.02,274.5682
9.963,2.1381762
0.063,4.384929
1.673,7.184496
18.714,466.20514
98.22299999999998,7.822109
0.08,18.38342
19.623,98.11655
4823.537,1094.1775
10.717,28.947447
10.007,6.8198085
8.777,0.40194887
18.214,258.6527
19.714,568.89557
0.0,9.599012
0.14,17.92654
80.456,20.344448
30.5,157.87578
5.974,0.7356234
80.023,40.55758
0.31,2.4613793
9.59,1.949302
0.033,0.9879489
0.017,1.279868
2050.134,8.13
10.167,18.164213
0.013,1.8647262
150.106,26.557465
200.137,968.51666
18.806,285.7946
0.0,35.9298
20.12,12.862384
18.587,132.8904
400.227,9.685317
67.283,26.64012
0.017,5.351912
0.703,18.5571
0.283,0.2961087
19.724,197.98346
80.103,51.407932
19.907,315.23026
0.237,0.40818948
0.533,1.6614383
1.203,28.65262
128.823,98.02371
0.046,0.06998539
40.277,188.17442
0.03,0.07279502
0.22,3.8421252
29.8,13.636113
80.38,59.63607
19.767000000000003,6.230169
9.573,20.392286
30.61,7.4875693
9.024,32.822273
7.19,44.32787
39.797,45.28256
279.787,52.15143
189.933,34.381073
19.227,14.30202
9.713,3.2946033
0.97,0.505505
0.0,0.33206376
0.343,0.03297163
159.923,100.29379
0.657,2.8029284
189.74,733.05536
9.516,14.930355
0.204,5.784102
0.22,0.03922261
2543.6840000000007,134.15092
49.79,44.463005
0.12299999999999998,1.279868
30.01,77.49962
30.12,41.655262
0.113,2.295254
60.293,36.97296
0.03,25.756006
9.623,69.886604
29.094,5.86567
9.03,0.8667377
1.0,22.583305
9.897,0.322682
9.82,15.6360445
0.613,87.891754
0.034,16.258915
17.037,41.397873
19.753,16.838203
9.32,4.8931384
59.904,143.2104
0.31399999999999995,2.3399632
0.216,18.837994
1636.08,1156.0886
19.074,0.2398152
778.95,270.13016
70.29,0.16178036
0.11,4.2163877
9.337,0.9960907
3.9359999999999995,89.089645
9.983,15.734355
10.577000000000002,11.769675
30.414,316.16483
19.910000000000004,0.386177
10.51,53.088978
244.85,65.33361
140.433,401.4244
57.657,585.4409
9.663,29.89608
79.49,54.831665
20.74,32.41541
16.073,109.289276
39.296,20.747078
0.547,13.3566885
8.3,1.2383591
1.657,31.018642
10.053,2.7207959
9.784,19.979954
10.063,14.772462
9.84,28.304905
0.487,0.69009554
1.077,0.07793136
0.063,0.03593339
10.747,23.033972
0.07700000000000001,10.6796665
9.82,0.106228575
70.604,77.33471
149.88,68.89387
19.533,7.337489
10.12,31.093443
39.33,302.29373
90.157,22.123814
1.02,37.361668
0.844,27.782314
0.093,2.2463183
0.25,4.9452095
1800.257,1291.8816
10.917,0.13070445
0.377,1.0192547
9.84,7.824765
0.017,5.148799
8.92,0.69430834
9.88,7.7642236
18.933,64.962685
20.033,50.178112
0.203,18.331783
10.296,0.9778407
1.16,3.1274042
9.06,12.050929
12.844,25.318893
8.38,9.465982
9.796999999999999,0.32788226
0.657,21.415455
0.343,2.647763
8.627,2.8382385
19.937,34.84719
828.797,456.9548
0.297,24.964289
1899.67,265.47156
0.326,3.106206
150.58,21.843706
2690.993,455.84268
19.46,70.27878
190.993,493.36374
0.093,20.178997
10.182999999999998,26.93864
0.22,39.966255
0.14,0.7222483
8.21,82.671036
8.42,221.80525
10.247,43.422897
0.19000000000000003,18.877586
10.02,10.784505
9.507,7.189244
9.81,354.07288
0.093,34.31465
100.34700000000001,269.83762
19.583,14.712068
71.017,0.51062685
149.054,769.311
50.953,148.58987
10.573,31.018642
0.28,1.8044347
0.0,0.025289102
30.087,22.513353
15.062999999999999,142.70836
40.22,54.746586
530.177,376.28998
0.25,8.8133335
0.08,0.20925246
300.086,17.09199
0.0,206.62227
10.3,0.045022145
0.31399999999999995,65.67819
9.397,69.65313
0.14,0.6861751
8.0,40.218468
10.207,1.1225715
0.0,1.2225685
50.063,355.34204
40.183,409.18002
8.547,54.938145
119.94,245.74666
0.28,6.0301266
0.127,61.652573
0.0,7.4326634
0.97,1.4766194
0.143,0.41104066
9.89,21.661564
29.773,37.15163
29.91,99.1893
59.72,146.79803
0.203,3.6507213
100.48,0.81156605
0.14,17.912638
0.39,59.13697
0.046,6.573583
0.283,0.035435528
10.68,22.795843
20.016000000000002,13.7561865
0.55,9.321642
12.117,76.681755
9.557,0.4145561
0.15699999999999997,11.09227
0.8770000000000001,0.43394235
18.873,61.890083
0.076,0.3748855
9.6,0.34366933
19.750000000000004,25.327812
0.0,1.4212672
29.202999999999996,2.2062957
0.093,0.41104066
10.182999999999998,70.43317
0.88,74.36398
81.017,59.87198
53.32000000000001,47.809906
189.24,109.82308
0.766,0.026591789
1214.17,140.8183
27.903,0.012589008
0.013,9.569752
0.156,0.4748535
0.187,15.011579
0.55,661.3078
220.067,229.4695
9.027,111.3482
0.296,0.5618555
0.047,7.545579
9.9,215.95633
0.25,7.664923
10.753,4.758034
39.617,1.9378259
10.064,0.93758374
20.477,243.92468
39.996,138.57065
59.93,103.20385
50.293,67.548454
5.703,10.845394
0.39,1.800495
200.53,155.82802
438.91,548.9955
41.023,0.024470543
0.25,2.4366238
9.54,0.16289815
29.99,95.64061
0.08,0.27104077
0.233,4.885734
2920.724,463.26395
4511.417,2088.7769
1469.1700000000003,1343.3231
1940.243,933.9912
30.037,0.7278573
0.19000000000000003,2.9744813
0.4699999999999999,0.2263102
29.83,52.955807
19.793,3.1274042
11.01,0.24761729
0.12299999999999998,0.24749783
0.937,223.68703
9.264,31.89208
0.376,0.014054854
0.28,0.68343407
0.77,0.13598438
30.163,31.972916
0.11,84.698875
40.01400000000001,2.8617582
0.127,0.009488513
508.913,445.46423
129.437,12.043889
8.907,26.628492
0.466,74.83837
90.323,124.47018
0.0,14.470479
10.597,0.16943248
29.96,51.872105
17.967,7.545579
9.847,9.02573
9.167,59.09914
19.427,9.985068
40.043,23.585886
1369.796,1421.5022
120.797,26.747477
29.98,0.04697317
19.443,64.97289
0.094,0.61734164
40.02700000000001,265.6585
19.874,8.146543
102.487,408.75815
10.94,0.09936833
0.067,1.9881316
9.004,7.4484196
403.04,2833.0757
18.977,0.02404847
37.673,74.507996
9.694,55.45833
0.7500000000000001,22.996986
0.343,51.884357
1.5200000000000002,72.09725
0.064,43.68627
299.834,7.731564
10.066999999999998,0.15067127
8.063,13.761992
2192.307,639.71783
0.217,76.70947
0.203,27.341326
0.533,28.927124
51.75,197.98346
9.547,21.243765
10.257,156.63971
19.01,6.937934
39.717,123.76607
49.946,189.1317
19.703999999999997,294.6465
19.81,7.6337934
0.19000000000000003,41.607567
0.06,2.0244517
0.377,10.784494
19.536,21.415152
900.263,31.639505
0.033,0.48953307
34.93,149.77704
450.62,171.89523
119.897,82.10052
40.23,123.90174
30.3,3.7082455
19.967,46.155136
69.617,624.2651
39.44,42.40547
9.904,41.559135
0.094,23.6145
19.873,421.31308
10.29,0.05321549
129.68,53.205883
40.127,10.1623335
10.496999999999998,12.21395
10.077,30.850454
19.857,20.734524
30.39,28.257189
50.343999999999994,27.612469
19.024,0.038102604
8.843,4.3645673
78.75,58.112377
2750.48,47.84714
0.127,15.734355
0.017,39.291443
10.843,26.489721
10.157,15.45187
67.6,1432.3644
2411.486,748.09906
10.452999999999998,7.020425
199.51,416.40936
61.05,735.2894
770.274,1885.2814
10.669999999999998,2.7840974
0.643,1.8044347
0.22,11.017879
0.094,4.8629045
0.407,0.021508988
0.203,1.8751904
0.283,0.12932506
18.06,70.84163
0.703,1.8614002
10.683,12.609172
39.89,6.358016
9.437,94.37053
0.0,5.5821757
7.897,6.918446
0.406,2.7249036
10.397,46.030285
380.334,73.853065
0.6870000000000002,23.388655
19.137,38.86772
448.313,380.31244
10.087,13.563831
19.88,2.1595387
0.156,40.565163
9.977,40.441723
0.237,47.5544
60.314,1437.2064
0.15699999999999997,97.47358
10.89,10.261071
0.564,0.84014434
13.723,71.70754
20.127,86.34962
20.84,0.05961455
9.94,23.584673
9.88,78.291046
0.563,13.026564
0.17,1.0840708
59.833,26.496044
19.463,93.59068
20.33,16.809942
49.886,17.02238
30.83,5.820302
19.907,639.45483
0.08,1.7093929
29.885999999999996,26.115679
7.787,0.023513576
87.897,29.925766
319.9669999999999,1191.8807
0.047,20.423506
9.74,0.008606724
8.763,9.444868
1429.933,174.54369
0.093,12.202788
20.622999999999998,86.159805
9.77,127.86402
19.95,34.314503
0.563,0.3058401
250.12,274.46198
20.026,4.384929
10.236,2.1923673
9.47,0.594513
209.077,103.57237
90.837,43.71663
0.126,1.7590568
28.713000000000005,19.407312
30.079999999999995,0.34741542
9.944,2.4543457
69.95,55.242645
0.14,17.785276
0.217,8.478714
20.61,44.029366
0.344,21.14927
29.63,179.19296
11.64,92.47273
358.307,32.480938
1.067,24.578592
9.912999999999998,16.043312
79.37,208.94466
1.05,8.5116
9.906,57.802357
10.064,29.388752
10.173,53.042793
10.734,14.772462
1.236,31.747612
0.864,22.470184
29.1,56.08454
0.724,0.15547365
210.05000000000004,345.68048
29.767,17.89824
10.213,16.774813
90.8,10.767686
10.037,2.9082382
50.513,96.22945
10.237,0.026229534
10.16,84.70713
9.18,7.793321
19.814,304.02036
0.047,0.114676245
6.473,28.501446
21.037,23.428675
138.39,0.28524423
0.907,0.030520016
39.473,95.976425
0.076,27.508863
0.03,177.78128
0.467,39.58759
10.43,7.968459
9.767,2.4613793
27.73,324.6837
10.323,25.50244
0.31399999999999995,0.11898554
9.977,3.3045874
30.747,0.475249
9.25,32.155155
17.906,36.20782
79.94400000000002,1213.2174
9.827,6.6717324
10.52,0.47051832
60.326,66.007034
0.61,10.272825
20.177,0.31498086
0.28,16.772688
0.047,18.531086
0.22,12.610254
8.766,19.056242
690.237,291.1279
9.297,4.997816
841.8630000000002,1161.6135
9.007,15.674241
9.897,1.787026
50.11299999999999,10.493138
19.699999999999996,19.141695
10.31,0.03982295
9.927,1.1192471
0.047,1.5787085
20.21,10.35832
373.5830000000001,256.93082
8.267,57.21972
0.11,23.096209
59.076,29.660852
10.66,0.42361012
0.466,12.654128
8.38,13.511154
11.193,13.148302
0.64,83.628075
0.064,0.06285213
9.92,6.6717067
9.863,0.256216
0.17,27.121656
8.467,0.008420332
100.00700000000002,395.3831
10.69,2.3727157
0.43600000000000005,12.639454
0.047,3.0890825
20.244,1.3787067
0.704,4.896769
89.564,25.012468
31.267,17.470871
28.78,316.32477
180.48,1641.4872
18.167,0.48761663
0.186,0.44417655
8.97,41.016636
0.817,0.8798553
9.103,25.047094
0.234,0.25003794
0.033,0.072795086
20.754,145.77625
10.480000000000002,39.25799
10.223,2.6483798
10.416999999999998,0.4511433
0.17,23.245611
120.02700000000002,24.486513
9.21,29.366173
0.08,40.406174
69.673,51.722183
10.26,1.0435464
7.753999999999999,171.63066
30.3,47.164604
0.267,0.8053926
0.093,0.06594389
0.48600000000000004,13.870201
18.35,314.21936
8.754,14.534566
10.184,8.358704
19.74,75.26345
0.186,2.408941
20.22,26.02582
1.093,0.17564636
10.360000000000001,18.568611
49.38,140.75012
9.346,15.753087
30.72,79.97024
9.74,0.03817495
18.443,45.46984
19.926,35.310574
19.41,32.49331
30.193999999999996,43.48957
0.03,0.64198345
0.263,0.014756666
53.667,31.878164
0.11,0.09609843
18.793,36.463257
149.936,18.261435
4990.783,409.87006
0.156,22.431421
9.574,2.9559207
19.669999999999998,4.7967052
33.64,0.054342806
7.807,20.879314
0.07700000000000001,1.8859236
9.747,56.325428
269.827,337.60596
214.313,528.005
50.92,95.782295
0.83,3.9682622
9.147,24.320332
10.763,22.35701
20.46,19.43095
9.013,58.871235
60.847,71.13444
9.969999999999999,0.2333595
0.427,3.1879714
79.75000000000001,6.457736
9.276,3.7398584
8.293,80.61677
100.017,968.1526
19.3,25.611662
0.943,0.0726773
30.98,35.01619
150.273,38.84745
120.253,137.45393
79.95,118.1443
19.84,20.580261
0.093,42.21495
0.77,22.354158
30.323,19.982489
10.297,33.719837
20.194,8.892594
0.236,2.0244517
0.11,1.4858235
290.18,22.44194
20.804,534.15265
10.045999999999998,0.015822506
0.19000000000000003,25.101423
0.08,2.1369572
0.07700000000000001,8.840864
10.607,39.920605
0.22,19.99055
0.17399999999999996,66.30977
112.49,305.4877
0.11,3.9388187
0.423,22.076208
0.253,14.470473
21.32,60.1174
0.457,61.218964
0.53,23.8267
10.307000000000002,0.39121228
6.226,23.567436
10.210000000000003,0.009233182
19.063,0.5736877
0.08,0.23286688
10.017,10.206496
1.286,6.802636
0.8,1335.6089
0.377,0.31906232
59.736,71.612236
19.637,16.248991
0.466,4.004615
50.013,159.13072
160.596,1.9869393
0.03,2.0798209
119.74,135.09909
17.35,0.18983833
9.746,96.741714
19.706,283.16367
0.017,20.898708
9.747,6.5356407
0.45,25.23681
10.910000000000002,1663.2378
0.233,120.3293
0.127,9.719119
60.57699999999999,38.5343
20.033,82.57332
49.59,573.97644
0.173,89.9879
5.997,0.2721753
0.047,11.147185
1.313,0.16840182
0.03,0.074650526
11.597,8.155529
9.82,20.562399
19.35,12.142464
99.9,505.9373
50.099999999999994,240.61966
159.97700000000003,544.13153
0.064,23.333105
70.58,4.582035
9.213,9.389255
10.897,85.76505
0.034,15.289575
20.129999999999995,20.947721
0.076,0.486077
50.157,83.5778
29.717000000000002,28.826168
8.347,141.96686
0.03,130.85985
1090.103,302.2757
1349.884,68.05845
239.94,165.67435
8.223,7.3050904
229.98,165.04678
0.296,70.754
28.757,237.34827
19.777,36.74404
0.44,486.7388
0.22,0.35235873
39.76,92.02194
0.597,0.026217978
17.84,744.21686
0.627,49.472866
10.94,10.697713
99.41,27.64844
10.367,44.601192
9.747,346.94742
21.353,42.735462
10.723,0.28493944
8.667,121.51271
11.04,19.163136
0.517,11.449626
980.0899999999999,922.15393
0.076,3.7799172
68.014,3106.9468
39.936,18.331776
1.003,40.349342
19.836,1.0654083
0.127,1.1625578
0.127,13.6878805
81.65,70.54705
0.08,4.903881
88.546,132.07048
20.734,93.17784
87.697,99.70409
0.25,8.870213
29.03,16.859539
0.07700000000000001,0.49587715
0.144,1.6682336
0.55,15.166789
179.533,747.86865
19.74,8.184982
20.427,275.07776
19.993,16.81865
8.626,0.093606375
0.15699999999999997,1.4636762
9.276,0.012766274
9.6,10.460144
118.48999999999998,297.97455
4.876,2.883973
8.91,0.2617982
10.697,0.17585216
9.623,23.95966
40.796,61.19443
10.0,49.220676
9.657,34.679893
120.06,102.46394
54.15599999999999,52.480812
9.153,27.174952
19.910000000000004,4.438977
0.377,13.196424
19.88,277.4811
20.727,256.63132
7.883,25.065912
0.017,0.19585529
9.926,1.7898793
19.863,1.4149098
0.187,38.299923
0.186,34.071125
0.267,0.014332131
0.187,106.50211
9.976000000000003,2.2447124
0.093,0.35842702
10.087,0.04630159
1.03,26.691582
10.877,10.875401
10.29,113.65086
0.033,91.027176
159.973,89.88401
0.153,4.067276
19.699999999999996,76.70947
0.343,0.8714869
70.317,39.956585
0.83,14.130348
0.063,8.527855
9.832999999999998,0.3076389
29.889999999999997,8.47351
9.58,1.7511083
9.207,8.589138
9.98,114.37289
17.947,0.5945124
9.063,14.772462
0.016,8.499241
10.24,678.4594
17.827,182.43227
8.664,1.57358
34.9,477.43045
0.237,4.8181596
19.910000000000004,22.864008
0.236,18.876677
0.17,0.47051832
0.153,4.5116124
10.646,17.75937
9.007,2.445626
0.014,0.07279502
11.117,71.78054
0.28,0.21271579
0.7060000000000001,2.781112
0.143,2.2190723
0.5,0.028179226
38.033,74.21763
18.944,0.16999619
70.02,74.203285
99.81700000000001,464.8628
20.594,0.17097336
199.783,223.76341
31.06,259.9293
21.107,82.11166
9.697,31.925419
9.98,25.203508
79.894,238.28293
18.937,22.020618
9.653,21.975592
0.4699999999999999,21.686663
40.157,471.726
8.523,268.78085
59.583,13.3189745
1.624,1.5909715
309.974,21.199627
0.64,0.79074293
9.907,3.1697743
0.08,11.702084
19.357,0.56222695
0.39,0.7925231
0.563,6.7770243
22.396,84.58932
17.59,14.847209
9.027,24.444458
100.22,2.2651038
2455.547,26.233818
19.947,5.079891
0.78,12.201441
0.013,0.30413657
18.993,32.30209
9.877000000000002,34.636715
0.107,0.32910722
39.25,24.31434
28.806999999999995,0.06354517
0.14,0.040523052
9.844,2.781112
0.204,12.029854
479.414,624.4034
0.327,18.73077
619.887,1721.541
1.223,0.7779109
0.394,0.80824405
40.72,14.565568
8.944,26.86576
1110.27,1884.2585
1101.69,47.60144
0.016,15.251921
10.853,327.9177
19.66,336.3164
19.063,153.47647
9.884,38.778744
30.100000000000005,607.2977
9.82,16.405014
10.06,27.67322
10.037,2.5513737
990.0969999999999,73.5012
31.14,25.354198
39.777,125.18424
29.707,3.3044019
0.094,0.03627319
19.45,159.84702
40.707,104.65526
10.347,19.333899
1.25,1.0442942
9.41,9.755541
0.0,93.77234
9.024,1.6699526
8.227,42.735462
9.216,0.044554483
28.866,0.19671825
20.68,15.245065
40.793,8.192018
0.156,20.537554
20.943000000000005,6.724967
219.927,693.2442
9.944,31.15448
9.447,21.254732
0.233,1.5647708
20.73,25.251322
0.03,11.181387
0.93,39.54809
35.25,0.03235321
0.013,9.389255
0.377,3.3807955
9.427,10.610938
40.593,63.520287
20.05,9.860614
10.16,17.827007
9.22,21.378643
0.36,0.72954947
270.276,16.521969
9.969999999999999,200.43799
9.626,5.8566327
0.343,9.389255
10059.553,1086.4956
0.017,26.15218
190.383,12.25696
0.78,10.089464
8.897,9.343959
0.657,38.83833
18.917,12.652268
0.204,26.158577
19.08,2.1923673
8.133,11.823695
9.033,84.743416
219.736,302.111
0.16,0.37980515
19.82,5.677568
10.884,2.992042
8.913,1.6614383
19.837,0.6869666
0.07700000000000001,1.5453751
39.607,57.879955
9.737,0.5847504
0.407,0.025289102
10.31,226.70876
0.11,6.4635086
20.146999999999995,44.306606
1589.973,341.059
140.287,17.277937
0.047,1.5909715
9.92,2.431232
27.819999999999997,123.07269
9.253,0.034049295
0.19000000000000003,0.2527646
20.116999999999997,44.071968
55.370000000000005,0.031088034
40.21,469.83942
9.64,0.024393233
9.929999999999998,658.084
8.95,0.9539433
9.48,8.272527
0.11,8.143398
10.873,61.35904
0.11,10.080474
529.87,862.93536
9.116,1.8614002
19.317,0.13315201
3.3030000000000004,38.83833
59.54,245.83865
38.427,25.141636
10.363999999999999,133.47307
269.833,5.018528
0.407,23.207338
280.17,328.45084
22.009999999999998,118.3167
0.22,31.970201
9.33,0.33444062
0.187,37.9969
946.707,237.93109
0.25,18.685728
1.504,0.05190092
49.997,19.539057
140.133,105.77902
0.5,16.225765
9.446,4.912062
8.91,0.48953307
29.343,10.167017
69.837,18.368221
9.757,29.838371
58.85699999999999,13.750693
30.016,2.6388328
39.934,30.127953
10.257,6.632583
40.087,39.46494
0.0,0.06849778
0.22,24.411076
29.757,4.8661785
40.063,55.64214
0.64,1.7123281
0.12299999999999998,98.61918
9.777,0.48953307
0.33000000000000007,11.85357
0.343,0.06536528
0.203,21.390884
20.960000000000004,64.61756
0.944,16.691442
0.296,2.1765006
25.444,43.075153
9.907,0.36788088
10.07,14.321996
20.68,344.14633
0.55,9.373567
9.52,14.734263
23.21,19.693193
8.737,0.15118961
860.1940000000001,220.74579
0.14,2.14832
5756.94,3176.0269
30.943,253.6806
0.083,87.5147
809.8869999999998,2468.8987
10.363,37.571712
58.83400000000001,401.18323
0.127,0.48761663
0.017,0.03158365
9.283,1.6682336
0.07700000000000001,15.75392
19.977,21.624386
129.33,45.449314
18.983,15.239997
10.0,18.554625
0.0,6.7541103
19.907,0.6673041
80.55699999999999,75.970764
8.267,107.46793
10.12,607.8755
1.033,216.75124
20.0,30.781445
362.713,28.592815
9.886,112.050255
30.317,707.15717
101.19,4.839151
9.703,34.972168
0.357,0.19421422
0.22,279.49463
61.22,265.11972
8.757,6.362085
30.576,0.12068124
8.633,45.193966
0.517,103.442665
0.347,16.991026
0.377,2.978699
0.156,0.2809645
0.204,0.72535515
19.627,67.96285
0.186,29.176586
270.513,794.22614
20.013,984.4807
9.153,8.930055
59.37,28.001299
179.73,430.83282
0.08,1.1225715
30.037,19.820955
0.36,0.17407769
10.153,5.9227667
69.31,166.63478
8.847,23.62616
9.832999999999998,10.954844
18.987,22.719664
9.987,40.491188
0.013,61.680874
29.459999999999997,41.506824
58.163,2146.5808
0.296,0.20855717
10.23,0.062348265
9.307,0.57955956
0.313,3.865062
0.503,58.385654
8.396,0.75561076
36.21,0.04704849
9.017,5.1140194
9.214,2.0614398
29.58,124.93052
9.524,76.18943
201.017,1314.8838
20.677,30.66644
19.2,4.1052127
19.36,53.632763
19.707,1.139913
169.327,1064.2921
9.69,81.00994
39.697,241.06705
2129.903,153.90138
10.247,7.189244
18.797,53.088978
59.506,18.22912
0.046,13.563831
39.25,2.4331317
110.627,85.97605
10.796,4.74201
0.09,43.36761
130.234,95.494225
9.91,0.46701476
0.377,866.8028
0.814,19.042301
19.72,0.021724697
580.06,425.46518
1.253,11.85357
28.814,464.9321
0.127,7.651086
40.470000000000006,23.967628
40.157,37.824467
430.053,1106.0834
0.063,0.7374728
10.049999999999999,51.92606
70.31,57.118343
10.077,73.339966
0.017,1.2788684
0.22,0.8841678
2.254,8.759334
110.243,14.812372
1.347,7.3050904
0.063,2.9012187
42.016999999999996,8.155505
1.847,20.970093
9.96,14.832345
8.19,33.479683
90.65,963.9749
9.723,8.559788
140.26,5.673504
0.203,0.03139072
0.407,0.3160427
20.576,5.999787
0.063,0.24768434
0.92,3.2285604
20.559999999999995,2.222878
8.93,2.2922988
0.03,0.68123984
10.16,1.7930793
7.334,0.6725717
180.13,144.10728
0.047,206.62227
29.85,251.18025
10.45,14.813503
49.794,691.6008
88.22299999999998,33.437283
39.417,14.561412
20.38,61.018856
20.367,24.315744
9.68,20.078543
0.58,0.03297163
18.23,66.959816
90.093,12.157095
10.253,22.120386
21.077,24.668406
19.21,291.6148
19.927000000000003,21.725594
1.86,0.513119
4180.627,307.49075
9.05,4.05782
0.187,28.927124
0.114,0.916433
10.22,22.48918
70.083,553.6982
0.173,0.16231103
19.19,314.1861
20.647,33.961113
0.343,23.452555
0.89,64.099754
1343.6499999999999,349.1555
8.997,52.23956
11.267,78.84851
0.204,0.86818534
9.804,0.018401852
0.127,15.659947
19.203,7.1425757
9.89,16.892399
65.99,270.46497
0.0,17.020645
0.233,0.013366161
29.110000000000003,1.800495
79.773,26.721308
10.0,48.721043
179.976,24.121033
0.063,7.978007
90.013,309.40167
9.716,49.530457
10.047,15.628992
2660.5769999999998,250.65399
0.25,11.147185
0.61,8.869545
0.924,11.447627
9.373,17.316572
21.18,151.44054
10.27,3.3589888
20.290000000000003,33.009117
10.547,0.61734164
0.0,7.7436275
114.14,0.4476645
60.17,45.506264
0.45299999999999996,35.583004
0.09,1.6023562
0.233,3.6903608
9.687,103.3629
8.497,35.801888
0.22,69.07525
10.203,14.902292
1081.363,1268.308
0.347,5.2041364
19.536,258.34088
1.194,793.30273
20.21,124.58158
119.9,829.0454
0.846,58.7388
0.15699999999999997,106.23114
0.424,38.60992
1009.947,1126.0333
6.813,54.44083
29.944,30.912796
61.013,28.57447
151.033,33.718246
19.923,50.571304
10.017,162.68985
12.217000000000002,20.34777
8.684,3.0893269
5.726999999999999,141.41023
150.17,16.847916
200.024,61.004505
0.203,1.5909715
158.873,76.20788
0.076,0.57211035
99.45,30.034101
4.643,0.9013782
0.05,2.1765006
9.687,6.3709245
8.2,93.02932
0.204,0.3617194
31.067,80.24532
0.31399999999999995,1.5409133
20.893,87.76958
1180.424,533.8709
19.167,0.52066267
0.076,0.073660396
0.14,41.76576
20.017,38.82126
39.533,4.317551
9.743,44.207508
19.803,19.013058
69.24,4.1766343
413.48,289.90817
40.483000000000004,270.58374
0.097,3.013156
20.333,15.971178
10.182999999999998,0.3421611
14.91,62.316437
8.907,16.571892
9.667,41.517975
0.033,10.632322
9.366,7.697581
99.14,27.923954
0.25,22.899132
600.283,251.71866
10.34,28.64241
0.033,3.2218955
9.717,103.23087
0.0,0.0134285875
10.723,28.293755
29.226,58.66641
9.3,27.218384
39.96,12.9584255
11.07,9.424737
0.187,1.8667241
19.933,19.118397
0.97,118.47001
0.11,0.035435528
310.16,479.17856
99.69,37.96811
10.435999999999998,1.0192003
8.917,0.16092202
40.36999999999999,52.514576
9.023,0.01872768
0.217,12.996147
2.9230000000000005,0.40430897
10.12,19.103918
91.966,370.328
10.127,45.536644
9.657,0.4748535
749.993,16.498
110.167,29.651924
2.144,0.058294762
0.11,47.359257
10.010000000000002,6.019676
9.54,9.755541
1.217,97.5987
0.016,99.26647
29.747,38.73449
0.483,0.78744316
320.634,254.4146
29.687000000000005,78.26734
0.22,16.019547
0.11,13.1083145
0.143,0.099475466
9.257,0.6268025
10.126000000000001,259.86694
29.194,1.4170663
9.927,13.159173
89.767,6.7843757
89.50300000000001,84.702545
19.913,153.70807
0.41,0.056624904
49.36600000000001,1306.878
0.44,0.04178973
1.08,24.840088
740.007,2219.679
18.627,0.7145874
9.276,7.057769
19.24,0.011840432
0.13,3.3807955
0.07700000000000001,0.34127244
7.726,0.7779109
20.083,420.27682
0.263,112.63343
9.993000000000002,7.6381984
50.040000000000006,450.19778
700.483,17.153559
10.126000000000001,53.851746
10.477,39.828274
9.877000000000002,10.230708
51.709999999999994,32.578148
5.08,82.64182
10.913,21.67858
20.207,2.6477606
29.723,38.66309
0.563,2.62926
20.03,18.873053
70.003,44.44773
9.354,0.95624137
323.866,244.839
0.373,17.456205
9.656,55.163372
149.917,23.189249
80.84999999999998,16.72278
470.1,216.37378
77.894,536.129
10.257,12.9491
9.832999999999998,0.03565913
0.0,0.11823547
141.254,0.06300732
18.73,54.377678
270.257,99.05724
9.474,1.0502014
129.666,35.872395
9.983,618.8582
20.274,21.5048
90.037,829.08014
0.647,0.7819115
30.003,0.07811484
260.404,68.91832
9.06,7.0722737
9.803,0.19934802
8.547,6.9219294
0.983,23.756098
0.347,0.5135909
30.302999999999997,28.76699
19.969999999999995,13.524876
79.926,69.61684
39.344,40.173084
20.367,53.78156
209.53600000000003,12.992715
121.524,288.48083
60.133,5.481252
0.186,44.063065
9.73,0.34870732
28.374,7.51487
40.053000000000004,107.023964
10.090000000000002,9.343959
4381.02,854.43915
10.423000000000002,24.487005
0.694,0.10498999
20.056,136.12183
19.35,0.18230152
40.133,62.07354
110.31999999999998,273.94608
30.247,161.225
0.203,1.103803
9.993000000000002,1.3082665
40.25999999999999,0.3820188
602.583,3344.9663
9.606,11.9414425
10.536999999999999,14.3224535
0.78,41.49097
10.165999999999999,0.06125398
20.153,0.35289407
9.517,20.984812
18.94,47.18854
19.62,25.523815
9.337,7.688382
13.224,151.44054
9.683,4.9306455
0.876,100.1151
19.627,313.72443
0.45299999999999996,45.337406
0.204,1.1030527
19.113,7.093047
0.017,97.97617
29.077,31.276796
19.313,82.24074
10.049999999999999,36.270386
0.407,7.882335
0.0,1.8667241
20.047,1.830793
309.184,355.91113
9.347,11.040519
8.773,0.39121228
28.21,17.595488
9.166,145.97281
0.204,35.56839
20.04,24.877499
49.89,22.719664
10.003,3.427017
18.63,4.636801
9.553,2.1581883
9.877000000000002,23.624788
0.153,15.659947
20.28,0.17549098
0.41,32.75201
9.88,13.9744215
0.187,0.32910815
159.74999999999997,336.5841
8.446,23.642368
1.28,0.5656221
9.016,29.7003
0.14,0.07552111
9.733,0.02170434
20.777,333.05038
10.399999999999999,186.48175
169.12,70.97927
9.234,72.77986
9.343,7.118238
0.17399999999999996,0.03158365
9.993000000000002,2.7493033
9.817,33.148952
549.927,567.1141
0.11,16.255978
8.84,19.778242
8.55,67.7793
0.20700000000000002,0.24286848
79.82,28.63809
0.08,1.7541752
9.693,0.6651009
29.843,0.22115459
9.843,18.05341
0.737,6.4321284
29.779999999999998,367.8173
9.373,73.91778
0.08,0.20855717
59.897,978.92096
29.74,85.36987
0.313,16.591282
0.22,5.6904078
0.3,421.31265
1.39,0.017600635
0.046,3.9682622
9.894000000000002,25.544184
0.377,1.3921045
10.0,0.045967385
10.764,0.78203154
20.57,10.738182
0.013,0.20477156
19.893,33.915646
30.186,118.20086
7.92,17.670126
8.85,46.14843
12.37,23.907997
0.07700000000000001,0.36203757
8.64,9.134869
10.12,0.44257778
2.566,0.5626566
0.0,2.0936275
270.036,367.78778
3.25,1.8113396
9.91,18.254784
79.6,4.3981156
19.83,1325.043
20.22,21.350859
245.677,285.91046
17.903,1.850745
37.514,335.36377
20.27,31.766464
0.31,56.440342
109.84,19.792624
0.473,0.45814145
0.297,1.0227678
0.047,7.0360255
0.313,39.053616
12.796,9.530244
69.926,139.09534
18.947,8.372128
19.61,147.44395
180.29,254.14519
20.043,0.124317706
10.247,54.916584
19.106,585.8992
8.163,1.8113396
160.86,145.912
0.92,27.771631
0.22,0.1818993
0.737,0.091908075
18.563,26.305285
21.016,0.020526621
20.04,0.20668092
20.057,14.464879
69.77,37.34376
10.27,40.6804
9.727,1.0187533
0.11,18.551281
8.433,22.432854
3.753,97.25372
8.553,47.359257
1.097,11.776366
0.15699999999999997,0.2613055
420.12299999999993,126.320015
30.367,23.215631
9.827,17.210707
29.434000000000005,0.009950326
9.976000000000003,110.42646
8.267,1.6189107
1069.376,283.5296
110.13699999999999,0.8862698
1.3930000000000002,86.32628
11.019999999999998,70.6145
40.87400000000001,80.00428
28.827000000000005,18.506052
50.364,32.198986
0.017,2.0990968
9.75,96.56644
40.92,83.63094
0.44,3.4580622
9.056,55.178642
0.156,0.16227052
0.127,0.61634326
0.826,4.194547
0.07700000000000001,40.07553
20.197000000000003,30.247078
10.187,27.087671
9.633,39.066864
0.017,20.300879
340.01,705.67664
40.696,107.48896
10045.572999999999,84.82641
19.684,52.136074
0.25,8.47351
18.867,103.157234
30.553,66.16956
39.847,100.5459
0.046,1.2679949
419.88,842.34644
40.097,669.2139
995.45,2255.068
0.187,0.37810078
0.233,8.89234
50.514,113.71989
0.17,0.048096463
0.173,1.8859236
18.956,84.43233
60.217,210.08691
20.797,30.176025
0.07700000000000001,3.380338
0.8,4.004615
0.016,5.6881237
1099.177,382.6419
20.093,716.97186
22.4,2.5182874
9.963,24.05747
19.857,175.20444
0.19000000000000003,1.279868
0.19000000000000003,18.132832
8.767,10.080474
9.143,319.79138
19.677,25.103998
0.14,1.491562
90.20999999999998,22.018017
30.867,168.03964
1.05,10.230687
10.6,7.388296
0.83,0.4421328
21.1,94.498566
9.89,18.046627
8.8,0.7807648
0.4699999999999999,0.39993152
10.403,3.9570396
30.044,30.841797
89.904,653.0505
0.156,15.852975
0.11,48.721043
0.377,7.619396
50.273,496.3374
0.907,0.03687819
28.627,22.219524
0.313,4.6477222
1190.38,62.44912
10.803,52.23956
0.797,0.33429942
3486.67,484.67072
19.244,12.902668
10.213,0.008032346
33.323,641.2586
450.98,467.57956
40.517,289.8109
0.093,0.65184814
0.0,14.26116
0.31,0.06832117
160.053,1.3928562
9.037,0.54883456
39.89,118.50264
30.007,21.431015
9.554,39.76236
19.723,929.0245
0.7060000000000001,15.33421
10.343000000000002,24.0239
0.093,21.467182
0.017,0.039250042
260.12,101.874115
39.64,0.63408744
9.26,93.70166
1440.3,103.89646
6.027,14.094883
20.144,7.7053056
0.144,278.08594
10.247,131.73584
10.34,0.3284155
19.867,27.284958
15.337000000000002,45.72596
10.017,34.682087
9.56,31.751318
0.61,66.0892
19.816,43.117767
49.313,582.5716
1.957,1.6987132
19.716999999999995,18.351461
8.88,24.125525
18.896,0.044516172
0.253,12.600424
0.313,65.28871
9.05,27.701344
0.263,0.8053926
10.74,5.7769904
0.047,0.65184814
21.28,24.79477
10.116,0.207009
19.346,1.2067263
0.6870000000000002,0.6453259
0.613,62.634525
10.14,16.652332
10.34,18.21815
20.75,20.661648
0.156,3.380338
0.394,0.42273805
9.87,3.8024035
0.22,0.07150812
11.09,4.377446
228.63,511.1102
21.887,0.046718076
200.377,64.43395
11.103,20.773054
10.176,0.109772064
0.297,43.729618
116.673,117.869385
0.357,1.0192003
30.51,118.97304
49.127,188.19618
0.284,1.2792406
20.65,0.063744314
0.017,0.48789385
0.126,5.148799
92.947,33.453026
20.157,17.675846
40.054,17.841677
19.394,2.2651038
79.953,41.193245
60.053,166.48761
29.897,0.47262344
9.313,16.497116
0.844,43.784393
1.2999999999999998,39.116253
0.17,14.094883
9.117,29.034561
12.739999999999998,0.5782494
20.21,0.3820188
19.98,148.6011
37.47,111.705284
0.267,33.704433
89.87999999999998,2.28262
1919.9659999999997,1785.0693
9.477,13.217313
10.14,74.64475
9.75,1.4849921
20.205999999999996,7.193825
60.013,158.54544
50.94,152.43779
49.27,7.0746875
15.28,11.363028
19.653,6.84688
0.033,0.8996847
20.05,76.433235
10.134,10.799085
19.81,0.90755314
99.687,55.54779
47.31,350.88153
8.933,26.79156
0.203,0.3106297
18.736,0.0145629095
0.563,35.74094
400.047,120.295265
0.047,26.04422
50.793,7.092607
0.07700000000000001,23.176548
19.827,80.61677
18.763,63.49429
0.437,35.35628
0.583,4.803613
8.98,0.5319378
29.626,13.672989
10.03,4.5450125
39.803999999999995,3.8887265
0.03,0.23403458
0.124,24.913208
8.144,11.793365
150.25,58.06453
959.0829999999999,435.67734
0.09,14.327794
0.614,40.045265
2.19,91.417694
8.7,38.99779
49.449999999999996,7.2902355
19.787,17.100006
0.124,1.3559519
10.16,0.15982822
18.894,16.79162
30.82,62.31873
8.977,0.5077672
51.104,76.09575
89.81699999999998,109.33665
9.237,7.3506603
0.547,0.08192045
28.72,34.282494
30.503,44.541225
1759.757,1473.1282
30.637,10.064159
12.07,1.3042022
9.727,3.0356863
22.087,19.888992
10.077,43.653797
0.017,0.010789516
0.25,34.110043
0.14,45.523567
909.5500000000001,1087.6478
20.06,17.85532
319.726,17.839472
0.267,0.3134905
8.073,23.589575
0.753,5.4823227
9.256,20.404453
0.656,83.041985
30.717,40.510597
19.064,18.5571
9.51,5.632966
0.107,0.5270382
11.027,16.534063
0.346,72.0571
9.912999999999998,80.4556
19.857,135.90703
19.727,0.2923167
62.117,1165.7987
0.233,1.5589662
0.097,28.290733
9.623,6.446397
0.266,0.31581885
16.457,43.19222
8.76,8.286334
20.027,3.8271177
10.093,104.366264
17.037,230.26965
0.033,0.012772179
1.0,4.067276
10.72,0.12068124
9.86,35.982437
19.72,107.17212
0.11,24.150156
21.177,223.01335
0.0,1.8118078
14.726,58.90191
9.703,24.773321
99.85399999999998,94.51702
10.217,22.835545
27.407,50.411404
29.107,18.684631
0.547,11.85357
10.493,24.384869
0.08,0.1962872
0.187,2.0538614
40.177,285.31818
9.057,71.99073
14.58,0.8444669
9.803,52.107876
10.106,29.241552
69.857,0.16943248
20.880000000000003,391.1465
0.25,0.23179916
0.15699999999999997,20.178411
0.064,2.0869474
29.817,9.821626
0.6769999999999999,5.649475
290.09,632.7961
9.92,30.66644
0.31399999999999995,1.0502014
51.013,1.078556
8.343,4.3970675
10.233,18.922321
0.22,1.279868
9.977,33.277466
109.81,27.940418
48.913,209.43356
0.03,7.516095
110.17399999999999,418.10446
50.057,115.34004
0.017,39.053616
0.15699999999999997,0.046512425
369.167,78.11664
10.173,80.56827
10.31,4.194547
0.047,0.010739771
9.853,43.55359
0.08,51.946266
0.36,10.234083
4083.5669999999996,26724.195
11.347,10.447738
8.976,0.2196823
0.327,0.78203154
69.4,29.994171
3080.65,582.7341
9.857,105.15417
0.25,82.24074
19.47,58.040062
0.204,32.39518
8.44,2.6137652
0.25,0.12431568
101.177,35.025345
9.36,107.31905
0.483,17.474194
9.506,0.36089447
0.407,0.022695445
0.03,0.019970225
170.123,81.366394
691.123,1268.862
0.296,288.01593
10.197,0.7491596
0.467,8.010066
8.893,0.03922261
0.8770000000000001,28.914501
81.04000000000002,21.067583
9.447,0.017600635
0.03,38.12658
10.010000000000002,81.70847
9.57,5.8566327
0.063,1.4954543
0.923,31.512314
0.17,0.011754475
9.8,0.08466504
0.267,0.02898044
0.25,8.010066
20.97,664.6635
9.984,0.17535381
0.143,49.24814
100.543,0.076253004
10.844,64.44105
2.083,54.088165
0.047,23.95031
19.33,23.19132
9.907,6.191161
9.37,7.7869196
10.447,13.251075
21.034,772.50574
0.07700000000000001,5.5821757
160.21,1130.8572
3929.933,1657.6252
61.624,60.80897
0.186,46.100605
0.11,29.86181
0.12299999999999998,2.1694384
0.546,1.4200382
0.72,34.296722
19.76,111.30812
28.976,331.27908
9.79,29.437675
18.877,2.3155549
25.693,33.340733
38.74,16.30238
115.12400000000001,578.66144
0.06,35.72474
0.013,30.057737
10.196,4.0688243
129.993,35.501892
8.953,15.943583
9.52,56.995026
11.180000000000001,36.819546
19.842999999999996,27.176018
0.07700000000000001,12.654128
8.853,0.022388976
19.553,2.8642533
0.97,0.21080437
4.667,0.28444472
0.106,1.6041956
57.873,209.56363
89.877,8.562195
0.97,64.927246
170.273,902.5154
18.99,30.266224
10.307000000000002,33.779736
18.667,0.08253658
9.633,3.6195447
49.93999999999999,223.19861
0.046,1.0142959
90.22,47.448696
52.06,149.79973
60.63999999999999,12.341408
0.094,2.914893
70.847,208.72302
9.213,14.632093
0.267,58.98934
19.566,30.68433
9.56,0.16231214
0.597,34.152367
0.15699999999999997,27.305275
170.52,17.535156
11.883,19.462906
1450.1199999999997,891.4811
16.457,51.211647
4.743,84.49174
0.11,2.222202
10.097,9.321642
17.517,68.64049
19.783,36.43905
0.156,10.437959
0.763,0.59861547
0.017,32.421738
39.776,16.218584
20.083,15.808686
19.346,109.62716
130.07,24.440233
669.9029999999999,483.5134
160.087,40.3196
10.217,19.761963
129.884,90.76232
9.333,0.26372367
0.15699999999999997,4.6918807
9.197,19.278912
9.566,0.018056791
10.207,0.06083842
69.87,14.821157
19.854,241.7483
9.247,4.986886
29.874,54.088165
89.857,383.35202
20.276,36.676147
49.936,1.5083691
40.204,505.43613
0.15699999999999997,11.668381
67.297,23.96066
4149.393,803.9699
9.55,129.5798
0.22,13.9744215
0.9399999999999998,7.206127
60.83,68.34158
8.96,50.003483
69.927,14.181408
9.377,17.150322
21.733,33.273277
0.827,1.1030527
9.717,21.686663
219.687,22.280207
1.5000000000000002,6.102641
114.307,93.97588
159.83600000000004,22.48483
19.393,2.6031609
17.96,228.89772
9.623,8.123538
29.927,15.549788
8.603,2.0614398
19.83,15.349642
52.993,18.378109
10.663,7.5894284
0.124,16.329802
19.176,6.717802
18.693,43.969303
25.303,1.8576391
0.127,1.1645564
21.424000000000003,13.050032
69.083,0.7600423
10.26,32.86855
0.107,0.09528796
30.049999999999997,39.960148
126.53,561.5047
2.283,66.18696
9.283,0.027419345
0.8,1.9542327
30.079999999999995,289.80978
213.887,137.83598
7.797,15.443246
30.353000000000005,23.544193
9.7,0.3212104
0.9399999999999998,0.16943248
9.3,3.427593
30.09,274.05508
89.42999999999999,0.73479605
9.74,140.30522
12.03,69.77289
8.61,75.90115
19.547,0.13472067
1.774,69.512634
0.343,2.8952377
10.360000000000001,0.43755597
0.7500000000000001,77.84324
0.923,0.3823753
40.166,360.52084
19.82,7.6074967
39.23,7.14676
19.743,34.613876
20.35,344.80307
9.657,0.15965436
2623.287,94.06485
18.303,28.357796
18.974,46.69714
29.036,9.14475
0.283,26.94787
40.833,191.55734
10.547,78.51261
0.093,2.2190723
9.6,19.365585
0.393,29.86181
0.317,31.626616
0.217,54.924145
10.1,81.979996
0.14,0.0134285875
61.28000000000001,301.8299
8.563,23.488634
0.8,0.3412412
450.403,916.90674
8.993,48.155846
0.19000000000000003,19.230898
19.453,9.09635
30.483,223.34427
399.52700000000004,315.87036
8.336,0.039161135
80.28999999999999,128.07812
38.997,271.3769
0.517,20.771456
140.363,29.445404
0.017,22.08655
0.263,9.17538
0.72,29.143589
34.143,64.45166
0.7500000000000001,0.061954744
0.0,15.808779
29.889999999999997,221.97415
5.584,56.65148
0.357,38.489098
0.094,101.469955
10.823,26.07545
0.22,2.642227
71.067,0.8841678
16.957,29.555271
660.507,552.3687
0.14,16.683601
10.007,24.800362
0.15699999999999997,0.20500313
40.68999999999999,141.34727
0.034,4.6863194
0.39,0.11046614
9.447,0.065585576
1.44,48.624928
9.527,173.58447
1449.233,65.80057
909.9830000000001,210.1099
9.643,29.437675
9.857,9.214076
20.493,1.7413782
0.08,8.620568
9.934,11.351507
9.893,18.351461
419.95,332.25922
11.127000000000002,44.540627
10.907,19.103918
9.693,0.8045413
0.83,16.660954
8.86,50.51347
0.11,10.012265
0.91,20.267778
1068.014,164.15173
9.967,24.320332
19.55,349.61423
6.21,35.714527
2.267,36.878567
0.017,3.824218
19.733000000000004,0.04125523
30.874,248.8176
0.657,1.7541752
1.16,0.08135628
39.667,98.24207
0.377,14.023814
0.064,0.5539816
6.367,7.057769
0.127,2.2567513
0.91,7.664923
0.124,0.94421273
0.11,67.96285
0.41999999999999993,27.267218
29.18,79.50138
0.326,21.206211
8.49,4.194547
9.853,14.387088
61.093,1.4374851
89.68,21.970179
40.309999999999995,49.12646
0.9839999999999999,26.466406
0.033,32.69052
9.454,8.509465
9.832999999999998,84.829636
28.143,39.5131
9.42,36.356266
19.82,6.086102
29.656,6.9035277
20.559999999999995,97.813644
9.946,294.2215
11.747000000000002,2.9658117
19.333,62.43128
0.11,52.97859
0.14,20.038797
30.29,55.943356
0.034,0.35729158
20.143,49.934093
20.026,3.076855
59.95,80.18387
0.283,0.008248866
641.5829999999999,187.66682
40.739999999999995,26.937035
9.783,0.24286848
0.626,0.87262213
19.943,7.6600933
9.157,71.10554
10.066999999999998,51.074986
3.19,20.040226
289.64,384.01453
314.127,121.36889
759.003,52.35235
0.15699999999999997,3.865062
0.44,1.191304
0.563,50.5683
0.407,0.030207515
20.843,433.63705
0.406,15.794551
0.08,0.13602379
0.127,220.45265
9.61,0.24221596
0.33000000000000007,47.813046
20.9,19.684072
157.61,156.88454
49.023,252.71375
19.81,13.027918
39.266,0.38958532
10.403,3.2355807
9.79,37.896534
20.146999999999995,0.036553044
5.827,79.88561
49.103,63.47619
10.163,29.15841
3055.476,1410.7686
0.516,26.801378
29.885999999999996,68.51599
20.964,16.917648
0.17,5.332565
219.417,117.599304
0.55,0.41764134
8.873,60.205666
20.290000000000003,49.472866
310.11,586.2943
21.647,56.68934
50.063,6.3199854
0.047,14.813503
20.222999999999995,102.23963
18.61,32.734035
0.033,1.0400393
9.25,19.073875
0.11,0.27502978
19.986999999999995,37.845623
2.986,335.36377
10.447,17.611057
0.093,34.515373
39.026,18.650177
9.783,6.278642
29.177,64.099754
106.19,2035.7136
0.0,0.11817143
30.03,1.630332
149.114,23.720182
48.433,18.622986
19.757,78.65174
10.19,0.5406783
10.943,4.74201
10.643,0.9495313
19.969999999999995,29.168661
12.547,61.218964
29.697,16.085915
8.2,69.66351
50.49,24.314674
11.187,17.630764
10.12,36.666958
5.347,53.94931
20.484,13.296645
389.99299999999994,33.479954
0.547,91.61526
15.563,3.2714932
0.457,33.428772
9.36,0.18230152
0.343,32.96156
37.11,84.30374
1421.0100000000002,623.81744
209.507,47.8343
0.44,17.650726
0.097,24.003164
3529.49,227.54326
0.016,109.289276
0.19000000000000003,22.899132
5.143,7.476005
0.093,0.04497327
1.097,0.046039864
0.703,165.92804
0.36,18.566902
40.663999999999994,882.98627
18.7,17.720661
50.287,23.848623
19.969999999999995,1.347407
9.057,34.980625
10.203,24.446909
39.457,14.520884
141.71,155.19073
9.967,7.3547134
10.803,7.4484196
49.664,115.26577
20.254,72.06564
9.747,2.940306
11.69,2.0252395
4.11,11.01287
0.67,80.285515
79.447,31.72257
18.527,42.5814
9.663,27.03077
10.933,1.8751904
62.53,12.436075
9.527,0.12818654
9.926,2.415923
0.553,2.5169406
0.22,5.1140194
10.013,7.353177
29.777,0.11751803
9.953,8.887255
0.0,13.6172905
30.69,43.91156
29.847,0.5912612
59.657,363.68127
271.347,27.000198
2149.873,322.2649
0.106,2.7542603
10.399999999999999,397.8213
213.407,77.458755
239.56,716.673
10.416999999999998,70.26882
0.15699999999999997,0.3723838
38.746,55.983486
20.017,17.130665
21.183,17.150648
9.997,0.98028153
170.36,0.079758056
10.790000000000001,34.338623
70.437,55.581497
0.047,0.013366161
4.954,82.274216
9.226,42.038765
0.063,5.97759
11.513000000000002,164.29271
9.637,13.279946
0.22,28.712484
1.406,152.1938
0.15699999999999997,0.42482257
0.716,70.41245
1169.763,54.784733
20.54,106.41428
9.965999999999998,82.16621
8.32,270.92972
9.737,0.9000323
20.463,154.22958
11.087,69.46077
40.644,22.348938
19.54,0.4322803
30.04,74.96115
0.817,6.0895557
69.707,825.4612
2.65,39.574753
20.013,18.663115
10.266,11.147185
0.076,14.41853
0.046,47.003326
10.96,84.698875
0.517,10.610938
11.223,2.6989086
11.857,97.50134
0.206,1.7588471
9.726,0.31571648
60.25,0.08310035
0.67,32.12969
0.127,8.008278
0.7669999999999999,10.362529
40.583,25.076664
0.11,2.328744
0.55,20.22046
119.79,340.15726
6087.82,94.92243
0.36,0.046039864
0.296,1.826977
19.613,45.807198
0.08,27.867552
19.937,46.205658
150.047,13.91879
10.043,26.570784
0.093,8.257027
18.33,105.64902
20.343,1.0065179
39.766,13.631103
0.03,28.238651
0.127,16.097588
210.03,111.37866
68.946,300.56458
8.973,5.7765
10.0,4.9748273
0.094,13.317145
1.037,27.453905
0.31,0.03158365
8.61,0.77449095
80.256,206.23526
0.143,0.3198053
19.74,86.32628
9.123,98.04087
0.013,0.0073793638
58.47,80.78343
468.697,200.67986
19.407,17.165539
79.16,108.6097
21.01,54.50576
29.803,16.754635
11.260000000000002,29.197304
10.093,22.323528
9.969999999999999,4.542556
19.287,47.532455
19.757,1.6265429
8.89,81.89305
49.087,12.837542
159.957,13.904744
9.503,19.705868
10.707,303.94623
70.48,37.414936
0.03,20.422161
39.536,542.33875
1123.644,11.57286
19.96,143.55197
1127.79,173.06448
409.95,69.67694
0.0,0.42075476
1.957,36.090992
0.217,1.199697
0.187,1.4405715
10.243,0.51872134
9.964,4.7042866
214.27,116.24126
9.967,0.02595066
9.5,51.884357
4.173,69.07525
10.1,38.597904
12.697,60.566395
7.0,10.280379
0.217,56.325428
79.344,340.44684
8.79,25.23681
0.19000000000000003,4.886061
9.827,12.125715
39.963,1.2926741
44.33,331.00397
10.076,6.070847
157.94599999999997,26.835283
9.887,37.676098
39.024,272.73337
2400.32,309.82928
106.68,413.78186
10.257,8.238364
10.117,0.9771276
138.394,141.36435
9.65,0.5663983
19.825999999999997,2.0135043
0.06,3.9438772
19.493,273.89154
0.267,46.162113
0.88,3.0635579
0.016,0.33503857
0.0,4.851242
20.836,49.208954
18.844,4.781973
39.92,54.892326
10.89,0.040120173
16.38,96.75841
0.08,290.66632
10.23,371.63004
160.044,47.66483
9.583,3.9388187
10.87,0.32877842
10.910000000000002,31.370079
38.92,257.0475
234.277,18.405949
8.584,1.9881316
30.36,0.1555469
11.517,54.523598
20.427,39.34484
0.093,0.16227052
150.827,12.352898
9.476,344.39224
0.173,24.688372
10.043,28.081337
84.60000000000001,909.1067
140.25,146.30502
612.813,19.714851
8.813,68.3862
20.416000000000004,32.111275
1.223,51.872105
9.684,38.006348
9.737,8.620568
9.993000000000002,87.5147
9.563,1.1645564
39.643,20.98846
0.6229999999999999,0.071039386
0.41,0.0068263905
10.066999999999998,98.66581
48.887,578.66907
150.85,34.166363
0.737,25.444296
9.883,13.463843
10.049999999999999,4.4058595
0.076,1.1711841
10.0,21.41514
0.11,0.661255
10.927000000000001,28.783497
18.77,23.326689
0.17,0.116641976
0.14,1.5465604
5512.987,3508.464
0.343,0.18188614
21.477,160.2704
18.77,1.064337
0.094,533.0728
10.146999999999998,5.0265884
4.8,3.1041958
10.347,0.2613055
1.113,10.406777
9.367,8.008278
9.9,2.2090452
39.994,20.999697
39.053,228.74368
19.573,5.662548
9.993000000000002,0.1464951
29.813,0.06903858
1.113,40.90255
2470.34,1196.6787
89.823,30.989866
30.043,121.91994
30.683,30.264061
19.203,7.7053056
9.27,0.61570126
34.8,61.89238
8.97,51.028522
69.727,519.219
9.42,0.056006264
10.403,34.57569
30.576999999999998,359.7727
0.343,0.60857755
29.883,0.06832117
0.19000000000000003,0.2187255
0.41999999999999993,53.423084
0.44,109.626205
10.267,0.14475982
0.537,32.549088
10.116,5.3655186
99.667,4.95855
680.137,14.586619
49.223,279.20996
0.783,11.558645
18.93,24.930431
19.01,42.012466
19.337,17.413822
19.734,22.126303
8.93,0.8465423
0.204,157.79129
29.59,3.9341602
0.847,0.039655223
10.010000000000002,0.8249248
464.89000000000004,2849.3423
9.766,1.1466618
0.377,18.863268
2.14,7.6351986
0.343,15.023997
1010.74,2610.848
10.933,343.99014
10.843,33.746258
10.03,14.292179
20.39,128.52637
0.406,0.18725416
499.947,718.96326
49.723,15.672514
21.08,290.04956
10.473,5.422296
9.936,0.064477086
0.55,22.046041
0.58,53.80664
230.25300000000001,888.1387
9.45,1.7898793
49.82,78.266426
739.7169999999999,453.4334
0.0,1.1964648
29.21,15.046077
5.91,0.64198345
39.407,421.25305
8.34,48.59608
21.02,17.194569
8.65,20.425814
7.86,11.2972765
0.013,1.6022631
46.597,361.5824
9.21,5.046245
9.217,24.963396
0.153,15.682633
20.583,252.76164
0.017,3.419522
49.703,48.32855
0.017,33.20752
0.343,2.268264
0.25,1.4904171
1050.957,208.46873
5940.717,788.5311
0.827,46.74467
0.407,20.423506
9.267,21.211817
28.664,53.515663
0.033,1.2095754
20.403,37.455765
29.993,107.17212
169.913,12.753511
168.95,103.62919
0.08,1.6086305
9.95,7.9953766
33.153,83.43879
130.923,15.313498
10.68,20.230392
4.41,607.8755
0.41,0.026591789
29.837,121.932816
8.953,1.3592017
0.093,100.441154
10.62,1.3436422
9.753,1.1192471
49.91,19.46641
0.407,4.3067164
2.32,169.80591
9.687,4.744683
18.727,359.66202
19.96,20.728062
19.927000000000003,17.301573
9.954,16.097588
19.587,275.94458
0.8669999999999999,3.6195447
5.377,47.809906
30.29,5.5056305
19.103,0.3106297
0.423,13.247742
9.757,21.00198
24.694,33.625942
10.523,67.545654
1.927,1.0985764
10.037,0.30047005
0.156,31.463907
0.36,26.861464
9.91,10.850286
18.704,138.1778
8.544,4.5035915
10.130000000000003,18.26927
50.033,818.93536
19.933,1836.4272
9.484,22.597754
0.11,18.03514
14.02,19.517807
10.71,0.2655326
39.913999999999994,187.08601
49.726,264.14447
8.613,0.69399256
0.12299999999999998,59.59003
0.063,54.27848
9.95,1.7726364
30.049999999999997,12.009147
95.73699999999998,85.20282
0.41999999999999993,36.474655
20.503,2.9328992
1.963,188.19618
109.86,6.1868
0.266,8.796376
0.377,233.82726
10.507,112.01996
19.203,39.051384
0.15699999999999997,0.020367542
0.72,26.263617
0.013,0.18267463
1.58,8.369605
10.956,7.2331057
9.27,38.477055
9.796,0.3753817
20.49,23.333105
0.03,2.2642183
50.32299999999999,0.34500983
9.663,0.15965436
0.064,21.285069
0.31,11.20136
21.052999999999997,40.540554
10.003,19.597961
1.124,20.879314
81.156,1.3166914
139.66,505.9035
0.14,30.690735
270.143,867.08276
7.417,0.46322367
9.03,0.2574726
20.537,26.354244
11.437,102.05263
0.076,0.16856603
584.717,413.86584
180.32,1541.0001
19.87,114.880745
200.04,55.130177
9.95,7.914809
20.183,430.60992
9.727,20.215086
69.893,884.73376
0.297,3.4427261
1.084,0.37143782
70.017,17.15166
6699.11,1708.8481
320.01,192.38647
21.91,41.721268
151.14,332.46
10.467,11.033575
21.007,1.2597219
10.0,0.021508988
19.733000000000004,373.7678
1131.103,1093.3049
1.267,7.998557
0.076,22.31437
18.583,1.114094
90.077,16.429337
0.31399999999999995,29.388752
39.173,54.810886
190.7,10.066298
20.34,41.94167
20.643,0.2894108
131.81,105.6244
69.43,66.401596
39.803,637.65436
0.33000000000000007,0.5033629
0.297,238.11984
400.38999999999993,129.53362
0.456,66.007385
0.03,74.08613
10.33,19.114464
0.14,0.13414887
17.89,11.017879
10.210000000000003,57.165848
10.187,11.09227
1.74,0.35235906
0.03,19.658028
58.66,94.30055
0.186,9.956416
0.094,7.7337766
0.267,3.7588792
0.14,3.1277108
0.127,2.0500202
20.25,22.9191
20.146999999999995,35.293724
0.047,26.85172
0.013,0.2187255
18.94,282.69986
1030.107,291.44852
10.926,5.3943806
0.473,0.10266291
0.33000000000000007,0.48417148
9.844,45.06753
9.8,1.8871505
9.17,16.62445
0.106,8.095415
0.127,0.19585529
9.124,0.007434043
59.78300000000001,203.2238
9.53,38.195663
8.407,0.4748535
9.01,19.777952
8.93,51.653374
623.21,158.77222
729.237,620.79297
79.08,70.375786
0.03,15.421467
420.53299999999996,82.53018
10.785999999999998,62.48143
20.197000000000003,0.015354563
0.673,0.050989717
0.05,17.65382
10.213,20.933966
0.203,1.3576161
0.094,4.384929
10.0,0.07821167
30.306,17.312925
39.89,4.477924
49.87,18.941431
29.223999999999997,28.566195
0.9260000000000002,5.004818
8.53,0.050413456
18.834,26.474895
0.953,28.220573
20.017,0.67254543
9.173,0.8160494
0.203,80.61677
0.0,2.222202
9.627,56.817623
9.91,0.48830673
10.010000000000002,5.6484194
9.546,0.38774318
0.064,5.3182855
0.11,0.012268871
19.993,59.50041
140.586,152.82814
0.017,0.94545907
9.267,0.009790514
10.63,3.3270526
0.454,19.927822
0.06,38.741467
10.18,14.371842
9.014,33.745453
11.923,56.29966
29.694,602.9978
0.203,9.9825735
0.097,0.8203284
19.773,67.07471
190.093,510.67484
88.977,27.585112
20.197000000000003,151.69476
0.08,17.055223
20.243,66.95054
0.14,17.760075
9.353,0.75163203
1693.127,236.2746
9.44,4.5708857
109.977,0.064978495
9.81,8.527855
19.424,3.7398584
9.45,2.8836102
19.967,2.881554
0.233,29.20937
4960.173,44.189632
0.19000000000000003,32.687122
10.71,0.4679577
40.023,6.5596075
20.563,136.12183
98.983,0.6962636
1979.85,1203.1504
9.927,56.079517
11.113,71.37715
0.15699999999999997,16.262936
4328.503,610.4604
44.037,215.75697
697.9069999999999,681.63965
9.36,50.297726
60.82,10.731582
0.03,2.6934628
10.097,53.412907
9.893,2.389838
38.857,34.35074
21.143,79.873634
1.174,0.021097548
9.44,0.06849778
9.98,76.997505
109.21,15.413339
56.177,95.522705
8.78,2.2964473
9.563,125.93422
0.143,9.755541
8.917,0.6911683
20.763,832.3379
10.06,2.650095
220.537,223.14986
10.323,0.7154306
9.267,5.194508
1.016,59.546574
190.66299999999998,580.96716
0.36,1.8708518
10.59,97.14401
120.04,104.39138
629.7730000000001,269.36642
59.68,305.938
9.783,225.90106
0.127,0.3101972
10.097,28.642466
59.527,190.8716
0.376,1.5746069
60.047,13.401894
9.84,8.691273
0.647,3.711182
936.923,46.228424
19.17,11.052789
0.06,53.47585
0.25,3.013156
9.007,32.421738
1.333,62.438587
10.23,43.749073
10.077,12.550561
119.777,433.5505
0.046,23.31653
0.156,0.1131754
0.14,0.26404682
0.7669999999999999,0.030520016
49.71,60.491177
670.6,904.5824
29.86,10.239205
18.767,6.3645973
0.106,29.555271
20.493,14.335526
29.983,12.847236
21.004,25.330324
19.634,552.8632
40.703,173.00797
30.387000000000004,29.651371
0.19000000000000003,57.028923
11.033,0.026799176
50.263,244.3399
4691.646,189.47145
2.273,39.177677
0.7,168.18413
34.687,115.702995
260.05,987.13586
39.93999999999999,3.574147
0.14,29.713915
0.28,0.46014827
8.834,4.067276
179.827,22.367369
7.28,0.2965501
68.03,68.29403
99.507,0.20187685
23.24,309.89877
0.72,0.23133495
18.56,1.6736912
218.42,349.4462
40.024,12.395144
0.093,5.886665
1141.11,70.689644
9.473,0.6566349
10.217,27.087671
0.283,1.6325287
0.03,0.10266291
0.313,21.832706
30.14,31.765644
30.667,100.77713
0.06,6.665812
19.747,6.997588
40.164,26.034838
8.934,0.4421328
60.306999999999995,266.32376
0.0,9.732816
19.17,7.3889723
19.564,153.40666
0.12299999999999998,1.4636762
20.05,38.83833
40.27,0.51528585
9.763,108.58857
0.046,1.7702309
92.797,219.827
9.83,105.42245
19.977,32.463505
9.18,91.42603
19.756,0.06301767
19.47,12.232107
0.36,10.762649
9.677,0.10698326
0.11,0.030520016
9.077,2.0805807
28.957,0.80530953
0.437,0.2187255
0.173,0.31177804
0.11,140.24783
0.89,0.17644417
0.03,3.262265
9.733,12.824156
0.36,0.65100265
19.98,408.3946
0.377,25.22054
110.83999999999999,256.87338
3316.93,1283.5797
1088.647,1278.7299
0.64,14.960318
10.007,1.4720976
0.08,0.016030865
19.734,126.75223
19.73,84.760475
22.223,108.37927
9.936,15.75392
168.846,73.18629
8.98,6.842187
149.37,23.614431
63.29,51.691273
320.23,126.88979
0.374,0.0290258
390.227,847.1762
50.47999999999999,201.14641
30.477,324.73373
0.11,7.693648
0.0,70.16155
0.03,1.9357772
9.726,19.270203
29.857,1.6971198
0.9399999999999998,17.77254
41.103,20.53716
0.7500000000000001,0.4449346
1.063,51.678158
19.22,64.06081
23.51,426.27722
0.39,23.505144
1.3930000000000002,4.9463882
30.214,24.457102
30.963,27.510082
1682.92,1036.4968
339.696,163.7485
29.906999999999996,18.551281
40.183,115.58323
50.51,117.31583
10.623,15.195038
9.006,0.09894507
9.14,39.522606
71.28,8.583432
0.28,0.33429942
1.037,107.86721
11.33,19.661758
0.36,5.404812
0.7669999999999999,1.3393134
0.08,1.1657562
19.587,165.43889
379.89,75.009895
19.966,21.531342
0.17,37.34819
0.047,6.0548277
0.15699999999999997,14.38064
10.283,2.5936859
21.113,0.093202755
20.226,20.19953
20.07,25.808048
170.297,167.02457
10.853,21.254732
6895.547,1184.8943
9.393,2.4585595
20.373,20.734524
1.047,1.6426544
160.61,42.53586
11.777,24.501759
59.634,0.7807648
49.793,121.4143
19.867,1.6354584
30.09,14.392148
9.91,2.5194592
0.07700000000000001,6.2087603
8.847,31.938108
9.143,30.121109
370.67999999999995,1025.0181
20.667,14.575113
49.237,330.69354
550.724,715.76373
696.2470000000001,117.0812
0.284,155.40257
28.037,121.81479
0.25,20.406324
409.384,46.613037
18.84,204.97862
19.08,126.87617
19.636,217.63358
0.017,270.8526
0.6870000000000002,96.852394
50.3,535.7558
250.14,114.18331
0.0,2.3676507
1060.976,818.2532
20.067,57.309204
8.053,50.42615
1.224,20.333258
0.033,0.63087744
5.247,22.453217
0.9500000000000001,24.125525
29.34,15.757788
0.047,9.660408
39.554,98.7959
1.193,1.2290506
9.514,20.012566
0.03,13.48171
19.923,17.63917
220.14,85.25006
40.99,56.612896
0.03,0.046039864
0.377,2.4613793
9.227,0.47106066
39.223,5.4943438
0.15699999999999997,19.510033
60.23599999999999,447.07275
9.566,0.06125404
9.283,187.17412
8.92,31.745039
9.303,8.881715
8.68,6.5252905
0.22,1.9918358
9.193,65.67758
10.223,6.4489923
9.983,2.9247243
61.19,36.566113
0.22,87.0687
0.046,14.788105
0.343,0.052069034
0.263,0.2527646
9.32,0.16953577
0.627,25.5154
0.016,10.34554
10.07,3.9438772
50.587,204.13626
199.603,0.41915718
39.87,176.08687
20.764,28.640692
0.07700000000000001,0.61368173
16.194,108.30925
0.127,3.9438772
383.48,109.56388
20.16,9.683675
0.016,4.3511906
19.553,0.121893294
0.237,11.138286
0.15699999999999997,79.4785
0.14,0.3284155
9.793000000000001,2.7249067
272.84,62.573933
18.833,42.729153
1.13,96.27697
0.11,0.25727916
10.08,0.48648238
9.793000000000001,23.26128
60.27,224.52051
19.45,0.15616715
9.357,42.772346
0.22,0.32910722
1.847,41.746582
0.046,56.325428
0.55,0.8731997
19.387,32.583633
17.95,0.17931779
9.866,0.6295522
8.14,36.676147
0.11,0.4466372
0.093,177.66606
9.99,19.349693
40.067,0.7514028
9.116,1.0192547
51.00699999999999,8.767555
0.233,0.023746068
9.66,8.222193
20.099999999999998,99.979004
80.16400000000002,88.17461
20.713,76.650055
9.977,51.309505
10.257,16.152075
9.776,2.5408
9.59,65.17463
0.36,1.471368
30.806,18.251549
189.433,18.422411
1787.8669999999997,1643.6045
9.2,126.10279
10.657000000000002,20.435356
10.043,7.697581
9.546,8.095415
9.78,1.5275683
0.12299999999999998,0.42005354
8.89,42.10679
9.673,21.720652
0.377,13.695171
1449.0200000000002,806.278
49.754000000000005,17.401577
9.863,28.681593
239.903,531.6663
200.04399999999998,31.064539
0.03,26.280718
19.22,80.707146
10.063,0.27025276
0.03,10.173572
20.05,50.11272
0.267,63.174736
7.3469999999999995,20.24054
50.893,4.6050534
0.076,22.216156
12.313,165.5607
4869.756,1141.8765
0.69,43.36761
0.15699999999999997,12.345423
9.346,0.060981605
0.25,7.531964
9.277,34.357216
0.33000000000000007,0.011840432
18.047,0.76319456
95.09,14.579351
30.27,0.27592483
9.88,0.33938769
0.094,9.284971
31.147,13.836471
0.6870000000000002,3.2355807
10.049999999999999,0.0404879
0.0,0.15982822
19.986999999999995,20.26028
18.643,42.310417
8.69,0.7644213
10.167,8.989299
20.512999999999998,42.313267
0.483,11.01287
2.093,46.891727
0.22,114.04331
20.153,40.678326
8.583,3.5481246
0.843,15.523048
0.89,157.57904
0.204,7.64733
9.96,1.4957453
1259.714,156.08151
0.31399999999999995,7.8446145
0.266,70.25684
10.26,17.233294
11.03,31.19463
729.3770000000001,769.7949
20.46,96.80431
32.197,373.69363
0.0,6.97778
39.053,18.168005
0.187,6.469384
20.007000000000005,40.015896
0.06,3.196489
0.33000000000000007,0.100913115
10.66,5.1872964
11.197000000000001,6.700811
40.317,16.939535
39.65,0.021453368
0.33000000000000007,4.8931384
9.063,8.576452
10.65,9.053312
9.99,8.460326
9.253,0.08427834
9.36,15.91722
0.15699999999999997,7.8420553
139.347,11.869275
30.049999999999997,58.966923
0.063,10.521789
0.584,0.08212147
9.773,7.3973117
20.180000000000003,51.278633
181.317,59.390026
0.047,15.525787
9.093,4.1811614
0.39,1.8396153
0.577,0.06083842
9.39,11.098912
0.41,62.806526
10.010000000000002,0.12556966
3399.117,2104.682
10.15,0.42121246
0.12299999999999998,93.47349
10.344,127.72761
10.433,0.08192045
29.413000000000004,325.6948
0.393,0.31796303
0.343,38.006348
0.217,650.79443
40.14999999999999,140.1808
10.113,34.269787
0.017,2.4024806
9.807,14.372315
49.142999999999994,31.784643
79.98999999999998,191.47418
0.457,1.3559519
37.986,139.03456
20.605999999999998,140.34875
40.34700000000001,84.9954
0.3,9.03124
370.033,121.01352
19.376,155.40257
0.796,44.591995
119.11,214.88387
0.203,4.719207
40.34700000000001,292.2047
0.03,31.88492
0.11,438.8601
271.92,59.21782
59.17,70.9538
11.214,85.07277
0.343,0.027241953
12.69,12.004534
0.093,0.018056791
0.5,7.3973117
0.106,5.3357124
9.573,26.938334
0.92,3.0993688
0.093,24.68927
18.717,15.420408
19.496,27.541454
20.027,30.82693
0.0,1.3559519
9.353,0.017855654
108.636,66.655754
48.64999999999999,709.4968
8.043,90.097824
9.936,24.454166
9.757,18.658045
10.056,0.24931505
29.83,67.814835
20.983,1.4860022
0.14,0.063061185
12.013,5.701944
269.04,24.132793
10.023,0.022388976
10.057,24.119732
10.127,3.5026805
39.666,1086.1313
11.033,11.994581
0.15699999999999997,3.2782197
10.5,14.053766
0.233,122.598206
9.856000000000002,29.86914
9.0,0.061954744
0.297,1.6682336
19.923,57.29058
8.77,0.39412382
38.267,14.201324
20.643,1.829702
9.18,0.66077524
10.013,1.1826738
0.05,0.05371308
0.407,53.63802
1.05,59.59003
0.627,9.323348
9.973,36.25726
8.656,19.621286
41.74399999999999,25.395237
9.965999999999998,16.255978
19.8,76.19639
68.68,71.59492
0.217,13.333801
19.733000000000004,27.27412
40.136,17.401577
0.097,5.3783975
1120.233,527.20215
19.567,2.2157438
0.173,0.69324315
10.07,38.19732
9.384,20.866909
9.7,89.933586
50.13700000000001,1246.2603
0.25,3.0977137
0.3,12.929389
0.296,0.36658612
49.903,23.963211
399.817,915.2735
11.43,38.325417
9.573,33.0767
9.71,7.1015873
0.0,13.354434
0.937,4.4058595
2141.75,686.2376
14.953,1.1826738
6.854,0.057011027
1.126,0.6711193
19.807,4.4821577
82.54000000000002,344.9821
20.904,30.083717
9.493,56.35902
0.6229999999999999,2.7261462
13.74,0.37653694
80.67300000000002,179.7022
19.964,0.086937204
9.923,2.9322119
0.45299999999999996,1.5870513
2.017,18.605616
19.834,17.119286
10.830000000000002,130.90797
0.07700000000000001,0.10923155
10.107000000000001,0.061954744
30.25,70.27313
0.5,32.49331
0.517,530.0161
19.563,0.69102985
130.127,328.0061
1093.133,398.69562
0.64,0.01627344
9.82,100.710815
10.297,0.044572927
9.92,8.00202
19.017,54.24848
9.444,15.005012
342.32699999999994,434.88382
8.743,10.610938
0.216,1.0502014
298.817,247.06548
19.41,13.756319
0.987,82.671036
29.793000000000003,0.2702842
20.639999999999997,39.11752
20.020000000000003,0.29496187
0.08,325.4495
1.486,26.280653
9.84,0.6704553
249.993,72.62624
60.897000000000006,20.892565
19.956,16.805809
0.406,16.093584
9.05,12.659642
8.62,231.22635
70.183,156.24542
8.163,158.67874
202.213,23.966564
109.137,32.74115
209.82,1426.9457
0.25,2.4739614
0.033,25.663927
0.076,2.908235
10.376,2.8899307
40.173,59.271755
19.973,212.39288
0.263,0.016568536
0.033,0.75561076
1.13,69.512634
0.7669999999999999,1.4365094
11.21,5.796558
0.317,10.971589
9.423,0.150376
0.14,1.7862233
30.307,3.702193
0.11,28.64241
0.25,28.014086
179.88300000000004,68.11845
52.553,239.31693
10.03,39.14182
5981.083,1245.4166
9.49,0.10675872
0.17399999999999996,10.666124
17.093,28.35414
9.503,20.463768
0.63,2.0538614
0.19000000000000003,11.992065
72.74,26.86576
10.526,44.384644
50.09000000000001,275.392
37.947,23.781597
259.893,798.9009
9.843,1.2834734
39.41,119.046646
0.187,8.908235
10.527,303.76318
0.12299999999999998,9.538107
38.987,258.80142
9.016,22.157524
9.526,107.86721
19.87,94.4583
50.093,64.42862
20.33,7.5908685
58.634,142.71169
0.33000000000000007,5.046245
0.047,53.013496
9.337,2.8446982
0.126,0.3755421
49.70700000000001,58.683308
10.996,45.523567
0.14,15.43585
19.99,35.634342
2.8429999999999995,0.7203895
39.976,36.826233
9.03,12.202788
9.724,34.56332
0.064,15.066253
19.406,69.49139
20.256000000000004,25.191074
41.443,25.751114
59.35300000000001,25.469395
9.743,1.2349838
0.093,1.3923888
10.214,0.09528796
9.577,61.837605
0.5,38.83833
39.053,18.308348
8.064,6.097406
0.593,62.04562
19.48,7.978007
41.553,0.3059279
39.926,265.58893
20.61,15.647032
39.55,48.713123
9.113,0.24050461
8.38,0.06633861
9.717,0.24050461
10.360000000000001,0.022542164
0.094,15.848463
630.517,15.238208
49.27700000000001,4.739401
20.186,125.38963
20.103,197.87491
8.483,0.015271978
69.057,19.462648
9.807,12.923854
9.94,28.610422
0.013,35.699863
0.283,96.07782
20.803,3.8567827
180.423,1901.4652
1.203,0.023607563
19.943,40.903217
0.14,23.95031
10.283,70.04196
1.083,33.503456
0.03,0.64010555
9.343,46.88602
8.92,42.748188
0.11,0.2626359
9.823,81.00994
2.143,27.666992
1848.17,100.202614
70.287,9.640212
50.83,378.9059
0.567,0.05869379
9.694,69.83171
59.163,31.793566
0.173,2.2446418
9.473,10.721037
90.687,555.91815
1.05,25.596981
0.45299999999999996,68.490616
8.976,92.27207
9191.676,1209.4934
19.736,181.111
30.753,0.015222174
9.483,0.093606375
9.883,18.48685
0.343,0.322682
0.5,0.10266291
9.213,0.06998539
0.12299999999999998,162.5212
9.843,18.296335
0.14,1.5736071
8.723,7.9705625
20.367,28.402588
29.847,0.04493023
0.296,0.014668242
40.087,57.41026
0.327,10.542464
260.313,302.02905
390.207,417.27866
9.627,5.1067586
0.11,1.0609988
8.6,14.707461
10.58,12.609172
260.203,191.45872
228.983,197.88805
200.54,157.70589
0.016,4.180416
8.11,20.299128
0.017,0.3076389
0.513,15.358834
10.107000000000001,0.8808602
9.96,9.305161
0.064,0.2809645
0.22,0.79701155
9.47,125.09357
109.763,64.729416
29.8,1.7714127
41.063,21.431015
49.77000000000001,184.52946
0.45299999999999996,0.42970237
0.9059999999999999,25.230509
0.313,20.522299
9.936,1.9037454
10.199999999999998,6.97778
359.93999999999994,276.7105
19.49,34.85969
0.03,19.661758
11.426,39.76238
30.61,0.50856537
0.093,0.41365644
29.447000000000003,0.63939404
0.5,1.0632973
0.046,0.21131581
0.253,83.94943
0.19000000000000003,34.57569
10.146999999999998,16.808756
10.287,3.2964075
0.08,4.294831
50.044,192.27017
10.113,5.4466662
8.55,3.764669
370.597,192.3891
418.963,199.93578
0.013,1.2111186
8.924,91.20947
10.6,19.004637
440.89,50.50733
0.673,35.70389
160.35999999999999,77.271065
19.887,611.22766
19.5,6.9594345
12.764,21.37353
0.107,80.47876
10.71,14.613562
10.07,44.01725
0.046,45.870964
0.08,0.90755314
0.017,31.348295
639.4869999999999,69.95817
19.107,22.899141
0.076,23.584694
9.847,9.343202
18.137,5.314498
1430.8,472.31985
0.33000000000000007,31.653906
40.16,44.98198
0.15699999999999997,8.691273
0.343,0.070992716
0.844,11.241491
0.36,0.68343407
18.606,84.76713
9.11,31.96289
0.204,17.772268
3118.587,2470.5354
0.097,0.33486357
0.45,0.2227234
9.923,0.24768434
789.174,491.55872
0.127,22.54627
0.143,31.224836
0.076,10.825639
10.257,43.117767
0.427,10.795689
19.3,593.79626
10.010000000000002,21.462957
10.045999999999998,95.54357
19.85,1.9203764
0.08,13.196424
8.13,0.0052698646
9.65,0.060436223
19.823,5.809761
9.68,18.7879
17.907,194.04434
9.773,1.0852437
930.33,21.34169
0.203,9.538107
19.16,58.13521
19.946,15.007879
8.763,910.5859
89.69,31.000929
0.45299999999999996,0.094691604
19.61,22.150105
10.563,15.651075
0.203,0.37810078
39.767,16.291784
9.467,37.28851
10.673,11.09227
113.884,50.131622
0.283,0.05039336
9.73,1.9868447
0.03,1.9524612
19.677,67.2349
9.793000000000001,0.84911025
59.89300000000001,79.4703
29.066,108.04474
0.924,69.07525
10.513999999999998,13.870201
80.01700000000001,115.50737
9.147,192.25768
169.776,131.04977
0.9569999999999999,7.602813
450.06,177.50395
0.107,0.33206376
0.14,9.238603
0.357,0.19581212
19.074,0.0072700577
0.03,44.463005
8.833,0.06936458
0.047,64.561966
0.173,74.2839
410.847,207.00568
20.987,43.71663
18.977,2615.6338
19.257,310.8386
0.35,0.010337135
1069.037,649.76337
61.014,218.26027
0.203,0.59176505
9.324,55.568726
1.013,4.2479706
0.106,0.3617194
140.417,5.609901
10.647,5.125771
310.977,78.64548
0.03,10.669092
529.826,276.61484
9.946,33.453026
39.703,23.80956
9.567,5.482224
28.713999999999995,21.450878
9.89,15.473642
69.437,24.17354
0.127,16.329802
0.07700000000000001,0.03922261
0.203,19.705868
508.937,193.61171
60.277,303.60638
19.324,68.301056
19.797,24.016163
8.744,28.354528
0.267,0.013265194
50.71,23.935976
10.433999999999997,18.271498
8.976,28.542383
20.307000000000002,66.20798
10.03,7.6387377
40.244,251.48251
9.373,0.13414887
9.936,0.074650526
629.9,96.08595
9.847,0.84440875
0.547,14.586335
19.396,0.0057326485
0.124,1.927624
19.96,0.17686686
10.727,58.66641
10.790000000000001,437.2237
9.59,18.97262
0.043,0.8719891
13069.499999999998,75.38734
17.28,37.050205
19.343,14.838902
19.923,7.696216
10.097,1.281475
20.66,27.13356
10.047,14.392148
47.254,9.962415
0.14,0.011261657
239.983,16.531477
8.807,11.043771
31.353,823.0601
10.227000000000002,1237.3021
1.87,40.39157
8.653,4.2519264
10.027000000000001,7.211055
0.457,21.325989
51.57,49.596416
19.117,3.5676875
9.35,66.293945
710.46,1179.4568
0.127,23.05096
0.25,204.27519
159.13699999999997,238.75397
0.093,59.85514
89.973,1.2187783
0.393,26.357897
0.047,359.37903
0.064,5.999787
10.203,0.14995041
43.303,0.29902706
10.327,263.0469
10.102999999999998,177.4965
0.07700000000000001,0.04267883
29.88,244.52197
6.12,5.9447813
8.937,5.6881237
0.736,21.875462
7.846,56.698822
0.03,3.5956771
0.11,1.9524632
9.653,4.3228655
0.144,0.11472175
0.547,0.25753152
10.216,23.685152
10.753,144.96085
29.587,0.8784919
0.9569999999999999,0.21080437
9.23,1.7123281
19.516,43.900417
9.493,15.711723
0.14,0.022388976
20.373,12.085526
80.067,6.9085245
230.11,25.315804
0.127,0.2965501
9.747,4.2709637
0.377,2.2162614
70.304,31.498522
9.017,23.444843
10.243,67.90139
0.936,0.6879782
0.266,154.96584
19.807,15.3624525
8.783,66.82628
0.203,262.26138
10.42,203.12683
9.71,105.9816
9.37,0.58804196
16.857,5.7276697
7.454,83.91676
150.047,90.58377
7.193,138.45613
0.06,1.0169274
9.14,294.68253
0.08,1.0848714
970.89,484.7794
0.424,1.4200382
0.796,2.9466584
10.206000000000001,1.5465604
0.0,0.64010555
0.12299999999999998,199.60014
20.437000000000005,1.8270162e-10
1299.756,919.61774
0.173,11.207118
10.007,44.962795
40.047,20.40076
0.11,2.1923673
8.616,48.98834
0.55,15.122031
50.733,54.30155
0.11,3.9682622
9.896000000000003,47.65541
0.017,0.5033629
8.913,0.13598438
0.973,0.26082927
150.337,136.9036
0.516,7.093047
1.233,0.30863386
97.16,96.33717
0.14,5.490406
10.484,55.669224
1.15,30.900751
10.807,1.9062924
0.093,2.2058938
9.344,29.737822
10.06,55.99261
109.54000000000002,177.58266
569.64,245.57478
139.133,1841.3694
0.627,14.623526
18.883,0.76266724
7.9,25.704338
0.093,0.06664884
19.88,18.398647
30.683,200.36082
10.049999999999999,10.784505
0.05,3.824218
0.283,2.5261738
28.883,1.1165774
10.03,5.054331
9.69,101.72887
0.0,9.163725
0.407,18.43903
0.25,13.452182
18.467,9.382212
19.674,15.852833
10.19,0.5471628
10.283999999999999,253.71736
0.107,16.381489
0.22,18.484797
0.283,2.2863388
9.746,0.06355565
9.804,0.017130934
9.71,36.996185
8.927,13.026564
29.986,0.21075171
20.943000000000005,37.545425
1.14,0.3723838
20.14,411.54187
0.177,0.06717733
16.854,26.482828
0.784,34.152367
19.973,23.66348
0.033,10.507022
0.11,1.2679962
0.0,4.373821
80.417,83.61362
8.78,0.25100315
0.064,0.13315201
10.607,51.907707
0.14,27.012835
9.854000000000001,10.649977
0.08,3.6501436
30.29,83.78431
19.113,28.372179
10.06,0.16535929
0.19000000000000003,3.882787
10.336999999999998,6.854432
20.327,51.581676
530.11,434.882
0.14,9.660408
151.01,197.95297
10.404,0.07668517
408.387,18.779552
1.44,0.2926779
20.237,88.892494
9.357,70.556015
8.353,65.17463
9.647,0.20715238
69.554,244.0661
9.197,0.02881874
120.003,20.347006
140.157,50.215694
89.27,8.714599
30.413,35.52931
20.067,34.647522
568.176,2.4842145
39.757,29.835356
9.583,38.034966
10.63,22.429945
9.093,36.647366
9.53,25.354198
20.39,98.00666
10.124,33.503456
20.414,46.74467
20.816999999999997,16.779236
0.17,0.11777598
60.096,11.775041
7.4,6.7980137
107.003,1138.4863
0.0,103.863174
149.82,13.997728
10.19,39.25799
10.0,9.320601
0.39,69.512634
9.723,21.55346
10.130000000000003,30.458115
39.672999999999995,636.3694
89.593,6.559601
0.017,16.498606
28.327,16.893297
9.607,5.1135316
0.61,167.19618
10.399999999999999,141.38812
50.163000000000004,161.17125
10.22,1.4212672
110.003,11.617875
90.553,160.24268
9.993000000000002,0.17399552
0.17,0.2880086
0.576,0.013366161
30.203,28.661283
0.12299999999999998,20.281828
0.657,17.127775
9.89,96.20355
19.116,31.518576
10.393,20.562399
299.607,71.288666
19.297,20.920301
9.96,28.947447
10.114,21.042137
179.97999999999996,95.67855
0.39,24.125525
9.87,25.184746
8.927,0.014016198
9.823,10.4656725
9.01,10.474408
139.497,234.05737
19.43,779.7433
9.68,11.788461
9.4,0.037512556
9.907,263.63068
8.843,45.801353
9.957000000000003,0.53410625
8.703,3.5820906
39.037,6.086566
12.32,3.3045874
9.896000000000003,20.81383
0.07700000000000001,32.111275
9.663,24.596613
1620.26,1663.6213
110.79,87.34697
9.98,36.877495
10.933,12.472814
0.36,2.5616646
0.12299999999999998,0.20390265
0.03,14.788105
19.767000000000003,0.016624011
20.284,59.052788
0.58,21.29934
0.013,15.751638
0.07700000000000001,63.174736
30.116,39.192204
40.024,58.109085
8.986,0.98028153
19.013,2.349587
19.017,38.18318
10.33,146.64384
0.076,48.40561
490.084,20.071196
0.013,34.08588
599.92,1134.0184
0.11,0.2142368
19.356,116.86985
9.873000000000001,93.9369
40.093,19.765467
20.180000000000003,214.12247
4.973,1204.833
1946.953,877.79034
8.88,24.876432
110.65,600.8811
620.356,42.598324
0.45299999999999996,98.79945
0.204,38.799847
21.043,13.266737
0.264,6.7770243
9.12,102.05263
49.873,29.85978
1329.874,134.9613
19.667,403.63562
19.846,4.1939
0.25,34.364845
0.487,3.0149753
0.14,12.774054
90.29000000000002,72.657364
8.893,63.168407
10.047,140.18152
0.047,0.15600835
40.203,262.32785
23.413999999999998,1613.8915
0.097,16.729053
10.423000000000002,0.027180912
18.82,36.377804
3102.5499999999997,870.419
0.14,19.073875
50.7,384.39627
20.416000000000004,10.897051
0.9059999999999999,0.3076389
9.965999999999998,16.708757
9.223,2.5408
60.093,37.665634
0.236,4.3228655
0.45299999999999996,19.114464
10.023,4.038064
10.447,25.09302
10.007,35.29147
70.023,118.61344
10.146999999999998,19.539057
0.03,2.543275
0.33000000000000007,0.32910722
1229.234,220.24368
109.11,71.21331
0.047,0.5690268
764.2439999999999,481.92838
0.563,7.64733
0.063,15.954698
0.0,3.882787
0.657,6.070847
0.267,12.101022
19.05,21.14927
59.923,0.18413177
9.946,0.18872079
9.916,0.43428597
19.853,1.8559942
8.287,56.327606
19.913,2.8952377
0.7,24.86024
140.44,1156.3799
0.03,115.70305
19.41,0.2504604
30.0,7.6072135
0.094,7.697581
10.43,25.367298
0.124,0.80824405
79.146,37.218056
40.157,1.6302544
0.11,1.1192471
1.44,0.31555513
0.14,5.155874
9.936,396.1742
0.187,0.37685233
20.767,191.91687
9.1,10.45845
9.216,30.803818
8.7,20.526005
0.08,189.97116
299.056,341.47723
50.815999999999995,253.8062
139.85,25.462067
19.407,0.025580127
0.124,26.703693
59.367,1817.2499
8.5,31.94389
39.93999999999999,37.45626
1.253,22.89321
209.663,95.35651
20.14,71.28464
775.953,622.01
9.183,5.0004573
0.013,45.48836
0.537,15.913876
9.33,83.68504
50.46699999999999,111.72977
1.173,0.33429942
0.093,2.0538614
9.504,9.719119
9.36,2.0252395
6909.966,2237.8562
0.186,4.787439
49.847,59.069916
109.727,887.2502
18.956,10.8582535
359.753,1156.1041
0.064,4.7398443
9.987,8.077998
0.11,25.590784
9.883,2.0289474
0.457,58.061237
53.184,756.89233
9.066,42.27373
0.0,0.41759953
8.784,7.949502
479.494,98.65784
20.854,11.9901905
10.29,14.156797
39.693,22.800018
640.56,4621.0713
9.52,0.42970237
200.06,205.53038
9.107,96.363655
0.047,2.6388328
7.583000000000001,2.9658084
0.15699999999999997,28.109774
10.444000000000003,75.71171
9.667,1.8614002
0.173,1.5453751
9.23,0.20715256
0.9839999999999999,62.438587
10.194,65.95258
0.513,75.321205
8.77,0.43394235
0.61,5.2725725
0.046,0.05371308
20.904,35.831062
0.16,0.02954628
0.047,6.82414
1.623,46.680042
122.38700000000001,681.81946
18.807,185.13303
59.557,54.924145
8.013,4.776869
10.173,7.6337934
8.996,10.552663
0.516,29.832829
177.893,1157.9365
69.52,7.3290286
0.267,21.325989
90.13,105.20003
9.41,29.804468
0.173,10.037824
0.31,56.777332
0.11,1.8859396
60.793,171.63066
9.054,168.92583
8.264,42.463776
9.94,6.846848
29.923,0.84810585
1149.603,22.312937
0.236,28.610422
8.786,1.1192471
1380.97,36.784462
20.08,37.899696
9.993000000000002,0.10721377
0.873,21.211817
19.986000000000004,42.951397
2.773,0.005496378
20.0,66.30977
0.563,84.89077
1.616,7.211055
19.796,31.093443
339.823,1133.634
68.97,58.421158
0.343,4.708972
9.727,0.048096463
10.677,5.9547434
10.283,14.981425
0.897,5.8363466
27.709999999999997,82.80015
0.156,2.2922988
359.713,92.09254
210.634,207.69838
20.87,173.01653
9.957000000000003,40.37792
0.03,26.6942
0.563,1.6189107
0.017,2.8553715
19.910000000000004,27.620493
0.064,71.17847
9.9,2.6113436
20.529999999999998,0.46902514
850.1700000000001,309.65884
9.35,14.474846
9.73,17.336716
19.45,148.06145
9.9,1.9885582
0.487,0.04842037
10.077,17.815113
9.787,34.357216
28.687,49.856346
17.597,0.18188614
0.03,2.0936275
19.813,62.30532
29.783,17.483809
19.124,3.427593
39.823,24.708643
10.03,8.620568
0.547,4.1806273
8.456,0.09173959
9.926,4.8181596
0.143,3.868824
19.82,625.9582
0.0,28.132633
19.317,327.2455
9.103,0.83881307
10.53,40.678326
11.057,2.8577743
10.087,0.21761385
580.67,62.38917
1.737,74.363945
7.846,0.24462514
69.014,153.05771
18.87,108.53984
58.863,141.56856
369.75300000000004,128.75166
0.53,0.014309049
59.866,65.77939
0.07700000000000001,21.171848
80.016,223.70335
17.39,182.0379
19.45,11.160109
18.587,29.116327
110.397,369.23843
0.6229999999999999,31.89725
361.0830000000001,38.17416
0.25,19.02097
20.78,10.680532
59.763,197.0566
8.44,0.74778855
40.56,6.7764306
319.316,2147.8276
10.294,50.00839
131.564,87.89284
310.294,51.48751
9.82,20.250435
5421.142999999999,1860.6206
19.393,0.9778407
10.066999999999998,346.81946
19.497,101.578926
18.877,9.594647
10.873,5.113537
89.07,178.61249
9.71,33.033627
50.0,0.053470816
30.027,75.63884
20.073,190.36627
30.703,64.891716
39.957,74.89453
20.25,35.9961
9.79,5.9227667
0.0,46.80335
9.78,1.5344259
60.68699999999999,171.25275
159.13699999999997,76.29567
2.613,63.331043
10.15,3.1879714
0.03,0.524319
9.72,19.928514
0.204,1.7899561
10.023,25.320343
0.61,7.798265
10.010000000000002,323.1684
21.067,8.372128
0.07700000000000001,11.20136
0.4699999999999999,0.29777774
0.377,19.541021
31.577,35.30042
30.197,269.07675
0.017,16.194513
9.46,38.356728
49.947,90.69416
13.653,9.26989
8.387,0.71794534
10.037,0.24050461
10.86,5.784102
0.437,56.614964
0.013,0.7224053
0.016,2.3259227
9.69,17.912638
106.973,34.278183
19.63,28.257189
40.06,35.555943
158.48700000000002,309.6086
9.053,5.805031
31.0,201.36993
104.277,448.62103
0.32,39.528637
9.787,186.90117
0.9399999999999998,78.65023
99.967,350.671
0.064,0.012622418
7.903,0.030642362
9.493,31.148994
20.723,0.010181698
609.753,508.2433
20.553,0.9746809
30.506,57.322796
10.644,0.055243816
20.87,908.44714
30.017,0.00897355
670.156,38.29671
231.477,946.83075
0.31399999999999995,20.546862
0.3,0.5033629
9.727,95.45209
19.386,17.108112
440.81700000000006,239.7223
9.273,5.2991505
49.897,19.744743
10.317,52.80377
10.89,82.39695
9.42,4.0772095
0.753,38.489098
9.397,7.9953766
50.183,139.62744
0.013,1.475914
28.553999999999995,84.58932
20.420000000000005,44.007816
8.507,0.014794597
9.83,23.452555
12.097000000000001,0.38774318
9.26,1.4780734
0.127,0.6984649
20.129999999999995,572.81995
379.257,691.2654
10.182999999999998,11.078034
8.913,0.8105612
0.143,4.2226567
10.113,23.59902
34.766,2721.578
11.23,41.897175
0.03,10.88949
9.637,4.522126
311.977,39.202084
0.063,65.67819
9.897,24.621418
0.953,19.284554
0.39,77.74398
20.423,18.145885
29.333,14.624619
0.08,13.217313
0.097,0.5333936
10.1,2.281034
9.653,0.67789525
20.222999999999995,8.416115
0.253,282.69986
9.094,13.971794
18.864,9.919725
111.16999999999999,13.263852
9.867,19.928345
40.076,91.38851
0.03,38.034966
10.049999999999999,34.502846
18.837,0.012268871
39.95,271.45053
11.17,70.34495
10.090000000000002,22.26918
20.386999999999997,17.042446
9.754,9.6876545
140.713,10.009822
9.64,302.60834
0.17,2.8446982
11.704,186.9489
9.7,30.282309
2299.806,947.4899
168.833,373.20233
30.02,348.46362
7.923,0.14450382
9.037,0.09523844
11.530000000000001,98.414764
9.863,0.3748855
99.924,16.769585
39.346,15.502257
51.03,180.87367
1580.966,800.17487
8.977,139.43979
40.28,27.978975
0.11,11.521656
220.13,2958.8513
0.33000000000000007,1.2319489
100.063,124.39723
20.512999999999998,21.908907
30.93,1.8782383
0.047,0.2737839
0.546,7.9953766
1.127,57.27758
0.39,20.083916
1.0,8.749525
10.393,91.42603
19.19,0.3482766
0.063,0.13906635
0.473,2.4770403
1560.287,390.44415
29.970000000000002,420.15747
0.12299999999999998,21.285069
0.06,37.970535
0.347,2.328744
10.41,32.155155
9.9,15.739419
9.73,1.2626193
10.034,0.008847767
0.094,16.429352
0.07700000000000001,0.01908445
29.533,18.2115
779.666,478.64487
19.856,20.959524
20.057,17.447454
607.96,208.45955
0.19000000000000003,2.3676507
0.043,4.836221
111.027,1098.2103
9.934,33.32865
9.929999999999998,10.679933
10.096,0.023775414
0.25,56.741924
0.017,0.6566349
0.12299999999999998,0.59176505
0.9670000000000001,9.817431
19.487,21.211956
20.917,95.63178
0.36,7.490183
19.28,287.859
20.554,19.29009
0.69,0.7141963
19.283,12.974916
8.864,48.412014
20.09,256.77606
0.203,80.707146
20.369999999999997,0.115549
0.07700000000000001,1.2584974
9.957000000000003,267.76266
89.976,41.432014
0.28,13.350465
19.49,37.169933
9.687,15.848463
9.117,34.35074
10.913,9.425403
9.247,51.705307
0.283,6.4335513
81.026,55.390522
9.3,31.970201
7.413,63.188847
0.063,0.2721753
19.726,34.682087
10.487,159.99101
0.046,0.27171108
9.836,0.3120112
0.11,0.100913115
80.024,11.463671
8.913,45.60058
0.64,61.9466
39.75399999999999,12.271177
9.88,106.799706
30.926,109.790596
20.083,1.0831046
11.07,46.95719
210.753,192.69823
0.907,0.020607313
0.093,0.074650526
0.313,16.414188
1.41,141.41023
1.037,11.132486
9.547,14.659902
200.944,28.783882
19.224,40.30744
260.224,303.28906
39.82999999999999,117.7095
10.38,27.066784
69.25,13.77382
9.04,0.14308465
0.86,0.52066267
9.603,0.099475466
60.084,24.89058
2272.047,20.651367
0.377,0.3161461
159.85,77.61217
0.017,2.1772225
439.85,932.28375
179.647,105.276245
30.247,57.36687
629.943,778.3573
179.71299999999997,513.0748
0.546,1.8188552
1.9440000000000002,22.076208
0.047,0.016030865
70.64,1302.66
10.073000000000002,705.16266
18.32,138.0706
882.253,286.4291
1140.046,44.89331
30.383000000000003,108.20383
19.197,1.1330028
8.554,40.07553
10.69,20.107752
30.036,0.32761288
19.844,30.781925
0.25,1.608632
970.08,58.968613
41.286,8.589311
23.79,0.053990096
8.867,15.751638
10.24,5.125771
10.043,0.10034307
168.927,20.539059
9.484,31.001162
8.81,95.15549
89.873,1866.9856
8.16,8.741454
0.15699999999999997,0.3160427
0.704,0.16535929
980.333,633.4532
9.877000000000002,21.973679
0.046,0.9841218
19.682999999999996,13.447361
0.08,0.90091246
20.11,3.14831
0.017,5.97759
8.93,0.37012497
0.186,0.046039864
19.063,118.210655
30.203,31.974606
0.11,0.5847504
10.043,58.98849
9.283,69.31487
49.60699999999999,53.49278
10.007,25.611662
11.377,356.67072
11.693,74.07238
188.646,331.77087
19.643,69.33919
0.4699999999999999,18.232595
20.197000000000003,2.4366772
10.42,14.034927
36.717,36.862682
9.893,0.9579502
9.526,1.0739311
8.473,16.199484
199.7,56.907707
80.68,148.45107
39.65,45.07264
40.33400000000001,224.38997
9.263,12.648542
9.91,68.4241
50.43,313.63538
9.8,15.371745
9.56,1.6203626
29.99,710.97955
0.11,2.0951912
9.929999999999998,11.435235
10.087,72.646194
0.19000000000000003,14.698467
0.0,4.4385533
9.627,5.1956973
9.19,21.823933
10.484,21.81751
41.21699999999999,10.802257
0.06,12.37462
9.497,180.37167
20.053,137.4274
0.017,24.85693
9.14,0.48531604
99.73,82.90593
9.284,26.907938
69.984,68.2902
9.977,0.63558286
9.62,74.64475
1.03,11.3946085
21.127,19.749361
1.6259999999999997,57.287296
9.376,0.056897625
9.653,90.274864
8.907,1.1934654
40.163000000000004,11.901585
40.45700000000001,43.461
0.737,40.521484
0.437,18.374514
18.513,0.5936818
70.454,55.787716
54.304,60.275646
8.613,12.647542
1079.21,134.52274
10.03,2.8883934
9.94,0.019880835
91.157,848.07166
10.047,47.252186
0.093,26.753414
4076.86,141.98244
20.05,3.481687
11.923,13.391459
9.8,0.0076965494
420.157,13.800152
0.393,1.1934654
50.583,31.052229
17.657,9.389245
29.893,257.09134
11.807,30.66644
0.61,0.37456852
40.06,5.222366
40.086,42.173336
0.45299999999999996,3.5655475
19.907,23.326689
120.753,249.55905
19.813,0.36658612
50.36999999999999,14.855816
110.474,172.09712
9.07,29.717398
4.393,9.414256
0.83,15.815676
19.910000000000004,52.13791
0.156,17.009687
0.173,11.793365
0.953,3.9350154
0.86,3.9570396
0.11,2.672769
0.093,0.57211035
19.84,0.9241588
170.76,69.93505
0.0,0.35235906
0.874,15.711723
40.13,38.572544
9.554,238.86076
9.823,58.683308
20.47,428.6394
30.217,795.0135
0.034,1.787026
55.78,82.55708
40.036,12.718107
0.25,4.708972
21.973,37.25185
10.483,636.5002
18.273,76.09575
1.126,0.34824467
60.06,69.99434
1440.957,128.31096
8.123,64.88658
0.15699999999999997,2.3781796
49.844,81.61063
0.22,272.62723
59.737,12.836646
10.367,91.005775
8.72,0.114062384
0.067,0.11046614
10.92,89.57648
0.25,22.398352
8.36,49.4588
1139.3,1935.8708
3.1370000000000005,9.234172
8.943,11.521656
9.267,32.75201
9.586,407.42554
0.127,11.619262
9.773,16.764238
19.52,9.691063
229.963,16.210821
10.283,17.664171
0.14,24.437716
0.034,6.800865
9.04,257.4154
9.953,0.2599487
0.11,3.076855
299.62,395.01245
9.003,10.35832
39.426,25.75375
0.15699999999999997,0.1962872
30.99,12.316959
18.707,272.62723
0.106,142.7222
0.11,1.9881316
9.933,3.70351
0.03,2.8899307
30.237,14.976257
19.756,48.64814
130.7,3.9407568
10.297,4.194547
1.08,22.014597
0.15699999999999997,1.4454774
9.965999999999998,58.13521
190.297,289.589
31.136,45.55202
1538.5800000000002,360.83325
0.094,12.7561035
9.863,0.05998261
0.017,0.034988135
39.43399999999999,10.575051
19.584,58.407005
0.047,440.4381
20.23,14.036239
9.03,16.824436
140.866,165.24814
1.41,16.704586
9.16,0.20390265
8.884,18.014284
267.003,599.9189
0.144,44.987087
1.343,39.563427
9.969999999999999,29.082903
9.66,39.58759
9.994,23.27828
790.284,369.01956
0.4699999999999999,79.667885
0.297,21.007826
0.097,531.6663
0.36,0.07642817
63.540000000000006,161.01688
0.186,13.354434
8.96,111.275
1.034,3.7550561
0.313,56.30771
110.34,257.0475
19.354,18.583157
0.106,0.86670303
0.337,0.7203895
0.843,3.553088
0.124,2.1379702
0.53,0.59241045
30.36,50.48422
8.153,1.6960132
20.112999999999996,65.36529
825.177,2573.589
110.41000000000001,6.701833
40.786,14.575119
59.923,37.7116
0.5,7.53389
0.266,19.073875
0.22,39.747227
330.107,386.51883
8.987,21.615488
19.637,0.020398077
0.03,22.219957
10.527,0.8558595
9.72,26.15426
0.187,3.1244435
0.017,16.329802
49.547,320.92078
19.873,0.23910955
9.923,22.020618
0.013,55.83159
239.99699999999999,1330.3839
29.58,32.44274
0.28,15.239997
0.25,103.6352
20.652999999999995,13.094737
0.297,69.512634
1.063,34.308453
0.25,0.42309862
0.19000000000000003,16.054665
0.113,2.7135563
10.18,29.281805
81.857,49.108986
8.497,52.4557
0.45,101.469955
169.873,267.41388
10.097,41.19447
37.207,139.48267
0.817,0.57197887
0.03,32.037308
10.790000000000001,16.653437
30.246,0.83804077
360.2900000000001,373.6241
9.706,1.3260908
0.33000000000000007,2.292157
10.044,0.5706223
9.014,0.069834046
0.11,0.2961087
0.343,0.043194477
80.067,77.09966
0.15699999999999997,0.72535515
10.487,21.953945
0.0,1.1173656
19.523,19.831755
89.25,17.089262
0.266,23.213112
49.797,37.055717
4169.264,246.1202
209.71,273.5053
388.227,797.86194
109.89,1080.5619
0.127,9.799822
0.28,0.26772037
19.803,12.422352
20.264,24.937109
0.127,0.10923155
51.21,90.404526
0.266,0.020607313
13.519999999999998,3.3655808
0.156,0.006826397
80.153,254.243
81.017,82.50313
9.26,40.565163
0.07700000000000001,0.034988135
0.41999999999999993,0.017565655
28.893,77.84324
0.28,30.628443
18.96,14.537575
0.093,0.042916335
19.859999999999996,428.8753
8.76,1.9524612
9.073,4.433169
439.593,492.20795
19.893999999999995,36.826233
0.05,0.061954744
8.84,1.9613254
0.013,27.970388
21.403000000000002,252.76164
9.223,20.314436
8.66,0.074772365
38.924,371.3224
480.21,108.09156
10.182999999999998,1.3623525
0.31,52.60178
0.12299999999999998,13.3566885
7.537,47.694183
1.16,0.0159767
0.094,2.8310616
100.034,462.91666
190.72999999999996,92.02427
9.98,2.2861514
8.617,47.511524
10.53,3.6292737
9.446,0.2187255
9.956,31.921618
20.243,37.687656
9.926,43.487312
9.95,22.513353
0.36,73.91316
0.093,22.198198
180.416,24.76629
0.71,3.9388187
8.983,38.406914
0.14,245.82303
0.36,2.1304011
4.57,21.81751
0.07700000000000001,0.50883657
59.49,0.0148553355
12.297000000000002,308.87085
16.6,183.84982
18.417,47.5544
90.06,202.04854
1.05,21.437489
89.667,7.171368
1940.66,1310.9604
0.33000000000000007,11.469706
109.96399999999998,77.5886
0.017,0.056511607
10.033,162.63191
89.683,3.417482
0.377,59.810207
0.08,0.035435528
4039.45,1694.8813
10.182999999999998,7.386775
20.58,0.058179125
10.090000000000002,98.79945
21.166,35.340214
19.637,13.5374975
100.30000000000001,292.99246
29.947,16.10912
0.187,5.2783575
0.377,0.3596765
9.207,0.3546329
20.043,38.88031
39.9,95.953674
19.076,123.39342
19.83,16.488338
9.68,90.261345
0.097,14.335574
9.933,21.018192
129.473,14.8203535
18.807,19.586187
0.12299999999999998,2.292157
0.0,38.18318
8.373,247.51657
79.91,288.74646
9.317,40.068092
13.823,34.08588
29.727,103.888466
30.037,92.27846
19.797,58.22998
8.403,18.873808
19.873,16.993828
0.4699999999999999,305.7491
1.473,9.457773
50.123,60.15131
0.22,0.15293312
0.14,81.00994
20.114,998.3479
1.4069999999999998,50.722126
1.11,67.892654
9.984,24.614975
20.67,29.73781
0.017,0.9623985
19.32,21.040247
10.627,55.722744
20.386999999999997,92.977165
3.6729999999999996,0.008899438
140.73,983.74097
0.064,59.002705
19.63,6.0895557
76.18,20.28645
29.773,235.52379
9.927,27.994017
0.046,0.14032812
18.95,14.613192
0.203,41.223858
7.953000000000001,101.23363
50.057,5.124378
9.873000000000001,61.740993
177.25,19.643309
10.193,1.0852437
0.423,0.06842172
29.206999999999997,0.01891554
9.587,0.13446344
300.813,1165.448
0.716,0.9454599
80.44,13.731208
109.974,20.5769
0.577,17.867088
0.14,23.045809
9.91,73.650475
37.76,25.576681
13.13,116.42347
179.753,86.861244
49.657000000000004,8.111541
19.24,19.502668
0.25,8.499241
10.643,185.70978
0.14,17.71677
0.953,0.36203757
0.36,0.20562482
18.64,21.00198
18.873,0.028553026
0.297,37.92061
19.173,26.22239
9.24,3.0356863
18.223,17.509867
0.127,4.5116124
10.399999999999999,0.4045053
18.563,59.789165
90.49399999999999,18.364445
0.327,0.5069441
8.077,40.561398
0.736,6.75873
9.95,1.6366254
0.03,0.014861388
70.457,188.3524
10.226,37.683292
9.017,19.275423
9.407,153.76062
0.203,0.7778597
0.127,8.416115
9.912999999999998,42.866535
0.063,21.021507
20.0,291.2197
0.6870000000000002,65.21192
19.084,8.022035
11.017,22.312937
29.17,64.855576
0.03,1.6023562
0.094,0.14934616
36.473,16.908644
9.72,2.059023
41.81000000000001,359.61307
40.094,19.14456
1610.83,563.8918
9.263,18.21815
5415.753,677.8488
80.61000000000001,83.40601
30.633,6.1600757
10.010000000000002,0.026608761
38.707,30.164772
8620.364,87.87487
0.44,18.162464
0.12299999999999998,36.136322
10.04,170.2367
0.266,0.046039864
180.057,601.00104
10.440000000000001,0.007123755
9.173,9.754033
10.669999999999998,43.4461
20.737000000000002,146.21901
10.843,1.5769391
4.24,0.40430897
10.066,4.859715
9.944,189.39288
0.153,0.023529032
0.45299999999999996,8.0954
10.560000000000002,61.837605
10.633,9.846397
20.176000000000002,1183.7985
0.927,44.384644
0.17399999999999996,10.6550255
0.14,22.115566
10.863,0.2830342
0.076,21.339125
5.0,19.307344
9.513,23.432245
60.26,465.4339
38.63,25.91991
8.99,4.1012607
0.08,0.5847504
89.133,347.56445
9.77,0.2626359
17.96,82.91137
10.283999999999999,1.114094
30.117000000000004,117.743355
19.842999999999996,43.371326
39.92,24.704733
0.14,0.019743416
19.623,18.727741
1.076,35.323452
0.14,11.707672
14.88,77.43949
19.83,0.60218656
9.326,1.0603757
9.923,0.19575742
10.066999999999998,67.25734
1.193,0.5077672
0.407,23.698805
120.68,48.388466
0.07700000000000001,2.4484637
0.53,74.591896
330.62000000000006,24.587261
29.336,4.121345
18.637,0.5077672
9.81,22.390951
0.344,0.116641976
9.517,0.18725416
549.756,1792.1519
9.897,0.47262344
180.87,418.22778
0.597,27.087671
89.793,8.538553
0.534,26.570784
0.06,1.8871486
7.897,24.773321
19.11,18.916368
20.153,22.08655
1.99,43.075153
30.12,370.3193
9.247,16.492878
249.993,189.10088
9.907,1.6549789
9.944,0.3339521
1.053,29.540752
1.126,27.570314
29.587,203.56927
59.779999999999994,84.356186
60.71,7.9084487
10.82,75.71171
0.093,4.681451
0.6870000000000002,41.003353
0.047,22.9191
0.17,24.199738
38.33,29.89608
0.467,65.28871
410.99,85.24121
0.427,0.12484545
40.227,9.790883
79.71,18.363203
9.849999999999998,35.61255
275.53,96.27798
1.033,10.080283
20.336,53.100666
0.7399999999999999,0.34127244
119.787,112.298134
29.763000000000005,658.5736
11.0,104.888954
29.776000000000003,222.3304
49.473,11.350642
79.973,13.471537
9.41,1.9868447
9.253,13.249508
9.204,6.5788436
9.96,3.0578368
0.483,1.5176467
21.153,128.48325
309.716,1509.6046
9.733,10.735621
9.52,0.46014827
178.763,28.401138
9.473,44.687843
0.786,0.61734164
100.13,9.232509
980.237,20.483232
0.106,21.88549
0.327,3.1041958
11.369999999999997,0.022388976
11.086,36.687805
9.007,12.286255
9.849999999999998,19.653719
9.406,0.03627319
0.013,7.300099
0.467,24.487005
9.683,111.69778
0.5,337.4368
90.13,8.589187
29.85,15.11649
5.62,54.523598
1739.794,129.22806
9.577,0.5406783
9.687,341.68002
130.53,138.555
0.03,0.3537273
0.686,1.1597996
0.017,1.8533853
0.4699999999999999,3.705393
19.98,6.5689774
10.437,49.156578
9.313,3.868824
0.22,124.33174
50.056,135.46045
20.887,1.7310202
9.03,0.40818948
20.28,25.433264
0.15699999999999997,0.90187085
90.397,167.82872
17.787,5.6259828
9.929999999999998,3.735467
0.03,24.699413
0.3,20.083916
0.313,14.042235
10.336999999999998,5.4133635
59.113,54.48529
79.87999999999998,21.233377
19.213,142.71724
9.593,0.05462896
28.887,377.08603
89.457,209.11787
18.49,33.704433
0.297,2.978699
8.75,0.065381855
30.62,125.75776
100.003,106.09009
0.07700000000000001,1.2319489
19.493,7.343816
0.22,16.43669
1.0,0.42482257
1460.3600000000001,3.9253309
0.643,19.056242
9.656,13.36632
9.347,39.32011
9.19,1.1116761
238.09,258.76804
0.86,52.824993
9.697,56.741924
9.7,27.935276
0.203,0.38688365
9.22,4.094368
50.376,22.939796
10.04,0.6911683
20.57,0.3723838
9.54,0.6909066
9.463,1.2494864
8.623,68.93653
19.58,262.3924
0.547,0.21400319
0.394,0.94545907
120.46,69.51402
18.51,3.9473236
19.57,13.700487
158.43000000000004,25.87165
20.347,13.225063
9.877000000000002,58.254772
50.22,106.296486
9.103,1.5233132
9.43,34.324295
8.967,303.94623
19.653,1.9365324
10.71,0.52826303
9.537,7.589732
4691.04,1029.7489
0.563,17.342043
0.064,102.50923
39.56,574.0319
11.623,8.184982
0.393,75.74331
31.43,72.35505
0.344,2.7540529
40.36000000000001,104.39485
0.14,0.84911025
7.53,7.651086
59.747,255.65852
9.98,19.975536
30.053,4678.234
2329.447,1629.9852
30.217,129.15712
20.003000000000004,0.27837607
8.757,69.07525
0.017,1.191304
39.567,455.75455
30.706,19.304785
9.88,4.744683
9.823,78.09992
0.657,89.9879
99.763,13.934608
19.947,54.55762
1.19,2.3399632
20.567,18.194565
10.41,0.16999619
170.083,18.773434
11.74,56.079517
19.614,0.5084635
19.467,19.781103
0.266,1.8859396
29.804,68.138535
0.487,1.0231442
31.719999999999995,13.609621
100.07,205.88521
0.03,0.10498999
0.017,65.25993
20.16,0.06815834
59.39699999999999,19.944828
29.71,55.266087
0.094,53.268982
19.4,471.726
10.749999999999998,249.66595
31.253,5.2350006
9.774,13.95288
9.786,22.620466
9.937,6.769585
20.083,0.115549
9.407,1.9339597
10.03,81.228035
9.463,26.702724
10.406,25.53828
0.483,20.458237
110.303,126.33088
0.987,3.0119696
70.08,2.4140694
0.343,0.17912261
9.767,0.03674482
0.017,3.7081852
11.397000000000002,17.179104
19.27,379.5794
9.073,27.21716
10.093,1.5964825
5050.797,575.58594
9.01,0.05371308
0.534,31.883085
9.737,1.5037588
10.027000000000001,54.706192
959.7,306.62076
10.182999999999998,18.885622
99.967,15.22954
0.063,0.06710209
1680.193,363.57944
1479.747,614.05286
20.174,69.67694
19.956,13.762747
1.076,24.323195
0.467,0.30656984
10.636,23.741575
50.667,0.3093835
9.57,0.05577057
590.08,686.9055
19.813,1152.0277
15.996999999999998,86.876785
0.016,68.85711
0.186,9.321642
69.593,360.8619
1.953,1.5465604
20.112999999999996,13.971794
9.37,50.297726
9.483,1.3260908
10.23,10.080474
0.093,10.54731
0.59,0.31961808
0.017,0.2187255
130.717,245.88878
149.997,40.213394
50.073,221.48955
9.737,55.736973
6.562999999999999,408.28787
9.257,0.7929721
10.016,4.287756
8.41,0.38293585
10.207,21.622925
18.597,22.826591
39.81699999999999,52.907646
209.5,500.4986
0.03,1.6031986
8.54,0.01627344
211.18699999999998,457.37875
1.7629999999999997,79.47793
1.127,19.3038
229.95,151.69476
90.173,21.595964
20.799999999999997,67.47306
29.649999999999995,6.8328257
229.323,169.5895
9.864,20.898708
0.12299999999999998,26.321627
9.2,19.175972
0.36,1.049964
9.99,858.2577
0.187,75.79813
0.14,20.984812
0.016,1.6325272
9.894000000000002,1.2426771
8.623,40.920006
0.266,97.54717
0.06,15.716452
10.057,19.365585
9.277,42.21495
30.096,91.68416
0.847,620.79297
0.034,0.4511433
0.97,33.625942
20.12,2.6113436
59.663,96.3665
0.313,7.9953766
0.41,27.666992
0.047,25.79626
27.083,18.474567
130.583,7.6467385
9.987,36.19835
9.8,24.840088
0.14,29.86181
48.397,18.441246
9.244,0.5842376
0.203,2.0252395
7479.906999999999,4454.1353
49.84,20.02041
9.553,44.541225
0.297,2.1581883
19.934,241.34784
0.08,13.671268
19.816,0.010337135
10.093,0.8714869
0.0,2.536428
10.19,0.017959861
319.713,44.443142
0.343,114.207565
9.3,68.3862
19.943,0.41949674
265.52,87.50816
62.76,194.53206
0.07700000000000001,21.546608
0.78,12.960711
19.816,3.7799172
0.034,9.40809
0.047,16.135525
0.423,53.440178
30.52,9.136942
0.043,1.5769391
97.533,1496.8282
21.424000000000003,65.54242
9.45,0.06125398
20.397,1.3550873
10.113,0.1109006
19.5,5.5283875
0.03,3.5391057
20.176000000000002,117.9474
9.637,0.50883657
22.103,95.54357
18.976,52.4557
9.467,8.378588
0.107,28.081337
0.03,5.8790193
109.59,55.23776
19.723,12.125715
34.064,6.24732
70.164,1.8576427
0.093,14.965197
18.057,53.128284
20.087,73.586044
0.094,7.9705625
9.8,71.91508
0.373,0.6339865
9.256,7.2240276
8.427,841.65344
0.236,0.46014827
0.953,16.302658
9.757,1.3520021
19.42,336.0307
39.207,120.75745
10.266,115.998726
652.433,554.99115
1.596,2.905873
9.89,0.9432597
10.023,52.396267
0.83,0.41365644
208.897,17.137705
0.08,1.6023562
0.22,0.2672467
10.61,53.65627
0.08,2.543275
19.026,68.52199
1210.093,6674.749
19.453,16.774773
128.04,28.570223
517.493,457.44064
0.204,3.3317013
0.07700000000000001,24.340948
0.07700000000000001,38.741814
0.9670000000000001,20.422161
0.297,21.385113
0.61,30.91826
0.27,84.161766
18.273,36.226696
20.497,289.90063
150.15,57.653683
130.17,171.1187
8.984,26.564404
9.56,0.12484545
49.726,1.4614309
21.124,13.700487
59.707,3.428338
1.15,0.22556444
1.187,22.113379
29.85,40.328228
20.453,57.70682
179.71000000000004,256.29138
269.697,796.5012
70.99,326.6389
902.077,3071.557
10.0,130.79654
9.877000000000002,65.25695
100.27299999999998,136.57208
10.156,14.662367
700.83,70.74441
0.297,85.654915
9.96,35.842587
158.837,191.60475
40.553,0.6099645
0.253,12.91617
19.723,85.9129
38.013,8.127427
10.123,627.4385
30.03,55.736973
10.737,0.057671625
20.144,0.0124695925
0.094,0.9005688
0.393,18.723307
10.914,19.077648
0.72,0.96316695
10.130000000000003,19.952244
59.673,0.015778612
20.983,18.2848
10.093,42.729176
8.903,67.27351
20.284,100.78943
0.3,61.445404
29.937,16.824081
0.283,42.44069
9.773,153.48174
290.13,331.58505
30.35,42.93806
9.233,0.034988135
10.487,27.809387
9.587,12.955745
0.046,18.772219
9.8,0.06903858
9.917,16.714518
0.06,2.2162614
0.347,16.262936
0.017,1.9339597
9.667,27.041874
1.11,44.993153
0.013,1.1369935
0.204,2.984126
179.97999999999996,104.78878
19.74,28.161617
0.61,4.3067164
0.15699999999999997,13.288382
9.206,114.73645
0.44,20.773054
19.85,4.745275
0.437,10.552501
9.05,1.0227678
8.037,190.71576
1.743,25.596981
1.19,76.19639
0.297,2.745064
0.343,206.01262
0.12299999999999998,18.54087
0.454,17.553514
0.06,0.9539433
7.87,17.115517
29.683000000000003,5.054331
40.433,0.20633197
60.137,18.27021
1.126,36.431396
40.073,117.28115
10.35,5.625757
999.733,10.519414
29.917,33.55202
1.75,121.04742
100.14,32.121605
0.483,0.89485866
9.126,24.064852
0.22,12.627026
20.03,314.43652
9.377,13.288382
0.8,46.55107
18.46,1.6496892
3.474,7.650641
0.173,3.3807955
18.533,17.123547
9.683,0.10698315
402.82,113.34978
0.27,13.451355
169.95,37.801563
0.093,2.2075438
0.063,1.3559519
9.393,6.960908
69.8,0.17650779
18.783,14.888892
149.737,31.525984
9.849999999999998,41.503597
0.893,94.278046
79.74,0.93586576
9.117,5.4646144
59.737,15.203882
50.007,47.46789
9.696,1.528304
1.193,17.572355
0.483,0.23844665
0.72,25.320343
19.79,92.72427
9.974000000000002,23.569458
9.273,6.5477343
9.857,5.567164
0.0,6.925852
8.627,10.089464
0.16,15.443246
30.347,59.762363
1.42,19.778242
20.36,317.6961
0.047,7.206127
0.28,0.23813917
19.677,0.011076165
3893.4430000000007,4113.7964
0.08,2.9247777
8.1,9.164442
17.347,30.642921
0.0,2.2642183
99.32,36.671993
18.633,38.88902
79.884,2.050059
10.193,8.779735
58.83,822.84125
4.127,38.385292
0.377,11.492078
0.05,383.55396
470.24,8.622345
0.437,11.449626
0.25,56.102436
9.967,62.30532
0.204,8.264202
130.937,106.4368
0.127,1.2068943
0.076,0.84014523
10.093,15.739412
0.69,0.8402806
0.563,35.634342
19.563,269.1694
0.4699999999999999,78.97203
19.756,25.196703
19.177,1.3166914
0.483,19.127031
8.146,39.57464
9.174,26.94787
0.7669999999999999,10.369172
0.266,0.14539516
9.843,14.9174795
5.054,8.47397
0.143,13.37644
10.066999999999998,1.7032989
19.574,36.79186
19.857,110.234375
1.03,37.55294
9.82,1.0083241
636.98,357.32312
0.22,7.259042
0.517,17.076414
50.9,17.955322
0.11,2.3676507
0.487,10.215716
13.81,160.74326
10.237,28.477907
0.534,91.17316
0.31,66.543236
129.846,29.449913
91.17600000000002,142.7575
0.156,0.18872043
432.15,117.709564
10.07,17.491018
10.146,51.340946
46.137,37.792183
10.384,20.804913
8.534,109.28248
9.11,18.684631
9.55,38.879036
9.49,100.69746
43.187,59.308018
29.716,5.3991046
9.003,0.027419345
9.55,1.1173656
0.22,36.892467
1.03,93.02932
39.177,360.4614
8.597,0.1911166
288.903,16.763842
9.53,16.232378
9.783,41.407616
8.643,0.21400319
0.843,4.3511906
9.78,95.37651
9.969999999999999,1.6366254
9.937,60.415455
40.11,81.64437
0.064,0.39220825
1390.026,232.77182
20.352999999999998,0.0073793638
9.407,0.25942242
9.923,19.907467
9.773,53.440147
971.27,186.35738
19.69,23.686657
0.0,1.1483964
89.163,405.26367
79.904,663.77057
0.22,30.266224
40.287,69.89599
19.093,38.60992
0.437,0.4014849
530.106,751.654
609.783,851.57947
10.246000000000002,111.48848
60.15999999999999,386.40836
1160.527,343.6357
4.157,62.316437
461.32,1314.1632
0.097,3.9570396
29.737,12.227149
0.0,2.6270368
80.76700000000001,21.867224
9.386,1.983074
9.69,0.035790775
0.61,0.20945892
19.856,8.008278
9.117,71.84836
0.033,3.3192353
19.087,16.255978
0.593,0.1652973
10.327,78.012314
0.076,0.07022902
0.0,26.724731
908.456,169.51479
210.096,279.54388
40.186,0.20717591
10.14,16.79351
10.167,19.74265
0.14,25.444296
10.214,57.21048
30.29,5.3580446
9.667,146.66476
240.633,21.42393
9.777,3.548514
230.473,704.18994
9.7,194.6017
1.0,14.335574
19.66,26.326845
0.12299999999999998,30.920528
0.14,1.0335435
10.547,17.049128
9.89,37.260704
9.203,5.6123524
9.184,3.4566877
49.77000000000001,55.007618
0.577,1.1434689
21.27,44.01725
8.977,46.173824
5.387,16.809942
19.773,0.22052194
20.833,19.499304
10.136,34.467667
0.013,1.2886147
9.964,0.8714869
19.743,17.93006
19.804,299.8228
0.14,8.313525
39.82999999999999,134.13544
8.9,6.8067436
20.693,22.431421
30.297,8.639618
0.45299999999999996,0.04178973
8.814,50.997517
11.4,51.82405
40.040000000000006,274.1828
19.347,27.33036
8.81,1.5188149
0.296,89.18815
10.093,5.6319623
10.037,3.074579
8.383,0.01865312
0.5,0.16231103
10.226,65.02598
19.716999999999995,2.0548525
19.077,0.054342806
0.11,27.791302
9.303,3.340962
9.987,13.37644
26.143,257.2669
19.99,114.38133
19.43,12.02748
20.063,111.82117
0.9059999999999999,0.7644213
70.093,37.77689
29.02,0.42901078
9.243,20.425814
9.177,57.02752
39.81699999999999,0.010840157
9.126,23.326689
540.007,401.85498
0.363,3.8518865
9.983,18.232595
0.156,1.9357772
10.61,190.08417
120.307,317.22668
0.237,304.06476
29.937,11.924107
80.26,31.276304
39.242999999999995,81.303314
9.69,10.347751
0.6229999999999999,18.995167
0.173,0.22422287
10.017,0.03042487
2730.714,1033.3297
0.9569999999999999,11.608995
9.47,3.8567827
2097.727,803.51917
0.11,65.172134
8.58,16.591282
8.434,1.0231442
9.73,87.61378
155.366,562.1587
38.867,4.898077
8.983,5.740672
20.027,26.6942
9.45,4.6918807
19.883,34.364845
18.906,38.370407
0.187,21.1531
18.527,5.213176
8.437,2.215216
3662.31,44.339497
0.15699999999999997,0.54104614
0.143,9.31218
0.71,216.06218
0.613,97.41953
0.173,8.691273
0.03,23.213112
139.94,14.045785
0.186,32.198986
0.03,54.052975
0.674,9.053053
39.78,0.52980584
1.094,28.542383
0.36,28.693172
0.19000000000000003,32.111275
78.99,0.21268924
1.6560000000000001,0.4683064
0.076,12.084615
19.9,44.00274
0.78,36.972275
20.177,1.209662
30.087,18.291681
10.199999999999998,1.4740772
19.606999999999996,47.473797
9.929999999999998,180.83453
9.694,12.521354
0.7330000000000001,1.0739311
9.906,79.31454
369.89,148.74023
10.423000000000002,6.047742
2610.043,3568.5354
110.937,13.885609
11.477000000000002,182.19247
109.437,315.03918
19.727,45.98572
0.08,0.16227052
10.97,8.194587
0.0,0.5058933
669.987,831.1067
30.627,0.04652462
3.55,29.366173
329.853,123.69948
0.03,7.026607
19.31,7.946894
31.487,45.051548
0.173,0.40025046
8.69,24.316532
0.076,30.781445
8.917,10.708307
5.180000000000001,4.8181596
1209.813,732.6942
0.12299999999999998,1.4149098
150.383,41.79687
9.696,58.966923
10.283999999999999,108.70353
8.703,0.018056791
0.44,31.463907
0.56,109.033585
10.173,72.78962
20.247,106.049614
0.126,7.0121956
0.093,50.131622
0.126,6.658698
0.046,206.6221
40.22,165.05466
50.150000000000006,341.86066
20.236,189.7922
18.756,267.76266
10.26,8.2469
30.783,42.58244
0.047,0.46014827
0.627,37.45626
29.387,31.087337
29.927,4.718181
21.567000000000004,81.80658
20.33,5.0331645
19.153,232.32008
9.466,7.2901106
10.274,106.75987
19.876999999999995,18.582823
62.65,570.5668
5.206,3.1041958
109.83,18.6617
9.963,0.7485989
9.877000000000002,0.83804077
10.404,18.845474
0.17,31.626616
0.606,8.478714
219.58700000000002,54.473972
130.04,465.61536
0.33000000000000007,0.44652435
0.07700000000000001,1.3520021
75.383,25.045551
9.363,19.778242
486.657,123.02603
300.563,361.09045
0.144,33.105064
19.63,0.8160494
0.7060000000000001,0.0076965494
0.19000000000000003,284.4609
9.717,601.6279
258.72,20.266802
1.193,11.185438
0.547,5.69758
0.863,0.4543513
9.72,6.585855
370.987,800.50464
61.353,56.29966
18.343,24.199738
0.377,64.60513
0.063,0.4788982
9.307,1.8859236
60.480000000000004,57.183388
59.987,16.578924
1.2370000000000003,12.600424
8.313,19.621286
0.07700000000000001,0.2187255
50.13700000000001,31.372408
0.313,8.442766
59.58,46.04879
49.58,165.0072
1610.354,546.43854
9.48,25.09302
1222.1,307.51846
0.19000000000000003,10.507022
40.0,17.369747
0.144,0.26470968
0.093,17.912638
0.093,1.7227007
10.17,1.2319489
9.16,8.8113
20.167000000000005,18.232595
9.517,46.173824
20.08,37.367714
0.517,42.310417
0.043,16.994486
3516.1369999999997,84.955574
8.313,32.818142
60.32300000000001,17.59106
9.853,16.640368
9.73,18.819572
0.344,5.625757
150.05,668.2335
230.276,958.3509
10.16,20.458431
39.90400000000001,26.358152
11.603,8.008683
10.24,25.695251
9.064,0.14539516
9.984,11.823695
130.033,100.83583
0.956,23.277925
159.0,16.317066
0.063,8.095415
8.876,21.546608
0.39,2.1140227
18.994,10.226447
8752.857,2189.0774
10.343000000000002,109.28243
9.637,0.028350636
31.306000000000004,1.352411
9.174,28.79628
270.216,249.29355
30.370000000000005,71.484634
19.447,60.156204
50.703,26.50914
19.703,68.297615
15.709999999999999,47.790184
10.323,125.89129
20.146000000000004,76.64954
0.093,0.105914295
9.974000000000002,24.614975
120.106,38.299923
0.204,674.3276
40.35,29.233572
9.323,14.887439
20.417,8.83762
9.23,0.14475982
9.21,21.1531
21.28,290.0346
0.25,0.6201113
869.997,338.86917
0.266,0.60857755
1.547,5.194508
0.03,0.8808082
9.86,15.367271
30.58,0.03687819
139.24,22.31233
9.777,106.799706
0.03,2.9247777
0.376,114.372955
10.713,31.890741
9.23,4.0688243
20.5,201.71436
0.33000000000000007,12.785009
21.254,843.90076
0.047,56.31958
17.476,8.98774
0.15699999999999997,4.8563476
0.106,2.9905899
19.06,10.614579
0.03,103.81516
0.69,0.8731997
18.92,103.804955
7.817000000000001,0.054129034
0.093,17.833473
500.25,1450.6318
19.413,19.297768
9.304,0.03529616
40.78,73.64214
19.677,20.482655
10.11,284.71555
1.067,0.11472175
29.143,27.335464
9.454,85.55165
0.953,138.08505
10.090000000000002,6.895435
0.483,61.581657
0.0,20.692865
0.45299999999999996,4.851242
8.994,26.05755
31.58,68.2452
0.12299999999999998,27.499647
20.03,102.70961
0.987,43.715202
0.233,19.806856
0.173,21.1531
9.367,8.71342
19.876999999999995,3.707616
9.703,0.021446474
21.437,64.61473
0.063,1.3576161
196.943,0.037901357
1.333,15.852975
19.133,18.953386
9.677,4.5116124
9.023,73.58388
0.223,0.3134905
19.22,18.10336
61.197,234.64552
0.017,46.855965
7343.047,1435.748
9.09,26.15426
10.513,18.160265
18.93,0.03749475
19.846999999999998,139.17242
9.573,73.05366
19.703,17.519733
50.88399999999999,3.2374237
20.167000000000005,485.90836
0.016,3.896938
0.454,291.20358
9.957000000000003,0.76369846
20.597000000000005,220.81044
16.004,0.1499587
201.26000000000002,387.70816
38.743,289.93362
0.013,0.06285213
0.03,0.4145561
9.653,3.707616
59.7,22.766466
20.276999999999997,36.05572
0.22,0.5105246
200.123,288.10974
9620.04,2099.4058
30.007,0.18944353
20.180000000000003,624.16895
10.033,10.031719
0.107,4.2717996
8.89,22.570265
0.14,3.486578
8.606,2.3259227
98.783,157.07677
10.199999999999998,6.1222415
0.143,46.12131
10.976,4.681451
140.91,178.02849
10.424,23.03452
5.157,36.01449
0.874,2.4546447
0.45299999999999996,32.711395
21.48,68.50542
2.357,19.307344
56.15,407.01657
39.624,25.272293
20.290000000000003,254.243
19.187,74.084785
9.513,159.72891
30.646,52.16769
9.757,21.120802
10.557,33.523865
10.366,10.162199
0.047,17.938805
0.25,0.21181318
369.483,1170.3225
0.296,1.3623525
49.61000000000001,4.111398
9.783,25.15609
8.514,11.186429
450.036,53.958664
2161.52,305.15866
16.323,126.13377
10.616999999999999,7.5908685
9.54,7.101891
0.423,52.59021
10.360000000000001,25.275713
923.787,1372.6565
0.754,48.95794
0.156,250.0811
0.12299999999999998,0.03297163
40.937,39.04934
8.784,25.951899
9.627,66.613464
59.233,6.342902
8.903,21.385113
0.297,0.14938647
0.784,0.116641976
7.9,16.48055
130.164,60.65105
8.54,0.0702291
0.11,54.301956
0.11,6.393452
99.75999999999999,834.7435
19.78,1.5647708
19.133,69.83171
18.93,25.251322
1.546,385.71414
0.12299999999999998,0.25727916
9.69,19.875519
18.746,12.485471
9.64,0.5539816
8.896,108.21874
0.313,41.40931
0.07700000000000001,55.736973
10.154,0.46225938
1.156,7.4484196
250.43,1250.5438
7.96,305.7491
10.102999999999998,28.304905
0.204,84.698875
573.743,346.0853
8.57,110.92042
19.233,82.99857
1.08,2.063416
10.652999999999999,23.45735
60.7,1366.9777
1219.173,509.42117
9.543,4.194547
39.907,67.07471
9.687,34.273575
0.377,0.3656814
149.92,53.628624
0.187,0.66077524
21.117,16.482788
0.317,21.287544
0.22,12.929019
2.0,0.4936153
0.593,17.86322
59.964,126.89154
441.387,331.07516
49.6,14.994515
8.954,0.019338641
10.144,311.6798
0.03,1.318169
20.82,9.493884
0.16,4.987846
19.697,0.44849434
0.87,81.761665
19.956999999999997,501.31302
10.123,72.043625
0.013,8.350976
0.4699999999999999,4.3970675
9.063,16.427809
19.813,118.13918
0.267,26.408516
0.33000000000000007,0.16180874
0.033,0.29908264
8.993,19.218565
0.063,0.01914685
10.010000000000002,40.234165
9.69,57.028923
0.186,1.0363147
0.0,13.1384535
9.977,33.447624
19.587,19.69692
0.06,1.1050279
0.377,56.634113
19.813,17.09199
289.763,88.18692
59.246,1595.6738
20.263,0.37012497
9.64,68.41885
2.403,81.89305
10.994,134.37398
8.807,22.354948
0.143,65.066025
9.24,1.0321851
20.16,42.851883
0.533,4.5033855
19.454,1.2290506
19.647,51.137257
11.034,78.269966
0.827,62.295525
443.53,281.92206
0.4699999999999999,0.61368173
19.273,13.049893
9.912999999999998,0.13379495
99.297,82.86817
10.07,19.784958
19.096,5.9979386
0.15699999999999997,18.764078
0.343,9.125701
22.233000000000004,38.385292
299.827,278.7088
8.713,112.61223
0.046,38.760845
139.703,779.9577
0.45299999999999996,50.754196
309.31,436.86087
0.08,29.62433
19.52,26.02938
49.032999999999994,31.408634
180.71,21.891186
10.313,9.799897
29.287000000000003,417.16232
0.046,6.5622725
0.343,13.883397
9.31,69.31487
129.93,10.868519
0.267,3.0356863
49.93,0.9029905
39.764,964.76056
9.62,0.24274738
19.853,0.31961808
0.14,10.542436
0.297,29.143589
19.173,313.63538
0.064,38.438473
4.567,0.23403458
169.617,63.65058
8.887,1.0848714
9.317,10.960264
0.12299999999999998,23.74374
80.137,971.98047
1.2660000000000002,0.3176854
0.25,0.4721428
29.383,136.14006
8315.06,5122.3286
640.96,3516.7136
0.047,2.4553187
10.026,18.398647
0.016,61.83701
1499.957,501.14142
0.14,1.721108
0.03,8.303884
1.233,19.928514
28.533,229.33713
1.503,11.9414425
0.204,0.80824405
0.017,2.8101678
30.023,47.014473
1039.843,1568.835
0.7669999999999999,16.386843
58.783,155.6484
11.39,63.836113
8.96,8.499241
19.83,30.247078
10.102999999999998,3.1879714
2.79,0.026563682
9.72,73.08496
100.113,25.182325
0.344,317.76132
0.047,3.1879714
39.317,128.31358
0.11,8.817772
30.443,71.659325
39.427,126.93378
20.163000000000004,56.81124
10.25,82.83045
9.943,10.437949
58.984,2.010371
30.204,0.04338107
10.04,357.04187
0.013,100.441154
290.263,34.158176
631.04,146.04051
89.844,28.73474
79.953,9.268653
0.36,428.8753
0.67,6.7843757
108.39,302.50266
1664.523,365.03824
9.784,20.30981
10.214,0.0052698646
40.307,119.80246
0.643,3.2222114
0.424,3.1697743
9.974000000000002,4.2913103
51.4,73.46384
0.046,52.824993
0.424,58.12043
19.503,370.65372
19.84,11.20136
9.593,59.362972
30.263,10.159865
7.29,0.08857978
0.093,7.0265794
0.25,14.328004
329.617,22.858503
10.956,56.78652
119.767,23.969776
49.77000000000001,942.65546
30.257,39.31618
0.144,0.2809645
0.363,70.20666
0.15699999999999997,24.930431
40.823,26.702724
0.063,1.8326493e-10
20.457,40.871845
18.087,20.734493
109.66000000000001,88.598465
168.89,426.1685
1.134,72.21739
0.594,19.937435
31.073,78.39291
10.06,10.227957
0.19000000000000003,0.3284155
339.577,14.350636
110.24699999999999,19.120388
299.713,928.20325
9.977,13.469414
89.556,4.8963127
1.454,13.554658
0.627,24.132723
29.683000000000003,0.033904646
9.73,24.254107
9.27,6.3888946
19.937,52.635815
1.594,26.723299
0.233,0.04190315
7.447,23.866339
10.083,2.914893
100.53,18.559622
0.393,45.609936
90.527,288.2493
8.957,0.3101972
0.017,1.4323591
0.344,87.465004
10.0,29.398317
349.77,58.80375
30.057,0.18240587
785.05,165.60672
29.983,38.129852
0.41,13.870201
1.016,20.326092
0.17,43.148212
139.65,194.70258
30.26,2.2426775
0.143,1.555957
59.0,410.4928
39.22,20.584518
59.867,75.68617
8.973,33.578278
9.96,5.088598
8.297,1.8741946
30.02,20.85812
28.61,184.0454
19.287,15.683067
928.8600000000001,1831.0946
139.957,462.91666
0.076,3.882787
7.31,0.35729158
10.097,3.8961506
38.457,84.30374
29.906999999999996,1.9966396
0.153,0.4895326
90.234,724.073
320.917,456.86502
0.034,0.105914295
3.583,13.657934
0.466,13.394985
129.45,374.01614
9.133,0.9534969
0.11,9.668406
209.133,102.45898
0.5,53.06396
0.017,37.9969
0.217,19.219168
8.884,2.536428
0.17,4.0431385
7.773999999999999,332.99002
9.29,0.034180406
907.003,694.0107
0.61,0.007075243
9.697,15.120742
18.863,19.985346
9.832999999999998,0.42072704
9.567,81.16599
41.777,106.26601
141.0,1779.0277
0.047,12.238103
5.43,38.034966
19.326,4.0772095
0.094,0.15293312
9.427,6.2087603
19.517,0.6673041
2.8,10.785204
1.123,53.128284
0.326,13.317145
10.16,19.737915
10.117,24.770254
10.737,0.055243816
29.110000000000003,22.944117
0.076,9.671624
408.767,87.42139
381.71,19.642557
0.674,45.92863
9.864,67.35503
10.43,27.202549
10.003,0.0134285875
11.7,5.6874456
1.05,0.12484545
18.864,28.77613
79.307,411.71265
19.46,0.36052892
0.67,5.861505
10.157,27.877516
10.89,1.5920126
30.737,23.48389
9.21,235.6718
18.863,8.616994
29.227,3.712042
0.39,0.25415066
70.207,378.36942
1540.043,321.14127
58.83400000000001,16.788803
1126.627,149.03902
39.987,375.88007
0.487,0.7121952
0.22,12.247964
0.6,9.261719
0.15699999999999997,22.03227
18.263,8.155529
0.063,0.26772037
9.296,1.7181543
0.047,20.704931
0.25,276.7413
20.533,69.66351
6.334,0.024649536
1.8,10.552501
0.063,221.80525
860.294,107.476
9.48,11.241491
179.74999999999997,375.55798
0.11,2.382713
1.017,143.95605
10.38,53.16929
0.064,0.19757406
11.217,332.82907
9.587,10.521789
8.704,57.287296
20.143,0.060810693
9.607,0.38294312
19.68,8.222193
19.88,0.16889735
0.063,2.3781796
19.787,4.937496
10.177,50.2221
9.654,0.46014827
50.099999999999994,2.181113
40.163000000000004,13.145308
590.34,427.32852
19.31,7.0657687
110.02,127.48601
10.22,33.437614
40.246,64.34672
20.303,35.537178
49.477,253.85759
20.557,40.99023
16.133,6.936128
0.07700000000000001,5.4227777
21.27,123.163246
20.57,47.24615
0.376,0.07563615
11.007000000000001,608.88324
20.327,236.67451
10.203,0.5970049
5.673,65.25993
0.14,39.428898
10.433,80.00428
20.057,336.8664
121.49000000000001,189.76546
0.283,9.053312
11.664,82.671036
0.607,9.377168
20.907,0.017752301
0.0,44.27497
80.367,137.64401
119.49699999999999,499.33194
14.996,45.353016
20.047,28.257189
149.783,185.85202
9.36,4.004607
10.173,1.2118244
59.977,646.32745
9.95,8.408151
0.127,72.98122
80.27,1756.6334
1.25,0.052814055
9.25,25.741825
0.483,10.928763
0.827,1.5232406
1.453,1.7590568
9.257,0.42075476
19.637,3.758707
9.704,0.08770834
19.897,106.7477
0.973,4.438448
0.413,1.5736071
10.683,0.57211035
0.143,10.118037
20.973000000000003,83.476395
0.046,1.7227007
15.142999999999999,42.546066
20.553,18.992334
8.85,0.3973305
10.507,5.4466662
9.866,2.6270368
0.44,0.77742887
39.397,205.92009
0.707,1.3829268
0.14,0.67328155
0.14,25.276989
10.227000000000002,57.880302
260.163,129.74146
10.187,0.36271393
230.177,409.19955
20.797,71.861626
177.43,1191.5651
320.507,1125.9072
0.36,8.847678
9.447,6.867031
8.57,0.48417148
7.81,0.10341719
0.343,35.164356
50.654,13.77382
20.633,10.49567
9.943,1.0654083
9.547,0.9576058
29.537,498.1865
9.133,22.448414
98.71,28.50354
9.55,0.14995041
0.9399999999999998,52.4557
40.004,36.91365
1.11,0.20587085
9.767,1.7701463
79.664,275.64273
9.929999999999998,26.158577
19.69,3.9807048
8.98,432.35205
0.17,0.08496106
9.827,1.0654083
6519.386,40.824722
0.047,4.9253173
30.02,19.524525
89.497,58.087784
8.274,24.240133
40.143,0.06469666
0.39,19.052868
10.130000000000003,9.6876545
9.853,2.434218
108.823,68.4706
9.257,0.011475342
0.7330000000000001,85.914055
10951.224000000002,2652.7686
20.020000000000003,4.6885667
0.15699999999999997,0.013450135
9.546,180.1512
20.2,0.2830342
0.53,0.53952044
49.77000000000001,20.000679
9.556,59.651115
0.81,10.762649
79.937,190.4814
9.633,0.2526157
10.0,51.87583
9.537,151.1389
19.837,25.918354
8.44,3.8024035
0.047,6.658698
0.063,4.0759416
21.0,73.55559
59.92,41.51715
20.67,165.80525
18.48,91.77166
69.284,126.00985
9.38,1.9783348
149.713,275.85898
0.187,18.727749
10.027000000000001,13.609621
10.08,7.0674334
19.617,35.164356
30.98,886.152
18.916,63.470657
160.06600000000003,24.076563
0.15699999999999997,15.757728
19.36,1.7282327
0.25,3.9438772
9.54,4.5708857
19.737,18.359089
9.763,26.270899
19.233,64.283356
9.514,0.01350521
9.977,19.905153
9.17,8.89234
0.046,0.8731997
199.95999999999998,168.53677
0.063,7.081883
10.097,0.42075476
20.357,124.66411
135.883,33.844803
163.01,189.65564
11.047000000000002,10.665392
1.6899999999999997,0.2679592
0.153,0.54883456
0.034,0.89133847
3.55,28.014086
0.7399999999999999,0.48584437
0.263,4.5708857
9.693,0.27648196
26.387,75.05946
0.657,29.398317
15.753,10.184042
289.616,89.42717
19.973,5.079552
7909.89,384.12878
33.154,151.1389
0.224,0.11137321
18.907,27.784561
0.466,23.23425
8.61,7.4923754
120.573,355.20166
10.49,3.1708145
0.07700000000000001,16.764238
10.274,4.384929
9.873000000000001,55.364635
9.997,0.14846146
1970.36,772.1001
1.7830000000000001,7.542012
20.586,0.609744
0.127,3.9388187
8.776,7.388296
709.883,771.27454
0.44,2.2075438
8.756,0.98028153
6.36,89.089645
20.276,256.7679
7.24,0.025709502
19.590000000000003,33.790535
44.027,0.058213536
0.03,7.6381984
30.98,34.134605
18.386,25.926336
21.04,62.485073
52.202999999999996,54.367878
70.053,8.694331
9.61,28.792273
2.11,12.904698
9.394,1.7702309
8.853,11.531281
3038.427,1482.6173
30.147000000000002,27.13758
0.584,0.34127244
9.556,12.299603
19.53,7.1681747
50.107,353.76105
2.287,0.28192136
0.143,790.97516
8.954,42.31896
8.89,3.0356863
0.657,35.303967
60.243,8.340989
20.737000000000002,18.21815
59.203,712.76044
9.147,3.5776384
89.87999999999998,216.96878
0.064,4.787439
10.98,26.02582
9.304,26.075438
0.893,1.9885582
19.974,160.07527
9.203,1.318169
10.524,73.50123
0.8770000000000001,7.343816
30.23,281.96902
9.673,20.892454
0.047,11.741454
593.62,1026.4164
8.32,1.8859236
0.187,23.059973
18.98,220.52452
29.74,22.996986
0.56,3.0890825
219.63,19.319952
20.523,830.5675
0.046,214.88387
22.013,48.573666
10.560000000000002,9.075158
0.203,2.4487765
0.233,0.21181318
9.42,1.1369935
60.594,25.42878
10.227000000000002,24.74725
0.297,39.177677
19.353,86.8315
79.343,59.465122
9.46,10.017239
9.75,18.430265
289.953,190.08597
0.216,257.7783
39.433,0.24030994
9.929999999999998,0.31581885
39.913999999999994,90.84099
0.953,24.124426
0.063,21.302809
10.199999999999998,148.80865
0.53,34.647537
0.11,47.058186
10.873,190.06146
8.64,18.754639
19.247,1.3418316
0.33000000000000007,9.238594
0.33000000000000007,0.0070305816
0.047,0.014861388
0.17,1.8044347
10.003,161.69838
0.4699999999999999,1.5909715
9.807,0.6177921
19.49,9.599708
34.98,30.473516
39.50000000000001,288.01593
10.18,20.282215
0.25,2.013128
134.163,159.1116
168.887,30.703722
0.86,45.875675
9.734,12.36237
21.08,49.472866
0.11,0.712194
9.81,19.418795
0.593,33.470978
80.42,34.41521
59.724,0.86820936
10.504,102.46394
29.927,0.028562909
89.407,198.8965
0.39,0.07563615
0.11,16.907043
0.15699999999999997,0.10517547
0.33000000000000007,0.65184814
8.93,7.3851767
0.534,1.2886147
49.457,125.36068
19.473,4.476349
29.827,8.6106615
0.06,1.5284965
0.033,13.347932
9.66,0.039250042
0.03,0.037512556
1.286,141.48827
10.357,23.837488
19.923,298.95633
70.067,323.89496
0.653,7.0582404
0.423,85.783264
9.837,45.47173
0.953,10.71933
440.21,72.39887
0.063,32.621193
9.536,0.27446544
8.84,0.33175358
47.023,106.613914
18.986,2.4418786
8.236,7.64733
0.15699999999999997,0.83575654
0.327,45.48836
9.273,7.7642236
0.753,608.1616
11395.59,2085.607
0.076,0.61634386
30.35,180.50833
9.44,0.02547236
160.05,49.87124
19.92,34.64523
9.75,13.463476
0.517,30.631653
1.5000000000000002,0.2598991
99.52,10.168528
278.844,166.53963
40.05,3.18733
49.67,107.99646
0.3,2.1369572
32.073,8.333818
9.827,0.27648196
20.03,41.901047
19.836,67.162155
0.173,80.63214
0.03,0.012772179
9.647,0.74778855
0.064,2.4553187
9.087,1.7930793
11.856,141.96686
0.766,7.6387377
9.383,74.894394
0.704,1.7541752
49.267,0.14876036
0.64,40.891277
20.43,37.828735
30.910000000000004,74.630646
20.08,664.7361
0.36,15.495231
11.014,0.06536528
0.093,4.5854797
9.773,40.7617
100.443,5.4839444
8.8,2.1369572
250.07,114.85698
9.677,70.25684
20.343,5.8869734
10.327,25.184746
18.46,114.417366
740.4830000000001,231.26877
9.907,0.44931203
9.713,7.1832347
120.026,82.498505
0.0,5.3580446
10.73,11.948495
19.993,47.414787
12.756999999999998,1.1116761
20.216,14.512956
19.49,16.81865
0.25,8.369238
0.374,0.6984649
19.43,14.965197
66.584,195.92593
50.737,12.257379
0.43600000000000005,2.0135043
99.657,1381.7263
449.59,305.2426
10.15,70.20117
9.373,3.5997698
9.863,53.340412
341.247,197.95662
9.894000000000002,36.038895
0.093,14.2261
159.88300000000004,166.14603
11.337,96.70265
230.387,32.34575
0.203,1.3902457
10.143,37.34819
28.9,15.43585
9.693,0.7141963
9.66,23.326689
19.977,29.572418
9.34,10.898631
19.25,53.745693
7.34,46.88602
0.64,11.55111
19.893,102.35707
0.624,72.77986
8.727,15.358834
19.903,118.295044
19.793,1.3738388
19.337,381.37607
1.35,15.288423
10.58,0.03565913
9.583,2.4484637
19.699999999999996,105.37538
0.097,21.765953
120.117,8.552461
1151.64,3170.2922
0.206,9.952646
20.01,20.493883
19.947,54.99902
9.453,16.368734
8739.827,574.9841
0.31399999999999995,65.17463
0.31,35.168373
9.937,2.153926
150.073,1596.7712
8.737,0.5709282
350.614,277.5573
9.157,0.026799176
130.187,448.28973
19.963,62.461723
9.933,34.537575
0.094,2.4418786
0.373,4.9452095
0.826,0.31403875
0.12299999999999998,0.17686686
0.35,0.3036792
9.8,0.07793136
19.524,54.18203
19.926,337.4368
1.03,75.51374
9.503,0.25622308
9.096,2.023485
138.22,1439.204
19.833,27.024216
10.72,96.33765
19.837,22.698378
10.53,48.092224
0.013,23.781597
49.654,24.678484
50.836999999999996,14.5995035
9.783,57.876476
380.293,241.23189
0.11,24.320747
58.797,12.64372
51.19,42.628304
0.25,1.1483964
19.73,41.393764
20.097,74.12356
11.472999999999999,19.379557
0.44,0.07930019
11.533,28.146471
10.044,5.193028
31.01,67.13744
2.14,59.27753
0.046,1.8213946
1.207,22.100489
0.187,20.047068
9.95,13.421737
21.567000000000004,0.06621562
19.54,83.72444
10.057,10.88949
19.933,219.83434
0.093,7.196267
1.47,0.7192789
30.887,5.088598
0.06,3.2234225
9.953,3.0806098
20.16,26.884817
9.746,8.908226
20.28,17.565672
9.277,32.421738
37.814,113.21329
39.833,15.691216
29.183,777.2422
7.527,11.73428
0.03,0.60857755
0.43600000000000005,12.853288
30.25,18.638338
50.123,2.0133142
30.267,21.822147
189.33,150.22081
5460.393,164.72607
0.17399999999999996,97.51582
29.18,30.424955
11.180000000000001,11.553138
49.07999999999999,118.717026
0.203,4.4611444
19.39,40.625
469.3,31.98958
19.353,0.6409705
127.927,123.87765
17.36,21.604774
0.11,18.021254
68.913,17.611967
0.06,0.46322367
9.783,20.038797
13.0,54.07547
9.723,606.4593
1.156,17.316572
0.28,3.496693
10.504,2.0798209
29.874,16.926723
220.786,0.12487915
19.377,0.4338604
19.087,105.9815
41.483,14.094883
0.49,0.24124454
960.2729999999999,924.86743
18.68,17.123547
39.626,0.043109376
9.546,194.6017
52.143,210.72849
9.213,1.9914882
9.097,16.039274
11.576000000000002,32.63456
120.08999999999999,578.7022
10.033,16.969303
1.6899999999999997,1.0609988
9.353,1.1583792
9.87,21.894096
18.277,0.39220825
0.126,61.837605
10.293,14.359393
0.864,3.1041958
9.66,29.145126
9.497,1.8396153
29.836,759.1344
39.213,119.05719
60.83,98.59684
10.073000000000002,0.25867784
9.2,17.802498
13.31,6.2938547
11.21,1.7167394
5.796,42.466835
8.823,68.933945
9.65,2.5194592
469.1,15.486628
29.99,26.018715
9.184,38.016163
0.2,29.548698
31.143,25.092155
0.233,21.33874
0.64,39.333744
8.913,5.078027
0.06,21.238398
30.093,29.043041
1.2370000000000003,16.366987
0.233,21.58384
20.763,130.41328
9.6,33.62267
9.774,12.939797
511.28,91.729614
0.017,20.002449
58.893,507.79388
60.594,49.587128
0.047,0.26685423
800.627,20.116505
60.166,84.53939
29.636999999999997,3.0119696
9.19,0.011261665
10.163999999999998,25.237644
0.8129999999999998,110.92042
0.013,3.6765428
8.967,198.2317
19.724,10.649258
51.397,21.50468
10.017,9.075158
10.134,15.566497
8.817,0.050747976
20.76,0.6941322
270.314,86.479614
0.19000000000000003,0.04267883
0.14,19.98569
20.260000000000005,30.2998
79.423,8.075155
140.763,44.24435
229.91,239.89464
1009.807,344.48453
0.20700000000000002,56.735577
0.017,22.48756
70.487,76.493866
0.3,139.02126
0.06,2.9466584
20.21,21.937874
5.306,4.2717996
0.013,38.195663
10.302999999999999,0.17526437
19.133,60.819122
0.14,0.01627344
10.113,65.74349
121.656,481.56973
19.127,7.5894284
41.03,89.42717
19.29,9.053053
18.507,6.5097914
0.15699999999999997,61.218964
30.443,105.2246
0.313,8.01031
0.204,17.664932
59.940000000000005,45.543446
4.577,13.463476
505.687,64.73901
48.833,8.361844
9.99,46.564217
30.413,0.12344992
9.47,5.97759
177.96,1956.3771
28.666,34.98742
0.14,5.211153
9.31,34.166363
0.97,4.602257
10.077,6.9594345
10.547,3.5371146
0.064,2.9797418
11.407,0.39412382
0.203,13.124269
0.237,20.543953
7.856,21.431463
159.167,50.83051
0.563,15.935097
19.26,12.640467
6.7,0.031437334
9.843,50.28547
11.447,6.5136905
8.73,38.12658
8.954,0.08469668
9.246,0.55022913
10.15,165.37872
9.383,2.2463183
0.25,58.60934
31.023,247.91917
0.45299999999999996,0.20435567
19.596,6.548646
0.17,22.318079
0.6870000000000002,39.217094
9.733,31.512314
9.39,52.914776
70.327,0.64057577
19.773,0.050989717
1.14,5.3580446
9.0,9.617499
10.37,18.359089
1.91,0.27195293
30.724,26.911324
19.56,0.50984246
50.133,20.661951
0.923,0.11023009
9.727,0.75322145
29.067,24.902027
19.73,9.799944
0.237,1.6111821
369.39700000000005,711.0082
19.5,251.22266
0.016,43.78443
0.11,0.1385312
30.267,85.36273
20.707000000000004,133.78218
140.67,15.663151
20.352999999999998,66.27565
20.827,13.259831
389.413,219.68344
310.176,578.50726
7.944,16.386843
0.41999999999999993,0.5945124
10.224,7.914809
0.61,116.31429
0.017,13.469409
29.634,157.27153
10.686,26.05755
10.013,0.014332131
9.207,16.964096
1.063,0.0822799
0.313,110.234375
0.377,0.05485532
0.097,0.486077
8.837,0.3160427
39.63,5.843167
10.6,18.822245
60.35,35.406815
0.0,18.582823
48.533,74.07706
10.0,17.724134
9.89,48.643112
534.914,93.03822
0.7500000000000001,108.974846
50.417,0.27710572
11.073,26.6703
70.047,15.393164
439.364,348.33566
9.89,130.85985
39.913,0.75726134
20.127,296.29373
169.9,8.117985
4360.163,43.473873
109.82,55.955086
9.996,0.11685488
9.177,0.04996259
19.14,23.8267
0.597,38.489098
0.297,73.20941
19.967,0.0965572
0.17,12.916181
479.8330000000001,92.040245
10.0,1.1030527
8.906,37.509796
0.373,72.03643
1.953,54.739185
211.27,97.575356
0.296,0.34559435
1129.623,14.114893
0.203,0.33444062
128.993,69.5074
9.53,38.888905
2081.907,227.13
0.093,1.5942338
9.716,61.004505
81.14,519.22876
0.143,0.020543618
10.073000000000002,1.0291274
9.743,62.882664
0.7669999999999999,23.45945
20.724000000000004,20.78123
19.78,86.32628
9.91,28.123917
10.963000000000001,23.31653
20.103,53.999046
449.96,1047.3235
20.037000000000003,907.4509
39.32,19.199934
30.240000000000002,116.69068
3408.9600000000005,754.88715
0.013,0.7121952
0.14,51.653374
0.487,12.818118
180.11,372.94308
9.553,17.413822
90.0,331.23935
0.22,17.815147
7.207,0.04918241
0.047,8.47397
0.11,24.204086
20.180000000000003,8.825585
9.71,0.1962872
0.25,3.712042
0.6769999999999999,91.84805
10.063,11.464403
9.677,2.0805807
0.126,0.08872665
7.77,156.48697
10.023,61.734524
9.747,1.5445839
0.33000000000000007,3.9682622
9.923,38.369278
10.586,23.74374
19.61,15.911348
0.393,93.12613
0.07700000000000001,2.2642183
9.893,16.813547
69.343,14.5995035
0.83,37.219563
460.013,12.988481
450.25700000000006,575.27954
169.59,0.08260414
0.627,27.189875
49.747,0.59687275
11.853,36.05572
9.68,107.45169
11.186,8.447235
8.223,24.125525
9.563,19.224106
38.264,45.921524
0.284,0.4049005
10.586,2.2881165
20.276,17.595488
39.987,43.953983
9.43,84.76871
9.907,20.85812
30.2,578.2656
9.863,10.865409
0.043,26.018715
14.676,66.88017
9.594,26.279652
9.44,0.09173959
70.05,46.07756
0.577,21.944971
0.126,0.4014849
30.233,6.2966585
109.886,75.79049
0.536,16.511696
9.463,25.223986
9.393,5.1872964
230.21,32.85064
0.063,65.67758
0.12299999999999998,16.039274
0.593,66.30977
29.104,39.055626
30.164,16.581652
10.1,0.31519446
19.997,0.02265892
0.393,30.66644
10.907,157.2376
0.33000000000000007,0.9960907
0.203,0.16812228
20.066,11.663334
0.093,31.372408
10.087,34.24971
18.7,389.26782
240.947,319.75836
0.534,14.38064
9.056,0.83434284
9.663,31.89091
9.88,26.187609
10.865999999999998,0.29708967
0.517,3.6495624
260.603,1066.7538
9.047,63.188847
2743.46,2024.9241
9.849999999999998,65.39454
0.033,0.48952654
300.303,523.826
39.833,479.10693
9.583,23.207338
159.77,43.69511
59.953,225.5011
0.72,63.945103
630.016,124.6817
20.08,74.8142
10.693000000000001,146.71507
8.483,18.673079
8.953,6.8026624
27.933,159.08722
18.196,1601.2098
9.167,22.89321
28.56,43.21893
0.39,0.2645176
10.354,67.17159
9.817,64.06081
9.64,0.3106297
0.06,21.67858
20.883,72.06564
20.633,46.229683
2.33,91.58333
0.12299999999999998,5.6123524
0.124,6.362085
10.416,7.798265
0.91,101.17577
19.623,8.749525
29.59,24.836706
849.967,16.364897
0.144,1.4116266
290.194,492.14392
29.063,348.33566
9.923,0.64010555
14.237,10.547231
10.397,43.825054
40.443,68.54619
9.723,9.660408
9.832999999999998,9.074406
18.636,0.114062496
9.883,8.0327425
0.08,9.599012
140.41,4.9991746
9.88,0.118664265
9.437,48.573666
30.062999999999995,301.44684
4.686,14.734944
110.22,157.1193
1890.82,385.74457
29.906999999999996,240.37335
7.88,7.3525677
2609.4669999999996,3168.7363
0.283,5.078027
50.123,5.602375
8.926,7.4968414
8.847,108.945465
21.29,27.902576
0.233,57.46487
30.240000000000002,211.31404
0.45299999999999996,9.617499
9.247,75.79629
8.297,6.7770243
19.866,74.67186
51.0,73.4199
10.04,15.551151
41.760000000000005,206.3913
0.7669999999999999,0.14155987
9.184,3.3526886
9.86,8.416115
9.463,9.945543
1960.614,2704.0022
0.923,32.881344
219.527,599.90643
11.813,59.436977
9.363,1.1050279
9.853,0.5084635
0.19000000000000003,17.650726
10.047,19.531301
260.543,133.35503
0.627,43.487312
6.847,21.026718
0.39,36.798733
0.08,26.466406
130.45,131.03436
0.283,0.71794534
1.004,25.35503
219.32000000000002,243.0114
80.07,601.52466
10.08,1.6069394
60.54,184.0454
18.883,96.18264
0.11,1.0402992
0.047,0.25727916
220.39,99.4558
29.826,4.7398443
0.033,0.77449095
9.813,267.18457
0.08,28.337404
0.0,1.5909715
9.823,219.78209
0.14,89.030014
11.033,0.17219698
40.56700000000001,22.527107
30.049999999999997,5.365049
30.876999999999995,150.83786
9.646,15.772051
18.57,29.35951
10.16,0.7738576
9.326,2.3727157
50.764,34.092545
0.267,5.6405673
10.097,15.420408
10.199999999999998,62.13664
11.58,7.3746705
20.034,18.504337
0.08,47.7809
10.433,0.1200429
9.767,11.355361
29.827,138.59027
1.75,16.82762
19.29,80.5924
0.25,113.210205
19.806,0.21369687
0.297,50.892906
2250.833,13.389252
20.937,20.810658
39.726,7.135239
0.08,0.08403131
59.803,530.7843
190.447,921.0656
0.126,0.073660396
29.362999999999996,13.854093
9.684,14.659902
0.15699999999999997,19.904652
69.95,49.5533
0.093,22.216177
0.5,15.404437
9.413,1.318169
50.867,75.45841
19.1,45.793987
961.467,259.55148
40.11,19.151781
19.699999999999996,9.217363
637.967,104.586876
1.94,0.41399032
0.0,46.52266
9.946999999999997,5.5536284
9.436,12.330884
9.077,0.100913115
19.926,49.122295
10.27,0.03042487
0.44,0.6500034
8.997,0.10266291
9.87,112.61229
0.204,12.472598
201.06700000000004,280.74753
19.567,31.882282
0.466,16.933493
19.743,1.5270003
10.130000000000003,32.919796
59.613,11.310629
9.783,0.6553311
97.8,189.6467
0.39,5.2725725
20.112999999999996,24.48486
0.173,0.74363244
579.85,288.15964
49.892999999999994,1.647851
0.187,0.7192782
20.033,286.9527
10.23,159.38464
9.127,15.721987
30.147000000000002,54.215378
0.204,73.91778
0.3,27.942335
19.12,0.61545753
8.79,10.184042
19.93,11.817021
10.324000000000002,5.079552
29.53,55.568726
10.882999999999997,101.77309
10.173,38.438473
10.903999999999998,20.038797
9.907,18.049707
0.374,0.46959132
9.983,26.294624
0.017,2.672769
7.477,15.905525
22.167,47.28911
29.47,0.09936833
9.716,59.144127
0.427,36.01983
0.047,7.0722456
0.487,7.545579
0.63,4.5993223
20.11,45.954403
2010.743,1262.7341
9.853,27.068459
0.0,27.845495
0.19000000000000003,827.53503
9.78,8.272527
0.237,26.53241
19.613,22.87263
9.836,0.24768434
79.307,196.52066
0.03,0.7925231
0.267,0.1911166
19.757,13.032763
9.832999999999998,62.31873
1680.0,707.37616
0.4699999999999999,1.8396153
0.05,6.480961
0.093,4.3603244
0.0,51.92183
99.843,10.908078
0.313,0.106228575
11.51,26.885075
9.767,60.525387
18.83,46.681396
9.01,29.86181
0.14,0.32910722
213.297,17.276133
30.093,21.96465
38.03,28.169739
9.294,7.908472
10.1,130.81519
1.08,6.7587104
0.15699999999999997,0.14846146
150.64,610.9588
20.25,19.69692
30.09,66.85675
20.06,57.10159
9.586,14.169902
19.926,16.908846
0.094,28.712484
20.484,66.94905
0.047,368.965
0.047,15.10146
29.454,192.41832
0.86,96.522125
119.74,71.14819
9.233,14.361625
10.81,209.79158
0.16,38.69998
0.923,0.23244686
239.237,18.27117
0.14,1.191304
0.39,59.112118
160.52,400.94278
30.04,0.90742666
0.047,2.059023
9.657,8.499241
440.996,1156.6156
150.74,677.1636
179.413,22.164486
9.486,316.16483
49.326,36.159542
9.707,0.37456852
629.4970000000001,239.96483
0.07700000000000001,23.29727
0.143,7.0514197
369.993,145.09923
10.053,11.321041
9.696,38.889038
669.893,929.4474
0.107,34.98742
20.167000000000005,0.030218322
9.8,0.05069051
100.41000000000001,24.643309
644.736,1737.1342
9.953,0.6154107
0.533,2.883973
8.937,74.49346
0.0,12.861733
0.014,14.328004
0.08,60.66854
22.533,57.088757
360.614,390.524
19.51,1.1466618
18.763,5.2408185
10.277,0.3755421
1439.58,1021.7364
40.574,298.27762
10.87,6.88665
9.73,15.711723
30.144,9.6350565
1080.223,529.175
19.923,97.546394
10.33,149.37032
1.22,74.894394
9.756,5.5518217
0.266,20.834513
9.297,0.37980515
29.15,5.2762547
19.367,20.200792
1.723,36.972275
20.525999999999996,60.882782
47.023,715.8485
0.17,4.180416
0.033,0.68216246
49.9,35.501404
0.0,42.160053
10.16,8.395781
0.203,2.069158
7.517,19.169296
19.95,0.31961808
0.814,15.201891
430.16,26.280718
18.913,33.523865
0.144,0.041321307
9.18,4.903881
0.52,0.9778407
0.0,0.96316695
0.766,1.8213946
19.31,0.27880648
0.14,1.6682336
0.86,6.8026624
89.397,0.08251423
8.893,0.28254014
1079.69,1426.8475
810.293,296.26315
0.017,40.068092
0.377,0.5033629
9.38,15.091618
88.99,20.361635
0.203,0.23286688
10.464,10.988798
11.472999999999999,3.3039103
9.153,60.51273
20.3,0.27592483
8.05,1.6987132
30.17,89.00076
9.793000000000001,40.891277
0.07700000000000001,12.202788
29.86,21.485224
0.5,0.87863284
10.049999999999999,2.7309415
1.693,192.57837
0.017,0.0057326485
9.446,1.4374164
9.384,2.3259227
10.23,534.88617
8.797,0.039942235
8.21,19.284554
0.25,5.6547995
19.583,53.632763
18.566,43.78443
11.154,28.681593
11.56,30.397032
9.57,0.099475466
50.65,206.96071
0.066,14.737418
9.787,44.207508
0.20700000000000002,17.65382
19.92,3.976444
19.577,4.335985
9.107,11.813496
0.237,0.9655838
1.017,0.9539433
0.863,14.750359
19.447,57.88028
0.25,0.04178973
38.833,82.27933
8.653,0.90755314
20.146000000000004,0.2090863
100.927,1.2796104
0.047,0.20477156
9.67,15.404445
210.01,50.500908
10.010000000000002,0.18267463
38.833,79.064316
9.693,46.229683
9.5,9.985068
5750.0,1597.7867
20.622999999999998,13.94102
0.0,0.074650526
4531.33,696.0794
218.76,178.33087
0.11,0.33503857
159.913,363.00693
0.937,5.6668487
10.130000000000003,24.320332
0.6600000000000001,8.012525
21.32,18.165606
0.15699999999999997,0.018280515
1010.4,760.70624
70.067,20.45106
62.453,23.36614
1.796,0.01902452
771.193,75.9298
0.67,21.02313
20.293999999999997,13.5423975
29.940000000000005,0.0124443
9.087,0.03687819
10.344,26.539286
30.933,79.68835
8.75,44.12678
58.247,1.9355336
29.817,631.9972
5.693,14.712058
0.237,14.387088
0.14,0.14995041
0.07700000000000001,14.734944
19.117,43.71663
7.323,1.9524612
9.133,0.07819423
10.04,0.02012098
51.586,192.1071
32.093,74.75852
70.933,1364.0276
0.4699999999999999,45.968285
0.047,13.954651
31.16,32.48147
19.417,20.334188
10.46,0.48456544
9.993000000000002,1.058736
26.8,59.814594
9.81,2.6137652
9.71,8.00202
112.334,115.870964
9.527,4.1012607
10.077,51.92606
0.14,16.825718
8.79,0.04918246
109.847,139.3292
8.54,34.647522
1.3830000000000002,0.012977051
41.004,0.7239611
0.11,6.5820503
9.54,0.4479557
709.687,1458.5952
39.86,6.342449
29.61,197.67445
0.263,1.2394853
0.033,4.335985
19.28,92.040245
10.199999999999998,13.196424
17.663,24.906609
91.36999999999999,342.28052
70.627,62.15546
0.857,24.275246
0.11,5.7634068
0.0,23.473597
0.014,5.078027
0.267,2.6934628
10.087,27.553692
19.924,8.423999
19.747,0.18976192
69.193,20.523834
1050.253,153.5853
0.0,10.610938
10.577000000000002,77.470535
0.127,25.215033
19.527,412.4028
9.043,10.206496
39.92,184.01953
40.373000000000005,0.24333909
29.697,236.28711
8.203,6.997682
9.336,65.32661
7.2,0.072191134
197.86,148.45038
8.583,97.33735
10.294,38.812477
30.524,15.935097
1.13,19.365585
19.417,0.87210214
10.274,25.658617
9.24,0.30324686
20.423,9.956416
0.047,18.576624
0.39,1.2349838
9.427,12.916181
0.41999999999999993,119.448814
9.83,8.620568
20.177,10.059227
50.233,704.08466
19.573,17.133114
30.31,1.2245767
19.867,10.856763
0.15699999999999997,10.981048
49.69,47.95592
0.58,7.8620157
0.32,0.3943802
400.207,85.48593
50.176,18.26927
19247.846,9237.787
359.837,311.89328
39.877,62.056965
36.027,963.9749
10.817,0.019792413
1.05,24.526361
159.03,432.17883
700.947,1900.7306
0.784,24.316532
1.143,17.59106
10.55,561.4385
61.277,103.06763
18.157,55.942852
40.67699999999999,156.18414
550.09,158.95961
9.644,10.173572
1.223,0.5270382
1.016,44.90888
459.497,2225.9211
19.21,271.29465
2.347,0.7779109
40.34700000000001,261.4309
0.07700000000000001,2.543275
0.20700000000000002,0.038306892
49.016,94.823364
420.783,864.0757
9.856000000000002,14.772462
10.84,50.463078
0.144,2.0244517
10.376,69.804955
0.173,1.9586077
9.093,81.28811
0.223,2.2463183
0.064,4.2913103
119.926,308.77032
0.33000000000000007,1.8520851
9.844,20.88202
1309.504,54.331963
10.297,0.45502302
40.03,24.440233
0.267,21.700415
5.793,0.6071098
10.865999999999998,6.4966273
2939.134,977.03796
599.186,320.67947
2791.123,537.62524
0.013,66.16956
0.6229999999999999,10.073153
90.373,39.968384
50.12400000000001,37.99777
68.923,394.57684
89.69,7.920071
0.03,16.135525
0.594,0.0778155
9.436,10.507022
81.267,65.025665
0.55,107.046005
10.182999999999998,3.427593
0.063,7.64733
19.99,82.04723
64.1,337.27676
0.343,15.757728
69.957,85.510994
9.084,18.82787
0.204,46.887398
10.157,10.062947
20.017,16.791956
2050.253,340.70688
0.017,1.7286941
39.547000000000004,1.2723738
1.054,0.93273944
7.603,57.36687
10.46,47.252495
69.317,1004.25116
0.046,0.38294312
10.1,11.937743
120.34,408.25024
9.073,3.601281
81.474,71.12594
9.677,11.619149
19.917,50.46228
10.97,20.582165
0.69,22.583305
0.564,8.589138
0.28,0.046512425
10.096,12.853288
8.31,52.898247
20.503,30.630001
19.76,29.932926
19.933,0.99445236
8.42,30.397032
138.406,221.14677
0.08,1.1467743
7.827,5.235789
534.8,130.5944
57.95300000000001,89.120415
0.05,2.057488
150.01,25.92908
10.283,0.16289815
0.563,2.408346
10.037,2.6733165
0.11,13.469414
18.13,76.841156
0.063,0.24286848
5.117,0.021952353
60.447,5.0055046
29.61,59.521606
19.83,7.472776
59.306,0.029707527
19.883,5.433854
0.627,0.0726773
79.757,301.18024
9.33,3.8541064
0.017,107.31905
0.033,9.719119
1.486,75.51374
9.81,116.832016
140.1,64.51821
0.05,8.869545
20.363,3.8055599
1.19,18.876596
328.9599999999999,73.99035
30.14,14.724225
31.16,0.40170822
11.95,66.70028
1226.444,943.7801
0.017,0.028293507
0.0,34.613686
0.55,53.94931
0.5,0.29456723
0.034,32.621155
222.52000000000004,68.27502
49.207,0.8118315
9.92,22.06265
4863.073,1152.2449
1.27,23.136108
49.373999999999995,16.410788
20.917,73.847015
0.063,15.848463
100.204,109.41085
9.427,11.805883
50.32,216.71342
197.907,36.910328
8.05,14.712058
0.076,116.651024
8.283,44.083527
8.784,52.094883
19.6,371.32782
10.783,0.62362987
3.096,0.08098255
29.313,9.660408
0.013,1.6699526
19.053,10.575051
19.713,61.730556
0.11,0.036026724
9.897,20.866909
0.44,23.184698
308.833,1222.6318
169.87,26.591784
1.297,73.74635
43.382999999999996,35.426353
9.69,10.845384
50.637,110.79754
20.157,30.781445
12.693,24.720299
9.263,24.411076
1022.4,170.28244
439.9270000000001,838.79645
0.136,4.661459
19.863,75.63884
9.737,3.9833477
0.03,13.279946
0.923,0.22096866
10.210000000000003,18.727892
0.203,13.920689
9.094,0.74363244
7.953000000000001,2.2446418
69.757,894.81354
9.86,80.707146
0.17399999999999996,3.1787558
8.18,18.764078
140.25,158.10786
0.016,160.20213
0.783,47.252495
9.58,0.23743483
69.71,36.53119
1.844,38.16829
35.977,1.2467355
70.626,18.743671
9.266,2.5434885
64.453,31.129658
12.943,68.184525
4.68,0.4546521
8.68,131.51772
448.8,132.24194
19.21,220.81044
0.5,0.37433293
10.066999999999998,223.80026
268.677,139.72925
410.07,799.4851
39.88300000000001,14.1742
10.443,7.7642236
9.8,9.053312
19.74,16.704536
10.234,3.1277108
0.673,21.487282
9.946,0.07821167
50.007,35.269825
1904.5140000000001,644.99365
39.703,67.23036
20.053,98.255905
0.093,94.37053
13.789999999999997,20.086739
57.677,1926.3733
0.203,0.041321307
0.673,0.30413657
20.197000000000003,23.519419
18.177,35.35628
19.543,4.422335
19.716999999999995,6.5262427
0.99,0.012297477
0.534,0.03898666
0.017,6.7429333
0.11,7.7337766
0.033,21.700415
80.08000000000001,10.026039
8.277,0.05953098
9.78,0.014626895
10.133,2.4146218
10.81,12.834919
26.847,43.6449
80.07,17.078417
10.43,3.9371548
0.203,110.28686
8.98,27.218384
59.940000000000005,38.350693
110.56,187.35297
10.057,87.61378
39.884,163.34416
40.53,0.75785506
0.6,32.604645
69.763,58.532646
20.224,24.341156
39.333,404.6388
11.523,71.376
9.91,263.0469
19.637,32.669407
19.963,0.9239289
10.257,163.9921
38.874,31.209307
279.643,392.3768
0.11,1.3708991
9.703,0.022077737
8.953,2.651591
0.143,1.4400882
269.56,222.4425
60.87,0.27951092
40.89699999999999,308.32358
0.86,82.64182
110.82400000000001,411.33856
0.12299999999999998,1.8667241
199.09000000000003,23.49166
29.79,24.437716
11.15,16.991026
9.484,28.784403
8.304,1.6189107
19.19,192.43504
20.684,741.1817
0.45299999999999996,9.303599
0.14,0.06664884
9.657,22.216156
9.083,19.019318
10.55,52.68519
51.49000000000001,67.73885
4.66,28.501446
0.313,0.9860402
49.32,216.56557
19.327,0.27025276
9.787,2.5998218
1.223,0.07022902
30.09,13.775951
0.31,21.922256
241.056,257.43738
1.08,1.5451938
10.094,15.840401
7.944,21.37353
10.277,23.09172
43.156,74.45265
50.427,42.87815
0.457,5.109511
19.773,5.060339
0.016,23.685152
19.466,20.078543
0.127,0.5539816
10.053,0.25622308
10.066999999999998,31.463907
39.307,0.017565655
10.923,24.781725
0.033,18.876596
0.127,0.097074345
100.046,180.17432
0.063,139.58492
9.893,35.59933
230.37400000000002,221.09244
8.76,60.60116
40.617,49.07102
1.22,1.7413782
20.073,150.28664
9.153,17.38929
29.017000000000003,8.267749
9.977,7.8620157
60.20000000000001,514.5757
1.28,20.169277
20.41,8.127427
9.92,39.67213
19.934,314.3918
8.897,26.288773
9.417,15.416795
30.244000000000003,125.151566
0.07700000000000001,15.49656
9.993000000000002,30.221653
2.187,24.275246
40.86600000000001,1.0984224
139.99,15.744829
0.203,0.027890265
10.857,60.49985
39.68,470.97766
9.38,40.7617
18.807,0.013265194
9.83,36.14032
1.123,63.094
0.487,4.851242
20.414,29.44809
1.06,118.210655
2.94,0.018401852
64.19,128.3481
9.297,13.5102625
10.877,0.009919636
8.797,18.65214
19.44,104.490326
7.526,0.9849321
0.19000000000000003,33.44961
21.843,12.734148
2427.27,102.46498
0.923,26.248339
8.85,33.30366
30.15,63.56766
69.813,164.07933
10.076,0.7391992
150.656,25.773172
130.22,237.4301
0.313,2.1374502
18.267,90.26438
9.773,137.19127
0.233,0.16260804
0.266,33.259155
9.969999999999999,43.729618
10.577000000000002,105.28547
0.093,0.5033629
341.02700000000004,636.4371
10.447,3.3222916
10.04,15.251921
30.23,20.08718
29.96,0.12932506
8.817,26.270899
10.307000000000002,33.317425
0.29,0.5509406
9.046,18.816154
9.83,1.708179
0.313,38.99779
60.183,47.287674
59.787,10.467178
0.656,43.586945
8.714,86.888985
1080.063,970.8869
29.733,23.444843
8.697,46.80335
31.767,5.2762547
0.44,23.326689
19.414,0.9368973
0.047,6.97778
9.96,24.308537
0.19000000000000003,14.470479
100.967,12.921898
59.61,43.70895
9.0,10.073153
8.717,33.9611
19.62,3.78062
9.95,0.040523052
0.487,0.4764483
0.06,15.734355
29.837,15.251921
9.997,0.83575654
662.697,83.10033
50.21300000000001,62.726078
11.413,18.014284
20.622999999999998,32.072357
10.02,131.70674
10.063,15.071213
20.099999999999998,74.83837
19.88,144.95316
1.453,1.3638031
8.847,0.18461056
1072.43,14.963735
10.08,122.55899
9.907,16.368734
10.054,24.487446
0.513,6.931415
0.254,0.03139964
0.534,15.674241
79.767,25.828081
30.100000000000005,445.76938
19.087,72.08287
9.573,0.021115685
18.897,3.548514
19.777,37.658978
0.046,8.760578
9.143,48.831654
78.99,158.71477
19.833,9.424737
69.136,481.9302
231.007,10.62139
90.31,416.98514
0.33000000000000007,13.394985
0.873,12.981311
30.313,3.6843617
10.466,219.49017
18.744,2.0981643
10.187,143.87509
250.58699999999996,35.50759
8.426,50.997517
50.01599999999999,23.551094
7.227,0.72954947
31.466,62.720947
430.6139999999999,78.98624
0.16,22.87263
10.34,20.526005
10.063,9.1942425
0.017,131.53807
1.097,52.00617
0.377,22.61804
120.44700000000002,219.98732
18.874,117.78249
89.667,37.47325
20.5,18.650202
59.47,164.68526
49.787,10.409238
5.616,20.078543
58.89,41.977943
9.123,11.357546
9.26,37.2373
47.56999999999999,189.20206
0.943,0.24749783
0.017,14.510305
25.967,16.726973
9.726,11.20136
0.063,21.026718
19.15,15.882101
89.407,268.4826
9.963,2.2234144
4.487,0.012622418
3028.3969999999995,248.83975
8.286,32.621193
21.206,0.08469668
49.15,0.51062685
10.376,66.94905
9.557,15.308434
40.033,18.097948
19.99,0.72961766
21.75,64.005295
0.07700000000000001,16.511696
40.026,40.248898
8.947,83.689735
0.296,0.9261819
0.14,0.17765549
3200.1129999999994,445.38364
9.904,13.573922
10.787,0.031212265
140.257,85.6969
9.723,1.57358
10.623,53.070423
19.83,34.607384
31.05,47.164623
29.902999999999995,1.1666182
0.064,80.260826
0.437,0.54884714
19.177,616.8419
9.817,59.695248
19.153,8.435444
18.74,16.501123
0.7330000000000001,23.769266
39.78,84.84496
0.39,19.439112
19.537,0.5358777
19.62,4.817526
9.487,72.58945
0.013,18.088083
1.22,0.006407397
502.123,458.0981
400.167,688.9851
1.02,38.87185
10.367,9.684478
100.11599999999999,149.64702
10.993,19.737915
38.954,0.16984889
8.84,133.56203
20.75,31.01934
0.753,20.34777
41.163,16.227028
9.876,14.983389
19.777,28.918745
19.8,24.223356
10.43,4.529251
18.0,54.07547
21.266,0.28785753
7.167,0.024393233
99.08400000000002,69.89765
0.013,2.295254
9.603,74.98131
10.636,40.705486
0.11,4.8563476
0.263,1.3923888
0.563,13.3566885
0.186,3.705397
700.0969999999999,324.06552
0.127,3.6479375
40.297,72.665146
69.54,215.1082
39.93999999999999,0.081311844
0.487,16.63748
9.137,171.85558
185.27,104.763115
40.02,22.788296
11.193,0.32230374
0.114,0.021724697
9.874,5.5384817
0.14,7.2259564
0.153,0.57197887
0.25,0.36203757
0.97,0.073660396
9.943,0.12573598
119.34999999999998,245.90018
1.767,0.6113511
19.03,8.172489
8.794,248.1858
0.14,28.727705
1.723,13.572592
28.343,5.1760907
430.153,93.402534
1.657,35.919426
50.099999999999994,120.94261
9.444,0.008750644
20.48,60.356804
90.01,171.08485
10.643,9.804961
19.244,88.622665
0.0,22.39121
9.267,5.625757
12.696,50.58918
0.126,95.42048
10.73,34.02522
10.213,25.75639
1.05,9.113433
8.227,14.081675
9.297,40.07553
198.82300000000004,179.18167
10.156,6.4505486
40.097,0.012326292
1.126,274.55765
21.467,407.8783
0.296,34.84541
0.263,5.6498585
1.207,0.008323661
3824.65,477.55237
10.553,0.27837607
0.553,0.11823547
220.83,128.88913
20.09,320.26666
0.737,27.238844
54.28,85.620026
0.187,2.167821
0.187,2.4322593
0.016,1.6203626
30.127,9.349253
0.013,24.601454
0.046,34.98742
1232.867,415.531
170.39,80.71448
279.017,116.60673
29.796999999999997,13.777857
21.086,15.808065
10.02,7.0212417
0.656,10.234083
19.846,0.8731997
0.407,442.97113
0.22,49.657513
9.347,0.063744314
29.704000000000004,101.12295
0.36400000000000005,0.113199584
10.564,68.87779
6.16,31.845055
9.903,43.98506
30.749999999999996,18.291681
0.216,83.041985
0.14,0.37685233
0.423,0.08403131
0.563,24.8791
0.033,24.930431
1.233,7.2578998
69.86,21.677324
9.527,0.18924634
0.313,349.60397
1.094,25.203508
10.6,14.023814
580.217,1313.9348
8.783,19.230898
20.17,4.4058595
0.297,20.546862
0.88,50.722126
10.04,9.742732
251.124,354.2022
2239.747,17.242193
9.713,0.046512425
0.03,6.456689
100.06,6.350291
1.174,59.061146
10.81,6.702767
0.033,21.5202
293.433,25.37912
20.17,9.770694
420.527,322.34174
6475.943,4749.71
20.12,21.145035
789.934,1619.8148
10.004,5.747442
549.227,580.45685
0.233,46.80335
9.737,29.263256
18.883,72.14342
0.0,27.93906
0.86,27.033556
180.12300000000002,68.6749
109.737,25.77003
19.747,0.37980515
68.97,43.28318
0.6600000000000001,0.0290258
8.243,7.589732
18.276,198.66017
200.347,3113.3384
19.963,666.64624
8.983,59.639904
20.08,0.48940518
0.236,17.271656
1.584,32.22836
9.38,0.32910722
19.454,11.447965
19.977,0.5945124
0.11,1.4374164
0.03,0.16231214
0.297,1.9524612
9.823,7.882335
130.2,425.6858
20.364,5.2890286
0.15699999999999997,26.801378
269.993,64.132935
19.677,37.57937
9.493,0.5782494
9.47,24.487005
20.064,0.44360548
29.403,297.06238
9.796999999999999,15.628992
9.563,282.52567
0.08,0.17912261
29.25,14.308739
20.09,0.44493416
19.623,37.03782
1497.316,1703.928
0.14,23.27828
10.017,22.881807
120.083,429.3542
9.057,10.380597
1.5000000000000002,81.51352
47.95,16.1788
9.08,73.15098
39.0,0.27822852
8.313,701.8946
0.327,15.317177
19.223,2.8155189
19.713,13.948665
19.24,1179.048
600.454,56.720257
10.167,52.5618
68.913,5.5963306
35.803,60.55143
0.15699999999999997,0.009488513
9.527,40.410007
19.323,139.92033
689.81,10.151537
19.79,41.21859
10.86,281.14423
29.77,0.09936936
29.844,7.521931
0.15699999999999997,15.118218
10.903999999999998,59.546574
0.11,20.230923
19.707,87.891754
0.046,0.023513576
20.82,18.19589
0.7669999999999999,0.10034307
1260.587,258.26062
1875.647,407.385
0.047,74.68997
0.11,9.238594
38.72,20.873482
0.233,0.09395462
0.064,43.117767
8.927,4.004958
99.82,107.09757
50.927,38.14055
1.283,0.44771016
19.893,34.952553
19.466,60.74424
29.99,35.732704
9.656,0.17407769
8.92,23.03887
39.873,88.263054
9.693,0.019138325
39.78,646.00696
240.713,509.11603
10.134,0.11046614
1.16,56.725494
29.91,107.33162
0.343,10.7495
0.017,4.744683
0.373,0.3212104
8.896,31.883085
0.063,5.546964
20.963,110.960724
530.237,409.17825
9.523,0.54883456
29.56,17.756647
200.3,453.45953
19.173,20.856232
339.15600000000006,396.61475
19.513,63.520287
321.757,1395.8074
19.973,3.2060316
1.316,368.965
29.774,2713.9763
0.41,0.29380077
9.673,1.3985381
0.55,20.398384
0.237,21.380556
0.0,0.13379495
1.013,153.03845
0.03,2.3781796
0.013,2.0869474
9.753,11.978044
0.45299999999999996,2.415923
30.38,1.9346846
20.09,33.30744
50.67700000000001,15.505529
19.733000000000004,13.148726
0.533,34.314503
0.11,5.999375
63.696,183.69934
40.884,131.31216
0.07700000000000001,1.3496255
0.0,16.603058
19.11,390.99466
9.01,23.184687
29.206999999999997,116.1124
10.717,77.1233
19.913,1.5329779
0.6870000000000002,14.219055
9.544,1.055521
0.83,7.1786957
72.843,935.6118
20.146999999999995,15.753087
0.43600000000000005,0.03374858
0.203,64.24344
1.686,106.26601
69.814,1.0852437
8.23,2.3676507
0.173,2.0244517
0.047,3.2222114
9.02,22.884304
9.849999999999998,4.5450125
0.61,5.049822
20.204,0.48648238
0.15699999999999997,4.323888
9.053,39.58759
10.513999999999998,41.038246
1.517,9.343942
17.836,170.47343
19.72,254.57594
0.483,82.77624
30.107,0.5764989
13.287,22.927456
0.22,0.11898554
18.743,0.011475342
18.364,23.676722
19.6,1288.6483
19.797,76.06034
199.23600000000002,778.64044
40.603,75.47512
0.076,2.445626
0.107,94.97264
0.503,0.8395174
9.786,0.35842702
0.127,24.688372
27.4,0.5782494
0.693,21.791513
6.587,27.791302
19.433,14.278383
40.737,0.08262352
9.91,41.463314
9.697,0.0726773
10.577000000000002,37.571712
99.06699999999998,164.28532
420.28,1051.2684
0.14,0.63087744
580.863,91.89818
238.673,23.712881
29.906999999999996,11.106049
0.063,22.663141
0.14,27.945957
19.969999999999995,85.454384
39.873,265.93808
0.15699999999999997,7.920071
18.984,17.75937
0.093,11.138286
9.774,1.0715814
100.263,131.13579
9.093,177.49643
539.013,250.56898
0.11,0.19234757
1.08,4.997816
9.07,1.4694778
0.8839999999999999,24.8988
0.16,5.625757
9.53,21.02313
30.82,23.432245
10.357,12.000619
0.41,4.5708857
0.627,19.952436
0.11,4.8563056
0.844,0.11052336
0.03,2.4546447
50.557,39.203316
19.669999999999998,16.994486
30.96,51.430676
80.39999999999999,54.464176
50.057,20.94568
13313.593,992.6223
71.177,12.875829
18.834,4.8084617
50.387,145.04242
478.457,179.29901
8.987,0.3596765
9.37,13.323661
0.53,0.9432597
359.483,962.116
0.83,78.03571
0.707,24.393925
0.11,8.869545
729.1230000000002,153.75194
49.873,21.843853
0.784,10.752739
10.897,0.29210132
28.447,1.6900797
20.21,195.55606
0.64,64.283356
20.343,321.91415
79.97000000000001,295.32565
379.994,449.8148
0.097,0.32910722
0.64,21.415455
9.75,16.625563
9.533,316.16483
109.70700000000001,70.84698
19.537,54.9929
9.633,99.6765
0.016,28.712484
60.592999999999996,14.533389
459.706,652.37427
0.656,3.0134952
0.61,21.546608
460.314,504.61264
8.88,8.143398
30.03,0.23887663
19.437,87.465004
9.733,0.009790514
29.834,15.125427
9.61,26.801378
38.87,6.925852
9.414,1.0139613
30.640000000000004,145.17776
0.08,367.05466
10.399999999999999,72.98122
10.113,1.4831847
9.82,34.296722
39.19,63.90913
139.77,147.559
10.267,28.760984
0.064,1.492434
0.547,1.2290506
10.616999999999999,38.88902
20.66,83.93514
90.234,7.4179015
120.15299999999999,316.10672
89.55000000000001,48.35644
19.21,19.004637
0.047,58.24132
441.92,567.13385
1.423,16.636513
110.14,6.7871847
210.697,344.39224
0.6229999999999999,0.013884131
99.687,25.799738
0.047,0.77374685
9.037,11.189683
0.373,37.896534
29.507,470.6968
8.923,13.439089
59.25,653.7139
1.546,0.48417148
40.24,28.250078
259.447,46.611458
10.367,57.670982
0.093,4.2737913
9.1,432.84537
19.804,56.884224
1.017,72.33325
9.864,1.6283662
20.23,132.87587
7.703,52.501152
9.76,18.33179
130.153,76.43815
0.064,0.16466467
0.19000000000000003,107.046005
9.75,33.488297
15.577,35.765915
9.787,11.923141
189.19000000000003,678.638
0.267,4.1115675
18.943,0.39576185
5.85,0.011076165
10.399999999999999,27.40187
0.12299999999999998,0.25128314
0.43600000000000005,5.2991505
0.173,80.02282
10.262999999999998,19.581749
9.904,0.014182065
198.63,41.647003
9.717,106.50211
10.447,8.893977
19.797,16.283197
1959.773,1240.3595
19.533,25.487366
0.454,52.689224
9.773,1.058736
10.433,15.343636
10.107000000000001,0.37653694
109.5,417.12582
10.947,104.60499
9.196,39.96188
9.61,57.76901
20.08,23.603338
9.693,20.900589
9.657,2.0792913
8.616,35.62583
0.07700000000000001,0.14846146
18.95,1.7496597
10.16,2.9247243
0.874,0.1911166
0.17,12.916181
10.076,0.13994724
40.253,949.9275
59.6,8.636151
1061.17,59.778214
19.887,0.027419345
9.583,1.3496255
19.873,43.276817
9.377,0.010739771
0.173,23.043554
9.57,24.8791
0.093,4.088161
20.207,47.014473
4.823,95.57857
1880.1599999999999,67.17888
19.787,263.0469
0.707,10.614579
9.726,6.4335456
51.087,747.3636
9.65,296.83722
11.123,88.2471
29.836,12.365363
19.207,121.13061
0.343,1.5732815
129.866,287.2338
10.833,78.668785
0.08,56.698822
30.053,153.70807
5430.622999999999,2019.1284
60.196,8.010432
1.707,61.64159
0.61,0.75561076
9.636,8.146543
0.093,2.1071472
0.3,0.091276534
1449.277,618.44727
9.02,0.4498158
29.36,32.073647
9.773,26.3042
13.77,16.908644
0.033,0.00769561
9.75,1.2245767
0.063,40.39157
29.863,26.724731
0.347,0.5033629
69.817,17.225618
21.147,103.81516
0.06,0.8731997
29.993,7.16372
0.58,36.18801
108.083,144.02425
18.777,6.9764695
9.616,9.1392765
21.936,19.45824
60.23400000000001,13.729378
51.763,49.215034
9.336,84.99319
0.08,7.9953766
9.753,4.4368315
9.574,0.12627603
8.817,0.90831167
1.05,7.6351986
39.91700000000001,9.062579
14.627,0.015778612
19.16,43.075153
20.94,1180.4014
179.727,467.9602
19.986000000000004,12.535457
1.707,159.8366
20.12,20.27056
20.377,1270.5935
10.563,0.48648238
10.86,14.617455
29.537,8.369605
39.38,141.3315
760.93,426.25995
0.266,20.169277
190.59,22.629501
19.283,9.444868
10.143,39.333744
0.563,55.942852
0.707,28.542383
19.296,69.33983
9.857,0.008420332
39.42400000000001,41.80079
0.43600000000000005,4.5991244
29.91,66.95054
2.703,0.06664884
11.026000000000002,29.408966
19.78,7.356592
9.867,0.42970237
20.14,29.977942
40.577,39.873455
20.357,0.54724574
0.11,23.624788
0.15699999999999997,5.7634068
160.483,25.577414
8.38,0.61570054
0.59,10.614579
9.937,6.3926787
80.107,334.94534
21.183,204.8497
0.4699999999999999,69.124596
10.717,33.869915
11.063,30.121109
360.233,815.52045
99.84,21.58384
20.184000000000005,24.228783
0.347,35.758163
89.93299999999999,374.69327
0.046,63.945103
10.447,14.493211
39.95,72.55639
39.8,905.1784
3479.69,880.19476
21.42,274.55765
20.213,31.543009
10.107000000000001,30.776136
100.827,135.99678
78.71,71.94576
0.703,6.0778728
0.033,4.774168
0.016,115.69305
429.96599999999995,15.25424
1.53,71.78058
129.977,2.419356
0.127,2.536428
30.796,2.5985603
9.167,167.19618
9.834,0.38344887
290.15,352.15073
30.41,88.77793
99.79,62.72037
10.153,160.67966
8.9,0.38294312
9.79,125.15128
10.52,653.0387
29.84,1.900542
0.11,1.2225685
9.09,13.707822
0.063,0.4664994
10.037,4.708972
289.176,407.1088
0.094,39.25799
421.19,22.596233
9.217,4.8967743
0.217,120.46645
10.216,6.7870607
1.0,9.733494
149.097,401.97092
9.533,25.437288
9.914,160.84206
20.507,1.682825
9.71,289.82162
110.45700000000001,494.97302
109.567,15.640673
9.16,2.672769
0.206,3.3526886
39.197,80.723366
20.49,465.38806
10.62,22.847597
9.544,0.21682064
18.857,72.0571
7.833,97.33735
11.31,27.791302
101.70999999999998,105.72234
1.674,41.503597
1.486,23.213112
0.047,1.9357772
60.803,4.122882
5289.46,801.7624
40.467,93.93486
70.43,944.1041
19.9,3.5054908
49.263,23.243961
20.637,32.40582
0.8770000000000001,31.890759
10.317,339.11615
9.29,27.935293
0.2,1.281475
8.37,35.56839
10.113,4.09709
8.967,3.4572744
19.393,96.16946
10.053,21.575438
0.114,16.536654
6.553,7.0265794
0.22,51.303032
0.7669999999999999,9.958257
50.687,286.20987
0.17,0.2961087
29.277,13.152241
350.00700000000006,943.6306
3.32,0.049335558
14.734000000000002,51.884357
10.993,21.867516
0.53,0.9720484
1199.677,475.63803
0.127,11.611506
21.257,105.73139
0.156,1.3559519
0.124,68.93653
7.737000000000001,0.33429942
9.05,71.18285
118.94700000000002,39.44465
38.997,8.292745
0.013,0.22219723
0.173,97.97617
5.68,28.501446
39.943000000000005,0.10503355
9.47,9.408099
0.013,59.275845
0.097,29.914532
0.22,0.2527646
15.383,0.6800917
10.087,0.30656984
8.967,73.372215
139.71,463.7717
9.274,0.8735872
20.06,272.31195
0.033,0.41759953
40.01,1.3117836
60.163,124.498695
19.226,24.31463
101.05999999999999,3001.8105
19.153,21.431463
18.93,27.645252
690.744,590.8497
0.14,0.093606375
0.377,0.0145629095
0.627,18.877586
49.924,184.16022
1.013,95.95994
0.25,13.333801
30.077,1.0065179
0.017,50.657265
441.073,4691.915
0.17399999999999996,5.7765
19.317,78.323586
0.513,26.273956
0.144,37.34819
9.75,37.214367
0.016,0.03297169
19.963,12.954349
0.124,0.2655326
30.083,25.487366
989.537,20.87035
10.073000000000002,38.846874
0.03,14.470479
20.116,83.53911
5.042999999999999,59.02384
130.423,22.53149
20.246,13.409487
0.203,38.8122
11.17,49.781887
0.17399999999999996,26.938334
10.994,0.5744235
0.03,0.091277845
0.24,2.642227
19.263,30.8122
121.043,121.86193
30.227000000000004,87.25734
49.017,10.49567
18232.28,482.93042
20.6,27.835493
9.287,5.6881237
1.253,0.007075243
79.966,123.037605
1.173,7.0674334
0.377,19.57204
0.034,21.390884
0.576,3.1225672
490.647,355.8442
0.22,12.829414
10.977,18.582832
0.12299999999999998,4.0431385
1340.03,44.383022
9.58,23.076242
39.65,108.20383
69.283,24.62265
30.01,24.308537
9.68,29.132923
6.800000000000001,336.01294
19.793,46.479267
10.066999999999998,28.501446
10.11,1.0595772
0.97,0.11939645
0.3,4.1972165
59.027,30.086813
69.153,35.668278
0.016,15.457158
149.76,126.01446
19.943,19.905153
100.08999999999999,8.376494
39.13,107.5948
0.25,14.931039
9.78,85.76505
409.9069999999999,31.735104
0.437,0.092339
49.717,81.502686
191.6,58.99538
9.507,5.1135316
0.67,112.75122
59.963,22.687563
150.52,250.92331
59.514,0.03213614
300.57,77.80454
19.79,19.269892
10.163999999999998,26.801378
0.14,2.0538614
0.8129999999999998,0.07930019
0.097,7.596921
0.483,6.496552
30.297,0.3004987
40.06,25.131464
9.7,34.02522
21.127,301.14517
70.897,24.0766
0.343,0.40194887
20.386999999999997,174.90068
209.96,0.0068506254
0.12299999999999998,383.55396
20.053,1.0239526
9.747,175.71414
20.25,16.271816
36.827,30.23145
1.063,7.6439695
19.750000000000004,1.721108
0.093,35.801888
0.07700000000000001,0.7356234
10.114,23.268509
0.797,99.29576
30.097,0.33206376
0.203,62.99683
20.313,16.683601
0.457,4.088161
29.703,0.37624833
0.11,17.150322
0.5,9.952646
1000.174,1152.0277
0.017,55.54832
7.577,7.1644998
9.58,0.26615605
10.996,0.09547788
0.36,2.860214
1.046,15.358834
9.31,3.738928
21.676,75.10074
8.847,0.27759984
0.373,0.06594389
39.977000000000004,430.07828
0.076,24.526361
20.326,0.7932278
1.6560000000000001,56.78652
7.327000000000001,22.03227
59.307,159.9564
2330.17,1059.7838
19.750000000000004,674.3276
0.814,6.717802
9.05,40.625
9.91,16.652332
0.187,7.0217977
90.00599999999999,141.76793
0.08,0.3547672
9.817,0.06403923
18.863,1.4405715
9.983,19.975536
19.593,74.41121
0.3,0.13442074
9.863,0.15965423
11.014,10.856763
940.0630000000001,1606.33
9.884,50.636948
49.019999999999996,279.34763
10.966999999999999,105.19128
0.25,5.155874
38.36,59.639904
9.08,54.461086
0.033,7.296981
0.377,16.017956
8.416,40.071316
12.52,70.70117
0.07700000000000001,8.369575
119.954,144.98709
0.717,13.073419
19.669999999999998,22.115566
19.81,92.765434
0.097,41.97166
10.097,0.072191134
16.647,10.7495
18.993,394.13986
0.297,24.46721
8.904,25.621561
1.11,45.876514
20.23,608.6779
29.476,39.291443
0.766,23.059973
809.977,861.68665
31.207,14.464336
330.21000000000004,13.092128
67.654,19.790844
11.046,9.238603
0.263,0.41739768
0.234,106.53566
0.924,65.67758
70.046,89.31331
1.6,127.22541
0.017,64.061226
89.983,305.0647
9.243,0.036026724
99.153,186.6106
9.863,0.3130759
8.117,164.29271
0.907,49.739998
340.04300000000006,9.290896
9.343,0.3161461
9.832999999999998,37.70723
0.093,1.2426784
9.513,11.423129
0.034,0.5709282
0.047,0.2187255
40.527,126.71488
19.917,46.95719
10.703,22.899132
80.953,161.57585
10.233,9.31218
10.045999999999998,22.00216
1.283,24.715176
59.733,114.50952
10.947,25.741825
29.457,34.85969
9.967,52.48305
0.956,6.78433
0.203,14.470473
9.11,0.07366047
29.877,41.336334
10.804,13.961678
0.423,73.89247
9.053,1.9174304
10.657000000000002,10.4656725
50.233,186.2217
10.233,3.4572744
0.6870000000000002,52.13791
0.0,25.309074
19.017,8.955576
20.916,73.847015
9.31,0.2527646
1918.92,136.74593
40.68,308.40994
9.417,9.526981
0.61,10.380597
9.867,1.5942338
0.296,259.38223
9.963,0.100913115
88.904,277.92612
1.737,9.051171
10.896,1.0227678
249.29,548.5391
0.343,5.125771
60.09,14.929118
4.94,0.032078665
0.047,67.87139
10.474,29.434477
170.234,1766.14
0.063,1.6023562
0.423,19.27171
0.107,15.893598
0.15699999999999997,10.991964
0.11,0.7779109
20.733,121.2392
4.44,17.875938
60.209999999999994,31.356537
20.123,0.43092197
18.93,4.1715403
0.787,0.013777251
0.064,46.12131
0.22,1.192229
18.837,110.28686
19.93,0.2539428
9.806,0.46694756
0.893,90.71072
0.046,21.686663
0.063,8.128349
0.19000000000000003,17.65382
9.433,49.472866
0.203,1.7511083
0.297,87.66324
0.7330000000000001,8.7522955
0.0,4.088161
29.8,45.841377
0.33000000000000007,0.23743483
0.43600000000000005,18.764078
0.017,0.9849321
40.097,1.6022905
0.15699999999999997,1.1931887
10.18,3.362575
9.463,0.93176043
179.95000000000002,205.21724
9.72,0.4721428
0.343,15.794551
0.047,74.98131
10.804,2.696028
20.146000000000004,14.712531
0.063,8.54792
8.573,60.156204
79.333,396.83215
139.19,382.03537
0.344,106.39924
20.960000000000004,0.4721428
137.693,11.759007
10.413,12.764096
28.733,63.99414
39.437000000000005,32.572563
20.816,34.93592
180.406,50.479923
0.047,0.18164173
530.17,222.95915
0.094,12.599473
11.16,0.4421328
541.07,17.110003
9.357,0.052369237
0.03,1.9174304
753.31,820.1035
39.35600000000001,492.80774
0.203,0.83833325
10.657000000000002,4.661459
0.047,7.0728664
110.36,815.7598
738.56,150.18936
20.276,0.029474037
149.196,297.93256
10.127,21.467613
0.093,0.16180874
20.173,46.03475
0.014,0.33503857
171.583,147.93236
0.624,0.59068644
20.064,50.640762
9.91,0.6113511
0.07700000000000001,50.5683
0.39,31.94389
7.193,26.853447
10.207,17.676369
29.727,42.03117
0.567,12.8294
0.547,47.429726
18.263,0.2518169
0.626,0.46400538
1.8799999999999997,9.723309
1.674,16.091715
124.614,2383.574
0.064,3.8096118
0.064,4.6918807
0.0,7.1960263
8.887,2.292157
0.517,24.411076
9.997,5.004818
0.14,102.77074
1150.106,742.09674
10.23,13.060076
0.0,0.6121199
10.182999999999998,10.123046
160.213,13.272113
10.097,17.280977
0.596,13.296645
0.36,0.008420332
9.996,101.469955
0.437,21.431463
20.856,34.85969
60.03,20.284435
10.130000000000003,16.968107
490.2200000000001,71.240234
8.953,47.24615
1.02,7.664923
390.96400000000006,68.36729
1.313,66.186935
0.406,37.04276
10.373,2.063416
9.946999999999997,59.85514
0.4699999999999999,60.02958
0.313,15.214615
0.064,28.360504
9.483,7.189244
9.827,96.91285
10.049999999999999,0.14454532
10.056,17.44732
10.027000000000001,1.1074163
0.576,12.201441
8.814,29.804468
2020.0500000000002,810.71533
10.007,49.540012
0.0,2.023485
0.156,0.2031697
1.614,6.2681856
9.763,111.61569
9.667,18.916368
439.33,174.55045
9.593,0.9920606
0.013,31.970201
60.324,1041.1534
30.853,158.19426
0.483,33.20752
0.25,13.873429
30.29,8.855653
0.093,26.93864
9.29,9.799822
8.753,32.230774
61.067,180.10895
0.11,201.36993
9.277,0.0134285875
29.827,81.924614
10.563,12.352509
0.033,0.2965501
19.363,18.078259
0.14,2.2075438
539.86,230.77248
30.69,34.23066
9.16,25.827833
0.093,8.378588
19.42,59.862083
1070.607,1324.1893
180.907,2.4173102
19.487,48.092224
0.423,6.814959
30.43,17.214857
9.43,78.04256
10.61,34.085865
0.58,350.6078
69.533,1.9554908
10.803,0.103209496
9.007,14.186223
0.437,7.949502
10.163,366.55072
8.924,21.41514
19.677,0.22025733
29.467,14.613562
0.253,1.6023562
59.557,38.029007
6.134,7.5908685
0.11,112.998055
0.36400000000000005,0.5322301
9.857,107.30442
0.11,0.46571174
19.31,0.63618994
7.644,9.238594
59.81700000000001,106.799706
0.064,30.232183
577.6,439.6598
9.434,313.99112
10.036,5.6163783
14.6,299.82288
59.564,37.749344
251.2,879.7509
970.583,31.130735
0.156,0.097074345
28.883,21.333696
0.12299999999999998,0.3176854
130.39,14.780987
209.993,816.6662
10.113,70.372986
89.973,1165.554
8.507,0.59100646
0.64,16.199484
0.177,0.035435528
2.6100000000000003,23.31653
60.647,311.5492
9.277,15.473642
267.407,26.263617
11.019999999999998,17.402424
88.877,15.716097
0.203,3.0823033
0.047,2.5157046
0.047,1.9152502
0.07700000000000001,51.319626
0.297,4.0431385
0.204,5.155874
319.91,38.237392
0.17,0.08537171
0.11,2.281034
7.716,10.6550255
69.75,32.998802
8.936,9.881675
11.48,36.851185
0.063,16.691442
8.87,71.12283
0.127,2.7135563
10.54,10.610967
8.987,79.26266
139.64,41.493565
10.017,29.589485
1.5000000000000002,0.3086344
9.704,0.16856603
0.033,2.600194
0.153,2.860214
29.219999999999995,27.087671
0.9839999999999999,23.184698
8.804,21.656359
20.524,197.73703
45.02,0.060447525
40.064,20.406363
9.48,35.825054
0.657,14.837291
0.483,81.14721
9.787,0.94421273
0.31399999999999995,0.486077
7.473,30.628443
8.25,20.488163
0.097,21.018192
0.156,1.270904
100.64,62.95711
0.047,7.6381984
99.70700000000001,67.86806
169.75,13.186113
19.533,384.84915
1.147,38.572544
80.16400000000002,258.30295
23.203000000000003,50.00941
270.63,104.23906
110.0,15.41475
0.296,0.09742725
9.37,3.197983
0.343,1.3081731
50.41,29.4117
61.907,333.11246
8.907,7.296981
30.727,78.86183
2535.68,996.4282
0.36,13.810708
8.913,0.87262213
1.567,2.4705663
19.842999999999996,56.735577
49.244,239.9806
39.644000000000005,0.29496187
0.27,303.86356
39.863,125.627396
81.0,889.4572
10.154,10.234083
0.043,34.572693
9.47,0.916433
21.09,65.49555
51.303,7.706143
0.717,29.440374
1.33,0.2923167
19.927000000000003,0.40299782
120.224,265.33743
50.00299999999999,0.26560685
0.033,12.9877615
0.6769999999999999,2.752876
30.15,77.6276
8.203,29.398317
1.8170000000000002,20.267778
0.14,1.1192865
309.947,179.17
9.94,8.272527
50.927,4.9159513
10.283999999999999,6.814959
20.233,9.8698015
20.283,0.11596175
68.947,482.62204
9.336,78.675316
0.017,9.588959
10.123,18.929682
9.976000000000003,66.51406
0.5,107.31905
10.954,56.7101
0.86,33.345024
20.03,0.018357469
19.913,57.53427
20.639999999999997,6.183403
0.127,1.5188149
1850.15,227.11632
0.427,14.200157
109.877,45.881252
20.635999999999996,1.1328558
0.7330000000000001,1.1711841
70.473,44.195206
9.69,17.185703
0.093,0.22003081
19.79,43.064114
0.11,20.848728
59.25,28.863056
0.597,39.881855
9.26,30.91826
11.24,0.035435528
40.843,129.85973
20.377,67.330536
8.75,3.1274042
0.19000000000000003,20.526005
0.033,15.629715
11.797,50.85852
0.143,118.210655
10.833,5.195708
9.969999999999999,41.19449
0.14,0.18848594
0.267,15.848463
120.213,193.31123
40.33,22.319286
0.046,30.628443
0.4699999999999999,64.60513
9.987,17.028288
99.724,377.4592
0.954,1.0715814
40.02700000000001,10.467178
88.95,197.84871
10.8,20.838247
9.674,2.1374502
589.51,375.88007
149.907,247.25581
0.07700000000000001,8.963332
9.87,17.506758
0.17,0.03593339
10.89,302.6956
70.323,80.597916
0.08,21.108185
130.213,249.93503
9.08,100.441154
19.387,0.850196
8.967,4.2479744
0.327,0.7425051
1.347,0.98028153
9.756,69.46077
10.407,68.70999
30.0,0.4520097
0.5,27.791302
659.904,33.992615
0.673,32.75201
39.73299999999999,299.22104
570.104,114.90346
0.016,0.16296187
121.313,481.75543
0.046,0.23547192
230.263,464.00238
1.1,71.579796
20.137,311.08798
119.52,9.740771
1.704,0.3399695
10.06,74.35113
0.22,0.09609843
18.183,86.33073
290.85,223.9286
9.877000000000002,18.214478
10.193,25.272293
8.484,17.678936
169.833,38.806595
0.204,87.476364
9.08,40.068092
10.377,85.475685
40.01,744.21686
19.623,104.490326
8.97,76.65218
9.083,105.7223
0.454,0.074650526
8.66,55.338375
0.31399999999999995,33.180508
9.28,23.584673
9.71,89.43508
8.756,17.131847
39.93999999999999,46.10311
0.15699999999999997,1.5746069
69.394,954.22394
9.914,301.0779
0.186,0.029385684
7695.670000000001,7950.7007
18.804,5.8278546
0.44,12.029854
19.093,0.3284155
0.047,300.48404
38.513,3.4775095
0.564,3.1908212
0.156,13.390859
0.347,1.987923
9.573,2.745064
50.277,295.15182
0.483,23.388655
9.227,5.332565
9.843,7.770067
20.180000000000003,0.32448047
89.64,23.407467
10.130000000000003,72.09851
1.19,31.409021
71.083,279.59085
9.75,8.069728
0.437,7.908872
19.19,33.203125
39.97399999999999,14.245229
19.590000000000003,5.4227777
9.84,0.093202755
3.97,43.30742
9.214,0.06775356
9.834,10.71933
0.12299999999999998,1.1369935
9.713,111.48848
50.343999999999994,78.04708
1512.896,158.10939
29.87,12.99693
9.815999999999999,16.581652
171.727,588.62445
14.113,61.9466
20.987,55.375885
30.31,198.70113
20.027,4.4923067
0.593,0.9416322
0.047,22.198198
500.333,547.2709
0.333,13.695171
9.883,15.120742
8.12,6.8401537
10.89,0.020652149
19.26,36.01983
0.013,0.2699393
50.033,138.49365
9.213,0.22694452
9.65,48.20803
9.71,1613.6205
420.46,53.585735
30.034,13.705104
0.06,10.44461
20.097,23.41349
8.613,0.16667053
109.947,12.946139
698.757,57.307358
99.913,27.400568
60.03,48.886406
20.887,294.68253
11.257,53.517418
249.893,5.468973
20.25,1.6704496
19.827,18.960093
0.14,0.6879782
8.39,2.3922617
1481.52,112.30181
9.713,57.73183
20.566,7.30507
29.98,12.706839
8.943,603.5917
0.563,5.5283875
189.996,21.76895
0.847,36.382397
19.013,648.30035
1.424,95.90915
0.17,0.052814055
150.063,314.03568
0.0,37.828735
20.93,3.9428542
247.307,106.19694
0.144,7.6473374
220.483,1381.4078
1.99,183.25598
9.073,6.7541103
30.0,0.68730795
9.61,19.77833
18.863,6.097406
50.39,0.1278552
10.657000000000002,5.97759
190.37,9.265348
0.093,79.92535
10.333,75.68563
31.407,8.979414
0.127,15.112749
180.64,76.49186
9.57,52.5618
0.593,21.302809
10.793,84.234985
210.113,98.39378
8.067,49.833645
98.33400000000002,0.54874927
9.777,39.76728
0.19000000000000003,4.438977
730.873,781.44293
59.47,5.4696145
0.03,1.9881316
70.363,199.1989
39.59,0.3458749
0.03,4.9253173
9.48,30.041605
0.656,0.043194477
11.064000000000002,0.15600835
1.11,11.636956
4.103,19.368578
9.5,12.472598
9.75,36.91066
9.113,65.649536
1.197,15.829681
10.087,0.50995237
1.08,17.527288
10.893000000000002,9.3832855
9.897,2.224473
20.047,20.071829
19.53,0.020045614
0.17399999999999996,0.3723838
0.15699999999999997,1.2886147
18.813,7.130166
0.674,25.887545
20.639999999999997,71.59492
0.4699999999999999,66.70028
21.14,13.972503
1.453,9.298703
19.756,21.953945
10.02,0.020604523
20.68,37.288406
19.397,1.6111821
370.383,11.833528
1.063,360.4614
99.91699999999999,98.26544
10.923,3.0576441
19.98,54.31825
0.20700000000000002,10.36844
21.016,157.7154
48.787,23.74374
20.947,104.05718
67.736,6.42171
10.02,14.51572
1140.577,837.9233
19.207,16.972101
320.337,75.874115
79.927,47.858406
0.323,1.0633227
19.677,2.297983
10.094,1.8520851
0.05,0.091276534
0.046,2.1369572
9.347,0.03461618
38.91,17.576828
69.776,7.1269503
9.969999999999999,3.1244435
19.613,0.02144316
568.35,1003.33075
149.993,119.9865
0.107,20.324694
9.846,37.55294
40.373000000000005,120.436615
0.0,12.609172
50.084,0.07539317
1.39,37.34819
0.847,0.26129732
50.007,16.60903
5.273,0.031437334
20.003000000000004,96.20355
40.849999999999994,17.8231
9.047,3.1787558
80.47,44.717316
19.217,15.731366
112.067,1183.4773
4.117,0.16231103
1.02,194.55809
18.987,0.5869186
0.013,0.14943947
74.877,16.965096
15.39,81.12116
9.877000000000002,75.09741
10.007,11.604748
31.1,65.21192
0.186,6.9286
10.413,0.68343407
0.517,0.99445236
0.516,4.3228655
499.1,121.312996
0.013,4.691594
9.283,0.55055296
10.16,8.961821
240.866,108.342735
20.114,67.93089
179.83399999999997,197.97894
233.943,177.79912
0.15699999999999997,0.1464951
0.424,15.993285
9.877000000000002,5.701944
0.33000000000000007,72.09725
379.707,120.46634
9.017,6.97778
320.053,686.29083
30.723,3.2040021
1.203,36.090992
2.817,55.338375
0.83,27.519234
9.86,16.29608
89.86000000000001,13.564996
20.020000000000003,83.68504
0.874,50.997517
9.354,0.41104066
2.754,0.0062360493
30.207,196.09688
10.047,5.3943806
10.71,2.1718373
8.523,27.189875
200.01400000000004,108.45553
0.047,36.43905
9.613,0.8719891
39.38,609.6531
0.107,3.3807955
19.81,294.6658
119.41,195.49644
30.062999999999995,30.28332
9.89,71.37715
8.467,19.045725
10.233,81.52693
10.007,106.01948
520.11,724.152
34.763,384.2213
10.053,17.076414
0.313,60.525387
19.716999999999995,146.88268
50.163000000000004,13.752634
0.54,28.681593
647.867,224.89891
10.437,63.231968
218.46700000000004,9.983669
0.156,0.1590579
6.573,73.85672
30.037,14.163007
20.207,131.72595
0.14,4.3683643
34.907,5.045004
79.764,21.284084
69.61,242.01645
9.957000000000003,85.502045
0.08,2.1369572
44.323,22.459566
9.466,33.317425
10.063,100.34128
9.05,8.753172
49.327,4.2645216
59.91599999999999,77.750534
17.44,17.047485
9.493,0.32823077
7.36,5.701944
0.047,0.025289102
8.873,28.019129
9.1,21.211817
30.057,13.401894
9.683,0.061750066
30.749999999999996,74.12356
49.994,2.4024806
20.116999999999997,1.5941731
20.487,20.129187
30.12,0.34052044
6.803,32.26717
1236.323,380.5011
9.81,0.7893265
0.08,1.1547129
28.060000000000002,0.17564668
0.14,0.6482236
10.010000000000002,358.73428
9.94,40.045265
21.187,654.4616
19.893,190.79872
8.003,3.1787558
10.507,82.671036
0.0,0.3101972
309.684,85.820786
0.15699999999999997,2.286156
0.17399999999999996,38.034966
19.237,9.939407
0.07700000000000001,4.373821
10.657000000000002,317.6961
0.4699999999999999,163.1542
0.577,12.125715
10.11,13.91609
119.31,391.84326
29.337,18.200603
9.527,0.1200429
19.64,11.28765
0.343,14.960318
19.227,106.75987
10.045999999999998,0.020367542
2080.09,1056.0143
0.3,0.77742887
90.927,335.8728
580.003,878.79974
0.36,1.9339597
0.423,8.012525
19.876,0.35289407
0.017,18.60933
1.54,10.5507
500.18700000000007,1237.0793
70.183,73.06495
9.364,2.0244517
75.11,329.76337
10.423000000000002,122.60998
169.06,1198.3916
0.766,24.230965
0.033,26.53241
10.427,7.0722737
9.467,0.26615605
9.71,125.404785
0.343,19.107779
0.013,18.916368
0.234,4.5033855
9.787,16.631739
0.217,1.5909715
1243.733,1924.4559
0.43600000000000005,10.607558
0.127,1.2319489
279.95,66.85048
120.716,185.53636
40.373000000000005,13.359808
9.107,13.995552
9.743,1.6283662
18.807,13.630253
0.466,0.5069441
39.943000000000005,61.96102
10.47,18.98124
9.167,3.711182
9.773,0.68343407
8.08,9.588284
350.05699999999996,120.59916
0.284,0.59068644
9.976000000000003,189.91121
0.627,37.571712
2.25,0.04326081
9.08,21.948498
100.56700000000001,3.221262
19.314,89.56232
0.5,0.18230152
19.367,9.1392765
20.3,47.80672
0.047,0.59176505
20.757,0.019338641
9.75,70.92934
19.613,112.33648
528.867,355.385
19.0,21.108185
841.154,813.87274
21.296,20.867086
211.22,27.144617
0.377,1.0192547
0.11,1.4400882
9.153,1.3829268
0.017,14.156797
0.047,19.653719
1240.107,591.06506
18.52,25.800282
1.7629999999999997,21.823933
0.047,31.182997
1.03,264.02786
20.397,65.79728
0.064,2.0219743
9.837,15.094954
0.626,0.18872079
0.11,1.5188149
20.563,3.4945302
0.343,0.7141377
20.897000000000002,18.59572
0.076,5.6163783
28.409999999999997,9.935193
10.007,22.99423
0.05,1.5176497
400.40400000000005,1417.37
31.317,114.44836
0.296,9.115555
40.13,84.01969
9.657,10.542464
0.15699999999999997,1.691794
110.437,21.25544
17.91,7.300099
19.706,0.14475982
10.413,15.896712
9.336,0.18996476
0.847,0.9239289
0.127,18.566902
560.02,18.814125
1.7000000000000002,8.5352
9.813,82.3284
59.807,0.6166843
9.477,248.75157
0.08,3.6765463
0.187,30.512032
9410.106,80.3977
10.049999999999999,19.076584
20.357,306.98007
9.61,1.2426784
68.503,52.606747
39.497,84.49174
20.897000000000002,7.3851767
130.593,250.64905
9.193,8.955857
0.014,13.920689
8.017,20.357306
10.773000000000001,8.378588
0.233,8.222193
1.0,29.15506
10.006,4.1843724
10.403,15.074304
10.673,204.97862
10.010000000000002,0.23743483
2172.104,519.1706
0.977,75.8969
29.943,0.013671511
329.263,1315.5848
119.823,3018.9343
1.08,18.316248
19.867,77.04813
0.107,13.870201
0.233,0.040418647
30.176999999999996,1.5196916
510.62,206.53232
0.217,0.34559435
40.089999999999996,0.01593774
10.844,6.997682
10.757,8.222193
10.567,74.070755
0.45,0.063744314
9.917,3.0149753
200.34,21.995325
9.983,12.722497
39.126,63.632465
0.283,6.88665
2.363,8.292437
20.573,11.73428
9.43,5.8566327
10.399999999999999,16.5623
10.090000000000002,23.29727
0.954,7.026607
0.393,265.5479
29.110000000000003,105.8672
1.2999999999999998,45.46984
50.173,217.51047
0.58,50.754196
9.784,13.196424
0.013,1.392066
39.32399999999999,201.27069
0.61,0.019880835
0.014,0.09536186
0.297,40.39157
0.047,146.71513
20.63,5.4902225
10.194,23.26454
0.33000000000000007,3.707616
0.03,2.0906923
41.683,23.334904
0.0,0.011400372
10.16,25.530298
10.806,3.4276807
0.017,0.7192789
0.9500000000000001,2.1374502
38.916,39.583897
0.14,6.0909038
9.034,23.23425
31.023999999999997,101.099815
0.6229999999999999,292.78094
0.076,0.44417655
10.053,58.12043
0.783,1.0139613
29.894,182.35966
19.103,12.21395
9.15,2.1694384
0.347,5.7252784
9.834,28.220573
9.186,1.1030527
8.854,0.6268025
19.026,14.900702
0.017,89.62647
20.180000000000003,16.492682
1.11,22.89321
0.267,5.662548
9.39,20.519346
19.066,27.527977
9.107,25.894674
10.64,7.589732
1.094,42.771976
19106.724,455.15683
0.717,679.1874
0.06,2.167823
0.9839999999999999,0.30863386
10.167,47.814224
49.153,3.1316478
10.223,130.43127
49.877,17.40107
1.08,31.627626
0.39699999999999996,12.202695
19.859999999999996,22.800018
20.127,23.903625
10.087,11.107478
21.453,28.547998
0.15699999999999997,28.290733
20.057,184.9333
0.14,4.180416
20.24,33.203125
0.254,21.686663
95.74,76.99212
19.64,300.20856
0.296,10.769832
20.943000000000005,5.0758286
19.833,11.622451
0.11,1.2679962
251.663,467.60995
30.51,1.7158391
0.047,1.9868447
9.187,284.4609
8.77,0.15227255
0.63,16.478767
9.453,45.37236
19.06,2.600194
180.09,1426.7335
0.047,0.35967618
10.58,18.876596
0.987,0.091277845
1.94,11.707672
0.0,0.69430834
20.960000000000004,34.065502
1.177,0.8136616
109.853,52.50308
9.96,3.6890202
41.133,100.182274
10.073000000000002,23.092995
50.703,95.22926
1562.157,2195.8186
10.863,11.119408
10.830000000000002,39.76236
29.14,40.492554
20.613,580.2335
9.327,1.5770864
0.03,22.318079
16.11,0.08098255
0.28,0.28254014
19.863999999999997,93.191444
0.28,54.82782
9.57,47.813072
8.393,158.67874
21.013,33.144962
49.703,16.052938
9.74,1.5232406
170.55,244.05641
20.296,7.0728664
159.727,27.952398
19.89,10.19888
40.913000000000004,24.622412
10.146999999999998,0.79863906
0.203,5.6717997
0.216,19.163046
19.859999999999996,15.398422
1.093,96.82601
40.217,6.836672
0.0,0.94421273
8.91,6.941634
452.91,165.29582
9.223,440.93634
0.504,12.659642
0.173,55.291607
19.817,66.76109
20.474,82.41859
2670.007,582.43945
19.83,779.6394
189.953,80.615845
1.8,113.526634
8.277,137.29332
9.733,32.63456
0.987,41.06191
19.593,0.8444669
10.353,0.6984649
325.31,250.7771
289.95,279.49463
10.1,33.34223
8.44,26.56369
11.219999999999999,36.44561
359.337,268.36206
9.023,7.545579
10.827,5.087017
9.64,0.593323
0.796,0.7161939
1153.16,188.12242
3351.23,135.29266
0.343,3.882787
21.134,0.8321347
0.127,1.4454774
0.173,0.9261819
90.49,26.088661
9.8,35.29322
19.846999999999998,0.032921735
9.717,10.212514
9.223,10.785214
29.564,35.390812
0.846,33.55071
39.726,20.372486
10.117,30.803818
20.84,9.394403
69.91,25.526516
0.093,93.03455
0.407,232.01508
39.253,65.89906
10.127,34.745167
19.653,84.009056
9.116,0.32823077
0.237,1.0205473
8.86,16.135525
6.383,105.279396
0.08,11.459935
590.103,298.1196
10.42,18.82151
220.023,236.39972
19.043,8.9127035
0.07700000000000001,4.338914
18.267,16.024525
10.116,30.530895
9.5,30.868128
9.98,3.3630497
1.03,41.016636
69.874,24.65649
0.423,10.518199
0.223,84.33656
0.55,1.444181
0.06,13.196424
29.877,5.3169928
0.0,3.496693
0.033,0.21666501
9.086,21.211956
0.11,0.04061262
230.27000000000004,1907.8519
0.313,196.94656
20.097,1.2993628
11.173,255.21942
30.13,25.298704
21.150000000000002,116.02158
9.864,52.291386
9.91,0.026229458
1071.8,1020.3867
38.993,21.074562
9.58,94.857834
0.673,151.1389
8.967,0.032921735
30.33,77.664474
10.223,16.501123
51.203,341.6379
578.833,1967.0137
0.487,32.88838
0.937,80.90793
21.0,73.21443
0.063,19.905153
0.03,129.52599
0.297,14.47083
0.013,0.4788982
9.83,28.661283
2.236,26.954622
0.936,17.675846
59.223,238.39471
231.71599999999998,10.209172
10.714000000000002,27.189875
9.783,0.4054117
27.416,25.682398
9.374,5.6881237
10.813000000000002,56.440342
0.657,0.77374685
0.333,5.194508
630.18,265.7759
0.393,0.42309862
9.507,92.71673
10.03,20.985888
0.437,51.137257
1.08,10.8944025
49.57299999999999,2.0075798
0.064,0.31571648
40.35,12.459206
10.0,36.150494
19.56,39.809227
0.063,16.194513
9.247,18.958492
20.24,304.02036
0.41,15.967174
10.03,22.385286
10.117,2.6989086
0.7330000000000001,0.020526621
0.89,12.501884
31.47,4.130863
8.117,24.444334
20.857,0.4145561
1.037,0.025254663
110.047,43.61719
8.477,0.27267206
0.58,6.0301266
100.373,11.855388
0.437,23.980505
100.22599999999998,120.705315
0.737,5.304363
21.164,1306.878
7.313,0.052814055
0.11,0.029474093
0.14,66.186935
9.68,7.516095
59.684,371.7161
99.244,13.450295
11.516,20.472897
89.97000000000001,33.111305
10.676000000000002,105.45705
339.67299999999994,80.60663
8.877,0.20087224
0.546,2.3084621
26.596999999999998,128.29045
0.4699999999999999,20.422161
0.6870000000000002,1.1934654
399.8,1259.217
20.2,13.887921
10.223,18.32545
35.98,8.560694
0.627,9.394403
38.79,0.55022913
0.0,20.834513
99.84,44.144505
0.737,9.526981
4739.46,4504.69
20.557,242.8466
0.547,43.586945
18.243,60.071144
79.16,734.8273
18.524,103.64891
9.793000000000001,26.6942
99.343,49.74173
9.813999999999998,33.416225
10.603,18.583157
0.783,26.867834
78.824,32.300735
20.163000000000004,0.38769916
100.03300000000002,15.079779
10.363,115.34004
0.203,51.653374
29.107,43.248295
165.003,170.60107
0.06,82.938354
0.31399999999999995,0.17644417
49.667,17.057745
9.457,1.166645
1187.826,3128.642
0.017,1.3392547
0.17,0.3160427
0.143,0.030254046
9.674,0.18872079
17.193,79.9665
28.26,0.36452234
39.1,29.221956
135.094,117.65791
19.303,1.3517364
19.583,1644.109
1.11,5.445696
0.376,37.444233
9.487,22.080664
0.093,0.36089447
0.203,48.58791
8.084,21.371572
10.146999999999998,18.155937
19.177,1.0400393
0.08,7.7337766
49.876,11.608995
9.99,17.405409
10.22,1.0142959
29.8,53.86614
10.027000000000001,0.2961087
0.517,60.88472
10.503,62.834015
117.424,128.1648
280.354,634.86444
110.52000000000001,39.89637
38.957,0.11062269
758.283,314.243
0.017,1.3260908
9.823,24.823227
0.22,0.010789516
0.03,1.4458895
0.063,6.2087603
0.017,20.038797
0.05,1.8871486
546.064,1148.1675
19.669999999999998,402.16183
20.766,404.81827
197.18,26.156939
31.033,93.70166
30.25,25.479977
30.332999999999995,79.864204
10.517,1.0206329
9.74,0.41759953
0.25,0.27759984
69.677,24.118526
0.033,11.447965
9.703,1.4713693
0.36,1.191304
10.003,14.094883
40.157,316.4167
31.41,227.9729
40.153,51.69659
239.286,232.71112
0.6600000000000001,7.0217977
19.25,17.767557
21.54,9.443185
38.67,57.84619
0.014,94.27809
19.313,69.32702
1.123,23.676748
0.017,15.2368145
8.93,39.760887
0.017,106.50211
92.934,114.41038
0.063,2.6270368
29.540000000000003,29.082903
10.52,20.213036
20.357,25.31976
0.656,0.41759953
0.43600000000000005,4.2452984
19.784000000000002,23.571056
0.467,0.69324315
0.48600000000000004,1.6960132
9.68,0.057202194
10.66,0.9378736
0.356,0.43428597
9.467,55.404926
18.564,36.01449
0.204,9.663826
369.67,230.1422
19.354,5.2839875
31.403,90.88805
0.124,6.97101
0.017,0.046300262
10.693000000000001,132.58676
9.964,23.049719
10.163,1.9190658
19.674,22.219957
0.17399999999999996,1.7511083
169.537,146.89049
39.71,22.937727
0.627,2.8101678
30.993,19.859705
9.55,30.344055
20.03,414.28366
0.373,18.444138
0.0,78.04252
9.846,35.317406
19.823,0.9097351
0.297,30.323761
0.08,184.15443
19.553,26.61407
10.746,24.240149
0.67,122.39991
0.07700000000000001,11.885346
0.033,7.0514197
0.034,24.356289
10.27,0.71771383
19.616,15.731357
11.03,20.141132
19.647,121.10689
8.59,28.337404
39.58,29.05922
39.837,1307.4121
39.99,14.716142
1578.17,2149.9463
30.687,13.238966
0.064,35.982437
0.25,9.799822
11.103,40.00462
0.907,5.701944
9.197,1.6614383
0.16,41.984386
9.136,0.18895636
0.406,16.972507
9.21,3.275576
761.77,546.7213
9.076,12.150488
9.187,0.022695445
0.17399999999999996,1.9868447
20.933,488.45056
29.897,15.599668
0.483,0.0712167
0.064,82.01786
0.987,2.4843216
0.127,7.6005883
0.17,65.066025
339.74,352.43832
9.577,511.29138
19.793,0.06519849
8.89,0.16870691
10.22,90.465675
0.08,0.013265194
9.697,0.0068263905
70.267,19.646772
9.35,3.6735983
8.71,4.2196255
10.117,0.06936458
923.577,3013.7222
0.203,337.5836
10.163999999999998,30.699173
0.39,75.79629
1.19,21.813496
9.65,15.074304
1660.3870000000002,3460.6506
9.717,36.270386
0.033,0.593323
8.58,43.627205
238.977,40.532333
0.14,7.18921
0.013,0.80837137
19.686999999999998,31.83665
0.097,0.072795086
9.263,2.4258637
29.957000000000004,9.344841
4.92,89.50049
0.44,0.039161135
0.107,1.9881316
0.833,269.5989
18.077,332.2243
10.603,8.264202
0.15699999999999997,1.8667241
19.873,79.69078
0.283,8.378588
549.8,18.416721
20.693,30.550117
0.06,24.132723
9.912999999999998,46.98648
1.067,23.411215
19.057,24.732437
20.027,21.866472
0.284,0.41739804
6.25,81.51352
12522.606999999998,724.1956
0.15699999999999997,56.916927
0.44,0.34550238
9.497,0.025540492
40.157,108.04474
59.72,279.3176
0.0,6.3926787
4.427,0.08212147
10.673,8.423975
90.06,12.836168
20.024000000000004,42.520676
20.143,267.00897
20.416000000000004,36.411457
0.047,8.378588
40.703,0.47106066
9.557,0.034420703
39.74,14.363063
511.8399999999999,110.441154
9.33,4.6486163
20.144,105.72234
10.003,35.731255
0.03,2.2567513
80.09,14.793195
9.277,11.741454
0.377,0.4607261
21.383,74.894394
310.033,367.5642
0.52,45.875675
0.373,9.373567
1.503,45.793987
9.9,58.12043
0.36,5.4646144
9.71,18.837994
0.013,3.2218955
0.11,16.827627
0.28,0.15965436
19.3,2.4059865
10.68,26.520489
0.06,0.5139196
150.983,54.8929
129.957,1842.2474
10.047,4.1115675
0.2,195.50726
12.72,0.024649536
240.134,22.221037
70.487,81.62432
0.063,89.56065
20.542999999999996,46.326416
19.39,204.23544
18.673,63.094322
10.262999999999998,1.3605437
10.42,56.404396
129.747,40.63129
29.489999999999995,46.929375
10.524,181.06583
9.53,1.6354584
169.224,38.738953
1.61,7.3050904
9.596,64.5379
19.103,0.018401852
0.11,8.369238
50.017,5.9592314
79.497,115.895966
9.963,0.35842702
10.3,276.56897
0.43600000000000005,13.045181
0.487,106.43275
0.14,0.30159947
9.927,30.452524
34.897,27.234911
19.037,78.291046
0.0,17.233294
248.35,1.3101432
15.703,54.17765
104.96,1389.5367
0.237,354.07288
0.06,0.4821707
29.196,153.55408
29.889999999999997,8.050547
49.63,178.63191
18.983,36.090992
9.587,16.21175
10.010000000000002,6.441697
0.5,0.43428597
0.034,0.12913871
9.98,2.3000703
8.31,38.99779
9.863,26.163622
0.07700000000000001,6.659593
1998.796,714.47864
10.923,12.379188
0.8129999999999998,73.64214
0.22,0.83881307
0.083,9.804961
10.277,8.691273
0.357,0.9841218
20.86,50.88794
9.606,4.1499047
0.08,5.332559
6.602999999999999,66.20798
260.12,984.94995
0.094,2.5970867
40.102999999999994,112.02714
0.03,16.825718
0.17,21.079273
10.55,1.920047
1.05,21.040247
130.193,143.23871
887.98,253.3278
19.81,96.80192
0.14,17.319834
10.297,1.058736
29.303,2.5544665
19.674,15.349642
20.177,61.607094
0.0,1.6960132
21.21,165.43889
0.093,2.8642533
39.627,29.511663
7.94,209.3657
99.6,150.28664
0.317,313.78485
20.11,67.51091
39.42,32.574192
60.02,166.43413
9.7,21.389486
0.14,0.2527646
0.14,21.450878
0.593,44.30063
0.327,38.009903
9.756,5.436021
219.956,10.67639
309.133,276.3043
89.027,971.6236
30.26,53.101242
10.167,72.91536
9.41,17.506016
19.87,5.477658
0.313,2.2162614
11.586999999999998,18.90483
9.51,53.848038
9.317,0.008606724
9.657,10.173572
11.093,10.44474
19.813,1.0296928
9.98,0.069834046
39.9,171.72887
0.327,0.00834439
10.207,37.9969
0.047,21.811357
9.933,4.1806273
9.807,69.46957
21.62,54.395958
0.08,0.06775356
0.563,1.987923
0.4699999999999999,31.628515
48.19,751.3403
11.653,8.237548
320.103,22.630299
19.997,23.711796
10.61,29.883732
9.677,169.80591
0.204,45.070236
10.97,38.66493
50.627,59.278656
9.67,0.049390633
9.763,13.524876
30.09,17.236809
21.195999999999998,25.961395
49.736,26.82291
8006.753999999999,1520.1095
9.577,23.929932
280.08,597.67773
9.54,954.5269
20.926,0.39930192
10.117,5.481252
8.87,3.1712015
219.91,16.849073
0.376,47.694183
10.527,4.2307334
0.14,16.891964
0.52,0.100913115
38.723,23.015133
10.047,24.33139
0.576,10.610938
29.983,46.975353
89.86999999999999,432.28345
19.024,113.71989
9.19,0.02806615
319.437,129.98735
749.9970000000001,248.94319
70.07,228.06839
0.33000000000000007,35.825054
9.804,19.952227
40.667,1.5684175
130.213,142.74663
0.173,81.14721
49.616,73.777306
0.08,0.478507
1469.793,379.26147
9.603,4.325793
9.877000000000002,41.746582
299.906,93.05402
110.047,15.467078
36.1,69.238625
50.384,36.567856
0.923,39.803585
10.573,55.850895
0.03,6.45991
9.907,93.35634
0.076,5.3776174
260.073,63.999195
0.204,29.62433
0.17,14.887439
9.467,11.832963
20.020000000000003,11.436053
19.590000000000003,265.29407
20.133999999999997,1.979163
9.38,58.56752
19.66,1.9769957
39.44,6.7587104
69.33,50.00029
60.283,38.47533
9.28,0.0822799
70.25,14.7016
40.94,42.047176
0.094,4.7398443
9.43,0.42121246
10.823,2.4428127
0.113,1.0515503
0.14,2.023485
0.97,46.307625
0.597,0.040523052
20.727,0.29908264
0.12299999999999998,0.7079096
29.92,8.541811
9.097,0.27837607
39.723,444.94507
0.376,10.148876
0.076,26.163622
10.794000000000002,13.060076
20.22,408.7479
0.173,1.8142785
0.144,0.03158365
19.54,56.02926
20.643,24.240149
10.356,0.05999742
10.596000000000002,24.542322
110.95999999999998,219.43954
0.05,8.161595
0.563,0.013884131
0.06,27.65488
19.34,136.16254
9.397,0.17098412
9.65,31.88492
19.523,0.02663476
470.02,481.83093
19.473,0.02352901
0.153,29.624315
9.876,19.902298
29.783,75.83162
0.237,0.7387976
131.083,203.06956
9.666,20.526005
0.533,14.534566
10.104,149.3953
49.830000000000005,44.345642
10.424,13.501533
0.093,20.670973
20.887,115.46141
1.127,36.20782
9.94,76.566345
20.143,5.9258456
0.173,2.1765006
40.077,30.43892
9.62,35.164356
29.917,186.8609
0.093,1.0192547
9.843,12.37462
30.36,342.23712
9.653,16.97127
0.14,15.967174
209.52,78.42976
619.2,699.9283
119.36,10.497449
10.093,0.8731997
0.0,2.8642533
515.273,99.25174
20.62,13.448859
0.517,24.773321
0.013,36.411457
231.193,75.893906
18.88,1.2834514
50.106,104.71992
1.317,18.605616
10.327,17.150322
50.08,8.825585
30.817000000000004,1.5440906
10.003,1.281475
200.17999999999998,235.51698
0.12299999999999998,2.2075438
79.553,126.94186
7.964,9.7578
9.75,13.317145
49.797,350.88153
0.19000000000000003,0.37634236
31.073,128.16443
302.38,526.7133
59.84,88.57677
71.967,191.82727
0.127,2.3781796
0.08,0.15965436
9.68,4.0055046
0.0,18.01047
0.7500000000000001,151.8564
149.814,13.9234085
79.16,176.17139
9.65,25.530298
11.36,16.824436
9.936,16.427809
301.203,738.4995
10.133,23.268509
0.9399999999999998,5.8111954
29.71,268.78006
49.61999999999999,1.827651e-10
9.033,1.8396153
10.813000000000002,34.477226
0.423,30.803818
150.353,115.87002
19.853,5.2713866
9.334,79.022064
0.127,0.90831167
18.776,20.557451
20.529999999999998,0.073263034
80.387,52.19224
1.784,65.59668
8.37,227.8036
9.766,5.844516
11.264,14.284436
18.597,58.56752
100.207,93.688675
29.28,72.044174
0.403,2.1379702
0.173,23.929932
19.284,157.3144
8.993,140.02275
10.233,0.04288729
40.947,133.69463
0.17399999999999996,0.19890404
21.174,17.657675
0.03,93.02932
1.004,11.087418
50.23400000000001,62.629364
16.34,22.570919
0.613,15.467205
9.433,13.287064
9.98,78.97444
1.127,29.132923
30.315999999999995,105.20003
0.72,24.580153
0.607,25.530298
19.22,14.694923
9.82,2.7309415
0.14,0.06536528
0.0,2.8952377
0.53,8.435444
10.146,12.033123
0.4699999999999999,0.7141377
30.96,14.561412
9.58,16.43669
8.554,19.811546
0.064,16.381489
8.907,17.781857
0.233,2.5715065
0.36,14.387088
10.283,0.014626895
9.857,13.136147
0.106,2.3000703
0.14,13.48171
10.317,21.874454
69.887,9.5118885
0.11,0.03169807
58.096,24.509346
19.974,710.97955
0.173,0.5970049
0.22,0.17529896
9.683,8.526147
0.376,38.56341
0.41999999999999993,16.591866
0.267,2.8642533
10.047,5.632966
40.19,124.05621
19.577,253.41988
0.173,0.027419345
0.91,17.599304
9.513,1.1050279
129.757,23.41445
0.217,1.1556461
0.07700000000000001,20.024754
0.58,6.739154
20.03,37.77239
21.89,46.16149
10.24,156.89377
29.953000000000003,15.647032
20.234,13.689035
9.787,11.189683
0.094,13.621431
19.686,93.458
27.37,0.31345704
9.78,12.997919
49.857,20.121712
0.08,2.4546447
39.436,98.87253
120.173,363.47668
379.993,36.076534
10.746,64.23402
10.279999999999998,0.6909066
9.967,0.23286688
20.95,0.18240587
19.267,62.247185
0.22,1.1583792
130.3,0.09313603
9.616,29.697853
19.590000000000003,306.20493
8.926,24.444458
0.41,0.94545907
1.06,311.1943
0.263,41.76576
9.9,24.393925
18.63,25.9373
132.097,1221.5536
19.403,207.69838
20.557,3.5532305
0.11,2.4553187
10.04,17.130478
0.237,3.8233063
390.763,15.386127
18.793,15.457158
19.52,105.08398
10.313,31.751318
9.777,9.956416
110.57,45.738247
18.96,114.68889
9.884,29.434477
28.866,11.219553
8.95,3.7300608
0.36400000000000005,93.89473
89.474,20.01161
10.267,6.75873
9.767,31.787027
29.577,298.27594
0.923,0.2617982
179.48,399.79324
19.026,6.543322
18.443,0.0134285875
10.146999999999998,934.4072
2277.29,39.156708
40.976000000000006,86.71371
0.017,88.56453
9.74,0.021724697
220.18999999999997,3439.653
128.627,138.39128
10.033,29.360518
9.433,1.1745498
249.22000000000003,163.1706
800.3,297.93002
9.917,1.4049276
100.377,40.699955
60.193,0.11306408
6532.003,4256.272
21.356999999999996,9.444868
9.843,121.15715
70.077,274.3553
9.53,59.59003
11.023,0.12471157
0.046,0.20390265
19.887,1.309395
99.06699999999998,57.275047
0.033,11.512564
0.83,336.81958
390.297,1565.786
521.507,379.13364
1.906,56.432274
0.407,11.530623
19.58,6.715087
70.493,90.30434
19.593,11.2972765
0.08,2.9328992
10.3,0.9607533
31.62,6.7511997
9.766,51.074986
0.093,0.037950546
1.81,8.38335
0.424,25.322079
19.773,63.094
19.457,282.68115
19.89,0.6455198
30.363,19.042301
0.36,10.666124
0.097,0.20699458
29.683000000000003,107.41756
38.843,50.48422
9.79,80.77278
0.17,0.09536186
60.824,216.06314
2629.717,89.66728
99.73,522.286
18.256,3.2285604
2.11,0.23239014
0.97,0.021115685
7.912999999999999,75.31576
20.483,59.292606
359.89000000000004,118.33328
10.097,15.696109
181.3,140.07213
9.586,69.82665
19.126,267.2386
9.37,0.112017006
9.35,2.7135563
121.57,186.93703
0.28,2.9466584
10.573,0.42712155
0.36,2.3084664
4081.7900000000004,1918.9874
0.03,0.052217666
480.133,193.13991
0.064,1.1826738
28.127,30.920528
17.906,57.071846
29.743,103.29568
28.983000000000004,15.5230255
9.773,36.55283
0.844,151.8564
39.95,20.81383
0.047,15.776637
23.253,87.55885
40.194,16.972507
69.243,133.47307
0.093,13.359808
0.016,2.013128
19.46,99.786545
9.787,0.01438928
49.03,26.793322
29.75,0.07811484
0.56,10.473288
0.14,11.447965
0.07700000000000001,64.1314
0.06,18.41523
20.007000000000005,6.788129
160.117,19.661028
10.38,2.8155189
29.619999999999997,11.677774
0.377,4.4611444
19.383,321.91415
0.947,13.554658
60.144,1.1434689
0.097,0.6402575
20.22,996.7427
40.25,33.69464
0.377,0.05849647
10.064,36.708908
21.654,3.029645
289.566,2798.1968
0.08,0.018850368
1.7629999999999997,23.866339
30.533,2.5544665
8.857,0.112017006
8.606,1.5232406
11.747000000000002,16.511696
9.326,0.22368936
69.887,21.377747
20.427,0.9432597
0.11,1.6283662
8.64,27.551014
20.557,5.9268117
9.504,395.8066
8.75,76.65221
59.22,15.890514
79.03700000000002,8.783335
229.227,0.14606836
10.383,29.770205
9.2,12.472598
19.946,226.824
808.996,155.5559
0.283,0.5105246
0.063,9.719119
9.193,2.3778348
17.963,52.68519
18.84,0.29418004
60.67,89.15035
1.343,4.8931384
2.073,0.37143782
9.143,0.112017006
0.12299999999999998,19.159758
18.97,5.940418
21.064,101.30867
90.84999999999998,14.629163
9.667,17.864702
9.173,36.666958
0.407,0.15101683
0.97,9.4610195
10.15,0.03922261
19.787,17.23092
19.06,119.170265
0.047,2.295254
9.204,0.28444472
30.023,169.9151
9.946999999999997,14.321996
3349.8,80.51816
9.523,13.017292
2.533,20.180103
0.36,7.7622857
9.214,0.13379495
9.407,15.516835
11.219999999999999,0.46694756
269.59,699.2379
0.437,10.825639
18.917,106.049614
179.086,106.16557
30.057,6.362868
0.076,0.38715678
19.904,19.761963
0.8,129.35378
149.523,414.74817
0.86,25.534203
0.127,26.85172
39.937,34.489204
9.763,30.012058
10.03,10.649977
20.08,106.726776
0.0,2.9466584
19.76,185.02937
9.883,0.0087095555
19.867,50.15032
19.543,16.97127
9.647,18.696972
2107.43,53.783478
0.047,0.18188614
19.22,57.028923
20.714,46.43197
1.083,46.307625
0.27,3.4580622
8.917,0.09028406
49.006,5.5972967
10.197,37.55294
9.823,314.21387
0.36,133.08089
0.0,1.9174304
50.067,98.27798
8.96,3.5865817
79.54600000000002,9.531751
19.033,0.20587085
100.664,1244.5133
0.127,22.823912
2599.93,2181.4448
20.823,68.23873
0.33000000000000007,40.39157
0.267,29.62433
2.16,18.316248
21.28,19.542763
0.203,4.2645216
29.877,132.56866
19.846999999999998,0.045022145
0.127,0.27759984
10.236,18.363203
0.39,15.829681
10.61,38.83707
9.987,0.17733894
32.17,91.165436
830.644,196.58916
0.063,34.57589
1.0,10.141439
10.017,0.6861751
20.07,118.46985
20.067,318.0168
9.912999999999998,0.011924879
10.03,5.465771
9.88,17.759565
250.213,815.1332
0.093,2.0252395
19.367,86.82188
0.143,40.699417
0.03,337.4368
20.557,242.66188
9.654,41.05592
10.217,35.9298
0.07700000000000001,122.32887
10.17,29.15506
2090.34,859.1469
32.087,127.206764
19.993,934.74994
9.91,0.64194494
301.9,325.33215
0.06,39.053616
10.407,60.118874
18.193,162.02382
509.676,291.4837
9.22,101.45106
19.24,0.78718543
39.782999999999994,39.265232
0.06,0.3596765
0.58,28.693172
0.013,18.65953
0.39,2.536428
2.02,132.54189
0.173,15.598279
9.393,53.922325
0.063,179.71388
9.77,0.87262213
9.664,2.7046409
250.764,107.51654
8.533,24.064867
10.027000000000001,78.65023
89.39,55.054104
29.47,60.141487
0.124,13.609764
0.264,1.4602218
0.19000000000000003,3.3526886
0.094,6.97778
9.976000000000003,70.42877
9.63,0.66712147
0.03,3.2258425
9.849999999999998,8.378588
0.22,9.252848
200.86,838.07544
199.25,450.5016
0.03,311.6798
0.204,16.625563
29.21,62.49739
10.924,66.655754
28.730000000000004,696.2838
38.793,13.011918
1010.07,66.48969
20.037000000000003,1.2602482
21.997,0.07981445
9.946999999999997,5.5896482
90.953,487.43652
0.22,12.939797
10.237,0.14579032
59.940000000000005,247.87314
38.803,61.533546
0.203,3.7082455
36.024,78.24508
9.963,41.879158
18.91,10.54731
9.51,97.70046
8.713,192.25768
9.24,0.17686686
23212.030000000002,3278.597
0.093,23.676748
20.484,0.024457807
10.083,14.855816
10.9,6.75873
20.16,1.4405715
19.910000000000004,32.450657
0.14,11.181387
0.0,12.77627
0.25,66.76109
50.12400000000001,169.89865
10.03,0.478507
0.597,1.3520021
1.3930000000000002,122.17046
0.893,6.17847
7.61,18.164213
9.96,49.13925
0.22,9.456474
9.553,0.17510594
63.166,63.42347
0.05,3.7081852
0.22,1.5196916
0.287,5.546964
19.897,114.48688
40.900000000000006,13.730363
0.61,15.31641
9.1,0.070992716
0.6,0.37433293
10.037,0.09536186
18.81,1.1882753
20.037000000000003,138.0706
10.044,1.549086
0.373,0.28785783
19.42,0.39930192
12.8,88.97472
48.756,96.778625
97.664,542.8661
0.186,68.31946
9.793000000000001,19.175972
10.003,39.341396
613.413,1060.3236
0.96,9.526981
9.95,50.48677
9.944,0.20715256
39.977000000000004,25.26265
9.627,66.228
9.01,8.143398
159.874,189.6467
9.94,298.79224
0.203,41.74251
0.234,24.029215
362.86000000000007,427.43875
9.164,91.72194
80.336,297.23
7.994,7.8821926
9.677,0.08403131
420.273,99.04507
0.893,42.520676
10.257,32.12969
1.6899999999999997,0.074772365
0.127,115.21666
0.39,83.584175
89.803,299.0769
0.377,0.04996259
8.943,36.647366
0.296,8.47397
10.447,621.84186
10.03,17.210688
17.253,117.40711
9.8,31.745039
0.153,71.35191
0.15699999999999997,2.5644138
7.92,2.382713
45.427,0.0109501295
0.233,8.257027
559.527,64.73164
10.113,29.434477
0.20700000000000002,38.392937
0.046,1.9881316
0.047,0.21080437
10.874000000000002,0.59222686
60.67,45.765186
0.25,82.1778
89.406,72.61584
61.006,203.26189
0.927,28.501446
9.597,0.16737057
12.056,0.48761663
19.986999999999995,39.072784
179.867,9.105703
0.25,3.1274042
0.046,2.7998455
0.03,1.8972372
21.204,29.21238
339.09,1592.6497
3081.903,752.9205
1.36,4.702384
50.653,80.32595
29.577,11.232108
9.177,7.0722737
0.17,35.994385
11.233,121.26664
29.923,43.7914
114.267,18.38911
0.533,0.032717258
1.157,20.300879
10.233,72.09851
9.993000000000002,5.30955
20.812999999999995,46.100605
7.61,30.264221
20.287,3.5649328
0.14,0.2187255
8.58,3.3109684
50.474,0.9968687
130.763,0.22323394
8.14,121.04742
9.153,5.961107
0.014,0.16886789
0.11,0.6453259
0.343,260.8374
0.61,0.45075405
9.767,2.984126
320.716,579.31824
169.737,11.781812
0.297,81.14721
49.91,190.08417
0.11,33.821007
1.296,29.62433
10.907,73.178894
47.7,83.43879
0.013,3.8096118
0.577,0.008606724
0.03,14.869105
8.944,10.261071
1.093,0.035512354
170.326,18.178328
10.74,58.50907
1870.9,429.74405
8.723,2.860214
9.08,31.512314
9.683,43.192
99.877,11.119293
9.543,7.882335
20.77,184.3075
8.907,14.662367
59.017,22.682848
0.17399999999999996,65.10194
10.08,26.691582
29.396999999999995,12.451866
9.827,57.59633
9.067,9.163725
0.22,0.5049726
0.25,1.309395
9.573,112.998055
390.086,26.255081
30.793,11.385702
40.05,19.891157
10.16,24.268557
189.9,16.521322
1.113,33.518436
9.167,0.17677125
90.07,582.46375
0.7060000000000001,3.197983
10.17,11.052652
2349.106,303.07758
0.263,2.222878
11.065999999999999,28.293755
0.3,0.051610056
19.913,10.064169
30.236,148.01778
0.284,1.1657562
10.017,24.09113
49.716,29.214687
0.643,0.10721377
19.716999999999995,24.56817
0.124,1.1050279
0.033,7.184496
0.094,0.04818139
179.186,15.768456
10.62,27.222141
8.924,44.417072
9.9,57.79117
0.517,118.210655
219.987,50.20127
0.07700000000000001,2.62926
19.15,114.880745
2.986,32.69052
30.007,42.663364
0.173,5.012478
0.093,96.91285
9.657,0.30413657
31.93,64.612976
1.004,4.438448
19.686999999999998,127.4159
71.234,9.84041
0.707,12.654128
0.017,20.299128
0.22,0.050747976
9.717,170.47343
0.093,2.4484637
8.313,2.714009
8.724,7.9953766
180.17000000000002,126.35107
0.187,0.2830342
8.327,0.4394412
0.094,19.529896
1.8799999999999997,139.03456
230.96,11.866368
110.307,472.2175
4.693,91.61526
28.2,17.973099
99.926,77.69176
0.564,0.6555743
80.133,124.768265
4542.317,725.56586
19.333,18.254784
1833.26,165.50339
64.183,21.08325
0.5,9.398229
0.0,26.008228
0.563,0.21666501
0.08,0.012977051
0.563,31.370079
0.186,4.6863194
19.893,7.521931
10.177,23.624788
10.527,36.032833
19.136,64.34932
10.480000000000002,21.551693
0.127,63.174736
1.28,5.5896482
0.203,14.042235
1039.793,1407.6436
0.097,14.879594
10.96,193.53363
0.11,0.5271986
8.82,36.5073
18.794,30.443924
9.227,2.7755854
0.124,19.781742
110.093,170.66563
0.017,1.9881316
39.80700000000001,9.799897
10.234,57.85308
1.2370000000000003,54.07547
10.404,24.747238
0.013,13.9338
21.322999999999997,19.273216
21.06,0.40478548
20.054000000000002,11.488223
39.77300000000001,34.61886
0.013,46.278805
20.433000000000003,160.3253
19.033,13.017924
19.357,38.12658
10.29,46.235195
29.644,50.98803
10.27,11.815187
18.96,7.0722737
0.267,375.12766
10.17,0.23239014
19.617,43.876472
0.38000000000000006,98.04087
7.753,9.684007
0.12299999999999998,0.016874934
710.173,1090.1929
30.477,11.147793
122.0,225.32378
21.077,5.404812
9.303,71.79777
1589.727,784.4402
0.046,0.9576058
1.193,3.5278175
10.123,544.6347
0.097,127.81722
110.33,0.5971483
20.433000000000003,2.5348976
9.45,2.7937324
9.904,96.91285
9.197,0.2626359
11.24,7.3525677
19.293,100.70403
1.093,1.555957
20.08,148.29791
19.44,6.6996093
118.493,157.51903
98.974,305.24954
9.13,0.7192789
9.543,0.41104066
0.203,1.3132893
0.017,17.90854
0.0,1.9273612
10.797,0.052918315
0.8129999999999998,0.22526348
9.213,0.13315201
8.83,83.3503
19.927000000000003,10.29837
20.116999999999997,5.278966
0.143,17.252821
9.34,0.90755314
39.963,9.851046
179.526,725.09033
0.58,3.4580622
39.853,266.3655
9.964,7.0654526
69.943,31.330433
440.25,15.425748
0.487,1.2719686
9.303,21.894096
111.667,70.457504
9.912999999999998,23.197008
0.063,2.6936295
19.296,23.998386
0.594,38.799847
19.127,1.3861698
0.14,9.610788
8.943,0.011552501
39.843,42.047176
0.284,6.659593
10.199999999999998,0.43723026
131.457,555.51465
20.17,139.92033
9.24,18.989952
28.99,92.82367
19.81,26.669815
29.457,0.01438928
0.707,0.010789516
0.094,12.26051
20.73,30.73367
3.676,40.256454
40.156,385.11987
264.124,2697.2725
378.80000000000007,155.78185
0.094,5.012478
9.57,30.21922
529.957,79.92109
2699.5560000000005,566.8654
439.816,253.08867
1330.73,101.96836
9.953,3.038336
0.03,0.2862875
50.12,265.8959
10.627,14.887439
10.336999999999998,11.958611
1.9239999999999997,0.017855654
2.116,20.079407
4.69,53.317146
0.093,27.305275
430.226,64.9278
9.453,0.010739771
10.14,109.736275
0.423,4.7988563
1.0,0.67070466
0.97,0.052895155
0.41999999999999993,1.4454774
189.816,23.675121
10.027000000000001,7.0285025
9.69,91.005775
0.047,0.20855717
99.72,362.43042
0.734,24.876432
0.093,8.095415
0.016,13.37644
9.2,0.57197887
0.047,5.524472
0.064,5.061218
50.107,4.134335
20.437000000000005,117.78305
0.217,79.4785
0.36,81.66182
19.946,21.602291
9.503,4.1806273
10.130000000000003,3.0134952
0.15699999999999997,45.359314
39.79599999999999,20.024818
1359.497,948.35565
22.53,28.354528
140.2,205.28424
1468.6230000000003,720.2704
0.253,5.632966
0.39,4.809549
0.36,1.1030527
10.907,0.10456241
68.864,228.89772
0.613,73.50218
0.627,0.03717934
9.654,65.74302
9.303,1.1050279
9.71,34.110043
10.25,6.2728324
9.863,1.5736985
0.067,12.078592
10.684,24.763632
2.317,1.9273612
17.32,28.034756
9.787,0.2926779
0.017,35.758163
0.9670000000000001,28.109745
8.61,0.13044657
11.63,23.613308
9.427,2.2567513
9.576,30.68433
10.264,62.219944
10.454,11.097454
951.95,12.933814
0.19000000000000003,0.34870732
0.11,8.444868
49.654,440.7214
9.093,29.070564
11.393,26.146746
0.563,43.031876
40.18,324.244
9.96,66.293945
9.94,27.101757
10.11,32.092907
68.723,32.680992
8.847,2.7135563
689.953,475.61984
109.82,176.36954
1.6899999999999997,0.42846984
9.3,1.1547129
179.653,83.5539
11.763,58.02597
0.0,0.41759953
18.52,129.66087
38.77,332.17874
39.383,1296.9447
39.846,50.092773
129.66,761.6429
21.086999999999996,0.2539428
30.04,329.4392
0.31,2.506366
9.897,122.09609
39.77300000000001,555.4413
20.34,75.61372
50.047,0.35528386
40.223,13.32896
0.063,19.952227
7.143,0.23189642
51.367,51.504063
19.85,9.401133
9.343,79.31454
10.243,79.91948
11.167,1655.6608
110.38299999999998,81.31638
10.093,9.256827
19.177,67.346794
8.493,15.33421
9.18,1.4636762
360.067,323.27725
0.39,3.8055599
10.19,51.907707
19.733000000000004,5.2700343
0.203,45.921524
0.127,1.6022631
9.196,0.12965775
20.05,0.06055039
0.584,31.620275
0.584,31.717403
0.15699999999999997,1.3559519
17.893,8.062553
0.047,4.8931384
0.144,5.4823227
943.246,0.13762024
20.254,0.008027384
0.233,10.406777
1.096,2.3684995
9.817,19.782373
21.176,14.50225
9.06,15.813379
9.849999999999998,14.927951
70.024,101.35624
19.603,35.699863
0.126,44.673347
99.6,451.51437
9.227,0.2333595
0.034,0.100913115
10.024,5.148799
49.23,2.9691703
9.912999999999998,180.37608
19.74,12.679294
5.096,6.191161
9.227,218.86072
0.267,24.578592
0.097,52.60178
0.11,75.622284
0.03,0.8053926
0.907,0.061750066
29.933,30.802906
0.106,30.096766
29.647,5.832401
0.017,0.09609843
10.102999999999998,15.161179
1333.64,703.8812
29.987000000000002,5.091622
30.146,121.81479
19.927000000000003,13.547123
19.777,146.5071
19.064,10.107594
29.923,50.083565
0.33000000000000007,293.8589
0.076,0.01462946
19.737,37.09164
9.42,0.42482257
509.984,3454.1904
178.813,1166.3948
19.19,479.106
30.02,30.974262
0.487,0.25415066
0.216,27.894081
9.016,0.20869444
10.584,25.50859
9.933,4.3476524
1.47,5.625757
9.693,0.017752301
9.626,129.6891
0.41,0.42075476
19.884,31.157602
8.873,320.63614
9.936,61.826588
0.017,0.1562101
0.8770000000000001,83.0978
60.327,12.753113
9.83,1.3738388
18.053,9.628499
29.593,15.262968
291.03,65.7439
27.353,111.8543
30.0,82.8825
20.203,19.378227
9.067,97.70046
9.977,41.182014
320.08,651.46436
0.09,213.11104
9.796,101.898
0.12299999999999998,33.100235
20.267,45.297672
9.557,21.766037
0.817,22.390951
9.007,13.870201
29.003,35.731255
9.72,17.055223
9.927,14.663395
7.603,36.090992
39.826,1270.6511
2.11,8.817772
70.967,551.53467
0.673,0.5058933
11.24,8.869545
0.013,22.583305
10.173,1.1425456
0.22,23.049719
0.234,15.317177
10.25,3.574147
38.714,80.39749
8759.8,787.97406
0.11,70.556015
39.513000000000005,300.55215
0.36,12.77627
956.607,1223.3794
8.94,33.416225
50.626,31.157215
19.453,22.761665
9.763,0.7779109
0.36,0.5033629
9.874,20.867086
30.363,7.196267
19.487,843.90076
9.623,106.50211
11.977,84.89077
19.567,0.415912
19.47,17.912638
39.41,43.248295
0.516,25.1353
9.903,71.79777
29.217,6.1326065
60.093,0.018066024
1.2660000000000002,3.8961506
18.88,2.0327976
0.597,0.44650304
19.11,40.557884
0.217,0.28501037
0.11,9.096132
10.65,2.9866796
20.76,43.57787
19.693,255.55655
6.694,8.9595995
19.263,142.05777
20.724000000000004,120.11936
449.73600000000005,87.861404
19.08,0.33398426
1.003,29.721678
0.64,52.89197
8.27,48.58791
29.93,0.07579284
0.093,8.481753
0.7669999999999999,98.36584
0.327,0.22954148
10.72,31.409021
0.046,27.67322
10.049999999999999,22.036556
29.764,39.09153
0.14,16.774813
360.086,66.2559
80.34,19.289593
10.633,12.9877615
79.7,57.148453
8.886,1.2349838
50.713,60.45697
19.994,66.99748
8.633,24.152906
0.187,55.04186
119.727,42.102074
9.683,1.2383591
4.46,20.079407
10.19,0.30863386
179.45,58.049488
18.79,96.8016
9.75,2.9328992
15.99,15.308434
0.36,0.87863284
8.23,7.5908685
12.393,21.51783
30.517,9.878932
9.83,15.350153
200.233,696.0941
20.14,269.41522
8.913,69.38727
379.933,505.04788
10.304,0.58804196
29.883,31.800173
60.546,2882.7622
1.063,5.376551
10.244000000000002,0.030207515
9.7,10.507022
10.237,9.1963215
55.99399999999999,599.6878
0.17399999999999996,0.09609843
120.544,109.52456
521.53,2726.1821
19.99,22.014597
0.03,35.90386
80.14300000000001,84.40759
0.93,0.048213385
0.584,3.0823033
30.157,12.710858
0.033,9.952646
10.616,231.02194
9.837,8.386285
10.587,19.662342
19.573,0.5945124
71.01,17.721075
1.093,25.704338
180.25400000000002,231.72575
7.96,0.030207515
8.98,0.46400538
99.75,319.38782
44.183,578.7142
319.763,296.8098
18.463,0.8310991
8.31,16.017956
1.033,51.65335
5.367,152.85313
21.133000000000003,557.80475
39.314,101.61704
0.41,17.339977
7.533,0.021724697
9.757,20.720003
32.123,103.11838
220.347,432.16928
0.047,15.683067
9.623,16.225765
0.124,9.684007
30.667,34.57184
0.093,6.1222415
9.993000000000002,0.53985864
88.95699999999998,562.02496
9.257,0.6977791
135.67,156.29236
10.81,160.12514
19.046,5.786407
0.407,10.272825
39.133,74.84729
9.92,0.18240587
0.25,11.2858
9.75,16.907043
30.973,16.114433
0.22,1.318169
319.327,490.89868
9.34,2.8642533
0.0,18.155937
10.026,13.538737
17.057,192.49498
0.297,0.039785646
19.797,17.357384
53.13,230.10135
31.393,280.94955
39.013,56.049477
8.526,0.022388976
9.594,1.1030527
1.046,39.149696
19.87,20.81383
19.606999999999996,0.7893265
0.674,53.152355
0.92,160.90106
20.7,10.543169
280.443,271.7617
0.546,1.4795426
20.124,21.604774
0.393,0.043989915
9.653,0.27518013
0.047,1.7511083
89.863,42.668827
9.153,0.3627136
19.39,92.25829
10.0,27.337015
0.22,43.778526
10.833,0.7925231
0.437,5.9618683
12.136999999999999,0.049046062
0.406,1.1030527
19.093,136.16254
8.48,113.62356
20.307000000000002,359.05902
0.36,6.84688
0.15699999999999997,0.14121778
9.604,1.6069394
0.546,80.73908
10.033,2.256476
8.647,0.28296378
51.087,64.34932
69.917,210.63155
0.047,0.011261665
130.507,279.19968
29.95,0.5614715
9.763,0.33060712
19.05,0.17931779
0.45299999999999996,0.2737839
700.953,35.546577
9.35,4.0431385
0.233,0.78203154
0.08,9.424737
0.0,1.9881316
0.076,24.861977
27.84,0.16180874
9.723,14.145276
1.957,11.031482
0.15699999999999997,0.8045413
9.73,24.74725
399.726,1140.0625
0.403,2.382713
4374.547,324.23218
9.693,5.397221
80.263,266.0151
8.377,0.37433293
8.78,66.8913
0.067,41.76576
18.803,99.13148
20.850000000000005,1052.5178
119.706,143.03929
0.017,1.0632973
350.27,451.8743
0.11,3.486578
0.45299999999999996,34.437317
110.286,25.869047
19.807,8.563534
249.747,82.67754
18.283,7.243589
20.213,24.121458
9.013,12.924792
0.39,0.43723026
0.407,0.0633475
21.069999999999997,23.097805
0.093,0.94545907
50.01,5.4066734
9.537,13.41364
7.353,0.3176854
10.26,68.932724
0.12299999999999998,0.12809551
9.413,8.893977
0.12299999999999998,30.962107
17.997,0.024743438
39.84,86.94949
60.356,51.32456
9.227,9.817431
70.016,521.9577
28.9,226.98096
0.08,68.74903
10.08,0.30324686
170.383,61.464
19.44,0.4007394
524.477,166.4847
29.613,0.22052194
1137.193,1088.765
0.11,0.009082939
0.08,2.8297849
410.22299999999996,368.6578
0.08,9.668406
27.343000000000004,7.594582
40.557,107.749344
9.776,27.935276
9.32,5.211153
10.0,33.779736
27.76,298.4612
0.11,81.80658
19.69,136.81282
20.03,45.827324
0.657,45.921524
18.89,22.219524
0.004,0.017296672
10.257,35.9298
9.873000000000001,239.18974
7.42,0.020829022
18.407,21.791513
9.877000000000002,11.442662
0.377,310.1126
0.237,24.298069
0.046,43.98359
60.313,137.25844
1.39,0.024649536
0.8770000000000001,17.31758
19.76,0.5706223
10.130000000000003,0.031399675
0.047,3.486578
0.297,0.49587715
10.244000000000002,24.48005
70.273,6.3040533
0.11,15.628992
9.927,81.13791
0.297,53.856213
109.71,91.845146
0.2,16.232378
9.993000000000002,0.486077
0.14,34.98742
0.05,0.4014849
0.03,0.6339865
8.703,74.08613
20.787,52.24417
9.27,4.744683
9.643,46.69714
7.539999999999999,32.947884
0.126,15.478613
59.620000000000005,43.835926
18.793,121.932816
989.4700000000001,842.09937
0.254,33.37766
40.53,54.017616
9.493,64.193756
0.41999999999999993,93.16954
22.91,31.158016
157.957,19.366325
8.313,0.14450382
9.374,14.896409
19.474,97.6654
20.22,136.81282
0.034,0.12798157
19.007,43.181915
9.943,4.5471625
0.017,19.219168
59.29,1486.7773
539.977,283.2607
0.046,3.0789924
89.914,28.314995
0.22,1.1745498
19.84,257.20807
10.78,63.77161
130.056,39.084293
19.966,241.22865
20.57,63.042286
9.037,1.4694778
29.547,113.849236
8.256,1.2857718
1625.693,394.88806
60.42000000000001,71.760735
0.017,1.7201724
1.063,1.3193585
19.657,159.33429
0.013,1.8044347
10.785999999999998,0.5105246
19.493,13.836235
0.127,4.9306455
0.86,314.02557
0.643,16.501123
119.8,670.15344
22.296,160.74326
0.707,23.240494
9.45,3.1199453
6.393,52.19224
0.4699999999999999,0.43458676
0.12299999999999998,1.9885582
19.593999999999998,105.5657
0.06,0.9896538
49.64,91.17845
10.043,13.333801
10.865999999999998,14.610963
70.797,54.27848
21.033,10.220548
8.573,0.71794534
20.083,19.69692
13.46,70.40638
0.033,5.639024
29.05,15.054629
0.91,14.724961
2032.2,729.3419
50.3,15.093097
10.64,0.030287215
0.284,42.483616
8.496,0.22556444
151.307,17.133247
0.297,0.08135628
0.343,54.82782
11.0,36.19554
10.433,19.507448
0.517,0.29467648
19.117,78.269966
20.23,18.901335
0.217,73.91778
9.912999999999998,70.43317
0.063,0.12627603
1.03,307.12976
11.56,57.989655
0.927,50.892906
8.917,49.045734
10.023,9.832157
5.730000000000001,9.196401
0.12299999999999998,4.088929
67.8,25.48569
0.343,0.53952044
0.297,49.383743
9.08,0.21163975
0.0,1.4713693
20.35,55.45833
29.459999999999997,13.890474
10.12,4.088929
19.964,5.144231
13.42,97.66869
228.89,1394.5013
0.15699999999999997,21.107944
39.524,74.27307
630.88,619.72205
0.55,26.79156
10.023,107.278336
139.573,291.10727
9.74,1.1625578
0.25,0.7485989
20.290000000000003,59.760082
7.063,78.26734
0.22,26.85172
40.013,91.049095
60.97,73.98831
0.07700000000000001,1.5283024
39.664,53.504074
0.77,26.473919
10.843,10.990559
9.68,60.1174
1.663,2.6137652
50.657,43.139328
0.866,1.7282327
0.534,16.054655
10.86,32.22836
19.396,4.101183
9.7,13.618752
20.267,59.45623
0.013,0.20390265
9.276,31.15448
27.35,710.3006
8.49,18.43613
0.64,0.027241899
19.966,23.807043
0.06,14.510305
9.484,80.02282
9.493,34.324295
1.7000000000000002,0.054129034
2.266,0.12818666
39.726,91.39373
119.25,1230.4933
128.837,1.7167394
19.674,3.6685472
229.98,45.213367
70.16,18.679699
67.59,68.89563
10.853,7.6928043
10.224,7.2609534
0.567,116.02158
29.810000000000002,2.28536
19.47,83.689735
8.56,0.009433546
0.093,10.34554
9.507,27.174952
0.924,54.29224
0.61,0.38293585
9.757,0.86818534
9.013,1.8079935
20.507,14.008459
39.71,618.1282
60.097,51.65803
19.233,22.950808
29.593,33.640728
49.337,768.47595
20.03,189.64563
9.45,22.448414
20.05,4.470006
180.33,795.8277
19.813,0.38293585
98.12,228.04483
29.647,13.939978
8.247,60.14346
39.9,39.305843
0.72,0.12431568
19.557,11.415213
17.56,39.24607
0.097,4.5708857
20.905999999999995,16.5875
31.16,0.05308239
310.536,1236.3037
50.63000000000001,36.258263
1030.18,1023.6966
0.296,0.07793136
1.047,0.46557492
29.487,256.4049
0.017,2.642227
0.6769999999999999,4.5991244
0.03,0.8025327
24.95,315.55038
70.583,15.6021595
20.203,43.733448
0.127,0.9841218
10.262999999999998,12.101022
29.75,351.9981
11.077,0.17526437
10.010000000000002,19.114464
0.094,0.01627344
1.017,42.972492
59.947,60.866028
0.4699999999999999,3.3526886
62.1,126.53979
16.48,53.94931
10.867,0.1261079
50.123,879.3021
0.487,0.42482257
129.707,224.13533
50.309999999999995,64.16851
110.88699999999999,2.6893387
19.557,223.68703
9.786,651.175
0.784,4.5458446
39.04,52.280994
9.31,91.14323
6.25,17.044008
0.39,12.021092
0.69,0.72954947
8.42,29.284834
9.394,39.428898
5.02,104.0904
30.394,91.72364
9.94,58.019672
10.126000000000001,0.9416322
10.73,5.426455
9.832999999999998,12.599473
1.4370000000000003,0.20869444
40.39,24.342363
50.796,890.7413
20.146999999999995,357.9514
0.327,75.31576
8.697,3.6735983
69.307,5.1164007
0.483,10.542464
9.683,0.5322301
20.12,15.311906
500.927,70.47119
10.287,41.503597
9.294,94.908745
10.033,0.027180912
20.33,270.92972
9.047,0.040882178
20.39,6.623849
0.25,15.420408
9.517,4.6198053
0.173,9.516306
0.017,0.7278573
20.604,10.898631
21.123,307.22116
0.046,11.232632
9.773,0.12956208
19.73,0.08098255
10.37,43.361946
0.937,14.308739
10.02,4.9004226
0.847,36.33694
0.03,25.79626
0.406,1.1711841
9.65,0.012805767
9.51,193.53363
10.433,14.133818
49.874,24.437716
3.7699999999999996,5.0707927
865.053,175.5838
1.037,0.10751431
0.093,126.881546
20.11,17.118195
8.86,21.02313
0.44,7.616439
23.09,212.87416
8.863,110.66121
20.116,10.88949
0.11,0.52596176
9.847,0.9000323
17.323,133.85255
0.327,162.02382
0.013,4.5116124
6790.21,2894.8047
19.276,19.124203
0.17,2.8382385
956.957,2341.3376
10.652999999999999,49.27873
20.58,51.69659
69.907,356.47458
8.92,7.914809
9.536,36.864655
179.72000000000003,547.86414
10.317,410.9387
0.233,0.12301215
40.994,15.0697775
10.177,0.063744314
29.817,242.90715
0.7060000000000001,18.876677
9.817,75.79629
50.17,415.9036
10.14,0.22251491
10.356,20.804913
9.747,27.439594
49.75,73.12159
0.033,0.48953307
0.203,19.817732
0.124,17.717371
0.33000000000000007,0.5847504
10.064,8.743987
9.397,0.5696599
2.583,0.98028153
8.66,2.2857742
10.319999999999999,28.65262
1.61,0.024743438
10.217,24.47023
1.44,39.528637
0.92,14.623526
20.06,6.469384
10.856,0.098859034
9.973,34.134605
9.837,0.013366161
8.83,2.2881165
9.76,0.62362987
0.43600000000000005,5.940418
0.14,19.482452
19.283,18.311089
8.427,17.456205
3589.494,1108.991
9.677,7.18921
29.202999999999996,9.100825
119.797,72.758865
29.653,38.89939
40.17,250.07932
9.064,3.3526886
19.017,11.3946085
0.143,11.793365
297.497,1253.3824
8.324,2.3684995
0.36400000000000005,30.850454
0.8129999999999998,39.055626
0.064,16.478767
29.317,3.5054908
0.17,15.878558
8.83,0.84014523
20.473,11.6243
0.013,1.9524632
0.11,0.7253543
1.47,39.113117
1688.43,905.61383
0.063,15.815676
129.783,13.463663
50.20000000000001,3.8695614
520.067,1291.5549
0.063,10.080283
19.72,0.23691122
16.017,19.413578
159.454,36.06028
9.606,7.708863
0.796,56.91689
10.104,140.34875
1.64,42.10679
10.043,7.6600933
0.017,81.00994
0.186,19.045725
0.597,260.8374
39.964000000000006,29.325205
8.113,35.60169
20.754,90.07101
1.3729999999999998,2.2162614
0.33000000000000007,0.20087224
10.227000000000002,1.7032989
10.473,0.61634326
50.067,13.609621
9.573,10.271836
19.69,0.012766274
1.576,28.640692
0.22,7.8620157
10.747,7.1786957
29.526,0.41399032
9.99,5.649475
0.423,1.7227007
19.977,23.722189
19.38,0.7049837
9.227,42.0655
10.187,25.065912
0.517,11.756733
0.0,14.387088
11.307,19.169296
8.78,84.89077
180.677,58.35077
260.107,18.14234
9.856000000000002,24.672684
8.477,57.02752
58.423,62.949253
10.027000000000001,0.29835138
9.807,3.0134952
0.08,2.023485
18.324,79.057236
0.563,0.46571174
18.58,225.32709
179.70299999999997,56.015385
0.144,0.073660396
0.034,2.7086134
9.14,0.17686686
360.5,702.3186
0.013,127.856804
9.94,28.182747
9.67,17.519733
59.027,59.133316
22.07,809.4888
9.697,46.155113
17.617,21.922256
130.133,22.301125
11.033,1.4747788
80.51999999999998,328.63202
0.406,0.114676245
20.527,39.38882
0.03,5.1140194
8.034,25.065912
9.75,16.780987
0.047,43.78443
10.076,79.2466
80.98,320.0026
0.11,0.3076389
650.04,1075.8544
10.199999999999998,53.86614
41.19,239.1239
631.613,203.67918
109.823,21.788454
20.054000000000002,0.098933265
0.86,0.4693701
240.547,1647.2787
9.963,0.2183991
10.41,19.502668
29.383,296.91266
99.96399999999998,21.254742
19.956999999999997,15.696109
0.673,0.2333595
9.8,0.64198345
9.657,16.725355
547.783,537.2759
8.903,37.9969
9.723,6.0301266
11.176,74.376366
9.793000000000001,7.516095
28.283999999999995,70.34495
1.0,0.22526348
0.373,62.804195
0.28,14.767846
0.36,0.34550205
1187.837,423.19116
10.440000000000001,22.874722
9.083,81.76031
20.222999999999995,282.52567
89.75999999999999,304.28415
11.68,15.005482
9.943,75.43138
20.73,29.380674
9.777,0.8105612
1.39,48.59608
28.403,31.780495
40.29,880.4284
9.84,690.3891
9.14,0.32910722
0.424,55.04186
9.713,8.074354
259.93,1032.9395
190.10700000000003,219.49495
19.967,149.3804
0.217,0.34499338
10.077,26.46001
100.07399999999998,0.22681448
40.470000000000006,0.0170731
21.03,41.6191
0.11,0.76566017
0.7399999999999999,0.36851642
10.163,70.84163
970.307,1602.9906
3.4200000000000004,10.528795
9.39,31.94389
0.44,78.84848
9.417,10.665392
2380.243,642.2713
10.11,0.31640825
50.493,9.315956
9.907,30.323761
11.11,18.674095
0.25,2.3000703
9.777,0.01395109
20.24,17.93006
0.0,2.978699
79.146,39.423233
90.17,40.903217
10.197,13.900636
0.407,15.731357
10.647,12.472598
0.186,11.185438
0.504,10.610938
18.913,66.16956
19.203,75.11779
5.983,10.062938
50.193,1.2908925
11.644,220.52452
0.406,12.7561035
0.017,4.6198053
19.596,99.76125
7.727,0.008095808
19.127,40.7617
0.017,6.3794284
9.893,17.519733
9.1,14.632093
9.67,19.225618
0.127,90.261345
49.894,134.61438
0.08,2.3000703
38.53,360.08002
10.447,743.57
9.607,22.39121
39.7,14.229255
21.976,0.3239647
31.097,131.63698
20.863000000000003,28.850092
0.11,17.845722
9.24,0.1934469
0.047,5.632966
158.326,132.87587
0.703,0.009903748
39.973,337.32275
8.656,109.736275
10.29,33.259155
0.237,13.14933
20.136,218.75815
0.86,40.234165
10.45,0.32616484
0.047,70.92934
9.89,2.5985134
9.437,14.130848
20.08,193.53418
0.263,16.964096
9.84,12.9821415
20.297,91.11826
0.267,0.04459546
1.333,232.52773
1.126,19.094215
8.777,62.27439
10.15,0.021710468
29.813,99.01366
9.43,29.132923
67.943,1714.7051
0.14,0.4821707
140.51,147.6668
19.776,2.0856304
4850.813,2891.658
9.86,35.02496
19.796,661.51776
1.5000000000000002,2.1411936
19.61,317.64847
0.046,14.887439
0.094,9.719119
9.184,9.458955
0.047,13.671268
0.17,0.53985864
9.937,7.2579136
0.047,0.57197887
10.964,9.733494
9.724,14.359393
19.71,19.952436
9.027,0.12556954
9.984,7.3175907
0.343,15.473642
30.127,18.449574
7.47,81.36841
29.876,3.6355398
10.027000000000001,18.232595
70.826,140.54001
60.123,2.0911312
0.08,1.8859236
20.369999999999997,25.426598
369.9,226.25343
0.043,0.04918241
9.73,41.73694
0.45299999999999996,0.025709502
0.203,16.893291
10.14,69.34428
0.14,16.625563
19.077,381.74374
9.337,0.34824467
151.206,201.06339
0.4699999999999999,0.04578227
30.83,219.06607
20.803,28.293407
261.123,29.99663
0.487,27.208643
9.456,31.839228
40.309999999999995,167.75563
0.013,54.616314
0.19000000000000003,36.14032
0.063,18.876677
40.046,149.92168
18.11,20.956707
0.127,0.3212104
0.8,63.50831
0.047,19.541002
0.707,5.4646144
0.03,8.14823
23.797,273.89154
21.114,18.020792
11.883999999999999,213.80667
0.9059999999999999,0.5105246
148.89,293.45984
9.047,0.4215432
0.03,0.06594389
0.15699999999999997,5.9143233
0.407,130.85985
1.877,0.5233146
0.22,21.525093
479.387,1308.3179
60.933,112.99751
20.053,95.06345
0.093,0.18461056
10.102999999999998,13.271773
0.093,9.245986
19.774,34.86366
0.25,17.722065
0.063,0.40596455
9.78,22.927456
9.367,0.091908075
0.093,15.317177
39.71999999999999,29.69854
9.917,262.5535
70.086,241.16978
9.674,8.760578
10.057,108.20383
10.543,276.86618
9.943,0.027241925
0.15699999999999997,3.5228388
69.777,9.857792
0.343,0.3284155
29.883,0.31906232
19.693,8.042307
0.254,7.3973117
0.143,1.5909715
69.93,22.6133
10.14,47.97514
9.987,65.74302
0.013,1.9881316
0.406,8.47397
39.91700000000001,108.45759
110.71,100.5459
9.587,0.056897625
9.034,168.4741
0.127,0.4403948
489.633,1091.957
319.723,29.220146
50.153,27.609667
19.634,0.050413456
0.03,101.526474
0.127,97.97617
0.233,13.961678
10.043,64.914246
0.344,17.540157
9.374,17.660233
0.033,54.716904
1.127,31.899265
9.527,24.410435
0.08,1.0632982
0.127,0.539521
0.083,2.0548525
10.560000000000002,100.441154
59.89,11.143489
0.69,27.219742
0.063,3.6914134
9.046,0.11052336
8.907,16.323343
249.27700000000002,636.95575
0.203,38.422085
30.78,21.73436
10.03,0.18381613
39.82999999999999,56.70956
8.767,96.522125
59.29999999999999,260.86655
0.14,4.323888
10.133,0.7822793
20.48,8.7896185
19.02,608.88324
9.92,246.09453
0.127,2.940306
29.93,23.070877
8.93,0.3214492
20.352999999999998,1.57358
9.22,86.88163
10.243,11.175217
8.93,80.50182
10.273,337.08008
0.014,9.26989
11.023,9.553306
9.584,44.482998
28.904,20.353542
0.07700000000000001,2.8101704
9.957000000000003,5.3472853
0.406,21.027197
9.447,0.5618555
8.993,2.0538614
6.267,22.448414
90.07399999999998,5.5365233
29.96,18.641066
20.316,8.508598
44.05,35.935596
8.59,0.06571987
0.014,0.6099645
0.03,7.0728664
10.063,380.34317
1190.367,97.91644
0.327,1.3193585
59.987,187.24973
9.86,1.3199538
10.463,35.390812
0.503,1.2319489
0.72,301.3747
19.924,209.53201
0.117,0.8841678
30.204,1.1652627
9.437,82.662315
19.859999999999996,5.176071
9.62,17.047485
10.483,15.954698
0.83,0.08466504
0.39,8.514651
9.123,8.552967
98.34,73.80309
15.606999999999998,122.61002
20.697,52.824993
10.33,69.07525
9.817,4.1224813
9.953,1320.8314
0.58,190.06146
7.9,21.211956
0.0,2.2964473
0.816,11.2848215
0.06,18.992334
19.583,882.98627
0.046,19.77833
49.237,23.324331
0.28,26.6703
19.78,330.69354
19.914000000000005,16.31921
9.7,7.757283
8.407,17.020645
0.233,329.8807
19.937,32.487614
0.44,0.43077326
0.22,15.473642
69.984,13.873429
320.017,23.357616
0.05,17.189274
0.923,21.791513
18.553,2.1319904
39.22,226.12358
8.363,2.642227
80.03,144.76451
0.017,26.770813
9.75,20.705671
19.484,14.53846
72.827,303.46173
39.22,60.521866
69.913,15.192776
19.99,0.007372983
19.53,51.92183
20.33,29.016039
10.863,0.67328155
0.377,34.370052
0.657,57.46487
0.15699999999999997,0.46557492
9.583,53.515663
10.034,0.006735804
10.68,7.5922723
29.872999999999998,16.604618
8.38,24.876432
209.44700000000003,103.965866
0.12299999999999998,0.2412443
11.056,2.8286436
68.134,228.05313
20.020000000000003,17.73681
1459.123,65.3529
22409.87,274.54816
2278.863,1546.3811
29.926,80.47876
10.29,0.046300262
179.87,41.687733
98.95,561.9664
31.953,93.93486
0.173,23.473597
0.4699999999999999,0.21163975
21.683,91.5449
10.86,21.051594
0.013,71.79777
0.046,0.2965501
60.36,12.722668
0.063,0.29380077
29.933,0.05680816
279.923,508.5257
0.5,1.4454774
0.203,0.28476176
0.06,26.349674
10.264,62.858692
50.14,27.86568
29.867,39.116272
249.963,173.49492
13.867,8.514651
9.063,51.962692
1.1,316.1687
10.217,16.408152
290.487,91.3789
19.204,35.715923
10.023,20.02041
80.14,48.59685
10.213,12.854907
0.7500000000000001,54.616314
0.204,38.311455
10.277,22.120386
0.187,0.38715678
29.489999999999995,58.91775
10.41,14.060869
10.633,13.737553
9.663,23.092995
8.31,41.181988
0.22,128.8214
9.69,57.21048
1.367,32.44274
6.036999999999999,25.79626
19.796,2.9247243
9.22,59.205303
9.917,11.016471
0.187,74.998405
1539.683,363.0536
9.344,1.492434
9.7,253.17697
48.89,4110.7866
18.944,0.19585529
2.44,0.03326089
210.75,481.6657
8.434,0.33429942
10.24,6.7764306
0.3,3.7510338
0.047,0.5970049
20.23,40.42886
19.92,24.086468
0.064,1.3106056
19.107,0.28254014
0.127,19.406843
37.374,109.68082
0.017,1.3559519
4.767,19.517807
10.217,58.99116
0.954,0.015222174
19.98,209.89272
9.666,0.20855717
0.0,5.8566327
0.657,33.105064
11.15,70.0507
19.854,2.5985603
0.03,0.27104077
19.733000000000004,8.372128
19.303,271.85788
139.463,15.290952
3184.5400000000004,1166.0702
1.267,112.0524
150.08,147.1615
0.22,16.225765
0.64,0.00790876
9.75,6.997588
30.503,27.33036
60.057,306.08398
509.763,1156.8527
128.993,282.44244
989.193,65.28841
12.843,2.8883934
21.793,112.71164
9.06,40.71764
0.377,3.3192353
0.0,25.327812
0.156,0.36568108
9.79,10.54731
0.156,1.927624
9.563,3.9600096
58.94400000000001,12.446595
0.33000000000000007,21.649775
0.7500000000000001,7.04687
0.0,47.813072
0.0,26.491333
170.52,91.21063
10.987,24.633917
0.076,5.304363
0.046,47.164604
9.73,138.27795
10.399999999999999,36.58136
58.95,89.1644
9.124,1.8234644
0.33000000000000007,29.697853
3.043,51.884357
0.7669999999999999,0.43394235
39.99300000000001,12.928587
9.71,25.53828
9.107,0.14995041
0.043,13.032763
159.986,74.63854
40.013,16.607443
10.12,4.4611444
7.597,47.621284
18.814,2.4140694
200.116,13.49845
29.8,23.037727
0.03,6.8497405
9.433,18.740446
0.14,0.9849321
19.17,3.2323642
9.8,1.4694778
0.094,2.3676507
0.173,0.44053766
0.08,0.3111293
40.27,24.736012
9.353,2.940306
20.086,15.716442
0.097,6.456689
0.264,0.074650526
7636.654,215.98657
0.156,15.852833
0.03,0.039161135
20.39,0.046718076
7.8340000000000005,39.25799
1801.523,334.1346
99.97999999999999,454.26788
59.937,14.712531
20.63,32.59636
9.593,21.525093
0.5,188.9782
10.464,0.18784207
0.15699999999999997,0.8667377
19.814,0.92911184
29.983,34.966843
29.77,19.205816
39.63,21.622925
0.0,18.876677
20.07,2276.6868
1615.466,43.438667
9.987,13.965363
20.217,50.73268
0.983,0.015778612
0.076,0.032552928
11.134,7.026607
119.33,19.901964
0.17399999999999996,36.781906
0.613,180.1512
9.674,6.265437
150.29,262.44522
0.03,5.077193
10.234,30.8254
1.61,81.81359
0.127,0.044572927
1.13,247.51657
0.033,12.202788
10.480000000000002,38.741467
30.066,256.97635
10.803,0.0101064155
549.08,71.1268
0.0,1.9918358
11.96,171.85558
9.414,0.052446797
29.954,29.745983
20.177,225.90106
0.814,62.834015
0.047,21.021507
0.14,11.426092
60.036,287.73776
8.947,0.67070466
9.23,0.15448461
59.773,415.53906
9.03,0.68343407
1355.1099999999997,456.47235
9.956,0.406612
0.03,20.423506
13.869999999999997,85.99523
40.367,194.78406
1.297,83.28599
0.013,52.036312
60.227,12.809248
20.65,619.84485
1.7969999999999997,0.21163975
60.46,33.12775
19.063,17.095762
20.713,8.955857
10.073000000000002,18.378263
0.11,0.026799176
8.223,0.7485989
9.976000000000003,21.165916
0.14,15.186073
9.71,5.2921925
0.047,10.610938
262.14,1361.1664
9.493,22.874722
19.617,2.5620582
390.576,373.81387
40.563,84.181
199.113,859.91113
69.96,308.2661
19.733000000000004,215.58772
100.02,0.7374728
10.066999999999998,0.80530953
290.246,78.48742
4.797,340.8751
80.67,9.502008
9.24,132.58676
70.193,58.267483
20.054000000000002,35.64884
87.386,21.525852
0.643,0.37433293
2363.577,282.58408
20.017,36.94967
660.11,207.01848
40.86,9.527772
10.063,13.933812
0.267,0.7391992
0.296,60.15375
20.847,306.18918
110.257,808.33575
369.903,593.4334
1.4359999999999997,0.04277528
10.08,21.78527
0.17399999999999996,49.038525
10.243,1.2394853
8.706,7.3050904
9.894000000000002,83.47267
8.35,92.75917
1150.39,2263.0823
29.583,66.8784
9.283,24.86024
9.969999999999999,118.519325
10.014,16.218584
0.4699999999999999,71.79777
280.947,73.7705
0.0,2.8883934
0.737,17.801737
52.233,24.47023
0.094,16.329802
0.826,21.487282
169.78,164.43979
0.31,20.398384
281.423,199.07645
39.91,25.748978
9.8,0.25621575
39.317,929.0238
150.83,71.716446
0.703,1.0169274
10.044,45.48836
9.433,27.469137
9.127,17.194569
9.254,37.444233
8.26,110.502884
109.963,74.084785
40.043,32.352577
9.073,28.923206
171.063,59.68746
20.426,2468.8987
40.187,7.196267
80.134,16.21954
9.774,27.03077
0.076,0.6555743
2170.156,753.6028
17.383,13.049893
1.5339999999999998,1.058736
870.3859999999999,921.80164
0.956,33.105064
29.202999999999996,17.1783
40.61,385.0891
39.067,343.99014
49.80400000000001,0.0846396
0.754,87.45184
0.487,0.08149911
1.733,19.77833
9.09,2.292157
11.304,16.733027
0.11,16.271816
0.737,0.36203757
107.036,75.91416
219.75000000000003,20.789463
300.193,37.687656
81.114,332.99002
18.973,44.673347
9.793000000000001,278.08594
199.92299999999997,140.1652
279.474,77.49454
10.04,0.86670303
259.7,313.5759
150.887,252.91644
90.07,131.55733
8.83,25.596981
0.063,0.067796804
9.594,12.690736
9.95,19.952244
2673.7569999999996,1101.9851
9.929999999999998,28.056112
30.077,56.01901
70.04,44.287533
0.817,0.6800917
2.333,0.31555513
70.79,21.842756
20.207,1.0585552
9.33,8.069728
11.174,8.208523
0.25,1.6389773
19.097,0.22902368
9.667,0.4403948
9.89,3.1908212
18.086,25.35908
15.643,6.200111
0.317,0.7147071
10.15,8.753172
0.6870000000000002,0.027419345
9.79,57.880302
19.393,5.6690154
197.744,111.494804
19.07,297.6763
36.857,16.726973
0.253,0.21682064
637.75,75.214806
10.473,457.28018
1.097,0.057202194
19.77,24.683552
189.856,154.34956
89.79,430.6981
9.953,9.170219
26.453,408.7799
0.67,0.020543618
18.21,127.22541
0.153,276.79892
0.296,35.25795
80.443,0.010055068
39.879999999999995,98.76761
10.273,21.365004
171.42,54.39354
60.033,22.544788
50.77,8.361844
0.034,26.667656
9.78,107.46793
0.347,0.5069441
0.08,0.1962874
8.763,3.6292737
0.063,10.799085
20.873,4.522126
48.597,80.24532
0.33000000000000007,58.385654
499.96,412.36325
0.454,22.48918
39.997,40.7874
0.25,0.2526157
9.333,1.3982433
10.03,36.032833
0.047,0.4338604
540.33,652.5617
682.534,1206.1945
20.213,432.3803
9.686,27.395227
9.803,14.708708
50.00299999999999,42.54054
0.783,144.68501
0.283,0.87262213
0.204,24.195772
412.59,92.679955
8.33,91.17316
10.053,62.01748
160.13,94.18355
0.03,0.85775924
10.884,21.051605
130.006,119.23403
0.156,22.673286
0.186,13.573922
11.016,80.707146
9.576,12.438067
0.046,0.59055966
0.33000000000000007,1.6900797
1838.176,977.4946
19.084,24.839308
10.013,0.03674482
929.89,535.7367
0.297,10.200864
20.057,29.971954
0.17,1.3861698
20.257,100.381134
