actual,predicted
19.883,2.8506737
29.669999999999998,265.60864
20.12,0.092043504
10.497,41.807896
20.107,15.44068
9.726,104.43795
10.666,201.60728
28.400000000000002,3.1103477
0.21999999999999997,2.0782022
60.06400000000001,1442.6252
10.287,0.9169109
0.047,243.26884
0.030000000000000002,0.85365486
29.987,0.3551682
59.96000000000001,239.67331
20.66,7.353666
70.157,13.130214
201.234,373.48956
29.893000000000004,1.584667
29.253,0.017703705
59.52,139.71066
1200.67,1366.6356
8.066,2.2589974
680.44,669.8944
9.197,44.38937
1.22,0.032049913
19.91,0.06741233
11.287,173.8287
9.757,219.20615
0.673,16.36323
40.227,74.22469
19.22,0.19460604
9.65,4.435272
9.224,45.357822
9.483,0.41259563
4.71,4.952414
9.867,239.61581
20.27,17.698736
2641.003,1319.9637
4.896,0.78590554
9.743,13.422416
12.033,0.76070035
10.377,1.5260192
31.037,123.45554
11.22,375.93732
40.284,53.30229
244.21,3110.3594
10.043,9.522057
20.05,1.1198239
8.024,9.90725
9.967,0.021617386
19.76,0.019530803
70.97,1008.3583
20.677,151.92242
0.267,0.65464336
87.723,296.39005
8.057,107.466705
9.473,541.94415
90.28,145.98047
29.956,246.55923
0.157,4.0552754
9.283,4.837367
19.287,67.68079
1020.343,150.26965
646.844,714.3675
110.743,198.73428
9.813,88.25561
39.546,57.636883
0.077,0.012019767
50.837,10.397372
10.46,244.56902
150.094,0.15355322
9.883,0.0103196865
30.153999999999996,7.0726824
1569.273,1571.4299
131.057,613.5578
29.97,0.06437182
19.757,7.6262374
29.9,27.795492
0.174,0.15096428
1230.11,534.57837
10.194,114.79589
10.186,99.94592
517.02,1107.3855
600.467,248.09514
0.156,44.566124
9.626,0.05419695
0.987,0.02167341
0.266,0.0050604134
58.75,361.35873
0.173,0.008259504
919.05,1038.7377
9.74,0.8450214
20.11,18.509588
0.817,10.288933
30.884,226.82187
20.383,42.113148
0.156,0.045415986
429.31,1244.8323
41.286,435.60196
40.29,2.398888
1.91,320.36865
90.804,37.861126
38.67,36.92787
20.79,3.2621062
2804.533,1953.9934
119.137,521.10657
4518.997,3731.6606
59.8,1.1146883
20.704,1138.7883
0.84,211.65611
443.517,570.7236
19.157,42.944862
1.4259999999999997,0.006651153
49.54,41.37449
20.22,43.85729
0.517,0.041965373
0.046000000000000006,29.63858
19.683,185.48375
119.247,0.6824383
9.896,0.07333453
126.66699999999999,16.992052
0.034,3.178066
0.47,1.7506422
13.333,417.00446
70.947,166.59114
9.05,160.62302
260.19,402.69482
19.523,138.88368
529.974,443.88614
0.5,374.3143
1059.98,208.83534
20.174,38.43942
9.81,86.830635
386.633,1414.252
100.13000000000001,9.078579
9.867,0.13650642
0.5,0.37282264
0.47,137.30049
30.203000000000003,0.08011606
28.843,0.6572544
269.057,205.4373
0.014000000000000002,0.04089598
9.566,0.16079414
0.25,0.0816458
8.91,57.819542
70.494,237.3805
20.91,24.297638
9.84,19.946383
30.967,1687.1589
13757.757000000001,73.27267
9.636,5.2879114
9.233,0.12609574
1.19,97.15583
20.537,262.90625
20.176,112.72749
0.033,0.9408797
30.063,56.428448
690.913,1391.7009
6.37,0.10417834
47.543,63.339157
10.163,0.0684142
249.727,3.5630827
40.077,113.13317
9.706,0.15986174
0.063,2.0214548
9.74,8.066573
50.507,503.87726
9.96,0.23719142
10.047,1.4076624
119.724,1463.5312
90.064,245.55048
19.314,96.367325
9.643,42.490196
10.133,78.77404
159.036,429.58548
0.39000000000000007,6.5959864
19.623,2.9714437
0.063,1.605909
1079.72,130.95619
120.526,116.36341
170.207,1040.9305
99.08,62.13306
51.57999999999999,117.693504
190.13,453.88718
19.083,896.27423
59.056,18.608257
1.363,1.0032806
0.173,0.51819897
1069.79,699.4712
10.763,11.360896
240.907,363.42218
9.843,34.79067
10.476,0.14882863
9.753,38.87151
329.653,131.61751
53.907,186.05157
18.927,5.9982996
0.17,82.979774
0.097,93.02541
10.514,38.143143
150.597,0.1368564
60.424,31.102484
30.087,691.3127
19.64,0.61009634
0.017,186.87671
18.163,0.061468612
0.4069999999999999,1.3787131
29.170000000000005,12.318878
9.513,2.46978
130.897,0.0365952
20.45,649.96326
29.78,0.021182999
0.377,5.568067
49.126,56.254463
0.046000000000000006,0.026103262
19.456,0.008660453
0.097,3.3583133
10.273,0.2411749
1060.377,4756.521
21.86,111.00842
9.806,0.5049116
0.39299999999999996,5.159046
39.137,0.28726757
0.4069999999999999,0.8530472
0.14,0.018060975
20.59,502.1885
7.800000000000001,43.88843
1093.183,266.52487
249.593,510.11703
240.976,999.7786
19.85,365.92264
40.94,138.89676
1.873,1.968889
10.513,1.448163
89.92,102.166916
80.02,6.4494467
0.046000000000000006,1.9898732
4329.617,3107.7625
0.597,1.7688721
41.17,117.97068
829.08,164.23079
9.466,1.323121
19.776,0.7146829
19.043,0.06800652
0.187,0.5507154
0.47,0.09856725
1.117,72.38955
9.973,34.79067
10.05,0.692206
8.543,0.42860568
0.56,111.57032
9.724,3.6179986
10.216,30.246452
30.78,160.85307
369.75,70.75192
259.496,0.10750437
20.087,0.0037822602
140.03,412.34436
0.41,0.053021368
9.546,0.0412614
0.157,103.14852
18.956,301.25323
0.094,15.81646
189.773,67.84657
91.167,314.58405
19.5,83.77236
12.013,69.34937
9.866,0.5548219
100.993,128.29825
1501.1459999999997,12412.649
23.96,207.47203
0.047,0.028292345
18.483,0.012019767
10.253,0.07220379
0.060000000000000005,0.007389186
20.753,2.0160258
66.906,685.2777
29.879999999999995,1.8605752
716.9,187.02728
9.876,0.4759607
0.406,0.021617386
6.083,61.43174
60.099999999999994,145.12383
19.653,812.33954
20.547,8.834411
40.163,1.90235
89.937,639.5657
0.033,0.7287506
0.093,235.40523
40.197,2.633454
9.174,35.42579
9.3,1.2207477
19.813,0.042460937
9.824,0.766442
0.267,3.6219923
12.592999999999998,0.4472588
9.784,2.906767
0.153,1.5258708
9.673,106.7893
20.857,12.83546
40.066,32.403347
0.597,10.305339
40.027,72.70509
20.89,66.771805
6884.746000000001,5125.8223
10515.733,2204.3167
220.85999999999999,949.32874
9.68,0.7338011
129.374,552.73016
20.233,6.0081286
129.093,71.454414
50.553,37.53528
4.477,27.233349
9.72,1.6711148
19.234,383.1939
10.113,0.027717037
111.103,1820.6385
50.433,78.36593
0.173,11.61267
2.017,474.9379
0.123,0.020367535
60.24,136.8066
69.594,94.95015
0.10999999999999999,31.93765
9.574,30.732845
9.893,75.04668
19.95,0.026103262
0.28,1.9305564
0.077,0.2921558
9.727,0.07401129
0.313,0.5403801
89.977,704.1194
139.557,407.98465
0.48299999999999993,4.3848796
0.9530000000000001,425.14835
130.067,695.5726
28.856,7.218563
9.673,0.013021183
69.54,75.642525
0.047,1.8966117
8.696,0.015514479
130.81,142.12975
250.42,456.36212
19.79,0.60991657
19.94,66.85655
19.93,0.18289821
0.317,17.147734
13.5,0.10284216
20.4,53.307266
60.703,163.78723
7.254,127.10901
0.284,2.306645
0.186,2.2561166
8.29,1.100076
0.123,1.1786898
140.013,0.03132139
260.087,399.3258
102.577,171.4898
40.703,2.1461222
80.45,122.159386
119.84000000000002,102.19656
160.093,5.803444
20.473,482.24997
0.013,4.243177
4473.19,635.8599
9.957,0.12071369
0.48299999999999993,0.3346837
0.10999999999999999,0.050948255
21.623,0.12609574
10.354,23.763348
20.393,54.216927
19.437,22.680752
61.31,0.09422967
79.723,88.81947
0.8429999999999999,42.034092
0.047,0.066303425
9.79,0.01609105
30.603,236.02917
1.657,29.878778
8.614,1.5909507
30.487,0.018860258
719.203,1152.8694
129.953,257.4343
0.030000000000000002,0.09657269
19.914,0.16149169
61.81999999999999,292.21118
17.967,0.0046085343
139.75,354.6504
30.33,9.0964365
0.35999999999999993,0.047466084
0.284,1.7314888
20.126,391.05127
10.16,108.66203
0.28,197.37119
1221.384,306.2053
6.557,1.7866403
129.33,1018.3958
9.54,809.57697
30.083,1.4795862
39.837,5.4767685
0.2,0.03249817
132.014,514.1969
20.453,0.06996709
50.893,270.77466
30.840000000000003,562.7113
578.074,418.5473
10.513,0.0072466745
71.793,151.17409
340.157,337.7108
70.07,1.9491204
19.473,289.9644
0.030000000000000002,0.67806846
31.423,164.71391
4307.88,2297.0198
60.414,15.824799
29.366,243.26884
0.39000000000000007,0.03620602
49.38,0.4660361
19.87,237.8776
80.154,238.81696
11.949999999999998,0.0103196865
18.667,2.3288605
0.41,1.968889
0.106,0.3137289
1645.456,234.40004
0.717,41.48786
62.827,54.028645
20.506,574.066
39.493,68.783066
19.773,416.88937
19.944,634.6446
260.133,226.9121
9.973,114.237274
0.673,265.37424
119.333,59.196926
5256.463,8354.676
8.913,166.66684
0.034,1.3377204
239.91,20.184557
90.0,16.103796
11.063,0.0054745385
70.173,955.38007
9.786,58.761135
26.53,0.017904311
10.0,45.12437
30.566000000000003,89.14615
29.614,16.26858
0.157,232.38329
949.683,190.27654
9.61,2.0482602
9.273,0.4899283
953.83,544.92175
20.36,1.7987081
0.016,76.60063
20.197,163.28201
102.42,53.57197
1058.52,1088.668
11.227,168.29276
8.47,0.42860568
9.463,20.582481
11.923999999999998,0.42860568
329.833,669.3173
19.85,46.856884
41.06,0.3980823
9.967,0.021081008
10.046,3.7916298
19.346,0.44762453
19.877,83.429596
541.013,112.3795
2752.59,860.56744
0.203,8.800001
139.963,358.67096
99.71699999999998,1280.4875
10.173,0.24995479
60.603,126.465965
199.66,4.530701
439.043,1024.1199
1280.883,525.6345
29.499999999999996,0.83427733
8.737,0.020586759
19.023,0.0239398
9.82,2.5242069
9.18,14.323839
19.894,122.12686
3.5799999999999996,0.75904894
0.923,117.3157
50.187,16.087927
19.947,447.53867
10.09,2.0782022
1.8630000000000002,0.86360866
250.213,215.62271
30.06,0.20537874
10.643,111.94871
140.703,953.0577
2810.497,103.070625
19.133,1.7539978
20.1,5.968751
208.563,244.77628
31.306999999999995,214.20432
260.847,98.25338
71.37,193.42857
10.19,0.023446087
0.030000000000000002,21.895672
910.376,104.57139
21.784,63.652824
0.047,1.2207477
39.964,270.76718
161.03,400.209
61.18,1172.2335
20.114,32.888523
20.18,194.29756
7.250000000000001,61.04575
9.623,421.57925
0.0,0.1107234
19.564,211.84387
0.347,0.004832108
29.85,15.105708
10.07,0.5247434
9.217,0.0120206745
0.017,1.8134238
110.543,1133.1636
21.84,11.071446
18.976,276.63568
0.21999999999999997,0.035814393
81.103,215.16104
17.83,0.03196621
180.06,203.89792
9.313,53.811283
19.473,73.88638
44.88,77.46848
10.0,0.051241495
9.367,37.045097
31.043,24.273935
209.763,156.31485
0.0,2.5744464
19.916,95.58264
40.607,301.71707
52.32,50.231762
0.063,6.0883164
29.847,169.90733
10.77,201.17966
1.33,0.062708706
0.39299999999999996,0.98476005
99.15000000000002,470.7765
2.36,1.6459578
830.053,3209.0151
14.356,0.054290477
10.123,56.065254
10.277,49.645092
0.174,6.9060698
20.643,0.37911654
540.003,2520.0374
50.1,232.67722
20.68,1318.3601
1390.113,505.5539
129.983,214.21913
0.21999999999999997,2.8823025
0.17,0.27624357
0.126,0.03694851
0.35999999999999993,0.030761344
9.877,1.1852975
163.143,283.05948
202.71000000000004,229.13654
200.10000000000002,531.1292
549.86,629.2492
7.767,0.051241495
20.797,0.012696168
19.803,664.8352
40.63,2391.9353
2499.507,3110.0942
30.012999999999998,158.96695
139.047,366.63922
171.073,4.801877
10.257,1.8506831
8978.583,2456.9124
40.013,79.76075
10.063,53.811283
9.576,61.95916
0.05,21.420544
49.892999999999994,268.6186
10.07,6.765749
0.063,0.0816458
0.064,0.021879943
8.944,0.8308046
19.99,109.36763
20.143,411.93622
81.72,124.693924
30.347,0.0980976
0.156,0.9617147
10.074,214.17924
110.94,256.17032
80.493,67.51382
59.914,133.9872
21.35,122.281425
0.076,0.004839976
209.86400000000003,275.30933
0.19,0.89834845
19.927,205.66092
0.24000000000000002,0.0065583684
54.117000000000004,70.68963
81.396,93.92706
1510.0670000000002,938.2406
0.14,75.42253
0.623,44.751423
0.0,1.434172
11.2,0.048276186
9.76,0.057955876
320.11,247.47722
21071.55,17317.316
69.873,179.09308
1.517,0.81197506
1200.79,103.781555
390.0570000000001,60.043404
2.373,48.916805
20.073,0.1501562
10.033,69.79384
20.263,1.7314888
19.973,33.61338
8.98,0.41153815
170.13,472.58356
19.417,8.587226
0.7800000000000001,200.96622
19.393,156.34634
99.98000000000002,18.086275
150.343,412.17603
114.0,241.90031
0.060000000000000005,1.0594308
59.8,4.403627
39.933,5.0537086
750.0630000000001,6.187106
3.283,241.80232
10.093,9.271329
10.567,106.93155
4275.24,7613.375
10.157,138.31161
21.024,9.961602
20.114,1.2068906
129.076,0.090705544
59.84,495.78085
69.643,71.13881
10.33,0.036916815
0.363,0.009870168
8.86,0.5446863
10.266,0.014382882
40.537,451.66266
9.536,2.0435896
0.060000000000000005,1.5458808
20.016,0.15301527
569.047,78.64494
0.173,3.4161792
29.907,0.6309688
70.526,119.2104
111.897,1344.0824
69.94,432.68796
18.96,230.9244
309.607,11.920465
19.887,0.03973785
39.92,1.9250377
60.24,151.26839
9.597,43.39533
10.02,123.92437
29.837,7.4912972
20.06,19.61024
50.367,35.579754
49.92999999999999,11.43634
485.753,628.63403
266.097,3522.5603
22.443,173.85083
331.227,62.555584
19.967,40.702873
10.037,30.108747
9.98,0.029948657
120.074,100.73883
399.763,447.58176
30.257,0.6875139
0.25,0.009837475
9.743,1.4983877
10.907,150.022
8.084,0.41922095
59.396,733.0844
119.967,152.75345
0.796,1.9864566
869.32,934.69867
229.79,2.4766314
770.433,787.0649
10.297,8.773652
9.383,60.322388
0.33,107.50986
0.45,57.280754
19.393,1.2734128
10.17,2.2883985
0.08,0.23270357
0.013,4.804438
71.0,499.82748
10.006,109.83905
70.163,157.70067
70.83,127.057526
10.217,0.23303933
14.164,786.93506
229.97,24.08318
10.673,80.53207
229.95600000000002,429.9639
20.19,0.042641513
9.56,44.39034
20.593,337.2954
30.12,151.6365
31.04,183.96727
19.57,0.04323189
10.467,2.162902
60.922999999999995,304.31256
40.894,974.0871
30.073,392.93488
300.686,130.46434
9.417,0.3952807
40.443,10.579978
50.043,19.77018
971.094,0.32838443
109.836,354.47385
9.67,91.4217
20.047,93.11691
8.953,6.8514194
41.167,0.94629043
10.037,1152.0442
19.71,149.40494
700.233,182.55708
103.75,70.493355
0.016,3.469135
0.237,61.04575
30.583999999999996,0.114878215
9.837,0.39032286
494.993,170.30544
9.223,287.50717
21.79,0.15926462
29.806000000000004,0.070711955
129.93,1879.4113
0.517,0.33938208
3.034,2.6889634
167.43,2452.3423
579.494,1252.5961
0.014000000000000002,40.52405
378.657,229.47247
19.647,5.968751
18.913,138.94893
39.393,5.6338763
20.257,0.849992
11.077,0.62992144
10.027,0.038098164
10.156,385.33035
340.277,675.9035
9.317,179.652
11.03,29.89248
12.607,1.5523512
39.89,117.79195
0.8300000000000001,0.57133204
89.83,665.60675
90.457,23.696686
49.733,156.50618
40.303,101.69504
39.24,0.15856461
9.99,3.264172
40.273,0.02072945
9.11,0.023446087
120.21299999999998,90.66236
9.89,84.85199
459.953,1622.759
30.124,54.918404
49.857000000000006,296.51022
251.29,983.92236
19.677,16.56593
350.15,557.75336
19.766,0.0070673176
60.477000000000004,480.4747
9.94,0.85365486
9.46,0.22566067
10.256,0.22649378
29.655999999999995,194.11035
20.557,88.05323
111.087,122.91345
878.98,167.31137
39.886,38.245674
38.99,274.1576
101.057,0.06799498
9.923,0.0787752
29.326999999999998,2.182259
620.0,342.99384
10.637,0.5768386
9.793,0.37433186
20.26,2.832548
30.753000000000004,0.016589554
0.14,1.5451115
9.113,0.25555697
1.157,0.024032697
10.31,2.6945696
0.0,3.0547101
9.52,0.39126024
19.853,158.60931
53.003,362.68884
69.97,747.9659
0.39000000000000007,7.392332
9.664,0.54038215
7370.104,888.33374
10.037,0.2143832
127.373,870.49023
0.174,0.3821577
213.967,1218.0868
0.10999999999999999,111.00842
246.673,356.2592
9201.43,939.7706
0.126,0.03329582
90.096,2.1841183
0.030000000000000002,2.0482602
68.657,6.3717594
189.4,126.83442
9.963,30.614128
20.63,0.21193571
19.81,1178.112
61.67,258.65173
329.89,283.32684
19.553,122.73729
240.26000000000002,55.301403
0.094,0.34660286
0.48299999999999993,0.54038215
70.043,10.822846
81.04,85.63584
11.093,1.100076
200.88699999999997,1546.4042
18.27,384.45575
330.623,660.9584
0.060000000000000005,0.008077606
50.14,32.9731
148.763,285.7228
0.156,0.025651313
219.34000000000003,191.36157
19.17,73.17395
0.076,28.11905
410.2300000000001,418.46396
9.693,41.48786
10.42,0.16452627
9.42,0.019603917
840.203,788.5513
160.25,129.93849
11.29,91.18577
9.437,3.3640277
599.754,75.472176
401.69,628.5973
60.443000000000005,157.35722
71.39,45.93097
8.59,0.68050295
9.703,1.3842306
10.24,0.5347364
0.10999999999999999,0.5388805
1.08,119.31238
0.583,5.9967794
446.92299999999994,287.37045
163.77,47.82163
9.427,60.71409
50.293,1.7987081
0.624,0.72176355
0.48699999999999993,0.03954395
10.257,6.3099976
9.807,4.173822
299.65,665.19653
138.767,166.93611
9.343,3.7596726
8.993,6.3645515
29.834,0.0063012536
10370.963,133.53767
29.007,0.35278898
70.0,78.42153
41.124,53.615463
60.123,466.6551
99.90600000000002,520.4335
0.14,0.14569052
462.227,453.23752
0.546,231.00638
70.177,223.67392
40.203,71.63823
9.817,0.86360866
10.17,0.74739933
19.233,2.367652
1999.007,5915.5015
59.71,216.23451
21.05,2.9989116
0.297,75.572624
0.106,8.135971
0.46599999999999997,264.81223
1590.23,408.47192
20.167,7.1567435
3659.706,1172.6952
440.464,607.9445
7.82,0.09520042
19.997,1.9182627
50.23,177.6114
9.41,1.021595
0.033,50.028656
0.263,0.009267311
9.684,1.3814111
30.09,0.032931082
10.116,4.9012475
8.133,1.5631543
0.423,1.3787843
9.707,62.985817
10.467,0.010457616
49.986,6.0755115
69.14,0.020757286
57.99,36.03236
39.78,15.369687
9.91,0.03620602
336.747,479.39044
79.016,0.112260215
217.81,113.50119
0.297,0.16079414
200.233,0.24592854
1.4699999999999998,0.0866864
238.65,203.42201
58.86699999999999,4.13658
20.0,286.52795
30.45,0.0063226405
0.030000000000000002,0.14569052
79.487,68.57339
0.094,0.0074103423
39.77,0.22588633
20.087,0.34450334
0.127,1.0594308
10.386,68.26639
10.27,71.950226
0.076,0.35898733
0.173,1.1205631
9.524,1.061251
0.257,9.696011
90.003,1.040706
19.783,0.02557593
18.803,222.91248
660.103,1292.4241
0.313,127.52677
60.947,190.5572
511.29,17.720602
0.3,0.9781139
10.343,0.03882932
41.05,224.15309
0.47,4.0552754
0.584,0.5204712
0.9530000000000001,348.57593
129.74,9.868934
19.857,292.47217
108.38000000000001,79.68037
209.55699999999996,39.138367
0.33,0.036829393
9.047,0.43076393
0.10999999999999999,44.319767
9.296,0.5691502
28.876,136.19954
0.034,79.77593
10.61,81.21095
0.64,11.048259
60.186,709.39655
0.453,0.15301527
21.127,0.04789337
8.73,8.478003
239.95,438.39114
10.21,0.059520688
0.060000000000000005,1.2547475
0.094,0.034431133
9.723,2.9161906
10.534,81.41307
4080.4630000000006,1116.96
400.01300000000003,55.87031
19.507,1.1642072
51.016,90.39645
19.354,3.9733691
20.744,38.886333
10.193,68.545784
0.33,1.4272327
9.623,0.10956439
7.726999999999999,0.39146173
9.686,0.039814174
0.10999999999999999,2.4981954
520.426,2565.2283
19.85,0.22904384
9.076,5.058134
19.19,0.93316257
1364.524,616.9763
770.5129999999999,478.8451
20.64,9.3490305
0.31,0.1881293
60.186,146.66736
18.907,516.04376
8.57,0.7612482
29.987,0.55848277
9.626,0.18166843
0.21999999999999997,0.011381695
7.743,0.83234465
19.297,267.35123
59.017,74.02841
20.053,71.91488
35.497,205.59883
10.096,1.6654226
939.9369999999999,413.3667
130.087,222.6463
39.617,359.60895
10.993,13.535695
30.163,17.63736
20.72,1.584667
0.030000000000000002,0.36714518
19.584,163.13235
2600.193,104.30993
6.727,127.52677
30.603,4.9427705
0.143,1.2366246
20.423,142.17395
29.777,127.207695
21.907,134.1612
19.554,0.02118484
9.573,4.7200246
1.077,85.53758
47.257,483.739
10.74,419.10382
190.053,486.10294
10.203,28.720158
0.19,0.006959999
10.21,0.0122508425
56.21300000000001,32.671165
18.823,231.53574
11.655999999999999,44.33459
1959.65,874.166
9.134,0.017475553
19.894,0.20644777
68.307,123.31297
50.336999999999996,538.10455
50.103,321.21753
0.563,0.07011024
19.177,1249.9672
711.096,404.31253
9.414,0.11844594
619.93,474.68604
19.097,0.016580412
0.23299999999999998,0.23719142
0.53,12.059626
9.557,0.60923237
9.75,0.1950289
0.423,100.96992
180.01,320.2055
10.177,0.56395906
101.073,137.32256
0.017,2.2004755
0.187,1.2647125
0.593,0.07755057
2.236,169.22084
39.01,984.3281
369.53,1283.2411
39.267,4.303978
8.65,105.25709
0.123,136.11397
18.957,49.260197
220.55,1525.2101
194.69,648.64026
9.863,82.979774
180.23300000000003,8.565147
40.47,689.88745
0.10999999999999999,68.94089
1330.127,857.0583
30.28,0.0117033655
49.51,0.26146564
320.0,261.187
489.997,594.503
21.097,46.072353
31.04,0.67587924
0.097,5.2879114
0.927,1.1736982
20.144,0.48945004
509.78,221.17935
10.083,10.4131365
19.043,4.986965
229.87,1687.8696
16.027,21.68803
21.023,10.820266
19.91,1511.0582
79.477,520.8428
9.92,44.183086
20.096,2.101636
87.92,464.78656
59.764,426.39062
49.906,323.91815
48.03000000000001,1073.5662
920.263,241.90947
0.7500000000000001,590.02856
0.8729999999999999,13.311596
17.9,6.2039065
19.87,1.4750332
148.727,228.8855
59.032999999999994,187.9044
10.83,84.48134
16.226,4.3354645
50.314,0.23175418
0.35700000000000004,3.2588134
0.060000000000000005,2.2231135
28.523,2.2221363
39.56,7.6315036
0.173,0.65496
34.106,0.85748494
90.02000000000001,161.06311
0.546,162.10422
0.627,3.990019
2.04,2.9548597
8.654,0.026483145
0.597,36.33478
29.99,1182.1798
19.54,0.061468612
0.10999999999999999,37.794983
887.6839999999999,412.81937
10.177,41.81603
38.04,66.372665
673.183,103.21675
119.474,343.96402
1362.337,416.04672
0.030000000000000002,22.0493
40.577,2.1530302
10.74,232.87178
9.944,69.696754
19.24,78.0581
47.693000000000005,78.16973
108.613,445.03003
0.176,1.3377204
30.68,1135.4684
3715.384,328.53787
308.486,469.8091
49.95300000000001,8.3871155
9.967,77.627884
0.033,4.346836
9.843,69.5011
0.216,0.10824807
8.883,284.69888
19.487,4.432004
56.657,76.2544
9.61,136.83664
10.05,0.014382882
79.983,223.52937
0.203,1.5535629
19.683,10.158479
19.91,0.28034928
0.10999999999999999,0.06999346
50.936,35.240425
50.126,56.583515
9.907,0.2777138
0.796,0.96817464
1409.913,249.00067
79.246,41.97862
20.177,0.0239398
10.543,0.003423263
40.257,6.6661143
10.92,38.89827
11.207,796.69556
12.007,453.90094
19.937,220.89595
137.127,448.56903
138.25,296.0804
1.2,0.09976594
39.867,1.4029275
40.68,0.5839365
20.847,13.217176
49.75000000000001,115.19323
489.83,314.7757
0.127,5.8352795
20.027,9.667025
99.98000000000002,537.39746
40.17,41.58292
10.424,0.0412614
0.39000000000000007,10.082182
19.483,60.964527
0.47,0.06741233
10.287,125.7691
9.697,0.0070114844
19.18,3.1580815
1660.287,922.77136
0.064,2.2589974
8.09,6.2233524
21.123,18.747925
85.683,342.90067
1220.177,1668.2894
19.77,22.832706
219.89,127.41353
19.927,207.90305
10.137,1.6409457
0.017,0.0072466745
48.85600000000001,526.00134
89.663,741.8971
67.084,1135.0553
0.173,0.005674701
9.694,2.9548597
10.153,131.68437
9.557,0.23180546
18.897,723.05383
219.663,0.032566022
16.84,457.93726
19.704,0.24552596
60.82699999999999,0.09021107
1.343,0.3744097
0.064,1.1573594
20.897,4.94105
4771.617,2223.319
0.653,0.006816937
2012.363,734.1765
20.213,680.7348
0.093,0.007270501
0.093,5.8352795
19.87,25.296843
9.957,2.7303004
39.093,226.99524
20.147,0.65496
9.133,108.10951
31.35,96.89341
49.892999999999994,1.606693
129.977,480.1932
10.723,3.436505
0.173,1.1514509
19.92,269.0575
990.093,60.624695
20.96,2.3966084
101.04,145.01654
0.123,0.0060818978
19.623,437.26462
19.97,0.0115004815
0.43999999999999995,0.057119213
30.314,35.056046
29.336,318.3028
29.007,282.6434
21.86,103.71729
19.554,45.945885
20.723,0.022083964
40.24,151.25932
1800.767,389.34482
10.013,122.297844
0.7500000000000001,78.7934
0.43700000000000006,0.41222197
9.133,2.766506
9.097,0.03532922
19.907,11.112968
39.927,102.39581
18.844,0.96817464
129.977,0.3137289
99.14,116.49998
9.046,1.2417486
31.013,493.9475
19.974,52.154476
89.92,180.53871
19.964,9.953739
61.187,319.47275
9.694,18.927265
29.686,1.3570621
11.756,500.95462
10.097,0.10284216
39.22,231.15749
158.967,179.17885
0.047,36.281017
19.463,0.19328505
19.777,28.639818
210.23,281.54535
0.186,0.5668535
29.860000000000003,49.14274
0.076,4.204598
30.416,0.0060324213
18.926,448.70547
0.093,0.5548272
9.387,186.49016
0.973,0.39026076
60.077,154.10751
0.063,2.1298075
8.494,4.4985466
0.046000000000000006,79.4855
19.78,104.295525
40.42,0.0046291496
9.97,73.37013
33.706,75.47425
0.28,143.78458
2079.944,209.82335
2711.21,598.25696
595.157,393.07385
9.32,0.0039454685
30.484,112.19053
9.897,0.6400352
9.677,78.35294
150.493,12.069677
20.34,399.62827
20.456,1.0384467
379.634,119.92613
20.1,122.73729
68.273,79.18709
0.86,2.1012833
29.742999999999995,424.5988
0.017,0.010092424
240.33,1.0961686
10.827,50.29338
0.374,0.040399406
0.25,2.308282
19.564,61.027447
29.499999999999996,0.1845254
10.62,596.6884
189.21,691.1789
10830.307,3022.6401
0.284,0.026861353
0.14,38.69476
0.35999999999999993,0.17288996
19.09,30.370808
23.764,0.01375081
9.677,187.4057
359.947,510.8358
0.504,0.78679186
371.277,31.877684
18.54,343.43436
9.744,3.1909602
160.894,545.20526
20.33,144.58113
2671.3,681.41595
9.99,1.7282338
3770.163,1369.9557
20.257,126.629524
20.76,488.1728
9.876,181.37857
3003.7970000000005,507.42468
359.777,35.9065
1589.91,588.8748
1763.98,1067.1697
90.537,0.43506956
10.893,0.045092568
0.093,1.5458808
9.983,85.783356
511.476,93.06651
11.263,1.470502
60.72299999999999,127.844055
0.61,39.445446
30.197,67.18428
21.506,1.1341394
60.013,0.5106051
10.244,0.027060209
98.27300000000001,8.958144
69.436,53.575348
167.66,86.18924
50.353,195.73482
572.683,1255.5419
480.01700000000005,668.1628
279.874,236.09348
20.263,86.71955
39.067,47.00528
79.344,272.6683
9.607,2.306645
140.886,0.7651838
149.546,0.17666532
178.244,2.9005399
18.53,297.0066
10.09,165.71175
0.127,62.42322
52.253,48.61409
560.003,89.32052
10.813,73.83034
29.947000000000003,105.70199
140.56,116.613945
19.863,0.4167547
1.6999999999999997,36.5314
29.553,9.522057
9.954,62.26131
41.504,0.030689731
9.4,0.057955876
0.093,1.0071869
10.397,16.88314
198.99000000000004,91.22745
355.72,64.41571
1610.433,1582.4811
9.84,2.3366666
0.157,0.15301527
0.126,0.021182999
10.303,374.3901
79.77,92.056755
20.637,41.83328
249.72,257.09857
125.04,516.0695
718.747,445.08975
209.08,516.4449
69.416,106.37789
19.527,122.159386
19.824,0.5507154
0.234,19.308882
148.996,392.0536
40.303,52.754726
49.21,236.14207
0.43700000000000006,85.70606
1859.8960000000002,331.2227
0.060000000000000005,1.0008543
19.576,5.305038
23.847,189.57233
9.857,133.42142
129.4,298.45288
330.04,479.63116
20.077,0.015170648
18.946,0.013085177
0.633,0.26265255
8.544,0.69582164
29.767,0.004809213
380.27,196.64378
19.987,34.499214
110.324,77.44585
8254.493,5844.104
20.953,145.641
8.896,0.88169855
0.624,1.8443774
149.84,186.7199
9.53,0.008529748
9.64,0.04714074
30.342999999999996,41.236107
0.686,227.98895
86.936,79.36338
0.19,0.56373644
787.9699999999999,3527.6055
0.374,0.6676987
0.153,0.3740018
9.797,0.62723345
18.997,484.0756
10.296,0.009232317
19.37,232.70964
0.21999999999999997,0.04714074
0.484,0.61351883
170.067,0.9233154
0.503,151.70526
157.876,654.32745
20.504,48.976685
0.013,2.3413815
30.577,927.7292
1.034,1.142277
10.39,430.11017
39.06,1.8582913
24.066,0.75904894
9.75,198.42181
339.397,105.62791
20.77,118.16644
1650.583,383.94888
9.067,127.057526
19.714,447.2569
19.437,154.99904
19.923,195.57747
9.85,7.7463207
60.19700000000001,1415.0892
20.107,292.47217
49.573,0.08335694
60.354,125.60782
38.987,11.733501
2919.76,2506.6777
40.594,0.11755707
17.66,24.874619
0.174,55.63372
3963.14,1080.6171
9.763,1.0994508
9.57,0.18027121
239.97000000000003,519.6953
100.513,72.82953
0.47,3.3590243
0.47,1.7348126
9.6,141.87378
18.117,38.06443
20.85,831.17145
10.044,7.795209
0.10999999999999999,6.109013
39.743,105.70199
0.10999999999999999,131.07245
102.686,428.35785
0.35999999999999993,3.9143035
19.773,370.68283
20.196,126.58005
631.54,236.68176
20.47,0.2782652
0.343,0.05869622
29.536999999999995,7.4393053
48.78,0.13530882
19.377,0.013644429
153.406,94.8361
91.507,448.22095
40.017,690.84985
9.764,11.203995
0.047,48.58715
58.29,1442.0596
10.356,1.6021336
40.287,33.26672
30.467,1150.4164
19.15,228.44983
379.15400000000005,99.99377
2391.417,809.2319
1710.873,711.6589
9.327,32.84239
10.387,0.94700277
9127.44,746.23376
50.88699999999999,81.37804
9.173,68.2029
10.47,0.0075555905
0.17,0.10740098
0.047,56.38316
0.35999999999999993,68.82905
49.72299999999999,149.74277
110.98299999999999,284.3087
2181.326,1312.8748
60.043,64.48919
39.003,0.009868135
290.576,0.20644777
44.06,854.7374
149.84,1267.4692
9.853,3.9076457
9.877,0.25127935
50.353,0.12493632
0.034,1.2011187
60.603,24.731657
289.723,4.5063615
0.513,10.358298
25.32,1.2377524
80.097,258.9706
0.734,90.93692
1031.407,543.5431
40.13,3.9987833
14548.596999999998,3553.9553
9.507,2.6472523
509.833,151.72546
9.95,0.456797
581.307,610.80994
10.066,52.633854
9.703,0.07542698
19.967,0.015514479
0.61,0.016996752
0.394,4.2893505
9.72,0.17742123
2710.2,1008.1213
9.463,0.18027121
1050.01,1315.9503
0.533,358.73956
0.237,0.16914965
18.89,539.3145
240.993,2.7577713
31.426999999999996,38.763615
9.93,1.9843816
19.823,144.24324
39.89,1.8613453
133.864,569.3111
9.63,0.0075555905
39.21,1.127532
10.023,15.632044
4660.14,1403.5549
10.407,0.39340585
19.42,234.92683
729.54,460.447
399.886,0.09684808
1.14,281.23965
19.91,0.36562976
36.344,544.39197
10.03,0.020103674
0.61,168.17383
30.822999999999997,278.55212
20.09,0.13788864
422.66300000000007,59.91909
9.687,103.20066
18.943,154.7041
10.517,0.4532301
49.77,233.68497
10.294,17.459116
0.097,2.9468346
5960.970000000001,3568.4412
47.026,727.4404
0.014000000000000002,0.16079414
41.11,0.70459867
159.92,165.93234
20.334,42.042305
3529.837,2110.5854
0.187,0.34842822
10.56,9.81492
120.223,103.14508
1.036,0.009206327
9.633,6.152173
11.203,42.400414
10.163,3.4590263
0.126,66.428185
1.38,107.737206
10.1,5.9967794
69.2,979.2798
19.86,0.5098071
0.174,0.020367535
10.126,9.406102
10.704,0.7612482
20.297,9.061283
90.57699999999998,155.45921
452.87000000000006,162.82538
49.773,167.31377
9.817,265.93774
29.68,1.9825245
19.177,170.4521
10.01,33.538033
9.423,0.17987278
0.10999999999999999,0.778932
89.644,596.52435
50.387,1.8020682
19.187,42.490196
9.74,0.123408616
21.147,1462.3317
9.187,52.6784
9.713,0.27355117
449.88,210.00595
0.060000000000000005,0.036829393
19.95,185.8744
19.997,2.1072953
9.957,9.131196
110.533,0.86809725
0.063,1.539437
0.077,2.1915543
50.734,1.6244137
1930.573,422.37512
9.483,50.211235
2320.604,713.51276
7981.24,12573.607
99.677,63.67666
0.43700000000000006,1.188299
0.266,6.4245253
20.043,82.07937
10.07,9.578523
1529.733,276.37567
80.477,3.2270873
40.13,0.643522
9.273,0.62041396
10.216,57.347687
409.96,1426.7942
9.44,0.33008626
40.923,0.078934036
292.086,793.5552
2990.1670000000004,991.09503
159.863,14.36177
70.046,139.03761
9.637,8.497149
0.033,0.44370967
39.62,6.6586814
9.647,56.988693
0.017,2.8403616
30.544,6.568948
20.824,63.93709
7.977,1233.0688
9.463,234.17442
139.21,62.49728
30.01,11.887091
0.047,4.0552754
19.49,3.264172
0.173,0.29937592
80.334,225.62311
11.026,0.06734609
20.43,10.544075
10.01,7.027574
0.076,45.357822
19.04,1.419631
10.03,0.04807055
70.087,0.9131029
9.186,0.049503423
29.944,1.9023591
70.183,23.148403
30.127,42.036453
339.62,76.146675
18.773,48.044376
760.593,896.69916
70.387,928.6897
23.703,127.003876
60.626,203.69182
530.9,588.7833
126.85,167.83667
140.103,293.24557
449.993,161.27309
29.167,79.01976
20.576,7.155419
69.704,18.80004
240.63,755.7857
0.486,0.23180546
221.366,171.62103
20.29,12.222919
2565.067,429.74542
29.807,22.99157
80.054,83.428
79.41,5.6773753
0.08,0.062564686
10.143,374.3901
47.67,112.08449
9.106,0.07611461
329.773,91.31196
63.25600000000001,0.1873337
19.89,51.439724
30.14,125.300354
28.993,198.12772
20.283,85.70606
6.797,64.2574
30.515999999999995,68.659904
180.193,153.34668
9.01,9.578523
20.406,3.6232321
120.603,251.63487
1350.387,2003.0779
60.480000000000004,828.5579
9.116,0.015927114
69.294,681.64294
9.697,0.0225202
0.030000000000000002,157.88364
0.856,4.2671328
228.92,216.271
130.853,62.785553
18.993,525.09753
14.15,0.0045271968
320.396,216.37842
10.287,1.0994508
0.017,6.053092
0.047,0.05149333
11.743,165.60564
2291.036,75.63806
39.56,147.94685
0.030000000000000002,0.78676796
10.27,0.123408616
18.333,197.37135
0.14,0.88367844
19.82,304.48328
9.367,0.019931365
810.683,1431.2241
149.553,44.71541
79.837,10.542569
280.83,334.2868
0.927,153.59058
149.906,264.62323
249.60000000000002,948.97955
60.354,316.68027
169.543,1195.1552
46.953,48.916805
0.7800000000000001,0.04050044
19.543,1331.2924
260.35,164.02008
38.616,480.25305
6.232999999999999,70.2912
40.177,120.50392
9.113,0.21354435
220.10700000000003,1117.6188
29.673000000000002,114.58087
0.08,0.5388805
16.41,0.048723504
10.473,151.98946
10.09,0.046357088
100.20999999999998,19.80134
19.98,58.38022
229.967,317.86328
0.14,1.7421787
15049.242999999999,342.3584
1079.697,161.4505
0.173,1.5131768
19.403,0.44762453
19.284,276.8823
0.716,2.6889634
0.517,35.930286
29.423,66.76144
1.453,2.1298075
9.854,0.090843715
40.54,1357.0227
39.48,0.06469485
160.123,526.0881
140.423,242.5255
17.543,138.60799
19.853,575.0585
21.5,31.478642
9.737,0.3561858
10.467,0.44100562
30.007,3.6606386
29.39,13.373544
488.897,396.20673
2926.183,410.72867
89.984,234.4105
19.926,0.15709315
0.046000000000000006,0.19624573
9.01,5.6722836
59.477,134.90881
19.864,116.66345
10.053,73.63404
1703.94,52.980442
30.859999999999996,157.91292
9.41,89.64869
39.95,279.90836
1.143,0.011381695
70.227,122.51636
39.7,167.4884
1478.8959999999997,446.1351
8.063,162.94489
9.86,139.78372
200.036,448.5394
20.19,2.7137969
0.173,0.35914522
9.176,0.028969299
20.077,127.724724
9387.12,3138.9055
160.886,125.114456
400.47999999999996,201.38551
9.573,0.06331256
40.56,226.70616
19.313,205.47493
48.964000000000006,76.74634
9.827,6.074758
7.886999999999999,186.49016
340.14,18.530775
81.28,64.879745
761.354,1614.8788
34.5,0.01228544
20.38,14.497206
19.226,1.853251
19.737,186.61897
9.983,267.91888
409.93,322.92676
0.063,0.17796451
479.857,856.3593
9.556,0.015390267
0.377,0.050724458
0.033,23.763348
10.02,53.742172
0.597,1.7282338
41.377,103.214905
27.779999999999998,87.847115
298.26,419.6777
340.197,977.6434
0.060000000000000005,63.850876
7.977,39.599205
19.517,0.0684142
0.7500000000000001,30.34572
10.276,2.0673306
289.13,154.3673
0.204,2.766068
481.2,119.83421
89.404,890.61017
100.147,9.406102
0.047,6.991089
20.197,29.483492
20.753,4.910679
11.569999999999999,237.4235
30.333,0.0049428404
18.646,603.1084
239.826,26.610744
330.15,773.90247
0.05,49.507042
9.11,49.058163
216.04,363.3648
89.243,0.19101065
3072.166,1086.9703
119.743,4112.9663
849.2669999999999,104.26389
250.247,88.25561
20.203,4.1060634
20.723,9.243745
9.993,14.387205
561.227,911.91754
59.96699999999999,0.017959636
61.38,381.49002
139.733,20.613956
5555.486,821.6367
60.123,11.9567
4870.943,1839.3994
0.017,1.968889
40.113,0.008792331
9.433,1.2326953
9.373,40.06058
0.076,0.04259055
0.157,14.651951
49.813,197.98853
21.057,50.998108
0.126,120.157906
941.08,192.8136
19.79,112.92261
31.41,1075.8641
31.009999999999998,1.6771704
66.807,218.12605
20.867,0.0066105993
59.78,246.1748
1.043,0.18027121
50.17,2.187178
200.513,905.6568
0.517,0.017589804
9.804,4.804438
9.786,1.5636076
339.893,32.436256
19.157,47.85508
1170.43,1435.8336
9.69,1.5460799
10.36,107.57065
19.714,133.5957
11.414,0.07756656
0.23299999999999998,0.008077606
80.146,1980.7782
10.127,0.06655309
19.567,1.9942465
10.14,0.40940398
0.783,5.720481
20.804,136.8274
10.983,0.0016103749
39.926,143.16055
79.86,221.87213
30.45,13.236334
0.47,0.026504721
10.133,0.01498267
170.573,5.3251233
1250.303,931.80237
0.093,37.667168
19.867,1.1711671
11.677,5.2538495
11.454,0.6485079
145.14,181.54645
10.14,161.6427
10.214,0.013373211
309.273,1.391701
20.214,0.05613325
139.62,221.51506
9.547,0.24725658
10.723,5.9967794
19.84,17.641918
109.02,1117.5787
251.844,2667.8826
0.877,0.6818385
3923.8499999999995,1197.2704
49.91,9.21468
0.373,4.303978
8.946,83.71385
10.603,0.004464947
189.893,17.49904
30.92,29.581495
49.467,28.220726
10.407,46.597927
130.486,706.71185
130.65,15.700403
50.52,432.4301
0.094,16.44671
19.657,391.88785
8.94,319.37537
319.876,298.56573
11.297,0.15363877
49.933,0.7207663
38.95,250.25081
20.24,91.37299
180.07,12.712139
40.263,104.60144
499.19599999999997,204.13036
0.767,8.333879
260.277,89.50835
131.24,0.87898105
199.857,544.5536
8.993,2.5811453
1261.633,1880.8954
9.903,0.17288996
0.173,0.20532899
9.713,44.613316
7.957,0.012060934
10.276,0.017004522
9.917,84.38143
21.41,85.83832
20.247,8.6599865
27900.153000000002,6279.7334
801.063,103.48316
37.504,150.0056
59.71,1301.7404
30.217,1.0138896
50.02000000000001,6.3972616
50.136,55.505474
20.12,190.55667
39.967,4.660772
9.197,1.6466689
9.547,0.024771128
10.253,32.84239
29.593,0.17421173
20.24,269.60858
0.173,1.3210444
31.914,4.90094
9.344,0.28510982
23.689999999999998,174.65524
11.083,0.65300655
69.103,166.26743
10.246,0.2544643
0.093,2.9161906
249.81300000000002,740.8024
60.206,37.366802
51.167,36.72906
20.013,2.279808
20.086,32.33696
170.11,13.783739
20.486,158.53954
0.127,113.67809
180.317,162.10422
42.713,1276.1866
59.87,2.9729092
3606.406,326.82944
99.813,292.72974
0.174,0.045265123
49.206,101.41402
19.746,180.52391
18.63,156.38914
39.084,7.828518
29.860000000000003,0.05624208
0.030000000000000002,8.135971
7.497,1.6459578
0.08,2.0626283
40.203,128.43169
19.803,5.7784457
10.21,0.5036679
129.85,183.26653
112.84299999999999,52.42824
9.274,0.95927274
149.857,183.02467
10.557,2.3520048
70.04,115.744965
20.21,0.05580616
529.443,12.487387
59.92999999999999,35.301132
400.673,1692.5339
0.313,0.89834845
10.393,0.29791942
208.31299999999996,182.64224
540.096,1533.2362
9.89,137.33873
70.184,593.07306
1060.31,455.7197
893.74,46.434616
90.02300000000001,9.571841
30.033,11.6457205
9.75,0.07163711
49.06999999999999,190.29567
0.23299999999999998,111.22504
30.283,746.9197
19.187,0.70676076
10.104,0.5106426
0.017,1.3417307
140.293,117.38357
80.383,269.4652
119.957,309.38278
19.203,65.47579
0.346,0.7940826
9.6,0.011817631
1.113,0.0076132957
109.85,437.47366
180.163,768.03937
19.687,218.91211
9.163,227.57051
0.687,76.2544
39.816,0.4120793
0.046000000000000006,0.6771211
0.047,103.776726
119.636,299.049
1190.22,1557.9785
0.657,1.0957515
9.824,883.06946
71.184,96.81672
19.224,1.9491204
0.25,0.026483145
4317.057,2377.3481
0.030000000000000002,429.20288
40.353,106.43446
19.557,2.2231135
0.206,0.7315693
10.107,0.649092
1020.8,1398.0377
10.033,0.51819897
10.483,136.855
410.507,179.98796
0.204,1.4881063
0.767,0.09033565
4303.073,1959.2612
19.87,116.49998
157.424,112.50872
400.73,1742.8339
19.904,43.758743
18.327,50.485245
2689.336,122.99378
8.994,47.358585
149.733,0.68103987
29.677,27.581472
68.827,960.0812
0.017,26.407978
3797.52,757.8559
1570.4,238.43523
9.417,52.122093
29.456,74.67276
29.47,202.09369
1520.113,389.40002
0.047,8.8782215
10.753,0.09196454
210.06,57.429626
19.813,0.026504721
40.064,139.17067
0.063,36.11927
930.91,484.2812
80.34,76.010574
149.947,291.94324
109.277,718.94727
10.076,3.515143
85.093,535.28687
0.030000000000000002,19.353035
0.10999999999999999,0.0198167
52.696,439.07745
9.39,46.437183
0.38,0.22509132
0.23299999999999998,0.23482008
9.57,1.9898732
19.583,98.23056
9.063,43.275352
499.937,10.141562
9.803,20.395668
10.144,4.682636
50.99399999999999,145.41356
10.927,5.8866057
18.64,39.867752
36.013,1187.568
0.093,35.33647
9.827,195.78636
20.486,123.18262
9.77,0.022481509
39.027,0.088897735
90.32,193.874
369.983,111.138084
250.64,750.9931
149.654,45.097683
10.856,1.061251
10.23,0.15301527
0.156,0.66444266
130.346,62.94294
0.124,0.031153198
18.223,0.62202847
19.73,2.6245039
67.47,587.65466
10.256,1.3065872
11894.147000000003,1409.2401
18.943,82.4435
0.297,0.083128236
892.69,717.61786
6552.3240000000005,3162.971
168.523,242.54852
0.406,0.7514259
19.926,276.437
44.797,740.8024
29.806000000000004,28.52263
89.8,106.75028
130.124,205.43651
0.53,7.52714
0.4069999999999999,40.52405
0.31,103.64153
39.95,598.8925
0.203,118.16644
281.723,162.73999
60.143,227.83319
19.586,487.59732
8.74,409.01523
0.064,1.4167165
490.044,1017.66895
9.383,136.25563
0.347,51.635757
360.074,798.65967
10.427,0.0078760525
10.693,12.272734
18.82,31.504507
0.107,1.5068693
450.254,795.7085
9.764,0.101052605
0.43700000000000006,0.13123114
120.40999999999998,68.24885
153.674,114.37698
11.483000000000002,34.690193
20.99,0.0042346227
9.243,1.0640721
0.047,3.1149843
29.163,0.8726701
18.706,46.598145
79.783,95.10254
30.083,1.837881
0.093,0.20595181
532.033,362.15936
0.43700000000000006,467.65396
39.413,1.209466
30.213,94.50532
10.014,22.353525
40.37,85.027855
0.14,1.2557098
39.574,214.93422
0.017,0.85365564
31.457000000000004,0.022518005
109.696,545.8391
0.157,68.82905
1.477,2.302307
9.76,0.051689804
0.10999999999999999,0.01080328
464.49,1765.9248
0.093,3.0601912
89.853,199.05496
20.133,267.48843
11.313,142.09192
10.056,9.21468
69.293,3.233097
19.986,169.97469
0.343,0.8022133
1.02,0.046600834
11.682999999999998,1.4807237
20.227,37.138336
10.49,3.8894746
0.156,69.275406
586.937,887.1208
9.0,0.12458081
7.1899999999999995,0.007082276
0.893,0.060484525
1467.4300000000003,290.02237
500.13,135.69075
10.68,1.3645965
41.97,183.3173
179.643,8.333879
4850.97,777.147
0.174,53.346027
240.83,375.4445
89.84,5.708537
15.216,0.14565077
0.53,3.2621062
30.046,173.00949
9.577,92.318115
650.024,1053.0012
20.963,0.06913203
30.14,392.6107
9.81,47.619633
230.97,430.71082
260.583,143.54558
0.187,0.5962797
0.77,160.44606
500.45399999999995,1690.4363
40.404,0.6509528
240.497,27.009468
0.47,1.6582278
19.313,49.507042
340.237,104.62732
30.143,60.840797
9.287,67.52243
1560.223,521.46094
0.6,284.02863
0.187,44.93342
36.086,494.0905
12677.1,1090.034
9.763,0.027336163
229.587,69.46326
0.0,57.030827
10.503,0.035749756
60.9,372.5354
19.994,2.0511198
20.157,289.46747
0.10999999999999999,120.108086
0.033,1.7944012
9.5,94.03475
10.75,235.64857
179.96,2946.7478
79.82,292.70834
19.237,1.0352379
0.19,0.13307114
7791.710000000001,472.6702
9.587,0.2667953
8492.047,4321.255
29.233,117.04082
9.973,0.71820563
0.173,0.039656077
169.86,0.044671133
78.747,94.66925
9.26,1.1205631
28.134,0.036545258
19.603,0.11411518
69.976,293.9787
11.024,0.21280375
30.353,44.761696
1092.597,402.96442
80.03,0.6047693
10.4,44.60465
20.19,0.5318405
0.10999999999999999,218.44594
3.1740000000000004,0.036057472
2140.576,288.14328
9.163,0.061387364
41.04,0.0051250076
78.707,140.75595
19.407,0.21193571
929.81,2539.9
489.467,1144.8167
101.264,133.95905
749.474,207.2315
0.737,0.6496468
8.727,0.35850665
27.299999999999997,224.19797
160.15,388.73077
50.227,272.8674
0.060000000000000005,0.04336762
59.93399999999999,1953.7046
0.343,2.7283618
0.030000000000000002,0.51819897
0.987,0.1366548
60.256,187.56042
19.66,38.465836
20.05,27.281591
10.29,0.007978878
9.8,489.9036
20.073,0.8024933
40.31,3.0547101
464.24000000000007,474.33182
1740.5970000000002,90.8896
20.05,19.61024
130.06,97.207726
679.973,791.7635
99.526,53.585697
2447.76,913.9101
110.283,284.58203
140.197,317.27975
30.933,0.012707313
9.99,18.387728
190.503,7.6447234
0.89,60.71409
9.956,0.187103
150.793,453.01068
8.977,1.4573538
19.72,0.0117033655
1.267,1.4634509
59.597,1689.3518
10.3,0.005249081
8.863,4.6095443
229.594,787.05743
130.467,688.9341
329.734,227.91045
0.3,0.008076743
20.06,0.6013221
29.387,0.01071137
9.793,0.43087032
279.196,211.08383
11774.237,2091.185
19.82,525.35706
0.143,0.24725658
0.686,5.1962385
59.517,1312.2717
0.377,266.21976
130.107,82.11578
10.267,358.12024
19.73,0.18584749
0.23299999999999998,2.654917
40.633,139.51698
529.7,1426.1506
62.593,27.18506
19.18,80.53207
170.11,17.22213
9.53,0.4012799
9.014,135.8922
29.777,2.7283618
200.47,808.79004
10.28,34.121704
498.6000000000001,595.53076
421.077,492.67078
0.267,77.21812
59.67,75.707
10.433,481.97662
0.033,11.203995
10.094,1.3787131
39.527,148.18387
10.153,68.62343
2.16,150.26607
28.713,0.011307886
0.064,6.4283133
16550.01,37.73665
9.113,3.8669224
20.53,52.512215
20.43,0.033493336
0.94,11.112968
246.226,95.68767
0.14,0.8470684
39.487,113.202286
210.34699999999998,93.28225
0.64,0.15580156
19.924,166.74144
0.21999999999999997,0.011794922
0.093,269.62875
0.47,266.58273
1618.594,2044.3242
69.987,2.4535491
19.933,386.10657
0.35999999999999993,0.04089598
1022.143,572.69275
139.173,127.09296
31.21,143.03906
129.726,42.095333
619.89,112.72159
9.837,0.042135525
50.256,118.14452
40.2,141.3033
630.784,329.17743
40.46,31.809494
9.95,5.7692738
91.22,70.59627
41.283,63.97901
0.187,1.517738
853.657,337.82654
24.863,6.0364056
42.16,248.40672
130.197,17.132607
179.95,524.34064
20.033,77.92741
119.85400000000001,16.464502
180.106,94.790245
1.49,90.4635
180.083,628.0542
21.017,1180.1444
1.314,816.7891
9.793,14.691859
19.586,0.012590196
88.343,161.6828
9.544,0.083128236
45.385999999999996,139.62419
17.69,0.022513196
170.2,234.39024
10.306,104.711586
100.047,4.418176
882.09,1682.2435
8.987,1.6675171
5231.387,860.49927
260.317,135.76292
0.25,103.84162
10.793,0.05604884
0.5,0.0045271968
0.28,0.04868852
9.98,1.7484365
40.744,65.311134
9.987,4.346836
9.72,2.2237265
10.54,3.875683
0.094,127.56873
89.337,457.47305
39.957,66.273506
291.48,602.1272
0.14,0.17742123
140.17,16.760046
10.31,0.025694404
9.813,0.88169855
8.72,58.437355
1261.667,359.86185
0.423,160.2504
19.69,137.74678
800.3769999999998,643.99005
29.966999999999995,159.39253
0.174,0.82194984
19.867,918.22235
330.007,43.7132
2914.197,821.1333
21.133,2.242744
30.157,68.62343
8.85,149.83617
89.94999999999999,54.661793
9.456,0.057073038
0.163,0.13214292
19.887,114.77527
99.593,318.3851
19.503,2.4308631
460.807,12.1174
111.004,690.0527
20.11,72.44878
0.783,0.73111033
0.987,3.264172
1526.707,3510.0474
0.783,0.060484525
60.257,398.08453
19.06,0.36263016
589.496,668.0327
90.05,19.101746
9.99,2.8403616
10.693,2.9797661
9.18,0.022981526
108.99600000000001,50.602882
0.423,0.20127812
1708.31,1437.9905
1047.033,495.77054
79.827,244.74144
200.894,1309.3663
241.52,517.41736
90.21,79.22177
38.823,82.863045
9.893,0.14627719
10.11,11.2183275
2129.856,420.186
288.723,0.5414995
19.653,1.763161
49.707,160.96118
0.08,0.78676796
9.657,0.5050233
10.577,68.332405
1.45,0.47230226
30.143,1.667668
0.157,0.013665708
57.452999999999996,304.02725
1265.47,557.25543
0.283,0.0075481143
750.2570000000001,358.1961
0.94,1.5759639
216.03,282.44553
10.024,57.0793
2.767,0.16594623
10.93,0.0046085343
0.093,35.930286
49.357,55.48877
9.917,389.85138
560.433,76.76563
179.87,193.85245
79.573,34.31795
0.267,0.27091864
649.88,262.31088
10.217,42.944862
9.763,0.15480126
13.263000000000002,52.997055
9.003,18.80459
0.030000000000000002,1.3210444
8.253,0.5507154
580.64,234.82408
0.10999999999999999,0.057073038
0.25,2.5048153
12.377000000000002,15.105708
10.043,0.017345479
19.25,0.1477017
10.777,0.87196964
19.953,6.8949437
29.867,0.4262065
29.633,105.21733
181.65,464.19934
2.534,1.0994508
168.296,156.42645
20.47,0.83059704
139.28,2201.5315
0.237,0.6163079
19.59,186.93884
72.614,353.8877
141.63,247.95494
40.047,0.21570437
0.077,6.21486
21.153,1.0975002
61.02000000000001,0.0055318647
28.75,223.56139
8118.856,2963.4233
10.084,0.060484525
250.247,100.11793
2773.78,2267.18
4.1,3.376859
41.37,281.23965
20.023,155.98079
1945.123,191.02908
139.99,1450.5984
0.237,49.96588
19.907,24.657917
9.77,0.04074458
19.39,135.42447
9.717,65.13511
100.15,200.39232
8.26,0.6496468
9.03,79.39921
0.21999999999999997,3.1632714
0.016,2.1590855
0.0,0.022983825
18.303,37.116367
10.553,10.216565
0.8,0.03620602
9.953,1.5520716
8.95,0.10455049
8.357,44.60465
10.113,10.510942
274.67,346.16278
60.593,8.121059
289.543,47.440823
300.096,785.79755
20.81,196.6367
19.923,60.6834
250.09300000000002,352.1478
40.253,1.0485033
20.103,0.21785106
19.817,0.3105781
200.527,170.98967
9.34,0.5049116
1281.986,129.90228
61.02000000000001,187.10422
19.697,6.6598425
30.737000000000002,44.751423
19.63,128.24261
20.12,1.7539978
30.733,0.3189673
142.106,200.46577
40.057,395.1009
0.22400000000000003,11.087293
46.703,140.76973
139.973,201.71967
250.78300000000002,12.568609
1.8469999999999998,5.3729568
9.737,0.031792097
10.943,1.6244137
1.25,87.883156
9.217,199.902
70.177,11.432685
9.213,5.659146
139.616,0.012503792
20.0,96.367325
8.877,0.004322947
170.097,1687.4043
11.227,1.3455223
34.117,221.89697
0.08,3.2130792
9.933,6.837147
465.05,534.8395
1710.3170000000002,2533.7566
10.297,61.07395
60.4,1071.1251
10.364,0.0087603675
60.88,17.689054
9.31,70.74923
0.877,10.361063
9.226,0.60382354
49.907,1.0937096
90.91300000000001,448.59955
17.86,44.751423
21.92,186.53957
20.16,76.14986
30.134000000000004,1.6620811
20.0,272.8053
20.07,657.42773
19.573,0.01414888
769.554,596.2291
440.243,126.32724
7.933,0.19377787
40.227,417.49738
1379.644,9728.168
19.407,15.088737
9.59,5.1556144
1.144,0.025970122
0.157,6.991082
19.96,264.81223
18.583,387.90466
749.273,400.5186
30.04,0.019530803
90.57300000000001,147.88104
59.563,125.00492
110.773,81.24242
0.2,0.0060472246
30.064,144.77354
9.373,0.18117452
10.264,23.280483
0.547,0.04173476
20.377,107.92813
0.030000000000000002,187.8114
20.317,40.855453
0.594,549.997
2250.93,985.89905
30.307000000000002,19.946383
20.0,0.050948255
760.967,447.17703
20.54,143.78458
8.8,182.08044
1.36,39.867752
20.11,191.77943
20.136,0.2781251
9.84,0.33572325
9.08,0.036741197
70.106,77.08297
0.427,0.187103
679.387,391.88785
59.58,134.52773
59.023,282.93478
0.034,1.4125669
20.114,27.249134
20.126,32.206406
8.79,0.31435633
0.10999999999999999,3.073973
219.96699999999998,450.66827
710.803,624.48224
920.69,604.33527
51.11,405.15875
17.757,164.30635
10.04,0.4968666
199.77300000000002,42.43562
19.893,0.102660485
30.177,52.6784
19.533,92.35652
19.74,10.288923
0.826,0.03699798
0.0,0.3180991
9.366,0.35408896
20.46,0.5446515
29.896999999999995,16.42166
8.647,0.04336762
20.13,204.07567
1665.653,1335.174
3749.0899999999997,2478.247
20.183,2.3092728
1880.7499999999998,448.7122
39.443,199.2811
100.2,197.70448
0.373,0.030948754
40.01,4.1157146
0.23299999999999998,2.1741827
31.285999999999998,3.222432
0.21999999999999997,0.15958954
20.886,112.3409
11.03,199.26636
0.077,62.294224
19.734,0.04089598
886.937,1225.172
500.58000000000004,29.048487
30.64,139.39645
40.073,1511.0582
0.23299999999999998,0.010856305
9.873,737.80585
21.054,0.047169738
168.047,232.31319
10.186,20.169746
460.127,412.90363
849.9700000000001,140.43929
81.623,157.8313
34.147,158.62196
199.50300000000001,230.7577
9.853,0.053315446
79.523,280.50833
19.674,93.02541
20.036,0.0068232655
79.32,77.42721
59.954,51.534477
0.484,0.045265123
1.0,225.36461
20.514,77.75377
13529.773999999998,45.59213
0.030000000000000002,1.7643889
0.123,137.0029
9.2,0.32212514
9.82,78.65655
100.13299999999998,282.85297
89.95999999999998,76.62135
20.604,77.75377
230.333,215.57256
20.003,7.4650645
35.497,36.96142
132.907,1393.4496
120.464,2.9602919
14911.067,1077.9419
19.787,469.43237
9.8,0.010892624
29.247,44.957664
0.14,65.68138
30.442999999999998,113.992676
329.03,178.19905
147.387,120.95187
30.155999999999995,22.292501
10.334,0.41989267
138.484,367.39548
339.287,1.3859556
8.843,0.7151779
159.937,610.2004
20.12,8.8782215
29.663,678.3761
8.97,1.1222143
0.48299999999999993,4.346836
10.1,0.36714518
19.07,1.176915
199.14,87.29388
18.76,119.73439
8.216,0.45720148
29.89,0.5247434
9.56,0.003788426
0.064,24.256193
30.963,72.90203
18.8,270.60193
190.61999999999998,118.547195
710.08,261.60068
10.053,0.042460937
369.99,245.21782
0.08,29.417616
0.43700000000000006,0.69601476
49.9,17.053267
19.564,0.040922508
0.23299999999999998,0.038743652
398.993,77.48693
30.6,881.68787
1766.91,1032.8749
20.634,4.323212
0.326,75.87716
0.094,0.047466084
29.636999999999997,0.6637043
0.394,0.89174885
1.977,377.31387
0.10999999999999999,0.011345704
938.9100000000001,1014.5789
10.663,56.541374
2058.713,842.1075
19.53,31.399273
10.047,2.9729092
0.25,0.055802535
0.0,0.17742123
9.96,0.4562415
430.003,50.62679
22.896,52.15885
39.433,103.776726
19.014,92.51762
180.144,204.68382
14774.9,1857.1813
559.827,157.94713
0.816,0.01256262
39.336,96.36868
20.003,0.6083974
70.107,558.9969
19.88,366.10028
9.897,14.230069
0.23599999999999996,0.8308046
18.67,0.03694851
40.103,149.0676
1280.98,210.19218
10.89,35.42579
19.673,177.6114
20.057,6.2039065
8.94,0.0665194
9.897,0.05183819
9.883,16.342884
10.443,154.17374
20.116,40.834484
20.027,51.032898
3873.5429999999997,712.20233
530.27,786.3003
40.373,138.34729
20.747,0.21575907
11.056,23.763323
89.4,247.55048
18.76,1.2417486
0.267,0.8726701
20.653,1.9212322
1.533,393.00662
3093.513,3810.66
21.174,2.8715377
51.016,0.7745387
10.13,13.150322
10.176,179.652
10.4,0.81197506
39.61,419.96332
1459.6340000000002,674.39264
0.127,0.04714074
12.104000000000001,78.107315
20.304,58.65891
10.793,0.39032286
20.24,0.39734122
0.204,0.06800652
30.166,1.9492114
9.963,0.121057354
0.957,0.720451
110.053,109.509865
2329.82,243.83539
220.777,238.36739
10.103,55.994125
19.59,189.96344
10.314,54.811478
18.606,165.65413
29.960000000000004,105.61
541.073,176.78624
18.873,53.30229
10.167,5.8713865
70.304,192.11105
0.064,7.5374107
20.63,104.651825
9.986,6.702515
109.92,217.19966
0.53,0.5548272
0.093,0.12891635
70.894,956.40204
20.266,0.070816085
32.003,48.353317
79.89,52.77423
0.23299999999999998,1.416718
224.01,736.8314
39.866,154.39207
0.106,0.08564495
0.106,0.8308046
30.347,113.92492
0.033,0.7875591
38.85,78.44961
0.064,268.4826
559.773,2876.5754
17.703,0.706362
20.54,896.5478
368.403,136.50267
207.32700000000003,183.61514
29.033000000000005,74.62237
15.126,182.23744
9.593,358.62485
1.107,128.78073
180.19599999999997,1945.6117
289.49,96.32661
19.82,0.09196454
1090.437,436.29547
600.05,2142.8274
361.803,85.385544
38.807,284.69888
12.420000000000002,0.010279777
70.083,17.701792
1229.337,698.52454
150.184,477.01965
10.353,7.3456826
12.71,136.9465
50.56,502.73264
8.83,269.62875
49.863,0.10806323
79.914,119.38152
31.123,92.09741
19.033,199.1903
110.04,656.0385
9.683,204.53214
9.947,0.16961537
29.086,69.46326
2.206,0.0057381005
9.476,21.733252
0.093,8.993696
8.88,0.35075864
1330.29,2198.066
759.907,560.54675
1.05,1.0384467
59.81,390.64557
5.163,2.8506737
70.237,155.69788
9.62,0.041411676
0.14,0.003622824
9.414,47.299202
59.85,109.36763
10.814,1.0504647
0.013,426.38657
540.34,126.772804
50.64300000000001,1320.1549
39.787,60.401188
99.493,131.53456
51.173,60.035744
50.75699999999999,75.17805
9.28,0.98476106
50.67,913.3378
11.833,412.50305
1.4569999999999999,0.04550105
0.237,0.7146829
230.227,6.134598
80.01,272.6261
53.067,284.67563
0.030000000000000002,0.17727426
19.573,1.4850866
0.467,0.040347774
3243.1270000000004,1361.6959
49.554,276.07507
0.25,0.64439404
89.906,85.964905
19.447,0.013481003
40.133,573.813
20.077,0.19977197
180.23700000000002,367.1377
20.713,0.8461538
28.657000000000004,139.22041
0.394,0.0100399805
19.66,70.39663
320.59,232.46379
12.607,3.3583133
3.156,2.633454
0.39000000000000007,56.254463
0.106,0.09507938
16.637,0.03699798
18.616,2.0080647
10.027,0.06020443
21.703,0.2792989
10.084,37.93783
3265.4829999999997,455.09445
289.743,80.7624
9.847,39.445446
10.253,3.5200136
99.337,103.19142
1.77,139.32108
0.19,150.63904
0.586,0.029988984
20.133,2.5666752
9.443,4.53131
0.203,0.083947994
0.083,1.1266946
9.723,0.42135927
8391.714,352.44083
10.14,1.9949996
18.953,2113.654
20.547,0.09707519
111.353,129.7139
29.636999999999997,0.2627898
9.953,0.6000624
59.913,31.202513
2279.04,3604.2205
20.347,17.254883
10.817,0.560195
0.10999999999999999,66.76144
1.45,60.71409
8.973,4.235414
0.39000000000000007,0.4968666
20.863,120.9788
370.77600000000007,1030.757
0.754,5.760204
0.297,195.1526
9.17,0.01751104
30.186999999999998,58.69998
0.43700000000000006,42.034092
0.173,139.90512
348.827,245.8558
30.19,807.4288
999.563,2264.4155
21.416,604.50134
49.743,14.039764
0.0,2.0482602
19.916,244.87637
100.5,461.60397
1.24,12.726921
9.677,0.074837215
120.356,77.9675
19.997,33.034878
6150.953,209.05177
17.09,121.53796
8.314,11.360896
0.156,4.8389997
6769.84,7453.325
149.73,75.755165
1.033,0.041347153
60.157,24.355097
20.53,0.01488
202.457,209.9208
60.213,0.32790408
429.033,485.50104
91.136,133.33542
159.713,0.051035978
9.11,84.95917
0.186,5.935157
149.943,311.8192
0.063,1.3842306
122.283,0.006552135
29.887,205.7742
40.88,144.77354
2130.276,1462.2034
0.35999999999999993,1.4076624
0.546,30.426317
10.097,63.76568
19.826,137.35649
18.974,27.004501
9.21,0.16079414
8.147,1.7505305
20.247,122.660255
19.593,587.1874
19.946,0.03233571
170.356,1420.2019
0.204,24.09746
1510.3169999999998,1202.9456
8.22,261.90103
19.976,29.94974
129.563,819.82825
41.9,256.8293
19.37,214.20432
60.086,107.799736
19.934,0.14882863
8.987,2.1567066
8.053,199.68988
10.593,0.06910489
2561.127,449.8731
20.0,1120.5846
289.98,366.3085
8.934,0.04259055
109.11,221.33183
0.653,3.0337443
0.35999999999999993,0.27355117
7051.27,252.32703
0.02,267.75735
8.646,154.37904
0.23299999999999998,0.00776381
700.5,363.6286
0.063,1.838216
19.166,0.0087603675
209.8,3118.619
0.673,38.64089
0.283,0.010776393
9.987,49.39135
40.727,188.90553
59.353,282.40906
11.883,0.5232293
38.544,0.0046085343
0.377,0.93162775
109.976,660.13074
19.804,541.5602
970.4500000000002,988.20276
51.227,2271.9873
18.983,0.008213845
1780.503,1587.7393
70.067,23.223679
9.343,28.267885
9.277,2.8780267
19.797,0.5254159
271.083,392.51166
100.784,309.63287
9.88,0.5703249
42.173,11.284012
299.993,416.21704
9.21,150.63904
109.217,423.50693
0.23299999999999998,0.00646502
10.21,30.02304
9.183,0.08271945
10.05,18.981201
1931.603,885.5622
490.04599999999994,429.86115
29.594,0.0132911885
109.793,1168.7754
29.387,3.1730027
0.234,2.0080647
1890.046,896.0854
309.853,111.99112
79.71,8.339198
379.837,512.8254
9.646,0.21232209
250.187,289.59146
29.914,368.1777
19.783,22.67174
20.407,105.0036
8.986,0.11634726
1235.62,694.2886
0.047,2.3157012
30.01,198.14728
19.64,13.322413
10.15,122.97051
1387.03,946.845
1929.44,261.82874
0.093,1.5005884
19.24,85.783356
637.733,628.1522
33.793,0.7693743
19.406,58.378452
440.496,416.24298
9.663,16.253633
9.99,196.30386
1510.16,355.24222
30.194,205.8854
9.76,207.76927
19.1,2.1299152
14.797,182.23744
454.11600000000004,190.30328
1987.473,207.13782
0.263,0.038909316
10.29,48.044376
9.857,3.2557287
9.973,1.0794193
9.517,0.47606373
55.277,255.39287
7.307,2.1657295
269.81,44.475605
570.957,303.25345
119.89,618.23724
939.87,288.19818
19.93,0.027335066
0.10999999999999999,31.102484
80.177,714.1847
229.72,314.91287
1054.36,1235.9958
59.907,192.07216
110.247,227.5072
19.107,336.92554
8.446,0.016823713
150.003,292.458
0.174,2.3796535
30.95,401.2717
19.283,0.47454762
59.787000000000006,29.273773
52.43999999999999,140.16022
10.706,38.829903
19.873,42.036453
129.163,738.2055
139.797,955.9657
130.117,111.69457
10.574,0.032358073
69.303,255.38197
9.5,103.214905
190.826,9.007075
18.67,844.6962
9.606,2.5908492
0.08,1.0050771
190.053,120.50689
10.467,11.991577
0.23299999999999998,6.5959864
10.613,69.34937
29.903,1.8654642
659.95,605.96
31.176,98.95272
19.21,60.076004
301.804,1439.2896
409.883,747.8689
120.614,61.96187
10.073,35.397305
50.336999999999996,1.4850866
49.393,0.50669926
30.07,0.18584749
29.466999999999995,107.345
35.2,75.23577
119.673,4640.428
100.03,413.88663
110.64000000000001,86.2095
20.374,43.060326
0.564,6.73382
31.377,107.15266
9.99,0.009794702
9.33,1.3417307
19.297,4.4215055
0.030000000000000002,0.71820563
229.81999999999996,488.4174
49.94,49.197445
100.637,117.56874
310.347,396.3052
9.64,268.20306
59.82599999999999,0.14648561
0.047,0.48870194
401.32000000000005,405.56305
10.067,37.667168
90.42000000000002,372.47623
40.91,599.0555
40.256,157.27814
20.683,361.35873
9.237,1.6251931
40.833,12.72121
0.267,0.2781251
1820.48,1178.5602
20.627,81.77776
50.204,2.9995234
1329.917,267.9473
510.207,65.69402
139.814,72.35957
101.137,78.61424
89.877,0.40904763
1.4699999999999998,35.94474
254.71399999999997,1044.5298
10.214,34.79067
1069.923,223.95808
139.873,1174.4349
0.656,100.71361
14.35,0.026504721
9.936,67.99163
9.847,0.005590949
237.99,573.8611
29.810000000000002,0.012344736
131.037,185.8444
0.876,136.25563
20.64,70.40306
10.777,3.7722418
20.777,95.85272
0.203,85.83832
19.427,475.65344
61.09000000000001,0.8654876
19.73,1.9622105
0.013,7.2556815
31.615999999999996,160.62285
1395.353,79.51586
19.26,65.88292
35.03,214.66493
1521.8,1215.7899
0.076,0.54810613
0.517,3.2588134
19.264,37.794983
0.030000000000000002,1.1711671
684.687,458.8396
2699.934,472.78082
18.39,66.68837
689.783,1311.8196
200.587,695.7718
70.133,133.38297
49.97,110.59878
6170.12,505.769
80.963,0.28792197
18.94,0.011579258
49.22,1.5420865
21616.81,62.3423
227.89000000000001,1338.9062
20.243,3.95459
709.693,470.62497
20.107,78.26691
11.593,0.5520121
60.016,0.048396964
109.974,109.010796
10.497,1.6118143
20.49,0.011074892
9.633,2.6945696
49.269999999999996,13.311596
169.033,457.39792
9.984,0.022083964
16.44,0.011438092
9.88,1636.8969
120.06700000000001,0.8701287
19.96,187.4057
15.037,0.11481885
0.47,92.26937
0.63,0.024430137
658.716,3169.057
250.734,102.97357
10.873,0.03062748
20.117,165.60564
0.14,0.50567013
7.583,0.014678985
4925.853,1731.8016
11.127,48.39179
200.33699999999996,137.27895
0.20699999999999996,8.478003
751.05,201.13614
159.61,336.25098
9.58,0.89604616
9.917,3.5186977
20.066,37.32858
30.32,339.20157
0.48299999999999993,78.06695
300.97,310.63644
10.277,0.43177238
720.6000000000001,108.44588
9.697,213.58925
20.52,245.8558
19.383,77.79332
39.327,101.4839
370.247,804.87756
60.734,0.41511914
29.354,1.7187569
9.17,0.6764151
0.097,2.1590855
0.10999999999999999,13.976676
210.337,259.6933
20.063,12.887685
129.783,12.093787
9.784,0.019228116
0.546,209.70352
9.766,1.2366246
328.44,760.65875
20.446,115.40141
2370.76,399.4987
19.933,36.500145
12201.754000000003,55.419098
18.97,456.44055
149.89,458.88248
9.424,0.04617367
0.297,31.65665
28.494,39.102802
69.203,196.9138
0.563,214.20432
30.09,14.265795
0.013,2.0482602
0.58,58.992004
50.48299999999999,487.2882
39.59,3.6475055
19.56,0.19115752
41.256,196.95235
0.25,1.3455223
19.03,3.3024945
30.28,0.25010335
39.94,393.50565
60.23,85.36498
10.98,471.16547
9.453,4.490074
8.303,0.33023039
61.23,11.403458
1.0,45.586735
1079.137,2152.3494
0.5,0.2694579
40.09,56.310017
191.843,39.774143
0.10999999999999999,92.54738
280.137,1129.7548
220.75999999999996,3.2557476
9.64,114.13472
10.147,37.667168
1.4869999999999999,252.35146
9.73,130.4631
19.873,56.7028
40.046,55.037594
0.093,2.288763
11.450000000000001,0.0084823
0.093,0.4968666
10.294,6.1709733
34.8,611.2884
19.89,2.0482602
190.047,162.35226
19.336,6.845921
7.837,100.618675
9.396,0.018060975
10.16,1.5022279
20.13,0.19037741
79.083,61.343513
39.376,1091.3849
1370.496,1027.1538
0.27,147.0545
0.5,528.7761
20.497,1.8134238
10.91,443.75784
0.254,1.2812235
10.73,254.42365
20.067,9.271329
98.167,466.78857
7.883,1.1554834
20.437,22.251486
29.904,0.019928629
1048.807,80.66665
0.030000000000000002,0.8085004
80.85,536.1291
20.103,2.0754218
0.093,0.726661
19.044,524.2086
0.17,0.0075555905
0.107,0.053600382
11.0,4.8168597
32.166,78.73357
89.4,839.65485
19.604,38.264626
350.874,73.86894
8.936,0.027060209
9.92,217.54071
30.18,183.24388
20.13,294.56256
110.067,59.3912
0.614,8.99753
359.567,244.11098
49.72299999999999,100.61343
0.7500000000000001,49.53375
0.296,106.7893
19.544,155.98079
9.6,27.16209
14.646999999999998,0.009794702
10.216,0.01256262
0.7500000000000001,0.5703249
30.340000000000003,76.22167
9.863,0.017464543
0.453,848.88837
110.137,2.045826
0.187,5.9967794
563.357,1065.9913
10.77,28.220726
20.25,1.9763591
9.376,0.12609574
0.063,2.9454324
250.39,148.5692
10.123,41.882454
31.414,0.009232317
20.11,0.35636726
29.61,50.3747
20.39,1.6311538
9.863,9.560311
0.094,0.0075596846
10.38,0.024622237
947.85,525.51605
19.987,26.9239
90.72,2.5885966
330.983,553.25287
0.043,0.07611461
20.34,93.77245
39.57,483.5747
21.036,79.008835
20.743,35.017418
81.05,280.41498
19.76,131.48566
480.267,409.94022
9.24,0.016977783
21.12,338.16504
51.304,28.720158
16.807,47.461697
38.916,63.61846
19.866,14.265795
18.76,268.4694
40.676,81.61614
80.297,148.35146
30.892999999999997,0.94191295
780.59,466.7339
18.27,242.19879
20.027,225.91301
4109.1,413.12073
19.37,268.9642
18.893,2.2671185
29.432999999999996,2.108443
279.063,716.2102
471.766,77.86719
9.477,160.62285
0.017,0.0076620826
19.433,2.8435795
49.68000000000001,0.91956663
20.143,2.6593034
50.23,288.83936
1839.55,677.2573
539.827,226.60608
9.14,35.61208
100.17700000000002,968.25385
10.434,0.09520042
10.057,0.5217514
59.977,943.05414
59.664,119.9922
9.96,710.46967
1.123,118.8343
19.563,740.77985
979.633,154.19925
120.02,511.46002
240.703,187.17
10.333,0.005969754
10.74,136.855
1149.503,779.8474
0.14,2.6668437
829.66,664.31433
70.3,0.011540649
399.356,56.74424
0.267,1.0414854
150.87,251.05296
20.26,7.027186
8.923,51.439724
0.017,62.44694
1009.767,211.08887
219.30299999999997,322.21652
29.962999999999997,0.75684845
10.097,95.001595
86.837,0.057888545
9.29,0.42290306
269.973,1168.17
16.88,0.04761675
19.537,1.5711409
0.017,2.0754218
10.203,1.0794481
0.096,0.043695297
10.746,0.16878837
120.31,65.85062
9.406,51.806328
5373.413,212.63219
9.8,4.5899334
10.756,0.08564495
1.033,39.445446
89.906,1405.8573
0.21999999999999997,3.2700348
50.73,31.828115
70.633,15.1489725
1059.407,200.47357
67.313,261.45682
30.064,0.03532922
20.827,38.470566
8.967,0.010246667
0.284,0.06800652
19.993,287.00217
0.406,0.04807055
10.057,65.88292
0.19,76.753
49.076,54.556824
8159.303,1574.0786
0.48299999999999993,0.033167183
0.546,1.5451115
1.986,0.023926906
33.72,681.3612
3580.947,466.99396
0.687,46.850285
20.79,152.68422
0.533,49.260197
79.34,4.203387
9.36,0.28907806
642.854,72.246254
20.313,0.3561858
9.297,1.5843192
20.533,81.21095
8.39,0.00605973
9.523,471.48572
922.253,312.83096
0.143,387.64905
0.567,0.78676796
10.48,2.0051048
10.7,0.015170605
29.58,29.65921
0.08,0.027078485
8.456,161.21071
119.44300000000001,0.26184914
29.82,42.77119
9.363,102.23343
0.0,0.12773758
39.37,162.99739
0.25,1.2547475
37.377,454.21347
59.796,268.4826
10.476,0.49505374
50.68000000000001,306.88162
19.177,1.7987081
20.077,0.12510826
0.187,0.36394605
12.396,200.11452
69.434,231.48827
0.513,73.73417
19.964,0.08564495
19.06,150.78503
25.583000000000002,786.93506
0.216,51.557068
80.343,436.4187
20.427,178.09262
9.723,40.537292
29.496,53.353348
9.603,0.005249081
0.017,37.667168
19.64,0.43171677
68.99,458.63208
49.733,396.35367
10.96,0.049397655
1066.623,1752.1534
9.506,376.55338
110.07,1.171194
1079.883,507.4313
29.04,302.12134
19.39,9.935288
4984.073,1392.4453
0.187,0.007226473
0.313,2.3796535
860.667,1415.6056
18.947,10.820266
37.403,90.20007
9.86,10.842915
0.203,41.81603
50.176,255.14206
0.517,7.3456826
58.99700000000001,54.458477
20.18,14.36177
20.597,0.1290503
9.653,0.69404495
19.33,0.2385646
9.964,24.802715
9.963,79.97067
9.79,99.75977
6775.4,2345.866
9.64,0.46739948
141.0,493.906
219.85,47.35809
21.33,0.06799498
30.309999999999995,146.3267
0.21999999999999997,0.21438342
18.134,0.003788426
499.923,559.5892
0.063,0.27624357
90.01299999999999,3.5186906
19.027,184.83817
9.133,7.3923388
40.41,6.827968
719.3,0.07307148
18.776,339.9808
9.947,105.34205
19.916,236.68176
40.07,1.8173847
569.883,612.85034
199.723,9.509055
20.903,26.152658
65.1,1610.7677
10.957,23.19883
50.936,0.23303933
49.88700000000001,116.526245
20.137,3.2557287
10.004,0.005165943
10.027,201.39354
39.86,27.05618
30.983,196.17006
9.7,14.982893
9.75,44.57381
9.883,532.93066
0.33,0.22275706
78.65,427.59845
19.2,44.87096
20.16,1.5460784
9.993,95.02176
159.533,5.2736254
10.003,0.05823906
3.7800000000000002,36.582947
15.790000000000001,0.9825715
439.727,617.8012
8.953,1.2724417
19.83,15.10778
19.727,0.86809725
10.316,80.322495
0.063,42.64395
219.82,551.6252
582.323,448.5754
10.147,39.01612
10.47,471.28198
19.777,100.11134
10.414,1.338694
9.956,0.0069632856
100.26700000000001,0.10465742
0.937,0.0561897
41.203,117.71478
70.436,152.48955
10.123,227.38763
401.18,2974.5188
0.17,5.7692738
1799.877,193.93826
75.987,179.4047
20.136,5.4485884
8.594,198.11832
9.76,6.837147
9.984,77.331055
4.367,6.851426
1110.8,1055.2067
0.094,197.37135
9.65,1.8530388
9.59,1.7614754
0.127,0.31134444
349.18,1.9634384
79.667,1413.6729
10.886,99.22087
110.043,68.65277
0.406,0.040347774
29.773999999999997,476.07828
29.193,86.18924
29.767,31.235
9.593,15.994092
10.233,4.804438
20.7,0.007082276
10.88,166.15607
173.58,1064.5881
9.903,184.48558
70.04,300.3097
19.56,0.03531743
29.72,229.1317
10.47,1.2761176
0.08,0.28907806
48.95,156.21548
0.10999999999999999,0.044355515
19.54,0.15355322
19.567,501.80545
19.43,0.0744181
8.9,0.07755057
39.723,269.94876
20.554,0.053021263
30.54,9.520269
20.03,0.0071693617
0.173,0.09507938
0.863,0.042641558
2178.527,2271.4995
0.10999999999999999,549.81305
209.647,306.10175
1390.99,29.376316
49.967,81.94702
130.136,188.79073
8.65,49.53375
261.053,82.4435
19.68,335.16714
10.017,52.47092
0.20699999999999996,1.494334
8049.963,404.22955
0.097,0.008445509
9.973,0.875404
0.267,19.353035
10.767,809.3911
29.44,80.322495
0.894,110.16097
489.923,721.1028
19.963,242.38057
0.05,0.68751323
39.337,5.1149607
19.447,0.4365808
9.016,28.391771
19.694,0.052976433
5610.217,2574.1067
34.53,0.018366978
50.543000000000006,21.563623
440.21400000000006,60.900517
10.677,1.0193896
149.44,371.16885
79.267,437.92804
19.97,3.0547101
43.673,473.5575
18.507,104.84598
10.143,0.8980377
30.674,0.12507246
24.466999999999995,163.93608
159.847,715.2166
20.537,0.39126024
0.593,0.04848978
10.06,5.9967794
0.10999999999999999,6.123073
22.02,194.60905
10.0,50.717113
239.88399999999996,367.14084
39.97,737.80585
19.803,1.4452286
19.553,0.5710874
20.523,69.895
0.10999999999999999,0.38277596
0.593,3.5890746
1840.1100000000001,1286.5465
39.356,0.46917284
1.27,3.4982862
9.243,0.10455049
0.694,0.40554294
9.667,75.40464
140.233,147.5094
19.837,85.07642
194.367,1016.6939
0.046000000000000006,4.4704046
1.313,2.296124
0.21999999999999997,0.009450994
10.193,64.2574
139.613,21.841116
14.274,160.44606
19.737,74.20258
1489.546,1533.9979
19.957,288.27606
29.223,68.12392
8.99,151.28433
51.413,136.85448
19.233,0.25280353
401.877,292.8482
9.374,0.011579258
10.443,33.93663
9.72,39.445446
9.6,116.34981
0.436,112.90296
8.727,0.083947994
109.6,6.6320477
10.177,58.761135
0.14,13.624578
9.42,3.5089407
18.96,0.020340126
9.107,105.99294
190.193,77.78244
29.343999999999998,157.27814
9.934,0.008357686
12.037,46.076206
19.747,62.42322
1570.194,654.4536
259.907,163.41457
199.784,490.73715
20.81,0.4713879
10.243,99.396835
229.66000000000003,13.550451
0.174,0.881591
39.49,899.31854
109.84,4.635675
30.926999999999996,0.28682184
39.807,5.30855
8.913,0.038909316
73.11,1.8836966
15.664,2.0460272
19.01,186.61897
19.703,432.919
29.73,7.5819654
340.137,274.8079
619.826,1606.8499
40.22,31.724487
71.653,7.874396
18.924,727.4404
19.027,0.13650642
9.257,0.849992
9.674,3.5726323
30.114,137.74678
89.573,0.060764648
28.683,226.37375
30.033999999999995,79.27081
9.444,0.0808499
130.12,220.92046
10.1,0.27771354
9.904,5.110408
57.5,1526.371
109.997,372.35468
89.74,2.7716181
9.183,1.9875939
40.217,46.0813
188.837,433.21353
19.824,132.38232
9.987,0.5322348
280.094,180.53523
389.943,180.02731
640.226,198.5956
20.593,79.2112
2118.99,846.00464
19.773,0.012778415
10.523,67.33409
30.07,0.092226714
110.83,542.1976
3135.2030000000004,539.9156
50.1,57.717743
29.936,3.9147518
9.94,0.6764151
205.173,334.00244
0.41,2.6423695
80.64,61.132736
18.17,52.060265
19.894,11.919604
240.66600000000003,1388.4186
17.963,0.04868852
9.157,222.42433
19.974,36.309208
1550.364,1105.5194
599.897,286.72894
39.293,36.231647
10.837,0.013808551
10.954,10.43167
484.373,882.43634
9.307,0.04714074
9.656,0.74739933
20.88,1.1222143
29.326999999999998,408.86447
300.08,78.508026
9.327,0.18310656
0.597,73.73417
10.757,1.6117485
19.017,200.96622
8.88,0.1510985
0.49,0.3561858
21.737,431.58243
19.12,479.4257
29.943000000000005,9.050628
8099.8,4503.712
9.046,6.702515
1419.374,400.2423
0.21999999999999997,0.02991366
86.517,0.06287141
9.963,2.2539103
9.747,1.3065872
519.383,606.69855
10.167,11.087293
0.69,1.5917445
9.81,339.9808
792.223,1232.5973
0.25,110.59868
100.714,505.63116
9.363,47.093323
59.813,71.91488
0.077,0.26892266
21.794,306.69296
19.27,0.13047616
38.547,0.98486996
38.973,1075.8641
10.16,0.18117452
20.98,39.931885
659.836,542.93896
39.997,22.877995
10.453,0.057710778
5511.74,1849.6245
23.693999999999996,286.53992
0.17,0.008199889
191.654,599.54004
40.814,96.69086
50.062999999999995,76.51578
9.71,1.2502445
258.954,208.87679
11.047,0.46417233
789.81,497.02838
0.234,4.986965
50.74999999999999,163.73184
1.033,47.65866
90.28699999999999,446.4782
8.543,0.42953703
310.48,1.2825718
9.08,159.36223
19.293,0.031814024
19.74,10.563296
30.197,54.116516
20.326,4.7085295
29.42,0.0045245728
20.237,6.123073
10.093,8.135971
1.534,113.60847
0.217,0.011579258
129.997,25.550463
110.063,342.38956
0.69,23.763348
0.203,468.91992
19.373,2.0399058
40.357,109.63401
0.097,0.070711955
0.030000000000000002,0.10721309
9.437,2.3835824
19.987,65.73308
0.013,0.03631828
20.177,0.048801947
259.85,256.14142
9.884,0.44903153
299.2,40.96367
539.763,358.16864
0.35999999999999993,0.07059647
209.633,161.06892
19.733,6.991089
1.594,0.32754055
70.804,169.7834
0.43999999999999995,1.0032806
0.533,0.0042915065
439.093,57.595825
989.35,167.4316
342.13,193.21121
97.193,143.15295
149.797,243.79745
240.127,7.9935904
9.787,0.011696974
0.077,154.39207
29.432999999999996,2.4367442
10.124,6.5956345
70.76,0.09959225
160.39,1215.8362
755.96,490.98685
19.583,193.43259
559.193,1139.5314
29.697,74.4875
9.957,34.77446
39.35,1331.2922
220.693,265.7162
170.194,672.7175
17.727,97.30129
9.437,0.43087032
159.46,60.349564
0.063,0.032625925
19.723,1.5300659
19.484,0.34568116
20.063,22.194014
130.187,139.55333
9.034,195.87802
19.783,358.40973
60.053,0.099054426
1.503,2.4179184
29.89,235.40523
10.964,0.65464336
9.6,1.7082616
3840.117,2176.149
0.597,5.2281413
80.263,14.541251
50.5,66.881516
10.736,263.72095
0.3,1.8149372
10.513,0.60991657
0.9099999999999999,0.026483145
18.994,0.033167183
18.95,0.16594623
1294.843,788.8225
19.837,8.161504
49.607,146.90988
340.023,611.0538
10.214,104.5476
78.3,272.21732
4722.2,402.44177
19.584,0.3169853
0.033,13.406251
41.05,51.956474
59.95,16.488504
0.127,1168.17
0.05,0.040567394
1.156,1377.706
10.28,22.99157
30.057,141.72751
8.3,45.586735
0.08,32.91731
0.047,1.0224984
19.236,0.06858568
10.157,0.50491256
70.387,114.71
22.01,207.331
9.656,1.0780287
10.02,58.652927
30.83,0.7897236
19.963,63.864555
39.573,0.0882638
10.754,0.6750122
40.077,202.20306
19.717,140.60066
0.097,666.6348
7.097,174.78207
69.286,226.21506
30.414,301.97992
9.813,0.32941636
39.803,144.99834
18.79,0.043695297
1.267,154.90878
0.237,4.0552754
10.887,0.7748076
39.77,10.171699
509.914,94.573814
1080.87,780.6177
78.827,0.018746907
79.833,2393.5566
8.96,4.2893505
19.706,0.39026076
8.594,0.1598148
0.124,1.4452286
80.033,74.80477
180.02000000000004,0.09033565
19.656,5.2538404
19.397,0.049397796
0.923,0.031689208
220.146,270.92276
10.117,6.301543
70.334,2.7053835
11.69,8.135971
19.986,198.06693
319.113,226.04187
6.45,0.0412614
20.186,0.8726275
9.947,0.09802056
40.21,245.632
9.79,3.9143035
12.83,29.329208
209.703,372.51743
10.157,9.131196
10.673,0.13123114
0.08,8.756878
4052.9399999999996,1934.9031
19.824,13.057347
3090.7360000000003,2447.93
0.187,0.005590949
10.103,0.042394698
0.737,0.5388805
351.077,466.42032
10.61,0.46739948
10.023,31.071556
26.94,149.31108
1320.237,1351.0385
688.6,566.4238
360.45400000000006,537.70654
0.48299999999999993,4.952414
639.053,542.24664
19.834,39.69187
11.113,1.2581336
10.27,86.89553
39.446,1031.6372
9.23,1.5535629
10.816,0.052893076
0.7569999999999999,83.99691
419.86600000000004,272.49414
160.24,1.8746271
20.287,1171.3334
12.326999999999998,249.17125
20.233,68.332405
4.41,2.2312117
9.846,0.045415986
0.030000000000000002,1.1266946
1289.59,250.33752
60.577,0.3666172
30.587,3.5089407
11.86,215.9029
40.28,1.1663342
59.89000000000001,578.7538
9.587,1506.6178
29.97,0.008549056
40.047,204.48766
30.363,23.232336
30.883,33.379047
8.763,1.2207477
59.533,55.994125
49.82299999999999,0.21424748
6.897,10.361063
542.353,485.00327
1.8330000000000002,157.88377
0.423,75.707
300.027,350.01868
0.48299999999999993,2.446535
0.0,100.618675
18.967,607.1456
59.82699999999999,348.75446
20.49,325.54886
8.756,0.027060209
40.15,230.4564
19.156,12.296031
40.767,283.11288
30.099999999999998,3.0163612
20.147,0.016653914
40.75,57.030827
15.854,2.8010478
9.583,1.8104672
2.006,793.5552
0.67,6.837147
9.717,26.74143
178.793,363.92215
10.073,4.435272
0.8100000000000002,618.2286
20.093,11.211271
9.197,158.5073
29.197,0.0829124
0.077,0.005360548
140.033,147.78941
9.594,0.2782652
0.047,2.3686364
18.083,2.4179184
32.527,246.47105
129.947,441.0231
1249.533,300.6926
250.094,591.6349
539.077,159.30228
960.3629999999999,1027.3767
0.156,1.5266334
10.146,0.035814393
10.353,1.8134238
10.66,0.00605973
9.88,12.489612
3234.067,1776.2234
120.297,595.3279
0.237,0.89786804
31.06,10.019737
9321.83,1816.9672
30.75,152.40334
0.52,0.48948365
29.75,16.310884
0.474,0.008077606
1854.43,109.36159
259.826,1669.08
70.24,208.09613
139.827,1.2771171
79.49,68.402
0.47,4.8187666
9.56,7.6315036
238.643,451.50662
8.98,0.031153198
368.26,153.98305
0.69,0.005969754
19.057,215.32121
739.8299999999999,696.7776
30.772999999999996,60.675533
6390.82,809.1714
0.046000000000000006,0.01544118
0.017,0.4971136
0.436,1.5759639
20.24,0.004464947
50.782999999999994,450.43085
39.687,0.7715476
170.274,0.087070264
270.613,4.9514084
159.644,0.046388034
0.156,171.98387
10.26,0.45130134
0.0,0.049397655
10.87,0.5036679
9.696,0.24893522
10.464,0.44872975
171.333,165.72905
39.717,16.145424
1049.873,769.75464
11.3,77.456245
99.793,1.2930562
39.923,1.2916931
230.01299999999998,411.2806
0.14,0.07993548
39.98,766.5743
86.6,962.6039
39.92,834.6888
1.8330000000000002,43.691383
0.186,0.3137271
129.864,0.2993605
9.826,68.62343
0.017,180.52391
9.99,36.582947
0.127,6.6015873
10.137,0.010892624
0.060000000000000005,148.07094
29.100000000000005,8.527393
0.046000000000000006,0.06484662
39.3,0.042239085
39.234,70.285774
0.43700000000000006,30.614128
0.39000000000000007,0.042243473
480.5439999999999,913.48737
11.186,98.47792
40.127,449.0208
30.396999999999995,0.008375607
30.06,71.10353
0.767,167.9777
19.247,0.3533601
18.8,30.108747
20.496,0.110843
13.280000000000001,34.78659
11.453,47.064247
0.31,1.0071869
130.02,786.37006
0.9530000000000001,133.0579
0.263,1.4332069
10.433,1.5139332
0.533,0.020586759
20.557,338.093
1069.903,872.63226
20.047,12.015083
0.030000000000000002,0.019603899
9.943,0.813755
9.1,100.777664
10.657,0.14199378
19.963,0.013503327
9.143,78.924934
0.017,0.053563133
309.89,38.12065
9.57,38.06443
30.633999999999997,0.20527068
29.997000000000003,9.046702
679.91,0.05335793
10.25,37.495922
9.93,3.094632
130.003,490.08994
20.263,78.35294
60.06400000000001,24.920113
19.013,0.8112507
0.503,138.31161
0.64,56.151203
19.73,111.1216
2609.823,545.346
10.143,1.7688721
0.35999999999999993,0.09520042
259.854,562.47266
408.003,391.41495
209.40300000000002,75.434456
120.26700000000001,22.637293
349.937,416.46454
30.003,0.09231065
130.28,86.0874
20.01,93.77245
10.12,92.31804
0.14,0.5357159
1.22,88.316605
49.687000000000005,549.81305
121.613,1145.3528
536.43,339.5984
350.063,1127.4725
0.046000000000000006,107.39668
29.56,29.641047
0.157,0.5794465
120.38,765.40857
19.647,5.056572
20.84,431.77658
0.033,0.798915
9.866,2.6423695
9.734,173.94633
58.917,121.97223
19.564,0.030765126
1.22,927.2458
9330.197,7465.2734
9.14,56.76591
10.187,17.256512
20.79,0.51477367
29.067,0.005683405
20.87,104.09359
9.21,67.64465
99.51699999999998,158.8081
9.813,12.838385
190.523,72.88766
18.317,0.025651313
10.347,317.13702
9.117,0.9186737
10.354,443.44284
40.994,0.5691491
19.47,0.2864561
0.28,0.97084755
8.79,1.421719
40.27,28.945154
1030.467,696.09766
431.307,262.057
19.173,109.1049
0.64,1.8149372
260.323,0.0779625
1642.3900000000003,684.2217
9.88,37.73367
309.783,90.1605
0.3,0.9781139
19.573,11.784321
0.060000000000000005,0.050948255
0.08,0.25153902
9.6,0.74739933
9.854,8.033698
20.06,0.57691395
10.157,51.73373
61.837,112.69628
12939.053,3257.7537
19.826,27.004501
170.23,10.336593
9.423,0.14051412
0.173,6.3628106
10.923,125.89259
27.835999999999995,57.154648
10.14,9.752885
140.127,470.4748
9.22,130.71718
19.83,84.747696
10.087,2.2166865
70.26,510.71487
10.107,114.999214
149.916,35.70339
2600.693,734.61957
2555.674,495.08813
1.33,0.5696693
0.453,0.23236741
29.274000000000004,6.867209
443.02,467.29245
9.274,127.92809
0.35999999999999993,38.829903
21.67,69.73718
20.107,910.02203
20.11,813.5404
19.78,196.3391
10.317,68.71975
40.117,225.12971
29.953,63.214844
19.637,6.6147814
229.61,597.9
9.517,1.7314888
21.1,230.40892
0.0,0.083947994
29.014,361.2517
0.47,0.17742123
6.88,108.827065
9.883,0.17987278
9.61,9.935288
1150.253,31.991049
10.193,79.101715
40.31,189.28395
36.07,152.67143
29.78,268.76303
8.764,299.0955
3230.4969999999994,1731.7659
19.76,0.019931365
20.7,0.50567013
2.223,0.0123321
8.983,1.2647125
338.32,682.24646
0.047,112.3409
21.15,499.3081
9.24,0.34284198
10.037,49.58337
9.107,1.9864566
0.093,0.07163711
120.727,402.30362
12.79,10.361063
29.875999999999998,28.267885
27.383,479.4257
8.77,153.54753
30.057,9.83841
39.84,220.52203
0.10999999999999999,0.046363227
39.4,0.4529635
178.443,239.32433
81.664,188.04134
0.016,0.00883017
29.933,722.00916
89.043,142.67467
19.963,1.5802573
19.823,48.120647
239.93,35.22106
10.15,0.005674701
539.883,62.747112
1410.547,1525.4952
19.913,0.009652795
16.903,76.93684
155.936,365.92398
639.523,1443.7046
59.796,541.13214
50.12,155.67229
9.19,15.367384
0.28,1.778515
79.906,41.852776
10.583,6.765117
128.094,1720.2628
29.84,3.849491
29.893000000000004,6.9766784
9.014,268.1982
10.394,229.22412
19.45,1.416718
560.14,812.37555
0.08,0.017633475
151.903,536.2277
79.25,2746.6072
0.203,0.5668535
109.443,0.06227544
120.05999999999999,571.47723
7.867,806.4444
235.14400000000003,115.78329
10.283,1.7803578
140.0,0.059143387
30.006,101.083664
19.45,168.18628
1142.483,798.56885
18.37,141.25842
20.117,199.99994
0.10999999999999999,2.0126908
11.579999999999998,0.021704806
0.143,0.02760719
19.606,1.2896942
29.914,98.01997
8.537,0.07919606
19.313,13.80736
0.47,8.99753
30.09,0.5465142
9.82,0.40554294
61.73,935.8516
9.173,32.331295
18.85,80.96486
59.384,0.038158193
80.593,247.5322
686.77,104.1014
20.883,144.54169
10.323,0.07515814
20.027,0.0067594643
1.157,225.36461
0.61,893.051
46.58,1424.0482
170.73,311.06073
19.117,0.028143985
2401.4,1051.849
0.25,161.21071
19.543,0.038745426
20.117,270.9179
100.99,144.50279
36.093,205.06314
0.267,0.36877242
10.123,22.832706
19.713,46.725117
29.97,0.037308544
19.647,42.742516
19.626,0.018383943
719.8760000000001,430.7592
189.4,211.1859
31.03,1.1675005
9.827,0.22509132
10.513,0.23719142
39.793,38.022667
9.313,318.49005
70.096,3.0668871
10.26,142.04193
29.943000000000005,53.327026
10.87,97.68587
0.7569999999999999,55.081394
19.843,49.53375
30.15,221.96355
155.5,1500.4832
10.117,116.26352
138.76,233.06297
10.05,8.161504
40.116,4.7355647
6.39,128.24261
10.527,0.62525666
29.894,64.4798
9.853,12.181981
19.634,43.66071
2579.24,52.571167
1568.577,1166.0289
545.107,178.8921
129.023,285.9306
30.027,0.1215431
19.113,9.159922
349.524,1432.5624
19.724,7.946663
20.253,522.4521
0.8300000000000001,43.691383
9.317,0.019688828
20.0,395.02286
38.637,1.9778694
209.71000000000004,0.038793046
9.503,100.05297
20.236,230.9244
0.733,169.30447
0.063,0.46458194
300.03,51.661926
1.594,404.2949
9.52,178.82634
29.827,1342.8949
0.9900000000000001,0.009444588
19.643,196.98827
18.72,0.452028
0.47,256.70633
0.53,14.148687
0.8,1184.4783
0.21999999999999997,0.4265558
1636.66,198.81429
9.347,32.117367
1.333,1.5567751
40.6,0.0071693687
300.196,95.26298
40.277,1.4117991
110.05,180.17616
0.55,0.039494544
178.947,121.916084
50.815999999999995,139.47562
9.87,1.2034485
20.526,162.99739
20.56,262.47684
22482.74,1691.885
20.29,0.12788679
0.077,63.490944
0.08,0.025881732
138.85,207.71283
0.173,4.804438
199.963,0.038040943
0.187,0.05823906
40.6,1.8734943
1179.76,1336.5131
0.173,180.52391
91.37,260.006
10.783,68.71909
10.004,0.9825715
10.257,0.008259504
29.607,0.83221763
19.71,0.8845984
59.33700000000001,137.80692
10.18,648.9264
49.243,1.5305284
2661.98,529.85547
0.547,142.97694
500.24,557.70703
28.763,4.346836
12.222999999999999,185.31772
19.803,0.44118145
709.86,1681.6403
470.42,644.17725
10.224,1.0405264
479.81000000000006,49.4225
0.643,5.710071
8.98,5.0166135
9.603,36.500145
0.063,66.29237
89.29,51.597164
8.347,98.085396
19.53,112.558075
19.987,7.0228047
19.987,69.220665
40.224,0.6944732
17.97,0.32561964
0.017,76.63629
0.63,0.025429443
10.153,0.065229505
140.013,135.2659
39.654,108.94183
40.964,3.3926878
0.0,0.060285512
19.97,159.08543
0.436,32.117367
219.56,129.98395
0.063,0.15363877
80.07,45.12437
0.093,1068.754
20.073,12.44645
69.967,3.2653491
17.743,198.16853
19.907,0.3415028
79.367,936.449
20.393,250.25081
28.053000000000004,0.11922634
20.347,457.93726
0.55,203.97589
29.677,43.689922
0.25,15.722947
10.813,7.7219334
9.977,1.3561357
0.597,4.5899334
0.25,0.20595181
39.643,653.2015
10.67,0.62519825
19.313,541.94415
8.423,0.026861353
0.093,0.1438765
10.764,202.03595
0.973,0.9948611
120.297,84.126144
10.41,0.020103674
0.253,0.477303
0.14,0.8331357
569.973,462.47635
0.064,8.207937
10.253,0.035494633
211.024,54.748077
0.187,6.1912603
29.997000000000003,501.2699
99.913,0.3085485
59.85999999999999,155.05208
50.85699999999999,54.56014
0.157,3.3126764
10.197,377.09583
10.08,14.3458805
8.767,29.023085
105.67,0.028103406
0.157,0.021182999
1278.48,130.80896
9.95,3.1996927
389.327,9.945979
5180.517,591.4389
19.927,268.95297
40.98,361.05624
9.09,151.25932
30.54,3.0365114
10.403,0.00746372
19.67,76.8302
10.31,0.10639784
1340.12,192.31693
9.817,36.40691
19.93,482.63968
230.04,228.09651
9.043,1.0900972
19.363,0.4673326
354.437,509.8683
19.856,1090.6613
69.587,256.15842
140.17,254.24184
20.55,21.331013
18.453,1.2158054
19.76,84.39862
9.99,0.5446863
20.49,84.183105
29.76,12.372812
4045.566,754.6113
9.11,0.33824307
19.417,49.86317
18.98,0.1272271
9.266,241.07007
89.746,43.694923
1180.767,225.5381
110.37699999999998,11.492118
10.866,269.3429
360.024,1194.4277
20.193,740.8024
21.203,128.135
0.14,0.041362856
19.603,4.7530093
20.147,109.54937
149.907,273.68607
0.063,0.033849936
9.103,58.62903
10.59,172.21803
100.34699999999998,2.800997
1031.13,545.9189
516.797,989.7234
29.08,0.7748076
0.017,39.075947
10.013,0.30677515
0.817,0.10505431
9.333,190.72632
782.26,975.009
0.047,8.497143
0.077,1.5131768
2.28,141.96472
0.47,46.028442
10.617,1.5857493
20.037,0.010195832
1.1,2.091192
49.64600000000001,22.764277
63.447,142.05342
19.803,521.5279
9.597,116.43074
180.047,953.64087
7.743,0.0074103423
19.35,0.04416257
0.10999999999999999,813.5404
0.296,2.8780267
1249.876,1161.7444
670.177,168.05896
6.0729999999999995,145.2163
1360.937,1440.7256
1.897,0.16568166
0.094,0.0053672804
9.613,112.49127
0.14,0.21232209
11.077,191.58777
19.727,0.060363118
160.18,1303.6755
29.59,0.024032697
31.43,37.633945
30.097000000000005,0.9669289
89.866,111.30293
9.787,150.63918
29.050000000000004,1449.8323
9.517,2.8312619
59.527,96.10418
9.643,4.832608
2561.056,927.9786
9.12,0.07756656
10.21,12.941489
10.343,11.023595
89.377,314.0672
10.177,2.1590855
19.043,0.018440077
749.967,835.1718
0.847,0.14569052
20.88,13.934152
20.204,2.5901573
90.71699999999998,36.401775
9.04,2.7188792
0.113,0.039853264
0.453,26.358189
40.86,1.6808515
10.417,69.696686
39.13,0.30268574
190.04,6.072557
930.01,52.05734
9.807,2.072048
17.996,38.829903
79.033,44.08591
40.397,1526.2056
0.897,0.24737895
20.21,7.2602005
29.929999999999996,57.264286
40.216,40.46386
490.207,59.382557
41.263,64.97979
19.89,43.39533
70.047,80.57324
18.81,56.065254
324.057,514.4311
178.04,234.88896
10.137,9.400696
0.297,0.06861734
0.076,2.870938
20.013,416.88937
0.157,21.895672
59.95700000000001,3265.1643
9.943,1.0957515
16.556,0.51346314
29.675999999999995,0.033167183
19.193,0.023801778
0.48299999999999993,5.350563
29.66,590.5471
10.13,27.652227
0.064,10.305339
49.806,10.968783
0.374,77.191216
0.627,0.011159646
10.307,3.9277527
1.0,107.752464
9.696,394.87836
10.144,90.57854
20.233,1697.3839
74.52,12.173781
29.843000000000004,270.201
50.47,1.6476476
9.19,0.013804775
0.813,13.820334
15581.993000000002,15092.095
1.05,1.1554834
9.71,0.005461169
0.937,62.631115
0.060000000000000005,2.102945
1.94,72.53872
9.793,4.8187666
30.21,0.00802393
350.14,106.5293
17.697,723.5187
19.91,0.27825993
0.576,3.824019
1.4429999999999998,0.05839812
19.84,1.5451115
9.81,0.10211611
171.17,518.0075
3282.4570000000003,215.94118
20.083,101.47839
10.047,17.2069
0.613,9.578523
39.32,507.70853
1.0,237.62877
20.003,0.0038737413
9.887,1.5202701
0.647,1.1876668
30.807000000000002,289.05106
11222.667,2474.4062
8.236,0.035548158
9.513,0.30406207
20.724,409.01523
0.297,0.042590592
0.86,32.272434
9.393,81.08835
9.773,1.984378
129.23,267.31378
19.393,697.8347
9.597,0.48948365
100.87000000000002,3.758654
30.822999999999997,148.44936
109.786,0.99689347
29.362999999999996,0.32808328
89.89,249.54192
104.533,35.004135
9.023,207.2295
1429.943,584.2061
22.709999999999997,2.0552573
0.423,1.7987081
21.177,0.9518758
9.88,0.16867025
18.866,37.233013
10.14,70.74923
17.003,1.4958991
19.5,2.592322
0.030000000000000002,1.7282338
0.14,167.38101
9.97,224.2752
3360.073,459.68475
2459.07,2391.4075
230.15,14.916178
0.89,88.49409
19.957,154.90878
109.88400000000001,234.8397
0.453,189.28395
0.35999999999999993,2.2461216
12.913,1.0032806
10.827,89.118324
89.883,9.159922
20.307,536.4041
269.914,280.46417
31.917,0.40493426
40.283,155.7821
9.2,1.0998882
0.39000000000000007,164.92267
8.367,22.055477
10.663,0.4424433
130.804,533.74713
324.76,80.85371
10.39,5.6722836
10.517,0.20244761
21.066,107.547516
20.22,5.047784
120.377,125.94455
89.013,64.70277
19.673,2.5044618
0.106,1.5139332
19.34,0.36263016
10.96,56.147186
20.027,1.6476476
70.396,5.432672
100.13000000000001,74.435104
8.397,67.51382
259.984,387.14136
18.523,29.735209
9.78,62.42322
8.72,66.85814
100.79,1.2647934
10.453,9.243745
19.587,535.53613
11494.273,664.6722
19.67,135.73193
6000.477,1555.6798
69.417,202.24437
5220.643,1638.8502
0.126,0.5794465
0.157,100.09479
269.99,1331.5833
9.667,0.038909316
89.324,100.84251
0.063,1.1992759
490.367,245.1618
9.76,0.014970985
29.78,0.0370377
60.955999999999996,402.73325
9.89,0.6571466
39.943,3.84389
109.526,3.0750725
120.493,562.7113
0.047,0.0038737413
9.537,173.8287
19.577,475.38995
69.813,4.523803
19.576,0.39438263
80.433,3.4999168
9.693,0.03620602
1690.643,290.87018
20.484,1.439206
20.03,432.71533
19.287,12.524552
10.07,0.18034893
39.077,7.157207
40.623,115.95491
7.96,0.025429443
170.14,979.06494
140.156,295.99292
100.46700000000001,1997.2863
50.23,172.47382
1173.006,366.34348
249.903,453.36035
130.004,781.15204
60.047,18.372293
30.15,518.94617
407.426,356.65353
89.36,86.497696
6341.206999999999,809.7819
49.88700000000001,8.052434
90.2,240.91484
79.933,3.2026355
10.083,100.219734
2230.394,2709.4011
59.95600000000001,474.05743
1400.646,547.13116
9.89,241.23611
20.09,1.5636076
9.877,77.443344
49.81600000000001,78.107315
51.11,0.06543798
79.777,6.5284085
0.44400000000000006,163.56714
853.66,411.8221
201.373,324.9261
0.047,156.90056
199.754,197.70618
40.753,0.005831254
81.137,1.340733
10.47,50.70436
150.253,32.074482
0.783,13.057347
31.02,0.79083306
40.317,0.019132853
100.173,209.33696
17.537,195.78636
49.857000000000006,68.3177
20.494,91.37299
10.127,195.49245
30.933,115.19323
484.04299999999995,142.61052
9.91,0.49505374
29.92,0.19857869
19.683,14.984707
0.373,0.3808901
9.434,373.86246
69.613,0.009159353
21.176,1.5330206
150.1,61.91615
29.767,57.828674
50.174,78.93666
400.74000000000007,301.9919
20.19,19.723162
91.077,135.0983
0.060000000000000005,37.839638
20.76,0.011967383
20.07,1129.3881
18.67,1.1198239
30.342999999999996,50.52624
0.08,0.20906548
9.47,4.303978
49.386,7.1827826
20.176,0.1975229
99.8,84.44106
106.423,2.089633
10.046,5.968751
24.746,68.9168
11.324,91.33378
200.587,220.90852
18.894,262.38574
19.94,36.0573
0.89,64.79613
879.83,222.0474
89.364,20.034039
0.063,247.5322
11.406000000000002,42.261555
9.98,6.869389
19.483,3.070375
49.68300000000001,0.060354073
0.97,267.06796
29.912999999999997,0.81926394
17.673,0.38372153
9.18,0.40554294
0.517,38.06443
0.21999999999999997,1.6364249
100.026,250.67015
390.50999999999993,349.43076
880.1070000000001,1698.9785
19.57,188.94894
0.7800000000000001,0.42290306
450.81,525.85803
10.037,30.747229
9.79,1.3055683
89.76,162.43034
11.484000000000002,1.8930843
30.174,0.038098164
199.913,309.66486
60.157,308.48026
38.863,109.20637
29.903,215.34923
20.063,1.2794883
0.3,0.62992144
9.643,4.173822
20.036,38.75165
30.099999999999998,447.2569
60.983,534.0989
0.030000000000000002,0.720451
1.24,1.6620796
0.157,1.7348126
0.030000000000000002,0.05916973
9.817,1.7499578
20.263,38.32575
0.33,0.17987278
7.854,0.06197547
9.737,23.486658
19.237,278.55212
9.576,0.61351883
19.903,8.062653
0.14,0.17742123
366.07,293.33755
0.21999999999999997,0.017589804
19.613,19.308882
30.32,3.1436496
231.41,111.773766
109.994,77.505005
0.603,1.3928708
99.91,15.024717
360.083,405.41547
0.21999999999999997,33.92719
8.443,2.9161906
1.28,44.555843
8.983,97.25455
310.126,735.1293
359.497,100.19637
10.516,44.629513
8.833,2.4910252
70.333,24.738918
29.783,169.86522
149.227,1119.6433
11.42,2.4910252
19.924,110.59878
259.897,1161.543
30.23,51.832245
10.533,42.261555
109.913,4.1626925
20.266,34.148537
280.136,308.44904
21.567,436.61536
0.203,0.11767933
10.624,29.450125
19.973,26.847128
0.033,1.072831
209.80700000000002,113.48318
2.553,0.010092424
70.143,240.84332
1289.166,575.5405
19.02,1909.4163
18.663,0.7369673
0.093,10.42171
9.85,0.4899283
49.814,249.53763
1950.58,1605.9147
19.513,43.66071
0.53,85.48729
59.836,1.940211
0.663,4.235414
0.43999999999999995,0.040074125
20.19,158.37477
10.216,0.102631204
19.514,0.0055711707
40.146,618.8146
549.807,761.33215
39.167,177.3558
40.637,1.2113508
700.51,287.00217
50.126,139.85646
419.897,189.15996
9.734,5.4987574
9.913,127.92809
9.623,0.21664275
19.247,66.10194
9.903,114.79589
5.144,0.16452594
159.787,0.00900506
20.093,100.11096
259.957,7.497944
9.17,7.7219334
9.893,39.075947
70.806,138.0288
19.167,10.057141
20.33,11.598098
38.247,74.25643
181.11000000000004,330.37177
9.783,40.25431
380.1429999999999,277.34378
0.203,1.0352379
9.534,0.51437426
5640.467,457.4225
1523.47,179.55627
199.993,0.28517476
0.847,505.92218
81.386,442.25958
199.143,66.807495
19.723,6.3099976
0.453,0.041411676
0.047,0.04470472
780.4860000000001,320.68985
29.923,0.72176355
19.597,286.83304
9.797,1.5260192
199.504,42.365932
340.296,305.46988
393.59999999999997,3585.5947
0.093,37.891373
9.343,5.996784
100.89,281.75565
40.254,169.86522
8.927,0.013808551
0.030000000000000002,0.02595096
118.94700000000002,123.46802
9.854,0.011074892
10.633,379.9866
0.127,15.883654
1000.27,798.0138
9.62,0.040528104
0.19,96.62859
190.94300000000004,177.84256
3054.426,1030.2361
160.013,1.0209755
0.013,1.2547475
34.89,352.52524
19.677,1.4098186
0.017,0.20595181
0.0,0.11343919
19.606,87.49104
10.09,0.86360866
19.844,321.21753
0.030000000000000002,0.0377605
28.969999999999995,4.566403
2431.023,1550.8566
80.944,807.5044
9.473,0.07401129
0.563,152.849
0.9530000000000001,1.7282338
0.23299999999999998,1.517738
10.39,0.8656577
20.836,0.011048045
139.626,583.6459
0.10999999999999999,0.040655855
8.833,0.0053672804
29.482999999999997,768.42474
108.59399999999998,51.375126
19.7,0.014092806
29.79,621.11334
519.233,253.86885
8.993,1032.5833
10.157,23.876665
29.825999999999997,48.07675
140.027,263.78122
19.027,43.615147
10.073,15.553332
200.32299999999998,4.166871
20.244,60.315826
0.313,0.051106945
9.95,13.895984
8.297,74.80014
20.57,0.009135223
40.064,732.0058
138.823,108.25188
68.926,323.97336
140.82,172.70076
20.823,0.025881732
20.79,62.591816
280.407,723.29083
9.463,37.12769
0.123,116.26352
23934.59,20467.887
692.996,242.24178
29.043,128.65746
8.007,0.23983769
9.61,0.46843922
9.863,2.0080647
10.01,64.2574
450.233,366.05933
290.093,552.48083
49.503,50.301
19.017,0.08816183
29.586999999999996,116.26352
9.307,0.017589804
10.376,0.54470456
0.297,1.448163
10.22,1.1573594
41.75,190.33836
9.326,0.005912315
19.537,198.08838
133.116,0.041011862
93.17300000000002,186.59346
49.95300000000001,109.67449
8.687,1.3057377
610.643,504.0579
110.357,535.90375
39.103,1.964935
2350.81,532.7805
1.337,0.44903153
18.377,102.03217
59.82000000000001,55.934628
20.017,119.15758
19.827,37.667168
270.126,2.6465127
19.9,115.57289
258.76,0.21795039
19.95,41.86207
19.65,4.385654
7680.932999999999,768.44135
9.19,1.2068906
999.5700000000002,524.4193
19534.07,115.8472
59.876,0.22954224
9.984,0.49696615
0.983,91.75435
9.717,0.07059647
9.98,201.8988
1.124,0.014044236
20.167,32.092155
8.95,0.031153198
91.06699999999998,197.20758
650.75,208.2962
10941.597,3593.2876
9.797,39.833687
99.954,765.6684
21.037,0.027060209
240.88,1.763161
19.806,12.228607
19.177,330.95065
19.737,0.7029669
89.913,1.7803578
29.046,0.03196621
4716.23,514.8208
19.986,77.65014
70.79,100.007
0.093,35.900238
18.557,238.54472
19.946,324.41483
2.267,2.133208
579.58,245.74506
19.517,267.06796
209.784,268.4694
49.71600000000001,33.5365
10.14,0.3808901
10.527,475.38995
9.31,0.110843
49.63,232.59067
10.356,1.0384467
59.773,2.4861226
19.827,86.45399
0.153,0.2781251
0.253,0.009254099
19.477,1.4272327
0.047,0.24452373
9.613,0.5209261
153.304,115.755974
30.38,1.1397493
29.723000000000003,109.57802
20.713,210.07074
24.294,18.92263
1607.114,833.7564
19.643,47.10377
29.953,42.21805
6060.657,311.9917
168.653,120.02586
30.077,400.19043
0.17,0.46843922
59.493,497.30087
9.77,0.7460891
1961.09,124.23107
29.28,15.127167
8.88,6.1133423
1.91,0.5347364
10.05,74.33821
8.137,132.87709
80.42,240.36826
127.336,177.72636
249.047,293.7008
150.19,119.0624
10.237,13.640083
9.317,0.8171385
19.937,219.11998
47.17000000000001,678.85443
19.897,54.216927
20.14,97.788376
2359.177,776.23236
11.447,144.5968
81.05,241.34212
40.12,1.7482032
89.853,337.06683
1690.147,934.0392
29.073,53.046703
10.97,248.40672
0.237,9.243745
200.027,1224.1656
18.603,57.02437
319.884,1042.1305
200.237,1618.5073
100.487,127.32475
10.047,384.77612
68.396,433.46936
110.31699999999998,17.710081
310.76,369.56796
20.233,77.65014
17.643,84.95917
10.576,0.032625925
8.676,0.1438765
20.7,2.4308631
9.07,409.01523
19.57,2.2461216
0.237,0.6312793
139.954,47.097485
9.22,96.77011
9.23,0.52497363
11.493999999999998,137.33873
0.10999999999999999,0.10740098
258.077,262.43948
0.063,0.33045787
0.017,60.341278
0.237,2.038043
120.06599999999999,249.02335
410.953,532.86786
0.377,6.765195
230.97699999999998,130.13695
19.017,14.148081
22.443,101.45417
1120.563,586.24884
0.373,50.71368
50.11,6.5089283
9.427,1.5139332
20.024,0.6535854
8.967,2.7375538
299.727,246.6734
9.41,2.1072953
29.912999999999997,0.023939824
40.19,0.1272271
40.046,95.48682
260.11,0.047420427
31.71,73.51824
10.13,13.422416
449.994,59.59287
19.547,25.649992
20.55,1.3625382
29.862999999999996,13.743009
27.957,206.5687
20.61,0.3594426
820.327,330.00412
40.127,10.694584
1.003,0.5505527
40.24,225.63661
0.173,0.18897355
0.43999999999999995,2.7137969
1321.237,2419.4944
148.93,309.47867
0.347,3.073973
10.156,0.031792097
104.99700000000001,395.18018
189.31699999999998,29.56072
102.296,220.40611
0.033,1.9949996
29.957,95.68767
59.887,368.87286
40.333,70.68963
0.08,404.2949
69.256,473.10626
0.08,66.27343
8.71,202.2507
9.726,5.0136714
51.036,99.7819
20.136,0.035814393
0.703,0.11262523
0.19,0.1391243
19.02,39.102802
9.914,1.1831911
9.71,1.2812235
19.733,0.7787699
9.29,0.5794465
119.08700000000002,192.40004
1100.15,674.0173
249.73999999999998,116.80569
530.917,414.60736
220.69,251.46815
3590.5739999999996,341.9911
540.09,13.534856
18.876,0.00473338
10.197,127.964226
0.8300000000000001,283.58292
20.36,685.91437
29.77,1.3769709
510.643,97.14215
18.406,404.2949
950.994,95.45227
0.143,97.33983
19.887,66.372665
10.187,0.07441681
10.047,187.8216
0.25,158.62196
30.253,126.34322
860.52,48.781757
0.173,0.5142227
20.45,82.4341
18.847,74.20258
12.267000000000001,459.31158
20.113,1.7247484
0.8429999999999999,37.891373
7.967,0.06426618
19.45,240.61356
31.027000000000005,0.16914965
519.89,750.63214
479.43999999999994,892.78357
49.733,2.5427155
19.813,0.011309644
42.24,108.47034
20.187,1.1408519
10.11,0.121057354
0.186,0.15580156
18.06,68.98239
0.567,3.1632714
0.453,192.65437
10.42,0.4721627
0.313,37.606445
10.65,161.21071
10.793,11.887091
249.77,614.6916
58.72,75.29517
0.5,38.558388
30.240000000000002,0.3436538
0.377,528.2361
0.516,0.0039454764
8.923,46.39244
69.697,18.622753
1729.863,139.293
0.127,11.887091
9.156,0.7400029
129.274,249.28947
9.697,22.917328
30.146,16.974953
20.074,30.433073
709.436,284.4888
20.25,93.24684
129.46,1.2760799
11.314,1.4512781
10.04,8.161504
189.82599999999996,537.7937
10.476,1.75616
70.937,4.84074
9.697,0.044592094
519.86,31.626163
18.96,4.059089
10.75,110.1396
10.777,0.69601476
30.923,6.2881823
0.093,0.07784385
19.576,0.004406125
20.083,1.434172
10.61,0.30585933
9.884,394.94104
9.81,0.0808499
10.423,62.986366
10.713,10.057141
3081.7139999999995,1666.4689
354.203,64.11393
39.24,208.97119
649.904,525.8798
1776.007,1968.0623
3.1569999999999996,299.92438
18.48,269.3429
19.657,189.23398
11.737,5.452065
41.457,0.01548926
20.143,2.077909
28.689999999999998,707.06195
0.58,1.5851097
176.74,333.4479
610.697,153.41331
0.14,2.1877162
0.093,4.98514
241.22400000000002,80.16451
159.9,59.72338
0.344,1.4983877
1.113,80.440575
17.75,437.47156
0.093,133.15588
9.976,22.99157
49.617000000000004,45.414204
9.86,6.8514194
30.783,269.91467
8.98,0.4399642
59.754000000000005,115.48376
1.754,362.76086
39.867,30.228329
69.204,80.754166
52.85,266.4731
10.123,39.73251
20.223,0.40389213
25525.59,17814.217
359.607,1682.7661
122.103,1.0998882
0.064,1.1241723
169.607,685.3115
0.267,0.3383944
19.087,88.1494
20.606,77.08935
3146.7000000000003,391.1301
360.13300000000004,313.92535
110.14700000000002,0.07884382
10.05,171.54277
9.82,0.015243973
0.063,0.03631828
0.686,80.56588
0.08,0.028723441
1.077,60.6834
8.957,10.305339
339.663,26.167175
10.353,0.038909316
170.177,61.270004
10.11,1.0222851
41.047,0.22694655
29.773000000000003,379.96683
18.93,0.03249817
29.893000000000004,0.029954484
49.326,35.55881
9.75,12.941489
50.34,149.29987
19.017,262.3166
39.573,483.9824
9.357,71.49334
109.256,1774.607
119.77700000000002,1297.3217
0.10999999999999999,0.44762453
662.254,416.58575
560.397,53.30564
330.424,485.42038
19.69,0.065229505
0.39000000000000007,2.6391256
20.077,49.77324
170.33,42.263844
19.707,56.126713
736.9770000000001,567.7634
19.033,9.3867855
6059.3,61.197285
89.833,484.0756
740.7459999999999,309.59363
0.21999999999999997,0.34568116
19.956,7.8582993
459.97700000000003,517.28314
0.0,0.35721588
0.283,0.15580156
19.703,31.292208
158.91,290.2217
18.997,0.24002782
122.983,2.5151148
0.53,0.0365952
0.127,1.2088846
0.10999999999999999,1.5202701
290.543,559.20447
9.61,3.3590243
0.486,0.6312805
10.136,2.3373215
29.337,76.60063
30.940000000000005,67.20623
920.343,495.54376
69.917,326.9972
599.507,831.622
10.666,132.05832
139.97,399.21854
20.62,87.96559
19.953,0.0791598
9.313,0.88367844
1061.113,1006.8536
0.16,5.7784457
19.43,4.3639765
10.457,223.52937
0.10999999999999999,12.489612
710.97,118.592186
29.69,9.050628
10.53,36.254406
29.810000000000002,92.169754
9.927,135.56541
49.9,1.6284944
451.447,546.09534
9.506,0.14648561
11.37,200.57965
10.0,125.266624
30.456,5.190058
10.07,0.18523316
379.967,4298.269
968.47,359.90134
9.147,186.73265
409.18999999999994,193.2958
89.99,367.8421
29.906,31.93765
2359.217,1859.5226
30.28,0.456797
2830.804,1234.5039
19.097,0.08193722
9.94,161.6427
29.99,43.143734
10.09,21.68803
10.014,196.57715
130.01,874.7812
50.756,694.88885
4950.087,2043.4915
29.953,211.1941
18.774,0.6429956
0.35999999999999993,0.9646218
489.583,70.058655
240.027,579.86993
29.576,64.66551
0.406,154.14647
0.083,1335.1915
1289.813,2441.979
19.696,82.66378
19.934,32.81439
0.16,10.285432
10.14,0.78679186
1951.31,1131.306
52.66,140.33864
11.64,0.0871289
10.713,99.03514
9.98,5.7692738
0.343,18.300955
0.157,0.97811484
0.203,0.2968452
20.3,0.07247657
6539.58,1476.3663
19.847,10.649861
18.15,0.5347364
20.34,2.0080647
9.09,0.028755454
10.04,0.2549049
69.344,1.0766191
0.017,0.005912315
379.89,539.8194
9.063,1.4983877
9.52,1.75616
4580.454,2475.0515
9.726,2.766068
0.473,0.041411676
9.93,0.28510982
10.07,3.679366
0.656,61.95916
59.187,2074.854
18.01,72.95731
9.267,138.9377
60.02300000000001,2.2104821
9.714,0.025163881
9.323,179.652
1.017,0.009409355
9.96,0.0871289
9.166,1.2088846
0.046000000000000006,157.13455
59.154,305.3059
80.7,2.873233
539.833,435.36536
2.13,131.17943
20.033,0.13733533
32.333,35.663326
9.56,52.612152
1.927,0.38372153
0.047,6.663299
10.707,0.0041346336
1.097,71.347275
10.847,136.68996
100.104,117.7972
12.215999999999998,0.43087032
549.54,344.948
10.187,0.050724458
9.633,19.754469
24.72,0.5387905
10.137,0.0075481143
250.53299999999996,360.5694
138.637,60.070694
10.624,0.4340546
0.7800000000000001,0.09507938
8.996,0.6358853
9.887,3.1149843
80.394,229.7719
0.267,0.20532899
320.013,176.67926
31.073,70.637886
0.0,1.5131768
9.71,97.15583
39.527,1.5758766
250.113,812.9301
0.74,131.40529
331.1,124.280594
10.037,0.041362856
19.993,318.62973
0.20699999999999996,0.46843922
380.833,0.86568236
11.277,73.37013
9.713,2.5610497
29.499999999999996,83.06395
28.134,252.09544
0.047,0.22649378
0.33,0.07187485
62.9,42.312756
0.047,0.5008462
290.14,115.82009
10.01,1.0855545
1220.486,1694.1361
60.029999999999994,136.66252
19.917,4.1093307
30.11,288.6834
9.247,6.5545564
90.746,452.52072
19.006,5.8904133
78.807,526.7596
0.060000000000000005,0.0071527944
81.06,4.623799
0.0,0.56373644
14991.349999999999,1428.6606
9.21,0.6750122
29.36,144.54169
60.877,134.23024
20.436,0.5779095
0.156,3.9920669
279.107,776.34436
9.56,1.5260192
9.55,6.3147516
20.564,373.8515
39.207,0.20449108
29.617000000000004,1.8320764
19.86,514.5111
0.093,1.3417307
2.046,149.3189
1110.29,210.54108
29.966999999999995,153.44218
0.846,169.09805
0.343,3.1149843
19.876,0.22509132
30.033,43.677227
20.067,54.48857
20.246,71.72819
380.04599999999994,0.28728122
0.187,9.9277315
139.773,208.10031
0.13,5.1962385
9.383,44.183086
19.79,216.44377
89.457,16.822153
21.244,158.25696
12.966,92.45866
19.937,0.13214292
930.153,0.28567696
0.253,64.6226
10.084,57.0793
20.366,11.212842
0.156,30.433102
9.076,0.15015604
1360.617,432.89484
1.19,45.332542
11.007,478.62192
109.097,102.490875
59.56,239.8594
0.457,0.87196964
59.239999999999995,0.041292146
9.864,235.9873
279.843,171.34438
8994.893,1846.8469
0.0,0.1975229
19.42,195.70842
19.784,11.855806
51.13,43.170662
0.217,30.747229
59.720000000000006,810.82684
750.2060000000001,39.11417
0.607,0.48931283
321.66,757.9078
1.313,0.066641636
2857.567,2304.7227
269.313,19.037323
300.013,6.2027535
551.184,143.97118
191.59599999999998,245.73524
230.10599999999997,222.38696
110.483,3.7308438
9.65,2.308231
43.75,310.95825
0.28,0.012947122
50.856,81.70811
829.206,2425.6091
49.14,132.66296
0.42,0.0049098693
150.197,176.30988
19.023,0.5995956
10.15,16.037182
39.097,137.33873
20.75,216.44377
311.09,190.4031
301.297,24.804607
0.61,150.55043
129.713,468.91992
0.39000000000000007,32.988754
40.177,0.80767584
19.817,1.9079185
59.936,94.31143
220.08,528.7837
49.266,279.61078
15.859999999999998,0.011141111
19.27,0.0068989443
9.587,138.69499
692.867,148.94153
19.38,0.24131109
19.113,7.2911754
9.866,0.11767933
2750.523,208.89977
9.593,42.274437
569.17,828.6258
235.406,480.2563
18.983,0.0015821821
9.957,0.32604033
54.04,412.8006
19.957,0.23245117
40.533,504.63443
40.24,30.848581
39.023,160.10591
19.94,811.0972
330.204,102.11637
0.153,0.94961905
20.23,83.53379
0.763,81.70819
10.18,18.24149
130.016,717.87384
9.993,280.46417
9.503,1.558849
0.034,4.537732
50.693,796.588
159.903,1356.4321
89.773,63.15346
11.09,1.6817575
20.117,228.54434
361.46000000000004,465.42896
20.47,56.541374
688.94,3131.5618
499.964,2020.6746
500.017,552.6245
20.203,0.028755454
10.987,162.94489
19.874,1.3787843
1.49,0.83234465
989.273,3286.8967
18.663,1.4557701
20.113,118.06341
209.97,38.688522
20.926,538.41345
20.214,266.17966
0.204,0.42290306
9.39,35.33647
10.293,4.792802
10.37,201.50238
447.843,435.1894
209.583,819.33026
879.3669999999998,115.5553
31.850000000000005,79.848335
769.9929999999999,168.56352
10.57,263.69147
0.687,0.34660286
649.933,1276.8136
200.067,288.34
1601.377,1083.6436
10.74,0.5059643
39.22,155.09645
0.060000000000000005,43.677227
2171.643,602.3466
0.017,0.025448853
9.286,1.188299
290.383,149.24867
21.633,0.045092568
19.953,225.24937
610.374,304.11426
8.194,99.7819
0.267,2.0767758
219.283,171.5268
0.267,12.887685
10.457,41.810806
39.403,21.833498
9.81,46.1611
31.003,0.005247615
9.157,140.27795
29.92,106.32355
19.473,0.68870825
0.030000000000000002,0.1950289
0.05,2.3060863
10.35,122.660255
80.23,53.24632
39.88,267.63504
70.037,76.70761
50.78699999999999,305.49103
19.997,0.8969156
38.326,193.26024
39.75,39.17654
40.633,378.18393
20.247,99.65645
0.446,0.560195
20.14,0.086806856
1002.457,1734.4636
9.683,6.074758
341.143,504.783
9.977,300.3097
29.957,0.10211611
11.320000000000002,361.35873
0.127,0.009450994
0.17,1.3191422
8.16,151.98946
429.867,536.4187
23.053000000000004,87.17814
570.193,242.59337
39.686,161.46341
20.053,848.5759
9.177,3.9082203
19.994,15.086335
19.507,0.8312833
39.877,2.8079395
19.286,1.3055683
0.14,0.5507154
29.51,0.009028993
0.547,8.135971
9.527,0.67568135
58.78,4.1171594
19.914,472.14355
88.97,44.78704
0.6,0.57947516
10.35,2.279808
0.123,2.8010478
10.06,55.19252
20.763,80.96486
21.673,0.51014173
0.217,0.5137134
1.297,0.3415028
19.617,2.8655882
9.647,0.18310656
0.173,0.114148155
200.117,253.0791
10.18,0.006666559
0.377,1.4616644
60.096999999999994,675.0463
470.23,488.27274
279.033,202.38092
30.103,359.0533
448.047,436.93756
19.533,6.568948
30.186999999999998,19.723162
30.484,150.55043
19.157,298.10696
0.297,42.113148
9.397,1.0194771
0.203,0.05916973
497.4270000000001,113.94271
10.147,0.8308046
59.99999999999999,304.21426
9.794,0.026283165
20.223,1.3065872
59.19700000000001,0.21726389
10.547,100.212006
0.47,3.073973
39.977,57.280754
0.093,11.7812
230.29699999999997,74.88136
0.156,0.7748076
0.21999999999999997,22.80743
0.064,1.2088846
9.627,0.078934036
80.17,61.601357
0.093,2.3796535
499.353,144.12425
10.447,256.70633
19.54,67.18474
50.32,5.1556144
29.856000000000005,1681.6403
1579.0500000000002,300.6892
40.077,233.03688
19.367,102.55466
30.08,0.07441681
109.02,3.6225755
39.834,5.5401826
10.014,43.39533
20.687,57.494205
8.777,6.152173
16.603,139.15001
0.21999999999999997,38.06443
14.637000000000002,1138.117
59.85999999999999,229.8076
29.577,31.662142
20.23,176.17743
1059.563,892.2204
8.893,0.21575865
99.37999999999998,298.50836
19.877,4.7376738
180.18999999999997,141.4755
519.84,3225.2322
13.893,127.52677
25.973,0.43692687
0.33,0.034827262
10.187,2.2231135
609.61,280.11642
25.063,387.90387
3590.1900000000005,1201.7183
10.553,1.4076624
500.023,206.30058
90.053,37.450356
9.71,0.040655855
339.353,2603.4954
9.123,0.36714518
19.54,0.035329256
10306.673,4816.186
9.39,0.051689804
49.75699999999999,35.397305
0.43999999999999995,1.0193896
99.96,2.61068
0.7060000000000001,418.58853
0.08,0.8112507
20.19,87.60746
438.81699999999995,687.7417
27.717,35.152256
39.94,1.1308312
0.25,0.047466084
379.42,2157.1453
6969.924000000001,2677.8037
9.247,0.15151337
10.114,0.22492246
9.667,1.323121
19.603,14.307487
30.207,119.537186
441.106,1051.5776
0.724,0.32941636
150.143,514.3244
0.21999999999999997,89.47044
2478.09,307.916
18.643,237.62877
8249.67,16385.822
1579.89,1032.3605
9.043,176.30988
29.624,0.0324441
20.834,0.0032347068
6621.617000000001,1465.5171
19.153,1.7446024
78.08,185.94063
17.887,95.808495
20.343,267.06796
50.02300000000001,42.251644
50.01,11.680674
28.533000000000005,16.145424
19.72,0.24725658
1.0,13.422416
61.04,214.27588
0.25,0.020586759
130.007,60.031746
10.687,286.52087
10.18,2.8387403
0.097,0.0123321
0.0,0.028049078
37.063,0.38429713
18.58,0.009026693
9.777,0.6013221
30.217,45.957672
69.123,609.8101
0.0,82.24776
122.45,0.042393
10.643,63.30135
1.453,0.010851844
10.57,15.597121
9.84,91.260345
380.28999999999996,352.6133
129.88,457.60086
19.167,67.216545
9.67,66.76144
19.973,0.35898733
19.853,123.31321
0.17,0.5481052
2470.93,846.0094
1.063,0.12032509
520.557,443.06683
219.357,3007.052
170.453,1508.1481
499.513,1681.0183
0.23299999999999998,0.012609807
39.2,343.7691
10.04,0.046193443
20.38,43.0296
20.424,300.13705
0.203,37.794983
271.107,1295.4988
10.81,0.82194984
139.86,62.362907
100.84,10.782513
0.174,47.287304
0.35999999999999993,175.68123
9.507,1.1773732
170.134,370.9712
9.307,0.21785106
10.11,55.170296
149.617,1129.3881
10.864,4.079388
20.477,1.7643889
10.06,174.15965
18.183,3.2013626
30.19,10.130545
19.023,2.0179374
550.116,599.0566
6500.38,1571.4814
9.95,0.02648317
859.603,477.51288
930.4630000000001,582.9138
10.4,121.85187
10.15,1.8149372
9.814,0.04856808
190.76399999999998,145.02577
10.603,0.0090913065
0.296,0.040922508
19.103,0.87196964
59.333,400.0679
360.37999999999994,591.7764
0.376,0.025429443
20.12,1.5386683
10.0,52.544437
89.937,324.42712
19.547,36.334198
26.0,487.78735
20.09,1.5758766
39.783,632.78735
19.58,13.814126
0.17,29.63858
9.574,0.025717422
0.030000000000000002,11.661309
10.303,0.02181375
50.92399999999999,388.02167
20.67,15.127152
0.9530000000000001,0.014737392
89.74,537.85504
209.39,746.24927
0.23599999999999996,166.93993
20.023,1.3436589
9.177,0.07308515
151.154,0.08135038
39.196,0.41222197
292.093,108.95118
7.863,0.4472588
0.013,0.011696974
19.506,1.564592
10.067,2.835553
10.457,1.8104672
1.096,78.06695
0.063,0.54810613
9.066,3.0337443
519.85,210.89238
10.237,114.66689
40.157,83.78265
29.980000000000004,1.4861674
170.24,3220.7188
8.813,205.06158
120.223,1.4214003
10.07,0.37400857
0.046000000000000006,0.0032347068
2141.433,187.17017
19.337,4.126247
60.506,83.19081
10.027,0.49505374
10.897,86.39632
22.037,147.86247
49.787000000000006,100.48989
9.39,2.5242069
479.764,509.12497
29.667000000000005,89.29399
98.18300000000002,47.27447
80.953,117.23146
0.060000000000000005,1.8966117
0.047,1.9045866
20.944,1.7979141
4409.8,2531.2732
105.15699999999998,1142.1422
9.67,0.05571629
19.567,858.2678
0.28,1.7348126
38.933,1.8283591
1.173,1.0384467
20.106,58.659348
59.650000000000006,22.219034
20.977,0.0068989443
894.677,1532.2418
189.32699999999997,8.097066
280.83,268.1982
20.633,8.333879
31.317,203.8396
11.66,101.47839
110.95,174.98907
0.687,106.7893
9.644,306.76562
10.166,2.0128734
0.10999999999999999,2.906767
19.843,29.542221
6.643,46.824177
1360.05,715.8982
39.904,909.51733
9.656,129.38335
9.82,35.906605
10.123,1.0795616
318.886,387.19147
0.267,98.72228
1510.986,806.3902
90.307,3.063339
149.097,214.16281
2099.027,2615.1235
80.777,9.032342
40.95,42.269768
9.827,28.267885
9.35,5.720486
20.773,471.16547
24381.169999999995,2211.4155
80.243,1.9308033
0.473,9.981377
0.08,0.4721627
30.807000000000002,7.0023704
10.036,259.9757
3100.1200000000003,2802.332
59.68,128.48358
120.54699999999998,34.9595
12.553,37.038883
0.25,353.90875
412.74600000000004,43.975956
39.957,143.16055
0.113,0.89174885
10.547,1.4819034
0.297,0.3082635
19.31,105.86959
39.984,103.71128
9.85,0.029948657
19.663,12.645388
9.923,0.96462274
9.68,31.399273
36.623,0.0020259542
110.48,0.057119213
19.086,241.10527
10.047,0.94961905
9.226,163.4034
19.3,256.68756
69.813,17.359287
49.480000000000004,217.50519
39.843,55.68621
9.484,88.194984
50.7,1.6647635
9.537,1.0392084
19.827,210.88835
139.96,989.06946
40.07,2.413348
1979.2329999999997,612.1536
0.203,3.3640277
9.927,0.8331357
89.7,114.66689
170.09,5.1477737
30.16,468.58185
0.21999999999999997,0.62241656
110.76600000000002,92.75064
0.593,138.01645
421.63,1010.744
31.437,174.79185
190.96300000000002,301.19928
0.143,7.299948
0.267,0.977572
0.097,85.96744
19.657,0.4015123
0.123,3.073973
31.223,394.32507
20.783,51.309
19.193,89.82531
0.187,0.12773758
19.846,3.117225
2507.23,632.93445
10.163,117.608894
9.803,1450.2289
360.41,200.8394
70.683,63.217194
3589.103,361.1133
19.86,39.11417
19.974,0.008125098
18.677,732.44574
2.093,0.0035216303
79.977,6.3628106
659.36,1019.28986
161.61,543.51074
2231.417,56.714256
21.163,0.8511699
19.733,14.113969
60.796,3161.149
9.01,0.0076620826
9.15,1.5202701
71.237,480.93066
69.207,263.41208
0.016,1.7282338
20.17,116.74327
310.186,791.4355
39.9,0.10699686
15.316999999999998,0.10339582
9.5,0.042590592
760.127,315.54584
33.917,2.7596602
858.64,460.63922
20.19,1.448163
1410.777,1861.7899
0.53,0.4659117
0.907,2.8010478
19.883,0.6163079
30.573,112.917366
174.57,1991.3268
29.999999999999996,45.539593
9.4,32.91731
250.096,781.7544
3891.596,949.4112
9.04,0.23482008
19.67,2.0815127
0.14,2.3835824
759.7600000000001,269.29663
1.296,31.963041
20.617,152.71411
10.337,79.1387
9.933,38.06443
0.017,0.008660453
0.093,1.4512781
3830.8370000000004,38.939987
19.79,0.076344915
30.123,54.011402
0.143,113.838036
149.847,0.062836766
10.194,0.8022133
21.023,97.788376
830.203,887.10443
110.02300000000001,0.62525666
39.904,1.6034988
0.063,6.6378937
0.263,0.17796451
60.846,162.59901
66.94,251.33865
0.297,151.28433
389.33,441.34482
19.73,217.447
9.57,0.18034893
1040.064,463.39072
40.52,0.07755057
10.373,0.07163711
0.0,34.135853
39.843,112.917366
10.193,209.69293
19297.957,551.6943
2620.83,155.55528
9.79,0.034221657
0.123,0.06227544
78.95,64.25911
10.67,11.140317
10.917,123.6358
50.877,1007.1075
89.906,0.00513349
0.123,32.272434
989.817,1402.7292
111.013,189.091
9.703,1.2557098
10.01,12.83546
4.374,41.487823
29.333,0.012461745
0.030000000000000002,2.0754218
31.202999999999996,1238.7601
9.103,0.5036679
30.186999999999998,68.61453
30.163,76.34202
99.687,1344.4725
0.503,0.028056141
11.583,0.0390692
40.87,425.63834
0.064,0.8960469
9.054,0.4399642
259.643,73.748474
39.487,73.51824
9.99,0.1501562
9.703,0.43367106
10.557,106.54421
19.127,2.250002
10.593,27.817228
259.924,564.44885
57.027,1032.1627
129.963,294.8265
950.353,102.44279
10.183,9.52025
108.72599999999998,160.77208
9.273,68.332405
20.367,169.77051
0.317,0.36772725
88.313,128.20663
20.81,120.58291
59.637,0.1505982
8.927,1.5850192
69.793,7.0507107
110.04,76.32573
39.78,8.267168
79.63,105.138275
19.626,225.27608
20.047,20.422264
59.58,573.70276
19.853,0.39221624
197.077,590.3697
0.106,206.54634
0.643,74.890274
9.867,10.579978
60.007,1259.1902
270.963,154.29176
10.1,1.1534522
160.727,237.80267
40.954,207.2295
0.703,2.4113193
239.91299999999998,3.3258538
229.47,234.22418
69.727,0.13030878
10.164,138.53078
50.68000000000001,0.11141783
1789.69,158.02296
20.09,1.142277
47.75,262.92715
0.14,0.038098164
1759.67,1542.6239
100.25,102.29708
9.78,0.041362856
19.207,0.399001
10.223,0.19377764
0.327,0.17987278
290.446,89.5883
19.92,79.77593
8.09,286.98727
280.21,251.61745
19.44,268.20306
351.077,290.05646
99.50000000000001,144.57535
29.106999999999996,187.29321
59.703,205.66092
30.25,391.8749
1910.2499999999998,516.5305
9.446,29.791311
19.693,0.22786778
1814.3839999999998,1217.9591
99.91,57.774662
141.644,575.0573
9.244,0.016971953
60.083,0.8496776
10.22,0.059415765
261.24,180.03311
20.017,0.06144283
21.087,12.79752
19.757,51.838806
19.823,8.6599865
178.346,248.33604
0.046000000000000006,0.11827853
18.917,0.20537874
0.17,1.5330206
20.25,7.6466703
73.15,1035.3022
0.030000000000000002,45.60741
46.423,0.021267023
489.57,1042.8927
20.593,2.2936637
9.657,0.3821577
8.837,0.48726118
0.19,262.01904
691.31,862.79114
589.983,463.94055
29.204000000000004,848.88837
0.23299999999999998,102.588844
0.187,0.016823713
362.247,194.77031
0.58,0.4562415
50.61699999999999,130.45192
406.63300000000004,140.60066
110.31,30.392555
10.736,37.93783
10.077,0.5318405
9.97,136.04929
28.27,1421.2524
10.093,0.22509132
11.126,107.737305
29.753,7.157207
0.174,42.720203
20.17,5.4103594
450.28000000000003,93.703575
28.61,3.4304712
1630.607,587.1784
10.147,24.075762
129.717,57.18225
0.783,2.994042
9.027,0.011742998
0.123,267.3515
58.877,278.76395
9.803,115.40129
268.984,494.50418
19.717,138.5363
56.26,182.10503
20.147,9.81492
53.62,21.4144
49.633,0.0017590319
201.02,67.00896
16.64,0.033849936
0.173,0.4399642
19.347,56.065254
33.11,81.47394
99.99699999999999,219.50778
19.783,0.010486669
9.95,3.5229251
39.547,72.82953
0.08,18.440937
11.750000000000002,82.13227
151.17,109.21778
50.586,1932.3495
110.033,289.6063
20.313,0.08696959
19.476,0.0678515
17.563,0.035257865
29.383,199.47801
10.767,0.009639034
0.906,0.034221657
10.127,0.092043504
9.983,6.5543566
9.964,151.7054
0.0,0.035257865
1.127,173.95311
10.007,0.0412614
13068.89,3558.476
17.79,31.85925
9.067,103.72005
39.107,263.72095
259.657,18.05964
310.103,118.80061
200.79600000000002,84.018814
19.313,92.056755
19.727,267.28485
59.26700000000001,10.227891
10.213,75.707
0.627,0.047561057
0.05,5.4987574
40.03,11.637397
150.653,555.8633
20.37,65.50648
0.077,0.8018782
39.86,1.3890426
20.256,103.51942
20.673,377.63983
10.9,0.51819897
80.217,20.046381
8.797,0.5318369
29.84,266.2266
90.033,25.75025
99.897,30.084429
1.28,156.38914
6.33,255.1755
29.953,75.472176
209.22300000000004,403.5591
8.207,83.17672
9.71,227.4198
0.017,204.07567
20.227,366.91617
8.933,2.438318
10.217,351.1999
10.99,1.8423502
465.066,749.70306
0.9530000000000001,0.117955044
7.75,60.71409
19.523,71.090324
0.046000000000000006,2.102945
30.167000000000005,482.11206
29.980000000000004,3.7224283
1839.867,588.38995
121.267,3236.2585
1.8039999999999998,6.5654716
30.153000000000002,127.973854
20.594,1.100076
18.973,1.0634483
9.05,1.4795862
36.4,0.02039986
9.727,1.5458808
40.167,76.756996
59.96699999999999,0.08990267
2729.277,369.03696
9.303,3.5396986
9.764,0.16878837
39.8,128.24261
0.060000000000000005,0.5347364
87.45,479.38046
68.96,99.22087
229.86300000000003,1106.0748
109.776,6.6401477
352.864,640.0471
1820.023,6.2328606
259.04,1059.841
10.593,0.4373404
79.933,61.240425
8.813,0.00605973
19.113,0.4437093
9.36,2.9161906
5.25,4.952414
9.873,12.372812
9.693,9.131196
18.79,0.015666375
39.947,1.2009493
0.077,161.97902
0.326,1.1266946
149.963,596.8131
40.77,11.785828
24.256999999999998,317.70526
230.4,984.62646
10.12,10.454143
39.763,1082.5609
9.327,0.04449902
10.583,0.55385876
80.123,1.2689432
0.25,635.5418
289.9,368.76822
170.403,487.8431
0.187,0.5387905
18.797,0.020340145
20.043,170.2603
21.03,69.94494
0.423,5.340165
0.28,1.8837594
0.077,7.7219334
50.01,8.413002
28.884,72.11601
59.98,13.2893505
29.75,1.3286186
500.786,195.08444
0.047,84.56123
10.23,72.01294
59.81600000000001,144.29482
309.97,374.18472
19.82,68.659904
0.48299999999999993,1.7688721
69.256,134.73883
0.08,186.61897
9.967,296.42877
29.97,107.6967
18.09,0.018819634
9.687,425.22745
400.09000000000003,334.11597
0.513,2.9358392
19.047,1.8149372
29.76,0.0120206745
9.74,2.2982092
20.197,1.4332069
89.626,330.075
9.784,0.7783349
265.37,169.61975
9.857,2.265011
19.693,0.49231786
66.68,135.31969
0.86,4.2893505
82.34,106.93216
19.127,0.039656077
9.774,136.25563
0.017,8.083899
120.214,100.6001
9.977,1.1876668
0.094,11.223261
80.137,114.999214
9.93,278.4452
10.127,46.58111
58.93699999999999,307.62436
0.10999999999999999,0.08450271
240.75,229.07281
0.61,50.71199
0.563,0.011794922
0.423,2.8955567
1.174,4.839009
10.537,1.0040443
0.576,0.875404
29.89,57.335064
40.023,1592.7657
9.413,71.89859
19.09,166.89108
0.123,88.71023
10.036,130.0929
19.973,0.75799423
0.2,249.17125
20.02,195.28627
22.323,1.2377511
9.82,1.5567751
80.074,44.89897
430.73999999999995,841.38995
0.0,84.48334
19.66,31.895311
1.253,61.95916
0.047,7.0795984
39.91,121.30269
19.823,16.42166
9.707,0.43042845
100.33000000000001,554.65314
19.683,0.10724192
0.10999999999999999,0.49231786
0.686,0.03926875
59.594,0.022151649
19.867,121.57658
589.753,2904.1003
9.88,64.39885
55.307,452.13843
455.64599999999996,911.3831
0.203,70.74923
39.747,7.4650645
49.56,149.74988
20.11,34.335026
1.72,248.58914
109.76,0.32893452
71.834,86.39632
509.85,210.91504
9.303,0.6583026
20.067,1.4573538
10.193,2.8715377
0.047,1.3814125
21.27,0.0044202833
9.93,1.2573335
20.07,109.563
10.25,0.68050295
8.813,60.38412
11.886,0.41153815
11.447,1.2573335
30.71,0.12663345
21.29,0.058802795
0.030000000000000002,5.1962385
40.053,1.8691609
3.607,142.97707
51.32,95.09548
460.4200000000001,125.81132
29.980000000000004,66.34537
9.277,1.4850881
10.304,0.0504643
60.236000000000004,1394.3899
19.897,3.5775492
79.71,45.907085
28.287,0.045227464
29.44,0.94896895
9.936,5.7692738
171.057,157.76515
61.126,0.15745959
69.957,67.91036
269.76,218.45364
0.124,33.01454
1.6300000000000001,40.332863
49.943,12.419306
49.82299999999999,47.461697
349.676,160.78996
0.033,188.04987
0.030000000000000002,1.3746408
19.817,4.336056
360.293,151.37398
9.984,5.0289607
0.063,2.950749
2060.003,212.496
38.777,98.61721
39.21,159.34283
37.783,202.61589
0.106,14.3621
0.017,0.07398969
70.01,270.74515
20.393,0.024935573
0.156,0.008968002
61.243,193.35109
0.063,0.05699885
20.117,272.69388
20.296,41.147526
39.98,47.7952
9.377,0.5672645
20.38,87.65525
0.186,0.5318405
149.253,151.23346
9.643,52.612152
31.187,79.418564
19.85,26.358189
30.909999999999997,0.22297826
7.72,45.113754
159.24,237.0512
749.1630000000001,496.71667
0.35999999999999993,0.024430161
18.137,79.23852
39.913,0.94629043
20.643,0.010496473
1211.277,286.90378
0.047,0.026283165
69.85,152.9961
9.45,1.8746986
159.934,462.14636
90.14,143.37167
9.163,3.3926878
2447.734,670.465
4.314,160.25023
9.817,86.18924
19.95,438.30505
69.977,129.12619
329.86,49.727215
70.26,238.72337
150.103,252.58798
9.697,0.35933638
0.030000000000000002,1.448163
69.573,649.96326
162.38,940.5367
0.217,12.645388
118.92,0.06791022
0.21999999999999997,385.33035
140.147,184.87766
21.413,201.54202
130.1,36.951035
19.393,0.0037269185
39.84,377.81912
0.047,0.36983073
299.317,197.47522
60.19400000000001,11.508732
149.59,448.79877
8.253,0.03882932
70.017,105.5887
19.513,0.029312482
120.23,20.727491
69.904,223.22704
19.82,669.5388
29.614,127.66715
0.453,0.008077606
0.0,0.16023265
10.444,0.14051412
50.46,0.17659305
9.82,0.8364826
20.64,45.603237
11.193,1.3386581
9.886,0.560195
49.959999999999994,31.78392
0.064,0.014151471
15.967,257.7761
20.2,67.18346
10.857,0.6222219
0.10999999999999999,2.1298075
0.156,0.45130134
0.58,2.2883985
456.69,69.39238
10850.393,7083.3037
8.66,126.64677
114.076,659.43054
20.197,41.461468
30.23,55.23586
0.327,1.9146385
19.94,0.37294075
30.177,227.28427
608.724,393.53766
22.313,1147.7428
9.376,4.5899334
19.107,145.89418
8.957,2.3966084
10.697,1.556772
50.06699999999999,148.98117
19.703,14.629745
150.14,83.53545
0.08,1.7283676
6.573,152.72063
0.957,105.0036
0.203,0.1712634
9.154,0.14569052
60.203,289.75125
11.492999999999999,0.0046291496
9.543,0.05254752
20.563,228.1937
11.389999999999999,0.07993548
10.38,181.25163
60.10399999999999,9.328265
9.937,181.37857
410.53,566.2104
8.336,1342.8949
0.16,186.74771
19.277,79.76075
50.007,14.223221
49.98700000000001,38.32688
1120.15,495.45685
200.16300000000004,1155.4508
9.38,48.587193
904.6200000000001,186.93884
10.136,146.27762
160.06,89.827545
9.857,1.8149372
989.67,386.91953
38.447,0.035394613
178.813,541.90125
38.9,806.23206
0.94,182.50491
120.05,144.88919
49.61,0.26739153
90.243,263.13297
199.02999999999997,95.480804
20.046,195.10205
30.003,30.848581
110.404,12.7191105
20.067,94.42945
0.144,3.0170453
8.89,0.09520042
170.01,428.6769
18.41,281.00653
30.116999999999997,27.581472
0.0,0.54810613
490.74,184.33742
20.32,0.05604884
2.8300000000000005,0.52497363
0.143,29.564583
9.666,0.037873127
40.11,10.516134
1009.823,744.40027
11.569999999999999,0.04868852
160.096,855.97253
10.214,0.14627719
19.544,0.24725658
0.766,54.12089
12.403999999999998,0.047466084
19.926,254.89804
481.02,273.76102
0.21999999999999997,0.045415986
0.216,1.5850222
3.863,199.26636
10.71,27.179388
10.126,0.044152476
18.874,2.2589974
170.38,45.85611
9.003,0.1729246
0.717,0.5794465
9.57,0.013808551
20.14,424.5988
19.64,58.087532
9.93,6.2627745
11.13,103.64153
77.806,78.5787
90.386,168.31929
0.42,35.751225
0.3,1.3210444
0.17,0.03973785
19.674,0.006651153
9.896,1150.4164
1.377,294.60974
50.05,3.4658117
20.46,88.62802
20.603,0.6780691
39.543,201.38971
40.633,0.036916815
50.05,11.273688
9.763,0.011095359
1149.747,1788.3718
826.2560000000001,814.45026
9.77,11.087293
829.923,572.1493
50.35,379.67407
0.58,0.2385646
63.697,326.45206
19.843,76.73253
2081.987,251.88966
9.304,0.06596612
0.503,0.01609105
19.217,410.83774
0.907,44.134453
19.193,13.311596
10.066,32.29954
8.877,0.07187485
229.497,96.808815
9.784,1.8928225
0.046000000000000006,0.051689804
61.147,39.280415
8.787,41.396763
41.204,727.3919
88.643,3.2268324
20.047,439.5742
21.254,9.265426
29.923,801.19086
11331.703,2396.8088
30.426,1.9475001
29.8,78.18298
9.854,0.0060472246
19.56,6.991089
676.843,357.53275
0.7199999999999999,0.11827853
0.063,1.6582278
2680.353,1659.4325
20.083,108.32491
49.650000000000006,75.80805
0.92,0.03699798
9.287,54.761585
39.993,13.194629
728.634,752.9411
84.777,82.250656
20.09,0.0065447036
0.113,1.5984056
19.607,0.4472588
0.077,0.3740018
17.65,2.1817386
19.873,0.560195
9.68,0.15580156
6830.257,1534.0085
80.247,142.73424
139.34,279.10132
970.724,2159.1655
1.813,109.52558
18.82,180.54535
249.887,614.06665
20.0,710.46967
249.646,591.8734
22.654,0.007020483
980.173,2603.3733
21.407,127.12002
39.863,2.7585812
10.283,10.047759
310.803,87.76094
29.79,0.010195832
19.29,1.9128921
2226.21,483.29785
4.067,0.028723441
39.32,0.013257123
1219.616,40.893234
19.53,43.652225
0.314,259.5102
29.740000000000002,7.2826505
29.267,99.873375
19.54,0.32304713
19.83,0.007865718
19.897,343.43436
0.234,4.5899334
210.14399999999998,5.1655097
19.73,0.06270883
19.833,1.1617106
6.354,0.022151649
49.25,0.6310933
0.767,1.2400669
19.437,34.872654
27.443,3.5229251
262.7,510.89743
130.033,10.663701
9.773,52.343807
48.984,956.4814
9.977,0.018383943
9.25,44.33459
0.047,5.535969
0.10999999999999999,0.008259504
1571.464,397.47534
89.907,98.3749
39.57,9.418944
2.117,247.99538
19.767,0.10721309
269.767,9.697343
71.13,218.18608
399.82,795.469
9.9,311.31894
0.4069999999999999,2.0754218
19.643,333.25256
0.4069999999999999,0.1598148
130.0,61.97178
2568.55,151.86208
19.157,0.43347514
30.290000000000003,15.641467
0.25,0.034343965
11.03,3.0597012
0.187,1.4795862
20.813,99.2937
9.57,2.1741848
99.65699999999998,17.912645
0.4069999999999999,1.5068693
198.207,175.20668
119.15300000000002,862.17017
179.7,383.48538
699.537,236.11989
0.267,1.7688721
0.267,1.3191422
9.487,1.5131768
20.13,49.332993
10.407,0.75726664
739.464,3112.992
18.667,0.009444588
16.443,110.73396
0.21999999999999997,0.0045271968
0.046000000000000006,0.14337792
0.297,10.057141
69.144,0.015040764
29.775999999999996,113.33041
0.14,644.30444
30.167000000000005,12.074845
220.52,10.295018
74.763,635.1432
11.88,410.60092
9.963,0.17987278
9.423,0.36877242
10.477,2.1299152
2719.357,1836.6204
220.36,152.78944
0.39000000000000007,3.073973
919.364,361.09384
0.23299999999999998,0.52497363
139.687,63.021225
5281.013,240.74599
10.377,2.8006017
0.457,66.5087
10.304,604.32385
0.7500000000000001,43.912895
9.597,0.028627317
29.957,195.49391
22.164,6.0204296
159.217,0.92029405
10.227,160.44606
1229.35,148.08276
89.337,66.457794
9.873,2.6889634
10.72,3.2588134
0.14,131.70027
19.723,0.01304787
9.407,2.1741848
19.75,220.02509
0.25,0.23264101
0.39000000000000007,0.4933199
679.847,1018.0365
69.913,103.53005
20.847,1.8549714
89.844,163.03549
0.31,0.047894333
11.186,480.0288
0.034,1.5330206
9.887,0.51437426
89.6,191.77287
39.157,0.010613378
5279.52,55.867645
0.237,0.00605973
88.356,876.34796
39.84,50.717113
0.033,3.5726323
0.363,12.419306
4903.56,1532.1373
410.62299999999993,315.2671
10.207,283.34778
9.28,37.891373
38.823,528.2366
20.16,2.2115111
40.056,366.37436
9.834,0.55236274
3755.61,3522.6262
39.877,1.7690493
29.52,94.90219
10.147,12.307982
19.473,0.0070114844
0.347,0.10455049
19.62,201.39354
90.05,262.41434
9.814,3.7166398
30.784,0.0038346185
539.703,1169.9948
10.78,41.359108
41.247,215.14124
20.34,0.02937388
9.97,0.7368641
29.85,358.7249
19.74,0.08696959
38.163,1887.9679
79.897,651.49884
20.227,116.85982
10.106,0.010092424
19.913,232.38329
9.476,3.2700348
19.717,3.9498076
40.087,265.9211
0.25,1.416718
390.03999999999996,482.6247
8.924,0.011696962
10.467,0.053021263
0.253,0.2782652
19.07,5.4485884
0.217,912.10156
19.277,44.854717
0.063,0.057636037
80.623,135.65619
21.633,364.7419
9.33,0.28534156
5.89,62.77711
16.307,0.89870834
1088.874,548.36536
20.453,74.25643
119.533,56.11329
30.722999999999995,1.9888357
0.013,0.030927483
9.843,0.045415986
0.127,0.9169109
0.127,151.98946
9.433,0.7338011
0.767,0.03620602
0.53,0.8922933
19.82,0.2667953
10.147,120.157906
0.19,1.4881063
10.077,53.353348
350.007,879.0716
9.22,2.0754218
127.917,108.68695
59.95,1.7356879
0.9530000000000001,2.169707
40.05,54.701576
20.074,7.0386596
39.8,132.10881
19.837,0.0015272745
0.0,1.5458808
9.094,29.564583
30.116999999999997,269.39392
209.86999999999998,6.099938
300.94,42.01035
40.106,2.0128734
0.204,0.029979434
1.327,31.399273
29.223,42.87466
270.107,162.15135
20.286,0.5556957
9.033,1.877289
178.22,310.47556
9.83,37.794983
150.72,926.0748
11.137,12.281259
50.693,55.911884
3.8699999999999997,0.18027121
10.483,0.92187166
0.0,6.5545564
9.887,1.0071869
55.22699999999999,507.44757
59.617000000000004,391.48193
20.756,255.4704
299.82,354.09937
189.51999999999998,726.7376
18.703,2.8430612
10.58,235.88434
137.127,1855.4473
29.187000000000005,76.91195
18.997,251.31555
6.206999999999999,0.95927274
25.222999999999995,143.8691
0.187,0.011794922
0.10999999999999999,1.2547475
59.87,0.005248931
60.876,453.88464
40.427,0.7036056
50.81999999999999,0.2545563
10.257,1149.2058
8.026,1.142277
0.597,93.24684
20.07,0.28567696
680.247,647.2087
19.484,35.883717
19.924,1.8746271
99.42,670.1369
1861.273,355.22403
30.12,1.1513774
9.027,78.068275
19.583,0.060484525
1427.117,649.0338
9.92,0.12458081
9.607,1.968889
9.657,152.849
18410.267,2472.361
0.10999999999999999,1.1573594
0.767,0.018819634
29.854,0.22212574
9.866,0.015291059
733.586,2074.2173
3608.0230000000006,622.7129
120.59,249.62407
29.860000000000003,2.0220292
9.03,53.949646
1310.237,935.3731
150.05,13.301256
9.817,0.0038737413
100.214,503.8502
29.513000000000005,0.31525642
0.767,0.003327656
39.84,22.468903
29.796,54.742336
0.14,1.6722435
18.983,90.66134
120.05,70.24075
9.907,60.971035
560.097,30.753063
739.133,511.90826
0.737,0.04848978
10.147,1.1711671
32.337,55.78586
19.347,10.482719
50.092999999999996,56.342518
10.026,737.80585
9.553,0.1501562
18.86,58.441807
20.424,689.7448
30.460000000000004,1.0640721
19.393,0.10724192
569.703,61.909138
0.3,1.3628074
19.476,13.035939
0.097,51.557068
79.997,5.3847795
0.39000000000000007,3.0152802
20.697,221.37428
9.6,1.6992018
4550.067,98.03492
19.13,0.5744527
0.796,128.17496
0.67,1.3210444
30.099999999999998,0.7146829
10.317,0.12615998
420.7699999999999,191.15735
0.176,42.030647
168.74,0.9180834
30.304,0.9096159
100.80600000000001,1.8926404
569.903,176.78908
239.93,79.20216
9.363,223.79617
20.437,46.32057
7.396000000000001,106.32355
981.3199999999999,1710.1583
0.10999999999999999,0.36394605
40.153,105.21733
819.804,480.70465
39.463,0.9621972
40.443,0.87783
20.22,34.508682
150.17,246.54564
29.449999999999996,10.545937
0.25,0.5756615
59.23,540.08154
450.563,268.88464
19.927,0.3137271
63.876999999999995,459.10086
829.004,662.4817
9.34,13.442665
9.493,0.7236301
39.19,452.3076
19.134,3.380622
190.014,347.73865
29.95,0.0672116
8.16,0.01994772
202.313,245.69165
9.406,2.3990507
9.673,1.1892219
0.127,0.8470684
19.61,1.6910093
9.8,0.016848456
20.366,294.96088
59.550000000000004,29.278654
19.967,2.1877162
9.703,90.36798
13.614000000000003,443.56854
0.343,1.1892219
10.074,108.12002
0.31,118.06341
130.037,7.049971
9.963,0.0060472246
0.094,0.37911654
8605.636,1850.751
18.807,2.3337781
29.92,13.814141
0.39299999999999996,0.036057375
260.33,311.58948
9.56,0.07401129
9.657,2.386587
349.907,111.08966
21.18,179.4536
79.993,137.59375
19.45,68.2029
0.28,9.320761
110.00700000000002,0.07846308
39.043,2.0886488
48.75300000000001,6.723637
1810.833,48.184868
0.14,0.05230489
20.023,0.16867025
1.046,44.57381
0.8100000000000002,37.53056
0.25,0.35914522
99.26,636.27924
0.21999999999999997,0.5703249
300.803,246.32056
20.813,0.011496051
8.244,38.558388
58.443,596.9558
30.807000000000002,2.7978227
19.857,74.504875
0.9239999999999999,10.358298
9.383,0.04647314
66.184,1.4839641
9.55,0.60923237
19.63,1.3958534
0.093,3.5726323
2.126,491.9583
0.124,60.341278
286.446,162.24832
29.457,259.69922
0.123,5.991195
2641.117,1420.7451
22.117,0.059766404
0.217,6.053092
20.397,0.30023316
19.02,0.01256262
880.323,1587.6692
38.74,246.47105
9.98,1.6459578
0.10999999999999999,0.18310656
100.304,665.5748
40.136,1.127532
19.974,149.9815
18.413,73.78515
0.187,2.633454
129.097,55.948708
69.254,4.235414
19.8,791.4355
10.49,256.17813
0.39000000000000007,60.38412
20.743,20.204924
32.373,135.88702
0.19,0.22858013
10.17,1.5535629
201.05000000000004,477.67337
1.6729999999999998,44.87096
9.027,1.8183539
9.887,0.3436538
0.21999999999999997,232.03342
310.106,879.8854
49.88,8.480203
50.0,3.535576
19.846,431.17163
20.067,0.020338865
30.354,0.010496473
790.063,1805.5253
9.6,0.31435633
0.033,0.45337752
19.057,1.0216954
3840.63,1524.6155
22.736,81.93641
71.05,259.00934
9.88,0.005174365
0.077,0.98476106
5824.400000000001,1907.5015
1250.46,519.0313
299.293,85.58629
79.967,90.43407
0.030000000000000002,39.445446
9.323,0.13055532
100.97,1070.916
59.9,733.86847
973.0669999999999,290.7993
3147.4859999999994,1327.7257
19.01,0.42292485
9.634,30.748638
8.82,0.8112507
10.27,1.8605183
21.167,26.249702
8.283,66.428185
79.77,38.492313
0.063,0.005590949
1.113,1.5305284
1130.603,667.6543
9.676,0.010892624
0.013,0.0061833975
740.3499999999999,221.72311
469.507,722.42
157.67,46.076206
11.004,0.13871653
2421.327,1628.6604
12.850000000000001,1.2400669
519.897,382.88852
9.744,238.37552
9.836,8.641708
9.853,0.046193443
20.586,0.14619128
34.703,165.82011
20.593,159.36223
14859.367,1206.6278
279.217,6239.4565
0.266,0.027078485
130.307,189.83237
0.157,0.024771128
19.78,1120.5846
19.873,77.69872
19.91,2.5706832
40.213,223.4795
9.957,0.9366728
8.74,0.043464094
10.117,3.3126764
29.304,194.78436
40.677,148.22021
10.157,1.4850881
1709.6759999999997,851.56036
10.223,0.03694851
59.544,3413.5723
30.546,368.12894
20.09,147.78941
1306.19,1756.7095
50.714000000000006,33.678665
10.077,0.45130134
0.064,0.07919606
720.276,191.20494
19.733,2.600024
7.973,114.88297
89.803,0.20247498
156.15,414.8077
60.029999999999994,219.9232
20.263,1.6117485
300.614,193.76283
114.01999999999998,0.66574615
9.897,0.29493052
340.043,1156.8429
18.94,37.471848
0.187,0.12891635
21.067,1.5022279
79.89,53.353348
28.639999999999997,45.83335
0.16,16.037182
29.860000000000003,48.113953
19.217,0.9146787
7151.05,2388.325
10.573,69.268936
9.817,5.390004
100.367,3.2047372
1.39,1127.6632
19.663,0.053021368
9.963,52.406925
10.163,0.9798932
719.23,97.21085
780.0799999999999,947.10925
1027.69,10.428249
164.773,0.49567786
510.20399999999995,81.82293
10.62,114.25618
21.377,172.72487
0.047,104.859535
211.413,72.0305
8.623,0.4967207
20.387,0.07398969
0.43999999999999995,12.660565
450.85599999999994,723.05383
1760.46,2270.216
91.26,188.69145
0.8,0.009450994
19.237,0.14627719
159.797,841.3949
647.527,724.0887
450.93000000000006,2049.0496
8.43,6.020436
29.326999999999998,48.07675
8.83,3.0858622
19.87,0.23264101
1639.9559999999997,94.48772
28.786,2.265011
49.75599999999999,974.36255
19.556,63.652824
9.947,0.20883591
8.247,0.7897236
9.816,0.19624573
49.92699999999999,28.868681
20.12,0.37192354
20.184,507.4313
120.106,0.14038393
29.526,53.673832
10.023,3.7438302
19.897,37.79578
0.077,5.8932166
50.166000000000004,0.25371072
20.1,0.0059111933
139.58,229.0157
4.317,72.38955
1.0,2.2561166
9.017,63.76568
10.104,498.42062
3234.133,987.3693
50.0,1438.5647
0.657,1.3065872
9.247,0.00746372
0.537,0.18897355
1510.473,379.56317
10.33,0.78679186
0.327,38.87151
10.027,44.37326
14.553,10.305339
16.766,31.357378
59.96699999999999,86.92136
51.516,253.28996
19.534,1.3704574
19.957,20.858667
309.67,473.85034
9.843,301.76086
0.237,44.04405
27.422999999999995,104.20953
6.317,1.8149372
0.563,2.5393302
29.983,5.7091517
109.91,79.31196
19.793,5.1857395
122.53399999999999,1249.9878
0.077,0.045415986
18.95,132.03143
474.803,986.26074
49.983,687.40814
7.54,142.97707
0.567,0.69404495
10.476,72.11601
19.93,209.82481
390.50700000000006,84.39854
0.69,43.66071
3.753,12.562749
0.35999999999999993,0.48948365
170.097,75.10349
9.847,0.011742977
20.12,56.85038
40.35,74.4875
0.093,1.8324801
1.4869999999999999,4.892236
90.17,124.546844
1716.69,2011.2377
4.817,32.671165
9.763,11.823352
0.314,29.63858
20.263,101.41402
82.78,258.84656
10.526,1233.0688
9.11,109.01524
840.877,557.9909
9.926,0.18166843
0.48299999999999993,0.579646
170.553,78.737236
98.87300000000002,316.84286
0.287,0.5595389
9.86,0.07283924
20.184,297.28867
9.186,51.73373
20.61,4.575303
19.224,7.116743
20.883,44.434647
9.976,0.59977233
10.37,0.37140986
89.747,43.710987
9.23,4.5899334
1920.4930000000002,1385.3782
10.006,0.040074125
0.107,6.8949437
8.284,154.17374
10.78,0.34733146
8.534,60.71409
1.317,0.057636037
9.63,16.957747
9.844,0.021523703
28.767,255.5625
9.346,0.054946154
101.19,968.7243
190.30299999999997,1589.9009
310.764,548.16693
3874.886,1931.2589
190.243,13.279663
0.047,0.477303
19.54,96.686714
9.69,1.0994508
9.473,0.012060934
100.60699999999999,81.2418
0.547,45.247284
90.667,61.39823
0.063,24.802715
0.19,0.019228116
29.077,43.183662
9.407,0.14051412
0.704,112.32187
40.253,80.2647
38.973,0.004296675
19.59,199.3413
18.81,42.188972
4590.443,1186.8046
28.273,1372.1953
219.41700000000003,142.1338
52.53999999999999,14.295148
311.0,286.52927
0.28,3.1730027
8842.73,1154.3812
19.043,71.090324
60.013,6.740817
2289.803,73.918335
10.586,39.224274
138.887,191.27907
9.737,0.101052605
49.26,137.52301
28.937,54.12089
10.577,384.77612
18.99,0.24737895
728.5,61.97444
200.2,283.19983
50.074,93.56038
840.063,358.1907
20.933,0.6771211
44.03,1513.7354
60.247,101.75079
29.600000000000005,201.345
9.79,14.233367
60.76,43.825504
79.91,152.38495
369.35,240.04607
11.62,255.5625
131.157,3.1522622
19.67,0.89799565
9.814,0.34568116
21.446,220.52203
2119.673,3264.5337
20.413,31.504507
41.03,1.233355
30.15,67.06092
69.347,140.41644
20.007,0.24239258
29.264,7.491255
2099.63,150.01443
10.074,0.3475949
8.68,105.07576
963.496,154.547
40.074,1936.6758
9.687,2.2167265
21.13,114.88297
9.99,39.732475
39.866,84.01962
0.017,0.011817631
20.267,1.7944012
59.95700000000001,246.9419
9.97,0.17486222
19.044,28.11905
10.18,15.67637
170.06,703.13715
58.673,261.08844
403.474,3766.6414
9.46,53.474236
200.40999999999997,81.47702
9.874,0.49505374
9.96,0.19462425
0.463,2.5228064
0.237,0.051241495
60.467,242.64584
10.036,0.1975229
9.727,3.1633468
60.04,9.687749
39.8,195.53198
309.767,60.38239
19.893,76.37283
19.1,214.27588
17.02,117.37865
39.413,100.92775
28.767,220.52203
401.846,1185.5933
0.14,2.1590855
0.14,0.04336762
20.157,0.62202847
650.013,436.55594
19.54,70.15892
10.023,484.20123
20.277,95.02176
1.157,0.9422022
69.79,0.14958535
19.353,1.0414854
119.98300000000002,99.41047
19.72,0.07532174
50.297,12.991026
629.173,1303.0142
19.594,404.2949
0.076,0.0412614
11.5,0.6421463
137.993,362.30295
39.88,3.5169399
309.267,1.181997
1.157,255.39287
0.046000000000000006,0.8308046
160.103,177.62053
28.936,51.074387
451.727,223.9515
18.906,214.66493
19.927,36.92787
21.83,4.800412
19.826,64.94297
2210.483,1331.7786
20.65,1.4394956
0.21999999999999997,0.43042845
319.91,299.11047
79.567,391.96893
38.11,110.1396
5034.436,1217.8713
50.12700000000001,1.4946501
41.353,294.70947
70.013,0.03398126
40.253,223.82782
0.156,6.6598425
131.913,106.84765
0.127,2.0900936
10.19,0.0054745385
48.892999999999994,3231.753
10.327,245.53185
19.13,0.035199605
651.02,898.18787
49.177,145.35027
179.89999999999998,578.8502
41.02,9.724017
39.863,14.606204
29.000000000000004,0.068777464
0.19,0.56002945
5551.437,3348.1633
70.563,262.84445
8.267,86.89753
61.57600000000001,402.52997
3135.41,420.4378
210.14999999999998,194.20145
110.117,865.4156
139.963,82.45245
69.193,84.97761
0.547,1.494334
9.59,0.03233571
9.92,25.592793
1279.71,1626.3757
8.284,10.605802
39.984,107.37135
106.567,42.452038
39.986,2.832548
79.2,133.94781
58.48,9.607812
20.446,432.22833
9.73,0.61217403
136.517,0.1476814
29.119999999999997,902.8087
20.263,0.0067203394
20.623,250.35266
19.27,0.16208182
159.833,136.21938
0.827,428.50565
9.163,50.998108
10.094,5.8352795
39.793,0.044347394
0.673,0.9146787
222.53399999999996,646.9008
0.8139999999999998,0.11827853
10.36,0.3346837
9.383,4.2893505
10.934,154.30011
0.093,5.372951
30.08,123.615715
360.497,1857.0212
0.077,0.1215431
150.827,498.66885
8.567,6.074758
10.313,0.04647314
19.767,1.176915
9.494,1.5139332
1339.44,2695.0764
149.527,150.3072
20.467,0.024092246
10.04,0.009639034
190.40699999999998,257.3276
170.407,21.988579
20.01,2.654917
0.69,60.6834
1.1,1.7282338
0.453,0.0692155
20.28,0.0022978056
0.423,98.37192
0.373,50.00259
158.903,18.860712
19.78,36.525303
191.883,3.933712
0.23599999999999996,0.17742123
10.39,0.06020443
70.733,109.04138
169.894,149.18652
0.564,0.15363877
10.144,241.07007
0.347,358.7249
10.32,36.927834
9.983,5.1857395
380.17999999999995,1244.5498
0.097,0.43042845
11.093,1.9875939
0.203,85.783356
849.2039999999998,679.241
19.334,78.16415
9.993,2.1298075
111.46999999999998,277.1727
0.43999999999999995,0.06331256
1100.804,510.4635
450.07699999999994,655.8271
60.677,1026.7228
8.937,65.81825
41.534,200.32706
20.637,122.82743
2320.31,3562.2947
61.033,0.14769973
179.793,390.60516
0.313,113.59528
0.58,0.031792097
4.813,518.0075
39.643,281.7068
70.673,150.87721
9.867,0.056799054
0.657,0.026103262
20.01,171.53755
110.53,142.50981
0.077,0.46843922
0.406,1.0623151
29.376000000000005,42.451717
10.723,50.183697
9.86,4.418176
249.16,585.7633
31.015999999999995,105.984985
39.42,5.583976
20.063,0.35705614
10.097,0.5578535
0.177,1.4824023
9.604,0.48855743
199.186,788.091
3232.093,773.403
20.386,0.005353319
200.977,9.136249
0.157,0.89174885
10.364,0.1188797
36.887,199.26636
0.047,3.5898283
570.22,573.5224
19.48,0.25127935
79.994,122.265625
9.88,220.26642
10.713,29.951221
0.107,1.5068693
119.31699999999998,1163.1993
30.17,0.8969156
9.023,6.622001
0.7800000000000001,66.5087
39.524,0.014433281
199.754,42.64395
429.203,3.4237647
9.017,38.886333
8.26,3.0337443
21.02,92.51762
100.297,1179.934
9.553,39.281425
320.414,729.8478
21.31,404.96655
29.119999999999997,12.344601
226.6,1113.7014
59.99699999999999,1.276506
39.223,0.014410561
70.093,0.23632754
588.927,188.19838
7.23,2.2167265
237.82300000000004,519.0529
298.943,612.119
29.95,1.0915579
116.07,449.18668
109.343,106.40075
89.757,456.32117
19.336,399.62827
20.183,8.958392
29.993,44.566124
0.7500000000000001,0.49696615
10.724,129.91833
8.947,156.54753
210.53,98.10828
99.813,168.45258
0.064,124.44773
20.03,0.049846604
11.153,4.800412
60.543000000000006,671.8122
9.8,221.87213
600.143,89.029045
990.82,241.97649
19.857,5.518497
9.553,0.0147711765
160.997,526.30194
29.8,1.1773732
4400.927,1236.6636
9.977,1.2274987
20.263,0.09802056
0.14,0.31435633
9.783,0.010457616
0.28,151.89804
9.3,8.002956
649.893,315.02505
170.163,194.66971
9.59,80.440575
28.786,53.52979
339.936,36.944023
60.477000000000004,3.6179986
0.327,60.71409
10.06,0.054946154
70.047,297.54373
0.14,0.014382882
30.273000000000003,0.23245117
109.3,166.18323
10.007,1.4392045
1.297,0.010092424
250.197,89.61396
9.05,3.1035123
279.36,39.06828
0.204,69.1093
9.91,2.078337
0.267,1.2502445
0.283,122.229576
20.427,333.11752
9.793,5.7027807
0.25,1.866888
302.243,476.22394
310.014,161.85345
29.79,1.4004883
28.917,0.0021361844
0.296,1.2207477
10.313,0.26892266
0.957,0.011381695
1459.377,545.835
59.796,387.5563
19.49,0.46458194
849.273,287.50717
9.776,0.68870825
9.944,0.09520042
1089.837,494.10916
19.673,101.149086
39.286,583.38043
0.234,0.021050753
99.8,384.222
19.497,4.290635
70.02,288.45807
19.33,66.273506
120.03,154.3579
19.833,11.545042
20.577,121.12467
0.547,0.87728095
29.133,205.48955
10.303,0.018060975
40.893,275.83804
459.84700000000004,613.3234
0.046000000000000006,0.040922627
7.950000000000001,0.016101934
7121.08,1556.1588
149.857,155.70837
21.206,7.7463207
20.054,0.14559467
19.483,0.042641558
9.107,5.659146
29.68,398.9039
59.784,90.76477
138.557,48.61409
59.817,6.8998566
380.173,186.54759
18.167,2.1298075
19.953,0.1729213
20.853,122.718605
10.74,1.0598128
153.533,111.30706
14535.654000000002,14602.188
185.746,0.027385268
59.13699999999999,454.0304
1310.516,1405.3623
40.183,204.663
11579.933,163.95915
20.016,1985.7345
729.993,1338.9332
22182.307,2065.3787
20.38,0.12706424
399.783,64.94001
29.484,365.97037
10.04,108.12002
22.173,310.52695
1289.597,215.10059
230.17,1533.3457
0.033,0.1712634
19.524,0.9014845
49.284,0.15301527
250.137,193.69017
0.017,3.1436496
29.906,23.696686
0.143,104.40723
10.613,0.021523664
9.873,5.7784457
109.63,239.37173
1490.08,312.82208
9.023,153.2938
308.553,1492.8645
3229.866,977.19257
0.31,2.072048
19.753,4.1060634
0.284,2.4895577
144.237,495.67096
1860.3999999999999,629.56244
659.84,196.17586
1.663,0.71820563
8.84,70.19749
190.276,954.41034
0.173,76.756996
311.283,271.71686
59.123,0.06648706
19.777,2.2702465
9.393,0.080395654
40.98,411.32614
769.073,597.0384
578.687,91.06174
7281.733000000001,335.2678
949.373,4324.2974
8.58,185.11734
10.164,32.247375
0.35999999999999993,0.016823713
650.903,1231.4347
9.317,7.14601
10.437,1.0215961
23.82,103.57823
9.45,4.839009
0.156,5.1962385
70.893,190.22577
0.123,1.4748964
29.833,115.386566
10.063,44.250618
0.987,1.7082599
0.707,0.07441681
30.14,232.17743
9.987,141.87378
20.25,89.52249
340.61,453.3069
7.007,380.09344
359.253,195.86166
9.667,9.696011
340.193,2713.3723
1229.856,767.66956
0.08,1.2400669
630.193,26.70638
9.093,0.116519146
9.703,1134.5704
0.313,0.036057375
30.186999999999998,87.65525
20.26,6.663299
252.986,25.904158
40.11,4.2460456
80.17,103.98201
18.684,195.10205
0.957,9.125462
2909.924,1029.1084
19.687,10.082182
4149.923,339.18103
0.21999999999999997,0.008289364
39.677,0.93643886
19.07,507.51605
0.53,0.076344915
0.123,30.747229
9.55,0.22566067
19.723,5.111625
650.257,356.29327
439.44999999999993,1186.3308
10.617,3.4161792
18.737,318.3028
4.72,46.1611
59.887,1.8654642
0.38,1.0215961
99.217,181.5856
0.863,0.010933212
19.76,127.56873
18.38,146.23492
10.176,0.3533601
0.08,0.22957398
570.53,94.96515
28.915999999999997,1.6311538
11.363,55.09597
0.047,2.600024
8.136,2222.4155
0.25,0.16961537
70.056,0.030042484
10.547,38.06443
20.383,172.19907
10.623,0.004180013
0.47,0.11428553
19.27,0.65464336
9.99,3.164789
0.267,0.09507938
62.84300000000001,103.43502
9.264,0.16594623
20.2,49.961834
59.346000000000004,32.162727
0.297,0.03062748
19.064,0.9646218
30.677,232.31319
0.186,4.4985466
10.91,2.906767
8.896,3.0597012
28.953,153.05779
60.983,82.282616
0.343,0.18027121
9.493,44.84596
280.03,447.60928
519.853,302.33206
10.3,546.09534
80.623,3.6319566
0.937,0.23719142
21.84,256.3434
16.287,0.32403603
9.927,0.1650052
179.003,425.22745
0.017,0.011042895
0.21999999999999997,33.615337
571.52,447.02252
30.027,82.66378
9.707,10.793189
19.897,2001.1017
698.914,350.19922
10.067,6.8081703
81.43,206.6301
246.33,341.88724
20.97,47.56424
2071.31,1714.9966
29.943000000000005,1.4213445
19.99,114.79589
18.624,107.92813
10.734,12.272734
159.857,0.6078349
40.03,217.19966
19.583,119.45024
49.73,4.692255
610.763,480.0002
49.807,486.8355
90.22699999999999,373.9572
242.29,412.33075
20.117,2.2746005
19.88,13.0954485
39.857,2.5507421
29.999999999999996,56.87091
40.533,4.16525
11.320000000000002,51.1732
42.03,458.72607
2515.046,1437.5681
9.776,5.879863
5491.73,577.7311
20.783,0.03373582
20.75,0.23961891
330.53,183.22346
119.64399999999999,170.79643
9.397,0.06734609
40.713,1130.372
41.567,0.39086226
16.8,116.34981
21.58,143.87004
60.71600000000001,278.6585
8.516,1.9360898
20.197,275.6347
101.386,133.05019
2075.95,1337.1594
9.16,0.022063773
28.437,95.32365
0.16,0.2627898
15.373,103.14852
19.867,11.637397
9.35,2.2004755
99.907,145.48491
279.7,9.271329
0.064,0.1501562
0.25,2.1530302
9.92,374.34933
0.16,0.8683358
8.13,0.039814286
69.84,469.62296
20.993,987.04553
569.877,234.98413
9.87,51.832245
19.85,9.127698
9.93,6.8130474
10.64,125.565414
20.03,228.20064
57.93599999999999,266.02933
0.10999999999999999,0.34568116
0.31,0.013745947
17.66,140.00826
18.997,289.9644
179.72,130.77809
69.774,296.42877
11.37,0.0665194
7.923,0.1369994
315.86,338.3511
58.547,93.64403
19.203,0.02468393
110.596,271.71738
0.5,0.21193571
291.73,750.1897
0.27,9.061283
12711.77,2328.2134
29.550000000000004,29.286526
269.807,373.77542
0.016,1.5057347
0.25,0.05823906
409.44,539.25244
9.46,0.020314459
9.45,0.583696
9.883,245.26576
0.297,100.12421
118.82999999999998,27.98369
20.413,0.21785106
10.016,6.0431786
1.19,1.9212322
19.367,9.243745
19.417,46.330605
120.24,10.106146
29.567000000000004,0.12562068
2030.903,251.58737
15.049999999999999,263.72095
1979.31,238.57193
39.57,6.016902
50.173,61.12551
9.167,0.0073509295
0.08,2.0754218
439.97,68.825325
78.757,253.61325
79.553,55.630226
29.052999999999997,168.30971
18.204,423.50693
0.517,0.046193443
72.927,130.77238
99.463,761.3647
377.714,36.73088
9.164,0.0065447036
239.874,582.8046
98.977,141.21008
121.04,507.58063
56.34,86.7439
29.627,0.45467347
70.017,182.22893
219.23000000000002,249.70598
8.37,1.2896942
0.64,91.76938
0.153,0.32304713
0.674,0.07187485
0.203,0.5548272
9.314,432.71533
1.05,34.306767
354.324,855.6627
0.126,11.7812
0.424,0.014044236
90.373,143.96008
160.454,393.0044
90.08,597.5376
29.997000000000003,116.687965
129.936,1.482671
0.97,4.282517
9.847,0.016254961
130.21,467.94882
20.373,885.6272
0.39000000000000007,0.018067071
199.87,1.4312836
60.510000000000005,156.93712
158.34,283.15262
49.61,372.4075
20.307,0.0120559875
9.226,0.9798932
10.743,55.867275
110.12,66.987274
21.214,0.0104859285
28.830000000000002,571.1586
140.4,113.599915
651.33,311.3582
660.367,575.0585
369.596,335.90576
19.497,3.5672543
9.444,0.029600844
1990.7929999999997,1186.1072
39.664,0.10721309
18.34,92.562195
60.81,1449.4852
200.223,27.714678
161.003,315.28653
339.66,320.03995
0.877,27.595358
8.663,0.16623895
9.823,0.14627719
1538.726,83.118935
0.187,2.2759066
20.307,118.65809
0.5,0.64468974
249.41699999999997,1015.1769
29.957,3.1436496
0.093,0.02375309
9.763,61.027447
9.907,3.2994227
0.017,0.030927483
9.923,0.13681635
0.907,0.39550164
9.85,6.152173
30.767,454.77274
10.883,0.76566845
0.56,0.7940826
0.033,10.884791
19.13,0.09196454
20.203,806.23206
19.497,0.22275706
19.813,0.33045787
8.85,0.038098164
0.047,0.2859261
10.18,0.35329568
9.936,44.37326
20.59,3.1553116
0.42,1.0071869
35.226,1620.0315
13231.486,308.2422
9.583,1.6164153
100.07299999999998,83.92522
0.877,46.39244
9.526,0.03954395
0.126,155.64713
29.657,55.815517
19.896,73.15186
24.360000000000003,11.088138
0.327,0.81926394
19.953,0.02544633
160.49,257.16904
0.4,3.0337443
119.673,165.04855
90.03,1164.8179
19.373,78.27406
0.516,0.03894659
31.250000000000004,197.56975
9.673,0.6875139
9.097,24.594887
10.89,30.74726
10.587,0.028143985
8.393,0.32754055
10.01,0.33023039
9.82,0.6824383
0.017,83.99691
19.92,29.542221
221.18,364.37766
19.363,0.09033565
39.906,46.43626
0.48699999999999993,0.07401129
10.33,0.33004278
0.314,0.005647232
1279.71,690.7732
20.857,748.47125
9.743,0.02937388
19.69,0.076344915
29.667000000000005,92.824646
9.46,0.06800652
2520.1,517.0232
0.597,255.13408
20.584,0.4373404
20.307,0.1845254
10.25,1.0414854
39.443,1.3633507
0.25,0.4804312
60.123,99.84914
80.646,190.66692
8.886,748.2586
29.684,502.7213
10.007,345.34885
9.07,0.085194945
50.74,1.3959546
157.894,770.4888
18.6,239.70764
9.793,0.4614082
9.996,5.30855
19.65,203.2917
3120.06,3257.7427
19.627,250.87347
2.876,0.004940937
0.217,16.88314
29.847,5.1493006
39.88,586.0915
19.887,8.303715
0.14,0.33824307
0.47,1.3256152
60.12,409.01523
19.87,28.5776
21.214,314.23236
9.56,0.46843922
8.163,201.39354
430.917,193.31311
0.173,0.87196964
29.237,1.0577708
0.936,434.30228
50.294,220.02509
9.82,0.024422428
0.127,251.7065
58.917,0.18372856
80.29,988.54315
0.593,1.877289
19.627,2.4981954
1522.676,145.57054
9.93,0.08394784
18.87,1.415362
19.757,0.14199378
290.11,229.82663
0.017,42.97523
51.07,75.70231
19.094,66.5087
30.442999999999998,0.056185685
0.784,1.3430685
10.176,0.4643096
9.307,238.16708
1075.486,462.83243
10.16,1.8530388
68.417,0.10319279
49.88999999999999,150.54643
40.74,102.55477
329.327,517.9743
321.59,1083.8999
11.884,0.027580585
22.333,656.8507
139.867,18.029673
20.193,562.7494
9.897,7.0204954
0.093,9.418944
78.797,65.36608
31.717000000000002,283.8155
50.196,6.011212
10.69,0.008899248
11.287,18.927265
240.247,1232.6293
10.89,0.10035402
69.733,0.30858737
12.08,223.79594
260.186,236.2333
69.7,284.6797
0.173,89.82531
17.54,8.937651
19.307,118.360954
319.65,292.51678
9.403,99.024666
30.244,0.030761344
89.863,1189.4874
8.95,0.009794702
69.913,3.0731788
26.317,0.51151264
60.053,82.677155
0.034,1.0334044
0.146,6.2701654
0.534,1.0327808
19.88,0.2385646
69.84,383.82394
0.077,2.7596602
29.887,0.58962303
1159.8,433.43298
732.17,1082.6483
0.453,6.581003
39.926,105.48579
0.43700000000000006,0.008427029
18.217,48.088108
169.25,173.50365
19.98,141.34978
0.627,0.047169738
0.173,0.46843922
141.063,69.287796
409.983,1101.8379
90.047,158.60931
110.047,8.055836
39.91,681.24475
69.813,37.606445
200.68399999999997,2.0853193
60.3,1421.662
60.12700000000001,58.286003
60.083,96.28519
478.87600000000003,1969.0951
160.133,61.128822
179.753,12.080648
21.207,539.01215
670.333,445.36255
0.253,0.55922997
9.077,11.9419565
20.526,44.15047
20.177,253.12234
4492.264,127.318085
7.604,119.50569
9.02,139.29138
229.18,499.018
19.683,167.38101
10.5,0.004519828
70.74,287.09796
0.0,0.6855484
128.366,1298.8092
70.116,0.77914894
8.937,0.013046015
59.603,213.02577
50.78699999999999,48.625355
19.817,4.0033507
19.94,140.5583
20.987,322.7112
20.1,0.11906034
19.643,399.73972
20.163,2.9454355
0.35999999999999993,0.4123738
8.334,89.88818
189.87,12.795443
9.963,77.40575
1.013,6.074758
1481.233,1684.6635
5870.18,680.339
0.153,0.016971953
10.507,77.331055
0.127,0.30585933
9.216,42.188972
10.606,0.0015544858
0.19,37.63151
9.647,52.406925
0.047,20.582481
0.326,0.033808026
0.817,6.1277876
0.063,1.0794203
10.426,55.63372
520.15,405.12622
39.527,211.98788
30.872999999999998,120.86034
20.01,0.061387364
9.08,38.898228
29.326999999999998,65.83512
9.944,83.95853
69.88,12.4483
570.103,457.85803
0.9600000000000001,0.9617147
439.997,478.79315
50.596,1.7656257
0.10999999999999999,0.07532174
109.954,32.830845
0.454,186.49016
59.81600000000001,441.91165
0.92,405.86212
9.613,10.361063
20.29,0.07611461
9002.01,592.2563
9.907,0.16501087
0.253,7.6262374
0.703,0.051241495
90.143,1.1386054
245.197,534.0184
10.55,0.050948255
499.68,83.90604
310.19,804.7972
79.763,151.1853
78.773,269.71622
59.74,0.041468587
18.86,68.384155
22.44,66.77798
60.343,61.373447
40.047,0.32511103
50.74300000000001,1267.6534
9.84,5.7692738
90.21,336.5599
0.093,0.30677515
270.853,101.86318
9.783,36.692158
79.83,476.06348
0.677,0.7897236
30.15,3.1035123
2186.503,211.21454
29.999999999999996,238.22246
48.614,153.13521
47.81,56.555176
104.397,147.00557
29.08,183.00815
11.427,0.55385876
29.753,5.161684
380.717,55.236958
178.727,805.3523
169.477,109.39282
11.356999999999998,0.045052074
9.343,0.7236301
240.2,257.48804
280.49,359.65283
57.43,168.29276
39.894,528.0823
41.0,143.392
382.067,92.98177
19.783,2.3387663
20.64,116.40117
0.093,0.057073038
9.723,88.60373
158.637,196.00267
29.66,2.4555764
0.14,0.14619128
0.28,0.044347394
59.873,55.10196
1301.137,1767.3352
1171.16,501.663
370.624,138.88368
0.093,50.998108
20.573,246.72041
9.553,100.09479
19.237,90.39645
19.156,0.024771128
22.44,77.85757
20.92,0.30146143
19342.837,2313.538
0.627,32.745102
59.236999999999995,99.49043
20.647,50.312366
1029.223,716.7638
21.06,278.02188
19.463,0.035478387
9.3,0.41922095
9.587,337.62573
141.98,78.77404
59.94,15.050952
69.87,138.61905
4180.746,1737.9849
1522.533,1432.2424
59.81,86.03293
30.099999999999998,66.0431
1163.587,585.648
9.387,1.5131768
440.13,473.9178
0.064,1.3570621
119.884,320.38602
39.95,1.6817575
20.564,5.266771
8.936,0.4804312
18.796,691.0961
0.783,0.005831254
0.513,16.992052
0.127,0.10721309
39.85,208.70615
72.694,891.6612
0.016,0.05149333
410.08,90.9134
449.236,737.01154
9.564,1.2647125
0.14,1.0794203
19.993,425.14835
19.496,85.40311
9.553,1.1528474
9.85,93.31573
20.693,13.236334
10.253,0.0066105993
512.123,1423.6449
10.707,0.005912315
0.35999999999999993,45.577835
3550.37,1117.1715
0.267,0.04449902
0.093,0.1641326
40.336,40.636486
561.277,646.1628
15.863,37.998474
9.753,0.22786778
19.113,173.95311
83.1,9.977286
0.14,52.94241
19.327,0.20818049
20.0,2.038043
1798.963,735.08795
21.176,86.18924
19.823,0.1990155
19.96,0.14627719
20.247,6.3904266
190.50999999999996,140.16916
20.784,45.93097
10.213,169.06126
0.047,0.06701856
40.007,11.605064
400.027,398.42636
3821.32,1119.0527
2700.634,2.390653
20.133,19.308882
10.773,0.040163614
9.99,66.80475
9.717,0.33023039
240.78,199.4977
20.56,41.86207
10.687,1.0799652
0.047,6.053092
2980.887,498.22504
1249.754,893.12915
58.99700000000001,0.047066525
39.014,55.934307
0.16,0.014568919
9.493,92.571884
0.657,0.0239398
19.807,0.48187295
9.26,0.042243555
8.04,0.8192625
1303.05,3679.329
30.18,3.2051344
69.87,149.94003
10.897,155.09645
459.953,406.556
268.916,12.093106
150.306,479.56552
11.09,0.009960026
18.327,106.01372
0.076,0.031792097
0.21999999999999997,2.9548597
0.7199999999999999,134.9341
60.13699999999999,1494.9653
20.183,58.38022
100.033,0.1845254
19.537,237.65833
9.317,129.79498
10.476,0.4424433
58.39,0.41190413
0.124,101.083664
0.033,0.0504643
19.197,0.32458776
359.67,474.95273
50.02400000000001,0.4120793
3870.27,787.7268
0.093,40.06058
11.856,1.7505305
79.937,3.5396986
149.237,73.694855
20.643,4.003343
20.587,2.600029
10.817,0.047894333
30.647,43.143734
0.5,259.69922
20.503,138.88368
10.227,1.0799652
36.823,711.45306
90.97699999999999,642.3305
2850.653,302.76627
20.627,121.91483
68.79,445.34195
9.587,12.941489
10.076,634.6446
9.863,0.56304115
59.11,7.9333453
570.517,32.120335
40.306,5.886488
19.544,649.96326
69.817,277.3646
49.554,3.4807131
9.74,0.5388805
9.737,0.07227903
70.047,1.7875811
3743.0729999999994,1350.4733
31.009999999999998,620.6075
0.533,3.8352153
349.306,86.80775
9.187,0.32941636
1460.337,50.499344
30.373000000000005,0.67568135
50.54999999999999,198.80972
1249.956,837.46277
0.033,296.9604
506.933,2869.2654
9.2,1.0240949
19.72,247.4371
0.077,0.1712634
19.86,2.0126908
769.61,378.36526
80.087,84.687454
19.133,121.19095
0.394,1.6808515
9.737,12.440757
9.463,0.017633475
9.726,0.42290306
1641.183,753.77924
30.003,379.82135
175.64,648.9929
10.697,139.90512
30.026,22.877995
91.03400000000002,250.5905
5418.953,2928.479
179.78,219.20615
0.893,7.774336
0.157,0.012020961
138.947,2.711965
980.127,271.135
19.097,17.464926
21.09,104.23632
9.57,0.0816458
0.343,239.70444
49.233,115.821754
47.613,1318.9427
1367.943,788.63934
59.95,161.13046
0.127,1.5851127
19.287,120.103165
79.9,23.232336
79.863,235.30917
0.05,0.08945938
750.4130000000001,517.2812
3412.49,3119.523
19.456,0.17409746
6529.943000000001,2756.6086
40.63,9.814256
269.837,437.7969
0.14,5.261159
40.24,1306.2777
38.92,208.60849
18.52,1.0598086
11.894,1.7348126
9.17,33.542664
91.46,466.12854
20.573,27.02211
29.23,1.3426344
6.210000000000001,0.78590554
8.423,0.03127963
130.263,85.093285
40.303,12.7191105
169.997,25.06602
10.387,0.47454762
109.7,2.0600138
20.213,510.20462
20.44,161.23508
288.15,974.68463
246.493,234.24971
19.97,19.946383
10.157,0.6715815
2460.92,1078.8009
5344.464,260.3137
10.353,0.038479634
10.614,318.75803
59.55599999999999,307.72464
19.886,145.26062
39.033,123.47364
0.266,0.027580585
41.116,5.397775
373.85699999999997,901.50714
30.923,7.491255
10.054,159.39253
9.453,0.5059643
0.14,0.3744097
9.98,49.50822
130.53,1.1901602
9.437,0.008077606
3.957,38.8973
20.533,0.015666375
110.00700000000002,197.25818
30.14,1.2326964
0.377,185.48375
50.4,12.306398
42.093,137.24724
19.194,2.8280437
7.9,1.1876668
20.62,305.80988
68.837,76.3959
39.537,90.23612
216.897,246.0149
3100.6730000000002,513.8018
274.6,120.67241
0.047,2.0767758
19.827,89.29399
5.544,0.0046291496
80.187,74.30064
0.31,0.061387364
401.447,704.5423
420.517,277.13934
260.147,730.5364
118.96699999999998,1097.9825
0.47,0.8960469
299.944,589.8702
51.33,300.2909
79.667,0.078934036
69.953,33.734943
39.593,5.3729568
10.044,3.7346413
19.02,0.035347454
0.157,199.902
39.84,5.7672553
71.483,59.405056
0.0,0.040074125
110.353,359.37997
10.03,0.10670898
9.643,0.10455049
490.983,494.78787
320.047,172.83568
20.094,0.32790408
130.68,144.15154
9.16,42.612926
388.434,1376.8953
0.016,48.587193
19.613,0.03682936
20.384,1690.372
0.867,36.11927
439.48299999999995,49.705475
9.896,0.99062717
420.16999999999996,1529.028
20.62,844.25305
60.474,0.14005524
9.79,0.07401129
9.837,134.9341
2350.057,37.74787
69.903,14.8638525
68.537,43.425774
9.46,251.05296
20.09,68.149284
0.14,0.7686835
6450.290000000001,1247.3312
39.233,132.04816
2.0,1.2734128
48.347,0.008125098
19.406,0.28905708
1273.677,807.5376
94.00000000000001,901.5962
20.11,9.691196
39.877,232.46602
300.653,1200.7026
0.4069999999999999,6.8514194
10.54,0.38344052
19.17,0.67806846
141.09,2.6065729
17.927,2.4577315
69.51,2.0394425
10.696,102.490875
49.16,37.732372
20.113,4.5188923
5.04,0.6781344
20.17,517.7257
70.817,1.1979741
0.48699999999999993,85.027855
0.030000000000000002,1.2761176
50.863,0.11827853
29.999999999999996,74.70384
0.08,0.10284216
9.207,0.13214292
0.17,1.0040443
39.723,0.0061553726
20.34,116.983604
499.8929999999999,1039.9655
80.076,6.986971
99.71699999999998,1267.0907
2729.227,212.8865
9.64,1.188299
294.34,498.81146
11.107,97.25455
300.54,60.582397
0.597,0.009206327
109.223,991.54407
9.397,17.689054
29.06,33.71546
0.31,0.55922997
132.574,312.2389
9.653,1.0405264
1018.857,1087.6228
200.144,36.993027
19.684,0.10284226
70.07,85.594124
40.53,76.98491
30.053,3.3666828
8.94,8.252031
419.25,242.00078
4450.344,417.81586
0.08,34.503387
13.467,61.04575
430.937,1185.4132
280.276,273.45834
9.81,74.890274
91.24700000000001,146.57523
70.934,1.6587083
30.222999999999995,28.871235
29.73,0.063986704
69.707,1302.0238
9.23,0.7280324
141.01,0.23182778
79.063,308.21533
10.866,0.042239085
18.947,29.038853
19.447,432.22833
289.29,969.7148
7.867,0.0022978056
10.663,5.935157
0.063,0.9366728
10.157,1.5984056
9.777,0.4643096
20.267,0.5578535
192.33300000000003,362.9947
79.37,311.76715
131.51,432.63812
461.7,352.0258
20.353,1.4792365
2143.81,2841.9602
20.553,0.45297906
3130.1499999999996,2737.512
9.153,0.477303
60.477000000000004,232.81943
0.453,1.2051666
493.433,2139.242
20.18,996.3914
49.98,185.26472
1149.803,72.632645
4.636,206.5687
0.20699999999999996,0.053600382
19.983,315.4126
20.47,14.233367
60.146,74.80362
1110.776,1233.0225
0.577,116.526245
29.703,32.81439
38.716,428.50565
88.877,143.836
71.204,0.015562225
9.627,1.3842306
0.284,0.18117452
20.813,689.7053
18.78,0.27355117
110.757,509.56403
81.06,131.49565
19.804,181.94356
900.3770000000001,104.86482
1720.0569999999998,2280.028
9.963,0.16780259
0.267,0.00756277
19.193,7.3444023
9.8,158.18494
946.8369999999999,772.5988
18.977,0.03695697
20.157,19.665447
469.473,267.75735
20.664,20.580011
0.313,0.10417844
0.43999999999999995,206.4197
19.84,85.35646
439.78,246.11038
29.673000000000002,0.014094997
19.89,60.0011
170.89,141.79814
529.734,253.85992
3230.266,2036.7727
9.58,0.014092806
270.964,1046.31
150.306,480.81586
262.637,857.1785
9.473,0.17288996
10.336,3.7916298
239.873,1642.6539
9.84,93.38148
90.313,26.062382
19.813,0.39160216
179.163,0.88193494
700.894,800.6932
10.086,0.13650629
40.043,174.62772
110.23700000000001,605.41113
7.33,118.8343
49.56,512.0749
30.789999999999996,0.26265255
30.264,354.47385
0.153,1.9553964
39.793,1407.3175
0.39000000000000007,0.16079414
9.37,0.22858013
19.827,0.649092
0.297,31.071556
9.44,13.80736
10.036,0.4118295
9.14,0.008529739
251.237,1.972029
59.78300000000001,78.92471
0.39000000000000007,50.00259
60.106,852.5473
38.914,76.23807
19.38,136.4108
10.093,2.7467873
90.044,648.83734
209.81300000000002,428.66147
129.857,50.64141
9.986,11.850211
28.337,147.68141
6860.606,246.27403
129.94,42.722157
500.633,200.78943
20.14,15.369687
39.797,1.0648721
1010.477,1603.614
9.15,0.11481885
292.42,658.01196
20.046,2.062447
8.763,0.43042845
0.127,3.0337443
100.434,28.52263
0.686,1.1832396
0.157,0.19460642
2235.49,2058.1047
259.813,199.19655
66.087,0.009709336
20.08,103.400314
29.843000000000004,690.79755
22.896,380.09344
19.453,944.61206
1249.65,202.93224
285.934,1225.1302
850.02,339.1672
9.967,458.9119
9.79,0.014833091
1251.133,184.3957
30.197,630.74805
0.063,0.39633113
18.9,229.0157
579.863,1608.4447
9.8,8.97753
69.22,492.59644
3525.8430000000003,53.9496
50.247,144.83893
0.076,36.500145
0.10999999999999999,5.4987574
760.78,1017.9106
399.313,775.0476
9.88,0.22492246
2601.933,441.31604
50.47,40.04921
0.56,0.54038215
659.6,783.2154
130.05,4.61315
80.123,92.76345
1419.876,1160.2063
260.487,99.16131
41.017,424.42392
10.307,113.55769
0.123,152.72063
4.31,56.87091
9.643,0.7315693
0.127,0.040575594
12.1,87.37005
9.677,0.5387905
518.974,108.64458
0.174,0.123408616
39.926,91.260345
0.25,259.5102
50.06699999999999,1.2452825
9.237,0.37294108
33.913,0.0057978933
430.673,39.906246
1729.907,197.71501
0.907,0.06910489
70.503,158.5073
10.223,5.760204
11.096,9.81491
720.19,705.62354
20.037,0.008884544
3150.0860000000002,651.47815
19.457,0.09743544
9.717,62.77711
9.226,0.031153198
0.157,3.2268324
38.67,477.21146
10.216,0.04647314
10.947,60.387684
9.454,6.6645503
10.803,50.028656
1.047,2.308231
390.067,354.0313
19.647,0.007389186
59.076,62.606304
0.106,98.75479
741.113,513.52185
20.06,238.78542
0.5,0.02544633
11.605999999999998,0.040575594
0.0,0.1975229
190.716,91.8815
9.847,1.1241723
19.777,28.76083
87.573,150.18509
99.773,109.556335
0.547,57.02437
29.853,0.5672645
100.14,344.30862
1830.8529999999998,1470.0519
10.564,0.054823674
19.903,2.485857
10.596,127.56873
89.236,186.68831
9.804,0.16878837
9.897,37.476234
9.677,107.15266
69.973,206.02109
10.8,0.44633976
50.952999999999996,194.21394
3020.727,1327.7994
91.483,929.5805
43.76,1132.5946
579.99,588.0891
81.127,1286.2875
20.033,1.5078499
10.226,1.4958991
410.17699999999996,850.43695
9.827,75.98516
10.213,0.33045787
20.313,57.828674
0.077,0.029312482
29.316,39.88348
0.4069999999999999,0.39843935
30.153000000000002,4.352216
130.064,14.448938
0.33,144.56668
60.373000000000005,54.545803
1.5160000000000002,0.70676076
509.75,434.51532
7.877,0.15580156
1876.5999999999997,464.4203
10.603,488.3552
29.673000000000002,3.4673784
20.074,7.928067
141.363,430.17273
19.924,1.1266946
9.993,2.1452892
19.77,84.13656
30.504,40.25431
630.06,245.91805
24256.95,5550.811
0.173,4.3848796
28.709999999999997,104.505646
19.936,4.278973
17.343,0.011657561
10.11,2.1012833
289.53,79.5969
0.0,122.12686
9.626,2.994042
1519.6899999999998,101.27823
89.67,69.19655
7.627,1.188299
19.7,0.3811659
10.31,31.895311
29.224000000000004,169.6191
9.737,111.690636
20.063,478.91785
20.657,2.723332
19.187,484.09302
0.10999999999999999,0.03840609
120.47599999999998,505.69797
8.52,0.007978878
58.84,43.896965
0.043,0.04810756
37.87,178.32199
88.83,111.133965
10.617,0.007865718
0.39299999999999996,0.7897236
19.89,0.045092568
0.454,0.045415986
80.417,28.42556
9.896,0.35914522
49.78999999999999,28.945154
21.8,0.31672755
49.617000000000004,15.740194
29.297,21.8299
9.303,67.55779
9.94,0.066641636
2548.72,1614.9795
50.373000000000005,272.7916
271.37,1375.3422
49.524,3.7194479
189.79999999999998,203.05057
8.68,0.007389186
20.117,238.29456
0.33,0.014092806
0.39000000000000007,786.93506
110.00700000000002,110.58467
49.68300000000001,42.728462
7059.837,517.693
8.46,1.4634509
7.800000000000001,0.045052074
1070.5,305.18326
8.26,30.524254
0.56,0.051241495
9.35,1.6117514
10.793,0.012590196
29.362999999999996,529.40063
19.596,147.0545
9.39,0.51819897
20.21,0.0125206625
0.077,1.0222851
9.807,0.43087032
0.077,3.9744425
9.797,7.5819654
19.65,67.9473
19.947,429.87164
19.67,0.17101254
9.036,2.038043
0.174,0.5698373
20.094,0.777983
90.23,353.3155
69.906,51.956474
10.163,30.747229
9.973,15.641467
79.874,914.76154
29.343000000000004,611.57605
0.014000000000000002,1.0466429
216.697,173.70885
0.064,0.41153815
19.233,110.54176
0.047,0.8960469
19.27,224.35973
90.533,63.21803
0.21999999999999997,0.08353121
10.003,0.22694655
19.247,147.78941
29.8,0.572905
38.324,90.66134
9.603,233.03688
9.27,8.610913
6.833000000000001,187.76201
19.437,5.991195
9.54,2.2883985
29.486999999999995,0.60278046
90.943,201.32396
20.623,0.5894487
18.937,109.33974
18.88,119.10227
140.283,58.652927
289.75,1207.4987
89.083,150.12259
90.627,116.9173
10941.997,2906.9102
0.313,10.510942
10.6,48.285088
0.21999999999999997,0.15301527
0.687,1.442146
20.57,0.71820563
0.203,0.29937592
20.72,0.06311164
39.877,1.4769514
28.882999999999996,261.242
0.267,0.5232293
950.79,315.58884
0.046000000000000006,0.5254159
40.577,83.918106
70.537,5.8713865
0.0,1.2088846
0.203,1.3713531
20.767,5.773164
9.286,0.55311555
19.817,0.006959999
230.163,156.49889
1117.7,1000.25476
50.233,88.00085
9.03,3.4161792
1459.8030000000003,2000.7916
36.2,854.7374
0.314,1.5258708
1118.84,1329.843
19.22,1.323121
41.343,1.8080624
9.493,80.971176
18.71,135.41338
33.633,377.31387
19.347,7.037995
19.237,9.862256
59.283,0.20244761
109.986,0.33824405
10.286,62.631115
39.953,92.72415
9.85,0.40538248
367.413,175.37787
1579.95,917.12195
0.406,88.58072
19.86,214.88837
18.557,66.053665
480.2799999999999,958.1573
510.79,354.99115
0.61,175.68123
10.76,0.0025056598
59.704,937.9609
30.307000000000002,1.3769709
0.10999999999999999,0.02491841
20.007,318.7607
11.12,74.890274
119.30300000000001,217.5269
1.157,223.56139
20.06,7.6466703
390.767,54.47051
20.683,0.5474249
9.68,1.1711671
40.69,0.019602459
19.75,0.10806323
219.757,220.64975
109.727,116.48613
80.03,5.623695
0.28,131.17943
10.2,10.884782
10.144,1.8324801
4996.03,495.4372
79.77,0.051750075
68.74,2.091192
259.99,388.8665
0.143,0.71572775
0.0,0.32212514
90.6,14.143023
0.157,0.4899283
9.663,52.33852
0.576,2.0214548
0.43700000000000006,0.10956439
149.81,124.11523
439.344,67.06482
0.47,137.33873
15.737000000000002,192.65437
20.044,0.04550105
10.074,3.715088
159.787,10.848799
349.557,1603.8109
10.383,167.9777
19.747,226.61967
0.14,132.10881
19.174,203.69182
169.794,12.440757
29.586999999999996,2.7137969
5.737,0.9103093
2210.25,1964.2253
20.116,0.5217514
1823.44,461.89468
49.92400000000001,95.885216
0.063,0.4971136
0.030000000000000002,11.112968
51.300000000000004,488.08157
40.087,0.28517476
9.86,0.034431133
11.016,152.94493
9.8,23.957165
20.01,369.85654
229.824,657.3708
90.77,1231.9502
10.884,45.603237
11.153,8.773652
1061.566,1911.5697
0.644,0.049503423
188.497,551.2531
109.233,1264.025
51.237,60.600574
30.207,56.359005
10.523,10.213098
9.993,9.935288
8.847,43.691383
9.49,0.6676987
130.847,59.27169
8.54,6.702515
10.453,223.56139
19.923,245.78561
80.194,67.99163
19.82,1.9146385
190.08399999999997,59.078987
39.623,558.37164
70.163,2531.0942
69.883,0.015291059
30.07,0.18990831
0.0,2.072048
180.01,1351.3219
0.377,0.045265123
0.173,30.90897
20.0,44.04405
19.897,0.059520688
60.41299999999999,212.52628
9.634,4.1652417
58.717,96.02282
9.95,0.049397655
20.284,737.80585
200.067,376.41095
0.153,0.53207743
130.497,99.96407
0.39000000000000007,0.011794922
0.030000000000000002,19.57847
32.25,36.139202
0.0,0.8470684
0.064,512.0749
41.44,896.27423
10.033,5.1572514
0.08,0.96817464
0.017,0.89786804
9.684,0.043695297
400.27,356.81723
138.983,1384.0975
51.857,398.66
10.667,4.9427705
20.324,12.20458
0.593,0.07532174
1602.177,1312.1495
9.133,12.660565
159.607,148.20586
30.444000000000003,368.12894
19.42,1.517738
20.523,214.33347
91.46999999999998,181.52254
22.234,150.96916
20.22,47.42933
20.467,0.005360548
70.983,743.7441
9.16,10.9529505
9.73,0.015390267
129.147,1518.4296
2411.4,232.85675
10.473,0.566853
30.674,37.839638
4894.513,1095.4672
270.49,453.31332
9.3,0.61351883
9.953,0.027452184
170.0,2.6600873
129.043,691.9207
280.83,110.8957
11.387,164.24701
9.323,0.41922095
2020.16,929.1412
10.453,129.49341
160.126,297.36047
9.266,42.433636
9.434,0.05604884
359.78,34.843555
9.987,17.029741
18.227,0.16568166
29.727,66.114075
9.883,0.26372978
80.556,0.013615595
9.606,1.2547475
5.24,10.305339
19.523,0.11767933
19.973,2.7319884
60.296,5.0061855
59.92999999999999,888.5459
0.237,0.28907806
49.603,482.24997
20.587,223.4795
40.266,296.42877
80.177,11.685819
0.033,0.43042845
19.51,0.01598887
397.32,1823.4856
9.44,0.4971136
10.127,39.571297
1.453,0.4721627
397.22399999999993,443.499
0.187,34.77446
9.763,0.036545258
10.194,4.4841614
300.18,275.82785
28.435999999999996,0.0019556496
19.547,0.005042416
8.94,0.25555697
0.973,4.4704046
140.31,279.12885
19.97,0.03622605
10.334,37.732372
10.15,5.8932166
10.983,254.25507
8.63,5.1493006
28.173,564.542
9.257,1.3555048
10.924,23.486658
9.823,1.5850222
20.13,396.5631
291.473,39.867752
19.69,182.50491
111.017,535.8002
19.82,197.98853
29.530000000000005,41.76928
11.616,63.644344
109.663,76.417206
18.76,55.531754
49.88999999999999,3.6126885
0.157,0.2781251
8.817,0.049503423
998.893,639.7023
0.58,186.6532
9.923,1.1266946
41.79,4.2013273
20.014,8.328755
9.276,62.969868
19.744,2.102945
0.096,53.207626
11.047,41.837143
389.7,621.96
1.156,2.1817386
149.75,167.04926
29.017000000000003,7.275348
10.567,2.7188792
9.743,0.055312183
20.326,30.717676
10.577,36.46253
21.533,1190.5197
11.007,0.03694851
167.634,309.63727
0.144,50.71368
0.173,5.8866057
175.54,0.057002757
0.23299999999999998,7.6359367
0.093,425.14835
0.156,266.21976
10.494,305.81012
110.134,2.7901738
40.987,100.380165
640.043,316.70605
259.937,576.6278
1539.887,858.432
9.817,0.35914522
9.22,0.5186004
39.056,256.61844
0.223,1.4634509
79.79,240.37854
1361.19,1513.801
219.933,221.62294
0.063,2.724828
540.3,155.53117
20.273,43.1921
9.787,10.331283
19.087,0.045092568
21.107,2.2589974
60.88,60.5637
18.913,72.38106
10.046,10.431719
10.733,0.8980377
20.386,1301.7404
9.327,60.22881
9.233,1.5851097
0.14,12.53339
109.723,285.70065
0.076,0.3475949
60.157,106.48816
4235.643,2934.7292
69.827,11.153048
0.093,41.45092
813.6770000000001,390.0862
171.116,961.0548
20.866,0.008213845
9.727,0.03139544
26.850000000000005,26.407978
28.01,476.77615
10.103,21.73609
20.184,3185.1614
0.263,2.7319884
0.9530000000000001,5.8352795
339.273,2235.8623
69.807,239.91786
8.907,151.28433
0.94,419.23688
11.244000000000002,0.02936374
700.044,675.63434
18.53,2.6720366
10.3,217.19966
39.847,40.53915
0.19,2.0482602
1180.75,1905.0592
120.113,53.762653
1099.473,2038.3866
110.26,149.59879
20.18,1.1038517
80.714,0.8024933
9.22,0.008445509
19.133,68.94089
9.06,0.052893076
1.483,197.16158
8.15,60.6834
119.656,714.90814
12.184,0.011307875
39.037,189.97409
51.307,134.2909
10.113,0.9460541
89.69,1.2794883
8.803,1.0594308
10.06,0.777983
0.174,0.043757763
29.139999999999997,111.78152
20.34,254.60278
0.0,0.22310524
0.567,0.019603917
149.797,480.25305
730.254,201.84882
1437.403,291.4297
10.337,8.207937
350.053,271.01324
0.0,0.027336163
9.784,54.761585
10.237,203.32722
292.02,596.1331
620.003,298.4017
9.907,8.85835
39.327,6.581003
18.33,142.04193
0.35999999999999993,3.1149843
91.25300000000001,1.4269062
79.714,162.68848
169.91,14.414554
1850.886,381.18564
9.95,5.4987574
1080.236,1391.9712
60.233999999999995,24.95441
79.933,4.352216
29.486999999999995,12.833635
9.183,0.019228116
280.287,445.00815
30.183,143.78458
19.923,292.47217
1511.6759999999997,329.64993
299.857,1147.3723
19.49,0.13297601
9.757,0.58962303
49.92999999999999,304.99423
4165.74,205.53871
59.447,1297.2357
19.893,1.142277
0.35999999999999993,32.074482
19.01,0.011061785
0.173,0.5137134
339.75,1493.4932
8021.493,1433.4662
2905.46,1612.1936
449.677,707.069
19.93,238.87471
139.743,1289.4747
316.187,410.56174
9.723,157.03676
59.276999999999994,1130.2854
9.603,0.12524052
9.133,233.92946
19.507,78.7934
261.113,103.06131
40.15,0.0049098595
28.950000000000003,1.6167097
21.136,75.91178
48.82000000000001,28.211475
72.14,10.605802
179.16,62.390945
9.66,2.6983132
50.453,100.56767
109.946,3.7954633
90.54,40.025135
35.673,442.1902
0.047,211.1859
10.06,0.04502347
460.186,1044.1617
1410.356,792.29004
30.510000000000005,291.96182
10.723,0.01544118
0.457,73.58793
20.153,0.119471624
19.264,81.70819
10.64,1.9360898
2809.543,1917.6802
8.257,0.034754634
20.826,0.052094806
0.313,0.23719142
313.057,159.6381
70.287,866.7183
358.613,353.3081
9.423,1.6675171
130.014,14.306954
50.43600000000001,0.13423742
18.857,6.9828215
268.37,135.73053
9.86,0.08577434
9.337,0.12935652
0.23299999999999998,4.122164
40.47,699.2794
10.223,0.011095359
9.394,201.82158
10.127,54.3744
9.11,35.240425
89.77,1384.0089
31590.567,250.2886
8.037,438.68524
10.01,36.500145
2711.486,344.28903
13.867,166.50221
0.564,4.7085295
0.063,54.923164
6.267,0.0123321
1.633,73.78515
40.66,197.06177
9.913,60.0011
19.4,6.08071
10.437,116.56016
19.943,133.75446
8.917,94.15054
20.54,286.9837
100.077,9.387457
643.897,213.3927
4.463,254.25507
20.557,247.57208
0.0,0.04868852
290.033,1404.1013
98.833,4.558854
0.016,0.46920243
150.053,112.76621
1329.854,2215.7031
540.16,519.9778
1421.123,228.46239
291.054,133.15588
9.62,0.0149811525
9.89,144.54169
9.916,2298.0723
19.653,0.0013737242
19.714,19.409367
69.9,175.46954
37.99,997.29755
0.017,0.059520688
20.65,250.35266
5860.907,2639.6162
40.05,5.018518
10.28,37.667168
9.26,113.58424
1.203,0.75745356
81.05,188.62068
79.277,1932.3495
0.08,1.2366246
18.566,123.53765
0.157,14.814688
0.017,0.21905062
503.77000000000004,1596.3763
0.013,0.013745947
0.047,1.2547475
319.907,548.26556
0.063,256.3434
120.026,161.63211
109.797,388.6739
29.877000000000002,29.735209
0.35999999999999993,0.06701856
0.0,65.50648
319.747,1284.9888
42.267,261.90103
29.66,22.428888
9.01,146.27762
19.617,347.5162
29.576,0.3744097
823.8999999999999,1981.8284
9.757,1.6251931
289.793,118.51462
10.23,0.31230673
9.49,1.2158054
12.367,55.03591
3801.167,1667.157
10.737,59.739876
49.92999999999999,40.23541
2391.666,2398.2466
20.113,56.660416
18.63,39.308422
0.237,64.811005
20.347,104.75791
19.234,153.2938
90.97,449.30588
9.647,0.60382354
0.20699999999999996,1.0352379
61.147,0.02118272
0.374,2.8403616
0.347,0.012893742
0.41,0.024422428
4.727,0.62152386
9.87,0.89174885
130.1,102.380135
39.317,0.08848655
9.806,0.008705333
21.71,206.18703
220.36,643.03815
29.706999999999997,83.34633
19.596,79.77199
120.023,612.2648
2157.44,548.29047
80.183,1021.7689
230.15300000000002,428.4959
10.243,0.13650642
29.887,0.46317828
19.826,490.40955
140.55,421.19257
19.203,0.92257535
19.883,164.51508
8.257,0.028627317
0.39299999999999996,0.35850665
8.86,1.0384467
1220.81,3068.309
17.406,0.016653914
3509.88,1231.671
0.8300000000000001,0.17288996
19.767,85.385544
11.234,0.0225202
22.96,0.05187499
20.603,234.66487
9.916,0.26892266
39.77,3.480716
2473.543,1267.6368
9.89,0.7514259
0.20699999999999996,0.06197547
149.413,0.021136606
81.007,8.205371
80.893,2.3835824
19.657,0.021523664
2252.463,155.3753
20.393,93.11691
0.203,2.9430377
9.653,1.8134238
1620.42,678.883
9.634,2.766068
9.634,241.0556
40.493,302.0311
9.94,0.14882863
10.064,0.8018782
289.68,112.26718
5.943,320.36865
220.183,354.92096
19.65,5.2281413
60.885999999999996,325.45944
58.690000000000005,0.083128236
15.506999999999998,0.20772752
30.177,42.25857
19.726,0.7686835
10.03,0.04848978
20.177,44.183086
9.427,196.7275
10.227,66.62439
8.994,10.667891
48.00699999999999,134.59874
0.063,109.51487
20.197,0.0025056598
10.087,0.31449097
10.427,0.35352457
340.137,570.678
0.076,1.0334044
20.353,1.2011187
1.034,0.10329441
709.89,280.6474
8.563,0.03730385
60.173,38.94585
10.33,0.013745947
29.82,87.89864
59.894000000000005,293.56503
0.39000000000000007,2.3366666
9.82,0.64529616
20.394,102.02315
9.926,511.2884
20.01,122.73729
1.037,18.959751
9.453,0.39340585
121.793,33.908375
867.957,154.31932
89.607,247.66415
9.91,2.9797661
350.226,464.79138
29.993,664.069
20.267,91.75862
10.987,35.751225
279.503,306.69296
10.013,0.15096428
0.4069999999999999,0.35352457
9.803,0.07227896
62.786,373.8515
9.32,56.151203
8502.477,1079.365
0.327,0.094862
10.023,12.660565
10.043,0.09520042
70.923,219.23737
0.096,0.010195832
10.343,35.197807
0.030000000000000002,45.577835
9.993,6.9697766
9.51,248.15285
0.173,0.31435633
0.017,0.5446863
9.747,0.06734609
9.65,26.971035
199.533,342.29105
9.547,3.7346413
16889.317,1251.3983
140.043,246.76907
0.187,6.6586814
20.417,32.584816
241.104,169.4833
19.496,1.4484214
6648.27,1569.0382
4392.203,2005.7303
10.127,9.578523
615.843,242.86697
19.837,266.04367
3880.163,1196.9133
9.086,0.8039588
19.32,4.0216403
0.266,0.27091864
0.017,0.13650642
0.347,46.824177
0.217,0.023423713
40.967,163.60118
79.63,3.51334
29.77,1181.3127
20.274,689.5404
0.313,0.17742123
29.97,48.088108
0.08,1.2652977
9.153,11.284012
17838.283,1099.6802
0.39299999999999996,0.50567013
269.833,656.10144
9.703,0.19624573
9.807,0.1107234
19.587,0.01609105
11.913000000000002,39.102802
50.98700000000001,157.56435
588.964,558.889
30.047000000000004,0.81162596
19.747,224.15309
9.19,5.070468
29.15,161.236
0.19,0.025972748
159.78,49.377945
129.073,0.16914965
184.36300000000003,1.1018533
29.18,214.20432
10.443,0.80025554
30.876999999999995,495.6041
70.183,501.0884
79.774,233.46977
19.75,61.73938
198.84,978.21063
20.38,0.02937388
0.030000000000000002,0.54810613
5.22,3.4203484
0.123,6.8949437
19.06,0.22353932
139.733,113.42402
29.68,0.024933053
30.947,84.22496
29.036999999999995,562.12427
0.0,1.3625382
10.023,0.17796451
20.15,855.0127
391.007,678.5221
0.8139999999999998,0.066641636
1597.55,368.2
10.857,12.319019
18.616,96.33449
19.08,67.83159
39.84,22.307674
19.67,402.26636
29.763,46.32057
18.093,229.71147
65.767,52.997055
20.15,81.77776
94.55,211.58699
190.04400000000004,123.09445
0.157,0.10806343
9.944,0.011032684
110.523,9.205792
9.373,0.6000624
0.5,0.2143832
10.13,0.03139544
10.247,0.13214292
390.2459999999999,254.75206
0.063,81.94702
100.714,110.93389
49.48299999999999,755.3479
156.773,452.79175
72.34,196.67856
490.54,4.1449313
8.717,169.77051
8.26,1.2652977
209.23300000000003,2.7176504
70.46,192.15466
9.75,2.2883985
19.97,49.86317
39.983,2.2237265
0.077,28.868681
9.456,7.52714
260.96,596.132
49.186,283.8604
1160.153,155.7784
39.673,165.57025
20.287,53.52979
0.203,0.086775064
0.39000000000000007,12.388912
39.91,33.264477
8.444,0.70676076
20.366,0.3436538
0.5,0.37671188
13.516,55.09597
0.093,2.303484
18.51,1.5057347
20.176,439.66226
628.964,265.25378
309.35,870.7886
0.096,0.035394613
689.447,1314.5248
19.9,163.45201
9.6,1.5202701
11.483000000000002,48.39179
9.534,1.1554834
0.0,0.008445509
0.017,0.0043299855
10.013,0.44100562
40.1,36.60098
9.934,0.26372978
39.803,166.35988
26.347,1.9492114
0.174,1.1205631
10.483,0.027078485
0.35999999999999993,0.03954395
19.897,0.03022733
69.34,97.95433
7955.243,1013.8442
59.907,384.06067
89.97,1470.5872
69.94,43.921394
9.807,14.686242
31.547,2.5811453
9.4,0.04959056
9.734,125.94455
189.784,716.4599
140.157,163.0389
50.47999999999999,39.695652
140.137,78.924934
9.58,34.79067
20.817,6.3398385
410.94000000000005,334.2969
0.034,0.06648706
19.283,2.1877162
20.124,60.09484
69.487,0.10669717
9.687,10.361063
18.364,189.43953
10.76,118.8343
9.347,453.09546
19.323,431.58243
59.834,148.73766
482.037,680.6606
9016.707,2122.6953
70.157,56.214554
180.49700000000004,443.54587
20.18,89.52249
20.377,0.038909316
15.49,1004.77374
152.413,1439.6818
50.02000000000001,2.077909
244.627,0.08609469
20.63,1.8176744
10.613,0.19460642
19.423,0.086775064
108.126,1211.9272
19.36,1.558849
8.92,0.0062117907
0.657,430.11017
1.796,60.38412
0.157,2.2004755
588.726,612.4163
19.567,0.030761344
2039.87,376.47217
8.69,0.39340585
770.87,369.93945
9.98,293.0675
20.93,571.47723
29.453,452.3529
40.097,0.13665907
10.553,7.2532315
9.077,2.4981954
20.48,61.762432
19.94,0.1990155
4097.96,305.12317
30.323000000000004,3.6686385
20.07,98.994804
29.877000000000002,2.2566593
20.61,291.87793
11.29,6.1912603
39.716,3.1553116
30.077,0.44872975
130.32,1.1038433
1209.817,458.378
10.29,45.097385
29.929999999999996,333.61533
29.64,2.473938
10.64,0.75142735
10.07,2.1298075
1080.083,804.6023
0.10999999999999999,0.27624357
49.847,1.9780618
129.967,296.27176
39.187,50.507904
151.23,115.98933
130.37,1.9302198
0.453,0.047169738
28.423,52.37907
90.003,1.8836178
1.06,0.44633976
0.144,186.2328
0.266,0.40676147
0.153,0.047561057
0.69,0.039853264
18.853,0.01994772
69.896,970.5429
9.646,173.00949
70.407,828.5761
19.537,115.00478
10.483,2.5570085
10.337,193.8646
0.614,0.014568919
200.397,106.00171
19.43,110.641495
9.644,1.188299
0.313,0.10339582
19.42,1.379255
0.0,6.991089
537.503,1370.9607
29.860000000000003,31.268566
19.937,2.8325346
0.597,2.600024
20.04,706.45636
49.98700000000001,0.088504866
0.206,0.005914678
320.697,77.55801
190.363,0.4477184
709.763,1.5502863
0.10999999999999999,2.038043
1.9070000000000003,256.83002
78.803,47.201023
0.48699999999999993,14.48009
1.987,112.956795
1658.607,427.77628
300.593,417.04385
20.02,514.1969
10.07,0.875404
129.87,1526.2056
0.593,0.99062717
129.673,449.61234
20.1,624.6333
159.183,71.74102
61.0,153.86368
2127.223,765.12067
109.027,59.758034
18.627,215.45085
40.097,0.6178297
19.763,14.080155
780.723,475.52057
19.783,2.835553
20.13,0.43300864
0.017,0.13297589
0.173,18.837982
0.9659999999999999,362.9947
0.827,150.93803
130.207,47.72818
30.934,96.18104
20.733,58.65891
9.82,0.37433186
60.21,367.8306
77.27,492.04138
20.22,0.052976433
230.367,80.53543
19.834,1.75616
19.95,0.15745959
69.773,68.94444
19.43,0.094056495
0.0,0.026483145
40.383,296.3134
80.56,944.61206
10.307,28.341322
21.507,643.2885
9.81,0.040347774
0.23299999999999998,389.34482
32.224,599.0064
39.54,319.37537
1679.45,268.9313
10.754,0.13681635
1109.347,223.38599
1270.156,580.4507
2177.37,714.08386
709.177,202.61859
0.063,4.432004
0.707,0.008830162
21.25,0.12497254
18.966,90.27187
9.266,0.016996752
99.94,207.03242
9.05,0.049846604
26.687,0.13996898
449.973,1313.4851
9.57,0.30090848
9.716,0.43684486
20.937,0.00605973
20.58,0.37192354
929.923,832.457
66.303,3.5730283
80.853,152.67549
10.043,279.57233
9.71,293.68353
29.58,0.23690158
19.676,44.08788
69.197,150.07976
3722.38,213.4395
18.387,90.18504
39.803,4.0395126
20.04,139.78372
0.034,0.19624573
0.623,0.18310656
20.157,45.185287
10.993,98.38922
0.25,52.343807
0.25,0.84783226
20.347,11.101636
468.74,484.3808
9.437,9.089407
20.336,88.234436
130.377,342.1132
9.947,0.8085004
53.09599999999999,451.51767
0.034,0.028146189
39.967,64.11405
19.444,0.20537874
1000.957,561.1592
17.637,0.15301527
0.013,2.8031907
20.6,101.45466
19.88,0.0026528672
9.923,4.99519
40.873,147.93642
159.933,990.23785
8.83,115.22456
33.637,0.014649169
10.217,56.147186
19.27,138.1823
70.043,10.796554
0.030000000000000002,0.19462425
59.790000000000006,494.87616
0.7199999999999999,1.8966117
28.94,89.564415
0.077,89.6801
0.186,105.34205
139.66,0.8692886
8.157,103.14852
58.847,276.865
3161.493,846.23566
9.913,29.012688
0.144,9.796074
10.81,3.2588134
59.56,862.1807
9.853,140.61711
9.87,43.176666
0.17,0.6508597
0.034,45.957672
169.963,2330.3745
10.06,1.1390691
970.07,201.33427
5.6,0.91271794
40.867,0.055051677
20.53,6.5129886
69.177,9.89611
0.033,1.0032806
30.69,0.39734122
0.296,0.31322184
100.18000000000002,360.50604
0.063,0.03954395
19.903,37.324345
171.68,342.68558
70.737,633.2589
3261.013,485.09854
40.026,24.382015
39.79,385.94666
19.174,0.036545258
69.187,0.09574343
0.064,1.0215961
10.077,0.6824383
21.007,346.79404
20.043,43.40096
19.927,12.53339
10.14,31.268566
330.14,3090.721
8.317,116.56016
191.246,253.9625
29.52,31.93765
0.28,23.486658
110.28,0.0013737242
9.617,0.4468138
51.223,0.3383944
28.587000000000003,32.42824
59.513000000000005,164.03302
150.877,2.4352088
9.947,0.0147711765
290.45,50.461212
19.413,0.006412697
868.13,1142.3273
8295.563,844.2276
20.1,166.71373
9.923,13.159666
59.40400000000001,5.228321
18.307,77.331055
0.047,4.1386714
80.24,193.71277
9.4,9.255193
109.99,62.244583
10.09,0.00873583
10.074,0.59548354
10.053,0.011696974
8.953,59.326466
7.159999999999999,197.37135
41.236,127.480194
19.883,165.55466
8.987,56.359005
19.476,1.0109266
179.374,141.33888
169.433,697.6368
0.35999999999999993,1.5300659
7919.42,5656.182
110.30599999999998,12.036098
140.184,31.44314
110.017,661.27405
19.99,114.07806
19.52,30.313665
9.89,10.07458
29.97,52.251392
0.14,0.008714638
0.10999999999999999,0.4804312
419.753,33.32841
640.05,555.57947
10.036,0.008621573
19.993,97.98752
30.413,99.43961
160.127,141.02762
1.0,0.58637285
9.06,3.0170453
9.71,0.053600382
21.633,326.76477
39.707,139.25075
19.927,14.263211
11.363999999999999,138.01645
11826.767000000002,1599.6997
10.007,1.7550733
1348.21,411.67892
9.367,2.7303004
8.117,121.86693
19.287,1.4705008
49.71300000000001,4.32496
29.999999999999996,724.6146
0.093,0.006816937
19.367,232.53769
18.74,93.02541
90.536,8.718429
39.93,18.24469
240.11999999999998,245.12064
89.607,0.62106645
9.837,0.2549049
71.183,48.513702
10.153,0.008357686
0.097,28.52263
0.0,0.18897355
9.406,264.971
459.01,833.06165
20.917,432.5041
11.237,143.38803
9.626,2.367652
30.257,279.6198
0.017,0.17987278
30.097000000000005,12.1029
2209.477,104.40723
549.303,358.99048
9.784,0.51477367
0.204,149.83617
69.94,15.382175
9.593,1.5260192
40.123,0.0075596846
229.85,16.76746
8.757,36.5314
10.45,3.7722418
0.754,133.9872
150.047,108.75336
30.233,43.627857
536.197,523.62823
214.307,4039.812
727.273,100.13545
4.426,1.8232975
39.88,489.2772
58.49,0.4139878
0.143,89.29399
19.91,8.8782215
20.02,496.71667
120.443,291.46143
589.717,333.05762
9.903,84.56123
0.343,30.748638
0.406,1.1146883
19.22,52.942364
19.297,52.93085
9.263,3.1645534
9.787,3.0361354
39.307,1402.0258
120.716,6.5790644
0.267,46.57219
30.403,0.0072127725
10.013,2.619668
19.067,0.4399642
79.583,28.860676
194.6,808.26215
990.6,202.14896
49.56,660.32074
11.01,48.044376
0.093,385.676
169.857,437.63153
29.853,25.829252
29.82,93.25493
9.237,0.03730385
80.597,3.937008
80.297,2.2702465
19.377,42.720203
349.834,240.70465
20.904,6.47187
0.060000000000000005,2.7303004
9.843,0.12609574
129.07,101.20703
92.276,620.9433
10.104,0.28793898
30.713,428.44974
45.82,24.202682
280.933,263.19485
9.6,0.7315693
49.99000000000001,1525.542
19.724,780.23785
1530.313,216.80646
91.77,98.856995
2929.093,1605.5553
1671.666,1774.5745
19.747,154.0917
0.17,16.760046
40.107,277.0322
0.43700000000000006,0.046052687
20.243,254.97174
27.62,334.7917
990.737,727.19794
196.89,0.018366978
10.03,1.0795616
19.88,396.146
19.973,0.23983769
0.144,1.2707101
2999.5529999999994,0.21829523
22.690000000000005,19.156162
1730.096,159.96811
17648.31,778.5052
0.223,1.75616
19.656,0.10417844
470.32000000000005,27.281591
49.833,12.491423
2820.01,407.09903
19.997,0.69404495
39.37,7.071819
0.313,0.88367844
550.044,108.94797
9.927,30.747229
10.793,0.036057472
0.754,0.012938937
100.94999999999999,138.46281
20.18,540.4094
1111.196,330.2813
0.10999999999999999,1.2088846
260.05,679.0719
10.787,796.809
9.72,73.78515
1230.4,1007.0707
20.853,0.011742977
8.944,0.03882921
0.097,0.008259528
30.027,0.23593454
39.643,65.76187
40.307,474.24857
0.23299999999999998,55.036644
39.68,0.5768386
12.024,8.800001
370.134,74.103874
99.117,56.795723
39.77,31.03193
0.113,0.5595389
9.943,0.55236274
50.073,41.88042
1099.53,261.71085
0.064,0.5254159
0.046000000000000006,443.51987
29.904,6.2328606
89.89,1151.189
8.746,31.399273
0.047,0.3767126
9.41,1.1091753
11.83,184.83817
19.847,2.84298
70.956,320.93103
1320.077,595.2864
30.133,0.25127935
259.86,1009.6979
0.107,129.38335
60.169999999999995,151.4321
248.91000000000003,211.72285
50.577000000000005,219.11998
23.336,0.7207663
0.14,196.07713
59.82000000000001,1.0151812
140.297,233.7393
19.98,0.42762297
230.41299999999998,124.26522
0.267,425.14835
0.143,4.097544
0.203,2.906767
12.017000000000001,32.900215
240.69999999999996,451.05783
19.687,69.287796
0.186,267.35123
18.897,553.12823
140.164,87.88876
50.28,5.1660023
2.533,0.027717037
0.203,161.42183
9.523,1.605909
29.329999999999995,679.6572
118.41000000000001,298.87
1319.96,255.90785
9.933,1.8104672
0.016,4.126247
1889.697,427.08453
50.02000000000001,0.030125542
0.58,70.37236
30.42,130.0872
20.226,55.744747
691.477,178.0948
360.767,292.45084
169.956,1.1222143
0.833,0.96684426
41.87,69.79384
424.386,911.2137
0.077,0.4759607
19.607,0.04984741
20.16,1.5631543
90.077,2.5706832
50.74999999999999,274.6368
0.19,0.55311555
10.287,0.005461169
9.47,66.05844
1.173,98.218864
19.86,143.78458
0.216,1.5309781
10.024,2.101636
668.646,136.80101
1138.567,28.628496
9.45,1.5078499
747.4330000000001,3.667645
0.047,6.053092
80.05,944.17334
9.977,121.53796
370.18300000000005,351.419
19.007,11.989404
10.033,69.5011
0.7199999999999999,0.98476106
10.166,7.8414207
9.443,31.071556
9.813,66.428185
9.964,0.0678515
9.873,0.69601476
0.124,14.126851
0.373,404.2949
39.967,137.44954
209.25,167.60048
450.07,143.32791
1.036,5.659146
19.973,0.4968666
0.107,209.70352
0.14,0.004406125
0.030000000000000002,0.20595181
20.046,48.113953
8.613,90.26396
140.157,4.532205
399.524,1003.4001
41.867,246.45706
10.113,1.494334
9.356,0.7176716
0.173,30.586369
11.137,0.6965566
9.394,42.826447
20.013,0.36834708
11.436,7.4912972
39.74,117.49406
40.103,0.005165943
9.06,0.031792097
20.18,0.095577486
0.44400000000000006,0.121284306
10.57,0.1510985
78.59,200.68402
68.717,113.2333
20.323,4.911597
39.53,548.58655
89.623,114.76709
190.063,344.0702
42.61,155.43867
50.15,0.05230489
20.943,219.11998
69.593,0.37282264
29.449999999999996,175.6248
10.03,23.486658
109.187,3.9744425
30.473,323.01175
20.167,31.03193
210.14999999999998,193.16681
9.45,43.691383
9.69,1.3455223
130.567,283.8354
899.97,1318.4769
1.063,166.5367
0.217,0.046436682
350.73,274.7904
30.267,159.39027
6261.987,257.7866
10.613,0.047561057
169.087,283.9936
579.813,3211.4587
79.97,0.4710159
309.834,567.14874
2191.107,577.5212
10.004,5.261159
39.777,10.988966
49.78999999999999,1006.70306
139.09,399.8025
1.16,0.69601476
1.127,3.264172
20.26,0.023926906
10.02,0.0051439977
20.833,30.316525
0.534,0.8250126
29.123,576.0297
19.6,1377.706
178.897,350.09946
20.15,102.33835
0.14,0.008635686
20.254,7.8414207
679.51,197.30615
0.724,0.004927826
10.107,25.52906
0.42,0.01078971
18.85,211.84387
9.833,0.011579258
90.09299999999999,198.5658
3832.8530000000005,459.88828
20.997,0.71572775
50.85699999999999,117.72943
78.99,0.13463357
10.277,3.6071703
39.86,0.029954484
9.54,39.141052
29.263,31.874067
0.14,0.17288996
40.513,607.6573
9.793,0.050948255
19.967,330.66086
0.097,0.3436538
689.893,125.84159
269.393,781.7241
889.664,230.80612
10.76,37.079105
11.017,280.607
1.174,1.8502401
0.08,1.0640721
60.803,113.59118
20.437,7.946663
0.156,0.57880807
40.0,1.7344335
70.257,32.317738
8.827,1.2207477
9.05,4.3850093
30.18,135.502
9.83,6.8081703
29.66,0.0072466745
0.127,22.152336
0.094,60.22881
0.014000000000000002,0.30677515
130.146,38.8157
18.32,0.58637285
0.093,102.88533
0.326,36.845203
128.903,183.6666
50.186,6.4944344
0.217,0.92970276
21.143,229.0157
1.186,0.03699798
100.9,95.34497
49.959999999999994,612.3028
65.98,57.221924
1497.953,3896.3467
9.053,7.91984
19.69,0.38616863
19.45,19.754452
4.82,106.39905
10.053,9.744111
6.996999999999999,1.556772
79.867,59.256775
200.39000000000001,308.87766
5.563,0.23719142
20.006,6.7538767
3220.733,180.8035
9.857,0.44118145
0.17,0.66444266
29.667000000000005,144.16977
0.076,0.22452982
10.477,161.21071
0.144,0.61009634
38.71,114.46919
9.88,118.582825
0.28,61.96187
219.57699999999997,0.71672624
10.44,77.191216
30.563,62.58126
271.113,154.45226
0.13,10.002488
0.53,0.6083974
19.67,22.194014
0.39000000000000007,1.3842306
180.847,44.78503
10.13,0.0816458
0.21999999999999997,0.032878235
10.173,0.46458194
1.113,3.6846359
9.433,0.029988984
7.977,2.2167265
58.46,63.061455
16.38,0.036057472
49.28,0.013985774
1.233,101.12001
49.75000000000001,41.81603
159.277,334.89658
8863.944,2755.0308
0.064,42.030647
0.517,0.55922997
99.85300000000001,14.616904
20.78,61.93756
9.913,6.6378937
42.843,696.1535
19.923,283.32684
219.48999999999998,444.5314
20.683,0.005683405
30.17,2.8655882
759.7360000000001,322.4931
19.984,11.60875
1841.5470000000003,204.80801
1.64,199.902
29.619999999999997,275.5563
161.134,56.76591
519.133,644.30444
90.653,1348.6439
260.293,347.43863
39.197,100.118965
18.737,148.40843
389.8929999999999,175.6248
70.68,555.83545
0.030000000000000002,0.4532301
0.203,124.011856
490.13,88.746216
29190.447,255.84013
50.294,245.2681
0.186,1.209466
10.556,19.754469
39.857,396.34122
0.263,4.3850093
40.59,0.16946353
100.39999999999999,234.71053
50.147,16.579296
149.883,2.9413657
19.237,268.20306
150.09,241.55652
170.857,96.550354
59.97,289.38876
10.257,1.2788503
99.047,1795.605
0.9530000000000001,0.016101934
20.076,0.032049913
0.64,9.806577
140.177,19.434196
10.547,0.3840015
19.784,1525.3761
38.503,0.060931776
0.030000000000000002,0.52497363
29.8,10.456694
18.603,111.22504
18.927,35.301132
3.9560000000000004,0.0074103423
29.432999999999996,1018.9255
469.76699999999994,12.568643
0.093,0.14360069
59.309999999999995,82.398384
19.68,33.792114
0.124,1.1390691
20.893,44.555843
28.63,139.98695
20.31,0.38057497
3055.974,502.73883
20.197,0.028049078
160.533,5.8892965
0.05,0.16961537
9.437,2.8780267
0.266,6.6147814
0.817,15.632044
20.77,131.68437
20.014,0.06227544
19.747,0.040833507
18.98,4.5635595
0.217,0.038745426
0.10999999999999999,718.8032
120.92,196.23453
219.253,29.20614
299.843,560.7913
10.376,4.0385184
78.41,74.33821
50.81,115.63205
59.627,219.29994
9.89,6.123073
40.44,0.33103135
11.043,202.68056
449.67,268.7572
9.69,61.07395
0.123,0.038946442
69.113,3.307648
0.86,1.5022279
20.143,103.202225
0.237,2.8780267
21.31,0.73003334
11.09,127.52677
0.283,0.85372823
29.276999999999997,82.15659
0.173,0.21232209
40.584,233.56639
18.817,142.70642
31.163,0.0062861163
0.030000000000000002,2.1830082
1059.74,958.916
170.003,258.77292
609.756,106.7887
5880.176,1001.8188
160.397,5.2777104
724.963,478.4675
39.863,100.61447
15.313,38.69476
10.686,0.15424658
0.48699999999999993,11.341241
238.633,334.26566
0.347,8.135971
9.827,7.9617324
0.063,3.0337443
9.854,0.020367535
0.097,0.24552596
70.67,35.895073
0.016,64.58279
99.337,488.1728
370.806,252.30045
1409.677,383.81012
19.706,1.1094112
9.027,0.07165919
0.39000000000000007,103.14852
129.714,19.288422
1849.874,83.63667
249.807,179.14278
268.946,156.115
18.927,195.87802
540.107,1005.92413
29.32,0.0040501645
10.574,184.90222
10.48,58.659348
20.183,1.0030088
20.007,0.13307114
148.677,294.52243
0.703,5.9967794
59.677,8.531769
19.737,304.99423
0.16,0.11967768
20.45,0.0787752
19.714,119.26755
1.157,38.647327
50.603,0.05016842
69.99,1046.9812
20.363,0.17977847
11.759999999999998,0.025651313
20.707,0.63488847
40.837,365.58972
0.017,43.615147
129.81,188.30118
50.08,0.5388846
29.82,0.18664785
10.083,7.3257475
179.16,359.9177
40.11,3.835501
0.297,149.83617
19.803,80.482704
30.303,71.52502
159.707,312.76782
52.217,60.38648
9.38,0.028146189
178.04,253.09662
19.194,211.96112
10.846,86.67514
4.71,2.8149502
167.27,236.5367
59.93399999999999,0.0866864
10.047,2.6982415
9.34,1.442146
19.984,8.723411
30.38,0.058889832
139.62,41.63696
10.146,0.9103093
31.727,190.3053
0.127,151.25932
21.29,90.012924
10.3,31.399273
9.946,537.4922
9.963,0.13871653
8.234,198.16853
0.423,4.5752983
10.65,0.17409746
40.806,0.32881254
19.864,155.21501
20.477,0.05916973
20.23,4.1060634
9.04,0.009409355
20.073,0.9096159
8.996,155.264
0.47,1.233889
8.983,0.054907594
21.143,58.37065
960.104,96.687996
0.066,0.013085177
3.82,171.98387
70.17,218.01595
129.734,2.2207
9.566,0.013035781
2209.004,3420.094
0.013,72.06369
9.377,6.5334644
20.053,36.12178
730.0429999999999,1147.2147
2449.37,1524.848
0.31,12.840859
9.93,909.51733
20.326,69.1093
9.08,17.029741
12.636000000000001,2.2167265
30.076,174.55655
820.3830000000002,444.0342
28.913000000000004,101.22524
46.77,45.452164
1064.737,492.96094
20.02,63.21803
1909.99,454.94104
1069.41,186.45566
9.923,0.15363877
10.133,2.3092728
19.59,69.23655
18.86,6.109013
70.97,74.75079
19.773,12.455545
11.287,2.5516932
19.953,126.18328
0.35700000000000004,42.451717
19.807,20.582481
21.393,0.011281119
20.117,0.10001904
60.014,174.81825
30.743,181.48357
19.194,0.11209163
169.67,15.549819
0.094,8.137568
0.53,2.3775618
9.68,0.55385876
0.013,1.5465798
228.756,965.70685
19.883,1.7113985
28.606999999999996,1.4976665
39.263,2.2982092
0.14,0.013021183
19.583,0.004940909
90.83999999999999,3.1229014
0.453,11.087293
10.653,0.09258741
19.137,4.097544
19.954,231.00638
49.547000000000004,1127.3097
10.02,102.64049
446.99,105.22855
19.847,0.027452184
30.127,281.0574
99.9,125.151
19.843,12.586921
2049.557,1523.4232
9.917,0.0016390637
9.113,2.1308296
30.096,1.0188435
0.033,4.7200246
20.013,463.5863
9.983,107.15266
516.853,2123.741
0.204,0.013035781
940.843,647.21594
20.3,51.316715
19.55,127.539375
38.946,115.11577
810.144,291.63382
29.686999999999998,1.5093895
16648.713,2081.49
39.503,660.6591
570.513,139.93784
9.28,125.565414
90.19,901.2875
0.313,101.4726
0.64,1.2338904
18.967,252.15904
30.3,661.17096
40.0,148.17075
22.6,0.009450994
369.354,150.81442
5.873,89.78164
0.157,8.333879
9.92,2.102945
330.66,117.898315
19.05,57.595825
239.83599999999998,534.46606
19.877,1027.3767
721.056,71.20454
10.896,0.029580554
19.56,51.832245
159.214,1698.3003
10.55,3.2162454
63.043,683.41736
49.107,2.8358152
149.887,541.9967
0.67,0.7436179
570.18,62.402885
19.083,99.835365
9.57,1.4876522
20.35,0.8942817
19.877,50.144493
50.12,1929.5404
329.014,148.73991
20.64,200.96622
570.173,420.53513
19.867,100.656525
0.66,189.48184
20.163,6.9788136
39.81,0.003423263
9.813,33.93663
69.447,0.10694952
90.077,1472.4878
170.523,510.9548
9.46,0.78679186
1186.927,435.82257
20.21,128.75394
60.313,74.1965
30.043,14.686242
99.84300000000002,493.34714
17.553,838.312
701.613,1088.0883
9.997,94.15054
0.35999999999999993,85.53758
0.08,0.049397655
38.713,76.60062
50.997,290.90735
30.772999999999996,3.9456897
20.017,127.19962
19.246,119.55973
57.464,246.85483
