actual,predicted
0.517,0.012648191
0.11,3.917401
30.076,672.1178
1850.73,140.62573
90.19,8.573965
39.44,120.595314
0.157,0.9227542
21.297,192.17004
9.086,114.45033
1.22,201.11143
49.793,127.52896
60.454,241.84573
13.987,60.13387
0.174,0.011568608
69.727,0.99601144
239.03,1873.0956
50.123,55.472057
9.96,4.7661014
20.86,57.220314
10.0,62.14545
0.017,51.690067
10.307,1.3437234
8.186,0.3603118
49.893,8.279626
120.993,218.43665
20.17,209.0064
0.017,56.82376
120.12,56.775795
11.003,94.2563
128.617,706.7044
0.143,0.013456383
9.73,140.83241
90.263,41.822178
8.547,41.994755
0.237,55.09431
0.377,0.9664156
0.356,1.4754354
20.573,17.45661
0.047,1.000231
30.58,0.3670897
650.024,90.67124
30.153,216.4557
9.25,0.36304632
0.017,0.2563835
30.37,5.238577
9.966,46.01585
49.874,136.46516
108.837,1320.6842
10.043,0.6538097
19.89,75.03414
0.47,2.6668215
10.624,0.48596138
9.36,98.88088
10.49,1.8001587
29.97,0.30892134
43.417,102.43969
30.433,1.1266899
0.11,0.50270545
1818.36,440.42798
39.71,13.637956
20.493,18.776146
9.28,2.0504863
19.407,76.040596
0.03,11.921168
8.324,17.760624
209.64,2110.2097
13.03,9.858979
69.16,72.35209
8.653,36.302105
1030.623,339.83185
9.983,46.870705
18.036,141.76448
2.5,29.37118
0.737,24.838966
0.077,60.930447
0.203,13.214805
0.05,56.412544
38.88,226.1939
0.327,1.1611056
1980.774,564.31
0.436,0.030560939
59.47,6.1015267
9.287000000000003,29.520756
0.33,0.0013501307
130.107,69.51163
0.05,50.6969
0.624,45.923763
39.983000000000004,10.935973
0.187,31.517776
0.39,392.4968
0.53,48.700512
8.41,0.51660913
211.17,39.14521
10.502999999999998,35.84999
9.287000000000003,27.516726
8.813,38.56811
0.906,54.67978
17.95,41.824093
140.76,1996.0494
69.65,29.076597
0.093,14.510405
9.997,70.828606
6.64,130.67871
0.296,0.11848048
0.186,3.263688
10.18,0.045124434
9.036,9.17208
0.3469999999999999,94.27886
0.11,14.141763
8.683,173.22614
39.827,0.05079926
11.697,0.056394514
19.77,240.45041
0.034,2.292407
9.827000000000002,36.779106
0.597,0.05535842
0.173,0.19876836
0.017,49.584873
9.07,24.55051
320.05,361.99893
0.157,61.72074
0.216,0.013456383
10.884,0.9818278
20.074,760.7726
149.957,130.04327
19.88,86.96669
0.047,61.982834
17.98,51.21329
9.53,150.2803
18.882999999999996,28.927877
360.24999999999994,395.52686
69.69,145.62416
0.0,0.17609492
0.314,0.23376636
60.25,297.2851
0.67,39.480095
10.09,0.18671744
759.813,1336.9014
10.779999999999998,69.11736
18.933,429.3522
0.11,1.1123796
29.566,35.082874
10.096,7.623668
0.153,38.461353
9.77,6.210716
20.62,25.088171
20.056999999999995,24.834839
20.893,85.884094
318.447,80.11953
41.33700000000001,110.31325
29.64,40.54141
10.17,0.11375354
19.973000000000003,198.9803
9.927,166.64182
2009.673,1461.8076
19.27,37.11365
900.293,269.4632
29.953,65.34736
10.21,85.83141
9.877,0.6161641
19.617,0.25280952
19.927,31.220081
2657.9599999999996,1663.8226
1.093,20.506569
19.837,539.944
9.906,0.104085214
310.26,376.83127
8.917,35.612923
11.773,2.0564764
0.766,0.5206634
1420.07,507.71014
38.98,314.84735
0.643,34.207306
8.89,0.45901328
49.797,7.5508842
10.796,19.70325
33.373,45.867073
50.44,207.11298
209.58,224.97487
31.076,19.232477
8.447,59.090584
179.906,461.14783
0.373,31.99558
3.86,53.69873
19.49,0.475475
27.4,51.640392
380.594,893.4821
60.007,0.7455229
39.733,194.1341
258.93,432.47696
9.94,1298.777
0.0,1.3896456
0.077,2.6814413
9.63,11.955523
28.137,33.15135
9.817,73.080734
21.026,25.68225
10.603,329.41742
10.616,0.104085214
28.73,157.67982
9.887,0.0011474662
19.17,19.074072
7420.303,2090.8875
3587.3039999999996,4580.0
60.13,87.47003
8.743,4.2078323
9.929999999999998,0.33468977
9.91,7.6817265
79.377,84.76085
19.473,124.37521
9.49,34.25856
30.034,0.07134094
0.17,1.2765763
5429.583,286.75366
39.913,137.91278
0.14,0.7273005
18.62,22.54347
10.43,0.1590892
0.843,143.03752
19.193,30.365667
9.82,0.59390444
39.05,293.1607
9.444,139.50505
19.187,31.93984
19.884,0.051729705
10.577,0.017226987
0.877,0.3784722
8.934,3.487215
0.513,15.536093
18.397,24.838966
9.713,12.346481
9.243,611.0637
0.05,2.5567453
14.017,0.043075666
9.756,0.0038127413
39.9,200.77577
0.173,64.958984
60.23,366.36008
9.25,2.17359
10.207,0.21421154
629.907,1096.9963
0.436,0.7661842
60.623,20.023794
30.997,496.32242
0.594,1.7918077
220.65,109.71343
19.823000000000004,1.11037
0.157,0.023249159
49.68,2.0753696
649.883,510.1443
0.377,0.9227542
0.673,53.41236
0.203,0.2766856
0.097,364.16803
0.564,0.22743449
20.983,98.025505
10.41,2.9407218
10.236,2.0415754
159.857,67.65189
30.443,602.87134
1649.05,706.2407
57.922999999999995,63.445538
9.827000000000002,50.254066
1215.43,1265.793
0.03,1.1419543
16.16,76.75262
17.364,15.381798
182.296,556.5419
10.113,56.34587
8.757,33.740997
0.503,48.245018
19.953,0.053856637
10.37,27.516699
0.58,14.24828
10.113,75.43336
359.78700000000003,428.65652
9.544,19.213625
0.06,188.17516
0.03,1.6259466
10.39,0.0032445574
1.0,44.24483
40.37,5.5331373
49.754,155.38211
10.103,0.0905667
80.507,927.91376
50.2,122.36415
0.063,5.166499
8.757,0.41983393
9.227,30.122627
9.856,0.43850875
140.326,182.5857
10.153,62.15323
20.24,0.08862191
0.657,23.059628
3.523,0.0019304424
9.983,0.0008432803
4676.43,1329.2134
10.066,26.857662
0.564,150.75374
0.22,60.26504
9.976999999999999,74.92001
10.584,0.14205101
0.28,0.035049487
0.157,22.267641
0.954,72.50734
4.617,90.757805
31.23,19.593208
166.823,1539.4895
19.884,24.38415
0.064,0.012049645
0.06,9.998222
9.663,3.11959
20.053,78.11979
159.897,4.1059737
0.046,0.015304037
21.066,227.63489
0.924,1.3138208
0.097,87.73937
69.927,501.24683
40.493,7.2640624
10.143,2.6214437
10.023,47.032154
0.36,60.38291
10.147,237.04472
179.76,373.13626
28.867,207.88031
0.517,0.4349369
10.197,99.139725
10.903,45.825016
0.6770000000000002,0.005024
90.134,78.352844
113.173,447.64587
47.04,85.54611
89.573,40.507076
1.093,71.085686
109.68,473.83057
9.69,0.95268875
140.887,1638.5636
209.717,114.57606
1.0,135.11913
19.203000000000003,159.33553
8.803,0.94034356
9.366,27.575882
10.307,0.013896253
10.88,63.320812
20.226,1.5526261
61.246,54.301197
19.396,32.092243
9.28,2.691068
9.51,53.152145
50.17,524.0234
2893.977,288.1305
20.276,1.1060855
10.967,5.166499
10.247,27.82484
286.233,5.038693
9.99,41.842583
40.634,0.90462655
8.964,0.017974375
159.71,65.73317
0.45,22.331974
10.103,39.480095
2223.077,38.338837
309.93,701.7748
40.453,1.7509351
19.956,0.4335757
10.23,25.858187
0.33,1.6365075
1179.464,288.22903
0.0,7.259112
1787.023,1221.7983
10.234,28.99596
9.594,51.866436
250.02399999999997,408.67154
10.04,9.249041
50.47,12.723287
39.077,194.64697
9.71,54.90128
9.943,4.4990892
4.587000000000001,0.017158808
20.020000000000003,59.927227
9.273,0.0038226591
10.47,38.20347
0.513,0.42863277
90.697,242.4163
0.33,0.55944914
31.68,46.858833
9.743,91.86755
19.857,44.25984
0.877,99.2367
150.57,15.197114
0.07599999999999998,1.7283518
9.76,4.418399
90.287,534.74316
0.393,100.61943
0.14,0.18117534
0.03,7.7796264
10.343,11.684749
0.3,2.1330073
20.183,234.2086
50.093,53.773975
19.43,0.29036272
9.643,444.41394
49.123,465.2641
9.927,116.02715
280.23,70.86785
9.81,15.405996
0.064,0.21986285
240.31300000000002,622.57227
0.127,53.986618
24.33,0.6499498
0.094,54.13905
9.53,86.4763
0.53,0.0038226591
29.71,0.07854031
99.56,333.32016
0.016,0.9313572
10.036,883.0167
0.047,4.665855
9.469999999999999,88.35551
0.203,372.77252
19.76,95.26
0.373,38.604458
2.077,126.87767
3980.82,823.2839
1.44,0.16010863
18.593,167.58603
0.046,2.0240107
0.296,20.437311
0.597,22.838713
40.11,0.76420444
9.927,32.36462
4.28,16.755777
0.0,0.16513935
0.877,0.98138237
0.296,102.12115
9.723,145.83719
0.063,0.50587994
0.047,46.0795
10.02,0.20415044
40.06,381.41614
77.227,458.74377
9.223,1.2375493
10.266,143.72371
19.323,2.4054496
1.203,13.283609
0.437,89.786865
0.11,8.784741
0.157,31.751352
0.14,26.064075
0.157,0.6420324
39.92,433.02695
179.67,402.6554
0.444,32.21967
9.929999999999998,1.0016553
1.02,0.1853823
40.006,16.95953
19.65,0.17214781
67.484,1.9485729
9.02,2.1410651
0.03,38.784065
29.426,25.805038
0.187,3.3647947
169.977,55.803116
8.443,1.6063734
9.767,0.74516624
0.173,0.0012227675
1051.087,1223.7313
19.89,208.55031
19.407,88.19364
10.064,289.96158
50.166,599.11804
0.897,0.018767595
0.157,28.806816
80.526,369.17822
9.94,43.5089
9.344,4.1545424
9.89,32.054443
640.07,2706.848
8.913,100.99272
9.652999999999999,189.76376
0.657,39.212574
41.516,10.520607
8.747,1.9372742
49.882999999999996,27.844385
9.469999999999999,0.23426022
440.797,208.37335
10.347,208.34991
11.443,1.3648455
8.194,111.98874
0.297,0.09619282
330.01,869.68536
18.937,15.00308
19.92,14.192381
9.413,0.047200564
0.03,13.626694
8.09,200.11418
12.0,1.259293
0.36,18.758614
10.147,0.10323152
9.983,0.054264754
0.61,0.17609073
19.844,4.0772195
113.933,1485.937
39.143,12.102708
4010.0270000000005,197.41304
9.497,0.22045623
543.896,75.25014
11.627,27.536598
0.28,53.41236
9.99,23.846655
0.296,0.9313564
1.017,9.238905
20.116,0.94397163
20.367,230.91107
0.284,0.4898256
0.36299999999999993,40.03728
440.143,1606.5796
0.173,42.44619
9.2,0.18542206
0.55,0.058264915
20.273,392.89478
8.52,50.482384
59.817,0.017645255
56.39,1250.9231
19.323,10.127558
60.04600000000001,227.47704
18.797,14.829519
19.983,7.4660573
10.526,96.10225
0.187,1.314712
9.883000000000001,68.17054
9.469999999999999,8.101557
0.11,27.955618
24.36,31.521755
9.85,17.615755
9.69,0.6405322
18.58,334.78702
0.174,970.457
1.11,88.19537
1.064,0.0006516066
0.25,0.27284473
9.336,0.011430819
9.493,100.83193
10.247,44.63429
11.11,99.12891
0.483,36.5268
0.0,26.885803
90.463,10.2492285
799.97,895.72095
0.296,34.915524
8.037,90.26165
1.144,33.934677
0.156,0.19595174
0.504,0.034474578
20.133,296.9004
9.917,5.014163
0.216,0.4269018
59.519999999999996,440.6309
19.467,138.81847
39.937,40.441914
0.12299999999999998,1.093015
1.42,109.93452
31.757,192.05359
30.153,130.31564
19.983,154.76852
7.723,0.0004978083
11.446,16.35697
140.097,53.27404
40.186,28.430883
31.783,99.28575
810.817,1614.0631
40.783,9.442553
1220.613,464.09412
0.063,29.364323
8.89,27.035446
16.614,217.22234
59.923,181.08522
9.713,6.238832
18.177,133.35527
640.986,165.88237
0.25,24.966898
0.234,1.924749
79.91,0.3392604
230.327,93.084236
8.39,136.3091
0.19,0.35419914
0.067,34.423462
0.06,13.232463
9.684,0.1853823
129.15,20.990177
59.807,205.77306
0.017,240.80109
28.963,288.7593
0.58,8.642218
31.576,135.585
39.524,86.588104
0.687,0.0917411
299.74,333.83304
10.407,10.899179
349.507,415.64685
0.047,0.20087847
0.936,0.992545
0.047,35.36873
0.25,55.636177
4495.766,1577.1765
9.807,19.82658
9.87,6.5414214
20.344,0.038254503
0.8,52.706837
1168.856,549.00183
19.65,0.013319539
30.287,106.90521
20.62,306.7451
100.89,129.9746
9.69,10.448846
390.22,218.56343
0.093,136.96768
0.203,0.0013501307
19.433,1.2254274
60.04,30.75842
10.383,5.166499
0.546,1.2992533
10.927,7.7296376
30.833,44.08819
10.03,50.8703
17.85,32.223846
9.914,3.5157492
150.513,174.14044
9.413,0.42863277
10.04,93.370865
0.0,1.2681373
369.067,318.0587
9.816,293.76675
20.35,233.54552
18.313,148.18677
30.16,1.5519599
20.15,0.09993582
194.753,568.44775
0.313,0.12219448
10.05,0.111473694
0.11,1.4909616
9.99,19.721401
170.447,396.53223
68.087,357.35397
118.807,77.84934
9.29,144.01001
48.86,29.235502
9.276,40.84061
18.187,10.61662
258.7,1162.1914
659.353,400.62137
1.233,25.743155
0.344,2.229465
19.98,13.3357315
0.61,65.40573
230.05,1936.6484
0.686,43.06353
9.91,14.009076
0.19,39.307796
9.3,41.761337
280.997,498.74423
9.6,2.3545556
30.36,103.02877
1.22,41.102295
19.327,4.4974766
29.64,9.776309
8.703,0.42666453
69.91,532.5402
10.26,0.08015937
10.616,4.5198755
9.593,0.30702436
20.13,169.071
0.483,0.26863003
19.134,0.023422299
49.937,26.313183
10.106,93.27767
0.22,0.83350116
10.18,2.8381479
0.374,0.38820404
9.61,0.1566136
201.193,361.61914
0.674,24.676819
339.0,130.40005
9.98,0.9628279
0.233,0.0040810993
9.976999999999999,0.315482
26.096999999999998,142.64413
19.56,23.444971
8.9,3.8455982
10.227,12.834848
20.334,453.9569
0.11,0.215926
10.363,185.84386
9.546,69.414986
1.03,44.646294
0.046,0.11206421
49.953,10.84224
540.0,209.04446
109.676,216.24057
38.823,30.20294
79.52,1227.4868
31.2,187.33983
11.673,8.074751
0.47,1.2184857
9.103,85.35302
130.987,732.4011
60.954,133.97766
0.204,0.8577635
0.5759999999999998,17.760624
80.793,160.08482
9.469999999999999,142.48117
0.186,0.10518346
39.657,57.67809
200.003,29.62024
2.05,67.05695
10.087,0.0415287
159.673,195.52588
11.303,1.3865597
0.28,10.375705
0.05,0.91478974
81.86,315.5958
54.57,9.756635
39.503,50.441704
0.517,0.6010528
10.866,0.0087068
0.064,4.3634496
0.393,58.297626
9.02,26.976425
49.964,315.6629
10.423,78.942245
2.507,14.52114
144.944,390.16852
9.144,26.733942
0.627,11.519576
38.04,562.44165
20.197,10.471135
1670.0100000000002,344.54623
91.073,69.32852
0.42,102.880394
117.773,10.563786
8.537,44.1655
49.91,516.86896
10.08,17.792778
0.217,31.136007
100.333,429.90768
0.063,29.708376
0.07599999999999998,0.0043427786
9.724,0.11773372
19.76,76.7336
0.534,1.1069752
0.687,216.72485
0.064,44.031513
19.46,36.018566
0.063,9.725967
9.324,0.038237065
50.143,202.75122
19.583,26.447615
21.92,98.8367
9.76,111.095345
10.064,64.83345
29.927,9.412415
30.44,417.43427
11.144,14.608824
0.174,13.676806
0.157,76.241234
290.11,107.67096
9.947,91.94636
0.127,1.5748254
3229.087,56.196274
59.817,17.032572
102.823,564.666
10.237,0.048275493
49.923,47.11966
50.36,77.95345
9.94,20.070778
0.093,28.968193
60.19700000000001,181.10564
10.983,21.142565
0.17,13.899139
1930.823,1347.4391
9.28,78.07903
9.293,4.647193
59.63,50.18716
70.49,357.6994
20.17,95.03349
1020.16,391.69467
0.17,2.3463902
0.907,1.4372547
20.267,52.28209
0.88,97.742645
10.237,11.695951
0.843,26.064075
0.19,50.561195
540.19,3786.2751
0.45400000000000007,76.26594
30.447,416.30902
10.546,32.536636
0.266,83.352325
11.81,23.621166
350.133,193.89604
120.33,116.866005
8.487,49.93243
0.77,14.052965
9.696,2.3272574
20.55,41.469463
0.74,28.540236
19.133,14.191237
11.037,34.295185
10.167,403.50006
39.953,1.8140016
251.086,377.3006
14.546,38.61086
30.327,14.987436
0.064,148.40579
40.524,354.14804
29.523,68.966606
189.98,1511.3506
300.063,133.22987
710.007,1881.5094
0.92,205.11707
1.3000000000000003,51.484665
20.587,446.09955
0.813,14.956565
0.097,118.72144
21.667,128.46104
99.98,89.217186
13.303,4.751544
239.99,1937.2793
18.997,181.08522
91.163,286.97238
10.477,0.0075807534
0.09,0.020772872
28.954,0.3237908
29.727,85.62434
0.03,22.492088
9.864,62.731735
860.46,494.542
9.700000000000001,13.563342
39.997,7.4384513
99.323,66.53987
20.28,177.93564
10.153,0.37752157
1736.223,318.26706
9.024,6.210716
10.133,97.869896
500.206,1825.5696
0.187,47.70243
10.16,43.9613
29.807,276.92764
29.867,7.4052906
1.113,26.0157
20.187,260.24585
10.223,0.0008226482
10.686,104.556305
10.393,30.29385
9.83,88.70906
0.14,80.55973
0.187,1.4680682
0.013,70.8001
18.684,43.995647
129.154,122.65394
0.766,20.110497
0.064,2.5006092
459.873,485.88388
8.633,1.4679942
10.455999999999998,0.17008628
681.13,235.82964
468.993,535.31433
9.663,15.472033
49.22,3.3301382
38.887,76.22182
108.883,83.9698
3364.007,2907.339
10.326,10.675387
8.904,0.1576619
0.034,45.068184
0.03,100.59849
0.56,0.006986242
0.703,0.11791113
0.157,18.758614
0.047,68.917755
0.284,1.7450691
0.33,10.971521
11.743000000000002,17.456926
1720.19,555.4627
18.43,47.04412
0.017,0.14150262
499.814,12.341658
0.217,0.029841295
18.806,104.381134
11.46,41.954716
10.966,0.5114673
40.193,21.42715
130.196,367.71198
12.857,131.85835
19.197,3.8477952
0.077,111.97873
9.02,0.48285654
30.593,162.23373
300.646,178.92114
0.14,9.703248
0.263,71.888535
20.043,14.247684
0.896,99.45953
510.023,184.77063
9.967,454.15414
759.79,1188.2727
50.017,125.560814
1.47,737.59265
109.706,304.84326
0.237,3.0451899
9.543,40.147663
9.333,123.543755
0.17,0.4519608
9.984,3.856409
9.434,93.42479
0.267,0.84829134
1169.583,3821.1821
9.506,1.4415829
2076.863,1070.0946
49.35,324.77267
0.047,42.788918
0.406,72.97779
79.993,34.341892
5.645999999999999,11.8242655
60.193,1575.2506
0.157,22.867573
20.017,43.8478
9.926,0.14230007
83.26,989.47437
19.314,472.66556
1.047,35.082874
0.07999999999999999,1.7640564
9.747000000000002,0.28336075
9.947,23.753101
0.233,4.2655454
0.233,15.563332
19.0,573.09576
19.89,0.05352372
9.17,56.952847
11.407,0.8156305
40.843,0.41328374
9.847,0.2852171
0.533,14.956565
19.02,37.152046
0.39,2.770378
0.07999999999999999,8.646347
10.117,0.76855594
19.079999999999995,144.55112
9.2,82.52004
19.85,0.049415458
4.504,0.38880157
0.03,77.958435
29.836,17.892878
0.077,0.61040026
7.647,55.673935
20.07,16.814745
0.11,32.900703
10.283,13.052345
420.944,306.84592
9.257,19.405397
0.24,2.237885
18.637,0.05984422
11.95,159.33553
11.387,51.17573
5.983,59.7589
1.584,113.15302
19.236,12.4002075
581.983,998.45184
59.924,109.34011
30.153,11.010976
69.953,931.85187
0.017,0.009755143
89.697,654.44324
0.047,0.729547
9.903,138.36243
1.013,0.2948323
0.06,4.2909403
3849.846,4446.351
1419.94,54.2654
11.01,74.149124
40.517,166.07774
0.07599999999999998,90.17332
0.373,10.344895
0.186,0.0012977
98.69,570.73096
9.67,1.6590406
8.763,363.13876
0.204,128.94447
0.11,85.95284
20.14,145.90536
0.813,32.900703
0.14,638.1189
60.897,500.8396
9.947,56.035286
60.24,96.73223
73.196,1294.9059
10.06,56.472042
30.233,110.231606
0.033,2.5006115
30.134,12.469956
0.266,1.9259516
0.3469999999999999,325.33356
0.25,2.170516
30.070000000000004,31.74073
20.003,216.32216
1199.916,350.22943
0.656,34.087593
20.043,367.43066
0.86,0.57940584
20.69,15.490539
169.826,443.88458
49.887,9.903812
20.893,0.040006686
170.143,174.54155
9.497,0.0027538878
20.217000000000002,1.0275294
9.843,1129.0001
29.687,7.7443175
9.41,161.9395
0.28,72.97647
20.07,2.261274
39.493,435.54398
9.284,0.07095459
49.316,50.683407
10.243,197.83624
19.803,58.59494
0.08399999999999999,348.12082
1250.243,365.37677
0.327,0.999944
17.823,451.58322
1.5800000000000003,52.562366
18.223,9.1849785
1.803,0.40241435
120.036,333.08246
0.817,0.010743404
96.963,22.45495
359.94,204.41917
2166.537,211.30103
20.03,2.0285633
40.014,334.59335
0.047,3.44914
40.127,31.830029
0.52,0.15680552
0.78,208.28111
10.043,11.485199
10.323,233.83466
39.187,32.526566
10.257,1.6637573
0.36,28.469328
0.9299999999999999,2.3942726
19.603,1.3821782
10.12,79.14939
10352.68,2435.3074
9.877,72.16435
9.843,15.115215
69.93,0.54690933
9.773,25.073736
0.437,2.2856705
6.547,96.03541
30.57,124.99571
19.837,90.0962
19.983,1.929448
8.117,75.0856
9.713,15.808303
4672.387,773.8343
438.924,1539.0983
50.089999999999996,0.43708998
8.637,135.56175
0.03,147.19542
8.78,30.56734
29.134,34.428497
19.77,90.80387
88.867,447.02664
11.067,0.28252828
19.613,13.1644945
1.374,27.553741
0.204,11.317203
20.423,35.829247
19.62,0.25014985
31.547,148.78906
9.987,46.57589
0.61,11.681486
0.97,0.06356037
0.873,126.96916
10.387,16.775772
50.42,5.299526
0.05,82.165764
19.657,9.005806
29.99,37.592125
9.557,21.344643
20.273,48.700512
50.057,43.496323
19.177,61.49307
9.07,30.138733
0.046,2.1030805
1.076,0.31356505
1.47,339.3912
399.466,277.7195
0.0,1.8772533
28.587,53.146126
60.533,7.9358
50.32,284.1698
20.273,29.08063
9.047,12.423534
9.814,1.7300701
19.906999999999996,2542.9333
7.993,0.41751418
69.593,23.96138
18.987,28.01013
1.033,89.83154
0.0,28.982685
30.03,5.9616747
136.05,110.71156
0.017,9.129442
0.33,32.769478
10.563,65.294945
0.127,75.48472
9.876,70.26132
9.997,12.032561
0.017,110.81276
8.987,0.016854404
29.52,0.40138215
9.803,674.6045
4001.337,1076.8612
0.216,80.59297
9.65,29.799992
0.25,0.23596925
19.400000000000002,56.301544
19.956,201.33383
9.933,84.72551
39.83,29.976597
8.677,40.561172
0.173,0.026473345
388.46,378.81073
8.99,8.447212
0.143,1.546364
1.25,19.607023
80.123,700.3989
0.11,43.937775
9.95,115.35532
0.033,1.8623945
20.22,0.47110897
26.977,53.56213
9.73,0.0033344429
19.89,68.023766
1.077,32.223846
9.917,0.4679669
50.3,2.9289374
0.267,10.344895
799.9199999999998,541.9538
0.077,0.0012848731
590.287,271.02954
0.063,10.50888
0.06,1.8173558
59.967,27.386335
160.207,2609.394
19.786,462.30023
9.217,111.56826
19.547,0.018767595
29.977,17.662754
210.987,11.831731
0.047,0.34275272
289.837,137.06493
10.073,23.135288
9.76,0.23596925
39.02,46.632793
0.343,0.10386321
130.977,19.69573
38.74400000000001,471.5422
149.993,1.4999232
9.904,0.20634957
20.143,0.03137139
0.313,1.9170334
30.220000000000002,108.58722
170.874,90.8078
8.936,15.386535
0.19,108.3183
0.097,0.0038918587
10.056999999999999,0.43367824
39.784,0.1786498
9.626,0.21110705
10.98,220.32207
0.14,0.02810697
0.83,0.1566136
10.004,142.54391
0.86,0.24180846
9.537,2.624686
0.03,154.76332
9.757,37.24788
59.92,0.040762376
0.107,71.350586
58.683,0.8592201
69.74,62.204227
19.93,132.80663
10.524,0.16059694
10.107,0.9560609
61.237,637.28625
0.033,74.63919
1757.986,449.28485
8.47,102.99013
9.046,21.265549
0.17,0.16882749
10.16,17.571957
21.01,46.923767
19.897,0.3310847
10.67,191.12006
28.993,7.85111
40.25,0.29736692
0.173,20.064594
0.157,0.05496057
39.467,24.00786
7.68,0.0008025194
109.9,64.98221
0.143,92.60738
10.273000000000001,0.07807246
0.193,0.21986285
0.034,1.2679778
6.56,36.485104
69.953,0.15639976
60.623,486.96597
30.67,520.28015
250.733,46.509712
1.203,31.645973
20.623,3.1012802
8.25,375.0312
1350.913,368.6631
19.113,57.69034
9.843,1.074831
7.923,37.86032
1.61,47.875908
33.083,84.4907
7.98,31.220081
70.167,4960.013
0.203,56.55606
9.943,55.061535
9.88,100.04527
0.437,28.944956
260.827,489.04834
1470.4970000000003,645.047
239.783,9.378715
10.873,74.58739
20.783,278.99203
10.194,54.581593
0.07999999999999999,2.768851
9.887,3.4249456
9.86,17.039118
41.244,38.85231
10.997,63.07854
7.947,23.032406
20.05,0.1999082
0.297,1.1060106
228.956,35.270943
9.157,4.0583715
0.89,8.197666
18.594,65.50244
0.78,179.5998
0.05,0.18671744
8.617,0.011094598
80.687,555.9842
8.887,35.82377
29.887,58.387684
79.32,1305.3546
9.58,28.4391
20.524,75.03585
9.75,20.90141
19.92,197.3263
191.203,331.3147
20.857,467.75073
1.203,0.0060333414
29.967,0.23517151
0.124,556.85077
10.357,62.370026
0.216,37.233704
0.22,57.1957
19.32,137.06493
0.534,0.20634957
20.106,6.319912
34.767,0.023498885
9.87,0.5289003
1.5329999999999997,0.03257777
8.39,16.047945
0.8760000000000001,57.1957
9.917,164.33507
8.82,2.187989
0.12299999999999998,70.62779
0.14,0.42527604
29.944,0.060506463
19.664,7.3970413
10.004,57.045704
30.886999999999997,554.49506
0.124,7.9298024
30.02,13.439481
0.453,3.5869722
1.5,681.09247
89.87,2.08475
29.28,64.1895
164.76299999999998,942.81616
11.103,3.6828904
360.92599999999993,59.18351
0.124,10.650612
92.85400000000001,377.86417
470.063,4.6809855
0.0,1.4589493
9.066,66.79126
19.324,1.9968158
0.487,105.16443
129.753,1161.2903
1.46,95.342094
829.333,1916.6885
0.204,27.753483
100.624,136.89635
19.836,1.4727141
9.563,0.017700842
16.947,35.030693
0.61,4.4974766
28.593,104.69474
0.45400000000000007,0.05535842
1980.517,29.297089
270.32,957.87256
19.98,0.5671329
201.034,41.767803
11.939999999999998,459.27197
0.424,20.340612
5320.157,2593.669
250.077,318.379
7.983,0.1451377
19.967,17.341057
3409.8,526.6993
280.703,345.97318
0.45400000000000007,167.6846
10.043,0.08622738
0.047,59.67401
19.58,319.33368
30.08,55.99971
8.867,15.701671
2241.0269999999996,5321.164
10.48,42.094654
121.026,531.0235
0.07599999999999998,2.0280817
0.127,107.21462
39.92699999999999,115.89752
159.957,494.88065
1119.52,210.87312
30.220000000000002,43.0304
0.14,101.36754
60.28,656.6386
19.88,62.370026
368.66599999999994,41.78284
0.327,295.6631
10.08,60.727573
21.21,73.17608
9.144,111.16248
60.1,1180.1532
39.99,80.126335
0.11,0.031236568
30.65,2.446178
8.793,77.66621
20.086,0.13555314
8.983,28.787949
8.024,4.6875772
9.336,38.918167
0.297,1.479942
289.836,581.26917
0.093,177.68819
8.94,0.38307297
99.64,112.96005
4205.757,459.27655
19.354,31.151794
0.313,27.413359
0.06,0.59912425
19.187,34.28976
10.13,85.22667
9.943,134.068
0.58,0.3258318
7.94,109.99714
9.344,8.053853
0.14,1.672717
0.0,453.3922
21.067,28.0394
0.327,92.89468
0.25,67.32741
10.239999999999998,82.80442
10.094,26.139183
10.85,27.272121
882.8799999999999,405.33368
0.153,21.577124
9.74,261.4696
38.577,93.10809
10.697,532.4667
0.33,1.2150892
619.997,89.31386
22.43,324.72693
20.087,1186.27
129.82,436.0516
8.937,102.46176
9.613,29.831772
40.034,487.8478
19.163,0.031546205
39.91,0.5195365
20.153,57.334335
0.44,0.028172398
0.11,0.047200564
0.0,0.0015281544
59.62,633.74866
0.12299999999999998,0.26793414
0.017,0.013456383
8.99,34.295185
415.1,802.3568
9.613,0.0010281053
8.837,1.3433161
39.56999999999999,212.36931
10.533,0.006041852
10.967,71.9196
0.216,1.6288596
9.454,15.818694
10.784,132.88873
26.81,151.78244
10.247,25.158981
29.11,68.02577
35.133,472.9588
19.724,19.701927
0.284,0.06770288
10.16,47.875908
397.557,1439.5359
2531.19,489.6946
10.966,100.155655
18.643,0.007825137
30.214,0.9014111
0.157,0.035358418
19.803,415.059
20.726,110.34525
58.877,112.5755
10.373,3.7160647
19.94,376.61902
9.057,50.902767
0.373,0.40905753
0.267,62.890812
21.323,32.718166
59.36,492.31412
30.513,682.1603
10.116,21.208885
150.103,177.55986
8.943,35.795162
80.767,3.3596938
11.204,76.27203
10.08,29.738127
21.663,110.11448
120.403,96.03541
10.633,60.94637
239.824,43.833374
9.923,47.69342
9.25,0.036227927
309.863,496.3782
8.59,0.00150953
9.99,0.007757233
69.88,204.00327
9.983,17.248426
0.203,0.101186186
9.807,0.043576363
119.783,716.6032
0.0,0.6336873
0.234,26.534698
159.39,132.09447
41.047,22.693495
19.507,484.27652
30.266,1.38866
1.19,10.1441965
19.716,35.153923
11.063,37.968597
0.093,32.115215
69.95,44.83781
10.223,30.545692
440.05,294.27597
8.81,120.60752
40.69,26.68103
20.364,0.31190827
100.17999999999999,345.35538
0.063,3.7381642
0.034,7.0707603
10.117,2.0857162
289.28399999999993,429.01633
0.943,0.12171066
9.57,92.367516
59.907,43.445183
0.013,59.7589
0.314,1.4083136
0.407,12.969101
19.077,51.818443
0.14,26.091
10.64,35.31857
8.76,0.22185624
340.287,610.94
40.504,0.95750344
29.756,0.13512218
0.6399999999999999,23.132599
10.22,3.3019295
9.283,27.819777
9.89,541.4519
10.016,148.70422
0.016,1.3385108
19.786,4.282912
8.82,5.2470913
11.116,1.1153166
8.617,31.136955
88.96,11.745853
0.973,6.592867
0.263,62.037388
0.803,92.68709
101.143,3.3573914
0.047,14.585188
0.343,29.889215
19.083,200.84402
10.707,105.92145
19.887,0.082444414
0.07999999999999999,5.232882
0.077,1.8763262
80.5,282.11566
0.07999999999999999,10.375705
11.62,7.7984605
41.103,22.914454
20.097,71.98932
19.91,539.6555
0.0,2.5439339
89.7,34.497433
70.097,2865.4678
769.016,1479.6034
210.006,100.109856
20.313,17.171677
18.614,60.442535
0.017,18.193295
10.46,178.33499
0.12299999999999998,1.9986428
9.82,24.395912
9.8,13.287439
9.94,0.0014688383
7.824,0.0009083354
8.564,142.69708
20.227000000000004,0.0054815933
0.173,57.706417
102.597,612.7858
49.5,1.2708927
59.937,365.12338
0.847,0.0062181735
0.313,22.061562
8.903,0.5175742
30.667,16.573204
0.0,3.960973
0.0,0.55077887
8.343,28.879307
19.046,190.16478
9.907,17.55518
0.36,87.2352
71.057,70.961
19.9,3.1548789
80.663,0.27732834
1010.803,987.47736
0.407,39.131485
0.5,102.99013
189.956,92.8143
8.267,17.680822
9.533,33.308723
540.327,277.9103
299.71,1099.452
0.093,0.86763287
20.287,113.26214
9.736,0.0005290709
11.193,81.20856
530.47,304.7189
0.704,0.29543966
8.907,13.507743
9.853,80.616104
19.533,15.542541
19.957,0.40905946
18.11,122.96124
8.853,179.28998
10.387,538.4401
19.953,0.0141350785
0.034,45.285767
149.82,0.061713494
10.07,25.16229
6.71,10.577782
18.953,2.364359
31.04,204.60349
0.314,13.483631
19.317,0.0005413603
50.446999999999996,8.185225
10.37,43.846043
10.087,88.64112
44.93,165.29243
7.58,3.8158274
0.047,7.694107
109.613,91.13186
0.437,40.3399
19.093,1.871053
339.787,295.7361
8.983,117.87342
0.207,27.664003
30.03,87.88146
20.043,0.006825961
0.204,1.451742
0.314,361.4589
6.733,0.17307259
10.9,0.37383217
10.010000000000002,77.54899
49.387,216.33408
430.527,63.886215
210.646,1077.6792
12.296,32.437153
419.72,725.59955
9.703,25.130753
39.86999999999999,18.925945
39.863,134.72142
10.06,4.5542917
0.673,17.502747
0.19,144.06587
9.754,216.21063
69.82,58.114624
10.343,0.004467488
18.784,0.031700317
0.39,25.051367
89.383,0.30452177
0.07999999999999999,1.3138485
199.254,63.1874
0.533,41.387634
59.894,518.2336
210.807,1786.9259
19.227,6.995126
40.33,0.35397187
0.174,8.080927
39.824,1.814223
0.664,2.8030877
10.04,0.049557928
19.484,0.4335757
1460.927,1524.5535
29.86,137.56349
9.27,0.35030702
10.15,202.65556
9.915999999999999,0.006421416
9.994,144.41148
80.053,64.73833
19.74,330.91412
220.497,1745.8494
20.317,0.06350608
198.473,113.15302
0.453,24.977324
9.397,0.28214458
59.32,244.79478
50.963,266.27753
1159.783,394.30505
20.113,27.483328
179.716,560.15216
31.23,26.711992
19.743,32.77449
29.593,72.17076
9.497,0.05693855
0.077,58.120075
10.04,0.12883668
171.18,67.94862
1.034,0.9790687
20.607,431.53824
9.657,33.631573
8.404,74.870445
19.467,26.534698
20.586,30.121078
29.697,20.10697
39.38,18.107645
0.657,79.3806
169.713,371.3871
8.97,75.44096
0.126,4.9443135
18.843,427.4897
10.97,138.41333
1.11,21.706131
0.813,18.476137
9.816,647.52203
4886.05,1569.1848
9.443,0.08058807
10.036,2.188747
10.073,4.8388066
9.997,21.103146
30.543,25.645603
0.25,34.590076
9.857,61.187405
199.797,540.84357
38.57399999999999,0.066303745
0.173,0.45681542
0.55,1.2184857
0.75,0.39349723
0.173,12.909925
30.346,0.54709345
0.017,7.4734488
40.236,42.16332
1.173,111.70585
69.687,105.490875
0.377,0.16901003
11.884000000000002,36.80391
29.71,0.10494899
149.69,211.4636
19.023,15.9901495
4479.253,3851.2266
9.96,0.46793208
9.933,75.67984
5321.04,132.32063
0.407,0.08439284
99.786,46.358818
19.244,86.57718
10.68,1.0315568
119.217,274.20203
0.83,7.554881
20.2,67.35725
30.8,2196.7993
19.967,62.110283
30.067,5.4470596
16.83,2.2943993
240.073,338.97073
59.91,19.691887
140.113,49.44424
9.539999999999997,213.1341
20.0,391.30548
8.623,0.013456383
9.673,0.02158678
0.097,190.82332
39.95,398.22757
99.75,127.7891
6.567,47.814987
29.466,1.6717205
19.857,45.88194
439.797,879.7386
20.027,2479.2017
32.023,24.814137
8.827,550.5867
350.473,1157.2819
100.22,9.530938
10.88,13.206537
0.61,161.978
11.560000000000002,0.22694719
0.11,33.018326
19.250000000000004,197.40987
0.05,6.8487115
111.18,183.28366
28.735999999999997,15.246507
9.964,88.15771
10.27,30.829132
0.046,71.24031
9.957,59.955196
0.72,346.81567
99.873,137.27386
2230.446,2783.2
7.129999999999999,80.55135
9.464,102.33327
50.703,267.77023
69.91,16.99171
19.667,8.625531
19.894,40.39764
14.216,1226.9692
0.12299999999999998,1.0879536
150.11,701.2447
10.496,1.6300112
0.284,19.968891
9.813000000000002,19.639923
31.417,51.600826
40.137,123.93436
0.11,18.921358
9.107,0.14203218
29.496,0.02247454
0.25,0.0143505
0.207,1.0952438
19.84,21.847172
19.97,115.533485
19.587,8.741578
0.25,0.0036193382
9.153,0.75068045
0.47,0.4205248
0.457,0.03190847
10.73,30.65813
99.003,163.60648
10.09,0.0848246
1.5059999999999998,0.19762032
39.407,22.011984
20.55,10.964934
69.957,0.22035743
10.323,192.74736
0.017,43.75485
0.406,40.807247
29.004,63.960125
2180.107,965.9807
18.803,18.361185
0.67,34.915524
9.98,4.751539
0.14,35.23881
19.687,24.158255
19.763,24.233774
0.077,10.228007
489.99,432.89966
20.04,34.69107
150.177,154.50175
0.187,21.027475
1.63,171.1683
19.596,49.098473
18.227,265.56934
9.61,91.421165
119.976,323.38263
10.797,33.678886
0.174,48.621452
59.673,16.784657
40.187,65.20301
410.173,560.90125
0.39,78.39872
9.723,12.087376
62.13,27.394766
21.05,66.96843
8.843,95.342094
0.12299999999999998,64.63257
20.33,55.28984
0.28,43.219273
0.42,30.710623
0.127,9.44601
2.157,3.0089087
9.01,41.24878
0.11,1.33055
8.613,88.073
19.14,148.72653
10.597000000000001,0.15154247
161.234,1161.1259
0.063,1.2479383
9.81,0.5436173
0.093,11.365469
0.187,80.79694
19.317,258.49652
33.544,0.7447925
0.484,10.53735
0.287,1.780423
0.313,0.11282782
20.432999999999996,0.23758242
0.126,10.638009
790.05,2290.6414
29.966,5.510948
50.0,197.55135
28.987,20.484291
10.094,29.529623
19.747,87.9385
18.877,1194.1345
0.12299999999999998,29.373432
50.11,35.489418
0.03,110.34236
19.463,141.42433
0.157,169.65314
249.15,154.58676
9.894,20.571964
0.377,101.17181
8.906,0.001253437
0.157,76.7237
19.677,40.11492
19.05,103.500694
10.97,0.08486263
110.153,69.71924
9.904,114.92896
0.046,31.592867
9.68,62.72415
59.47,189.81084
0.47,31.194149
10.037,2.1792495
3.843,0.1516366
109.16,46.205105
10.2,0.033987686
0.063,77.146645
39.957,161.28983
6.477,3.0701075
41.566,364.2057
19.014,17.56507
0.014,1.35208
9.906,0.057705894
80.17299999999999,22.267641
0.047,61.86909
0.69,4.405743
81.95,44.366573
0.14,86.95175
10.586,1.3754567
0.39,0.67342764
0.186,0.037346818
10.714,22.364828
10.004,13.54679
0.3,0.0039793435
10.010000000000002,20.923147
0.046,0.011380391
0.05,0.99550354
59.797,2063.3865
59.81,526.55835
0.343,0.3772099
0.377,2.6668215
39.723,28.215118
9.913,0.3558483
22.949999999999996,85.33113
0.016,31.704792
19.857,31.600996
9.603,0.011094598
0.25,2.3548229
10.14,0.01803841
19.963,8.642218
9.65,62.425953
59.95,59.19093
181.157,422.40933
0.126,1.375521
0.11,0.17314225
9.954,80.04516
9.92,0.001205745
50.217,207.61787
0.093,4.404769
339.756,454.11337
30.09,135.45697
0.593,56.74326
18.657,13.870246
50.04,8.281576
899.964,107.49251
9.836,0.038930397
0.533,12.565904
8789.646,1832.5786
9.687,41.570076
320.12999999999994,252.58516
19.197,39.851353
9.43,6.9708242
33.66,378.35782
11.216999999999999,26.016464
50.04,10.586267
89.703,434.04202
10.093,1.3953595
9.217,4.3756824
19.536,4.2088795
20.553,17.389921
10.117,3.4529207
38.174,482.83902
20.696,97.32435
239.173,460.69946
329.877,272.55133
0.097,4.3604865
10.26,150.03171
0.203,54.616405
17.934,26.402805
20.15,9.249041
0.423,20.589993
9.044,11.317203
0.297,23.956186
0.15999999999999998,13.213443
0.847,52.329388
8.33,0.05126896
10.239999999999998,32.945908
0.046,87.1722
2302.08,1062.5936
20.273,189.34723
1.616,185.28363
1.19,0.79815584
19.94,468.63223
0.093,0.81464005
10.227,1.7686973
9.403,364.40152
0.03,1.8772533
10.134,100.61943
9.72,0.35635158
0.14399999999999996,29.232336
119.86599999999999,84.94008
39.92699999999999,0.30253577
29.417,0.08809634
0.064,0.47517213
0.063,0.0018784007
40.093,0.20277086
19.367,0.033146292
19.59,3.0850463
20.053,116.355835
0.673,21.706131
16.813,33.066525
10.27,38.712196
30.070000000000004,0.059292495
10.243,0.20342727
750.44,336.44757
19.93,0.6125848
19.89,0.3495585
20.577,313.75488
0.44,1.2706686
9.847,0.003521766
10.183,1.020074
9.827000000000002,0.890231
25.04,19.538126
9.6,95.20943
0.186,190.16478
1990.987,244.89381
479.623,399.33768
0.094,30.70691
9.684,1.1687655
8.676,32.920788
0.127,15.178697
0.064,0.42666453
6.667,2.6534665
9.577,0.013079143
10.18,1.2945288
20.434,0.42304236
190.527,0.35593587
20.82,232.8357
8.933,1.8879892
0.083,0.033381384
0.5,2.2856705
10.45,66.02496
160.587,347.58624
0.817,6.922116
8.123,74.48985
0.314,0.34277466
39.69,88.30913
89.293,426.61188
10.05,0.0011636637
18.757,417.00037
19.747,0.6183026
9.763,0.2672431
180.23,134.44026
6.596,38.04282
1.11,75.987854
0.11,387.8422
20.08,124.09983
720.017,57.496117
30.583,88.31485
19.726,34.01398
19.97,1.4071214
19.913,65.27231
1.283,21.665703
12.004,41.279774
29.697,38.376083
0.266,0.032070287
9.426,66.02496
20.267,0.98568374
50.097,19.760662
0.297,3.5432537
340.887,331.19287
9.446,237.83661
0.317,22.529184
11.207,77.1806
10.31,34.246536
2299.227,715.0025
30.75,8.170059
19.93,122.25736
10.097,0.850279
0.6129999999999999,105.490974
10.56,2.6450813
1009.1429999999999,1145.5514
120.537,36.8217
0.923,0.23758242
174.58,347.9207
0.343,54.07581
220.433,458.77203
1079.8,82.39302
10.236,1.2023271
17.953,157.03548
359.13,36.654194
0.127,21.25869
9.84,0.5664437
9.627,1.5691606
11.78,0.0886324
18.5,2.372567
17.964,23.698368
19.400000000000002,0.48594242
19.967,26.604328
158.866,474.22195
0.27,0.012493661
29.933,311.8657
120.54,111.02013
19.72,0.36918074
18.197,71.21676
0.19,32.179646
20.064,160.45345
0.093,5.65017
1.02,17.804306
20.183,43.751514
1.3170000000000002,16.05917
0.013,2.088214
0.923,23.02538
13.217,36.431355
70.36,16.898872
4.94,14.674928
70.20000000000002,79.537224
58.877,120.01303
20.464,18.167751
20.133,78.60684
0.017,1.314712
0.173,18.943613
1.27,0.74592626
9.43,0.14372626
19.58,3.3898957
0.45400000000000007,36.542255
10.094,30.390907
70.523,0.3232786
0.797,22.151333
19.563,80.96101
98.796,42.494987
10.796,34.81837
10.747,988.86475
30.323,248.25883
1141.946,578.16266
0.44,52.912678
9.337,15.313702
20.113999999999997,1228.0444
0.237,0.973645
0.673,0.11837431
239.853,1.6972013
10.58,52.28209
10.239999999999998,19.033731
0.093,0.16493316
0.107,1.002631
10.734,143.03752
18.98,14.82718
19.783,79.97161
20.09,132.14218
19.95,15.098612
0.313,0.023756593
11.136999999999999,13.626694
150.42,1226.3016
0.873,30.138733
0.343,0.03372418
0.33,106.52676
9.37,83.40956
0.17,28.99596
0.25,110.86471
43.566,0.91270983
20.083,190.23157
9.057,0.017150123
0.017,0.027682588
10.5,25.924522
19.187,477.35663
41.17,51.11147
4.323,96.63194
510.826,285.27295
10.04,7.431809
10.19,0.010098128
1.8129999999999997,96.0053
10.123,52.540928
9.863,5.014163
0.263,0.8343791
9.774,38.124935
20.137,0.122027144
378.46,531.5923
10.11,16.888357
436.88999999999993,515.71124
2959.216,1686.7992
19.55,9.370375
9.63,0.45974103
359.563,112.43379
49.614,17.670292
20.42,51.35348
79.203,391.97632
110.104,313.30948
1034.127,551.3119
5.38,64.75209
9.613,1.8210492
9.483,2.229465
10.027,26.090828
59.234,176.82935
40.08,18.831385
8.826,58.297626
10.192999999999998,2.749759
2.44,0.7602304
3.377,803.0404
9.927,66.82147
10.763,83.45588
9.734,0.14306806
19.357,14.995625
18.95,59.221
0.6770000000000002,17.40902
69.11,0.2032219
9.974,39.212574
140.187,408.56488
8.754,21.706131
260.007,430.25095
700.37,368.1108
0.063,0.0057456684
9.976999999999999,1.1569772
69.876,314.6911
19.593,1062.3828
9.366,6.488799
0.356,1.5238984
8.803,97.32054
9.557,47.875908
19.453,117.57123
9.12,65.558304
0.203,0.12798776
11.014,73.58189
26723.2,284.87283
0.013,1.8164512
9.247,0.07098655
0.017,0.45856184
19.986,74.080795
112.87,7.2604065
0.92,13.127994
0.11,1.8424491
0.063,46.845623
10.320000000000002,0.008084761
0.75,70.66283
9.04,10.323535
20.314,2.554857
19.76,27.433693
19.96,0.00050804514
29.164,79.25784
39.787,664.2146
19.613,6.183376
120.77,459.34094
160.98,1527.5382
10.55,0.31521374
9.373,0.86243564
9.543,0.060604062
10.003,2.3916523
9.73,39.855034
10.247,86.42593
0.783,30.138733
0.514,0.0017296484
10.167,5.1127377
70.35,37.133133
10.31,0.45681542
20.0,110.81276
32.2,2227.918
9.186,91.421165
114.9,34.20788
30.2,303.85156
0.07999999999999999,3.7099788
0.174,0.0027538878
9.823,102.698105
9.342999999999998,67.51304
89.86699999999999,731.13586
0.17,143.03752
8.443,2.558948
0.03,0.015304037
0.077,7.7796264
39.694,174.48949
479.143,98.4272
10.04,0.6704736
19.943,123.93902
0.393,0.23596925
20.367,150.37349
9.953,2.291279
8356.85,5609.702
19.57,83.83638
19.21,55.964684
19.37,0.6425475
19.903,0.88911337
9.61,17.246199
79.253,178.63554
19.437,551.02985
8.644,50.846485
9.013,0.0014688383
0.07999999999999999,2.6771946
2930.186,1141.2231
9.093999999999998,1.7068638
18.266,174.36311
1.483,30.964422
18.397,1.241905
42.213,445.8497
10.83,62.240974
9.563,7.5170646
9.823,2.7826285
29.883,7.6270485
9.827000000000002,3.1603527
30.43,480.59088
10.13,468.261
116.67,810.36444
0.374,32.946747
9.867,0.07430554
11.747,31.12684
30.663,285.85403
189.57,951.90515
8.603,46.510773
102.02000000000001,154.64197
7.107,32.816547
630.186,322.0176
0.25,8.1029625
0.043,1.8212541
0.39,0.06456597
59.11,29.941998
160.6,625.195
0.31,0.52861744
10.073,39.797935
19.0,32.92645
139.203,159.34674
2.047,266.05853
9.846,0.006900327
150.04,183.36266
0.423,68.76773
259.996,1003.0501
0.483,2.906988
8.96,0.05288179
10.216,402.41666
1.047,59.027752
7.727,0.74592626
0.017,0.2513448
9.06,0.13249645
0.203,0.7482719
2.4,137.39891
9.913,52.67082
1.02,2.7035246
10.22,88.450584
110.007,320.27356
8.477,97.50311
0.313,15.405996
19.662999999999997,24.785685
10.403,0.19421612
49.22,22.7252
50.487,566.14905
69.836,426.63904
8.7,531.3339
0.063,0.010403327
100.06399999999998,264.1196
21.196,53.308086
9.554,0.6300105
18.784,74.54198
18.937,197.26688
210.85,1.3590412
39.483,1.2347944
67.984,217.18436
9.77,97.56225
9.91,66.6708
10.883,53.584106
1.25,34.79449
10.83,66.48887
11.097,44.6592
20.84,178.46906
0.127,91.17339
199.303,219.5822
511.333,0.008271743
20.136,115.675415
10.277,15.76796
100.26,338.73978
1.17,117.5105
9.94,126.43871
20.844,595.0612
0.013,31.521755
0.6399999999999999,32.1152
0.567,0.001253437
9.074,0.5303181
110.827,618.8377
47.266,85.682884
729.183,244.58783
9.71,75.642876
50.74,106.21795
101.517,46.448486
240.037,10.784365
0.05,324.59506
0.22,2.6668215
6.18,18.57544
72.703,956.05975
0.436,7.9212785
30.617,29.316166
30.663,462.4702
20.073,60.51323
9.01,28.560534
0.14,3.6439743
20.117,687.08435
8.283,14.709698
31.412999999999997,897.373
9.883000000000001,0.4653075
19.054,53.787395
19.96,29.207027
9.64,27.30368
8.87,64.98576
40.064,5.929412
9.12,0.02819831
19.756999999999998,222.25539
29.163,134.65495
10.11,2.359474
9.877,6.613689
9.966,0.58055854
150.533,436.82022
0.863,24.853521
8.59,0.067625836
10.083,1.3385108
150.24,7.1918726
9.757,33.558815
646.627,810.34924
19.197,21.140833
19.28,20.707521
19.54,1.3755682
0.12299999999999998,65.67954
0.686,3.731408
10.45,45.295597
9.603,73.58189
19.826,0.53849155
20.287,549.6899
8.36,28.528885
10.167,410.64902
77.847,93.10697
0.45400000000000007,13.003808
0.097,3.7839732
9.353,19.380205
54.29,992.298
10.09,0.12899517
19.363,14.879083
1.204,0.17214781
18.68,114.67352
0.033,0.2672431
0.96,1.183791
9.717,18.622808
210.113,2.1974132
19.946,8.837879
0.2,43.473682
80.337,94.22238
0.013,8.243526
0.703,621.27576
9.52,11.890044
6.777,239.79106
10.327,30.556608
10.153,0.031189477
1805.137,326.0631
20.85,157.81944
709.993,1066.0684
19.066,1.4972062
0.034,1.7640564
1.69,0.0019304424
10.107,0.0011474662
0.297,34.313473
10.35,58.912678
1.0,77.9483
9.763,0.009755143
9.857,199.79683
165.384,12.005917
0.7630000000000001,2.1607459
9.5,21.96257
0.314,2.0415754
329.987,298.44095
18.823,116.59715
0.42,1.0014948
10.833,21.736944
20.073,26.928408
228.967,63.813484
0.25,0.102925204
29.527,195.46463
22.853,140.92354
1189.576,3.6954246
69.247,190.57753
29.336999999999996,35.0103
10198.467,8812.006
8.686,42.718555
10.267,14.209452
21.197,296.9004
0.627,126.04278
0.326,27.23514
7.023,135.56175
7.953,0.6917431
78.567,231.62534
0.25,0.054594576
0.39,3.562181
8.387,0.42077512
9.547,3.171167
30.747,121.625755
19.83,0.0009544707
21.01,16.088043
16.11,96.137794
10.407,80.55973
19.786,0.11013023
30.014,21.049538
10.014,4.561228
270.096,471.3863
170.33,295.35794
9.96,31.136955
19.556,26.36774
50.293,337.7249
0.827,16.755777
69.97,1.2536064
89.054,279.37994
21.807,145.06583
20.093,10.048219
8.976,0.0004779456
25.973,287.0027
6.134,0.23287033
39.233,47.2741
26.736000000000004,0.7447925
0.41,0.89090705
0.313,70.13376
10.036,1.5608712
9.57,330.4297
0.126,54.067696
1.847,60.910324
20.12,0.03838555
10.383,0.0024021717
9.086,21.598398
10.0,80.59297
409.693,606.1546
9.247,33.153595
8.43,0.37292558
78.947,13.1072855
0.343,0.6978608
9.117,0.40719235
19.44,373.7955
9.707,0.476514
17.826,133.14763
60.290000000000006,61.731792
51.073,229.75658
11.003,71.41359
10.743,91.0212
11.176,66.25174
39.933,6.6046333
10.047,0.2856186
7.62,0.13113366
0.86,0.53995043
20.157,327.3339
9.067,38.932587
90.23,0.65143156
7.507,0.36535951
20.007,20.588125
9.160000000000002,65.6327
90.047,89.15275
2838.536,1440.086
380.004,4.750139
0.736,0.040145732
10.866,1.869942
19.76,1.8232993
0.45400000000000007,39.327797
9.71,38.87125
50.4,111.55532
18.64,0.14047322
19.523,120.14964
23.057,600.0018
0.217,0.14681658
10.077,0.006769244
18.863,23.653502
58.29,541.0439
1.203,33.981686
70.533,295.45917
20.093,312.37393
1118.81,1734.8481
19.484,95.20217
10.433,142.54391
10.093,107.694305
0.186,15.909173
19.537,238.66513
0.063,1.5239929
10.093,72.55825
38.88,388.90094
19.917000000000005,354.17896
9.73,26.331268
40.656,21.828365
11.117,1.0640653
8.753,18.37719
8.307,0.00108032
440.763,366.7218
19.97,18.27825
109.704,45.745674
20.46,554.2397
1289.16,1925.2706
0.86,58.087658
8.846,19.183739
0.12299999999999998,31.563547
10.29,0.016877808
9.947,83.94856
10.123,262.6697
190.38700000000003,67.221825
9.66,18.434856
0.17,0.1999082
31.316,45.326393
8.497,148.70422
0.97,52.844193
1070.687,110.77189
39.576,66.89347
0.093,1.9638699
400.28700000000003,299.32245
49.843,0.048275396
0.077,0.13266486
450.284,510.4169
20.37,0.19511767
129.96,197.1517
9.78,35.36873
0.393,0.0450543
0.406,26.25635
9.647,0.18671744
1468.543,380.88144
2069.32,458.41223
19.859999999999996,127.16241
51.397,37.666935
220.11999999999998,9.840771
19.77,15.115215
9.42,15.4424305
0.19,1.4985392
19.576,1.0834922
0.97,64.001045
19.22,75.49584
19.963,19.918427
29.593,66.32843
29.804,0.058057074
19.987,31.459362
12.813,147.12401
39.657,481.14005
10.427,92.95186
9.27,58.128574
1.187,64.55561
11.016,76.817764
0.237,15.994713
10.597000000000001,99.45953
30.173000000000002,22.489033
20.282999999999998,26.626253
0.093,8.990245
0.157,0.0016873268
151.683,317.3923
0.0,15.901926
0.737,81.513725
0.03,0.05072968
0.283,15.335017
19.46,8.308365
10.207,1.1451232
16.584,150.26505
0.033,1.9793514
577.003,464.60458
20.257,135.01268
9.56,41.832104
10.12,8.386495
5.783,84.75134
77.593,121.80081
9.217,132.5363
11.227,142.27124
20.723,0.8626849
9.68,2.586203
9.966,57.351498
1760.083,1829.4343
0.127,5.8021173
10.779999999999998,22.986517
10.896,9.44601
59.646,35.290314
0.046,0.004628546
0.343,1.8164512
30.397,71.3206
0.064,2.2346244
0.094,0.030372573
10.117,64.89211
202.88,362.76138
19.094,0.010098128
0.07999999999999999,1.7036519
77.553,1337.5905
0.687,43.219273
21.103,57.867874
160.223,2.146059
59.3,51.771496
9.15,0.9360891
8.337,22.985727
11.827,67.77674
0.063,0.037015703
20.11,3.8911874
29.156,27.123768
589.47,964.2339
9.037,138.8115
6.66,40.52547
0.187,3.8304172
1.237,0.047200564
69.47,73.70132
0.67,1.5538095
0.507,0.059729785
0.013,1.7640564
30.03,0.35505408
0.877,0.09480741
20.263,50.732643
19.57,89.83154
1.47,19.538137
7.88,0.40241435
0.33,0.22045642
9.307,2.188749
0.064,52.844193
0.22,0.4349369
0.077,1.5715312
8.6,33.44604
592.6429999999999,228.49854
9.887,5.634531
9.023,37.842327
80.583,228.35248
10.383,65.995865
30.267000000000003,0.14213718
8.287,128.50908
19.239999999999995,0.048277523
9.217,0.18288088
220.58,117.34208
0.377,0.5841512
120.016,484.19794
98.483,0.42085418
0.173,26.752165
39.764,1018.65625
28.953,0.8238331
1636.373,1559.6498
10.056999999999999,7.2307343
108.897,117.05685
50.044,0.3393494
0.177,0.36478296
10.2,3.644986
139.44300000000004,7.2516685
0.06,8.86289
20.067000000000004,36.85603
18.159999999999997,135.585
306.74,105.229706
0.627,0.06932628
669.596,1398.2543
0.563,33.938232
20.327,7.9302945
8.476,18.48432
9.43,0.2659452
0.8,0.4454545
20.56,107.90672
0.093,1.9424336
583.42,560.7298
19.66,33.641083
0.846,25.650587
0.707,0.70479596
0.07999999999999999,0.17912301
8.9,124.28814
0.126,1.1755799
1.79,0.37178144
9.75,71.734955
1659.513,562.5562
0.156,1.3896469
859.0600000000001,1846.6803
619.82,200.04918
27.97,105.12204
0.17,11.132456
41.523,598.82684
9.903,15.4701395
4145.96,1430.3259
20.243,0.0042855
8.68,9.591585
0.9570000000000001,22.623795
9.915999999999999,62.691772
10.543,27.115974
119.897,264.70502
60.584,0.92835826
20.086,0.6997541
952.18,862.84515
19.693,40.72776
10.793,0.48260337
9.98,27.488777
39.776,87.97602
37.797,81.157295
19.512999999999998,91.8572
0.373,25.572931
10.484,13.34746
29.759999999999998,519.5546
10.25,14.502605
19.547,84.68739
9.82,0.36901703
0.016,0.7755306
28.584,0.039586104
250.416,351.05124
110.097,45.087738
0.093,2.1257417
0.153,48.507393
10.46,116.944885
9.947,72.678474
48.78,924.55676
0.12299999999999998,4.9709516
0.234,0.0018174961
19.34,61.7668
9.897,0.35635158
9.619999999999997,0.08897011
49.227,209.68071
80.02,142.50986
24.963,11.263706
9.664,1.4056731
8.07,0.44724318
55.203,199.30386
10.093,0.35962006
0.03,43.9613
8.527,72.24493
24.67,114.21515
19.58,74.62752
84.01,139.1982
0.063,22.47889
0.14,0.0012227675
159.737,55.805714
10.153,57.13887
0.733,1.3796117
0.326,1.9968158
39.327,1.7474738
28.177,79.3806
19.953,324.2794
29.343,96.0053
10.286,135.30692
19.537,12.349633
8.17,118.95701
1.157,29.84226
109.947,637.96277
30.704,181.6669
0.124,1.7547982
0.237,0.08778721
20.156,28.26714
550.017,732.2614
180.14,31.150679
209.367,673.7539
0.0,100.07173
9.657,20.02556
71.517,521.0571
9.824,104.03328
29.823,637.20856
0.393,0.39821306
209.046,64.31409
219.923,821.1101
8.593,11.601533
29.557,94.94526
211.03,24.891798
0.216,15.4424305
0.94,41.76589
90.163,0.07165583
0.127,0.16654347
20.286,96.26909
20.629999999999995,39.285248
180.56,472.8851
29.914,74.40951
0.07599999999999998,0.11066444
20.020000000000003,192.54918
0.077,1.546364
9.49,2.133703
9.047,15.901926
0.03,24.38415
0.44,15.994713
190.903,16.038311
0.75,1.499517
0.033,0.046785038
10.024000000000001,1.869942
10.47,171.63763
49.233,80.65909
30.63,219.31505
1280.014,756.3863
0.5,134.89868
0.364,13.281899
11.473,117.24135
289.97,450.51404
8.616,60.930447
19.9,171.1324
0.033,1.6621095
98.893,8.194469
9.11,5.9904795
10.8,1.4882312
1288.31,2674.9792
9.45,3.0148628
9.356,8.534466
0.407,26.885803
10.206,33.650784
10.197,24.165335
0.25,0.04981352
0.6399999999999999,70.23684
29.74,0.08802907
39.56,76.01343
20.004,32.30325
9.837,1.2717888
11.047,343.15018
0.157,0.025118202
0.017,1.1959586
10.97,43.512833
8.213,1007.1593
8.994,101.18061
20.78,19.86261
19.483,150.14316
9.743,15.313715
0.077,80.76651
12.827,222.58328
9.523,98.738556
84.686,2.9270184
0.204,0.18886417
1.25,0.033353034
0.627,0.6303716
20.544,2.3272574
129.367,143.25864
9.86,66.70029
0.127,18.758614
1810.8,354.87064
180.38,2.1786745
9.35,10.223375
10.786,202.16011
7.506,0.049601104
0.953,1.3433161
0.157,0.010074023
41.35,632.4096
0.28,0.35635158
0.373,137.39891
20.657,60.83961
11.177,81.72701
20.463,33.44277
129.764,1291.6272
669.146,642.2707
10.107,6.4004593
0.22,0.03583863
109.933,566.8699
0.597,412.34766
19.326,227.26038
10.197,142.14238
279.167,1942.6285
30.006,0.06458322
11.704,29.767824
0.017,145.52716
19.733,111.44305
6.47,11.905697
10.857,68.76773
11.304,18.15148
41.007,29.934921
9.997,218.59303
23.01,60.0179
50.044,0.13127154
8.346,1.6637573
1.613,1.8212541
0.266,25.574873
10.654,3.0067062
0.39,0.6430795
0.25,584.9308
29.837,1.1827732
29.107,181.37997
9.776,0.005577243
10.497,173.4483
10.237,3.5297747
10.497,5.508605
129.74,202.34134
1251.873,577.55115
10.537,0.5975288
9.193,32.470547
18.003,98.116356
50.18,56.28909
20.064,0.91049206
59.87,50.1003
48.93,68.652466
0.03,36.779106
9.15,5.035183
119.90600000000002,223.44293
30.220000000000002,157.37349
30.593,348.53036
0.203,4.755492
20.047,152.21405
0.187,214.42061
8.57,1.7827574
100.12,609.1685
0.016,164.93546
20.08,16.691496
0.373,51.972313
19.9,97.34058
18.46,132.693
409.61,1537.3784
39.486,196.98337
29.493,11.24227
15.25,33.229984
0.607,0.22848733
180.627,61.32901
0.106,47.45816
1.186,2.332678
20.023,10.825146
50.93,79.10447
30.313,43.13392
9.683,3.6164718
0.047,183.1878
0.03,1.5370091
130.137,577.7401
19.47,0.03528607
599.877,224.94855
9.48,4.404769
9.652999999999999,31.136007
219.293,0.86330706
20.640000000000004,234.62042
0.22,26.68103
38.297,32.4427
9.84,19.183739
119.907,1593.2181
20.237,630.1278
30.313,45.208076
268.84,174.17177
119.92,1729.0833
0.157,1.0350372
9.803,351.293
9.91,27.272085
28.633000000000003,136.69101
9.57,207.9099
18.546,67.983665
9.066,0.055021934
19.617,0.29694775
9.603,0.08631831
69.527,116.41121
510.5230000000001,459.01617
0.0,1.8585588
39.307,92.09954
0.157,20.490652
18.9,45.758854
8.997,0.0011928487
240.293,51.883053
9.577,12.616848
30.247,106.48077
0.047,2.7328277
69.8,1278.5366
9.334,13.742281
9.183,30.122627
111.95,337.04974
0.3,1.7186629
0.156,1.5682642
10.143,1.2945288
0.14399999999999996,1.0275294
0.203,6.8015704
230.427,438.25424
27.39,448.9639
9.726,210.65872
9.06,0.01717926
0.094,50.11237
70.44300000000001,307.17215
0.14,0.013030451
9.976999999999999,37.879375
0.046,35.970814
10.710000000000003,0.17859748
9.64,36.753765
0.06,154.89276
0.143,15.701671
0.36,2.291279
0.03,0.097288005
99.78,38.791748
31.41,85.78061
0.11,28.547962
0.017,0.055583622
9.747000000000002,31.094917
9.617,0.055583622
0.266,0.19595194
21.027,0.012391766
89.813,168.06859
9.514,1.2184857
10.192999999999998,72.70289
9.287000000000003,407.4565
0.0,0.10020782
10.613,38.36215
29.75,3.921572
3.4700000000000006,13.730255
10.12,59.538403
0.097,0.015088914
3005.723,1641.1328
19.547,0.031805363
1.08,195.9325
9.63,23.24027
19.64,0.23924537
9.356999999999998,1.2965488
10.053,198.6488
10.629999999999999,232.31926
0.85,1.4972062
0.874,20.399662
19.767,91.09547
10.11,11.155842
39.673,191.41705
0.204,0.13385972
1.14,128.78725
23.6,0.85094655
20.27,193.04713
19.416,74.48068
19.677,23.97375
0.867,0.48824787
0.014,0.013456383
0.203,62.037388
0.817,1.3796117
199.377,1.6590517
0.017,7.2041574
8.984,20.785454
17039.653,7405.966
1503.283,1528.435
89.397,105.309616
10.083,0.88190013
0.22,365.55438
30.14,64.63712
9.793,6.3376718
0.017,22.243261
0.313,59.35678
19.656,0.046970252
0.173,2.0328836
0.0,36.660637
9.929999999999998,1.3957962
0.207,1.0834922
6.693,30.8025
1.14,36.5268
9.303,6.7821217
19.98,49.562187
260.267,558.3164
9.18,1.8210492
36.297,38.12589
9.14,94.49383
7421.753,737.2797
10.400000000000002,74.96201
150.247,593.87823
1.084,0.18542153
9.947,3.4583554
9.927,15.161262
832.713,1325.7941
1.707,0.17465773
469.86299999999994,352.72937
12.023,0.0038934697
18.987,31.576391
19.897,0.78235424
0.83,17.729782
19.56,0.004978237
60.077,0.028328227
9.843,0.20592907
9.946,14.017233
258.51,505.0953
0.016,101.74366
0.267,42.788918
9.903,0.91478974
19.304,91.7285
9.356999999999998,14.987436
12.543,117.74783
9.27,5.8045425
246.99,985.935
0.187,0.86763287
0.407,1.5017608
109.86,550.1719
50.257,92.84071
18.394,28.074642
29.587,35.48671
69.307,0.10149284
69.447,0.8503462
0.25,0.729547
20.376,927.449
459.82,477.58237
0.03,2.8197038
19.26,33.847816
9.88,0.3026619
9.954,1.3600861
0.204,28.457531
8.5,43.06353
1.033,191.97409
0.373,72.50734
10.06,97.50311
11.397,0.27498648
19.37,5.6522985
24.307,90.1783
31.167,286.46762
0.66,0.2575011
829.117,435.98816
3412.976,5234.7188
9.986,61.635403
19.870000000000005,732.4011
10.063,0.028172398
0.07999999999999999,35.99315
19.99,84.633224
0.017,0.20096333
0.033,3.1565013
0.907,34.746704
50.074,82.13338
210.926,402.1003
2301.227,831.68365
29.58,64.11566
9.893,63.82324
8.653,0.0075418707
19.406,2.1489427
5.22,0.21110705
431.183,345.2593
179.397,592.55676
30.15,217.18188
0.656,101.764854
0.017,4.2909403
0.42,9.088563
139.993,1.8066542
0.143,29.395285
30.716,502.28662
20.526999999999997,62.52497
19.084,0.12391593
9.3,38.56811
9.976,68.823715
30.367,1136.8131
9.537,80.64092
19.36,198.6488
20.78,9.370375
20.76,113.43121
10.17,6.928885
11.136,1.4031323
0.973,74.63919
9.104,38.751987
13.32,21.67482
0.593,35.052864
0.093,0.0011928487
21.85,0.0086066015
1.267,96.37463
0.5,37.724552
49.343,22.011763
30.46,70.3627
0.953,2.4320927
29.18,29.053885
0.233,85.35759
4594.804,793.6429
20.774,33.129784
19.883,0.04018323
3957.02,1898.1687
0.093,12.747884
8.557,62.425953
0.72,127.21693
0.12299999999999998,15.918274
10.433,92.89277
17.28,0.5014848
59.973,7.0707603
20.174,48.336025
9.863,42.95306
19.079999999999995,0.27591717
18.853,0.0369982
1180.183,1921.7611
8.077,2.906988
10.177,203.24048
199.08,528.97754
8.94,348.60306
0.267,59.03053
0.204,20.547705
9.347,0.29644808
0.12299999999999998,2.1000342
41.957,448.1394
19.36,125.19239
1.04,1.4868679
10.543,29.969412
0.267,19.405397
0.186,23.435675
50.38999999999999,69.49374
9.613,0.034474578
8.517,16.5965
30.19,0.031236568
50.253,23.27234
651.87,1719.092
9.88,0.038486503
30.503,283.608
8.22,34.017532
0.8760000000000001,32.669327
7.956,35.407806
0.33,14.24828
10.373,7.6434135
0.093,56.82376
9.96,8.625226
19.796,29.316166
18.732999999999997,24.334354
7.709999999999999,105.585236
39.737,0.030011337
41.176,71.0657
20.1,0.43081412
40.59,29.244818
0.064,2.3942726
9.017,96.46349
9.92,18.777586
0.893,1.7419766
0.064,0.29417396
9.087,1.2009438
0.093,1.0207756
9.787,3.5797791
40.21,5.896739
30.067,8.040004
10.793,21.75785
8.377,13.730255
19.126,36.058704
19.277,74.35956
9.307,59.5158
70.303,286.6159
0.03,1.0522429
21.21,195.005
0.237,0.39766654
9.72,30.278309
10.053,7.7780027
11.067,116.21302
9.043,6.208976
0.07999999999999999,0.11423034
39.07,36.50047
9.107,27.533905
30.16,170.77959
24.807,126.57895
0.22,132.99199
18.457,14.064027
10.823,31.751352
0.17,16.181927
20.907,121.03504
59.93299999999999,173.6443
59.84000000000001,19.343122
16.41,361.8768
29.99,120.63383
1.19,49.253845
7.907,3.1565013
10.056,4.4183645
21.403,0.76420444
0.45400000000000007,1.3395422
0.047,403.15778
1.2159999999999997,17.497375
99.893,314.20102
8.75,68.73566
9.506,44.592197
88.847,48.568306
9.550000000000002,287.0027
0.063,0.111575365
0.6399999999999999,0.033283006
58.887,121.33393
80.217,81.14734
0.737,13.12006
9.41,89.13014
650.19,875.29047
18.727,43.71094
29.967,1.685585
90.113,0.3198181
20.94,406.5504
6.373,67.291695
0.906,70.93321
19.003,25.24831
0.25,6.9243
9.953,82.764854
9.847,190.78986
19.23,13.874212
0.046,0.0017305526
0.483,33.041157
0.0,6.4615083
2.91,103.262115
19.93,75.52376
119.936,329.4096
20.07,135.56175
11.12,92.46119
379.7099999999999,1286.2324
0.297,0.015836151
10.36,406.77808
30.61,0.4425207
8.55,22.598364
19.61,33.16868
240.177,162.64143
8.786,0.49978322
9.206999999999999,6.038061
70.27,1.7440877
19.803,0.79358757
0.05,97.48854
23.776,239.79106
20.03,19.49327
10.76,14.24828
9.953,0.15405108
9.124,226.67305
21.99,168.26317
0.313,63.258705
20.476,16.057148
20.073,148.51848
0.36,0.050428167
29.289999999999996,0.048256163
30.073,106.350395
8.33,0.36004627
18.687,15.720589
9.177,0.024445787
0.093,168.41243
46.123,347.23416
0.3,24.559357
9.89,2.7826285
29.934,79.33024
19.079999999999995,29.66009
19.637,2.0285633
19.446,17.056568
8.937,3.960973
15.83,323.0161
10.36,94.4789
60.09,200.66252
80.36,29.44624
0.203,20.757912
0.453,0.22629777
9.973,0.5010494
9.89,0.31717616
0.14,61.458702
0.14,5.278415
10.41,39.307796
19.487,84.88634
79.494,1523.2151
0.6399999999999999,20.254559
29.154,28.56139
9.154,1.2732948
219.55,57.309902
129.826,1071.4996
9.76,8.185225
8.92,160.49796
19.773,29.237553
39.653,20.235764
18.226000000000003,121.94046
349.927,134.20642
0.017,0.008971112
19.617,21.289013
30.42,554.8988
39.806,271.75922
20.117,19.380205
0.47,28.352562
9.453,40.815414
0.174,10.622178
19.83,0.058217864
18.81,148.43309
14147.854000000001,333.14636
60.186,468.4497
0.064,0.017449712
459.767,58.34426
38.847,35.690456
0.07999999999999999,0.579501
59.647,344.99005
9.926,2.786394
280.187,178.97148
1.44,19.639923
1200.82,1138.358
0.457,0.04403506
19.867,35.143578
0.03,61.02687
158.627,371.5774
0.14,0.95268875
170.23,149.4262
0.36,0.31977147
0.343,0.76205826
170.033,315.69873
29.263,0.065361895
9.584,0.64265543
40.39,0.022034254
110.07,123.26166
0.203,0.3005263
0.0,87.87444
49.5,85.78061
10.027,0.32488075
0.173,39.99501
7.693,1.0761777
9.32,2.4459224
20.85,21.58871
39.90699999999999,167.6164
50.26,364.9874
8.8,18.394032
10.067,22.691862
20.003,17.315792
9.687,13.268954
140.11,0.11221318
39.603,133.66373
19.003,24.556746
160.147,30.883127
29.473,0.555975
8.743,324.59506
471.12,131.67236
110.027,411.5747
0.703,2.5784237
20.020000000000003,1.2992533
0.2,1.7081811
0.047,0.001253437
0.33,28.927877
0.3469999999999999,0.015304037
0.453,71.08321
0.877,2.5567453
9.29,94.2563
9.693,1.9968158
20.296,38.842407
19.677,207.98114
58.99,145.31564
8.767,0.0013955439
0.017,20.542074
7.263,0.34957182
59.773,0.6795805
90.84,336.32343
40.57,16.880825
20.407,75.67984
0.016,0.5412692
62.023,3.9467368
452.0659999999999,800.44403
7.15,23.925632
6760.567,1360.6365
69.326,364.97327
21.456999999999997,40.1067
759.924,404.16348
18.03,1.1549115
19.3,11.490664
0.36,2.223274
750.6330000000002,289.59094
9.716,410.1326
20.807,654.7376
9.887,0.007887467
10.187,63.832058
147.45999999999998,76.07631
20.733,0.14372626
0.39,18.140793
1.077,0.30072242
0.013,58.285164
7.623,36.058704
0.034,0.3258318
20.376,3.3275452
0.106,0.27061167
0.19,15.387391
0.657,0.0010281053
88.163,229.85751
10.073,4.1667104
111.656,72.74051
39.79,1089.4291
30.387,251.19852
19.376,35.227905
20.467,46.960297
10.643,4.2139316
0.17,28.256262
20.17,9.581778
159.187,78.3005
0.97,2.361216
1.69,12.051575
20.047,41.918842
29.51,55.787807
0.503,0.082825206
59.81999999999999,0.017161362
0.016,3.7839732
19.29,70.23684
19.74,6.424018
0.266,4.171167
1.31,53.916313
0.013,3.619021
170.034,55.62111
9.234,1.9195544
0.58,99.87676
10.629999999999999,45.727787
20.377000000000002,392.4966
90.43,424.67203
0.034,0.5289003
0.127,2.7767386
104.163,60.795666
150.07,528.1207
112.06,119.89844
0.42,1.373472
2.156,0.0004779456
0.19,4.9709516
0.643,9.178334
19.683,10.769641
19.447000000000003,16.35004
840.51,285.35556
0.814,43.258842
0.064,0.022513302
18.967,1.0944158
0.17,49.084805
18.7,29.154215
30.014,117.03591
9.22,215.5729
0.017,0.19555914
0.313,1.3583596
19.964,188.2306
10.136,26.37806
19.256,34.49735
21.7,0.21036746
69.774,15.285537
0.656,0.251185
6.940000000000001,0.029836886
0.03,11.824999
20.846,149.47096
8.64,62.161327
0.0,3.966885
9.58,0.7298232
140.23,99.993965
9.5,0.16493316
0.313,91.27793
0.097,0.10386321
14.643,0.09108042
9.27,0.0886324
39.75699999999999,182.9911
50.117,1.5429051
9.26,140.13928
209.91,530.485
1260.7929999999997,1317.7048
0.186,0.21017654
9.767,7.2640557
751.054,85.12254
0.486,33.71693
0.39,0.35342908
9.89,13.124157
0.767,0.23315276
0.327,102.84142
10.487,94.894035
11.243,22.42864
8.877,2.1737702
9.57,0.0011474662
20.67,0.06936668
120.82,541.8868
18.954,16.344496
50.52,724.55743
8.353,30.127148
10.927,0.024233954
9.58,12.980944
29.873000000000005,408.90515
9.173,17.222336
19.7,24.521902
9.74,35.851
0.19,4.372766
10.860000000000001,8.243518
0.11,21.07381
10.426,1.5309132
40.107,165.99747
0.126,1.499517
288.337,85.99444
0.267,3.2136765
0.313,145.04396
8.693,60.727573
19.927,127.16241
10.79,15.802215
40.1,16.470242
19.733,20.806246
40.397000000000006,27.578867
251.62,234.883
16.806,132.6139
90.057,337.4054
20.37,18.464966
9.993,45.788742
1.107,100.531525
9.263,33.519733
9.797,81.03534
0.843,21.530563
9.317,136.03755
11.77,111.56826
0.797,93.05806
20.16,0.5172688
19.91,209.90215
10.010000000000002,86.93655
240.1,573.131
19.39,11.226601
30.053,88.95558
9.923,0.17126487
9.133,100.99272
21.073,92.92093
21.06,37.50337
8.09,142.34651
2669.663,1149.9554
39.197,44.58279
19.84,3.3776085
29.72,2.535109
0.046,70.39087
10.81,0.19644232
9.36,1.3374337
30.453,0.47466174
170.74,230.5555
0.093,0.00086443155
18.656,81.81361
0.757,0.11586202
0.07999999999999999,15.911639
0.313,0.050561987
9.51,1.295523
50.834,83.98591
9.72,0.0015664776
18.953,66.393845
0.267,1.1997166
0.77,0.19114546
89.873,65.91263
0.427,0.033092216
0.673,101.58845
29.843,26.294436
9.903,4.498819
19.847,104.16295
30.67,27.371334
10.02,213.1341
19.89,33.16852
48.86,140.03429
400.34000000000003,577.19073
0.034,7.5170646
19.986,18.361185
39.996,20.164341
10.033,4.5801344
10.094,73.61702
291.51699999999994,267.97885
0.42,37.484535
10.477,334.75443
450.066,311.36655
28.907,74.91624
0.093,0.48596138
5.456000000000001,294.278
39.756,51.05837
0.3,0.090358004
59.61299999999999,0.0848246
79.92,36.821743
0.07999999999999999,110.75162
76.353,677.64526
48.403,446.72455
0.07999999999999999,0.089579195
0.204,21.654112
10.323,39.47146
330.51,159.34576
49.33,4.4798675
0.12299999999999998,36.251232
49.96,192.72104
10.283,47.558228
9.377,53.51096
0.14,44.897854
110.46,116.102165
19.963,116.64365
0.186,63.258705
0.563,15.22352
479.51699999999994,310.23508
272.776,609.6892
18.833,34.158287
1.397,33.28656
10.427,0.06882555
20.98,32.67397
9.714,50.342896
0.14,43.1943
0.42,3.5983706
20.42,2.6658885
29.166,72.818535
6400.556,1401.7556
10.243,3.6584375
0.313,0.0016873268
8.887,7.2041574
0.267,27.447617
8.573,0.27492565
39.793,1536.2695
0.077,17.571957
50.314,0.020585071
0.3469999999999999,9.988151
8.94,0.003979336
0.157,49.81016
19.414,157.14433
99.23,0.0042423266
8.607,21.054996
79.757,110.69666
90.18,476.70694
9.43,2.9249594
0.22,1.2148703
722.46,599.8751
593.31,789.9603
38.806,147.73721
0.013,0.3727805
39.153,13.665465
100.217,56.785793
0.843,76.77808
49.893,149.16539
19.91,39.83725
0.03,21.07381
9.186,0.027237223
50.22,175.30742
0.203,0.30803847
9.94,0.007887467
0.017,41.80032
169.007,8.726807
10.49,73.251045
0.013,13.439096
0.03,0.137958
3.643,21.64042
1.08,31.751352
968.9,666.2954
19.036,73.01332
189.303,102.726135
10.1,0.87771255
120.56,524.621
37.877,1095.4062
10.227,1.6720744
60.764,18.385845
12.113999999999999,34.76518
9.016,1.9940338
0.92,49.912987
0.264,0.07105407
0.58,2.292407
0.656,302.3104
19.397,259.50626
2.314,154.20708
0.174,103.819374
30.27,21.233004
79.807,1741.0613
10.463,109.863464
441.587,2.4790576
40.044,347.16174
10.99,54.581593
9.047,3.29876
49.973,109.22348
10.95,60.518185
0.36,0.061231673
10.353,40.49733
49.763,35.43221
109.613,420.3417
149.867,472.34476
0.093,94.358116
8.46,52.426746
0.094,0.00078288454
139.776,103.52497
10.943,122.355545
8.777,0.24180846
9.833,207.01295
9.91,24.716814
29.826000000000004,1.2859504
9.85,0.025118202
20.016,89.229195
98.193,460.24408
0.064,0.008142429
90.10999999999999,154.06325
4592.717000000001,1096.1711
0.046,534.8413
0.077,31.15371
20.454,139.26901
9.732999999999999,3.86853
59.826,117.75757
0.047,0.31977147
8.12,0.02644148
0.143,1.2569115
0.143,48.936634
9.1,0.27284473
0.546,389.33847
19.897,190.01709
9.093,4.2281756
9.67,237.83661
141.246,0.08972951
1.407,43.26763
20.193,0.16614166
1.267,22.327173
10.337,61.841026
0.397,9.553956
30.184,1.6972048
9.767,4.610818
20.027,218.90541
0.266,87.1334
1669.857,968.8978
11.893,10.929461
8.657,22.623795
9.673,486.21188
9.804,0.032948494
8.853,0.12821573
29.79,26.797968
1540.22,2551.7034
250.184,115.44116
19.963,46.010258
0.013,25.964876
8.277,27.796745
245.057,60.12293
3954.333,1057.0637
220.6,357.05817
1669.003,834.5981
0.377,208.34991
180.147,561.3011
0.03,0.8088913
70.627,54.616405
0.013,25.247536
20.207,46.845623
30.14,86.18445
10.41,13.535561
6.3,205.21814
0.033,2.6140404
20.034,110.68018
8.52,0.53948057
9.34,22.424557
49.97,20.304455
631.507,668.90717
29.703,173.01009
0.017,37.233704
60.19,9.688503
0.11,82.96546
60.017,62.5517
0.17,1.4163731
0.126,72.15903
59.857,26.086218
367.004,1671.5791
20.52,485.6218
19.01,140.76706
9.167,27.319544
8.197,1.4054906
619.126,221.85838
5.64,27.06152
130.3,116.169395
0.11,458.2247
0.284,1.9961057
47.843,0.08259551
0.057,0.2563835
10.017,36.70863
89.596,18.734617
10.8,7.9298024
0.046,73.45913
2299.33,3148.0142
9.913,64.47006
161.99,168.07251
0.186,345.89572
59.61299999999999,0.49355623
0.22,32.22808
19.239999999999995,15.243587
10.14,126.32985
9.09,147.68456
15.8,12.346481
51.103,616.1457
0.467,47.199226
2.5329999999999995,0.30721387
0.626,21.012335
2.627,17.81389
19.873,0.31871986
79.603,40.72776
0.483,1.6881137
0.233,72.24493
10.79,16.063719
0.937,4.379652
0.42,2.768851
10.16,72.20767
0.187,0.010403327
9.326,2.1473284
243.037,284.31662
0.3469999999999999,20.506569
0.264,83.94856
10.41,17.103947
9.48,1.4754354
20.977,171.46088
0.047,20.100338
20.103,3.8477952
0.3469999999999999,28.560534
10.504,18.57558
110.257,761.9207
0.047,0.2856177
569.923,858.93854
39.577,73.482346
0.03,301.21597
9.82,4.2078323
0.033,172.65155
9.533,1.0758677
59.207,27.413004
20.06,33.041157
18.65,0.102925204
168.007,3456.4133
28.847,296.9176
160.19399999999996,456.38385
0.47,1.5864774
19.709999999999997,10.723648
0.127,0.040673647
0.357,3.86853
0.127,72.92229
10.106,20.570482
122.724,357.4569
18.797,47.30555
39.95,33.46958
29.463,260.55853
0.513,67.57491
40.384,13.290912
30.153999999999996,4889.9346
8.91,0.0011928487
20.55,199.55466
9.707,24.649952
9.9,31.600996
0.563,13.998718
8.877,17.15185
60.61,667.79504
1.343,27.407784
10.29,1.9961114
26.156,164.38182
9.086,31.09653
9.5,54.54207
30.217,89.42455
0.013,5.04375
8.946,0.013635495
29.664,109.69308
9.256,0.00150953
9.123,1.6365075
59.146,1216.6798
0.173,2.3754716
9.82,4.4692216
10.12,0.42863277
0.173,0.9664156
0.267,1.0796646
20.107,44.41896
0.077,38.710167
10.29,313.22995
59.773,137.1245
119.917,127.89468
9.327,13.993789
21.207,205.08957
60.623,1151.4772
29.817,11.918722
9.936,51.200565
88.797,31.41922
38.94,320.65335
10.347,0.12968095
59.78,207.39603
0.7529999999999999,69.98159
0.157,69.07945
10.537,28.415976
19.28,40.52533
9.94,97.347534
20.083,42.769016
19.076,15.141364
60.04,151.46593
0.107,3.0148628
11.23,75.84001
10.243,18.795248
0.093,0.5600304
9.59,92.61318
10.757,33.481636
9.336,59.379993
10.404,20.110485
2960.267,996.0597
0.377,16.262857
0.25,66.085236
10.083,4.6757646
0.11,151.13559
19.737,33.551895
3.4369999999999994,64.164635
0.767,50.80301
10.146,27.284027
9.92,0.03372418
79.496,57.53823
79.98,547.0046
9.954,13.163183
1842.057,535.78143
0.39,22.73989
19.72,190.24037
329.55,308.24847
0.83,388.8215
10.253,1263.606
0.816,35.811623
9.81,60.916378
0.673,36.90299
19.85,1505.4697
9.717,0.12520789
60.23299999999999,2417.4165
11.456,65.90321
9.853,0.036339067
9.652999999999999,49.43237
9.803,412.34766
38.297,49.16846
0.11,22.996552
0.547,0.05126896
140.913,40.69566
0.814,0.038023215
0.156,112.82102
9.286,2.4846451
0.127,0.30102628
10.35,79.290695
48.957,60.480003
59.93299999999999,137.23273
9.983,159.91565
773.6100000000001,127.72258
18.87,14.150264
19.244,13.725976
9.874000000000002,0.2659452
9.383,0.008084761
29.853,0.1344698
0.03,2.0490904
0.327,58.90527
5.54,50.64917
21.86,324.8913
80.024,0.5002959
0.173,0.056298915
0.924,18.005531
0.283,29.448442
30.523,331.62268
20.914,5.1499724
80.387,550.25
0.407,84.23678
0.077,0.91478974
100.853,8.213377
681.23,345.27902
7.613,39.621964
42.204,109.16228
9.637,3.3175557
9.613,47.38107
19.823000000000004,143.63828
20.77,66.44983
30.347,264.0756
39.153,78.19268
9.603,20.981289
0.61,21.520998
0.92,0.048787706
149.703,0.011316441
0.7529999999999999,0.35467565
9.0,1.905845
0.38,0.030202735
0.314,8.074751
70.797,205.69441
9.96,23.65046
10.98,2.024329
110.404,506.02707
59.48,148.40585
69.886,5.3415627
0.313,0.476514
159.757,248.04044
9.457,2.2870421
9.237,50.8703
39.92,10.654147
29.967,82.78911
9.323,0.1641852
10.74,21.939314
30.059999999999995,0.06935887
9.63,1.9831545
5.823,365.96695
60.38,22.384413
9.953,12.747884
1.11,27.453579
8.94,42.55626
0.377,0.729547
0.047,12.105285
1.613,33.15263
281.487,533.9797
10.19,11.010976
0.093,6.024701
28.574,27.0089
0.326,58.98174
9.717,0.2016737
0.017,1.3812767
19.566,0.037549198
9.203,1.7347189
0.127,2.1223125
40.023,15.889756
3310.2230000000004,8565.607
20.686999999999998,132.11832
19.537,259.99454
29.893,24.937819
19.294,0.42309478
9.666999999999998,0.0013170978
9.453,2.525041
1.25,93.12531
180.68,97.85961
9.52,26.139183
10.283,0.030159215
1.204,46.68484
0.437,0.26617226
451.737,295.23495
0.407,30.941906
10.03,70.2088
0.03,19.405397
9.21,361.98657
20.103,0.12845366
1657.497,584.70447
9.619999999999997,0.124646395
119.18,209.58502
1220.203,282.50845
9.147,5.1794767
60.166,115.81883
9.83,1.2764388
37.997,362.0242
19.17,0.14203218
750.056,356.9657
2065.957,626.5471
0.0,1.6112982
8.967,17.502747
10.89,195.0323
29.293,59.20476
66.427,71.079605
66.667,613.4174
0.593,0.37178144
30.72,47.17455
0.017,0.15196508
0.046,0.17314225
49.087,346.87744
69.716,187.70103
0.157,0.047985993
10.767,21.54209
0.703,3.679068
1411.31,444.80273
10.427,0.0009083354
0.11,0.122131445
10.114,96.62377
79.677,0.039893072
320.26700000000005,2309.408
0.296,749.0661
0.326,1.3138208
10.103,0.061597135
40.373,0.41788027
20.617,462.7328
9.823,4.8388066
9.929999999999998,0.04345497
21.24,130.94797
19.23,3.562181
9.086,15.911639
8.966,0.1265716
9.643,2.672825
20.094,6.2307467
880.523,648.19775
0.407,0.037517134
0.33,52.73355
1539.986,2716.0728
4670.177,413.20135
11.493,42.410976
20.653,13.094185
9.657,0.57940584
17.333,0.77756476
9.63,4.7699566
1.046,33.45488
0.03,5.166124
9.67,2.4648807
0.016,12.827846
10.803,27.43123
0.406,18.625196
0.33,6.6268063
9.457,0.007947501
19.226,437.20917
59.6,292.16125
9.933,7.133474
0.22,43.71094
0.127,1.2375493
39.797,40.837543
9.69,2.6141427
29.43,92.06046
6.99,28.96147
70.913,26.598307
460.57,62.73748
11.114,30.368359
0.17,25.719564
0.267,1.499517
19.583,31.256973
300.48,156.90807
260.06,581.2081
10.233,15.267271
0.343,0.0006345884
18.963,28.936436
10.717,18.136278
0.503,7.9298024
10.313,153.67848
110.274,309.14374
9.923,26.470676
30.273,119.34762
28.786,22.612532
49.903,458.4207
10.317,0.029336007
12.267,1.1549115
2.373,63.48288
9.77,0.17987688
15.517,70.685265
150.22,154.16014
9.8,25.75061
35.074,56.662994
7.647,79.10978
170.443,313.73978
80.866,19.412912
0.31,547.4381
0.11,0.22105876
19.956,0.16526775
19.62,139.63762
9.96,14.4263735
30.087,0.7611518
0.127,37.970947
0.017,43.751514
0.0,0.012726587
19.100000000000005,136.17029
17.63,59.12882
459.75,260.7478
6.784,12.638212
29.85,149.27187
20.18,41.808575
1.14,0.55944914
30.133,0.5854584
20.524,0.49674356
9.797,3.6439743
49.887,319.7571
9.517,8.433886
860.516,787.631
29.346,0.2593495
19.977,346.5055
10.6,38.936157
10.137000000000002,56.719604
19.38,606.9328
0.94,200.41936
0.643,22.898718
19.263,66.81415
9.444,198.40746
0.38,0.22318126
8819.157,5737.2393
204.263,226.70786
110.013,369.44193
538.836,629.37036
1.46,0.08058807
8.707,477.7873
19.28,19.783295
20.517,23.382679
19.956,0.6005183
0.187,0.027277905
19.84,1.0070354
19.814,100.892845
0.173,135.3289
30.013,3.162774
10.637,0.061597135
1567.697,1962.5309
20.89,378.38058
100.006,522.9864
2182.116,1283.4058
11.05,34.107994
9.87,14.953775
38.934,73.97809
19.133,0.74372506
6.544,28.745556
30.38,376.62366
21.376,2.684949
0.267,2.8545697
888.26,579.78845
29.712999999999997,0.6585574
9.28,4.282916
9.786,43.134335
8.013,74.39857
930.1399999999999,46.264603
10.15,124.83059
29.74,41.97923
9.577,46.568867
0.97,13.600368
139.57,152.39365
0.236,0.004628546
1.734,24.048258
9.697,504.32108
20.297,65.243835
10.007,0.028961211
90.757,3.5023587
20.003,11.686253
0.03,12.978003
1.35,45.165127
0.284,35.052864
9.574,1.2764388
20.343,236.10321
8.516,186.57239
0.45400000000000007,64.89211
20.034,89.06802
0.12299999999999998,5.3689747
0.547,52.536472
0.487,0.49284407
3358.267,1663.9424
0.14,0.06762506
0.186,46.07066
9.366,1.6013477
20.87,66.29419
60.764,113.782906
0.07999999999999999,0.50192404
49.27,130.14198
20.026,0.09896955
0.28,0.033381384
30.227,100.83203
0.25,1.5160828
0.927,1.479942
0.016,71.72509
0.376,3.5869722
0.064,0.032070223
1.24,0.6917431
308.01,35.86056
0.47,85.178185
9.717,60.94637
0.5,21.736944
10.036,108.23167
0.42,0.9007872
9.293,19.13819
0.487,0.34275272
0.187,171.37149
22.313,152.53429
0.187,23.27395
280.807,504.35907
169.623,22.146334
4.844,53.254944
9.97,2.9593675
0.203,0.092555836
18.57,0.32584578
0.733,23.358538
0.063,193.06612
10.22,85.41162
17.344,153.865
20.447,199.5295
29.139999999999997,180.60986
9.407,649.7727
10.343,71.83174
70.304,100.80236
10.826,128.14766
0.47,28.211342
30.964,2.856898
8.963,0.21641544
70.4,191.47061
8.16,81.17321
1402.0799999999997,1350.9557
0.12299999999999998,0.2856177
0.047,0.42656893
26.064,100.71449
0.987,0.0066528916
20.117,205.50652
8.586,28.804464
0.157,1.2688354
0.077,32.823708
109.347,41.873547
19.477,14.507432
17.874,143.58844
19.033,118.54066
0.187,0.19595174
10.933,0.31541768
17.997,30.928495
19.11,285.28754
320.344,211.53613
10.47,0.22263432
792.174,729.19867
20.287,532.3619
6.953,1.9239343
19.366,89.55262
118.977,343.02914
9.364,12.087376
17.273,60.50105
0.673,10.710569
159.99,54.61206
70.79,6.3800597
259.96,86.18875
10.14,1.7165744
9.99,3.3972445
880.19,302.8176
1.347,26.885225
40.714,35.943287
129.95,361.859
0.127,25.33084
9.714,6.6059623
19.207,7.0448785
198.887,554.20276
0.3469999999999999,97.976204
0.013,0.36656952
70.064,7.1035476
20.32,17.278069
10.303,198.40746
10.45,14.349108
0.174,4.5198755
0.6399999999999999,56.55606
18.76,88.54585
8.737,246.71523
0.217,1.8001587
64.53,0.042029534
9.13,22.156097
9.929999999999998,43.8478
20.163,34.245506
39.1,146.09177
0.063,26.885803
0.0,53.16373
10.643,73.12104
21.09,0.5017393
9.827000000000002,1.592293
8.52,0.09896955
0.704,111.98864
9.843,27.125061
8.2,90.11006
19.62,97.22148
20.174,55.327595
20.756,523.09454
7.874,16.733921
20.427,100.03905
9.257,176.29286
20.357,15.369625
1.644,60.849377
10.21,39.930126
0.097,0.81420964
0.487,0.16992964
10.010000000000002,24.395924
9.21,55.298214
16.333,448.9639
189.903,2.4208376
0.127,279.55484
10.85,33.878708
51.053,19.518652
80.18,0.14101225
10.52,1.229167
19.9,0.03581492
10.12,1066.7788
9.19,2.0703387
1558.63,200.52687
341.07,202.49239
299.65999999999997,17.503557
2867.197,790.277
19.74,21.847172
29.23,118.935265
8.08,167.89777
9.652999999999999,1.857997
29.77,43.8478
22.476,27.942417
0.03,1.6334361
18.743,41.266895
126.253,361.89233
0.0,3.096694
4.113,220.87106
0.47,43.53238
10.45,0.786069
9.356,0.07106931
19.547,536.9407
1.5329999999999997,37.482063
18.41,11.94561
84.19,33.60383
760.423,149.35506
40.72,43.207573
0.187,23.169943
21.202999999999996,48.80364
70.537,130.85216
1704.987,275.23383
9.403,2.7844763
18.3,86.69532
1.47,2.1382842
9.496,0.51660913
0.063,1.314712
0.063,1.4465389
19.88,22.636856
2779.614,914.67975
39.647,0.7909831
109.98599999999999,61.537346
0.093,0.25883406
9.283,2.026583
0.047,34.25856
9.557,8.433886
10.566,71.9196
49.42,47.40693
9.61,3.3301382
9.313,0.028670982
5.513,192.2141
21.227,22.842247
0.423,5.1127377
0.28,30.964422
10.239999999999998,15.553119
99.704,35.35884
9.576,0.61168516
691.363,1463.8112
570.086,610.8044
0.12299999999999998,23.059628
31.23,102.87909
9.46,57.00376
19.04,0.004435309
70.583,64.439964
0.06,47.731773
198.68,197.67029
59.79,0.01774294
19.92,43.476067
10.163,306.7451
143.357,1312.6215
20.49,0.20586073
150.267,329.2988
17.83,0.8914331
319.71999999999997,40.22282
0.344,320.4705
17.824,380.93817
10.223,77.867386
0.11,31.880548
10.19,31.09653
9.23,0.2434397
650.003,593.3712
20.767,0.5115814
19.633,0.04539861
369.52,251.094
9.986,100.30178
8.793,61.02687
19.75,458.72974
11.037,48.936634
210.067,189.14006
19.797,45.17152
9.23,0.16499469
139.407,1371.9489
0.124,53.69873
0.11,9.867979
38.773,100.67964
2.3,34.188076
10.17,0.13975592
8.755999999999998,23.923115
60.163,0.015336518
0.25,43.512833
9.306,84.97406
0.14,98.40801
120.44,31.764618
799.74,804.0964
43.103,205.61157
9.233,0.276347
2.22,21.847055
40.857,30.589893
0.11,1.3987023
8.997,0.14098775
0.127,1.7547982
1.91,44.00635
19.913,27.570616
0.283,1.9528738
2.11,35.407806
0.217,16.46684
0.14399999999999996,0.09747951
19.859999999999996,0.14212702
10.737,4.9538507
39.924,258.7568
187.557,70.3763
49.55,0.32536846
9.99,97.953896
1.033,0.38880157
0.11,2.672825
10.243,17.996552
0.186,9.398559
9.683,25.582064
0.0,34.313473
0.157,0.17609073
0.174,219.80814
10.206,457.39212
0.0,291.0376
9.99,156.95518
209.494,155.35098
9.013,136.69101
0.233,78.45364
18.533,63.216686
0.0,2.0850205
9.67,1.6882843
19.863,262.4951
29.906,46.34513
9.75,1.1801661
61.837,82.33357
0.783,94.4789
0.58,91.23266
150.027,275.23502
19.607,0.56707716
19.83,530.3031
7.12,17.267302
80.073,0.10897866
650.003,236.77383
69.72,626.7323
20.467,183.17729
0.894,0.137958
9.097,20.349909
20.164,340.18478
240.88300000000004,246.77223
9.387,0.004037413
9.03,0.76552534
24.14,0.5782958
10.11,0.9628279
9.963000000000001,8.185225
10.343,95.14975
0.216,0.92835826
50.74,68.313805
0.063,73.52656
9.41,33.897144
0.237,106.761734
69.88,241.08076
210.07,731.02875
0.393,68.54317
40.376,283.14343
0.063,0.015804335
10.779999999999998,114.00931
0.687,5.1331515
0.254,0.12876248
0.127,0.10115878
343.82,739.4111
51.08,1671.1105
10.53,3.8304172
9.33,0.011831784
8.49,0.5014848
39.86999999999999,143.5469
0.59,18.668875
0.39,37.606358
0.58,16.838871
9.763,0.39766654
0.297,2.775619
0.42,2.237885
10.024000000000001,3.6354568
0.473,27.915321
20.307,42.599697
12.19,219.66212
10.08,211.86629
1.203,0.6376427
30.45,112.94387
29.817,333.92987
209.974,698.6066
0.296,330.4297
21.476,586.9929
9.91,0.27356333
0.03,17.76909
239.65,233.39821
30.14,19.229435
0.047,0.5412692
1.097,457.34967
50.103,653.466
40.437,26.307142
20.71,165.21098
0.063,48.936634
0.687,101.41305
0.266,206.50824
9.563,16.687803
0.157,16.853804
0.45400000000000007,0.009358394
0.097,327.98126
0.03,47.68815
10.317,0.009755143
29.813,14.64613
20.093,366.3137
0.456,0.0010538902
0.813,56.004562
7.05,149.2429
9.907,13.268954
340.096,41.764217
40.253,550.6417
1770.094,279.25864
10.196,67.43266
59.943,35.573215
39.86999999999999,197.3263
0.046,3.1603527
19.943,36.10251
10.53,1.8588052
10.127,411.1245
0.25,4.290932
0.733,25.158981
0.207,670.36615
0.237,302.4839
10.12,0.42666453
39.843,0.0146177085
0.297,513.1144
19.75,17.657076
30.11,74.16933
19.363,0.04438974
19.767,45.923763
19.714,0.8728395
9.634,16.566628
9.814,39.774193
0.623,66.68124
18.174,0.54747653
20.16,95.57584
29.289999999999996,0.0054815933
0.267,6.43685
10.067,20.918879
0.11,0.20714335
29.377,134.996
29.563,15.585616
9.92,3.5281892
0.11,0.25111982
582.39,1465.4994
248.684,483.68896
0.6399999999999999,58.18267
10.373,54.73944
10.73,0.2668117
1.843,0.30102628
0.06,6.017749
0.03,188.14009
0.077,90.56097
79.927,237.38722
783.32,112.10111
70.166,37.424763
0.47,0.011831784
9.633,11.310085
170.467,624.2349
130.49,0.2423036
30.92,26.751848
9.197,61.010517
478.143,581.61005
380.314,82.946915
10.093,0.5293206
9.69,0.19463442
8.51,72.041824
0.064,2.6851792
10.177,928.06726
20.006,2.704283
180.0,23.93103
20.037,0.0458007
0.724,0.008084761
48.797,8.990245
0.173,0.58055854
40.106,34.211952
1000.7200000000001,186.70865
40.037,209.61905
0.343,149.53125
20.193,24.303242
19.327,0.48392653
40.637,40.235085
19.767,13.55608
0.357,2.5567453
39.487,0.8675129
19.684,195.76152
0.827,29.495695
79.33,25.626057
59.83,1.1000463
9.903,4.837146
70.463,35.25001
0.126,2.012388
10.69,252.94954
10.153,18.978844
20.187,8.202747
0.467,17.760624
279.737,334.81882
30.66,46.83539
19.99,3.3041558
21.09,51.37941
9.393,63.91013
30.074,26.929396
1.724,38.042873
0.233,25.512054
20.013,42.095757
430.02400000000006,132.49205
0.19,218.313
1500.164,430.5031
0.267,118.98987
0.187,0.0106293745
9151.956,555.949
140.707,374.7869
7.84,0.16654347
19.327,24.448812
20.52,116.195465
0.0,53.469807
19.74,20.491014
0.8760000000000001,29.708376
0.12299999999999998,2.288122
90.03,122.13943
8.963,113.45505
9.893,64.56833
159.9,120.79812
70.347,7.946022
3329.364,97.12637
19.953,13.148002
14.143,315.66452
41.31699999999999,1.1959586
0.017,0.42046982
0.17,157.29526
0.0,18.455141
161.32,115.477486
0.78,30.122627
0.517,13.636738
0.157,16.03232
39.68300000000001,68.91306
9.783,0.72671187
21.05,30.844313
20.983,0.5195866
1.5,0.10647999
9.84,214.42061
10.116,69.10608
9.32,17.87531
45.603,271.9012
99.68,624.9537
0.063,29.234566
140.416,99.6722
18.85,0.025137635
9.967,141.46835
339.64,825.40234
10.027,42.75539
10.757,94.16859
19.906999999999996,29.707329
0.407,0.5782958
10.317,7.483397
1438.5999999999997,102.943474
9.674,27.688173
9.706,58.025887
9.240000000000002,74.99627
20.573,30.70691
28.774000000000004,2.842815
9.286,12.086437
0.626,60.22517
0.157,0.53018105
0.61,3.2718933
40.28,32.12795
9.67,21.504938
10.473,0.102018796
0.5,1.871053
110.67,1108.5879
0.36,7.0100164
1.284,9.581778
9.387,0.20096333
4.99,0.057950918
10.117,34.827026
9.743,36.438713
9.15,11.4921665
0.313,0.23426022
0.406,1.0930159
0.44,1.7336109
0.907,43.00639
35.92,766.88464
9.814,21.444815
8.72,36.278458
9.163,0.2924916
10.016,0.06770288
13.693,40.13739
60.827,0.117573276
9.974,1.488907
10.0,0.3819418
41.12,521.67596
41.85,176.98094
0.7529999999999999,43.26763
11.356,120.44033
8.4,1.3168315
9.203,0.0049621644
8.827,0.22318126
9.91,26.74082
30.41,398.01398
16.677,159.82025
0.127,6.424018
9.826,439.7016
39.857,0.016054867
0.03,2.8709977
3365.99,1380.0651
0.046,6.9693356
79.967,34.103737
35.677,89.407364
10.197,0.2923597
10.107,0.0018174961
9.59,15.007688
10.61,176.09148
19.586,0.012723904
315.24,637.4306
19.633,25.572931
18.29,32.751343
109.993,28.295519
0.063,14.043221
10.416,83.70187
0.623,30.941906
69.644,304.21844
653.023,172.58995
29.092999999999996,0.022547834
129.08,456.82407
10.18,51.890446
0.093,61.187405
2090.213,462.85303
541.063,500.49893
0.61,106.36719
19.82,0.476514
180.10999999999999,530.41254
9.18,18.87723
30.216,386.53976
19.963,432.83914
190.143,4101.2964
59.493,390.5073
9.27,910.4138
28.347,0.013419884
10.617,1.423117
0.063,54.67978
50.47,0.24981633
0.94,25.003296
19.083,2.2622664
0.577,0.00108032
0.19,0.013079143
79.646,30.153084
19.95,0.13938083
1.237,33.572952
679.61,406.29477
98.69,703.817
10.077,13.656284
18.732999999999997,174.36311
9.384,1.9549699
20.317,210.07396
18.36,0.0705036
19.967,338.3928
1.78,13.864289
0.283,1.993034
0.393,124.856995
0.373,0.0048885606
11.083,34.457996
10.213,10.338567
222.143,1452.9841
10.047,206.06723
9.843,0.47652674
20.629999999999995,265.9794
5642.890000000001,1831.1843
0.283,0.14886631
0.284,8.643832
0.53,40.064686
0.373,0.012887415
20.44,530.39484
10.877,0.074075386
0.063,1.0640653
10.04,4.690926
211.39,185.2962
11.074,47.508446
169.117,64.9806
550.297,720.2363
29.73,25.920252
11.560000000000002,126.61005
19.727,95.98613
0.423,23.196344
550.183,708.16693
0.25,25.574873
0.017,72.15903
27.64,29.37118
0.017,39.879227
301.253,368.26126
0.063,24.38415
289.303,1376.9376
10.773,51.022766
20.063,406.77808
189.797,275.44565
158.026,31.450188
250.597,803.6428
20.4,111.046455
30.54,453.54953
749.68,1271.1095
18.867,476.0359
9.342999999999998,7.3871527
0.25,0.18033963
0.647,0.3389693
1.203,137.44716
9.786,29.593761
9.957,1.2706686
40.040000000000006,64.48455
10.103,4.6123085
209.727,460.5856
0.867,64.96819
10.576,74.48068
9.933,83.83638
0.69,155.98161
0.657,61.9588
0.07599999999999998,0.2843908
9.983,5.8290124
69.93399999999998,92.74503
10.876,377.66263
1840.797,1442.1606
10.12,2.2334847
0.546,0.59985095
0.19,0.7560386
19.84,58.025887
22.056,895.277
9.51,25.24825
50.004,35.252678
20.53,131.63834
19.14,1004.28534
0.783,56.373405
10.056,49.81016
9.92,60.38915
0.423,1.215611
9.732999999999999,3.3898957
60.24,1131.0632
29.53,1990.0978
9.183,1.479942
50.123,327.6977
9.517,25.730549
19.824,5.2470913
405.323,1369.3864
0.41,45.37852
59.75,48.23744
9.87,49.405586
329.97400000000005,41.561028
800.02,121.802574
9.387,191.64871
116.327,189.73611
43.88,189.69582
8.18,324.72693
19.877,0.05693855
20.13,28.71826
0.61,5.4656663
9.604,0.06762506
10.61,21.275646
22.033,12.264691
10.657,34.6027
10.31,2.4457076
355.304,211.2897
249.877,44.520008
19.33,44.38957
9.273,0.020442339
8711.747,25.071642
20.13,31.530499
17211.267,941.09
20.46,27.123768
0.83,0.0375171
20.047,89.16068
10.273000000000001,6.9474273
0.063,1372.5177
19.870000000000005,33.33125
29.214,34.7893
18.737,27.644672
57.31,279.54456
8.893,46.17609
149.86,1301.053
9.543,34.207306
9.5,20.469007
1.11,0.14983168
0.377,23.871464
1567.364,1362.1819
9.384,34.827026
19.273,62.47303
9.677,0.28806406
0.596,0.39349723
9.88,35.262524
6.623,177.30156
4.057,0.21110724
19.99,181.06093
0.686,84.633224
10.0,39.145737
11.16,189.14653
19.606,270.58588
0.0,6.9693356
10.267,20.353157
0.936,45.068184
0.126,25.817362
40.57,307.10126
9.904,37.968563
0.233,23.059628
11.413,52.426746
19.947,159.33592
119.61,610.22577
10.563999999999998,32.98118
741.767,357.17587
528.537,485.65695
20.12,18.119003
0.013,3.3647947
30.283,124.79092
21.7,36.746643
140.486,0.18730922
12.154,455.20227
9.23,29.303461
1219.943,1444.5715
0.106,38.861217
29.737,0.0146177085
19.73,205.9086
0.14,0.44716725
10.563,1.8553625
85.28,315.21402
9.6,0.21422769
80.22999999999999,120.10619
120.304,0.5496271
10.08,8.01402
1.067,1.4281826
80.076,52.569027
0.11,0.009851664
9.553,0.015409543
70.213,179.2158
18.78,27.172304
100.32,5.3208833
219.87299999999996,529.12775
10.34,0.0051750615
10.27,0.45813477
0.063,0.5205899
132.04,65.99229
20.797,159.91573
0.357,549.8141
20.020000000000003,0.0056959665
10.084,0.10302852
9.333,34.25856
0.5759999999999998,53.955013
19.636,8.892812
0.3,0.38341105
0.11,7.308845
10.75,0.33205324
909.864,542.15515
19.707,19.54338
20.794,7.0227203
0.016,8.347215
10.387,0.042810075
0.877,29.052588
60.04,2.5156722
140.233,1.3905177
30.55,0.08840143
50.086,46.640614
9.777,53.61905
11.41,0.18762171
0.17,2.2622645
9.874000000000002,13.214805
50.577,0.033923015
520.113,36.240845
19.867,85.66788
11.006,0.1276623
19.747,42.661175
9.39,1.8956237
0.373,48.005444
19.957,93.466705
9.88,87.20663
61.033,453.19995
310.844,817.71405
8.84,12.306511
359.95,1369.7832
9.993,0.4898256
0.14,0.035049487
769.203,787.7512
9.550000000000002,12.019416
8.907,27.2144
0.234,2.4006922
9.587,735.83105
10.064,4.2906666
180.32,327.52017
1.2799999999999998,28.983253
10.303,1.7300701
0.07999999999999999,44.646294
1939.827,1124.8148
0.266,0.0076949717
29.677,1575.1849
20.267,15.710604
19.996,44.657528
0.034,1.25508
19.83,130.91676
0.063,2.1424072
11.453,21.983007
0.11,0.10540357
30.0,186.27261
8.953,44.80513
80.16,11.834338
0.037,1.8212541
0.173,1.6881137
0.046,15.626765
200.35999999999999,382.63873
29.546,179.5945
0.266,0.40905753
10.07,36.421207
0.83,0.21986285
0.47,23.196344
19.523,24.233774
50.187,101.36509
1.24,0.14983168
18.79,25.600815
10.36,0.18996878
9.550000000000002,98.59803
79.097,33.75976
0.297,34.017532
10.53,141.4512
20.020000000000003,158.52827
20.093,1270.8981
0.19,38.20347
10.356,35.227905
23.827,121.50784
9.957,23.228878
9.537,6.024701
0.127,50.772152
89.477,467.054
49.167,30.700825
0.143,88.904945
0.047,0.0014542865
9.147,50.218716
70.283,1242.6991
9.016,32.354908
10.693,42.368137
18.967,6.869705
8.2,2.3942726
10.073,0.38880157
1658.24,336.79047
12.127,127.54368
0.11,43.768288
0.893,30.233334
10.983,0.08631831
1.187,21.289013
9.284,65.770035
19.504000000000005,1.7908546
0.626,27.488777
9.61,9.815292
0.17,61.479103
130.283,101.5147
179.207,150.14078
20.087,34.45273
1.406,1.0758677
0.063,25.211918
12.127,0.0066771787
0.174,35.75646
0.25,1.6365075
60.193,214.10263
50.587,59.8103
10.033,34.188076
60.243,41.808575
19.703,0.91158766
50.16,327.37085
20.37,1582.4803
10.85,0.4417073
19.286999999999995,40.120056
0.893,19.518549
8.707,0.28742906
9.91,1.0402492
139.947,107.80314
10.953,0.23376636
40.217,12.860453
21.249999999999996,0.05326316
10.563,7.7734504
10.604,96.95066
0.03,1.479942
609.74,17.44569
30.057,381.65573
9.22,2.2956817
5858.696,1757.1428
0.36,1.1101148
19.427,0.1378928
0.296,0.09917005
2408.657,485.9693
11.89,676.3286
300.26000000000005,21.123407
0.047,1.9961057
0.14,2.7340868
1.11,75.79509
260.203,171.44266
0.267,467.80597
20.594,1.5715702
10.213,305.29593
20.094,35.745766
29.803,157.64061
0.17,20.254559
19.483,25.446241
20.086,26.961235
0.437,2.9909637
10.663,6.367255
9.533,24.165623
9.783,168.66911
10.07,16.942146
0.5,46.51193
60.877,432.0538
9.884,76.39959
271.743,723.33136
0.67,0.19595174
410.237,460.84128
0.593,115.31903
10.093,99.89601
20.123,33.44991
50.87,605.38245
0.283,1085.7833
0.493,0.015409543
4.94,100.627045
39.83,435.89783
17.36,72.545685
10.49,49.93243
0.0,1.887809
1287.58,565.6512
10.17,0.1378928
3.517,109.27006
10.74,4.439469
10.17,0.26863003
9.563,3.1077614
489.71,298.1075
0.36299999999999993,22.281862
10.74,367.7986
0.83,34.087593
30.024,15.115916
1889.46,1442.7942
20.056,0.5161157
19.797,464.76776
0.03,1105.1133
9.917,274.21707
0.22,18.44093
79.447,0.12022905
176.867,213.44588
11.343,35.750584
2451.893,1436.7896
10.0,5.8045425
0.107,72.57167
64.653,76.738525
9.700000000000001,154.57545
0.046,0.92140716
10.053,17.516376
6.973,185.78615
0.36,3.3019295
9.652999999999999,63.01288
40.287,1146.2598
0.283,1.2681373
8.567,180.0124
9.466,1.6590406
78.82,37.412983
0.0,136.69101
8.203,206.69992
1.296,66.244865
838.093,831.57556
20.45,240.45041
0.017,30.56734
230.52,1173.5165
9.354,0.4074091
1.99,113.23954
19.52,47.797092
19.99,30.032673
9942.703,519.2636
0.594,0.41121417
19.91,0.7942499
0.707,1.5162954
50.957,1207.2496
0.58,129.88162
8.724,1.905845
0.423,1.499517
9.883000000000001,3.0674243
4.48,106.130295
10.693,19.64763
0.187,3.0179002
39.94,4.252335
8.767,0.86594564
0.0,30.138733
9.846,95.60323
0.093,16.83789
9.797,0.034907445
89.2,15.797524
9.793999999999999,0.57335466
0.03,93.6591
369.944,12.721971
29.437,33.287495
49.86,26.604328
150.49,1265.3464
0.034,29.08063
29.86,4.052277
0.25,0.9516183
9.77,0.1665438
27.927,78.94217
240.85999999999999,276.97992
3.657,13.580227
179.853,396.5715
0.28,7.6931763
49.537,0.18988964
19.443,216.27028
21.217,958.3587
0.25,61.527355
19.6,153.74434
352.54,999.28973
0.36,200.99788
8.88,0.137958
20.286,138.36243
40.617,67.61072
389.427,1054.4938
6.286999999999999,4.751544
10.786,124.390945
9.553,76.05372
0.297,88.50937
599.633,544.3363
8.769999999999998,90.58176
0.233,0.3724284
0.143,20.547705
0.61,0.038429543
7.896,2.223274
19.873,0.07095459
4.007,138.30008
21.02,2.9106436
4055.163,1469.8196
651.917,1323.0602
919.91,31.460857
9.97,0.3014184
39.96,0.03838555
9.373,43.689793
109.797,117.16242
389.727,2313.4163
29.99,303.31653
10.303,600.0868
9.587,21.758108
29.893,61.668217
101.937,129.67403
10.09,393.69913
18.587,29.889215
49.933,11.988701
0.11,0.03206649
10.324,0.62340444
2890.58,1181.5378
29.75,861.8212
1.3000000000000003,0.03173879
8.997,180.47833
9.703,0.48594242
0.033,1.9007629
9.407,11.255291
0.284,6.167818
70.507,368.6036
40.637,146.70168
178.91,632.14606
18.26,0.059869163
0.06,15.664498
10.557,17.766712
18.547,103.64523
990.5,1788.3015
326.0400000000001,366.41125
3550.4,346.43546
19.167,121.30781
0.486,0.55944914
0.063,0.059800923
0.53,22.330889
265.473,1568.0947
20.083,2.3295214
9.652999999999999,18.627867
0.064,0.0020953754
6325.963,688.7533
10.157,41.377007
70.06700000000001,0.21573356
8.42,40.147663
9.05,0.17987688
30.123,39.827618
19.707,0.822599
1.047,22.50959
2747.717,561.41437
9.356999999999998,352.57635
8.943,1.4584442
19.843,104.05504
19.786,21.1791
0.5759999999999998,13.730255
0.11,56.74326
18.263,1.9211894
19.223,36.05959
28.776,0.009563168
16.24,9.953158
40.263,0.025292018
0.077,0.018561881
19.54,13.6432085
0.07999999999999999,0.965096
9.607,3.0148628
19.926000000000002,66.45236
16.633,0.035852026
10.236,0.6376427
0.05,21.097816
7.91,0.061231673
0.017,2.0977767
9.984,34.571594
0.754,2.988951
580.897,330.3531
19.443,39.123238
18.97,341.9235
0.313,43.353565
19.314,434.88028
9.843,89.74134
0.186,2.629807
21.31,51.686325
9.29,0.62340444
20.136,14.52114
0.14,99.334724
781.12,440.7662
4.32,7.430074
9.856,242.85678
210.923,417.48386
320.017,127.12871
9.036,79.144005
9.52,0.0066528916
10.327,30.553726
10.763,0.45888463
0.173,65.558304
0.296,24.936876
0.187,1.4754354
20.206,29.445383
10.94,38.283897
10.296,43.26763
0.15999999999999998,0.0060333414
8.653,65.81848
0.3,2.6141427
90.26,0.005824584
10.28,27.030424
0.533,28.804464
38.54,190.5098
11.486,136.2384
0.72,0.41121417
58.623,130.54385
10.03,0.31375018
39.70300000000001,156.73055
0.967,0.112619385
39.957,71.0657
40.977,141.35501
49.837,182.65334
50.134,212.68362
23.293,113.97365
19.62,138.08478
30.233,111.67558
0.093,0.029841295
0.814,4.260054
409.764,275.40555
40.093,0.043069504
0.657,27.025171
0.25,31.894436
0.237,0.016854404
19.367,0.5043808
0.03,3.3019261
98.20700000000001,915.12524
0.314,2.7340868
0.05,0.032220285
9.87,0.30987912
50.016,51.880264
30.31,169.84827
19.38,0.2986344
183.787,194.45766
10.224,364.99225
10.363,2.7813923
90.93,97.83751
30.873,95.08422
8.983,0.92101085
19.617,100.78247
10.063,0.1919608
0.143,0.007757233
10.777,366.86182
0.61,97.8143
89.01,189.37698
20.834,12.518842
30.456,48.034306
0.393,0.48072606
89.567,155.36226
0.093,618.5852
0.14,0.019168671
0.03,0.00048777676
0.923,37.482063
0.313,11.368036
9.953,65.20245
0.077,10.112468
0.157,29.25091
61.037,10.0279875
270.287,114.81134
0.42,0.15680552
38.907,28.23774
9.884,18.807028
0.28,1.3374337
0.17,0.01834946
0.11,38.461353
19.723,18.683037
9.984,31.266865
309.97,200.08513
0.14,0.52743715
129.384,229.95401
38.634,458.47223
9.35,0.7060296
9.83,0.30826592
69.944,23.330057
73.594,270.86246
60.213,217.25377
69.673,23.99038
0.727,0.51326543
10.306,13.841689
19.866,0.12563261
9.027,42.368137
250.076,377.2055
30.957,26.335798
10.043,54.040646
2750.353,138.02295
11.074,72.545685
160.27,335.04803
0.437,0.71718884
9.72,0.027148118
0.046,74.52386
0.8,159.13794
840.006,209.80536
9.773,0.38023365
0.437,2.7342558
9.856,28.127146
60.624,87.69527
20.34,60.072952
0.407,2.372567
20.134,0.029336007
20.103999999999996,140.86171
19.74,38.063538
0.094,48.73352
4.737,0.09108042
6.713,0.36700955
0.03,0.3718506
8.73,34.746704
0.107,38.278168
9.513,13.54679
88.793,673.8421
0.126,90.4358
20.59,177.24533
136.55,207.58904
10.576,71.04208
0.07999999999999999,20.589993
0.407,0.0013621377
0.47,21.939314
0.0,20.494032
1.314,30.127148
0.267,4.9157786
39.797,40.861607
5621.57,1149.2192
20.087,13.576311
8.116,0.103114426
8.743,143.69449
79.213,733.1655
180.833,108.34841
19.854,290.88458
0.09,1.783123
19.45,0.039670985
1.02,1.6259466
49.03,125.280876
20.113999999999997,297.90402
20.0,81.513725
0.77,11.570969
18.933,15.161262
8.769999999999998,54.95018
20.18,1.7608278
0.0,32.884544
11.02,19.896263
3641.283,648.98364
0.017,12.282881
80.336,164.00757
0.126,0.17736585
9.567,0.11848048
0.41,0.315482
8.06,3.5601878
20.31,0.036023356
0.33,104.41579
9.074,1.232344
8.997,1.4358343
9.663,29.373432
21.15,104.78726
9.413,13.899139
0.013,18.63141
10.54,1.3069217
9.367,2.223274
9.563,0.83148694
0.203,61.982834
10.337,0.6978608
21.843,129.67859
1.0,62.11972
10.737,191.40733
59.716,122.3813
20.007,10.049246
0.017,18.64195
0.017,0.4443166
0.097,0.001253437
10.2,0.28406286
0.327,2.8009129
141.513,769.3449
51.303,0.68059427
10.010000000000002,2.8702922
19.753,375.0312
6.967,0.37178144
10.643,0.72448504
640.186,446.13428
0.313,15.4701395
40.653,3.5525985
8.9,101.029945
8.783,45.997414
0.483,16.198542
100.68,128.77422
9.157,5.1127377
0.07999999999999999,2.16516
1160.156,1178.1133
28.637,305.3433
10.08,579.1742
850.26,165.80156
18.967,34.103737
9.547,3.488742
29.983,200.84402
280.333,465.61035
80.31,282.12543
18.84,14.9789505
10.323,23.055044
19.833,2.1330073
10.187,98.59803
1.123,33.62255
89.22,0.9313723
9.447,1.6650302
0.05,21.07381
0.893,1.9831545
10.68,27.273516
70.016,798.105
20.017,44.723034
430.333,391.79868
109.566,1063.83
11.01,68.36788
18.487,302.3104
8.737,21.183672
0.484,37.63533
19.717,94.366066
79.263,658.47424
79.98,129.57771
140.97,450.38358
150.07299999999998,245.83008
279.99,1818.7789
9.933,15.472033
59.773,29.244375
7.844000000000001,33.981686
20.9,346.06955
9.663,44.32267
70.097,25.186977
11.523,30.705082
19.563,1010.27954
63.507,266.8202
19.857,129.43024
19.617,136.3091
8.873,0.10540357
10.144,11.694256
0.674,12.475693
109.95,28.929186
39.584,408.59744
0.517,0.2844014
145.263,592.63434
61.907,104.172806
79.673,24.940739
100.297,20.572285
0.36,3.424939
0.07999999999999999,55.316334
0.127,84.305855
0.157,15.43035
89.95,643.93195
9.917,0.0917411
20.013,22.826939
509.153,441.84653
20.557,262.85666
178.797,56.426933
0.203,0.004500115
6.173,89.983086
0.623,135.75719
19.843,91.946304
150.306,514.6992
0.14,0.83489645
0.33,2.6771946
630.127,884.11743
140.12,196.54752
9.273,0.06195775
25.237,0.024483886
101.107,66.76796
50.093,54.808018
9.827000000000002,1.0192106
19.776000000000003,0.03870521
20.374,0.004978237
239.247,4.5925155
0.61,1012.97144
20.133,51.919605
0.09,1.0065427
39.893,2.2259638
11.387,3.7505214
89.96000000000001,336.9577
0.36,114.424545
39.697,37.995007
0.874,17.45974
0.39,137.26936
120.59,135.59685
1238.853,1134.136
130.47,7.708941
18.397,120.12713
20.98,35.811623
0.267,18.37719
9.747000000000002,1.69597
19.196,342.45956
0.55,1.4679942
29.296,16.047945
60.09,1.4781308
9.797,82.236694
10.267,7.8296175
9.786,55.73814
28.803,0.04345497
19.9,110.86471
20.003,0.0047099446
9.43,18.78506
0.283,24.649952
0.25,68.36788
10.56,0.772314
9.507,161.65471
29.78,223.36967
20.247,185.65045
9.35,0.35419914
7.777,4.0583715
10.913,64.1895
0.22,25.27709
9.817,0.03421651
19.913,51.174545
9.636,0.0016057681
1509.827,734.8039
34.98,39.90961
19.724,0.004160246
10.077,5.299728
248.907,232.02397
0.217,24.594254
81.16,517.71484
18.83,21.39875
9.637,64.3899
0.484,0.40317145
1.117,27.393316
178.85,210.32492
30.183,827.56854
180.363,209.61818
30.296,23.790905
0.594,0.048256163
29.757,23.27071
812.597,313.1725
9.537,0.5897076
1.2530000000000001,290.92682
79.87299999999999,482.55457
2360.607,128.05727
1.36,30.266294
0.954,508.15967
39.95,58.525723
29.787,411.1245
0.22,0.17214781
39.55,91.14124
10.684,16.46684
9.474,13.524473
0.11,0.0052752933
50.227,0.025782103
8.644,0.107209556
0.39,0.3263508
0.36,1.2148703
0.064,2.6224544
18.464,44.89794
29.476,0.23990516
9.623,0.6575859
9.33,0.04206506
207.25,855.196
19.707,32.22808
0.393,0.8049598
1850.506,1076.1432
30.46,156.29214
9.426,3.619021
320.89,1256.5651
29.967,38.854877
28.487,50.68348
27.056,353.9219
20.784,3.201621
19.136999999999997,327.3339
0.14,0.88810164
9.71,113.56812
199.923,245.45491
10.494,2.170516
9.92,1.183791
20.187,12.560596
433.22,2087.919
0.017,1.3583596
0.407,46.77273
10.063,0.01798211
210.003,13.2042055
0.6129999999999999,4.6757646
20.277,414.1012
19.953,63.873997
19.224,31.98541
8.8,45.673695
20.1,62.909306
340.5400000000001,93.503204
0.61,1.3896469
10.856,0.8287494
19.863,12.511633
18.939999999999998,2240.2717
0.064,1.4738338
40.287,75.03928
8.753,18.280592
49.994,1625.2692
0.736,30.32019
0.356,0.14193119
40.457,3.482573
19.933,0.10894906
119.073,176.24898
1.64,108.07204
19.736,394.66928
17.967,87.39632
650.294,361.859
10.017,8.372801
19.33,168.65414
9.563,1.8473066
7.11,157.03548
19.906,0.51563704
0.203,25.130753
9.507,36.883484
20.287,85.06905
10.93,31.327848
8.84,0.31692702
10.217,0.51117086
50.202999999999996,22.512514
8.977000000000002,193.15297
0.014,0.20087847
20.234,1.7165744
19.017,8.924323
19.23,0.026455656
9.233,18.278238
10.05,13.957091
8.067,1808.8119
0.06,1.2413317
0.643,0.14696085
29.677,150.68103
6.153,84.360695
0.063,70.261345
9.783,208.295
780.074,266.37106
0.233,0.22118421
190.19,465.1463
0.033,0.17609073
428.783,328.7725
0.0,0.12391593
89.79300000000002,0.06772509
10.853,17.699842
18.256,17.494833
9.12,88.81998
50.313,236.46902
29.737,1.797654
10.603,0.023789877
0.86,59.440258
11.863,37.879013
10.16,16.622555
69.616,98.63771
19.397,1.0031505
0.063,3.1003458
51.153,471.35477
1.187,8.380971
58.593,72.52049
0.297,113.07614
18.39,42.770733
2340.667,376.03366
0.156,0.82299066
10.11,39.694572
34.766,1316.3541
19.807,0.2233629
0.203,378.50415
20.28,3.263956
19.803,3.0366032
29.797,53.908478
0.11,1.4372547
7.544,0.35419914
20.68,39.391125
210.12,311.87042
19.854,0.25487396
14.78,84.47197
10.6,32.571655
9.51,399.72852
0.016,0.124646395
131.997,166.8577
0.11,0.21422769
20.13,3.0089087
1280.544,484.04102
0.61,0.15733713
29.813,147.89374
0.203,74.40951
28.563,3.527675
31.797,160.69177
19.704,110.18418
8.573,18.739624
292.91,892.90735
0.14,9.998222
0.597,131.6219
0.013,70.89447
9.37,14.674717
19.193,49.098473
0.046,0.107209556
38.17,40.88865
681.013,857.88544
127.73700000000001,334.47086
0.11,1.3953595
9.527,0.115512945
89.743,249.11363
19.923,0.123957045
0.07599999999999998,0.010804436
41.537,47.515167
9.82,12.297463
20.167,87.943016
30.396,123.93436
0.077,0.07807246
29.69,0.35566577
19.896,46.510773
9.144,124.143776
0.217,1.1755799
20.923,161.28983
49.243,0.7602304
0.156,32.79262
0.44,1.3433161
9.94,312.72552
250.34,75.12685
29.037,9.864284
0.204,0.7060296
11.376,12.753419
0.187,28.623114
9.67,18.137125
0.686,46.63631
9.356,2.6365259
0.11,4.610818
1.11,57.47047
10.757,205.11707
39.63,2.2159061
68.914,481.13165
41.263,30.930925
20.967,42.827454
10.010000000000002,2.2648394
0.063,0.89476913
10.007,115.41193
41.34,751.3027
50.247,190.87105
530.007,162.66798
0.05,36.54026
11.327,161.99452
100.007,45.836872
59.27,3.2508264
290.21,761.15924
1222.49,532.1069
110.1,3.6659806
0.797,0.20096333
69.84300000000002,930.92786
2198.807,1171.0195
0.5,0.34406635
9.204,351.68146
0.093,0.29065165
60.057,624.47284
0.296,0.012383462
80.143,0.4518368
0.127,199.80812
8.81,0.5664437
139.573,1187.4906
7.323,61.440308
9.71,0.7998246
0.173,0.38640526
0.127,1.295523
0.424,8.214277
17.9,7.998356
0.737,1.5162954
120.0,6.036949
49.233,17.185118
20.946,51.541767
9.34,86.938156
19.693,4.324248
9.703,30.32019
39.823,204.74594
0.927,0.45096803
0.28,0.5714926
22.74,32.823708
18.85,0.0066406257
50.89,22.284431
1451.96,490.60477
3.82,0.0017784949
9.913,132.49149
9.28,1686.7574
20.117,1.6885871
29.374,40.77394
609.837,153.92485
1.157,16.491905
10.93,181.7948
10.214,0.03586936
0.47,27.505272
1.054,21.705036
0.077,3.0601203
19.28,8.250627
0.254,97.32054
19.694,13.707466
4159.847,1467.9044
33.814,11.623552
270.473,247.19608
810.836,584.0886
132.137,364.15552
0.19,0.009647506
3798.727,438.57138
203.15,14.391442
99.886,77.49351
28.924000000000003,0.031521272
120.073,250.43918
10.997,3.014745
299.983,550.315
11.22,45.380665
20.017,0.4427512
0.07999999999999999,4.755492
9.566,9.1849785
80.64,3.1241004
9.39,33.61384
169.163,158.62833
9.273,0.33209187
99.083,313.49356
7.14,26.507359
20.177,116.70898
8.824,0.061231673
0.236,59.440323
9.703,95.44356
0.233,26.710545
0.327,25.518438
0.236,18.943613
0.15999999999999998,0.31398693
51.116,18.02094
0.263,0.3258315
19.67,123.70171
0.11,0.00051849347
350.826,5153.382
0.07999999999999999,8.294078
9.75,22.331974
30.563,264.54166
9.550000000000002,26.152027
70.61,23.846642
0.016,41.967857
10.58,88.073044
1780.063,843.508
10.953999999999999,3.8040051
10.056999999999999,0.08936076
20.11,143.52904
10.573,162.86478
19.39,34.630684
609.037,568.7165
0.847,0.33205324
9.323,0.5995175
0.754,1.7635368
9.36,500.26535
18.26,0.887223
0.0,11.255291
9.9,0.38334307
329.793,213.80643
120.843,77.91692
10.773,45.105328
50.72,40.6788
0.07999999999999999,621.4853
0.077,2.6266363
9.243,159.27098
0.157,0.21449628
31.707,125.72845
3.683,181.37119
209.97,94.41149
0.22,95.728485
28.053,57.62132
12.03,99.80974
0.423,5.840211
0.937,45.997414
0.22,0.0060334336
9.77,0.16246085
19.53,11.383437
8.994,92.06909
1.61,54.609306
9.217,10.61662
0.44,0.22118421
1080.46,84.71023
0.187,35.407806
9.277,386.53397
0.22,605.66943
0.907,47.997253
0.034,16.687803
19.870000000000005,0.44551396
20.58,15.933712
9.874000000000002,45.874775
0.124,1.2849759
9.487,0.0012666335
20.54,149.31754
258.91,162.44167
230.33999999999997,210.05183
19.693,115.41193
140.113,17.994783
89.203,196.26726
2750.406,335.782
10.856,105.696236
0.39,51.399742
0.14,71.61905
0.407,24.559357
410.143,20.035603
9.367,15.115215
0.364,46.074062
291.033,432.66254
9.91,0.11714974
0.03,466.35287
10.137000000000002,51.8109
0.017,1.5045186
3559.933,939.0002
0.033,34.827026
9.550000000000002,0.8123352
8.44,3.014745
9.833,1105.5927
9.046,23.586735
0.53,6.613367
22.976,465.3427
69.45,186.30692
500.324,416.3842
1.787,11.442075
0.12299999999999998,188.33012
0.42,0.0022130853
10.624,84.911026
29.057,200.09804
19.714,136.36513
20.46,0.28441414
0.25,0.548615
29.983,0.3040247
0.19,541.9899
190.673,311.30383
0.14,16.585138
1488.053,0.019408777
0.5,31.03906
478.747,147.54602
10.123,14.150264
29.304,2.7681124
0.187,18.455141
9.72,7.5712214
0.03,111.55532
10.007,0.8158009
50.347,204.71033
10.320000000000002,0.018137341
9.726,115.59598
7.583,28.804798
0.733,0.3286887
46.313,42.34857
0.077,28.81738
8.917,0.0017784949
19.98,7.201356
9.8,333.38565
10.043,0.3286887
71.87,493.05267
10.203,15.981798
9.817,0.16499482
18.173,1316.3308
11.29,43.846043
0.22,9.988151
10.710000000000003,105.71542
111.603,179.80176
19.9,103.36753
20.01,6.8260884
500.31,507.85516
10.49,1.2078317
0.5,0.18645765
1.067,24.360514
2808.343,154.88297
0.094,0.59017855
19.723,39.391125
0.296,31.451134
38.327,108.98836
0.466,88.62265
40.88,55.025284
40.677,560.62476
19.743,31.98541
0.39,24.024174
9.786,194.72417
50.997,60.78005
9.957,1.7917924
10.207,59.55516
0.047,0.013456383
0.14,31.704792
11.73,103.97067
41.774,103.487724
240.047,13.884877
49.963,962.83777
9.97,0.92275524
13.953,64.164635
0.203,2.143983
0.11,22.295544
0.017,0.03781874
0.19,0.35373595
0.546,0.04682463
2409.107,813.57416
0.156,0.41372418
10.013,9.44601
930.167,939.0302
9.896,13.309225
0.063,19.70569
484.457,683.55505
0.17,1.2688354
19.079999999999995,0.018767595
0.36,19.307606
4610.47,2698.8955
0.25,0.055583622
0.217,0.013079143
240.144,1033.9374
9.474,1.5160828
8.943999999999999,41.824093
9.544,3.2136765
10.404,82.89808
161.127,260.1633
9.933,24.1694
9.613,15.0847025
9.477,38.60556
8.92,1.3648455
29.307,87.13991
0.5,450.38358
19.833,2.4567425
8.787,58.725475
19.566,112.1284
20.056999999999995,0.6318112
39.863,6.967555
0.194,44.536926
9.67,31.294104
29.967,9.649895
20.05,94.88317
49.837,712.60614
10.83,346.7484
0.064,0.057036653
11.19,0.097489275
11.487,174.63716
0.11,0.517991
1248.723,817.6293
0.687,1.7474738
9.093999999999998,87.52491
0.787,7.17557
119.383,245.56297
347.094,154.23666
70.51,3854.6938
0.077,28.911316
9.676,28.644915
19.484,188.08247
109.977,30.052818
21.097,100.03905
100.683,423.0553
70.93,211.19688
0.033,0.101365544
9.75,1.7186629
27.987,14.762593
69.474,112.24184
1780.834,301.06552
11.577,27.555695
19.826,37.629246
9.74,2.4999392
9.156,149.31754
0.813,0.52960086
19.49,4.3312507
0.047,0.2948323
9.876,45.42352
29.78,11.1222515
0.14,1.401196
0.374,0.01115718
0.656,39.504936
19.37,60.69593
1081.403,1217.7896
29.954,25.953049
9.76,18.24754
0.377,102.49163
9.58,11.092367
29.793,203.62949
19.524,168.69366
19.21,30.138733
0.313,0.31044206
0.234,40.147663
18.837,25.247536
48.746,0.0062666144
9.837,0.42077512
330.12,598.3742
9.763,0.5149604
0.173,0.040673647
320.01,99.177505
34.363,230.5529
20.013,13.864289
8.713,4.171167
109.117,1337.4313
1.203,105.98603
9.173,7.0227203
0.097,87.97401
27.85,50.85552
0.017,0.12330093
0.407,1.8347188
0.017,40.251095
41.20399999999999,1454.6122
360.204,4316.776
59.76,1580.0388
9.067,21.140833
8.353,0.03070625
49.35699999999999,68.429214
19.087,41.196014
19.62,320.4706
98.88,92.23578
8.754,13.874173
320.763,761.2456
10.717,17.218645
0.064,0.10156372
29.873000000000005,45.971535
84.956,218.84573
120.65,178.55428
32.717,157.39072
970.16,366.1259
12.083,0.60574377
10.68,19.785475
0.017,153.54387
0.283,85.07923
10.273000000000001,16.832642
10.463,194.44365
40.35,819.9078
19.297000000000004,68.65534
9.177,292.40643
19.78,420.3417
29.943,0.0063206754
0.704,1.3555375
39.067,0.04303875
20.023,7.7780027
729.847,605.67584
59.917,362.4988
19.714,11.352312
11.953,171.847
0.03,2.8623435
0.563,1.1373527
0.45400000000000007,0.003157095
0.266,5.166499
170.09,415.3202
9.847,161.978
20.993,55.927723
149.847,300.48663
783.563,1241.3337
10.11,399.1861
12.04,35.451283
20.25,7.410235
21.563,62.149025
23.826,40.40793
8.777,1.3796117
5.75,82.69019
9.36,0.850279
9.863,24.958216
20.834,33.829052
19.467,1.2071006
1511.13,1571.82
0.597,137.39891
8.73,1.8907205
0.6399999999999999,105.585236
29.69,16.792955
355.83699999999993,1964.6306
49.424,56.760853
8.73,0.20714335
471.75,83.974594
8.543,0.07098655
6.427,742.6658
19.07,2.4536521
19.403,3.1827307
0.174,17.81899
18.636,30.56734
0.267,2.828659
0.124,46.25395
20.303,0.01743489
9.056,65.02487
19.436,434.5458
8.96,99.87676
19.883,30.849648
59.893,455.04135
10.834,85.88022
19.69,0.17603382
10.253,0.3100355
39.913,2.5709527
118.003,10.052225
9.276,237.04506
58.95,427.44318
21.570000000000004,109.717896
10.307,134.3182
19.474,178.76115
9.266,1.4727141
10.93,27.796745
6.859999999999999,74.19467
9.473,96.78996
319.724,572.5118
6.173,156.9205
0.11,6.7584763
0.61,21.506422
40.837,17.130836
9.963000000000001,0.13987845
10.324,19.600193
8.92,0.42077512
0.014,1.5608712
30.97,8.491302
0.157,68.17054
38.976,26.531311
12.136,23.24027
29.637,514.1927
0.216,92.18105
190.46,390.19025
0.237,0.15733713
20.986999999999995,319.03537
21.12,0.29724044
0.046,22.30277
30.227,652.35126
369.553,1145.0089
9.924,39.384747
0.97,37.007496
950.263,1190.5029
67.8,175.21497
0.58,0.11884125
0.407,3.5157492
0.0,1.6720744
359.427,43.28972
11.05,63.036777
9.777,142.93805
49.827000000000005,110.89227
18.803,3.6828904
19.39,4.872634
0.11,59.7867
0.093,0.30900624
48.17,0.11098097
30.206,32.44703
139.11999999999998,419.8816
0.626,54.607872
0.173,0.11013023
1190.817,1396.0814
0.563,25.632454
190.08299999999997,140.80223
99.834,47.558537
18.684,18.978844
9.45,3.8202617
50.8,95.54129
520.2,569.1933
0.11,0.6575859
0.064,420.11984
10.5,46.8089
9.697,96.15859
21.227,40.198605
19.036,285.5559
0.407,111.13318
28.98,462.64587
1.953,0.029315926
1.02,2.1084821
8.133,0.3005257
0.217,5.035183
9.82,2.9390118
0.623,55.04358
20.09,0.7942499
1.577,29.53294
0.36,102.1501
0.03,0.013557486
2.314,17.335852
0.423,45.600075
10.937,32.638977
0.594,4.1726346
8.163,131.12654
1.83,0.0023374127
0.013,27.447617
718.85,591.4076
49.994,373.29224
10.377,75.05432
0.0,30.197304
0.03,1.0407027
10.573,0.92835826
0.127,0.006986242
28.077,15.284386
40.346,33.24007
9.483999999999998,0.07636647
70.0,0.4074087
271.26,161.41971
78.826,60.878834
20.457,0.049557928
51.443,27.903757
20.097,0.050559383
0.8760000000000001,1.7336076
9.96,0.47517213
9.737,30.182503
9.929999999999998,14.879083
0.376,0.10540357
9.53,21.358246
2439.43,895.3489
6.856,300.19202
89.37,22.866896
18.513,57.727657
10.07,0.5564608
0.514,107.38275
80.06,360.74594
120.593,204.34543
690.17,567.1499
18.634,114.46829
93.763,900.0187
443.45,1231.3485
2724.9629999999997,804.20593
0.046,5.315579
20.09,0.35989422
150.89700000000002,343.24014
29.85,0.030601945
8.977000000000002,36.673027
10.02,0.12158607
18.347,11.734362
1.594,98.44411
41.053999999999995,24.619486
10.76,447.0269
10.94,0.04281016
8.12,28.166094
430.51000000000005,384.37567
20.686999999999998,7.922676
9.857,72.26978
1.69,55.316334
118.45700000000001,738.5614
9.114,30.748718
20.227000000000004,28.778582
1.113,30.127148
22.213,56.004562
9.2,30.774424
0.203,7.1647816
9.63,193.63838
535.064,1162.5186
19.84,1.1494002
19.444,6.7821217
39.08,2.9947286
0.157,32.1152
10.047,3.8455982
0.093,86.08386
10.093,6.4615083
20.553,14.9789505
30.39,0.056797594
212.93,66.880615
49.59,3.2824962
0.11,8.347215
0.25,15.705324
9.243,3.619021
279.776,49.801388
9.550000000000002,2.1824608
9.21,32.804386
9.95,56.39533
0.393,10.521691
40.054,91.70851
0.217,0.0039285594
9.517,0.0008432803
0.126,0.32209444
0.487,100.60795
21.064,17.82326
20.76,93.40013
0.564,3.5791476
19.01,19.834198
20.173,70.665726
49.196,0.13345796
0.203,24.593763
16.47,84.2674
49.563,59.725086
10.21,30.32019
89.31999999999998,876.9376
0.36,29.561209
0.203,191.56172
549.613,705.11786
200.02,840.024
11.203,91.946304
19.834,38.62463
20.557,2.8155928
470.247,102.92957
40.0,431.53824
19.957,87.73099
26.587,14.790589
10.097,0.06770288
9.117,24.936876
8.473,171.41331
0.07599999999999998,26.364853
9.196,0.038023215
20.93,38.119778
5.8,1.5596676
19.95,111.01731
11.223,211.84111
0.143,158.21463
0.11,93.45933
8.663,0.8899329
969.154,941.8203
8.124,2.1066835
10.354,2.9471898
3.41,0.0042642145
100.04,403.0533
29.0,21.515728
0.097,24.684143
99.233,218.59303
29.737,89.13014
10.47,166.25136
0.14,0.27498648
10.504,664.7103
0.377,1.1812359
0.203,0.003521766
10.597000000000001,262.85666
20.666,201.71288
9.433,29.232336
9.604,31.772972
31.337,193.32567
0.157,15.260264
0.173,0.027297918
9.619999999999997,14.4263735
1.003,144.59462
0.11,0.9403444
0.873,44.487778
169.86,1347.9797
59.957,74.6464
9.727,23.06743
19.55,65.58439
19.963,23.172699
319.843,691.22864
11.05,208.55182
10.563999999999998,72.64995
29.97,1211.8063
1789.977,2172.9065
109.884,4.0005493
16.087,0.1999082
0.03,0.81521976
10.213,28.407679
38.14,131.98941
21.093,51.532444
0.14,8.308365
0.33,15.6843195
0.644,27.758419
0.157,0.0026074033
30.153,4.3597555
0.213,2.7342558
19.797,40.793804
80.744,157.31465
289.19,367.71338
3.19,54.275997
9.72,95.57584
20.06,209.75577
0.7,194.42825
9.27,0.506003
0.156,0.030372573
29.65,533.1381
20.18,0.10951366
8.943,35.219013
9.66,0.021931382
0.06,4.751544
244.397,354.43286
0.203,0.15196508
29.683,906.0462
1.843,57.86889
9.605999999999998,21.43575
0.594,86.02929
0.53,12.487938
17.533,124.098076
0.483,57.49718
0.107,22.331974
119.92,105.899
8.447,0.005697629
17.957,81.15499
0.017,97.869896
30.557,148.05515
1.61,60.374348
0.534,0.4905375
10.18,21.618158
9.437000000000001,0.04685911
8.43,26.976425
83.133,496.9501
0.343,0.35419914
18.516999999999996,37.879013
5.753,100.627045
7.644,0.8088913
629.257,315.3477
0.517,53.751938
10.296,62.64032
0.127,3.7771778
59.64,112.918915
9.44,20.67377
3471.06,390.12192
18.71,0.01498142
208.373,456.56052
10.206,0.31717616
50.04,0.27576673
360.663,622.8063
0.42,91.50117
0.143,310.1859
7.86,33.552116
10.283,36.160637
19.503,27.30368
0.68,15.918274
61.1,1.5968457
10.056999999999999,32.10431
10.017,15.335017
28.823,464.7076
9.754,6.258661
0.013,19.777094
10.767,2.6173177
10.767,48.381424
0.114,70.70734
9.700000000000001,22.305714
8.753,2.8030877
789.927,411.65366
9.97,110.48124
390.054,433.00974
19.687,72.79757
158.907,6.6205597
20.213,206.91072
0.047,47.18286
58.900000000000006,0.010591915
396.777,370.7292
18.77,0.033108693
1102.71,17.784546
0.173,2.6140404
29.13,46.454597
10.553,67.11332
9.11,31.112768
19.756,193.8746
0.627,0.5808698
27.776,191.15205
0.313,0.009191137
1.627,8.444933
9.700000000000001,0.9759718
39.81,108.502075
57.9,0.7080281
0.173,19.701927
9.994,15.017217
170.206,444.44202
19.63,39.218872
9.58,0.7797948
28.534,56.438942
40.29,446.07443
1.437,17.579435
0.5,0.35419914
9.873,17.812355
63.42,30.761744
70.51,23.032242
10.356,0.4484497
19.043000000000003,188.05
0.11,318.03796
10.384,1.7383871
8.647,69.52141
10.239999999999998,0.46123278
11.187,19.066742
20.177,9.86845
1.2159999999999997,2.4320927
8.98,19.351791
11.034000000000002,18.12647
9.407,0.16468671
19.854,31.615742
378.786,529.6012
140.013,117.35593
1.033,41.37289
9.703,31.87431
39.687,21.58871
109.38,352.54376
21.127,100.59849
40.043,34.325012
9.323,12.039999
79.92,188.13458
902.453,295.5578
21.556,96.62377
8.853,32.822926
0.07599999999999998,27.942194
0.203,22.826939
0.204,50.058342
0.17,13.196361
19.023,4.716317
7.763,14.64706
11.413999999999998,22.3309
10.016,139.26909
9.71,1.3247514
0.547,57.47047
0.077,83.87039
11.61,88.04933
9.767,93.05806
1.11,33.131077
20.916,155.63106
0.203,2.123645
60.844,61.730503
10.646,1.0010135
7.433,214.66026
18.673,683.3756
20.957,8.880068
9.94,1.8623945
0.143,582.71356
0.187,118.820244
2.03,57.82637
30.39,86.65888
759.79,135.62712
1013.707,835.3683
0.013,0.016854404
0.094,53.273327
158.096,287.43848
19.277,10.034454
0.047,42.07061
0.52,5.4686685
10.06,0.68299025
110.02,0.06099173
1.127,0.20819558
48.849999999999994,136.77855
0.11,0.6318112
8.467,7.649465
119.434,74.65575
0.063,2.3315706
29.72,1375.5009
19.42,499.79092
19.807,114.88276
0.796,0.4597419
19.933,48.110073
19.847,51.086338
620.3370000000001,350.39966
189.293,868.2493
39.92,129.4202
10.88,0.44724318
158.327,100.615265
30.217,51.05837
9.646,11.918722
260.034,1318.4567
19.11,207.25627
22.36,233.84477
39.52,0.10925047
0.143,33.776604
60.41,69.03666
7.893,107.38275
955.98,1795.281
9.573,0.66297096
9.983,13.788429
0.513,31.880548
1.034,0.992545
1.617,0.9313572
40.207,160.07896
16.207,134.42621
0.07999999999999999,37.86032
19.777,12.017612
20.627,151.9528
140.28600000000003,829.92725
20.447,0.013083758
0.44,14.007338
30.703,538.4401
8.197,63.99146
0.033,1.4163731
0.204,1.5010263
0.267,2.7767386
0.233,81.224365
19.087,178.1165
0.217,100.531525
132.82,435.77545
9.603,0.0022744
0.157,18.284882
19.75,115.533485
19.303,347.50714
29.447,124.49165
26.85,12.166687
10.023,378.25424
62.24400000000001,1278.9642
20.233,27.08363
6.407,63.375366
10.756,31.266865
9.077,9.129442
1109.606,397.8434
19.72,4.741627
19.737,401.3427
11.603,193.14941
10.217,45.74232
9.857,4.1077952
0.407,0.35321417
30.043,0.10707795
0.013,19.65769
89.61,86.58806
15.466999999999999,8.842539
0.94,35.47735
0.233,79.97161
20.843,296.22894
0.016,45.950394
0.53,58.280197
9.874000000000002,0.015836151
9.694,18.565464
19.61,13.283609
20.303,3.5983706
29.96,446.41794
8.44,0.3019167
27.773,120.12713
19.883,463.6019
19.846,7.6220756
19.59,34.172283
0.064,37.86032
0.11,0.024436349
69.963,57.69578
539.56,11.151437
20.194,26.9014
501.703,1694.2205
10.656,58.725475
19.88,0.9925658
9.95,0.024101816
19.97,402.41666
9.52,0.1192626
9.363,736.3191
399.204,118.4014
10.927,20.757912
0.11,0.51260114
18.434,0.6640333
449.77,445.20505
0.05,2.6266363
8.727,16.408918
69.834,40.870594
10.11,85.682846
339.927,110.574295
0.127,33.558815
39.983000000000004,9.86985
19.824,41.954716
20.444,103.03132
10.239999999999998,25.414646
0.42,13.496969
0.936,1.6288596
19.943,178.1165
0.53,1.2962239
11.446,17.405037
10.534,0.008857805
1.017,112.32322
70.173,74.955025
10.35,0.9227542
99.3,288.32785
0.313,0.21299928
18.85,0.033909075
0.406,18.455141
590.037,598.4238
19.673,10.22585
48.386,25.083069
9.31,0.3724287
10.627,10.112468
29.573,185.2321
90.417,85.418846
9.98,182.9911
0.203,0.5600304
9.937,0.44210687
19.307,557.40875
620.547,85.399666
41.397,32.262325
8.29,86.23078
29.909999999999997,37.606358
9.12,62.11972
39.817,60.701103
2.643,34.79449
39.75,361.4589
109.857,0.51836354
30.226,52.561874
9.077,0.021800654
9.373,1.5370091
0.06,0.35962006
0.3,18.27825
618.673,1533.483
0.707,444.6354
129.054,559.44635
81.627,487.59824
9.56,63.258705
9.89,27.948566
22.577,48.097862
69.343,0.012083708
290.153,0.15457574
59.693,0.7495352
29.043,77.132706
6.185999999999999,155.898
11.123000000000001,20.16271
70.104,8.734081
9.633,17.559849
2722.037,558.51654
10.127,87.25359
89.16,48.038418
19.586,790.22314
0.517,42.619713
1.124,0.16096844
661.933,411.8836
0.063,22.331974
1.2799999999999998,20.939625
0.36,23.278353
0.07999999999999999,0.025692513
10.823,0.3439187
20.027,0.0477148
69.64,38.759983
8.357,7.272969
8.84,54.45586
30.86,56.730667
0.03,25.518438
0.877,16.021833
79.847,221.04039
8.95,31.731659
0.17,52.05518
10.256,23.491413
20.983,2.5067763
0.756,1.375521
10.973000000000003,0.051851545
211.96,319.70276
0.017,88.92769
9.59,0.14465392
0.14399999999999996,0.8657467
38.74,27.492693
10.12,0.30405486
0.156,96.89377
20.25,1.153419
9.973,7.2930303
20.629999999999995,9.858979
9.986,1.3306173
10.623,19.784927
0.093,2.7206795
27.09,109.65741
19.79,0.13771471
0.093,11.010976
0.12299999999999998,0.61398494
9.973,156.68607
10.53,1.2764388
29.78,0.111473694
2455.317,1400.6874
19.494000000000003,106.36719
0.36,175.13426
9.49,60.60476
0.017,0.35321417
120.793,5.2786813
30.256,137.4189
8.84,26.547436
69.813,4.5759697
20.914,311.74207
0.987,3.0701075
20.033,2.768851
0.03,3.8202617
1.333,237.69911
30.01,0.018349443
1.5,44.609337
3.847,16.755777
79.11,1371.0059
1.123,80.04516
299.8500000000001,47.415104
253.556,376.04855
8.843,19.65769
10.79,0.32679865
150.093,604.7941
1339.423,580.003
920.394,277.20798
31.707,17.81389
49.667,11.09113
19.766000000000002,7.410235
1.017,38.029285
0.267,2.0918934
470.133,526.6199
49.620000000000005,14.2000265
1.003,10.422142
90.277,1093.4706
0.143,205.32536
1092.216,739.3324
11.047,120.45952
0.86,7.3970413
121.13,43.110332
0.22,0.031546205
10.6,0.19584134
0.017,24.27094
10.296,17.921305
0.233,66.950455
30.657,119.83629
0.17,14.91606
8.773,0.4011767
31.51,53.699196
20.0,0.015727097
20.950000000000003,604.5385
26.453,276.9862
50.906,0.3192279
20.823,33.454437
361.49,615.3023
29.797,3.4263887
0.343,5.169604
10.09,0.49978322
52.870000000000005,165.23322
9.804,0.5714926
0.047,0.14372626
9.377,2.7172801
69.776,112.56898
19.883,22.72088
11.113,0.021391207
10.016,0.15914804
9.037,0.012383462
18.964,18.809309
30.576,3.1377258
30.77,1.4743344
0.013,1.5748254
16.783,0.0059994897
10.14,0.004885695
0.89,0.026263522
57.206,629.1464
19.764,0.53026193
0.093,20.990486
59.38,0.3020411
19.973000000000003,322.87317
0.237,0.63004404
10.143,83.83638
0.99,0.15093093
40.47,2.4521947
1299.343,533.09955
39.117,465.3694
218.797,113.64763
0.156,0.0013621377
0.174,88.62265
20.147,0.8486029
9.793,87.186134
10.26,64.24565
9.58,0.0004588789
0.22,18.520235
0.19,3.966885
0.107,89.87043
129.92,63.29056
10.837,691.8249
9.027,52.426746
10.434,0.7560386
18.535999999999998,32.804386
19.079999999999995,26.78126
30.964,256.45056
8.8,6.3930006
0.0,1.2021768
8.01,0.13606201
100.06,292.2294
10.013,81.15834
21.84,208.55182
9.813000000000002,18.807028
0.033,3.0451899
99.887,324.2021
20.103,94.67474
0.33,38.793953
0.626,0.43913686
9.873,134.4215
5.737,528.1207
0.093,24.53567
9.77,14.54918
7.917,0.8693107
19.947,0.022526512
9.893,33.558815
30.11,402.66602
0.017,73.05479
10.29,0.56044185
69.93,486.43335
10.19,14.91606
30.837,85.869354
36.24,4.046169
10.294,6.256799
18.673,10.020571
14.804,16.532251
1209.79,141.46126
279.33,772.7852
5.94,13.3357315
20.73,15.971303
0.063,6.4992204
800.216,604.5036
151.177,342.4002
0.033,0.51117086
18.993,276.1302
0.157,1.7036519
62.73,108.919075
8.377,0.19595194
9.03,35.14137
9.736,355.45465
20.843,116.212524
40.08,280.5824
19.537,364.38846
12.427,91.04305
271.133,48.45262
10.133,7.6295004
20.043,0.8891109
31.917,18.06614
80.747,292.86166
0.6399999999999999,44.288273
0.377,18.519926
0.937,0.6854645
9.884,189.6415
289.617,107.45295
9.377,3.1614175
0.097,18.78506
29.053,32.38205
11.170000000000002,7.85111
79.783,215.45757
179.97699999999998,371.9585
39.82,27.50333
45.96,1279.4812
38.81,86.25975
8.97,40.251095
10.75,69.294426
0.89,125.26523
0.513,7.2041574
19.73,0.58948493
110.183,606.3757
9.214,0.7620575
0.203,12.021247
0.66,60.539104
9.054,33.32002
249.827,134.81604
0.436,66.88478
0.047,1.5691606
28.444,0.78200585
31.3,103.60479
1.963,0.00108032
20.044,20.49169
0.11,23.49297
44.47,1144.9913
50.167,77.75603
10.22,30.145758
60.293,156.82784
10.397,57.51912
11.003,105.68715
9.823,116.944885
0.11,121.861786
19.72,315.3769
158.567,0.4670378
39.983000000000004,176.19505
0.843,24.936876
10.45,0.10000744
9.844,17.812355
0.357,38.283897
0.03,39.131485
89.237,413.84213
160.697,174.4682
20.32,0.21299928
0.03,27.681826
9.79,96.87216
0.36,22.612532
10.024000000000001,0.020254841
91.474,158.22649
0.45400000000000007,0.057705894
20.237,15.592733
82.407,106.53131
149.69699999999997,183.05315
179.777,606.48865
60.773,1499.2183
0.25,69.774605
1.083,0.9313626
0.127,16.46684
0.78,35.585396
69.53,29.6952
0.25,0.7845396
18.37,420.70422
9.887,1.0879536
0.297,38.124935
0.507,0.124777816
49.537,391.44022
50.06,43.44314
19.773,26.470676
1.38,4.755492
0.846,87.13991
19.313,63.375366
0.58,84.853935
0.236,2.5893545
9.26,5.9204464
0.75,1.1757816
0.12299999999999998,25.269756
0.07999999999999999,0.00044963192
9.26,0.14372613
0.284,12.932647
0.297,84.72551
8.48,0.56385565
20.686,1254.4054
116.523,837.36725
9.243,1.2945288
20.22,529.4253
56.739999999999995,876.2761
20.093,1.3124286
48.83,51.499153
10.004,56.82376
19.953,0.101186186
70.44,136.4598
19.324,64.055756
19.19,70.66283
29.67,212.78989
0.83,1.4679942
19.36,0.18846439
9.157,9.136983
140.957,24.54444
29.557,2.9471898
10.053,203.31645
19.837,9.8725815
0.124,0.13450275
217.103,205.63399
1601.156,979.7922
21.286,335.25238
0.03,423.77948
0.127,0.11837431
39.6,0.7009376
36.867,0.15163644
0.5,2.952954
1.25,445.88034
108.927,632.2257
0.17,118.4014
19.967,0.10115878
30.196,311.2138
58.747,0.16856109
199.857,238.98299
0.156,0.6336873
4750.42,1593.1934
29.514,31.980724
24.047,36.429085
0.7529999999999999,0.017150123
9.137,44.930347
0.047,78.39872
19.167,1.9549699
0.864,21.082218
0.093,0.29984155
19.726,52.131424
0.653,108.47437
8.84,34.168217
0.39,0.13098754
39.717,492.9583
39.883,0.98217905
0.046,0.0017296484
9.523,0.50350803
9.74,99.860214
117.23,100.80107
9.437000000000001,0.14747849
0.127,47.458546
0.0,76.05372
25.39,268.60022
10.43,25.860119
230.0,1365.3943
0.11,1.0773154
0.017,0.59017855
829.824,2419.75
0.3469999999999999,19.784927
0.69,6.4571233
9.91,0.0042521656
0.07999999999999999,0.30880147
9.84,0.5524471
22.093,14.008082
8.25,33.87235
79.743,444.41437
10.19,6.0017886
20.11,159.26128
9.33,8.32712
0.07999999999999999,0.015804335
1.046,27.753471
9.56,8.433886
98.696,87.50405
19.81,4.665855
0.094,0.2409149
119.92,488.4932
10.003,0.00070545025
10.61,22.22102
9.91,7.314374
79.753,1211.669
10.25,21.705036
19.156,1.0952438
10.51,24.407564
19.247,17.525555
0.483,15.335017
9.736,0.0015943327
1.563,25.077618
60.35,798.1251
0.11,117.74783
20.1,89.641174
10.753,179.5998
0.626,0.014819612
39.124,236.85493
19.37,112.637375
4350.467,2586.5505
50.277,0.61254567
58.71300000000001,428.4177
10436.137,763.8553
9.74,5.655097
1.123,0.28742906
10.177,7.3014836
8.936,19.170362
0.44,0.00849431
0.453,56.62155
181.166,11.042027
299.58,431.32785
0.39,32.85065
19.8,0.056501698
9.04,0.4454545
59.99000000000001,1.0900941
20.877,198.69376
9.447,138.75754
20.333,0.14983168
220.3,353.61523
20.146,36.935806
10.877,15.583441
7.536,16.614904
8.903,0.32168767
0.28,185.03328
18.813,11.352312
10.607,9.910482
844.467,426.86902
10.266,0.069387525
48.642999999999994,251.02121
19.097,27.87464
9.967,0.3832433
120.103,642.46405
0.45400000000000007,0.0666237
0.503,48.245018
10.173,0.40989468
9.89,22.553041
19.46,88.450584
0.36,0.38640526
10.087,44.117043
18.383,21.344643
19.58,221.8016
19.897,656.5461
0.55,82.339226
10.07,53.95354
19.96,141.65437
11.03,71.888535
20.1,412.34766
0.093,2.0415754
0.703,19.164669
20.087,0.41280356
42.22,340.51654
0.25,2.1799374
0.063,1.6021265
60.184,51.081055
30.076,44.485466
0.143,60.91577
109.86,283.987
19.239999999999995,33.24479
652.1,825.9602
19.823000000000004,231.88211
0.033,3.3836985
0.6399999999999999,35.36873
9.67,52.388187
10.104,27.439491
49.066,21.142565
0.9299999999999999,0.81420964
0.11,0.64658856
8.43,23.846642
11.077,22.266527
0.14,43.410374
30.273,69.32879
0.174,14.849182
17.23,0.8197915
9.903,1.6675044
0.55,1.9473003
109.846,33.400707
319.413,574.84686
20.697,2.064137
20.4,0.15455453
374.3,248.74998
279.917,102.41349
0.233,88.62265
9.567,0.024009185
9.877,0.081195734
9.967,1.6213822
1799.884,651.00433
0.204,0.08387715
20.564,18.392874
9.31,1.0203602
9.987,2.469956
29.41,46.668514
20.647,21.96833
360.37,63.577194
10.72,129.4229
340.447,1463.951
3848.507,1819.812
0.233,79.42968
0.937,0.8158009
10.387,0.081766486
8.943,18.59184
9.89,0.22583184
29.82,123.60195
21.36,72.57167
0.094,6.8260884
10.093,358.70026
0.203,13.127994
70.297,121.0512
548.986,210.37451
19.777,9.339283
20.16,11.955523
5.92,296.4206
5.763,148.70116
170.787,8.254183
20.674,0.475475
20.78,34.851624
0.127,1.1373527
14.664000000000001,128.132
16.186,1147.6842
1.844,1.730968
8.79,66.45236
11.41,62.331497
9.454,2.446974
40.14,553.1211
0.07999999999999999,0.18117534
20.337,37.136158
0.233,3.917401
190.16,525.2464
0.314,20.399662
0.063,0.8785877
9.85,74.244514
20.47,0.0086066015
12.673,3.2570286
4.55,412.19186
0.187,136.23616
0.094,1.9045569
50.32,13.174646
29.956999999999997,114.480965
0.0,1.6682978
30.467,1.4560472
9.994,1.5026218
29.77,2.6967294
19.097,192.17004
3.953,103.59099
9.793,25.665
0.343,32.362812
19.244,647.52203
7.1,70.92282
6.804,308.72037
0.11,72.59057
100.823,10.708611
60.183,1186.3152
9.313,3.5791476
0.313,1.0148964
390.157,125.37486
171.59,890.8995
0.217,1.3987023
0.45400000000000007,0.038086
0.19,0.015836151
0.283,123.05378
39.563,103.4249
8.83,15.818694
20756.15,63.41347
10.11,20.302113
127.71,287.93063
0.156,22.826017
19.29,16.582464
589.816,80.54977
489.62699999999995,272.24857
9.387,4.3604865
29.504,0.04021758
60.06,1.3412181
19.914,0.2992131
10.95,887.9035
3.927,1.3352149
40.98,483.38214
0.407,2.288122
9.683,1.3433161
39.53,289.49347
39.976,0.4733264
0.093,22.54347
9.83,0.3727805
1208.593,642.9815
70.23399999999998,167.89264
10.239999999999998,299.57663
20.233,643.70435
9.45,0.056765158
28.95,4.154408
10.357,0.25937915
88.857,228.8007
9.403,37.233704
330.204,211.36465
0.013,5.147361
8.824,0.7316128
20.479999999999997,0.047626056
0.253,0.38023365
0.296,16.262857
104.313,1194.6233
60.437,40.72238
20.957,119.575615
9.68,14.191237
24.343,0.08862191
10.937,148.16156
8.755999999999998,0.92101085
0.53,0.0011762449
0.92,98.94824
9.469999999999999,136.79297
9.507,30.127148
69.423,1367.5646
9.933,31.094917
41.536,29.39208
0.547,14.300513
199.7,54.803185
80.147,241.23259
69.90000000000002,425.387
0.03,0.637433
0.03,45.931305
10.48,7.8100085
0.8440000000000001,0.1897678
0.017,0.059292495
0.143,0.00150953
0.457,75.855515
19.024,39.14791
0.11,6.0498166
7.709999999999999,9.401312
0.55,0.36535951
20.857,41.066525
9.76,18.859163
10.89,0.03693302
0.07599999999999998,1.7450691
0.31,15.361058
9.896,327.3339
40.273,219.86601
0.297,0.8978464
0.03,21.972158
9.787,0.74647635
9.98,3.3175557
20.37,15.250839
0.07999999999999999,0.18188477
20.013,15.335017
131.207,192.89513
1120.506,578.2473
0.17,0.14150262
8.71,0.001329526
1.99,0.40905753
0.106,61.611404
11.91,7.2389913
9.813000000000002,336.81012
4829.993,118.9153
0.89,47.458546
8.88,90.187386
100.033,64.44703
0.3,33.422867
10.41,39.135483
0.07999999999999999,72.20767
140.227,494.61807
129.813,4.055795
30.02,0.08728075
9.474,16.614887
69.74,0.111575365
49.65,0.022276897
19.239999999999995,0.016881978
30.1,364.40152
10.187,3.26152
9.213,0.5010384
11.07,1.6931876
0.344,7.4734488
10.400000000000002,190.5503
0.47,0.2924916
28.947,23.693323
40.833,37.66288
190.81,341.95084
9.97,2.0415754
20.033,356.4351
1360.19,2087.5718
510.033,250.70018
0.0,26.324844
5082.816,553.52484
1.267,52.202618
40.004,628.5605
1.407,18.943613
0.693,1.6557877
0.724,36.912727
0.12299999999999998,1.7547982
21.534,51.022766
10.39,2.315871
0.913,0.047985993
40.17,281.52084
9.516,60.539104
0.797,111.16248
1460.14,10.71445
20.076,38.281452
40.35,0.5148838
29.32,0.100099325
9.813000000000002,16.755777
9.75,0.034255035
16.97,270.92157
9.427,102.12115
10.943,701.6616
870.063,400.01526
30.216,655.23926
9.6,1.4111097
9.46,2.391292
0.063,29.936918
30.41,65.890854
19.886,59.43635
29.77,0.052941844
0.327,0.8785877
0.017,1.9447191
80.75,156.5972
20.093,53.086975
20.767,64.6371
9.37,24.711597
19.916,48.152245
10.084,4.685098
0.967,20.100338
80.13,6.1764693
0.077,0.6121264
20.237,42.086266
0.017,1.6199926
0.707,26.797968
9.933,0.42426372
0.3469999999999999,0.97230893
0.28,3.9152493
1.126,0.0016460408
0.907,248.6021
1.017,80.2482
0.157,10.825899
1.07,0.023249159
0.143,0.053408995
99.573,18.227837
70.703,113.69285
8.154,10.929461
16.343,33.518024
39.78,456.21442
11.15,17.626461
10.1,417.9622
39.867,1479.2062
0.14,2.391292
19.573,28.787949
0.034,4.439469
10.76,1.1563925
0.037,0.5293197
0.17,4.576656
7.527,569.40424
19.709999999999997,203.8392
20.033,25.414646
18.33,152.53429
21.847,444.4152
31.31,59.12882
610.953,244.14738
9.897,20.32829
0.153,0.012218546
159.663,647.1019
0.423,0.00123599
139.77700000000002,1939.7556
729.013,365.1111
0.373,68.24202
17056.907,4025.2834
9.84,0.0993336
80.09,431.58704
0.03,21.275646
363.66,2185.589
280.02,899.3513
120.843,605.3083
0.064,0.9062957
18.797,11.937556
10.047,31.266865
0.736,0.20634957
0.263,0.8150597
0.25,0.24502446
0.47,0.44716725
9.407,28.578396
18.593,112.91034
2530.0200000000004,649.7564
0.217,0.6781542
1479.9,464.68097
30.447,80.1931
19.217,1200.3455
17.47,16.952913
19.34,32.569374
10.054,589.81177
19.617,0.051998217
9.287000000000003,60.178486
30.839999999999996,37.391216
20.257,301.75275
19.14,1.0315568
19.57,58.285164
9.44,23.587357
62.257,357.7342
0.3469999999999999,15.685343
20.01,32.19552
0.483,0.034214973
0.956,2.0063307
0.8440000000000001,0.2021584
0.077,0.00051849347
10.433,246.45961
0.0,0.006848104
250.863,777.30084
9.53,1.4680682
1.047,30.528349
8.94,89.72158
270.18,3.2463837
89.757,13.119274
9.937,0.25646618
1.487,2.2086804
39.833000000000006,52.12778
18.943,1.7635384
0.25,1.0085595
200.517,204.89818
0.283,0.23691809
0.863,28.547962
30.167,50.584824
0.094,102.805145
19.997,1.9170334
20.046,0.41910344
9.95,61.187405
1.35,2.4142902
40.023,25.605927
9.59,2.6174076
8.803,83.87039
0.687,106.88738
20.517,46.509712
9.177,0.18188477
0.284,109.777695
10.083,0.0013170978
9.937,15.553069
8.603,0.054701313
0.173,0.011457297
0.296,0.35419914
42.35,24.370258
29.89,4.6178885
9.619999999999997,7.7481065
60.226,204.90062
28.49,0.08821219
40.727,501.74756
29.833,25.438654
10.867,3.2758298
0.077,47.458546
0.17,0.21110705
499.0299999999999,2.184149
8.823,0.2856177
140.09,132.69942
139.863,470.0585
10.66,107.378815
9.807,77.97268
19.957,118.49366
10.103,0.056322712
70.55,33.97204
139.89,561.7957
101.223,467.75073
19.89,443.18674
9.96,50.342896
19.864,0.061738215
9.316,1.1793581
0.0,2.0146036
6708.807,446.79263
20.53,189.52287
9.507,190.7004
0.623,13.507743
0.046,0.5968153
9.77,0.4806582
10.007,40.994705
10.213,35.248917
29.997,0.26274735
0.14,1.6664565
0.483,440.21942
59.713,9.490242
220.35,1702.0026
0.063,0.026077658
20.950000000000003,67.94109
179.98,1009.9929
8.75,101.74366
10.083,98.738556
20.703,2.7328277
20.74,2.5176065
11.983,23.362509
51.44,231.25572
10.157,40.84061
0.267,1.7640564
19.174,45.423283
20.404,2.1067817
0.017,2.794179
9.3,1.2679778
9.83,44.2639
0.097,44.1655
0.03,15.9901495
41.727,49.974533
10.037,9.887087
3532.857,1165.1006
9.734,0.089579195
10.293,0.13155715
18.82,442.2222
9.083,37.724552
9.337,128.94447
0.11,2.188747
0.07999999999999999,4.675217
238.673,1201.5907
0.03,31.833775
0.3,44.025223
0.22,39.391125
29.357,12.949178
0.017,0.13113366
0.07999999999999999,14.311682
19.806,81.33286
19.503,1.5908389
19.203000000000003,0.12712553
11.013,91.93096
0.14,20.10697
80.057,118.21198
9.297,47.579838
169.693,101.455154
15.823,27.715307
9.89,122.01708
2601.337,893.1486
9.393,12.587053
49.343,50.197628
0.063,31.576391
10.54,52.536472
50.006,10.456308
0.14,11.255291
47.077,126.025406
71.13,88.19202
0.094,2.5893545
111.00000000000001,155.05
0.44,13.87655
39.1,8.305299
7.747,35.47735
0.297,0.91165364
314.34999999999997,996.4549
69.673,93.68659
20.634,1.0560217
8.12,0.124646395
9.4,129.4889
0.766,29.250925
10.587,81.157295
144.937,93.56014
8.457,1.8979701
19.709999999999997,4.610818
0.126,20.843948
90.196,450.29327
100.35,494.1824
50.727,0.034763925
1.017,0.55077887
0.75,0.61680424
9.016,452.1949
99.947,1333.9365
19.527,23.753101
9.887,0.15052299
100.533,343.72086
8.32,0.01868801
19.577,20.904491
0.687,17.389921
180.624,1.855566
9.953,0.14503351
180.36,212.93253
10.084,0.16820554
18.867,388.38333
18.174,77.58377
39.244,213.54382
0.093,563.0452
0.657,39.123238
0.813,1.9893444
19.93,24.594254
0.237,0.002989169
19.967,87.322685
0.156,89.53179
5.103,16.244497
13.923,41.72426
18.693,0.46571368
249.77,692.6887
15.206,149.40683
8.713,33.131077
39.296,0.16761886
89.7,20.411293
240.72,280.15097
0.296,0.4152044
10.003,15.784722
10.537,0.13266511
261.037,74.11935
60.207,239.52919
259.53,585.83826
9.78,46.98275
11.1,33.934677
20.003,7.5301275
8.687,35.827816
0.047,30.32019
0.016,0.093305066
104.044,1354.8481
9.984,7.7427006
0.016,0.120874
9.577,22.826017
62.426,1582.6356
10.413,7.430074
0.44,0.67774624
89.80999999999999,379.26328
19.723,0.032374255
9.907,19.307606
140.214,19.21061
0.217,3.7458858
0.373,208.86356
18.11,20.064594
0.266,0.035074294
0.58,34.838966
1085.717,481.95868
9.68,216.21063
8.807,0.007213352
30.334,26.576746
420.374,208.3993
0.83,4.9538507
41.194,6.7724943
0.153,25.785606
99.89,2.6220891
0.253,18.414167
200.403,948.2278
510.434,982.39154
271.137,289.71494
10.214,0.0787582
10.812999999999999,31.645973
961.153,1454.7021
0.14,0.06762506
19.763,67.22955
9.153,1.2569115
9.663,0.031049458
0.093,3.5791476
0.0,0.021110544
8.347,37.233704
3.907,149.78659
9.736,20.625854
9.73,57.6795
596.654,161.35622
0.156,73.36553
20.253,0.044656906
10.104,371.25116
19.527,290.88458
59.657,0.08247242
30.05,74.56032
129.114,971.80853
0.233,12.8027315
49.477,4.7199974
9.626,75.36807
8.837,117.94622
0.376,15.43035
1330.103,94.03561
9.567,29.351284
8.887,73.92533
10.06,0.57929754
9.05,0.40420517
10.2,81.224365
670.3,151.02269
0.263,0.10622034
1019.0100000000001,14.046194
2161.374,710.46075
10.133,47.18286
18.886,22.691862
14.954,20.433512
37.42,0.03693302
69.92,349.40903
0.093,0.20714335
0.297,0.215926
0.156,1.4453821
10.554,19.90331
18.406,0.20603727
109.573,441.65698
69.043,331.3908
0.233,42.7542
19.937,656.6385
0.233,0.011430819
0.457,9.241901
60.357,645.5469
0.124,0.032609414
30.49,4.716317
9.956,27.272121
29.25,27.070265
100.846,103.97572
9.77,87.255295
0.693,495.22562
29.87,91.14708
0.28,1.6300097
0.0,360.8042
459.787,606.05865
10.253999999999998,0.17618293
0.174,82.52004
19.859999999999996,24.326794
8.664,0.7233654
0.107,11.010976
9.787,0.044398088
9.032999999999998,0.76855594
20.257,138.08478
50.104,0.032854617
13.4,11.6718235
140.464,833.9295
250.536,369.69232
19.093,16.585138
9.33,2.0977786
27.093,97.836296
9.48,1.5691606
0.157,205.11409
9.783,123.93902
3.827,92.55401
0.216,0.090504274
37.336,284.96747
9.897,4.0619063
9.9,6.051692
229.48,486.66788
0.313,1.0484517
10.46,13.213443
18.567,36.278458
0.097,0.5825547
1.313,0.5318862
19.627,6.6721196
0.14,40.906765
240.204,0.416837
90.013,3.864342
32.39,105.848816
9.06,2.350327
160.304,147.9404
159.767,225.6483
7.967,100.24748
19.123,0.013813882
19.7,103.95175
9.72,0.21422769
10.6,17.729782
59.44,1091.77
0.046,28.166094
0.187,0.15052299
0.317,0.006848104
80.72,460.6099
2.143,37.241154
0.517,48.09017
630.22,639.6904
38.137,133.70656
140.06,4.589713
8.96,91.53413
0.22,49.857285
20.774,63.162594
9.847,0.16567455
0.013,82.333305
8.19,0.35729384
0.106,1.9794774
90.43,82.22785
9.41,0.046533227
0.216,26.008036
0.5,1.9736438
28.553,171.46088
0.017,1.9736438
0.047,104.05504
18.95,842.47565
90.677,302.2771
0.28,95.20943
0.843,71.579216
310.64,459.564
469.93,211.01698
1.5,44.609337
619.84,585.7724
11.073,408.90515
8.78,108.30346
19.893,31.780603
9.46,28.820501
3.11,1.1405994
9.48,33.631557
0.047,11.193706
9.56,20.589993
9.38,0.0917411
0.313,89.30863
0.517,0.08629921
209.973,440.55078
19.573,42.23324
10.197,33.695316
0.254,7.430074
0.07999999999999999,1.8879892
10.5,361.2675
19.946,408.571
81.424,2.0454707
0.047,4.808417
20.453,40.492283
0.097,34.915707
359.87,805.2829
9.677,1.6742089
9.25,7.6050673
0.47,7.4734488
30.39,61.611702
359.774,78.26477
0.06,2.3098307
29.616,8.745023
290.167,343.21365
9.02,24.360514
10.833,198.9052
19.803,301.45975
200.014,21.854422
29.83,34.59151
100.3,134.42137
19.783,10.702475
9.167,1.0291405
7209.934,96.49222
19.984,58.001335
0.07999999999999999,38.124935
32.283,514.0166
30.093,0.63004404
8.766,13.406332
0.0,92.30244
9.003,108.669426
19.603,19.097181
0.237,225.3014
19.947,116.93706
184.727,607.7788
19.557,112.15442
0.017,39.426605
39.563,768.8084
0.25,1.5501318
10.08,15.057008
19.883,75.76867
9.477,78.04293
8.7,0.47329572
0.466,18.57544
29.834,22.212687
9.103,52.121727
19.187,306.8438
10.017,21.292494
10.907000000000002,172.33788
19.787,19.319048
0.593,131.24527
690.05,1.1517704
9.563,46.684856
19.886,61.73355
10.23,171.23427
0.14,2.5227516
19.607,2.4049058
9.11,112.82102
0.14399999999999996,1.3168315
10.21,8.524846
9.05,3.3402486
50.82300000000001,479.6249
374.704,109.923645
7.16,16.808409
440.083,396.24307
0.157,44.897854
0.016,95.07499
9.074,0.13987845
10.497,40.574482
6.6,20.570482
18.953,456.76276
27.21,127.54368
1039.807,897.8212
9.91,117.08432
60.14000000000001,85.7701
9.413,101.5797
0.61,38.82273
10.913,55.83866
10.276,902.5478
0.12299999999999998,0.89090705
80.066,14.060863
0.22,0.7930723
80.037,559.10254
19.196,89.87043
0.703,27.381731
0.156,42.359226
40.03,1.9165051
20.53,61.440872
0.923,0.46356514
0.094,88.22957
9.38,0.2844014
9.144,131.35985
0.5,2.9947286
9.234,1.0735668
9.96,68.823715
30.373,14.8519
9.91,19.518559
600.58,423.4402
49.53,110.18109
9.86,0.0013170978
10.08,1.9736438
8.983,1.0203602
0.19,107.38275
9.87,0.117052816
0.14,20.209578
34.12,35.325005
1939.847,532.27716
19.98,12.565904
10.093,68.64118
8.816999999999998,2.2856705
19.886,7.544459
9.997,103.60479
20.026,29.707329
19.877,39.432392
39.12,75.87568
20.31,1215.0703
0.05,22.383127
0.22,15.542541
119.84,69.76691
0.06,0.09096678
130.007,323.9015
0.0,41.06083
10.354,0.12219448
0.25,209.71518
9.953,1.1841964
19.464,25.924522
0.89,0.0011074188
259.827,295.88983
10.073,0.49284407
0.033,1.5142866
0.644,122.35199
1.566,2.8155928
29.123,0.8218423
20.067000000000004,47.88715
0.03,56.101704
60.02,0.52599
10.384,66.05995
28.693,390.8774
0.42,13.766986
19.906999999999996,29.557772
8.623,18.27109
10.16,79.52823
10.493,0.50024104
130.17,0.44464937
9.684,2.288122
0.063,0.27430603
9.1,0.16499469
1.443,1.584719
0.14,0.19531609
0.217,116.194916
80.393,469.2571
52.087,52.86558
147.61600000000004,0.06839161
51.457,24.691118
3182.4,459.77707
9.86,0.029120209
9.127,1.7457185
6.637,228.84296
19.343,20.67375
19.22,29.135649
8.73,0.08011596
0.643,91.72007
9.213,1.1894742
11.277,2.828659
10.04,857.7737
0.203,0.013202634
9.873,1.9045569
70.86,0.07134094
10.084,14.074381
10.034,28.982685
29.907,161.47374
0.973,2.1084821
0.407,64.55561
19.96,315.62146
1.02,25.083069
9.686000000000002,2.2346244
19.69,101.41305
9.577,3.0701075
19.04,1090.5842
9.59,7.0920835
19.937,118.55608
8.296,0.048787706
0.143,2.1424072
9.903,1.8956237
0.077,8.507282
20.84,304.0112
0.453,0.038237065
0.22,15.805236
0.47,59.538403
3774.663,911.787
8.374,92.755394
0.517,1.3374337
339.82,188.82224
10.09,2.9743078
180.027,1032.7382
59.356,975.24414
1.063,0.0015664776
0.047,17.82326
9.884,69.46311
20.473,4.1097927
0.0,0.21299928
649.1,642.39233
0.39,3.7099788
29.927,16.95953
0.3,14.155506
70.327,0.42696694
0.0,2.7826285
1.033,241.78925
19.01,28.165476
19.656,573.3856
0.28,2.9354265
4.484,63.522266
17.803,2.988951
0.33,9.969988
41.023,0.9259816
19.637,14.3875675
28.64,141.00269
10.26,24.961544
20.85,18.767038
10.91,96.25779
198.113,41.548992
0.317,129.10944
18.837,154.83186
39.53300000000001,140.99455
10.563,14.9534645
0.45400000000000007,0.25764355
259.624,821.4876
50.41,131.04204
9.513,26.857662
29.94,58.525723
9.067,88.73659
0.0,0.35419914
9.807,1.0608929
39.293,0.7965452
0.03,6.3384576
9.497,1.6300097
140.11,410.08307
99.993,430.89447
9.89,0.89090705
640.0,870.7917
0.436,32.65932
19.5,0.276347
9.69,49.84843
8.653,0.24343948
20.08,98.98861
9.247,264.41803
0.11,110.99278
0.127,28.407974
20.543,35.94714
1.22,444.41147
11.03,393.77936
8.926,54.85956
18.28,37.938652
9.793,0.89476913
20.033,10.848879
9.257,206.69992
19.807,352.26337
279.65,98.55431
0.017,115.31903
150.36,512.5706
1.643,111.046455
449.943,399.62604
31.13,13.197487
9.867,126.57895
9.143,0.2284126
30.077,22.172485
70.15999999999998,6.097154
49.966,19.051739
8.68,73.57569
0.78,0.36535951
0.3469999999999999,1.3168315
9.28,161.08246
0.45400000000000007,40.626423
120.607,108.84366
10.010000000000002,41.32361
0.75,1.0207756
19.74,147.35336
10.16,21.654987
30.043,0.009677022
92.08,315.6629
0.127,2.2346244
730.304,292.97647
12.0,109.49673
8.813,0.76855594
19.02,40.53827
29.397,30.26194
0.58,0.68510383
10.77,171.08086
0.094,1.6013477
120.014,39.9143
89.826,3.1557245
20.073,88.458115
9.067,14.414317
31.23,1.5501318
50.087,353.9468
0.063,11.255291
0.296,46.514812
7.7170000000000005,28.761486
9.967,1.4909616
11.45,2.2870421
0.284,31.4097
0.03,12.475693
13.127,103.59099
0.457,16.763567
9.46,0.6955739
80.28,190.6275
59.847,607.15247
0.42,0.034474578
9.933,118.49366
9.424,86.49839
0.093,0.1566136
9.623,82.165764
20.61,123.50014
0.06,2.794179
7.367,60.94637
0.38,0.0070719514
9.687,24.900484
9.469999999999999,0.002679642
0.097,16.183031
0.456,0.56928796
0.33,0.017405353
19.843,371.25116
1.8970000000000002,24.853497
26.543,845.1414
0.723,140.4849
0.157,12.0222025
29.673,99.31563
99.913,72.86256
10.563,45.600075
0.69,768.593
39.473,128.14766
20.06,2.7206795
9.857,31.031635
10.79,8.593673
9.896,0.0060334336
0.577,14.469574
21.456999999999997,0.12774254
20.06,319.2029
59.984,0.7623221
7.4399999999999995,455.9426
94.043,224.93332
20.227000000000004,9.837185
10.06,0.078812
10.497,91.4976
9.757,0.01971901
17.536,0.49057215
90.99,1200.3455
0.263,0.020772872
98.443,347.1309
19.853,20.629837
10.864,0.4976986
9.76,23.193172
199.293,171.4608
18.537,92.18439
0.11,2.5576575
10.033,2.7259383
0.297,84.71003
10.59,189.9663
5.587,70.62697
0.017,1.7233996
1140.197,399.37643
30.243,1.6188203
20.347,75.49584
29.907,206.19081
0.39,10.71302
40.943,157.64061
9.693,9.855849
0.49,18.024994
79.88,5.25783
88.62,1.539381
0.034,17.615755
9.37,0.0087068
1.32,320.64606
10.043,827.56854
3.084,354.55066
2970.307,988.9715
70.28,368.1586
4.713,1.4792746
10.116,6.0941133
50.923,101.74908
11.967,1.4176029
9.823,0.14215602
19.586,0.29742593
0.046,15.802215
39.977,61.718807
0.013,1.3352149
8.743,1.2184857
10.337,0.12519641
20.18,19.282202
19.436,25.47696
0.25,0.012617988
0.077,0.19531555
28.664,37.60335
10.48,67.51841
10.423,15.932902
0.796,0.20592907
78.48299999999999,26.599566
0.607,54.037846
21.013,0.6742612
9.377,25.953049
204.97,261.5338
9.61,0.048787706
0.12299999999999998,0.05126896
9.873,7.8477116
49.53,172.2423
10.07,189.93631
0.17,3.6272333
0.6,3.3275483
138.4,192.69543
9.4,11.715268
520.317,111.99775
948.9,544.0277
19.694,82.17955
0.66,0.4376168
20.01,37.51901
9.463,0.029882105
0.093,112.918915
49.684,100.72948
12.083,42.81683
39.58,0.102830924
19.494000000000003,35.000732
0.143,323.9015
0.17,14.141763
8.797,74.244514
49.134,24.929228
9.887,10.194421
1.11,70.7652
28.26,24.96126
0.406,0.001983926
29.996,9.670011
0.157,4.611824
0.17,0.8075194
0.03,0.79105854
0.72,0.001983926
9.017,30.859125
10.097,1.9831545
49.96,59.428402
0.233,11.899116
0.44,275.98688
12.864,6.024701
40.913,590.64276
51.437,46.95985
8.953,0.55077887
40.21,204.41548
0.52,0.015304037
0.174,0.13113366
19.326,455.13678
27.493,447.4862
11.756,135.53755
9.493,12.932647
392.303,290.46735
10.913,0.435278
10.077,1.4440569
9.82,3.362575
11.61,42.267006
0.4,14.572909
0.034,73.65752
9.047,200.70845
9.514,6.3384576
16.13,136.82762
9.743,291.88586
0.064,1.2112207
11.173,106.07969
39.94,351.50107
0.22,2.9761038
0.863,40.527336
30.123,3.227287
0.894,146.9388
0.623,0.5808709
0.58,36.64894
20.763,458.74963
20.496,34.205265
0.376,0.9062957
9.2,2.8785594
0.15999999999999998,0.4376168
50.14,141.44717
18.903,213.15764
9.874000000000002,95.26
8.437,0.548615
10.347,9.178334
9.953,1.4486139
9.353,1.4043063
348.95,258.08115
0.33,0.0010281053
410.033,620.90906
0.5,58.974663
10.264,2.5468223
19.627,31.704792
30.18,1340.5833
19.714,0.21017654
9.027,1.8164512
4.39,0.20037545
0.67,0.0075418707
18.217,25.574873
18.657,58.498734
0.784,94.41971
16.973,16.923649
0.177,208.86356
80.31,95.42659
0.25,20.025541
939.857,2548.6968
0.064,33.776604
18.74,2.558948
19.763,25.077618
159.824,601.2612
0.877,41.102295
1.25,123.05378
9.074,0.009358394
19.687,90.22453
20.113999999999997,0.9313626
49.13300000000001,108.81685
9.64,99.89601
2083.44,866.264
30.026,361.4589
7.743000000000001,0.6480009
10.08,25.924402
32.324,790.22314
20.113,0.010609636
10.25,0.102239214
0.016,0.18645765
8.657,0.017700842
3.317,33.740997
10.113,0.74516624
0.357,24.049782
10.053,0.18119867
149.604,93.32976
9.587,89.70376
1.91,29.931341
0.427,0.011457297
8.18,25.003296
2327.98,612.54517
0.314,45.95428
102.877,1343.4993
19.68,22.944502
19.823000000000004,4.663
9.937,204.5292
78.037,410.28595
349.0470000000001,464.3465
29.547,12.132952
10.373,148.70116
40.054,398.27112
11.2,191.08246
220.914,0.2505199
10.06,0.8152004
0.157,1.3796117
10.137000000000002,148.86049
68.89,80.897804
78.877,224.65176
0.22,26.105984
120.977,297.00333
58.986,431.94846
20.323,0.036849175
77.924,681.6279
0.033,2.6771946
0.11,38.574062
17.407,11.714699
0.33,3.26152
70.32,66.99999
59.03,73.69711
8.804,38.861217
0.453,0.0754415
8.08,34.79449
19.47,10.267723
28.942999999999998,60.17412
70.87399999999998,55.933605
19.597,35.238792
0.263,2.3974595
20.35,3.141981
9.377,0.8657467
19.02,3.7458858
8.087,0.5539363
9.88,25.247536
9.11,2.8198543
28.823,67.51985
0.17,1040.5842
11.094,49.57307
0.9570000000000001,81.27423
0.953,0.6988631
10.094,17.095144
9.083,25.158981
181.484,176.5754
9.91,1.3987023
0.47,34.49779
19.703,3.2423837
3.1399999999999997,17.916782
9.613,162.81192
1.504,0.17702603
0.423,35.585396
0.11,0.009096852
30.39,121.94046
0.07999999999999999,1.6199926
19.983,3.44914
0.22,17.315792
60.99,322.198
0.07599999999999998,876.4388
0.297,4.5467715
4.445999999999999,4.574098
48.893,107.29278
19.78,54.01344
80.07,213.97238
219.98,970.5425
20.96,62.36856
9.976999999999999,0.3173998
0.393,910.4138
859.9,1505.335
4289.587,1439.1671
0.19,19.896215
0.407,84.79761
70.153,44.45598
60.043,1174.2723
0.254,28.430883
9.786,0.5498982
60.237,316.64456
50.426,0.025137566
10.127,95.342094
59.303,9.465664
28.797,101.41305
9.9,1.8444107
10.9,24.334354
19.317,19.969572
20.417,0.67342764
380.54,2372.58
19.68,0.45536143
39.897,18.77129
19.709999999999997,189.05345
59.967,93.81107
0.517,0.820731
19.93,7.680401
10.033,19.21364
20.23,186.13971
10.667,72.20767
9.646,0.35342908
0.03,0.8049598
29.634,0.093710296
28.93,0.03799943
0.5,78.07903
352.1840000000001,273.94553
8.613,2.539191
10.153,26.8571
9.327,0.05126896
10.413,0.6687093
0.25,23.27529
39.786,81.43981
11.0,0.10361717
10.014,34.141758
30.323,131.79704
0.017,17.87531
19.143,35.96192
349.977,204.26118
11.14,46.7524
9.333,2.2026837
9.796,1.5682642
19.817,2.0883894
169.143,3332.344
0.03,11.317203
0.827,35.220604
1171.1900000000003,732.952
9.65,60.22517
30.163,133.53783
10.95,1.3896456
0.017,1.9691002
20.15,11.133135
7220.220000000001,1661.1842
19.787,0.048297457
0.233,27.861734
9.103,46.875748
1.623,1.0522429
190.11699999999996,523.3961
71.07,2176.14
69.736,103.03132
8.806,38.62086
6659.73,1253.3442
10.494,529.8286
18.427,40.443996
0.153,1.2413317
0.127,79.144005
10.02,33.216343
0.017,18.625196
509.893,388.38333
190.14000000000001,444.87247
0.11,0.90170246
39.92699999999999,20.563887
216.397,418.27158
0.373,98.330925
12.646,78.20723
0.0,58.84
0.063,13.344253
0.22,0.820731
2819.327,904.2232
99.907,201.81512
7.24,0.49284407
9.363,0.002679642
130.17,0.92795014
156.313,11.633374
400.713,822.2995
9.693,11.317203
20.587,21.598398
8.407,0.8547138
9.347,10.905157
0.047,79.73663
13.343999999999998,427.12894
0.19,125.40643
21.024,65.02307
700.0,653.0666
0.093,0.0015943297
18.57,30.774424
9.453,19.531286
6.126,0.22583184
9.344,2.883784
10.67,30.774424
30.467,30.545412
0.06,12.507178
259.607,283.51492
0.346,0.06762506
20.39,17.657076
10.266,61.304935
131.034,401.20084
30.046,102.8785
917.933,106.79861
1.127,866.33594
0.36,0.10540357
128.986,135.2153
9.06,96.44772
27.89,0.41888127
0.373,2.0504842
219.893,92.159294
0.034,5.4656663
42.17,458.92178
0.11,1.479942
0.233,30.47304
0.267,93.14862
30.704,0.1718668
739.9300000000001,268.6028
21.05,145.94884
8.263,43.1943
9.053,29.407446
479.423,523.1004
0.22,5.9833612
29.687,0.51224685
9.697,0.05416972
9.976999999999999,4.556533
18.13,28.85287
9.317,36.85603
10.233,261.4696
9.694,38.710167
0.0,44.657528
329.007,57.65106
10.627,2.2639823
3867.38,770.27136
1060.033,1261.9891
8.769999999999998,88.50937
9.647,1.5314682
29.33,187.19145
10.173,26.961235
0.017,0.35729384
0.663,0.4446485
478.683,578.91675
10.174,130.81009
109.82,174.70879
198.807,385.25534
160.41,779.30084
49.91,0.32151932
10.49,22.327003
8.07,13.053739
19.53,18.696983
9.74,57.95853
140.58599999999998,65.42473
0.593,12.386259
9.766,0.3857517
21.982999999999997,17.0391
491.077,460.08014
200.153,169.87076
10.143,55.338974
0.283,0.5205899
8.2,25.252209
10.443,12.134223
9.94,0.53995043
10.247,44.031513
9.994,0.2986344
0.313,0.23083393
86.414,107.81361
60.944,33.210598
31.223,10.22585
20.804,1.4493779
10.710000000000003,18.91995
0.22,0.021370595
10.03,86.69532
19.007,7.6220617
250.09999999999997,285.97888
40.01,366.01855
110.65999999999998,140.59215
9.37,16.946869
10.07,44.487778
0.266,98.94824
18.637,3.11959
158.93,55.24534
9.946,0.052123785
0.27,21.548672
0.56,0.039334793
470.417,970.72095
0.077,2.350327
0.046,47.68815
0.593,34.915707
0.063,1.4433559
30.15,83.298615
60.086,47.158688
20.6,31.468382
9.85,0.024009185
19.227,0.4200374
30.16,2.7745473
0.877,39.466248
19.79,31.734531
20.96,27.381731
9.687,21.532173
19.89,0.04744626
10.94,0.24447383
150.337,47.30555
0.07999999999999999,81.15812
299.63699999999994,324.03543
0.143,0.18544982
8.867,18.540018
319.893,881.5444
16.04,835.73706
40.82,185.22281
63.77,438.95676
10.434,4.284439
80.03,334.4479
9.647,20.996372
165.41,1356.0308
180.163,356.67645
10.067,147.35336
8.816999999999998,87.255295
0.153,0.79105854
0.17,12.287976
8.836000000000002,0.056322712
20.05,170.07846
39.483,79.31715
0.517,22.223942
1852.74,1284.1382
170.154,98.29983
90.14,359.4753
9.956,40.701042
0.017,0.004037413
8.97,38.992695
10.917,17.93996
0.843,16.659569
0.297,2.906988
0.157,0.02560453
0.063,41.469463
0.75,35.47735
10.173,65.51179
20.256,214.76
0.703,162.81204
1029.616,1139.1401
0.737,87.04284
1.237,33.723114
0.0,8.32712
0.99,0.0029085856
18.173,0.03630228
10.767,167.17162
29.887,1.3697507
29.257,48.630577
629.87,12.779062
0.017,3.8277476
0.5,2370.0774
10.247,0.3005257
19.667,1.1193444
1608.67,5.423381
19.41,0.738831
28.847,40.748985
480.487,614.49884
19.937,194.42825
9.987,1.9837445
0.013,1.2688354
450.52,1687.3003
0.07599999999999998,7.629507
41.903,14.762593
9.63,0.36535951
9.594,2.407345
479.576,141.06604
19.687,0.11423034
0.063,13.660134
9.627,1.451742
4330.41,646.9284
10.727,2.6264312
19.847,117.762596
20.16,0.1897678
18.69,18.809309
27.867,30.370716
1.063,91.96967
310.07,90.04662
331.11,479.6987
0.67,0.890231
0.94,0.48596138
0.173,43.348515
0.297,0.16526775
5632.473,1118.8251
8.973,18.361185
9.36,1.0425204
20.316,295.37802
50.123,2.9230773
19.203000000000003,2.540947
18.833,31.545326
8.097,0.2938134
5270.063,367.90903
19.11,42.139347
9.397,0.01272655
39.64600000000001,65.78162
1.703,38.461353
20.46,0.8156071
51.196,452.01822
9.87,63.92406
40.453,61.647522
0.093,72.70289
0.016,19.874884
9.25,205.11707
9.74,79.94886
9.903,50.153976
90.46699999999998,301.24283
0.427,67.66004
0.093,12.638212
11.19,260.55853
0.594,85.585945
17.663,738.40924
119.6,189.57628
0.03,0.004503768
19.833,11.893265
6.993,33.59037
9.929999999999998,37.78001
10.163,111.56826
8.514,27.715307
7.763,206.69992
30.113,141.82999
0.847,0.0106293745
0.263,31.194149
0.874,1.074831
9.157,0.97979814
39.637,15.222175
10.383,32.40413
8.153,34.087593
570.61,383.85858
9.704,69.802155
49.754,138.76115
9.74,92.84071
8.853,90.8284
6.66,79.10978
10.35,1.1074165
35.116,760.6283
0.36,0.056877602
59.216,1330.3473
50.867,158.12427
120.157,734.32965
116.347,175.96545
105.55400000000002,1261.1018
10.133,3.2123437
71.067,265.40964
0.203,0.0033344429
0.406,0.7797948
9.834,1.0402492
0.374,34.457996
118.93,191.56998
270.177,31.4325
9.0,0.00048777676
8.94,0.14098775
29.417,84.1261
130.376,439.37354
1.403,12.638212
0.03,159.26128
8.177,0.0008226482
0.047,41.967857
1.19,4.010717
460.014,102.563095
0.077,0.49580172
8.42,0.15344568
0.07999999999999999,27.183683
1.11,64.74197
0.046,3.8064146
0.3,2.188747
9.77,0.21079054
30.884,116.934845
0.873,1.4323646
21.23,367.68472
9.986,80.75091
20.166,457.39124
19.724,0.52482647
9.023,0.10866566
179.347,1.8126062
9.383,22.05744
19.816,42.414997
0.297,53.41236
0.186,0.14747849
18.92,827.426
79.777,9.840554
10.707,5.9904795
10.09,5.840211
38.817,458.5497
9.633,0.0017296484
0.07999999999999999,1.2821226
9.637,58.341022
0.14,33.46729
9.48,615.00165
0.25,0.23426022
69.89,289.0524
595.413,245.53862
19.67,0.10361717
9.66,0.065031685
0.537,2.1847138
0.22,0.14098775
456.657,757.18365
20.32,0.042041395
0.157,0.0054716337
30.013,0.6402934
19.64,0.0007243702
49.874,12.874166
0.094,0.082153626
9.88,0.59912425
10.31,44.99323
0.36,1.6925658
40.357,775.212
19.81,73.17608
9.72,190.4054
15.926999999999998,29.495695
18.526,27.12501
9.487,173.32751
6.213,1.3352149
9.703,20.903992
50.273,94.818474
0.11,1.0192106
19.693,563.8089
8.4,39.622414
0.487,12.386259
0.513,29.232336
279.083,81.81742
4.956,0.03583863
19.267,18.33668
0.12299999999999998,0.89090705
109.207,474.61948
8.686,28.243921
160.15,459.07083
10.823,0.024912512
0.174,0.29984155
10.46,70.39087
0.157,59.40182
10.29,1.9011146
10.383,13.596407
0.127,1.0120789
19.77,27.183683
9.240000000000002,30.197304
0.063,0.010074023
0.186,0.0011762449
0.063,0.004382362
0.25,4.417961
1.05,0.033909075
30.803000000000004,7.2096615
0.127,18.59184
0.157,0.09868719
0.093,43.9613
19.143,67.940865
10.765999999999998,100.04527
1.11,37.152046
5.177,47.875908
10.126,67.56579
0.157,12.019416
0.0,0.7206097
2.373,204.2878
9.876,40.53199
0.344,18.691061
0.017,0.9062957
0.047,0.51128393
18.207,1.1405982
0.11,4.8563523
3721.4,4609.867
19.874,311.36655
33.564,24.460445
1561.14,608.5082
19.67,155.89978
58.763,771.6888
18.984,7.133474
19.49,22.176155
10.106,99.37936
19.239999999999995,23.621166
9.877,536.67523
660.57,232.09738
19.917000000000005,20.939625
10.016,21.243906
8.863,0.0015513491
1.016,4.8450813
0.204,0.59985095
11.18,0.039027613
10.656,53.751938
0.47,192.07835
19.696,44.09207
19.977,54.385056
60.607,334.3712
20.174,11.578208
0.0,26.69493
19.97,359.4698
0.017,1.3512163
0.07999999999999999,0.0017305526
5.2139999999999995,0.017158808
9.57,0.31977147
9.277,69.31032
9.36,85.5456
30.32,82.874146
0.513,112.46115
177.9,98.72373
8.903,0.011724828
39.733,512.6576
0.063,13.482931
0.017,1.9831545
9.95,0.22743449
14.313,61.075787
54.004,225.00386
9.15,4.6171045
0.673,0.09896955
10.776,62.16131
0.204,2.2648394
10.064,66.81415
59.873,325.77057
0.14,13.214805
841.36,594.9203
0.937,43.473682
38.52,21.163572
18.943,43.353565
567.76,956.81757
29.66,44.63429
770.176,570.50037
150.913,558.72314
19.704,193.8838
50.53,2162.6995
0.344,102.614784
0.093,99.354416
8.95,414.1012
38.713,29.407415
10.453,0.6854645
20.243,0.11219895
8330.457,260.9503
0.53,0.10189561
20.173,20.152134
9.846,2.8545637
10.61,3.0228026
2.296,16.923649
10.527,106.487045
9.823,78.49382
9.032999999999998,586.9929
9.854,0.4498465
9.443,5.966401
0.047,0.22813374
0.28,1.9638699
20.116,0.06602711
0.733,18.809309
0.3,67.602936
0.703,0.4349369
0.657,53.41236
7.21,0.19805518
40.98,115.77568
369.81299999999993,334.2605
10.28,0.052123785
8.257,174.63716
9.524,87.36369
21.33,0.63004404
10.89,4.0149074
0.36,27.072906
29.983,37.358345
0.827,99.50765
19.870000000000005,232.7666
10.846000000000002,20.340612
10.287,20.806246
10.033,8.444933
8.306,116.212585
280.133,727.9987
29.24,150.49599
0.406,0.26946393
10.400000000000002,0.6917431
0.956,0.59017855
20.42,431.19238
0.14,18.549126
20.456,496.5068
8.316,33.15263
29.717,205.35846
9.963000000000001,0.75208914
0.3,10.638009
20.717,40.05722
9.617,0.44210687
0.66,768.593
1.924,0.933593
18.767,0.053832915
0.36299999999999993,0.057378773
20.203,8.31739
0.063,1.339541
0.11,142.23474
0.153,0.5635233
9.447,25.75061
21.58,115.438034
9.823,3.5869722
0.207,88.35551
1540.313,534.38513
29.233,162.762
10.953,64.165245
129.116,544.7708
10.234,0.48594242
19.84,1.5325787
30.67,93.208046
18.997,0.20370217
30.773,14.005399
10.04,0.0013839946
0.094,68.86195
1190.063,659.08856
21.503,364.2377
0.75,0.036699604
19.473,18.480425
9.793,179.80176
8.3,0.040006686
10.2,0.22129984
49.836,0.06596379
50.424,178.55241
0.063,31.303392
10.167,0.8591037
49.943,1.9966654
10.717,0.013635495
9.91,505.9246
0.017,1.6621095
170.56599999999997,511.7034
18.98,6.8791842
1.11,0.29209438
90.85,241.54146
19.38,136.04091
21.03,290.18463
50.18299999999999,20.903992
30.013,400.3734
10.127,0.8158009
750.31,2183.3484
5.923,101.900955
29.717,20.16271
0.83,30.368359
820.22,158.27902
0.707,0.63368785
0.267,25.33084
121.323,23.47962
890.217,860.4339
0.07999999999999999,0.39766654
0.14,0.4205248
10.787,0.38900897
149.427,203.80421
9.537,57.289307
0.563,18.391481
20.594,49.151226
0.0,0.36700955
9.02,6.3117886
0.673,29.568407
9.97,13.127994
19.633,2.952954
0.11,0.66297096
30.277000000000005,89.224945
5496.663,1395.5823
0.86,0.14951651
0.44,30.998194
0.207,0.3772099
0.097,1.8210492
0.78,33.493908
30.167,0.46677238
40.193,270.45517
9.877,0.6588583
9.33,0.00058615213
5060.143,269.66742
8.913,0.28742906
18.456,1498.1757
60.88,76.4652
49.64,418.22388
0.157,0.01115718
9.469999999999999,93.40853
19.512999999999998,0.03781874
11.037,68.650116
0.313,14.078073
18.213,15.426997
0.344,0.008756354
20.027,12.959847
9.153,28.623142
9.263,0.18542206
19.844,241.57533
0.423,18.839195
11.057,188.35063
9.616,0.13613406
0.093,4.067752
0.973,43.53238
60.267,370.6226
40.687,0.012896424
10.137000000000002,0.27579564
0.85,30.70691
489.29,1327.25
60.334,1.2331834
929.917,66.610115
18.703,50.342896
19.166,50.80301
18.71,110.78342
49.156,121.941895
0.657,106.52676
10.257,0.42863277
308.733,256.5691
649.93,2014.793
9.883000000000001,1.8789384
0.093,1.8660319
590.04,7.428827
252.38,35.313095
8.687,0.3439187
19.673,22.72088
19.403,168.69366
190.223,296.94162
0.593,0.3286887
0.12299999999999998,11.623696
15.197,89.42272
0.063,0.038842026
1.003,39.721546
18.98,0.6854645
10.5,19.65769
8.503,26.92955
19.92,241.57533
0.703,1.1739407
1.283,0.041113358
0.503,0.004628546
8.96,1.12922
19.39,64.996185
100.453,419.39755
10.607,143.13121
10.36,0.04539861
0.25,0.013525577
18.91,0.14983168
79.106,2.220854
0.267,0.03206649
18.107,569.40424
9.256,0.031880125
49.877,797.99097
19.634,21.449455
100.067,198.66301
0.437,0.2938134
10.36,1.7054889
169.313,2010.7675
69.643,100.01973
1.034,33.740997
0.86,4.1318765
0.44,0.15405108
30.08,78.10117
0.703,0.59531116
0.424,168.64883
1.064,66.950455
18.83,572.75055
8.953,10.53735
1.5699999999999998,64.917496
38.377,0.083626024
0.393,0.7354926
9.03,25.425978
9.95,2.332678
120.313,235.39447
19.474,119.46015
10.42,0.14194903
0.157,1.3235
20.357,53.165615
7.89,114.86833
30.163,209.11176
39.096,37.625538
91.266,62.81008
10.31,2.0599232
10.6,35.585396
0.797,0.01868801
170.443,926.1084
79.157,128.34433
19.512999999999998,355.45465
10.35,173.4483
8.966,16.944149
0.063,0.92140716
9.373,29.692652
29.87,513.2203
8.84,3.0451899
7.586,29.182325
18.76,62.71902
9.79,117.16242
0.047,0.2431643
59.357,31.03906
10.08,37.89395
10.696,105.147385
9.413,2.5887399
30.037,38.76154
9.633,10.164063
0.89,27.393824
7.669999999999999,133.35527
8.837,77.9483
0.033,0.14951651
19.437,0.48314172
0.093,15.386535
9.457,11.601533
6911.843,729.8444
0.22,13.439889
200.46999999999997,23.352736
10.094,12.243483
9.13,38.124935
1.016,1.2021736
60.19700000000001,492.46133
9.77,0.43081412
0.064,4.0169973
0.0,0.820731
19.58,88.54786
9.936,28.194637
39.854,137.4644
0.093,93.6591
260.347,104.177605
8.82,48.86799
0.11,0.5205899
9.66,133.83435
19.756999999999998,152.22458
19.83,0.05935009
200.093,112.24914
1.013,33.641083
19.63,9.699391
20.22,61.611404
20.803,37.69477
50.907,29.910957
8.943999999999999,24.402176
0.61,1.7547982
10.467,63.91013
7.85,0.22812438
200.28400000000002,40.115288
180.324,446.05862
9.813000000000002,69.02309
319.9,942.6962
50.38,128.9081
0.437,15.4424305
0.063,0.68274266
159.063,434.86038
0.064,12.087376
30.057,59.688423
40.393,1489.6763
419.433,741.44244
549.88,476.8803
10.996,0.033108693
48.766,250.40869
0.157,1.5239929
10.07,0.013856445
19.994,91.09547
10.667,27.589535
29.937,15.057742
8.19,41.72426
9.933,0.099584684
0.14,4.5502334
0.19,0.92140716
9.923,4.6348815
8.493,0.5617666
1.267,190.16478
20.056,142.10355
10.497,14.689694
0.204,0.65055144
10.143,79.12332
1.16,0.069717854
19.987,5.65017
0.047,0.033372853
79.9,30.309803
9.137,0.5995175
9.469999999999999,2.6174076
0.093,15.304152
0.153,72.038155
0.186,86.00095
6.486,61.676144
1.033,306.31604
10.133,54.075756
130.12,390.56155
0.894,100.29433
49.463,0.018619874
1649.837,1310.8175
0.157,0.8978464
172.29,221.9835
8.793,4.3859663
31.044,351.99774
20.187,1260.7485
0.233,0.215926
30.704,150.14316
28.46,185.27306
0.157,5.667464
31.047000000000004,457.67334
0.25,101.36754
10.563,0.0039793435
20.573,26.320984
1489.574,1017.47327
19.553,38.673916
1.36,46.704876
10.08,16.659569
0.75,40.89397
9.223,52.334248
329.743,468.03275
19.317,0.033283006
0.047,2.288122
0.034,6.373919
8.797,3.966885
29.237,122.05314
1.743,455.61414
19.286999999999995,12.842644
0.017,0.35962006
0.034,2.9304316
9.593,4.252335
9.927,0.2375217
10.03,133.2607
289.597,21.882277
20.52,144.06587
0.234,3.44914
9.903,0.03743875
20.28,36.205345
16.673,26.74443
9.637,0.21422769
10.024000000000001,69.8953
9.546,2.1305616
19.143,0.13440466
0.07599999999999998,62.169407
11.174,13.766986
0.517,0.011430819
4.66,0.030072076
10.07,95.65281
29.95,18.962837
1.157,0.050559383
19.53,111.53024
0.847,0.27492565
9.657,3.26152
0.203,0.19595174
0.74,2.6174076
19.26,41.822178
19.167,0.028564079
10.207,0.15326518
18.967,25.083044
80.746,58.746864
8.797,24.755785
9.063,862.7612
30.89,198.48375
1714.586,354.87408
0.173,2.6668215
30.21,381.3976
0.014,0.0018784007
499.973,0.07648031
219.9,109.80493
99.877,60.78525
28.847,827.5823
10388.4,993.2879
19.943,0.6640333
0.127,13.197889
34.193,63.788494
10.25,18.918423
20.017,1.4209431
9.293,1.0207756
830.727,322.90045
10.892999999999999,0.3019167
0.047,13.48295
11.877,47.230545
30.106999999999996,101.455154
19.574,26.6585
54.93,127.40584
9.947,0.6311018
0.847,136.7166
9.287000000000003,34.953342
9.854,899.60175
19.62,245.84044
0.033,58.981796
20.06,425.497
1.546,15.161262
0.39,0.43839502
0.0,1.33055
0.33,3.26152
99.983,105.98013
20.074,1.144391
19.37,0.41517672
9.883000000000001,17.456926
31.23,1002.66864
0.093,1.6524831
9.716,8.191673
9.223,0.024445787
320.254,19.613909
99.246,319.03537
0.487,0.12171066
20.093,20.76393
9.887,0.43842718
0.266,79.52823
30.04,0.07822412
2661.0069999999996,351.11554
9.627,0.030072076
0.047,10.228007
0.033,8.625226
19.857,19.407705
691.5529999999999,1584.4968
9.474,95.83393
39.526,0.32736292
0.016,8.741578
0.12299999999999998,4.1318765
0.07599999999999998,89.786865
70.113,756.17633
101.247,0.1041018
19.793,113.48277
0.6399999999999999,2.3979783
9.613,0.74372506
10.29,37.143024
49.27,19.69573
9.333,0.03838555
0.394,27.467134
19.94,76.6446
9.657,0.09441797
169.834,86.28746
8.45,0.022513302
19.54,37.345005
0.39,0.22557937
19.994,157.23494
21.08,121.302216
0.03,1.9473003
0.063,7.9675064
10.423,99.50765
79.71,338.44125
0.0,5.6998725
19.55,0.05789667
8.98,24.813118
19.054,15.661711
59.693,70.2088
8.337,1.35208
10.49,483.3219
19.597,394.89526
29.947,704.76245
8.19,70.89172
10.213,0.46796647
40.959999999999994,0.47496966
70.487,0.07835165
9.95,40.05722
10.02,41.052017
0.127,10.223375
9.48,0.7212423
39.523,31.126453
19.337,50.54346
0.377,0.4337167
1.327,51.213264
0.357,101.33506
8.997,54.607872
31.734,73.73331
8.92,80.34245
2991.67,1491.0546
0.297,0.36304632
9.91,0.27938032
31.467,20.197514
60.7,66.592804
1672.043,2379.3838
9.004,27.630445
0.3469999999999999,2.3315706
82.97,270.99924
2791.02,2100.781
1260.046,1436.4414
40.957,96.733185
9.886,0.9384068
0.14,0.003521766
0.153,0.008577423
39.413,89.99233
0.126,121.40012
0.17,0.5019236
0.156,0.0066406317
109.963,184.20187
9.557,66.11632
29.07,2.649769
2.737,13.218012
3.834,77.54899
10.64,49.857285
0.58,102.84142
329.53,442.16595
8.947,2.1525688
19.413,27.272121
0.157,109.27006
19.07,1166.4668
9.713,0.20342727
9.783,16.729599
39.574,124.49165
0.784,89.30863
147.53599999999997,1470.3928
43.657,1.1026816
0.233,78.82706
0.157,33.663048
599.407,158.65256
11.41,174.566
29.84,0.9014111
39.227,13.281899
0.11,0.92835826
10.237,2.1430447
51.02,65.13087
0.176,4.4974766
31.08,456.989
47.84,962.958
0.253,20.290539
29.37,0.24082851
49.297,0.42581826
0.673,1.4358343
9.336,1.0796646
10.094,44.871643
20.333,0.031700317
10.455999999999998,37.484535
289.92,4805.655
0.093,20.545795
1.39,151.98065
9.894,409.47797
21.096,23.107027
19.614,101.713806
9.564000000000002,6.640628
0.52,0.22813374
0.767,0.6125848
0.554,0.1451377
8.294,0.71352947
9.396,131.37787
9.617,1.0120789
0.14,21.140833
0.046,3.9861662
9.077,0.007400853
0.12299999999999998,4.837146
0.284,0.48260337
90.07,25.966778
0.313,65.770035
19.906999999999996,168.1523
53.93,154.36736
1211.74,318.25638
109.78,154.13528
0.267,361.1983
38.856,30.27838
9.9,34.245506
0.313,111.574776
69.984,759.64636
11.45,639.783
19.61,245.56297
19.473,278.1342
29.804,1.8094131
19.973000000000003,4.1667104
90.183,73.59456
5.18,0.040006686
29.043,626.2713
0.047,5.496569
96.08,36.455647
9.97,21.75312
40.64,432.49365
9.89,8.205737
20.12,0.038930397
0.3,11.352312
0.296,317.53482
80.09,45.165127
30.227,33.36262
20.484,603.8242
9.91,1.4465389
10.107,75.76867
0.047,1.6445739
40.683,14.689113
79.72300000000001,499.05322
88.947,55.062454
19.366,8.798136
9.377,9.998222
0.203,56.292187
0.517,1.844409
8.953,7.699898
50.089999999999996,0.5409792
20.546000000000003,0.0005708423
11.127,28.94857
159.833,0.07097983
0.343,0.48374796
10.2,41.05098
60.3,60.34164
9.01,0.848882
10.717,52.04842
29.61,13.078122
8.81,1.479942
9.906,79.7619
19.976,0.16058911
100.443,511.61783
9.554,91.53413
9.643,44.371227
37.073,110.507484
39.79,6.036949
0.203,28.603144
969.473,315.5092
9.160000000000002,0.18886417
20.533,68.24202
19.977,205.21638
10.716,1.5908389
0.063,44.24483
19.83,95.43307
10.89,28.540236
9.577,2.4584444
0.296,0.021931382
20.297,77.37519
11.167,28.570942
0.14,1.0944158
29.984,375.82407
0.266,23.205202
9.773,6.713312
10.06,13.998718
0.487,1.1687655
39.1,25.742123
70.953,191.41531
0.173,0.12519641
10.13,114.17379
9.427,0.5600304
9.244,27.915321
37.73,28.938725
0.42,0.22185624
9.953,45.788742
9.777,0.000743799
19.96,514.1439
1.11,27.282831
79.92999999999999,465.1334
37.737,108.62924
0.093,0.16468671
0.313,16.515106
8.55,0.4011767
0.893,30.909164
0.077,35.262524
1168.8430000000003,346.95346
0.07599999999999998,0.015804335
0.11,329.3948
1099.97,618.5852
9.38,19.701927
10.267,3.5281825
159.88,514.70953
9.797,26.37806
11.316,0.09868719
9.137,13.483631
19.88,312.78137
0.187,21.733217
3284.75,1915.6533
30.057,17.304474
10.320000000000002,336.45673
9.550000000000002,61.808662
19.67,1.6213822
230.06,92.275215
0.147,0.38023365
9.539999999999997,47.69716
39.526,4.0973454
10.287,273.03152
20.097,572.4948
307.933,45.991455
0.283,27.710646
10.066,25.088171
323.93,526.61127
29.797,2.1221771
19.607,12.010754
0.6939999999999998,6.6411653
18.067,37.672092
20.93,0.17609492
10.13,0.02644148
3.93,41.420975
358.737,493.54974
40.093,0.59531116
29.712999999999997,0.081766486
1735.6,493.67813
9.224,0.9116546
279.93,0.53307647
29.42,340.7281
9.944,443.67877
8.757,13.87655
21.327,381.40677
20.36,82.696594
11.313,19.130795
0.313,26.324844
0.017,1.8212541
9.153,10.046457
9.957,110.95496
30.753,131.25294
70.943,553.3948
0.394,10.464138
7.77,0.40241435
10.424,17.659067
8.907,0.15269098
29.287,0.21283624
186.79,639.66223
88.7,31.549294
9.083,8.339371
28.423,165.06544
0.173,0.0011636637
3.976,61.265953
350.143,468.45078
28.987,120.660484
119.854,474.1809
18.963,6.084232
9.619999999999997,0.035049487
9.244,47.404453
0.173,49.21387
0.07999999999999999,4.5467715
9.87,0.34396785
19.737,0.58584327
10.98,51.484665
11.017,1.6455041
209.696,433.14978
390.1,467.46027
10.763,27.533905
13.64,105.33184
1059.96,245.88338
18.169999999999998,66.280624
0.22,0.2233629
0.064,1.4284291
19.957,110.72041
0.217,0.003521766
79.81,92.20007
289.917,105.39678
10.02,2.0280817
22.329999999999995,286.18878
29.637,55.31509
743.184,960.6211
8.987,1.2965488
10.953,4.8674326
30.713,0.009170481
510.19,561.01373
240.01299999999998,1074.3977
0.033,35.36873
18.127,68.8652
10.033,68.02577
0.11,32.609337
30.127,172.828
20.547,24.966923
50.65,19.66065
8.953,5.6522985
0.39,55.025284
20.707,0.10767659
339.933,183.6196
29.300000000000004,2.658597
19.844,264.03943
31.373,0.81985635
18.753,0.033353034
90.114,1386.724
0.11,0.41983274
332.466,730.9076
19.124,2.1690824
1792.24,1611.6276
9.943,0.35007158
0.3,174.58661
19.697,424.2639
39.577,14.9729185
10.037,50.142612
20.12,38.48147
129.674,0.20638342
18.927,21.250332
0.094,116.646645
29.453,63.767155
10.88,0.51326543
8.733,54.607872
0.03,0.4454545
9.363,69.042435
8.613,0.021931382
0.233,0.035151612
9.314,2.292407
10.57,22.952553
19.257,13.40281
9.160000000000002,3.819406
0.063,7.623668
0.25,50.81448
30.02,89.585526
3314.01,806.866
10.45,2.446974
91.25,1530.5781
0.643,30.443508
9.547,2.1847138
0.063,2.638096
3.577,80.76651
0.093,115.897415
49.89,99.42483
19.877,8.0564785
0.487,24.847502
69.933,279.89023
80.167,42.875053
0.236,10.831217
30.04,113.94587
0.533,40.251095
19.84,14.790589
9.29,35.038586
50.65,674.46533
0.22,0.09619282
19.62,2.8769126
80.226,46.682682
0.17,18.907616
19.957,561.1451
19.876,165.65187
1.017,60.72501
19.987,39.45522
8.89,48.136124
10.574,70.26856
10.337,31.48254
10.106,21.37095
0.407,0.001205745
159.973,11.05605
9.263,0.006825961
10.6,71.77003
260.083,297.5919
128.906,654.70483
0.077,0.47205344
70.027,30.840094
9.523,4.58172
214.546,262.45395
0.28,0.54365253
14.75,106.130295
69.82400000000001,310.42
20.034,157.29526
20.156,58.746864
0.766,0.009416549
0.127,0.0042642145
30.863,12.36712
19.553,1.7383871
1.14,178.1165
8.923,0.259912
0.174,0.13339512
9.483999999999998,231.2261
8.657,145.33357
39.207,292.3687
61.627,1101.6722
27.04,556.344
0.284,31.894468
10.42,15.4595175
20.346,11.155851
2069.883,187.43916
70.6,428.45038
0.033,3.5154681
0.593,42.55626
0.453,19.13033
10.137000000000002,2.223274
39.963,105.585236
8.657,20.399662
19.93,0.11345277
8.967,0.063625745
0.157,14.031218
0.597,0.6575859
0.593,9.44601
0.8339999999999999,12.249598
19.13,58.243027
9.03,82.236694
0.437,0.23517151
460.354,384.5848
10.103,1.3792683
16.217,2242.526
0.157,5.761059
9.124,8.32712
19.467,22.867573
279.92,623.43567
8.79,26.928087
49.024,142.69116
0.254,0.14886631
19.26,25.817362
19.373,1.0407027
40.507,0.40138215
0.533,56.075207
850.503,446.5327
581.1269999999998,243.56604
9.74,1.2112207
10.607,10.792294
9.367,17.947983
20.504,6.8015704
28.31,0.24180846
9.583,0.15052299
29.054,0.00914786
40.08,14.953775
281.11,359.60162
249.117,854.43634
0.6399999999999999,33.91044
19.396,230.91107
7.47,1.1301981
9.697,51.939312
0.11,0.90170246
1.377,165.82129
10.797,32.177166
189.716,43.394814
0.016,0.0057456684
19.867,232.09738
9.407,20.160442
10.239999999999998,0.04414577
37.57,198.24138
10.23,0.05326316
9.89,47.69342
28.976,9.122248
0.187,15.216368
0.44,1.687737
0.3469999999999999,32.223816
150.777,555.21063
9.393,21.319319
0.267,26.076647
9.78,49.48131
69.903,182.31175
10.97,68.782234
230.72,541.1571
19.305999999999997,25.718388
9.82,32.35449
792.637,387.68802
9.173,108.65455
99.35400000000001,217.44771
6.56,36.759228
30.134,41.28828
0.127,3.1839144
50.29599999999999,166.25536
0.03,2.2556958
20.643,142.88449
20.173,131.98833
19.43,29.133749
9.6,71.59799
0.063,15.720589
2.534,1.1959586
9.753,0.8152004
6034.343,881.53436
29.27,0.042081352
229.756,242.27588
218.313,16.532251
12.947,0.017158808
0.787,0.017855313
0.484,1.2775104
0.626,0.07807246
9.933,2.2648394
29.83,158.55493
27.79,37.51901
9.87,64.63257
1.25,112.32322
0.29300000000000004,0.47205344
0.22,30.074987
0.097,0.0004779456
28.857,15.83431
3.987,60.220802
0.83,0.19595174
19.95,808.6155
8.59,1.093015
0.784,27.381731
8.486,33.981686
10.173,203.31645
39.783,50.536934
30.183,73.57569
9.31,39.20907
140.163,359.5594
7.91,0.032496322
0.094,0.06762596
0.39,40.759285
59.894,445.04675
179.796,918.12177
41.513,0.71076053
20.24,1.4897621
167.54299999999998,872.8878
19.76,87.58504
6.936,262.6697
81.06,202.75993
10.343,109.27002
20.86,84.574455
101.19,132.94075
0.97,32.96848
9.327,170.89818
9.957,0.09717238
10.317,59.340286
109.72,575.5039
0.064,23.97375
139.31000000000003,467.25113
1.847,49.572742
10.276,286.96152
0.14399999999999996,0.0018277654
9.426,59.221
19.093,58.168716
10.03,0.5667986
80.423,54.756508
70.206,3.1348164
110.893,0.065795794
0.58,0.51038367
0.07599999999999998,42.93075
9.57,1.3306173
9.02,1.0399277
0.393,93.14862
10.0,22.576458
20.083,39.881943
18.244,62.17986
61.6,357.80255
9.19,66.80999
11.146,21.71984
15.373000000000001,2.7931724
0.016,4.4238787
8.293,2.6264312
0.91,2.3262942
40.273,31.433353
159.777,77.96896
0.047,23.132599
180.197,285.76266
2140.877,655.7635
7.56,0.0075807534
9.56,75.62535
440.77,64.92792
379.463,1964.2972
2130.517,19.249008
69.90000000000002,1326.9691
20.214,0.117052816
10.196,1.6395862
80.493,47.902664
20.03,12.132952
109.93,1026.075
170.143,426.12677
9.806,0.0007243702
6.83,106.6962
259.896,14.948652
0.22,18.88103
0.093,4.191133
8.877,4.5740943
9.013,46.970318
0.013,0.031546205
20.84,373.29373
0.513,1.8210492
11.939999999999998,105.85364
10.097,0.13440466
159.12299999999996,521.2094
0.267,1.7329763
0.07599999999999998,1.5379766
1140.91,1109.2709
0.173,2.4846451
20.024,119.46402
10.17,0.11586202
89.11,164.72485
0.47,208.28111
0.016,72.678474
678.62,109.67916
0.67,14.127432
51.35,351.99774
9.307,0.9031311
19.95,97.94761
29.643,117.72063
0.107,38.604458
160.11,3.2471268
0.11,1.5864774
210.03,252.03981
1.8,1.0514663
0.58,448.86053
0.56,0.012383462
21.58,33.87235
7.937,0.506003
110.123,64.59004
210.853,499.58627
1.83,0.39450458
429.323,381.3665
81.04,437.59793
8.387,0.86763287
19.037,135.01923
0.326,20.32829
0.03,100.79809
10.953,149.2429
27.867,445.46985
20.747,191.15205
50.683,482.18677
0.064,0.31692702
19.423,807.9753
1101.754,226.85956
9.926,0.0017305526
0.187,0.6405322
0.53,444.9399
0.814,19.156004
1048.936,59.944206
440.176,65.13375
0.156,23.708899
48.927,4.699079
60.187,786.5017
0.03,0.009755143
0.503,0.010374902
49.704,0.08264989
9.5,20.041866
8.757,459.30853
680.23,997.7565
330.447,344.1528
50.454,41.059666
929.543,401.4928
0.0,0.62340444
1.16,4.45935
1629.85,574.1916
290.11,522.8881
20.423,40.388977
9.686000000000002,6.017749
228.94,57.703888
9.507,0.7244843
0.0,0.21986285
19.97,861.8212
20.66,122.63493
161.927,61.818886
11.186,194.28291
0.047,35.030693
10.455999999999998,0.00849431
10.5,203.24048
8.74,0.40420517
20.1,7.891367
89.123,82.17299
0.12299999999999998,1.4036541
9.76,0.02510041
10.047,215.29688
30.387,5.278415
20.374,0.17503925
11.843,228.88622
1.807,91.421165
10.966,0.054264754
20.33,554.11346
19.73,74.10957
0.99,66.79126
620.0559999999999,138.8036
60.05,56.464073
9.063,84.081406
10.283,237.04472
0.033,108.07204
1400.157,491.6975
17.676,32.823708
8.21,0.42696694
69.7,500.3215
10.75,62.275944
0.156,0.10941991
8.79,2.675745
3.77,2.595426
0.42,0.08207578
40.18,98.44411
9.163,61.702187
17.25,130.94153
170.607,47.47159
0.07999999999999999,41.066525
10.02,0.45856184
183.88,520.97534
0.11,3.4529207
8.103,12.018346
6.31,150.33214
10.33,92.64015
8.9,49.963284
80.237,0.27195135
1307.95,180.68362
20.087,61.803772
0.017,8.748259
0.07999999999999999,3.86853
9.633,83.87039
161.004,2.9583912
0.063,208.81058
29.72,214.31557
9.342999999999998,0.009611253
20.020000000000003,196.13264
29.763,18.00694
229.247,455.70853
1059.64,199.82146
19.977,17.2139
9.95,31.93984
20.51,0.00044057207
9.823,352.92212
109.95,540.22546
10.69,0.4070864
28.93,52.121727
9.929999999999998,0.011699962
39.92699999999999,303.18668
8.7,35.646873
20.38,19.811779
0.157,17.571957
9.486,1105.1133
9.046,22.838713
29.39,5.48447
0.263,110.22404
43.327000000000005,119.95462
0.217,147.25604
39.963,46.791183
20.056,53.94556
463.0799999999999,83.66406
10.12,46.95629
9.243,0.0332503
919.303,1544.739
80.357,3.7306364
20.177,6.5949426
359.59,309.28152
0.03,0.09842937
10.9,100.03905
104.73,1.5456945
89.96000000000001,279.66257
20.273,30.56127
10.37,0.44123414
0.013,1.337435
9.9,8.552125
9.86,30.423592
49.24,350.74146
1541.31,134.74966
20.003,0.30420482
9.377,36.166645
20.257,29.038305
20.98,26.347986
161.42,394.13788
59.416,11.694256
0.15999999999999998,0.054105964
9.957,157.20763
10.287,14.790589
280.543,4655.935
19.437,1.6213822
29.82,104.69474
170.43699999999998,70.83806
0.483,0.19871776
0.494,0.021110544
59.98,211.12733
9.21,29.154215
8.547,1.546364
9.477,17.304474
30.133,1.3277705
0.987,0.7196977
9.976,0.39766654
10.267,30.29385
10.024000000000001,52.916397
9.61,1.7918077
0.77,2.292407
19.22,94.240845
9.11,0.12152439
0.204,2.5682993
18.366,16.05917
0.923,2.1525688
5310.33,1573.1421
29.373,169.65314
0.33,0.34406635
60.85,201.53258
8.657,58.974663
10.363,330.1805
89.977,107.98647
160.513,11.437503
1.036,72.63978
0.173,68.64704
3.4369999999999994,43.93796
147.543,364.38846
69.836,53.418476
30.294,139.94034
2.733,24.284672
0.483,20.79205
59.92,5.6588783
1.017,44.80513
1.72,4.4990892
0.0,75.45437
30.587,28.01013
40.413,465.69058
0.22,0.039334793
990.083,1788.1633
868.463,394.9752
9.597,0.027277905
10.563,0.037549198
0.157,8.214277
170.417,2.7719793
10.633,1.5606881
19.662999999999997,91.25705
0.017,1.1630394
0.016,84.18887
7.193,0.008142429
19.393,16.3746
20.033,958.529
89.92,32.076363
132.41,97.37735
19.82,7.6434135
8.533,18.98892
9.997,85.35302
0.19,106.80428
18.72,59.581245
10.196,70.64811
9.877,27.059614
9.017,63.252857
0.297,4.4974766
20.1,408.4395
10.812999999999999,7.510224
0.283,6.5507903
0.297,0.22557937
560.033,291.58624
20.31,26.874496
8.977000000000002,37.809517
20.167,5.944142
20.653,46.605698
10.010000000000002,1.9535426
0.217,32.571655
0.187,1.0402492
0.2,90.47317
0.25,103.98149
10.313,16.876745
0.097,0.4152044
8.134,0.8287494
19.66,0.40328994
9.764,17.456926
80.066,78.71196
0.25,25.724733
30.004,73.87242
1598.876,402.77237
18.876,28.543365
87.233,334.98187
10.006,0.18204582
2.0,0.20586073
9.48,0.04303875
0.44,24.256939
0.873,18.27879
18.613,33.22395
801.31,93.58227
0.033,0.00371962
10.393,1.795117
20.15,592.3459
38.434,14.657941
0.89,0.00055592397
10.326,6.5949426
8.423,16.763567
10.313,1.7003295
20.597,665.77386
20.977,23.055044
0.517,41.61298
19.697,105.61456
29.917,119.32087
49.143,24.517681
509.587,1206.7758
29.867,36.375973
559.373,520.1093
19.573,323.5995
10.377,40.561172
19.974,72.47684
0.217,1.5239929
19.96,1296.9141
9.75,1.241905
9.652999999999999,0.6420324
20.563,45.488613
10.623,19.170261
79.917,5.8913155
10335.804,5596.216
20.143,504.35907
30.313,54.378807
301.167,122.73416
8.606,87.97273
31.153,32.21967
9.333,4.273578
0.063,1.4909616
0.484,10.164063
178.873,292.86014
1.44,46.17609
440.6,755.5223
8.043,0.013456383
1.303,275.00385
9.28,0.55484986
0.217,0.19870013
30.476,74.96201
19.873,1.5309161
0.07999999999999999,0.032900326
10.086,21.343594
210.027,481.60605
19.976,34.48133
9.6,46.470432
9.87,21.754616
0.954,23.587357
0.234,0.5617666
9.763,10.571896
8.46,162.25858
18.756,308.1142
20.593000000000004,1.5998365
0.3,2.906988
0.237,0.5205899
118.756,279.24567
19.787,87.04284
79.917,108.39849
0.0,0.111575365
239.807,301.95096
0.12299999999999998,1.5152068
281.086,899.8814
19.97,0.18321659
9.656,10.964934
20.083,3.0198092
11.32,107.939095
69.727,399.1861
49.107,244.06912
18.037,180.94537
69.377,289.35617
20.273,0.07035772
11.163,28.194637
0.0,1.2413293
4479.113,1588.5447
28.78,7.500104
39.62,19.566616
8.594,0.0020953754
409.907,1190.7196
30.533,155.43324
3.19,141.76448
109.83,22.579538
9.504,0.5293206
20.203,8.841477
9.834,38.842407
0.11,0.058113467
0.6399999999999999,15.918274
7.747,9.312379
20.394,98.63771
9.746,0.3670897
29.573,2288.373
30.763,60.383175
0.39,0.09711365
116.154,200.26227
49.436,394.02695
0.297,0.06345075
0.39,42.359226
8.656,26.95489
0.173,0.04303875
19.11,14.052965
0.0,54.515446
239.493,1.4137918
0.017,0.017700842
0.75,0.50192404
0.72,27.82484
0.427,28.653
5030.043,465.13602
9.943,80.79694
3.533,15.480967
0.097,0.7482719
10.14,0.49561545
28.473000000000003,299.59167
0.233,84.17457
10.166,4.536556
9.847,79.92212
1839.257,721.1949
9.983,478.68658
179.903,192.51823
0.047,56.04705
10.45,0.007335413
210.3,471.30203
0.127,0.22085771
229.934,9.312583
3670.116,94.24698
10.336,0.06492404
0.11,38.710167
9.907,123.699974
9.26,0.08586542
10.137000000000002,189.92134
99.476,55.416622
0.163,0.35419914
19.473,55.83866
39.737,49.752277
1.39,26.248495
20.276,0.35925364
19.32,39.123238
0.203,3.9861662
0.063,0.02647342
9.51,20.990486
20.06,38.431046
9.787,54.971348
10.973000000000003,109.27006
9.95,3.24743
111.07399999999998,188.12172
17.864,92.68709
40.556,137.45683
0.284,18.845901
50.023,0.1960652
9.64,352.85812
10.96,25.190025
41.22299999999999,99.10423
0.07999999999999999,122.394035
0.313,0.12784882
0.017,0.39821306
0.8440000000000001,61.187405
25.136,0.5019528
39.883,131.73558
9.863,167.48782
0.11,49.51525
0.013,0.22813374
19.89,15.542541
20.123,47.081318
19.893,1.4815475
19.637,26.15831
20.55,1.1532032
130.837,17.406654
0.127,37.650272
31.01,267.38412
0.316,6.9243
10.887,76.8178
1031.847,2089.8665
19.97,11.767174
19.286,4.6122994
9.57,23.055044
348.04,567.5062
3206.883,703.64484
0.093,45.627464
9.06,45.579338
20.01,0.08563701
0.627,0.053832915
0.093,32.8419
0.843,23.167215
551.033,532.33887
10.157,22.439184
29.433,28.60047
0.07999999999999999,46.226677
19.853,27.417803
20.444,438.5753
115.596,253.22488
21.103,17.21389
10.81,185.46802
0.83,11.519588
89.433,50.01568
0.063,1.4754354
1.22,19.200186
540.84,409.5052
0.203,58.179348
30.123,0.8269526
2.63,0.03693302
10.5,0.8617318
20.426,485.79977
0.064,11.852686
0.174,0.028172398
29.68,19.571314
0.456,78.89069
20.12,0.14360967
1019.74,956.3793
2.267,17.626461
20.647,64.07229
9.047,5.8977737
0.094,3.960973
20.807,0.034185264
10.76,0.90947425
0.25,245.37206
19.98,0.44621304
20.113,739.74603
10.196,15.434755
100.983,231.27158
89.75,30.530428
60.357,4.8674326
0.19,0.61040026
0.343,254.98814
20.597,0.053408995
0.11,12.25012
0.03,37.86032
18082.023,89.10251
4090.377,1540.9552
10.153,2.4098873
10.89,39.82682
90.397,52.94904
9.403999999999998,0.08083253
0.203,8.697541
59.89,58.753006
19.893,0.17141554
9.4,0.3377586
20.047,91.00461
0.05,0.13266511
90.226,1559.3274
0.0,68.14663
21.45,25.028078
0.07599999999999998,95.83393
10.647,28.476532
0.643,7.6899047
10.44,17.228569
139.597,0.16433841
30.42,52.70875
9.627,0.023205766
3.516,75.87186
49.89,212.34685
0.14,11.76031
97.41,342.81747
20.98,70.90793
0.07999999999999999,108.64542
72.527,33.71693
0.07599999999999998,0.0034268314
190.29,69.11802
39.32,10.486499
0.39,0.5217027
29.447,0.54587656
39.673,0.3558483
18.013,0.029178306
11.214,103.95175
0.2,0.9367696
10.88,0.3466835
0.0,4.610818
283.083,268.31146
10.55,29.101936
18.967,144.01001
149.69,1145.0682
0.393,6.210716
1.596,26.507013
58.99,466.40933
2460.503,240.63712
0.284,3.6439743
150.22,476.50943
10.247,0.57929754
690.053,391.28427
0.157,3.0601203
21.187,148.78906
9.704,82.479095
0.647,5.843688
4732.5,5299.655
9.91,1.9240535
10.077,6.9353356
9.95,0.12968095
109.927,576.4726
10.37,97.8143
9.41,30.309643
30.023000000000003,28.52414
260.173,524.6695
9.614,0.13720007
41.366,255.2696
0.14,14.349108
3.407,209.20511
30.123,73.31539
10.026,123.8826
4.38,18.434856
40.190000000000005,10.574336
9.63,4.417957
229.72,4.13843
2277.137,2070.9675
0.563,4.665855
1376.1499999999999,1353.7198
0.047,88.61216
9.563,107.70547
0.03,115.35532
21.054,897.373
149.867,381.01102
70.077,9.127144
210.47,590.497
9.017,0.83251524
1633.843,785.9427
10.014,330.4297
9.327,0.8197915
9.46,629.4806
19.65,0.027297918
10.313,21.344814
8.337,34.295185
39.857,192.85608
0.55,110.75162
0.12299999999999998,28.319756
60.17,199.81932
1.11,0.24502446
8.217,13.341951
10.027,3.2659822
18.987,205.11707
0.063,1.6259466
0.767,89.16068
331.21,526.71216
99.583,218.18724
27.903,77.17091
21.137,269.28598
0.643,39.376865
0.203,0.16499469
9.717,0.6988631
761.213,1981.2008
0.0,22.47889
179.36,1000.72656
30.506,62.731735
29.74,34.786354
19.807,68.69785
0.06,1.2681373
0.25,1.9690945
660.067,1418.5156
0.07599999999999998,71.46169
0.237,58.498734
370.127,221.44759
160.257,358.6567
9.996000000000002,168.87558
119.833,247.44333
4110.18,1202.6559
39.313,21.071371
0.25,34.423462
399.793,2165.1785
0.513,42.95306
9.33,7.708941
9.87,2.1066835
19.217,561.3954
10.400000000000002,13.742281
650.053,392.50296
8.644,0.48392653
19.733,20.588135
1.207,0.0004779465
0.8,1.6885871
0.047,0.52743715
0.033,0.13938083
50.243,6.1739144
9.687,0.009416549
10.123,14.296109
69.29,455.17892
0.267,0.8197915
80.107,94.908714
0.11,0.993022
60.916,8.632203
19.836,0.8766977
0.033,3.0597677
9.797,0.29036272
9.763,392.4968
0.153,60.38291
79.96,149.80287
20.017,466.42224
79.974,38.323997
9.864,1.905845
0.343,9.005806
19.974,7.43171
0.06,0.39349723
10.010000000000002,0.8638243
30.057,10.683393
0.064,1.4054906
629.973,2151.655
120.034,214.99973
9.643,1.7686973
19.993,288.03824
30.327,114.77031
19.91,0.6704736
7.97,21.847055
249.24,153.934
0.97,25.408657
19.51,155.98161
20.45,0.028670982
10.9,75.651634
29.237,151.36871
0.33,0.17912301
20.05,250.44353
0.034,2.288122
8.713,0.035074294
0.267,0.16135728
20.187,47.032154
0.063,0.004503768
0.114,4.3382897
0.03,0.50364876
0.216,1.1374514
10.283,44.579662
0.077,1.8164512
180.007,29.004387
1169.613,356.17224
8.797,0.43217665
160.197,36.121925
30.913,0.04049066
0.016,0.16106595
43.54,10.769641
21.127,109.99897
20.103,0.26574692
1.097,12.846392
8.603,0.933593
0.344,2.9087186
31.33,196.90596
29.867,0.25069317
1047.153,1370.9825
9.763,0.0106293745
70.187,83.49933
0.22,0.030690795
60.137,0.66381556
9.8,17.310934
0.107,0.20714335
1.283,54.713684
11.863,0.7119396
19.59,0.3003392
88.003,81.65873
0.25,15.990856
110.107,88.62455
169.553,224.62349
0.203,3.9152493
9.97,0.1919608
1.47,64.75209
11.023,86.65361
18.237,27.123768
59.257000000000005,82.66333
18.86,0.14951651
0.06,5.1794767
89.664,1404.8873
9.657,1.7800696
10.860000000000001,158.38872
1.6,35.47735
1819.344,497.1836
0.047,16.998594
0.07999999999999999,0.021931382
1402.13,85.823006
9.95,1.3234988
9.177,22.867573
30.217,201.33383
20.51,27.473728
10.607,0.11204668
9.67,0.26946393
8.694,1.5702008
0.203,84.79761
0.67,1.2552704
329.674,819.60205
9.586,24.154308
0.06,1.9943287
1.094,29.622877
0.577,157.29704
18.947,0.17110586
69.904,17.699842
0.016,0.7060296
9.227,0.979093
289.963,308.73398
18.903,415.059
48.447,109.863464
0.033,2.1257417
21.19,1.7800696
9.160000000000002,55.639114
79.996,2.0044875
10.16,0.0024687245
0.016,43.43901
381.083,348.9282
40.13,24.198957
0.483,0.42527604
20.337,110.693985
8.543,44.272545
10.244,111.79472
270.156,554.0451
8.593,1.7662482
19900.94,5552.8315
0.033,66.337685
39.15,340.27814
19.617,3.2090766
0.187,8.250627
19.303,15.888008
9.46,36.57803
9.44,0.37582573
9.806,1.1757816
11.33,50.870857
1.114,58.025887
0.723,1.7474388
0.883,10.403429
59.584,1420.2871
57.86,37.14655
19.897,49.2855
19.637,93.64022
51.767,1383.1156
39.89000000000001,92.46119
19.643,65.294945
1.123,0.35593385
10.2,0.0039285594
189.8,282.8559
0.127,111.16248
19.504000000000005,16.646496
9.263,4.8247857
30.373,56.812813
8.674,9.224258
19.59,2.0370188
0.013,3.3914933
0.483,0.023791375
0.6129999999999999,38.42568
19.816,48.09017
0.11,40.258644
0.217,96.036125
19.124,69.75828
10.06,61.79915
10.403,139.18385
50.496,24.627619
0.11,0.94034356
9.78,25.04289
499.95,992.0677
1.33,71.31762
0.187,0.0917411
9.806,1.9240535
8.867,13.797732
40.057,0.05148872
968.477,327.64322
1159.783,2.6156461
30.024,27.607512
9.71,11.684749
20.087,36.806366
19.9,0.2852171
40.153000000000006,378.3088
9.424,4.462111
0.233,2.491329
189.92,557.05945
0.393,3.6439743
50.38999999999999,19.708899
20.143,12.244373
0.39,5.840896
0.5759999999999998,1.6882843
0.19,85.073235
0.187,24.223036
0.453,27.998552
10.277,25.632454
60.11,431.19238
0.157,0.0018174961
0.267,56.870472
0.39,0.18612473
80.327,18.798601
0.094,0.37582573
10.093,0.19531555
2029.894,743.2857
52.567,120.20577
18.54,0.25059205
0.187,1.3028862
20.043,5.843688
20.0,0.022879723
19.5,33.133858
9.817,48.161884
0.39,906.0462
200.973,117.09249
11.04,311.4388
0.2,8.305299
10.937,40.561172
10.497,191.97409
109.887,330.79257
0.187,2.4390364
9.053,0.047204703
0.407,1.5864774
10.467,112.40408
1948.673,293.5044
11.8,65.07547
2439.593,1393.1389
25.107,179.66261
21.697,499.59146
0.127,20.302113
0.204,60.59804
29.453,0.71224385
20.513,26.534698
9.826,85.86793
60.31,8.273424
0.114,93.27983
22.45,77.93792
8.804,7.510224
9.863,4.260054
19.423,39.123238
20.06,57.00376
0.153,3.9247742
11.05,1.488907
8.94,31.609232
1317.427,685.2216
0.127,30.197304
20.573,339.03445
1.973,0.19066465
0.014,9.129442
70.66,1028.5455
0.013,14.418818
0.937,27.062202
0.75,0.025118202
9.92,5.682985
0.11,7.8466268
21.214,288.00226
57.704,37.641106
0.25,161.55768
39.906,72.038155
39.753,0.5855065
0.11,36.22658
5.33,246.71956
7.6,33.740997
19.883,203.15369
9.58,0.5301118
9.817,6.3496723
1.83,107.86235
9.946,0.8049598
9.854,9.988712
3.563,156.46574
2.39,7.314374
0.047,34.388107
50.863,144.58392
0.157,0.003157095
4.387,0.119795956
29.887,27.139488
0.803,48.308323
29.956,30.992273
10.296,23.753101
20.18,126.55032
720.017,1596.8008
39.687,51.174545
0.013,28.06215
10.003,93.05806
0.043,55.702
38.627,302.42703
139.88,18.437082
401.203,105.94003
9.929999999999998,0.0038918587
9.863,46.176052
0.063,0.137958
8.867,13.532973
0.017,1.8660319
33.253,0.112202376
10.237,1.0291405
0.563,0.39821306
29.77,69.40043
40.28,29.529648
0.373,0.14808525
0.143,174.21094
188.953,1009.5256
10.223,1.0773154
90.2,399.27435
11.11,63.91013
29.533,30.350927
9.137,0.83350116
19.564,26.896454
0.063,0.31375018
0.263,1.4054906
0.483,6.4788947
11.0,51.897636
10.047,49.098473
9.503,0.122131445
0.127,0.8785877
41.203,91.90452
99.97,75.45218
0.063,14.074381
89.843,518.66644
9.973,17.50246
1390.607,301.6529
0.456,105.97398
9.927,46.359207
240.464,153.56021
0.203,31.771458
10.077,1.0065427
49.26,343.99612
20.343,16.235287
40.11399999999999,2.146059
41.723,0.13616352
590.846,447.60757
30.327,122.35199
9.886,41.66484
0.22,0.5690177
47.62,129.05376
119.863,532.4667
0.313,47.30555
30.183,15.542541
229.587,0.037075944
9.786,54.257076
1.106,99.88656
30.157,133.65135
0.5,0.01717926
39.797,374.50958
0.11,1.6365075
0.013,147.19542
3067.376,1208.0677
10.55,50.036545
0.737,31.393349
21.753,302.4839
0.186,12.2207365
36.047,84.75134
8.7,13.998718
50.127,212.08531
1.3170000000000002,37.130173
0.25,28.982685
9.233,914.80164
49.5,0.034355994
0.07999999999999999,131.36908
0.14,207.98114
0.12299999999999998,0.20714335
20.136,182.69286
248.397,7.611865
0.9570000000000001,0.0052752933
1030.86,1423.7177
0.783,0.0568358
20.01,11.290477
11.43,29.991983
10.2,26.505787
9.516,74.584526
8.14,61.702187
0.14,0.2524135
9.9,9.122248
9.923,0.05515474
0.12299999999999998,36.912727
9.866,0.1999082
8.377,36.746643
10.166,1.4789486
0.093,3.26152
9.236,187.64528
10.176,1.274652
0.267,293.30142
1224.283,1345.2125
10.043,0.327545
9.0,1.1842225
9.983,80.32295
10.02,38.06932
0.58,0.019197319
0.014,69.04266
10.36,5.4199433
19.943,64.29851
9.22,56.39603
9.74,89.30863
0.33,0.19114546
18.313,348.5875
8.45,46.95985
0.584,1.2765763
29.33,0.26672062
0.466,89.42272
210.03300000000002,241.81754
0.874,25.817362
30.070000000000004,19.160265
80.2,10.337767
9.469999999999999,4.1855497
80.084,132.62479
30.006,109.27106
99.984,0.12937608
0.203,0.025692513
19.82,83.210655
0.046,58.069416
0.67,0.38307297
8.99,29.110071
9.393,97.50311
90.52,308.91467
0.11,0.16435283
39.85,0.014292018
957.4170000000001,176.93056
30.65,13.712982
230.26399999999998,207.3278
0.737,52.89011
0.063,49.1853
100.043,866.47876
10.153,2.407345
0.0,0.08629921
29.5,450.21594
9.22,23.059628
10.537,17.228569
29.723,224.95079
11.66,562.6588
9.29,0.090865776
19.52,79.14939
9.666999999999998,26.470676
0.17,1.7917924
59.767,76.69761
39.267,88.8321
19.683,17.139992
30.587,105.28223
9.732999999999999,7.050927
0.3,35.96732
19.086,95.593735
9.317,1.451742
48.507,67.434875
239.653,57.737247
550.533,104.80555
20.24,0.01743489
0.11,0.29164734
1.473,25.012016
9.984,2.1030805
9.823,2.6141427
39.693,62.59916
0.267,8.741578
19.65,0.03990323
8.47,0.04018323
19.556,1.2375706
17670.374,2056.3738
9.877,0.020479355
69.533,42.94359
10.99,13.317933
9.407,4.3312507
17.593,197.38159
149.443,384.55002
8.573,43.258842
18.939999999999998,24.039091
40.437,30.298397
31.026,0.276347
18.73,91.96967
118.96,26.08538
19.737,84.04381
0.093,56.74326
10.547,13.222126
20.266,82.915855
0.467,0.29417396
51.26,646.9646
10.643,51.061356
2407.416,610.5733
0.043,183.33661
10.076000000000002,13.486436
10.107,22.71377
29.714,199.42537
7.803,56.20933
10.207,21.93619
19.88,90.157845
0.33,7.2389913
9.203,0.029120209
0.017,0.35729384
19.487,25.951838
0.077,52.211956
9.863,1.9638699
8.48,27.105486
19.94,214.001
10.14,12.243483
0.28,20.67377
9.773,1.2021724
10.056999999999999,49.857285
19.68,71.84302
2.02,0.3439187
0.19,0.6010528
1.203,13.800246
0.034,0.23266475
19.36,0.04049066
0.064,4.388368
19.897,57.301037
109.726,102.108376
240.107,197.13548
19.866,0.567095
49.704,35.086002
10.584,0.1381729
0.097,1.9831545
19.61,20.775965
409.87999999999994,81.910385
9.523,19.156004
20.357,0.04841086
69.997,109.330376
200.067,67.41424
9.213,1.229167
12.6,155.67177
19.856,370.3233
10.217,1.3628179
29.683,103.15351
7.276,15.87667
8.753,122.06127
141.15,112.86972
19.297000000000004,0.22663943
30.76,0.16037408
1.5329999999999997,200.11418
1.04,0.69936657
9.783,43.858746
10.067,87.87444
10.047,21.012335
0.466,0.00088610995
0.11,0.34560806
9.917,34.344425
129.41,37.215347
8.833,35.280117
9.59,56.238968
16.36,0.30361444
9.263,35.508858
46.4,1362.5105
10.127,2.918075
9.5,37.63533
39.63,1147.0352
9.243,19.651983
0.03,17.732603
2512.4669999999996,564.5106
19.706,7.3441024
260.306,356.83176
0.063,8.524846
448.926,610.5996
10.35,0.1279486
8.73,0.21110724
101.86999999999999,20.137589
0.33,1.0014948
11.597,32.054443
60.74,20.340612
9.657,20.304455
2775.297,347.96976
8.423,87.63876
0.267,60.079163
0.12299999999999998,5.3004904
39.84,90.47317
70.05,59.645393
0.72,97.347534
39.062999999999995,224.78725
9.757,65.5833
10.17,0.51326543
0.25,0.008857805
9.753,15.260264
40.307,29.407415
0.484,9.758347
0.077,128.132
10.167,308.3354
0.093,0.16141334
109.25300000000001,511.3825
19.344000000000005,0.4011767
31.22,312.2169
19.937,468.92825
0.99,121.94046
15.177,347.85974
19.713,24.676819
14.22,61.676285
1374.734,1177.2855
0.28,49.814575
0.046,30.816517
170.07999999999998,13.316385
97.946,220.32056
10.15,0.9227542
9.52,13.482265
9.9,41.37289
19.893,1411.9808
39.886,9.127144
0.174,3.4583514
0.03,2.133703
0.03,1.4727141
0.0,0.05494045
0.453,83.94856
0.3469999999999999,63.134647
0.5,12.662802
20.047,25.536076
19.66,275.73004
10.454,577.6092
10.977,71.350586
0.374,0.734734
0.266,39.879227
280.79,57.27306
18.814,14.07455
59.967,0.0037371852
10.09,10.831217
30.336,1.6174148
19.91,73.70903
0.14399999999999996,1.1373515
69.907,469.73718
0.313,1.0120789
0.437,1.5715312
10.276,0.31190827
118.936,102.5274
0.783,81.20856
0.977,2.684949
50.15,1140.0092
19.3,0.2992131
21.1,30.361078
0.107,0.006421416
17.48,71.31762
19.363,57.540806
49.684,94.166176
20.673,544.58765
8.023,145.13226
120.99,194.39911
18.983,10.536927
0.3,42.63335
39.15,2.6304536
0.406,6.1615114
11.06,37.78001
0.174,0.002679642
0.267,1.3168315
9.737,57.842583
120.324,376.70364
18.92,92.15316
39.903,31.940662
9.732999999999999,0.01115718
19.233,84.633545
10.187,207.9099
11.003,9.005806
0.19,9.400164
18.627,19.90741
0.66,55.31509
10.96,27.411768
10.187,107.90672
0.127,0.99550354
29.073,0.3940323
19.314,390.91446
17.007,47.823437
0.11,43.56795
30.81,250.24773
0.297,0.12563261
8.984,3.26152
0.016,4.5542917
9.883000000000001,0.015836151
99.817,443.81168
0.657,112.82102
0.733,189.9663
1230.08,773.4506
0.174,0.916462
0.157,0.40277258
855.167,1522.1508
10.856,11.681486
9.145999999999999,48.925022
0.233,4.981818
58.37,18.398327
0.266,1.4680682
9.75,0.1656624
0.077,70.93321
0.077,5.3689747
19.604,0.39821306
90.514,0.2499989
10.887,154.13528
48.866,316.62344
0.407,12.949178
19.807,95.9505
9.744,0.08486263
0.69,77.494965
0.063,50.342896
9.767,64.568115
0.55,169.8606
50.7,115.81466
20.923,51.008698
20.056999999999995,100.59785
51.707,169.32242
239.176,315.69196
20.167,0.017855313
9.846,61.48587
1.017,13.003808
289.5,344.3304
0.033,2.0328836
44.34300000000001,35.760563
49.16,655.23926
0.17,7.993164
20.056999999999995,104.41579
99.25,26.469225
0.017,116.64365
11.526,94.87289
0.094,77.146645
18.66,0.3389693
9.847,0.004037413
129.953,476.86127
0.313,1.5160828
59.474,4692.5435
10.477,18.758623
9.783,92.44404
0.11,58.63937
258.84,62.397427
9.05,32.492367
0.03,8.840541
9.13,38.21419
140.127,24.477413
0.487,16.05917
18.374,93.40013
10.163,97.77615
29.94,63.027782
33.49,81.80727
300.114,905.3435
29.71,0.15455453
9.78,20.79205
9.154,12.369404
0.034,0.17609492
9.732999999999999,27.939276
1132.097,1031.3734
9.873,86.49839
60.017,6.4021077
389.207,364.17407
19.97,243.79428
20.013,50.794437
0.0,1.3896469
9.87,23.863838
9.38,27.715307
9.927,43.768288
0.11,0.3432362
18.833,190.78986
10.607,40.032
329.3,124.48046
0.593,0.5457099
10.703,26.504284
19.603,56.299046
9.4,75.82414
11.984,0.0055196937
0.064,0.4454545
49.984,19.354197
20.206,149.4262
0.173,3.7726133
10.006,14.82718
0.453,10.140648
16.817,20.629837
0.11,80.04516
20.47,13.482265
20.513,310.41315
19.43,99.99388
9.48,0.18542206
4430.17,167.62054
8.81,0.38023365
59.25,121.688354
1.163,0.4727549
109.347,170.24544
0.187,38.37209
0.393,43.258842
96.27400000000002,654.4231
10.49,29.66009
19.804,43.1943
69.08,37.70512
9.160000000000002,0.2659452
19.267,30.97059
0.03,1.3734732
79.03,132.19391
29.454,1038.8776
39.84,5.0181575
9.646,0.015888343
68.89,176.92252
0.013,0.4246009
10.66,0.2706685
0.203,0.41059968
30.793000000000003,0.97979814
130.927,459.9162
210.987,43.7089
2825.507,1614.7745
9.61,8.107831
9.083,15.536154
10.0,0.1102678
9.643,0.011094598
29.62,25.191633
409.913,366.71585
9.027,30.594763
0.14,1.7640564
0.03,74.94304
0.91,11.893265
9.063,4.3604865
0.047,32.176563
0.31,8.01402
0.3,77.9483
9.004,72.24493
19.777,221.72366
9.397,3.487215
90.323,129.87477
10.066,89.22367
220.753,427.53055
19.963,24.538347
0.71,141.58316
8.75,1.6368741
19.176,16.998594
10.22,11.76031
10.103,0.19114546
39.783,0.95407176
294.143,33.636185
0.36,4.5502334
41.893,437.64758
130.873,241.59744
149.25999999999996,532.1307
0.457,0.9516183
8.54,0.48260337
0.3469999999999999,16.244482
39.133,225.42488
49.8,29.0937
561.033,3335.3733
50.29,353.81146
9.793,1.3896469
19.6,49.931835
19.78,196.84752
8.056,0.44716725
120.156,336.03098
80.427,21.401974
149.106,674.61743
10.016,0.80736387
49.59,462.66177
10.8,25.158981
15.187,126.00242
2.41,16.88632
11.34,20.423912
19.633,231.04369
0.11,1.229167
0.12299999999999998,7.7296376
9.04,0.014819612
9.96,79.290695
29.804,872.3837
9.833,45.874775
9.257,19.2643
0.157,12.194567
1.093,20.206736
89.99599999999998,39.930126
19.077,7.638591
109.717,318.8245
9.217,25.18682
9.605999999999998,0.09619282
0.093,76.80897
139.92,55.306507
90.527,62.095325
10.416,21.61211
21.606999999999996,181.91235
9.66,0.9522665
9.583,9.581778
9.797,46.68484
20.04,554.9048
309.32,469.62512
0.314,67.192604
20.043,102.33327
0.513,71.50837
0.657,9.224258
0.547,12.780063
8.457,100.531525
10.320000000000002,43.285168
9.696,0.14722122
0.017,4.441369
0.07999999999999999,121.861786
567.807,1277.7554
10.113,362.00797
0.016,47.458546
29.88,26.147226
8.663,12.021247
0.097,129.05376
9.607,1.215611
0.07999999999999999,112.40408
0.187,5.671713
0.187,205.11707
0.234,0.009611253
0.016,14.743475
158.043,167.53703
0.11,19.544422
0.124,77.13267
79.87,0.09717238
9.12,0.137958
0.046,27.46187
8.883,0.019168671
19.567,3.917883
9.924,0.58055854
29.817,191.93712
30.21,0.36918074
80.26,125.47778
8.5,30.41478
8.734,0.010299229
1.0,2.3889813
0.847,1.2340034
9.953,15.099397
39.156,3.3225546
0.063,0.53018105
9.624,91.8572
20.727,44.24103
60.23,75.04321
9.524,0.92140716
9.596,19.130411
520.997,928.0043
10.89,16.60499
11.06,15.43035
40.113,0.013319539
9.587,7.4734488
8.573,37.152046
0.063,18.280592
28.064,63.5719
20.87,123.05378
39.41,0.033854853
210.793,248.26262
0.25,103.819374
0.39,0.2689492
0.44,24.813118
9.06,1.6562315
29.02,0.01758151
22.39,97.83626
9.56,0.25950733
11.28,1.0144175
9.786,35.407806
119.297,16.034634
20.306,13.808067
7.907,1.3168315
9.973,148.05515
0.424,27.570616
511.88,278.97528
29.967,349.26477
19.814,774.3838
29.693,191.55504
0.14399999999999996,249.2283
9.77,13.214805
18.976,622.7599
10.239999999999998,119.726326
10.010000000000002,9.44601
0.593,100.37506
3.827,36.903763
129.99,22.684662
20.786,4.1614566
0.597,7.133474
0.343,10.344895
40.22,624.2538
0.813,7.6768794
8.827,5.507849
10.12,0.3949842
560.023,406.38068
3841.823,507.20038
19.9,1.4884014
0.186,40.251095
39.59000000000001,0.027998058
9.594,0.24520957
979.4,189.7222
29.774,2.2870421
79.373,97.10868
449.64,380.96744
0.47,8.467848
140.423,319.5446
39.626999999999995,433.81662
1.583,0.1451377
0.06,0.02644148
100.973,97.134735
0.013,12.475693
3.27,101.522964
19.884,338.72043
9.137,0.0056043225
9.514,40.284355
10.844,0.031880125
120.17,39.04307
0.58,38.44633
0.017,0.126389
0.403,0.008084761
0.343,0.24596423
0.596,142.72102
0.203,2.6851792
38.913,48.661034
8.693,17.646917
40.173,112.951675
10.953,296.9176
17.43,56.55606
0.77,124.03816
0.19,0.0011762449
9.997,118.38373
39.269999999999996,0.6303716
0.31,16.77961
659.703,1670.7045
0.466,339.3864
80.02,254.51431
39.34,107.121025
9.894,4.1097927
0.187,52.67084
11.53,82.95646
0.157,51.73278
19.01,0.5304693
4.257,0.19066465
0.42,40.36265
0.094,275.98688
29.59,37.757294
49.11,50.036545
9.76,0.5600304
10.92,131.86864
9.554,684.95905
48.943999999999996,616.1457
20.72,55.349392
0.063,9.129442
9.946,270.6129
327.75,562.0038
1.11,13.48295
0.397,0.22583184
110.153,366.86182
9.613,1.9259516
0.064,80.126335
40.013,170.97917
9.929999999999998,24.559357
300.737,131.17009
11.197,17.525555
0.03,5.8021173
40.237,61.493034
10.233,0.68510383
9.33,61.377754
18.964,3.3402486
10.217,26.507359
10.633,0.46051413
40.037,0.5055795
2.3169999999999997,539.9279
9.67,2.6214437
81.173,14.609234
35.303,204.0495
0.733,0.12798776
40.68,199.55466
10.163,27.82484
9.82,1.763034
0.67,0.18645765
0.377,36.166645
0.717,46.77273
0.047,9.129442
0.564,0.069717854
99.7,1.488745
9.717,0.2563835
8.627,31.067757
10.3,16.46684
10.003,44.509434
9.334,434.5458
5.64,196.7138
8.873,28.229994
51.053,49.314022
0.14,190.16478
0.127,0.93975645
9.233,69.611465
9.047,2.026587
11.283,14.82718
238.087,496.22537
0.284,361.1988
0.114,33.878708
389.81,681.7567
11.957,63.01291
0.016,0.86763287
31.373,65.535706
19.53,152.53429
0.22,36.421207
90.5,439.388
139.184,822.01605
0.0,0.7560386
20.446,700.3989
10.237,8.112409
120.227,219.98111
20.586,17.164648
109.803,0.21761476
219.737,252.95924
169.97,379.58795
10.093,21.119524
10.584,64.165245
8.53,0.48596138
10.327,17.058033
8.91,70.97511
24.247,37.916214
9.12,81.74416
6.74,15.057008
20.056999999999995,170.95302
8.356,0.035869297
1.313,0.06762596
11.454,0.0077883955
0.14,1.3555375
0.263,0.017654376
29.09,2.3974595
30.076,55.062454
8.05,128.14752
20.733,97.68165
659.99,855.1386
1.61,26.25635
0.186,14.155506
59.81999999999999,84.00464
0.233,13.9924345
9.997,72.26978
136.613,840.44366
30.77,78.37123
39.923,97.89638
14.705999999999998,18.434856
19.617,16.832642
20.04,0.094557546
19.353,21.027475
11.653,25.592037
110.30299999999998,120.07332
9.424,0.09377545
10.16,0.7797948
249.32,26.904696
0.707,0.013456383
5.537,31.15371
10.027,1.3486288
0.19,1.4291704
10.566,74.48985
19.97,46.011925
1810.76,1641.4653
8.946,20.303535
0.267,0.10959506
30.467,374.6111
9.783,21.532173
68.91,80.4438
8.356,1.2375482
20.163,54.265728
0.063,73.92858
0.013,3.6020093
11.593,0.013290431
10.09,80.79694
33.926,630.5477
10.699999999999998,25.18682
0.14,0.3019167
10.710000000000003,56.7415
9.07,0.41147152
0.784,2.906988
130.183,110.8371
19.047,44.841442
19.884,20.469007
3.71,299.59167
25.34,20.556313
0.377,40.43834
8.61,0.68510383
19.996,1.5634041
8.507,41.102295
9.863,55.29326
512.433,536.21936
0.47,66.49915
8.58,20.160442
0.064,1.1499648
8.743,0.09379379
8.683,1.3796117
0.316,58.725475
19.48,196.5218
9.76,0.0013955439
0.124,138.21103
98.57,83.144775
10.05,126.30855
9.873,0.12796287
3.266,41.455498
9.5,0.0018174961
119.757,261.16037
1.643,0.022513302
30.103,84.78006
310.5059999999999,570.1378
10.436,375.2388
0.017,1.6775813
9.464,0.10540357
50.516,48.844036
19.706,10.990093
429.973,301.1903
21.212999999999997,85.2315
20.08,0.92699677
9.913,0.24091005
20.383,47.874767
20.493,95.90046
10.017,3.8606842
8.727,80.3718
1.55,21.821854
20.046,588.7398
0.453,0.00043169313
0.017,30.074987
30.027,1.1143576
0.047,1.3433161
0.217,0.7035891
19.45,97.86316
3.033,0.013419884
0.03,5.7410045
10.364,36.546906
0.5759999999999998,0.04345497
20.39,337.9382
9.619999999999997,0.033372853
1.5160000000000002,1.241905
4476.763,1538.705
30.18,12.626178
339.903,2234.5798
0.843,687.08435
0.046,1.9106892
1.177,0.40989468
9.477,0.16010863
20.05,617.2974
59.95,361.29105
0.016,0.11589043
0.266,2.9354265
1.014,61.479103
0.563,61.324287
0.296,0.8547138
9.84,13.287434
30.206,1062.5952
19.426,48.990025
41.737,24.263863
39.707,140.7894
0.8440000000000001,61.377754
10.03,46.07933
26.836,569.77203
25.287,95.92867
9.594,72.871056
0.593,0.04210106
20.673,86.408165
19.994,271.9012
10.43,60.41713
19.227,62.905914
0.33,19.70569
3851.34,1733.4067
29.837,162.33067
19.506,12.387713
120.327,435.00336
10.073,243.05513
8.47,144.02948
16.83,318.6311
59.69,3.4062073
10.587,147.31522
20.434,95.61173
0.03,79.97161
20.24,29.242342
8.727,26.507013
0.033,0.11791113
8.733,136.7166
130.023,0.004231918
70.094,1.8724794
10.11,10.164063
9.376000000000001,8.32712
31.000000000000004,2.7457132
0.217,99.139725
75.386,430.29126
8.143,0.29619122
0.206,5.438341
20.953,109.39689
10.25,1.6842384
0.03,0.06434949
0.313,26.194342
9.827000000000002,13.431278
0.064,27.822746
10.502999999999998,21.292278
139.297,112.821976
10.446,5.1197963
161.883,532.97314
70.137,218.99234
38.29,435.6616
28.84,44.704277
19.100000000000005,21.71984
79.857,219.30185
0.204,85.036575
2441.8730000000005,130.58295
1.003,8.835678
0.047,21.10276
8.97,198.206
0.173,3.8202617
40.777,163.729
20.003,346.7484
9.876,40.258644
260.513,1366.8862
979.233,1239.3511
209.97599999999997,24.296072
0.67,5.682985
80.93,140.99455
422.956,308.54605
0.033,1.499517
39.98,372.77252
40.013,33.159912
10.186,350.3912
81.90299999999999,459.83118
11.02,17.166962
10.783,0.28118348
957.683,865.22626
19.483,537.53766
69.784,12.181198
9.137,0.8617318
0.157,3.917401
9.423000000000002,18.767038
30.463,130.29057
7.63,1.4358343
70.853,1354.4314
40.107,12.498881
6.48,23.784698
0.3469999999999999,1.7686973
0.07999999999999999,0.1095869
10.424,66.82147
19.993,0.09106816
0.046,7.4660573
617.38,491.41965
110.11699999999999,88.48757
1547.473,481.30054
20.444,86.56685
9.987,11.091427
779.573,510.4442
70.04,17.67762
19.73,52.05208
30.45,39.107937
9.65,0.75068045
10.033,111.610535
30.003,30.595968
29.787,57.552334
20.69,267.32224
80.036,195.75653
6.267,0.30721387
99.897,381.38626
40.1,12.096559
30.196,76.86522
5491.76,4943.3213
30.59,57.025818
159.88,31.832542
99.97,317.43835
29.837,41.033894
49.277,68.666
100.153,33.852154
9.304,0.037346818
39.75,413.4945
0.733,2.8009129
18.34,558.68414
20.05,8.395936
0.41,5.5970845
10.403,223.06389
0.626,0.031805363
6.75,45.579338
3.4230000000000005,0.008042995
9.86,0.0063355993
400.114,169.93219
20.03,208.47739
39.303,63.65499
20.186,0.85778815
18.597,59.35678
20.097,12.518842
18.653,0.76744413
0.047,0.910908
19.91,160.29079
56.597,107.30223
19.83,30.700825
98.65,518.78906
39.996,167.6332
0.36,1.1373527
10.013,88.64112
9.97,16.906155
10.883,536.67523
9.903,57.83942
108.53,1360.4457
5280.084,541.15656
10.29,0.0040810993
20.023,1.855566
31.173,89.7869
190.68,432.41974
19.75,23.27529
0.047,0.91478974
20.093,168.51851
0.27,40.837543
10.203,23.38269
47.673,338.96896
12.16,10.855035
9.826,3.2800088
823.543,1820.9092
0.47,11.755669
8.26,0.23376636
0.204,0.0066528916
10.79,0.3207087
1296.237,3375.1162
8.78,0.00050804514
9.923,104.68494
20.133,12.010754
129.96,26.85687
40.697,132.73662
0.75,48.308372
269.707,302.2182
90.626,80.51679
9.976,5.303034
2240.86,518.82904
1.097,7.272969
349.64,128.57143
29.56,1385.945
19.837,1.2992805
1040.16,0.84138924
0.077,135.63815
19.583,0.34030902
29.737,316.62344
19.687,64.973885
0.093,64.63257
110.163,0.027380623
10.536000000000001,18.197098
0.047,1.1997166
0.377,0.59017855
89.7,17.302593
0.28,20.67377
40.55,0.8871604
20.866,159.98042
37.003,106.24427
19.81,31.07667
0.063,0.76855594
9.123,22.867573
10.45,20.110485
9.14,71.26585
10.167,2.491329
0.237,23.769304
19.247,87.498886
39.623,74.782326
80.036,10.626404
80.403,177.97289
0.124,49.523933
48.853,0.14806068
11.797,65.82854
30.063,334.75443
30.82,157.16211
0.0,1.373472
29.977,42.257767
20.78,0.5746964
69.25,324.29858
19.239999999999995,107.35886
0.674,60.60476
109.66700000000002,362.15646
1.063,1.4291704
0.017,29.944977
0.72,20.340687
0.233,0.009647506
69.46,28.31356
0.797,0.3258315
39.037,71.33856
0.36,579.175
9.824,0.87681407
10.606,0.46657482
10.424,129.98189
79.457,10.868901
3.6,22.986517
0.12299999999999998,29.27252
40.163,32.19552
44.196,112.754906
72.007,455.3774
10.007,1.0315695
40.07699999999999,63.719555
0.173,100.24748
241.516,499.77002
19.37,2.5682993
0.12299999999999998,3.9892428
19.276,0.41955733
0.547,1.7336076
0.033,0.4498465
5.119999999999999,0.47496966
340.577,582.64417
149.967,8.470334
19.95,4.663
59.28,452.31668
0.11,0.024986085
9.557,64.001045
88.73,5.8336
53.037,283.95505
1381.087,382.4862
9.13,0.017700842
8.07,0.48690778
5828.35,1724.0448
202.007,156.80438
145.96000000000004,628.98395
30.157,14.07376
570.8,259.69882
86.204,59.641354
0.143,0.17736585
0.27,91.84352
0.25,0.017161362
19.753,191.47055
19.63,0.0076949717
275.19,610.21375
0.343,20.349909
0.127,5.4197574
19.7,199.97751
10.643,72.35209
18.66,531.7776
10.157,10.7083435
8.753,0.57929754
1.047,0.13266511
320.31,82.49551
771.26,212.72223
1.8599999999999999,11.353058
9.853,4.611824
39.37,110.80769
0.06,0.7869104
0.346,18.37719
30.013,57.540806
20.007,1.5309132
80.02,57.706963
9.35,1253.9941
16.836,456.64798
0.14399999999999996,2.6814413
9.42,0.9790687
29.933,0.19738787
55.047,7.575511
50.184,86.070145
9.367,2.321585
1849.987,253.95955
0.11,6.3930006
0.643,33.884808
359.623,369.17477
20.023,57.44528
78.733,370.82922
19.767,17.06217
0.517,13.870246
30.066,37.676323
19.267,1.636729
59.077,24.167004
0.36,37.482063
0.296,0.53802085
29.433,21.082932
1.72,151.86516
150.167,512.5012
69.984,98.176094
10.15,128.91862
61.07,266.20163
0.75,29.814978
39.967,26.547436
3.847,8.282002
9.757,21.344814
9.314,2.1824608
29.64,2.601889
9.717,3.8064146
9.04,17.92053
209.867,3.0198092
38.36,13.600368
10.41,184.9665
8.87,0.004382362
8.987,20.785454
0.937,34.395676
9.99,52.765827
8.713,17.405037
19.147,0.025809167
0.03,60.370644
0.436,0.93677044
0.813,25.17763
9.84,36.40767
8.003,17.947983
10.613,45.623753
10.147,21.23993
1.097,41.377007
20.133,764.0086
479.584,319.2109
59.134,0.9869713
10.493,11.715268
0.203,72.97779
0.094,2.2656925
0.72,1.546364
14.027,975.67847
9.29,1.4291704
0.83,0.1274561
156.91300000000004,1010.41705
20.407,190.54735
8.743,57.69639
0.254,23.24027
40.11,525.4046
10.603,91.4976
28.893,54.105476
11.704,89.983086
710.083,500.25168
28.884,34.9877
9.847,22.176155
49.06,2655.305
10.19,95.20698
1.283,0.35419914
30.443,19.509556
0.017,13.222126
0.047,69.76479
10.05,0.66646945
49.85,22.073044
0.267,2.5064557
9.206999999999999,123.86313
0.28,35.000732
0.0,0.1523258
20.0,88.50314
0.847,29.936918
310.06,158.05487
10.253,0.05288179
18.75,15.43035
10.826999999999998,107.21462
19.927,135.3289
1.293,368.1108
1.76,47.69716
0.107,1.9609935
11.423,22.783112
19.037,107.96266
0.597,14.466122
0.12299999999999998,31.833775
59.003,448.82376
39.747,18.464966
11.1,363.95358
0.07599999999999998,105.84343
20.066,45.997414
10.097,16.00301
10.363,18.463394
39.393,1225.8944
9.933,4.999564
9.727,93.6591
0.327,8.143718
0.33,24.203884
9.713,133.83435
11.03,168.1523
10.107,0.979093
0.487,87.255295
0.07599999999999998,0.6588583
40.187,75.98956
19.91,53.266735
9.31,0.058000628
520.076,139.21817
0.263,1305.0388
10.463,27.915987
16.28,1.1026816
9.396,2.0068133
17.766,0.07430554
0.314,0.07430554
129.837,383.66888
67.18,1253.6761
10.173,12.228794
229.976,1125.0996
160.143,78.71271
10.347,294.16946
9.407,6.319088
60.207,151.15892
39.046,216.14833
0.03,1.9011146
0.157,0.0075418707
9.383,147.31522
29.993,105.61456
0.017,2.6814413
0.11,0.89090705
29.814,2.6173124
4.33,9.038477
10.13,80.34245
9.06,109.12336
10.413,9.970891
0.093,58.278778
0.157,1.4358343
1.85,65.1988
0.564,2.026589
289.45,574.0175
140.31,6.5820518
521.04,369.39236
130.9,138.39864
9.717,34.188076
141.027,39.10356
0.754,83.0096
9.836,18.02094
11.207,69.25318
9.84,21.75312
542.987,609.81287
0.203,541.0635
9.97,0.259912
0.69,0.30826592
1.346,72.61009
10.094,0.7212423
28.544,32.978207
0.12299999999999998,5.114552
9.137,24.61822
0.03,0.0013621377
40.76,0.41286692
10.69,2.4022791
0.204,0.11607967
0.03,15.442424
11.18,32.769463
40.197,133.22488
20.083,2.1324399
0.55,210.74278
0.097,60.374348
89.84,1063.3081
208.496,128.33208
50.127,20.588125
10.014,0.0013955439
0.623,0.9212753
19.713,2.952954
0.843,0.0066406257
20.926,33.57276
10.293,34.636265
0.017,38.87125
10.406,95.24736
0.047,33.938232
9.83,0.7266863
7.247,1.5681777
8.44,11.893265
20.08,0.011820327
1.5969999999999998,2.9471898
60.043,77.146645
9.734,2.5159965
10.444,0.21307527
18.613,0.07785535
20.04,16.04144
9.619999999999997,13.6432085
9.314,28.648085
0.063,1.3796117
30.023000000000003,122.766945
9.247,0.019632658
28.293,62.607258
0.393,1.9549699
9.72,24.711597
0.9,0.1576619
0.09,0.23210075
49.94,39.121372
0.357,68.86195
610.8200000000002,604.4826
19.78,0.6318112
270.637,23.067244
10.977,50.091423
0.326,0.02819831
39.963,46.552765
8.716,195.9325
9.91,23.49297
1.956,109.13552
53.98,464.30914
51.0,22.158495
8.26,466.09863
9.567,1.780423
19.063,1.8914887
260.307,43.776905
10.343,19.229435
31.03,17.234413
0.013,27.915321
0.22,30.278309
9.25,45.624813
0.267,0.004149263
10.773,5.596652
16.5,108.021736
20.223,31.530499
0.127,36.173584
0.36,0.18645802
9.9,7.342449
73.647,585.9954
9.19,20.792555
0.017,0.032948494
10.573,9.23378
19.703,0.27198845
80.63,63.532394
10.06,105.84343
7181.32,1498.7782
70.18,14.310101
30.284,17.569736
59.797,24.365753
20.273,1.8094131
0.25,2.5064557
9.177,0.0014542865
8.99,103.28258
9.233,428.00253
7.837,27.282831
0.267,0.29164734
9.257,78.39872
0.0,8.431426
801.84,713.0388
99.067,151.77849
10.864,0.2941285
30.704,41.266895
1.193,2.5567453
30.327,33.34718
21.397,93.69324
0.064,20.545795
0.53,0.014819612
19.933,0.7605329
1.186,0.029694637
0.0,2.372567
10.010000000000002,242.15732
1248.247,1463.5333
29.712999999999997,157.1957
19.717,8.010025
0.07999999999999999,28.873516
79.147,1215.058
0.75,2.5050964
20.053,72.5275
160.026,314.5928
0.173,1.0640653
8.636,0.5800405
0.013,2.6851792
1.097,197.95686
6.283,126.82512
490.536,865.5156
10.192999999999998,2.7965283
19.512999999999998,108.07204
10.293,2.97382
0.42,1.9473003
10.41,41.196014
0.83,67.7902
0.17,2.1736212
10.017,0.47652674
9.566,121.4914
9.39,1.7003295
10.946,62.890812
9.86,15.115215
9.9,74.63919
20.563,663.921
10.373,205.30132
20.273,198.81969
8.216,2.5195758
58.914,27.85848
9.82,0.9759718
39.924,569.8623
59.544,0.14808525
20.794,70.39087
18.943,1093.4706
10.73,83.20146
61.817,32.38566
1.1,78.69343
13.436,0.0059187347
1.0,57.857906
0.03,30.816517
126.33,1525.0303
20.847000000000005,242.25168
8.557,28.75554
1014.17,1372.1829
29.923,0.80587
9.874000000000002,111.53024
140.177,690.7576
9.49,0.2114889
51.7,134.996
10.437,0.34063336
19.766000000000002,0.036822233
20.053,33.552116
30.327,91.677536
0.124,0.1853823
60.52,360.56818
29.99,528.1207
8.533,37.14232
22.602999999999998,1127.0656
70.317,323.78827
10.03,726.08276
16.09,14.200566
879.083,101.42838
10.699999999999998,3.6255937
0.517,33.144226
10.203,7.6768794
1.893,97.50311
12.107,0.16654347
9.777,0.08586542
11.016,13.532973
7.857,126.87767
9.927,0.013318611
19.239999999999995,3.2471268
19.34,0.032496322
0.187,1.9797286
19.9,54.275997
7.170000000000001,45.64355
590.704,32.182804
49.763,60.41931
180.043,56.92795
34.193,20.15057
9.787,1.5346041
1.157,35.280117
10.306,17.92053
20.303,21.103146
0.6129999999999999,4.675217
20.09,82.809906
9.937,59.784103
59.95,7.870732
0.11,0.7869104
0.3469999999999999,12.153865
18.337,40.799316
9.694,137.3445
0.767,3.7726133
58.343,2289.9414
39.187,2.2510183
10.31,0.022080889
20.787,117.021225
130.244,42.255676
0.12299999999999998,1.2112207
10.767,34.395676
8.997,23.672096
0.187,47.731773
21.62,98.94556
19.263,106.88738
20.42,123.8826
39.857,0.25014985
0.28,0.051851545
180.827,143.26785
10.66,132.19687
20.01,448.86053
0.673,0.17736028
0.423,31.833775
19.723,2.2516859
0.94,13.085999
10.026,1.6562315
220.27,550.78827
9.537,0.0005413603
9.833,0.38684034
28.973,16.712336
0.717,0.22185624
9.623,0.036849175
0.0,0.503509
19.313,44.083927
0.78,45.29408
0.407,58.087658
21.92,21.250332
9.637,77.57502
20.593000000000004,85.1515
0.55,24.31794
9.837,31.50374
0.204,92.431076
139.357,378.65637
0.127,30.829132
0.783,1.9416558
30.94,312.64716
19.946,18.994257
18.2,41.18846
0.767,1.6228392
7.987,0.18671744
8.497,17.76909
0.797,0.2706685
0.487,23.925632
28.403,6.712423
9.144,127.82967
9.8,0.008971112
0.017,21.936878
10.710000000000003,0.03415014
140.087,512.5603
30.237,640.0494
0.107,1.4323618
9.966,22.801859
11.237,14.247684
1.0,0.017700842
0.063,23.65046
0.813,1.8956237
485.163,754.3969
491.193,390.016
19.006,67.291695
9.397,1.2849748
1670.186,834.35333
19.85,0.01659888
19.383,24.673029
4.653,1.402259
1.347,0.26793388
39.217,46.494606
130.136,539.1513
8.88,102.11105
18.467,100.24748
9.993,17.166962
20.384,21.838322
1.033,111.43512
1260.41,486.52502
9.743,0.028328227
0.406,1.4284291
0.487,8.880068
0.437,0.01272655
10.39,0.008812751
9.623,26.179296
49.427,54.719112
9.215999999999998,20.302113
9.65,39.747936
1.723,0.15009424
11.417,0.22804953
0.377,0.024436349
19.307,956.2403
9.253,27.536638
19.994,84.88634
9.34,0.81985635
30.023000000000003,22.528816
0.17,0.8713459
9.284,21.88313
9.69,21.356394
9.726,72.43036
5.14,0.017540913
8.933,2.6141427
0.19,87.52491
9.224,1.783123
263.29,179.28998
0.093,29.122992
70.647,74.29371
39.467,490.10992
18.947,0.014980132
785.31,2111.0515
59.987,51.074554
59.483,609.4364
250.807,199.98466
10.05,0.69936657
0.093,3.6439743
0.703,22.180342
0.233,348.19974
31.21,116.306625
90.40999999999998,557.68097
10.747,0.025970517
19.93,65.91134
99.536,126.06206
10.94,51.422832
29.853,144.09276
19.906999999999996,0.00061801577
509.78,450.20337
30.653,51.863598
0.11,41.09116
9.09,2.0146036
9.64,82.236694
31.36,294.09113
1.376,0.5455325
9.88,109.52827
9.734,5.030355
558.283,48.222755
9.923,0.015836151
19.597,3.439874
0.303,0.53849155
0.0,1158.4813
1039.603,429.2177
20.363,0.015781965
90.737,0.21633044
0.07599999999999998,3.2110753
89.93,0.3472814
19.47,70.753716
190.77,168.61685
9.623,1.479942
36.28,0.8901953
0.14,0.59017855
9.43,71.720695
1.427,48.700512
40.157,3.7084434
19.744,16.097073
10.566,78.6491
18.987,38.13482
20.020000000000003,62.79983
9.753,0.017982146
0.483,55.465904
0.7529999999999999,1.423117
160.11,28.67825
0.17,0.003157095
0.546,41.00525
9.846,0.17465773
0.847,0.0010029495
9.953,211.42429
0.127,0.032267947
41.64,92.09954
57.596,0.10307354
80.28,505.34537
0.297,103.28258
3.103,251.5814
9.616,29.931341
18.09,1450.6665
2.3,88.35551
8.993,55.04378
0.187,0.38640526
19.72,11.222086
10.463,353.49704
0.157,0.008084761
10.62,45.488613
61.497,732.81213
10.214,0.4324116
1.567,60.26504
0.47,1.2552704
0.126,0.39540327
188.977,324.2514
8.1,121.302216
40.28,14.346932
10.14,0.0008025209
45.404,37.903122
47.85,31.81417
130.49,934.7644
0.17,21.908945
0.17,25.130753
373.887,2488.3574
10.353,30.700825
70.227,23.15353
9.700000000000001,16.236317
1.3170000000000002,0.023789877
10.21,0.61040026
30.886999999999997,68.76695
10.02,11.824615
21.54,88.89564
9.18,46.63631
0.093,0.28336075
1161.017,2044.6044
45.737,299.4166
10.113,39.87338
0.233,44.704277
10.29,351.68146
1411.08,319.1979
9.68,103.64523
9.534,1.0120789
10.036,0.11375354
29.477,0.031077804
9.907,44.609337
89.663,1399.5833
150.26300000000003,243.94678
20.083,0.5148838
11.167,21.885736
50.163,90.6936
29.157,6.246112
19.97,90.67893
9.574,2.9761038
20.31,226.35008
50.14,614.996
18.127,92.00056
0.064,0.26397476
18.46,125.38771
260.46,198.56512
1.91,97.763245
0.22,46.13787
2222.283,873.99744
861.257,149.24757
20.924,6.7403145
50.93,317.7386
0.83,44.6592
0.89,0.46602517
9.28,0.65217257
9.756,229.5915
0.157,3.644986
0.093,4.5502334
0.297,141.4512
472.727,511.80518
0.38,0.00051849347
20.337,440.21942
120.464,27.72749
10.266,8.099656
19.464,214.7598
99.437,233.47307
0.686,6.084232
20.017,43.81883
1.097,0.5782947
1.126,19.38363
139.02,105.52166
0.626,18.15859
0.486,1.5488654
375.6,378.8691
0.28,0.00050804514
11.7,28.096596
0.033,6.319088
20.29,53.152203
18.854,177.68819
9.167,17.844522
0.047,50.058342
1.39,455.13678
989.966,971.08905
1022.17,2741.7842
20.43,27.71478
20.013,1052.7393
10.47,30.649658
330.216,1293.1385
9.963000000000001,0.7196977
0.377,12.949178
9.824,0.65850097
9.013,21.039795
0.39,0.4561529
0.203,32.536636
1520.04,1070.0768
1000.587,141.3725
0.093,11.263728
19.14,47.27878
0.233,6.8697114
999.13,1389.8643
18.137,40.103737
0.346,0.88190013
0.563,0.004382362
0.297,115.16298
170.06,49.09995
49.995999999999995,13.304843
67.21,208.19147
19.783,99.36187
0.12299999999999998,0.4898256
9.87,0.9759718
10.03,0.017150123
30.09,203.6771
9.987,0.11066444
19.62,0.19063483
11.27,124.31569
20.14,56.926216
9.507,14.466122
0.203,0.004503768
18.544,0.0072850785
210.406,661.00555
9.49,11.519588
59.197,535.0305
10.494,0.10682397
10.067,75.48477
9.923,2.8695314
9.973,133.06075
20.773,6.769749
179.803,434.16678
9.903,61.796856
587.004,667.0511
339.006,422.40036
914.52,1545.0209
19.8,0.7288127
0.327,0.21110705
140.303,660.92194
260.043,570.96686
8.633,72.50734
29.28,50.34325
20.05,0.46793208
10.44,2.315847
4761.887,784.60724
9.04,11.485199
0.107,3.0228026
0.7529999999999999,95.44356
0.157,27.12501
9.843,98.72764
90.40999999999998,310.99826
0.034,92.755394
0.36299999999999993,0.007947501
0.6399999999999999,9.401312
30.363,128.05276
10.59,389.33847
9.193,1.2375493
29.96,153.57785
51.06,0.43839502
2.984,28.166094
9.15,98.60887
0.047,197.83624
9.342999999999998,4.404769
0.03,29.590546
9.514,4.601747
79.31,651.4356
20.876,0.0073031294
10.45,17.766712
9.177,1.5488639
0.314,26.402792
0.95,102.49163
9.69,67.51985
119.29,840.12415
15.21,98.94556
30.267000000000003,32.859066
9.25,49.05177
0.046,8.116555
20.020000000000003,674.46533
10.03,369.67908
0.047,40.815414
0.03,16.814745
19.943,1.1933622
0.093,42.163082
0.127,58.297626
8.623,5.166499
70.21,293.88156
350.584,412.29907
19.554,0.7214432
0.017,6.276195
20.306,3.527675
9.453,0.12968095
0.07999999999999999,5.100239
8.766,55.673935
8.937,16.047945
0.174,20.229109
9.543,0.0077883955
10.2,552.43933
9.993,0.0139480615
80.21,182.6888
0.03,17.956366
9.353,0.3718506
20.033,367.5762
130.16,2.7797642
30.97,48.73352
19.074,2.5421975
9.137,25.724733
0.06,58.297626
19.906,0.78693146
1000.814,286.06897
0.22,72.797714
0.233,0.0066528916
111.664,60.773758
59.66,123.823395
60.867,138.75754
9.707,13.418013
60.003,485.95947
1573.27,825.2236
270.797,758.7948
0.206,4.2609353
10.074,37.88534
0.203,19.91436
40.95,27.359924
0.126,0.2924916
9.857,202.88385
30.904,28.067575
49.43,533.23285
10.477,3.5154681
0.923,67.40189
0.033,1.499517
9.924,3.1910844
19.97,105.147385
0.124,24.936876
0.297,0.010609624
0.033,0.1999082
0.373,35.526623
66.037,0.006192904
0.754,15.985532
0.153,10.958716
0.266,0.3409389
20.08,0.1532605
2.703,1512.972
10.5,67.54075
12.04,35.659454
2.47,94.27886
9.156,2.6173177
0.047,4.8388066
9.087,10.343062
0.07599999999999998,11.132456
620.86,133.14935
110.096,339.09177
50.323,22.192364
210.12399999999997,112.79039
58.12,0.12056466
19.44,30.74869
19.65,11.71557
21.61,118.98987
35.374,0.079222694
19.626000000000005,0.0477148
0.203,0.5690177
20.17,18.252716
9.047,24.1694
0.94,1.183791
9.487,39.24973
0.266,17.80293
0.47,5.303034
19.863,64.89201
0.127,80.55973
9.547,1.6433322
9.854,56.870472
19.833,208.51003
0.547,0.26392418
0.047,3.908241
416.7,1099.8058
1.123,100.531525
0.093,0.093305066
10.077,0.16246085
0.766,52.912678
19.089999999999996,0.038023215
20.024,223.05502
69.44,176.77657
87.293,162.56247
10.903,3.4708202
10.297,230.91107
100.243,473.43002
209.996,523.9364
9.39,5.014163
628.89,759.9328
297.454,824.6734
30.077,7.3202624
69.33,155.19124
9.966,298.92957
1.78,42.877357
14.79,16.644451
9.956,4.0169973
0.316,84.23714
59.754,214.47215
39.423,0.15590519
9.446,0.9930231
19.496,4.6989937
20.477,163.83453
675.38,428.26718
9.553,6.5753207
0.156,51.2938
20.25,0.013441467
0.517,0.1457801
9.313,0.027451033
28.71,749.0661
58.797,2.9743078
19.577,16.562939
19.36,33.15263
0.217,100.04527
0.237,22.439184
0.017,15.260264
0.877,0.020442339
0.47,4.0583715
9.064,0.07098655
130.273,323.37817
0.063,136.21512
19.617,44.5203
29.657,8.577825
977.427,3367.658
10.89,599.7832
20.037,25.650587
74.383,171.63876
19.217,163.60367
0.35,12.33344
0.17,0.08441569
478.047,616.4204
10.237,0.6997541
29.667,1.9196694
19.54,54.468933
20.07,50.293564
0.06,52.198917
19.65,46.51193
19.767,22.6011
209.99,233.65907
471.04,838.41
0.034,2.0280817
29.797,9.973117
0.046,0.31209186
0.124,75.0555
9.603,161.9395
29.577,52.70875
0.07999999999999999,9.224258
178.41,361.2385
19.96,270.57574
9.89,0.039334793
28.967,37.205585
3670.167,617.35406
19.767,2.929021
9.02,61.982834
0.11,0.006631335
0.14,1.6334361
9.04,113.24265
55.66,1.4698167
10.306,2.558948
0.016,33.454437
11.71,211.9969
19.867,90.890594
60.546,2.1150553
60.61,14.171101
0.03,0.012103476
19.61,148.78001
94.357,235.22192
20.137,51.88946
9.967,82.78277
19.49,53.751938
1050.577,317.06952
1.52,1.1687655
110.64,200.57605
10.103,0.0016057681
1.416,11.245647
0.157,0.47205344
60.193,166.54965
30.737,54.657192
0.25,23.167215
19.324,184.1772
4601.89,2643.798
9.897,67.18194
0.327,86.77665
19.317,2284.397
0.58,37.650272
0.07999999999999999,12.626178
0.064,99.139725
139.753,435.3694
49.753,186.39964
9.783,0.056411844
59.087,75.93477
19.093,14.91606
8.883,147.41017
0.687,9.23378
79.09,202.16011
0.187,36.039814
39.527,0.4090587
0.063,2.3378875
30.683,313.7993
18.21,279.51602
9.557,0.16435283
19.95,285.60153
0.106,105.13428
9.166,28.369993
40.606,0.005697629
0.17,0.024009185
10.507,0.08668374
605.28,370.72687
9.75,24.075775
10.74,78.03617
20.154,37.38931
0.126,279.66476
9.96,2.4954305
10.07,11.074731
40.717,35.244335
0.19,0.56385565
56.34,0.06679516
19.607,8.68734
2.784,95.138145
9.413,17.844522
0.27,0.7510283
8.573,0.01627176
8.47,0.16395442
0.896,42.640945
10.056,478.9433
49.72,6.0143404
17.93,49.98334
0.44,25.242823
480.37,301.06116
0.263,2.7328277
11.723999999999998,6.3496723
0.093,92.431076
0.3469999999999999,111.37707
262.653,59.977806
199.997,500.82776
10.08,26.718002
10.264,4.536556
10.39,113.94587
1.2530000000000001,0.19876836
1.49,5.598622
240.67000000000002,472.89246
30.473,28.170483
0.14,12.909925
12.337,223.44855
328.586,294.80173
19.57,56.045506
89.943,45.287445
0.063,0.13526143
81.66,174.34756
30.533,4.309482
9.8,174.58661
9.827000000000002,93.98403
8.937,99.860214
9.986,0.6893112
69.433,77.66576
0.016,48.85707
471.757,487.61017
0.06,91.96967
29.036,112.52613
10.563,0.324525
0.186,0.3336543
29.126,119.65266
280.74,246.859
0.314,0.7165926
0.046,19.156925
9.263,94.396225
131.343,19.2726
110.65,11.374804
159.366,0.764577
8.293,20.100338
0.236,2.237885
190.22,285.1574
0.36,1.0432056
0.11,3.1104853
60.03,52.499886
429.73,454.82275
10.197,161.00029
9.543,71.33178
39.953,142.55223
180.367,21.64335
20.5,0.25890145
1069.693,317.25674
20.117,24.214499
9.946,7.7427006
29.227,0.23207903
49.353,54.414833
9.436,81.75408
28.487,7.3147583
649.863,75.00244
48.083,8.013913
128.897,370.33035
1.094,1.7283518
21.293,2.4098208
9.833,153.0252
0.064,1.6637573
19.953,2.7686005
9.757,336.0921
0.234,6.489782
9.647,2.5818837
39.0,28.234406
30.017,741.6655
1147.95,1033.9231
0.093,17.960037
8.72,58.498734
8.753,66.61149
599.83,2299.4763
0.75,171.23427
9.703,0.049857914
89.487,33.79711
30.04,455.42108
19.079999999999995,31.833775
10.353,1.9418094
29.909999999999997,94.67474
45.507,41.859207
0.31,16.871904
0.326,17.963352
149.1,170.55931
0.12299999999999998,0.20634957
10.337,1.4606184
0.373,76.508545
9.86,82.78277
9.383,14.898739
9.983,32.1846
150.807,0.008160232
20.0,27.229769
0.107,0.0013839946
19.277,60.172306
7.777,27.84233
7.833,49.825558
80.867,26.857866
0.157,13.486436
40.447,310.45068
0.593,0.21079054
9.136,0.5217027
0.436,122.17427
9.917,21.705036
10.1,0.3019167
3.773,0.035852026
13.353,0.1947839
0.907,55.298214
8.853,0.28336075
0.316,2.3267226
10.1,2.6173177
2.35,360.76178
0.36,5.232882
0.077,1.4284291
0.343,409.0086
168.026,514.05493
10.087,156.9205
2.53,0.033353034
0.03,0.18013647
0.07999999999999999,8.347215
9.767,0.21806955
0.22,1.3028862
8.624,114.06264
9.700000000000001,24.077957
0.25,0.03421654
400.113,543.88464
0.783,116.194916
30.603,328.57205
29.9,95.00344
30.096,122.81701
9.793,0.51117086
8.837,0.003157095
209.723,331.8128
469.76,219.60696
0.106,172.20128
42.167,1.4192923
9.823,60.825306
67.97,61.94288
0.077,0.9313572
658.63,450.28247
40.127,456.0596
329.73,420.63705
69.28,662.4868
6.14,361.87866
487.63700000000006,1301.5192
10.31,7.680416
8.65,108.669426
0.297,0.34275272
0.233,0.030372603
19.079999999999995,51.022766
5302.356,2026.3037
9.336,65.48978
0.173,29.590546
209.703,27.243418
10.0,3.619021
19.846,52.05201
30.084,34.08366
1270.797,1029.7759
9.2,8.630401
10.22,22.50959
5.944,250.38925
1.12,2.6266363
0.406,30.32019
5.91,9.050533
20.05,29.147339
80.227,211.15968
8.63,0.37034476
7.687,108.07204
1345.49,252.08374
0.737,246.56668
9.373,0.014994098
0.094,1.1123796
10.247,39.794655
2.39,2.7813923
11.05,13.341951
638.43,500.926
10.137000000000002,0.42527604
68.32,220.32193
10.2,658.2763
12.55,26.313183
7.233,0.22836666
0.39,10.958716
0.31,0.81985635
0.266,214.63036
11.136999999999999,27.533905
8.693,0.035279464
0.047,1.9416558
30.026,17.794794
9.386,0.44170782
0.05,2.3942726
9.09,15.85161
10.894,61.050526
79.72,793.85095
89.9,49.262997
30.074,1.3753686
0.077,1.7794386
9.963000000000001,1.0196939
10.237,126.04278
19.373,2.6140404
10.05,21.75312
10.487,63.33225
10.647,15.260264
50.043,10.204338
0.394,1.9424336
0.127,5.1127377
0.03,37.484535
8.603,19.431568
0.297,2.6668215
1.644,192.05359
20.21,12.672287
59.324,22.735847
9.467,20.7362
0.6399999999999999,0.0011762449
19.673,70.7652
80.136,113.557175
0.266,16.946869
278.857,74.08518
0.39,1.0952438
10.004,10.403429
0.03,216.59578
0.534,148.70102
9.51,24.284672
79.154,0.13927864
29.803,2.4455464
0.173,1.6021265
19.207,0.4733183
9.539999999999997,52.003227
0.03,2.6668215
1.177,170.13782
0.187,24.594254
29.676,192.26384
120.023,307.53378
18.257,151.9528
19.827,28.60535
69.75,125.48738
302.73,2090.5007
89.287,2.7185287
7210.656,138.00348
45.337,962.958
40.723,38.01242
0.047,46.51193
3382.073,274.07343
0.11,30.955162
69.513,28.492033
8.707,17.35208
10.357,0.13720007
0.5,111.705795
8.75,30.829132
9.58,367.04245
42.007,100.67055
0.017,3.8895473
0.373,18.241606
19.374,100.2468
9.666,2.5682993
20.053,107.35886
20.497,240.26706
617.286,853.6104
8.923,78.82706
1110.074,1273.8345
10.29,21.618158
9.677,0.5164978
0.343,48.09017
60.290000000000006,317.72574
38.747,622.5715
19.607,6.6268063
0.437,1.9372742
20.116,372.77252
0.047,81.15812
207.887,279.9416
0.017,36.251232
80.094,626.0068
0.033,390.01364
22.263,32.35608
0.237,30.56734
50.32,118.820244
0.047,0.42046982
10.29,0.054105964
29.706,23.820353
0.704,77.40874
0.126,76.00105
753.5,527.28424
0.12299999999999998,0.049601104
19.42,49.80876
0.656,0.1572305
4.05,85.807976
80.22999999999999,41.310673
0.377,17.166466
30.277000000000005,65.75687
21.212999999999997,32.978207
0.03,0.014819612
110.853,281.0753
10.42,72.38275
19.846,91.27793
32.76,352.14505
1.703,110.75162
49.623,8.198713
51.94,167.64432
8.57,11.570969
380.067,587.8262
320.037,613.94183
29.98,0.28252828
9.476,1.0879536
20.282999999999998,81.38759
0.44,12.021247
119.877,25.572117
29.066,204.71033
9.539999999999997,23.793465
10.097,12.88077
8.567,97.05355
300.193,849.06036
8.68,105.84343
309.66,585.3961
20.597,11.793059
60.89,88.60951
0.017,61.210625
0.39,3.02254
20.343,16.06188
25.25,84.853935
119.696,632.74884
9.744,1.2021724
1729.976,236.53809
98.87,810.41956
8.88,41.102295
40.07699999999999,3.8158274
58.997,122.06127
19.48,208.70096
11.447000000000001,31.293764
19.917000000000005,0.0009544707
9.77,355.84784
1.327,62.139908
9.683,1.8238785
0.55,10.771952
14.06,394.8913
912.223,612.6772
9.364,0.5995175
10.023,3.2136765
0.764,100.61943
580.167,39.725876
50.44,0.14223833
9.474,1.6365075
69.76700000000001,176.52205
0.564,10.223375
39.123,42.836388
489.897,976.1239
0.516,3.8455982
79.953,4.9477515
0.077,7.430074
9.43,1.5702008
10.17,31.30411
9.917,95.07499
200.1,6.769601
17.843,56.991413
250.883,120.78601
9.167,18.921358
18.937,524.5179
9.987,12.656511
8.42,2.8627284
0.28,46.712917
9.477,47.45816
439.567,879.77814
29.827,50.11237
10.75,0.51326543
0.25,0.1786498
101.643,42.40615
19.936,9.497076
0.407,0.0371699
8.5,0.1451377
56.183,31.559788
0.0,8.625226
0.39,0.008084761
50.304,45.842773
10.04,38.87125
29.963,1.0031505
40.53,1.0425204
19.653,6.852794
39.98400000000001,24.046055
89.91,49.082752
8.943,77.36094
1039.004,575.14215
9.406,0.050792567
19.91,0.09708939
229.45,1.4012564
8.92,1.5702008
20.773,36.054497
39.81399999999999,0.12087598
10.36,16.974548
418.67,501.21713
0.047,71.26585
9.817,43.06353
1.204,33.650784
179.366,319.60376
0.093,140.16031
0.297,40.064686
20.053,140.1727
9.51,16.262857
0.6399999999999999,79.13633
0.11,3.3836985
31.527,15.098612
29.920000000000005,1016.4058
0.043,4.808417
19.253,0.043576363
0.77,27.945398
20.494,74.48068
0.47,24.360514
10.033,3.5512536
19.793,71.85227
13.327,98.116356
480.374,1.0858525
33.863,346.52673
0.233,0.55130124
10.526,17.71814
0.45400000000000007,16.871887
450.33,833.7781
9.15,16.038311
53.92,237.07999
40.26,198.54146
20.306,210.13966
6062.323,744.71356
0.81,105.16443
8.354,1.0203602
19.013,42.586273
50.07,1923.7305
70.80000000000001,70.53576
450.44,485.7301
0.017,2.2902763
19.42,113.89043
20.273,5.6998725
190.34,487.54645
180.926,93.43763
19.947,29.494484
11.703,16.047945
0.17,0.0024687245
11.12,40.613422
10.204,48.844036
0.36,37.130142
0.67,237.04472
10.534,102.99013
18.767,66.80999
140.16,8.535459
109.98599999999999,3.8606842
15.543,0.032220285
39.61,114.65969
190.48,566.519
0.313,0.0018784007
60.057,37.015594
157.62300000000002,243.05171
50.193,124.38049
10.384,8.155148
0.14,29.351284
0.107,33.806236
0.266,1.2679778
11.127,16.623133
29.817,0.08840143
60.386,74.62939
10.693,59.67401
0.047,68.54319
9.53,20.69938
0.157,0.25014985
19.517,1.7329746
59.233,0.2656109
11.443,50.218716
89.43599999999999,223.80945
0.077,1.6590406
169.777,2.5812833
0.364,27.078676
10.183,0.0030719845
10.066,22.42864
0.013,0.76205826
19.662999999999997,71.3206
10.427,29.781248
33.056,314.61465
10.03,2.7265303
0.07999999999999999,0.92140716
19.086,2.229465
0.284,56.875004
19.812999999999995,0.2166029
20.663,296.1407
779.93,703.75006
0.644,18.284882
51.06,64.61184
9.64,71.501366
30.383,73.080734
21.043,66.81444
28.08,1.4176029
9.633,33.45488
19.693,3628.5923
9.9,2.8704176
579.9130000000001,446.94604
9.434,1.6300097
69.863,19.567938
191.076,338.42252
18.84,72.89925
0.19,46.7524
10.61,45.236267
10.39,79.38189
0.093,0.2924916
0.42,0.13113366
19.55,3.7160647
220.1,112.82526
140.77600000000004,151.0437
29.63,7.308845
0.97,64.15365
129.44,0.0107470825
0.06,0.3207087
29.273,68.30378
10.313,629.4806
872.353,1330.698
9.406,10.344895
18.88,14.629197
0.07599999999999998,5.0468435
0.5759999999999998,136.03755
1488.507,1432.9106
21.437,194.60805
0.07599999999999998,41.842583
179.694,332.2127
0.39,100.24748
9.014,68.24202
0.25,8.155148
0.017,4.0169973
0.44,0.72907823
9.14,15.805236
0.046,2.5227516
29.806,1.1748961
691.254,205.24344
29.613,0.019239675
10.010000000000002,140.7894
18.287,1089.205
30.15,53.61905
10.244,0.17736585
9.877,85.27995
9.05,79.52823
139.34,499.74466
10.37,21.889532
0.55,0.022513302
475.327,429.83282
5.437,77.66621
0.83,71.08321
9.247,27.758419
9.02,4.9157786
0.486,19.70789
0.017,0.25549895
9.71,0.887223
160.06,140.63844
0.33,0.2651068
0.343,0.103156134
20.857,1.668223
309.383,1090.2167
9.587,50.772152
239.493,278.49173
9.614,151.20616
9.337,1.3755682
19.727,1485.0731
8.17,64.45284
0.14,30.32019
10.06,56.452686
60.52,0.79888916
10.727,48.661034
120.073,672.0812
9.613,0.00048777676
10.023,0.68299025
70.157,464.4337
0.69,12.019416
209.73299999999998,457.81363
0.016,20.353157
0.064,3.527675
1039.98,328.38425
0.127,0.06066495
0.207,2.495314
0.013,2.1424072
0.14,0.22836666
0.186,454.22382
364.753,1292.6195
0.0,5.014163
9.36,5.507849
10.2,1385.6487
0.03,2.9622023
10.343,19.518559
27.847,7.7296376
9.293,0.066303745
9.827000000000002,0.15093093
59.66,87.015114
10.17,11.232242
10.383,201.1012
0.063,4.2906666
9.643,155.22057
31.256,195.58095
19.997,227.2603
9.732999999999999,11.561705
10.46,1.6063734
610.4699999999999,1060.7152
9.23,0.15680552
1.197,4.6757646
1.013,36.166645
10.326,4.4990892
9461.87,486.29993
210.027,577.2996
30.337,87.1722
21.166000000000004,9.561801
1.1,154.76332
0.407,52.28209
20.479999999999997,112.120255
40.617,8.236974
9.707,1.3374337
9.897,35.34087
1.17,11.626611
17.25,84.04736
19.677,131.078
0.377,76.241234
0.063,0.79421437
79.17,464.5259
29.703,8.279626
60.886,0.011340686
0.174,3.24743
11.136999999999999,0.17314225
100.25,74.1961
39.616,1186.261
1297.63,1656.6229
9.577,417.72177
0.156,35.248917
9.35,745.8596
0.017,0.00283018
19.54,0.19421612
0.5,9.447777
0.07999999999999999,1.373472
6.096,30.545692
9.377,0.6559719
2562.456,1769.6835
399.72,105.83567
27.803,96.733185
634.33,219.85645
0.064,74.419205
0.094,2.1525688
0.344,36.086987
18.647,4.3634496
11052.983,6720.7573
2.626,0.18886435
70.277,0.006216347
10.197,6.6682334
10.053,141.56473
0.143,79.38272
9.723,66.49915
20.804,1581.1831
9.700000000000001,36.421207
80.38000000000001,34.43097
90.18,350.10544
38.924,210.61678
0.17,75.0555
9.743,0.27938032
0.734,562.1539
20.653,2.4887903
19.82,180.25494
10.36,85.585945
19.586,212.56798
8.87,108.02559
89.58,210.81123
10.3,35.50438
40.44,8.604347
9.873,15.701671
0.047,1.423117
9.003,23.228878
190.127,259.06708
9.59,23.444971
24.617,215.95924
9.723,1.7900603
9.513,10.638009
19.854,376.529
70.01,368.5003
60.65,204.24982
10.004,75.53548
0.033,8.52778
29.484,1014.7186
9.539999999999997,234.64748
10.793,122.17497
19.906999999999996,62.58423
0.03,0.86594564
1.177,65.90321
161.416,311.9903
101.34,359.6726
19.573,1273.8358
130.94,384.06235
0.063,0.5782958
0.11,0.034255035
15.726,0.11586202
4686.867,488.2612
299.93299999999994,618.3704
9.356999999999998,0.02974004
71.12,1141.6033
9.34,23.055044
0.157,6.712423
0.12299999999999998,0.84829134
328.6,611.3149
0.107,171.23427
0.406,1.3555375
9.236,117.762596
190.203,117.091896
48.747,720.9421
0.03,1.5347228
0.047,192.72493
1152.393,49.770805
37.887,639.78265
760.25,1591.2992
5.3,471.6121
19.253,36.20402
230.477,30.083096
49.667,1.3794603
29.25,303.89642
19.577,139.64394
0.19,0.24082899
9.446,0.19214796
149.437,83.75187
6.937,32.191868
0.843,0.50350803
19.91,11.108611
0.28,73.30384
31.17,14.61138
10.547,65.02487
0.11,26.504284
30.083,73.32206
19.74,2.0857162
8.84,0.916462
0.017,2.4768908
11.287,9.632678
0.297,336.97046
59.86,91.95379
0.91,0.0332503
19.887,81.43981
9.993,175.67314
2299.854,2739.2524
21.093,105.68867
9.637,0.23691809
920.0,431.24213
0.326,0.0073902598
0.296,101.562744
19.877,157.08423
9.677,6.038061
8.916000000000002,0.7273005
24.1,107.3066
9.717,0.0060333414
19.793,0.32679865
120.013,0.006647672
9.75,0.067719415
0.0,6.3035126
59.614,78.861305
9.507,13.094185
6291.743,1605.4066
10.107,1.9940338
79.98,89.86744
30.17,317.81662
0.07999999999999999,0.056501698
29.71,56.790936
39.924,207.9994
9.876,7.272969
10.093,96.12121
48.827,124.03816
87.79,62.16373
40.033,681.7183
29.563,37.13039
7.343,0.1576619
10.013,13.535561
120.987,455.33044
4270.013,144.22792
81.247,532.7326
40.296,26.152027
0.0,0.86763203
99.29700000000001,354.82834
79.843,50.917896
0.07999999999999999,37.484535
1.283,901.6999
50.147,74.2732
70.273,0.999944
10.603,0.36576948
10.123,38.278168
9.986,5.954517
19.870000000000005,27.399582
0.36,0.010098128
8.907,38.70536
9.203,31.576391
0.093,16.622007
69.684,111.57434
14.843,71.50837
1.61,46.52535
1.097,143.69449
0.473,0.30892134
0.39,77.95594
9.32,16.562939
101.093,374.0044
0.33,35.248917
890.503,759.0599
153.447,1928.2633
36.196,246.83443
19.357,20.967655
9.550000000000002,76.90828
10.37,118.10567
19.557,215.00769
20.097,20.25282
19.453,49.903603
40.317,186.3838
11.323,1.8117784
1909.147,546.6708
17.147,351.2948
10.010000000000002,69.40043
0.013,3.4015882
0.487,0.023791375
9.837,0.27061167
9.573,0.013312199
10.656,8.298785
0.744,36.912727
18.81,1.7003295
5517.543,3474.1829
0.11,28.994741
269.227,311.2138
0.22,0.05357913
360.467,246.32529
18.470000000000002,44.200287
19.147,35.86883
30.373,32.69748
9.813000000000002,2.123645
0.217,92.60738
8.763,0.58055854
10.9,680.74927
20.03,268.19177
0.22,0.42046982
1730.123,108.953865
9.700000000000001,6.130692
0.14,3.5154681
9.75,1.959997
0.44,0.13606201
169.53700000000003,477.21558
0.22,20.110497
39.887,32.777534
52.844,691.4098
0.86,39.121372
39.53,18.24754
0.12299999999999998,22.03445
11.46,10.046457
119.65,22.690504
0.33,50.902767
8.89,139.26901
0.44,72.59057
40.543,52.62354
19.937,0.16096844
230.424,86.97534
31.254,628.9713
162.66300000000004,456.6566
0.17,983.9366
10.773,8.214277
514.75,1901.6764
20.473,29.600096
18.476,23.859013
20.133,453.68466
9.757,1.1069752
19.743,197.95686
0.72,28.166094
9.687,13.174646
58.936,0.014000488
106.123,176.76865
0.093,15.036032
9.024,0.035049282
9.837,9.810297
839.8969999999999,927.449
40.1,29.203592
19.903,84.633545
691.64,1867.5822
0.034,0.13098754
0.03,1.5488654
6.13,26.763765
29.986,2.6002417
29.646,103.60479
9.933,118.44728
80.113,109.34209
10.58,1.402259
98.967,719.79926
10.506,136.24242
169.72,20.655355
39.726,500.34973
19.92,162.81242
19.61,45.480495
0.093,0.09917005
0.233,0.20087847
11.143,17.405037
9.587,0.061231673
0.157,2.73363
19.736,0.5360363
0.53,1.4668313
9.15,22.63432
0.0,2.2495675
44.617,615.00165
19.823000000000004,32.062534
18.817,2.0637434
0.034,0.4519608
299.74,606.59375
118.953,448.00204
170.05,262.0989
9.776,0.3026619
10.044,44.657528
20.497,1.6395862
0.063,4.277219
70.717,238.25311
0.864,16.968489
10.544,0.037549198
18.963,77.457664
0.487,0.8156071
0.516,25.986088
0.157,207.6104
9.907,0.59017855
9.697,1.5382802
0.5,14.585188
20.926,910.90155
10.327,15.888008
577.146,886.23663
0.483,0.5690177
7.977,0.7119396
0.423,0.012887415
664.22,452.97894
1.83,168.54321
370.123,634.01044
0.674,0.33558178
0.216,0.008913453
0.173,5.2497993
10.423,59.7867
28.96,182.90637
0.11,35.13426
2875.48,2195.2148
8.02,0.033909075
520.913,626.9676
416.854,460.28088
10.757,118.74295
29.67,188.91449
19.65,44.154625
0.07599999999999998,108.35884
19.397,92.64949
130.54,17.157763
0.22,0.85238665
10.003,89.99233
1520.037,257.7152
10.327,12.977194
0.203,13.406332
9.703,18.907616
20.073,0.122027144
2.46,0.16882749
0.0,0.18907337
10.393,1.6650302
40.804,218.5214
10.293,7.544459
112.516,496.48486
9.356,0.22118421
0.75,0.40277258
2530.8,442.19223
0.047,0.008577423
10.027,0.0011074188
0.284,4.1191306
19.756999999999998,93.370865
0.077,139.45375
0.204,30.849648
18.577,24.748953
0.156,76.68424
8.467,2.7035217
259.6,328.10495
30.17,127.01766
29.823,296.28372
40.22,29.165884
0.297,1.9007629
525.556,474.4998
8.62,0.23083393
10.49,0.024445787
170.78999999999996,846.7122
9.056,0.3462173
10.13,14.277954
20.023,419.03345
1.113,15.43035
60.02,267.91418
1042.153,326.23846
9.273,0.020442339
915.8000000000001,353.72675
69.787,56.736694
1.03,27.688173
0.566,3.2136765
459.68,74.924194
19.906999999999996,0.120075725
7.893,61.324287
0.106,0.02644148
0.296,17.729782
0.3469999999999999,165.23322
3825.503,16.168705
20.923,32.39435
193.7,1748.6202
30.196,71.023674
29.887,7.9293413
29.96,0.0357114
20.432999999999996,28.519844
0.577,41.967857
4426.927,3901.817
20.653,287.68408
29.846,206.48798
39.26,32.893337
71.317,67.27962
0.75,13.12006
10.02,31.314465
10.377,20.627361
19.063,4.861537
19.356,0.114287764
10.273000000000001,0.9529251
10.91,0.16856109
0.047,46.510773
9.43,490.4295
9.097,358.04153
0.11,1.5715312
0.5,1.8772533
0.14399999999999996,0.0038918587
9.52,185.84386
4.677,2.5159965
109.94,1199.3164
0.374,37.78001
11.24,86.69532
1.22,45.74232
0.36,0.0039793435
0.267,0.034696493
9.793,1.3486288
10.56,1.1744335
0.017,2.0490925
0.043,0.965096
9.197,110.75162
18.266,5.938664
9.963000000000001,0.013319539
10.147,8.185225
10.183,32.859066
0.013,0.10386321
80.703,562.0951
0.063,39.00547
8.663,0.0075418707
19.533,0.2612228
9.986,123.30349
8.69,168.1523
20.38,75.642876
10.034,35.73908
36.43,167.11584
0.017,3.3127534
40.547000000000004,47.66536
9.032999999999998,49.084805
20.05,9.425167
19.567,78.82706
20.223,104.45347
10.400000000000002,0.0011351908
18.913,0.04809169
1061.503,569.12
8.377,63.320812
0.127,0.2588343
10.796,35.82377
20.287,0.10026919
10.164,18.136278
1.053,33.832386
1498.297,301.62924
59.81999999999999,148.01242
70.364,37.314537
0.06,2.0761237
6780.067,3261.649
20.144,48.270153
9.406,0.4705275
0.22,0.16614166
8.904,102.13738
40.046,314.2516
40.343,135.77611
9.98,481.50998
0.483,28.543365
0.017,0.33468977
8.646,27.84233
0.033,1.8623945
19.453,4.2078323
7.693,28.409304
8.707,535.2845
19.087,0.049557928
9.697,22.986517
0.297,82.55651
496.183,2159.6619
280.113,683.06384
0.017,0.124646395
30.263,6.3376718
0.124,62.16131
0.124,11.631956
15.877,37.357384
10.53,0.48544127
9.123,190.24037
0.153,0.20087464
69.264,316.05222
19.067,21.39038
8.92,13.218012
0.283,0.71224385
1.237,0.4454545
21.007,626.2713
69.807,51.590286
9.647,59.74689
49.617,2124.9976
19.533,14.936403
18.127,45.47008
19.227,0.006986242
8.88,1.7686973
39.69,35.62957
18.947,0.12550208
17.844,117.699646
0.9570000000000001,0.14150262
9.417,43.995647
9.652999999999999,2.4954305
30.363,184.67273
8.5,28.476532
0.11,85.350174
10.19,185.46802
10.72,56.075207
9.61,190.51477
9.49,7.5191445
60.57,48.62043
107.227,121.84164
28.98,115.58231
8.863,59.538403
109.673,104.0581
9.66,10.344895
0.017,0.9664165
369.077,883.2981
20.187,35.365105
319.43,309.96255
9.577,482.2902
40.38,1.7457185
19.633,0.0048885606
20.557,69.31953
9.593,0.2284126
0.313,0.4976986
0.22,14.714704
0.28,9.7735615
50.03,1.2821226
11.24,210.65872
150.83,256.26645
10.897,80.75091
9.613,29.110765
0.097,2.4846451
119.497,113.86903
10.13,4.154408
11.124,118.4841
0.237,192.90921
9.42,1.373472
39.893,71.6542
139.107,481.59308
9.633,84.23678
10.19,6.3384576
98.936,170.76007
8.417,34.81472
90.277,604.5385
39.71,190.55861
12.3,224.59473
9.177,0.12883705
1.14,1.912461
8.844,12.656511
16.393,18.777586
0.156,4.13843
0.013,340.18478
1.046,33.33125
339.774,77.641716
39.863,24.527721
0.014,34.25063
10.127,0.035633698
0.74,21.140833
22.363,40.829914
0.207,139.64394
8.243,0.7482719
19.906999999999996,33.493908
9.183,0.05168546
49.923,44.536926
0.06,36.660637
0.034,108.91353
91.373,930.3556
5961.09,11050.596
9.613,1.2717888
0.36299999999999993,17.687761
10.48,110.78885
0.157,28.968193
0.033,1.797654
0.216,15.805041
20.787,19.719746
79.99,361.3741
0.297,0.887223
0.237,0.53018105
30.364,121.91312
0.5,0.008305884
9.883000000000001,38.11573
11.07,0.035869297
10.056999999999999,35.343933
9.823,85.745476
31.486,297.01834
10.093,12.410455
9.86,211.40115
0.157,16.562939
9.97,95.93621
459.91,301.6958
10.699999999999998,0.13664486
0.047,0.16526775
9.483,31.55759
19.743,291.66913
21.14,356.51904
43.073,2.8494942
0.016,9.998222
9.354,57.038048
489.74,466.88058
8.863,0.3784722
534.064,974.7059
0.013,2.7340868
90.91,410.4308
11.864,34.83405
34.84,36.336273
20.853,128.01718
4.337,84.360695
0.07999999999999999,0.3439187
240.137,87.70456
11.444,77.050026
9.706,0.03206649
29.8,0.34247893
9.31,24.402176
19.753,0.03800498
64.55,205.2667
9.98,0.92903215
20.22,41.6043
9.527,0.66646945
0.367,6.235014
100.16,9.982601
10.217,28.56735
0.124,19.062582
9.56,1.8133966
230.127,118.977875
9.277,31.220081
9.946,0.2766856
9.31,56.952847
20.696,79.7721
0.11,0.3258315
7.79,1.2318565
480.494,628.9003
99.31,305.38272
0.093,24.594254
19.343,40.089016
100.28,424.3165
90.22,154.15143
9.75,86.87768
9.4,8.924323
8.79,0.35010463
79.033,22.25876
25.583,156.9205
84.33,434.31076
9.466,13.482253
0.07999999999999999,1.428936
9.666999999999998,19.874884
1650.007,1502.3303
30.36,30.595968
30.13,95.96529
3.8,19.35331
29.44,26.66273
0.503,0.5205899
20.227000000000004,71.6542
499.7,559.69116
59.83,315.61368
39.273,463.6019
39.71,4.710025
116.927,111.44305
0.156,0.0094463555
10.41,0.41816488
11.133,28.648085
9.75,23.135288
70.273,92.74767
59.95300000000001,0.22793019
9.277,0.86445713
69.673,308.9131
10.397,6.017749
9.936,6.6682334
80.626,882.526
0.0,50.14566
20.1,57.62132
8.98,59.221
0.033,12.387713
0.233,25.242847
0.093,1.993034
0.14,116.47246
1.13,25.485653
9.437000000000001,11.921156
0.3,281.4477
19.46,803.589
109.437,0.045880966
0.14,1.1889923
0.28,131.078
0.05,782.0445
50.577,510.91278
8.677,0.32168737
39.484,0.37646136
40.1,67.004295
39.68,779.838
130.296,521.7205
10.104,45.37852
9.45,15.797043
0.046,0.00854672
49.297,256.0843
0.19,0.20592907
9.97,1.3235
20.41,90.49247
0.3469999999999999,15.989758
0.343,0.87681407
0.403,102.75663
1.33,1.5239929
80.733,42.6057
1909.087,599.53253
593.437,347.34647
0.83,110.34236
19.213,2.2085323
30.626,191.97409
20.793,195.005
18.067,32.61327
130.647,464.95282
1820.447,1046.4369
88.457,190.8467
6.765999999999999,1.2992533
0.017,0.4011767
0.187,1.5488654
8.717,2.6174076
139.957,285.7417
19.607,2.143983
9.51,95.03273
6.74,99.87676
4.007,40.409508
2520.773,197.66876
0.284,0.2513448
0.314,48.308323
10.239999999999998,59.340286
30.583,1043.478
18.92,99.53348
0.517,0.29644808
1.126,18.839195
19.8,12.010754
0.687,94.47954
119.776,312.26367
28.416999999999998,2.4105954
10.056999999999999,12.487938
0.05,64.001045
19.924,1.1143576
0.767,0.2651068
380.77,868.1524
9.17,1.5488654
50.063,132.21533
59.22,70.18892
9.92,0.00044963276
9.823,164.81226
20.29,61.803772
129.837,500.39542
19.897,12.726629
9.243,0.044950787
0.187,2.9603803
99.454,875.0226
9.76,0.15012473
9.96,13.965065
11.87,36.504436
60.044,62.86105
109.963,64.85846
19.27,26.50556
9.557,0.03421651
280.127,301.32858
10.066,7.4674163
19.427,0.40288666
0.046,129.43024
19.88,60.579693
10.09,65.294754
30.24,0.12387457
20.33,40.54141
9.763,0.9759718
10.76,114.50426
19.917000000000005,8.603175
0.483,483.3219
0.173,0.84829134
34.88,463.28842
79.21,100.66288
0.3,0.048213474
31.32,6.361441
9.747000000000002,1.314712
10.437,2.2893004
10.010000000000002,4.1191306
40.42,32.57723
0.423,20.67375
50.753,63.692318
0.064,47.579838
9.624,28.927877
10.056999999999999,4.8459077
59.76,146.58383
19.797,17.844328
0.343,20.437311
9.503,38.710167
19.477,158.65256
29.63,11.28644
678.1,2979.9119
9.787,62.16131
39.76,62.553997
41.25,230.0645
11.764,42.586273
71.697,120.19104
0.064,2.3920064
21.05,533.13544
0.143,36.018566
19.993,37.88534
29.693,520.0724
21.177,384.5195
20.003,23.15353
1159.17,397.5711
50.4,12.187879
10.16,0.45377344
20.296,88.875336
770.0239999999999,543.3257
0.07999999999999999,1186.27
9.956,27.505297
10.056999999999999,1.6200836
59.76,23.459408
10.010000000000002,1.1889923
0.393,9.810297
9.876,82.55651
0.33,2.8030877
289.947,552.53754
10.387,92.30244
20.113,103.5474
7.627,67.81495
0.17,4.067752
2.027,74.45814
120.753,37.042194
0.407,3.6865232
26.83,0.13955975
0.077,0.0012666358
0.203,53.986618
0.046,5.3689747
0.19,66.67406
0.17,0.07106931
9.98,3.3127534
19.623,20.757921
0.36,1.2764388
20.893,318.268
8.847,0.010374902
0.437,17.687761
1.343,99.306145
60.69,874.97485
0.033,3.298763
9.497,20.100338
29.013,27.981493
0.423,0.005304392
0.127,0.6517125
0.11,53.95354
0.647,7.6931763
4055.1,1376.3031
0.644,26.36484
59.187,1.0103817
60.244,137.14522
10.62,0.17059326
0.07599999999999998,60.355743
40.594,3.6087856
327.774,1326.5919
8.55,0.820731
2.33,2.5006115
0.017,28.256262
1.22,44.272545
60.023,37.90762
10.02,2.261274
1.017,21.706131
19.455999999999996,1525.0977
39.837,397.34244
9.929999999999998,124.5107
8.96,15.563332
249.95,1.7039199
7.36,117.94622
10.624,18.998114
9.83,0.17429134
20.123,15.150437
0.233,0.1665438
10.663,0.15757531
0.22,44.371227
0.207,0.14278047
10.883,4.3634496
8.604,22.241467
0.906,27.591894
261.784,119.70499
160.18,536.6079
60.98,662.1091
0.453,3.24743
19.64,33.829052
0.19,0.0062181735
0.5,0.17609073
0.127,68.823715
9.863,0.20670564
20.1,2.0174415
30.13,9.794792
5209.327,395.2641
9.993,20.690744
551.64,2775.3352
8.977000000000002,131.98833
9.757,95.9505
10.843,101.74366
509.66,75.3001
11.253,62.627026
218.243,548.90314
469.95,98.147804
0.953,62.890812
1.47,0.19114546
10.81,53.469807
59.787,0.49015406
19.684,27.768484
9.43,0.38307297
49.353,17.91212
17.89,19.307606
22.103,210.68976
30.007,17.251402
0.22,0.048277523
20.11,0.637433
10.117,51.36934
205.01,1128.5398
9.9,49.038902
240.023,232.82373
390.393,1411.5691
9.436,16.516438
8.954,137.12744
19.984,117.24135
0.03,16.03232
20.507,0.18544982
0.097,27.393824
109.016,32.514095
40.427,0.8052899
130.226,60.42721
0.503,3.0343752
9.643,0.04838113
19.227,12.644362
135.934,1264.9589
10.010000000000002,0.27663493
1.113,188.60191
0.097,1.993034
8.916000000000002,1.5142866
100.09,293.80234
8.917,37.968563
163.16,840.30853
20.09,32.15177
0.11,0.21471754
83.313,115.93994
0.11,21.366991
9.49,0.07106931
10.826999999999998,9.927913
9.763,2.350327
29.983,61.304935
219.217,753.03723
11.424,1.3282429
31.05,298.47015
59.973,44.982822
10.824,0.5304693
589.447,1767.309
19.44,6.167818
10.87,109.6704
10.287,15.472033
8.769999999999998,0.035049487
19.63,85.211464
0.06,0.015304037
0.313,3.2659822
20.22,45.455395
7.387,408.3995
11.925999999999998,107.04636
70.023,613.8481
9.06,0.38640526
0.14399999999999996,29.590546
39.863,0.23207903
0.14399999999999996,108.37486
0.36,30.56734
20.713,29.041792
9.134,12.220742
9.31,119.30459
10.783,26.952538
0.717,7.6899047
0.457,24.360514
0.233,2.259242
9.96,26.321106
0.517,802.58545
0.53,0.1093688
9.863,2.6889899
10.05,0.07430554
0.0,198.12173
30.52,16.234945
0.017,16.95953
1.033,11.905697
0.19,1.2071006
0.077,4.54678
1480.66,329.60825
0.577,4.282916
0.927,25.743155
9.213,3.5601878
19.704,11.557001
9.66,0.050763365
58.98,196.06142
18.9,19.035957
60.42,908.1915
8.48,0.30102628
9.98,32.945908
0.297,0.036849175
100.314,451.1892
8.347,142.48117
40.05,9.689547
79.987,407.41907
0.094,330.42908
200.676,280.43924
30.18,725.7838
82.23,0.6818187
1.626,0.0012666358
59.827,214.31557
20.153,65.59793
0.187,396.5307
0.797,61.195602
9.88,7.739209
30.42,86.351555
30.21,48.68619
7760.317,645.30365
15.243,7.739209
99.834,78.57106
119.884,56.436886
19.656,105.68715
0.047,295.45917
399.51,91.10894
8.87,1.1123796
8.487,17.187805
70.447,119.75789
1221.97,2362.1404
29.853,51.08996
1.157,31.880548
0.437,183.62465
20.116,0.24180846
9.956,4.0367274
0.046,0.62340444
0.06,38.604458
20.06,73.70132
19.95,71.77003
102.26,10.298221
60.903,101.07782
19.903,43.348515
10.14,25.382797
140.027,78.247116
0.267,5.334443
20.803,20.942389
10.173,0.01656027
0.22,18.283539
0.047,13.5560665
10.0,61.39307
789.78,904.23895
19.91,3.1387706
18.874000000000002,23.823282
83.453,471.70706
11.04,7.456787
139.68,377.05478
9.22,2.8702922
0.077,34.58556
29.857,82.96546
1269.8,1296.3718
0.07999999999999999,0.5301118
9.854,12.2207365
32.787,35.72079
17.663,138.30008
10.364,0.8891109
19.754,8.294078
29.003,149.31932
29.683,17.99167
9.723,0.12219448
0.093,1.2965488
352.743,201.86949
9.756,15.184191
0.11,0.6955739
10.1,0.06770288
9.187,13.899139
259.897,197.05821
9.734,1.7347189
0.264,18.33668
60.294,360.5515
7.377,138.77379
30.073,15.815295
19.49,117.08432
20.977,184.4831
34.883,35.884605
0.707,26.36774
19.66,0.120005324
0.297,1.5620402
30.487,8.448767
189.18300000000002,879.6505
19.72,2.6851792
0.173,12.287976
9.652999999999999,0.00123599
0.47,66.45236
18.867,86.08386
449.58,108.76461
30.24,60.614193
8.673,82.47553
0.3469999999999999,10.344895
854.853,547.21356
0.187,5.3689747
39.98,0.02660351
29.213,432.0567
9.427,6.4641895
0.14,0.83674175
30.083,165.84834
0.063,33.981686
0.717,0.32956848
0.39,65.69582
19.787,135.30692
11.133,109.30454
7.936,1.0826061
22.737,130.00323
471.75,585.4337
30.233,88.61216
40.536,326.0972
90.03,129.72923
0.626,17.40902
40.12,113.15049
10.192999999999998,173.10403
49.604,132.99199
9.96,155.7371
10.093,45.326393
18.813,20.69938
0.204,0.023789877
139.907,276.02777
0.013,0.24960011
18.964,11.601931
9.683,0.5524471
0.047,0.35007158
20.474,163.47311
449.986,264.03943
39.923,145.2963
421.227,617.1744
258.9,370.73862
70.826,0.012847802
17.71,29.996756
169.82,57.13887
0.204,0.2659452
2784.357,311.02472
10.434,0.20714335
0.813,0.18659748
0.813,25.247536
200.45,977.5163
190.686,147.65637
20.05,13.997699
0.077,3.331158
12.62,97.742645
20.287,18.861637
10.023,26.626253
192.017,443.1411
43.063,119.31621
15.292999999999997,210.61678
0.513,7.694107
0.143,0.30900624
18.994,456.53424
30.424,73.373215
210.053,398.59555
0.377,0.9611967
6.940000000000001,133.2607
9.803,0.0011636637
10.97,130.14198
0.313,10.549846
3607.13,1338.9238
30.906,37.88534
29.927,480.85382
0.237,0.02134426
0.14,0.0014187079
0.237,0.22185603
19.193,86.461525
9.92,73.57569
18.987,1.685585
120.467,0.07065101
9.646,3.0067062
19.78,232.42198
129.733,337.62155
69.964,319.65857
9.147,141.56473
10.812999999999999,69.84898
0.263,88.38816
0.204,16.35697
0.25,47.71927
9.45,16.614887
9.433,0.022534674
4.457,78.395294
9.079999999999998,77.050026
0.06,0.14098775
10.446,22.42458
20.907,0.7510283
8.72,66.80999
9.253,77.1806
8.533,99.4953
1.144,0.5205899
69.714,227.28293
0.47,0.050792616
139.513,3873.6924
9.684,2.6140404
0.906,149.29366
1622.223,1929.3779
19.153,0.3153933
845.233,379.9466
0.267,114.0551
10.303,0.077541016
8.933,535.2845
18.157,115.44977
9.894,448.86053
9.474,54.257076
0.673,0.140624
9.703,6.3035126
0.266,1.6093482
10.056999999999999,117.699646
0.77,0.003157095
1.08,32.492367
18.81,185.46802
39.94700000000001,0.9863174
0.45400000000000007,92.44404
20.183,166.59494
20.16,298.9782
340.23,2786.78
38.043,3.5715075
9.65,108.07204
19.483,2.7371044
0.986,0.38900897
9.33,0.23596925
0.72,110.22404
10.094,107.13076
0.14,0.10189561
0.05,1.546364
20.347,64.11444
20.877,0.16106595
19.387,2.2346606
9.883000000000001,2.1084821
30.123,19.66065
0.017,10.4631
10.91,0.5800405
10.027,0.42077512
10.34,6.3035126
139.884,488.40247
10.023,15.216368
0.127,0.15093093
0.11,0.052392904
211.02,112.19312
9.837,66.39703
10.003,14.673536
0.767,442.2222
0.267,0.18204582
9.19,5.2745914
1.67,245.37206
8.704,2.0180397
9.206,10.223375
40.647,70.46635
489.01,40.601295
7.057,220.87106
0.533,68.966606
20.14,170.95648
14.747,398.14645
10.307,131.71492
28.583,1.977293
0.327,0.2563835
29.893,502.18417
50.434,139.34334
329.95,498.03687
10.08,20.792555
10.386,87.307014
243.443,555.1015
0.5,0.20087847
0.623,40.419792
8.824,1.1687655
420.14,86.35738
8.769999999999998,59.903503
0.033,74.2407
766.21,1763.6989
18.654,246.34422
199.81700000000004,129.20088
29.95,96.1876
29.893,27.679586
19.947,139.3391
19.83,0.008342131
0.406,0.0018784007
20.08,1.3519665
0.83,156.18861
9.64,1.8444107
8.543,54.607872
20.89,171.4608
30.596000000000004,96.03663
0.07999999999999999,0.3462173
9.204,34.016983
29.406,220.58624
0.423,45.20253
39.236,21.201477
10.53,28.56735
10.163,0.5707763
40.12,30.864716
50.233,712.7333
20.27,680.64435
9.147,35.43102
10.784,4.417957
0.237,0.38307297
19.683,2.833513
20.07,20.046988
10.017,203.7787
18.64,8.491302
9.303,49.295547
9.704,75.88174
0.266,1.7640969
0.17,15.361058
0.546,88.24039
40.49,0.019148866
10.507,102.84142
0.217,8.433886
90.617,566.5417
0.326,0.03070625
70.04,40.41073
10.433,2.704283
1.487,749.0661
0.186,0.5208168
0.19,1.1000202
0.313,45.897854
20.84,0.20754395
18.784,36.674965
9.567,18.57544
19.523,3.3228016
0.094,0.21013466
760.51,934.47046
11.170000000000002,16.021938
299.8,362.3057
10.147,47.286022
0.033,3.3647947
0.814,33.641117
0.187,0.010890079
19.397,67.20054
51.02,85.83147
29.62,86.1576
20389.943,4192.6665
9.936,31.136955
40.12,1.240507
0.267,13.003808
2.644,244.37457
237.287,5235.767
31.327,0.04228249
49.777,87.1141
9.007,75.0555
10.674,11.905697
10.053,1.0753304
9.153,6.613689
19.0,145.50917
0.186,0.20324653
8.09,0.061715677
19.19,31.833775
9.564000000000002,6.826532
19.45,0.5968153
9.466,1.0175478
60.187,273.20108
29.484,0.031521272
0.124,807.9753
11.03,15.536093
10.256,53.086975
9.103,0.31871986
842.97,309.30557
29.35,1.3899119
9.366,167.52744
29.967,2.4746122
21.077,600.25586
199.853,0.90636396
240.173,363.39822
90.367,327.14655
20.323,0.09717238
7.92,83.94856
39.884,60.753433
120.367,886.7528
130.853,245.47156
19.926000000000002,90.94024
81.207,297.22342
0.07599999999999998,12.769041
0.63,78.98244
39.863,62.36868
0.3,28.256262
8.877,39.586987
29.087,15.490539
10.1,75.63734
58.917,28.313889
9.91,79.919914
19.72,0.039334793
0.033,21.292278
31.03,16.198248
0.31,86.138824
0.6399999999999999,0.01115718
49.67,108.37486
19.037,45.774612
10.067,1.062209
0.25,16.729599
8.814,20.494043
0.407,27.824799
10.077,13.677522
9.803,84.72551
30.284,0.010288951
49.65,2.0495048
9.063,61.9588
72.3,39.35128
0.5759999999999998,0.12968095
29.2,18.691061
9.673,202.36365
100.767,123.70936
9.943,350.9681
22.444,16.280525
2929.857,179.60849
9.157,71.26585
4.457,0.029178306
11.123000000000001,18.839195
9.604,6.3649974
1.11,1.3821782
119.643,154.89468
0.406,0.40905753
0.03,4.3023796
5.293,0.20037545
0.174,98.16483
20.166,14.709698
9.514,0.02819831
0.28,2.0180397
49.627,6.922116
19.737,9.023814
3239.403,122.027534
0.92,118.4841
0.03,1.4668313
170.244,10.809036
10.644000000000002,19.784927
20.06,6.8791842
1075.614,1025.356
0.44,57.045704
59.36,20.137888
0.267,5.035183
179.86,70.02807
10.343,5.3612075
146.91700000000003,376.33804
60.07,0.3175512
9.087,25.858187
742.41,1255.7151
0.92,0.65059733
0.313,33.131077
29.963,0.009884132
1.08,2313.4163
529.043,463.56256
7.170000000000001,30.705082
21.243,166.08571
20.007,375.8024
10.273000000000001,0.058057074
12.11,22.814356
0.25,1.9170334
2.004,0.22349435
18.843,20.041866
170.09,192.51877
13.36,29.969927
1.0,106.75565
987.166,365.97803
0.547,0.020772872
0.173,0.8152004
51.52,1147.7203
0.187,4.947525
0.47,0.16106595
9.907,0.021054149
3570.45,24.535952
909.817,458.13724
0.376,25.130753
180.413,1050.504
9.19,0.4905375
0.424,0.92101085
9.263,0.30900624
0.673,219.98882
39.543,21.317245
8.607,99.51937
0.06,1.9424336
9.867,6.4992204
10.983,50.99447
469.93,357.0662
9.35,0.38785988
7.863,26.194342
0.233,23.278353
0.6399999999999999,2.237885
9.417,1.2857702
10.860000000000001,82.55651
0.17,172.30974
9.583,8.279626
159.897,107.47135
9.94,79.290695
1.8769999999999998,4.9443135
29.53,149.83018
0.11,36.935806
1.47,19.967459
19.894,29.980524
139.713,506.74454
521.416,450.31512
10.320000000000002,68.86195
32.626,469.56464
0.0,32.804386
19.997,0.00849431
0.07999999999999999,20.070778
0.253,0.061231673
400.037,380.54446
2219.093,350.88736
110.747,227.79022
9.58,0.22557937
29.643,0.024867628
1.407,2.1030805
20.09,34.020386
569.816,205.78954
10.037,260.892
130.533,0.097963855
1.194,67.192604
0.424,0.23376636
0.097,1.8444107
2.844,31.92715
9.356999999999998,1.7662482
9.652999999999999,2.1369631
40.897,89.809715
59.087,34.73555
0.25,1686.7574
10.573,0.065361895
130.7,43.751514
10.12,42.856243
8.953,12.5657835
18.266,51.818443
9.57,2.2174807
0.0,2.407345
0.547,7.560942
11.123000000000001,77.58377
19.197,67.97029
0.063,17.804306
11.014,0.46294174
9.897,1.5370091
741.163,453.34116
0.07999999999999999,0.21986285
9.06,59.49059
20.05,10.571896
0.423,20.254559
0.063,1.6452781
18.807,44.80889
0.14,62.425953
9.334,33.44277
20.083,106.511314
1.363,1.7695981
0.046,0.021139575
0.14,1.2945288
0.046,24.360514
221.413,371.29443
19.19,12.180862
20.217000000000002,0.08106072
41.09,84.07477
8.99,36.079494
0.11,15.994713
10.27,207.25627
0.077,0.84231865
10.394,0.79048085
109.33,98.29709
10.016,0.026728198
0.297,1.5702008
10.06,0.35635158
20.757,299.35336
580.2470000000001,430.72995
9.44,71.26585
48.9,20.375652
150.476,132.94923
9.686000000000002,0.88810164
12.643,133.3588
9.513,1.6524831
0.33,13.085999
11.396,24.61822
9.443,0.18169253
9.929999999999998,74.54198
19.93,47.64325
0.86,11.193706
8.833,115.57863
0.11,0.24180846
0.327,0.040673647
19.89,0.6538889
9.89,25.641165
9.626,39.87886
10.253999999999998,415.90253
17.01,25.875296
10.513,6.7457414
61.987,30.46271
11.317,0.17736028
20.53,131.97305
0.14,33.4469
9.929999999999998,3.258476
4129.946,15.823528
17.597000000000005,31.60044
19.047,0.27102673
9.976,26.411524
561.17,635.4337
19.996,12.132952
27.35,194.2955
9.86,387.8422
19.887,5.7725787
0.39,1.6720744
0.0,0.06434949
10.013,129.6518
20.950000000000003,6.4932
71.12,405.418
0.3469999999999999,56.62155
9.074,0.010890079
8.933,22.598364
229.747,408.4395
30.39,13.176412
11.563,0.03173879
0.017,17.760624
10.123,10.406434
20.063,148.78001
9.193,29.710907
0.42,377.5716
41.14,19.90741
30.16,75.1365
9.003,352.12576
10.937,0.01627176
7410.03,2806.402
90.103,100.73193
0.03,0.0012666335
279.47,415.5581
49.913,26.44512
358.303,211.83043
0.5759999999999998,142.6313
9.87,0.056902394
0.19,29.435858
0.6399999999999999,0.012326526
10.05,21.821854
19.53,0.0053774463
20.546000000000003,4.357561
3.433,76.241234
9.86,20.639242
0.406,37.968563
30.36,81.270515
9.097,0.11848048
30.51,142.07114
99.856,10.165149
68.98,0.61680424
1.906,111.36743
0.046,1.0514663
19.537,535.12787
31.017,0.03252996
0.25,0.18645765
19.377,208.37915
0.28,39.307796
0.156,0.20087847
9.21,0.0054716337
8.403,0.3026619
9.803,65.0319
9.354,6.9693356
20.31,4.4595623
8.63,0.013635495
10.11,0.24960035
49.56,109.49677
1.2530000000000001,15.664498
139.644,33.033005
9.36,1.8585588
9.767,13.196361
359.283,390.81195
18.86,86.513405
0.263,0.43367824
0.66,43.02759
0.11,18.918423
0.284,3.6164718
19.637,28.570942
19.683,1.0196939
5.54,460.6049
60.257,1.0735668
0.674,0.0332503
19.213,0.45532408
20.083,0.09096678
9.75,11.631956
0.016,3.2136765
399.7,83.09755
100.116,403.50006
21.587,175.05597
9.583,4.0583715
30.367,16.93487
0.047,1.5975891
10.31,1396.8783
9.45,0.28336075
9.303,0.70479596
20.103,20.832813
0.733,1.8710567
2554.6000000000004,212.77809
2820.1300000000006,702.8416
0.67,0.09747951
0.07599999999999998,12.2207365
7.8,115.365295
130.084,594.6708
9.827000000000002,121.85182
8.994,0.5175742
689.346,327.23788
0.0,1.1793581
11.13,107.38275
31.207,208.1357
29.877,26.090828
156.48,88.99171
308.026,1383.783
8.853,2.4459224
9.5,10.437663
0.173,0.0015664776
9.563,396.126
10.23,1.636729
20.673,54.13237
10.006,0.38745245
169.817,1479.0001
8.987,0.17912301
0.28,0.09619282
0.0,0.006421416
9.75,0.39587796
9.49,27.998056
10.406,102.70192
0.296,23.153309
1.237,37.25975
20.01,42.836334
0.017,15.250823
9.732999999999999,24.801275
0.203,0.12494654
63.27,58.06543
10.144,3.4243314
10.083,87.20663
9.215999999999998,29.767824
470.027,424.50107
1.69,1.5681777
711.68,371.16043
97.55000000000001,244.46707
0.504,2.7340868
0.263,14.469574
50.032999999999994,910.37964
9.793,33.832386
139.6,1.2506306
9.867,29.484339
0.11,14.971056
10.710000000000003,0.23770408
38.92,23.784698
20.183,27.26095
10.53,0.07636647
189.923,3.0984519
1.03,32.884544
22.267,74.689705
99.027,86.22307
19.523,35.47797
39.28,0.52826875
0.19,0.025337525
39.613,176.82315
3950.146,1183.3276
0.39,7.6050673
19.79,5.8674836
13.954,75.987854
0.017,2.123645
19.7,32.177166
10.83,21.908945
91.12,2.4025562
20.807,893.6227
30.059999999999995,0.033474922
8.906,72.43036
21.36,954.3745
0.233,0.032948494
19.55,0.0072775646
9.36,0.18188477
120.5,208.53857
0.07999999999999999,43.375534
10.706,1.4281826
1100.01,217.27596
0.094,0.06435801
16.693,296.6649
59.91,20.360987
9.49,1.375521
0.39,172.92308
18.953,1.1772043
29.377,107.10732
0.017,31.094917
10.087,2.97382
9.744,0.07187588
40.603,87.32492
0.05,0.09607895
1.08,742.6658
0.377,59.67401
8.786,0.014819612
8.82,100.79809
190.153,349.54373
18.887,6.1520534
0.45400000000000007,105.84343
9.757,81.65944
19.61,452.1949
0.063,91.59109
0.296,0.008142429
2.5599999999999996,0.5304693
40.557,24.673029
18.97,0.2028869
11.306000000000001,27.845478
9.74,15.118741
9.943,16.942146
113.143,293.87817
0.11,28.352562
10.013,29.865389
0.8760000000000001,8.723796
9.954,148.03659
9.36,0.20324653
60.0,2400.9558
0.127,8.625226
0.11,15.150437
9.044,11.687459
9.934,71.39015
0.28,2.1847138
8.896999999999998,29.25091
0.03,13.317933
9.073,0.4349369
39.633,311.9874
29.766,37.412838
0.043,136.71652
69.897,14.850918
40.00300000000001,1.2188786
19.14,17.341057
9.9,34.398182
91.007,135.93788
40.687,10.750293
11.45,49.295547
0.034,1.9794774
40.25,378.62415
19.35,309.9076
680.027,453.16724
29.84,90.20291
19.0,54.43982
9.373,1.7635368
0.593,2.7340868
0.707,203.5463
19.826,16.946869
0.55,12.638212
10.296,1.9195544
8.933,44.1655
10.44,0.027297918
19.267,27.544588
108.993,23.64905
394.3999999999999,811.5775
9.27,27.998552
5.533,324.8913
430.633,22.001516
9.414,2.0857162
10.013,0.121993154
0.11,1.8588052
0.47,0.027998058
27.63,16.059156
0.457,79.642075
0.267,596.9173
49.733000000000004,65.174835
19.083,82.809906
290.07,197.64133
0.233,14.191237
19.966,122.01708
1.21,0.3187788
10.26,79.94893
300.047,0.19509198
39.007000000000005,9.442553
19.88,9.810297
69.66,126.2567
8.633,23.641943
20.284,32.946747
9.644,91.02808
0.313,0.017700842
98.043,13.944929
107.374,23.91915
1.333,0.4740153
0.034,0.012617988
9.084,0.2948323
12.007,0.10307354
133.354,425.39502
31.18,1135.6986
18.746,0.048871525
8.263,3.4529207
0.0,117.67097
19.203000000000003,86.02049
201.06,650.5417
9.444,0.0040810993
9.516,20.18868
8.613,4.3796563
10.303,3.6840389
9.487,0.06345075
0.187,0.013456383
19.783,5.671713
0.157,6.0112505
20.05,2112.2124
8.32,46.8089
19.512999999999998,1.9116769
19.756,10.156314
0.03,44.24483
9.906,4.755492
8.243,0.33007014
16.384,25.190025
9.727,9.7885
9.823,109.73866
0.0,1.6664565
10.93,475.94836
10.327,78.39872
19.52,27.32337
159.706,422.6616
49.99,28.369993
0.39,93.90106
25.294,16.891407
0.093,11.2209635
290.097,512.6019
0.077,0.91254973
119.833,163.4476
0.156,107.47795
19.027,67.343124
11.35,0.37034476
10.216,24.813143
10.19,333.60355
19.556,41.643192
39.913,0.1947839
19.89,0.44817433
8.713,12.410455
8.66,1.8588052
0.127,19.213625
9.217,0.042742286
0.266,92.84194
40.127,527.958
0.17,40.49733
0.267,1.8553625
59.663,0.3393494
0.25,47.984035
8.193,0.24943021
9.813000000000002,131.19171
0.106,1.5715312
9.597,0.032243524
9.0,46.17609
0.436,29.149158
29.926,27.617159
9.82,38.604458
10.58,77.457664
339.886,629.8054
9.69,1.6525116
0.7529999999999999,0.5014848
0.063,47.109646
9.81,79.25784
9.747000000000002,46.622578
75.44,16.986834
9.39,68.423
18.946,95.728386
239.734,328.05707
90.13,107.97574
19.859999999999996,24.303242
28.126000000000005,113.2622
0.017,117.08432
9.803,0.0014542865
356.116,967.89343
109.134,173.48312
0.327,128.46104
0.5,38.793953
100.9,32.062656
9.19,15.284386
0.11,0.041872784
101.207,314.50302
2759.343,886.2128
41.39300000000001,73.482346
10.53,0.8383535
29.987,0.05644779
0.126,1.9011146
0.11,13.54679
9.064,59.7589
9.550000000000002,91.36347
0.407,0.7013904
8.924,0.023791375
9.619999999999997,770.75104
0.063,7.0100164
18.653,94.396225
0.0,95.83393
19.72,0.12219448
9.694,2.2062972
10.18,121.30781
40.463,84.87464
39.867,0.1919877
69.96,0.022526512
6.724,3.9861662
0.5,15.3325815
10.05,78.942245
0.267,0.011094598
0.204,24.842377
0.9839999999999999,0.050559383
29.98,17.172699
38.23700000000001,1.0514663
10.247,9.339283
30.7,27.928429
9.337,3.207018
620.8000000000001,613.16614
0.83,1.7567455
9.723,33.314785
309.81,43.13392
220.2,3.3031225
9.206999999999999,0.025292018
29.777,2.5468223
0.33,22.986517
239.743,363.07846
0.0,23.196344
10.543,22.779486
0.07999999999999999,2.002086
9.84,73.205025
60.433,232.3828
40.447,331.0738
169.967,194.88065
9.66,82.56578
109.84,475.21957
1920.213,558.79517
79.28,504.70297
19.483,52.681904
328.17,737.59265
59.327,0.46936315
329.233,369.45236
0.05,0.3235173
40.357,115.41193
9.817,24.256939
0.33,0.016854404
327.863,1595.075
30.18,92.876465
78.683,549.12683
8.943,0.01575317
37.604,13.645954
729.97,362.627
19.49,179.0045
8.843,0.5635233
9.3,0.67063534
0.25,1.5017608
9.287000000000003,1.1274844
9.684,19.405397
0.157,0.22045623
1270.0,1295.9958
15.197,23.876242
0.017,59.379993
3197.663,56.051395
0.093,13.214805
10.763,51.524734
9.14,0.8547138
0.11,107.70547
0.173,3.44914
18.882999999999996,56.977093
9.28,356.61874
9.587,77.78651
80.77,343.11353
0.233,0.16513935
10.004,0.046351895
21.207,39.534172
61.96,1232.8757
9.97,10.164063
109.583,192.81172
30.003,0.29807872
61.059999999999995,135.5082
63.21999999999999,231.99603
20.163,678.8927
4.567,14.007338
39.3,102.70192
171.257,9.920021
10.27,43.34825
9.893,41.00525
1120.2729999999997,51.92678
1129.957,965.35645
20.1,621.27576
0.39,1.7384253
420.777,1211.8063
10.677,26.008036
0.12299999999999998,102.99013
19.753,57.334335
9.14,36.086987
0.314,191.34071
8.167,8.308365
10.313,22.241467
0.453,0.42046982
0.766,109.13552
165.633,57.549244
20.263999999999996,63.727165
29.967,334.3023
108.86,1411.1575
19.957,62.115257
40.83,76.74002
0.203,21.75312
1.067,28.476532
1.076,64.15365
28.9,63.606735
0.063,10.64842
9.647,184.23923
119.873,13.579928
100.19,0.42837244
30.070000000000004,54.379143
21.107,138.82945
0.156,1.8173558
8.3,285.98334
0.39,12.030165
200.297,404.80246
9.424,52.876152
2.8770000000000002,0.20415044
399.134,349.817
40.83,54.721992
0.373,4.2238636
0.11,4.8947444
29.933,332.21695
79.977,3643.6492
79.26,532.31866
51.036,17.099905
101.07,389.0695
11.113,0.2612233
0.0,0.33468977
10.52,1.2302412
0.14,0.029559527
40.414,1.3278981
9.876,2.2920048
8.987,12.297463
9.68,0.00055592397
19.583,9.804612
19.653,101.36754
49.933,0.029315926
1361.97,10.40955
1100.03,215.63963
20.227000000000004,0.03252996
29.073,59.32961
9.74,19.530418
0.376,162.88417
19.063,48.29731
40.03,84.673935
20.274000000000004,159.54762
9.926,0.16063735
29.846,12.105285
0.093,0.0479876
190.00299999999996,38.416695
10.05,21.027475
9.863,0.0032445574
9.734,10.831217
0.174,29.613773
70.047,420.14362
9.757,6.9145036
39.54,67.93265
1558.16,1330.6943
10.087,28.817411
19.8,81.65388
19.747,112.62084
0.0,7.7854366
0.3469999999999999,10.223375
8.967,0.03206649
9.994,4.277219
0.28,399.7457
19.177,7.416053
1404.3670000000002,134.83693
249.86,1062.0317
3.994,100.90552
0.14,4.54678
59.79,30.472567
10.333,98.94824
10.643,0.056411844
18.623,0.64265543
9.42,1.9007629
10.263,13.35223
28.303,97.16
8.953,2.9471898
0.03,0.5664437
9.847,17.422548
28.593,99.334724
0.12299999999999998,21.012335
2.327,39.388386
9.817,21.269865
31.883,1.3600861
9.843,33.828796
0.127,15.057008
1.19,0.9516183
11.016,35.36873
0.186,23.587334
29.947,475.5482
10.803,41.662632
32.047,0.12311012
9.99,0.28336075
4.6339999999999995,176.76865
9.107,0.25549868
9.017,60.38291
9.469999999999999,19.229435
19.9,4.0993385
1179.77,1611.2336
0.0,0.013896253
19.533,1.0834922
310.293,496.32242
0.487,0.35342908
0.03,0.18169253
20.4,2.5594025
0.647,2.4648807
0.033,2.0703387
0.513,2.292407
30.014,0.33282554
9.654,8.997312
20.39,18.958466
0.126,10.422142
120.35,435.38138
6.2330000000000005,14.996568
8.93,60.241283
179.89,1059.5493
214.283,218.298
0.05,0.011831784
9.89,89.20137
9.96,71.77746
9.554,0.21206087
9.06,0.08695764
20.757,214.83238
19.859999999999996,11.599265
0.233,59.326946
31.45,25.986088
7.643,130.81009
20.443000000000005,516.0797
19.92,36.049
18.917,100.694725
0.186,0.17429134
0.063,3.1368978
0.8440000000000001,1.9428765
0.047,4.183235
9.793,0.12549108
20.027,113.86903
0.12299999999999998,20.360037
119.876,417.4642
59.876999999999995,0.30352733
49.833,87.75323
19.077,0.13664486
50.53999999999999,504.32108
9.783,22.17086
7.686,0.25950733
0.813,2.088214
0.78,98.738556
120.514,451.5928
9.01,19.338818
0.22,36.43099
0.264,13.611641
70.023,123.761406
10.25,254.4101
9.087,16.76685
60.713,229.96599
19.277,100.30178
50.043,64.155624
0.047,32.35449
8.324,5.667464
21.982999999999997,2.6766868
0.063,26.248495
10.167,2.1489449
8.54,2.1030805
9.607,1.8324683
776.376,249.22583
0.673,0.033290844
8.757,22.50959
0.27,235.98549
18.157,39.710514
0.296,0.1718668
40.65,27.12501
0.267,58.23244
890.017,215.9969
0.393,0.049484022
0.063,0.15405108
9.61,0.86763287
20.07,202.2789
0.327,29.594511
0.11,2.9471898
9.393,73.68907
580.347,153.00392
40.286,92.53318
7.11,34.457996
0.203,0.05535842
219.724,187.92026
11.546,79.483086
10.26,0.38324362
0.097,0.04414577
0.406,24.014238
70.38,122.44429
9.953,83.707695
0.593,0.07106931
0.25,5.1567287
1471.54,252.24576
0.25,0.3409389
0.3469999999999999,1.229167
30.367,543.27405
19.56,1.3352149
0.07999999999999999,2.0200288
90.36,61.49307
154.78,278.06305
10.13,122.81701
0.07999999999999999,5.1245384
9.68,13.12006
49.75,111.03665
10.076000000000002,212.36931
10.877,11.488124
0.437,49.814575
10.286,58.6387
0.754,15.994713
0.03,1.6365075
0.284,0.03206649
0.737,0.53018105
206.07,347.8348
0.517,43.224308
10.0,98.745834
20.004,1.1000202
29.81,6.724415
20.183,0.80736387
70.64999999999999,584.0056
30.33,199.98466
12.453,1.0773154
519.227,199.3776
0.693,4.2078323
60.24,75.418365
0.12299999999999998,0.0057456684
0.097,203.70027
29.897,0.046970252
11.167,119.65266
70.08600000000001,76.713
0.56,29.095644
9.11,0.020254841
0.44,299.35336
20.833,147.31522
0.594,35.14137
0.017,115.57863
0.077,22.598364
0.097,0.8152004
9.644,125.23113
11.143,75.35383
9.92,21.67482
9.403999999999998,90.11006
0.046,98.3342
261.037,783.94543
39.54,0.6610908
18.547,15.201918
10.047,157.14433
39.424,1.1748961
0.12299999999999998,0.48594242
0.17,1.5142866
40.527,118.86423
9.14,0.22085771
4.273,74.57106
9.3,43.555233
9.247,1.5017608
9.78,78.92091
0.207,56.952847
10.58,0.0060334336
0.954,117.87342
0.093,42.63335
0.173,111.16248
69.04,1.0591593
10.083,0.016630428
272.04,530.5279
8.86,39.504936
0.046,0.16395442
1.194,27.06152
1543.336,1215.5814
8.62,0.004435309
0.784,0.02819831
1118.61,641.83325
20.020000000000003,47.08673
0.07999999999999999,0.76205826
0.264,20.974016
61.827,787.2463
0.05,0.6239273
0.063,2.8698652
0.0,94.894035
0.267,0.19584134
79.993,28.489565
0.25,55.338974
9.92,1.1569772
1.22,154.89319
0.22,32.945908
489.053,333.3768
11.906,94.41971
9.513,1158.4813
150.826,1253.354
18.203,108.93403
19.9,66.282326
39.263,56.292625
358.216,2169.0122
9.68,9.23378
0.174,0.12158607
169.703,105.68867
2969.827,509.74112
20.116,5.4199433
9.407,2.174542
150.083,63.96633
0.17,55.622425
0.17,3.691631
0.187,0.7930723
11.22,15.074481
50.163,33.830086
9.376000000000001,14.510405
39.946000000000005,0.70480996
20.123,16.862015
11.036,41.28828
100.367,33.897144
10.237,45.74232
0.734,37.650272
229.85399999999998,65.9666
9.663,26.026882
10.55,145.66876
11.683,96.7079
9.953,119.94231
9.78,1.0879536
429.93,61.343494
9.643,23.362509
0.106,29.95314
99.426,42.738125
9.134,485.1805
142.793,494.9112
10.137000000000002,14.3031025
10.006,95.20943
0.127,48.358337
58.26,34.624367
0.25,80.95231
179.21000000000004,1152.6549
9.384,1.9794774
15.983,16.77961
10.034,61.48587
8.983,106.761734
7.5,42.410976
30.763,119.22931
0.563,46.514812
0.143,120.466194
0.156,34.423462
199.727,977.1365
0.6,0.12547265
16.373,8.513838
20.22,43.98452
120.21,5.7433586
9.627,0.033108693
59.954,348.12082
20.117,1.0316226
89.873,606.5798
140.41,32.16907
0.11,0.92835826
1720.547,1417.2513
40.823,1.9745872
29.417,34.157364
8.493,27.998056
0.513,16.649406
0.063,0.53995043
0.5,103.64523
39.937,516.8148
9.473,84.633224
10.455999999999998,44.609337
20.487,169.44075
19.873,1.2205732
19.14,7.431809
9.1,2.8704176
160.087,201.73247
0.0,0.14626385
29.74,765.30414
20.047,15.636396
0.566,49.73934
1.076,117.51883
650.433,146.8928
39.212999999999994,0.16526775
391.094,447.42868
6.843,160.49796
39.23,12.030165
19.77,124.204544
0.94,0.259912
29.787,21.897285
10.293,25.684233
3138.17,1956.0024
1.75,32.609337
60.287,1040.5842
19.617,0.6575859
0.563,0.018636199
20.334,0.2011474
450.723,467.13245
7.873,94.67866
169.373,47.97962
89.937,43.099163
10.65,0.7633485
0.934,23.362509
2030.333,864.122
20.117,0.0034669146
39.263,107.22681
19.45,1.6972386
19.06,146.9388
1.227,34.58556
0.187,17.025927
131.517,43.36131
0.296,1.9940338
1.41,45.577736
60.094,0.0039355345
9.666999999999998,3.932202
40.016,22.66858
9.75,7.386963
129.287,9.092213
0.22,30.829132
339.487,245.73558
9.27,6.5753207
9.59,4.0069323
20.933,122.6439
0.187,22.241467
0.67,4.1263285
3090.064,328.69653
0.173,0.017974375
0.374,2.4390364
0.013,1409.1777
8.91,108.3183
0.564,2.5355754
9.29,20.93269
0.25,0.0011351908
28.89,31.734531
9.386,0.047200564
30.047,0.4666113
9.823,0.022986695
800.787,111.87245
9.664,1.1744335
115.186,65.72528
19.527,35.48671
10.12,48.862835
0.296,54.96096
19.78,285.60153
18.95,401.18192
0.5,6.0112505
50.876,165.21098
9.946,2.5425227
131.187,40.024036
20.317,1.3343724
0.11,1.5356185
79.94,230.30225
0.06,0.17915942
19.693,17.304474
0.127,0.042433567
38.667,38.814617
0.03,112.82102
38.14,78.43487
9.89,207.6104
0.52,0.18886417
10.860000000000001,0.031236568
139.927,292.48865
9.227,124.25802
98.077,317.13132
0.327,0.50270545
0.17,1.295523
0.03,38.461353
0.28,0.0013501307
0.25,35.795162
0.453,0.03583863
9.88,1.9170334
0.97,0.3456252
9.17,26.596205
8.887,0.50350803
0.0,4.611824
8.826,1.8164512
9.91,2.8698652
80.11,0.010327861
9.923,1.0506666
38.650000000000006,90.4358
1143.0,2614.9202
0.187,0.6121264
41.553,710.0919
0.203,0.4519608
2.783,106.6962
29.537,390.01364
20.196,3.6694434
11.047,454.02356
9.83,28.409304
0.11,103.15337
39.454,154.2207
10.217,79.919914
0.92,1.8623945
9.619999999999997,0.4578945
8.64,40.258644
0.877,55.24477
110.247,136.91663
657.433,160.5075
0.39,0.78127986
0.607,7.272969
9.363,19.719746
0.127,20.137888
119.993,523.1909
8.43,135.36208
11.006,144.55112
0.203,52.86558
0.53,35.01551
0.063,46.708584
9.257,51.954678
14.72,59.7589
189.94,194.27444
89.767,1430.8638
8.457,0.12547265
0.127,11.681486
0.88,48.628033
23.127,26.818506
18.226000000000003,1.5847219
0.017,0.48285654
1.19,106.526794
19.007,0.43913686
89.22,1.4209431
9.324,42.95306
9.784,57.6795
29.763,1.353392
509.62,542.47424
39.99,194.83688
7.047,108.69645
10.477,92.367516
10.320000000000002,2.6140404
29.34,21.275646
0.33,1.0120789
0.22,2.7257771
0.19,55.029015
49.547,20.021383
19.617,103.28258
29.923,0.058585953
11.754,0.33793807
39.05,1234.5144
1.423,180.72342
29.977,79.12332
9.48,78.00811
30.08,182.644
0.344,0.53948057
13.03,48.245018
9.843,39.967285
19.427,3.8423321
0.093,2.0644794
70.213,370.4607
57.77,695.2167
8.947,0.134058
20.123,74.26527
17.797,12.518644
0.127,58.725475
10.626,5.9119067
1.953,1.7384253
60.0,264.12982
110.063,195.75922
113.21,346.5094
27.96,120.20577
41.40999999999999,11.28644
59.8,1266.4202
19.06,121.861786
0.25,0.53802085
0.547,64.973885
20.357,60.91577
11.399999999999999,0.01659888
10.177,2.1382842
709.964,425.497
39.783,532.492
18.217,652.44073
8.984,31.448437
520.357,590.63806
59.62,82.62143
0.954,71.023674
11.480000000000002,13.092948
2731.003,1463.9436
0.017,9.837185
19.114,3.3972478
11.957,29.373432
9.897,26.542286
0.07999999999999999,0.07787748
530.37,277.38214
8.093,0.000743799
50.46600000000001,96.63314
8.693,1.140012
18.944,8.11473
19.12,103.98159
37.343,33.46789
27.406,775.93024
19.61,114.19711
19.853,78.85979
20.213,61.458702
77.62,86.327065
10.263,0.47652674
9.957,0.07854016
12.353,2.6534665
0.623,18.994257
0.533,0.570235
10.166,209.61905
9.414,54.96096
0.11,0.43282875
19.36,29.122992
0.07999999999999999,0.0016460408
9.967,34.25856
51.223,333.03604
0.437,1105.1133
0.014,0.28656116
110.227,1.1069657
10.236,0.01774294
0.49,0.15733713
19.46,248.39676
29.523,0.6480633
20.017,103.393295
8.97,27.393316
769.357,1038.669
0.25,1.6368741
18.993,121.56236
0.8659999999999999,18.64195
0.737,56.952847
10.353,47.075855
60.674,1.5550548
119.75,8.274395
38.743,22.330889
0.3,1.2569115
0.266,0.33495194
8.6,78.861305
29.177,13.390206
746.93,1474.219
9.547,13.486436
9.016,2.3378875
8.693,0.41983274
40.5,212.21928
49.836,0.08233183
0.25,19.151592
20.21,94.05186
8.643,0.7035891
10.2,0.5690177
10.077,947.92584
10.07,0.041148975
29.24,19.130676
130.434,44.31096
0.313,1.2413317
39.366,355.8937
39.90699999999999,0.030077409
0.017,0.004037413
19.256,264.55936
39.41,222.34915
1310.3,484.3278
9.72,0.39821306
10.793,0.97420585
9.637,46.81659
0.217,0.049557928
9.71,1.3374337
0.0,36.205345
79.66,9.404377
70.13,660.86237
10.15,0.023756323
629.197,516.4029
5399.517,1133.0642
21.014,10.501326
19.266,8.001055
10.68,6.0017886
0.12299999999999998,71.888535
0.827,0.028587762
0.064,0.0010538902
40.196,0.26392418
20.137,13.019003
40.373,117.64358
59.99000000000001,129.33604
11.817,10.53735
0.0,8.431426
409.893,45.897854
0.093,20.990486
1.007,4.4990892
19.457,5.682046
0.05,21.10276
18.917,2.5263538
9.466,50.058342
20.206,130.23334
10.0,2.3098307
9.72,18.176409
0.28,0.02134426
11.336,183.85013
168.93,36.51369
20.263,61.69584
0.296,8.214277
2.41,0.057036653
74.02999999999999,431.5874
65.473,1008.445
0.11,0.00078288454
0.25,7.259112
0.61,3.220855
210.316,382.73578
70.45,563.15326
2.953,60.34164
60.713,210.29272
0.453,0.0666237
19.079999999999995,1.5682642
0.983,168.24144
0.06,2.952954
9.333,1.1069752
21.337,27.32337
0.173,0.20342727
0.374,0.315482
18.874000000000002,213.97238
10.393,1.8585588
0.14,2.0200288
221.037,85.47288
22.774,136.52876
18.77,1.5188481
0.893,2.0644813
0.047,51.2938
19.57,0.23266475
19.854,85.35302
179.58,21.297293
0.157,0.16513935
29.87,0.46592692
121.46300000000001,70.18262
0.077,0.119795956
0.11,0.018187728
0.783,1.6112982
0.06,0.3026619
0.0,33.45488
10.137000000000002,104.68494
18.95,3.7236023
113.446,479.38556
0.064,68.19926
10.427,1.4884014
8.757,28.183535
9.674,28.73004
18.74,591.22626
20.846,46.195557
20.04,0.4927793
20.107,1778.8699
40.75,1.2996337
0.187,39.532063
29.753,107.96266
108.99,42.304543
75.944,1485.8187
0.093,0.20714335
310.23,290.13412
49.814,22.87022
9.91,200.41936
9.196,0.15154232
163.423,768.47534
41.473,49.37069
10.113,3.258476
70.05,1576.9086
0.063,39.691185
9.6,0.32255584
0.53,402.39404
10.91,34.155815
20.273,0.16499469
9.2,18.739624
0.047,19.267384
39.05,225.89638
0.097,1.993034
150.723,95.225586
10.637,29.053926
19.637,146.81825
0.03,132.693
0.267,33.37443
0.06,41.00525
20.167,34.915707
861.857,1350.5365
9.954,17.960037
20.434,97.68169
0.093,0.17429134
18.24,121.50437
9.74,34.593998
36.907,84.45613
9.613,9.668701
48.727,138.2096
10.56,27.758419
19.72,467.58057
0.36,0.30900595
170.117,145.5669
92.677,1282.1775
3.263,43.37376
11207.343,5500.138
9.873,2.586203
10.943,138.30008
9.57,0.058217864
19.504000000000005,85.079346
9.497,9.7735615
10.010000000000002,0.13155715
0.0,3.7255454
20.816,23.228878
39.24,124.856995
2289.27,1128.6964
0.7529999999999999,59.763855
0.234,0.09619282
10.14,15.776719
9.52,27.915987
10.443,1.6881137
9.417,21.67482
7.637,16.35004
11.954,5.7058587
19.906999999999996,123.182655
9.994,21.344814
19.870000000000005,6.3714275
0.097,76.91519
70.77,51.669327
10.163,26.426683
59.96999999999999,451.27548
0.186,200.55475
19.683,0.56295073
19.733,9.122248
291.636,420.54965
0.093,0.0014907658
16557.443,1703.393
0.14,66.76409
10.123,0.0038575227
20.196,40.759285
20.33,0.6721912
0.256,0.2563835
30.477,1.3073418
19.524,7.3441024
0.0,70.89447
17.653000000000002,8.387728
20.07,19.657135
73.94,580.6582
19.38,45.74572
0.237,97.2389
10504.04,2669.558
29.983,95.08815
9.77,25.485653
0.33,12.839938
9.864,2.0420563
19.963,0.056902394
0.157,0.013856445
431.65700000000004,456.103
19.83,671.8466
19.447000000000003,348.19974
90.09,51.7782
9.13,0.5690177
0.143,2.4644012
1.3000000000000003,23.846642
271.933,445.61487
5.613,11.905697
41.646,10.140648
40.623,136.45473
0.064,70.67235
19.883,2.6450813
20.287,119.83629
0.356,12.726629
19.01,230.9625
9.57,14.277484
11.843,145.98538
0.517,0.44943658
159.997,250.48398
1.85,0.2938134
1.707,54.96096
9.763,327.47342
28.637,138.75754
49.77,43.61226
1288.773,824.0971
19.983,1.3343724
10.103,0.40021864
0.437,1.3796117
29.862999999999996,543.27405
20.047,56.321552
0.487,0.8871604
0.14,21.163572
130.943,46.677746
89.443,68.859886
20.186,373.25235
11.6,30.370716
9.753,0.0375171
9.377,8.1029625
31.14,126.058525
0.61,0.17609039
0.204,0.26793388
0.644,1.5021318
0.03,0.0011636637
80.35,1.6517771
9.707,187.87558
10.053,102.46176
29.193,284.81506
0.784,1.2184857
9.65,0.63489103
20.16,44.841442
40.857,0.23692532
250.133,18.850008
169.89000000000001,60.20072
0.14,0.0004978083
120.397,533.5901
7.883,14.24828
40.104,0.0039817505
9.59,0.38078126
0.12299999999999998,52.121727
129.647,21.243906
2099.314,881.74286
980.03,1378.1681
960.29,487.93893
130.14,321.58896
19.906999999999996,172.65155
9.1,3.6865232
0.11,27.52016
0.173,0.00086443155
300.083,353.10895
69.977,125.56679
8.787,54.96091
21.033,224.78725
59.954,194.95555
9.123,84.45613
20.020000000000003,0.07050697
9.34,0.6248735
0.107,0.25764355
40.16,1170.0383
0.237,24.847502
0.376,1040.5842
10.187,78.37278
9.517,4.478501
20.327,327.98126
0.424,0.4597419
30.347,143.72371
0.796,34.953342
0.05,61.806866
18.25,406.5504
919.257,2584.1294
0.577,12.031291
66.803,169.43327
9.793,1.0904528
6.52,0.43065813
19.584,168.93399
20.353,0.050763365
9.8,5.438341
0.83,0.41003233
0.14,8.229752
10.08,55.327595
0.016,7.5170646
0.157,0.910908
20.233,8.534466
17.677,418.0721
9.957,0.87858856
31.394000000000002,2.2224026
0.5,0.22743449
1.093,0.62340444
19.437,71.84967
48.63,32.262676
19.79,39.03833
9.764,5.166499
9.993,26.02017
48.094,157.1957
10.223,42.293262
8.946,172.49284
19.29,0.23187132
8.75,34.827026
10.25,0.12549108
80.357,1.4328523
29.123,27.078676
0.017,0.013456383
0.12299999999999998,10.4631
20.787,10.71302
9.550000000000002,110.34236
0.33,202.18394
160.54,274.37073
9.243,2.4459224
0.56,204.36073
0.813,102.33327
0.587,62.607258
191.82,372.5803
0.017,0.20714335
10.0,13.415351
59.876999999999995,1325.1014
0.203,28.166122
0.483,63.746155
0.6129999999999999,0.26863003
20.77,85.073235
90.453,631.3019
10.353,30.273277
1316.016,634.8008
120.524,551.3752
28.28,119.2263
19.563,380.0429
10.79,34.026432
9.61,0.06277113
0.704,1.1123796
19.656,36.763992
21.43,36.895706
1.127,52.426746
60.440000000000005,119.28072
0.046,2.9106436
517.603,13.835479
7484.413,5761.8477
19.593,203.24048
0.187,63.266533
49.97,3071.0635
12.43,74.8088
6.613,2.6771946
10.013,0.0008025194
129.776,56.977493
18.939999999999998,0.36576948
9.547,30.443508
0.186,0.31541768
130.18,1.1395751
14.11,88.72456
98.267,352.49103
19.274,25.850943
9.177,0.25871977
9.016,107.34575
1.786,4.372766
9.743,0.58055854
0.22,13.874173
0.093,0.50192404
99.833,587.53894
10.024000000000001,117.71073
32.17,516.56525
629.61,303.31668
40.33,117.03591
26.54,690.9553
9.244,0.08441569
120.03,3.66604
9.873,0.88190013
7.7170000000000005,35.73908
20.063,111.252464
9.38,2.7340868
10.103,0.10682397
9.843,30.431286
20.83,200.60162
0.11,2.0328836
0.233,0.065653265
0.22,0.11372024
40.117,0.1892731
9.423000000000002,14.209452
10.787,0.010374902
0.11,0.2844014
10.15,1.0014948
10.76,7.483397
19.812999999999995,0.04559082
0.0,0.17465791
48.95,426.4963
18.547,127.965485
950.293,791.36896
19.64,0.2703685
189.33,690.9309
0.097,5.364333
19.45,0.28806406
29.67,6.531511
0.013,2.6214437
310.18000000000006,663.8591
0.12299999999999998,0.48690778
30.477,15.531911
9.079999999999998,114.153
9.137,1.4698167
29.647000000000002,70.18424
19.846,0.047626056
10.147,24.13693
90.007,291.95697
2066.31,1736.4779
20.156,0.044656906
3424.797,299.16412
0.173,31.609232
9.873,29.988926
0.594,73.65752
30.077,19.412912
1259.803,64.971695
9.707,49.23933
31.1,23.27703
100.57300000000001,104.04781
60.167,1156.3226
253.683,0.06796936
0.013,31.320997
20.703,64.49422
18.507,193.31487
38.597,93.95798
0.5,0.029178306
50.047,254.3646
7.424,46.858833
0.75,33.80389
439.646,742.38837
0.14399999999999996,1.993034
9.493,47.404453
12.156,15.369983
2.937,6.5753207
0.14,0.20037545
9.807,51.972313
10.876,0.0787582
10.034,18.252716
9.866,1.3486288
6.194,33.38227
0.563,32.12795
30.813,16.699953
38.95,46.827072
9.777,316.8071
0.063,139.63762
30.57,0.54690933
30.007,24.008057
90.15000000000002,431.6826
39.45,5.0217714
49.84,0.27887216
19.837,5.642412
0.046,122.17497
0.344,3.3898957
8.863,1.590343
9.293,32.198895
0.237,1.3658338
0.597,186.96947
20.0,14.357357
0.53,500.56036
18.61,399.1567
239.83,159.39532
20.053,8.935221
0.424,1.2375706
10.73,1.3138485
60.14000000000001,0.132329
29.9,59.40182
9.976,3.192558
9.51,0.052102514
0.07999999999999999,0.020216824
0.517,31.319311
0.11,37.002296
20.843,128.95221
112.88,49.415516
0.33,0.006150192
0.047,429.2177
0.0,32.978207
20.524,45.53959
649.137,250.53558
0.11,55.73814
11.089999999999998,19.688934
50.18,0.37708688
0.047,10.831217
0.077,15.85161
1.11,20.67377
8.5,191.34071
0.2,8.64633
19.437,56.327976
0.393,1.5741452
99.763,1035.7476
0.25,0.001983926
0.453,0.31164545
0.263,104.41579
9.4,69.25318
170.297,114.79366
39.596,65.89199
99.746,101.736115
10.204,108.87393
70.283,39.273945
0.704,2.0415754
9.603,51.450077
20.414,119.70367
10.034,47.47172
150.117,545.14667
0.017,39.135483
19.996,324.29858
72.196,102.543144
11.399999999999999,83.82756
20.863,4.825205
20.44,362.00797
170.25,10.498494
10.143,4.154408
40.52,83.64027
20.463,291.66913
0.203,24.518152
20.026,44.472958
60.173,238.61034
0.5,0.35505408
209.79000000000002,1281.9105
49.624,861.77814
50.82,13.786563
19.693,50.270676
0.14,2.350327
9.703,41.58016
20.83,16.516438
159.507,10.258144
10.02,50.058342
9.96,0.1786498
0.05,0.034255035
9.99,0.017700842
0.61,81.224365
0.253,246.56668
9.857,52.94448
9.677,0.033909075
0.457,92.43886
30.193,26.211546
19.897,60.174103
0.017,43.375534
40.043,117.79507
0.267,2.0637434
10.54,0.0062692924
9.577,4.7897973
10.117,1.671722
10.457,25.277908
0.703,24.780684
9.747000000000002,2.712312
0.344,14.743475
30.817,35.96192
9.467,0.91478974
19.94,109.77743
9.813000000000002,17.443893
170.094,8.652457
0.14,31.067757
0.017,8.214277
0.236,20.990486
0.66,0.14230007
9.367,14.971056
10.716,46.435436
9.737,0.4417073
20.84,55.31509
19.936,767.10803
11.403,35.646873
20.29,1291.6272
39.693,965.15247
9.797,88.32324
9.14,0.18612473
10.06,581.4942
23.814,32.711514
10.133,1.5010263
0.126,27.907557
20.12,456.7094
0.36,10.436074
0.97,22.54347
0.11,14.829519
10.15,2.0200288
9.15,41.384518
1.07,0.076393716
0.5,2.3071883
20.084,155.15741
0.734,104.427536
0.153,0.51038367
0.083,151.49568
0.173,1.2009417
40.89,18.88103
59.57,0.043075666
110.517,730.7884
20.14,61.528576
3542.027,1334.351
20.87,96.54166
9.997,1.9211894
950.557,2400.745
89.88600000000001,203.46378
10.07,25.083069
494.536,218.93132
40.266,124.77018
0.016,16.46684
19.26,96.670746
49.593,25.804014
0.346,393.77936
9.91,48.161884
10.447,31.57221
0.22,0.06605766
40.203,3.538723
0.03,7.092077
61.223,34.783043
110.02,539.6134
49.043,1436.2101
1.016,1.8559092
10.03,147.12401
0.894,0.0014187053
19.687,444.63852
9.604,2.5227516
40.51,0.005071353
14.44,16.699118
2380.397,3117.303
9.637,0.4927793
20.61,57.391815
10.92,17.621134
9.61,8.431426
20.037,1.3149703
0.14399999999999996,84.15312
9.807,23.107027
17.393,88.947914
1379.557,761.2485
257.387,531.4772
9.697,0.031218253
30.76,38.62463
60.213,91.22024
18.813,6.5377107
60.314,166.83023
1.14,247.7106
0.25,58.80808
20.282999999999998,36.987408
29.05,60.31187
8.91,0.049601104
29.294,4.972075
9.793,42.63335
19.553,88.455414
10.983,55.643993
70.597,71.29584
9.837,22.636856
18.75,32.900703
0.013,7.6050673
20.024,18.77129
0.38,47.04412
0.093,5.753839
11.786,39.307796
15.41,84.47197
9.987,119.26337
9.253,0.0040687877
20.19,5.895676
11.84,0.62340444
9.963000000000001,1.5045186
0.07999999999999999,3.6272333
19.75,4.556533
8.483,14.815057
0.314,43.353565
129.72,11.612024
0.203,4.9276614
0.156,16.447906
12.563,44.79798
480.377,473.84882
51.263,26.736439
280.054,1955.5736
19.079999999999995,0.037096772
8.72,83.45588
9.44,66.08747
0.547,0.14165477
9.92,12.287976
0.44,149.07666
7330.27,1539.7985
12.003,102.276024
9.074,74.048706
0.157,109.93452
320.17,536.11945
70.37,20.89226
0.03,54.607872
22.394,516.0794
8.254,179.5998
0.11,0.58653206
0.267,29.831772
9.65,19.13033
30.703,1333.9365
110.15,166.88841
8.88,147.08673
120.046,737.6143
1.817,0.2948323
0.75,110.62745
11.114,0.06762506
0.11,143.03752
130.694,399.50305
17.36,155.49036
30.27,24.36401
20.003,1002.15643
9.873,0.6088434
0.517,0.007825137
9.652999999999999,133.35527
30.059999999999995,12.865671
682.11,1205.9613
8.996,88.22957
9.886,27.630445
1830.933,735.8485
0.58,0.0848246
0.704,36.039814
49.75,0.17106245
10.19,39.212574
0.077,0.03799943
10.17,78.87452
60.486,51.36794
19.52,0.36700925
1.39,0.000743799
8.853,0.15206787
9.453,0.08512534
0.283,0.31977147
9.366,28.727306
19.713,5.8290124
10.563,103.80955
10.616,0.4331818
19.096,43.09438
10.2,12.662802
0.153,52.73355
10.192999999999998,625.0374
189.56,76.589226
350.267,180.17764
5.137,30.545692
38.14,114.08112
19.763,731.33307
31.647,60.825306
80.274,105.56893
116.64,268.78372
39.70300000000001,48.621452
19.93,369.67908
21.273,97.50311
190.34,109.654236
0.437,0.20037545
0.22,1.0315568
10.793,1913.362
20.217000000000002,48.4619
0.06,34.457996
290.08,15.179248
8.45,136.03755
0.127,1.4465432
0.217,768.10504
9.469999999999999,0.6640333
9.563,22.41554
331.41700000000003,1040.2411
9.993,51.162617
22.893,1385.5471
1009.153,561.9688
9.737,22.826017
8.973,22.42458
0.11,112.80482
9.71,0.30702406
0.83,60.50105
571.373,2214.5789
10.67,492.26157
39.893,59.26045
0.536,0.50350803
8.896999999999998,14.311682
90.007,159.32239
61.603,489.46777
0.28,76.90828
80.087,0.5823524
11.996,1.6757827
9.963000000000001,25.04289
10.320000000000002,5.1331515
9.234,7.73901
40.373,536.9407
1440.677,268.6689
69.684,46.271893
30.127,104.05504
0.17,79.97161
19.727,56.39603
20.61,27.673372
60.6,62.870678
19.906999999999996,57.143715
30.09,214.001
10.707,1.499517
59.813,112.08049
19.443,452.86935
160.55,1378.3745
2561.897,781.32635
0.873,61.806866
0.33,34.017532
9.703,12.118164
20.284,55.18535
234.33,372.0654
40.064,28.58588
1510.2,232.23872
62.703,201.31358
0.077,1.2681373
20.133,77.57502
9.173,0.3466835
19.27,0.008287021
9.547,4.8761435
10.226,0.051998217
49.726,1584.384
0.034,2.2516859
9.703,41.00525
11.04,164.1843
1.053,16.763567
40.057,158.07782
10.437,17.760624
19.906999999999996,679.2182
10.273000000000001,216.65173
1099.993,13.087419
11.226,350.19275
20.194,170.62907
19.783,29.94846
99.9,0.98568374
69.604,355.53537
0.42,7.8848376
10.27,15.069409
50.89699999999999,48.947586
9.57,1.314712
9.89,68.4187
7.383,8.397122
399.39,566.28424
194.134,255.19055
2.287,0.18627033
2579.137,244.73047
10.56,0.19421612
0.106,10.039955
0.014,25.75925
10.846000000000002,20.67375
0.03,49.560425
29.994,1017.16797
8.34,29.710907
10.14,0.05148072
60.79,73.383934
40.843,302.8176
19.62,176.11311
0.03,44.416344
510.89,406.69778
0.204,43.8478
149.07,258.3791
70.14300000000001,304.95856
20.033,51.086338
0.017,18.540018
0.267,3.1565013
0.186,1.2375706
19.794,38.632053
0.72,2.5806034
0.033,1.3138208
18.294,64.80905
28.607,217.30377
2544.397,286.18777
28.217,50.270527
0.157,0.03206649
10.253,137.24791
10.317,0.097327076
609.6,2223.3508
20.66,186.71883
9.217,0.4976986
20.077000000000005,189.6415
9.737,0.006041852
70.81699999999998,135.22725
1.217,45.94833
0.8440000000000001,20.206736
19.58,149.31932
19.973000000000003,230.91107
9.72,39.101643
21.134,26.022097
0.814,54.45586
4.347,0.03257777
9.8,307.2723
0.114,96.26909
0.36,205.21638
0.39,16.021833
19.93,1.2567606
11777.333,3911.9363
50.23,16.034084
9.983,70.67235
9.032999999999998,0.543067
20.790000000000003,0.23734686
10.737,105.973885
19.304,101.82473
1.14,28.575668
35.88,89.31123
2.08,124.747154
9.307,0.64658856
20.09,120.14964
17.586999999999996,143.69449
7.857,1.1630394
159.857,602.12665
199.91,525.55963
5.46,23.784698
10.473,21.183672
9.373,77.867386
9.92,0.18762171
41.097,39.83268
119.017,91.08559
70.117,72.41827
0.373,10.323535
9.596,3.5154681
0.064,52.329388
10.51,3.3647947
8.737,30.528349
0.327,0.02158678
8.8,4.910452
0.03,0.35635158
8.967,118.41711
10.134,25.924488
0.88,0.4726688
0.077,18.776146
40.01,0.07560637
18.6,102.1501
9.823,0.22105876
0.587,0.42304236
0.157,2.2076843
9.607,0.012049645
20.483,80.17677
79.78000000000002,14.9534645
99.164,190.0183
0.627,13.861388
10.587,28.415976
0.407,0.1451377
10.096,6.888097
0.78,18.328302
9.607,0.030159215
29.82,12.466782
0.33,0.021800654
29.317,12.421327
20.014,319.069
19.794,0.21676387
0.296,0.4806582
19.856,0.39729354
159.567,256.76218
0.22,12.086437
50.693,4.79003
9.77,66.244865
0.046,0.16499469
9.907,22.63432
10.623,0.118480705
19.337,45.623753
19.516,13.197889
0.47,0.38659173
20.103999999999996,19.173824
103.513,303.02057
9467.766,1727.7101
1.593,0.101077594
10.3,18.725014
1099.206,2544.3647
0.296,37.903107
0.237,1.3168315
8.54,1.4036541
9.623,123.20456
9.527,11.010976
59.417,0.15502837
0.906,211.78961
20.55,109.52827
0.233,0.00854672
0.867,100.694725
0.284,0.6405322
20.087,0.72205853
770.15,684.00366
19.804,694.85913
20.05,21.42715
9.87,2.3942726
0.5,1.5239929
10.083,7.17557
0.077,0.030372603
10.27,122.17409
20.853,133.651
0.046,1.9543438
11.72,81.75404
0.457,2.4584394
0.07999999999999999,0.08354178
0.407,2.0200288
8.877,32.12795
9.929999999999998,66.40282
100.063,28.514944
1134.12,374.60785
10.21,0.006631335
9.77,110.50728
0.11,18.480425
9.567,0.012218546
0.186,60.539104
9.913,65.81848
11.203,15.692604
119.533,60.08171
710.147,137.00557
0.203,0.027277905
0.013,0.16435283
9.666999999999998,95.9483
9.884,48.358337
1.047,134.80426
19.046,36.542255
268.697,372.57858
0.784,94.049225
9.68,0.10494899
19.02,31.635931
18.42,157.10677
0.516,0.007213352
0.05,1.3385108
30.034,32.86115
8.53,114.86833
0.013,29.041819
0.016,0.15766175
0.204,3.4529207
11.014,900.84247
9.983,22.383127
18.847,11.129781
10.0,0.011207279
0.094,1.7867656
9.347,2.5017996
9.027,42.640945
20.23,16.18138
29.98,79.74938
9.15,48.06508
0.093,169.01837
0.45400000000000007,0.579501
9.197,49.572742
50.344,0.49679613
31.897,1.6321048
40.303000000000004,2306.9868
21.337,33.08425
9.539999999999997,2.4006922
10.004,8.9648905
0.487,51.541767
0.107,35.66807
129.68,111.21207
9.817,54.581593
10.779999999999998,72.545685
36.307,27.758644
0.186,0.20714335
4.307,128.132
9.793,645.1447
9.423000000000002,0.22263432
21.77,135.06958
9.954,19.16667
90.106,14.609589
20.357,0.004467488
70.003,8.099425
50.253,462.29413
10.436,1.5620402
18.744,91.57715
568.38,68.68956
10.77,6.574781
8.133,27.252121
1.346,44.874596
330.023,405.15353
30.527,1.6954899
9.577,100.76258
0.203,2.5887399
50.014,14.318441
20.004,1.7917924
20.2,6.097154
119.536,43.419846
0.25,19.319048
8.143,1.0207756
19.913,24.517649
10.95,2.0130963
9.05,1.0691154
0.093,1.183791
189.643,1.006103
40.824,175.9885
9.67,1.9368793
19.48,1.7566801
0.016,14.074381
40.27,455.13678
109.287,195.42807
29.253000000000004,117.021225
0.0,33.558815
0.077,0.67774624
0.127,0.07999136
40.08,44.26205
10.167,141.3718
0.203,0.022513302
26.83,74.689705
1.173,4.206721
0.6399999999999999,7.272969
91.373,246.84985
9.437000000000001,0.033403262
43.45,76.35358
10.373,5.303034
19.056,22.223942
27.866,304.58075
8.43,376.6505
665.52,1427.018
40.146,48.4619
10.383,128.82349
200.2,142.81754
269.374,392.53104
19.94,160.57884
18.61,0.012103833
10.817,70.97511
31.317,27.413359
330.887,305.81137
40.243,26.288883
0.86,19.719746
0.547,12.25012
9.84,17.374826
20.503,0.1391796
0.22,1.0432045
798.04,208.63536
14.773,237.07999
9.97,23.167215
28.735999999999997,96.66972
9.37,3.679068
60.31,465.59964
10.797,8.178976
119.22,32.160965
0.186,76.79634
0.263,9.998222
10.77,10.752343
9.51,1.6720744
434.8999999999999,243.04063
40.52,19.390831
9.88,15.442261
10.09,28.409304
690.154,595.07623
0.093,0.33205324
0.6129999999999999,16.48487
12.98,375.1986
409.97,104.31436
0.217,0.11781998
11.9,60.401222
0.457,18.648476
8.797,14.815057
29.98,1.5058149
80.316,141.65697
20.26,13.87655
41.17,0.37909174
19.836,125.46521
55.4,1470.0385
50.33,31.521982
0.653,66.61149
0.046,0.017700842
9.5,24.27094
0.437,0.13606201
0.03,72.43036
0.25,0.2745148
159.153,465.6049
20.663,17.299973
0.19,0.12391593
8.79,159.28397
9.197,0.83489645
20.457,16.66597
21.087,249.77422
9.126,0.17609492
30.55,459.2204
0.72,340.13336
10.1,32.659725
0.153,43.768288
20.133,206.60324
9.083,9.491111
0.733,8.548735
8.513,2.237885
0.596,14.572909
0.42,4.4974766
60.093,117.29792
0.047,2.055704
0.314,3.6354568
20.227000000000004,0.028556887
0.703,0.09205083
0.0,2.16516
21.246,136.66827
333.48,1370.6954
10.013,11.2209635
19.233,26.86839
0.157,134.68994
9.024,1.6093482
9.81,22.54347
30.64,72.12302
9.676,0.03190847
199.417,827.4004
260.18,131.36679
0.033,73.52656
21.95,2.724919
10.017,189.93631
219.566,333.85782
200.22,131.24527
38.66,8.894304
0.217,39.586987
39.687,0.007762347
19.737,23.94595
10.353,6.4004593
10.05,26.929396
0.11,13.439889
10.657,11.356751
19.606,11.133135
0.03,2.6266363
10.143,21.163572
10.107,40.409508
40.01,150.26828
1.483,13.053739
0.0,34.636265
0.14,9.8725815
0.28,3.908248
0.046,48.065147
28.31,0.49274117
1410.747,1588.5508
39.67,0.2840504
10.194,0.15605244
129.503,711.16705
531.28,29.69616
0.203,0.1294831
0.17,0.8657467
907.016,1113.1753
0.814,0.13726865
0.14,0.16435283
19.250000000000004,93.28086
30.356,57.220314
19.239999999999995,0.06830264
0.077,8.4942255
9.203,110.104126
8.637,0.7498147
419.917,503.135
8.707,0.70479596
70.4,174.77168
9.824,26.0157
0.07999999999999999,0.3398776
79.847,15.758706
0.033,1.5021318
11.053,96.96078
11.073,88.38816
18.83,12.264691
10.947,68.4187
8.37,0.016320886
0.0,19.302467
1.63,0.49279192
0.907,0.70479655
0.12299999999999998,21.119524
19.793,0.07340332
709.867,225.20259
19.717,0.83864295
19.57,51.086338
0.14,57.10045
1.11,164.54634
0.157,1.5017608
10.227,3.7771778
8.873,22.243261
0.047,1.8117784
50.623,1.5584662
230.4,31.666708
98.837,8.281688
0.013,3.856409
30.113,47.466213
0.063,0.16010863
49.82,98.68149
20.347,41.485046
21.04,19.062582
0.6770000000000002,0.11781998
0.75,42.14085
0.11,3.5791476
11.577,45.579338
0.766,17.335852
20.54,12.669948
8.963,0.002989169
18.847,9.8725815
20.89,160.49796
0.094,2.0761237
18.847,0.45888424
11.117,110.10402
200.157,14.736286
0.14,1.3385108
0.296,594.74335
100.553,115.533424
69.1,474.44376
149.6,40.418987
0.077,132.58675
70.127,5234.0933
0.367,39.366737
11.013,15.685343
0.046,2.629807
0.14399999999999996,0.506003
20.286,97.55352
25.817,0.06655467
219.85,102.458435
10.73,25.252209
0.233,0.097826235
0.314,16.25509
119.753,315.1093
9.223,3.5773873
9.15,1.4453821
18.203,87.255295
10.46,344.14056
9.83,3.5157492
19.733,0.13723278
100.43,600.1808
60.243,832.213
0.094,22.573793
779.566,407.97748
9.103,0.30900624
49.9,30.02471
20.804,16.823612
0.017,0.79815584
8.767,198.07674
41.55,0.4467887
9.366,171.65894
9.91,127.965485
10.383,120.20577
19.083,0.120615155
20.183,0.23391107
109.03,235.21576
19.323,242.05818
10.763,3.8158274
10.473,19.579487
9.767,2.3098307
0.314,0.18188477
8.656,2.1847138
109.05,23.45716
0.07599999999999998,23.383862
19.383,455.42108
98.753,49.226013
59.58,48.7713
10.697,500.26535
8.423,0.33205324
9.897,3.9680429
493.973,1198.1118
0.094,2.988951
49.823,101.197014
19.883,57.27421
36.423,36.65254
0.267,13.406332
9.893,26.976425
40.15,524.66974
19.693,14.71606
0.283,26.507359
652.234,666.26843
19.923,35.043552
140.347,124.75754
9.633,43.219273
2587.844,2503.8452
0.487,0.45386046
0.237,13.800246
0.233,0.11066444
21.052999999999997,172.99277
10.093,25.446241
1551.11,464.87823
0.06,0.012049645
9.63,2.0328836
20.203,102.99013
9.8,335.19257
9.61,2.2346244
39.957,911.1479
31.094000000000005,39.87338
59.606,8.112409
9.634,122.17427
71.603,141.78741
1230.094,573.83606
0.077,2.288122
30.070000000000004,272.97302
92.836,433.63452
0.407,0.51660913
0.047,44.897854
20.167,539.944
9.303,0.999944
2023.234,2779.0928
40.11,0.79253536
108.19,458.67838
159.0,100.30597
39.456999999999994,69.52217
8.617,1.0014948
28.86,87.81904
0.093,87.63876
1.25,6.017749
10.23,2.6365259
18.51,71.40425
9.963000000000001,2.1736212
0.097,1.7257084
9.217,0.0038226591
0.204,0.13723278
10.097,15.802215
10.223,0.09668227
17.827,94.53009
30.41,131.24527
29.734,0.054264754
9.577,7.694107
42.666,123.72448
10.213,8.776395
0.047,0.60574377
0.6399999999999999,1.5045186
30.8,541.9327
40.617,134.34288
0.174,22.826017
0.157,0.1279486
40.493,171.2254
9.929999999999998,33.641083
9.41,401.85846
20.727,71.155975
9.714,299.8497
1587.79,172.0376
109.464,17.369421
0.78,32.669327
10.08,162.21391
0.113,2.391292
59.893,101.40938
0.687,84.081406
10.417,0.010350699
19.84,0.017906692
0.07999999999999999,18.016037
0.546,0.45901328
20.306,66.33178
39.06,0.53325796
9.9,17.28854
79.71,27.1937
30.876999999999995,0.0055877566
9.447,2.057349
90.737,1104.8086
29.966,78.005806
9.693,0.59912425
131.767,1480.544
21.373000000000005,165.83485
68.93,0.069351
17.16,17.587572
9.393,1.4372547
5.33,7.2443976
20.163,197.20122
19.597,8.784741
1.75,1.1997166
8.88,0.006514464
440.683,0.19086151
9.477,0.0048856856
29.920000000000005,0.1457801
68.256,59.208366
29.936,0.5496271
14.1,0.012103454
0.047,39.879227
3705.59,3223.2876
0.17,60.727573
9.746,15.303207
0.153,24.95824
319.943,3802.5974
10.213,41.978245
44.534,7.5789433
310.037,536.7354
0.07999999999999999,5.3689747
11.37,27.06152
6115.697,348.11224
10.48,0.114287764
0.437,0.137958
0.283,16.70395
8.463,0.33495194
351.09,552.77606
17.563,15.207535
10.597000000000001,3.29876
0.077,0.18227738
0.07999999999999999,2.0063307
0.017,24.487852
9.85,106.75565
9.732999999999999,1.924749
19.887,48.8758
9.943,23.38269
0.016,0.034255035
9.953,8.040004
10.054,340.43954
289.16,747.814
50.017,341.76495
0.204,0.0025371164
19.547,937.41
69.683,425.41846
9.86,39.480095
129.33,321.43826
10.54,356.61874
10.807,113.12016
0.83,31.576391
154.994,312.37393
0.22,157.29704
0.03,0.887223
59.75,21.577347
50.06,20.981289
9.844,99.76064
31.14,17.234095
38.814,130.07639
9.56,0.33468977
40.117,208.63817
0.11,0.6088434
8.813,32.1846
30.413,1.3793774
17.59,12.846392
49.713,12.842644
195.896,358.71973
191.16,1.8722634
0.58,0.6121264
229.863,41.2931
1.924,1.3658348
209.863,30.535025
30.337,0.97979814
19.804,13.748633
379.01,185.49132
7.763,12.834848
9.747000000000002,238.84618
0.423,6.922116
9.34,0.22118421
18.894,35.038586
9.41,68.624664
19.603,21.23993
9.517,18.668875
2454.186,2598.505
0.047,0.16493316
10.07,2.3399932
11.177,10.142999
10.716,0.14681658
260.256,335.10797
0.09,45.37852
20.507,1158.4813
79.983,60.10548
39.916,12.380634
10.1,84.79829
290.86,75.53515
49.84,1.3663235
0.14399999999999996,55.964684
0.0,0.10901838
21.653,15.55713
0.03,29.942154
19.68,150.74673
409.873,113.65112
0.203,47.27881
0.013,0.012683174
190.38,62.71646
18.923,115.43589
30.47,9.127579
0.14,26.15831
9.46,0.76053363
2860.116,1299.872
9.947,92.46092
9.717,0.0011474662
20.29,60.714508
0.157,0.12821573
0.106,9.7735615
40.25,66.67289
48.853,34.624367
12.04,120.09204
69.62,125.7659
0.077,28.256262
189.774,365.04117
5.13,0.32956848
10.156,40.089016
0.593,29.95314
9.354,2.6889899
9.323,1.7277588
19.733,186.35991
10.25,7.133467
18.95,0.33499953
19.33,101.900955
18.654,380.57733
0.03,12.88077
0.093,14.971056
9.44,62.400066
0.143,13.874226
19.927,28.633171
9.976999999999999,19.380205
21.137,172.12111
9.52,0.70797604
0.25,5.315579
2.406,21.233004
0.267,11.631956
0.187,28.352562
5929.466,1586.9622
19.92,14.8719635
0.296,0.00093111646
0.03,7.0100164
20.626,179.65654
0.07999999999999999,56.004562
49.863,56.22909
1.206,0.10115878
8.524,1.3578831
10.053,22.84596
761.023,154.55586
10.656,85.073235
1130.15,523.1993
190.7,489.01126
9.215999999999998,0.14696085
110.41699999999999,143.06752
219.89,29.298798
9.337,0.17915942
69.207,128.91862
116.553,63.2206
1130.07,3915.8213
0.173,88.43476
9.797,4.1191306
10.074,15.642728
19.943,0.039446633
123.714,866.1564
10.010000000000002,0.29694325
10.11,72.9822
9.77,22.508926
0.5,1.0243019
30.497,98.63706
20.667,1.0207756
9.12,19.458235
60.426,4.966129
20.593000000000004,60.401222
0.47,185.05902
20.023,173.85667
9.036,265.26373
0.267,0.004503768
0.063,0.14886631
11.293,22.752922
9.643,49.038902
8.99,11.467235
49.803,214.80855
10.247,2.1000342
8.943,6.80783
0.017,1.8789368
1.0,22.54961
12.35,79.65981
19.78,1.2700328
0.047,1.780423
9.983,0.5195365
1.41,18.777586
1.013,33.153595
10.014,97.02736
11.094,0.55597436
5.007,28.743008
29.4,42.70311
6047.73,1645.8976
30.19,102.11819
18.99,0.32679865
0.53,50.539852
0.33,1.3387517
8.943,22.529184
0.03,0.12547265
1829.7,1602.847
110.127,736.1432
0.5759999999999998,2.4584444
9.644,0.14194903
0.263,5.496161
19.97,149.38425
20.267,0.6930155
10.313,71.77746
0.03,1.499517
0.11,40.251095
0.046,60.714508
1.65,0.65850097
7505.845999999999,4492.1475
9.596,30.556608
0.017,0.115512945
0.267,129.6518
9.513,16.409014
20.137,123.4227
59.994,49.54018
0.05,41.102295
40.35,180.25494
9.803,34.79449
19.017,73.028366
0.28,18.476137
139.13,9.571077
9.517,96.63314
0.597,210.08968
9.929999999999998,1.7800696
9.073,28.94857
8.547,80.647545
0.99,98.8367
0.047,3.0148628
9.9,0.021370595
10.08,0.56814677
0.8,110.01016
0.077,11.317203
10.699999999999998,0.11547262
19.854,34.344276
928.5759999999999,468.7096
19.03,1.672717
21.033,51.582054
0.064,50.794437
18.196,174.53336
0.236,27.555695
0.607,70.261345
101.09,51.479618
130.307,113.548485
20.067000000000004,96.3089
18.747,0.012887415
0.016,0.6704294
50.153,127.74006
0.457,21.317245
9.619999999999997,0.006848104
10.643,24.559357
60.623,0.024651056
8.923,74.2406
0.453,116.47246
9.707,14.660653
71.703,94.00061
49.103,27.84874
9.797,0.037346818
18.937,86.85577
60.08,10.541652
30.116,2.691068
48.492999999999995,1.568574
19.83,0.78200585
9.654,26.512356
1059.057,81.15043
69.92,18.164358
30.097,69.84898
19.864,0.23014897
10.743,71.5642
0.44,0.16642104
0.327,2.3942726
21.433,104.556305
389.827,36.69562
20.927,4.7406197
19.844,38.069294
380.287,406.68033
0.3,26.022097
209.2,102.87909
0.06,28.528885
0.143,69.52141
0.423,1.2340034
18.023,346.18637
0.124,29.146227
0.453,26.121887
19.517,66.61154
19.726,3.2423837
50.513,2.5231948
10.297,6.0316267
28.976,0.5455325
430.96,602.70154
41.176,52.569096
39.43,203.41257
1129.687,558.2241
20.563,112.460526
9.417,2.347279
70.04,102.86025
7.997,34.026432
10.204,140.89047
9.773,89.09006
9.333,5.0468435
59.853,60.19937
5.863,0.7952952
110.13,545.6468
189.864,160.49947
0.12299999999999998,4.808417
50.123,618.4513
10.14,38.703533
78.04,726.97485
0.437,0.040673647
9.427,0.60574377
6.803,8.630401
0.813,415.059
19.35,31.862904
20.336,113.86903
9.027,0.66297096
9.25,73.39637
0.14,10.4631
30.17,166.55698
10.186,23.285421
9.84,87.186134
0.377,2.446974
180.164,159.10132
39.93,1.8763262
9.6,19.216204
0.36,77.78651
10.184,50.531868
0.723,126.845665
9.096,3.428798
0.316,79.92212
18.84,1325.5409
9.63,30.70691
0.0,25.211918
19.95,88.494225
19.033,0.0034268314
9.732999999999999,1357.6359
160.373,26.896389
62.24,947.2209
3329.346,1377.33
10.264,1.6288596
0.22,0.016854404
9.744,7.133569
59.93,0.2375217
251.873,552.34344
19.133,28.937357
3.95,566.3609
9.143,25.994595
17.744,15.577699
120.993,122.54808
0.817,9.538982
18.983,243.24791
9.417,0.028768187
0.22,0.011457297
30.297,57.552334
0.207,1.9609935
239.677,205.422
10.066,0.9416887
10.82,28.982685
20.17,119.2499
9.414,6.0017886
8.747,2.259242
49.824,65.43076
120.057,5.1744604
19.04,133.53783
9.184,602.2833
8.333,208.28111
10.25,1.8994149
4.533,271.9012
9.123,211.30405
9.633,1.2569115
7.054,2.8009129
0.127,58.171013
18.754,27.112734
249.997,54.720028
20.263,225.78221
18.907,48.72236
30.427000000000003,26.641916
80.867,28.834772
47.07,0.48824787
0.593,0.0047567864
229.34,490.90573
8.993,37.00231
2.22,96.88036
0.046,29.494484
0.203,0.0026074033
0.157,0.01834946
10.44,77.12752
9.853,99.49657
1.047,168.64883
28.903,27.062202
0.263,1.2945288
0.39,41.967857
31.296,149.2365
0.28,0.06277113
9.22,65.54189
219.997,577.1396
10.063,0.024233954
0.41,3.2326243
9.697,5.166124
1.61,138.41333
9.92,38.25132
19.034,12.839284
9.87,199.91058
10.239999999999998,189.6415
0.094,46.510773
12.27,0.07430554
9.953,19.438538
19.583,0.11937388
10.607,37.787083
171.906,133.2266
39.673,540.8618
9.114,637.4868
160.207,381.02264
0.077,8.741578
0.487,8.397122
9.57,0.34702253
0.157,18.521893
9.145999999999999,56.138004
0.093,108.07204
281.114,568.9097
9.98,1.6199926
10.004,7.5191445
0.14,3.0470114
9.827000000000002,2.292407
9.26,1.8164512
20.286,14.276429
9.673,0.7206097
19.407,16.781889
25.017,1140.1665
9.700000000000001,90.69221
1.17,27.252121
11.366,40.39764
49.42,0.10956371
190.55,938.65295
0.064,1.9416558
0.03,4.9448185
0.263,76.70834
9.937,1.7806419
9.627,54.257076
429.587,483.29507
21.06,2.5820925
9.21,6.513805
0.22,20.377928
29.057,293.75854
0.0,2.0644813
130.713,69.91255
0.487,0.0017784949
0.907,1.8559092
0.07999999999999999,0.09917005
9.557,0.34406635
248.143,409.7907
0.07999999999999999,335.19257
109.176,10.622057
9.737,74.26523
9.76,1.2191215
180.46699999999998,6.907637
69.957,475.95624
0.156,0.013202634
68.853,2.854651
7.676999999999999,29.351284
20.517,476.62082
29.937,373.63275
30.217,222.36938
0.046,10.112468
0.07999999999999999,0.0059187347
250.296,251.56174
0.013,23.638483
8.404,117.74783
60.51,901.2529
20.116,18.520956
0.047,11.76031
0.5,17.68564
9.673,2.1424072
29.327,0.4088683
21.264,128.42918
0.047,35.970814
9.35,1.2160178
49.533,374.99615
7.697,32.87404
1.217,66.08747
40.023,85.270546
41.19,14.9534645
19.98,53.837
20.113999999999997,319.66663
60.440000000000005,0.09624558
10.616,33.44604
10.053,2.8490734
9.373,34.101562
0.07999999999999999,7.623668
0.174,7.175119
0.53,42.410976
10.21,5.48447
0.217,2.6266363
9.49,0.19762032
120.006,7.3591595
1.487,1.3138208
0.47,87.311386
4251.956,348.63104
0.12299999999999998,0.3772099
9.27,58.791145
1.584,79.144005
9.38,0.12494654
1.923,72.871056
9.88,0.44621304
0.127,5.110422
0.11,0.38659173
9.656,116.944885
90.01,23.096489
9.107,34.017548
19.43,156.17567
18.9,37.38931
10.014,0.06762506
9.217,551.28107
19.136999999999997,466.40933
1.266,26.159182
25.3,258.85495
10.72,5.3681397
30.567,0.006963121
30.663,88.15771
20.086,0.55484986
0.046,0.31540594
630.544,1349.7827
69.96,16.569723
81.967,539.8922
0.36,20.67377
0.06,3.1077614
19.747,0.04095245
280.04,491.31818
0.924,38.461353
0.11,18.777586
0.157,92.91858
0.15999999999999998,152.39365
0.814,0.21110724
60.454,293.7612
942.2,1046.859
89.97,37.89926
10.186,170.95302
0.017,0.020442339
9.61,0.2938134
9.384,1.7634257
0.217,35.477985
1.593,30.443499
69.43,650.0484
59.95300000000001,20.935253
9.464,0.08207578
19.743,110.693985
0.423,1.3796117
19.58,16.968489
19.877,120.847046
10.0,10.464457
19.933,26.48068
9.477,5.232882
0.156,65.40573
0.483,46.785946
309.293,1742.8154
0.406,1.9549699
0.046,1.2340034
21.66,201.57928
19.81,321.43826
3.69,0.050561987
0.11,44.487778
40.127,177.83708
0.327,0.011094598
20.467,91.04305
0.203,0.5175742
0.77,0.050561987
19.767,30.061451
40.633,342.69656
0.12299999999999998,0.0009544707
0.377,143.63828
9.37,1.5382802
0.187,0.1999082
1.157,32.739468
0.487,16.699118
8.976,0.78127986
0.093,8.625226
10.629999999999999,42.640945
165.127,551.56433
30.19,60.0672
9.81,14.008082
0.15999999999999998,21.027885
59.703,82.96602
19.207,159.13779
51.073,408.79425
18.077,0.28742906
0.283,1.8432276
0.233,1.1405982
0.203,26.896389
0.047,34.593998
10.697,12.030165
49.663,443.94016
40.123,56.418636
10.036,44.3252
0.187,67.00417
50.25,167.5891
10.037,8.053853
100.653,48.473206
18.97,11.516129
19.0,21.598398
9.083,6.7457414
0.14,5.840211
2221.293,557.65216
10.136,36.375973
11.08,0.848882
9.11,2.8545637
7.627,27.824799
190.054,29.121614
60.093,96.57072
9.997,111.43512
19.465999999999998,50.01087
161.237,20.324833
69.454,0.43913686
8.76,72.63978
29.79,128.91862
9.374,0.5968153
0.047,2.5310967
440.007,373.25235
0.106,74.61977
10.126,1248.7341
0.9570000000000001,0.052978404
1140.177,2598.635
10.737,0.08629921
0.92,0.18659748
0.064,0.011430819
0.487,0.3258315
0.017,1.5379753
0.0,16.05917
10.14,9.398559
0.173,43.757782
0.12299999999999998,176.17128
19.337,57.86889
9.264,121.6658
39.89000000000001,75.76691
59.68,61.12901
10.773,21.548672
10.176,18.230583
11.063,57.57623
6603.653,462.84515
109.17,327.4049
20.023,0.95377606
0.093,22.84596
50.134,24.472292
9.394,396.53223
40.14,56.09948
0.157,24.385159
22.463,24.785685
0.22,37.550922
0.016,1.401196
10.04,415.90253
9.913,15.802215
0.06,77.66621
9.873,8.839842
31.043,188.0502
8.853,1.2421868
8.95,116.194916
0.03,453.68466
20.123,26.904696
8.9,0.06350608
48.607,0.021139575
210.02,71.313065
29.184,70.51071
0.267,0.020723166
19.76,497.1492
0.097,0.7942499
69.99,366.94754
9.523,0.215926
9.95,15.692604
20.244,30.481302
29.71,17.975952
70.017,43.707897
19.823000000000004,20.458504
8.947,17.804306
30.136,4.137941
29.983,593.7814
2.016,40.262547
9.563,0.22694719
0.12299999999999998,1.499517
9.17,0.36576948
21.13,0.012594738
10.124,0.007757233
0.047,39.327797
0.127,0.20592907
17.027,128.46104
30.19,49.151226
0.11,21.07381
19.463,13.997699
0.97,0.015804335
80.147,68.076096
3.967,172.65155
9.954,40.65823
10.38,963.43585
0.407,13.766986
0.393,28.62819
0.093,6.4568653
0.173,53.986618
20.800000000000004,192.05922
9.84,68.4187
65.633,457.8196
40.383,52.211956
0.013,0.053170037
10.104,0.053687464
28.453,28.938751
0.61,33.828796
0.31,0.4349369
0.41,11.010976
18.73,0.057950918
0.376,2.5006115
20.446,0.08083253
59.883,12.27233
0.093,1.0889748
0.17,25.328115
880.003,1832.0963
0.56,0.2028869
0.546,0.033353034
4530.993,2459.396
50.27,0.14193119
10.973000000000003,110.95496
0.36,1.2318565
10.17,314.0401
20.027,30.306643
0.343,62.158928
339.847,510.9414
11.013,97.20515
20.29,79.50914
716.673,833.66766
18.797,30.074642
9.68,14.794942
0.814,35.66807
0.36,0.0016873268
10.973000000000003,2.1330073
78.997,45.68583
0.296,0.004160246
20.706,59.5158
0.12299999999999998,0.48392704
9.703,0.07922518
0.906,0.026728198
0.03,0.215926
1.026,0.107209556
3.0,0.035534
69.694,822.0681
10.366999999999999,36.20402
0.05,10.034454
19.42,33.422867
0.157,2.0490904
248.317,563.5482
37.793,22.842247
0.217,11.255291
390.103,112.83749
4.98,4.5740943
39.86,62.7778
19.486,76.18484
8.86,17.103947
39.997,0.085852735
20.997000000000003,1.8232993
9.78,66.57221
10.55,0.14215602
38.986,3.5029798
9.077,3.0228026
10.68,2.3394885
500.00999999999993,3183.6216
0.05,29.113918
0.437,0.8388285
1045.29,602.7657
581.007,705.9961
0.86,276.1303
0.156,2.9087186
38.84,2.0918934
1.047,31.009676
10.82,105.0048
0.156,0.23426022
22.04,14.052965
90.07,6.040329
0.013,32.176563
15.563,40.73431
50.68,0.93467516
0.33,15.387391
19.5,104.427536
7.757,29.95314
0.314,17.432184
100.017,211.40115
19.37,0.68059427
10.892999999999999,33.794724
0.94,0.6997541
119.917,0.13975592
470.136,685.2502
8.1,119.22394
18.057000000000002,97.11473
9.5,19.923449
713.057,41.762863
0.203,0.50587994
79.09,87.64214
20.387,92.18439
2.86,197.38159
217.453,36.44621
260.9,19.783323
31.496,57.301037
61.233,0.0041485503
0.653,0.3456252
71.81,67.51102
0.394,1.7419766
276.447,367.92792
30.463,9.864284
9.877,26.809511
0.11,0.973645
74.633,572.80023
0.327,3.6828904
158.724,44.36788
249.673,202.07959
0.11,159.13779
0.83,223.36967
19.763,15.389183
19.834,6.1739144
0.593,7.3960543
10.64,374.50958
0.36,0.5205899
49.003,425.31705
0.077,42.90834
1.073,31.963282
19.603,25.905003
0.07999999999999999,15.720589
19.997,85.45478
20.257,90.17332
0.327,25.494135
130.557,174.14798
10.327,0.98236907
210.9,1420.2285
6.157,34.484108
9.726,0.475475
70.767,67.79416
1.064,35.073013
10.07,0.34277466
0.6399999999999999,0.16279711
40.28,101.906815
0.377,0.7089146
10.194,2.32629
60.05,4.3886237
0.033,12.021247
9.957,27.413004
9.82,43.581448
10.013,87.108246
41.046,39.379986
0.043,66.74176
0.06,1.4680682
10.056999999999999,1.1889832
21.296,0.039586104
0.674,44.272545
640.957,1434.0986
890.7570000000001,311.13583
59.31,190.7004
89.037,346.06955
169.893,141.58316
8.926,0.021110544
30.183,20.978157
0.016,9.23378
9.86,14.469574
29.67,268.78372
19.41,0.78911674
9.917,34.590076
1533.3,2198.4192
30.093,382.9791
9.513,104.73271
20.343,46.784138
10.037,154.83186
10.843,25.003296
160.127,40.75507
9.97,4.7661014
0.03,0.060020834
0.016,18.627867
0.596,25.130753
0.483,27.272121
26.843,99.95119
9.5,1.373472
9.56,0.39821306
9.953,0.9560609
0.943,25.595036
21.413,78.46828
70.167,158.88371
20.074,168.54321
291.197,7.216195
9.73,41.66484
110.46,3.2451608
449.926,257.08554
38.79,27.070265
7.77,44.6592
10.344,14.674928
9.786,0.17603382
62.444,2121.115
9.78,358.44058
70.09,11.222492
20.47,0.39314762
289.177,337.9382
370.03,173.79341
19.837,22.177961
0.657,0.22118463
20.027,133.49113
0.017,11.568312
0.19,81.27423
0.69,83.94856
10.627,142.6313
5.907,60.916378
169.326,64.604546
50.34,140.05072
0.69,0.26397476
307.443,464.58777
9.51,0.021110544
109.91000000000001,320.08545
20.57,347.40707
67.873,165.23781
18.746,2.0850227
10.16,148.38545
0.017,73.32206
19.984,1.2302412
151.23,462.43738
9.954,0.039586104
0.156,1.1000202
0.064,7.554881
0.81,81.27423
10.357,5.3147826
19.967,8.397864
19.367,106.15465
19.964,142.45868
139.663,35.301216
0.07599999999999998,1.9797286
20.31,48.862236
792.17,634.44684
18.75,21.001667
0.25,129.67216
1640.23,1430.7046
0.704,34.915524
20.036,0.058000628
9.633,126.00242
19.836,95.20943
0.517,3.0470114
0.12299999999999998,33.650784
9.38,0.025118202
29.376,0.80782056
0.42,33.422817
10.277,11.074731
19.647,839.7015
19.963,25.847752
13.61,0.004018992
9.92,47.68815
19.027,0.6311018
0.263,1.5194058
39.49,28.727306
11.044,25.680943
0.25,7.73901
0.019999999999999997,1.8324683
10.894,65.81848
1.19,26.179296
9.683,306.31604
0.047,0.0017296484
0.326,0.059707522
10.02,0.0012848731
1.397,23.92575
9.393,0.018561881
19.274,99.55336
8.763,0.030706339
10.003,4.894945
99.813,533.13544
0.3469999999999999,16.262857
700.87,330.03473
100.46,35.42773
49.784,9.284416
160.02,254.4101
9.327,10.9507265
99.67300000000002,178.35942
0.046,33.740997
0.936,79.10978
1.144,34.915707
400.463,1699.1719
89.73,462.10513
0.566,169.65648
0.923,74.19467
38.756,26.411524
20.0,0.33558178
40.266,3.9825985
9.56,76.241234
12.176,106.82134
27.754,17.573565
29.25,0.2021584
9.98,0.4337167
9.75,44.505424
91.29,116.99288
19.826,0.6704294
129.313,412.3895
0.07999999999999999,0.0059187347
40.11,59.955196
0.03,20.484291
19.894,47.10489
18.817,222.0395
76.783,13.427845
9.14,15.150437
11.594,25.308352
129.857,110.63939
19.147,81.15834
9.707,0.7089146
38.92,36.02191
0.127,0.0066528916
90.31700000000001,1589.6632
9.133,23.285421
18.857,16.781889
19.61,453.87357
11.784,57.867874
0.064,0.9522665
8.504,0.0060333414
249.98,271.08517
10.637,414.1012
40.107,12.626178
20.277,67.57491
498.243,180.4698
10.093,32.126835
0.07999999999999999,20.32829
9.52,18.119003
9.047,0.032243524
19.883,233.25032
19.64,6.4615083
39.813,1.6052555
8.877,0.0012227675
379.623,244.1578
9.217,0.5702345
19.986,1.9748209
39.434,17.422548
8.6,99.272995
28.3,194.14908
0.11,1.3138208
130.244,123.51405
9.583,0.78237075
0.39,79.25784
19.8,401.11362
0.533,0.012648191
18.574000000000005,44.874596
9.976,25.517101
9.687,46.842884
8.47,19.64763
18.227,227.62247
0.483,0.6950885
10.163,45.715145
11.297000000000002,136.11687
9.637,19.967459
19.497,1.1499648
109.954,201.2004
10.65,56.367496
0.046,16.303383
0.094,22.42458
9.36,0.016854404
111.143,6.1291366
0.093,0.029841295
8.83,16.028292
11.11,0.67918473
19.37,56.558163
70.707,8.789097
19.507,203.75734
0.217,85.35759
23.314,120.69932
80.00600000000001,594.2643
39.864,23.474785
129.624,304.90073
1338.8700000000001,130.16159
0.6399999999999999,24.360514
20.05,7.345671
109.707,38.25132
139.79,0.08488278
19.503,93.22533
38.803,7.1697426
9.703,8.060789
8.44,1.4358343
0.263,60.079163
20.38,6.649402
30.363,0.039350554
30.529999999999998,36.767147
1.093,1.9045569
629.886,470.94308
29.98,212.23837
9.857,10.250009
10.683,66.682274
9.427,37.482063
10.077,0.2622237
20.004,3.111604
18.72,0.012279338
0.797,79.52823
0.15999999999999998,27.826826
80.263,12.567735
29.107,201.57928
0.783,1.259293
40.087,0.36656845
19.067,230.53091
0.627,26.760084
19.55,114.11763
39.867,37.189655
829.787,94.75244
9.113000000000001,174.65837
0.046,0.61398494
8.98,21.506422
10.15,26.928087
9.474,4.6757646
0.11,2.2224026
0.203,6.8738074
0.487,0.86594564
49.193,208.7308
19.983,14.136626
0.03,252.55226
29.927,197.77426
70.397,86.23078
19.94,138.39864
9.757,23.859013
520.02,73.00888
58.72,31.998156
0.283,91.928604
0.924,0.15269098
0.03,1.274652
0.06,0.16059694
0.28,89.70376
17.71,26.022097
39.856,531.3339
8.87,1.1381123
9.856,29.613747
11.026,0.1853823
10.48,16.942146
19.987,1.1793581
19.526,2.0504863
0.127,0.0848246
20.58,163.70619
9.17,16.659569
0.19,99.4953
19.096,61.377754
70.106,2.2656884
50.15,939.21814
50.006,70.17062
0.893,33.37011
0.81,1.5021318
0.09,0.059729785
9.636,4.067752
4.417,23.132599
229.92,10.296574
0.047,6.7872844
8.53,2.074487
9.03,1.3138485
150.093,444.63852
8.94,22.902086
10.97,78.00811
0.156,63.832058
9.636,195.76152
58.877,0.06734356
9.013,10.53735
41.897,211.9969
9.84,256.18692
20.29,119.298515
9.837,6.210716
0.296,34.457996
17.72,38.32461
0.047,108.3183
1212.69,831.7123
39.427,171.9679
39.567,9.300276
0.173,0.34406635
40.033,17.315792
8.853,2.9471898
17.77,93.42715
0.11,1034.5424
10.363,143.13121
20.033,91.54857
11.203,49.559826
20.027,14.900941
0.204,0.38785988
190.077,481.496
29.83,1066.7788
49.247,139.19926
10.44,155.63106
38.72,499.3076
29.607,24.069962
19.903,155.3323
40.327,604.31714
119.777,54.48478
10.07,51.081055
0.36,0.061104096
20.25,538.92377
19.75,869.14343
10.183,2.407345
10.174,39.353687
18.806,99.128944
0.017,33.4549
10.363,97.869896
0.564,0.55433786
0.127,5.496161
39.763,642.5504
139.44,3.4606967
398.256,295.8932
10.87,0.6437521
12.246,0.25070658
160.04600000000002,33.09637
60.16,103.53057
18.974,58.746864
361.477,201.35767
0.07599999999999998,39.682945
10.239999999999998,46.494606
219.714,456.49994
30.047,1.4059546
9.914,3.6020093
10.18,0.30141065
39.737,463.0524
0.47,29.710907
0.203,11.668988
10.164,50.666855
0.047,154.10878
9.257,0.6575859
9.573,61.440308
0.06,57.514954
1889.936,570.7403
221.64300000000003,249.0162
18.657,376.24893
41.484,22.011763
20.066,0.017540913
3832.85,372.33713
159.734,466.31357
88.823,288.08118
8.82,18.37719
10.837,49.896072
80.123,0.14794308
0.25,23.315699
0.077,61.848183
20.187,166.7029
9.183,66.44983
10.05,1.1535081
19.314,81.37327
19.166,12.475693
9.94,17.228569
9.807,15.911639
299.6070000000001,218.97066
70.17,0.6480009
8.533,0.014994098
19.643,22.156097
0.157,1.7283518
0.097,0.0016057681
0.39,103.59428
20.22,17.048418
41.09,348.90973
29.003,13.253376
10.237,0.26617226
9.304,61.02687
732.7300000000001,111.178604
0.3,0.3019167
0.284,89.53188
99.617,176.78387
0.237,0.013030439
17.953,40.73433
19.014,47.981464
0.47,119.94231
19.326,181.91235
9.81,0.2378449
0.157,58.974663
9.74,17.92053
19.63,0.018636199
20.36,214.24414
0.09,0.007213352
0.297,1.3747169
0.19,0.0012666358
1.407,48.936634
30.534,111.00123
459.957,757.73425
0.157,0.106913365
50.204,53.542824
39.95,0.16435283
0.28,26.507013
7.91,0.21641544
10.887,0.0053062337
29.986,56.498894
309.233,359.01
29.5,525.40063
31.124,553.10443
0.173,13.35223
0.156,0.93975645
1.0,1.8212541
10.073,26.763765
19.763,186.97478
19.02,33.37443
353.196,543.0887
14.473,122.660095
0.14,2.5421827
20.27,120.19104
129.587,126.05636
19.803,2.7371044
20.823,155.19124
0.11,11.519588
0.22,26.507013
0.233,2.8704176
0.0,219.22577
0.14,15.387391
419.41300000000007,403.74847
8.943999999999999,16.163805
9.984,0.17503925
20.23,31.609232
1.087,24.334354
0.267,1.98939
0.0,2.452805
8.814,9.544843
39.353,72.50209
42.403,73.23641
9.737,40.251095
9.586,153.2062
8.927,0.17106245
41.427,14.831258
19.457,42.957973
59.81,215.5729
0.157,100.04527
0.034,53.152203
0.186,0.020442339
10.123,20.460344
1469.177,573.83636
10.106,1.6877387
0.03,52.05208
10.314,44.53617
18.86,10.392485
1.837,227.99278
10.036,0.23734686
0.563,0.42077512
10.253999999999998,14.726687
59.669999999999995,3.0048919
20.863,363.3687
0.233,19.033731
9.67,0.29830053
0.297,11.8242655
30.059999999999995,86.7918
20.020000000000003,8.380971
40.183,33.435223
9.457,0.003157095
20.013,223.09296
9.847,0.06277113
9.607,72.59057
11.016,34.82369
1396.837,617.87976
19.723,0.3207087
0.14,0.0017784949
0.017,1.7474388
30.47,1.5129255
0.42,14.585188
19.524,0.29997307
21.97,100.89855
10.794,14.099018
10.056999999999999,0.23315276
9.89,142.34644
1.53,145.98538
579.75,324.80444
20.037,6.3376718
30.244,18.16601
30.557,110.17235
8.41,13.864289
0.644,95.485466
0.314,6.888097
80.337,486.21188
100.44400000000002,8.442487
8.657,0.08897011
0.177,0.9516183
9.943,36.912727
17.114,32.062534
19.113,183.59805
30.557,295.1746
18.99,0.39729354
301.007,532.04846
0.233,4.0993385
0.217,0.4335757
19.517,9.828273
0.0,0.5289003
10.054,0.031589407
0.22,13.214805
29.827,276.94556
9.973,16.944149
300.094,121.43332
20.3,173.9495
0.0,2.0328836
10.49,0.2736847
1.11,0.11781998
9.873,381.40677
1.093,0.056639865
10.143,198.21165
8.943999999999999,28.06215
9.727,3.6865232
19.250000000000004,115.90518
50.239999999999995,92.92093
0.064,0.6917431
8.883,32.536636
0.217,9.650144
30.643000000000004,400.1224
79.72300000000001,252.53769
19.136999999999997,182.69286
0.733,1.3069217
8.554,1.7695981
660.874,452.05542
20.38,102.691025
60.847,32.315487
10.086,0.48285654
80.087,4.031568
0.156,0.7869104
10.256,239.99101
8.363,18.032644
9.79,0.5301118
10.434,76.18484
0.063,226.72618
30.604,62.54545
0.733,27.183683
9.29,1.3658338
10.31,0.25111982
18.876,71.50837
0.03,15.036032
20.037,37.550957
58.876,0.0036540686
0.22,1.8164512
9.923,19.2643
18.78,26.0157
1372.967,443.9379
10.137000000000002,91.36347
0.047,0.034255035
1.203,38.03151
0.19,0.1566136
10.056999999999999,24.847502
32.037,39.24789
0.5,5.48447
0.047,0.0060334336
0.12299999999999998,12.765585
421.663,493.38177
235.35,334.74118
10.183,2.6157057
9.957,0.03211157
9.13,7.3650413
0.174,1.6893715
9.593,7.5170646
10.207,69.587296
20.81,755.02814
0.06,0.2028869
10.15,8.433886
860.03,1502.9191
279.917,740.41156
19.953,8.534466
8.717,34.017532
20.097,0.3466835
29.934,69.35341
9.88,16.350027
170.087,867.7221
28.716,5.3702025
1.066,0.08058807
0.737,47.081318
128.78,374.15115
190.114,494.30252
280.84,159.49693
9.153,29.422228
0.407,0.31164545
8.586,128.42918
0.39,24.256939
8.937,21.824518
310.07,12.215481
490.627,51.407574
10.0,0.006150192
10.327,33.650784
1.14,27.555695
58.787000000000006,212.14384
0.013,8.723796
9.783,1.1247147
8.934,2.1799374
80.0,242.06815
370.327,487.55215
19.824,37.472343
10.004,0.7998246
10.657,129.6518
29.89,357.9979
49.92,14.142882
79.823,30.086267
28.913,193.83488
0.267,25.211918
9.196,0.008546737
10.447,50.13117
350.177,1271.4884
70.484,290.82187
39.993,53.73185
18.573,14.155506
40.817,78.53633
0.03,88.762924
0.204,0.39766654
11.294,2.0918934
56.78,80.71848
9.09,30.266294
7549.724,109.63157
5.613,0.019025072
19.713,39.510788
0.47,14.689694
0.437,73.34344
0.03,1.4754354
0.237,1.5194058
0.907,57.505474
1.383,1.7036519
9.163,2.361216
19.77,447.14352
80.243,9.86179
4089.8,249.27905
19.126,16.028292
40.343,27.789597
299.636,31.591091
1.174,1.3407578
8.93,2.8833554
0.25,26.016464
0.187,1.7918077
8.564,0.5175737
11.08,245.26404
0.94,48.31629
9.453,16.181927
2316.807,568.8689
9.397,0.057887066
19.94,174.65584
0.61,0.11372024
0.047,0.027248552
0.237,35.66807
79.997,21.514912
100.636,1537.4609
9.36,1.7640564
0.953,652.44073
20.184,189.82617
0.39,1498.1757
60.223,84.673935
20.047,5.642412
79.937,315.9196
0.47,2.5439339
300.487,5.653135
0.156,2.3974595
8.89,0.41955733
29.897,87.09855
0.487,110.75162
20.226,43.63681
600.987,548.5529
31.223,25.816563
3.307,177.2329
0.11,74.62551
0.687,0.0011928487
128.104,175.39577
10.183,30.074959
30.21,19.140644
10.8,22.691862
109.84,8.352836
109.936,116.044464
20.143,33.604633
0.673,40.178295
30.066,93.40013
0.063,3.0674243
9.917,1143.9955
10.11,44.784286
9.956,5.8674836
10.597000000000001,38.42568
10.173,87.9385
0.22,41.09116
10.48,2.0285633
9.753,0.18033963
8.733,20.545795
0.223,174.14798
0.093,140.89047
19.933,18.283539
10.05,17.774641
21.720000000000002,47.984035
0.12299999999999998,32.223846
10.363,35.66807
0.034,1.0828569
139.437,67.89901
0.017,34.457996
0.283,18.696983
0.19,0.10866566
194.033,61.324802
9.5,0.5114673
0.157,1.8173558
0.016,2.026589
0.017,26.896454
1009.9030000000001,7.143104
9.897,21.69759
90.016,71.307884
0.093,0.33181107
0.17,0.89476913
50.004,124.62866
9.937,51.866436
40.57,9.57437
9.04,1.5021318
19.717,12.8027315
60.55,1029.2728
8.896999999999998,37.903107
20.950000000000003,62.607258
1520.396,392.89554
117.81,641.26697
9.4,5.1331515
20.01,513.9224
0.046,80.2482
9.52,28.879307
9.894,0.08441569
280.97,154.97478
0.077,96.670746
10.27,26.306614
60.057,42.93075
9.333,0.15634888
11.053,147.00545
1.037,84.614944
129.88,14.584487
0.07999999999999999,15.797043
29.867,49.627632
49.703,213.96426
10.377,114.887764
19.147,69.53705
11.31,202.44211
220.17700000000002,88.59909
9.677,0.24960011
40.977,57.48689
9.983,41.570076
0.263,472.79993
0.826,0.3235173
0.0,16.614887
0.05,89.82445
19.49,44.54363
0.063,1.5682642
19.536,8.507282
8.814,49.73934
10.79,19.64364
8.46,0.022513302
36.66,0.21017654
0.503,0.42077512
10.23,1.6093482
70.15999999999998,68.172356
1.767,0.08058807
20.067000000000004,16.35697
10.867,701.6616
39.317,78.37278
295.103,1441.3463
159.12699999999998,0.2967182
80.77299999999998,1.8141954
29.139999999999997,75.88174
0.047,0.012014131
0.233,142.48138
10.396,230.82513
8.534,26.86839
8.96,0.35419914
101.053,23.42487
9.52,51.422832
19.317,301.45975
119.91,41.465942
9.087,27.089308
0.687,4.404769
19.33,99.860214
0.9839999999999999,99.88656
2453.4100000000003,685.50006
38.933,384.878
20.04,15.097276
0.12299999999999998,16.090973
339.17,1708.0746
29.514,61.38327
0.297,2.8030877
28.782999999999998,28.330027
0.42,1.3374337
1.013,12.134223
8.97,56.101704
10.716,66.47135
0.03,0.51326543
19.923,14.64706
20.25,147.51501
2.957,27.842674
0.0,0.6538097
0.737,91.04305
49.966,0.0504235
10.953999999999999,152.80963
8.807,12.0212345
59.886,14.831271
0.58,44.283684
0.77,51.708717
1.41,0.4324116
50.26,52.398594
20.007,0.30803847
0.267,1.1630394
10.377,0.14358117
0.14,148.68198
0.36299999999999993,1.1101148
0.11,0.011380382
2454.03,151.84668
0.047,58.120075
0.077,26.688751
11.123000000000001,36.64894
20.183,63.43379
0.223,165.82129
139.903,308.8185
18.8,357.00443
1039.727,25.166765
0.093,32.301
9.42,24.813118
8.527,0.5304693
30.15,29.092588
0.156,38.604458
11.344,28.378433
20.027,8.113221
29.017,291.78885
9.6,55.28984
19.806,4.405743
7.437,47.717197
0.42,3.6267936
8.633,23.616472
7.564,49.825558
0.03,106.342064
0.217,20.692688
30.206,25.785606
0.077,0.37292558
8.923,0.31026593
9.897,9.597348
199.88,290.65424
9.31,0.5164978
0.623,77.20452
10.33,80.59297
11.87,17.065548
89.49,256.5789
10.863,29.242342
21.904,57.161427
29.856,135.01268
0.153,18.807028
0.143,1.5488654
9.263,64.55405
10.06,335.78113
10.143,40.763287
0.267,22.72088
9.846,26.542286
448.787,52.58284
9.787,0.040006686
9.117,0.23083393
8.755999999999998,1.4679942
0.11,1.8763262
39.94,72.11883
0.53,1.8164512
9.85,110.95491
10.007,3.2123463
0.094,62.059303
0.283,1.7300701
0.937,15.005109
0.07599999999999998,0.23517151
9.89,12.656511
340.423,0.0074779857
139.983,226.22092
9.086,52.89011
0.284,25.762062
9.726,11.461485
19.063,73.49441
670.173,1648.3468
30.054,0.06832708
30.063,345.90082
9.82,7.6402884
1.27,51.516983
0.013,1.5017608
3.64,26.507359
10.923,45.423283
19.906999999999996,0.19870013
169.893,1006.5527
70.64,1.0826061
19.31,0.47050735
0.607,0.1102678
0.0,8.1029625
20.893,0.058113467
9.356999999999998,1.8164512
10.443,0.02619166
20.743000000000002,66.08747
70.116,66.291504
60.22,75.10347
10.223,78.20715
8.727,2.4098186
29.503,235.88747
119.113,632.3525
0.077,21.532173
19.226,48.11953
10.613,57.6795
40.113,30.947948
9.133,1.6621095
0.127,15.007692
421.284,476.28326
5.877,102.84142
60.39,0.11610503
550.04,90.49866
250.953,37.995007
0.203,0.6978608
9.31,173.01009
989.56,575.10815
549.973,636.9719
469.83299999999997,366.10687
90.1,291.13782
10.714,16.952913
1.766,42.90834
30.156,3.8464336
9.079999999999998,35.75646
9.51,12.180862
19.52,80.031715
0.237,3.7726133
10.533,0.34406635
0.687,0.028325634
230.1,293.47696
10.010000000000002,2.255694
139.814,0.025821647
19.993,30.28027
10.61,6.209052
0.796,15.371978
9.723,1.5842113
0.47,266.27753
0.436,1.7918077
0.516,0.0568358
28.593,49.572742
9.3,5.9904795
0.267,22.73989
1.11,11.824615
7.784,12.894745
7.669999999999999,0.013441467
20.574,178.21495
19.76,154.89276
0.046,24.049782
19.406,60.864056
18.656,51.213264
11.577,19.13819
8.146,2.7745473
10.17,96.24901
9.04,51.241863
139.873,243.79428
10.16,0.12968095
8.097,100.04527
9.56,73.43095
8.904,358.70026
9.96,0.00086443155
10.03,0.12171066
11.826,130.67871
9.573,1.2868301
0.203,37.989395
0.11,731.33307
0.046,0.94034356
0.297,64.75209
10.203,45.068184
0.0,30.56734
269.773,105.51067
19.607,6.208976
1.937,59.440258
0.266,0.5617666
10.03,13.085999
985.81,951.7079
0.453,39.879227
52.306000000000004,184.83319
9.547,67.0191
20.976,0.014184314
0.157,0.30141756
0.517,0.40905753
9.627,0.1997725
60.813,11.952051
338.263,220.00925
10.43,88.947914
19.3,117.03142
13.787,12.969101
99.76,0.0417743
17.4,1.1812359
29.89,163.18683
29.573,0.19102795
10.779999999999998,81.03534
9.707,109.656685
3.123,29.495695
10.016,121.16418
9.953,47.458546
9.803,47.541424
0.0,86.95175
1.47,0.06212229
10.183,12.355559
0.283,1.5702008
20.893,283.72882
0.064,0.42863277
9.674,0.18671744
79.883,122.71865
60.697,254.26593
27.063,86.34119
1.03,112.51634
108.927,283.92645
0.11,15.802215
9.157,0.14022383
0.19,1.9940338
50.257,3.0651848
2.126,117.69837
9.81,24.716814
0.077,0.35419914
19.996,562.5881
49.607,0.038842026
10.117,0.052991744
9.387,73.01332
0.063,0.012049645
2733.95,676.26556
8.663,57.842896
8.96,61.304935
9.907,52.398594
19.154,40.3399
29.423,147.62389
18.823,1514.6703
0.25,0.12894288
20.237,162.88417
9.58,1.5045186
19.85,809.9313
200.004,0.31482112
9.59,11.063388
82.217,41.178036
16.54,1.0652056
8.89,31.15371
30.043,8.772221
0.034,12.747884
1.39,21.438387
0.063,0.017651802
0.2,14.956565
9.853,65.75636
0.266,2.8030877
9.907,40.53199
20.903,271.3185
488.5,901.76324
9.256,1.5429051
0.6129999999999999,1.0407027
6.64,0.03475133
79.283,186.67783
3.547,0.21017654
19.226,1181.7056
40.887,41.354958
0.11,143.03752
9.33,35.59754
8.92,4.439469
360.713,1021.28925
20.526,0.11926282
9.34,28.653
10.513,292.30597
0.267,29.148935
0.407,0.31977147
119.873,2.8769126
8.747,33.279568
9.493,1.9609935
7.693,32.822926
10.644000000000002,206.00633
469.15,14.005406
20.857,299.0869
19.567,15.858086
0.03,0.27856323
21.11,29.456186
59.577,0.2584781
10.393,47.676186
137.386,501.0395
29.93,18.182554
19.803,26.69493
0.034,67.38204
9.547,7.9675064
10.14,491.12924
70.993,5.888603
30.627,492.29303
20.857,18.019886
0.467,0.11547262
14.473,2.434076
0.046,34.155815
1111.73,596.9212
0.19,81.727165
0.36,1.5238984
0.673,39.388386
0.39,0.6208232
19.33,17.171677
0.03,373.06317
0.203,2.8785594
19.057,206.95143
58.55,41.687347
19.89,0.97771484
29.887,436.56638
0.267,0.16901003
99.604,96.11965
20.134,17.9685
749.15,593.9555
10.03,2.291279
0.016,157.9807
19.703,5865.5522
30.087,36.931038
29.496,17.81899
10.134,41.256275
0.424,124.28814
10.15,93.2146
1722.7400000000002,1285.8728
10.913,7.342449
9.967,2.0883894
0.07999999999999999,35.53808
9.676,0.085555874
609.683,220.31317
30.077,79.50226
30.863,4.702836
60.044,0.013312199
8.03,28.229994
0.0,4.58172
19.92,1335.415
0.046,0.7135287
18.987,18.005531
39.944,0.11141588
1888.3,785.5743
883.44,133.39143
9.417,0.4727549
248.56,205.07954
0.344,0.0010029495
330.637,668.7519
10.14,0.44943658
0.07999999999999999,0.20714335
1291.476,291.1502
80.51300000000002,4.693831
60.207,10.034454
0.81,168.41243
1800.167,1921.4932
1739.723,1137.8796
10.297,0.0139480615
19.966,171.1683
8.423,417.43427
129.893,1117.7072
0.626,101.5628
69.39,419.84814
9.597,119.575615
49.856,116.86295
29.963,70.2088
30.027,35.04888
0.953,0.0006870258
19.753,0.033429302
9.323,6.246106
19.726,24.789934
10.237,0.20324653
8.983,0.00046831614
0.193,29.597132
19.633,1064.6252
37.423,395.9334
19.553,21.838322
59.74,3.3041558
2010.1,1891.6646
0.377,0.34702253
90.1,656.3737
0.07999999999999999,0.637433
0.36,41.32361
0.153,104.80311
50.57,110.67909
60.067,10.233215
10.183,67.10597
0.047,7.2307343
7.480000000000001,35.36873
70.673,5.135237
0.097,62.492397
1060.22,707.534
19.644000000000002,465.65485
9.45,0.004885695
20.0,47.731773
12.927,0.2202047
10.123,174.05942
59.973,783.415
0.75,24.61822
9.377,20.100338
4.113,1279.4812
60.043,348.0326
5944.63,152.24345
0.3,1.7640512
9.783,212.70253
10.187,6.5384464
16.42,154.20708
2.207,11.063388
219.644,239.3603
7.36,26.016464
0.25,5.3004904
10.0,1.7336076
20.333,341.14832
19.556,5.6998725
9.626,24.334354
79.506,2.999993
80.057,231.50584
10.49,83.82756
78.404,24.115158
20.582999999999995,86.95039
8.393,11.568312
10.307,13.961435
0.186,26.95489
17.673,4.0993385
0.153,6.3496723
7.866,153.54387
19.343,7.0684686
26.6,104.61647
11.226,310.9912
20.234,10.964934
0.19,3.4529207
10.673,5.334443
9.732999999999999,24.214499
39.876,364.51312
0.174,54.373142
19.787,49.141823
2039.406,923.3293
9.946,4.1263285
0.484,0.9313572
0.203,1.0944158
40.476,1128.5171
20.664,50.197628
14.163,16.491905
280.07,445.93875
250.094,608.2698
0.403,4.282916
90.09,3.5692573
0.507,0.03421651
0.156,33.558815
9.516,3.3898957
939.997,207.37814
0.987,11.681486
0.14,1.6682978
120.343,3.6632304
10.437,0.13266511
9.523,0.8713459
9.843,357.9979
9.63,13.342491
0.017,76.74513
10.044,0.006900327
9.746,1.11037
9.083,52.536472
0.11,3.201621
10.83,142.01645
0.157,32.146503
169.484,189.99672
0.127,3.1293626
9.976999999999999,69.52141
0.19,739.486
0.377,16.379377
830.267,727.16815
15.924,2.9309876
100.147,347.47104
10.666,65.558304
9.01,0.0073031294
1308.427,1597.1064
10.084,13.341951
0.8,0.0004978083
740.277,646.5818
19.876,135.86383
0.186,1.3821782
640.003,10.464705
0.06,30.145758
8.847,8.431426
19.953,0.46582383
0.22,52.772633
0.833,36.57803
789.48,768.13116
296.9,507.71463
9.594,1.0341127
0.733,95.737816
97.98,2.572557
13.89,37.00178
40.88,15.911639
9.043,90.11006
0.297,4.685098
20.07,0.011420632
9.21,0.76552534
10.07,0.34277466
1475.18,540.0428
0.063,4.8563523
0.516,0.0016057681
9.113000000000001,15.386535
20.056999999999995,514.5449
0.077,121.4914
190.42,138.35448
80.34,257.81668
18.953,513.2803
558.92,287.57025
0.296,2.906988
0.0,80.79718
10.263,18.691061
15.863,173.22614
59.784,85.342804
0.45400000000000007,0.65059733
13.146,52.844193
69.763,856.7566
5.804,0.18659748
7.444,0.39349723
7.69,0.68274266
0.093,73.43095
10.3,4.252335
21.03,6.7203703
9.71,0.006041852
21.013,271.61127
30.15,31.357014
10.75,30.829132
130.007,20.117281
61.209999999999994,182.5747
0.233,7.564158
0.94,199.63068
20.047,564.24243
0.357,0.11066434
1.22,58.974663
9.823,28.079493
0.12299999999999998,78.92849
19.436,0.56992406
18.4,0.021931382
0.064,2.7457132
170.18,543.7024
0.174,16.147173
28.983,98.56959
19.833,1799.0591
20.73,203.43706
40.43,95.64194
10.017,6.1991854
21.243,23.27395
29.054,400.67896
4.137,130.85216
79.02,0.22063479
290.307,381.84674
9.297,0.63489103
50.066,100.52074
0.86,150.2803
19.034,30.50596
8.4,0.74507886
289.643,364.2882
9.373,0.28214458
19.533,75.002945
30.437,11.004689
0.563,0.32584578
509.443,1609.3187
480.244,126.75589
0.14,91.36347
0.314,0.009147361
1360.2,577.1847
16.78,48.628033
9.737,0.014994098
0.127,46.405445
9.036,1.912461
9.73,302.3104
0.216,130.26595
9.436,0.44716725
0.017,37.968563
0.283,38.604458
0.017,2.491329
8.844,0.28118348
9.736,3.4583514
0.86,22.54347
0.06,3.3751748
29.867,2.2744513
0.567,0.10647999
0.356,0.02356592
9.617,0.08840143
0.046,0.022513302
9.786,58.90527
0.407,31.39054
0.174,14.717586
10.113,27.669683
18.936,117.72063
80.584,196.22374
200.083,30.817488
280.5570000000001,185.3165
0.483,0.32209444
18.892999999999997,2.9147184
19.387,645.7395
30.027,0.021824058
69.163,136.69151
20.764,0.043758344
0.487,19.811779
18.326,98.42398
18.02,33.350243
0.703,27.842674
1.0,289.21924
0.233,10.825899
59.77,130.12337
118.82,993.6349
39.18,349.2034
48.777,7.6297913
0.467,3.4529207
302.076,380.93817
9.94,1.2700328
29.74,53.225132
9.1,2.2648394
19.57,27.447617
1.126,32.92058
0.187,0.003157095
5240.19,626.8627
22.179999999999996,98.82635
3880.057,3014.5984
29.857,0.93975645
9.723,80.79718
9.184,2.675745
61.127,376.40945
0.03,26.665855
19.337,1.871053
19.983,3.538571
25.08,585.0407
20.04,93.64169
1.83,32.36041
1.004,13.053739
10.373,1923.3813
10.31,1.229167
27.71,2.205031
0.204,0.001983926
0.11,21.530563
19.65,18.33668
0.554,0.772314
29.99,43.311066
8.793,0.5495421
20.88,97.79606
0.097,8.279626
139.39,11.71557
13.923,164.03648
0.9030000000000001,27.688173
0.14,44.657528
29.06,87.164566
20.277,21.481604
0.47,0.0375171
30.017,17.444225
0.263,0.37383217
11.233,82.00058
10.266,116.64365
0.796,36.160637
0.093,102.13738
0.07999999999999999,2.0703387
250.123,434.5813
8.74,13.675749
2.034,21.69759
160.053,1408.931
8.934,28.211342
0.157,3.7099788
9.203,2.1000342
0.83,54.13237
10.49,64.45284
9.074,116.098976
19.91,0.036822233
17.036,56.875004
190.207,110.75635
0.3469999999999999,0.31164545
9.237,66.6708
1.706,0.03421651
40.687,55.44932
3141.9169999999995,1528.907
6.97,0.36700955
0.253,76.74513
19.96,0.6415502
20.01,42.540413
399.863,102.76673
8.57,14.408197
9.873,24.0994
19.03,22.927008
0.767,0.11416435
0.047,22.331974
10.06,1.4727141
19.19,4.702836
0.203,14.996568
9.543,0.7577391
131.757,721.2726
209.77,2059.5808
30.666,19.519014
20.183,78.00796
21.04,20.81699
0.157,24.867178
18.43,88.70249
250.753,35.242134
20.657,2.4768908
596.3,350.37665
0.11,12.656511
1.33,159.13779
39.81,1.2393305
30.81,0.014608747
10.124,7.649465
0.207,100.99272
9.22,4.2317657
80.014,552.2905
410.443,465.25815
9.433,6.9145036
19.833,95.65281
1735.26,1535.9423
0.03,35.304043
140.71,94.36471
0.047,0.0077015804
0.61,1.6060393
19.817,388.8215
0.153,3.7099788
19.49,131.078
0.093,3.3751748
0.357,68.64118
0.034,1.3731065
10.487,195.80257
120.42999999999999,286.1226
16.26,0.044135
0.187,29.996756
0.657,2.6516192
29.923,7.236217
0.283,1.1069752
10.05,0.11219895
30.73,231.01524
39.873,0.019632658
9.907,0.137958
0.954,115.365295
98.344,862.5632
0.547,2.1305616
9.004,0.53802085
39.85300000000001,583.5217
9.467,21.443321
89.813,6.2278547
39.7,95.28738
0.05,18.284882
0.25,0.16882749
0.31,0.0007243702
37.726,10.593557
0.36,0.45724168
8.16,1118.5399
28.613,43.02759
0.483,27.123768
60.353,76.773254
9.619999999999997,62.10194
9.2,270.15225
18.79,35.508858
50.133,67.940865
0.296,125.19239
180.14,546.40594
0.39,0.3750835
88.76000000000002,552.21826
5.497,0.7432834
0.403,2.026589
0.067,0.03838555
0.12299999999999998,16.309881
0.22,98.42398
8.63,0.0013955439
1.11,27.112734
9.214,33.828796
130.273,20.223885
9.763,34.69107
30.059999999999995,78.54002
0.013,30.859125
0.797,22.691862
0.467,13.218012
19.944,0.3949842
19.662999999999997,0.037015703
19.78,216.21063
9.507,167.52733
19.416,2.3681793
39.92,52.765827
0.093,0.04135185
49.26,313.56232
20.574,32.1152
60.21399999999999,14.759728
74.16,93.25699
0.787,0.07098655
0.127,0.28341103
0.013,72.26978
90.487,6.8519645
0.25,32.571655
29.0,39.40158
19.034,9.377595
1079.823,1362.5109
0.187,88.95726
70.773,74.870415
40.997,6.787207
0.94,17.095144
1.05,62.772526
299.74,240.39975
9.627,43.79349
0.597,23.051092
10.437,5.4656663
309.564,275.9604
9.66,0.4152044
49.943,37.393757
40.190000000000005,0.026648533
40.054,3.3647947
0.407,9.815292
9.11,410.76245
9.94,0.6964461
0.14,34.188076
10.237,226.1833
250.93,1446.9612
0.423,0.001329526
8.707,33.65463
19.206,6.139653
9.976,1.4584442
20.993,127.61235
50.123,0.61475015
19.13,19.012907
1.287,40.53827
1.657,0.1451377
42.24,244.27068
1.2969999999999997,40.438316
30.897,171.38881
0.19,0.107209556
8.923,1.6325233
19.394,9.856797
19.81,340.04004
0.127,0.19085804
0.467,80.28368
30.1,47.20862
19.49,9.401312
9.73,12.306511
274.3,307.84543
0.124,0.31375018
0.783,116.56273
19.55,15.386535
0.36,8.741578
19.607,4.3685274
170.953,5.3540664
1279.813,548.55164
9.36,0.003157095
60.5,31.546196
18.863,70.44027
0.017,15.115916
9.837,4.657915
12.277,74.99492
9.736,44.815716
1.47,19.028336
164.647,525.0911
121.95300000000002,74.60241
140.783,686.3638
79.777,106.16596
0.563,36.166645
2.953,36.226547
41.28000000000001,217.30586
0.3,0.9367696
0.99,27.591894
1.257,87.81904
10.047,15.911639
539.937,663.0155
0.017,143.63828
70.074,198.68573
100.207,0.8773686
0.11,2.6647677
20.043,110.63722
30.93,209.02647
159.903,372.0247
108.717,130.00323
0.07999999999999999,49.814575
390.554,311.9593
1050.2,233.54155
39.037,13.483631
10.186,0.34123552
8.51,13.525801
25.94,337.74643
10.636,17.234413
160.587,517.5076
0.07599999999999998,24.649952
8.963,167.58603
9.97,0.56814677
9.656,64.6952
10.567,110.34525
10.207,26.3326
9.313,36.962772
100.89,33.346664
0.373,0.21422729
128.84,342.21722
20.81,21.795126
7.813,32.35608
0.39,10.739608
19.966,6.0804095
30.387,7.143104
69.31,183.78893
20.046,166.89021
10.097,162.71857
18.296,30.47304
309.576,378.82425
11.0,45.47008
10.15,57.656357
37.686,452.92517
9.75,8.433886
8.173,89.09943
29.143,92.1861
11.597,89.3886
50.37,55.752785
29.67,73.39246
0.017,5.100239
0.297,0.3994134
0.8,108.15559
0.173,0.31026593
0.6399999999999999,22.443354
8.35,0.008287021
29.464,33.502396
10.83,2.6264312
29.996,25.993319
330.7939999999999,438.27444
11.08,35.48671
30.147,0.40777063
70.94,34.704754
20.42,53.37054
51.203,421.06284
40.14,214.10954
9.723,0.965096
0.0,0.13022254
26.474,6.462107
69.577,153.91722
429.524,201.26663
20.020000000000003,13.665465
20.22,475.86484
11.02,166.65074
10.266,44.78493
429.98,192.15372
40.573,0.009264504
0.89,1.4985392
18.633,8.243518
14721.213,674.8703
0.03,0.0017784949
20.127,28.96147
0.106,94.73983
0.717,98.846245
9.79,1.6972386
9.453,7.8296175
9.89,56.498894
2.3169999999999997,151.78244
0.046,1.1451232
0.97,0.21110724
19.28,40.49733
21.54,134.91983
17.19,152.79764
0.187,32.223816
10.962999999999997,46.135475
1.083,106.88738
9.84,2.6913652
19.91,60.59804
50.18,36.16315
9.763,117.03142
0.126,0.3398776
6.777,147.19542
0.05,0.47517213
0.517,13.50312
0.594,27.0089
18.66,2039.3691
0.126,25.485653
1.89,0.20714335
0.093,0.51147074
9.79,0.13636859
0.173,0.3187788
70.13,546.7061
0.623,6.183376
69.033,245.02222
30.237,24.627619
0.373,0.3718506
1.6070000000000002,2.13592
0.097,0.010403327
0.05,0.028961211
144.257,904.02563
9.603,37.415085
0.453,0.161385
20.226,92.52651
0.14,44.80889
71.984,267.64767
0.14,0.9360891
10.643,3.3776116
157.186,35.343933
0.033,0.6619468
19.926000000000002,7.2774496
1350.643,2008.3191
140.313,204.93561
20.087,501.12003
10.017,0.049373202
1110.857,1108.4905
19.267,395.99445
19.266,2284.5466
30.433,213.61267
20.11,529.12195
9.976,143.64049
0.373,18.27879
8.157,65.81848
9.44,11.193706
10.547,100.99272
4.203,11.695951
19.717,31.126453
248.017,669.6642
44.373,1109.5645
20.41,126.52256
20.897,66.81444
1330.9030000000002,340.69946
9.700000000000001,11.5124855
0.17,1.9211894
19.016,21.250332
0.046,6.6289916
10.892999999999999,1.7662482
9.923,0.4498465
20.89,49.57312
0.843,37.001766
9.414,0.5164978
29.43,571.7239
8.667,1.9797286
0.61,2.0240107
20.163,17.76909
19.59,526.5296
19.666,28.834772
909.426,1439.2511
10.377,6.312824
14.747,154.50952
99.426,424.90887
0.097,131.98833
299.694,25.702084
0.03,24.716814
0.99,52.242004
69.887,2.1575544
17.08,29.936918
20.037,0.39091194
0.33,5.110306
9.707,2.170516
3574.98,124.402
9.483,2.2639823
8.983,0.890231
0.016,1.6720744
0.157,0.3398776
9.416,80.04516
0.0,0.018561881
6.63,215.95924
8.277,47.844715
21.864,17.892145
73.003,707.35406
19.05,86.351555
19.43,188.37334
0.0,7.430074
0.156,93.42479
21.106,16.623133
6.326,24.460445
0.873,21.530563
8.443,1.1687655
29.47,68.75749
100.04,108.80471
130.273,18.227837
1931.356,207.31152
69.897,182.97441
1.2530000000000001,0.81464005
11.363,2.026587
79.71,146.01479
1287.706,487.74985
0.237,94.396225
7.657,121.17161
4.47,150.87971
100.02,239.69666
0.5,77.78651
554.84,780.9431
0.6770000000000002,0.5987176
16.53,0.029694637
39.59000000000001,138.36243
0.223,130.79163
50.053,23.860863
9.893,10.023829
9.873,79.13633
10.817,0.4570555
9.737,1.8266809
0.564,0.008913453
10.243,133.28975
0.36,1.2021768
0.017,23.421062
9.06,1.9418094
19.75,19.89961
250.163,34.827343
0.047,0.36535951
10.327,21.275646
0.047,2.5067763
29.983,0.10411729
0.013,18.540024
389.59999999999997,463.7767
20.629999999999995,190.82332
35.157,757.4235
79.05,15.850188
10.31,98.334755
10.26,124.143776
0.28,0.3235173
320.2900000000001,491.85638
0.204,162.9266
19.843,45.757206
0.327,28.352562
40.64,107.640144
9.823,0.0022744
8.783,1.1812359
211.15,73.753624
1060.876,2245.2207
229.533,460.46683
11.106,62.492397
0.267,23.149328
9.85,0.020464264
19.766000000000002,79.50223
699.65,103.48131
18.133,87.829315
0.064,40.53827
50.003,58.86382
0.07599999999999998,23.753101
19.164,270.58588
29.253000000000004,58.827652
20.247,200.41443
40.1,70.324394
20.326,10.666649
0.516,21.939314
0.237,1.3957962
19.65,0.08809634
19.05,148.02156
0.313,12.256918
0.6399999999999999,141.56473
9.397,3.24743
9.387,20.32829
30.033,32.57597
7.844000000000001,86.408165
0.174,0.027148118
1.557,78.279335
70.38,29.809576
20.0,18.655613
19.666,727.73016
19.157,0.838559
69.686,7.143104
10.07,0.5441141
0.15999999999999998,148.3312
9.473,36.947945
30.137,128.22585
39.98,32.918213
9.743,49.876236
1.0,33.860672
0.033,2.1871698
10.46,64.6952
19.947,2.2510183
19.977,78.899055
4831.53,3342.6372
0.266,0.37292558
9.833,16.515106
5.683,0.11714974
80.183,3419.614
10.03,17.76909
1653.32,768.9788
169.907,710.70825
0.07999999999999999,2.6141427
29.843,461.06253
8.703,121.50784
5.493,30.664951
29.646,0.08125786
69.6,51.49864
84.286,502.08832
50.087,57.32582
50.216,0.887223
0.49,0.4152044
20.223,306.2975
30.11,95.36321
0.03,0.01717926
0.0,0.009755143
9.79,2.6647677
9.953,7.7641683
0.0,8.380971
0.17,0.4454541
10.264,146.2996
29.593,0.09397653
76.54,199.50897
10.377,0.16614166
40.763,46.976383
109.86,48.835175
0.07599999999999998,0.83674175
0.797,17.76909
0.45400000000000007,79.74016
19.373,38.029285
0.22,40.858765
10.023,42.869392
30.116999999999997,36.963585
0.327,134.02089
290.59,486.7818
10.320000000000002,30.365667
0.36,122.67498
10.274,24.813118
29.584,95.93621
0.267,46.633648
9.097,7.8581576
19.61,18.691061
30.014,0.16022627
9.550000000000002,60.825306
71.094,52.457436
0.627,2.372567
8.9,0.39587796
39.856,352.50113
10.11,2.5695164
9.85,59.40182
130.553,618.7335
10.463,2.614038
0.204,28.743008
189.906,287.37048
18.563,14.127432
0.19,32.40413
0.27,50.536934
19.14,10.1441965
11.83,28.528885
18.804,244.91168
0.046,1.993034
3500.0,66.930984
600.383,779.39374
21.570000000000004,475.9188
59.76299999999999,181.85724
32.377,81.436005
0.093,1.5142866
49.813,0.052991744
229.727,147.51501
129.767,21.211546
10.106,17.93996
19.824,52.344055
23.694,108.02559
19.85,50.10034
29.887,0.11770182
9.63,46.471478
0.047,0.31709424
10.616,24.384684
0.03,8.741578
9.244,2.3754716
0.127,0.6010528
220.143,484.85226
0.297,55.610023
19.17,21.220045
19.547,0.04045249
2164.424,1015.7669
29.0,44.26205
20.18,0.01575317
249.967,3.1229265
210.34,511.83215
9.06,27.273516
2211.65,465.03665
0.314,18.57544
10.497,0.049489506
9.637,0.637433
19.893,8.62799
9.807,0.0016873268
10.033,43.152855
48.967,1178.7617
9.876,4.1726346
30.603,16.505726
0.233,11.626611
29.94,15.478423
19.34,130.36302
0.0,0.075931534
0.266,89.87043
2605.41,401.48126
9.98,0.036339067
9.477,454.1621
10.04,0.2114889
1.327,0.33793807
10.016,53.12753
0.203,0.9031311
8.753,0.3258315
29.037,22.250032
0.737,514.5449
40.297,2262.3083
1.207,1.1451232
9.006,129.81642
110.076,39.384747
619.9,112.54314
10.02,106.299706
7.79,36.431355
149.866,75.96251
25.476,29.47066
77.766,465.67285
14.673,101.37612
0.097,3.917401
19.89,6.139133
9.75,58.179348
0.407,71.97925
40.01,0.64851016
10.787,110.48124
0.013,53.837
0.973,2.8009129
0.033,0.0014542865
1420.67,830.58966
0.127,69.53705
9.547,13.003808
701.887,67.97942
17.847,0.18888003
9.117,1.546364
20.467,1053.1764
20.04,3.0497265
69.953,151.53464
19.173,172.61523
10.826,31.191269
9.377,44.99323
9.266,0.4070864
9.58,45.623753
0.063,2.0180397
30.153,49.931835
100.127,536.8834
8.597,0.40905753
73.5,45.673695
18.24,111.374054
9.137,3.5601878
10.007,8.444933
43.73,554.11346
10.084,0.51260114
71.19299999999998,70.19146
48.37,480.71545
9.734,70.64811
80.877,31.664488
0.456,0.890231
38.99,128.91365
240.033,7.898924
19.99,57.69034
45.43,20.556313
0.877,1.9239343
710.1100000000001,1718.7778
69.196,18.725252
2160.037,642.3335
9.793,12.605859
839.767,788.9008
320.366,3.258541
9.223,0.1897678
0.344,32.38205
10.063,85.66796
10.627,85.22662
9.937,157.33887
0.67,4.5740943
8.854,0.20748973
8.417,1.4754354
0.03,29.113918
19.94,3.1548789
110.164,102.40521
140.647,461.43073
0.326,26.377947
0.017,0.13249645
40.303000000000004,1124.4701
18.856000000000005,21.53976
0.063,1.7003295
9.44,0.2622237
19.347,1.9501473
0.203,0.03781874
130.463,476.0359
0.27,0.548615
19.246,0.1381729
49.087,84.740616
9.477,933.8362
19.123,25.850943
419.897,1839.4847
0.017,7.4734488
9.157,7.308845
1738.973,493.93845
9.747000000000002,0.031236568
9.533,0.018187728
0.11,40.064686
130.033,28.157465
39.474,37.069496
18.263,121.50443
50.754,2.6367776
0.047,10.536927
9.433,193.63838
581.0,195.03923
149.96,739.35175
0.094,0.17912301
119.87,113.898155
199.73,380.56708
9.87,430.29126
11.11,0.0016057681
29.763,7.9660707
19.646,188.78148
39.243,186.27615
39.776,22.672005
19.533,0.33701214
110.597,33.904263
60.07,0.08503316
0.077,46.43597
10.08,0.013290431
0.656,61.72074
30.217,52.89011
149.237,954.89685
49.26,32.507866
0.157,37.830845
9.043,50.81448
20.87,0.042691477
70.813,468.92825
150.706,464.7912
9.947,0.019675542
10.053,65.551895
11.057,5.274596
147.397,360.9904
40.007,193.68953
20.823,496.22537
76.00299999999999,975.67847
0.0,0.12849984
9.547,2.6418364
120.23,112.07309
0.064,4.808417
30.453,6.3649974
20.387,27.312344
9.57,1.2021768
20.133,4.090776
18.939999999999998,12.758917
0.07999999999999999,4.54678
0.047,6.6032863
10.276,22.885275
9.563,68.26624
1401.573,1103.2574
0.07999999999999999,23.587357
19.376,1.2857702
0.39,0.36700955
90.5,495.32507
10.11,30.941906
45.85,255.75063
370.28399999999993,474.22244
110.00299999999999,71.64878
0.233,29.590546
529.51,387.37396
50.173,0.013852508
9.17,16.968489
39.784,456.52826
102.197,58.496647
0.67,16.028301
39.924,0.29153138
1.017,10.48316
0.047,71.810234
41.513,17.267302
19.944,6.033456
90.046,218.88861
130.517,87.94657
4.343,434.18295
30.61,12.966553
10.3,29.023136
9.74,1.3387517
9.256,15.693547
0.707,55.316334
31823.733,730.40094
50.106,1.7814384
17.236,27.453579
0.033,37.78001
60.783,53.165615
10.907000000000002,51.39238
40.1,26.78285
58.74,368.42764
640.43,345.64066
9.257,40.72696
859.977,666.5852
0.86,3.5601878
70.023,215.013
309.426,332.707
1059.784,227.06616
29.547,0.032900356
10.699999999999998,0.120615155
10.56,6.788521
29.737,303.2249
16.187,380.02228
0.14,102.84142
19.859999999999996,98.885056
0.033,6.9693356
0.45400000000000007,38.461353
0.6399999999999999,11.071546
39.86,72.978065
70.184,321.52777
9.543,204.01843
0.3469999999999999,0.007213352
10.063,1.488907
18.943,0.6781549
269.706,848.58466
8.156,196.5754
9.706,4.685098
19.233,614.64417
469.764,179.91722
20.056999999999995,18.725851
8.413,0.2114889
10.400000000000002,1.402259
19.94,1.401311
1781.633,989.15875
39.886,491.36237
10.14,84.47197
0.03,1.3138208
61.677,185.2321
9.904,20.942389
39.764,532.48047
0.47,0.2575011
69.82,0.04746577
9.507,3.6272333
10.36,0.10648019
0.19,35.745766
0.093,40.888824
0.314,6.8487115
20.453,64.28006
20.986,217.82231
49.81,47.999725
20.613,1.0850524
38.787,18.284882
0.22,0.28341103
0.11,4.861537
0.017,13.418013
0.406,30.197304
39.653,474.31052
1.02,22.985727
29.18,46.52535
9.893,2.2843003
8.103,228.88622
9.017,109.13552
0.67,0.041168403
10.247,2.1410651
29.073,111.091866
0.483,12.153869
3.337,2.4105954
19.709999999999997,319.2029
9.496,10.343062
0.78,29.149158
4.397,324.8913
9.11,134.80182
40.07699999999999,2.2802083
0.047,34.155815
0.07999999999999999,1.3520811
310.113,397.72125
651.1,1329.8557
520.134,668.5795
0.106,4.675217
10.106,4.436159
0.093,44.80513
10.736,2.0977767
19.673,0.82299066
19.827,315.69794
20.306,0.033854853
279.77,822.3194
10.574,3.3914933
1.143,20.545795
39.856,0.0415287
1.94,155.89786
0.126,7.4734488
69.647,4827.698
69.03,753.7743
0.047,0.22557937
18.523,45.099354
10.010000000000002,36.250076
2.55,0.34957182
9.032999999999998,50.561195
28.55,61.803772
0.9839999999999999,25.650587
21.48,0.12965882
10.629999999999999,66.29507
0.31,0.33468977
150.61,385.73892
10.346,2.1410651
4.773,25.328115
16.09,7.802998
0.19,66.80999
0.033,2.8009129
340.23,335.93906
19.85,123.90233
14.727,0.18288088
1149.8230000000003,268.25208
0.093,0.5870486
19.717,0.14490645
590.1899999999999,2088.8865
110.03,208.31653
40.38,7.893488
8.563,38.437634
0.19,0.9313572
60.18,26.039696
9.897,104.556305
19.973000000000003,114.17379
10.003,7.676462
10.824,5.034568
0.473,108.54706
90.177,1.5174105
0.187,2.237885
270.93,127.94439
8.793,227.79022
19.697,21.10276
29.09,209.94167
100.41,384.089
59.417,15.71052
10.217,20.09241
0.064,29.158993
19.536,216.06815
198.867,29.392008
10.64,85.27999
21.027,9.238896
0.266,0.34275272
10.216,1.857995
9.79,97.23229
19.69,50.36129
10.375999999999998,0.2736847
0.017,0.45856184
19.313,0.018137341
1.117,102.500015
149.527,670.583
0.19,2.8545697
279.83,545.87946
120.85,353.39508
19.173,41.76589
10.58,43.751637
18.984,145.5078
10.637,81.65388
10.366999999999999,29.710907
39.75,17.906542
0.44,16.236317
0.127,1.479942
219.56,107.163246
159.29,1.0422438
9.017,0.013009143
9.393,82.9266
10.097,3.9247742
0.157,0.08728075
19.75,46.754295
0.17,0.8158009
349.597,135.7741
0.326,0.67063534
0.53,0.001773025
609.287,226.91924
0.737,71.77053
0.093,14.209452
30.220000000000002,1.668223
9.34,14.074529
0.063,69.06282
0.11,14.606489
9.87,0.20862032
40.033,1.1023966
19.397,68.624664
2073.04,2466.6082
139.336,23.533855
0.157,24.472569
70.15,102.86318
189.613,63.14252
0.173,37.482063
9.98,42.570675
9.73,0.039446667
0.174,15.4701395
29.926,0.87771255
0.817,3.428798
29.947,511.86722
360.49,372.7053
0.296,25.485653
1.88,135.11913
9.943,2.2927918
0.3469999999999999,0.27741563
10.13,23.672096
20.307,0.02974004
39.68,2422.2976
9.083,758.768
0.077,99.76073
330.366,817.43896
0.394,26.151752
764.03,1044.4069
30.127,8.101557
9.686000000000002,150.33214
0.263,88.30913
0.157,61.706066
69.89,220.42043
1.063,133.35527
9.907,1.7257084
10037.304,2992.3801
19.13,0.2651619
8.606,134.93279
0.077,0.47329572
10.353,72.9822
49.546,43.442307
0.203,6.210716
0.063,20.469007
19.32,157.82927
80.283,478.71176
69.276,0.63730526
209.68000000000004,77.55439
8.42,32.747116
10.763,1.615765
1.123,93.42715
58.516,763.3942
359.523,225.8145
9.887,23.641943
19.464,35.612923
9.057,0.031218253
590.92,577.0337
29.139999999999997,25.435474
10.17,28.500763
369.493,174.63918
19.327,10.752343
0.3469999999999999,1.093015
8.12,0.2745148
0.064,214.42061
0.313,320.6556
0.077,45.497467
0.047,0.66297096
19.837,60.053116
20.187,114.90491
20.013,218.90541
9.539999999999997,6.4255304
0.06,158.21463
19.75,52.887215
31.47,25.641165
50.383,343.1487
21.933,205.553
0.173,169.51843
19.233,28.352562
0.07599999999999998,0.119795956
19.41,49.03917
0.017,0.12171066
20.586,0.017158808
9.87,56.805958
19.603,161.978
9.652999999999999,4.1358814
0.36,0.010098128
0.153,0.030601945
0.12299999999999998,0.23083393
8.736,71.77746
120.69,24.37627
19.12,5.843688
19.827,92.64015
0.41,110.11448
0.406,89.69991
9.736,13.294163
9.833,13.094185
101.16,266.90887
40.633,0.27781355
8.027,0.52743715
0.017,40.064686
20.82,5.8409023
19.744,0.46119583
0.423,0.5175742
0.12299999999999998,0.42077512
0.784,1.3138485
8.476,245.26393
79.847,177.9793
0.266,90.56097
40.17,2335.176
190.13,0.7965452
21.054,309.70627
0.407,0.27492565
10.194,413.90512
30.217,6.8487115
80.34,69.52215
810.823,616.67065
9.933,106.80428
39.577,150.14046
19.31,0.29845452
0.424,27.575882
20.204,117.919685
488.01,461.9727
90.34,356.43524
99.693,27.966618
19.089999999999996,131.97305
10.046,1.9940338
0.236,40.03202
0.943,5.5970845
0.11,0.12844495
0.343,0.017405353
10.64,0.13858557
0.284,1.1757816
18.967,125.40643
139.883,1.5331281
29.864,45.66253
0.377,56.647945
9.61,22.553041
9.147,95.737816
18.777,0.49580172
10.657,0.0039793435
9.57,27.407784
11.386,23.362509
29.81,150.50375
8.686,0.12171066
9.836,17.07982
9.619999999999997,322.00336
38.863,38.36984
8.57,29.497406
321.09,315.92902
8.923,0.019197319
59.894,1.1837685
1130.37,280.40924
18.993,7.5690274
0.03,0.13266486
39.713,56.430706
10.84,52.89011
70.123,478.84875
40.377,208.24446
720.023,569.0199
0.12299999999999998,10.769641
9.763,126.30837
0.0,0.579501
8.033,24.0994
42.117,0.055101275
40.007,18.242527
8.987,2.3924053
8.09,11.95546
898.043,426.3424
9.23,0.19555914
60.033,81.32171
0.653,30.197304
0.283,22.383127
9.317,0.6988631
9.366,109.874054
40.190000000000005,518.37775
12.249999999999998,91.62503
13.58,24.977383
1.314,738.40924
18.84,60.56435
20.313,190.29199
160.47,200.69942
10.9,4.8761435
0.8,0.4412337
0.25,0.032267947
19.827,16.516438
11.203,10.392485
19.777,34.01398
0.25,0.13450275
0.863,492.3486
9.773,0.555975
8.297,68.64118
20.257,11.623696
19.16,123.19836
0.156,1.8979701
29.047,17.048418
1141.05,379.8713
18.753,27.261208
0.707,24.612192
4.327,156.46574
0.67,117.8892
90.726,87.31422
9.913,0.06038489
10.157,4.3604865
19.48,0.44514278
80.65,102.86592
9.94,0.016929232
19.297000000000004,65.69582
10.077,37.0324
9.63,0.011724828
1.093,7.2307343
9.873,140.16237
19.483,73.267685
0.126,37.143024
0.653,0.76552534
20.254,186.0034
10.087,0.36191493
3.303,87.39632
0.3469999999999999,2.614145
0.407,81.65388
19.436,302.51184
10.23,232.32765
10.983,183.59805
30.577,736.4292
0.156,0.017405353
30.01,21.405542
480.6,291.0854
9.363,6.373919
2756.51,832.7779
19.837,0.03141663
10.003,0.21986285
30.13,697.6732
9.897,0.019197319
109.933,15.6194
0.064,6.4568653
127.42,625.0374
59.66,34.048122
9.553,0.11141588
0.657,0.0139480615
0.07999999999999999,8.1029625
0.373,28.166094
0.017,36.166645
10.383,143.63828
21.18,536.1104
129.997,189.11162
0.33,2.6851792
25.557,0.07563522
1.173,253.25151
752.5769999999999,1236.2155
28.533,33.723114
20.800000000000004,0.0054532387
10.320000000000002,0.009817682
11.67,98.57
0.097,0.37582573
9.876,62.731735
0.14,32.783638
0.0,3.7726133
330.026,315.23114
0.907,25.48354
9.36,25.595036
0.33,11.76031
0.36,16.118246
0.33,1.9211894
79.974,508.80902
0.5,20.8412
50.127,4.0259366
19.013,21.120783
79.237,125.69171
187.60700000000003,82.19931
10.12,60.053116
9.423000000000002,92.73282
13.94,63.144474
410.327,418.7587
0.03,0.08629921
0.11,2.908721
1262.173,369.045
0.03,0.16856109
19.994,177.68005
10.257,48.358337
9.743,0.14194903
0.44,0.27741563
119.634,91.05333
129.69,31.303392
76.153,890.128
117.627,618.3334
0.047,0.38659173
18.864,0.1523868
9.027,20.775965
30.147,111.88286
1190.52,103.16017
8.74,0.5968153
0.907,46.01585
17.04,175.05597
9.896,11.95546
0.203,80.08683
0.156,1.887809
20.767,7.6220756
4.92,210.89981
0.204,0.053170037
0.313,0.0010538902
10.15,0.028768187
9.804,80.34756
320.83,334.41086
9.793,29.718513
0.203,4.2078323
20.29,5.353535
119.476,415.65625
9.683,0.23426022
0.11,11.796513
19.857,110.0092
17.387,155.65839
9.5,47.66536
77.43,1051.4121
0.127,231.68037
29.647000000000002,0.04187282
19.927,405.00656
21.037,217.30377
20.58,204.41548
0.41,0.11791113
0.12299999999999998,0.015304037
49.914,10.029653
1.5800000000000003,49.73934
30.846,116.67064
0.3,99.87676
40.053,5.858444
9.2,43.00639
0.063,0.014819612
8.993,0.035049487
40.113,203.62369
18.93,84.57442
9.553,1.9259516
169.827,420.3286
99.293,150.03947
0.657,2.8545697
0.013,30.33374
18.747,46.923767
19.913,24.46639
0.313,46.98275
9.927,21.71984
0.204,0.67024785
20.103,0.4812187
0.017,11.80595
0.047,40.626423
5364.004,2155.8896
9.503,0.029841295
29.883,75.84001
8.324,14.956565
1.14,71.82309
0.11,1.1074165
9.766,81.877075
249.65,32.411636
5.143,15.701671
19.997,1.4999232
10.15,490.57596
9.543,0.20819558
0.22,33.454437
0.206,32.769478
0.157,52.28465
40.15,0.2016737
0.797,0.83674175
0.107,3.8202617
18.74,0.020924998
260.913,160.02097
40.127,13.641694
0.25,17.725777
9.403,93.05806
0.22,2.6814413
3436.99,2541.2256
9.896,4.4595623
0.157,0.030372603
8.393,98.73344
0.286,3.6255937
19.337,13.129903
50.477,341.03223
9.817,866.4161
8.95,156.49092
9.87,48.04153
9.513,73.65752
11.683,52.021336
131.14,681.06335
60.037,2103.387
41.127,226.72618
0.093,1.5017608
19.544,88.30913
8.687,142.69708
0.07599999999999998,89.82445
2.047,132.6139
0.11,0.11372024
12.033,16.66597
10.36,38.479416
68.946,19.38363
240.506,1452.8555
20.27,36.049
21.69,13.692056
0.313,1.9966654
0.216,11.695951
8.836000000000002,51.022766
9.666999999999998,1.1060106
10.077,23.383862
0.046,14.674928
9.877,0.49284407
180.1,70.27038
909.924,432.50876
9.84,0.2924916
9.29,24.360514
9.644,0.39349723
0.5,29.113918
9.94,29.08063
10.067,9.902311
23.794,0.14205101
0.483,30.127148
69.613,0.055447396
569.587,1474.2256
18.067,113.23958
20.34,15.0847025
8.55,100.61943
49.7,0.06700148
19.96,0.03497749
29.977,41.761337
20.07,62.36868
9.636,51.669945
11.013,87.52491
29.076,363.3205
8.973,0.306522
29.96,105.69001
0.623,1.2680817
40.733,195.09123
69.96,1305.8234
0.237,0.87681407
0.937,2.6773582
10.2,445.59802
9.117,19.170261
9.243,36.779106
20.006,477.48688
19.903,0.058056746
39.977,155.52129
0.373,45.997414
9.763,0.30723786
10.010000000000002,2.770378
10.629999999999999,1.5606881
10.014,1.8914887
54.374,0.013994561
16.577,81.66572
0.567,0.13113366
9.72,20.547705
1.034,43.59876
198.48000000000002,313.42142
0.863,4.2655454
0.31,52.100243
0.953,40.837543
10.397,7.050927
21.733,8.566203
0.03,0.14098775
29.753,124.90121
0.016,0.00051849347
0.013,12.839938
0.437,20.290565
8.853,281.6431
9.843,0.17110586
128.004,47.749958
0.343,0.102830924
40.25,125.74888
219.547,9.877127
38.99,412.3144
150.723,277.95883
0.093,1.3235
301.067,937.223
0.047,1.2340034
0.314,0.81420964
101.934,450.83508
28.72,9.855849
0.063,2.13592
9.03,36.43099
1089.947,155.42166
19.176,27.819777
1.71,53.163692
40.49,258.73624
0.313,1.3578831
0.203,1.401196
759.313,156.37958
0.75,38.71856
8.566,93.12531
29.563,0.41003233
860.2599999999999,1097.671
0.203,82.339226
910.04,598.5664
19.607,29.148935
39.48,20.90141
9.63,95.74652
19.767,0.8746077
70.777,233.52304
19.603,108.357124
19.89,49.891464
9.45,0.0004588789
9.929999999999998,21.07381
0.513,21.532173
58.79,104.61667
9.446,7.4734488
9.95,44.025223
9.8,0.17141601
300.1,124.98812
9.957,32.769478
0.917,1063.83
16.687,287.0027
19.706,0.0040622666
0.034,2.188747
10.747,129.20088
49.5,621.4853
40.15400000000001,22.6011
9.76,3.122206
0.11,98.65174
49.517,0.86923206
0.11,1.1535081
8.953,0.048787706
24.46,0.02247454
10.654,36.57803
9.34,3.1293626
10.006,100.59849
9.187,41.279774
20.054,0.026807792
10.516999999999998,95.5278
20.09,0.011568608
7.317,24.385159
89.903,440.51657
60.183,558.70044
0.2,37.152046
40.5,465.67984
780.097,58.663322
0.017,4.183235
30.72,261.29724
40.306,867.94293
0.814,22.838713
49.236,77.95594
1020.233,748.7324
19.556,524.2546
0.453,731.33307
29.877,103.589645
0.643,52.329388
30.374,0.03586936
0.153,0.37847257
17.316,566.3609
9.784,18.615398
50.443,11.94561
29.197,108.959984
9.92,0.019795263
0.093,0.38659173
0.813,0.019632658
1.096,43.02759
39.207,0.061104096
0.047,39.90961
30.61,25.564953
9.444,3.1057315
9.467,52.876152
60.117,992.0057
20.164,185.29646
9.25,0.22185624
20.277,0.35373595
0.06,16.408918
88.79399999999998,53.308086
0.737,2.4846451
10.156,0.66297096
9.86,19.724346
9.487,195.75653
19.847,18.016037
9.777,159.22899
120.233,697.9344
49.993,77.64492
9.213,0.46533588
0.047,0.032948494
20.083,51.3526
9.804,96.79002
870.0900000000001,634.2326
10.18,23.97375
17.664,24.284672
8.97,20.545795
509.656,146.9388
9.8,4.462111
19.933,689.2734
39.47599999999999,46.28725
10.217,47.458546
0.907,0.28336075
19.427,0.030011337
8.907,21.532173
50.1,4.935213
0.05,3.24743
667.337,649.2621
109.763,0.12520789
19.607,223.06389
9.366,6.8487115
0.186,17.166962
30.694,0.097489275
0.42,2.4846451
10.677,9.674454
0.437,0.026473345
20.213,97.56225
50.3,43.175484
9.024,21.269865
90.313,167.67148
39.96,61.048023
10.73,3.3273957
0.297,26.36774
0.187,0.43282875
29.9,78.80325
0.86,0.50587904
1.127,40.03202
70.043,386.74512
20.573,0.44210687
0.046,38.793953
89.913,100.38508
0.12299999999999998,100.04527
0.157,56.004562
19.497,162.65552
0.33,98.83797
0.05,101.24067
0.25,15.118741
0.07999999999999999,0.06261412
0.233,15.118741
7.633,0.00914786
29.503,297.8426
1.66,56.62155
8.753,81.224365
12.97,26.56463
10.413,12.978417
0.03,0.0009083354
0.204,12.021247
39.787,6.4941835
39.526,190.54218
19.643,6.683581
28.82,189.14653
12.507,0.48379827
109.136,155.03424
5548.903,2357.3037
8.807,0.074075386
18.683,133.24684
0.046,2.5006092
9.134,0.29997307
49.596,12.543636
20.334,250.74673
0.72,121.68783
39.873,432.5556
0.664,1.5715312
24.937,696.6618
79.52,54.311504
38.963,29.448442
10.706,0.7869104
19.886,12.593481
9.51,92.431076
9.923,26.874496
0.11,15.007692
0.44,0.15052299
20.24,194.64697
11.807,586.2399
0.187,0.001205745
0.597,0.81420964
1.143,1.8588052
189.584,525.9857
0.07599999999999998,58.612354
50.534,487.04636
0.127,194.53596
0.107,1.9543438
19.143,166.20709
10.15,25.632454
0.046,3.9861662
10.453,0.83489645
0.156,1.5045186
0.0,0.19690111
0.11,125.42842
9.81,12.105285
0.017,0.32209444
10.027,141.65437
0.44,0.004149263
0.05,59.74689
50.227,112.344894
9.527,16.505726
19.637,17.964731
59.507,11.365469
0.05,0.18645765
10.514,0.1572302
0.47,2.6668215
10.277,11.80595
40.047,84.84384
9.337,16.83789
9.374,16.48487
8.207,23.529852
8.64,2.7340868
9.983,0.054105964
29.95,11.058506
10.363,0.2651068
9.316,67.20054
0.97,0.9790687
0.22,1.5238984
19.6,514.5212
0.203,30.008335
0.05,0.5714926
0.0,1.9473003
39.516,8.694277
9.52,29.27252
0.034,41.77357
19.093,411.07953
190.373,50.643646
130.34,791.9237
10.347,72.24864
9.1,24.47123
20.843,1.457257
9.627,60.539104
0.36,0.10647999
9.5,6.5985284
9.676,1.2681373
100.346,21.267746
50.737,14.719867
0.297,0.122131445
0.126,0.47205344
0.063,11.95546
20.11,0.24447383
20.04,5.655097
0.017,0.315482
13.907,86.34119
0.077,0.008913453
160.133,59.18696
0.2,0.83148694
0.173,110.96224
0.03,0.10115878
0.28,85.22667
0.36,88.50314
39.977,39.944523
0.627,1.2479383
0.376,55.316334
19.923,27.312344
1.097,27.87464
19.68,203.24048
71.00699999999999,475.94858
0.22,43.563633
99.14,17.099537
40.794,30.804173
341.496,490.504
20.526999999999997,31.136631
9.993,4.417961
11.643,41.77357
19.493,0.9384068
0.156,8.433886
9.504,0.3772099
0.72,12.021247
19.79,32.36462
58.777,28.664822
9.267,0.039586104
0.077,3.2718933
9.483,202.03275
19.827,0.026727382
130.16,53.254944
0.657,0.102239214
50.06,81.00427
9.193,25.177593
430.534,447.0233
559.316,465.4765
10.017,4.7199974
10.08,56.732807
840.773,1165.6376
0.344,2.6771946
10.257,6.1720123
0.283,97.325134
0.156,1.6259466
9.947,303.89642
19.02,22.806587
18.324,59.09062
260.247,248.8743
31.246,73.280266
60.21,43.45514
20.056999999999995,0.012648191
0.407,21.443321
60.94,495.2757
0.063,75.45594
10.077,19.213625
39.473,28.949146
9.77,15.4424305
49.203,10.1795025
30.34,431.55792
18.837,639.0539
0.703,0.06935887
0.0,39.694572
0.25,4.462111
29.95,28.407974
9.83,1.1409909
0.07999999999999999,73.65752
19.267,7.574067
19.812999999999995,162.72762
31.49,101.37612
399.98299999999995,227.43843
20.01,389.33847
40.137,320.12723
9.913,31.293764
19.853,245.56226
29.89,10.862779
3256.433,5239.3325
9.84,11.960235
30.977,455.41238
0.3469999999999999,66.11639
9.976999999999999,1040.5842
9.724,16.622007
10.643,247.02654
0.0,0.010074023
10.233,1.4680682
18.553,166.91528
71.056,179.0045
19.96,49.81016
0.186,1.8507768
14.11,35.18425
0.013,40.626423
9.013,0.2941285
21.897,15.478423
0.22,136.3091
10.616,0.74592626
19.6,7.2306237
109.72,11.565543
11.057,15.267271
0.11,0.31375018
58.787000000000006,111.091866
10.037,2.638096
0.36,1.636729
10.147,2.1000342
19.400000000000002,3.5983706
82.147,279.19724
29.703,22.266527
10.644000000000002,39.466248
11.087,61.635403
289.23,99.5981
8.267,1.3648455
0.094,1.9116769
9.96,6.78597
170.697,308.55093
0.2,30.443508
20.627,28.547962
39.723,3233.4055
0.25,208.51003
71.093,226.96245
0.406,0.15348649
10.0,320.65335
10.454,34.207306
9.483999999999998,0.4726688
70.29,1035.138
160.21,3.7817872
69.853,2.4136915
38.73,0.0040622666
9.107,0.08318498
30.453,83.740555
9.623,42.293262
9.1,62.818214
39.893,34.37977
129.9,375.60687
449.637,897.50684
8.987,29.110765
10.427,260.55853
0.47,77.12752
6010.233,3149.803
49.94,199.02219
9.76,16.562939
9.586,1.1373527
1151.447,604.30756
208.946,52.398144
0.06,2.391292
10.047,0.13613406
11.133,41.18846
10.239999999999998,171.65894
19.577,130.9595
0.207,7.063826
9.953,35.365105
26.969999999999995,0.055001836
40.33,309.65637
670.263,3233.4055
10.296,192.43524
10.812999999999999,30.443508
0.063,19.066742
0.03,163.00024
19.927,18.135536
370.11699999999996,972.56793
399.813,712.71814
0.203,1.7566801
0.03,0.017974375
0.06,0.004037413
19.103,11.824999
0.03,0.027113294
0.063,0.006514464
1.906,1.8121345
0.424,0.009358394
0.187,1.3433161
4.22,31.15371
0.483,0.83489645
19.797,23.377121
10.247,37.70285
0.143,41.025497
9.003,1.0727175
100.283,1299.4393
40.284000000000006,343.72772
230.593,108.107216
3.316,183.71394
10.127,114.22062
0.17,3.1003458
39.153,26.091
10.177,189.69266
19.997,1.8874831
79.517,374.4027
221.11,639.1077
0.03,0.0027538878
0.72,52.844193
0.406,20.135668
18.246,144.27443
20.13,67.834526
8.823,0.21986285
500.607,425.17203
50.23,431.27585
19.696,0.007213352
0.016,0.0479876
51.103,0.57335466
19.913,170.55128
0.267,21.705036
80.0,604.939
20.15,19.130411
40.126,190.1491
0.377,0.39821306
0.394,0.0021534283
39.733,95.889824
0.03,1.6742089
250.373,235.97948
18.793,7.802998
22.92,98.57
330.694,334.29205
10.064,2.3098307
40.057,2445.994
68.226,64.481384
9.74,17.502747
0.924,20.692688
5684.543,3122.27
9.557,51.06907
1.453,97.34156
9.697,3.6020093
179.773,392.27252
485.033,98.78247
19.707,490.42004
78.983,113.03298
10.333,0.08679476
18.996000000000002,20.996372
8.793,1.093015
19.434,35.914825
20.093,18.100908
0.14,15.3325815
0.07599999999999998,72.57167
18.914,1.8494499
0.174,29.95314
0.643,22.691862
30.23,20.100338
132.33,161.36224
20.313,0.27356333
9.507,25.485653
40.177,43.282997
9.94,142.06686
9.86,221.50375
1.077,1.3069217
9.157,1.5142866
9.933,86.5951
608.95,384.82303
1.283,0.03206649
20.177,424.07986
9.486,22.205399
9.727,28.01013
0.314,108.669426
10.07,33.466347
209.64,85.32207
10.513,1.929448
170.073,27.417803
10.237,13.026023
2725.21,416.01364
230.143,807.0949
29.89,119.70356
9.077,144.41148
29.54,0.2561997
10.03,0.9313572
9.503,32.63403
9.993,4.1545424
10.010000000000002,0.0073031294
8.896999999999998,3.2570286
19.987,0.030103812
19.623,11.505013
9.19,3.917401
50.333999999999996,158.83644
57.307,186.2128
10.273000000000001,27.015568
0.033,0.12158607
2341.7,478.13806
9.22,10.501326
30.557,37.75715
0.343,10.784365
530.177,410.22446
9.883000000000001,1.6590406
48.99999999999999,116.65219
0.597,13.092948
20.317,61.010517
0.36,55.639114
62.317,346.66745
19.783,197.26688
0.457,1.4054906
299.886,775.11896
0.127,81.28841
39.856,110.34713
9.51,0.08125786
19.897,899.3513
1791.387,1273.8358
0.03,119.70571
9.02,21.706131
20.203,75.35383
4247.277,583.04846
28.884,104.581665
0.787,79.642044
7.767,13.379939
0.41,2.539191
40.88600000000001,20.861067
1.017,0.21986285
0.546,34.79449
50.266,2.6006114
19.427,23.163837
10.883,56.39605
357.874,219.38612
390.35,113.66167
10.327,19.229435
0.127,27.165087
20.303,53.03864
40.366,8.509878
16.144,20.295544
10.17,2.4954305
189.996,2.187507
0.07599999999999998,44.031513
9.367,0.09305722
0.11,0.1211386
0.093,2.4049058
10.19,203.8392
0.283,0.095597014
8.834,105.582344
0.0,4.58172
231.82,24.12795
0.11,24.402176
30.267000000000003,37.55373
40.066,34.906593
9.327,2.4142902
10.192999999999998,44.3252
9.793999999999999,1.981315
0.737,1.5142866
0.89,31.031635
0.267,2.9471898
1246.48,1237.0493
28.673,111.046455
9.787,2.4536521
0.254,24.853497
0.6939999999999998,57.255444
69.707,158.66852
278.86,344.81467
0.127,96.15859
458.916,73.26842
19.68,0.0043281093
9.804,0.9144138
9.85,131.35222
8.824,1.4944862
11.063,9.136983
50.293,323.22067
99.967,533.32324
2.067,2.223274
9.823,0.61393875
0.686,22.529184
9.494,2.0146036
18.96,251.4384
0.11,65.40573
1.047,66.531166
0.3,63.663982
2650.043,1898.6881
8.976,0.9007872
0.016,2.5006115
20.817,106.6111
488.983,134.68994
39.263,31.467321
1209.73,1984.733
20.127,6.183376
70.15,38.949444
0.703,0.011457297
9.913,50.309135
0.017,1.3337388
19.863,12.022208
0.097,9.634
0.0,0.2409149
10.043,53.837
9.85,14.007338
0.017,0.7316128
9.387,13.390206
0.017,0.20592907
1.653,0.00048777676
8.457,30.153084
99.13,334.6039
131.17,577.9049
18.134,0.19355491
21.29,34.83405
160.383,2035.9319
19.747,55.04431
0.093,11.129781
20.123,23.740011
18.72,37.12433
20.406,195.80533
7.573,0.72448504
40.314,74.584526
90.79000000000002,299.0869
1.124,0.13720007
499.44,465.588
19.646,1.3461503
11.06,21.08099
21.54,208.6231
19.16,1.649029
19.704,26.491304
10.036,6.139133
58.074,90.72138
3.726,7.3648734
10.09,81.53886
9.403,148.36089
160.673,0.38823622
19.74,41.00525
0.17,0.2431643
0.0,4.587272
0.064,1.6742089
60.913,382.19693
0.597,24.53567
0.86,0.01272655
0.14399999999999996,0.030260999
68.833,92.18324
20.127,318.34073
11.833,0.020924998
8.277,2.3295214
1.11,8.630401
0.0,0.052941844
0.86,27.796906
9.66,14.300513
0.017,0.6538097
10.217,44.969776
92.81,318.30496
10.727,6.694742
9.99,3.8118234
0.127,0.16499469
1.047,1.6368741
9.957,65.644844
0.267,81.727165
9.79,1.35208
9.463,5.496161
9.700000000000001,0.22085771
19.904,1.6445739
8.904,0.0032445574
30.435999999999996,102.84944
1.17,22.47889
40.667,919.2095
9.85,853.63965
0.204,0.21449628
1040.444,90.373436
209.54,29.499712
90.68,435.2991
89.91,118.89445
20.097,8.513838
99.96,237.0654
10.024000000000001,161.28983
0.06,0.016854404
7.957,28.927877
10.06,76.79634
0.03,2.1792495
8.627,142.32764
78.687,51.910164
8.62,29.765276
10.083,109.80493
1.18,28.116835
0.0,2.4390364
0.06,0.6010528
10.056,18.016037
19.486,9.08411
198.45,1182.2485
69.797,445.38306
10.704,36.806366
0.564,98.94824
9.053,0.1718668
9.533,70.004684
18.954,360.41287
0.093,0.033146292
0.204,112.40408
60.157,204.36073
9.644,0.004503768
0.36299999999999993,0.11714974
9.616,6.7584763
10.52,4.284439
0.03,0.19066465
9.464,0.013202634
28.78,28.67825
9.973,60.38915
0.17,0.15709904
9.936,11.517293
20.59,15.144041
11.517,71.26585
30.737,329.85263
1381.99,1.6872042
0.736,1.6720744
9.58,3.3776085
3514.184,1092.313
9.437000000000001,200.48941
0.07999999999999999,5.04375
40.217,36.83453
20.627,242.98158
9.78,175.85628
18.623,35.538128
0.077,1.5238984
10.42,77.146645
0.03,0.037015703
19.68,69.49366
89.64,465.65732
140.726,205.06622
0.203,1.5010263
20.207,102.31138
0.063,144.43762
0.11,19.72976
150.59,171.59407
10.047,126.43871
29.95,0.48975793
0.313,0.7869104
9.593,7.6050673
10.13,0.26539767
0.157,1.1628853
1.5,121.17161
9.619999999999997,0.315482
8.963,41.847477
1.38,2.906988
0.047,2.4746976
10.427,24.977383
18.64,56.74326
8.323,162.72762
50.303,123.240616
0.373,0.67774624
710.197,259.70572
12.007,53.855484
10.077,137.01257
0.07999999999999999,1.3433161
10.29,0.0054716337
41.007,255.36073
11.826,0.2992131
9.196,3.7099788
38.186,32.638977
0.3469999999999999,54.07581
2.15,1.662111
10.0,148.03659
38.55700000000001,0.046136774
430.046,462.73624
129.827,40.290356
0.263,22.065882
91.486,231.2261
39.48,96.26909
0.3469999999999999,0.7214432
20.127,9.503579
19.48,35.575638
0.12299999999999998,4.587272
0.017,13.020845
9.550000000000002,41.387634
0.17,3.9152493
149.9,436.99405
3230.0,621.1281
0.11,60.539104
69.87,85.884094
19.95,0.030544767
530.844,248.06287
0.217,567.5887
0.017,0.22219375
58.333,73.00891
0.233,40.492283
13.156,90.58176
8.837,1.1419543
9.666999999999998,28.29815
9.673,13.507743
8.946,0.97420585
19.507,223.09296
71.623,11.807627
19.463,427.13776
1.8939999999999997,28.229994
9.813000000000002,50.902767
0.11,31.40557
29.737,83.941376
9.21,1.6228392
0.124,0.579501
210.003,90.22453
0.25,1.3821782
9.583,0.05415221
0.063,1.9165051
0.91,27.915987
10.003,213.96455
28.643,114.60128
90.134,244.38235
9.51,0.07106931
44.23,626.1759
0.203,0.0075418707
28.6,67.72505
0.437,0.17011483
201.124,139.53738
39.867,21.22064
180.03,0.7447221
0.077,0.011724828
1.217,69.44649
11.77,0.47496966
0.42,1.4710505
9.29,104.116165
10.023,0.12519641
10.106,19.923449
19.394,2.4536521
9.847,37.482082
0.077,28.62819
51.844,11.245647
8.143,0.050428167
69.873,45.08742
9.53,20.67377
0.06,3.5154681
21.03,70.22304
0.36,35.59754
59.93299999999999,88.12219
10.58,0.045092948
119.196,12.446588
19.953999999999997,19.38363
9.87,193.79657
0.627,2.3176677
0.457,46.791183
100.134,271.06235
21.81,40.99638
0.0,102.1501
1301.493,0.059927035
0.127,2.13592
9.85,0.019675542
31.067,1.0402492
0.173,3.3898957
2432.716,895.14075
0.28,12.423534
350.003,123.9942
0.064,17.434952
19.047,6.312824
19.763,110.22682
180.603,1188.4966
19.463,88.070724
8.42,15.057008
9.342999999999998,24.966923
58.82,0.031197332
18.877,12.518632
59.587,0.016077481
19.707,2.2076843
169.033,265.8688
0.55,207.25627
513.307,521.05524
0.017,0.4898256
19.037,32.492367
19.097,98.83797
139.913,772.8152
8.79,0.7869104
0.973,0.18762171
8.733,30.471245
1.16,71.35153
20.183,0.028961953
0.173,20.627361
600.01,1683.3915
279.747,52.826035
10.117,72.164314
0.094,0.26397476
17.907000000000004,105.673035
9.387,2.5263538
0.0,106.88738
7.593,25.33084
8.727,17.166962
9.43,119.70571
950.05,613.706
20.594,18.606607
11.023,0.5272973
0.927,0.0017296453
9.233,0.3409421
9.85,6.276195
59.17,246.14642
4599.39,1538.0032
0.22,24.217012
0.107,0.26175675
0.407,0.52743715
79.66,886.45514
8.706,0.0010029495
0.047,33.71709
0.03,0.7738218
0.283,4.8450813
0.047,0.56992406
50.144,525.3394
6381.707,532.33417
9.854,0.11586556
70.383,58.01724
19.12,88.496284
0.263,28.413296
0.327,0.050559383
0.92,768.593
22.647,34.398182
548.403,562.9609
10.02,41.022926
0.217,0.16761886
69.493,77.429474
20.517,0.92418367
9.807,0.056411844
9.203,26.179296
250.923,84.87464
9.56,72.77829
0.156,0.4349369
8.657,2.1084821
99.073,428.30008
8.75,29.146227
0.12299999999999998,0.0004978083
30.434,367.45697
9.023,6.256799
120.087,20.209578
8.473,15.685343
22.084,14.24828
369.126,1447.5614
9.56,1.8189942
0.407,89.15275
29.933,10.267723
32.117,131.37827
0.263,88.50937
9.963000000000001,89.52374
109.19600000000001,10.89975
1.16,0.12391593
19.957,85.35759
19.863,3.201621
10.673,0.21421154
0.14,1.1101148
10.003,16.410595
0.437,38.791748
9.976999999999999,0.62566245
10.11,21.183672
10.563,1.9549699
0.047,33.832386
47.69,44.907684
20.806,32.46557
9.067,11.890044
0.064,29.351284
18.097,22.138725
721.25,1898.6647
12.593000000000002,38.35551
9.853,18.790297
200.52,49.41835
9.59,94.87289
10.263,82.87742
10.907000000000002,4.9954996
0.66,0.013896253
415.217,0.06648261
99.334,80.17677
69.87,894.09015
50.287,10.583665
0.937,54.515446
19.883,248.03972
88.96,56.657555
200.817,287.22696
29.85,45.78935
0.107,50.444473
69.927,69.80557
40.346,68.4877
19.54,200.52847
10.516999999999998,0.7231722
19.61,6.659167
70.627,620.4215
0.064,0.033909075
0.093,0.09668227
10.373,14.165233
189.757,335.08807
90.096,186.51512
18.81,63.48288
50.223,0.016583186
8.904,54.85956
0.203,71.31762
19.094,0.29742593
750.657,131.3037
9.496,0.027277905
32.287,880.268
29.64,256.7334
0.07599999999999998,4.8563523
0.046,42.163082
30.627,0.30345088
9.857,0.161385
3.094,68.366264
0.356,33.116714
18.966,26.184048
0.623,3.538723
29.493,74.53449
2.33,0.0063907052
30.29,77.94678
40.63,9.9551325
0.547,106.130295
19.603,50.46049
9.747000000000002,8.1029625
20.083,20.923147
9.013,83.43849
19.123,7.416053
0.013,11.442075
0.173,0.50350803
10.933,37.13039
9.923,92.60738
0.203,1.8238785
0.583,24.966898
10.027,3.258476
29.923,54.774525
8.42,0.0464264
9.783,10.083161
1.423,29.778036
8.974,27.035437
0.0,0.093305066
0.107,36.883484
19.497,7.9660707
19.75,14.296109
8.56,60.910324
30.08,819.53815
329.37,477.48688
19.883,5.995823
0.11,0.011430819
2.224,140.02054
20.447,24.27288
10.143,51.897636
18.693,200.99788
9.187,2.4999392
915.55,1597.2632
30.613,11.485199
14.716,28.352562
872.183,782.99426
490.837,469.31677
20.53,0.39450458
0.954,34.427937
29.794,0.34275272
150.104,384.1147
29.97,33.36507
9.783,11.695951
18.57,52.912678
119.39699999999999,40.893986
70.903,482.5573
9.217,1.763034
9.347,207.3826
18.93,25.730549
0.233,0.031208012
19.027,0.11781998
18.706,15.041823
10.72,76.05372
0.66,14.585188
9.554,0.92140716
19.68,5.2871957
11.373,100.24748
19.16,91.38083
60.157,31.26347
200.047,268.8952
0.093,7.386963
9.45,0.033909075
20.344,208.7308
0.297,43.227978
9.72,13.106022
230.38,0.15597165
19.817,235.64001
0.816,0.52078855
9.273,16.819973
0.093,37.970947
100.393,461.95117
39.687,0.6946709
59.057,212.87947
69.58,189.99901
9.666999999999998,1.1247147
0.017,3.8202617
462.7,835.8477
10.02,5.2001514
10.403,13.956313
59.434,300.1101
9.43,0.70797604
20.38,726.08276
20.117,322.93683
822.607,462.57965
9.833,129.8327
9.77,425.73947
9.22,25.650587
10.034,0.09917005
0.17,15.553069
20.214,7.8848376
9.69,54.607872
9.9,42.44619
0.063,80.28368
20.13,536.28345
19.69,146.0733
30.193,5.0851016
11.003,39.504936
108.823,20.596722
59.963,0.028067352
20.14,5.3308215
0.017,2.8009129
39.794,202.65556
78.657,186.80547
0.12299999999999998,2.2920048
0.31,0.3772099
10.174,17.679464
0.143,13.636738
0.094,38.604458
0.047,1.929446
10.15,11.760288
0.537,52.202274
19.856,16.46684
2.86,104.61647
0.127,15.00308
9.107,1.5488654
4092.466,2011.6075
19.867,36.205345
10.763,398.14645
0.156,0.9516183
9.844,402.41666
8.933,1.4083136
29.98,43.933125
159.947,4.4711394
9.397,0.011699962
9.067,0.031120071
0.263,0.91478974
18.81,32.336018
9.807,0.017405353
29.943,31.600996
50.15,3.9277575
9.5,2.2622645
0.186,0.25111982
0.267,0.65850097
0.82,638.1189
10.04,4.58172
9.197,5.014163
22.47,897.92
8.586,18.839195
0.03,12.118164
10.446,203.8392
10.22,2.8158882
29.676,0.023510426
9.684,48.862236
10.993,4.5801344
30.003,0.10386548
289.657,163.04802
0.03,18.998114
9.004,84.49078
0.733,1.314712
19.756,30.556608
29.283,29.492994
9.295999999999998,64.001045
20.15,0.8785877
9.96,96.817406
9.407,95.61056
10.797,50.40658
10.867,20.350792
60.297,53.225132
9.194,1.7036519
29.09,0.31540594
49.686,60.72501
29.853,558.4
0.25,35.220604
9.81,78.45364
19.083,207.46213
9.89,51.880264
78.737,2.748959
9.987,0.0011762449
10.056999999999999,5.3602834
0.203,410.4722
0.483,123.03717
6.116,0.079222694
19.086,4.172639
9.95,0.00046831614
350.203,104.89852
23.38,144.27443
9.763,2.8009129
29.606,29.738127
310.133,118.92197
29.264,0.57273275
9.92,19.499004
10.843,33.06369
0.344,134.02089
10.077,39.532063
0.046,0.0062181735
60.163,60.891815
9.81,55.06195
1.394,0.017405353
10.803,185.92082
11.157,20.69938
30.813,104.440956
8.183,101.834015
1.647,86.93655
9.929999999999998,48.300167
59.903,0.21595813
10.924,77.36094
0.093,12.369404
10.454,23.71265
1.657,1.4036541
20.1,1369.7832
0.14,0.059800923
704.01,1274.1753
10.43,39.11315
9.813000000000002,0.024670012
1280.794,248.00307
784.273,1708.4884
0.093,30.6917
10.2,1505.4697
10.333,0.033403262
371.58,283.9898
1.06,25.495419
0.97,216.14833
99.87,14.328228
10.167,0.029841295
0.013,17.444225
0.016,1.7662482
10.064,7.9212785
1.067,4.5801344
0.907,13.283609
89.87,1.38866
10.304,40.43834
19.877,9.252182
69.983,60.829998
0.11,87.36369
0.55,0.2668117
60.82,365.66583
48.88699999999999,1.5242778
19.523,0.46119583
19.637,0.24787937
0.187,6.5949426
11.247,0.044179596
0.42,3.0451899
450.15,446.51846
10.823,51.58262
29.763,12.487938
280.55,630.9832
120.11,51.96677
0.017,1.0243028
30.817,588.39465
20.116,17.434952
0.297,0.19555914
39.16,35.943287
0.657,0.013456383
0.047,40.977455
20.833,14.615159
0.017,1.7283518
19.777,2.0580635
1.187,59.7589
40.05,6.4298577
19.674,8.798136
209.353,244.10876
11.697,224.42773
880.087,435.39035
8.82,0.08629921
10.010000000000002,1.3625684
32.387,65.551895
10.35,0.22848733
39.914,0.07957062
0.45,4.716317
0.047,29.210398
22.41,206.1826
9.743,1.4111097
51.294,88.213745
457.443,1091.4706
129.96,180.0182
30.266,0.18659748
59.123,35.235474
0.8440000000000001,0.008142429
0.11,14.726674
20.19,137.01257
29.300000000000004,383.12796
0.064,0.0029085856
20.07,48.19716
9.87,2.8197038
68.95,155.89978
10.03,0.51147074
40.063,0.024101816
19.079999999999995,0.11589043
29.86,739.74603
19.124,40.52547
39.52,109.33195
70.716,18.947035
9.463,0.86243564
29.657,129.10944
19.812999999999995,0.8577635
49.547,97.88078
40.733,21.2344
140.09,15.050926
180.41000000000003,375.99216
9.9,18.758614
0.187,109.27006
41.56,65.5005
89.866,480.78375
0.203,31.067757
29.94,4.848848
9.97,87.829315
0.297,110.95496
0.36,27.980906
68.52,44.994072
20.727,108.64542
4080.2669999999994,717.48846
1.08,0.10062037
389.64,627.72955
0.236,0.03206649
0.25,0.03838555
10.004,13.483631
0.127,81.995056
4479.917,210.51883
0.657,0.015836151
3279.677,920.875
0.03,367.04245
0.33,42.916725
20.127,27.492262
8.127,80.95231
0.143,47.515167
0.204,172.30974
19.874,0.014196412
0.017,0.055583622
0.094,111.81619
0.766,0.021800654
10.502999999999998,193.8838
650.557,363.01987
28.287,259.30035
10.147,2.8198543
10.28,343.48868
19.326,80.826546
59.667,1.1536279
7.33,36.903763
0.127,0.023249159
9.854,5.761059
0.19,14.726687
9.543,234.90782
20.790000000000003,0.5122474
39.477,47.16013
0.357,209.40884
60.344,14.692615
0.177,44.646294
19.367,0.10323152
7.486,73.77893
1251.97,1074.2677
9.89,86.86952
10.18,195.10231
0.3,0.8152004
0.033,5.5626187
0.453,0.965096
49.927,76.27203
0.436,56.55606
140.513,384.98477
0.36,1.0640653
10.17,7.3641357
29.32,135.06604
19.787,1287.5696
9.877,37.482063
19.733,113.94587
19.717,46.6783
0.014,17.267302
0.453,0.20638342
20.066,0.019937929
18.83,0.453773
0.03,0.058217864
1.177,3.2136765
29.783,81.89185
11.13,0.5968153
3.576,61.553562
19.703,13.582216
10.014,30.29385
0.11,75.0555
0.263,0.12547265
839.966,808.82513
70.457,75.99238
0.077,36.90299
790.417,101.998764
40.233,0.97094953
259.233,59.688423
130.24,25.196077
25.673999999999996,153.0897
0.5759999999999998,98.334755
10.22,124.5107
19.406,28.982685
69.91,47.02748
9.25,25.373447
0.407,75.5354
0.173,7.2041574
40.15,290.93015
0.313,4.58172
0.25,0.2114889
279.51,116.4195
20.703,52.540928
9.27,97.325134
1189.757,205.1017
19.81,2.8888516
10.487,8.107831
230.52,357.79807
0.204,39.510788
0.25,17.732603
130.337,674.14526
660.98,301.38562
0.0,1.1499668
0.44,0.14262557
9.563,65.40573
0.14,0.21013466
20.223,59.10848
9.39,0.65055144
0.233,1.9106892
0.6129999999999999,1.4054906
29.284,3.0464444
20.11,17.935978
2068.813,1031.8608
1230.666,103.70387
0.03,1.7640564
0.25,6.3930006
0.627,215.42712
39.71,0.92286074
0.05,0.4349369
349.54,1534.8169
319.8570000000001,127.49171
19.133,35.811337
9.25,0.4152044
8.527,2.2062972
0.0,1.0522429
9.83,18.230583
1.097,80.322876
0.5,3.3898957
780.703,551.8271
10.06,11.96267
1280.9829999999997,113.30295
19.74,9.186521
40.65,1217.3866
11.163,0.008606609
19.92,27.78957
120.197,199.17133
0.393,50.40658
50.01,29.969927
0.107,1.259293
0.547,32.669327
7.364,7.342449
20.634,155.81403
9.213,0.17915942
9.99,32.900703
19.343,226.1833
9.147,0.0015281544
11.02,0.3237908
9.976999999999999,0.001205745
0.377,61.702187
0.157,74.788795
0.25,0.00848966
30.183,13.87655
9.91,112.51634
0.064,57.1957
10.375999999999998,13.748633
3.397,0.7089146
70.63,34.55126
20.68,0.06830264
49.917,107.76101
11.7,91.95278
0.467,50.81448
19.934,84.633545
8.967,37.314537
20.246,2.601889
159.447,745.6015
20.33,0.04208139
10.987,44.025204
0.046,161.44348
9.96,0.31398693
0.013,27.663979
19.824,0.038023215
14.03,0.15332282
159.747,188.57806
29.813,29.97788
0.017,0.014994098
8.976,27.282831
60.943,684.7905
9.67,18.37719
10.504,26.230011
20.296,62.13696
0.157,25.650587
0.034,12.699178
0.5,2.4584444
9.17,0.11781998
10.96,40.72696
20.12,1548.0375
19.993,610.2412
19.433,4.457415
779.677,4557.437
19.013,123.2578
17.233,189.04816
109.87,5.5546308
120.033,197.02544
119.843,35.02155
220.31000000000003,420.80023
2422.84,1243.8977
0.263,44.314526
0.174,79.61669
10.356,0.016765816
1.123,1.636729
0.36,101.37612
8.874,31.704792
9.63,2.5355754
179.964,1256.9568
20.21,2.932349
19.58,450.72766
59.3,0.15966187
0.206,0.093305066
139.923,47.371967
10.207,0.01523468
0.11,202.65556
1.08,67.10597
10.11,58.80808
8.71,140.16237
0.673,34.2275
0.094,25.680943
18.713999999999995,131.40448
9.547,100.892845
8.0,16.322714
330.734,176.37856
9.85,84.49078
1.674,27.85848
179.99599999999998,158.21362
0.25,27.907557
0.704,0.7273005
9.793,38.56811
9.223,64.56833
100.093,169.33444
0.077,14.031218
0.487,19.843262
9.897,114.17379
10.407,0.16468671
9.28,15.975864
9.927,37.14655
0.034,0.018187728
0.14,1.8133966
59.32,53.203335
9.65,31.257524
20.917,23.817125
230.066,1286.686
0.093,0.030372603
0.75,120.9396
7.784,81.81361
20.24,0.20801182
0.42,1.0407027
21.023,38.338837
71.30699999999999,393.9673
19.457,2.2076843
10.223,89.55987
129.75,307.09647
109.087,81.86564
9.043,129.62221
10.943,15.115916
0.233,2.1424072
0.47,27.915987
29.73,0.317923
9.933,47.618504
10.937,163.70619
0.094,14.094348
19.087,438.20096
28.093,125.513084
19.16,26.596218
9.813000000000002,64.47006
169.74,16.691496
1405.247,1631.4552
18.77,1.5021318
0.174,33.934677
220.144,157.54793
19.197,2.3979783
18.74,17.057999
9.28,14.349108
10.374,11.893265
0.327,18.78506
155.137,12.437531
10.07,1.2868313
10.017,0.04438974
150.48700000000002,208.79109
8.647,0.5149604
8.876,39.327797
0.41,0.11204668
65.147,714.9813
29.920000000000005,0.17059326
20.033,132.58675
31.717,0.007344016
99.393,614.1962
39.923,177.00487
19.62,36.686935
370.273,472.12234
129.417,489.962
32.187,8.05793
149.897,293.7616
0.077,59.67401
11.064,75.87683
10.13,0.78235424
0.737,64.59972
79.34700000000001,76.30855
0.453,0.12821573
0.0,3.619021
8.723,0.05693855
0.75,0.11066444
10.12,90.47317
11.603,137.44716
0.11,1.0944158
20.524,41.455498
8.967,8.112269
79.843,304.17917
10.597000000000001,1.0522429
129.387,205.82556
98.653,18.767092
19.923,38.35551
8.2,11.687459
0.973,155.85645
79.687,45.40646
9.837,56.87169
0.297,0.4518372
19.614,73.41286
90.74,214.2153
0.11,162.7653
128.553,21.885736
0.313,2.026587
89.523,589.4903
0.106,4.277219
9.143,36.527695
0.07999999999999999,5.3004904
19.993,56.24979
0.75,0.34123552
20.24,61.748936
10.463,44.609337
0.11,2.1084821
60.463,0.2077925
21.477,71.85227
9.757,37.02713
0.127,42.727287
4.76,15.701671
0.406,28.540236
0.016,1.1419543
219.784,216.6052
140.67,42.957973
9.413,72.871056
20.55,0.3784722
0.017,1.1419543
19.744,85.82406
190.807,43.956207
20.05,24.350904
0.736,0.4726688
0.064,1.3352149
0.203,81.03534
520.267,89.66654
0.55,27.894129
10.417,0.31356505
0.107,2.174542
241.313,137.24791
9.19,0.52960086
9.677,58.738743
0.064,2.7340868
0.263,0.14203218
0.33,2.0644794
10.1,20.4917
11.07,29.865376
19.864,17.092255
20.753,3.5802984
0.0,40.626423
9.793,70.7652
9.786,0.0464264
9.117,6.4788947
39.174,206.67415
19.662999999999997,402.68878
79.82,142.80173
449.957,489.31357
8.537,71.350586
8.58,0.18117534
0.25,117.57123
120.463,0.1257562
69.98,560.9896
9.077,252.88417
1.016,25.600924
30.014,132.21672
20.716,408.5116
0.373,0.2357832
20.373,57.556774
8.43,45.932144
0.953,52.202618
88.47,444.41147
1.83,30.33374
20.16,89.15275
10.267,90.80387
19.533,352.50034
20.7,34.016983
0.297,0.009851664
19.866,91.50125
19.48,7.3455873
0.53,2010.7675
8.307,53.12679
10.327,201.4504
0.034,10.142999
9.57,0.2409149
1.723,29.95314
9.856,0.13726865
0.156,5.722412
90.533,444.20282
0.14,64.75209
10.447,64.37545
20.423,33.71709
0.423,0.5175742
11.0,84.93641
0.47,21.443321
0.093,6.210716
151.003,168.8566
0.924,28.97708
20.93,231.88211
49.42,1.4221566
159.20300000000003,18.212988
20.216,423.36978
19.123,24.049782
29.217,277.53833
20.187,55.379566
1362.71,1548.6873
0.017,0.024793983
0.14,0.0024021717
9.89,0.023791375
0.0,9.129442
7.917,0.79048085
0.45400000000000007,52.003277
28.803,1.6228392
9.577,1.0510575
2.61,28.919344
0.423,22.42864
0.344,0.74372506
10.543,30.21325
131.88,88.8033
1.013,25.495419
8.706,157.9807
50.352999999999994,304.40933
11.46,16.447906
38.726,166.54926
9.424,78.89069
0.03,0.08586542
40.22,8.109193
31.543,75.461334
19.98,24.487852
10.177,0.134058
19.614,0.00849431
8.943,0.0070719514
1.193,28.413296
23.724,14.200566
18.093,95.138145
9.217,29.933481
40.034,191.89326
18.936,12.715766
50.073,58.68296
0.157,71.31762
50.216,400.10016
20.897,95.71288
7.853,39.58696
15.487,25.32809
9.206999999999999,8.370295
70.177,1.6816032
20.127,105.92145
19.687,0.023756636
0.284,34.81837
0.013,113.23958
9.187,1.5099994
2.79,30.664951
0.187,33.832386
27.73,193.04713
0.8760000000000001,16.585138
10.344,318.2396
0.016,0.11791113
0.156,11.76031
19.567,37.151253
0.453,0.006631335
0.17,21.706131
9.287000000000003,0.11423034
889.293,323.98093
10.103,35.659454
121.264,234.73859
9.956,61.440308
10.884,0.16141334
0.034,0.001253437
9.843,1.6060393
29.27,0.036699604
21.123,92.86984
14.650000000000002,182.16823
0.127,98.857574
0.44,30.530037
0.063,1.0930159
20.546000000000003,21.297281
79.913,48.449665
0.063,0.12784882
156.497,407.5996
10.699999999999998,2.2346244
18.683,38.76154
8.82,76.7237
265.493,280.27063
0.61,19.267384
9.12,0.011941561
9.856,2.223274
830.287,620.18976
18.513,180.62819
0.25,0.5782958
0.064,0.0568358
9.99,102.41782
10.627,26.760084
159.643,15.187033
0.0,2.188747
349.323,718.11255
100.963,70.41358
9.87,65.394775
0.3,81.513725
0.314,66.02547
0.06,2.768851
0.14,1.3896469
0.407,0.26175675
0.297,20.460344
10.163,48.09566
0.393,0.90411943
3.44,36.054497
0.15999999999999998,0.013896228
9.997,0.5149599
0.33,1.687737
0.483,0.39587796
0.173,92.89468
1447.853,547.6389
21.217,0.36656952
0.314,15.918274
10.73,73.251045
11.213,43.75485
9.647,58.278778
0.61,24.761423
9.984,0.25764355
0.53,18.943613
49.02000000000001,60.227516
19.993,33.663048
9.687,95.39438
9.86,1.1074165
19.85,0.772314
0.28,6.3117886
19.48,0.31398693
19.93,156.8726
0.093,35.01551
0.11,25.847752
0.143,4.417961
0.157,130.00323
29.494,178.00125
2820.0729999999994,481.00586
0.047,5.761059
0.217,0.5208168
0.267,9.286551
0.47,0.08125786
9.45,3.2708573
9.417,142.48138
9.477,42.74884
0.297,161.00029
30.036,1.4440569
148.55,254.5789
140.707,505.83707
40.267,1.3160052
19.47,12.386259
20.09,18.799686
30.004,11.573496
20.46,76.105095
7.376,88.31485
10.037,1305.0388
0.016,0.48596138
0.907,4.417961
0.033,0.2948323
10.03,73.65752
9.46,0.18179268
9.963000000000001,0.51147074
81.04,22.71989
238.186,108.79518
59.84000000000001,495.76804
10.207,122.06127
59.884,91.25705
10.463,0.15154247
0.797,22.72088
19.467,770.75104
0.55,46.222557
10.094,57.556774
0.033,1.0432056
19.327,95.90046
50.089999999999996,36.42978
10.812999999999999,198.9803
9.917,2.4768908
60.123,225.16
0.33,0.820731
29.87,0.10951366
160.037,106.510185
10.137000000000002,21.027885
20.71,28.243921
31.407,14.098774
0.046,121.40012
30.353,0.057887066
0.033,0.06345075
0.42,56.033947
19.703,5.839961
9.42,78.924934
9.037,20.437311
20.487,15.6843195
79.02,55.596264
9.9,13.973625
9.593,0.018636199
0.113,1.5370091
0.034,18.315756
1508.237,1168.9165
6904.87,1592.262
210.127,10.889832
17.653000000000002,2.8787405
0.58,10.4631
10.533,1.5188481
0.233,46.51193
40.163,0.78237075
2.753,0.17110586
978.1600000000001,1276.2856
0.017,7.6050673
40.24,2.2475173
10.223,0.044398088
29.753,32.918213
533.593,8.0529727e-28
9.557,0.012617988
9.57,68.54319
9.994,0.7482719
19.933,0.034135252
9.35,35.970814
18.217,117.24135
19.82,2.4536521
30.217,137.73486
0.66,0.2668117
19.567,19.579487
70.243,0.22629777
0.187,634.3055
0.156,109.52827
9.97,142.55223
20.373,0.021951387
109.51,59.059628
0.157,0.0022130853
30.8,225.34169
11.046,0.1274561
6.077,149.2429
8.447,569.09094
0.046,71.59799
0.546,171.59152
190.597,19.929735
19.967,0.4337167
20.917,508.688
0.483,83.364746
151.446,561.98346
9.983,4.837146
19.75,2.5195758
19.213,2.26237
250.11,661.7496
0.043,11.890044
10.133,35.53808
9.877,2.3267226
19.993,62.553997
90.02,352.3843
20.86,31.742363
0.07999999999999999,1.780423
120.76,102.74764
3994.477,1420.2836
47.94,2.775619
139.34,72.789185
20.037,107.902916
20.804,0.39355686
169.4,17.234413
8.8,39.466248
0.07599999999999998,13.026023
0.22,43.375534
30.954,45.04025
39.923,0.16827326
0.14,14.074381
0.86,96.137794
20.49,454.15414
9.83,1.9447191
9.96,53.4386
2762.044,53.267162
9.84,3.3766296
328.783,444.00607
10.76,140.16031
11.45,0.18179268
220.907,73.14098
0.25,0.3409389
19.77,10.53735
0.017,11.379456
9.017,5.7207317
17.517,19.151592
149.263,500.97894
10.73,0.9144138
5.87,18.540024
538.0,222.1824
10.04,102.12115
0.69,2.4999392
10.137000000000002,0.771141
69.85999999999999,53.704563
0.69,4.6875772
0.017,55.546524
0.017,0.14886631
59.803,162.76869
39.9,13.197889
1.036,56.760853
90.143,363.7072
0.12299999999999998,0.7007025
284.577,185.05902
0.487,48.510765
158.79,58.659973
9.833,0.023205766
0.14399999999999996,0.02510041
19.877,304.0922
1.0,0.1868498
9.68,10.549846
0.267,60.518166
4.707,230.14406
0.436,1.4710505
10.077,0.5635233
19.057,207.6104
50.693,259.6171
0.063,23.383862
50.81,0.58434016
9.953,48.161884
9.423000000000002,1.9543438
19.53,0.17742375
1.854,0.2514901
0.33,42.81571
0.033,0.6781549
0.046,14.790589
199.364,212.08693
0.407,1.375521
19.874,6.9070444
410.3,820.7279
20.217000000000002,11.960235
10798.717,28.048311
0.047,24.891838
9.473,0.6480009
29.893,1.6106176
9.613,56.472042
80.556,148.50249
1.237,0.72205853
29.503,2.0463157
0.07599999999999998,11.005152
31.044,71.34492
9.469999999999999,1.9831545
30.903,37.019756
0.127,0.5081554
0.606,64.37545
21.59,178.70316
9.137,5.0468435
0.424,0.6781549
100.007,269.32764
0.17,9.581778
10.12,0.14098775
0.093,24.813118
19.247,0.05326316
10.02,0.018767595
569.756,493.41885
28.86,51.307896
1.864,3.7726133
0.157,4.741627
0.223,2.8545697
0.013,22.826017
0.064,6.024701
0.45400000000000007,27.2144
19.47,4.872634
19.453,113.56812
0.94,27.033295
9.783,2.6814413
230.103,97.30986
10.89,0.7539174
10.497,2.381175
1.673,0.79048085
0.046,0.54747653
10.213,59.326946
20.753,88.73659
0.046,80.143196
250.816,1041.1748
4650.753,1293.9897
88.774,459.27197
196.967,134.02922
2500.04,2119.2205
10.364,20.340687
20.54,0.31398693
9.204,4.8563523
19.884,0.094883926
20.227000000000004,4.872634
160.453,442.22678
0.064,1.9007629
8.547,20.09241
20.432999999999996,89.98638
0.017,20.100338
0.064,15.059586
30.047,110.231606
1757.347,460.02646
67.813,7.0626345
0.203,0.011986149
39.756,0.088524595
18.75,224.55653
20.1,9.174083
10.126,28.256262
5.123,153.64752
9.84,312.8157
9.41,64.43243
41.293,30.473272
30.917,21.745556
9.893,91.70117
40.577,18.958466
15.86,25.84838
29.98,2.3383465
49.977000000000004,417.369
60.283,152.22458
0.534,60.38291
109.803,213.96455
9.857,33.32002
10.803,8.053853
29.55,0.04095245
319.1,468.81375
9.14,17.525555
0.047,0.4705275
10.873,17.55518
40.51,37.6856
19.89,234.64748
730.647,26.397343
0.19,81.0414
0.83,2.1030805
1.047,34.344425
0.047,19.213625
10.417,90.94872
0.297,1.6720744
35.783,11.222053
10.213,21.75312
449.833,891.9864
0.406,7.092077
20.194,81.89185
9.467,0.15405108
554.687,227.9161
19.997,15.3601055
9.673,8.935298
0.14,0.36700955
0.0,0.54365253
0.157,0.08998505
9.903,1.7186629
9.756,0.003521766
20.507,234.72841
9.783,1.000231
9.693,88.35551
9.884,1.8588052
23.554,572.0013
18.994,0.15344568
9.79,1.6720744
20.16,72.77829
10.023,58.84
78.516,34.800396
9.637,0.5208168
9.12,0.1695599
70.296,225.15915
179.46,284.2867
19.193,0.009358394
0.127,0.83489645
9.9,44.6476
0.07999999999999999,11.255291
99.98,367.8038
0.046,0.006631335
130.704,591.67334
0.066,1.5162954
8.883,163.38213
0.236,59.55516
9.137,177.00487
19.124,21.947502
6.48,136.7166
0.86,43.63681
19.13,14.142882
40.046,10.949619
0.07599999999999998,2.3942726
16.137,0.6619468
1.8599999999999999,0.453773
18.806,465.56573
18.983,25.582064
9.834,39.691185
49.72,246.83406
10.2,57.62132
0.47,0.49580172
0.483,16.147495
9.137,1.3796117
669.65,6.7751284
0.55,0.37292558
0.234,0.973645
30.247,307.17374
20.087,107.70941
1.017,15.284386
13032.19,6224.4766
38.97,237.69899
3019.956,2046.2384
0.656,1.1101148
40.064,27.669683
11.077,0.81420964
49.626,7.0678816
9.804,0.101324946
0.897,0.76205826
3448.56,401.9244
9.71,31.134686
1415.227,369.523
16.5,21.67482
11.737,43.1943
240.103,368.95682
10.79,15.142344
0.047,1.4679942
0.377,0.00150953
19.22,109.52827
0.19,18.094183
0.344,401.9415
489.746,45.758316
9.76,25.593742
49.65699999999999,22.838745
9.657,36.660637
9.796,7.1647816
8.64,179.80176
8.893,0.87681407
19.194,72.17076
60.584,56.708603
17.700000000000003,62.10194
0.69,0.53802085
0.11,21.054996
0.047,0.22694719
39.71999999999999,21.993006
0.093,15.797043
50.22,18.77672
19.143,16.931183
6546.507,1702.1802
60.34,0.004526219
59.237,429.82568
0.094,2.8545697
10.19,150.33214
190.32999999999998,1.3118855
7.8,30.964422
8.91,126.32985
69.533,57.556774
19.597,0.58948493
69.773,595.4774
160.03,9.571077
0.3,3.7726133
0.907,0.011147065
0.03,36.251232
1.503,13.730255
0.03,32.669327
28.993,0.013959876
0.36,14.349108
3.873,151.98065
0.017,0.012887415
10.58,0.73848224
20.484,32.26339
19.38,361.23016
9.593,0.0006516066
18.98,24.54444
9.933,80.3718
229.19700000000003,450.6178
0.03,11.010976
0.25,83.75688
0.56,15.263207
0.157,18.639582
419.533,247.63754
19.753,7.175119
9.91,23.421062
0.45400000000000007,0.047200564
0.033,1.0065427
0.047,2.8704176
13.993,12.346481
25.076,61.706066
0.0,66.25647
9.77,24.625471
28.677,95.03349
12.543,39.266945
9.36,0.6964461
490.25000000000006,670.87805
9.436,45.579338
0.127,1.479942
0.233,0.05126896
20.037,318.03796
57.747,131.2873
18.26,25.04289
116.177,0.66775465
0.06,35.47735
9.883000000000001,0.028325634
8.067,23.196344
0.017,43.168777
69.864,474.7436
10.277,0.023154456
299.03,417.20047
0.017,18.455141
69.87,129.67859
10.366999999999999,12.087376
68.52,22.104403
9.763,64.001045
1.693,8.880068
89.9,74.2844
19.063,19.280907
172.513,193.02556
0.283,0.28340906
0.233,0.119795956
20.77,12.301556
59.853,36.120266
430.027,471.91068
29.394,216.4557
8.769999999999998,0.360797
39.94,58.6497
159.353,42.645008
8.47,3.5512536
0.11,0.5412692
70.297,1231.1302
20.586,6.028827
9.96,293.75854
9.063,0.082162715
0.093,52.30017
0.563,102.8537
50.404,84.65557
14.936,17.81389
20.073,9.882705
39.64600000000001,0.074075386
0.19,0.0063907052
63.873,0.39766654
11.413999999999998,17.646917
10.757,10.039955
0.047,5.315579
0.064,12.421327
30.18,13.135354
28.457,40.574482
0.013,0.04135185
18.637,110.02365
390.82,352.5306
9.907,28.84387
37.84300000000001,0.6598657
19.944,282.12543
39.83,410.28317
0.046,15.990849
9.973,89.74134
8.433,28.528885
0.127,0.0006345884
38.85,204.36073
9.907,1569.3087
10.074,0.02158678
10.699999999999998,0.027277905
208.954,408.5116
940.153,1684.3187
0.297,60.930447
0.453,0.55077887
80.5,211.6256
9.469999999999999,104.05504
50.11,45.000603
0.14,143.69449
25.997,308.54605
0.126,0.86243564
0.453,27.98757
7.947,18.366062
9.433,17.228569
8.97,16.163805
9.43,18.140793
29.677,114.029785
18.837,48.19716
9.86,21.520998
0.14,0.0047567864
0.28,350.3912
169.414,1724.0197
10.35,0.5667986
9.67,0.02491717
42.047,90.082695
20.0,0.08926281
10.51,306.95352
40.416,0.20925614
148.16,485.79977
0.107,0.57929754
20.097,0.19690111
0.107,109.93452
16.197,70.70734
9.594,49.81016
140.987,51.28199
9.443,0.1274561
30.237,50.401104
9.346,25.373447
0.064,3.0451899
10.056,89.53188
0.11,0.548615
8.693,161.99452
39.74000000000001,95.7305
0.253,10.890808
0.204,0.079557486
150.933,550.48553
20.487,0.005577243
19.677,684.95996
3.38,124.098076
11.786,71.26585
0.594,3.5154681
29.976000000000003,145.85626
179.823,170.36215
19.68,100.72948
30.133,317.4541
0.11,0.49284407
0.203,1.8133981
9.513,36.430958
310.063,572.67694
39.343,438.95676
1.19,23.032406
0.093,18.455141
9.227,16.021833
19.743,93.95798
0.127,88.38816
20.063,276.1302
120.11,97.02849
1.204,26.20882
20.24,25.951838
9.59,4.587272
10.817,27.074831
8.947,0.79048085
40.393,33.723114
0.673,110.34236
0.593,0.19595174
130.027,63.50691
7.966000000000001,32.946747
10.197,53.765038
20.883,25.48354
0.503,33.018326
11.480000000000002,14.739589
0.047,0.05126896
0.407,3.2841747
0.173,2.6771946
100.277,0.16141334
7.36,31.704792
19.747,392.80322
2002.2070000000003,683.01196
19.847,73.93925
20.144,0.016066248
70.173,127.466125
50.246,28.71923
19.03,142.07114
9.817,15.045954
9.914,0.008857805
19.703,3.0470114
10.023,5.557157
10.239999999999998,152.86945
0.513,1.0484517
9.324,71.24031
9.732999999999999,95.1981
8.694,0.08011596
9.544,1.4882312
0.39,1.887809
0.81,0.41121417
199.62299999999996,409.77997
0.22,0.506003
0.047,0.23596925
9.88,20.942389
0.106,339.34012
19.733,132.6139
30.577,0.059379417
10.22,101.36509
69.46,130.82642
0.143,0.22557937
0.094,37.830845
40.809999999999995,0.50350225
159.95,518.20166
20.066,63.325733
0.474,23.196344
10.953,85.0553
8.003,210.69217
0.19,1.8266791
0.097,25.277908
8.686,4.02162
20.19,11.0782585
160.364,159.23709
11.406,44.0378
80.647,64.14182
9.619999999999997,0.35593385
9.056,87.39632
19.467,0.43838122
19.867,90.17332
0.17,2.350327
20.254,0.23990516
140.394,358.32135
18.99,40.793804
0.14,22.42458
9.356,6.6682334
9.15,35.66807
0.53,90.11006
188.704,466.18198
70.133,22.838745
9.923,2.4746976
19.96,206.54018
0.03,16.808409
9.593,12.518684
0.437,101.18061
39.896,182.55206
9.95,136.21512
208.786,94.05261
0.0,0.0022130853
19.367,365.79016
10.113,3.0148628
10.067,42.10454
20.020000000000003,97.55352
100.2,409.29507
29.787,301.21597
3018.506,440.11368
18.81,40.93354
19.656,0.14626385
48.007,236.76624
59.84000000000001,44.60031
50.15,57.05798
10.0,0.00055592397
0.014,84.79761
8.657,1.4372547
9.78,0.1865151
60.216,368.7376
0.17,12.087376
0.97,103.15337
58.99,0.07328323
0.03,0.0666237
339.756,920.2064
0.423,24.900484
806.56,388.7857
160.36,414.7729
0.017,0.011094598
0.607,28.256262
1661.204,311.3171
141.177,114.029785
19.99,0.028173983
1.203,19.156925
129.98,187.65045
10.214,69.611465
10.063,53.787445
2502.23,266.81836
0.407,14.078073
10.054,203.53365
1657.3700000000001,1055.884
19.95,19.407705
9.193,0.15206029
0.374,2.2224026
19.867,29.232336
29.903,79.87078
0.113,80.3718
20.96,106.50917
0.033,0.16135728
0.8760000000000001,2.1525688
19.203000000000003,0.58584327
860.213,723.0255
10.779999999999998,82.339226
11.123000000000001,20.973059
0.064,0.5870486
19.477,90.41471
19.737,0.42046982
19.827,450.68967
9.013,6.6032863
8.78,57.872387
18.277,143.31313
9.036,46.633648
0.424,47.081318
1585.61,1539.9027
21.982999999999997,88.79028
10.400000000000002,0.022534674
9.69,77.15158
0.707,0.55244654
9.306,0.24485298
101.066,287.8861
93.37,93.22555
770.707,482.47473
0.423,11.193706
0.097,7.5170646
11.073,18.48432
10.133,4.3312507
8.813,0.004503768
15.292999999999997,63.522266
10.897,0.5010384
40.813,240.78772
10.25,146.21696
0.017,1.006103
100.883,178.23248
0.187,55.316334
2220.067,619.2105
0.07999999999999999,47.731773
19.74,44.023163
0.063,16.23373
140.82,124.25802
458.69000000000005,0.9700759
23.18,120.12713
29.71,50.68348
9.14,43.751637
19.91,11.294546
10.08,30.092447
40.3,36.098263
0.07999999999999999,25.804014
3661.58,724.91534
20.733,0.143384
0.156,0.30702436
10.006,2.3399932
29.323,262.45395
39.60699999999999,33.247368
0.5,1.2078317
7.533,16.280525
19.8,238.20447
39.7,162.9266
0.063,0.9313572
16.654,35.026096
0.07999999999999999,58.725475
9.78,19.863758
29.573,477.10114
9.793,0.02158678
19.936,51.2938
9.304,14.349108
0.0,49.857285
19.827,0.809453
60.297,0.9925658
100.963,1044.1865
9.336,14.816297
8.737,1.2688354
10.21,229.70343
740.0,433.52835
70.23599999999999,1.082889
18.535999999999998,35.53808
0.14,1.3792683
0.31,27.035437
40.763,348.1345
1399.523,1170.8618
9.956,0.92903215
5.25,17.81389
0.623,1.6919559
130.047,677.14905
0.017,1.9195544
9.76,99.37936
0.064,48.524445
10.163,80.98431
21.077,4.0805206
0.237,20.460344
20.237,185.24493
0.344,57.1957
0.0,19.074072
8.653,0.0021534283
0.127,25.408657
9.306,338.14008
19.41,40.93354
120.94,459.19446
19.693,205.2087
0.89,0.50350803
16.663,16.88632
20.32,640.37573
39.787,553.88885
10.083,1.7801104
10.502999999999998,3.3228016
0.296,30.41478
29.446,111.01731
0.377,30.993753
10.65,1.8347188
189.01,121.866486
20.14,9.392074
19.203000000000003,350.40326
0.203,0.21986285
49.534,234.86096
80.104,8.597941
0.0,102.84142
91.363,360.84592
189.67,445.59802
39.64,11.289865
20.613,6.7885146
0.127,4.825205
189.507,247.77135
18.393,0.19063483
10.192999999999998,6.9708242
9.2,1.9211894
0.064,0.0015664776
0.17,3.86853
9.2,0.4349369
10.674,19.49327
309.387,101.36954
0.437,10.267723
11.07,1.9855598
280.216,61.479454
0.33,12.194567
19.717,10.784365
8.857,1.4323618
13.787,10.521691
0.063,29.215296
9.76,0.8388285
9.550000000000002,0.0013621377
17.947,144.10193
19.75,6.779569
10.484,87.20106
0.707,3.331158
9.44,33.847816
3862.71,11.079367
20.397,0.4886065
10.293,0.03252996
0.14,154.57545
16.49,451.5928
101.247,94.85429
29.963,15.12421
30.157,81.7169
67.944,560.0265
0.717,2.2556958
3.82,0.506003
17.537,132.43881
10.026,0.33775735
9.603,1.7640564
49.947,0.14790402
0.013,1.1451232
9.463,38.784065
120.273,362.62018
10.12,122.17427
0.03,0.35729384
519.8,509.96136
0.11,1.8660319
8.787,18.455141
29.723,87.09855
520.3,121.02082
10.167,0.0024021717
0.093,18.193295
9.57,0.07807246
0.267,0.0033344429
19.743,0.10901838
0.423,56.870472
0.204,1.295523
40.34,369.49368
3597.546,2438.615
19.85,87.81895
9.483,38.96445
783.82,1380.2568
9.26,66.950356
9.896,7.8540144
0.14399999999999996,5.840211
9.697,0.46582383
8.3,84.49078
0.046,0.0032445574
11.767,156.35057
0.126,35.47735
10.103,0.4258702
9.796,4.9709516
30.29,95.462944
19.003,0.035151612
99.977,265.52307
122.65,1423.1583
0.156,501.70865
9.224,0.5114673
11.147,68.415634
20.956,79.73702
0.28,36.90299
0.233,2.2856705
0.14,1.5045186
7.743000000000001,0.004282297
0.173,0.28336075
109.9,68.966606
0.627,0.5782958
10.21,124.781494
8.783,55.68111
9.227,2.1871698
9.193,0.7447229
120.117,105.40904
17.706,47.984035
19.76,248.39676
0.12299999999999998,0.2514901
10.227,0.04438974
771.454,221.07715
9.987,8.823489
39.83,321.69977
342.24,1974.1777
1.237,88.073044
29.587,338.8912
259.983,406.51416
18.793,2435.3074
40.594,4.232851
0.313,28.453165
418.34,568.20166
11.033,79.144005
49.784,46.645546
0.12299999999999998,59.813572
9.863,1.4465389
10.917,15.057008
20.676999999999996,54.657192
2.953,61.151394
0.143,38.604458
9.46,171.2254
9.700000000000001,1.314712
0.077,56.075207
0.27,2.3394885
0.19,0.9367696
0.12299999999999998,0.42077512
49.717,69.989
0.75,96.56213
340.30400000000003,351.29315
10.010000000000002,0.84231865
271.03,400.08182
8.62,15.304152
9.104,0.5714926
10.11,282.00827
19.6,2.443061
19.994,2287.2417
89.69599999999998,473.48306
10.074,8.197666
11.067,251.02121
69.203,70.66283
8.273,89.3886
39.957,225.46567
9.764,38.479416
300.01,162.19751
39.64,62.140152
0.127,69.229385
8.95,2.6214437
7.867,2.6647677
9.123,0.028961211
39.53300000000001,175.691
8.850000000000001,45.932144
1.22,0.00108032
0.064,2.188747
161.737,846.45264
9.82,38.307568
9.163,73.82242
0.0,1.5238984
0.017,1.4754354
9.143,35.082874
409.6,213.36293
10.013,2.6846287
40.77,60.355743
0.47,4.741627
18.317,0.36504292
9.537,15.090633
736.443,215.37271
39.4,150.48213
0.17,0.12171066
40.18,1304.9147
10.04,1.0422438
0.724,0.107209556
78.72,102.062904
353.7,775.321
19.674,81.566864
9.727,19.458235
0.44,26.809511
70.337,226.1833
40.42,94.35826
9.523,38.283897
10.534,0.20974647
169.85,78.72224
0.97,380.1754
10.067,68.91306
0.063,0.1566136
140.89,268.00638
39.893,605.3083
9.714,4.1263285
89.93,226.53731
120.4,89.59813
0.0,0.0012227675
0.046,7.3441024
10.477,0.013202634
120.28000000000002,3.9696548
0.11,2.4954305
10.097,0.28398156
10.263,3.7443042
19.56,1.1044265
30.077,3.3766296
20.950000000000003,52.96086
10.053,0.9560609
110.163,485.97116
290.0,277.68573
70.146,1.0509821
19.983,97.4619
0.063,87.04284
11.107,16.515106
57.43,400.96393
391.106,904.05676
19.07,1.4651693
8.873,25.242847
29.48,225.1248
19.089999999999996,381.4347
0.28,1.7068638
10.117,1.6014881
0.5,0.23990516
43.544,0.051729705
9.91,92.46092
0.767,14.009076
20.607,9.490242
19.61,43.224308
0.14,1.423117
0.034,0.0014542865
19.413,15.56158
11.213,4.6171045
9.342999999999998,16.854567
10.443,2.7340868
0.097,186.39134
20.13,14.52114
0.017,13.325792
29.74,547.4381
40.597,115.387184
41.513,0.39468262
30.013,21.3774
30.393,27.05997
29.756,8.616021
4709.877,702.83795
0.157,0.12158607
9.700000000000001,0.0011762449
19.457,21.460463
8.623,17.285334
0.42,29.66009
0.36,0.4898256
0.203,0.9367696
29.862999999999996,8.225045
70.003,3.4105272
0.346,0.06366557
0.12299999999999998,96.670746
100.76299999999999,0.14916404
59.050000000000004,322.8446
0.843,0.50364876
0.033,3.8304172
10.347,0.035017543
49.877,572.56537
1414.854,482.90656
30.23,156.429
8.707,1.3896456
9.313,18.881037
0.033,0.50350803
0.06,22.223942
30.067,1.0390188
9.66,0.0013501307
0.296,14.996568
0.39,2.1223125
520.457,527.15234
10.15,0.10013732
40.74,0.61393875
9.666999999999998,1.7277588
20.0,83.67198
180.633,78.899055
9.68,20.93269
7.636,17.80293
16.05,20.935253
0.12299999999999998,3.1565013
15.14,52.198917
0.157,1.6445739
20.13,0.30345088
0.36,16.147173
0.204,15.890311
0.266,0.0047567864
0.72,13.094185
0.097,45.37852
0.39,41.77357
8.936,2.0477834
22.076,108.5356
201.354,1212.2235
0.14,0.001329526
6.563,36.429085
0.107,4.2609315
9.314,62.70425
9.887,7.3441024
10.397,99.24959
30.176,2.1258776
1.047,4.118011
10.026,409.47797
9.67,149.38425
8.75,30.941906
0.283,0.13917987
30.923,107.074135
4.733,268.60037
19.63,460.9996
7.804000000000001,102.91342
9.34,279.55484
29.84,51.966713
9.98,0.120005324
129.97,30.009476
2929.68,1651.4673
9.877,74.78396
9.85,37.788776
21.17,21.991117
0.187,0.31541768
18.637,0.72671187
0.03,14.933995
9.22,303.89642
9.417,0.93609625
20.744,134.89868
20.257,8.31739
0.143,343.20587
290.187,135.82222
605.42,381.37637
50.2,35.87181
0.793,0.06434936
9.71,85.350174
442.337,45.767227
8.733,21.983007
0.047,0.014632017
1553.877,2530.4314
70.07,1.2091548
0.124,67.983665
30.733,96.16751
10.457,323.83508
0.203,47.997253
1178.373,1999.0465
19.993,1052.0437
20.1,0.026263522
0.126,19.074072
0.11,3.6865232
20.834,297.06607
19.993,8.625531
70.027,9.115203
19.293,684.9156
0.33,15.720589
27.98,396.0253
0.25,27.555695
80.00600000000001,633.4966
19.937,115.43589
39.264,26.905642
10.157,32.831654
1.83,120.94006
9.683,11.824999
9.964,11.294546
30.147,15.045954
19.597,0.20925614
65.687,602.17285
0.5,103.64523
18.163,40.69271
171.234,433.6433
1.5329999999999997,74.99492
10.303,2.8704176
29.717,205.56247
79.79,95.04583
8.32,110.34236
30.156,96.8251
21.259999999999998,0.028507475
9.423000000000002,179.94017
49.4,11.445816
0.14,28.528885
99.31,28.077114
9.72,0.50270545
781.44,298.39938
19.78,8.642218
839.603,319.20697
30.597,9.392074
33.44,732.2373
1529.15,2547.8223
9.303,0.30102628
39.424,124.99571
20.156,176.19505
209.963,0.1261094
9.687,9.998222
0.203,105.582344
0.03,0.8413178
0.36,363.3687
18.98,91.36347
1590.2399999999998,455.3688
0.437,38.690384
9.897,0.31709424
78.9,0.1770728
0.143,116.73311
0.507,1.0432056
9.953,7.214097
9.734,27.998552
0.15999999999999998,0.16279711
30.059999999999995,466.6717
0.207,0.45856184
0.034,46.13787
30.783,45.28076
10.123,13.580227
38.997,0.051400565
10.36,11.105128
9.467,1.2021724
0.5,0.67774624
1401.87,697.9856
9.793,0.3104302
19.997,32.66127
10.694,64.83867
0.19,0.16526775
359.927,1739.8391
19.156,201.4504
20.723,0.09443644
1802.01,747.0282
0.127,54.900154
1151.4699999999998,1040.8547
19.854,475.47098
0.19,0.014819612
58.95700000000001,0.009623109
0.11,24.048258
0.07999999999999999,0.5436515
48.38,67.97838
9.107,73.80309
0.267,102.880394
30.843,10.909991
0.14,1.8473066
19.15,6.0804095
1.016,22.63432
69.09,213.97298
10.056,80.64092
0.44,19.90331
20.056,0.13022254
9.783,0.043075666
65.437,1036.4352
0.156,0.38078126
0.11,16.408918
0.14,0.3392604
39.02,53.47225
19.977,366.14713
1.0,72.97647
9.356999999999998,6.319088
0.33,96.78996
69.437,1.2098228
0.016,31.928247
11.976,174.35344
0.58,11.193706
10.257,9.670011
9.807,22.22102
0.36,21.69759
10.54,1.7407013
0.453,0.457791
19.13,2.1257398
429.233,476.25653
50.95,73.32206
80.183,0.09303434
0.017,0.5617666
40.957,341.949
9.986,9.129442
0.204,29.573381
9.786,0.09711365
170.143,118.86418
0.567,0.78127986
0.314,25.730549
20.93,92.367516
0.064,0.42666453
9.867,2.1539793
0.043,34.423462
159.447,571.4123
7.303,14.52114
0.016,0.0886324
0.203,0.42046982
19.363,149.33704
41.95,220.9059
9.287000000000003,112.62084
0.14,102.500015
240.113,110.60056
42.297,19.600193
249.547,1370.9965
8529.657,988.5354
10.62,0.06458322
10.033,122.3778
10.173,2.8704176
9.274,14.971056
70.226,902.9565
0.12299999999999998,55.672207
9.9,22.241467
0.233,0.027113294
0.36,0.007400853
2369.447,553.422
40.576,53.50055
5179.55,902.6684
149.33,461.0365
0.077,1.5584662
40.377,859.39856
0.327,9.640112
9.757,5.3601093
22.3,145.66869
10.737,125.56679
179.596,207.83846
9.996000000000002,0.00371962
0.047,0.054105964
9.913,85.35759
0.173,180.27075
330.49,1326.942
0.22,2.188747
340.31,732.11176
9.353,11.214565
8.933,27.842674
19.584,97.678986
0.25,0.25899652
9.786,13.676806
10.37,361.2385
60.117,589.1204
9.597,340.59683
10.994,39.376865
0.034,15.69354
19.863,6.6268063
29.307,0.8978464
0.047,34.017532
9.06,1.0291405
140.307,55.05225
100.667,387.35416
8.776,0.027248552
0.157,4.1318765
0.173,2.2920048
0.07999999999999999,38.12589
400.183,379.72287
0.42,110.02365
400.227,1044.7799
0.03,16.584284
5841.29,1086.2727
7.643,0.0023374127
80.04,33.829666
130.007,3.8925862
1.156,63.258705
60.297,36.751476
1.22,0.9453897
20.174,686.60535
8.87,37.484535
17.483,114.06264
9.104,428.52304
21.126,641.5756
0.667,42.55841
10.467,104.41579
4.773,0.024483886
0.097,47.997253
0.17,0.11848048
19.517,96.73033
10.253999999999998,44.371227
81.58,355.12814
10.463,43.375534
10.54,16.763567
6.39,68.96795
10.167,29.814978
9.463,1.2318565
179.683,34.02288
0.187,0.16135728
0.14,0.0060334336
10.18,0.03670993
10.0,80.2074
9.476,131.98897
9.423000000000002,8.155148
89.99,573.7906
10.320000000000002,18.907616
179.04,683.7062
49.43,12.043981
20.96,95.32989
8.457,0.00070545025
250.313,731.09045
0.814,2.9728792
19.804,134.89798
69.607,112.50687
0.107,346.98047
0.61,2.321585
2792.333,160.16902
90.77,0.6588583
9.07,1.2127208
23.607,0.003620595
582.3430000000001,418.0723
28.75,319.03613
0.157,200.43535
120.177,29.597132
0.42,27.591894
20.32,6.040329
2813.897,774.33936
50.847,4.7486496
0.173,1.9831545
0.0,0.2941285
530.403,514.0516
9.534,20.24183
11.226,1.6480767
31.123,0.35925364
279.356,370.99008
20.747,344.354
11.37,0.41147152
9.619999999999997,38.67447
858.414,662.9433
9.233,459.30853
11.15,61.13771
9.21,0.38078126
9.867,29.944977
179.397,25.964876
330.73,1.1535609
89.104,0.9652303
90.08,0.7269309
0.14,63.82324
420.33,1749.6418
0.047,4.97744
0.157,15.592733
99.377,656.5461
0.077,17.882713
0.094,0.15661407
9.35,0.044398043
27.816,34.783043
61.88700000000001,50.323055
