actual,predicted
418.96,150.94301
8.743,43.39092
48.92,181.74716
1.3,66.27922
0.357,31.144787
10.067,129.33636
9.45,142.86923
180.037,73.67207
20.073,185.19104
159.333,91.018
19.61,532.2355
20.202999999999996,253.5995
20.0,112.802895
20.339999999999996,65.45568
21.03,36.41629
8.75,25.002039
589.993,505.25278
40.85300000000001,53.624424
69.693,108.19989
0.283,8.764654
20.78,52.249634
49.923,212.90614
0.29600000000000004,76.56441
0.11,92.52338
59.62299999999999,42.83979
10.033000000000001,217.85368
11.57,235.73373
1150.624,325.05243
289.74700000000007,78.42821
19.642999999999997,64.54463
20.306,253.54631
10.37,163.77019
19.03,4.44559
480.333,68.976425
19.42,77.14403
210.383,111.03108
0.3439999999999999,30.757463
70.72,128.19756
29.977,43.190434
109.7,651.29364
7.147,23.407484
80.894,128.63043
39.813,129.41277
0.05,37.542496
10.134,44.47947
493.157,170.67937
0.144,79.2076
9.92,51.097916
9.687,353.2267
10.403,80.25848
48.866,46.172348
48.84,175.65282
40.11999999999999,75.43053
99.75,449.94174
39.53,216.64308
0.313,144.73126
20.053,20.760956
360.843,103.458466
9.467,102.472435
309.317,762.5652
19.823,58.293655
1061.787,214.53165
8.187,154.9346
150.063,192.81418
835.93,474.68466
0.91,82.05957
39.55,91.19201
80.01,152.25728
39.777,234.28047
2680.006,110.95193
29.856,9.2645445
13.35,66.23815
9.34,304.29324
170.31,155.84343
11.23,30.43539
0.537,189.93137
49.28,71.69253
149.473,136.07512
0.223,80.70254
9.7,119.57666
15.13,164.74722
19.204,80.44223
20.283,58.096252
19.553,23.431679
1.9199999999999997,445.16165
0.8,98.70531
0.16999999999999998,22.720392
885.534,117.7845
1560.06,423.50714
0.44,60.45477
92.943,27.650814
90.733,70.70524
9.557,225.25652
50.317,55.326714
50.436,220.49524
0.453,59.9123
20.636000000000003,151.09581
9.627,136.6041
0.25,19.885197
21.153,60.27363
9.14,155.52939
1479.357,4775.504
19.604,541.368
40.493,166.53384
30.196,120.45165
109.88,102.43922
29.943,293.6605
0.0,56.586746
380.96,164.1685
10.333,34.338673
1850.79,249.66248
9.323,193.0566
29.613,136.34776
139.56,32.568962
244.327,279.29272
0.767,357.96793
40.55,64.33037
32.13,355.68796
0.517,46.22058
19.027,263.74036
735.617,8591.083
8.06,132.74998
40.263,107.516754
18.27,77.17222
0.0,102.12952
336.696,134.1359
1.686,91.79512
119.96,261.71625
0.22,116.41025
99.49,66.432205
269.56,204.39642
28.827,352.57465
119.96,76.05793
659.373,66.93374
100.503,39.906647
119.764,916.0373
2132.616,1553.8868
0.4060000000000001,59.97517
151.953,375.0295
0.14,71.95122
10.036000000000001,53.502884
20.243,218.95317
460.61,125.171165
279.92,146.9414
621.037,103.827065
240.77,177.14825
31.06,219.74704
1130.427,726.1994
9.937,172.0823
339.767,132.09558
260.34,248.28392
230.053,263.58737
10.08,414.44415
108.983,158.9006
229.37,369.77255
8.557,52.327087
1.283,156.54544
60.067,34.482807
1409.52,183.7216
19.713,266.81732
539.66,63.786186
300.08,396.40002
51.1,256.8087
601.91,683.7925
0.507,36.594822
358.8,410.61
20.013,89.31532
510.056,58.724068
19.743,90.22647
1590.3,539.55817
149.76,182.11371
19.377,88.14053
10.007,117.435165
89.5,265.8427
640.207,15.164174
38.056,374.69086
18.836,145.45818
40.037,92.74647
29.977,632.81433
30.406,81.121826
1.233,62.19413
0.486,167.13614
223.207,257.40887
3.567,149.39964
549.896,336.34006
29.143,194.19327
102.837,211.84346
29.52,2046.2142
70.56,13.168095
29.96,225.34915
30.15,47.762703
0.33,118.42411
0.33,100.07803
18.453,143.43323
10.097,18.46133
20.29,111.605515
10.459999999999999,214.29274
170.4,138.92097
969.753,206.76762
59.336,333.57468
20.29,259.7006
20.11,106.78521
10.592999999999998,40.48807
18.397,112.76362
169.447,245.116
19.02,104.67501
80.02,32.046886
59.94,53.566605
340.157,79.282394
79.95,111.26042
2231.16,783.1103
409.883,226.20645
20.212999999999997,210.664
82.79,158.35365
0.127,253.09038
19.223999999999997,123.27346
0.094,196.26686
0.217,203.38666
109.764,216.93948
138.963,54.067738
20.026,143.41537
10.336,34.249966
619.47,918.00024
8.594,104.31088
0.28,52.00078
9.895999999999999,152.57903
0.687,83.62535
600.434,69.96977
480.493,204.34459
56.733,98.21073
80.617,76.75173
451.24,200.04176
70.137,571.1853
809.507,547.8796
121.57,75.80963
21.097,64.81407
51.086000000000006,31.616516
0.20300000000000004,200.536
0.36,119.923965
69.303,116.63154
29.963,90.63513
1.346,54.646507
19.943000000000005,721.43243
139.137,205.24118
20.033,40.431786
239.8,802.2429
11.127,41.864826
109.907,38.747105
10.94,145.43318
152.57,174.27734
70.106,100.5002
0.076,23.879972
19.274,105.873795
20.007,64.94665
49.963,210.52504
38.924,205.49461
459.6530000000001,111.22171
50.607,517.4148
2539.833,451.01212
60.24300000000001,12.81432
370.096,262.29648
9.917,121.36337
1150.73,523.7895
10.807,122.9041
150.93999999999997,503.52887
71.03000000000002,280.29776
138.94,942.0519
10.093,20.193937
4.333,83.6028
99.63,77.0365
0.513,9.0079775
19.98,272.68317
100.304,306.06488
8410.233,691.5824
79.783,28.390566
529.873,406.99136
10.01,30.757463
40.787,57.292477
9.564,61.281513
319.846,72.49313
0.8,23.562963
589.837,107.24676
179.94,55.534504
58.927,215.98306
10.066,23.4851
19.503,123.78584
148.943,287.73682
3696.857,288.63763
29.303,221.88779
19.343,33.509502
0.847,25.249258
89.947,158.29659
9.116,79.95681
9.477000000000002,39.182095
19.38,62.167965
9.924,125.88398
51.347,37.00774
199.807,138.5952
8.634,98.80534
0.78,1203.5925
219.823,0.7995641
60.18699999999999,298.74576
3624.48,564.7117
10.924,31.62643
179.743,149.18628
10.047,150.17159
109.9,173.4467
6371.753,61.615578
49.747,92.670364
1849.85,479.34586
389.54,66.92096
86.48,77.4128
20.123,130.98463
6.624,122.53582
99.317,27.52498
19.98,136.08217
20.98,64.29169
19.92,65.08488
13.857,248.37471
1.39,92.06532
240.636,244.82677
20.636000000000003,131.37389
30.77,253.09038
0.45399999999999996,157.45413
10.083,52.94589
0.11,69.83161
9.253,119.33742
12.31,264.30493
731.034,723.7023
51.223000000000006,248.14539
9.34,87.849396
0.013,21.903904
7.85,91.85709
11.020000000000001,51.01897
29.7,211.84023
0.66,21.610798
9.052999999999999,86.87621
19.493,130.3203
17.836,248.40857
200.093,197.70338
10.58,72.225426
4530.617,5829.28
30.163,78.28248
0.046,67.831635
20.29,837.51764
179.047,164.99034
10.2,79.042786
30.056,97.87572
140.877,243.12076
10.313,91.921906
400.41,25.018425
19.2,59.846657
9.41,32.07608
1613.214,718.5745
9.527,73.34991
670.553,769.02905
106.784,80.424355
10.716,99.773476
189.56,468.23074
9.186,42.886723
9.71,213.97995
10.94,18.076477
19.509999999999998,44.973507
0.029999999999999995,20.381176
439.344,56.512005
20.85,93.024025
1021.17,244.09273
329.19,192.15613
9.957,33.827045
189.956,159.2294
408.13699999999994,548.77594
20.477,149.15326
20.096,139.46373
106.87,34.443493
4962.6,836.2082
50.26,173.55505
3.2099999999999995,41.784706
79.04299999999999,354.40082
9.697,968.07245
19.386,64.010826
20.04,88.6745
3.687,222.5518
10.22,51.019
110.16,1074.2109
140.013,97.53552
11.523,74.22367
19.3,67.506546
11.2,54.127956
7839.062999999999,242.15233
0.093,223.03018
41.27,155.77008
19.793,30.054403
0.45,56.52126
20.059999999999995,213.40152
0.844,72.472885
89.747,231.7524
19.863,312.06906
32.113,106.81238
29.756,123.32957
10.237,81.06161
69.984,68.194725
9.22,34.888615
20.003,63.93974
19.907,46.215996
10.833,53.171295
79.973,280.69785
17.917,68.31634
65.77,10.302735
30.53,211.23813
19.76,38.564728
20.2,65.49301
108.414,56.73518
19.694,63.091454
20.683,77.0583
170.29,142.22284
50.137,60.003914
200.934,78.53796
649.4829999999998,393.8299
450.133,885.96
5454.630000000001,1008.8873
20.157,87.39543
519.697,295.1535
110.384,66.547935
13.04,55.525333
10.883,49.85459
460.064,150.87
49.223,386.06232
9.86,29.995193
0.11,186.75914
10.872999999999998,370.30353
70.117,55.12355
110.163,294.7026
395.66,0.69878155
10.11,91.68997
60.383,37.466225
129.873,34.735706
39.76,57.48284
6.79,73.03271
17.896,153.71898
9.773,185.07285
20.02,0.7714591
10.763,44.060093
10.044,217.10004
18.067,134.33592
19.877,74.619026
49.49,308.88336
19.994,178.58769
18.960000000000004,43.158913
80.14699999999999,202.4118
80.826,68.84616
30.79,89.35208
2690.49,1165.9111
10.284,24.713022
71.027,396.07083
5.73,148.38199
10.273,62.246643
739.233,233.2913
149.733,413.52155
130.373,900.3856
19.723,251.40326
0.72,28.47062
1.22,220.85391
50.613,135.76779
40.513,153.27884
380.29,120.49391
88.937,152.30232
120.38999999999999,50.6223
29.926,146.63295
9.363,52.352814
29.624,226.17279
18.783,35.159584
1380.13,138.8752
9.934,87.75271
20.033,111.50879
540.186,180.4425
956.806,143.7448
310.103,109.79266
0.123,67.04683
389.88,205.47029
73.573,216.99141
9.98,22.273573
50.437,130.06726
29.11,132.5626
19.603,108.15194
70.927,332.1966
39.92,64.38692
0.05999999999999999,11.754892
19.933000000000003,38.288902
1.063,74.205635
8.09,32.81535
8.770000000000001,65.961
1.37,89.98461
392.0,98.77894
101.03,88.39429
0.38,341.7468
18.107,199.56783
20.483,150.122
30.47,396.75867
169.25,267.94067
12.443,418.41583
0.39,141.5318
40.11,134.14442
18.61,104.57072
89.8,64.63656
399.19,280.5473
29.48,157.04123
19.607,112.273865
0.063,197.26178
59.593,62.26084
139.767,47.98365
7774.83,578.5635
0.013,152.76064
11.263,218.60675
0.36,26.00562
49.627,175.82375
296.894,59.491436
9.78,134.24924
130.716,196.80069
19.63,146.51251
239.867,121.782104
19.456,58.91441
11.197,36.47136
19.06,206.5001
10.5,78.554474
0.20300000000000004,19.642384
20.244,261.71448
49.073,71.23902
747.38,44.660355
290.403,808.87964
29.78,155.54808
0.173,83.62535
20.13,340.73447
1150.36,1781.244
0.05999999999999999,10.225341
8.477,22.273573
48.667,134.4406
150.246,166.30643
39.767,243.87653
69.18,60.14465
40.0,233.40474
10.594000000000001,110.49561
10.627,55.718616
60.153,54.654522
19.823,115.793564
19.836,53.488262
9.87,79.88158
150.04599999999996,75.05085
170.06,84.13519
81.13400000000001,158.70645
18.6,49.032692
9.89,18.67005
17.914,61.117092
21.343000000000004,252.49925
18.603,64.77551
9.916,199.52731
320.98,150.3507
0.906,22.570469
20.967,111.60386
9.186,265.10556
250.09,49.622044
8.770000000000001,76.75155
1.037,81.265175
0.767,70.29134
19.873,88.871895
179.997,211.07509
19.56,164.53627
1.11,157.17221
9.207,394.49307
10.21,31.128365
19.603,57.9994
49.93399999999999,64.933784
0.393,102.35692
130.374,36.683502
29.864,215.93878
330.06,114.25433
19.800000000000004,51.153084
49.58,403.1729
10.983,213.16425
0.017,24.83856
20.12,213.46817
67.956,32.659744
79.594,143.25249
3929.607,641.79956
19.58,211.48752
468.28,308.9844
10.343,81.85865
20.13,52.90821
8.253,21.756865
28.726,218.96312
68.807,765.25854
655.99,306.7375
0.537,117.7324
0.204,62.102184
9.624,46.990784
90.53,94.32036
10.193,54.5014
422.136,59.73483
10.233,148.94899
299.906,127.54912
60.14,55.61068
40.16,206.08327
269.977,149.61522
69.47,91.9095
19.943000000000005,176.25566
38.997,127.94217
390.44,166.55132
18.3,213.5399
1919.967,71.13829
17.917,178.13495
350.157,277.85947
19.783,53.985214
9.060000000000002,274.58847
150.17,63.886887
19.16,188.43748
1.19,21.931688
180.707,54.85744
222.237,79.92407
20.32,102.67947
0.394,79.98191
0.156,66.14749
8.946,42.373257
860.096,207.80443
8.944,22.720392
20.007,67.34405
21.07,77.36697
139.46,798.111
91.704,78.39932
0.453,20.599997
10.297,117.54439
9.203,131.71648
409.567,230.52779
101.306,177.92516
119.183,72.22689
349.066,421.47302
89.957,132.52881
33.617,88.58213
179.56,152.83336
1338.45,620.51447
46.773,1171.8423
40.474,920.2823
20.0,66.42309
31.78,65.47736
0.157,118.62204
219.673,56.36292
19.486,199.3999
9.737,50.706104
19.303,60.26831
202.557,55.18681
56.273,131.12424
1370.23,1046.1033
40.777,223.62633
19.229999999999997,207.89557
0.9870000000000001,257.35025
1.314,150.96959
1273.463,66.60347
0.534,186.84827
20.206999999999997,60.24445
0.686,72.029465
60.16,62.69927
0.867,252.55481
6.52,193.5005
20.31,101.95195
40.32,147.56126
61.61,99.806404
90.233,67.41994
169.76,261.9857
20.069999999999997,36.506638
19.857,135.32964
1294.28,399.31528
10.007,68.42781
19.184,199.7369
40.413999999999994,244.93068
0.36,68.81248
10.107,396.75867
9.573,125.36736
10.397,72.385414
29.893,98.65557
70.243,453.31912
20.373,22.233719
9.91,66.69677
35.593,89.56175
152.244,92.86809
61.233,92.271706
359.736,229.67003
27.512999999999998,350.3216
179.62,451.9492
24.907,92.88032
60.62,479.66953
19.813,95.27606
59.93300000000001,112.047966
9.163,149.52141
770.01,1370.3984
31.030000000000005,42.341488
1160.037,44.6694
19.53,69.22192
99.924,38.311737
30.414,224.98782
139.807,8073.963
10.264,231.97641
29.053,94.12509
0.563,80.58948
359.773,549.3373
801.117,228.76834
81.157,91.88652
0.143,138.50775
2701.026,222.07283
0.22,36.365875
45.246,136.71417
10.563,34.521023
8.0,67.86464
19.88,87.56362
19.67,57.95441
69.707,253.65533
9.76,36.54189
20.306,180.74736
40.473,146.29715
19.637,21.777498
131.573,232.47905
39.89,119.403244
209.25,68.04296
9.907,81.09442
40.410000000000004,50.706104
10.466,66.571075
136.453,633.5567
50.717,138.25244
19.906,129.32114
140.677,83.506966
299.827,12.083747
1.91,120.04691
19.746,82.058586
950.026,1026.3505
820.277,193.34987
10.11,124.10651
19.943000000000005,237.15698
64.62,77.92959
9.803,63.793594
142.06000000000003,188.55132
20.107,120.66857
50.007,136.80643
128.794,161.50331
371.413,180.5123
69.55,169.70721
10.796,49.44279
50.113,132.99829
0.077,81.02331
29.756,119.766945
95.227,342.48438
3133.134,297.326
79.907,313.87024
0.14,91.10163
19.903,234.1388
109.454,207.55801
10.06,81.85865
10.733,19.585035
9.623,46.211514
50.873,129.2117
18.927,2100.1025
1746.483,1973.3923
9739.153,1889.4437
2.253,61.269352
39.87,114.67773
95.903,163.04092
39.65,70.476
10.773,117.54439
0.453,265.3342
229.427,90.42832
48.457,66.26408
740.173,3697.3645
1610.074,78.01343
20.31,62.246643
0.58,405.16928
6.366,91.478584
39.964,587.1034
70.18400000000001,65.42558
210.697,132.5247
10.584,37.42066
49.037,55.005318
20.187,208.00969
22.203,124.883415
10.154,26.402523
80.394,31.509066
198.894,250.8317
40.19,54.57376
20.877,465.08838
9.59,56.883366
19.86,83.36507
38.473,258.24057
10.4,122.95023
2097.933,126.46696
18.3,160.51968
590.103,160.57088
50.44,86.19958
0.20300000000000004,20.44872
19.69,456.41653
41.367,711.5084
0.0,50.31683
19.58,158.50362
19.9,147.51657
9.43,50.48083
0.267,111.54532
21.013,86.2696
0.173,32.83366
50.50999999999999,2.7204156
1.0,25.16659
39.580000000000005,552.04553
10.427,69.626335
41.007,191.21684
0.033,21.147778
11.153,50.649685
30.987,69.12426
29.134,98.73462
169.763,60.76788
289.7,154.54062
1519.95,205.39111
196.414,131.75865
39.596,210.22496
8.86,3.6676562
1.014,79.971466
190.33699999999996,146.1896
20.05,17.32925
30.007,98.55685
9.547,218.09747
230.054,48.32555
0.16,87.91811
250.587,323.83948
69.92600000000002,233.21696
0.704,88.52334
442.126,295.43195
21.087,57.887512
19.81,74.79605
0.377,22.795721
40.467,77.187164
250.827,129.90181
0.41000000000000003,148.92609
19.83,807.37415
110.793,378.35706
19.426,25.753857
99.69,504.57184
19.186,73.63805
269.397,42.167027
19.13,373.06778
8.99,72.97503
50.03,65.98556
41.227,192.56808
52.72,236.08174
19.15,26.530962
0.7500000000000001,24.296164
80.383,219.10722
190.037,29.185442
99.253,64.68039
40.047,137.57655
50.587,174.50632
0.187,30.354988
469.067,49.872616
18.97,123.64385
8.47,130.6912
10.273,212.5002
0.437,24.83856
20.034,37.898884
19.884,761.2177
20.637,936.40826
61.09,79.89677
9.727,61.989967
49.79699999999999,79.84916
69.63,93.30058
8.8,76.09321
69.243,145.56421
8.13,357.69955
9.597,57.212368
1.207,103.398285
128.07,118.690544
69.627,459.1172
2.44,21.74157
10.81,49.44279
2092.886,579.4509
150.63,57.477043
20.01,162.91891
19.27,38.47369
20.553,41.39429
19.163,177.11069
240.057,116.419044
29.044,67.73753
61.04,109.26678
0.11,403.90088
9.463,64.06045
309.28,57.12405
160.257,442.41254
1.283,22.05192
0.11,228.06181
30.28,201.56131
39.687,212.2442
0.503,41.11628
20.063,61.57602
10.76,202.67912
19.44,15.279599
59.787,110.838326
10.063,64.69661
11.24,216.91275
149.813,149.48409
0.08,176.34933
240.393,110.86157
0.876,33.008423
50.02,124.63082
0.61,204.7496
21.177,92.17653
469.923,183.37506
4.116,43.17188
99.073,303.0523
0.25,126.66865
18.960000000000004,773.50275
38.827,155.15445
40.043,563.50726
8.81,217.24577
149.29,64.55686
580.363,36.02517
20.044,67.90434
90.413,39.959858
240.427,291.5018
270.197,162.16005
40.457,83.41241
60.073,116.36323
1.734,49.16121
0.017,33.708385
19.923000000000002,143.38493
40.063,146.59569
19.537,36.365875
78.25,193.2767
47.577000000000005,33.88664
9.527,83.62535
20.697,79.43165
20.54,39.836098
79.88,236.89503
19.907,375.6132
9.924,36.630196
10.879999999999999,115.39227
111.674,140.09552
1998.223,2613.4915
89.0,130.7167
38.923,66.91424
19.743,72.385414
19.68,130.57129
39.933,69.39712
70.146,141.6669
189.054,347.6012
9.897000000000002,62.76812
9.36,34.517254
0.14,59.46634
239.963,114.21628
30.32,49.18168
8.503,81.0725
0.326,49.987522
0.11,67.66487
80.25,99.55026
10.233,41.144337
19.62,56.08294
11.197,83.65356
28.384,39.656963
9.92,111.605515
60.217,68.26664
110.957,72.57694
0.313,217.62285
60.186,74.61487
81.023,200.57593
450.077,237.80438
39.567,164.42738
408.16,67.06655
40.537,248.87631
0.55,69.99721
19.186,197.21294
1628.556,321.43436
0.44,50.81694
9.57,20.381176
179.003,168.15002
9.98,111.50879
49.924,86.56157
337.673,145.92067
461.293,202.488
0.123,81.06707
79.017,229.85277
90.207,855.35974
40.796,108.30502
40.236,180.51204
200.05,280.2792
329.81700000000006,263.86984
570.79,886.80457
61.943,129.44972
0.567,92.52245
10.007,211.08498
18.537,29.652771
111.27,234.78474
1.563,87.89051
130.113,54.194542
10.320000000000002,87.14901
3.887,51.268562
229.843,85.5922
29.787,37.135468
10.413,80.208084
1.22,190.16655
9.936,51.231155
0.029999999999999995,46.992065
59.04,193.3033
30.586,38.452732
289.25,370.01776
110.763,184.55772
0.034,209.93243
20.603,51.766167
0.267,33.38759
9.44,28.220661
50.68,73.84507
19.066,44.778217
549.89,201.74849
421.18,79.2099
10.61,76.94709
20.057,66.047295
80.366,64.45978
8.16,25.002039
235.423,105.90985
39.27,129.44193
19.524000000000004,12.58397
0.127,72.70746
365.104,279.05798
99.637,37.272755
40.083,206.89233
10.967,54.19232
267.82,329.3921
3618.227,253.3945
10.403,61.029472
0.25,28.65189
30.467,103.89298
11.024,37.81371
508.953,178.25163
18.893,60.147938
20.833,19.017931
61.04,76.69409
20.78,24.42583
21.157,87.17643
29.79,52.838608
0.923,11.128929
29.843,350.0028
378.137,72.11846
10.947,74.10997
20.22,252.94252
60.927,139.48903
439.834,136.86154
390.24,245.4127
239.71,368.9774
9.326,103.54086
0.127,412.6373
40.107,134.40031
0.047,134.99338
11.53,149.2888
8.877,8.972235
310.107,3358.6973
71.43700000000001,58.581856
21.197,105.757706
9.917,36.069042
660.9,32.640446
0.08,46.98956
19.98,224.10995
100.76,342.2391
20.18,92.708885
668.33,92.961266
60.23,63.14631
880.227,58.098495
0.733,20.344088
8.67,234.0847
9.59,62.693417
209.523,117.86923
5319.52,627.67883
10.683,75.00973
278.866,65.37058
19.453,395.2071
69.95000000000002,47.973667
160.093,275.43228
1.203,81.077995
280.616,140.01535
1289.28,684.27783
5983.497,164.208
21.49,88.62398
11.06,261.98737
30.147,74.40469
28.543,9.311967
120.356,4.165825
8.83,34.83693
10.094,122.68511
280.23,160.5023
15.987,115.41992
30.58,252.19838
49.9,1390.168
9.286,65.08196
19.64,251.71312
801.1,481.63425
79.62300000000002,129.07445
149.304,88.48902
180.087,33.9245
10.11,118.381905
189.94,73.55332
29.207000000000004,137.81587
92.17,52.55536
159.803,47.4977
1.287,138.71704
0.127,66.91052
8.37,119.96922
60.79,145.97612
39.927,172.91171
150.917,57.817375
1.56,87.63616
78.947,1277.1562
39.577,230.28998
637.25,97.57616
0.016,333.889
630.1130000000002,88.980255
19.967,451.57156
12.69,218.60675
26.117000000000004,48.952812
50.707,146.88258
49.733,116.26429
80.417,136.57585
520.317,187.28664
63.916,1382.5798
20.22,64.79717
29.543,58.596478
106.947,172.06915
0.297,92.34519
9.887,0.78854024
19.797,281.73657
7450.81,1801.5934
0.283,229.90833
11.316,30.190899
30.343,221.8424
6.6,214.85461
560.26,148.4341
10.584,268.54593
8.003,587.13635
319.843,209.93379
29.87,172.04474
7.237,49.06654
1.033,79.906654
49.923,190.32922
70.083,969.8449
30.573,92.26885
59.684,236.49545
0.42,36.872913
471.26,147.68147
690.016,113.27411
1823.953,230.4532
41.303,165.92813
0.42,91.45431
0.25,18.076477
48.893,38.545593
50.673,27.735022
69.35400000000001,80.28368
81.23,171.53436
10.137,48.24069
79.85,41.404995
7.73,101.01546
20.05,246.65701
12.123,64.69745
79.914,119.614395
19.977,50.33183
0.25,421.47302
1.424,331.6243
1872.073,2347.4978
28.79,79.678154
19.093000000000004,56.73905
0.107,45.40019
9.564,39.13023
50.184,55.825516
59.713,62.38279
299.597,126.16661
157.244,121.9978
1.546,79.182724
9.953,28.65189
9.247,95.18462
70.22,122.398705
30.073,138.19981
10.49,103.41944
126.153,146.54845
469.717,288.43115
2220.36,1065.9661
119.103,137.13022
1065.57,277.56714
341.09,333.1593
68.574,17.917635
39.593,192.34232
0.123,43.359352
160.333,147.75134
191.027,42.79103
59.19,161.74948
14.250000000000002,57.749653
8.253,355.72055
20.283,126.51882
450.856,198.4289
140.464,114.24006
70.443,10.69635
0.453,30.404373
39.9,349.93872
177.35,243.85254
19.923000000000002,124.37948
189.59,150.72044
19.197,191.07515
269.487,115.11542
0.29600000000000004,260.36807
25.433,99.88691
19.6,78.32458
0.11,65.68693
318.053,139.22072
30.443999999999996,200.72203
2.563,169.17046
19.817,206.27625
12.717,829.83826
239.85700000000003,55.83142
269.88,170.36636
10.293,43.065117
79.04299999999999,119.92762
580.63,395.3087
10.643,19.642384
0.92,28.47062
19.273,93.021454
150.287,207.98653
0.207,123.41106
20.517,235.83023
95.63,131.63948
19.467,134.73297
0.173,207.61133
2.537,22.305544
119.65,87.03232
9.8,229.94818
549.97,153.21175
10.097,88.68854
120.023,285.95517
769.71,107.12654
32.314,161.89752
9.923,53.985214
10.183,219.26538
19.523,412.98868
0.297,20.39572
19.926,127.42271
39.8,102.95096
9.16,46.805706
4879.023,587.7876
99.337,96.4596
0.4060000000000001,87.56362
10.02,36.612514
19.016,161.89752
19.41,75.41402
796.49,396.72177
91.477,953.88257
199.367,47.624435
19.13,364.09546
10.844,131.71648
19.583,80.3642
29.973,42.943886
50.32,56.82276
0.08,180.74348
0.063,74.881096
432.136,92.45296
9.093,78.995224
19.47,36.848553
8.397,65.30979
241.787,986.3463
14.133,44.0922
39.937,25.813507
90.157,74.243675
140.34,328.36285
20.117,3.7055564
2.017,263.00977
72.18,74.765205
10.047,77.19746
100.21,247.95496
37.357,54.289112
370.043,412.9542
139.953,156.33586
97.75,233.39023
0.046,47.608887
31.736,87.65726
141.043,1633.9393
59.39300000000001,63.640717
329.683,81.3212
9806.02,453.0744
20.047,116.63154
20.12,3151.4814
0.047,139.47626
19.007,30.840027
160.22,961.1018
8.793,374.8956
17.597,193.40991
18.907,32.98736
10.013,223.47371
40.103,172.86925
30.643,259.9693
20.326,203.49168
0.064,98.509705
31.583,194.64384
149.387,322.76224
6.33,65.55666
19.856,199.83556
9.437,98.45781
0.9870000000000001,81.02331
19.057,249.97736
70.983,185.1941
55.203,81.03635
9.586,82.00699
311.093,55.791058
210.33000000000004,123.455
1309.667,91.378006
80.56,99.69503
130.076,39.815346
30.49,58.01268
10.3,64.94117
30.114,843.59644
0.11,183.42603
19.76,75.61721
10.373,94.073975
9.224,356.3044
123.647,54.6035
30.197,68.29199
0.687,122.40046
8.987,560.43115
99.63,80.57614
28.957,297.9359
299.75,646.40564
17.976,34.84585
29.74,75.91966
9.493,84.71511
40.4,71.05174
20.094,808.66174
61.574,31.21466
0.267,67.66487
18.043,195.27124
10.067,44.641815
127.693,243.82547
189.886,138.31651
9.336000000000002,123.41106
70.72,159.98512
8.774,84.57899
50.49,39.13023
71.93,126.50709
119.77,1431.2686
50.05,42.468784
9.045999999999998,36.47136
20.007,48.863316
8.093,34.83695
19.646,62.840763
29.746999999999996,184.82106
18.76,91.478584
0.814,74.332245
0.2,89.77206
9.09,836.8161
59.383,47.256794
139.157,8.495334
430.38,76.07584
30.216,117.088585
39.383,95.62767
8.923,212.27548
0.22,83.90122
19.453,90.1013
0.547,29.104511
20.086,49.14897
8.683,34.906452
0.11,28.47062
19.98,27.072409
9.134,204.0404
9.273,65.08109
30.449999999999996,76.9154
59.097,211.71979
9.906,159.29207
720.4699999999999,88.736145
149.616,256.81635
636.707,94.7737
490.74,38.061607
8.487,81.13827
111.00699999999999,42.6011
90.313,197.62682
20.314,191.5632
0.046,33.494198
0.029999999999999995,33.38759
20.02,92.94756
111.073,354.34225
20.059999999999995,247.86505
939.717,263.44208
79.157,101.376564
0.16999999999999998,61.56088
42.327,110.573685
359.51,210.74437
29.497,72.77697
18.923,115.409775
29.506,217.953
4.736999999999999,208.83736
0.143,65.79194
49.836,309.10684
0.05999999999999999,78.038536
19.747,202.83969
49.26,195.14586
20.206999999999997,231.30064
19.93,119.1174
7.503,29.374102
19.89,30.556253
29.893,273.38364
180.524,253.17184
879.4030000000001,43.547554
0.47,152.57903
9.243,60.413803
0.487,30.477701
0.254,81.028755
8.203,119.81887
0.157,248.68996
20.09,191.3209
250.64999999999998,216.3558
10.3,128.08614
99.784,508.75824
820.684,55.681656
11.99,117.42015
0.08,48.5676
38.296,184.74217
39.933,122.13789
69.86,801.5653
69.913,66.510155
718.947,168.59094
270.93,83.84859
19.867,22.95973
1719.35,922.38226
1.174,35.166855
71.773,163.30647
0.046,97.473854
239.243,170.92293
19.543,56.974354
660.463,191.5057
69.917,163.94044
49.54,67.19691
39.9,210.79794
30.187,395.08804
0.453,123.23034
1.473,70.90239
1095.8,40.66009
639.023,404.6564
0.173,92.501335
810.947,231.8124
44.963,106.97971
0.643,123.561455
19.516,154.45569
29.07,151.52998
50.727,230.22972
0.25,66.69677
0.377,130.15492
29.887,41.86591
21.877,80.79815
0.013,82.008125
101.387,100.68584
860.46,45.439644
18.503,79.99597
213.564,201.61455
40.96999999999999,65.19226
306.094,55.859318
629.99,419.20566
119.613,77.36125
9.26,115.97276
19.76,137.61041
10.24,220.89421
20.05,63.757145
30.953,51.738525
19.277,128.82448
19.966,70.5743
10.393,78.419014
37.01,221.36804
249.93,267.10892
2030.82,370.8406
10.11,175.9651
70.113,110.90147
5.720000000000001,212.96994
6.996,33.709164
9.107,340.94485
19.226000000000003,81.60769
8.577,421.29205
0.517,19.916265
721.14,205.1866
9.983,69.75516
39.19,64.8444
130.02,62.08056
59.587,49.10076
0.173,125.355446
0.217,17.023695
80.23999999999998,98.52601
20.017,81.00565
9.26,30.629425
29.947,62.085304
18.283,55.786224
29.75,68.02267
10.093,235.57101
68.78,79.986336
8.573,11.073946
195.467,183.01476
514.824,36.351124
9.977,115.437294
20.913999999999998,72.44069
70.793,47.003315
19.947,1296.5438
0.046,45.40019
45.59,149.46082
99.82,2.7546966
0.077,223.89787
618.99,278.51804
19.894,68.86785
519.817,567.8381
22.56,244.07329
10.707,155.84315
130.81,149.37198
188.966,128.09644
45.33,92.625656
29.55,96.97094
10.413,153.71898
161.087,244.08153
61.81,128.29993
0.14,98.33429
1.22,20.008404
20.693,93.7221
89.31,135.10745
89.83,169.65656
549.6,280.08514
30.88,91.249466
29.917,104.366035
828.7070000000001,256.81815
8.04,28.70476
511.55,186.05408
8.937,215.95451
59.873,150.13509
644.4,184.22041
10.213,256.75995
19.85,96.24361
128.77,103.69481
310.4,161.68747
210.027,2511.921
0.314,134.87021
6.194,65.30979
3.757,144.43817
10.79,80.887115
9.71,70.065475
170.42699999999996,157.16928
9.084,80.176765
19.66,22.947151
22738.463,1122.7213
0.28,338.5498
30.247,249.70834
0.656,36.488968
2761.904,417.22266
22.93,63.72792
58.96600000000001,61.742626
30.776,56.87977
0.123,77.994125
10.784,119.3701
9.174,103.842705
0.267,80.182976
799.877,252.30421
39.19,201.64818
9.83,70.2569
60.006,78.08027
10.114,167.39066
60.037,158.98375
93.653,169.57718
834.51,229.53555
0.513,126.54227
69.164,196.9805
3715.857,1430.4156
18.943,251.81134
0.5,95.323204
19.934,222.83199
69.513,289.0941
709.89,327.44406
5504.94,1659.516
17.077,51.13318
8.65,104.14
48.903,84.76913
139.876,48.56122
29.507,73.939835
0.123,185.5371
0.186,61.629307
85.496,171.80661
8.193,31.62643
0.014,371.2468
80.033,55.99846
19.57,192.15184
9.913,107.46943
8.763,36.52424
1.88,20.037
30.273,257.9297
810.32,156.04771
580.934,2045.657
9.28,71.811806
69.823,82.834946
1.31,30.693405
9.89,47.135696
59.5,208.02841
17.387,29.12396
9.877,81.49283
28.996,193.32372
0.016,232.54445
20.329999999999995,81.67422
9.667,94.26356
820.473,1107.118
859.763,260.3899
40.2,251.95064
60.003,100.50423
319.576,91.3009
9.27,70.30017
0.89,53.257244
19.763,43.51759
109.71,163.72192
9.937,396.37436
10.407,80.511986
3.143,92.17653
175.457,45.323345
19.07,118.05716
969.653,915.79126
0.174,31.144787
330.5,86.68798
29.885999999999996,121.50325
9.567,45.63653
40.506,24.841167
480.67,54.712864
0.046,20.344088
56.282999999999994,121.105865
59.536,612.2656
20.19,52.548683
169.837,78.15862
218.97600000000003,93.8826
10.384,51.22337
0.74,79.656296
100.207,73.088844
8.996,78.610146
8.697,24.920176
9606.03,538.2809
369.956,301.63052
9.354,63.094208
249.677,967.3186
100.62,60.070072
0.11,156.49274
11.2,139.58702
50.193,95.79623
10.463,83.63101
19.94,48.09374
70.66,235.93266
5.383,64.12149
30.674,56.8344
49.675999999999995,179.71336
0.05,206.95401
91.053,119.8625
180.776,158.87053
50.397000000000006,660.7126
9.813,328.13843
18.69,424.8125
20.097,39.625034
170.893,745.6053
96.887,115.51058
99.917,111.12987
1.363,271.72208
649.253,94.14998
0.11,11.833182
9.92,196.54172
30.357,34.043213
78.104,650.2351
129.42,131.95523
280.104,269.60815
0.313,20.344095
20.09,51.46771
10.117,40.380035
0.657,71.71702
290.73,129.06868
9.383,145.86562
9.714,115.104546
19.777,107.77907
20.146,50.984688
107.264,371.23492
40.15,54.435913
319.99,152.37273
19.64,29.344406
85.533,414.33438
19.0,53.727413
1190.743,370.55994
19.907,123.907936
9.13,189.1177
0.11,17.181581
18.9,147.58536
40.16400000000001,239.47562
110.173,263.10406
39.297,101.47685
359.893,212.34793
560.15,158.79308
2485.42,216.12163
40.67,37.4927
877.047,32.25492
840.05,123.21482
3571.037,1747.1693
19.996,141.0686
8.94,29.296366
39.924,190.7557
230.613,29.992994
10.026,74.00707
270.81,132.80098
19.877,138.27663
681.136,898.6356
90.507,121.778305
0.72,33.96332
387.91600000000005,895.49316
19.77,20.829245
9.52,129.00487
69.743,25.197311
223.823,233.1836
69.936,218.17075
19.55,24.83856
69.143,171.62352
20.787,87.64262
305.854,166.71385
160.31000000000003,25.157383
9.024,43.359352
9.287,627.90625
39.823,75.1147
30.374,210.54938
0.017,92.055
11.64,222.20482
0.39,94.699394
18.937,67.01766
10.317000000000002,71.380356
38.02,100.12468
19.717,67.08558
9.276,60.45477
342.93000000000006,35.61659
0.029999999999999995,21.842157
30.673,81.40436
95.137,940.1971
21.483,19.436663
340.75,302.29605
20.1,418.43906
9.62,74.10997
0.016,117.37848
169.923,79.43165
1509.717,118.55991
18.936,116.58493
49.64,112.592865
111.27,375.10068
0.11,37.036686
2938.537,3699.719
9.154,146.82196
260.706,179.17253
89.38,82.65451
40.17,93.02761
0.267,23.176168
419.64,244.69763
8.69,87.09431
369.63700000000006,92.36216
185.303,1004.26843
279.97,224.40727
2876.973,727.47107
31.55,822.33295
49.77,215.0007
1.627,22.919306
9.58,111.59698
0.613,30.11305
2.376,20.953474
10.324,60.58917
19.84,57.70492
8.414,36.647858
150.207,67.62927
20.16,143.96062
8.84,83.398926
19.207,159.44223
0.0,340.5601
9.003,358.58762
50.977,170.39685
0.013,22.199947
19.667000000000005,3.4178796
20.366,102.361984
21.137,45.354183
18.753,47.224667
58.663,119.70396
111.79,325.23837
180.18,85.2892
19.48,64.016495
20.0,114.05445
9.976,481.83136
99.6,81.00724
19.276,171.54745
0.64,240.74072
19.183,34.42266
0.25,50.40493
39.613,44.576782
809.957,164.96419
48.53999999999999,18.328514
69.923,286.8785
3860.73,53.042854
9.86,318.91394
367.787,141.40118
50.023,232.16602
18.92,185.8668
99.914,61.17513
11.167,1225.2245
41.22,300.6138
9.386,103.03954
9.173,117.810646
9.91,72.42186
359.554,71.268555
8.45,41.148968
19.574,126.059
1095.857,57.75137
20.212999999999997,72.472885
9.997,15.056885
19.607,67.978165
70.453,56.45395
313.726,436.8392
591.963,675.3221
19.66,143.85031
109.237,41.916084
1.11,20.100948
59.993,121.56419
7.953,23.023254
19.63,419.423
0.19,505.97552
10.204,135.73595
4789.563,1588.0494
399.06,138.16644
78.977,1156.8455
8.986,822.33295
30.729999999999997,397.6027
0.767,117.810555
270.183,90.698425
9.913,266.84598
9.627,33.06985
70.13,271.7798
8.1,81.02331
70.65,129.02545
8.993,72.411415
49.72,57.044163
24.839999999999996,38.49492
0.53,260.36807
89.043,46.719215
10.21,106.37894
19.577,140.47704
39.23,68.31634
71.78,132.17712
30.21,54.922413
30.97,374.7932
0.077,81.050674
54.1,134.35602
89.903,47.72581
9.123,263.00977
29.172999999999995,78.14769
77.443,120.89381
420.9169999999999,51.071648
89.76,300.04373
439.56,106.13732
191.093,59.993412
1.033,47.514717
220.877,156.31837
49.84,185.02025
200.017,55.868004
57.767,210.62434
0.217,343.1489
18.963,121.251434
39.467,165.62799
2311.227,41.14186
10.323000000000002,77.69868
229.323,110.07144
0.42299999999999993,55.835354
9.784,78.94611
28.593,128.31126
219.45,75.939804
6943.936,1896.311
420.143,72.1903
8.763,29.312267
20.7,123.2421
19.94,65.5653
128.65,301.75568
1.283,112.75588
0.363,47.00455
1.064,196.69658
0.20300000000000004,22.871323
20.237,98.97202
20.433,235.81026
19.804,137.68266
20.797,73.96925
9.577,104.39346
39.59,66.12672
7.94,84.259995
80.457,73.5855
10.826,212.86934
0.39,57.292477
9.917,219.74704
48.897,124.93344
131.207,125.27626
940.19,101.48634
1880.717,255.78273
8.947,175.38121
8.627,41.80517
8.553,23.958443
18.713,92.4405
290.303,173.97804
24161.454,1433.7521
0.36,46.22058
15.953,139.3096
58.566,97.85914
40.34,363.1759
19.887,79.58136
70.62299999999999,235.60277
19.67,175.66939
21.12,199.64171
3251.063,522.7432
0.157,29.652771
82.06,121.15606
0.72,123.71655
39.483,60.86141
22.003,47.33573
29.96,18.119356
19.804,57.794914
31.513,53.754925
9.723,49.5149
368.583,199.13261
406.437,82.5139
0.08,4.7005496
2390.14,158.4777
40.006,145.03592
0.83,67.629135
10.634,46.935318
68.91,215.93082
208.39,232.35242
30.92,29.233871
2.74,98.111084
0.25,116.35062
99.937,155.15504
0.017,120.66857
47.633,123.44232
8.747,17.10244
329.594,49.40706
19.556,8.939241
39.309999999999995,34.200478
230.18,254.19775
21.06,63.367794
0.267,183.20941
4100.057,432.35257
59.57,69.27705
1.0,37.203873
129.894,244.99088
0.36,17.745766
19.372999999999998,116.78969
0.204,58.747776
19.056,73.54655
9.666,31.202261
9.834,31.140692
30.547,989.61993
1325.153,116.87898
10.19,66.17848
574.747,137.00775
29.879999999999995,47.83669
43.823,161.54662
20.52,160.36151
730.46,138.67581
9.99,152.60555
19.513,75.227936
8.747,33.96332
59.753,116.28732
20.059999999999995,156.17815
0.11,98.509705
18.973,88.19347
199.287,115.40539
320.026,86.2879
8.647,243.32558
419.557,132.86497
0.05999999999999999,72.864334
139.063,198.29868
33.117,49.81242
18.64,59.001755
40.423,175.12617
20.3,109.739914
20.086,239.59712
30.696,74.13339
20.587,93.30058
19.786,62.529655
661.064,177.66872
239.36,49.776665
0.28,149.71034
21650.307,861.7884
10.34,354.4061
9.674,269.27917
8.734,122.611824
40.977,129.62779
0.127,36.069042
29.32,2459.5002
17.64,102.33386
609.724,207.86696
19.16,56.925606
59.157,221.18008
0.53,29.296366
9.56,83.62535
41.11,31.460882
20.15,111.545364
19.89,69.17961
19.05,71.18882
209.2,63.86566
949.3,208.58281
0.843,22.645304
12.247,92.402534
110.16,44.935867
59.914,3166.8813
269.58,157.03653
71.07,245.50267
20.153,76.063194
10.164,118.75065
18.659999999999997,64.07166
49.907,179.44588
1128.72,115.5989
0.42299999999999993,236.33904
119.964,41.23889
715.85,213.33195
37.04,92.62921
70.20000000000002,181.12343
0.623,80.208084
19.514000000000003,257.20096
439.79,44.8722
10.454,80.179085
369.22700000000003,260.62354
1075.36,301.53024
0.186,152.54759
341.397,619.69464
0.08,67.24198
0.017,57.78766
19.1,33.125813
674.844,264.80942
0.187,134.54207
1.106,58.78867
4097.19,143.34183
19.366999999999997,110.10808
0.657,44.87013
81.473,152.11073
79.977,63.517452
0.427,20.760956
19.947,80.18981
20.587,112.37639
9.667,83.371895
10.346,120.525925
139.606,179.99338
41.177,83.31032
20.013,141.69995
9.94,227.91818
94.417,112.93949
280.24,375.9213
109.95,291.03647
1.47,230.70848
28.98,64.03518
18.313,176.69777
19.39,156.0617
229.673,194.21806
77.443,84.48287
7.1930000000000005,68.93549
0.157,21.245607
69.91000000000001,156.97379
12.3,221.48053
20.08,232.40831
170.293,109.328926
69.69,294.02747
19.853,371.55127
250.267,43.35033
10.026,102.66253
47.107,1216.276
6.943,191.62857
65.864,439.54526
10.233,66.81394
340.127,79.815
8.924,36.392197
10.356,433.56537
379.923,54.185974
9.477000000000002,36.506638
169.81,79.03758
140.247,179.76479
109.283,164.86877
119.167,201.98462
20.887,234.12328
180.35,234.09822
19.887,74.881096
1.49,93.68288
0.347,117.92313
29.273,198.96793
79.64,181.83331
70.277,64.78822
9.77,12.23252
21.013,135.59512
390.58,168.7042
70.26,182.76163
98.95,221.19054
71.023,68.38221
149.714,1401.9954
11.187,115.97276
2956.14,391.49854
450.397,149.79643
115.78,103.206245
239.997,100.72701
59.243,232.0621
49.673,79.610794
78.55599999999998,334.78317
288.747,214.26875
29.946,213.83464
149.95,208.9791
699.86,245.62642
20.087,262.84317
9.783,62.263264
38.743,343.93033
10.943,92.55356
20.623,146.48758
79.6,165.02112
9.717,26.73489
0.076,98.74104
39.64,233.6906
190.227,234.8695
0.127,25.332178
70.633,111.689415
488.85,184.30765
19.14,123.561455
8.887,87.6701
19.753,171.52429
16788.82,2906.8743
30.653,68.155235
10.263,90.35227
20.3,131.85121
8.237,39.41884
360.083,129.34154
38.93,300.84375
39.203,63.927044
0.767,78.325066
11.063,55.127228
0.05,396.44205
503.93,165.15007
14.88,62.65988
3.627,193.28755
0.53,54.82818
89.783,497.75137
30.353,65.1955
19.813,110.02484
9.837,232.37422
60.234,62.787735
7.977,90.16582
649.964,600.3583
410.906,162.07744
10.233,60.21252
79.88,37.070023
9.763,50.482975
149.96,112.874016
20.453,301.63052
8.55,28.841915
6.087,100.16793
30.864,587.9338
20.22,52.487762
660.23,328.35165
89.897,117.40565
210.003,80.42788
10.553,133.92807
19.017,135.18011
0.673,19.935665
37.69,275.17877
59.04,287.66345
19.3,26.354132
7.063,103.7667
9.937,66.35616
40.883,206.72823
10.65,257.75134
9.76,124.10651
19.29,92.52245
232.88399999999996,44.45825
20.14,222.93166
40.38,13.15131
40.154,214.64531
6.426,19.551939
9.67,177.61519
9.823,154.10333
39.46,10.83616
5000.543,3293.9172
0.263,66.108055
10.067,59.63189
0.267,87.06702
278.537,145.68547
617.2,877.3946
20.899999999999995,79.75637
9.55,148.74843
199.74,121.996994
49.29,58.22409
179.86,171.74294
11.877,80.3593
131.307,434.94736
38.924,238.2994
60.927,391.92203
0.343,160.87741
40.076,159.2359
19.003,111.34233
40.296,85.235405
60.023,88.82905
10.476,89.088
9.553,58.852467
109.16,59.147373
19.903,26.319883
0.11,25.415422
103.99,101.404495
28.98,234.8408
59.866,45.324455
411.017,124.24547
1316.793,334.9597
110.087,45.71603
9.137,134.43498
40.043,594.6075
100.623,108.05491
19.553,116.33398
1061.593,206.32445
329.207,90.71828
28.93,481.18338
139.78,62.098377
1.0,186.15288
140.087,69.35532
49.73,105.556274
49.973,308.59958
19.47,171.35303
156.35,61.494797
49.72,135.52913
9.63,87.86294
29.8,132.67421
180.86,70.835205
149.133,83.97445
3.613,150.23793
0.08,259.4513
19.597,55.303406
0.187,133.69241
19.906,96.70707
89.78,239.9702
80.053,153.39305
128.27,165.23334
161.663,48.571342
30.173,57.28797
0.11,459.1172
0.14,133.98723
89.974,57.226345
219.64,176.25699
10.897,272.42056
9.814,215.65002
1814.963,58.651707
9.052999999999999,218.99905
29.967,964.7233
692.004,170.00938
159.847,92.20857
20.253,67.82672
20.796,44.0922
9.465999999999998,97.919365
0.25,88.35646
0.91,108.40014
0.064,160.6513
10.6,106.047646
459.0570000000001,193.40738
19.937000000000005,114.38502
70.153,1395.8455
11.73,37.139317
9.88,83.31032
19.65,146.23264
39.683,103.11154
40.016,129.47913
49.62,68.548836
329.84,165.63097
1436.52,2315.8572
9.89,34.870754
120.223,350.3011
51.044,79.441246
99.167,184.30557
11.08,105.96962
0.563,188.86458
40.54,66.84673
299.44,481.99207
650.83,282.81427
20.133,218.62138
408.197,643.88916
9.763,33.387608
20.05,586.34045
370.696,93.979805
139.86,72.89572
9.996,293.88486
41.173,58.092827
140.583,124.03436
55.452999999999996,53.922234
70.937,148.48901
9.524,17.261057
139.877,705.4068
199.617,381.58414
519.763,401.4067
20.043,927.3763
48.93,42.39113
10.66,101.85242
19.653,19.986267
10.52,136.65057
59.273,470.74493
81.68,210.87117
24.436,201.61455
0.267,91.79512
0.11,54.82818
40.124,21.797571
20.27,52.43244
8.793,101.98035
29.69,59.02397
3329.153,90.54671
968.977,66.41118
79.99000000000001,148.30789
69.016,175.63124
18.013,82.54711
7.937,130.16814
89.594,491.65698
20.986,62.783096
0.753,26.354132
80.75,674.7362
60.427,56.122356
0.967,97.596245
1119.597,1029.2482
1809.944,190.6677
49.613,543.1235
20.073999999999998,155.09225
0.373,24.83856
98.567,272.3836
0.437,25.332188
560.07,162.78503
86.467,253.20734
249.393,87.639595
10.0,81.930954
29.606,124.27204
39.743,178.74028
439.656,258.09262
8.76,31.103832
956.85,270.80618
20.086,46.08567
0.563,154.65688
10.05,283.6503
0.936,81.11086
45.836,135.93195
24.033,152.10675
20.28,79.08344
0.046,203.89679
961.326,77.4834
0.127,23.176168
10.97,107.93202
48.093,38.40914
218.796,242.39098
0.077,215.94225
159.053,168.52892
350.827,470.08536
2279.563,200.5356
3430.5269999999996,1040.2616
39.757,107.37913
0.034,21.683733
99.11000000000001,113.37052
90.176,188.27856
1311.007,208.48293
20.344,66.71438
488.663,129.79947
69.913,51.769478
90.04,794.84863
12.864,161.4468
10.459999999999999,29.996426
648.747,178.31999
180.363,59.328785
19.790000000000003,81.021164
1139.876,794.086
29.74,76.47407
610.257,185.52222
9.26,36.392197
599.937,45.041023
7.023,21.294596
0.42,79.78138
61.393,233.64952
120.663,171.7639
69.663,72.31129
9.934,197.27504
10.607,34.084446
19.297,252.99162
58.216,201.95941
59.284,300.36606
169.493,88.529305
19.754,109.80775
880.197,68.303856
19.883,243.24951
20.27,39.005283
60.836,187.22375
31.39,310.5771
20.26,128.8538
0.144,135.18011
41.327,29.239052
830.213,331.49493
1.547,180.07248
19.507,90.06729
5.89,35.159584
9.727,158.58705
14.563,58.132748
19.0,110.20193
59.95300000000001,395.5626
20.01,62.723324
0.22,81.03426
39.55,54.566772
518.453,92.43375
354.713,58.25789
0.797,50.147335
39.33,460.59305
0.737,80.43805
82.627,139.18912
250.58,226.27399
210.1,97.41769
21.08,232.79782
50.44,208.54445
9.81,121.6159
140.626,103.44762
0.08,105.264404
9.503,167.73398
0.513,45.58675
7.16,64.94117
250.583,89.26266
40.86,943.9114
10.523,194.44121
10.02,130.01202
129.913,66.09399
0.22,143.24127
28.976,118.45467
29.953,118.14915
660.404,104.85597
11.9,26.194923
59.94,68.16231
20.007,197.0334
10.874,116.81395
10.857,271.73413
20.877,196.70169
9.023,218.38208
78.923,112.14139
10.897,119.80468
10.767,153.57216
30.35,31.791119
0.983,81.21419
39.367,101.92713
70.033,184.41365
13.953,68.841675
270.33,114.65103
35.84,46.132286
49.067,168.52412
10.254,170.28798
119.564,153.3514
19.803,271.33902
10.607,151.2736
559.23,636.71094
350.226,228.13132
0.14,99.895706
0.64,79.60628
1082.696,214.44958
199.717,118.90531
29.924,96.34372
9.27,1225.2245
58.477,231.15453
218.24,268.3437
9.523,112.37639
10.197,30.256443
230.18,640.0455
28.510000000000005,80.19212
59.95,205.92418
59.717,80.983696
9.27,59.604736
8.886,188.90642
19.133,177.67451
28.85,199.00772
5.49,76.30458
10.337,63.71591
244.893,153.71272
9.583,99.87296
0.047,46.988316
18.92,120.525925
20.04,117.61597
10.784,232.19165
19.486,74.20163
80.33,66.703026
19.376,33.06443
109.157,147.43826
1145.157,88.0339
191.753,279.6952
111.22,125.494896
0.42299999999999993,134.62083
290.413,33.653786
20.826,98.18715
99.76700000000001,12.024696
19.977,94.26125
0.063,70.58901
5.89,62.6151
19.95,44.30457
17.703,179.46474
1.234,106.589935
19.887,62.536407
19.874,92.708885
19.687,29.669752
118.323,74.78893
83.296,124.1468
29.223,112.17218
10.996,36.647858
112.987,98.10305
0.516,81.879524
39.746,207.57857
40.884,83.33811
10.627,113.42535
499.97,202.7991
80.16,165.89369
500.71,196.32394
119.813,67.859795
29.867,102.35692
30.36,129.00487
0.77,208.57289
0.14,100.756615
40.033,368.1131
10.393,58.852467
39.92,257.9431
19.867,47.60614
457.79,219.32732
520.116,74.8282
9.51,70.823235
1460.037,1036.0613
9.147,128.98824
60.077,109.881096
0.25,37.712692
0.11,134.80699
40.61,64.91732
11.163000000000002,22.305544
228.48,51.9814
20.76,376.31183
420.026,238.7904
9.32,130.01202
19.487,87.28005
349.753,39.277786
70.313,49.22899
219.26,253.63733
31.083,114.76965
0.656,91.85709
359.997,413.6336
233.72999999999996,363.52542
29.733,77.936935
1032.123,237.62155
442.796,72.36331
4070.837,2847.2947
6.256,20.24123
19.603,52.481117
13.723,82.08534
0.064,66.78447
19.91,64.13855
20.41,64.91577
23.043,40.36506
20.12,73.91417
0.08,32.094913
19.947,46.969482
19.63,209.68985
820.307,240.08252
129.183,30.494755
10.263,134.16438
17.98,68.97889
40.413,115.56737
37.406,211.08292
39.74,70.35982
9.82,74.29534
38.99,246.86357
20.397,73.63805
11.667,68.61526
0.173,60.770737
48.44,204.94669
29.304,203.5041
610.567,27.240295
160.367,172.32597
19.38,83.830605
380.53,67.92111
41.196,411.1813
321.097,393.89478
150.084,114.05445
80.036,54.993187
920.263,931.7784
320.503,158.00484
9.827,128.32954
29.38,451.80035
59.776,163.48067
60.016,142.38936
100.03,71.06727
31.13,174.80101
20.087,119.659195
19.87,62.34153
940.1499999999999,75.70404
449.797,181.7413
20.067,48.123817
29.983,134.35959
0.94,96.504616
0.067,271.31952
60.116,60.876644
0.466,30.32211
29.403,79.615814
8.94,141.88277
2.457,49.077854
0.22,149.57462
9.357,44.156506
19.867,71.45621
239.41,30.745928
119.343,164.80649
19.644,51.81366
430.097,257.5736
233.147,228.39333
18603.243,1762.0261
110.283,293.57785
14.593,51.533943
19.986,73.93506
993.767,601.4475
27.444,291.5051
9.72,32.859653
39.543,75.04196
19.94,101.59695
149.977,220.11377
39.967,107.61084
90.147,60.030174
52.52000000000001,587.14325
0.64,217.14893
39.647,69.90177
15080.15,605.31396
29.196,175.48868
9.557,83.01259
49.423,39.058685
49.824,102.96178
90.427,98.53346
29.034,55.697163
19.914,57.24895
28.383,169.67563
219.763,46.78518
1010.196,477.0527
9.76,95.17901
21.02,88.84886
11.6,299.82587
1360.4,988.13245
150.45600000000002,247.4376
848.63,8.320389
596.87,160.0606
79.257,412.53217
19.784000000000002,62.525517
19.266,130.9098
940.3800000000001,57.993496
10.073,350.87973
1550.787,54.33403
8.12,153.42543
9.283,64.943474
20.017,224.87924
214.49599999999998,50.32908
1.3939999999999997,19.19429
20.277,32.237133
830.934,191.2463
29.73,109.010864
28.737,92.62978
19.787,94.39441
10.203,82.09271
1992.3559999999998,854.4197
108.64,157.83698
8.79,88.35646
0.343,25.940258
0.39,208.33751
53.52,362.3849
19.32,64.94124
0.173,22.720415
0.33999999999999997,31.015137
80.207,66.931755
19.89,148.34383
199.493,57.74162
10.434,251.08
72.49,176.71559
20.01,60.075882
0.343,102.646034
9.743,107.550735
130.33,191.80482
99.943,92.7958
70.887,35.29262
19.97,409.1541
200.007,151.58365
112.743,117.8895
50.133,410.0488
10.41,77.36147
0.5,210.33244
39.36,35.397587
229.954,246.15886
360.63,242.31676
0.39,278.5522
8.267,119.21885
50.073,65.844666
180.04,86.44841
718.786,70.31456
9.14,249.09286
3295.84,666.5335
589.85,110.78098
229.677,106.52749
80.38,256.9113
0.717,42.40837
9.233,46.97822
1.017,29.232956
129.967,257.4572
1049.673,351.6914
10.087,944.2952
421.964,180.81917
29.25,68.44019
2.16,102.880455
9.11,81.09442
9.88,152.85309
10.11,259.58347
20.71,151.96513
18.86,70.37281
0.343,103.95529
11.424,103.398285
10.29,120.6622
1.08,79.00899
30.03,381.088
20.644,154.23091
110.453,97.87525
20.944,82.40684
431.2869999999999,227.01817
240.496,108.46066
100.43,932.2002
178.71399999999997,178.96709
49.28,62.405598
139.314,342.9205
69.723,192.08868
39.804,122.385155
229.406,197.67395
99.75,63.000397
20.067,127.79217
9.903,81.71445
183.55,301.5874
300.387,54.42161
60.68,59.31906
0.863,190.92203
40.254,1358.7812
83.12,128.07143
0.144,303.05457
22.890000000000004,985.4863
9.96,66.00085
31.020000000000003,362.88565
10.006,22.495886
0.11,371.65277
19.73,291.64615
0.83,25.58268
29.13,54.42161
29.953,121.7412
209.243,152.43767
149.896,57.24895
493.483,104.80659
648.9440000000001,446.77582
260.507,166.48076
11.384,20.639225
39.604,62.745728
160.553,488.3384
0.757,51.103127
7.716,351.79333
129.133,755.36487
9.877,34.56048
10.124,127.59701
19.147,78.49178
20.254,104.03678
100.277,150.75363
0.72,87.94563
565.663,454.5923
17.483,124.82727
143.927,50.311153
40.093,122.145905
40.094,218.73436
10.846,135.74161
101.963,459.48596
30.3,97.71895
1821.02,893.9792
4.197,43.83589
83.704,63.398087
40.234,87.61033
0.22,31.196241
9.65,76.16206
19.557,215.93773
190.09000000000003,253.21715
30.037000000000003,87.80775
150.047,1232.4149
0.284,30.122597
7.217,28.980532
30.796,63.61322
10.133,81.11631
1045.487,124.68358
353.847,95.04937
10.554,371.55127
0.093,30.248505
9.59,359.16287
69.92,173.06343
29.957,60.514656
239.653,122.59308
9.77,21.397154
11.65,117.58467
11.717,21.78651
120.23,93.25862
170.72,35.192997
79.397,275.95062
59.653,128.1797
149.737,482.1023
59.57,1767.9604
10.607,98.43154
20.037,233.75658
6.966,221.11935
59.29,60.463543
5073.613,753.9666
80.966,92.58381
1.813,210.8935
0.444,29.344406
20.317,119.92938
378.17,125.85277
3138.18,508.4128
9.097,456.9772
10.05,109.06699
100.40300000000002,163.46384
712.483,749.6574
90.197,169.33159
0.483,87.899086
0.25,215.80667
20.12,157.04744
49.964,283.84872
70.786,80.0291
1.577,98.80534
640.413,214.38853
9.976,87.28005
0.21,59.861496
30.727,139.72058
20.257,95.0474
129.21,675.4494
250.24300000000002,72.57362
20.263,81.244644
199.903,91.6588
359.487,119.88482
183.44,150.09048
5.754,185.20349
88.993,195.94827
39.246,138.2157
489.52000000000004,414.60574
20.217,75.665115
59.53000000000001,207.78934
20.997,164.42738
29.197000000000003,137.30733
30.017,202.6019
61.473,621.3998
39.823,208.33751
20.247,89.1023
210.62,149.34251
2064.213,214.76695
0.9430000000000001,91.15659
59.963,198.58807
10.94,98.82062
19.433,207.47751
20.345999999999997,132.2811
119.924,240.47055
29.577,60.07063
60.033,145.50551
60.047,10.817785
0.0,55.15678
368.113,162.84007
20.047,29.94649
20.75,83.52385
10.26,19.68458
2.706,33.26753
139.53,285.34375
0.143,38.22424
9.717,163.72304
10.894,121.5959
120.15,233.374
960.047,916.6426
39.586,71.65261
249.47700000000003,108.922066
2.347,22.720392
30.013,46.818413
49.113,186.22679
69.574,51.61431
18.83,425.609
9.357,705.8361
109.767,74.10743
319.937,45.076366
69.9,220.13014
10.693,34.453644
309.733,288.902
19.356999999999996,46.071182
19.057,215.9888
0.094,99.87296
11.173,33.295986
40.087,197.27475
1.267,134.542
9.827,192.90237
30.176000000000002,247.04575
61.13,150.61768
10.233,107.518425
213.544,93.14161
179.686,74.33616
10.253,21.756865
8.173,32.65085
23.19,79.83921
20.69,350.06598
10.147,91.25752
220.524,108.34914
590.013,397.90875
410.61699999999996,45.904266
30.427,176.92625
10.256,211.3643
150.526,271.6827
58.684,370.30353
40.356,42.40837
60.3,231.84721
40.586,329.63232
9.393,239.73912
0.094,184.38312
30.286,225.46344
0.25,85.60066
369.67,100.29346
369.237,85.64592
0.233,33.219177
69.506,113.531555
0.5,67.3545
288.986,35.595654
0.513,36.110474
1.457,131.37389
329.05,212.05144
90.027,343.52988
29.467000000000002,150.8348
54.633,215.67528
150.723,78.64509
126.55,56.05899
30.03,94.6063
19.58,192.3515
29.717,227.3851
9.373,243.35574
80.317,78.84841
0.314,81.028755
70.923,234.1085
90.42,68.60132
9.59,119.77116
29.277,94.43364
9.487,58.301426
139.957,140.75618
1680.713,114.638
60.573,167.12271
40.21,169.7469
30.427,88.8899
480.984,160.80138
920.35,346.2421
31.123,29.037657
89.943,176.56493
38.25,24.93388
784.847,648.25104
190.05,301.81708
29.853,92.37239
49.43,77.12238
9.329999999999998,109.40775
138.0,71.81702
380.973,324.09335
9.98,93.37552
20.99,128.65657
19.82,627.90625
10.01,183.46913
60.08,132.89357
69.877,309.58542
10.013,165.33612
59.836,79.73778
319.897,87.93003
359.45300000000003,208.33122
50.904,51.94718
59.067,50.952915
28.766000000000002,141.57185
569.84,536.0803
19.88,77.52419
0.994,102.93555
379.514,290.822
20.384,61.42485
159.894,367.6335
0.0,77.82476
35.167,29.74795
201.387,69.95155
0.467,26.978266
29.619999999999997,61.142323
10.26,82.44087
19.903,282.11035
19.25,344.16437
10.317000000000002,55.443104
121.093,53.74195
0.797,46.22963
49.843,111.77237
9.397,154.65688
57.517,242.05933
9.83,197.62306
632.566,227.92784
49.977,165.6505
41.026,155.41957
16.177,169.67563
9.403,29.822504
41.19,193.86864
20.223,96.3183
0.723,75.485756
139.313,39.649754
959.387,166.22173
0.843,126.99913
269.787,78.82448
55.337,64.10782
1419.993,54.60516
119.73,39.010796
19.99,113.42292
10.34,181.91537
478.763,112.05431
10.597000000000001,103.43374
18.25,112.34935
20.354000000000003,191.48183
20.46,55.370293
10.947,160.62212
79.233,159.0283
49.21,428.60336
39.923,337.26382
109.78,278.26767
12.177,119.923965
19.413,1225.4003
96.31,71.927345
659.4299999999998,1315.3344
9.14,17.501749
55.8,99.05833
29.423,52.07752
10.327,217.29337
9.763,375.6137
1.47,269.27917
38.55,46.995815
110.664,121.93874
241.063,157.09088
70.33,398.94046
19.85,55.303406
7.693,157.20528
9.900000000000002,98.447136
615.053,441.21518
40.807,197.70338
130.023,320.32385
40.31300000000001,52.856167
10.563,111.545364
9.763,99.29653
50.004,119.28803
219.087,266.90115
90.213,219.12161
5778.03,1642.1343
38.96,134.4765
49.973,736.6749
20.2,146.01938
80.37,223.56541
11.88,82.82667
9.287,152.6935
99.17,62.936108
80.08,296.81213
8.124,74.277954
59.977,966.9231
40.376,72.56375
9.900000000000002,330.68637
9.16,257.7965
34.646,188.08647
258.02,548.55206
19.83,207.26044
0.437,269.27917
60.53,350.839
859.69,372.64713
20.339999999999996,60.01281
220.34,92.4115
9.02,356.77682
10.194,92.55356
110.53,148.39723
111.817,197.74625
39.617,103.47152
69.977,59.532055
20.856,97.40658
18.1,36.335114
0.123,77.7826
10.096,84.81819
39.26,153.15254
212.043,196.37447
89.907,540.9146
28.663,118.73089
99.78299999999999,565.92194
0.033,153.17108
0.92,52.990723
0.27,115.34654
18.797,216.12267
139.094,259.09647
69.864,293.99734
52.983,1174.2102
18.97,103.89298
288.83,60.15341
218.89600000000002,683.8328
81.797,57.466698
0.0,17.10244
24.993,142.44858
0.33,43.39092
63.757,223.24458
39.41,104.2718
40.467,153.01385
0.267,87.09431
9.55,70.823235
20.15,371.72067
99.503,58.97785
0.737,25.002039
10.677,40.797493
78.61999999999999,40.16844
19.897,254.70297
200.37,60.1322
10.506,552.501
19.63,125.12799
29.127,144.10707
830.127,259.18622
9.31,111.77567
30.173,45.27043
0.3,162.03505
0.626,29.248808
28.7,182.12996
321.91,23.325777
20.117,218.38208
10.02,248.98674
9.243,74.44475
9.59,74.881096
29.603,146.80383
9.603,87.461266
31.547,233.82922
0.064,152.19504
180.554,195.59343
0.343,90.72617
39.96,149.7269
20.2,90.27001
40.15,221.05664
19.577,81.18865
18.53,50.7633
12.64,219.06752
4.653,110.098495
10.08,64.21021
0.9599999999999999,112.81481
100.647,242.60945
0.93,223.89787
60.076,109.361465
10.647,257.2885
1257.1770000000001,320.5043
80.63,76.802505
6.943,66.23815
2.83,104.52235
29.827,135.13351
18.654,92.57144
4.207,74.115295
8.95,90.72617
8.924,32.859653
0.784,63.368343
20.206,207.76497
40.34,80.16819
40.287,62.173214
19.943000000000005,153.60149
18.933,75.00879
0.236,196.32394
9.653,394.7309
60.737,94.55867
9.786,226.98903
1.333,139.68272
0.063,31.128365
70.22,273.78452
0.343,74.76905
18.974,4.1831007
609.35,95.59112
1.08,81.11086
19.867,314.17642
0.717,98.82936
0.204,97.473854
59.513,243.33032
19.96,135.17468
29.313,188.1418
30.34,409.1541
349.63,107.85021
489.774,100.14553
30.36,193.4245
19.35,12.6031
440.22,52.536896
29.366,38.91835
68.814,212.88728
68.687,240.50278
169.483,85.478775
239.81,57.968708
29.054000000000002,73.2853
4.997,193.23315
40.107,40.43691
0.064,94.80764
60.304,162.79591
199.86,201.03752
1648.013,280.64145
481.13,194.7468
19.757,25.249258
9.633,98.389465
0.403,118.62204
10.623,56.048847
0.19,72.93879
0.047,16.867268
10.194,124.70391
0.0,69.846565
9.18,42.906498
60.603,105.50138
0.903,77.36697
69.02,236.99637
0.017,91.674965
20.633,167.88385
9.436,81.0725
30.157,204.83049
79.336,113.52496
30.093,60.339848
0.11,43.39092
309.713,177.95107
100.177,41.884792
0.017,92.52338
419.66700000000003,35.63909
0.20300000000000004,36.54189
59.26,232.12851
38.447,114.756134
0.393,67.58667
84.763,38.60448
0.127,52.990723
30.973,267.14566
119.76,75.43053
0.123,138.60165
101.19300000000001,67.69799
229.83,145.1154
91.86,124.20269
650.047,28.31023
9.237,51.231155
13.35,64.132904
60.947,209.87424
20.133,53.752136
30.223,62.353764
725.4940000000001,929.62616
249.87,418.9118
79.923,207.66624
160.344,125.61787
10.22,168.66676
8.893,45.823936
0.36,91.79512
9.826,69.783455
78.703,54.337498
29.52,208.39973
63.32,106.26966
70.317,145.28595
62.053,32.255848
11.25,50.272476
336.557,108.819496
39.74,412.46194
60.53,114.94555
7.33,36.206234
8.937,53.985214
0.093,139.02684
10.48,62.76812
1285.3770000000002,85.46613
0.14,236.68263
800.58,444.4952
19.783,101.92703
19.457,92.83707
0.674,55.193413
0.33,65.08196
50.517,69.05268
310.69,528.5057
580.864,132.82611
160.593,12.187095
0.31,87.725204
9.31,135.48392
10.804,75.780846
1560.337,245.80597
0.186,133.98723
19.707,37.130913
110.153,48.08132
0.063,181.74716
100.05,252.86467
17.933,65.49304
90.814,98.22446
19.387,481.01593
19.816,254.3887
29.96,363.3691
38.394,79.182724
16329.09,7741.5977
2.52,24.037146
310.64,75.858665
0.52,141.63441
370.326,230.47975
20.226,276.2046
258.96,179.61467
271.48,92.35986
100.007,237.94817
19.91,56.305088
20.173,286.89206
9.03,20.856989
19.963,272.5298
9.953,68.63972
19.974,191.34776
10.213,192.75575
2043.99,145.39409
31.18,167.8024
119.993,87.32034
69.763,92.944725
69.267,146.95074
18.81,93.73783
220.05,132.8312
129.223,305.74368
1.25,105.39348
29.794,41.63766
331.073,71.59947
24.73,208.26306
109.726,302.40924
9.883,36.559505
50.72,78.491486
2.0,66.61438
68.937,979.20105
201.09,122.121185
26.38,105.46016
450.03,94.01731
10.169999999999998,218.23155
4.033,206.4436
10.86,180.10364
5725.547,937.80615
241.057,74.15
140.537,362.41293
20.556,125.807915
10.906,32.859653
10.794,204.91705
186.567,206.41318
858.2140000000002,220.66104
10.98,141.44208
19.257,196.1955
539.423,361.92563
8.883,34.54328
1.253,45.903725
90.47,382.68167
9.973,151.90346
8.986,66.69677
1.17,148.50539
139.746,108.582924
0.767,193.23328
120.93,77.5994
30.257,148.5766
19.716,23.623056
10.305999999999997,412.3937
41.727,151.85387
0.093,61.557156
13.863,157.45413
28.636,28.870789
111.826,356.8817
130.093,245.22966
19.666,329.27798
170.47,318.58167
319.49,562.1739
190.9,334.27118
199.09,355.0198
59.836,167.39066
19.003,56.123127
10.213,54.7918
1.47,68.14226
90.97,110.33222
9.767,88.00091
19.99,187.29869
99.577,54.018517
9.12,31.015137
0.437,82.71369
139.527,76.2583
1380.393,230.57402
10.403,189.3497
20.884,53.101707
20.667,136.84602
1619.884,202.61429
1597.947,1139.8102
9.897000000000002,166.38889
19.906,524.31586
320.22,57.54466
0.594,101.37821
18.36,245.153
0.063,81.98238
90.514,66.38018
329.997,82.76924
18.834,213.53749
120.097,70.43961
30.507,72.322464
10.75,275.19275
0.61,76.11606
10.377,90.29517
0.924,57.35901
29.84,338.6195
59.59,61.78274
1965.213,585.51135
63.703,215.41815
80.68699999999998,191.57639
10.157,64.920494
20.887,47.007072
1.84,8.972235
3259.696,690.8718
39.48,68.88561
496.583,1067.6459
0.143,84.41795
59.973,27.367308
9.136,214.32869
9.07,1166.9578
0.737,152.40004
929.797,286.2289
8.593,1303.0077
1.35,53.64749
29.904000000000003,84.9915
750.047,186.62985
150.086,155.68422
40.577,77.675354
1.613,261.38443
6.557,61.95418
20.24,232.47025
80.236,211.84477
10.58,21.147778
70.374,149.24918
10.336,67.63889
48.817,95.71295
37.537,312.07962
210.51,415.2624
49.64,172.00616
19.517,28.556263
31.217,62.59084
18.97,57.68831
459.74,43.31697
590.797,226.64532
10.907,39.600475
0.126,152.85309
570.063,205.35153
7.957,20.292582
9.354,77.03347
579.263,178.56577
10.053,169.89287
10.65,197.2516
60.52,111.997986
60.35,64.56452
89.073,54.282646
29.766,188.33966
23.18,132.71869
6.593,118.86244
559.917,115.01605
2548.724,625.27386
20.043,159.45222
8.826,68.96211
250.273,14.820353
9.816,221.45546
88.5,36.513798
0.08,61.629307
49.337,25.26279
230.027,72.78546
9.066,222.77168
282.977,32.954155
10.727,97.919365
19.499999999999996,98.223946
300.353,228.46701
8.996,31.325365
40.3,51.527386
118.2,435.9076
10.84,65.961
90.114,86.97074
4.4,60.982803
0.394,23.023254
159.933,454.19492
59.927,109.49125
19.02,158.23724
18.226,46.361084
19.21,247.49915
19.85,31.225714
48.683,122.45015
30.12,88.16365
60.763000000000005,97.50751
9.91,61.690468
9.01,120.43783
12.086,91.8004
71.774,319.2372
89.757,112.74743
91.283,278.26306
0.22,34.521023
11.11,221.08252
229.977,154.8834
27.26,59.991154
10.033000000000001,96.65678
20.97,190.3407
239.86000000000004,666.1203
10.077,59.725445
79.89700000000002,37.021282
99.583,392.12363
0.94,99.12092
49.847,146.18127
19.92,229.83272
4060.017,410.87192
20.557,96.939674
1.53,29.264671
10.953,370.51065
2440.27,43.33495
0.14,106.37894
179.99,152.42625
46.483,132.3373
29.94,137.88914
9.747,197.74625
18.68,40.623966
168.677,165.37747
20.11,241.1881
125.44,300.7489
1688.363,745.05
1138.406,1126.9073
58.337,134.88988
123.64,41.35696
269.16,233.88737
416.133,170.2637
50.55,95.91204
80.757,156.15878
19.84,151.21823
9.957,57.647217
29.013,191.60349
349.85,415.30695
11.217,40.685947
89.92,528.052
50.3,171.46193
20.003,78.66964
29.527,296.31702
110.37,146.64505
110.107,129.93626
19.683,66.990685
0.647,135.18301
0.343,233.39023
19.856,55.14372
30.053,203.68646
149.68,331.91
193.987,185.97574
9.183,74.82732
19.913,67.59816
0.414,156.04947
8.967,337.0493
0.64,25.249258
39.536,53.767517
90.04,2910.5022
89.34,271.40945
0.44,83.830605
0.576,363.70813
18.92,75.23982
35.727,93.672714
80.706,72.69512
9.877,33.609196
0.014,158.50948
149.633,244.35353
7.573,117.07607
12.01,108.6341
327.717,133.37924
11.164,607.2018
39.88,81.488556
21.993,58.448116
18.85,135.45477
1679.876,109.57019
19.874,112.297134
139.966,365.45093
20.202999999999996,57.664486
0.407,98.23759
10.657,129.41277
10.96,134.54207
0.16999999999999998,66.61438
0.83,38.22424
20.134,95.786476
8.787,74.16945
1222.407,123.08475
20.927,70.233894
49.763,64.003204
40.157,132.13852
20.79,145.00644
10.315999999999999,9.687625
9.107,372.86874
19.33,207.99207
99.863,130.82121
29.74,2.7552693
0.08,65.37304
19.86,290.1727
54.853,130.34512
0.217,81.29065
180.974,260.51562
41.16,148.2235
10.21,157.19339
77.023,102.66253
168.284,356.25958
120.21,60.84024
68.98,876.0268
68.977,162.46399
10.977,225.26411
170.09,87.12191
19.917,104.59309
0.29600000000000004,74.37614
0.3439999999999999,56.586746
1.304,32.964577
100.193,197.22606
39.65,140.49316
330.703,335.79385
9.873,124.19749
300.356,264.79874
0.577,226.3628
2.283,71.66627
7.953,197.73752
2618.683,729.5837
1.44,24.83856
412.517,96.258255
7.679999999999999,69.58828
29.192999999999998,151.17319
0.237,38.22424
280.083,86.3762
11.167,32.65085
9.903,134.16438
12.576,33.830036
51.273,419.01285
46.064,138.94374
39.92,112.411415
169.793,886.0982
10.0,117.17832
19.106,74.98417
556.0240000000001,356.8952
0.20300000000000004,54.719067
11.007,81.13827
280.573,133.648
8.29,428.19376
0.017,23.879972
8.653,51.268562
9.347,218.09747
20.167,171.31262
57.883,90.64147
169.5,92.85655
0.19,1296.8094
19.943000000000005,479.69165
10.434,136.07512
20.177,93.89078
9.887,74.98417
10.527,33.00152
40.404,277.92514
9.514,362.77197
50.84000000000001,175.53769
120.23,156.8719
19.46,36.82521
1.013,75.74768
0.94,32.07608
29.983,163.69766
19.213999999999995,106.107704
300.067,253.7101
20.574,126.967926
0.563,99.928116
9.033,30.18549
79.207,46.01549
7681.496,231.26231
671.207,2588.0562
8.803,215.98178
183.7,51.35754
20.797,158.87158
20.077,287.96783
10.83,230.31831
10.016,128.13947
9.997,51.87606
0.126,60.147938
69.887,53.121128
20.763,62.00944
20.04,72.20029
181.463,50.82488
481.263,105.0667
7071.68,899.78564
18.907,85.605034
0.127,36.559505
30.85,10.821768
0.19,101.592026
549.957,150.92902
29.657,98.63071
0.156,146.93686
410.594,363.782
19.977,68.49992
20.273,74.39241
2.94,222.20482
89.793,486.61768
0.407,42.612278
19.023,80.11716
49.536,50.067505
9.63,87.899086
17.716,362.46756
19.98,44.72602
40.743,265.17676
20.03,34.627254
19.057,308.11197
9.907,104.60786
39.996,164.76535
250.25,475.417
9.042999999999997,117.92313
38.963,273.98538
10.087,80.25783
14.15,122.8711
60.29,204.82439
0.313,33.945335
70.1,105.73316
69.953,118.175095
0.78,11.435285
8.747,56.5488
0.196,170.69565
8.064,47.78425
18.9,159.51338
0.9870000000000001,280.5842
30.113,180.45049
190.58,808.6508
69.077,122.393364
1639.954,66.84043
10.0,81.10539
0.436,66.46718
147.26,986.4593
9.52,120.15694
49.893,207.26044
1.11,103.66232
22.346,342.40027
168.83,50.86563
41.67,997.0694
20.61,162.18965
279.977,37.052387
20.17,134.99338
270.174,122.39547
570.127,51.541325
8.876,79.78138
20.4,248.69017
19.863,68.26659
51.306,422.16208
19.37,105.05977
0.064,49.130505
40.29,329.56058
19.09,371.2468
10.05,146.88126
1.033,29.61568
0.127,90.018845
30.134,93.06751
190.627,102.88006
30.96,62.119503
19.387,122.663826
4.37,121.44186
0.029999999999999995,135.33072
170.997,257.087
90.973,151.79237
29.936,86.89779
199.57,314.17642
249.793,128.17064
20.31,204.93541
0.094,204.05064
0.653,71.53518
31.36,79.38464
230.32,229.82336
101.027,99.81166
40.72,322.94223
150.04,212.50528
11.727,37.542496
9.703,292.43903
322.106,58.72638
118.63700000000001,31.552324
966.51,1754.345
1.296,79.82465
10.637,64.80987
1.446,119.007645
0.403,30.757463
20.65,46.887875
39.013,146.48685
50.86,197.37657
20.076000000000004,67.44253
20.114,55.29393
6.776,87.89051
10.029999999999998,322.76224
270.74,299.43713
20.036,187.49397
0.97,49.98223
0.157,102.646034
119.897,199.9867
38.27,122.71565
0.233,72.147026
2743.223,138.3966
29.407,121.90647
19.287,33.296528
271.25,275.55716
28.563,135.19939
9.38,101.58285
89.907,53.231342
1.5000000000000002,213.53969
10.553,35.717583
40.146,98.705635
38.27,29.32818
19.843,59.725445
19.87,50.695255
30.07,190.93909
110.647,104.46527
370.26,90.89017
130.123,479.823
30.87,153.74774
269.97,147.1918
205.83400000000003,232.01353
10.39,31.525759
0.08,41.083725
19.617,150.96959
20.327,83.216805
9.186999999999998,81.98238
10.874,115.63098
28.533,145.85667
0.61,134.739
29.037,200.9161
20.076000000000004,381.2187
7.773,81.239655
669.263,250.10889
40.187,190.51483
20.913,299.04364
40.126,56.487473
60.293,154.49367
99.636,88.4681
58.587,80.6353
50.71,191.01633
0.0,86.80885
169.72,94.044014
39.453,206.71529
11.964,33.65037
435.087,284.29037
39.786,57.858894
6734.607,857.8
20.067,233.9009
389.79400000000004,219.7996
9.547,92.84833
80.763,59.13763
0.033,47.135696
20.216,163.58934
0.894,121.41611
1.427,62.36979
19.777,85.803986
0.593,74.61132
39.333,54.36435
0.017,645.01184
30.75,131.11014
8.93,62.73414
160.856,294.55295
50.86,138.53078
364.473,58.911716
179.45,65.63628
1.05,87.807785
0.157,123.71655
20.65,209.81702
7.987,107.25889
2.583,78.586624
0.14,56.981976
40.363,141.54234
110.74,167.23996
40.237,210.06839
8.770000000000001,46.379173
250.1,31.40525
29.557,236.30365
159.414,317.96982
29.889999999999997,110.518875
10.39,81.08347
579.996,220.6445
40.243,34.98113
39.906,100.71063
19.393,91.674965
450.564,44.616543
10.0,729.2991
88.947,55.216797
420.067,259.23532
159.837,203.25584
10.28,106.53148
239.487,189.46217
20.077,72.864334
9.926,81.44856
9.347,51.01897
20.36,43.762714
40.937,105.6142
140.623,133.11174
20.517,224.54532
118.817,190.85614
8.047,51.51262
200.37,204.42209
99.943,120.37012
20.734,905.5463
309.387,46.824642
0.22,61.56088
0.013,168.83463
225.577,254.60172
40.09,261.83667
19.86,56.52167
9.513,23.099585
9.63,25.249258
209.187,188.54745
19.63,141.61298
26.173,234.74481
19.203,118.5215
10.073,148.30789
950.11,104.344
0.844,55.15678
21.393,75.670166
9.647,81.908516
10.244,43.762714
359.554,357.02536
31.527,30.61851
20.073,65.51418
20.073,62.183735
99.81,193.46652
20.996,117.969894
120.037,139.08821
836.993,130.83725
20.637,104.64119
20.84,31.17761
2050.313,351.9091
10.317000000000002,68.91231
0.346,31.140692
9.517,95.323204
17574.777,8948.815
6717.35,158.57623
9.976,203.03395
59.697,203.72865
379.8,90.60526
19.537,60.532375
0.046,30.17455
1.53,85.49613
41.093,92.92897
99.72,100.89774
198.673,123.19862
61.24,45.788837
149.026,112.1907
8.176,203.83546
19.887,82.40739
19.546,75.14218
10.717,71.33345
18.987,75.00879
39.957,80.61125
69.947,63.722588
39.78,77.19036
79.754,36.919716
79.767,236.32603
50.32,147.84038
92.037,36.652046
159.973,77.55372
9.846,119.67397
49.00300000000001,170.36159
0.69,134.739
141.24,58.844265
9.69,65.49301
19.817,204.54745
63.334,106.87628
9470.42,1143.7788
10.776,160.09462
1.27,244.89636
10.827,119.11462
347.836,39.67425
69.82,42.612278
178.953,212.57462
149.593,94.58872
21.739999999999995,59.244728
79.947,111.88682
150.75,215.7632
160.723,50.220634
9.383,264.10947
9.616999999999999,253.05344
11.22,106.19799
139.343,27.648338
599.89,343.8912
160.1,132.33093
2.896,111.23537
21.103,55.24685
19.72,412.6725
10.547,79.00899
10.28,222.77168
55.473,176.70659
79.89700000000002,85.942955
40.07,279.2326
0.077,65.919136
39.93,239.42766
235.46999999999997,158.6949
9.03,607.2018
19.887,78.419014
0.97,251.81134
19.974,143.491
0.2869999999999999,35.68585
8.923,25.332188
19.916,148.54825
10.717,162.83139
0.86,215.26466
710.426,395.2962
20.909999999999997,25.68818
19.99,92.89237
19.437,219.79343
110.57,61.155624
20.004,231.97697
22.613,232.79782
1.357,33.183716
291.547,28.699196
9.893,37.872334
139.463,373.81525
147.484,442.80746
20.513,269.75055
0.577,28.841915
72.4,57.046757
59.964,158.72897
70.3,58.323463
117.627,241.14423
39.85399999999999,1776.6246
50.3,255.52542
20.85,233.14914
409.603,38.24191
18.897,65.081215
0.19,152.85309
459.83,895.64056
920.174,151.61899
0.029999999999999995,81.0397
0.223,154.65688
20.006,102.157295
40.17,76.99592
10.603,32.859653
8.11,120.298874
19.9,168.26463
59.72,144.14203
1.3769999999999998,91.85719
70.187,36.442593
58.847,195.45724
19.213,124.8436
19.213999999999995,21.014776
0.33,73.46557
10.506,69.768845
19.893,504.01337
0.029999999999999995,161.50357
40.263,45.970505
10.976,205.09647
9.329999999999998,126.54227
1.46,32.98736
0.186,37.42066
9.846,360.36203
119.493,196.31155
730.337,179.75444
0.093,146.262
19.723,36.718674
79.917,120.84474
0.11,75.66519
789.943,436.723
48.977,63.265118
0.597,105.71727
48.837,145.64548
18.907,171.54745
0.047,51.456482
29.633,87.525696
1969.0,89.20442
3289.85,2441.2861
389.053,54.039845
59.274,107.24518
809.56,171.39645
29.0,391.98047
10.766,29.630331
289.007,207.70464
21.124,206.76399
8.837,98.58355
20.543,38.205715
21.49,66.8487
8.556,104.09229
23.183,45.58675
0.126,237.58824
54.77,99.56063
1551.753,261.6249
259.827,337.62042
90.75,311.72937
0.187,70.30923
0.106,22.126314
19.43,71.47009
10.374,242.63594
0.984,35.27424
62.397,46.474087
39.903,95.54653
70.54,188.43501
9.0,111.250175
49.153,202.64848
18.953,158.24094
10.336,210.9451
240.007,181.10448
19.673,78.42697
70.07,75.29257
40.11999999999999,171.1116
1909.86,90.726425
110.737,122.01823
9.749999999999998,249.2165
0.156,79.70634
0.326,21.903904
199.763,130.57532
9.237,69.46221
9.023,81.766365
1929.55,48.21329
29.156,82.547035
10.627,79.48771
33.063,70.098755
6.613,20.570192
0.83,72.411415
19.03,176.52705
188.977,88.231186
50.76,92.88834
0.53,81.01788
13.64,66.27606
60.786,89.95131
249.154,517.86816
40.097,113.66751
89.10699999999999,62.48488
0.936,187.81754
40.383,62.209465
149.22,67.05078
10.023,414.00342
620.207,299.6601
1.9029999999999998,62.41852
14.754,43.17188
2340.267,610.9363
370.197,161.98067
20.847,102.33386
70.27,56.305088
0.157,23.330126
10.06,22.146671
270.32,783.4188
9.477000000000002,70.933365
120.813,47.67168
0.283,21.683733
20.017,371.28082
8.024,50.482975
79.97,0.90123606
18.897,168.64653
40.9,51.34392
69.847,39.115025
29.714,150.43094
29.59,128.1601
0.017,142.99997
39.747,164.84544
50.536,86.544106
140.77,153.68001
580.15,110.669556
0.173,88.63275
19.07,149.2888
10.06,197.23747
120.22,267.19977
711.156,4391.7437
0.186,80.10748
112.44,98.36486
11.22,125.43577
0.033,62.040203
10.317000000000002,91.51719
291.864,479.42133
602.076,216.36516
29.742999999999995,371.31448
6328.51,1384.6046
19.823,150.90564
130.06,151.69289
79.487,103.64508
0.594,127.69264
50.006,478.0452
388.777,76.81559
29.674,1489.949
1260.127,2042.9213
0.39,93.23667
1319.254,225.85512
20.94,229.85277
22.73,107.20491
9.123,74.15145
120.54,270.62216
17.666,251.08
10.33,37.859566
9.53,64.790504
0.094,81.06707
69.763,225.54167
8.887,55.26668
1.436,66.12757
149.043,167.609
120.444,100.5963
98.657,43.02161
7697.897,168.39862
90.383,222.21222
41.0,112.34935
298.11,254.57385
10.627,123.907936
63.786,36.69958
9.827,522.69183
11.137,133.6939
20.456,49.463367
9.803,21.050407
103.867,193.01611
31.463,21.014776
11.337,1727.4309
19.94,162.21724
59.642999999999994,441.47806
7.283,50.155678
0.487,334.59503
20.987,176.12408
59.89,565.3039
10.133,67.286674
38.936,110.79195
2.783,38.362103
19.793,87.112595
8.267,168.90369
10.967,105.96962
20.077,181.13594
370.117,269.53442
18.467,253.36836
79.926,666.5335
20.173,146.01088
2683.447,386.7082
39.08,100.27329
0.61,36.13425
8.877,68.42781
0.157,98.08118
9.38,141.88277
480.303,1174.6244
18.2,99.826904
49.047,198.99837
58.19,206.24716
530.234,119.72655
60.146,213.37643
34.243,301.99564
900.52,217.85953
59.613,36.44883
2979.67,439.3317
10.633,49.274006
199.12,53.98307
10.207,75.033134
0.063,81.01788
29.673,64.80129
70.047,63.875847
21.023,161.77673
19.823,57.735764
79.79,205.16121
19.74,52.82527
59.91,163.57684
228.96,108.67392
10.996,80.1578
241.14,79.32593
18.31,44.64671
39.984,1210.7822
23.439999999999998,108.727356
10.64,67.945114
650.01,57.81057
0.313,55.193413
89.153,227.86871
169.91,93.79437
0.076,230.4532
140.524,80.13023
17.19,53.481445
329.043,83.32911
9.82,109.959435
150.623,61.117092
382.7,110.19935
2.236,91.57022
1120.3,199.14642
20.037,87.71845
0.71,266.03958
20.11,98.65557
260.107,56.441673
9.947,36.41858
9.923,223.49942
209.937,35.72418
20.37,23.77462
0.907,31.015137
9.86,167.73398
11.127,22.175472
81.24300000000001,296.51855
86.363,98.70297
50.01,295.19803
30.13,254.24791
39.526,143.38493
129.11,560.64453
1225.037,72.63539
10.77,80.10748
0.033,102.81492
9.623,26.194923
79.22,4007.041
1215.273,212.91463
10.383,359.4001
1069.957,186.54279
19.453,117.949036
9.15,197.07909
140.07000000000002,250.66931
0.22,59.151398
79.103,68.17087
40.307,207.99207
29.943,56.49719
0.47,88.00091
413.06,153.88948
29.59,77.339615
21.217,149.75398
0.14,209.42015
0.45399999999999996,9.030997
468.96,325.98706
0.45399999999999996,64.064224
20.36,45.97664
80.18,133.20074
40.464,38.604427
0.11,129.91478
39.68,136.32648
39.853,309.53394
39.283,54.159843
321.003,431.84985
49.96,74.49907
49.71,108.89623
18.983,83.563286
8.674,79.82465
20.44,172.0823
0.127,45.003544
0.123,218.09747
0.046,53.205875
0.373,217.47644
429.85,494.96048
9.797,258.6551
1.927,90.746925
9.963,74.3358
50.396,102.58299
38.54,27.250278
2008.607,101.562065
8.857,273.24252
0.28,135.89986
150.78299999999996,58.123222
2139.857,345.44327
10.44,92.19723
39.12,122.53582
60.217,355.2889
19.926,75.28724
0.233,23.877045
49.754,69.87584
0.657,88.02947
28.613,92.34519
29.336,20.204208
160.83,132.67973
1459.94,837.7439
310.056,81.30945
31.030000000000005,87.45036
0.11,99.87296
10.133,231.08754
1.064,74.3358
80.113,67.57496
70.463,229.14844
39.917,103.09713
9.023,65.961
2567.523,996.87463
157.167,84.726166
39.984,120.79553
10.07,49.315624
0.20300000000000004,112.81481
949.0070000000001,461.52765
1310.56,761.81775
19.836,139.20038
249.67599999999996,43.672688
8.896,98.839264
7.797,34.30272
26.810000000000002,97.50918
0.029999999999999995,302.97192
0.973,87.94563
0.017,254.78749
28.83,241.79251
19.883,98.82936
18.836,112.80446
102.747,55.25429
399.62,661.89923
45.406,413.05914
0.656,25.332188
40.146,58.87376
31.14,252.18501
30.167,64.8444
90.553,103.042244
2940.854,593.2038
0.144,821.1258
49.95,205.63487
79.72,213.5884
9.89,81.87956
41.126999999999995,62.511345
0.797,413.70068
59.94,33.12357
20.766999999999996,121.813644
590.687,112.32399
60.264,47.641
0.376,79.50647
250.097,216.64484
49.913,38.15136
9.76,152.28462
20.909999999999997,166.01244
200.223,136.84926
5.12,445.3507
924.737,85.9183
61.42,259.44315
39.7,53.619423
8.043,130.39171
10.1,92.670364
35.796,86.34571
830.897,264.6846
99.977,191.8669
760.203,1141.8352
10.08,60.88618
20.202999999999996,53.219654
560.866,901.89435
9.354,53.205875
80.984,298.2378
50.357,56.52869
0.393,81.050674
1773.43,167.3011
20.345999999999997,218.73436
89.103,173.44075
39.91,422.49994
50.952999999999996,201.62837
0.156,120.66845
110.123,167.12445
19.977,59.094795
20.023,185.5371
2.097,49.37075
171.02299999999997,282.94086
2.16,133.5498
20.066000000000003,58.028755
50.097,126.79942
19.333,266.78812
0.16999999999999998,43.931835
29.53,395.80313
36.543,130.1604
448.507,162.60405
3040.173,656.16644
2439.226,442.74423
160.58,57.09907
1922.49,9197.442
10.687,214.1112
9.329999999999998,134.34563
49.553,257.58224
0.347,98.531395
20.403,92.074265
18.927,334.85135
210.1,91.59479
0.123,98.58148
60.093,531.56995
4.427,78.325066
19.043,207.14613
19.427,1102.0269
9.423,123.2421
0.029999999999999995,72.225426
1.156,74.11
119.333,204.25293
0.046,87.899086
49.699999999999996,157.55852
615.49,314.63168
399.064,272.60794
0.144,71.990326
39.717000000000006,188.32225
50.47,72.72045
18.99,102.10839
40.207,115.111435
20.447,98.15423
2113.206,3156.5896
9.847,31.079893
0.157,168.66676
29.889999999999997,199.56783
750.35,123.4568
19.253,66.90575
0.017,69.24738
0.08,67.66487
90.65,65.93714
11.033,101.17346
340.763,62.959747
390.373,79.86082
20.096,78.43347
19.754,227.30856
29.762999999999998,79.18966
19.86,52.890865
673.04,222.85562
41.603,37.39254
19.92,249.75873
49.1,136.8692
39.577,34.847336
0.143,93.7336
765.454,1303.977
19.96,105.54629
14.957000000000003,29.644264
170.793,62.900715
20.53,98.37929
41.47,120.8038
9.503,112.98047
129.7,287.24457
50.47,147.38513
60.757,350.3216
20.017,149.4316
8.924,35.0288
8.79,39.853703
120.22,156.16023
20.353,69.58828
60.065999999999995,248.37457
20.059999999999995,301.76495
944.113,895.6872
10.147,134.62753
30.396,77.72241
10.36,112.83744
1789.43,377.2917
29.69,323.2037
0.174,205.53632
0.703,363.98276
120.06,78.33749
59.98,74.43296
0.39,275.38937
8.124,22.795721
10.036999999999999,134.48973
420.13,96.28028
1.236,106.28542
63.23,116.18766
220.487,20.629963
16.68,69.60086
19.604,31.095163
180.79999999999998,159.51021
150.044,87.89089
17.883,87.94003
40.05,148.58875
49.454,417.67694
170.346,51.466667
490.447,361.92786
30.827,97.1833
213.007,169.42018
9.74,68.16957
1426.166,162.76202
9.833,105.75985
20.913999999999998,72.61898
1415.5600000000002,221.92778
209.067,53.87784
110.823,93.23317
800.137,163.1859
19.926,117.31317
350.834,187.87062
1270.41,302.72614
47.823,74.09727
1289.78,267.32162
8.573,58.301426
100.384,86.45745
1345.013,796.8035
149.783,2.9472132
0.047,37.17311
419.933,158.9264
10.06,252.92984
29.58,260.1368
110.12,923.8223
29.2,100.70705
0.9870000000000001,66.61438
9.713,68.42781
10.853,152.85309
642.113,214.62437
0.013,231.73026
69.634,34.870754
8.414,97.71895
299.923,1065.49
260.64,273.96127
0.029999999999999995,23.407484
300.093,273.23526
39.883,142.22284
9.766,198.70723
179.163,81.92547
659.963,552.81055
1030.3,199.38838
19.253,114.183174
0.483,79.88158
9.793,605.33923
2152.057,342.83398
19.883,72.60033
180.17,257.57376
10.026,53.80719
0.16999999999999998,33.609196
0.297,58.78867
41.906,63.248344
20.343,113.24047
0.266,93.284225
9.633,180.30269
28.447,83.520515
60.674,57.222263
30.92,322.8823
29.916,89.35208
21.49,148.21605
60.633,945.0876
39.546,395.8686
528.276,300.9382
150.933,219.26436
69.936,62.793015
89.773,1932.6458
179.73299999999998,289.51486
0.063,155.49092
14.703,93.80076
2420.483,734.38635
169.907,177.20653
160.324,265.34622
4582.88,910.7095
2260.01,930.0399
0.5,128.99997
79.72,37.89142
29.767,215.97469
50.50999999999999,290.76266
217.687,56.51074
10.164,21.216276
19.767,119.39461
69.916,26.6636
308.973,186.80132
19.646,155.23122
19.456,189.61707
30.13,259.13266
1285.013,317.2743
20.24,342.9973
619.107,367.16235
9.357,135.5543
20.03,83.52946
31.373,45.58675
11.134,43.013096
58.48,117.86425
79.883,80.830185
130.207,128.10112
31.083,209.66568
139.347,79.851776
19.697,44.30457
219.933,35.520218
529.543,125.27142
1532.687,101.73241
20.524,41.11628
11.146,135.7936
24186.776999999995,345.50458
19.453,99.99864
49.534,43.50093
100.783,140.644
20.733,95.261246
7.09,79.03378
20.697,143.65945
468.06,41.68838
10.16,192.90237
30.324,154.68404
150.88,138.36366
100.143,170.40001
237.88299999999998,920.6861
19.857,218.38365
160.12,57.99725
39.40699999999999,34.65896
0.7500000000000001,44.028034
9.814,191.98285
21.013,62.816486
0.92,70.65364
0.9870000000000001,30.886038
19.82,109.22063
9.893,32.237133
28.283,355.68796
20.059999999999995,64.89581
19.413,64.12149
111.17,260.1368
15998.7,4758.867
20.15,141.82175
21.597,23.330126
18.037,28.176865
0.436,137.59824
10.577,123.2421
0.157,89.89263
17.9,20.993742
30.12,52.763206
0.126,49.05528
9.82,232.82443
8.956,79.133095
9.503,90.4367
9513.216,1133.688
239.853,199.61458
40.444,74.06124
1767.81,188.1608
0.013,276.96463
180.193,67.76742
0.89,87.58757
396.59,53.109085
19.39,18.756397
594.783,91.61512
0.20300000000000004,206.33151
0.533,181.68631
19.296,105.264404
410.14,48.46266
189.6,165.05705
10.1,289.2965
48.647,822.33295
10.263,75.14218
19.553,138.27762
0.093,21.683733
19.733,543.87115
19.293,115.97276
19.984,83.79145
40.707,67.36764
2.723,87.83531
61.193,75.338165
28.65,52.887806
0.94,147.0429
30.066,44.634
20.127,145.20514
610.7,447.79697
19.897,58.07825
8.634,36.41858
719.95,315.66647
130.614,92.64398
2998.13,819.55475
388.477,211.42697
1094.98,1291.5631
10.153,22.369797
19.696,158.83478
179.996,97.57134
200.477,357.17398
0.537,96.37248
0.33,124.70391
539.83,411.43387
17.486,34.42266
39.623,210.32655
9.67,745.6828
50.203,137.63373
72.273,427.58014
13.183,224.61726
31.016000000000002,35.5984
10.754,78.71276
0.36,143.24127
39.353,109.41913
8.797,59.001755
8.64,59.119194
0.693,199.56613
19.277,4.474506
20.08,52.990723
8.25,218.25018
75.197,187.20099
19.687,148.30789
100.11,85.87871
19.276,735.94934
60.206,302.581
0.944,68.09194
50.27,42.47664
1.427,19.784637
27.514,55.61068
9.223,67.286674
47.923,273.3997
29.78,365.95557
19.697,78.692726
80.436,364.9189
69.357,98.273094
10.283,270.0949
9.094,66.27922
7.423,20.008404
349.387,252.18993
24599.84,23885.893
19.737,127.05496
10.326,222.9528
8.523,30.122597
608.64,60.69996
21.776,347.27136
0.113,36.918808
200.744,23.092318
40.467,362.99582
20.123,66.119225
19.753,62.419827
7.723,102.81492
9.783,235.81026
19.793,92.61433
56.877,57.390694
0.64,231.08754
700.386,256.4804
319.023,465.50574
31.877,77.74619
10.026,37.038387
260.74,71.79509
6.347,86.89767
89.97699999999999,130.40712
19.313,341.7381
260.363,143.36636
9.963,62.775658
9.52,82.05957
9.157,342.5615
0.877,81.045204
60.073,164.63118
7.667,134.1733
29.867,114.85883
299.53,23.98825
9.683,100.27329
19.207,292.0352
190.057,318.09094
0.157,115.409775
29.87,293.38638
265.313,73.93368
169.783,86.391685
59.403,151.61156
119.82600000000001,85.2386
19.964,321.05472
8.783,62.654514
0.484,69.86034
19.757,87.112595
9.357,76.15231
39.907,158.46336
321.207,186.02588
60.25,277.44662
753.02,1081.9694
19.147,1203.7181
9.7,189.4442
20.39,117.45431
0.093,116.99602
5.727,77.61373
10.106,42.730732
19.913,114.41063
10.553,66.45993
21.527,82.548416
38.623,137.50371
19.87,19.634752
129.4,208.01067
18.654,27.003397
80.013,235.85902
61.293,198.9052
19.954,47.33573
9.707,423.16257
1039.777,260.159
40.396,508.76846
29.2,91.95514
720.9699999999999,448.23236
29.97,189.84827
0.843,22.671207
11.057,151.3594
19.87,234.70422
29.023,218.10176
0.343,88.00057
239.707,90.7883
19.687,98.33429
168.37,62.295845
10.233,29.296366
20.234,170.2643
1.346,87.849396
9.87,122.90398
40.016,101.15168
194.35,85.222534
64.47,63.9614
180.094,132.27023
79.524,352.0351
19.423,171.2626
1.034,77.55372
9.847,52.942684
50.263,350.22583
28.787,147.19775
1.0,20.856989
100.62,289.33276
6.627,149.75398
10.484,149.08954
21.73,180.82376
119.51,68.10232
69.377,42.103996
0.113,101.37821
10.48,42.441185
0.28,125.807915
52.616,50.884525
9.077,111.47991
100.157,449.6593
0.453,29.439407
10.103,174.6564
129.13,160.64941
30.28,134.82767
100.24,199.9513
9.934,124.055824
309.963,52.887806
211.17,90.5589
189.907,219.52148
10.643,85.95399
0.533,118.73089
6.87,146.54192
10.81,84.58361
110.104,56.411716
0.0,45.876728
9.913,33.42126
49.120000000000005,66.152054
0.11,21.343893
560.13,62.16589
1152.52,779.3795
1940.207,284.0081
0.86,30.821697
169.994,148.11491
90.303,286.82547
159.82299999999998,3.9926684
560.083,123.855675
9.803,75.60005
19.847,221.27744
0.064,89.77206
19.833,353.67407
2148.347,89.50725
90.396,54.075596
237.743,116.07551
11.017000000000001,30.337523
110.827,46.468422
20.244,48.273342
110.75,434.53342
652.656,207.00175
9.904,266.84598
4394.153,309.2989
9.933,10.411254
11.2,228.98013
40.044,59.797787
139.11,987.44275
60.613,243.32558
21.042999999999996,227.21638
8.916000000000002,131.71648
8.583,135.18011
9.297,82.363495
1479.444,962.19135
29.613,77.8811
497.257,88.82764
10.033999999999999,118.62204
219.613,67.766426
90.066,708.71387
20.03,120.88817
0.063,423.50714
179.904,919.9954
9.58,79.88158
140.1,888.949
20.3,382.35098
9.107,30.629425
0.029999999999999995,232.62907
160.55699999999996,672.4051
179.67,92.7456
11.923,71.43051
90.027,576.3052
599.016,31.51972
29.393,79.427025
110.537,345.40115
120.153,73.42457
159.394,97.74993
38.34300000000001,1883.7915
9.74,343.69156
39.083,212.8888
50.21999999999999,143.54807
3381.27,261.5598
29.857,39.055218
10.367,297.60803
90.12,79.40511
10.592999999999998,81.03426
49.207,137.77809
12.247,91.66769
38.143,182.98328
843.073,538.64404
89.6,419.7571
59.917,86.46528
180.537,87.76289
0.14,58.47086
90.166,92.50343
209.68,64.40396
49.706,168.50925
342.63,81.55972
30.517,245.22966
19.800000000000004,62.727062
29.76,99.191734
20.177,159.00673
8.643,87.41697
30.354,374.65692
10.643,6.661485
49.02300000000001,189.44438
20.57,28.572733
9.696,179.42216
20.19,100.34153
59.779999999999994,355.8623
0.313,32.14925
19.813,84.48742
0.42299999999999993,77.95176
108.483,287.87372
880.52,405.67285
44.24,203.80502
80.23,56.626976
70.187,133.61275
191.143,210.62096
59.677,247.14943
19.193,193.0239
169.887,76.51964
0.563,23.099585
436.584,1288.8269
27.216999999999995,274.99097
20.733,35.26906
19.747,49.6697
6199.712999999999,2305.3416
70.013,627.1528
660.5,131.25456
2293.324,593.52313
19.26,84.15272
10.323000000000002,207.17961
340.763,264.4651
10.357,62.419827
110.096,107.91057
20.523,76.13026
128.224,390.7368
2280.16,155.97372
39.516,94.48095
39.81,243.64867
89.59,375.80582
0.127,106.37899
380.15,173.94519
9.284,131.25424
7.15,79.03378
9.434,60.022152
31.113,94.118416
30.25,987.7411
420.233,7.2584753
73.867,136.25854
391.03,447.01523
10.834,79.531395
209.997,141.1288
59.707,251.22961
1080.257,950.52295
30.32,111.06553
953.356,133.79123
18.72,318.09094
282.343,187.58604
241.12,200.63443
18.09,53.219654
329.94,247.6379
2.737,350.3216
461.197,239.54042
490.003,203.61038
190.004,340.00488
589.67,360.21732
18.792999999999996,62.890858
14.937,356.57394
0.21600000000000003,220.39246
19.953,128.36174
29.14,181.09608
53.059999999999995,45.963463
9.98,31.72739
1.297,53.590042
9.6,163.69766
130.8,40.597397
180.203,53.934666
60.14,121.78026
56.413,2148.2908
130.48,77.52659
0.534,33.17545
30.573,97.88819
59.646,102.44263
2319.3100000000004,301.29138
129.98,0.71427524
510.137,248.26816
20.32,128.14706
20.283,71.943954
0.593,123.41106
39.953,248.98674
1633.347,225.81035
10.77,107.78813
110.086,69.81653
0.08,37.67043
9.92,51.13318
40.183,69.15727
0.207,102.09428
89.91299999999998,218.69078
2327.7,2576.5303
19.46,864.21625
11727.613000000001,956.40765
89.353,94.74565
19.83,79.03378
29.77,163.7669
49.227,366.44016
19.773,257.2109
27.56,426.76355
0.157,216.67644
10.05,11.435285
3866.897,1570.7909
40.357,99.742546
0.11,53.219654
420.957,227.0632
1649.457,515.4477
119.597,73.33065
49.673,189.01253
18.657,227.24402
0.39,143.1368
0.94,106.107704
89.396,585.65344
56.85,162.87923
89.76399999999998,641.32446
140.986,156.6763
20.017,204.7837
19.907,122.67368
120.493,184.59271
85.25,429.23038
27.97,111.545364
40.11999999999999,88.4929
9.233,252.79443
881.96,322.32452
299.35,111.9229
165.15,76.30746
29.6,59.697193
0.3439999999999999,51.19777
20.507000000000005,117.91148
11.01,194.56548
210.844,348.7215
20.736,103.143745
94.696,62.43557
170.907,64.94605
210.11,126.50632
9.54,42.206795
39.864,188.12387
10.233,171.46193
39.897,87.57524
140.407,616.8731
289.956,120.67121
29.46,160.96388
28.209999999999997,139.58702
19.39,219.00568
98.887,130.79405
9.197,99.687836
211.563,638.086
20.03,73.068665
239.603,131.64435
20.303,413.66678
140.777,245.61198
88.143,219.64966
10.947,103.306946
18.17,252.51413
30.393,59.956696
20.143,55.083546
54.71,241.20828
570.17,201.52582
11.116,44.74884
39.943,625.15955
188.323,136.0364
39.943,337.04944
100.15,99.03488
310.00000000000006,76.77755
60.533,221.33722
989.463,63.696175
18.974,20.24123
229.757,89.86963
49.987,44.427498
221.31,185.7179
527.25,183.66887
294.453,93.4622
20.017,104.95607
441.05,348.09412
9.18,115.409775
5359.997,1962.6128
9.403,81.028755
11.33,33.241688
4500.37,1464.0209
0.029999999999999995,51.19777
19.67,87.442635
332.123,277.80408
162.12,255.4082
2258.71,1146.0635
79.333,237.4485
49.956,86.64527
5.583,29.686
20.327,342.42343
9.233,97.596245
10.98,43.959675
0.16999999999999998,65.5653
0.42299999999999993,84.8658
230.036,84.48513
0.093,46.379215
10.787,43.573524
489.267,136.1307
10.147,46.993294
10.557,87.68549
52.184,150.37338
23.54,178.32971
240.093,945.3522
59.36,109.22063
9.757000000000001,168.49927
20.797,248.55928
1050.613,104.014725
10.273,74.28552
19.806,115.148415
18.703,24.434593
121.95,1824.236
205.97,221.20102
0.756,74.277954
169.8,229.5071
30.022999999999996,834.8995
19.693,62.224865
140.413,251.41882
0.6269999999999999,35.27424
0.096,81.05608
2.6829999999999994,64.94117
89.313,32.129704
268.173,69.25437
0.517,80.43801
738.123,97.77959
48.963,257.15585
29.337,29.233871
21.023,62.719566
2929.933,225.67847
31.417,334.26773
9.31,80.020485
8.987,80.16753
26.11,83.57457
541.05,245.19203
20.22,135.48709
223.79,61.392696
30.2,54.85588
13.74,25.920494
39.673,59.63189
0.906,99.895706
179.68,401.79483
339.904,207.62785
7.86,51.71502
14.08,56.598984
9.752999999999998,124.3301
900.327,510.97934
45.03,217.10406
8.943,188.39345
9.92,81.49494
899.9770000000001,85.46941
59.753,45.272846
29.237,81.20306
21.253,38.80414
49.32,94.43364
20.253,198.68654
49.43,114.37703
17589.39,81.21735
0.077,47.565014
179.773,281.87894
11.464,93.3269
30.01,144.8363
21.1,110.33563
1069.084,206.22667
38.82,200.7372
10.886,66.61682
476.02,78.25857
28.96,209.99403
119.787,245.39635
109.483,343.1011
63.720000000000006,4.1831007
55.25,989.09644
38.877,51.95126
19.83,219.40604
27.71,219.12994
20.627,753.5062
40.03,92.88834
239.95300000000003,109.13022
30.25,233.75647
80.13,84.9413
20.413,28.70476
108.994,79.5039
40.107,56.70654
52.043,352.85938
239.65,225.79369
450.353,36.572464
1.047,37.712692
10.317000000000002,23.719496
9.516,94.67625
20.024,85.73442
10.187,30.160162
19.697,86.19338
19.567,52.378414
145.82,88.49863
28.807,304.6747
1459.617,169.14423
170.5,120.63934
518.06,91.269684
39.167,276.2523
72.10999999999999,162.35631
169.683,404.86414
10.836,252.51413
79.834,114.678
189.937,249.8097
50.35,93.963585
440.133,92.270134
29.94,162.56615
19.86,252.95341
58.413,94.54599
20.364000000000004,67.73479
11.317,201.21353
810.707,888.54126
49.433,66.3773
19.713,126.83365
0.14,101.62203
0.187,159.45222
149.65,36.34799
161.18,171.28012
11.05,78.610146
0.029999999999999995,66.39386
146.227,233.47128
36.18,309.66196
29.176,56.57974
39.223,197.60675
10.006,21.836006
7.364,753.50635
0.11,80.43801
99.673,195.84637
8325.383,3955.1357
21.01,371.97696
0.314,53.171295
151.857,198.8175
20.44,184.84727
0.5,104.35512
1.53,33.744892
20.107,195.00859
9.093,65.195404
1.033,291.84073
37.774,95.23543
400.153,217.35197
8.81,24.42583
804.33,88.08302
280.013,53.954056
3978.224,3442.7551
23.743,88.596085
0.983,147.62091
11.6,299.14975
0.16999999999999998,69.31444
56.973,64.34136
139.116,67.29026
859.217,45.68339
140.333,286.20886
189.64,54.7567
899.85,109.42704
150.41,521.1693
10.047,30.438372
29.807,145.82909
18.526999999999997,176.00896
0.157,78.43347
9.777,60.21252
1225.783,56.256348
59.9,210.04114
19.85,67.58667
18.413,43.931835
28821.697,243.3943
10.083,136.453
0.123,248.86452
9.873,34.796318
8.12,178.85056
8.733,80.16753
109.963,68.377716
19.763,74.04681
59.96,244.66487
180.327,59.279156
0.033,81.045204
160.003,110.533325
8.353,88.07477
0.357,34.888615
28.297,82.853455
152.517,206.72371
130.043,96.067795
38.843,54.04848
280.07,219.5787
28.11,195.90256
39.816,118.18009
2.207,20.98305
8.273,83.65356
80.677,35.506954
580.577,117.08146
9.723,40.951736
160.657,240.00223
334.104,378.11737
60.247,292.14102
50.08299999999999,86.11306
3.94,91.55523
315.713,162.08057
52.91,44.19391
20.257,454.40253
8.11,79.28224
0.907,232.62907
24.523,49.195827
10.523,36.801357
0.029999999999999995,36.241055
61.38,165.34021
331.28,45.295387
19.09,142.76836
158.97699999999998,221.88805
10.872999999999998,83.57457
180.727,43.809002
96.44700000000002,147.66747
10.153,256.57733
258.436,205.36673
609.427,224.9488
9.26,73.81244
29.243,53.143227
591.574,76.21213
0.0,85.72365
29.493,844.50934
1.11,31.477255
0.724,25.835596
269.274,76.180405
0.7500000000000001,17.501749
239.486,194.44945
16.14,94.185
20.283,149.34659
7732.047,51.525867
80.004,182.86082
58.67,18.401922
59.173,156.72255
0.14,41.944378
8.22,108.38866
0.377,53.394684
1139.217,207.51587
21.563,60.909397
9.464,123.15677
8.5,69.24738
0.124,32.255848
39.86,60.67928
140.18,237.86705
69.057,61.556538
10.38,27.095871
10.04,187.43813
578.57,506.05634
9.887,427.0356
1.477,138.63278
21.007,122.45584
6541.784,980.7122
1.643,753.5062
100.673,202.84662
425.64,861.90955
2551.307,180.24889
10.643,64.50299
250.04,214.96806
120.356,192.68924
18.6,107.19312
68.95,103.92525
19.407,204.37393
89.593,146.32751
68.767,110.626526
90.717,88.091324
547.52,335.11588
0.25,22.939499
26.83,51.34392
19.27,56.38411
190.717,96.434006
9.437,103.674194
79.87,85.15299
139.797,120.51286
101.24,157.05713
269.944,51.320175
20.52,47.565876
180.153,125.24327
29.373,371.55127
457.88,44.934456
19.124,8.764654
21.007,129.42256
10691.37,326.29498
9.283,116.18566
100.027,65.96866
0.029999999999999995,73.054344
0.626,80.23328
6067.593,138.6343
89.593,149.4076
24.196,124.312256
19.7,170.61238
19.7,98.53135
18.903,641.32446
128.827,261.32925
12.144000000000002,977.4116
0.983,126.83365
21.086,26.798468
49.526,130.62228
14.894,128.31126
329.553,183.39551
29.987,8.94892
1090.24,13.16886
19.983,39.911324
22.383,94.05068
90.563,503.0812
1880.49,546.95715
21.223,85.12983
108.063,53.943386
12.123,9.054087
10.177000000000001,136.42628
19.35,137.75793
5271.763,370.57394
10.837,116.702675
0.86,40.380035
0.377,31.15301
129.71,398.78027
0.25,23.023254
20.453,26.438662
20.464,1477.7349
0.237,126.54227
19.696,66.092674
189.177,141.58687
140.177,532.5231
19.876,1140.3984
9.57,64.331474
39.037,121.39268
0.22,49.077854
200.326,172.34764
9.31,80.23328
0.029999999999999995,158.18866
0.127,32.65085
8.796,25.731342
100.6,181.42123
1.407,78.37922
68.744,167.39139
16.75,62.603954
29.327,841.333
31.323,67.18725
9.806,154.45918
11.863999999999999,46.988316
10.963,25.175718
147.99,808.6074
0.047,29.919039
18.767,43.201588
49.217,235.09866
19.696,278.5522
19.996,261.71448
110.253,347.84802
28.173,135.48299
10.523,273.2472
0.594,79.63129
356.273,347.22153
859.09,224.05687
130.353,88.766884
19.483,75.87827
170.297,80.87019
450.293,22.101097
670.76,57.653667
30.13,91.921906
29.67,98.347
49.547000000000004,237.71631
62.46,265.4098
20.317,81.504524
39.947,128.38017
49.46,396.44205
79.73,47.774334
210.356,111.83519
700.55,223.84912
359.97,255.07256
51.117,192.79407
29.037,3.6070766
18.84,52.606956
6.437,222.20482
12.313,18.930347
10.003,44.060093
9.91,113.83133
0.013,17.10244
11.257,43.573524
4328.106,798.5333
69.88600000000001,114.81484
20.984,149.52141
0.393,64.943474
38.003,119.3866
10.92,426.83127
19.236000000000004,182.12996
29.24,209.86038
19.837,67.43052
1220.51,405.4476
0.047,112.11669
37.584,204.65268
20.81,70.41777
90.173,281.73657
28.59,219.10722
30.88,404.89105
61.97,78.34151
40.34,60.429768
4.547,52.734455
0.31,83.51257
48.71,103.66232
9.99,93.45949
231.34,566.1399
9.533,91.66769
54.36,401.94086
170.587,57.80265
200.24,227.8578
89.83,72.61894
100.01,413.25812
459.804,87.96191
420.117,820.6333
0.516,51.17917
469.163,434.0846
1439.807,31.487709
0.21600000000000003,52.858833
459.99,26.91197
9.34,107.19312
49.957,128.05133
0.047,85.13242
19.65,60.51071
19.9,78.76784
20.566,93.57811
1491.117,129.88597
569.953,130.629
0.11,20.037
9.62,211.4334
121.07,101.55079
0.407,77.14403
0.029999999999999995,234.39659
9.823,193.85466
30.077,116.00557
10.707,64.42524
38.694,139.3096
90.153,112.3955
9.21,58.852467
1.19,136.11734
0.22,93.23667
19.877,294.1649
19.86,4.3718424
10.773,199.18985
18.497,188.4592
9.877,164.20709
208.633,108.828094
19.77,83.90401
0.047,57.61149
9.26,118.06102
261.014,88.90919
0.077,30.354988
20.683,114.32767
10.237,194.36436
159.457,213.96716
9.794,90.566086
12.396,104.63915
0.097,124.01543
126.17,133.57747
28.36,52.00078
0.08,22.264067
0.783,68.8187
10.783,87.41697
0.83,36.612514
29.74,51.17917
71.213,59.354992
1.89,78.586624
19.19,148.26509
0.797,58.33968
7.007,34.183163
9.66,172.04883
79.26,571.41455
131.86,31.777971
250.14699999999996,126.28279
406.837,125.572685
78.02,51.585835
0.45399999999999996,124.19749
1798.396,199.43811
20.026,45.295387
109.15,301.30423
9.190000000000001,145.56421
9.437,61.221184
30.01,48.384132
9.723,99.687836
49.887,70.258865
6.88,73.4921
11.834,20.953474
148.33,79.49273
29.99,120.65096
41.574,36.68422
39.92,71.43051
9.783,144.13246
37.503,152.79259
20.053,30.098276
19.963,236.20552
4.767,239.59712
19.36,197.19604
523.6,142.15291
69.06,213.16425
9.906,272.55673
19.377,38.269627
260.0,289.49878
1470.227,197.96701
29.827,46.157276
0.5829999999999999,56.07605
19.504,177.25389
0.78,127.534096
29.063,77.42718
70.083,251.02713
10.92,727.78595
11.074,249.9749
400.086,186.30138
9.884,95.78064
19.833,185.88387
12.416,41.01343
0.094,125.908676
29.9,41.784706
190.08,144.80399
20.17,79.87359
149.827,211.81113
9.94,29.996452
34.66,3117.8765
679.716,393.52432
19.36,211.0411
240.474,47.4686
690.203,173.30371
29.233,33.07411
39.69,333.30438
29.95,186.45723
9.895999999999999,144.1294
119.82,2931.6055
8.837,222.77168
10.503,261.6857
125.823,90.96996
50.27,134.60963
10.267,252.05481
4.313,53.73274
40.74,27.617159
9.844,201.68765
29.067,54.13739
60.203,229.74773
499.07,567.18054
10.163,137.5094
17.76,36.608425
1.11,95.4745
9.857,149.82503
118.75,306.4807
9.603999999999997,9.137075
60.06999999999999,86.98874
69.177,169.0111
0.28,375.16876
229.097,213.07678
860.3,51.64369
10.15,74.41875
150.33,123.45979
890.997,46.949764
1.046,4.44559
41.35,296.10245
61.026,181.7621
19.856,165.25607
39.987,369.67126
0.36,124.63187
19.903,67.04683
579.4170000000001,81.896355
7.4,55.718616
20.0,102.90694
629.353,50.54501
41.223,29.94649
19.653,61.721962
109.866,364.33694
0.32700000000000007,98.5573
90.55700000000002,73.99301
0.017,81.29065
9.397,156.149
20.88,213.89413
19.103000000000005,92.52373
711.38,112.93918
240.093,637.9217
219.387,72.68312
91.367,478.68875
159.507,206.28983
1440.13,88.60223
36.66,820.1521
9.183,63.72747
78.15700000000001,150.33034
0.017,94.185
49.517,0.7714591
25.017,80.20751
204.94000000000003,559.51135
39.926,74.80342
29.006,226.3628
38.59,80.020485
0.063,79.70634
610.8,110.50386
18.71,124.055824
949.003,908.0975
0.267,64.68642
0.66,32.032238
109.96,2.8304975
18.343,33.609196
131.56,97.746956
39.46300000000001,60.63221
49.857,48.05381
460.43,265.71268
19.866,126.967926
18.904,52.278477
86.087,61.530148
10.083,126.70091
79.22,101.40396
8.93,216.54611
341.653,225.65305
159.843,185.56395
9.693,110.400215
0.16999999999999998,19.733263
49.77,153.15959
8.97,20.138872
590.644,54.3011
50.227,79.751366
369.774,256.39832
109.75399999999999,63.514946
20.867,9.019021
18.903,199.83556
0.487,89.77206
9.314,51.06462
9.85,32.41504
7.114,52.79167
22.78,299.1684
19.72,270.74957
39.983000000000004,95.07795
40.997,87.94003
0.92,9.170407
159.49299999999997,36.52955
18.753,1225.7524
40.537,60.159443
77.993,155.38881
250.966,159.06313
69.5,249.44771
19.507,56.9423
9.95,77.43379
28.313,57.84443
70.12,53.2233
69.86,219.96194
150.103,64.26344
10.33,91.04769
9.994,215.98178
0.657,80.43801
97.066,491.7698
60.954,184.82394
11.356,84.438705
118.29,53.33558
30.15,150.66345
10.175999999999998,120.784
99.81,959.5378
222.917,210.15675
9.533,102.14806
8.44,69.15727
0.11,69.58828
49.98,64.28195
309.453,173.20326
21.987,33.312363
40.114,72.28962
10.234,252.10587
1.847,371.14545
31.227,110.11217
18.03,98.67914
59.89,143.34087
304.1039999999999,154.51978
19.93,100.196686
1.05,33.96332
300.02,273.1752
8.577,172.85701
81.686,189.5797
19.504,68.51717
20.640000000000004,120.66593
30.5,84.79797
921.157,758.812
30.277,72.43334
28.717,271.15216
21.227,196.12555
69.8,86.543045
310.1600000000001,267.71838
259.496,254.0428
1321.433,221.43542
0.953,23.099585
59.983,210.09529
28.82,208.14563
19.563,49.401634
13.22,28.844131
2080.417,239.35449
20.243,85.90233
225.607,37.316776
119.837,121.7345
67.043,131.11014
40.13999999999999,236.92027
91.08,276.96436
69.957,85.14822
18.213,41.37387
20.617,176.56349
149.593,104.73221
10.973,293.1735
119.747,128.36174
129.333,166.78563
89.99,74.53761
9.513,33.295986
20.584,239.06111
349.503,193.49013
20.913,115.49992
39.903,235.09265
29.055999999999997,354.52344
769.903,207.50162
65.807,151.67487
3418.843,732.30945
10.26,727.5821
199.92,131.25542
0.19,65.68693
18.16,55.229992
0.83,30.33852
19.557,76.437
30.24,237.44987
0.0,126.83365
9.87,59.24185
48.397,174.29291
290.297,50.62258
2371.323,133.5743
68.983,142.45824
18.493,19.19183
129.604,232.64668
40.506,314.85764
30.08,102.43439
120.01,118.85531
529.773,29.761469
89.93699999999998,297.36987
0.11,249.09286
20.533,74.90885
20.017,130.01913
0.266,22.720392
0.157,102.880455
58.3,141.63199
237.47600000000003,84.48645
557.78,186.57161
21.096,71.990326
9.264,21.216276
0.204,51.268562
80.813,43.30575
9.547,149.1115
8.42,36.577164
0.19,26.178467
29.956,64.63314
9.11,304.08035
384.063,112.44946
10.607,18.930347
1050.683,249.8692
40.286,281.39996
209.47,105.00259
28.596,78.56827
9.774,66.23815
609.0270000000002,271.92783
171.24700000000004,333.08783
18.843,22.720392
4556.027,282.98022
158.78,64.20869
9.01,259.88257
7.962999999999999,125.78612
20.613,54.967117
261.273,1596.5004
716.89,148.91095
85.834,83.25728
40.423,44.22091
610.32,70.38621
19.78,275.2193
9.996,38.002907
144.574,195.4879
19.423,92.49244
0.217,29.280512
19.797,144.67133
39.15,149.61528
61.136,84.376
10.333,51.223396
9.926,74.383125
20.25,205.94284
9.277,61.613995
44.18,62.633762
60.24,135.99487
18.607,77.329056
79.387,27.35237
17.793,20.905859
9.983,46.206997
109.38,68.713844
9.654,103.59354
620.1,106.416725
79.297,168.12848
310.473,400.22736
341.553,105.03521
110.643,160.2383
119.76,6.4504833
30.49,144.556
49.137,25.586021
1830.277,196.47379
3181.094,728.37897
0.703,81.41829
78.36,168.63525
11.87,215.9329
48.997,151.16856
150.29,42.07561
38.923,45.12403
29.77,223.60962
2070.23,109.941666
159.267,98.90348
10.013,49.16119
19.86,50.681473
18.323,106.82683
10.0,19.3723
4.946999999999999,80.16406
110.304,160.57758
0.737,83.64792
399.89,290.6635
150.36,44.757984
29.943,1475.9734
40.45000000000001,32.094913
39.736,368.9523
5.403,48.466892
0.157,37.511852
30.013,11.371154
20.059999999999995,133.77615
10.347,41.86591
20.173,105.729935
40.083,56.716854
17.38,168.54247
139.92,296.94608
325.467,189.57689
30.873,110.95377
39.913,4.255187
1.906,125.78612
363.57,544.1657
89.674,112.02518
50.877,102.64993
1.233,68.97662
1692.73,82.910095
10.89,32.81535
100.383,480.33963
28.916999999999998,86.834076
0.016,36.541874
0.67,80.58599
19.993,217.62573
19.74,133.33731
0.237,79.98191
70.55,233.7598
370.183,42.838787
10.656,81.04501
20.694,28.271236
209.027,228.91006
140.39,343.5059
260.904,133.66905
59.584,83.88214
29.827,40.316483
19.236000000000004,9.137075
79.903,321.93457
1623.086,1055.5906
51.01,71.766014
21.27,181.13594
10.213,81.36722
80.303,124.56084
20.484,222.5518
0.373,66.91052
80.257,107.750374
120.093,122.87343
19.53,384.2441
19.64,40.685947
9.247,55.120144
30.067,65.68047
9.637,2069.7715
10.794,113.10217
31.266,41.332294
350.047,159.09636
101.587,97.77295
19.16,146.01088
29.5,206.89226
3191.153,302.46945
130.157,294.27423
29.857,31.791119
39.783,146.54192
50.126,218.38321
0.123,89.45716
9.783,250.66931
40.117,59.977932
0.4060000000000001,72.26468
10.097,59.381794
1.333,155.77008
0.407,21.245607
3.626,69.87184
0.467,214.79616
0.266,261.71448
415.156,67.71162
500.5,364.42258
19.937000000000005,94.34446
21.45,63.43835
9.82,350.22583
1219.783,431.25705
0.38,80.202965
19.786,219.40604
59.404,89.930695
53.354,76.69497
260.973,139.10333
60.24,68.1359
8.487,35.322025
226.33700000000002,663.5412
60.287,579.52246
9.893999999999998,83.62535
49.836,181.27089
368.67,344.54333
0.19,83.45297
1165.077,82.466
40.094,127.77518
0.263,20.381176
20.457,115.10289
9.31,104.835884
940.6230000000002,87.85379
71.027,133.69241
57.593,517.4148
99.647,491.36017
240.18699999999998,92.61419
19.907,27.04901
139.983,120.448456
149.083,596.8921
321.6,26.529295
0.20300000000000004,102.733185
18.943,365.93625
40.197,261.95413
10.033000000000001,67.55094
180.694,165.44962
19.807,155.71011
77.4,889.7179
28.8,224.4115
139.89700000000002,51.239082
0.123,20.44872
696.9100000000001,292.4252
0.72,72.38962
79.61,122.72807
19.747,79.94696
8.94,33.37463
50.284,205.92047
20.383,97.93866
20.42,188.34671
18.996,211.49332
39.826,267.25497
10.866,23.956207
429.917,198.55011
20.224,101.72461
40.483,766.7467
40.227,203.30576
21847.03,1572.1873
610.2330000000001,274.36926
63.037,77.20285
17.247,127.33229
1989.08,50.795334
19.747,225.33324
9.766,58.739494
0.08,55.120144
49.51,1171.065
948.817,425.4929
0.20300000000000004,80.19212
99.55700000000002,163.37827
39.583999999999996,1046.3057
137.397,293.17212
9.133,70.0658
59.123,76.52466
0.029999999999999995,317.67062
19.933000000000003,49.229023
59.883,249.6638
40.096,64.329
11.214,29.201283
10.247,148.42407
0.25,234.69899
4485.21,384.3918
19.943000000000005,179.98999
18.9,87.780205
10.043,36.13425
8.48,98.531395
19.244,170.92293
0.61,213.60913
20.007,38.752815
700.723,211.10283
9.937,79.13252
9.73,223.73064
21.67,200.8536
19.56,193.03159
42.773,404.28802
20.069999999999997,1993.9501
0.126,40.752804
1.516,32.032238
80.187,79.28081
20.08,22.50473
10.85,39.656963
38.32300000000001,227.9604
191.313,271.77643
9.797,81.98238
19.473,186.39098
9.434,10.133763
5.5,41.784706
21.193,92.251686
20.323,150.17152
225.99,161.26453
19.517,80.093994
1.127,25.666683
19.806,62.600197
2991.414,190.00137
20.21,213.2005
8.417,139.94193
591.33,48.010586
129.6,81.64268
670.523,136.18724
15.634,103.378525
44.82,1136.9425
0.437,135.36711
30.737,65.01469
0.097,61.185738
129.56,58.15905
200.267,504.96667
30.797,175.17482
129.767,337.53632
9.18,80.43801
30.11,56.53405
459.567,163.58934
429.38,282.3002
1.076,99.87296
0.373,120.84474
3129.994,436.72836
10.56,49.411877
8.797,43.14578
21.254,171.79797
59.96,182.94296
719.4,63.254543
150.153,12.591079
20.14,131.26254
0.813,33.114986
18.98,237.02321
100.2,218.63206
9.31,59.97517
30.190000000000005,211.29314
9.29,103.89837
59.876,246.60512
39.807,162.48767
11.516,32.94395
100.743,80.39192
2.22,222.5518
0.016,21.014776
19.3,129.34799
20.323,29.914003
8.983,86.46322
479.653,44.724316
6170.26,1560.1888
149.577,369.55582
10.137,80.38451
51.136,74.386536
0.313,139.29561
8.653,99.699066
249.637,539.5014
30.37,98.71969
269.15,221.04176
10.2,198.70723
57.877,125.81378
21.036999999999995,99.699066
10.36,222.93166
110.187,102.90629
421.65,81.36865
100.184,56.547615
49.11599999999999,114.63925
60.15,306.05737
110.383,41.343258
20.333,53.202652
59.82,138.584
39.913,258.3394
50.087,202.70317
246.42000000000002,579.02734
70.067,279.04758
119.33,316.19717
1679.373,183.29929
19.683,156.149
10.833,54.610233
19.673,91.53791
20.437,85.35077
50.243,185.03764
719.944,321.58215
10.04,146.88126
61.334,153.59792
1.096,36.392197
90.04,128.00632
40.13,265.72412
0.86,71.30359
19.914,78.984215
50.523,48.221382
20.916000000000004,74.76905
19.877,40.055187
0.424,55.775814
9.543,89.794266
19.96,215.94897
19.81,173.91234
79.67,197.48976
950.606,228.6926
29.787,596.9162
90.536,61.826824
21.052999999999997,41.539566
10.587,176.81964
18.802999999999997,42.612278
109.753,109.772255
11.96,28.977203
140.09,102.733185
20.51,123.95128
9.133,196.4758
12.63,95.58702
40.363,101.02175
12.196,39.726894
9.876,79.490135
200.064,277.2857
9.59,4161.689
18.973,156.7693
0.14,199.41228
149.037,111.29158
0.05999999999999999,73.772415
119.933,194.14442
19.313,101.592026
10.857,85.18931
9.987,119.21885
20.353,82.66803
270.18,212.00157
179.933,49.706135
459.937,106.56192
637.443,342.62268
72.877,31.592155
29.65,217.59758
9.47,96.830025
20.48,197.98062
410.0,236.57893
0.453,82.40684
30.180000000000003,114.8644
40.417,160.9806
21.214,110.1427
21.023,195.85303
28.98,137.85867
51.277,1432.9742
0.954,9.170407
8.11,271.33554
0.39,117.45073
541.767,160.44899
599.347,169.74062
178.413,145.31326
0.437,71.21708
10.673,33.183716
42.643,76.41609
89.92,45.450462
2474.947,780.18066
20.297,276.4866
9.804,218.60991
20.274,297.41864
11.406,34.931606
59.697,92.54049
18.487,65.35226
18.837,152.19504
9.087,133.5498
9.39,34.57906
19.247,851.55005
122.907,146.82262
7.96,53.103065
10.49,23.798136
327.177,528.73145
19.693,186.24915
29.889999999999997,219.26436
239.956,555.16797
130.487,600.17035
510.18300000000005,113.604416
0.20300000000000004,104.18012
10.36,111.93066
20.313,1043.9878
18.377,229.98239
11.314,53.73274
42.546,177.99872
15.197,82.57617
39.787,29.790258
40.636,54.49937
9.31,69.57126
866.794,81.28727
4119.4,183.5075
20.183,905.5463
20.266,136.56076
423.787,84.88099
50.36,87.24503
10.787,100.70705
9.434,30.374983
59.93300000000001,81.44856
1.593,34.676712
10.356,46.990784
40.107,49.68924
0.893,100.110596
270.043,128.7017
0.45399999999999996,81.028755
0.903,81.62571
5.603,106.20592
20.146,204.21548
20.339999999999996,149.82503
10.63,68.32236
99.49,168.64577
9.673,124.8436
0.377,23.719496
20.034,35.81384
1171.56,49.08432
39.903,77.23949
21.436,216.6737
10.064,467.52362
209.59,203.56529
1175.82,558.0061
0.607,176.66975
20.56,121.799416
60.06,30.207891
29.493,74.02591
17.073,48.97161
260.55,833.3515
0.077,110.667015
19.14,195.00859
130.197,27.277615
10.38,80.25848
120.357,23.37137
29.974,112.75588
100.147,567.82294
1.444,90.83839
21.063,189.86823
19.11,311.05145
9.267,60.097637
21.046999999999997,413.67554
10.595999999999998,1225.049
41.0,113.76253
49.2,397.43027
19.827,68.09194
100.367,356.0451
10.19,168.64653
9.623,126.76389
24.466,251.12521
143.487,151.93
1955.344,315.44205
549.957,183.2582
0.32700000000000007,81.11086
129.69,126.835236
9.914,79.78138
191.566,110.06606
31.59,65.19344
29.774,124.39639
20.784,24.378164
9.584,257.9431
30.26,205.46123
79.473,40.574158
59.9,179.83131
0.407,134.62083
19.763,211.16957
315.707,76.52393
129.79,96.47648
39.196,196.69658
30.177,99.95125
0.843,35.837208
10.52,212.8887
9.034,118.48963
134.497,65.731995
59.446,49.622623
309.94,115.160446
0.44,119.17652
9.243,32.057156
568.593,502.44897
19.83,51.533943
0.3,33.886658
609.877,674.29553
10.653,78.325066
140.303,354.2666
49.937,46.238625
0.033,79.971466
39.403,218.52888
0.77,119.33413
211.793,46.346424
0.187,21.452124
649.1369999999998,271.1307
31.52,242.13306
9.483,36.365875
4.714,72.819626
219.253,72.97343
9.29,252.8931
149.863,964.7233
10.14,176.00896
11.347,80.06941
173.096,83.30925
10.223,260.63254
0.14,179.42216
20.644,103.842705
0.017,23.023233
28.543,73.13376
1.35,21.06051
19.273,126.85668
399.2,88.04684
10.224,259.17325
42.444,78.38101
0.204,41.083725
0.92,230.63248
9.833,50.94571
20.212999999999997,65.54013
459.31,5769.76
84.763,55.67691
1853.687,1749.557
19.793,221.71574
18.077,154.04645
0.52,123.73295
12.82,167.22029
851.7800000000001,440.75348
25.673,248.37457
9.293,106.37894
19.447,299.8178
140.74,77.63489
43.643,39.769585
50.17,59.813107
100.526,170.56892
9.433,52.95975
9.616999999999999,78.24881
9.05,91.2899
39.113,79.48771
50.827,63.307644
129.58,221.05444
844.467,148.14897
50.43,82.91952
9.947,112.273865
39.84,17.594213
19.39,66.119225
21.867,204.60289
0.157,81.045204
19.642999999999997,52.878216
16.257,62.87566
539.826,138.92477
1339.397,254.7067
18.657,543.0613
31.103,73.652245
310.174,56.948376
409.827,66.46029
21.677,83.2933
29.903,194.76009
10.487,99.07774
9.687,66.58737
119.903,56.788532
0.14,114.932655
50.93299999999999,47.923832
88.577,120.192986
20.633,154.77042
109.9,350.69727
0.156,106.047646
8448.58,1159.9648
40.1,456.3173
161.933,173.67232
48.943,60.875202
19.343,197.14282
810.12,590.379
30.824,99.07784
40.053,71.239426
9.427,81.853935
21.08,216.12267
20.28,86.91457
130.073,50.72494
1.047,80.864075
0.11,197.60675
40.08,31.868412
201.59,568.545
149.513,467.93616
10.267,185.8668
70.48,59.570183
17.97,396.03723
40.544,71.07955
9.793,96.24361
224.347,141.60889
307.67,122.40727
139.48,516.2498
11.13,75.5283
67.97,50.82871
69.877,111.93912
19.94,150.52847
6718.317,105.869965
21.86,57.892235
18.7,984.56256
189.66399999999996,460.87125
589.4670000000001,1034.6284
9.974,234.37708
10.014,9.288222
0.623,63.90036
20.377,54.864605
209.99,56.023613
9.767,708.8859
10.403,35.151276
11.22,154.91281
189.663,227.5267
9.25,53.48141
589.173,264.50882
1279.94,81.973335
48.253,36.872913
10.85,23.879972
59.397,91.85362
19.853,92.78843
66.343,1155.5815
19.963,298.08145
9.364,251.90947
0.36,78.65862
150.973,71.17182
9.96,58.028755
160.497,174.5487
9.357,79.25732
1.283,63.43204
11.03,80.01325
19.85,196.11662
90.137,144.5142
45.644,198.49551
4.88,65.79679
70.01,90.10702
209.417,233.27995
18.983,144.54004
19.176,97.85914
50.50999999999999,53.69954
19.16,52.72461
10.594000000000001,77.30982
19.773,197.80391
0.047,60.15341
0.013,37.542496
38.083,112.21971
9.87,111.31534
559.964,589.5695
29.094,212.93188
120.64,115.697685
592.3000000000001,602.0968
30.09,309.23428
27.387,33.26753
11.196,85.951546
0.126,34.404312
109.036,208.62137
329.457,175.70459
0.42,25.415422
141.786,49.913567
54.484,56.311745
2750.027,263.78967
30.653,76.14367
31.963,142.86311
20.68,172.34764
0.41000000000000003,247.21051
21.143,83.39217
12.17,90.0329
329.963,86.32793
0.029999999999999995,54.852253
49.194,72.23112
19.274,128.90555
8.476,216.63397
3287.134,985.4644
30.124,34.906437
20.134,57.032806
21.773,3182.348
377.216,185.4976
40.537,87.21117
30.96,63.607307
0.123,214.61584
399.74,250.55301
9.93,46.805706
9.563,51.29786
12.487,54.33745
11.576,134.54207
49.823,75.224106
8.783,30.791302
0.143,28.176865
259.963,419.42905
170.026,35.726406
18.887,133.2874
28.984,153.17004
10.244,64.09857
39.607,58.444813
31.11,33.42126
250.17,396.00345
0.173,101.59695
18.950000000000003,75.485756
19.753,37.15491
29.82,75.77017
41.05,235.92506
9.86,1087.7815
70.22,42.53801
8.537,21.756865
169.26,303.98776
1.17,71.31863
41.146,56.38404
79.78,148.18494
0.063,57.094986
80.167,89.73815
0.0,74.869194
240.757,76.203674
0.143,100.164474
120.873,292.73532
69.66,103.249985
0.563,133.5498
40.29,66.27462
29.22,75.189064
49.02300000000001,120.82821
29.29,127.50217
419.913,185.1629
29.609999999999996,215.9581
5000.734,1039.4856
108.547,128.01982
0.173,54.852177
34.93,153.78967
169.717,100.8745
140.627,152.38297
0.047,20.52421
180.427,114.336914
9.977,193.75156
18.524,141.30478
9.507,36.52955
49.736,239.6844
79.56,285.76373
200.477,101.836006
149.863,183.40932
2.9639999999999995,428.26175
40.256,92.52781
69.873,110.02824
0.0,630.17224
160.223,80.31871
39.914,43.117382
10.807,28.220661
60.89,90.06265
660.203,241.07378
8.537,83.24729
59.227,205.18942
50.66,44.658955
531.037,817.2498
60.237,257.20285
78.864,793.33936
0.076,62.302364
15.687,17.993206
29.883,43.852505
511.02,245.22523
9.997,80.8578
392.433,758.1641
0.343,81.341675
1.11,233.14914
19.93,239.79202
70.007,12.440258
30.017,87.819275
150.53300000000002,314.58264
39.624,18.81954
200.173,160.74672
41.03,27.341528
30.92,59.77467
190.007,79.57788
10.23,99.80052
9.757000000000001,515.5453
18.63,184.55885
101.29399999999998,167.59116
18.753,62.199425
509.573,544.85645
10.727,88.0891
19.223,169.79741
0.42299999999999993,21.216276
19.567,17.999275
10.56,92.17136
0.204,134.99338
48.67,279.74033
60.59,81.80445
20.037,246.06062
20.61,36.93015
21.217,61.700344
51.650000000000006,49.445396
1254.446,2358.751
499.943,325.84586
21.12,118.02827
29.894000000000002,145.50557
79.927,249.41092
131.307,157.68419
279.513,73.53233
1076.737,679.84326
9.216,72.18618
20.59,120.89978
0.63,54.719067
8.866,11.8796625
10.357,212.1234
239.803,67.54042
29.696,32.861904
50.617,102.601036
40.827,18.584063
99.98000000000002,161.6482
0.36,41.93862
60.523,348.24652
59.897,524.31586
10.137,152.5359
29.863,20.087847
3.787,46.08567
0.14,22.645304
380.47,180.76768
270.434,142.61429
150.047,733.48737
424.194,141.52487
145.517,64.44104
39.773,97.78927
0.313,28.844131
479.993,166.756
19.04,58.110558
100.14,167.69348
18.273,30.337523
1179.856,58.531563
20.924,170.77808
130.523,253.88048
10.397,68.09123
259.853,928.5863
59.08,161.1082
1.013,361.53036
269.184,218.70894
70.713,41.933693
299.93,559.7131
8.807,1166.9578
0.47,91.15659
20.883,47.565014
89.007,200.26337
9.63,92.08995
197.623,73.752396
219.323,83.79145
499.1,344.86172
30.032999999999998,166.83557
20.29,342.93475
50.13,165.68271
282.27,471.38324
79.95,378.96353
9.72,359.96512
2517.4300000000003,566.14575
79.55,193.73903
11.343,89.45493
141.343,50.766376
49.893,202.92076
10.463,31.4254
38.854,294.72476
12.327,98.04456
29.83,214.38397
10.026999999999997,99.895706
80.19,120.66593
13.44,23.330126
20.083,49.092743
10.743000000000002,22.939499
9.274,55.582256
687.204,219.77399
0.61,22.273573
0.45399999999999996,81.03965
14.293,64.92046
10.41,44.4147
50.063,33.60031
150.213,272.39392
11.103,270.74957
34.817,139.61063
190.7,67.61788
100.73,67.51105
1.393,36.392197
400.16,137.0047
110.75,163.54898
28.793,111.997986
919.324,42.999817
10.057,120.75461
0.0,124.055824
9.626,51.331257
18.903,68.63013
80.06699999999998,46.665897
30.180000000000003,0.8920219
169.806,77.87576
652.72,1506.6641
40.154,262.53342
20.913,33.730766
9.533,37.511852
8.64,22.254232
19.713,294.02747
331.443,46.026985
179.787,69.737366
9.163,31.15301
109.16599999999998,180.04755
0.0,44.028034
19.743,214.61584
38.03,119.5228
29.96,137.89137
1.05,73.22973
1820.024,626.7808
19.216,117.58467
0.297,266.84598
339.584,240.07704
330.477,226.36081
80.1,35.747673
135.52,223.77231
8.55,268.85898
479.57,167.51099
90.696,69.85735
149.62299999999996,182.03113
19.944,114.090996
309.107,157.81363
19.534,121.56252
0.22,222.0478
50.973,205.03442
92.473,155.10275
60.84,169.22539
129.973,207.98996
129.443,23.391006
29.393,20.676033
40.403,215.98996
9.796,81.05608
20.640000000000004,67.54837
111.666,68.17262
40.074,280.48837
70.02699999999999,133.25746
0.267,57.011276
20.087,209.95609
19.7,155.49112
109.713,388.3863
9.04,125.69702
9.477000000000002,54.82818
89.284,86.67829
11.84,60.303185
41.307,113.83133
19.03,39.394825
130.137,118.475006
39.264,91.6292
0.20300000000000004,33.281315
52.28,77.24258
21.88,140.06703
8.597,30.289246
141.846,56.34161
281.98,85.27096
0.36,81.03028
12959.944,749.0961
21.14,371.14545
10.56,193.5005
9.32,36.647938
19.03,182.77669
10.467,29.280512
0.36,121.36337
60.677,107.4704
0.063,190.3407
5.18,64.18457
40.093,212.61977
595.096,216.0565
9.752999999999998,205.85405
60.256,101.16967
9.973,260.63254
0.19,30.272854
18.547,123.40655
60.065999999999995,177.79907
0.22,70.89311
49.74,519.69635
0.5,120.89978
0.564,27.923656
9.02,33.114986
18.336,91.23063
170.53,60.1867
10.143,30.822153
0.41000000000000003,96.541016
30.247,69.12532
78.917,45.184875
9.49,80.01325
399.117,178.16902
20.146,120.085304
1539.83,522.38727
70.447,74.49168
20.106,77.81499
0.11,30.248505
50.87,61.771667
1145.437,260.96204
231.553,401.65997
90.54,325.15616
29.946,213.61098
1.25,199.60896
20.653,67.506546
100.066,97.47792
45.06700000000001,249.3793
19.427,68.49872
90.447,78.869415
11.53,27.218914
3.237,55.035015
39.987,77.19746
945.507,191.67691
220.863,788.29486
30.087,118.289444
10.907,35.2601
19.987,198.70723
34.083,188.93382
259.683,344.8565
10.847,145.4181
49.56,62.9031
20.38,158.87158
149.827,361.4396
109.71399999999998,72.52684
449.013,70.51481
220.313,170.77634
40.347,159.38396
2.347,276.4866
0.233,69.99721
90.433,140.15646
609.79,212.70442
350.91,91.180176
18.669999999999998,121.5312
10.663,1570.7909
39.007,47.808395
0.08,23.099585
10.166,78.816414
119.937,42.119965
1141.723,981.2817
80.35,280.5054
8.944,101.01546
19.796000000000003,85.08599
0.95,62.742023
190.27,255.92107
1599.87,135.49367
49.73,373.26257
489.91,1086.7318
9.85,35.717583
9.31,9.123707
19.907,25.567785
26.743,169.83391
11.624,20.189966
259.69,244.29242
0.21600000000000003,93.834076
34.29,387.59027
0.143,158.50948
53.462999999999994,414.00342
340.38,269.60486
1448.936,103.34476
29.644,192.16408
9.91,210.04114
20.093,260.36807
40.063,4.7268443
50.017,82.647896
51.12,158.04962
10.29,151.35524
0.046,81.06161
78.93,127.84507
19.7,49.403458
18.88,394.27554
19.9,243.63773
561.874,72.67011
0.064,62.772842
10.187,103.601814
14471.753,6754.285
79.883,175.18694
200.43,107.82678
89.627,8.879382
40.453,583.9581
1.157,65.90683
8.763,92.76549
60.613,55.540386
0.577,34.57906
20.630000000000003,70.86833
19.853,209.7511
0.033,89.936325
366.87,254.59879
19.77,175.70541
20.073999999999998,199.83556
10.523,227.05948
119.51,183.19716
178.154,195.55756
4219.597,477.93948
149.843,229.90833
27.993,220.38474
509.647,751.0358
0.127,82.033806
159.803,234.07036
39.053,124.405846
110.66,233.66093
8.783,81.36722
100.12,101.72228
109.57299999999998,80.03677
29.67,51.238422
78.267,117.10512
120.247,251.5355
31.853,41.479008
59.923,77.930145
9.183999999999997,81.623
9.263,25.415422
9.676,296.8342
120.063,176.72217
0.767,119.96922
530.9,164.51735
59.09,62.361053
60.077,328.4994
190.714,182.79932
30.16,277.67813
0.05999999999999999,183.42603
29.78,123.88903
9.986,55.91508
0.817,46.361084
89.26,62.07063
42.014,297.636
20.063,84.9915
54.107,42.04651
20.373,33.945316
9.273,58.828182
139.184,58.677563
0.047,144.09843
18.51,913.15533
0.343,53.23126
351.623,349.36124
430.217,206.40878
10.29,22.645304
20.236,30.354988
0.064,22.645304
59.993,231.9898
201.3,90.12041
210.074,72.663994
459.627,318.6398
89.04600000000002,444.6249
59.666,335.9198
19.48,105.7396
59.383,42.24015
37.096,35.243126
89.90000000000002,203.94815
1.83,17.58271
3464.593,1960.1736
10.84,47.58695
89.236,104.60079
29.26,208.12589
550.38,125.67056
19.499999999999996,210.14807
60.927,98.30075
20.12,36.718674
61.413,67.98852
110.13699999999999,163.7669
0.173,96.09777
160.537,195.01404
420.86,768.10657
680.083,653.9439
150.0,72.395775
29.236,51.870983
19.886,102.08578
200.343,200.78096
20.137,49.698895
80.157,34.911346
9.55,37.036663
50.443,34.819214
29.99,270.7726
20.137,158.01897
130.527,154.66472
19.547,235.13042
40.15,48.083702
16859.396,272.16718
150.296,145.72159
19.803,149.11156
21.17,128.98824
599.013,78.88387
280.916,153.17357
82.296,984.58636
0.173,132.40451
8.65,341.93607
0.53,305.25632
9.143,37.005867
19.667000000000005,107.516754
80.397,172.95834
152.266,78.49152
0.86,87.819275
81.66,56.312706
381.303,837.6934
1.02,79.98191
100.187,45.642735
19.746,124.34812
98.98,111.462
260.086,70.32387
19.316,64.39412
1.6230000000000002,40.86937
28.587,130.28503
0.063,38.154987
9.936,221.33984
30.0,238.09721
9.85,70.24512
40.58,56.889896
4.396,354.4061
549.893,966.705
19.803,120.45017
7553.877,286.54248
966.033,516.93585
18.522999999999996,47.52121
370.44,88.108505
4.694,102.33965
420.04,160.24667
20.813,180.94157
409.9,184.38673
19.417,179.78882
130.31,98.213066
10.834,43.39092
22.003,55.718616
0.0,93.28426
49.767,397.59656
49.037,880.26154
3142.957,618.50073
1279.1730000000002,258.54822
50.187,214.08292
19.067,36.736458
9.023,30.438372
20.333,69.59679
8.88,66.611206
10.1,211.71979
20.547,215.93082
0.187,253.33034
9.576,29.93472
520.03,1219.849
117.56,66.8398
19.607,145.9222
158.3,119.71972
517.64,930.4833
211.307,50.703125
0.187,88.634514
98.31,251.63016
8.903,21.683733
9.727,91.82106
10.087,72.18618
20.37,84.18692
50.86,352.9972
59.493,120.51286
10.336,78.94611
21.096,287.78183
0.504,80.202965
8.813,69.58828
28.817,54.5014
9.05,70.9331
1756.893,379.1286
29.077,99.773476
187.557,28.887148
37.556,27.304268
39.657,54.454453
109.03299999999999,244.08246
0.377,24.035643
109.277,108.75464
10.68,162.02306
23.087,17.340918
22.0,194.07376
10072.547,943.1004
9.723,21.830273
9.08,67.66487
9.47,427.58014
4981.044,405.69675
0.643,21.050407
39.707,143.6855
1.0,87.2584
10.13,87.422874
129.887,281.84094
9.92,236.25287
20.206999999999997,233.58257
40.153,24.649197
10.506,74.09727
10.233,152.5359
199.454,59.604736
79.703,165.3984
89.99,162.63922
180.79,262.5977
70.59,120.12582
3.79,69.60086
0.177,50.681503
1646.9,233.84196
50.403,80.13023
270.913,334.82556
10487.787,2319.119
864.237,451.35703
29.443,37.510155
0.233,134.99338
0.36,23.879972
21.197,580.494
29.227,103.74496
30.592999999999996,70.316795
29.889999999999997,70.14447
29.63,121.86803
58.173,153.40552
38.81,67.38323
0.64,72.18618
19.523,63.079437
571.087,132.22513
39.47,82.91762
240.326,302.94913
39.937,133.9346
60.65,91.819275
161.123,64.75819
19.997,79.73778
140.13,395.77774
20.32,267.65463
47.974,114.09631
280.863,1877.3677
10.543,149.69211
205.1,285.16513
118.113,212.68285
70.284,53.6712
1.25,23.562963
70.773,142.48099
10.33,155.2123
99.79,153.77739
0.237,122.71565
351.267,92.921715
69.75,325.03082
20.7,102.47019
7.004,21.147778
329.693,288.1721
229.887,147.08417
13.013,78.93713
19.816,165.8712
19.99,215.95013
79.813,231.01637
9.8,28.70476
0.204,197.01553
20.043,63.965088
40.953,375.23727
49.953,258.0919
39.946,221.99908
50.45,486.08145
50.4,65.07921
220.89,206.75229
240.174,69.232025
60.02,101.980064
49.16,137.00821
0.467,84.41795
0.267,39.41884
2.237,28.717182
40.617,43.172028
40.28,2.7894068
50.133,149.08954
0.584,149.7269
0.173,77.909424
726.857,196.64052
40.42,78.450455
20.867,93.6851
40.82,83.29091
0.11,106.047646
2.897,212.50528
109.656,145.76173
9.527,77.316284
10.98,23.562963
39.967,63.42888
20.617,735.94934
31.43,104.27408
39.22,296.7101
0.67,94.98305
289.844,341.4165
29.47,338.21832
979.897,58.435345
60.0,48.384132
0.577,113.1092
10.614,97.20371
329.953,331.27878
29.619999999999997,186.03767
230.043,1000.2034
0.14,57.750694
169.814,88.06707
20.073999999999998,84.883575
20.202999999999996,2.9871764
120.004,92.68805
60.197,57.547436
9.703,46.22963
90.04,174.58516
10.023,40.882866
90.033,260.04697
38.99999999999999,73.38594
20.607,46.493702
0.017,215.73419
0.253,46.988316
30.717,38.357094
260.817,349.05432
17.682999999999996,133.87877
39.72,295.5865
29.46,99.3006
69.75299999999999,140.04895
0.297,109.40775
0.58,81.239655
39.19,380.157
0.42299999999999993,120.784
169.996,52.288113
50.5,141.12642
8.697,275.17877
29.933,254.49858
39.413,39.606243
210.947,455.14755
852.24,199.97162
10.083,153.16562
19.453,109.22119
9.480000000000002,76.96467
9.253,79.906654
9.63,184.84727
8.85,22.305544
20.09,77.08884
9.113,30.950514
301.714,137.83197
9.37,53.83102
20.144,0.88290364
80.4,273.5569
64.456,90.36142
389.716,185.31317
19.453,43.549313
13.593,220.39853
20.12,30.768938
10.15,93.90673
9.83,337.06558
4970.863,227.2544
20.454,59.97517
70.28,56.64386
29.504,13.8737335
0.563,118.589905
60.47,76.24833
9.92,57.78766
8.97,66.53649
19.884,228.12361
20.12,403.95386
259.467,73.89914
30.21,94.39441
150.62,274.20486
31.213,210.94707
280.256,272.38046
9.893999999999998,43.852505
32.08,64.092316
90.203,241.26476
261.106,248.49907
19.55,36.08514
171.8,66.68159
10.904,105.3428
159.06,40.761883
8.48,90.0329
341.02,94.08525
5.073,135.36711
10.917,25.498903
16.064,101.59695
7.94,23.023254
2170.906,695.0888
29.81,369.03848
28.987,114.38301
127.667,349.67035
179.603,298.2492
220.087,46.838505
188.063,70.66636
0.173,48.373493
250.42,222.61922
19.933000000000003,41.547935
10.746,271.73413
19.95,24.982948
0.20300000000000004,19.78463
4.887,268.4655
11.963,120.298874
5.859999999999999,53.520237
40.16,143.65945
59.963,100.42078
40.117,26.534151
55.793,92.24837
288.733,228.62514
209.913,139.62547
40.124,87.986755
122.3,57.79357
0.20300000000000004,80.08237
0.28,152.19504
16.89,258.00244
130.297,293.3083
19.873,114.25429
52.84,83.40556
370.134,1199.3655
29.9,273.05612
93.25,271.63165
1.203,207.84569
9.697,124.19749
48.8,281.39517
229.81,171.78304
1310.154,477.71024
751.3,309.91473
30.39,120.66857
18.716,124.20269
51.217,243.05402
19.82,407.7218
2.21,90.820335
21.094,64.138
0.613,218.38208
60.88,215.96384
49.81699999999999,612.3993
390.11,220.63747
19.246,204.39476
19.743,121.4845
10.47,98.17898
143.213,92.87885
256.604,5877.6367
10.14,222.93166
9.88,122.575134
88.937,263.38162
30.027,78.108925
19.353,263.80502
20.28,48.013687
0.5,91.6292
8.82,586.34045
20.84,36.621067
0.717,102.09428
40.05,242.71416
29.537,177.1462
20.206,25.851294
0.093,83.659225
10.71,361.68005
38.882999999999996,3.5588143
150.33,174.91237
19.973,83.40569
99.91,79.030556
189.973,103.73317
11.337,209.02243
10.157,34.123554
20.909999999999997,426.96722
19.433,236.28706
49.856,87.61033
9.764,137.90775
0.61,34.931606
39.77,257.0528
29.71,106.311905
39.903,147.96094
1.28,91.478584
199.076,171.48756
6713.993,448.95544
39.054,95.62767
40.55,24.982948
9.803,158.89883
59.94,64.14512
0.204,118.73089
96.96300000000001,45.81797
120.193,197.81303
10.084,180.38895
39.957,99.04566
20.47,70.33223
0.83,135.6008
809.83,155.84854
30.047000000000004,65.5653
89.033,139.34921
12.403,20.24123
69.316,63.23781
0.954,66.108055
184.523,182.25027
59.39300000000001,62.59451
20.303,345.14584
10.8,93.40519
0.86,36.630196
0.097,50.401043
49.643,56.672478
21.1,165.00378
160.176,131.74864
0.186,21.343893
32.903,97.87572
69.3,76.54855
41.70300000000001,186.95229
17489.73,353.19156
18.983,280.5842
41.213,27.580904
199.926,611.42755
20.473,66.75873
30.563,134.80083
49.493,139.79323
50.97,147.09665
33.684,218.03552
10.813,51.06462
363.936,61.945976
10.167,413.69193
19.413,135.17216
9.017,30.822153
600.63,158.60678
10.97,133.80132
10.703,120.99467
30.833,89.443535
19.633,58.634594
39.54,60.452843
21.93,20.993742
0.744,36.46071
8.99,342.40027
23371.624,545.0505
19.866,147.1387
38.973,109.59342
0.187,19.916265
37.887,102.03138
9.007,83.87691
0.313,124.96449
119.723,128.40164
79.507,242.95699
0.094,43.359352
0.187,294.47708
20.5,103.497055
39.724,172.51314
9.17,140.4973
90.46,191.08493
19.526,43.69919
20.124,83.55768
60.003,46.06848
20.236,19.678455
47.437,102.55968
19.603,204.5428
231.34,159.90335
9.02,91.1875
10.773,0.77825594
0.11,18.076477
29.9,54.13739
17.65,39.41884
49.967,313.846
5610.193,126.38232
6.66,68.05764
69.976,56.359177
134.423,292.41415
20.263,77.120094
13.706,71.53518
70.15,2046.2142
359.76,158.46597
10.603,69.86034
10.16,32.452675
21.0,215.94325
430.057,82.93357
89.31,181.71751
0.16999999999999998,9.170407
9.606999999999998,266.03958
8.88,215.98747
49.393,211.0837
37.817,84.54748
240.287,81.62315
9.003,194.5652
10.313,81.95669
232.83,79.04308
42.183,110.730125
9.093,19.68458
1.034,257.20096
55.87,143.22992
0.7500000000000001,33.709164
164.906,151.66466
9.11,103.91878
19.37,33.474606
10.706,81.504524
169.853,292.27823
19.98,47.808395
369.367,286.76392
539.656,162.60818
19.764,83.76065
20.047,186.35297
18.573,24.595375
0.08,110.74945
8.81,217.14893
9.873,217.47644
969.184,179.18109
119.44,88.86441
149.194,412.31946
125.463,272.5833
0.704,83.07215
2.22,829.0289
48.947,64.84289
20.1,259.7328
8.454,146.12216
19.676,42.02264
89.43,154.87132
160.1,177.32816
30.08,120.15694
370.157,295.36865
81.017,62.719566
949.286,75.888084
20.193,230.52779
199.61,1878.3868
17.13,148.8612
8.967,122.80771
889.34,90.021324
260.38,214.39969
20.143,47.796883
50.23,95.84414
20.283,371.5174
40.417,168.01636
30.003,273.5838
20.167,90.274994
19.86,157.675
130.04,108.794205
9.17,36.696674
2.423,98.64305
19.677,119.4467
330.84,264.27017
87.72,103.89585
889.033,1475.0931
19.863,50.588493
33.713,59.464962
18.917,85.87004
11.712999999999997,33.52793
40.04,50.09639
29.697,362.64426
17.819999999999997,65.003235
19.790000000000003,235.54723
182.773,188.63736
8.24,80.99359
60.84,204.06874
380.247,117.99574
0.39,51.164486
18.802999999999997,52.170464
1.703,62.282837
9.81,98.11765
159.27,409.6313
29.049999999999997,48.56115
8.877,134.21791
178.454,80.4418
389.81,72.27087
18.727,178.92906
100.157,56.9172
9.837,159.33662
1.14,156.54544
48.536,132.4987
8.623,29.280512
9.687,40.820015
20.073,292.2346
9.71,56.5488
69.23,204.04102
40.937,47.804165
199.75,62.573723
19.853,209.2093
457.823,144.32068
5.859999999999999,976.5183
320.023,98.367035
40.71,42.410004
0.7,130.01202
30.01,95.956024
490.10300000000007,45.726055
10.64,81.239655
19.883,164.20709
9.042999999999997,98.82062
20.069999999999997,54.112495
40.25,204.84964
119.984,237.41501
10.38,117.09515
20.1,24.570696
0.343,17.917624
28.39,73.99932
80.197,82.82667
9.654,36.365875
20.03,74.97861
30.02,97.44701
0.937,17.421146
69.373,431.20447
480.446,58.612385
69.813,243.07576
562.667,230.5892
2190.123,102.36651
248.024,46.02183
9.923,28.844131
61.553,296.90466
22.617,51.92035
49.013,271.7055
38.79,79.01259
7.683999999999999,32.032238
169.273,47.1015
50.86,103.268654
29.696,254.68909
1.77,100.12468
19.054,52.794292
10.824,101.05467
189.897,125.561874
0.0,84.26003
10.647,82.92473
8.864,68.30457
9.465999999999998,102.43439
310.17300000000006,108.59129
16.526,20.292582
789.18,147.18163
28.33,426.3556
0.437,30.190899
985.406,233.36612
69.91000000000001,217.68822
19.703,111.53164
90.213,257.9635
0.69,115.56737
8.56,175.12617
1059.883,204.35419
20.753,88.12729
22.483,413.91675
89.976,180.16881
9.4,64.63732
19.637,152.76793
9.900000000000002,163.825
20.463,165.99579
270.246,89.657906
0.017,80.70254
129.267,56.396626
110.163,219.14108
20.71,113.06126
30.26,148.76517
19.02,47.47423
2.203,116.41025
39.99,265.31985
11.103,218.7505
7.157,210.9451
752.55,334.73734
59.104,45.87628
13.327,51.460964
479.96,49.12297
49.153,181.96254
40.293000000000006,60.88618
19.834,97.684525
250.84,157.63092
80.373,92.414085
909.88,30.189318
0.017,51.164486
1519.013,641.48865
19.784000000000002,217.14893
10.15,233.6635
12.327,153.84415
20.103,146.6177
4.71,595.9644
10.263,39.091724
0.127,109.00592
560.51,182.827
229.534,198.71054
9.69,64.57465
30.167,117.810646
119.84,66.2165
0.6269999999999999,135.5543
19.994,111.79363
9.413,113.83133
10.997,281.00198
9.12,149.39313
9.814,82.108604
60.51700000000001,179.90588
9.297,129.479
19.984,163.89601
130.15,134.19203
30.577,56.28968
281.11,54.39201
69.91000000000001,199.79628
39.767,35.485203
20.303,273.7142
10.647,75.211586
0.703,43.044468
0.05999999999999999,51.268562
664.187,870.2249
729.573,454.68518
0.86,214.32869
279.923,344.3569
1889.97,611.56647
20.004,278.5522
19.88,257.7965
4.924,30.158197
239.114,107.102974
60.726,106.972145
2274.533,978.4886
31.36,1536.7896
6.546,21.690592
172.43299999999996,847.18036
81.397,98.92733
150.306,64.7536
0.097,80.76038
118.467,118.42411
10.864,32.032238
179.224,69.21478
349.917,64.26531
19.903,142.76695
9.517,11.754892
570.03,211.15945
0.05999999999999999,21.787539
0.14,68.81248
239.983,195.94437
461.277,190.86853
9.127,79.806366
110.013,216.6323
3681.093,144.7814
199.97,275.54227
0.983,83.243774
76.84,167.05498
359.563,117.2246
70.423,136.48293
18.633,47.710037
39.387,184.02426
189.413,418.43906
1.563,92.57144
0.954,51.231155
19.614,58.044033
10.463,259.58347
0.173,17.32925
290.89,31.977547
39.793,175.4548
18.663,59.0387
0.513,31.128365
259.97,326.6232
59.927,68.48824
0.47,43.66861
59.779999999999994,148.31609
4687.733,1861.9355
59.5,94.97125
40.39399999999999,215.90836
2539.73,506.8779
1900.306,109.63442
21.147,82.76227
199.753,83.23706
18.097,89.60901
49.587,220.62381
88.343,90.85459
11.289999999999997,90.52234
1.263,270.0949
0.20300000000000004,616.4322
4701.203,247.97435
49.967,172.7143
19.217,77.793884
169.84,211.30093
39.273,51.967125
19.617,327.37042
19.16,92.64398
10.896,20.52421
19.403,157.87775
0.11,86.69793
609.597,35.624527
19.377,88.99034
39.68,113.22663
810.25,202.52083
0.64,72.147026
8.88,21.977785
19.266,87.77016
147.373,71.60067
1.0970000000000002,45.823936
537.937,386.09656
440.093,293.75967
49.67999999999999,316.98276
53.767,580.32245
11.196,136.7038
3180.05,212.97217
40.81,79.15745
0.687,81.62338
0.47,81.045204
11.586000000000002,202.41908
0.204,137.42044
9.276,866.53595
20.034,111.288445
231.377,264.0245
9.697,71.09338
20.56,148.5766
20.247,85.6802
11.42,216.47536
41.133,70.12242
5.347,39.091724
48.13699999999999,115.0031
0.55,198.8257
490.464,360.0853
39.85399999999999,60.588768
8.06,125.593216
0.547,304.5139
39.963,146.88126
19.77,351.31073
78.807,20.53382
39.19,0.88290364
260.557,232.90141
169.66,180.86813
39.849999999999994,125.249214
0.077,84.89544
0.029999999999999995,99.29653
49.637,79.79983
17.566,30.24003
329.21,145.96318
9.117,55.15678
7.46,65.69077
28.997,204.7496
141.306,132.31981
260.027,110.35645
0.297,93.68288
39.903,61.298054
101.827,91.0147
89.64,292.21616
19.874,75.485756
79.384,91.15291
49.970000000000006,178.19498
42.08599999999999,116.4497
20.0,31.442719
39.997,350.41736
270.957,201.64818
21.114,375.06293
199.937,1635.9224
22.050000000000004,32.846848
129.593,134.45908
29.609999999999996,44.836132
20.537,21.294596
44.97,742.0406
0.173,79.048416
99.737,47.86393
0.16999999999999998,33.530834
19.647000000000002,58.166275
101.267,146.04074
20.36,413.11166
164.117,300.84146
1479.926,1521.0685
20.329999999999995,170.44127
9.393,220.67325
19.847,114.38018
8.683,25.084177
59.0,188.8867
80.06,58.900536
39.144,151.99811
0.08,121.251434
31.067,80.18981
50.334,36.21127
70.233,295.2301
39.007,29.88161
4.38,50.998234
80.417,253.58994
9.49,104.690636
20.206999999999997,148.65944
219.49,56.687717
132.184,327.59216
19.364,17.867552
310.273,533.0062
29.803,128.62259
50.1,487.8435
59.65,103.42637
18.64,329.32663
30.094,134.34663
10.113,25.666683
180.137,169.9951
39.807,46.179802
29.983,379.59424
29.46,125.355446
116.603,70.89898
9.367,134.54207
89.51,179.17242
20.643,574.0843
19.503,112.73714
9.847,31.103832
10.974,155.19254
10.906,155.13472
10.11,37.872334
8.017,210.20583
289.973,338.74014
21.093,301.8964
19.509999999999998,207.05342
1.783,109.29094
8.78,25.835596
99.167,362.56366
0.05999999999999999,214.41095
661.723,41.30724
30.016,101.28157
60.06,320.676
0.924,155.23814
0.766,114.44098
29.43,122.910805
21.09,37.76768
39.774,30.64174
60.133,232.55658
6.88,102.43439
20.116,152.60352
0.92,222.20482
9.956,54.59552
430.28,64.271095
20889.79,59.17018
129.92,75.00692
1278.78,170.47084
431.907,743.09326
23.096,33.5194
10.81,29.519537
0.31,107.25889
729.19,232.11977
230.28,282.1604
9.82,126.76461
10.85,81.758804
50.12700000000001,37.35129
0.093,23.641094
20.71,780.3332
860.063,216.29684
23.42,73.153984
353.666,297.42383
19.907,45.68488
9.023,1993.9501
0.29600000000000004,137.83197
19.407,192.98479
0.11,37.273533
20.397,585.65344
49.606,104.58399
0.143,80.08237
649.897,73.44267
101.047,107.74295
0.123,79.93172
79.467,97.781784
0.094,209.4416
9.83,294.8388
49.44,78.455414
19.74,157.52875
30.964,112.471176
60.064,353.65875
0.437,79.09774
48.843,145.31416
50.063,47.764797
280.933,166.85477
127.327,240.60075
0.5,248.63438
0.716,20.344088
19.737,87.28682
1290.187,209.07607
18.43,22.25733
123.85,42.868587
1038.213,273.09262
9.51,152.5359
0.19,62.08056
29.384,45.53112
19.693,57.593834
20.013,102.836136
121.903,102.221725
0.31,268.4655
19.686,35.35358
1002.627,564.51514
19.826,46.1753
1046.22,931.5827
8.437,87.203674
130.58,148.94391
90.42,55.946148
3.763,39.091724
69.176,147.85162
298.526,105.3428
30.193,788.07526
10.107,122.021416
329.533,175.6971
0.83,22.939499
1858.7,253.1715
19.757,51.14819
0.263,23.023254
130.417,108.64696
18.786,169.90102
18.977,87.36805
19.01,1272.5037
50.653,238.33821
18.896,43.158947
0.14,124.33765
0.14,98.45781
4733.667,3145.9458
130.573,131.77507
10.526,83.51368
9.977,104.59309
89.78,62.55295
30.5,276.99554
290.19,266.81717
8.717,87.86294
19.987,81.35797
134.313,203.72444
40.42,207.47868
0.11,83.71591
48.986999999999995,186.86769
40.927,488.69012
0.283,54.019596
80.38,11.101398
20.877,69.24741
670.783,49.579224
0.25,46.994537
20.303,541.368
20.454,257.5057
16.344,218.55093
419.463,156.99123
9.17,71.927345
1216.4929999999997,200.65793
591.513,150.73633
90.48,791.6113
0.783,103.601814
160.1,166.01587
9.783,233.21419
10.574,92.417694
120.98,94.09755
259.294,54.575893
8.33,71.21343
557.203,462.84317
61.05,145.06644
11309.073,38.203217
219.964,474.47113
20.38,207.99315
9.983,394.49307
7.936,34.00464
0.56,60.738636
0.187,99.928116
390.9,362.0777
10.143,43.39092
689.157,484.28998
8.063,32.94395
929.67,214.41798
409.167,480.38504
28.373,51.646523
130.89,226.84421
18.157,39.482662
0.233,63.79105
140.47699999999998,65.34097
12.607,374.6562
0.207,79.43165
18.153,83.64222
179.14,104.831696
2566.12,5061.1484
29.823,93.47052
1.06,197.26178
35.243,145.21295
59.233,134.02777
770.2429999999999,318.6032
62.043,596.39404
52.75,177.67139
110.203,318.4748
6.696,20.24123
32.123,19.105904
49.987,224.10995
19.947,63.87678
11.026,48.962093
29.927,4.7005496
8.093,69.18018
9.14,106.047646
9.396,57.239723
20.79,34.906715
41.226,90.178604
360.16,873.70776
1.004,9.137075
149.667,202.51393
19.75,11.491427
19.894,64.89581
235.396,320.87967
2.89,210.79794
504.713,887.2572
102.53,197.29349
679.663,35.154655
20.58,221.51263
205.306,56.385006
9.693,119.44568
100.344,196.7363
20.947,140.3577
179.636,175.64346
10.246,242.73352
103.43,69.06626
0.39,25.567785
18.647,105.50138
7.99,65.52746
541.99,67.170944
140.076,232.47133
330.196,77.834175
0.186,69.58828
3.566,163.67842
0.029999999999999995,73.38594
17.873,250.14835
10.12,217.95085
20.857,276.4054
238.733,95.46447
0.657,59.570183
10.2,247.14243
50.21999999999999,77.08876
19.743,78.25254
57.776,80.93213
49.38999999999999,252.029
31.334,243.53517
80.57,233.43039
10.777,118.036064
89.897,47.893852
150.88,114.44642
30.032999999999998,265.3342
89.93,193.77516
21.137,135.00543
100.153,172.14471
303.15,324.85797
376.116,367.15677
10.527,28.886477
687.22,327.04684
70.7,63.17965
19.033,42.373257
60.06999999999999,36.843365
249.473,110.97488
0.267,83.563286
40.237,52.518356
2541.8630000000003,281.9392
101.2,138.44434
30.47,140.91353
9.63,65.69077
126.764,60.979908
129.517,179.15068
49.713,343.02853
19.823,30.477701
70.153,94.83609
129.9,105.162
2.98,718.04596
149.813,85.97296
8.5,49.44279
99.403,47.000813
81.667,101.08821
19.96,173.01892
39.803,494.79135
10.16,68.886856
9.943,216.78131
19.983,54.493793
10.043,216.55305
1939.87,145.64632
21.106,98.66482
250.123,119.800575
11.09,213.39642
961.914,194.37099
10.14,81.13937
59.95300000000001,186.0368
29.683,216.80876
19.883,445.3507
9.21,51.264465
58.976,215.9796
900.396,38.898575
0.029999999999999995,265.23627
120.243,61.295193
172.444,70.61878
20.127,111.456795
0.407,58.852467
179.43,81.851555
59.75999999999999,105.68592
1.28,28.933447
29.94,30.308369
9.837,58.433525
19.72,151.66924
2738.523,137.78934
0.047,31.103832
49.884,728.6554
9.26,121.47959
110.15,188.86458
6416.433,210.12686
10.374,81.08347
0.217,66.09399
310.68600000000004,41.76905
1229.784,99.33035
8.76,51.456482
19.66,31.453014
40.393,113.24288
10.424,125.355446
0.437,168.66676
139.933,604.70966
20.2,60.59294
161.04700000000003,234.3416
10.193,243.35574
9.167,330.03934
9.013,102.93555
25.404000000000003,57.225277
9.89,33.857285
9.900000000000002,760.1271
0.263,36.46071
0.58,65.55666
20.397,257.54828
9.683,132.40451
759.1,585.5169
20.263,371.58505
68.8,170.94511
8408.297,1382.7555
29.617,64.39412
618.643,134.83958
2128.03,812.949
129.976,171.05267
9.03,414.44415
20.85,118.473305
0.297,52.378017
18.684,34.931606
1881.01,2188.577
98.89,74.50491
179.703,162.91003
9.193000000000001,231.08754
18.727,111.605515
200.227,466.05106
1440.027,75.19722
400.11,114.53282
20.897,177.27261
18.63,81.18865
9.707,118.51829
10.733,102.261154
21.187,83.40569
649.22,163.98418
20.494,68.624084
8.38,35.969948
829.447,189.44234
39.327,233.43039
31.0,234.59111
59.03,299.41403
59.124,44.87013
0.123,133.77603
48.887,207.45113
20.067,41.97178
10.0,81.227554
19.887,162.16005
190.75999999999996,143.01988
7953.213,1268.8595
59.876,352.24442
529.34,260.066
19.85,212.71358
69.3,96.07474
0.407,55.91508
590.46,133.87355
479.98,57.354202
29.667,208.00851
60.153,255.22997
68.143,153.27661
80.033,201.22758
1578.713,1290.3534
2820.187,592.53827
23.713,309.66196
1.157,62.615273
49.447,198.60114
487.714,50.887947
18.81,114.932655
21.587,121.2626
0.704,31.15301
19.494,123.41106
0.126,51.456482
0.29600000000000004,22.05192
79.843,83.490005
15610.013,9232.519
8.95,80.38451
864.733,64.07155
20.583,225.95796
20.927,225.96147
0.173,72.19134
45.887,124.83338
10.047,76.08246
79.517,208.0251
50.673,134.7904
11.47,78.49182
18.256,621.1558
8.987,65.55666
50.15,90.82858
176.86,840.1358
259.084,65.28507
9.917,134.7047
1009.667,100.04231
730.293,51.633488
20.084,116.869095
129.077,84.971924
9.71,136.43977
18.950000000000003,81.566635
291.057,181.67131
29.527,97.914856
110.363,255.02942
59.587,260.07553
18.7,434.25677
19.887,47.873924
8.527,189.0102
6.927,141.20634
40.67999999999999,114.911896
309.746,130.91087
22.027,58.437138
0.343,21.903894
0.05,70.5776
60.803,204.79106
40.026,411.0914
59.304,61.57738
8.053,134.27748
8.956,113.520744
495.506,370.86896
28.666,67.80582
28.614,89.794266
229.73,301.91968
231.713,34.31774
1492.047,208.31845
151.213,449.02945
60.16,78.52248
18.477,87.69766
8.393,116.24522
99.03,426.15176
19.736,159.87682
20.823,152.95146
0.029999999999999995,54.258465
121.017,115.876854
8.19,98.80534
21.347000000000005,60.532375
38.65,113.64739
139.64700000000002,53.754925
10.983,55.349392
390.034,63.609398
157.33,224.29904
15.1,44.713993
120.364,260.37808
7.366,20.39572
130.033,80.83392
9.465999999999998,124.945076
88.81,227.90703
0.20300000000000004,72.385414
29.893,215.9843
19.654,233.95721
0.22,119.96922
0.546,216.2776
107.79,35.55072
90.603,198.09161
21.286,101.38573
15.937,59.193592
217.18,127.05477
19.984,165.89369
10.944,195.0518
10.14,76.08246
10.366,82.71369
10.903,78.340485
0.017,36.594822
39.897,259.6052
50.86,74.16044
79.187,205.49083
121.053,333.07474
9.657,213.70657
9.867,71.65261
19.46,854.29486
60.57,115.36541
19.92,9.288222
476.476,184.75233
0.25,88.45855
20.287,368.86685
19.756,56.66198
240.827,275.8377
29.56,144.42076
220.014,528.30133
20.133,28.271236
19.773,409.22702
109.263,86.159515
156.606,420.15863
20.344,187.8546
19.803,119.23459
10.54,72.06862
9.7,163.08742
330.7,346.95697
9.26,545.40784
39.46,101.497444
319.57,90.54576
2988.823,2464.4507
39.81,453.70312
98.956,696.4032
29.874,94.83085
0.034,107.04971
17.08,175.69305
160.683,135.48392
30.267,58.933826
1328.9599999999998,603.13324
41.71,369.53076
20.017,185.8668
110.006,309.4946
249.043,457.72116
20.037,144.14874
9.087,50.530098
40.21,228.1129
549.723,261.4061
21.647,50.588512
19.293,103.00961
130.15,158.10509
17.913,74.1841
9.673,10.133763
58.53,139.68272
19.807,148.1805
200.977,0.76460207
1.74,44.0922
149.99,91.968735
34.62,217.64915
9.7,216.6323
36.383,67.90881
119.573,213.53749
119.917,298.45087
9.480000000000002,82.008125
4.98,115.47919
299.973,420.99744
0.407,40.623966
0.593,30.059818
1.344,94.48095
128.253,137.15689
81.217,97.20815
260.04,38.0657
19.727,132.6718
19.99,180.91113
60.057,309.44934
160.027,1850.0819
9.013,68.745735
19.84,93.891884
19.843,11.073196
241.426,90.57505
3979.753,736.50836
90.643,117.96024
99.83,233.63324
20.493000000000002,162.40916
20.297,182.64487
0.517,57.505096
19.504,88.68854
9.866,79.971466
0.14,134.80699
9.017,37.712692
11.647,110.400215
0.25,30.311676
489.263,283.8245
8.483,70.76674
2819.997,272.92545
0.0,118.84498
0.08,135.45477
19.92,143.7033
9.703,33.184883
0.517,46.28705
40.467,174.70473
76.533,69.867714
6507.75,1271.454
30.88,305.2537
9.936,152.19504
140.74,50.339527
19.084,70.8437
30.05,236.73137
269.98,51.531357
1.284,127.214615
210.05,276.78528
12.116,76.69501
19.953,213.11324
110.29,11.599303
8.707,9.123707
8.457,81.03426
89.23,90.22647
0.39,31.17761
10.879999999999999,67.66487
40.073,33.380547
400.36,186.22346
9.754000000000001,54.45069
29.19,57.17243
119.603,296.97025
9.17,65.961
9.917,75.017365
300.64,431.82275
1.203,23.330126
860.313,46.38087
9.796,58.07825
439.164,564.4438
20.247,251.25404
9.749999999999998,77.329056
509.374,65.24103
18.89,25.680717
9.673,38.604427
50.303,48.80393
3276.763,212.54648
0.42,85.17265
19.454,52.288113
9.2,33.281315
59.633,197.32382
30.044,252.83728
29.203,6.279774
131.494,30.185041
10.29,343.0452
9.8,90.16582
249.81,140.26534
40.39399999999999,479.2415
0.11,42.981804
9.82,69.97939
2180.047,218.31659
19.27,129.76335
20.546,42.24208
0.316,37.409687
38.923,255.7453
28.253,224.02737
0.47,23.798136
0.25,25.084177
59.75,279.27896
40.56,83.493416
0.0,51.29786
8.96,29.264671
8.21,69.46963
0.6269999999999999,21.147778
1022.653,221.1936
20.05,241.2676
40.233,208.29929
18.587,104.18012
0.343,118.96041
19.63,101.85242
18.4,234.20355
19.477,58.247246
88.537,111.0693
141.123,48.52779
59.353,53.816814
249.4,168.9914
160.06000000000003,195.72836
27.817,40.752804
10.203,919.7386
180.024,69.112915
19.647000000000002,24.599081
30.796,173.24435
30.617,162.58481
36.547,51.754738
30.637,2.653133
100.09,147.75696
19.11,70.098755
59.776,137.32898
9.304,50.412083
690.376,266.40097
141.45,201.94084
9.657,68.47499
10.604,79.09774
19.33,180.5123
169.897,48.466892
19.583,36.54143
9.49,79.60628
19.94,78.24364
10.194,118.269035
39.73700000000001,81.75438
110.597,159.63156
119.58,57.09909
144.253,341.06873
9.07,261.5375
10.033000000000001,19.551939
277.16,224.24304
27.287,151.08333
129.597,62.224834
172.494,79.89153
20.097,28.617075
230.036,380.2047
190.774,369.81738
40.407,80.10016
0.14,217.85368
37.956,66.29831
59.467,43.74945
20.373,114.341866
9.113,46.75772
960.383,397.93387
67.713,52.322628
9.247,109.309654
9.777,197.19604
1363.476,189.33318
4.98,123.73295
110.093,127.47296
514.927,6146.0093
9.87,37.275524
18.74,76.638794
30.157,10.754637
20.137,99.45564
188.903,118.1254
31.14,35.107536
11.024,222.77168
9.697,74.05354
130.284,141.64537
1866.69,80.82957
10.4,33.06985
8.966,81.0397
29.693,259.7007
50.44,68.73661
60.106,161.98181
10.592999999999998,15.056885
39.237,103.10144
591.384,592.34326
1.557,152.57903
19.98,105.62523
111.266,49.18884
30.207,259.9283
10.084,27.095871
630.777,60.655285
0.173,25.835596
70.37300000000002,82.78672
30.953,33.07411
81.2,90.566086
2406.497,216.42165
69.897,106.3288
99.85,34.766575
29.36,148.45891
19.634,937.73
140.417,409.22702
10.9,51.49448
490.34,698.10016
10.55,138.71704
47.709999999999994,68.32652
118.99,155.61801
199.964,70.500465
179.654,105.44617
10.284,205.85405
10.02,156.04947
0.047,37.677895
10.437,122.933945
0.08,215.26466
40.77,67.43052
60.31,109.86142
40.33,36.985554
210.064,69.56175
3941.74,436.76343
1599.473,135.24268
218.923,99.03092
89.51,77.609924
0.063,36.08514
19.223,80.16406
60.357,379.46243
10.857,126.73572
16.213,65.86056
9.67,171.79797
19.683,83.65356
8.22,36.647858
80.213,135.21031
0.076,153.17108
80.303,13.888669
0.424,50.482975
0.547,23.176168
49.67999999999999,116.688034
39.763,38.575993
260.317,201.60155
79.87,102.73098
10.126,89.9799
9.85,39.091724
5.687,220.7587
0.14,21.683733
19.34,89.043
69.02,141.61298
9.88,229.90353
18.394,85.75926
41.39,120.13833
8.69,100.07803
9.413,72.147026
80.064,252.91928
19.4,90.20534
40.183,191.07515
19.053,87.31328
19.58,241.91695
18.153,87.811295
49.397,205.25325
4.740000000000001,99.20229
119.644,233.5507
20.784,89.98461
19.893,29.66126
80.643,145.64969
1509.63,124.65971
90.004,55.28653
3607.523,962.07874
28.01,94.05068
1191.307,132.08946
44.287,289.84442
50.567,131.00531
265.83,57.741566
6.823,88.02947
9.093,83.591515
60.11,229.9034
8.164,102.365105
109.907,1.2393122
10.067,231.5922
0.20300000000000004,79.656296
20.267,102.790344
30.586999999999996,373.81525
799.8400000000001,270.66504
10.473,28.176865
69.843,246.88858
19.427,151.11899
60.24,185.50467
11.176,64.11761
10.023,62.742023
57.633,126.967926
10.09,220.47182
10.023,277.84528
1273.49,415.09268
30.163,210.82751
10.036999999999999,54.641357
170.51,247.5181
0.923,98.33429
8.693,118.473305
19.933000000000003,136.6126
70.747,79.56755
60.76,278.85245
0.11,79.00899
29.323,218.25359
40.083,350.52298
20.873,53.887787
0.11,158.07306
11.583000000000002,118.32474
29.87,120.955154
209.543,196.47824
9.464,120.89978
0.3,57.147015
80.5,145.48326
79.267,55.89443
1.58,33.81602
309.623,206.3002
7.954,81.930954
39.914,235.09265
9.947,342.93475
11.117,94.59655
0.813,80.208084
50.073,119.632286
29.903,385.3014
330.9839999999999,287.00378
10.953,158.11154
1066.953,214.97765
160.817,239.2552
31.42,62.63576
10.733,802.5179
2939.753,708.8169
30.08,50.44003
0.05999999999999999,273.7142
19.7,28.996252
0.064,81.227554
14300.093,12551.973
2189.98,2639.467
29.823,121.13142
160.657,114.09171
138.84,184.14651
18.43,226.35292
69.203,221.60843
161.106,136.50615
49.56300000000001,62.167965
19.987,103.73382
70.386,46.050896
1.08,72.41146
5.05,90.91364
23.292999999999996,87.47778
6.7,830.8795
0.223,216.20468
8.63,79.88158
430.437,63.95388
129.827,27.585783
11.047,118.23222
136.943,38.073967
179.62,41.868317
80.983,56.92991
9.82,62.040203
111.62,77.68057
0.326,151.11899
49.05,92.8843
0.08,3.4178796
0.267,101.80197
0.36,224.67601
279.174,56.610428
47.343,419.48975
11.113,122.397026
40.32,37.038387
29.946,34.278378
650.557,474.4513
9.363,30.207272
241.213,127.772385
0.20300000000000004,28.940739
30.287,148.16315
30.78,91.9185
10.177000000000001,100.07803
64.09,183.5284
20.244,60.404453
59.56,163.14363
430.523,146.3362
19.914,355.8178
19.82,60.075882
399.573,127.19914
5.583,140.31766
40.044,95.782265
22.07,548.55206
159.18,2517.0842
19.094,94.118416
899.743,294.88968
19.99,77.43379
40.603,118.108955
201.463,238.2994
7.75,70.76674
649.104,57.36338
9.0,97.40658
0.594,97.87572
30.1,246.58374
59.61,102.61358
109.12,198.5699
9.443,43.82075
20.066000000000003,315.15195
116.777,303.24615
20.757,101.592026
79.5,52.635544
50.41700000000001,64.18143
0.016,59.9159
19.06,93.23502
830.036,64.791916
0.029999999999999995,44.19783
309.866,300.95114
3.2099999999999995,339.38608
9.763,115.96345
120.383,294.09354
19.926999999999996,77.64073
40.103,76.47017
219.99,77.46878
11.302999999999999,40.199635
30.266,111.633896
11.457,266.03958
10.056,139.43878
5904.517,999.929
9.907,209.13342
30.213,99.28232
310.547,225.97147
9.973,21.138266
19.97,341.93607
49.647,154.10333
70.967,1489.2327
50.223,504.03278
330.864,248.15453
9.437,42.24208
54.307,78.50022
18.64,21.373224
110.877,78.101456
260.143,70.04327
430.2,68.994415
708.836,1911.782
1080.027,161.36742
20.04,107.42412
68.536,254.49808
18.973,394.37405
8.743,96.939674
0.407,156.89078
49.857,101.82541
300.623,62.645428
90.083,194.46182
0.533,64.54463
0.16999999999999998,53.088257
1780.016,208.94185
9.857,235.45375
10.653,66.54852
39.9,128.18427
84.767,128.62706
9.803,63.751003
239.93,201.17355
790.3429999999998,41.338295
19.863,36.54189
10.633,79.00899
9.927,120.2369
139.266,19.05265
29.09,84.87545
940.473,305.59647
459.437,69.87184
9.13,33.591656
2718.793,2403.191
9.53,32.964577
48.973,239.47427
289.7,1192.6501
19.99,222.61888
7.927,34.404312
20.28,31.472832
159.993,177.28795
51.863,937.7297
39.394,622.7051
19.504,79.41834
0.21600000000000003,826.2651
60.026,52.914585
18.07,148.57617
30.076,41.778988
18.867,15.8134165
70.33,82.28716
8.814,124.01543
20.01,71.92593
39.903,412.10132
0.017,78.932365
139.2,79.81744
40.163,251.97604
28.924,61.494858
69.676,116.43676
69.943,131.39505
50.313,126.1261
128.157,72.90449
79.52,95.970566
108.777,376.15585
0.0,30.18549
10.087,63.72747
1109.913,786.86395
9.143,52.865334
41.323,126.0172
9.81,127.1011
15.577,99.29653
39.43,59.9331
38.28,52.994484
0.55,35.479557
304.997,204.54733
2219.783,4124.188
20.274,9.424086
50.857,117.70181
0.656,87.461266
20.793,186.03362
19.964,96.420715
0.063,9.054087
8.993,103.41944
18.297,190.3407
390.31,57.521225
9.09,247.87396
39.197,57.52067
19.583,58.29779
1.16,74.21888
30.3,118.18892
21.2,74.869194
110.846,366.99744
120.15,112.84382
119.54,250.25317
0.19,62.697235
281.16,147.21655
0.013,175.48195
1.037,124.8436
20.073,132.52817
7.25,74.04959
600.144,52.919975
3510.024,9746.502
10.093,205.49083
0.593,66.68198
9.223,120.89978
260.02,131.14217
29.806,204.46461
0.22,20.475481
20.073999999999998,168.9914
19.747,258.3394
41.22,8.787479
782.44,517.8251
39.89,250.92957
270.07,757.3898
69.153,244.46115
9.26,372.0449
118.92,59.136757
0.484,99.20229
60.64600000000001,34.084446
0.33,89.79724
9.937,182.34534
10.853,413.71704
9.366,31.130024
30.190000000000005,48.723194
18.5,90.081245
40.046,144.2357
30.986,98.015335
0.3,143.24127
200.407,88.653496
830.074,161.03816
140.22,124.19995
0.47,225.95796
70.79,338.98868
198.507,92.88282
32.123,55.046997
57.993,319.6632
9.85,118.48061
89.874,95.736244
0.11,93.0604
0.54,62.73452
30.067,42.86239
0.753,53.83102
20.85,56.37972
11.0,76.90117
0.05,8.972235
9.97,57.99589
10.817,462.29065
1927.406,329.04578
0.123,81.41829
8.367,92.43818
10.273,11.911987
140.483,4.5458746
139.66299999999998,206.84987
29.327,58.47086
39.687,68.36581
101.266,116.35996
88.61,60.27363
39.937,202.60497
19.59,113.17369
1831.837,158.83472
110.1,95.36773
0.05999999999999999,22.795721
350.234,157.37833
791.01,251.85893
20.16,185.35431
20.836,31.843218
9.217,194.65244
9.013,138.33258
2960.003,633.9708
89.846,503.65836
20.333,783.7714
10.01,193.16869
19.1,194.90726
540.26,95.57189
50.924,90.6147
18.75,119.8627
319.836,4556.425
29.257,50.590973
190.586,58.17693
615.427,135.94849
100.28,601.52954
49.674,562.71875
49.874,49.344986
29.756999999999998,117.95734
9.783,218.60675
11.206,36.302242
1889.134,580.494
21.14,162.65112
299.67,77.85229
11.160000000000002,134.27995
19.96,99.50319
259.517,223.87074
39.987,115.00813
18.906,27.972898
29.546,198.66173
180.537,51.659527
189.693,214.3629
19.477,30.61851
11.03,66.611206
40.583,97.40658
60.807,117.00518
39.60000000000001,82.09287
52.897,721.39154
1.457,49.032692
12.54,64.00727
18.960000000000004,67.82647
10.597000000000001,135.18011
0.064,25.731342
9.957,241.65723
2270.137,253.49808
20.066000000000003,58.528008
59.97,256.60947
9.634,10.411263
1516.09,1437.2612
29.91,312.48645
249.77,151.40318
29.31,79.62867
208.92,103.49656
15.587,72.029465
18.283,256.31702
1168.593,241.82333
110.313,341.7355
0.04299999999999999,56.36292
9.58,33.06985
40.077,82.73207
19.084,54.646507
10.09,67.44253
0.207,25.175718
61.5,627.1127
9.69,120.784
14.519999999999998,342.96597
9.033,20.47549
1090.833,81.88377
10.217,42.02412
19.883,20.008396
21.316,147.57039
149.38,174.73792
9.56,83.40569
79.357,157.27426
1059.943,433.6654
0.094,91.19201
29.24,25.766157
0.266,179.63263
60.107,387.34875
30.91,182.19261
20.063,396.44205
60.737,450.61392
14.093,99.5002
1.6,95.05558
19.387,81.85865
79.077,11.8124075
5081.234,945.6386
39.593,92.52338
20.81,118.75065
10.27,24.517786
29.967,45.10836
730.023,119.42206
28.896,126.73445
50.337,74.59276
7.962999999999999,195.65309
100.69,26.097178
999.633,135.76314
38.99999999999999,192.16408
160.23000000000002,148.57922
8.727,49.939342
0.063,62.41852
9.917,77.54394
1858.84,1127.3418
240.303,204.57486
20.103,259.57092
60.454,3525.9795
19.903,620.99207
39.957,105.05977
0.693,28.617075
10.347,77.39801
9.673,22.919306
20.096,244.14255
123.706,77.61913
30.52,25.56606
0.017,65.06158
585.624,96.767975
100.02,8439.052
370.25,571.59247
54.353,78.32871
8.093,80.04492
38.943,91.78042
61.546,83.26398
30.304,116.705345
19.407,123.56034
0.483,33.88612
70.013,111.19972
398.987,60.880558
18.467,51.97236
0.597,10.225429
18.797,69.626335
19.997,69.9485
19.747,51.478317
17.614,51.10383
445.706,218.5615
8.113,36.488968
90.143,164.45027
469.896,129.1181
2.817,133.69382
9.88,162.32564
19.16,302.6777
12.46,89.29238
0.89,120.235146
0.394,51.253475
0.106,42.86239
1016.467,114.76562
40.17,296.8342
30.6,369.2801
10.916,304.5139
90.967,325.12448
0.424,151.50859
69.05,69.35945
140.387,196.86986
48.53999999999999,223.07953
19.74,98.724
19.6,104.06884
18.416,104.59364
0.113,64.26311
2369.693,231.66826
9.296,119.96922
1090.773,93.38378
10.22,740.3327
19.507,215.73419
69.73700000000001,986.3881
9.183,79.11792
24.06,51.097916
19690.04,19634.95
30.83,39.142548
111.213,109.3111
0.36,111.605515
0.72,29.897804
209.256,132.44597
19.603,83.28266
19.377,135.241
20.436,74.41655
41.7,53.63004
142.807,101.74816
20.26,387.82083
39.734,107.393585
0.11,45.162853
0.127,31.116104
0.707,135.5543
10.7,115.97276
18.973,53.36243
9.14,110.1427
1.363,21.442629
39.756,66.39686
20.253,259.558
129.93,8.94892
8.95,40.63602
0.08,21.245607
10.407,32.65085
160.46,250.89346
794.587,466.35318
37.766999999999996,172.12244
61.534,137.64706
39.977,13.342471
0.063,216.67644
170.306,41.63766
9.749999999999998,67.25795
60.303,131.8162
21.106,104.57072
679.47,120.244286
90.78,272.48337
0.063,8.893717
10.453000000000001,41.083725
430.28,535.2348
68.357,80.919266
19.626,110.840866
7540.446999999999,1025.0137
19.203,206.90843
70.993,73.4741
35.72,332.2113
41.64,134.56258
199.406,36.896374
0.123,210.51277
240.263,178.174
39.63,216.71443
297.063,1678.6865
19.677,270.91333
9.334000000000001,84.52745
20.424,43.549313
39.69,63.72762
38.86,166.7991
9.687,87.72367
170.303,250.13521
20.01,46.570805
11100.15,832.4799
130.03,358.20596
838.996,649.9191
9.744,337.71506
339.92,78.42653
121.13,106.46921
23.166000000000004,78.127396
2490.013,1161.1001
79.057,52.273205
9.964,56.5488
69.66,60.656784
49.76,35.049465
1660.353,327.9182
5188.77,4034.4656
0.077,69.40575
9.787,98.347
19.633,173.55505
8.097,17.421146
10.073,783.7717
0.957,31.027212
29.836,919.9954
89.98,397.24402
69.18,57.161045
117.18,105.39348
111.71,117.83299
6.33,31.622694
1449.973,299.8467
49.877,350.3858
208.047,140.65381
29.933,86.20482
20.32,114.19717
3342.97,380.00058
71.263,589.7794
301.647,67.79485
11.07,34.242912
0.814,136.69608
0.143,394.13644
159.87,183.51064
99.713,99.95125
0.91,22.05192
1636.743,362.99118
59.687,75.0022
30.103,60.47688
20.19,91.45431
409.66,49.733475
39.767,63.099743
1683.277,539.25165
169.03299999999996,86.72354
0.047,196.26076
10.647,130.6912
20.383,37.751793
309.303,331.55743
50.81,53.24629
20.653,25.511272
2650.16,121.45241
20.593,257.18826
29.16,43.551136
1.393,201.23872
10.083,87.37395
9.86,161.98181
19.053,172.54822
5303.93,69.847176
0.0,17.421146
108.817,115.32731
20.52,167.73398
19.393,51.738525
8.517,56.15311
39.24,119.604515
59.973,113.96326
19.6,24.665115
29.833,95.786476
21.107,115.701256
239.547,257.8198
109.507,58.440464
470.967,128.11621
0.187,90.371826
30.373,216.96982
39.894,53.620674
58.953,261.98737
70.173,72.03495
500.54,91.26312
10.387,73.01615
0.093,54.68277
249.883,139.51521
10.196,59.812847
13392.676,3350.2078
60.29,211.10933
29.87,103.83171
0.063,89.98461
38.783,100.16855
39.64,3527.87
49.71,71.56739
40.013,58.633114
120.24,136.1496
150.54,135.43059
170.23,78.056305
70.757,142.32489
38.77000000000001,209.47586
1315.497,687.47833
0.27,129.33643
609.644,65.81153
0.11,37.542496
358.723,167.98756
19.966,976.9655
40.01,38.50039
10.674,9.2645445
9.817,63.097546
0.106,83.36507
19.573,131.06395
132.744,298.41867
100.073,227.74748
19.54,29.66126
51.114,79.92247
30.517,336.9626
189.984,829.3389
0.937,91.85709
279.896,366.33728
17.864,797.72754
119.76,130.32811
111.21,61.37511
10.02,58.132748
40.19,139.6776
79.853,92.26885
11.167,235.36018
11.203,51.870983
159.96700000000004,858.9255
0.29600000000000004,194.83037
10.564,63.111748
1.1,62.772842
28.84,61.95418
1780.026,855.21436
1.0970000000000002,92.224464
2802.967,32.15296
19.123,92.809395
29.966,246.13953
771.103,413.09396
120.004,448.4246
80.19,120.51074
210.106,573.5897
19.637,159.44223
149.267,79.72745
2.457,133.98723
60.916,365.2322
259.89,44.535408
2692.197,314.72046
0.11,120.04444
9.074,22.34742
0.017,233.63324
19.737,104.47048
60.006,118.37762
299.61,38.067005
150.92,299.26617
49.926,69.72989
0.123,98.11765
50.134,105.007774
89.367,135.97922
20.797,112.29153
322.857,261.86835
36.493,100.45629
79.75,12.564974
699.447,232.94026
18.633,22.182909
10.387,294.47708
1320.47,101.2585
492.6,298.203
59.553,258.73
11051.35,3158.0688
59.68,148.5766
0.093,148.8612
29.057,87.91129
9.157,81.09991
9.707,233.14636
0.436,106.047646
10.79,64.324585
20.424,337.80585
69.85,264.03424
0.013,81.49494
2.6,41.01343
10.094,362.77197
1.05,81.0725
17.144,56.974354
20.27,122.13789
1057.227,201.07996
10.83,30.059818
8.034,27.727293
0.64,154.93443
18.72,156.81975
27.477,156.54544
21.99,178.85056
21.107,87.2584
10.814,397.28546
129.747,64.82629
0.063,429.23038
20.349999999999998,41.343258
99.73,52.34496
19.797,138.27768
9.467,63.097546
270.41,298.14233
38.24,81.40214
20.324,75.19658
9.613000000000001,52.98227
3.516,112.76362
240.996,272.8633
9.937,65.18668
101.064,262.98074
49.4,38.661434
579.9430000000001,63.86673
80.553,376.12674
100.227,208.85583
10.320000000000002,55.825516
0.234,35.532013
90.69000000000001,53.00839
1072.346,374.2825
30.8,40.949203
9.496,126.39103
0.33,41.349052
10.266,79.2076
59.04,235.40569
10.31,265.3342
80.197,65.83931
9.807,42.373257
190.767,88.653625
2698.716,992.6433
9.013,269.27917
6147.953999999999,191.7702
10.087,150.84135
71.51,83.61983
69.67,167.37845
80.03000000000002,49.130505
40.2,74.0431
319.757,339.66672
120.6,24.809038
19.437,116.55645
70.017,40.72197
19.623,29.239052
27.703,191.21324
19.976,37.898884
84.016,105.03939
392.0,134.95813
0.093,42.39113
40.47,22.997551
0.076,110.24204
1270.18,146.27713
87.13,125.27601
21.45,202.45065
0.7500000000000001,224.82254
0.704,66.584076
0.19,34.785114
29.086,101.97453
20.437,116.93981
20.339999999999996,25.038559
10.966,23.879972
18.963,253.9871
369.757,151.57933
19.103000000000005,119.84164
1700.6,176.3127
0.09,59.97517
610.257,229.37567
300.3,343.3734
0.893,89.239746
20.813,277.5489
221.387,413.60904
1.567,40.055187
280.253,782.25806
80.4,62.015568
870.23,149.99606
3385.0,212.02939
29.873,380.8454
89.293,245.153
539.533,210.24832
3.376,103.05636
4666.437000000001,172.62833
0.11,50.649685
11.83,33.06809
10.0,99.20475
110.976,179.30049
12.363,89.60901
18.36,28.572733
42.036,33.65037
9.86,64.69661
18.157,59.71577
40.803,75.42356
19.91,1156.3842
49.433,94.59655
351.51,183.49974
1840.14,612.05585
20.293,427.9749
19.93,87.64793
9.984,379.3602
258.157,84.65202
190.3,371.44974
9.76,75.86003
79.356,37.053314
0.14,71.3187
0.0,33.06985
0.453,156.32932
26.793,57.26856
28.884,41.2869
30.23,414.44415
510.23,195.29243
60.24300000000001,329.00726
18.94,365.2439
10.172999999999998,79.77579
29.653,38.78998
419.954,86.43237
70.294,143.22986
2969.843,88.74035
0.763,118.62204
39.93,371.75433
10.326,58.853638
17.416,64.81407
0.097,22.939499
9.756000000000002,277.29163
200.654,225.90166
9.153,117.91148
300.1,202.93433
9.293,36.506638
119.43,425.12103
19.793,222.0478
19.38,85.9423
39.76,130.83133
19.803,150.5534
31.44,141.44208
0.22,28.556236
21.16,39.47445
20.523,118.28297
8.3,64.44616
11.95,187.58176
19.507,235.33174
191.003,297.91888
274.053,64.01455
19.683,129.17531
159.507,173.00595
38.537,141.00706
2.067,70.823235
107.45,1516.2788
29.55,207.47868
9.97,114.34202
19.02,371.65277
11.537,158.58705
3346.967,404.02982
359.86300000000006,54.54898
80.187,84.79043
8.873,354.6525
20.57,74.42278
87.937,192.87968
121.56,23.99767
30.463,219.87848
0.233,100.07803
40.11999999999999,116.78969
9.797,271.342
10.573,324.1738
0.237,130.6912
1.187,57.011276
31.403,78.05033
1286.36,633.5821
0.907,32.37701
29.306,113.95399
1.273,157.46017
10.697,343.93033
19.489999999999995,129.41911
21.03,154.55658
301.56,241.91965
374.267,90.43421
19.697,135.67097
90.44,92.64433
500.007,249.29361
8.427,81.09991
11.41,33.114532
100.333,253.80006
48.873,232.00714
160.277,12.5176525
50.547,218.96417
96.8,149.87819
9.82,60.21252
20.943,63.87678
9.186,252.00783
0.127,65.37304
0.377,77.7826
9.513,212.77269
8.693,179.17242
70.0,289.47705
50.197,290.256
1.064,217.62285
0.6969999999999998,126.160034
27.492999999999995,79.441246
8.273,120.64454
22.11,106.9994
179.177,69.389725
300.073,118.589905
230.03,188.85265
19.64,203.68646
9.553,37.81371
69.957,73.947235
19.247,0.764721
309.53,116.51818
9.05,62.51667
9.173,22.570469
430.523,134.57358
29.742999999999995,84.74059
10.127,55.875957
0.19,23.431679
2469.503,1311.7627
210.87,141.4254
0.56,51.131138
11.904,74.15145
3.286,235.21584
90.993,116.08346
0.33,81.050674
19.25,73.91417
1669.25,79.88153
1.093,81.06707
19.82,121.02359
21.707,36.647938
29.973,32.47343
9.997,56.703968
421.177,72.75277
420.067,45.89926
9.46,55.120144
20.147,120.51286
0.064,102.14806
8.68,58.6505
480.943,174.48953
39.013,130.04272
49.657,353.95236
19.77,457.9416
9.813,409.30325
10.746,146.03812
60.79,152.1759
60.15,91.76597
26.267,69.18225
0.16999999999999998,71.21343
0.05,299.9531
29.797,714.94946
0.297,162.98747
0.503,204.1691
2598.764,495.00684
60.457,74.442764
60.194,49.237286
89.39,114.34202
38.49,631.95105
0.314,81.0397
1066.664,369.42368
9.147,86.89779
49.98,120.04691
330.26,120.69117
135.91,74.87963
379.83,93.60722
49.22,90.44294
40.699999999999996,70.265724
4649.343,1365.2015
20.85,8.972235
30.953,406.13644
11.843,121.330635
0.029999999999999995,77.08884
1.157,273.16418
858.227,1289.7456
19.71,26.173925
0.25,92.83707
19.69,90.92061
49.26,111.45124
0.6269999999999999,178.71779
30.044,36.219486
9.517,81.853935
151.33,163.96603
39.814,66.0027
30.55,407.80484
49.2,185.52222
8.147,111.545364
180.514,179.28418
129.923,268.37253
30.063,7769.543
36.46999999999999,67.34559
0.424,64.75819
189.323,53.041615
209.76,471.30167
5.29,79.490135
19.91,161.98181
89.793,169.46907
360.26700000000005,935.1337
21.08,106.092575
20.017,375.75015
39.547,112.24997
30.283,70.46449
100.493,87.02329
15.66,157.7716
49.947,38.547546
885.67,676.97266
550.463,128.26445
0.157,78.37587
0.844,144.1294
459.607,320.72186
20.406,124.80789
10.11,158.91751
7.99,64.856155
9.843,550.62384
19.219999999999995,39.775673
2241.893,101.83334
170.113,385.94092
40.85,60.442688
0.017,91.66769
188.593,41.214146
0.173,485.24893
19.463,74.31415
0.297,281.84094
999.944,152.16145
259.497,906.65295
41.023,330.35397
1.236,82.008125
420.623,385.34634
170.84,47.84935
1.453,134.54622
515.797,213.74171
3.61,34.83693
18.79,29.74795
207.3,773.6624
899.816,395.50406
0.077,33.183716
99.98000000000002,483.64716
99.87,474.4187
99.717,116.25036
569.753,130.47002
11.719999999999999,83.87691
751.46,95.0804
28.342999999999996,181.91475
0.11,140.97159
0.534,49.092743
1225.0530000000003,354.6555
21.056,204.50378
0.033,216.67644
10.283,75.52178
0.127,83.51257
9.23,68.155235
9.937,63.13906
3276.493,274.28345
29.783,235.92506
29.98,144.6485
0.093,32.98736
10.573,98.80534
1.987,847.88324
5.55,222.20482
129.897,105.15946
20.227,116.658104
131.25,989.1676
10.517,45.82794
10.003,160.62212
512.014,38.311337
39.827,96.01783
9.93,87.86294
0.093,31.929651
110.603,66.68953
9.863,36.226288
158.467,217.18321
261.023,196.70544
69.933,193.6393
0.029999999999999995,99.95125
1382.73,281.16046
138.867,228.26881
18.17,194.11903
121.637,294.2965
90.133,109.632965
19.854,253.58412
0.843,20.570192
49.57,166.94244
8.46,74.20267
20.93,104.04934
30.043,114.5294
92.067,190.09874
0.0,91.22095
50.34,75.772736
171.496,89.16549
150.707,1.2016926
299.396,70.50877
100.276,278.32465
13.537,51.298695
30.377,67.25792
190.17,129.4265
10.017,57.2227
10.96,2403.1382
4670.573,1028.7712
0.046,165.37747
11.323,182.77669
229.863,253.56348
259.943,208.54097
20.154,194.85506
160.03,2307.9944
6.293,219.06752
800.723,239.27495
2.373,121.712395
0.22,82.033806
8.02,117.07607
57.414,639.37067
9.82,178.63947
180.303,230.97516
10.227,61.308567
29.097,163.58049
39.433,118.76092
179.817,288.52567
19.44,265.31985
30.103,230.44482
0.267,105.465675
0.783,51.37833
140.1,248.92157
60.077,208.88321
0.017,46.992065
50.867,148.05223
7.487,62.890858
40.503,360.95868
1.203,251.5355
19.107,96.37248
0.093,71.87309
39.917,157.04744
4.453999999999999,71.45621
759.223,143.3902
1203.17,497.89935
10.217,78.71059
80.32,235.49913
49.699999999999996,129.86732
2765.6,267.16248
70.697,130.57129
19.317,74.48767
9.983,81.13937
240.986,174.59198
9.797,210.8935
19.31,60.67928
300.027,120.99133
40.706,217.41397
180.064,169.74173
19.147,79.83468
120.79699999999998,91.21814
9.567,111.483505
48.103,157.45413
21.417,129.4784
9.527,134.82767
0.093,25.498903
0.173,503.82312
29.923,37.342293
9.007,97.00613
80.063,105.61278
19.499999999999996,237.89148
179.05999999999997,289.78748
40.1,55.007545
0.093,237.95245
18.28,94.59659
265.987,595.91125
10.653,72.411415
20.137,58.78104
218.974,90.446
20.217,115.961586
39.75,261.98737
9.423,61.989933
60.39,34.800224
10.1,62.689205
20.776999999999997,99.675316
0.033,23.719496
99.64999999999999,73.574684
50.613,98.07935
20.103,40.297916
9.94,138.74887
9.907,87.19964
180.92,68.14537
18.74,253.05344
1359.8000000000002,196.38779
216.334,77.25367
51.453,149.58003
198.503,251.34587
240.69999999999996,191.24521
410.236,353.10052
170.34,197.85094
39.69,98.66744
180.13,550.2648
9.32,156.17815
89.90000000000002,182.28435
19.097000000000005,21.138266
169.517,121.407455
20.086,38.97652
79.814,72.28762
10.154,72.18618
19.99,75.28724
30.0,120.650856
60.827,112.238014
1.067,117.810646
20.38,130.52513
80.93,72.84067
24.863,51.487854
849.7930000000001,363.4592
139.77,297.41864
259.894,248.16324
860.0869999999999,371.31738
17.95,12.222087
68.743,181.46814
20.903999999999996,138.90956
19.153,361.68005
69.73700000000001,396.51965
3.206,37.2732
18.84,217.00818
20.26,113.05975
51.35999999999999,159.69673
18.76,209.08798
0.204,278.5522
110.214,200.55646
10.41,323.17807
200.07,217.54507
100.2,344.95065
19.633,304.29324
9.297,100.34153
31.24,75.488365
15.796,242.63582
10.05,167.39052
19.25,69.97939
8562.404,928.167
9.953,101.836006
20.986,113.43177
20.69,57.159313
20.11,72.06862
29.172999999999995,136.99722
337.727,80.742485
120.00699999999999,130.41365
1.003,62.167965
18.927,44.18869
9.246,34.931606
1393.28,43.720318
51.55,970.1513
240.133,98.31352
9.190000000000001,92.83707
29.76,106.46921
30.173,214.88841
80.27999999999999,137.73112
20.76,67.352516
2391.573,258.47
9.89,97.841705
991.543,182.30212
50.63,83.058846
10.56,66.590096
280.103,171.53777
9.806,41.709747
39.766,40.660378
158.507,91.818886
720.177,110.295006
1105.02,1547.6924
30.106,20.262693
9.974,84.21015
30.594,344.16437
121.29,77.181656
159.21,817.029
801.13,466.39224
19.77,224.63951
0.093,46.234142
20.003,145.0317
175.29,919.1158
9.843,85.17707
0.5,101.34217
23.88,57.186012
19.74,265.02393
468.057,281.16574
0.029999999999999995,122.348015
5909.833,1116.4753
470.58,61.957275
0.11,345.0782
1.007,42.629223
20.083,124.9877
0.657,160.87741
39.893,87.798294
262.01,154.75075
20.087,341.7381
89.183,92.61522
0.127,197.61726
10.23,152.64516
99.633,72.82937
0.157,338.46408
4.937,210.9451
11.847,23.176168
1330.047,499.83887
40.197,78.7152
19.663,68.994415
40.477,333.98108
150.85,251.22725
1980.984,958.8179
321.943,259.84085
24.053,92.055
11.31,262.81778
71.877,184.51315
0.127,215.93878
792.967,224.67374
168.367,175.49226
100.944,221.45546
20.21,394.25516
9.163,121.831314
8.39,72.93879
30.87,52.82527
17.61,104.27408
0.86,150.55518
0.377,111.085815
49.713,442.61087
19.774,92.06532
98.853,107.712746
21.62,36.682713
1.58,32.443325
69.98,712.3233
0.187,112.95653
270.847,139.25745
89.39699999999999,101.07013
0.707,116.48535
50.1,59.040283
0.22,43.26218
8.96,35.690495
199.974,110.48295
0.22,239.71152
20.587,22.0939
289.887,84.27908
90.796,81.41309
110.17,122.33913
7.31,47.543114
19.183,122.31441
30.62,144.5142
8.92,32.755093
841.01,631.00696
19.65,78.20623
69.83,714.18774
0.016,33.281315
149.927,212.91159
29.957,210.06181
49.617,114.661606
240.32,161.20155
8.886,57.323006
21.777,57.464886
0.38,128.99997
20.059999999999995,92.72006
20.097,675.8721
20.267,111.4746
19.0,50.7633
67.227,447.47684
7.514,36.612514
8.853,134.42157
0.16999999999999998,208.83736
27.906,89.98461
39.89,239.34975
11.343,159.33743
233.714,226.68175
78.61999999999999,49.013298
55.09,139.43095
30.22,82.62942
30.09,293.11206
410.977,223.19666
18.927,167.71559
0.14,65.79679
8.803,199.64171
28.81,87.23106
4708.33,666.67834
168.76,493.76202
19.62,32.16079
0.44,80.87536
0.033,64.69661
49.953,72.93535
0.3,900.12836
110.034,257.75134
51.69,87.86448
9.91,215.98178
48.61,31.477255
49.613,9.60077
19.174,35.68585
149.76,98.00984
409.72,145.41893
1749.49,75.61131
59.896,70.24512
79.89700000000002,92.542336
19.53,215.41815
0.05999999999999999,753.50635
0.11,29.91905
0.08,9.0079775
49.974,48.90767
20.14,170.68982
19.263,88.68276
40.024,253.4436
3.033,119.3866
21.413,291.32288
10.693,70.065475
49.374,59.288548
10.564,76.435715
549.07,303.2067
3366.39,228.5375
69.84,131.75195
100.384,75.25407
112.13,169.17786
60.297,247.87396
0.957,153.15254
20.483,61.83606
0.28,81.60769
1.27,60.18477
16.133,145.91478
17.003,38.086895
58.223,88.07227
29.583,235.81026
240.76,10.385181
9.303,46.988316
4.306,44.447044
30.95,160.86626
1199.433,640.0627
37.22,103.1772
322.873,76.58013
0.313,51.19782
89.83,245.03064
650.976,206.9817
3101.357,1033.2336
138.65,201.56483
39.267,253.29666
429.337,119.53643
1500.723,239.55322
1461.204,67.8031
8.876,153.57216
0.6269999999999999,72.411415
40.83,354.70978
9.97,132.4987
126.603,209.11858
80.09,117.66238
11.437000000000001,97.84648
11.82,60.339848
0.374,74.631134
190.003,189.48859
170.623,110.61254
19.926999999999996,111.82279
230.45,189.313
70.397,201.58995
20.202999999999996,159.47166
0.11,87.552666
69.667,35.86857
109.973,133.80951
20.043,35.85649
10.017,59.97517
10.917,108.40014
5.370000000000001,43.190434
20.2,185.20036
100.093,354.75446
9.76,167.33272
0.343,235.81026
349.627,157.6697
30.843,39.959858
165.987,103.69116
0.657,17.58271
131.676,82.96387
340.977,529.4563
20.97,138.78902
0.11,32.859653
10.043,367.6398
517.963,49.777664
29.873,564.2492
19.27,108.27948
23.71,374.6562
170.133,151.65291
9.97,17.999275
0.283,11.184187
89.79,288.54007
10.44,52.12239
89.87,211.37624
19.98,76.17541
59.84,208.75015
0.907,179.48355
159.723,220.37677
420.81399999999996,794.7546
79.327,304.724
19.800000000000004,41.407383
22.48,48.13649
9.017,23.641094
80.697,125.29489
40.303,26.354118
560.803,255.65393
20.28,48.5676
10.24,248.86452
149.634,57.882942
49.557,115.437294
140.79,66.250015
9.843,151.3594
19.396,98.58148
39.40699999999999,281.5491
0.953,22.495886
9.953,46.22963
10.413,83.33141
2679.38,309.16806
11.136,60.96501
2616.66,69.39906
483.58,27.903624
20.793,156.72195
0.013,169.89287
40.156,68.54955
29.7,94.49609
0.233,134.27748
431.13,227.4211
321.067,30.730188
2.22,98.82062
40.04,263.25735
7.307,41.01343
9.904,23.4851
299.2,59.5754
19.513,83.61406
25.803,74.39241
19.587,34.404312
19.247,198.54587
151.29,366.2248
15.134,182.25027
19.69,74.324295
1.91,21.245607
50.166,52.950527
11.693,11.407333
10.953,211.76506
9.297,44.408863
9.94,58.908127
0.5,28.47062
690.48,144.46974
129.763,118.90442
20.18,103.54086
11.797,74.49343
20.212999999999997,62.119503
0.029999999999999995,25.415422
154.51,294.33298
31.487,47.86676
18.02,90.91364
950.907,626.39734
0.64,92.417694
39.117,241.83624
9.0,105.9251
89.027,48.84385
522.267,388.43555
179.96,225.84045
60.413,201.51343
0.11,325.7785
30.086,27.923656
0.05,412.70773
10.98,44.82355
1853.63,1060.3833
19.567,100.99251
250.093,158.39317
24.2,191.62857
28.96,62.35129
10.66,49.377144
40.77,102.46926
0.064,56.981976
0.5,44.12437
1160.627,87.253494
29.57,62.112236
51.183,74.03084
90.896,113.973816
19.53,85.17265
0.204,149.00957
350.65,459.0446
1.173,81.87956
7.487,52.487762
157.85,45.581337
7.947,44.47947
11.25,169.10834
8.057,169.89287
19.926,56.916225
40.717,34.612545
9.596,181.74716
1.033,36.110474
123.624,125.45978
219.93,207.99648
19.207,84.70685
11.017000000000001,62.654514
89.73,432.47147
6879.27,204.35646
160.747,96.86742
10.01,29.669752
20.337,101.25974
10.57,110.61254
19.844,134.88615
2221.067,215.29823
49.606,83.5388
70.14,60.490612
1121.073,159.97981
431.077,260.487
230.843,120.80421
62.103,20.86876
10.983,70.89311
12.047,34.99783
0.36,80.33404
29.133,9.089672
20.037,86.20482
0.034,218.23155
25.946,339.6176
20.38,208.6173
0.393,102.236694
410.313,187.58176
19.784000000000002,56.731354
529.594,293.40445
129.523,56.772255
19.527,62.93432
10.233,37.17311
9.234,122.97945
81.71,875.11804
29.18,63.90918
19.347,759.57837
0.237,124.94495
0.047,28.37904
79.914,320.8369
18.69,109.202866
20.053,127.11347
15.234,976.5183
8.717,100.96489
89.847,106.147964
6182.19,1702.6393
240.527,427.30685
730.484,142.59944
0.983,17.261057
0.157,79.629074
59.576,273.1831
109.983,75.22239
40.737,91.97154
49.194,96.37432
602.363,468.61362
24.73,10.289062
31.953,208.00479
73.894,214.9905
29.8,85.25332
50.203,62.712105
679.373,67.55785
1029.9,144.4257
22.817,59.136986
69.03,77.66995
448.457,266.40796
7.947,79.37411
50.134,60.63221
19.7,47.764797
200.067,76.19592
77.543,90.7469
129.66,184.85492
1.91,28.841915
89.063,61.706863
649.073,932.93353
19.837,168.74495
820.17,324.8911
89.996,632.519
139.82000000000002,121.71194
20.277,30.017513
10.29,104.16176
80.47,86.98646
160.90299999999996,83.30719
110.5,182.27614
200.65,333.31573
20.81,58.844265
60.074000000000005,352.55203
1129.827,124.6192
400.794,285.2116
297.957,155.3132
8.8,108.60937
46.774,78.06705
30.887000000000004,75.87823
125.673,106.91697
73.24600000000001,12.557861
132.227,74.835464
29.647,71.299446
60.19,97.32156
19.186,65.18668
18.294,93.90673
19.973,154.10333
22.843,77.30982
0.78,108.27948
68.7,70.43955
9.167,73.62582
40.347,144.51447
86.763,674.818
291.756,175.10748
0.14,135.6008
19.734,117.77034
19.024,243.43298
491.173,85.83251
30.366,61.68507
0.797,66.53649
49.99000000000001,61.185738
220.17,335.78912
460.11,137.87274
30.804,480.0006
19.98,162.40916
194.707,117.87977
9.86,43.931835
20.987,207.17961
9.56,412.77792
1169.65,213.29817
20.993,258.53854
0.174,79.60628
8.663,75.40429
140.48,35.591553
159.856,83.76793
0.0,61.36813
69.23,67.65146
9.78,630.17224
40.186,64.547646
19.06,191.5632
60.0,352.59146
170.17,295.6755
10.34,42.02264
160.646,215.1642
0.144,265.76398
40.22,297.5255
30.314,64.44618
21.436,59.001755
20.663,216.34915
59.903,66.603096
8.644,90.35227
309.597,391.51166
8.857,247.19368
30.727,65.9132
31.547,194.29642
51.827,34.42797
59.876,53.394684
340.083,317.65158
29.603,255.02942
179.794,465.67178
20.033,47.250656
121.25999999999999,712.76086
20.393,143.8229
9.837,242.27179
39.127,32.129704
8425.417,5874.94
0.533,252.99162
619.147,72.15575
19.94,224.15178
10.913,35.994106
30.14,224.67601
299.44,886.1402
139.747,207.5005
1050.14,223.6877
19.494,80.11716
22.487,85.87776
23.314,51.507565
3.754,73.917046
991.3,1183.8418
10.867,119.81887
129.987,114.310295
39.804,54.18917
9.57,80.986435
109.953,43.47529
18.69,29.985634
177.067,92.91026
240.146,341.04083
0.0,65.961
290.817,127.57014
0.954,51.514217
10.043,322.8754
1149.37,37.942257
20.137,205.81824
119.794,162.2258
20.027,32.584312
10.807,35.27424
69.843,63.965088
69.17,66.69816
0.814,50.034264
20.966,103.693954
37.084,43.232395
29.934,134.90492
8008.686,1077.7686
18.44,85.55483
8.947,163.95628
89.246,254.27019
0.85,136.6695
10.986,25.498903
0.7500000000000001,51.001827
10.79,185.95456
18.97,135.59512
310.37,339.07092
0.374,339.38608
10.574,76.77467
409.103,130.00201
29.64,111.66616
48.763,841.333
20.236,64.512085
21.947,45.989517
129.63,37.39674
122.49,85.27712
389.683,375.64243
30.032999999999998,51.103127
160.937,109.07772
1.0,30.629425
9.437,67.11984
19.57,78.340485
17.933,44.706917
220.914,305.7008
1408.49,333.93762
39.777,260.18228
20.16,279.07394
530.26,329.62918
210.26,256.01105
269.79,176.32042
0.83,57.447113
10.126,53.985214
8.016,161.44687
10.843,156.42618
230.616,199.62117
9.973,23.176168
460.013,447.903
73.15299999999999,652.5518
280.09,96.3183
1.58,68.04529
48.7,5281.066
60.353,49.78646
20.846,157.6911
109.466,52.317852
0.123,192.23778
29.07,77.19746
39.307,253.719
41.133,207.9535
19.866,27.925621
19.697,61.557156
39.62,406.90198
1.287,137.89137
0.034,72.06862
19.267,80.31627
19.34,183.8603
0.377,193.9424
228.983,340.61417
479.603,71.52034
221.48,363.21774
131.02,80.485985
20.7,204.00064
389.797,144.34218
18.913,30.122597
30.564,228.24416
0.4060000000000001,92.438225
190.323,245.19444
0.093,243.35574
688.854,209.92763
185.237,32.874653
439.846,199.55084
91.06,222.62354
10.667,59.110443
0.624,118.589905
0.7500000000000001,136.30562
649.907,163.13078
9.223,386.0286
48.407000000000004,62.58527
20.897,85.17265
9.947,347.9954
778.503,40.927753
10.31,33.295986
71.147,253.58412
433.49,133.96413
152.343,1096.7291
9.586,303.49118
1557.393,1644.4584
165.58,64.88006
10.236,203.0712
783.057,303.49118
18.94,130.32582
9.763,70.89311
20.763,137.50142
8.06,126.39103
99.687,57.749725
23.136,74.115295
20.163,90.65065
109.96,179.1408
0.704,126.339134
10.203,74.49751
451.927,682.306
2.35,24.920176
607.09,138.35481
9.744,70.6273
919.427,117.630226
1079.577,603.13745
199.867,154.36447
50.817,195.8619
0.029999999999999995,37.130913
0.186,33.008423
8.57,74.22367
460.22,218.73164
109.353,138.36203
90.03,55.41692
18.197,360.9466
8.977,112.983955
21.044,103.34476
19.977,237.5601
9.900000000000002,74.18756
109.164,61.63807
0.483,94.41865
10.017,150.08714
28.574,148.95778
20.546,56.626976
9.673,103.43374
19.977,36.45378
0.834,79.63129
43.84,150.4314
71.103,64.899574
150.333,96.61945
2019.163,219.89076
29.713,104.884834
31.024000000000004,133.53552
19.61,26.565613
473.297,269.34952
0.784,146.40182
21.71,99.91524
12.073,98.21082
38.937,119.03484
49.793,292.90576
2869.277,254.6867
20.04,80.30885
10.123,132.06009
0.14,152.19504
19.003,55.825516
4041.833,888.9065
0.19,58.096252
19.44,149.71034
89.263,95.29632
9.616999999999999,153.48956
21.15,46.84471
1.083,37.2732
0.67,131.85121
1220.717,189.46265
1060.687,322.2149
49.523,207.71242
9.037,92.57144
208.94,139.29898
38.99999999999999,81.52054
10.18,107.516754
40.79,127.15684
0.42,36.559505
328.377,42.089546
11.26,39.600475
179.967,140.12213
159.513,519.3243
60.113,195.91994
0.0,101.469505
290.136,56.377625
98.967,820.7734
19.9,102.35692
958.083,231.28981
89.70300000000002,137.71797
0.033,85.60066
29.983,65.08488
0.99,72.18618
18.967,146.54596
10.1,102.93066
11.503,34.16291
20.26,160.24667
29.92,215.98544
19.967,134.93594
778.913,145.63695
9.966,89.05557
28.770000000000003,189.8189
19.68,59.00937
41.056,45.197514
50.133,111.40839
355.8,171.29977
10.724,63.31286
460.233,432.56784
21.307,170.8878
90.13,177.24838
0.157,76.39762
1.44,56.959812
10.83,51.19777
11.054,117.69335
1.576,119.74924
299.80300000000005,111.895164
10.057,86.46322
39.943,36.388332
1792.03,261.31024
12.58,39.629517
1.39,80.182976
21.94,48.085583
0.28,70.2569
160.556,69.93442
0.503,72.18618
30.13,64.21529
10.169999999999998,426.55933
119.734,120.07994
50.287,467.59668
40.29,342.85928
461.66,318.38605
88.153,38.80414
80.877,92.872284
9.306,68.42781
159.757,333.46533
29.673,112.166435
69.61999999999999,57.2057
871.573,531.6221
0.237,98.70531
20.003,131.85548
2928.86,306.53445
160.40300000000002,104.39356
119.946,155.27087
0.25,55.786224
7.21,138.19981
8.95,142.8134
329.9,215.85147
9.883,65.68693
80.787,131.34094
130.647,123.45406
0.064,372.91696
6.833,62.6334
119.977,61.9704
59.843,105.131065
20.647,19.885197
20.613,68.05764
9.347,8.94892
47.55,103.97256
59.574,89.865486
8.027,17.501749
449.98,288.15424
8.75,46.206997
6.053,98.190796
50.097,51.553722
19.993,146.95038
9.74,225.35751
300.103,75.68621
11.26,74.15145
19.534,83.54073
0.11,234.37708
289.873,57.917786
9.28,204.22905
20.5,92.98705
0.343,215.98198
48.463,143.22618
28.006,55.81287
0.077,37.2732
1.49,119.87211
129.983,60.442654
0.157,157.91592
39.687,308.86465
15.603,2735.2205
0.033,68.06696
101.963,196.85246
268.793,200.08437
170.137,235.6186
18.44,242.63594
8.234,22.871323
99.54,89.45716
20.12,219.25572
59.917,166.41354
0.894,36.54189
400.067,180.67236
5429.387,1668.9788
20.04,137.87274
20.237,52.95516
10.293,35.30673
9.903,63.097546
9.494,55.738968
11.063,342.96597
10.54,374.8956
160.846,213.24052
274.557,27.937254
12.76,102.5842
880.677,278.83582
21.394,32.2262
90.046,134.65306
13847.823,1219.579
60.873,81.32163
18.44,644.10614
189.9,173.0314
49.793,24.187187
193.397,112.912285
142.65,126.03779
79.447,156.57993
20.716,133.53552
31.123,231.68237
120.0,146.21562
20.233,36.241055
91.69,93.238396
519.147,186.98447
9.83,82.77404
20.273,102.60991
60.887,66.13761
69.914,37.42066
30.26,50.339527
180.013,70.75566
20.573,106.89675
90.274,115.03185
369.63,205.36111
39.43,94.98305
29.94,120.32247
10.73,30.248505
2170.007,141.55113
284.767,452.23798
138.42,96.52004
10.003,414.18036
0.017,32.964607
9.523,76.860886
9.153,124.02728
10.42,95.02877
9.917,26.266178
0.077,33.114532
10.459999999999999,51.866287
21.376,57.7081
19.04,66.00289
9.7,68.42781
379.01,378.24408
9.173,115.10289
19.893,294.9569
80.587,317.43008
18761.463,2471.4885
0.234,43.044468
19.58,162.2195
130.43,113.328606
23.757,62.65899
59.903,52.548683
40.96,78.595184
210.163,247.554
29.877,354.68497
509.8,138.41272
68.873,37.388264
0.097,36.40099
1171.133,492.87967
49.836,313.21466
10.487,35.046864
121.95,149.15398
59.71,567.7509
9.900000000000002,159.04082
20.637,125.912994
30.093,52.91958
21.124,228.30603
11.043,199.64171
104.6,83.60242
9.177,121.6159
64.043,389.0637
9.683,214.35143
10.893,9.311967
19.0,111.36153
8.956,20.856989
1049.83,1477.5868
9.173,23.77462
38.943,368.5505
8.006,78.95942
430.73,42.372173
690.356,83.41125
39.813,46.984516
8.053,55.120144
951.31,37.573368
0.046,49.106026
9.21,68.536476
21.603,123.27346
71.74,29.52716
19.54,32.301517
0.094,66.54852
0.726,68.09217
81.137,227.33708
21.006,58.1794
158.847,1005.5844
141.507,94.505615
10.41,397.59656
482.067,52.648277
82.44,66.75536
29.107,67.82672
20.033,55.495026
23.336,109.71878
280.586,65.093575
140.346,342.3886
0.7,66.53649
10.203,134.99338
290.54,430.28918
0.08,117.4677
0.046,25.084177
9.5,33.17545
9.857,363.98276
540.957,395.5184
9.767,87.067055
9.523,174.33624
1.063,552.501
0.047,412.42676
21.85,45.989517
0.063,216.54611
20.293,119.47668
12.367,188.60754
18.113,29.920818
10.117,111.50879
20.42,93.63367
10.592999999999998,60.147938
19.97,38.602478
20.057,62.136574
10.836,29.872334
68.92,196.17644
78.466,70.25742
0.357,53.329556
40.16400000000001,132.19511
0.8,36.577164
0.05999999999999999,52.990723
69.88,39.13319
280.993,181.7264
20.38,70.46449
911.117,74.05015
169.13,267.5642
29.95,55.719227
199.283,235.8128
9.863,217.10004
20.27,92.46003
899.74,561.2663
21.073,40.108562
10.804,17.501749
119.166,254.22568
98.834,282.28125
10.343,81.315956
50.644,43.23031
0.217,118.473305
910.43,588.85504
20.113,93.19592
1172.923,1563.7452
60.8,47.12403
0.9870000000000001,88.19347
19.103000000000005,79.82465
8.4,96.69889
50.163,294.97238
0.063,31.62643
39.987,62.30085
19.907,215.9796
59.03,210.29286
9.297,67.29449
30.097,50.72494
8.857,86.46322
9.393,35.68585
0.20300000000000004,66.91052
209.62,54.148117
10.94,164.37045
5.794,33.312363
9.143,419.89102
10.18,216.54611
8.347,110.400215
25.407,138.49788
20.553,41.14304
0.127,26.442392
280.72,235.36198
40.167,254.93509
19.713,414.41974
19.294,58.60473
80.073,74.04681
360.73,609.77386
19.107,21.641476
20.954,74.79605
0.093,208.9791
60.503,194.36115
60.1,174.85426
0.029999999999999995,61.557156
19.800000000000004,58.242306
20.137,156.76376
289.423,117.050476
79.083,155.7426
259.99,59.34669
9.37,251.02725
240.533,361.59213
31.534,165.22739
39.603,322.3882
160.433,83.58034
379.723,146.44583
30.377,232.92792
0.0,216.67644
81.337,75.448296
64.957,160.48134
100.124,414.02582
40.073,161.77673
19.26,206.27625
0.833,81.09442
30.827,35.91978
18.864,151.58365
49.897,74.51719
460.30699999999996,1065.2488
0.517,260.76743
9.143,54.790337
849.9730000000001,895.1302
38.607,58.293655
20.014,74.18756
1214.633,1229.6283
357.5,803.93866
1430.527,265.67746
190.19,272.52335
149.22,202.86624
130.6,44.408863
79.603,833.0414
0.156,36.365875
19.727,99.687836
29.676,147.75514
72.08,211.92923
0.063,143.24127
9.487,9.2409115
89.81,668.0136
20.127,66.07783
506.07,327.21042
0.08,74.41655
30.17,136.23706
29.603999999999996,149.69211
10.073,197.61726
509.1,1205.0413
16.757,194.99257
520.503,136.20691
28.39,53.1187
200.566,98.79261
10.169999999999998,63.72747
29.716,60.463543
15.02,1225.2245
18.396000000000004,92.04708
0.157,167.66402
8.746,145.45818
9.987,30.769758
19.793,59.829533
0.08,337.1963
19.19,764.12036
20.483,91.269684
8.92,71.69654
189.493,91.07754
70.403,256.75687
29.98,60.81568
119.94,236.94653
20.013,260.48233
160.117,89.09173
11.292999999999997,162.09877
20.173,79.81744
126.347,110.72954
2461.32,321.40625
39.86,123.23034
89.144,85.39743
9.903,844.5596
130.54,109.95577
0.89,83.58022
30.226,119.74816
19.514000000000003,22.264471
90.537,343.99985
30.02,153.60265
31.299999999999997,31.332424
200.76,370.9945
20.156,31.202261
20.864,125.556625
150.426,253.49492
310.52,69.03928
8.62,116.26429
123.494,176.06909
0.263,65.55666
10.043,84.21015
79.85700000000001,50.89516
7.887,132.5626
9.523,146.63185
0.174,22.645304
9.494,93.014435
9.167,104.35512
4441.06,97.71434
30.377,74.79608
80.58,58.71358
10.517,54.610233
0.124,101.17346
9.297,118.51829
4.697,481.02863
19.93,100.40884
19.413,74.449356
9.49,215.73419
29.593,307.66895
9.34,183.33643
30.503,62.870174
9.82,154.04526
228.15,194.14896
21.377,213.10225
20.61,248.56999
280.553,162.71643
0.204,46.379173
36.220000000000006,76.59304
49.226,90.371826
10.126,79.92254
539.73,310.2039
9.713,603.2774
2950.243,348.5326
510.213,58.218575
50.257,94.08808
20.433,198.15492
40.3,57.37605
489.613,232.4361
10.003,236.32603
69.923,423.16257
59.673,43.342133
170.687,236.12463
0.11,118.6222
20.157,194.77623
147.92,290.48145
40.866,101.15797
12.453,45.27535
1312.243,194.9876
60.357,107.10317
19.58,192.73975
39.933,83.24366
49.286,237.52605
29.41,36.94986
49.707,69.705086
20.034,118.49199
1.03,40.34455
90.293,77.88918
10.016,57.35901
13.847,36.70098
890.007,41.458294
0.923,168.26463
89.07,177.99872
18.473,70.0423
470.153,451.36282
7556.403,632.4926
0.827,36.52424
70.394,63.28933
1659.424,26.048923
229.73700000000002,179.64482
50.967,117.76039
10.376,77.89766
670.193,69.97965
21.37,151.99811
355.873,114.49136
19.456,134.542
69.597,120.20725
219.814,263.3599
10.033000000000001,52.858833
10.783,19.68458
10.82,41.42375
19.54,86.326164
10.38,17.867552
10.056,56.586746
9.0,72.225426
10.307,11.833182
19.53,53.394684
368.927,74.8235
299.667,481.34186
1219.003,68.489395
10.567,26.765215
99.887,19.560848
40.35,227.86192
119.51,40.287502
90.984,114.16456
19.317,61.341614
79.996,98.45444
37.504,236.1439
175.42600000000002,78.37587
0.953,21.147778
30.447,86.24423
19.617,124.17045
10.52,87.61515
70.983,100.09026
19.066,127.76243
29.77,289.9173
241.35,44.641262
79.664,142.50237
10.317000000000002,70.65364
180.48,43.856224
40.67,103.25214
0.827,23.176168
0.67,98.33429
8.41,19.094795
0.034,80.33404
12.04,99.20229
1159.94,71.626305
70.44,87.920746
301.417,138.75755
19.34,124.98296
49.613,105.87314
20.57,116.81351
60.776,86.08018
29.057,34.785114
739.807,173.14262
389.874,107.45814
89.704,89.899895
19.943000000000005,149.68283
0.673,19.28309
271.656,89.16137
219.477,46.845062
30.183,46.98998
18.736,103.283714
4084.91,1058.5573
257.32,42.766815
10.763,94.75702
79.377,49.171764
8.94,247.21661
0.047,31.72739
520.084,526.25494
271.76,299.4019
70.81,93.05208
19.807,80.06941
6.767,63.72792
0.564,51.456482
9.056,71.17063
179.663,223.50803
1197.347,147.79247
19.356999999999996,224.35345
259.983,92.6401
9.067,215.73419
391.16,195.6315
10.093,543.2821
2228.58,2291.3833
18.107,89.29238
9.95,135.28868
31.097,73.401474
0.237,56.176846
50.18,203.09903
9.984,69.892815
310.0830000000001,262.2628
0.97,81.95669
11.440000000000001,65.97685
0.676,12.071198
40.42,449.63004
1480.197,844.5596
0.05999999999999999,80.16753
49.970000000000006,191.38812
7.096,33.299767
10.167,121.2474
19.509999999999998,145.11638
7.679999999999999,34.775024
39.23,129.57014
19.397,55.794346
209.527,68.52314
140.803,413.24545
19.706,107.750374
120.033,263.78284
106.507,56.688564
18.816,146.04524
190.48,104.63557
379.8,327.76196
10.243,41.88724
10.237,65.68693
180.274,414.39575
10.153,193.73903
220.423,93.56632
9.17,65.37304
121.723,82.92326
0.017,134.7904
22.39,195.7488
40.276999999999994,63.64979
14.242999999999999,37.939915
300.797,151.88054
10.057,136.30826
8.89,39.896572
300.793,102.98484
100.823,85.65756
0.05999999999999999,20.037
89.957,191.57147
19.194,79.78138
9.95,49.411877
19.973,61.50417
19.117,137.50946
171.947,90.11866
0.05999999999999999,76.09321
10.277,91.85709
9.18,334.06693
40.734,50.460526
290.537,127.840034
8.946,79.70235
231.36,43.76327
21.01,30.477701
0.36,166.8545
19.913,229.21295
9.974,80.10748
229.456,58.966095
0.20300000000000004,64.57465
230.617,655.81555
1609.353,133.43912
139.91,115.893974
40.807,316.5285
9.74,167.88385
1300.806,733.4052
30.376,165.84036
19.707,93.01205
575.11,323.74222
219.827,199.15625
0.877,73.93294
0.254,134.1733
90.157,190.41393
5.08,117.87977
9.743,549.8762
98.767,273.80383
0.937,51.715496
0.407,79.85653
8.524,76.06914
40.157,48.75459
20.107,66.14749
2608.464,568.912
10.52,188.54745
40.49,107.408394
0.127,81.09991
39.754,154.92274
100.186,69.426186
19.54,357.96793
90.933,55.544537
28.243,169.17046
0.937,66.65599
40.184,69.953094
9.593,69.94091
98.83,80.13778
0.0,81.02331
399.98,297.94562
0.357,39.726894
9.097,84.690056
250.14,59.845036
0.0,153.44337
20.763,173.95227
0.763,178.92906
51.966,66.3925
10.337,116.41025
0.703,32.755093
710.64,218.45111
19.707,38.933273
0.22,21.690592
20.277,52.275925
76.107,125.56009
29.879999999999995,146.4682
9.0,134.1733
110.003,11.916918
119.107,380.21515
0.187,160.87895
3.326,80.01325
150.4,205.89326
8.477,193.5005
20.127,79.64517
19.546,130.16814
0.174,38.903755
19.897,114.001945
1729.54,362.52332
31.54,366.4168
30.54,95.782265
0.123,36.506638
18.947,75.17641
11.083,106.82683
140.633,221.44182
10.364,152.60555
20.607,125.31187
29.96,311.7839
619.803,449.46097
0.313,49.07654
0.376,93.90673
139.05,143.5127
30.817,79.87017
90.687,96.70707
31.393,115.5203
10.09,9.123707
20.206,142.22278
28.426,107.414665
19.837,57.044163
9.577,36.47136
8.927,47.796883
304.27,1026.8611
19.924,135.33072
179.854,392.40424
40.02700000000001,52.997818
40.016,68.28361
13.557,107.30785
29.527,140.89923
0.19,32.65085
231.566,84.19264
11.996999999999998,63.474358
44.48,450.37427
6.673,202.93433
30.014,47.17767
80.723,55.829376
28.71,64.54463
430.586,258.0931
0.22,140.87617
60.28,934.4679
1.19,62.764416
20.014,102.81492
109.923,47.834038
9.854,72.147026
10.406,91.10163
79.846,100.50704
79.464,262.05313
49.647,87.64296
19.737,8.962093
20.737,155.03825
0.187,146.1221
20.583,193.94167
0.157,66.91052
80.51,142.60622
120.106,49.02964
190.107,1070.456
409.654,32.00476
19.04,153.71898
0.046,21.147778
20.89,98.32362
319.55,112.21454
0.077,41.55261
40.0,172.54086
9.707,84.740265
539.726,126.71024
49.073,74.9055
439.8,52.022552
0.534,242.63594
649.916,97.88204
8.177,103.25214
8.46,43.406464
2340.514,163.73708
20.473,97.28599
1.203,53.48141
1567.316,783.06573
88.593,149.28343
59.867,104.03673
230.35,74.847
19.36,155.99306
40.507,102.58299
10.147,129.6738
15.173,215.1797
0.33,33.45264
10.05,87.86294
100.737,92.86833
70.17,549.91626
28.91,221.66103
21.346,162.29105
150.24,205.55885
8.964,87.41697
20.333,168.74495
42.887,24.275505
68.96,190.58287
29.36,121.78026
220.236,46.616695
5.604,143.31828
20.706,747.5551
0.064,83.24729
70.596,325.06985
0.173,81.29065
20.94,37.751793
119.613,227.89859
10.337,30.629425
20.3,131.25424
289.907,127.11347
110.837,71.380356
70.68,72.75202
229.004,139.14418
8672.004,956.2886
58.397,70.877426
69.91000000000001,449.33084
0.39,70.9331
10.9,77.86709
279.823,273.79242
20.967,51.661663
0.076,146.65002
0.453,25.58268
9.4,21.06051
231.06,621.8786
270.53,60.91155
8.927,552.501
7.797,28.940739
20.17,124.18319
77.943,74.932526
19.914,101.73569
0.673,68.909164
230.247,220.16405
10.364,154.18385
60.12,223.205
20.124,64.087135
70.614,26.56237
10.033000000000001,137.57047
51.013,200.49338
20.51,239.34975
49.796,84.11702
26.153,66.0922
40.67,62.078426
81.217,72.83218
98.994,54.505993
9.357,39.091724
28.833,147.12419
60.794,33.555412
2879.127,930.6425
19.75,146.95038
18.357,433.49634
0.187,12.574458
0.107,205.46143
50.954,77.13541
29.503,99.20475
4.4,80.16406
0.047,46.234142
69.913,280.20154
150.887,105.33548
19.56,115.5203
0.347,149.03813
629.817,253.01186
0.11,70.76301
8.943,215.98096
489.89,1191.3136
19.787,123.71655
9.472999999999999,55.803944
0.377,156.26869
200.657,222.4171
29.873,120.13833
373.83,47.49931
19.994,50.984688
9.797,74.47242
29.357,79.644394
8.32,58.1794
62.117,211.9865
1.064,92.168816
29.82,207.97618
40.057,68.139175
1029.257,302.59134
159.933,62.340218
0.20300000000000004,150.56343
107.753,335.0499
21.323,114.341965
89.83600000000001,24.73795
240.16,226.02133
9.837,237.06262
10.169999999999998,103.78384
9.013,172.63521
0.36,59.61523
39.97,4.1000276
21.167,34.140965
19.71,21.54182
38.847,84.28144
0.9870000000000001,90.72617
18.3,198.4625
30.06,260.63254
39.5,193.58714
1.3,80.16406
280.926,115.21093
15.28,73.99932
11.06,97.473854
0.093,212.86934
26.743,28.855156
348.58299999999997,782.304
260.017,79.74771
20.284,527.79706
10.44,36.477264
1.25,36.41858
229.4,164.28142
48.67,133.6697
0.017,72.26468
0.254,65.30979
30.287,112.93224
0.42299999999999993,65.877075
26.257,56.513195
39.863,372.5842
0.5829999999999999,66.53649
179.883,77.20488
29.93,248.18094
560.2,0.9585491
50.373000000000005,126.53234
1.093,81.930954
8.023,25.835596
19.82,57.147015
30.164,199.19807
19.4,74.10997
99.873,70.23373
20.003,122.021416
222.093,186.64313
179.45,275.78906
9.787,422.80438
1.313,28.18026
78.597,167.99768
19.444,21.343893
19.95,350.8009
69.853,38.9765
250.593,153.27504
19.99,69.08239
680.233,101.47539
119.834,537.361
19.987,47.06251
10.613,188.46654
0.174,106.047646
448.874,131.79509
9.947,227.21638
20.630000000000003,175.20432
197.44,58.301117
3832.987,366.72495
30.174000000000003,43.48937
8.766999999999998,25.937012
949.707,633.5273
100.62,89.223694
119.89000000000001,361.88327
390.003,79.31624
91.017,51.44962
70.43,196.44083
89.73,87.71845
19.18,116.812614
19.653,38.32066
20.527,121.054016
18.977,150.55518
208.99699999999999,112.74256
15.02,118.8664
180.117,167.21214
59.75,31.470642
90.024,210.12914
38.744,115.435844
141.73000000000002,93.6832
7.707,21.442629
79.227,207.35884
19.35,131.39388
129.81,201.87144
359.95,171.52411
270.25,50.20478
0.376,33.125813
10.56,37.511852
10.65,254.88882
10.564,64.85863
20.08,162.91907
0.28,116.245094
8.917,52.00078
40.103,274.0121
0.55,49.044003
8.173,149.69603
0.186,126.54227
173.54,57.818325
0.0,37.409687
101.83,118.4863
770.313,663.5138
8.673,72.18618
101.097,199.1432
0.614,82.71369
1390.5,284.32306
89.52999999999999,50.458553
28.997,118.678986
131.173,1102.0269
169.95,211.0266
39.483,146.80336
21.12,33.83125
9.883,107.951256
9.243,135.28868
19.917,207.16283
80.263,32.63357
19.723,212.5002
0.517,80.08237
418.8140000000001,168.36322
9.484,62.302364
0.14,37.139317
59.994,127.348206
10.193,256.90475
180.42,358.0156
109.986,155.45694
70.06,41.22805
68.516,117.77617
16.937,248.88397
9.89,61.40199
9.833,36.577164
0.123,58.1794
28.977,188.83394
150.213,27.314966
19.3,234.18472
239.207,163.55556
78.34,100.78872
0.033,30.33852
110.15,66.12656
282.277,156.77293
0.39,76.75155
1.33,342.40027
78.607,82.96561
11.273,89.908875
0.436,94.5816
39.82,79.77579
0.4060000000000001,93.90673
27.994,33.286156
219.063,641.6235
517.85,373.05243
31.047,192.47932
90.053,82.1587
10.013,55.718616
51.023,136.04816
110.113,199.9865
4.283,179.69604
20.333,291.96506
1.084,74.0133
8.287,266.03958
389.93,66.179985
19.863,61.221184
8.19,157.45413
0.063,216.20468
19.847,206.77596
0.187,44.973507
49.877,582.4082
9.51,34.19328
504.653,267.5512
190.093,59.815296
44.14,24.116112
11.237,51.328842
119.484,582.3756
11.06,91.04769
0.39,81.98238
10.063,149.71034
19.947,255.96901
9.724,64.78576
10.807,119.81887
19.52,143.21326
8.464,133.5498
189.743,203.70879
10.16,73.96925
0.237,157.96422
31.053,104.80907
440.063,509.43463
0.936,154.16081
10.93,75.40429
8.573,67.66487
780.3,648.5606
0.28,47.135696
399.513,290.8462
40.08,210.36673
410.017,129.55803
10.093,88.97844
19.897,52.926098
72.19,288.26382
24.603,268.4655
20.237,80.413414
0.577,77.23949
0.033,25.249258
0.593,80.511986
11.034,51.17917
0.83,79.78138
562.067,143.38112
21.99,124.93344
30.04,149.60194
299.72,54.52572
68.56,53.310135
0.077,93.50866
39.723,75.041
169.62,86.62797
71.37,199.71054
98.81,231.63148
32.396,271.91226
29.663,98.289406
59.92,131.07452
12.027,43.80391
509.953,94.06888
18.577,29.264671
111.033,224.36081
20.36,304.05112
75.993,93.28351
29.856,72.51632
64.19,148.57089
0.33,33.38759
19.64,85.22481
10.913,301.07327
9.017,135.74161
7.27,22.495886
71.107,91.96516
279.71,221.8575
333.683,120.69741
10.48,121.36337
6.707,66.12757
510.076,738.6258
0.32700000000000007,24.920176
11.103,382.35098
1.063,117.7324
19.91,75.894806
10.163,53.33565
6.274,21.343893
78.657,120.89293
20.87,176.90005
319.757,69.7776
10.27,87.83434
9.116,64.80334
9.887,216.50484
0.08,68.893456
10.627,29.686
29.544,51.298576
9.737,50.178436
10.293,222.61888
91.88,584.7515
61.086,210.45102
0.25,264.91885
17.216,107.68913
9.5,212.62259
10.377,21.6649
0.077,30.629425
20.19,67.86464
105.45,113.84214
10.093,68.14226
8.964,125.69702
59.813,42.070423
9.67,312.4412
8.577,182.34534
89.84,74.54656
0.0,20.44872
1.0970000000000002,215.98178
1099.983,734.02155
3770.713,243.33377
31.204,87.04929
60.267,115.82977
20.766999999999996,483.636
19.99,233.6635
405.137,89.41679
20.164,20.138872
159.617,51.645977
9.49,56.88212
9.23,36.08514
9.0,245.78049
10.19,184.16013
70.16000000000001,57.56952
43.32,237.92282
63.85,700.9752
19.143,65.25805
154.083,99.59013
24.367,75.0792
212.103,166.35005
2382.86,741.0292
9.407,120.66857
129.484,89.888054
17.657,93.68288
19.466,36.733593
10.277,81.80873
20.073,149.03813
219.937,262.2941
171.17,294.8936
110.59,192.22093
328.893,203.64058
60.047,133.02243
1.263,102.85815
20.52,89.31532
89.563,283.89194
1.267,51.17917
10.693,79.22402
15641.283,6032.4385
122.224,72.326866
60.157,331.56448
9431.457,4256.048
60.133,131.13818
235.883,496.54364
119.954,313.64822
0.827,93.50866
11.113,61.125763
11.22,213.69162
39.583,60.012833
29.837,106.74557
4927.16,453.59485
19.907,25.766157
28.666,149.08374
0.21600000000000003,33.241688
19.793,55.071354
8.84,65.30979
261.824,272.84576
3650.7200000000003,1944.8154
8.697,81.06707
60.146,166.0987
29.656,130.9098
50.496,75.204346
0.61,146.54192
0.377,161.51608
11.28,79.50647
22005.4,1429.7369
141.89,162.66055
20.59,83.61974
20.153,118.37695
31.374,29.027737
51.216,293.8472
10.333,148.52992
70.014,278.9317
0.767,67.66487
11.217,69.10764
509.533,316.19128
9.78,38.564728
49.27,74.27325
60.457,63.604584
0.314,69.83161
0.797,252.05504
60.317,351.93774
42.167,150.33028
8.787,79.00899
21.13,102.10839
33.99,48.083702
139.467,46.84471
1724.294,155.90233
782.72,189.24629
0.487,340.9447
18.844,119.800575
310.07,225.20122
207.10300000000004,262.55118
19.853,157.2538
0.047,87.89051
17.31,98.111084
9.59,59.044125
19.854,71.07075
391.03,742.10864
0.52,40.797493
17.906,79.481476
0.5,42.886723
9.797,128.29993
50.047,190.5535
8.912999999999998,67.18725
30.26,224.30331
19.097000000000005,29.249716
8.686,40.199635
119.197,131.85548
0.343,143.5127
0.11,82.033806
290.483,34.616207
362.073,584.5999
20.173,28.300198
51.01,396.65842
129.893,346.49173
30.287,213.70657
68.907,25.556326
139.81,57.68743
9.616999999999999,46.98956
59.877,108.55515
9.306,360.36203
3480.364,155.52563
1076.37,66.19498
119.14,362.40295
30.833,195.6364
100.617,173.50891
180.126,121.408325
12.5,231.66296
8.81,34.16291
119.7,67.64948
29.52,111.633896
9.88,74.440926
70.73,9.359631
568.687,226.15149
20.25,304.43167
50.267,5.4075646
9.883,213.40152
5.75,21.343893
68.72,58.5702
19.747,67.572685
0.11,24.83856
0.11,40.225563
0.33,23.879972
120.133,163.63838
20.997,159.69022
21.123,51.828884
0.267,20.44872
10.456000000000001,20.44872
0.673,49.294636
0.156,76.10408
11.15,72.322464
159.107,93.84572
20.727,168.83463
21.024,294.9569
309.29,120.899025
19.03,101.21498
10.177000000000001,830.89844
0.466,34.42797
195.733,166.14851
40.337,189.2987
18.950000000000003,27.89562
9.332999999999998,71.47009
29.893,171.14937
19.29,145.64969
9.53,188.93222
20.0,120.727196
0.064,217.72385
0.093,69.40575
79.72399999999999,123.9887
40.464,117.86923
5.603,48.668144
170.03,89.59576
130.647,133.72234
19.194,261.23193
17.550000000000004,189.12569
49.197,199.85823
309.673,56.65637
531.107,296.54938
129.844,165.28981
49.88,43.787304
21.023,29.551546
127.763,307.82983
22.85,65.37304
18.893,215.95709
9.36,130.15492
11.36,102.622505
19.797,95.358925
319.203,135.30783
0.19,130.01202
12.097,100.756615
20.137,81.62338
9.463,152.6935
206.204,57.786526
80.443,23.431679
10.007,21.787539
110.30999999999999,252.40564
120.53,279.92142
149.727,155.65022
80.6,236.36847
79.6,204.92336
10.29,137.40819
99.99,4.887665
9.703,22.273573
0.16999999999999998,22.947151
3669.48,207.73987
10.26,223.89787
10.353,102.21005
60.744,70.14417
80.154,119.16933
130.01,128.08492
19.744,151.13297
181.343,57.95441
19.807,324.0556
30.817,27.894745
71.217,236.37552
0.123,69.94091
19.813,229.60658
19.983,193.89989
389.817,287.21985
50.25,368.37494
129.824,77.97592
1.35,274.23743
74.394,91.51313
62.13,93.98973
15.623,124.08269
2274.276,752.2824
0.029999999999999995,88.48902
49.356,92.71732
280.363,88.49378
0.11,361.56488
390.01,226.03922
0.013,832.7727
0.046,17.664068
6.044,161.54654
39.466,186.96565
0.797,48.40334
9.58,66.91052
0.533,25.002039
220.05,64.50898
30.113,157.93008
1710.827,181.44884
19.926999999999996,21.835953
6080.057,380.36896
81.3,29.423702
309.954,93.51418
9.186999999999998,68.893456
30.52,42.413097
0.597,17.993206
9.947,191.79987
0.047,68.04529
218.25,433.85873
20.033,57.9994
9.052999999999999,62.996017
180.193,58.694244
0.674,270.2864
159.993,362.1139
0.28,89.9799
19.823,161.31888
20.61,368.86685
129.93,131.21796
2360.223,977.171
32.567,24.595375
209.677,200.57593
0.0,75.938896
0.657,68.04529
1.067,332.7214
11.117,80.04492
79.806,18.98101
868.8029999999999,547.7368
69.137,167.5794
20.329999999999995,84.74059
8.35,92.168816
0.86,96.37432
7.92,22.570469
9.52,80.08237
19.666,68.71028
7.67,88.64616
9.793,270.0949
199.9,109.90018
5559.724,281.12335
10.2,72.42186
0.53,54.89622
540.81,172.95422
30.606,77.19322
3709.927,859.97687
20.006,112.38695
0.267,79.806366
10.227,131.58264
9.17,168.10014
160.933,189.30045
49.286,43.677094
489.26,108.86725
101.157,289.29422
2291.95,281.8104
28.73,31.334248
31.32,163.82849
110.263,354.56143
0.124,121.2474
6.653,165.5106
1589.9659999999997,227.73326
19.507,81.75119
19.74,27.242569
30.79,125.36736
260.79,448.70932
0.017,74.134094
0.029999999999999995,81.045204
19.296,24.93388
30.273,273.3213
347.034,302.9165
239.493,424.63184
20.069999999999997,99.6403
30.417,113.22663
19.437,273.7142
39.574,32.16079
21.12,10.881297
17.057,100.12468
19.843,69.001434
19.897,333.77203
41.10699999999999,46.2945
30.146,166.83557
0.503,84.10974
169.843,62.731987
1064.75,456.9935
89.95,120.55944
20.144,85.46304
20.153,77.36147
20.097,83.58022
29.663,72.77556
0.233,118.578415
219.847,207.52061
101.803,865.6355
20.476,75.485756
14.514,684.5906
18.110000000000003,251.71312
0.74,126.02228
20.097,112.429855
0.05999999999999999,63.968437
9.64,49.43245
29.713,109.47666
20.787,50.15047
7.933,62.536407
20.2,701.8586
709.66,52.117355
39.03,154.0766
0.92,81.21419
18.15,81.077995
40.02300000000001,102.0178
1.014,56.805565
19.89,62.453796
39.703,169.37506
10.023,267.14566
310.397,48.703148
0.83,79.88158
37.60999999999999,273.08575
49.71,28.481232
0.07,7.2584753
379.844,243.24951
10.83,123.73295
10.383,74.54177
40.064,62.171665
760.9,160.98781
71.443,110.688866
49.933,201.75557
0.267,22.421526
10.403,168.64653
6.06,103.05636
400.867,89.97711
9.983,59.661537
90.22,100.08694
0.267,69.15714
11.09,155.99306
11.367,22.671207
9.613000000000001,90.0329
20.376,74.51187
9.43,36.790863
139.027,294.55438
38.544,50.045696
59.893,120.28326
570.14,69.40212
1392.12,44.70292
19.594,293.16837
199.907,132.60437
10.776,125.62615
10.617,87.75271
0.937,102.93066
1.19,189.8189
69.857,92.9477
18.093,169.00243
2409.353,66.929375
15.093,83.6028
39.657,56.407204
870.313,177.78758
397.65,24.395527
0.046,21.06051
2059.997,191.0255
360.153,312.49515
19.857,57.505096
11.073,93.39728
0.237,54.7918
10.214,200.78477
40.67,134.2734
19.14,28.65189
119.093,262.0479
30.61,35.484703
1321.13,83.305855
0.013,75.15466
40.08,347.38773
9.31,139.75626
10.277,62.294724
235.76,117.435165
11.25,47.17376
408.274,153.3805
10.77,217.74498
49.687,92.811
31.38,64.20808
381.11,129.82304
59.93300000000001,57.5991
8.34,145.45818
220.10399999999998,61.440903
9.353,210.04114
0.093,171.04149
360.123,100.695114
139.283,272.7722
128.75,226.3729
160.713,123.50005
1684.446,768.4278
9.68,37.95008
0.56,80.182976
31.096,151.41571
19.047,73.93294
8.31,254.9709
10.4,18.553865
9.527,393.89902
21.5,155.93875
10.203,76.64125
40.347,519.3109
29.223,151.50859
48.78,205.40726
49.85300000000001,61.19997
6.88,102.880455
0.263,394.49307
0.33,36.718674
170.31,347.30643
0.11,52.95516
4.176,74.942474
19.964,97.42223
309.397,225.10138
109.137,151.15271
0.233,99.008934
180.537,175.16208
80.08,95.69237
39.954,79.490135
18.797,193.40561
71.243,201.60289
35.24,57.956463
240.813,97.960075
319.464,47.127213
0.093,43.39092
0.127,17.745766
0.11,56.959812
20.653,127.693375
21.107,81.11086
30.177,226.3628
91.05,115.76856
48.593,180.16646
9.423,36.40099
1.0,211.444
6.283000000000001,80.38451
20.55,109.60326
1010.63,271.27963
534.647,3387.7551
310.084,71.198166
10.103,251.39565
1360.977,183.12556
769.527,109.18439
50.783,110.24204
10.963,24.037146
9.329999999999998,22.305544
60.047,374.98898
60.82,190.9601
0.187,87.30905
19.807,255.4265
0.33,88.62088
60.786,76.79199
80.367,81.11206
18.114000000000004,166.35638
8.657,9.0079775
20.353,58.580746
0.42,217.64915
10.11,103.07072
0.047,72.60033
20.26,147.85562
389.846,96.00327
210.82,50.66727
50.06,82.50754
1.034,66.39382
19.9,270.58347
10.997,274.38733
19.116,74.18756
1.14,80.08237
129.787,56.707806
21.35,120.29343
149.614,44.724464
8.853,109.976776
0.047,29.686
29.72,324.41052
120.87,588.5571
60.32,145.93501
1.11,20.953474
8.287,62.779415
61.29,59.36956
2413.0,1145.4186
29.826,78.692726
10.186,246.97502
18.263000000000005,45.295643
9.984,187.87224
43.054,62.600197
29.81,62.764416
519.94,102.66195
99.657,16.391945
120.036,47.873924
70.037,81.503365
1590.207,28.097952
66.077,153.17543
170.64,363.4021
1376.04,1420.1775
249.377,86.16703
0.0,119.86283
610.567,66.78072
10.48,100.07803
200.327,60.16403
8.843,79.50647
1511.5,113.32844
9.406,40.95169
20.183,156.36961
103.6,62.96209
9.317,75.04131
130.843,79.15692
3.767,97.87572
99.97,4602.5376
269.977,105.659294
669.423,343.5337
239.42,81.134445
39.643,91.417915
0.297,67.294525
2.076,821.70154
9.92,205.18008
309.457,272.4674
128.57,213.6037
0.187,65.961
364.717,49.53535
149.79,1616.0865
9.63,133.87877
41.64,167.84889
61.614,59.38645
0.343,24.115328
58.92,271.90924
239.923,130.42094
1370.073,10.086071
0.0,81.905235
11.04,149.03731
290.1,178.4895
39.66,109.5141
287.483,201.15518
9.78,36.110474
20.43,178.81374
0.14,119.4467
18.92,53.42677
10.15,102.46122
10.134,227.1636
9.587,83.66487
179.823,474.7217
9.84,47.126537
0.127,24.037146
1.313,153.48956
19.046,223.24458
10.86,34.626926
170.44,441.11523
19.576,335.9679
20.487000000000002,99.29653
0.974,79.481476
18.23,157.11916
540.124,193.55574
20.6,295.5296
100.404,63.396244
20.007,83.29233
21.814,66.0922
4.467,98.22446
20.467,165.44673
29.807,225.01244
19.986,64.78576
0.013,109.40775
28.967,394.99954
9.033,72.364815
19.257,55.561245
660.343,7510.063
0.284,104.59364
16.046,343.34152
19.617,164.1437
9.63,73.43198
38.127,32.509514
8.99,99.895706
489.803,645.32605
28.704,207.19131
329.927,229.284
579.887,398.73456
179.66,601.0636
9.82,254.70297
19.09,365.45093
37.453,24.514854
219.903,130.81622
119.75700000000002,161.09009
20.39,78.64973
37.49,107.1021
110.024,211.63051
230.01,185.56395
8.816,25.426968
10.7,98.05087
39.9,59.36715
99.41,401.75412
40.657,134.43498
90.55700000000002,102.812195
130.027,233.36394
9.647,39.207314
19.193,245.25798
0.11,59.797787
16.19,88.871895
130.44,204.11656
161.417,181.1044
10.556,102.43439
17.503,72.097466
19.553,165.6377
198.32,405.53436
4045.694,207.35088
9.677,70.0658
9.47,18.160099
370.32,153.14499
50.547,74.115295
210.93,288.38028
0.077,62.937634
39.577,419.82394
19.614,101.86706
9.673,55.544537
9.86,35.30673
1.534,184.0776
20.143,77.314354
10.946,70.9331
130.29,161.61652
0.093,66.69677
209.267,282.37335
41.114,106.87511
90.23,219.85358
29.337,64.1062
10.7,39.629517
19.867,42.614254
0.503,38.22424
140.543,151.2299
9.273,83.90122
15155.01,13742.499
11.67,122.78885
4.683,80.77757
19.83,48.723194
279.426,732.1215
149.43,93.94925
21.007,59.857655
9.904,102.157295
1960.53,57.182392
0.047,223.6606
21.5,180.10364
8.927,102.0441
20.097,235.73373
20.212999999999997,216.80753
0.517,43.327724
19.074,217.48918
10.367,81.10539
0.424,77.064705
1010.267,215.70453
2621.124,206.15208
60.28,338.9014
18.4,149.38474
10.07,53.97936
50.55,184.17026
39.44,87.98413
900.366,103.67849
210.03,214.08481
31.546,755.3904
20.477,135.08217
729.573,223.02625
109.933,214.78967
287.903,171.04149
39.623,3.6559834
13.483,33.416214
0.734,69.15727
0.217,82.343124
63.26,396.68423
18.22,92.402534
18.2,17.664068
19.553,184.16013
210.82,253.77234
0.953,143.22998
119.373,296.73148
20.355999999999998,177.19107
89.497,93.992805
10.1,231.74112
9.98,134.16438
20.017,85.66438
3661.04,817.47516
10.75,115.39227
1729.963,292.72327
60.073,98.61585
14.17,69.111855
0.0,30.629425
9.83,20.760956
719.793,83.33803
28.767,167.52888
790.28,66.32579
50.307,79.02473
69.403,31.41502
59.39300000000001,81.46831
1180.217,48.78513
0.657,156.0617
18.583,148.14865
19.397,77.339615
129.99,56.454952
429.82,211.11612
29.12,572.0995
19.877,259.4513
899.123,293.73633
10.883,156.89333
290.107,76.164185
21.052999999999997,90.38102
9.887,59.661556
0.516,78.038536
370.043,93.12489
6031.096,170.84746
9.766,191.35536
23.307,154.18385
20.916000000000004,140.49316
288.697,122.733246
1155.177,44.951836
0.16999999999999998,68.886856
202.593,188.4592
10.12,178.32971
0.453,56.00001
601.017,211.3643
19.86,38.073967
0.047,24.764734
320.07,242.78516
9.957,33.591656
0.22,56.34161
109.25,78.9579
10.78,128.13957
10.459999999999999,78.76784
10.77,46.361084
0.174,43.995926
18.743,291.84073
59.307,27.110556
2275.186,43.57074
19.63,584.7515
70.56,202.72795
0.47,937.518
10.267,82.77404
189.934,326.30084
49.61,89.50725
19.784000000000002,237.58824
40.073,134.247
28.856,47.873924
10.133,188.78012
78.86999999999999,81.32871
80.076,99.49433
61.287,118.030556
9.91,81.050674
0.847,80.48736
29.13,83.49772
6.426,21.610798
0.0,54.19232
5.347,64.00727
169.89,57.08151
19.787,126.91987
7.763,21.610836
140.98,85.7258
71.433,92.600624
20.783000000000005,52.75811
10.067,73.01619
20.004,87.63608
190.226,206.45935
30.602999999999998,90.052765
109.987,381.81744
10.017,105.264404
27.940000000000005,291.8683
299.877,271.40866
9.060000000000002,96.34372
11.88,17.917624
120.654,50.314007
9.763,121.05763
79.997,42.86307
69.316,123.61114
200.20699999999997,8.673948
19.71,128.8038
0.05,83.23706
180.387,425.92157
10.903,41.404995
19.937000000000005,68.36958
60.507,150.1478
11.944,105.29073
804.693,795.83954
9.707,32.452675
120.673,218.2308
20.069999999999997,197.08945
225.84,153.95901
30.427,137.53447
15.67,52.85672
41.133,234.74756
10.007,92.61522
400.203,87.253426
11.733,193.94147
0.157,37.34231
20.18,75.554436
19.223,98.23759
19.777,219.4835
39.754,107.5667
190.23,46.30958
531.157,415.6085
261.967,36.919353
1100.06,267.19397
510.524,3366.744
0.466,67.66487
19.69,92.944725
0.394,563.8133
8.89,79.656296
0.356,80.30885
10.026,64.13596
99.46,84.41719
60.09400000000001,102.32628
391.58,107.17234
59.843,110.265274
890.537,351.48343
21.07,339.34637
19.956,118.269035
154.126,59.094795
114.047,105.45825
9.609999999999998,114.23935
10.4,29.93472
171.27,1154.3304
9.126,52.386944
860.113,114.93458
110.257,328.9972
280.6,17.14711
1041.05,316.8278
58.583,120.7436
10.373,129.1375
20.007,217.62573
39.837,90.2501
0.11,66.61438
0.127,413.75897
60.017,293.88486
19.773,47.543114
10.667,193.23315
20.376,342.13727
358.507,266.8875
811.884,132.67928
630.557,58.059757
181.217,217.26424
188.213,50.13819
20.047,171.89778
20.08,163.69766
0.47,91.962975
20.107,48.668144
0.076,217.14893
699.554,628.7963
70.35,0.9148556
20.057,68.03752
39.926,156.64572
10.85,267.62576
9.076,182.56093
11.05,99.895706
110.36,55.590992
0.077,128.17064
40.124,189.0744
0.89,21.690573
1.613,43.145813
428.44,1209.2422
89.33,259.24713
1.19,72.154236
1010.38,2350.7468
9.363,363.98276
6035.313,709.6128
49.873,142.06422
20.03,212.9444
0.297,21.452124
419.787,189.11179
19.453,728.6554
550.57,330.51193
20.503,323.17807
8.087,115.63928
21.83,981.8894
79.48,218.78845
0.436,77.543976
260.043,183.36897
80.0,110.628944
7.957,60.697655
79.353,25.05406
0.187,32.82647
38.09,297.69147
139.564,233.34062
20.547,118.14915
370.064,41.057487
9.426,98.58148
79.884,32.962223
89.646,158.768
40.246,43.27137
169.243,59.58085
9.916,93.459526
11.31,55.344917
10.92,97.050385
10.63,53.767517
681.917,210.74477
9.084,76.56441
9.22,22.146671
180.056,227.8144
979.256,353.4321
39.913,242.31522
10.657,138.90956
20.387,34.19854
840.557,262.77374
19.2,238.51428
9.654,32.032238
80.587,51.527782
9.693,65.18668
9.714,51.17825
47.51,99.34986
39.133,155.99306
9.86,74.70013
9.837,98.04456
41.717,82.66803
100.626,90.7374
109.956,114.3692
290.413,251.84595
39.793,104.76882
121.307,51.47212
6.204,100.07803
19.187,40.34455
19.36,42.797615
190.297,71.33756
22.67,99.32691
12.027,250.05086
10.247,87.64793
19.304,351.73358
168.85,151.46042
120.41,252.64093
9.537,69.58828
90.084,149.53285
0.173,92.84824
62.436,49.8119
0.61,155.99306
452.983,191.48622
41.43,85.55483
30.373,41.098717
9.203,82.343124
19.507,50.998234
49.623,58.536537
107.76400000000001,235.58594
69.227,82.8677
100.156,249.33963
592.02,157.56464
20.69,58.303524
60.42,144.42076
420.704,83.353584
79.923,167.8024
20.54,53.258003
21.25,146.37401
28.88,130.57303
0.69,48.123817
30.106,227.38286
0.7500000000000001,125.02935
10.677,47.014236
847.767,47.625664
560.0,287.40015
20.86,112.74256
61.223,263.0104
0.124,129.2117
10.577,75.42491
80.463,9.113343
8.923,83.506966
250.16,61.30034
19.64,68.32652
0.156,87.75271
2699.956,479.61176
1173.917,344.58728
767.633,212.47058
10.614,43.931835
0.123,182.34534
170.12,222.81627
30.047000000000004,105.62523
29.916,131.35999
180.22300000000004,429.08154
529.093,138.8476
29.63,102.80216
639.577,159.39319
281.59,81.80064
640.333,129.41911
20.03,20.760956
19.217,128.36504
100.426,80.65594
19.914,30.210537
9.04,31.62643
69.384,601.3027
70.0,344.33902
8.976,51.268562
109.773,78.25257
41.577,29.232956
69.863,90.0666
279.23,171.59795
134.263,62.16199
59.607,224.78271
20.09,291.8737
9.117,30.886038
193.497,940.19446
20.56,64.12121
110.087,115.718994
310.147,108.099205
1.61,204.05064
9.923,102.35692
10.48,36.34582
109.103,289.15317
360.216,48.10191
2200.63,246.52213
150.7,89.81347
10.627,87.203674
0.326,63.87678
40.31,138.8043
1441.653,143.48318
447.596,208.30563
361.047,125.92729
19.13,133.50919
16.74,46.10075
20.2,216.47536
909.92,80.24724
10.27,70.58901
2159.607,117.82453
8.07,72.53168
9.94,106.19799
16.75,106.589935
79.76,174.9928
40.463,158.07306
20.38,152.8113
20.81,783.7717
0.034,143.8229
0.703,21.756865
21.277,266.33093
49.56,56.37972
30.82,62.85823
8.294,74.29534
94.137,132.71887
0.187,34.30272
19.034,107.94592
10.156,12.4785595
9.797,40.134434
9.947,92.6746
20.24,58.15905
1.187,215.97295
206.717,525.5042
980.037,255.79883
171.04,146.86763
125.09,104.575195
10.66,52.12239
11.39,44.54432
0.063,62.183735
0.547,51.456482
0.047,65.52746
2809.8169999999996,308.14307
1830.014,58.712067
231.25599999999997,366.0174
0.923,86.834076
19.81,75.211586
440.06,210.58981
0.19,68.659195
20.71,162.91891
30.117,46.17079
61.087,343.1849
19.733,358.13153
38.623,64.81407
70.8,211.5673
40.667,94.80764
1230.037,229.16214
50.056,63.67544
60.74,229.80933
18.917,64.1138
110.91,225.79782
90.497,78.65844
19.284,151.3594
41.34,117.01682
9.603,184.0776
1.193,61.629307
40.547000000000004,158.01968
8.52,87.91811
1.007,19.935665
0.2,183.42603
0.207,84.8658
0.483,190.3407
1237.667,205.72154
60.72,80.6106
8.217,87.89051
219.77,68.092224
0.013,89.10507
580.867,285.95325
9.967,46.234142
89.61,73.98911
117.74,14.506501
10.194,132.74998
9.697,150.76624
20.0,76.56441
1649.633,1139.6576
21.843,132.88554
2084.054,59.751373
163.697,2365.3896
9.543,134.73297
26.71,208.81425
9.766,29.914003
20.317,57.875977
11.06,33.687744
9.88,79.23246
0.046,17.023695
260.207,61.272793
9.303,257.75134
160.723,216.31642
10.307,30.18549
79.127,176.25432
0.58,92.62921
19.793,106.00193
9.713,87.91811
20.636000000000003,109.881096
10.026999999999997,68.536476
30.29,151.48659
59.306,92.91406
80.34,57.842342
29.633,90.90819
20.24,119.858604
2029.473,2104.1704
10.44,286.16367
40.207,153.21175
629.06,123.67828
0.20300000000000004,73.4833
29.924,237.29204
0.127,32.82647
9.900000000000002,29.439407
20.113,23.37137
5.483,52.734455
9.87,55.79613
421.12,317.05032
25.76,92.87629
20.62,208.79626
0.733,32.81535
40.387,194.29642
0.157,23.431679
505.077,197.22614
269.943,230.9839
0.453,55.825516
1060.907,903.6203
20.796,84.70685
20.95,79.615814
29.533,47.259182
19.997,31.494986
40.507,219.73462
139.937,123.34194
19.963,78.42981
28.66,172.33089
12.874,124.10947
9.657,57.647217
0.284,31.2257
10.244,303.84808
180.073,233.85219
12.304,62.41852
0.16999999999999998,51.131138
170.153,76.813835
280.326,129.73265
109.92699999999999,76.032005
18.89,31.17761
418.594,58.312023
898.5929999999998,76.44922
69.73700000000001,72.02042
40.444,37.427376
129.88,205.70389
49.473,56.733135
9.733,134.41098
60.947,370.02686
93.014,538.2437
300.243,366.91498
70.48,294.52304
260.697,301.80896
38.636,274.01315
10.84,110.6283
89.233,65.50143
39.843,133.07039
29.773,74.356186
58.25300000000001,194.34732
