actual,predicted
1.5329999999999997,62.828693
64.373,196.46748
9.393,142.9202
0.267,1.554896
520.12,100.19311
11652.130000000001,100.83644
419.49300000000005,868.3312
29.736,213.67897
37.673,0.78935134
560.646,88.87811
49.573,81.31286
9.957,271.64487
69.733,141.1601
89.184,45.891247
4950.42,1242.8214
20.057,159.11177
20.053,4.841182
10.04,69.63833
0.11,66.50475
0.093,115.19317
130.143,144.04828
38.986,416.15073
38.443,146.71579
40.797,222.65271
10.536,50.738495
0.66,80.17884
37.047,92.898895
59.98,148.78113
10.61,164.52324
72.68,35.13053
59.81600000000001,421.45416
0.28,87.20632
10.777,94.00565
409.814,825.9711
90.627,217.28024
10.28,0.45504725
10.673,184.40346
19.734,7.0944695
0.216,120.2494
20.773,131.20937
42.873,213.83635
19.74,172.51617
10.027,0.16453092
9.8,93.35045
79.427,261.90872
9.807,94.95806
0.9700000000000001,98.04401
9.22,4.787854
9.017,0.41729295
19.757,173.11644
1429.937,498.5345
18.836,66.90966
40.26,173.49234
0.14,84.112144
8.673,104.99502
0.107,86.83884
1599.84,387.34805
30.759999999999998,58.75041
180.89699999999996,362.30008
50.703,55.082214
9.907,0.04899476
9.363,5.959128
0.267,1.1039691
19.424,93.919624
0.47,0.19926953
23.483,144.58453
19.79,93.65961
10.883,67.07189
69.9,608.77924
100.023,192.14105
0.05,102.071236
20.093,650.7284
9.98,101.59479
1.207,51.703182
10.18,0.8700479
19.994,80.96109
10.85,344.28702
105.36,637.49023
9.257,70.59446
9.24,122.68743
39.987,124.441345
9.28,250.177
20.07,377.3386
9.827,0.75513893
0.157,9.790136
110.28299999999999,282.90887
639.27,187.75539
10.254,173.01747
12.094,48.24811
113.423,204.03934
10.157,283.1299
9.556,12.757144
10.236,68.103325
37.797,3.6576595
19.77,39.442375
6262.047,866.08545
1484.5729999999999,226.69318
0.126,1.3925394
0.077,8.686503
239.103,863.7123
50.13300000000001,165.32443
19.26,95.27045
18.69,145.0051
20.733,92.92833
409.226,4543.8545
40.577,110.59902
100.63300000000001,0.18752557
0.14,66.66765
48.823,70.07582
8.777,92.150894
100.28300000000002,366.04657
0.8769999999999999,105.18315
2.873,0.2621339
49.857,8.338271
29.283,142.52434
0.45,364.77576
22.197,152.79256
0.076,0.33265752
20.34,121.74951
49.627,0.1548694
9.65,73.29882
0.203,100.10913
229.94,159.69151
717.953,523.28876
10.07,94.094124
9.957,31.905737
0.204,17.81217
41.966,175.01912
19.04,0.39570627
19.217,26.253878
90.23,138.70113
20.263,55.89492
190.35599999999997,123.878914
25.594,83.682594
0.047,120.98272
30.803000000000004,80.9404
669.036,169.16151
10.023,125.49797
151.31,0.43743834
32.076,160.20917
18.83,109.741646
407.69599999999997,81.97807
200.057,172.82155
8.45,124.7354
0.094,0.32570332
20.03,61.788963
39.55,97.64973
9.093,2.7503843
20.037,0.19158122
28.937,413.33984
19.604,179.26993
39.65,171.25163
220.78,245.00478
29.153,1.024927
11.263,38.876823
69.727,217.41751
9.61,437.38712
0.237,0.3155826
30.349999999999998,156.51755
673.807,1181.608
10.336,198.20262
0.55,159.41917
0.37399999999999994,203.94742
8.743,102.75826
19.8,52.64397
19.38,382.48987
16.514,0.19721806
9.064,110.18589
11.227,0.9262712
19.19,188.34851
639.413,230.66061
19.52,94.26573
20.08,209.88641
40.143,130.82216
8.966,0.23158658
19.78,10.413435
269.5,145.10272
7.75,157.47575
1304.34,202.79382
30.86,198.96913
9.43,0.23840412
8.25,5.311886
19.713,189.32092
9.25,78.40343
0.123,1.7535919
190.033,448.16074
30.293,0.19929501
20.39,58.846004
269.997,154.57692
440.23,216.28181
69.78,80.11994
10.157,0.54240745
0.517,113.5758
101.11999999999999,99.74812
0.53,122.69168
878.897,409.74008
0.873,7.127368
10.916,76.40457
681.857,1127.4718
11.774,68.36524
19.15,81.037224
19.323,56.015244
69.733,205.40044
10.06,0.74580127
99.84,386.15677
479.477,251.92361
239.47,23.686325
11.2,65.20396
0.014,140.27591
19.556,61.86422
39.994,294.51172
122.014,126.94989
10.22,65.71536
10.197,30.49405
79.237,147.3573
0.517,59.380386
10.756,154.26399
1179.274,477.23883
30.283999999999995,54.81965
9.03,61.14972
60.227,128.93924
39.394,1.8985938
30.070000000000004,77.37731
19.347,95.9674
30.243999999999996,141.4125
0.123,281.94095
9.99,172.41728
19.87,106.26486
10.727,137.84691
30.626999999999995,178.3038
1.454,0.25571775
212.14700000000002,874.54175
38.017,118.60121
729.0069999999998,698.8533
19.93,191.0984
7.13,37.133335
80.14,399.8754
9.16,38.00336
0.47,77.21491
39.487,47.58433
1009.853,586.5028
0.204,0.61813825
0.35700000000000004,10.360493
9.83,15.098268
0.407,165.36827
1089.917,142.54323
10.067,185.52783
0.046,113.901054
0.686,84.93907
193.954,221.22969
0.11,33.481876
50.623,52.846863
70.1,168.96194
39.983,94.02336
0.643,0.560802
8.853,0.8235117
229.726,42.763016
0.643,139.65088
21.343,179.77141
0.097,93.06879
9.973,60.503315
8.82,70.24712
3.214,129.20734
19.43,332.3001
89.837,148.42558
0.047,208.2953
80.553,162.96979
29.28,91.748856
170.563,168.82024
70.326,203.08496
9.92,179.07948
19.857,170.42487
49.386,181.36893
288.09,74.59647
0.643,194.42725
10.726,0.17820999
19.73,92.98335
140.777,66.223305
112.263,150.8675
20.237,139.87273
46.913,128.64493
1000.8499999999999,532.90314
1289.92,327.16916
0.0,2.7503843
1301.684,934.8967
80.743,144.49197
0.047,4.060147
720.36,123.81388
561.057,201.89267
0.203,118.334435
68.207,134.498
19.84,148.37445
6.453000000000001,285.02042
0.253,327.59158
1.47,59.5063
10.0,60.159878
29.133,266.81586
0.047,59.755405
48.526999999999994,339.96213
39.31,102.47048
69.51,215.81894
19.957,333.27902
0.08,104.853714
90.33,287.98706
140.09,384.50137
18.887,81.726036
29.937,111.63031
7.567,67.6825
0.47,91.22444
28.796999999999997,93.22784
270.08,1231.7533
0.063,0.7686596
10.48,190.79105
20.294,119.67859
54.967,335.30353
310.377,633.55914
0.013,0.074358754
0.83,94.00651
810.276,71.34065
0.5,92.91878
20.514,12.040125
18.717,117.543526
9.197,7.955862
0.5,8.532382
9.116,340.66922
10.487,226.53307
0.046,70.82928
21.463,266.24075
80.686,26.87501
0.47,2.1773894
689.8,412.3165
129.22,160.77226
9.153,99.895706
20.047,153.90459
0.8170000000000001,97.799164
9.353,131.68399
0.093,125.26031
30.366000000000003,167.40848
11.387,189.7693
0.093,183.24628
0.14,0.74580127
38.967,0.47065735
41.074,105.21825
130.19,66.92472
0.296,68.716644
9.533,92.35438
18.756,0.14910418
20.733,58.60345
60.06999999999999,15.31033
9.583,100.27294
288.85,107.36406
61.4,103.54711
0.534,165.96939
10.203,6.134053
159.527,143.01506
3580.027,618.8217
29.59,569.5568
21.197,130.92682
50.49700000000001,167.14845
340.794,102.52973
290.084,233.46133
9.954,1107.8751
56.2,656.8338
9.067,0.14030705
0.077,197.60149
19.527,92.42608
449.987,205.71913
80.204,246.28969
45.78,139.48767
141.403,221.67535
10.133,161.92299
19.52,126.43149
9.127,180.88464
30.686,407.20822
109.90299999999999,206.42715
277.497,363.19547
80.057,0.6386277
228.757,122.20648
19.604,116.39145
1.064,192.02383
30.994,124.57184
179.37999999999997,179.67877
9.586,67.59954
19.526,255.40704
30.143,56.885178
40.233,121.415886
8.703,0.37519625
19.476,64.06681
10.08,1.966726
660.044,423.04904
59.93699999999999,623.95953
20.053,0.2813525
1119.87,339.36987
1.047,10.267365
78.744,210.62973
237.854,176.1596
49.814,173.78201
61.427,1193.2915
34.377,151.30206
0.097,0.7498471
20.08,81.27008
1.92,45.741714
100.263,123.84486
0.017,0.74117774
208.627,409.96
9.943,9.277689
0.033,104.51858
9.103,110.867966
0.21699999999999997,101.925766
78.963,196.32707
39.66,85.03231
0.174,0.82351077
620.0,405.41904
9.617,63.725105
9.604,77.145424
771.917,622.05585
109.623,220.2731
8.934,0.75441265
339.64,659.3174
59.963,66.45657
10.083,459.8771
49.143,89.01653
10.55,7.1084046
9.597,1.7001506
0.27,55.5909
19.353,159.6739
30.024,0.06469199
9.993,196.18153
19.903,51.588703
39.86,517.3193
0.313,92.8705
128.327,164.17395
7.657,91.64413
18.14,41.818913
99.95699999999998,78.54309
159.973,1846.858
0.127,150.21033
20.29,126.093994
51.037,268.437
589.767,674.49927
50.433,286.63126
99.874,208.37642
9.856,7.9954453
0.064,60.272335
29.977,1.4693112
9.707,55.4303
10.166,59.593056
19.504,267.3666
20.56,5.7465096
10.03,90.06716
10.016,251.52324
10.26,76.975395
18.623,4.6706796
18.99,13.533613
30.246,66.61504
16.233,48.482304
19.867,0.3846098
9.827,93.75178
151.26,138.88406
10.963,9.206944
20.04,2.5292363
160.007,177.06999
10.186,117.06968
10.236,115.68199
99.956,214.67369
9.23,0.24404371
0.063,0.7361587
10.06,100.332306
11.717,92.84502
9.6,61.656265
19.673,213.3144
9.327,2.8014731
10.743,0.18556726
119.707,607.4791
210.674,18.181143
1960.1099999999997,428.48517
30.759999999999998,0.15324625
50.917,111.8462
398.65,368.1226
430.02600000000007,629.9442
206.957,116.80073
16.203,160.55896
7.174,328.12766
10.32,3.1022553
29.88,146.37093
10.12,150.69621
10.11,26.496466
18.953,59.01762
72.95,2.410676
24.517,328.3906
19.45,386.723
81.03,506.20822
10.05,3.8439846
0.204,56.584736
0.063,0.55481964
71.914,503.51413
17.517,94.12342
870.5400000000001,227.14024
40.13,12.286512
19.613,217.82321
9.434,40.224815
39.397,51.303772
0.763,214.25873
19.007,65.479294
6.097,59.827816
719.9069999999999,499.2503
69.783,100.64383
20.087,41.34926
310.236,546.7754
31.33,81.66507
329.91,144.1563
10.33,570.6303
69.486,318.45328
9.037,112.71665
9.883,92.73218
20.097,119.3429
8.714,0.48704544
0.36,141.10214
37.04,824.2604
71.173,59.08123
30.456,117.90052
9.997,122.21184
66.833,80.05182
119.91,515.8286
62.907,222.44193
50.046,33.805874
19.21,97.85726
10.957,58.25425
9.537,66.81738
0.453,107.04919
0.267,63.574203
0.033,102.33878
9.827,80.613
1.003,8.981643
670.4,137.37729
30.026999999999997,410.9149
40.207,63.542576
569.974,676.5657
0.8769999999999999,123.973434
10.613,71.173294
40.437,172.48036
538.987,238.99623
20.093,145.47945
0.58,85.83357
9.857,2.0691736
0.034,104.683586
20.833,58.96436
90.767,49.791817
8.914,106.3972
19.79,81.03268
1.237,14.132234
20.59,102.00865
141.4,0.5250115
20.133,1640.6323
0.014,45.58052
109.407,155.90956
3.143,78.69091
21.01,109.096115
80.384,0.5660656
0.376,2.5324945
91.01000000000002,170.06247
9.3,1.1166933
80.04,149.11073
19.857,162.4231
119.81,286.76294
19.887,57.232716
20.707,122.58811
19.553,356.0839
78.984,231.13614
18.574,240.25891
19.73,104.12014
8.957,0.50166297
9.68,78.43818
79.02,75.839424
519.837,0.2126304
21.267,73.77782
54.493,250.44954
39.28,150.63966
19.996,205.80638
49.863,71.702065
40.207,133.23212
0.25,9.5225315
142.83,183.34784
249.83000000000004,422.06046
26.553000000000004,140.2035
3.41,83.51312
20.904,2.6121128
38.843,216.90617
310.83,150.54631
229.953,214.06264
49.893,21.896992
0.19,91.97002
18.867,220.46338
7.796,66.71172
9.147,92.98423
130.494,87.51724
27.38,189.00436
39.877,298.72153
9.323,4.358334
9.437,126.18123
19.523,127.84887
389.47299999999996,640.79156
21.633,7.61471
10.136,59.571293
48.550000000000004,820.84314
160.24,270.66602
9.99,130.95963
699.103,241.96489
99.79300000000002,144.05054
99.454,207.94183
59.983000000000004,236.70274
49.654,58.532497
740.1169999999998,161.45091
0.783,56.899235
30.06,120.68556
22.246,176.1596
10.176,111.69
169.93,101.66364
38.566,25.365389
690.07,1041.7412
0.25,64.4696
29.024,0.20700209
10.503,821.8969
10.56,178.40717
49.636,7.1407275
363.2,346.8066
0.203,84.09837
100.073,242.31566
0.05,17.689293
159.976,145.01709
3121.39,584.1909
3778.2600000000007,5.946106
20.13,249.9985
109.377,89.43028
40.046,98.1052
20.063,290.33307
81.847,146.86937
30.06,192.55797
0.407,92.98335
9.837,9.277689
9.54,36.08357
9.72,2.8776786
38.253,336.2794
71.1,48.0093
10.01,0.91103226
130.11,230.6028
40.027,186.16956
19.426,65.6922
881.694,1426.0636
19.66,82.034134
19.246,69.31129
20.95,132.97075
10.177,117.73136
1.47,69.13406
20.82,130.63928
10.267,60.21514
30.32,91.52622
100.263,0.7034663
21.703,93.06879
70.567,94.59065
9.453,192.53996
109.127,265.77112
40.26,58.95952
0.5,140.92122
9.753,58.077484
9.877,137.11234
110.06000000000002,12800.93
38.96,122.89293
19.534,488.49936
21.11,55.68483
0.344,243.53423
20.087,181.45538
1.017,72.84659
17.803,64.245895
10.813,102.33342
0.47,100.45296
9.58,0.56511956
0.064,46.689896
439.9870000000001,280.11
20.78,391.86285
100.17,0.8682816
0.046,2.5589266
20.136,88.32002
21.07,57.768284
10.303,195.98117
19.703,110.46473
48.65,200.44995
0.36,0.9142525
0.25,120.82995
0.763,57.622494
19.487,35.26465
1189.88,210.69064
10.2,151.03091
0.267,1.822401
89.70400000000001,183.8131
10.307,0.24441963
475.62700000000007,78.40697
1.656,64.37804
9.727,63.479546
0.81,66.303825
60.46,132.10782
58.79399999999999,150.90659
1240.673,467.77448
279.343,460.08862
0.017,0.158534
650.683,477.8429
20.064,0.33799854
19.067,127.96494
69.343,3.99016
819.72,97.0615
0.11,82.16798
20.273,92.967865
0.283,0.28674576
20.24,424.02295
10.184,1.6315185
1499.8500000000001,2.3288877
70.39,474.6581
63.843,472.31598
19.54,83.63785
12.210000000000003,35.535854
9.867,65.307396
80.97,63.293144
9.836,66.97326
19.743,73.544235
100.01,193.90422
359.51000000000005,186.51611
80.487,137.30582
8.52,41.10068
1486.9700000000003,618.00195
98.873,197.24115
0.077,208.2953
2.597,69.3018
30.32,17.650803
9.404,71.960434
21.227,56.92858
0.016,70.74354
9.657,175.62741
11.034,0.16908443
9.84,67.23463
199.863,179.08118
89.87999999999998,142.56079
29.576999999999998,58.82166
0.014,1.6597471
40.867,199.45964
0.283,1.837053
180.743,82.61826
0.047,101.925766
0.114,0.2159978
0.373,56.421524
9.29,0.26618448
60.793,225.17403
119.963,221.42574
20.017,150.37799
29.997,100.3409
310.063,152.87268
19.91,207.79308
390.3039999999999,156.52676
131.887,316.1778
0.8429999999999999,6.0110903
10.773,183.54791
0.577,61.99518
79.343,193.09377
888.31,1502.1938
0.203,0.71486306
19.797,209.56052
2490.2,316.89127
0.046,143.31313
10.066,129.96971
391.057,158.57298
62.35,133.82112
20.11,58.49385
9.53,115.72067
50.157,169.51501
10.053,5.236114
2.396,1.837053
0.017,25.370258
12.253999999999998,157.47575
190.217,17.650803
39.943,121.69793
10046.41,766.10504
470.66,448.81122
118.95700000000001,1541.2197
50.06,121.07777
50.24,42.05957
20.44,118.809326
590.82,125.09899
49.66,180.20557
20.1,263.46884
21.056,104.757225
80.424,89.721245
249.89,247.71054
1.33,73.41278
0.513,91.0758
139.967,594.82556
191.126,205.33801
660.02,140.09291
89.246,47.644485
629.666,196.72119
80.236,19.430338
130.124,181.54701
20.26,0.35083887
8.876,9.438051
2150.663,293.02432
59.224,284.6823
10.774,4.907968
19.557,65.583534
10.913,6.075376
899.8069999999999,122.7528
0.063,2.621218
3852.487,183.1738
270.07,7.6044426
319.854,1059.1769
0.0,7.7835135
30.703,52.121716
47.813,223.87294
9.83,70.9107
150.336,2.6712422
29.03,62.955914
40.066,47.55615
19.844,145.47945
19.613,59.31777
94.54,197.50958
0.623,102.25956
100.747,137.10406
299.923,178.58223
69.07,159.20259
3390.29,134.24002
20.953,105.53693
40.46,253.44801
120.276,391.70633
63.32699999999999,575.9796
29.196,4.57934
109.91999999999999,272.87515
0.704,106.30785
19.197,1.1988431
1140.097,343.11636
48.477,63.41933
9.337,67.44176
18.423,74.96894
130.23,124.429886
40.84,104.58433
10.86,118.68022
0.327,116.2453
9.216,121.41323
9.437,0.074358754
10.457,68.458336
39.777,2.5154057
0.077,2.8375416
9.05,14.254001
19.84,54.81668
20.0,174.30772
20.483,56.499077
20.207,0.5738519
50.274,502.68866
591.044,245.2867
1131.267,855.80963
9.587,172.66571
20.47,69.63521
0.376,58.97537
20.757,221.94826
29.46,111.969284
20.01,1.0503201
0.14,0.40948385
10.237,102.81997
49.987,22.155636
166.353,664.7538
9.08,120.63609
148.657,207.34479
20.423,68.98899
12.017,0.39711565
21.4,12.960381
50.633,6.2650414
29.523,127.28293
101.683,82.61622
32.27,63.098347
119.15,286.0234
30.050000000000004,223.88315
41.06,183.39638
289.357,13.970076
3799.2740000000003,633.1342
19.727,184.48488
50.097,133.17384
10.093,16.784622
0.013,65.479294
129.817,222.30257
0.39,35.115036
30.06,0.44790062
30.013,138.47733
10.13,64.04187
9.773,127.57257
38.71,126.359184
29.56,0.8278353
110.15,66.03315
11.067,198.19218
90.82400000000001,172.30757
149.974,11.237254
0.33,54.035854
0.18699999999999997,68.57706
18.756,172.01782
8.166,91.73654
14.79,0.37232083
1.577,37.06244
0.483,1.9306768
29.903,240.85257
9.563,11.829992
10.036,124.97449
11.27,98.239006
10.027,60.409668
58.26,233.34842
10.007,48.10536
9.97,21.02673
19.48,0.61409456
39.64,517.4615
0.174,7.594443
142.453,0.12948519
10.06,87.87141
0.4670000000000001,223.14081
225.19,106.715126
9.647,3.5605214
47.98,0.9495687
19.773,67.80778
0.517,68.13647
9.817,130.27325
8.72,37.561726
51.146,85.21097
51.526,72.05951
0.437,4.358334
88.9,0.046350162
209.397,1.0148981
4189.74,1074.4167
18.947,125.993065
9.187,57.660625
18.977,91.59393
59.814,166.59499
340.07,214.38397
71.307,98.03137
3365.343,202.63615
1751.263,179.70073
50.697,81.22515
8.9,248.8405
9.087,77.21491
8.07,1.8524512
891.9700000000001,113.07095
270.89,215.38594
18.937,207.52019
9.807,0.51507014
223.46999999999997,246.44322
10.153,2.7087634
0.4729999999999999,141.46474
10.277,18.297344
50.02300000000001,0.50166297
9.847,1.8020655
19.427,83.630875
0.813,1.2017895
37.45,204.72456
19.09,0.19115765
360.286,0.8898607
10.977,67.048035
8.987,57.596817
39.97,133.1594
0.83,45.211037
30.253,95.3461
21.12,175.12689
1040.063,302.8459
170.113,297.69156
11.267,70.790375
0.017,93.32477
19.797,125.256035
8.033,136.94772
11.186,141.01349
3079.82,368.04153
0.69,1.235266
20.263,304.35602
9.52,1.9377007
279.554,395.41763
0.956,2.2176638
8.237,212.79898
12.249999999999998,224.92554
50.153,67.453125
10.5,61.070637
29.892999999999997,84.96603
7.8229999999999995,211.81673
19.907,399.6781
40.953,196.40237
8.993,215.71239
1511.0529999999999,248.02634
0.783,0.0403463
1.39,221.1413
9.737,0.1740363
20.064,455.47726
190.11,43.849857
0.11,7.3570085
10.926,93.032616
9.63,138.22029
1280.487,277.14944
9.347,0.315446
0.31,85.285866
40.583,132.88858
170.947,126.52123
44.69,206.99352
29.93,58.041237
49.66,238.65277
9.19,61.027016
190.10000000000002,177.46169
41.123,65.03958
29.2,115.96322
41.773,85.45973
40.087,3.7491927
19.224,174.06235
29.786999999999995,188.90097
0.47,25.69594
19.81,201.32675
8.97,53.096275
29.03,151.55698
9.153,89.21875
9.867,124.2623
20.513,0.5938325
20301.297,11769.817
19.367,53.15511
9.407,113.91026
20988.693,3033.5986
19.316,102.17969
8.03,133.1489
0.013,199.37566
310.907,347.40973
9.8,6.9001756
19.17,79.15828
40.723,0.60051954
20.087,289.2
180.143,199.04063
1.653,1.0991776
30.227,119.287415
9.25,192.89981
0.17,73.92795
380.506,181.63007
0.966,84.4503
20.053,61.22279
5846.453000000001,233.5338
91.24999999999999,99.965546
1031.287,1469.647
59.514,96.49364
0.313,114.98164
0.046,18.410873
51.084,259.4479
0.22,80.35421
9.713,68.11363
0.127,141.20969
0.033,7.161729
89.62,7.892078
120.16,174.8074
11.09,40.1376
0.093,0.40563446
3440.47,871.0286
39.54,149.10335
110.334,164.90091
10.207,8.952469
79.73,35.6834
10.95,0.26713303
309.397,200.9208
0.093,12.869901
210.85000000000002,146.71907
138.91,206.2281
130.093,115.49963
38.283,295.37613
748.713,491.87894
59.023,69.935265
9.747,122.37457
1.11,84.35293
20.794,49.513706
0.094,6.6977334
1171.98,214.97824
28.834,216.94
260.187,507.59598
29.9,137.58449
0.08,116.59773
9.004,0.20038132
9.27,100.59577
0.077,91.9293
10.197,0.14700323
159.496,435.6696
20.09,134.79495
9.197,6.6695385
19.406,356.62094
340.077,129.54987
251.983,253.0508
0.797,89.7006
11.863,69.87379
39.75,50.738495
41.963,343.62924
37.78,162.90637
8.817,4.1518345
9.52,206.82515
260.367,201.05226
19.723,158.8771
50.913,147.73724
215.19,215.69179
0.593,216.65865
40.137,372.45862
9.713,21.440819
0.22,66.9082
1.047,1.3692366
160.297,389.15265
159.997,223.49721
118.773,205.6373
39.64,9.438051
370.16999999999996,171.75269
10.304,1.5927458
20.186,0.6462516
130.093,105.020195
93.44000000000001,121.36623
431.147,184.27538
7.993,3.5759425
18.697,345.23807
9.927,1.8907701
20.26,620.48474
18.65,92.30801
8.59,77.21491
50.207,330.0745
10.354,83.29345
19.117,126.417366
21.17,93.663666
19.813,168.58533
191.73,4.7272267
0.233,0.15628871
0.0,83.09435
290.253,154.35895
0.593,1.7535919
83.19,232.13828
30.302999999999997,95.092094
150.114,111.5598
79.583,17.556871
10.06,120.2494
9.57,0.16453092
904.9400000000002,290.6512
9.43,3.2987852
0.8599999999999999,94.093376
69.95,0.27773118
0.686,127.173874
31.173,0.13314141
29.206999999999997,105.57292
270.636,6.6387334
11.157,96.822426
449.854,67.064354
0.017,153.83133
19.09,0.922633
130.157,266.54205
20.357,7.334544
189.37999999999997,130.98537
18.48,170.52017
59.36000000000001,431.14194
9.93,1.7555176
9.06,113.210884
0.106,178.40125
2.087,59.148537
9.81,41.735065
20.854,119.09678
20.54,99.19962
9.86,193.7843
20.08,144.38419
388.90299999999996,151.44608
9.193,1.7962767
10.64,47.053448
0.25,72.90139
1840.6569999999997,517.6494
0.373,187.7426
20.127,69.569695
20.516,122.88286
10.41,287.44177
39.053,0.16156754
0.203,58.039314
231.87,282.07376
49.833,138.97627
9.854,148.5539
27.506,280.80542
8.757,0.13321927
9.93,0.19544834
18.957,105.91612
32.874,183.5615
20.52,106.43305
139.18,132.12111
20.063,362.60715
20.944,0.1720166
80.123,20.140419
49.8,197.47299
99.52999999999999,1.8200217
6147.857000000001,531.2854
229.68399999999997,116.6859
5746.982999999999,1935.1108
10.137,107.32976
0.36,56.48404
21.813,67.75021
539.474,1.2567466
703.853,483.18576
19.64,39.220844
0.014,0.3902914
10.706,61.237186
31.684,145.71072
59.103,91.72205
29.44,129.044
1370.063,153.39719
7.883,66.82865
10.09,119.3429
19.98,164.16733
19.67,172.66571
69.646,490.41727
660.33,233.06265
120.223,297.86365
1256.46,321.95422
29.805999999999997,119.51677
50.416,1.4605224
2350.43,384.1719
79.886,96.20273
19.887,431.9475
281.503,98.96448
10.203,223.93448
0.837,1.8907701
0.266,50.87458
10.793,23.68093
9.25,67.51803
18.02,4.060143
9.95,216.68164
10.033,93.14599
8.007,102.93052
46.493,255.95346
10.836,85.951225
11.267,60.21514
9.963,199.43076
319.49,156.99129
10.07,7.0828705
1.0,48.007435
19.85,470.3058
240.09399999999997,222.21683
0.47,159.96712
49.84,183.73508
1059.667,93.43072
19.003,207.79308
209.543,98.94064
0.046,127.173874
30.79,96.797516
60.76,114.8313
10.773,130.27325
79.623,82.24243
69.217,193.9462
5.487,67.9716
9.736,70.148056
20.673,56.992935
10.216,617.1635
9.457,70.33633
150.094,144.92282
0.22,11.869285
1.05,57.35591
402.703,157.29762
9.95,0.51507014
30.146,219.0341
120.93,161.93369
51.08700000000001,43.953636
19.82,144.45818
9.89,117.041016
9.413,174.22612
10.373,68.053986
589.874,144.57681
340.874,327.75967
18.577,106.014114
10.663,3.4040823
1030.783,180.38206
169.46,221.98409
99.836,283.99826
9.777,4.6552324
19.567,4.5903144
9.824,91.22444
30.316,134.22261
0.157,213.5576
158.937,4.933743
19.764,17.465225
20.04,294.28998
9.65,0.1091041
399.197,1417.6473
1830.3460000000002,319.6325
200.61,447.36682
88.843,1.3666093
10.563,68.48595
20.884,103.57441
20.26,180.10649
39.84,91.69547
102.56,53.982212
1.553,116.127594
150.01,183.94205
11.07,55.002144
0.347,130.32283
0.47,195.35225
9.963,106.95135
0.174,20.124454
20.25,40.192253
29.847,52.152637
99.416,79.230515
9.713,190.38165
79.567,91.25002
9.884,146.12299
22.454,100.76597
8.123,0.8487516
39.903,79.45708
0.03,199.07742
179.727,201.97313
59.953,110.293976
50.95,104.068436
9.497,3.310388
0.156,59.01762
9.507,91.0758
8.22,0.24335349
20.66,0.1959539
9.257,136.88171
0.25,101.94718
0.377,0.35572067
0.564,180.20557
40.357,94.26189
19.357,126.54415
0.093,277.52295
480.754,3145.243
259.616,668.3729
0.05,68.16054
0.063,67.04941
19.02,171.07584
0.923,105.88015
10.22,9.052882
230.057,17.313444
9.604,100.001076
72.353,228.33223
120.053,120.527374
0.296,0.13644132
0.127,109.29913
52.50000000000001,54.335957
120.256,134.14738
110.48,53.876648
90.296,145.88751
50.17,39.133102
10.416,2.5358899
20.164,147.05518
140.387,0.6712405
9.36,310.2025
0.18699999999999997,0.39711565
110.26700000000001,72.040504
0.9870000000000001,106.245705
0.546,48.681774
0.046,102.76234
10.326,72.33721
29.919999999999998,410.333
29.947,0.08910599
19.86,48.00126
17.87,101.35995
0.047,0.11264559
0.204,199.3295
8.517,69.23932
669.953,193.11028
2420.34,476.58463
31.057,84.7644
20.037,447.8011
439.5470000000001,241.308
29.944000000000003,3.0498435
89.576,139.5029
270.2,12.344636
9.416,0.1515941
10.144,92.87093
0.0,53.11262
120.163,3.9583488
1.16,2.8423653
10.497,2.3366244
228.8,383.3789
29.884,174.89162
0.157,106.029655
19.637,147.97337
29.0,264.8889
9.257,85.33142
58.933,65.647026
0.22300000000000003,59.69226
439.95,20.144665
0.77,105.57288
18.977,115.756584
0.173,4.132464
450.63,143.1353
48.66,81.78847
76.01,23.490177
9.927,25.370258
0.03,129.35265
20.096,306.19806
21.49,338.9328
3416.447,555.77014
0.14,113.87006
309.703,123.337524
90.03300000000002,142.44609
213.53999999999996,111.769455
9.097,1.412275
20.197,277.8432
0.063,15.098268
379.917,104.601845
21.08,1154.9462
25.146999999999995,161.24727
20.043,186.81264
643.727,159.23973
0.14,95.70828
0.127,15.605769
9.893,3.0317144
0.11,14.233224
0.123,3.403355
19.01,67.81485
0.077,0.40563446
19.773,36.05573
48.9,395.9941
20.617,140.74052
9.747,6.996601
9.553,1.6317751
9.714,124.87243
40.857,72.49451
19.97,17.862682
230.047,88.44528
8.2,1.1652373
0.686,1.185236
20.35,217.82506
20.846,643.9491
40.51,94.92383
289.783,505.5453
9.86,113.21092
10.564,51.645943
29.3,100.64653
40.203,94.94911
50.355999999999995,98.76803
20.053,0.4277623
20.114,0.3410372
80.103,337.7009
10.094,2.1692255
9.897,38.067818
0.47,316.97473
0.234,56.60935
8.123,51.47454
38.52,238.83655
5507.707,1354.3315
99.61,158.51746
2897.153,186.91528
139.4,1644.3457
0.143,63.997303
0.093,120.335846
49.9,153.71587
20.797,217.59839
8.463,168.76602
30.464,55.491753
19.293,79.71597
29.01,86.97015
0.28,12.869901
114.18,198.00717
230.62,269.58148
180.56,1062.974
369.987,194.1093
9.16,127.77778
9.337,2.8375416
10.03,140.20724
0.437,0.026195826
0.046,202.24234
8.83,234.92564
0.343,142.79218
9.764,57.40573
8.753,0.10235231
19.217,171.28027
19.724,425.6817
20.547,271.3798
0.52,197.03595
39.75,102.02094
0.14,96.27078
10.22,0.9740511
1089.636,724.2101
30.204000000000004,95.3461
40.567,0.25790414
9.22,66.29839
0.233,0.20038132
20.57,70.29736
0.53,1.7535919
10.434,326.70874
10.094,107.25167
30.349999999999998,213.56046
247.127,120.87879
59.843,182.88667
24.047,159.56718
79.76,1.2785864
541.074,277.26242
219.63,1113.9335
69.29,9.10753
0.78,0.038643822
59.907,566.3441
9.8,61.85081
70.713,1.1192851
20.416,218.63676
169.724,110.92388
521.68,185.48361
159.497,97.751526
30.01,129.37848
506.39,108.77981
1249.267,350.02866
9.147,211.06024
9.823,13.588317
560.896,293.37674
19.663,5.1821256
20.237,288.83832
69.007,116.81128
9.703,0.559807
85.63,357.1704
0.61,48.21449
0.16,70.714485
0.8330000000000001,0.6336465
0.11,51.755272
1115.266,130.04828
8.233,38.77429
9.846,102.99753
164.804,104.73549
119.82599999999998,133.71033
0.516,112.88953
18.693,228.22623
69.874,197.44733
90.32299999999998,71.388084
12.137,87.488754
20.343,90.28634
21.067,149.64279
18.76,2.1448543
41.2,0.46349582
660.76,79.96244
29.556,89.2332
12.05,50.57017
60.06000000000001,179.67166
10.1,3.0498435
13.897,110.60374
20.563,200.57036
399.537,880.8829
18.61,68.24757
61.99,1019.5433
809.554,292.40927
59.986,785.9801
19.933,102.426895
29.596999999999998,58.96659
0.983,118.11005
19.716,6.57048
9.953,50.55803
129.1,414.3546
49.783,179.69176
9.057,17.726463
16.714,70.077156
10.593,70.178246
0.144,5.1821256
343.627,223.54617
50.47,118.29807
89.74,385.6685
50.1,203.94614
3.79,0.33799854
29.443999999999996,308.27148
71.923,229.07573
11.11,138.11703
91.11,201.4895
77.907,178.1466
24.156999999999996,65.990036
10.19,165.07085
9.737,254.25214
9.867,122.66835
10.977,0.9142525
0.127,8.62732
99.79,293.71606
80.71,258.96494
0.597,63.54433
0.093,92.0897
370.49299999999994,403.94812
139.307,59.014416
80.023,1.4098434
8.1,118.53096
10.46,6.8600063
59.387,919.00555
189.43999999999997,170.64407
40.686,138.48087
59.277,201.03296
9.847,0.26059473
60.27,99.51272
200.06,51.91135
13009.703,844.1973
0.08,2.254236
59.133,190.72873
230.05999999999997,193.81982
21.06,167.37375
12.097,0.5798399
3027.227,344.91602
0.14,143.19356
30.127,214.67728
0.013,98.17392
40.553,198.84628
110.697,268.70694
0.0,70.1104
159.69,223.14445
9.793,54.275806
18.84,129.93135
279.637,907.1973
170.93,212.24954
9.006,66.74776
9.013,0.23307039
120.106,169.15445
370.25,329.6062
979.813,818.05725
1.83,214.04256
9.906,295.30807
1.003,0.9028116
208.70700000000002,200.52284
10.233,91.69547
0.61,0.47816795
10.16,223.64732
0.316,0.49457172
267.453,99.34128
19.61,0.23840412
1514.0199999999998,115.24468
0.547,173.0371
10.036,3.0929127
0.563,0.06469199
0.863,72.844635
8.74,361.03995
28.673,5.341702
54.033,84.4143
1459.82,790.665
19.226,181.0083
50.436,3.0412436
3985.673,255.07446
0.253,61.25982
50.142999999999994,266.30865
330.733,474.4821
330.47,93.390045
123.257,375.11774
0.58,55.356647
520.186,413.7029
8.824,56.43835
0.703,3.2001326
9.193,208.76823
70.027,73.23553
8.133,84.736206
10.06,100.7503
0.297,1.1570686
40.924,49.448586
51.343,893.9062
3039.8500000000004,634.8602
209.95,269.2217
20.286,441.4422
26.396999999999995,397.55258
469.91,124.535126
179.97999999999996,134.9498
19.334,90.77843
3149.21,757.78143
9.867,99.357956
39.767,584.3478
280.823,145.11543
19.56,275.22507
0.94,1.3366944
1379.76,336.5339
20.0,410.24005
29.65,110.35229
20.044,36.247818
196.18999999999997,133.9715
9.273,192.74692
11.936,221.96515
0.563,2.4981174
729.28,68.07887
0.093,144.74509
1898.4,387.68887
31.667,96.50542
25.107000000000003,38.067818
19.943,120.63609
10.14,1.9617041
0.326,0.18556726
733.987,117.530174
38.34,95.41226
50.49700000000001,0.02344306
0.123,1.9650351
61.09,86.928154
20.05,13.2356205
20.02,67.92275
99.60700000000001,193.1589
19.934,661.8271
20.14,1482.536
360.126,187.18504
0.203,0.7327979
8.353,116.3624
107.25,344.95688
20.88,2.3366244
879.753,56.063675
8.064,1.2739176
78.953,121.34262
19.446,0.2581829
19.714,267.98105
9.23,112.434456
79.913,181.53384
81.16,140.58434
0.8670000000000001,55.48144
2769.854,365.2534
0.11,145.23907
17.667,105.95154
8.353,55.090225
270.4,216.40807
109.063,145.17206
0.22,65.27613
40.883,0.7305734
1399.783,140.3719
10.136,6.943043
28.343000000000004,2.253853
19.834,129.17908
0.28,56.584736
139.03,163.78624
29.113,145.73338
9.847,44.937622
9.72,39.467358
20.187,202.24638
60.0,169.64053
300.043,159.1989
189.21999999999997,116.84951
21.226,239.47205
0.14,54.51686
0.376,1.5179454
2640.456,1179.2704
29.98,134.06418
20.097,546.88586
48.907,283.92947
29.916000000000004,127.747406
9.103,0.110924184
0.75,0.77883494
19.39,165.55325
120.54999999999998,512.56976
10.82,100.10913
8.737,3.4978926
0.094,65.02758
0.577,89.76133
2.477,54.215706
10.693,329.99478
99.65299999999999,37.495747
699.674,115.01764
21.027,237.25493
449.903,106.42844
859.74,190.06854
0.14,0.2977398
0.64,38.706425
8.76,82.043
20.427,57.762295
9.327,93.87743
8.59,1.185236
60.494,201.91197
19.397,13.876478
9.216,5.2226996
10.223,0.23726709
2.687,64.01504
0.69,183.24628
18.88,202.08363
39.493,144.8092
3.8129999999999997,138.94246
19.706,212.07202
80.01,8.432005
18.55,376.78903
19.974,0.1811145
19.78,271.17523
39.06,0.42068937
0.047,111.07985
0.83,22.520739
20.69,187.2449
19.517,58.770023
0.643,61.37703
1.017,102.171486
0.17,81.34268
69.623,720.881
13.863,198.82639
0.14,65.82728
0.484,0.49457172
19.917,224.7987
88.75,235.64156
9.956,3.7685494
30.024,285.92026
79.36,165.07085
2179.523,2295.5842
20.093,104.87611
50.196999999999996,406.9573
0.253,80.96109
32.213,130.25314
584.89,264.7294
0.017,3.2780318
50.043,0.22555412
24.883,204.8724
10.16,97.850426
11.65,143.13924
19.91,269.23907
249.51300000000003,230.75626
50.25300000000001,2.3504627
9.103,43.44685
1.56,129.88687
19.823,122.29046
149.926,270.85867
42.83,173.1361
662.323,572.34045
0.047,1.1650784
59.873000000000005,197.26039
80.007,90.522865
9.153,74.502655
0.284,90.61605
0.377,408.0693
9.44,164.65947
49.79,88.86255
20.067,13.34791
0.11,0.37232083
10.467,91.13966
1179.38,209.73885
10.1,192.55508
354.153,515.8339
9.02,80.114296
19.74,141.08403
1220.0,363.6442
20.007,227.74129
166.877,200.631
17.837,144.32777
10.333,0.69612396
40.483,133.1489
12.100000000000001,115.54155
490.223,551.7236
0.326,171.277
21.72,123.78923
789.713,1060.6238
19.833,16.636795
650.064,648.71844
19.553,68.633446
131.823,7.1302705
180.73,146.39723
60.144,181.52795
20.264,17.228115
205.02299999999997,429.5029
69.93,181.8789
19.544,95.569496
19.77,154.39621
29.983000000000004,0.28674576
0.594,74.85253
20.0,173.33623
128.823,186.05818
89.807,313.65366
101.03,71.70852
0.567,0.51507014
0.114,0.0532474
0.22,243.21089
10.61,84.59256
9.136,95.49511
0.11,64.52154
18.617,124.28994
9.456,59.755405
60.147,195.144
11.066,64.26957
8.193,0.5830087
9.847,182.4678
8.603,159.45644
100.953,276.76193
39.936,287.1439
49.72,143.5572
19.576,108.98025
9.12,83.067764
50.25,211.77472
0.174,0.52609664
20.847,5.33605
78.353,198.63257
69.983,161.91139
352.06,72.248955
0.033,59.759438
100.353,204.26462
0.18699999999999997,147.36058
52.13,170.05582
1804.994,347.41486
0.64,91.61787
100.903,181.6489
439.2900000000001,425.13867
10.757,0.044420734
18.45,62.07894
20.517,39.740345
19.527,47.424145
30.966,133.53664
18.024,70.743576
8.996,1.755516
20.273,46.510715
69.6,199.7041
0.36,55.767975
9.974,0.9624178
9.913,84.1264
1629.743,566.31915
0.283,90.8565
8.297,103.07969
459.61999999999995,200.9032
1.423,0.3358467
39.934,117.832634
50.00999999999999,129.11368
349.833,559.23004
31.07,191.61198
0.92,9.917326
19.263,0.23954044
49.873,197.31032
39.807,87.33916
19.653,21.287624
11.094,0.40948385
52.664,141.96426
0.657,91.81175
8.183,1.7931906
10.343,0.93389046
0.046,6.8600063
11.094,138.53499
20.144,75.99027
8.756,114.96072
1.097,95.30292
3540.57,180.28276
9.506,6.6802244
160.23,413.73224
10.067,0.065446764
0.546,2.006318
20.076,95.06052
2.073,59.228477
70.9,208.40784
0.507,137.68512
195.266,218.86769
9.84,43.44685
1890.933,1834.3602
0.783,0.63966024
18.906,80.30274
8.99,51.513573
0.8429999999999999,90.8565
60.36999999999999,216.11232
9.833,62.98428
19.03,115.756584
349.863,277.34763
22.993,160.92923
329.803,157.00642
20.606,318.1494
291.617,140.16899
91.64399999999999,66.46777
116.123,269.99005
7.956000000000001,113.44179
18.547,69.33687
0.22,99.80363
59.464,235.87416
29.872999999999998,0.313208
39.87,208.78522
9.407,83.19953
139.07,122.347694
10.503,0.3001935
0.53,66.829735
0.19,140.74052
20.41,24.767633
15.626,67.72455
0.19,53.677845
279.93,106.5381
10.053,0.46349582
19.927,9.005481
0.203,149.51637
9.533,223.24442
3021.29,931.67816
2.763,114.78526
22.067,56.653328
1.04,2.8476446
53.08,139.07555
10.057,139.11932
9.11,67.62588
29.567,70.980415
59.342999999999996,162.12262
82.036,67.49213
59.28999999999999,119.19837
20.037,0.27314132
0.9700000000000001,113.04333
5.693,113.18067
9.06,45.17763
28.98,67.62313
39.68,135.74837
4.757,7.1407275
97.706,6.466976
99.84299999999999,215.81609
10.11,123.3779
19.567,175.32324
19.467,2.7087634
20.13,74.83348
170.31,109.572
0.53,122.67861
19.733,1.4120165
0.906,3.2931433
10.98,215.95073
2389.857,1547.8018
8.896,18.288887
30.795999999999996,56.446045
20.574,147.12398
21.057,68.774895
200.273,211.59267
108.53299999999999,154.65413
11.733000000000002,42.21943
8.903,36.291122
47.134,159.71594
10.05,92.00077
0.093,92.88053
59.18600000000001,852.3276
19.773,57.913574
7.820000000000001,104.06518
70.476,218.13673
101.496,208.84447
28.857,17.269283
21.017,140.45395
0.22,327.4681
20.15,266.37048
39.813,111.64081
19.686,2.8423653
0.127,164.17395
0.99,64.912926
9.874,0.2061042
32.003,329.10275
380.477,165.69034
10.21,169.57887
19.677,0.7275476
20.47,173.72656
279.943,81.688
200.91,148.8973
0.017,24.792574
19.4,177.51463
140.414,13.050149
17.487,262.70154
31894.75,611.8686
19.987,162.00174
219.854,104.07187
20.333,114.29343
18.924,58.041237
0.157,0.4462629
318.83,1452.4163
5.823,118.11005
10.41,0.29284665
70.236,216.03058
3458.8600000000006,1074.5132
0.046,89.94295
358.153,330.50873
0.534,6.323179
17.077,105.72049
0.313,70.33637
1419.98,592.8435
0.08,13.201156
90.313,205.37134
0.44,65.583534
210.24,362.12903
0.09,198.28235
79.957,11.946157
19.41,239.86937
19.993,78.7423
0.03,8.134221
0.907,1.2468764
8.053,205.0139
9.81,97.46571
49.844,326.30307
19.653,123.67677
20.063,36.224342
19.846,60.474655
9.527,16.99238
9.006,0.17100675
9.767,80.361565
39.703,118.90803
8.386,124.3674
1.063,120.44263
1.22,181.46072
30.850000000000005,68.78991
49.583000000000006,145.18109
107.847,288.84515
0.75,0.3596413
158.47,1118.7688
540.9,144.90974
10.686,138.67075
9.344,5.134404
0.28,191.67014
99.89000000000001,128.14255
0.373,57.448532
20.317,517.19366
59.986,195.11676
0.03,132.95581
40.617,120.345924
0.957,121.6341
9.606,65.07044
1.123,89.338394
31.035999999999998,250.91092
179.824,113.86883
9.79,85.85752
9.367,4.132464
120.21999999999998,224.32103
29.569999999999997,53.801598
20.317,92.02312
1.707,57.832314
19.733,67.76492
79.777,122.79005
1070.747,130.3949
39.993,266.7961
531.156,280.86462
27.88,59.097492
50.093,31.286566
7.610000000000001,83.59164
80.353,54.537205
40.284,291.91507
18.397,141.74146
1.016,91.59393
10.273,39.0333
40.093,870.4674
1148.43,381.60394
0.097,0.39167175
19.923,2.27289
0.106,103.44824
10.463,104.87611
880.023,408.4004
190.106,191.9017
660.386,90.78669
8.213,0.35291132
29.713,161.19739
19.63,93.81403
69.097,1.9244785
188.49299999999997,138.23492
2009.7700000000002,314.0067
19.696,101.327835
10.78,86.810005
11.04,0.061186746
0.14,43.593113
10.187,59.699505
10.147,92.87093
2770.157,100.46739
49.863,223.48958
72.19,49.14099
39.657,218.11261
0.233,105.60899
105.543,0.32833487
279.777,500.17963
9.463,58.11332
151.077,540.6961
0.126,129.71432
0.687,70.14632
0.0,60.03596
149.47,214.02579
280.58,216.95642
10.12,8.394863
10.1,0.25872
20.04,13.2356205
10.076,291.8257
8.513,226.93188
68.25,0.16345179
18.9,153.42984
250.03,144.9513
18.966,84.06556
3060.314,115.4524
471.15700000000004,175.28958
9.826,101.08117
60.290000000000006,122.45505
20.036,12.704454
0.33,144.18527
19.033,0.38739604
7.584,60.570316
1499.313,378.42847
19.174,153.28706
768.113,205.21931
19.643,4.252168
58.82,72.14049
30.743,183.74176
50.51,131.64575
11.280000000000001,99.52195
0.36,198.70229
19.05,91.29853
50.803,164.00563
211.35300000000004,119.189125
10.497,136.48572
1.863,2.451279
19.043,52.70236
4230.563,297.89792
18.05,222.19601
18.1,88.722435
0.047,3.5759425
35.913,71.94091
39.787,2.4297976
48.797,161.65558
60.06000000000001,220.97198
9.347,0.77883494
9.736,14.60727
19.147,0.079272024
100.106,196.59718
19.587,198.09404
4782.837,296.0647
20.49,103.8318
9.07,0.603009
29.396999999999995,89.20355
11.016,160.29597
129.803,1.7934469
40.71,100.78847
70.86,2.587159
0.64,81.05775
19.787,462.91095
10.257,164.62347
20.543,10.50376
159.423,124.655815
0.14,9.764611
120.05999999999999,103.82276
18.807,3.952581
362.7,154.56288
8.367,163.49461
305.487,222.184
50.27,164.04732
420.3070000000001,260.248
9.76,101.84607
31.533,44.612152
19.237,252.16801
19.493,52.978767
240.477,546.06995
334.43,118.25931
19.99,72.61867
20.05,656.5999
1520.043,16.23203
1.097,0.4321273
170.143,30.778519
0.8599999999999999,59.807495
140.684,30.88132
709.52,169.37053
9.9,2.2794366
30.17,204.75626
19.52,87.1028
0.484,2.5916579
20.677,0.57843804
11.1,34.561985
9.373,65.93173
80.037,73.0053
0.397,0.96227294
0.077,106.25101
1.143,1.3139638
10.88,10.1339655
10.637,0.44949624
17649.953,1603.1918
19.914,19.383402
0.047,0.54317194
130.127,286.4652
47.04,113.195816
19.91,16.303352
0.093,82.54401
11.606,65.97972
52.017,165.96939
40.643,0.94015276
10.873,99.01139
329.527,132.67987
9.83,3.8633509
10.72,62.5148
18.44,51.776375
19.923,3.254041
18.45,106.052246
9.97,2.947535
0.67,221.1413
0.093,66.94949
19.643,83.90671
19.097,420.5653
109.79299999999999,551.5949
19.214,0.26059473
40.147,63.244133
1038.94,104.962654
19.883,222.58447
10.43,86.21137
9.03,212.591
20.623,413.2616
1.077,56.499077
79.867,0.8925337
10.236,118.99345
0.124,0.52918875
8.907,85.68419
40.044,1.6385553
44.46,51.03631
9.003,5.9275827
80.473,156.91417
19.234,118.95201
0.56,118.27165
0.013,192.89981
98.83599999999998,0.31118223
18.5,89.36817
9.6,86.3528
21.866,149.51723
20.087,223.87035
210.373,261.99332
6729.637,836.5627
19.71,0.45745987
9.947,51.68171
0.283,0.48070326
0.093,36.360565
20.15,77.22202
380.92,147.4349
28.763,199.7083
0.797,70.615845
10.023,165.55325
229.567,52.597736
8.377,95.10322
159.843,523.3549
10.957,96.2009
20.393,55.124138
70.07,86.05765
39.43,115.213326
10.406,68.849335
44.056,168.71442
8.753,0.4689378
499.72300000000007,125.23315
24.77,405.37158
10.003,118.12661
1080.046,202.90068
8.706,0.3708417
299.844,159.10207
0.28,67.182785
19.596,906.27893
20.046,2.4918504
20.42,230.9648
0.106,233.42491
8.803,119.09678
19.04,1.9204527
279.883,341.55197
189.84999999999997,144.33037
60.403,133.3099
0.173,80.35421
260.084,171.14174
579.096,1058.6995
9.423,60.361088
289.923,135.68954
0.144,109.96352
60.23,779.32715
0.047,147.54854
0.204,0.28567877
10.06,3.868977
18.893,0.5196998
92.064,160.52776
19.667,81.95696
0.36,37.561726
0.423,0.7498471
39.143,124.56651
30.36,152.54376
16716.113,3475.9724
11.047,0.22549646
10.0,0.4809004
9.914,22.87035
9.487,1.4610881
99.63999999999999,91.49413
20.32,132.16434
18.99,121.024
0.533,56.997593
145.84,206.51482
49.453,531.3736
19.636,41.34926
9.817,0.844173
50.63999999999999,114.09321
180.10299999999998,731.8004
59.704,725.3723
20.054,111.950424
20.223,113.24555
10.84,68.458336
0.14,139.82047
80.006,431.43625
0.923,147.19084
229.80599999999998,148.50476
99.97000000000001,486.4672
2231.124,273.154
30.617,49.823753
8.917,3.1962745
300.343,364.4878
173.44,203.7264
1.55,81.66507
40.52,116.83796
4248.9,250.9947
100.177,162.92604
9.877,73.81313
18.886,101.70389
489.92,1278.1805
20.203,130.98573
19.956,44.2046
0.703,130.75787
29.984,1111.1523
19.18,14.533425
18.867,206.49538
19.833,211.25838
19.833,66.847885
62.093,56.608467
809.993,249.93756
21.424,86.28683
32.083,0.12741208
40.01,559.3268
7.483,2.3338587
160.866,207.17691
9.8,401.39294
39.893,6.20471
0.64,209.57812
10.39,44.619568
0.39,1.6620277
39.973,230.63957
180.22300000000004,330.70605
29.497,158.10802
0.237,147.00471
110.86,243.10745
9.05,202.86566
0.097,112.79468
237.34999999999997,218.53636
30.59,67.22509
79.817,119.29989
320.617,197.2767
6860.367,298.61554
19.733,297.35156
3479.287,306.83783
213.633,139.4785
19.717,62.98416
269.8,856.77905
19.31,122.821526
2831.087,1400.0813
20.134,144.47446
409.393,201.94531
20.134,136.42993
80.274,251.84108
50.814,5.169481
1.067,93.06879
24.754,106.79553
2230.44,115.603676
19.987,53.94497
30.302999999999997,2.5766375
310.37,70.901054
10.103,10.401617
0.03,124.4368
21.36,148.5265
19.017,48.73309
0.924,88.93436
20.367,95.05128
50.236999999999995,235.36581
241.513,0.6754221
41.157,62.00038
50.76,133.24002
20.103,45.58052
11.697,134.01926
120.287,507.0855
649.756,230.47856
139.913,20.029764
0.437,40.723145
10.43,84.82252
12919.382999999998,3333.1104
138.967,4.140073
0.093,140.23505
75.664,77.116684
0.046,2.4005113
87.73,415.02435
89.636,94.79293
10.65,55.92372
59.69,55.002186
190.237,527.06415
179.934,449.1843
3649.82,192.69023
10.203,60.159702
1851.8699999999997,1345.3655
19.75,1.3282074
0.19,15.605769
9.386,267.5841
278.933,209.74863
1.207,0.37519625
10.013,72.35749
0.0,0.33799854
0.453,0.5107052
851.373,34.29869
9.863,33.117382
8.307,63.174114
21.527,217.03896
19.81,41.125435
10.294,0.074366346
8.27,60.336037
19.756,57.51409
89.44,92.0334
89.356,136.06691
130.533,332.4131
304.276,142.13623
249.0,1198.4983
159.76,328.4662
19.813,2.1548302
449.713,198.96284
0.36,106.67457
269.754,120.88593
49.29999999999999,15.252159
19.957,241.42459
9.357,1.2936525
0.0,101.198326
240.11,181.45538
29.032999999999998,59.35845
70.287,224.0826
9.93,253.83882
9.86,2.1692255
885.107,288.48557
9.89,4.2518606
20.43,100.118004
18.173,198.35551
10.527,74.64607
20.044,59.878735
49.06,192.90794
60.627,177.96037
9.68,105.39589
9.42,12.907897
16.65,145.14005
88.683,142.90865
25.859999999999996,141.27199
19.594,2.2060502
60.023,58.574097
559.583,146.2573
9.117,54.258255
0.22,102.93052
19.893,52.819256
89.84300000000002,803.16907
8.877,59.67816
18.53,270.65482
8.22,1.6929915
19.803,550.63696
0.233,4.48048
79.743,282.20654
9.377,59.11007
279.993,393.2332
120.83300000000001,76.87045
2770.18,396.11356
2690.347,275.00922
179.753,206.3468
10.103,122.15949
9.997,0.17969543
21.043,305.46185
27.733,1.1027274
10.983,53.94279
20.453,374.05835
523.296,255.97542
9.314,0.16273834
20.093,3.6076698
122.01300000000002,130.0504
0.06,3.4693503
0.143,116.83344
40.17,0.6481768
0.107,60.699043
0.016,37.20872
19.943,48.16107
0.767,8.429321
20.13,200.62894
0.11,132.56981
669.137,25.16648
350.7,163.24171
8.84,10.828844
150.27,305.67892
19.69,21.900898
1099.954,653.332
10.06,102.6577
1.094,59.755405
29.953,86.284355
0.16,13.476511
19.853,175.165
0.25,0.7314937
29.76,69.06465
18.107,121.85806
20.76,62.915516
10.31,5.105658
29.563,87.87141
179.844,151.01276
301.4,0.15541832
50.413,210.90912
490.83299999999997,160.90356
0.597,58.99769
29.47,208.33531
31.973,0.14513327
10.39,119.25314
20.0,144.3087
20.303,96.8645
19.08,8.380548
9.71,77.54834
9.706,70.46236
0.157,82.13188
0.11,67.73982
39.853,29.954569
30.58,1.2153502
18.86,133.08258
10.443,68.12453
8.884,19.703367
28.527,223.64732
10.037,116.33602
39.153,2.1519122
9.74,127.57007
0.16,255.18047
90.11300000000001,62.719406
11.47,69.21463
19.61,63.099613
1877.96,391.31598
9.973,1.0366899
21.917,84.51123
1.046,102.69482
25.647000000000002,46.588276
29.753,271.039
30.69,317.67072
9.593,0.76890004
0.013,60.31948
1139.733,79.18806
121.02300000000001,57.0171
29.959999999999997,389.68976
10.48,0.7851694
9.98,165.87872
0.28,3.293495
19.267,127.73173
79.963,0.15153484
170.647,174.32846
0.22,1.8847951
8.79,128.68127
0.717,0.60515666
148.74,129.98398
9.854,166.88867
41.896,103.07084
19.227,130.78915
40.16,62.56018
749.473,354.6878
89.83000000000001,280.19232
61.317,94.09644
21.233,58.96436
99.477,7.200623
1.234,59.01762
19.363,126.55455
398.84,337.5069
19.977,325.9992
18.29,107.11756
210.534,273.44897
10.3,0.051790245
9.784,139.95766
220.75,194.62843
539.81,266.05527
280.633,22.258629
101.857,147.08998
0.047,11.423567
18.877,126.359184
2206.633,160.04901
239.693,573.6372
270.28,408.62238
50.26,97.54942
2787.653,568.6218
40.347,241.91188
0.41,51.817852
69.454,214.84094
41.257,86.79743
5078.733,325.30728
1.413,58.17391
0.9530000000000001,0.3596413
55.14999999999999,86.94624
18.833,103.13796
129.553,54.500282
10.42,14.275721
9.19,0.35291132
19.823,51.19305
39.966,312.67615
20.146,145.63713
50.076,65.24528
89.95,215.49501
0.58,67.07189
89.43300000000002,176.77763
780.133,294.6588
69.466,14.10647
19.066,81.41923
39.987,1.1965007
59.853,160.04556
19.44,60.235786
3071.02,166.99113
0.017,60.03596
58.724,0.7176554
20.067,144.31953
0.394,109.79323
490.45700000000005,109.147
10.637,10.50376
30.99,71.10313
142.446,257.89224
131.263,80.88015
231.266,402.451
21.173,153.0206
0.39,106.57003
29.856,198.83429
19.603,3.111924
21.004,0.27286273
21.303,57.789207
220.49600000000004,5.381442
4.61,140.03485
0.11,0.76595294
0.143,65.03111
0.093,100.001076
10.397,60.604816
170.69,167.7832
0.626,102.66352
0.093,124.15877
21.747,0.15134406
81.023,131.07208
29.863,220.84874
19.896,140.54024
21.377,0.4065957
449.6569999999999,153.57654
10.13,2.4671724
111.886,111.72472
19.417,40.87717
18.937,48.60166
150.037,237.16985
310.67,199.53748
32.963,220.5695
17.784,91.572975
18.754,0.31837884
88.096,438.3702
19.13,0.6973665
20.057,14.939922
65.25,258.70483
6.36,132.9217
19.48,199.04198
0.18699999999999997,41.254364
19.47,21.440819
0.296,4.4843364
50.047,114.914406
60.27300000000001,61.85081
359.857,202.34128
61.06,85.24212
9.85,319.72974
19.483,8.975032
8.65,114.593414
10.22,2.354923
89.91000000000001,120.41749
30.096,464.78366
559.744,335.21512
20.287,21.025345
0.924,89.76408
39.123,220.25278
11.290000000000001,0.20401882
9.963,64.24889
20.72,2.489333
229.04,134.80783
0.08,82.31931
9.803,3.9850154
0.69,0.16420299
19.74,58.241432
0.4030000000000001,59.90036
40.46,23.718836
0.017,113.87006
9.14,448.9699
19.43,303.3961
160.904,287.50974
59.854,121.40526
40.897,51.435825
100.44,244.9209
313.06,214.31894
0.297,209.23247
35.594,85.141365
30.113,1.6740999
0.35700000000000004,5.67078
559.434,614.6313
150.106,118.41456
18.837,82.54445
0.233,109.29913
42.24,896.0631
0.106,92.86227
9.774,12.869901
9.213,115.659424
92.097,78.95214
1960.897,573.3199
38.17,72.35749
0.53,1.4375095
41.47,129.15211
9852.367,561.3422
8.45,56.109856
20.15,104.58876
9.32,5.4764233
10.243,14.254001
29.803,60.725403
9.21,67.190414
10.113,336.71887
8.57,60.405296
0.157,106.680565
8.584,105.69197
20.57,148.37445
13.893,56.29666
300.417,190.54187
20.45,300.10742
8.75,0.93652946
21.117,58.97537
259.82,290.51984
0.39,198.60477
130.327,0.87975216
38.557,206.23671
0.533,93.441025
9.857,0.066519134
59.556999999999995,271.9269
9.83,2.3340812
0.94,0.31178588
20.003,129.56113
709.913,157.20128
10.553,90.8565
49.98,23.216978
189.36,142.8114
19.273,172.09601
289.32,178.3288
0.717,0.60102206
18.957,60.57164
37.91,0.23163675
18.76,172.45563
9.706,67.645515
9.954,11.571356
9.057,121.60832
70.853,292.24457
29.623,71.13279
24.703,148.0174
9.373,9.689258
0.283,87.699585
19.006,206.74475
258.944,374.83893
1990.164,243.75577
0.093,119.20098
0.41,61.070637
1.44,282.36618
10.01,24.38298
30.97,1.7266266
39.11,210.94084
0.21699999999999997,0.44326928
179.9,3.766864
20.217,71.13591
19.227,55.835583
0.017,46.741703
80.697,716.7054
1.173,58.756763
239.373,4.48048
3852.1900000000005,963.8501
190.22,57.830605
38.75,2.4222143
9.48,210.0415
41.646,222.42084
540.207,142.13934
2859.893,162.29172
20.274,23.411806
0.656,4.3758326
19.93,1207.9241
10.564,100.39714
0.14,117.72547
0.8929999999999999,0.11767903
30.9,151.44608
10.773,218.07806
11936.767,5783.2207
9.953,1.6175061
9.44,114.503944
3.08,225.82683
1069.81,139.43832
0.456,0.82351077
21.547,242.84906
138.64,245.94664
880.093,23.207544
329.897,179.27486
19.574,67.333305
0.55,130.8992
39.94,172.77245
18.207,1451.3962
9.567,64.362
10.023,56.272434
8.7,281.74997
1100.977,275.2783
9.517,221.55997
19.423,0.13644132
279.486,89.83391
9.217,0.5955668
0.106,101.52169
30.282999999999998,138.65892
0.0,87.61059
220.34999999999997,741.1466
17.886,19.948847
320.5,168.5331
14.073000000000002,84.99274
28.66,216.29518
0.047,205.53773
330.847,4363.266
0.064,126.933105
119.483,129.46156
7.777,101.09597
18.97,622.76337
169.88,165.34952
30.196999999999996,22.632082
9.363,265.44815
0.14,221.0109
121.407,171.71808
29.773,387.2047
8.683,0.35291132
10.903,212.591
49.38,65.068405
0.11,2.7094917
60.903,67.02656
20.43,138.28232
7.573,192.64342
0.11,67.90251
529.943,51.61294
9.7,4.9528337
17.477,91.60496
10.384,225.68523
49.18999999999999,0.9610211
899.9,274.12985
39.033,18.486223
11.143,192.02383
10.387,181.56624
1.187,52.2373
19.803,13.202352
21.063,4.5714307
7168.966,332.20496
840.03,578.4487
9.84,123.34151
1290.003,266.58548
9.373,261.99332
1.407,111.81451
840.3829999999999,1.0885996
2.304,68.13647
10.02,94.48817
19.073,45.938877
8.907,70.57239
339.84,324.28528
20.053,17.801111
3670.046,163.61353
9.687,1.0465387
49.88,567.1213
269.127,1832.3374
88.847,273.6393
40.41,210.76994
9.003,130.27325
19.323,542.5084
139.157,222.89787
129.863,180.44229
0.077,204.08582
9.92,129.77953
819.61,1153.574
0.144,74.15799
10.823,151.54147
1659.917,560.40985
399.88000000000005,182.23575
0.047,3.2780318
18.623,77.09943
0.216,1.611266
20.217,67.26115
20.123,87.849655
9.423,114.49714
122.307,249.32199
21.177,66.01172
10.213,58.28147
20.59,53.140633
21.127,66.5452
10.373,75.28575
10.02,86.37974
0.5,75.55359
0.093,0.5196998
9.614,7.9787674
0.2,6.8766217
20.023,226.69318
9.063,60.169125
10.033,125.78845
19.964,47.311893
150.1,140.70166
0.83,117.16571
0.093,120.86892
1.113,223.4837
48.843,233.27599
110.61300000000001,239.62807
51.157,220.76654
190.51599999999996,37.349808
99.316,151.32475
9.36,10.701529
152.237,200.87631
10.95,1.5389138
304.826,163.88364
1019.804,183.8559
530.04,337.11246
39.237,95.99039
19.823,93.441025
9.73,129.93716
680.043,336.09894
180.06,227.39493
8.274,230.10269
59.956,74.23648
20.476,202.93425
16.967,91.876625
39.963,66.2452
69.263,140.7995
0.127,27.745352
19.05,431.4288
680.107,151.42369
0.123,92.84502
2129.246,155.32866
90.007,148.84409
28.223,180.74345
272.384,209.39668
0.593,193.16121
260.4,199.30826
29.096000000000004,273.15906
30.630000000000003,2.2642844
21.4,91.258575
9.703,45.58052
89.697,1.3724393
59.137,233.1696
14490.43,1519.493
69.08,118.34266
20.06,128.15807
9.833,153.74998
439.273,171.94157
30.057,118.26159
9.404,3.0070367
19.747,2.0643427
642.91,246.96721
0.233,203.16193
0.547,64.270615
70.383,60.272335
9.72,67.07189
19.237,64.655235
79.706,309.54272
30.867,476.07574
30.195999999999998,91.188805
130.123,251.36847
30.14,151.57979
1429.6700000000003,155.6037
69.937,2.5105314
679.106,294.3438
20.0,167.63228
59.596999999999994,0.54861844
89.41,120.38337
0.06,131.87584
39.743,0.6712405
80.61,449.65115
10.24,223.10222
0.514,59.57229
0.453,1.1103611
40.147,87.23339
0.28,120.54423
1.816,69.74344
129.547,138.52333
49.79,133.1489
11.867000000000003,139.07555
219.613,183.08769
110.223,318.16
1.077,67.51578
69.84,11.041845
29.716,387.7838
129.92,186.55484
0.8599999999999999,199.08914
0.017,0.9939843
9.643,53.46688
1.303,0.17529744
80.92,111.73091
10.933,54.4833
9.85,250.91092
1120.713,14.77481
10.64,61.37703
17.143,116.21098
18.89,0.2294095
99.904,199.06458
720.1600000000001,588.12225
20.674,160.74118
1640.16,135.15915
38.057,0.5117905
0.22,68.458336
20.854,221.0109
59.94,217.40866
510.0299999999999,1484.119
449.883,126.749626
0.203,190.77356
18.987,103.50043
19.29,34.55217
10.483,74.338684
28.843,0.644457
20.51,199.0558
1764.1330000000003,287.7501
10.186,125.24734
109.26,169.46155
29.02,68.80478
4149.71,242.00713
40.344,225.84076
129.673,0.96357965
0.17,350.6049
19.303,116.83344
10.42,50.12391
19.26,100.95808
11.417,1.4025673
8.743,65.307396
0.743,115.99068
0.0,89.761375
9.28,81.037224
549.417,141.54231
38.564,56.86074
40.877,217.40703
1.334,0.1375429
159.383,1.6461937
19.456,19.289892
20.05,0.2655569
7.817000000000001,171.07047
58.89,102.858246
39.263,191.61198
110.89,2.201345
0.156,53.140633
160.087,248.50664
14.364,27.916042
19.086,73.2086
19.72,9.200169
139.873,137.12714
10.92,58.10067
131.334,2.2474272
18.637,58.107475
29.413,380.83246
30.676,0.054745384
10.024,0.8077139
30.519999999999996,221.41852
10.457,7.6663785
8.557,102.817795
1741.22,136.0534
29.683,294.2122
9.977,2.5395222
336.324,166.53146
0.234,10.1339655
89.324,1.7884294
19.957,219.69704
210.5,762.40497
780.35,123.9231
59.953,273.24554
509.04,103.770226
19.804,147.36058
17.07,158.71516
10.587,99.03892
292.46,197.8801
9.16,0.5150692
40.446,408.54398
140.173,81.845245
0.034,16.67254
30.147,921.0317
10.023,293.72928
189.84699999999998,148.31296
0.377,52.76077
20.147,53.348507
0.013,121.51899
90.47600000000001,72.23155
9.066,1.8907701
1.03,84.822586
88.404,140.89153
80.687,184.98518
0.046,45.097485
39.647,97.59895
18.007,110.733345
10.953,61.89089
19.914,0.2094763
61.410000000000004,186.3069
49.917,0.9990686
89.837,122.166756
0.313,0.24799418
0.283,0.061396524
0.03,5.864251
0.61,77.02143
1.02,1.1295707
690.147,61.351345
10.867,196.82452
9.753,132.8337
10.054,5.2810273
3021.47,1169.9675
459.73300000000006,124.415085
4711.363,140.30032
20.374,83.04758
49.923,284.24866
420.683,17.811703
19.8,1495.0073
48.763000000000005,165.06886
18.64,0.13314141
8.883,71.28548
10.23,175.01645
0.767,0.2621339
19.01,60.671753
72.543,249.67433
59.207,656.4334
100.15,0.20394216
20.056,7.659027
0.077,57.469326
1330.19,457.17517
400.06000000000006,154.1332
289.67,1377.6405
200.786,194.20668
0.16,5.8640714
860.4,690.8032
149.873,128.63551
19.653,396.21582
120.67300000000002,0.30727133
19.926,4.0585756
0.437,1.554896
20.13,486.4672
340.353,155.16612
30.17,124.76061
19.98,51.81783
9.703,17.689293
29.417,223.59518
19.204,78.92185
70.134,126.09514
50.812999999999995,490.47253
19.347,218.92026
31.35,197.35358
1079.463,75.66311
270.077,437.25024
0.297,2.1161344
51.09,4.8036814
20.05,156.58078
9.61,215.20735
19.353,0.9142525
259.687,97.28692
0.077,47.529644
80.82,0.6369586
30.227,53.105568
17.697,1.1295707
111.083,127.23876
9.04,5.0310946
21.407,112.73162
0.266,10.840548
20.173,78.22826
0.7069999999999999,2.0258183
91.96000000000001,34.51893
209.55999999999997,0.052991465
1568.92,933.2467
48.78,202.5755
0.254,1.8718392
200.22000000000003,20.891928
12.014,0.603009
190.70000000000002,159.06897
20.106,286.74252
9.747,0.30770063
289.09,1436.5485
829.7929999999999,196.66777
19.64,287.25085
18.36,0.52647454
10.48,100.10913
19.263,69.73554
58.86300000000001,216.5764
19.647,25.799616
7879.987000000001,10560.434
239.63,1138.2817
31.357,55.671932
507.93999999999994,198.36061
0.407,108.067726
329.974,109.36152
29.713,87.39391
0.047,38.842278
20.15,83.82471
150.85,5.9314785
19.193,70.7256
0.83,100.118004
0.67,52.405365
20.467,290.247
128.273,184.80986
260.277,198.64113
19.777,16.368834
79.0,0.19715302
40.06,230.12172
11.557,0.068397865
9.547,121.40382
10.747,137.29791
14.826000000000002,63.937534
580.783,211.9082
9.187,94.35391
29.092999999999996,141.44423
3111.633,446.78018
19.22,173.46332
28.95,445.8084
0.157,133.61482
140.724,238.29732
673.163,263.54868
21.277,2.3475912
59.33,162.69939
1.233,67.18906
19.936,54.907436
9.54,114.96072
230.24599999999998,102.92796
10.334,131.48051
49.917,619.8235
1.203,67.62588
299.534,195.52779
189.354,148.9135
20.43,39.196247
60.290000000000006,48.428616
0.157,166.6474
0.18699999999999997,237.57663
10.043,191.09908
0.28,152.52136
119.96699999999998,412.80408
90.977,63.45848
59.94,30.39486
0.11,58.179
4510.616,895.33057
9.33,38.067818
990.05,196.57553
50.867,72.61344
0.31,56.559864
49.66,155.11852
9.55,68.62862
30.347,0.030095639
136.1,59.454605
10.423,182.73256
19.383,217.59839
20.727,124.7354
60.16,18.636036
10.08,62.098743
0.56,61.642815
11.193,9.644215
100.03,231.0814
0.657,110.18589
240.05599999999998,268.76984
530.363,134.322
19.807,70.75241
8.316,1.822401
9.303,128.01897
9.87,1.9145572
1.297,109.52015
212.99999999999997,189.36781
11.17,193.16121
21.07,67.9252
0.36,38.418068
130.106,154.2559
10.367,0.9387497
0.35700000000000004,109.07852
330.006,180.81462
19.78,62.691185
6.786,137.21622
0.237,64.82082
20.336,113.08387
8.113,81.05775
59.7,112.50859
24.062999999999995,129.96867
30.973000000000003,53.272686
60.643,835.5141
476.4460000000001,1221.4086
19.46,66.37833
10.024,94.052895
0.094,114.36216
19.65,130.515
1.173,0.26713303
169.84,172.47363
0.046,50.40237
10.777,90.966866
19.59,1.412275
0.11,290.12473
0.47,102.17969
736.034,567.36865
11.966000000000001,137.08191
10.117,140.11462
0.687,4.556372
20.39,125.53813
10.873,101.68377
19.284,315.26822
38.833,154.0877
0.156,4.93204
0.61,100.19883
19.763,279.40363
2860.393,741.4902
8.057,182.84178
8.494,115.19317
20.127,131.88263
0.11,78.91269
30.656,134.109
9.817,19.029682
1025.91,1257.7421
10.336,85.407326
99.346,255.12492
120.79,0.78935134
10.914,61.99572
0.127,5.444899
20.293,78.858
19.83,163.72012
0.8599999999999999,51.833794
109.90699999999998,173.30939
49.897,106.438194
9.62,121.51899
50.073,60.159702
9.213,60.150448
54.35,74.601105
0.283,5.5812435
0.046,35.115036
0.077,80.03818
20.89,4.969463
18.306,0.12903106
20.33,87.468346
379.3929999999999,206.2524
10.46,0.20973279
9.853,0.960704
7210.002999999999,448.72412
17.48,221.96515
19.894,179.22006
0.016,154.43636
10.24,123.474625
20.407,169.35991
89.977,329.31296
10.13,213.68922
10.84,178.30109
559.854,387.2058
10.133,13.486636
0.177,0.7498471
9.856,0.061396524
840.45,897.0162
10.347,144.18527
1.363,363.24124
11.21,120.38337
109.76000000000002,147.66664
0.18699999999999997,111.9811
0.064,214.00793
0.203,195.87585
8.613,57.625637
49.69,519.0274
50.22,44.920322
0.077,13.486636
48.143,151.82976
60.053,74.48292
80.747,341.85504
10.477,121.99933
1.36,130.88712
19.683,211.02327
10.427,18.288887
9.107,248.15579
91.086,188.81165
0.14,62.457314
10.9,170.38948
1240.833,1209.4045
0.42,14.047364
151.153,247.15605
11.18,60.63747
161.217,166.4945
10.124,130.22339
0.123,54.904247
0.437,3.096578
9.38,171.5229
920.037,438.8106
10.533,67.333305
19.316,56.584976
50.336,22.520739
60.797,86.40053
20.227,102.81246
569.83,296.9173
16.636,66.62589
8.183,59.148537
19.56,268.2636
669.8,235.21515
6474.814,536.3093
0.487,6.3043423
20.697,1.0471877
0.014,14.229196
11.047,79.04306
0.267,82.6698
0.956,198.20279
0.127,120.98279
0.61,57.827583
252.063,167.82999
0.093,10.360493
19.657,0.34215853
10.03,5.105658
0.19,1.8273538
0.407,61.690628
10.17,2.7634451
739.9599999999999,132.27852
50.077,146.06499
29.927,5.176544
30.070000000000004,199.62578
0.766,2.2338076
20.393,221.20714
401.146,594.16974
601.05,131.7183
210.65,94.876175
0.377,2.451279
1.5799999999999998,66.60816
50.544,113.04751
15.824,405.37717
39.24,10.4211035
90.213,0.3419719
819.376,465.1825
0.144,0.36176553
138.486,66.24869
41.53,8.401894
191.57999999999998,1184.2003
10.16,3.6922626
0.157,154.19853
0.31,0.04201301
9.407,4.3311877
50.62,373.9879
190.217,85.09068
19.796,42.63129
0.4030000000000001,225.57774
0.266,111.304535
9.813,60.059517
10.143,0.21297358
439.73,201.70787
20.99,118.9264
0.25,385.56946
419.81399999999996,230.65213
10.99,118.801285
49.39,52.44827
10.137,8.126422
9.31,0.45118105
6.946999999999999,131.50485
0.013,0.28236318
139.82,198.11116
50.150000000000006,193.09377
0.423,192.64342
19.85,416.6788
30.235999999999997,120.561714
19.827,132.38017
1.14,77.54834
26.074,7.8300676
701.207,220.15392
39.95,46.68995
117.81,741.492
41.783,4.7572207
0.33,2.4690692
20.256,114.69054
59.0,171.32248
0.813,60.361088
10.247,1.8151128
0.03,0.16977683
29.583,70.046936
0.733,215.50374
0.153,34.148003
29.537,0.033629645
0.076,73.698555
30.73,60.99386
9.246,239.47145
199.873,3.347791
10.77,146.22192
661.98,284.28302
0.11,52.70236
30.440000000000005,122.51928
2922.99,1301.7639
39.34,57.205116
840.5000000000001,141.86995
30.302999999999997,2.289995
79.467,221.47675
20.72,167.63228
30.47,107.43877
10.067,0.19158122
0.69,6.467284
9.877,3.4612012
20.01,388.01068
342.057,189.50513
0.08,201.78407
268.59,160.54828
19.803,0.39218083
2.9930000000000003,1.4716837
9.526,58.30293
30.953000000000003,178.43448
217.71,465.49893
19.157,139.65088
70.076,159.00308
269.923,53.628296
18.754,84.621315
0.034,0.39711565
480.757,120.988304
31.820000000000004,67.546265
8.977,6.0110903
9.603,0.0432001
940.2730000000001,153.12718
150.037,227.88611
0.296,115.52304
71.837,158.28488
9.557,203.16193
1.33,2.0118914
19.11,0.45913777
9.726,66.12623
40.277,182.25645
20.633,1.4610881
18.12,81.11348
40.22,268.1628
40.543,1.4974327
440.296,160.14919
130.0,442.12607
21.597,122.90869
70.51,40.740902
19.59,37.20872
11.293,78.54579
9.663,72.90135
50.17300000000001,165.26138
0.4670000000000001,37.63363
19.683,9.4184885
29.036,61.06782
9.94,6.1950684
40.214,133.8878
370.06,658.55035
8.003,154.04948
129.127,232.89499
341.4,139.16278
0.093,1.3415879
10.033,275.96375
20.043,192.35365
38.85,207.6627
139.49,71.67197
480.11999999999995,160.1068
0.344,22.616007
50.106,83.86406
0.14,0.52799296
21.207,0.11139623
10.137,2.3952472
28.773000000000003,0.59783965
4380.06,2.6570874e-08
49.316,18.585094
19.817,1.157648
11.593,2.499912
80.147,130.09598
541.47,218.53119
20.116,61.74376
0.3,68.36524
29.166999999999998,131.5308
19.35,37.608173
0.847,92.4202
0.063,0.0432001
21.01,2.2500606
20.11,24.167759
0.347,0.4607739
22.662999999999997,133.08258
21.03,133.26518
0.03,0.1775887
1198.907,95.643364
0.22,102.02094
27.733,172.89899
1.78,1.5075098
29.487000000000002,61.958023
179.93,393.2869
1.003,69.146385
19.517,295.49704
0.22,62.826206
578.423,128.40868
128.1,211.65685
19.563,11.777774
58.31000000000001,79.006424
9.73,121.51899
0.297,75.55359
0.237,222.046
19.28,94.85577
11.027,41.38649
10.427,3.2001326
599.84,248.39468
30.357,0.2749847
450.5439999999999,385.42603
110.546,378.58093
10.05,66.879425
0.127,147.4572
671.75,133.71904
20.003,100.07894
279.027,522.0111
0.064,17.355534
10.017,0.30770063
10.327,95.97272
0.124,2.8573177
3.5099999999999993,168.19527
10.387,37.694675
9.376,90.358376
200.17,239.90932
10.296,105.69197
0.237,11.578285
19.816,2.5395222
8.803,0.5903452
130.137,98.55641
91.484,124.76202
19.044,43.69334
20.167,5.497865
16.763,91.54631
0.516,68.55041
9.36,61.99518
1.207,0.032709032
0.39,57.687626
59.993,0.22427295
48.31,73.912994
19.073,118.275085
19.777,0.2986111
23.733,183.25993
169.123,146.74976
0.22,53.94495
839.067,108.06674
17.903,0.22038889
19.767,159.3625
28.523,59.50727
9.993,1.2248447
9.933,35.197758
0.957,54.175903
19.783,381.7689
9.293,77.10405
19.07,0.56873876
0.174,0.20984884
30.767,104.45795
19.15,83.84457
18.827,0.2623425
10.177,138.16508
19.394,92.39627
10.34,119.44477
0.42,215.68318
1185.203,108.994545
89.92,263.87988
0.344,217.82506
120.063,155.73192
0.11,106.25101
1.467,59.089832
10.296,69.827805
9.824,364.5677
200.22000000000003,36.132843
271.03,250.30028
19.643,422.34494
20.1,8.53816
2400.147,1033.6494
19.693,408.75024
59.65299999999999,0.78555506
19.363,151.36836
19.957,514.4575
20.487,225.51675
11.17,58.79186
10.653,0.92478937
220.94,1154.646
19.31,308.05463
49.907000000000004,1.0259626
11.337000000000002,95.7924
170.166,101.8602
48.79,201.51225
490.943,179.96413
9.233,133.48186
20.16,50.95399
19.047,129.74677
8.38,44.71466
10.62,91.258575
10.354,83.93769
340.293,0.146053
158.873,133.92957
9.876,13.197039
30.087,16.04116
0.03,2.4884264
0.53,5.4960675
79.116,26.726643
0.453,7.0559077
10.813,225.82683
176.15,384.91302
50.11999999999999,135.39917
70.13,131.09677
3.796,38.842278
240.597,216.7834
130.51,361.41165
9.907,45.960457
620.427,262.907
130.15,93.2675
19.06,67.92275
219.937,70.49387
9.506,1.8688676
19.99,41.82702
235.27,131.37318
8.05,10.309724
139.813,99.200005
0.39,39.395332
20.21,51.03359
171.376,162.00696
127.177,445.53006
20.08,56.08574
18.583,813.35565
116.84699999999998,154.04948
0.0,61.99572
250.43400000000003,1115.2122
830.084,79.13598
30.480000000000004,206.24968
0.046,209.56667
0.677,0.6636476
20.547,42.21943
51.28,84.32395
771.393,509.43112
9.667,2.7036068
10.407,0.23092009
9.777,3.1504953
9.297,12.419909
19.76,130.92682
29.82,108.01335
39.586,0.28188804
0.593,1.7862678
19.877,53.611057
0.3,203.29387
89.456,190.30858
39.024,69.795265
40.846,236.65805
10.064,38.21365
0.0,86.20531
30.59,204.40788
70.137,151.93146
29.513,0.82098573
299.843,326.30066
9.513,67.51578
10.61,37.008057
0.89,5.311886
259.377,1306.1963
20.207,31.822662
19.787,279.02036
2001.773,206.13014
37.314,364.73508
18.154,114.65503
0.014,157.7267
11.372999999999998,68.219086
9.493,0.92478937
0.203,117.306335
8.13,91.6375
9.657,90.47412
0.064,10.360493
40.24,0.8641306
10.5,152.26608
8.773,102.76238
279.077,429.82568
19.324,65.07044
479.59,204.96301
0.157,138.33986
0.25,1.7862678
179.8,141.12401
38.97,214.70192
1.153,82.80101
0.896,4.460113
587.1,194.74895
15.255999999999998,223.45518
180.124,846.11145
19.917,255.81116
30.036,56.696846
0.14,9.4184885
231.92299999999997,168.43987
259.59,85.96513
29.88,78.094826
20.017,86.94127
27.79,161.881
50.227,272.58636
0.033,3.3844414
89.717,1199.9027
19.227,0.94995195
69.796,187.27263
9.09,63.184284
120.07,109.13307
4026.9669999999996,1548.4678
0.157,0.34468296
38.893,26.984318
0.597,0.40202016
92.45,128.59863
10.397,672.06146
9.413,8.441185
22.093,93.54994
19.39,324.7281
119.22300000000001,219.57669
20.047,1369.2024
0.204,44.50536
39.834,75.992294
17.83,58.039314
20.333,16.962353
0.22,0.27962342
20.117,60.906727
8.793,0.06469199
441.47,172.08163
110.07999999999998,150.43225
180.09,233.80003
310.373,114.69827
8.264,59.01762
439.89,163.28362
77.79,697.4047
270.297,267.47806
10.407,124.185036
0.89,77.2282
10.027,89.88004
1420.184,55.253433
430.197,1114.946
0.8769999999999999,0.39465448
109.99999999999999,143.05992
8.84,92.73218
10.383,0.36866456
9.403,2.2060502
69.436,148.5986
10.994,1.2436441
129.737,350.54684
28.053,66.5452
10.8,94.63751
9.733,416.75836
18.72,139.94128
9.773,175.13904
0.643,67.47786
20.21,98.97004
109.543,0.14783016
0.614,0.19470623
49.88,126.66479
10.887,220.98135
30.537,542.8516
60.237,130.16026
9.45,0.7505976
298.69,263.1559
490.95,153.48256
10.07,0.12258175
988.077,244.18486
160.607,12.851472
8.814,78.75598
10.45,130.35512
9.62,105.019844
19.887,61.391685
1139.976,77.76977
6.583,103.671326
0.983,36.014652
14.143,3.1183019
21.163,3.1925702
89.853,453.19693
8.576,8.706089
468.676,117.883415
2.503,45.66554
69.467,462.41388
259.807,291.41922
1340.143,203.27748
29.117,0.15083039
50.713,10.745043
10.153,12.1956215
2140.03,1115.2167
0.813,66.99073
331.533,171.02724
0.66,110.51255
1.25,63.633633
50.02300000000001,131.09758
8.996,68.06681
180.047,54.84346
151.947,193.26332
14.25,83.42823
9.456,127.77778
40.126,166.38452
170.973,233.70854
139.367,84.97288
90.34,1.6194168
60.027,6.3840175
0.186,3.0070367
59.923,1.4283936
10.207,68.80478
310.493,584.7721
49.767,118.963455
1.814,0.92263126
297.69,763.519
80.493,351.67438
20.033,0.36198187
49.81000000000001,122.66835
81.063,69.41575
9.85,207.16652
58.944,158.42537
38.303,181.46487
9.604,275.86835
0.0,4.6940136
380.057,573.25214
0.827,11.318361
9.4,38.130238
129.66,134.93884
10.126,0.57175416
29.544,124.77175
349.443,217.11993
99.824,206.70656
350.313,110.38546
29.852999999999998,164.56882
67.43,287.68704
260.027,142.34079
10.373,51.998108
0.03,7.249454
769.414,210.08795
9.543,9.512758
89.156,35.12873
1659.8259999999998,228.2246
10.18,92.1438
19.657,90.6349
0.25,65.411095
8.957,394.3868
31.456,3.5800135
49.937,167.80083
39.84,8.196616
9.086,35.467983
1.334,140.50096
0.11,137.78185
1511.863,133.29121
19.757,57.294296
9.987,67.51803
630.57,295.13974
56.757,210.2821
0.013,2.5395803
19.976,9.056232
19.18,194.58772
10.77,297.37057
69.667,203.92099
1.95,437.81763
14.213,131.24751
409.75,799.277
39.777,140.08238
378.676,174.39746
40.283,201.3846
133.78,171.66743
29.07,95.27308
0.344,78.35414
10.387,137.29791
230.143,3.5244608
9.29,59.750504
8.977,67.86771
10.587,118.9264
10.856,86.28683
90.25,2.1548302
110.20699999999998,1.2436477
63.84,234.46596
0.703,113.21092
19.554,55.136265
260.93,98.96513
11.2,89.98246
8.904,17.6341
9.94,185.19106
9.823,118.99345
161.903,193.55232
10.2,0.39465448
157.947,121.39205
20.113,199.08914
0.42,44.937622
19.923,507.26846
170.317,394.96838
0.0,58.108555
0.47,169.2112
10.207,147.90714
9.896,49.62355
10.233,6.8274508
19.907,66.7978
40.09,433.3387
110.103,106.916725
30.01,139.6957
240.32,72.525444
50.446,160.75607
1589.8,263.31577
539.704,150.99042
10.03,0.957321
4549.387,384.46704
19.804,44.46141
29.373,293.86255
580.57,217.83167
20.11,107.24732
80.057,322.0013
217.37,141.74902
1.284,184.82762
0.313,74.12954
49.87,164.73224
19.706,63.184284
30.77,3.939911
0.174,287.58127
21.174,8.230071
19.46,10.800817
1.16,415.2707
10.086,173.32362
209.27400000000003,453.8725
330.143,287.98718
89.824,112.20536
9.993,0.46580312
19.977,72.07328
29.983000000000004,135.68954
0.363,206.49538
9.057,116.2453
150.293,132.50612
9.69,11.869285
9.063,217.14565
18.45,56.165867
10.534,44.619568
3271.33,265.80917
22.357,349.97894
9.633,38.418068
10.377,507.44553
0.297,142.80365
10.206,143.72142
10.104,148.59683
314.757,382.93973
10.994,58.466362
249.20299999999997,0.74114376
9.387,225.86168
0.253,125.256035
39.334,129.34613
10.383,0.74275637
9.07,64.362
30.55,92.64715
2711.427,294.4004
10.114,56.109856
20.046,11.744079
35.21,25.230598
0.66,0.6923694
416.12,210.54926
39.753,378.93933
0.19,13.492658
0.08,3.9647555
10.84,0.05106132
19.56,117.40419
479.893,144.89865
21.22,126.88527
2494.604,99.15773
460.073,288.41653
9.054,302.5679
30.6,76.44553
11.77,288.73407
18.917,74.95945
11.144,186.05295
30.327,24.523584
49.813,21.63448
59.996,199.17006
8.94,20.124454
19.873,228.61081
1559.223,279.57953
0.267,0.4841852
10.12,1.4666008
79.54,0.20939423
10.46,62.691185
40.863,7.8300676
69.807,296.7594
1882.73,667.57733
0.377,113.44179
11.216999999999999,59.31777
9.954,60.054543
401.20599999999996,149.01962
9.81,164.38695
9.117,57.533062
19.917,66.303825
20.106,373.5036
19.577,119.44477
19.953,237.50578
19.79,87.96538
19.264,37.92253
19.807,0.21765077
1.063,87.61059
130.81,199.97029
189.966,203.8703
1417.503,421.25113
19.927,0.098053426
9.657,129.46475
821.613,92.51978
0.39,88.8589
98.873,62.605312
10.25,453.5268
98.143,240.58018
49.34,112.49556
8.643,84.822586
0.11,0.15995486
18.987,50.794758
25.040000000000003,106.67462
7.793,190.17725
0.077,142.68437
3443.1030000000005,190.23761
170.753,309.77664
120.56,245.49666
140.47,64.655235
119.0,223.48763
71.38,1389.9032
41.313,101.45127
30.996,114.8313
331.036,264.44067
31.233000000000004,187.82152
189.673,236.06929
6.803000000000001,66.54366
0.077,75.07573
10.17,0.14273977
0.647,94.091705
21.373,62.202507
69.837,849.3188
20.67,89.338394
16.453,177.00304
439.567,324.34515
0.013,0.71359015
11.57,79.77078
139.9,163.29509
1.18,72.45712
20.73,0.23880966
10.203,80.03818
289.39,183.50497
131.056,352.61963
50.117,190.58612
12.047,0.22470494
9.087,63.094566
19.544,11.111812
20.083,158.49208
70.103,2.75774
39.48,50.4792
20.01,0.2824623
58.84,133.94257
111.06,268.1122
9.89,206.58075
19.95,15.013582
0.013,82.22556
9.677,0.11166885
20.493,68.4698
10.15,115.97651
39.723,172.81793
10.873,150.04045
435.627,338.9068
210.676,399.64484
19.127,200.74174
60.19,286.99658
170.373,130.67691
0.297,46.638237
9.887,139.31223
1.36,0.5574002
168.54,132.13129
3450.657,316.96317
19.857,0.5346367
39.44,54.19264
8.197,165.36827
9.306,97.56101
7.894000000000001,74.45209
59.75,118.501366
1265.23,574.527
18.983,0.36735556
10.617,121.51899
61.150000000000006,63.97719
9.36,18.105303
48.550000000000004,118.73277
89.87999999999998,136.43195
10.21,0.25410745
199.68,168.2708
0.047,115.42603
0.644,108.85838
20.264,280.22153
20.92,259.81107
9.834,17.726463
89.194,260.64435
0.594,46.821888
10.836,1.0148981
18.893,98.79152
0.174,211.90562
8.89,4.02545
138.09,87.03533
90.674,144.20845
9.64,88.944885
10.127,0.751184
143.51,220.80254
840.167,746.3775
31.053,480.0126
30.423,57.90899
40.3,126.02656
0.0,0.751184
30.6,201.39636
0.107,1134.0901
20.286,1.658559
45.367,138.94986
99.143,78.8855
0.157,3.8513598
250.06299999999996,65.92138
9.9,4.1264396
61.427,380.3398
0.8,33.395294
29.867,38.48233
59.97599999999999,49.131165
19.76,19.866714
0.063,124.032814
459.854,756.40717
60.16599999999999,155.33286
838.967,1065.0776
19.377,109.552734
19.994,36.838993
0.673,51.755272
278.81,401.7152
9.05,2.1296046
4671.643,351.38174
29.9,1.0635806
38.716,135.79181
8.92,83.0432
19.267,207.08215
719.087,219.18813
457.13,965.1363
29.09,14.275721
110.446,43.802856
48.352999999999994,1533.3617
8.696,18.49225
0.783,15.605769
10.157,6.0110903
130.21,352.22278
0.69,137.46666
10.04,1.0526083
0.063,1.3925394
41.11,65.26787
9.2,1.9640814
18.71,0.4784471
0.737,147.19084
110.757,175.14719
0.14,0.3001935
10.61,0.16446313
0.234,94.60951
30.425999999999995,61.783817
53.577,227.59587
14.634,87.64033
140.03,2.7338972
279.94,414.92706
1017.824,179.41908
8.427,73.29882
80.863,65.17227
27.383,226.07611
449.08399999999995,12.68232
2435.76,410.57715
0.03,13.465583
40.37,63.736607
70.783,93.77452
0.283,109.66264
24.223999999999997,435.26358
0.627,2.0733829
8.793,198.6276
259.476,138.1605
50.937,89.47903
0.21699999999999997,129.71432
40.17,133.30826
19.973,62.755966
49.455999999999996,343.1542
249.52699999999996,396.15778
229.943,216.71747
30.43,0.23263158
430.01,147.05412
49.737,0.12427959
310.92,103.6381
19.91,4.1277933
9.087,411.53088
1.203,63.55138
19.97,432.29385
49.96999999999999,2.5434098
350.006,2.9249392
69.723,124.52104
360.526,1082.0702
960.193,257.92557
20.5,0.4907838
10.11,0.06469192
19.797,146.01045
52.007,681.99335
61.947,297.5717
19.953,158.06291
9.457,82.6698
29.569999999999997,1.8180981
39.96,1.6900733
1922.037,195.24593
8.7,173.28914
49.72,90.85564
2209.414,243.87254
19.343,58.846004
18.914,96.70276
20.913,101.20704
19.21,201.51225
110.323,227.45694
19.02,66.78744
10.814,1426.341
21.35,60.749527
251.517,113.321686
39.374,0.28868592
1.037,0.36735556
10.073,167.10399
0.973,124.57184
9.943,32.93906
189.36,181.80536
0.326,0.5034372
39.143,666.5126
79.73,1.3615295
20.1,69.89482
10.054,9.466892
20.77,70.41179
30.149999999999995,300.11212
0.454,163.92865
12.706999999999999,66.74776
80.68,155.87134
19.847,136.40709
0.14,77.09509
9.327,61.274937
160.203,1769.2493
159.78,201.09778
59.307,135.08333
10.98,88.32169
8.523,59.322594
171.164,200.27185
19.773,116.89932
1079.573,279.93375
29.242999999999995,5.3150983
90.546,194.76633
239.917,247.76315
7.87,54.09577
39.103,252.50941
19.803,122.35066
20.397,143.1353
68.367,222.73787
9.52,7.4263816
719.82,124.142334
7.86,105.82265
9.344,83.749016
278.097,743.13934
1.7199999999999998,115.72222
19.877,289.2
19.51,7.7730484
2103.683,207.22256
49.616,124.372246
19.017,85.24001
19.963,37.694675
9.96,117.62043
19.787,146.8749
20.12,16.69182
75.143,19.150517
119.98000000000002,20.311348
10.093,3.9061677
19.29,60.533005
30.117000000000004,139.6315
360.13700000000006,584.63116
189.8,398.11047
50.563,170.33145
0.533,36.85044
150.037,177.98566
68.95,119.43818
19.817,1.252253
20.633,329.17847
0.36,0.55481964
18.3,156.98705
9.344,1.2576267
2438.9,178.97914
7.622999999999999,76.81524
34.857,164.8322
28.936,40.408207
19.796,327.59158
9.907,9.286462
10.16,1.167217
0.08,101.26141
21.337,7.3198586
38.92,79.47751
10.103,45.960457
10.36,37.995102
20.117,0.3495934
249.366,96.822426
10.0,124.58973
1.796,66.14335
0.19,4.811553
0.483,43.145546
69.45,145.23576
10.906,180.658
199.93,1346.3923
189.807,175.6103
9.71,55.4303
130.903,161.47989
49.833,273.0143
10.17,5.8118834
29.284,140.63152
0.9269999999999999,101.60233
18.903,255.39421
20.477,99.80363
17.413,130.40587
1.25,105.82265
228.76700000000002,95.470535
39.946,200.97057
129.713,6.9544187
0.157,109.96352
10.1,45.66554
20.01,143.49977
0.563,41.831467
0.297,65.983315
1.484,224.32973
230.49600000000004,118.952065
19.824,4.2946014
2610.376,217.60481
280.29,633.8583
59.272999999999996,221.00618
20.274,720.4743
11.123,88.26493
10.137,67.85972
19.767,172.40352
0.047,67.26115
9.653,1.0113175
299.873,158.56395
709.97,327.28165
55.300000000000004,222.16197
59.60300000000001,206.67303
11.323000000000002,57.448532
319.837,214.23474
26.813999999999997,170.77919
31.646,87.24073
0.36,0.31837884
180.00699999999998,112.79667
379.607,594.7942
28.744,5.5736284
8.696,12.757144
30.58,81.037224
230.32,85.765785
40.234,58.14156
190.373,1034.3147
1.094,81.00202
60.16,143.11093
0.437,2.238307
20.13,194.1093
60.333,517.642
0.263,1.25079
17.544,150.44127
58.986,64.11833
19.0,200.3232
20.113,2.201958
0.21699999999999997,131.8996
0.03,84.1264
0.783,13.578293
309.7,414.51575
101.30999999999999,231.96652
10.31,94.35391
19.687,92.19444
59.96,136.61438
60.653000000000006,101.86114
439.887,163.88301
10.983,83.82783
59.303,131.2052
0.097,56.73487
0.14,87.49741
21.08,104.8559
39.957,116.99872
21.366,306.33945
469.763,161.49232
60.107,201.5114
10.743,81.11352
20.024,11.408045
0.687,58.11332
0.047,52.152637
9.617,90.358376
2290.074,1650.8179
270.656,236.61357
9.73,0.217651
9.0,99.41083
41.17,78.526535
11.397,58.622208
0.046,25.987513
0.676,3.0634937
43.957,413.01477
39.693,1.4039965
59.510000000000005,117.682976
99.44999999999999,128.76964
2690.22,1160.6191
49.717000000000006,97.70856
490.01,240.51628
1734.693,118.03967
11.280000000000001,328.12766
20.017,7.0828705
699.47,583.466
9.873,15.487672
29.403,349.82086
20.02,58.887024
60.35399999999999,484.10513
217.84,126.40102
9.87,67.19831
1.8900000000000001,141.9283
1.9229999999999998,110.867966
20.983,90.045685
20.093,92.36831
19.533,74.3898
10.59,71.61477
39.38,229.3472
373.6499999999999,267.98944
19.85,1.0491829
0.143,1.3459489
8.98,109.20121
61.663000000000004,63.23232
98.82299999999998,91.774445
131.487,165.36523
2760.156,1137.6299
9.81,242.92786
0.08,0.9473013
120.46,181.44609
259.393,166.078
358.873,462.7825
69.55,0.37288156
309.11,371.31046
0.267,0.26871058
89.347,100.45516
60.034,944.012
19.747,0.30492058
38.403,209.54459
365.96,97.05023
1049.666,705.82263
19.64,244.12819
10.683,52.399265
8.37,3.488585
0.39,1.3925394
60.067,78.64872
219.96,154.60497
20.177,116.20533
10.99,60.539722
152.067,1036.024
29.314,60.66052
39.493,142.80115
9.24,226.53307
425.247,384.74164
10.72,65.823654
28.843999999999998,194.4941
39.937,142.33029
10.003,67.40727
8.813,40.036907
20.874,452.23126
530.103,168.58533
1083.783,413.3682
19.817,134.64886
0.046,119.19837
640.987,406.05185
299.717,134.72981
9.984,1.4666008
10.423,63.034325
0.153,106.036514
509.983,108.653725
478.837,154.19379
209.113,94.62482
70.997,97.413795
0.8060000000000002,142.9202
9.897,290.96463
0.873,59.90036
19.68,96.4084
130.85,140.2035
140.06,103.695694
18142.606,735.3892
11.077,58.89501
160.274,0.6940605
2775.08,573.83484
600.75,212.36617
0.47,157.7247
0.093,60.361088
49.507,408.80377
86.473,214.03293
20.06,133.99052
4.983,93.07083
0.313,4.556372
9.033,189.19308
20.11,139.21034
318.463,165.79161
40.327,205.86536
8.224,106.43684
161.68,103.34055
9.47,68.970856
20.45,11.688438
9.724,111.13757
49.07000000000001,139.3123
20.233,297.35156
19.91,114.611145
20.16,65.6383
11.65,101.59304
9.7,9.635877
29.737,203.68896
109.843,83.660645
0.8170000000000001,104.00589
1.5799999999999998,104.51858
1.0,90.6349
21.164,169.75743
61.867000000000004,106.03425
548.52,144.13306
19.263,123.88069
78.59,142.37115
10.323,80.55757
10.837,100.27294
59.65,280.31693
170.12,403.42096
10.38,6.773125
257.72,290.92685
89.867,317.39346
99.35400000000001,468.10107
8.006,130.75787
19.91,167.87943
78.996,124.28878
111.883,146.2812
39.15,33.97765
199.49,210.82236
9.993,3.3844414
130.054,213.305
6.146,238.83804
9.003,73.355835
19.457,123.177734
99.976,133.47774
11.057,57.90242
760.87,581.921
0.097,63.863052
810.403,177.11818
10.02,56.60935
140.177,286.77606
20.304,13.588317
20.007,64.09684
2280.877,290.2905
0.063,59.18331
9.147,67.19038
19.927,333.3469
19.93,11.793641
39.717,82.31828
8.35,140.1602
0.25,5.9371147
0.063,59.438187
9.263,48.167755
20.29,213.90994
79.82,3.3766081
0.56,38.418068
549.977,172.33318
20.35,14.582921
0.046,56.08574
10.193,77.02143
2289.703,350.19894
68.877,219.78673
9.156,199.19691
163.183,243.32018
50.65699999999999,17.6341
0.173,13.067618
90.417,157.38943
50.324000000000005,150.84148
1009.713,169.96706
19.97,115.12143
20.1,211.06857
0.36,3.0950422
18.83,116.93567
0.8429999999999999,157.71059
81.107,159.55362
120.703,176.07755
29.85,173.5032
19.76,56.559864
20.707,220.99025
19.14,204.37083
0.567,1.024928
378.26,116.181625
0.607,69.55582
40.417,27.306608
150.037,0.583141
20.43,175.66428
79.874,208.22493
0.03,0.2715476
461.596,119.79203
0.583,90.072815
330.04,171.41977
17.774,130.88712
9.25,70.9311
0.347,98.89528
599.447,37.574398
0.923,59.11007
0.263,86.37974
650.233,207.33377
39.973,127.46258
179.836,191.50345
19.94,69.77291
108.046,1127.6893
10.07,24.787968
3762.5629999999996,709.8321
0.797,89.58014
30.247,214.36433
20.644,59.719894
289.94,167.5956
11.987,92.532585
30.19,0.4040399
0.22,0.8918759
19.573,2.2929516
0.8769999999999999,67.80694
39.987,20.491737
39.12,85.76681
9.98,11.423567
0.157,104.36106
0.334,269.88556
410.263,712.65607
60.727,145.58313
69.987,222.70853
180.13699999999997,296.74643
18.847,138.63751
2219.333,712.17993
20.013,82.17392
0.03,19.669285
20.036,144.34589
17.706,126.933105
8.69,74.99574
109.293,272.05045
659.923,651.9646
130.827,169.34671
19.487,0.94995195
220.123,142.74446
0.373,64.450516
9.23,0.2596694
1.473,0.2894476
19.536,681.5793
50.263,170.23196
99.924,64.63689
10.19,49.759266
3800.804,309.11255
1.117,57.050053
279.36,529.08673
290.913,207.48616
30.23,75.07866
18.946,120.02573
90.487,189.54921
9.954,101.52169
49.64,221.52025
9.514,189.66753
79.4,91.077736
19.16,69.953514
0.013,55.676468
0.21699999999999997,84.06294
119.79399999999998,186.34439
0.487,0.4142913
0.94,0.62299705
18.527,132.82056
10.34,120.786514
10.18,2.3465211
19.207,328.47702
4824.287,630.6717
10.117,150.54631
40.1,125.409676
0.046,115.42603
118.447,286.12088
2165.103,901.3048
10.753,68.588486
259.023,16.473463
0.913,47.446857
1.063,110.34939
71.453,126.72491
731.707,198.14352
0.69,59.148537
39.987,149.28703
9.724,7.5944495
120.64,6.7005243
49.983,212.60002
90.044,563.7575
19.887,147.48805
29.013999999999996,383.8444
3962.67,1677.0345
0.326,83.12525
19.647,78.97409
10.36,66.8794
149.28,164.868
11.08,36.291122
19.52,178.4118
38.937,107.36784
47.839999999999996,58.978954
1670.51,344.35205
19.883,3.2700236
10.19,0.21664949
9.97,57.61777
11.433,90.8565
0.127,68.33975
119.85,74.48163
10.186,131.10611
170.107,121.65604
19.7,94.525955
10.936,171.34845
211.25,110.782776
74.803,285.73367
30.302999999999997,228.44948
10.787,110.40872
119.83700000000002,81.532074
10.304,1.0312008
260.023,560.18805
19.504,65.411095
190.03699999999998,242.37497
40.277,107.54395
9.204,191.92085
8.777,90.63436
39.866,0.10451206
80.094,106.579575
20.184,162.58186
7.98,3.2016954
10.106,279.64395
0.35700000000000004,2.1624222
18.504,1.837053
18.86,124.771996
29.493,225.99611
879.1039999999999,1355.8212
19.57,244.61754
30.707,70.22332
239.976,528.50024
9.677,9.308641
269.99,298.21918
39.337,34.70506
100.27000000000001,146.67926
0.8929999999999999,182.17
337.6,68.28742
11.677,66.74776
319.627,171.96349
14.403,211.90562
400.0799999999999,165.50401
19.727,84.779175
8.313,59.755405
60.64,273.1532
9.637,1.8020638
20.954,154.67464
170.77,194.84035
90.71,249.69144
18.603,0.69280005
19.857,443.10046
18.647,192.89632
10.634,120.00482
9.316,171.29955
0.453,176.88019
20.153,102.44381
49.966,106.680565
60.87,198.60072
6.72,61.99518
70.05,164.14128
0.437,9.279982
100.037,68.47642
19.763,257.7453
10.944,3.0194812
329.85,138.75679
0.093,168.97456
0.22,244.51898
30.877,54.996376
2819.997,1151.0863
0.94,200.44995
449.99,3.9405458
30.492999999999995,2.1477318
0.143,0.41210705
9.01,90.20791
409.84700000000004,263.88892
0.703,3.3243954
0.123,87.699585
68.927,188.61136
819.903,1426.6483
370.22600000000006,139.34561
10.29,5.0278573
31.11,51.190197
1.25,73.29882
240.05999999999997,89.28795
108.95,162.62071
19.944,197.37833
0.14,38.85355
241.204,155.99136
20.176,161.41547
9.367,331.5974
0.017,57.278687
249.956,687.15314
29.763,23.675262
0.08,207.91522
18.44,4.982963
21.133,123.16216
0.076,3.0893044
19.863,121.60825
2.44,127.266594
9.623,0.17383526
9.903,60.83592
41.353,80.79108
0.314,78.52239
0.75,0.5346367
35.537,137.49512
9.653,1.8847951
10.754,2.9901254
0.11,3.7685494
18.833,174.05902
19.433,105.63879
20.18,0.71359015
20.1,58.539547
40.26,0.7289177
521.003,169.75494
41.12,132.32643
31.189999999999998,139.09447
20.837,3.4040823
20.74,58.681377
9.31,38.8026
6.333,174.8074
749.2,291.17026
329.06,636.1883
9.664,105.76939
19.533,150.07668
8.75,45.097485
10.173,617.55524
30.08,60.63747
170.266,169.37294
0.157,11.202158
0.094,5.9371147
20.19,165.14569
10.08,1.5817957
19.013,244.70178
9.294,111.54326
9.997,0.22745343
782.12,304.80945
190.047,209.24521
49.92999999999999,104.439735
9.576,58.302864
8.993,0.957321
9.304,170.13292
31.016999999999996,96.24353
40.717,3.8712952
9.027,143.5104
29.99,114.78789
39.037,63.885498
11.273,55.185265
0.064,26.82671
2.097,93.75178
969.8030000000001,636.9485
250.07,291.93152
108.51,116.68617
7.37,0.2621339
19.513,8.894129
9.57,30.904787
2071.98,184.13232
0.11,56.46863
9.393,130.98573
30.08,217.70766
10.654,55.71419
29.904,411.0808
0.487,64.09263
69.62,7.1117
30.623,413.33984
30.673,67.99698
0.186,3.0317144
519.573,195.72499
19.25,4.029698
1795.13,260.33215
290.823,193.59552
1.067,144.47809
20.28,294.69678
270.06,41.403923
49.907000000000004,0.27948162
0.17,248.48508
19.483,10.4211035
399.31399999999996,307.458
19.857,120.17307
0.18699999999999997,3.2700236
61.66,210.34337
278.807,117.24604
0.703,50.90742
30.062999999999995,194.07906
18.497,0.7686596
10.324,83.55528
20.433,187.70526
0.08,0.45745945
19.02,223.10222
90.457,154.5852
10.206,0.33640122
0.94,1.2572907
8.823,66.82865
5783.013000000001,910.75146
59.26,421.23465
0.297,91.04031
0.093,66.22857
10.273,85.76341
0.44,100.87607
134.107,131.33452
0.267,8.547438
69.95,261.62344
19.157,52.24208
0.094,1.8400053
201.70300000000003,534.3877
119.09999999999998,88.21239
8.533,4.029694
20.197,170.14302
1.233,79.255554
0.253,103.322334
0.22,56.516247
9.09,190.54222
17.026,181.7959
9.586,67.88932
270.75,1568.7352
10.826,79.244576
0.11,0.223671
9.763,62.735718
810.55,284.623
59.71,194.29785
9.717,45.437744
8.283,61.22279
20.99,82.22556
20.387,0.18335287
60.09,59.320927
9.737,9.910028
1679.56,140.39427
9.786,116.323715
9.673,230.9648
11.923,100.19892
9.84,70.87995
38.737,63.274063
960.1269999999998,1169.68
48.67699999999999,0.36159477
19.62,193.118
0.09,92.541084
0.694,56.109856
107.607,314.41803
1329.97,188.0057
631.74,556.29083
449.893,205.00067
9.81,296.5348
10.533,179.26993
9.214,98.79152
68.093,236.31096
1.25,69.90758
10.966,122.005226
9.83,102.57686
0.28,232.26337
9.813,94.124176
2571.597,1256.0607
19.887,193.6276
10.573,67.9716
18.873,203.6946
489.817,377.3543
60.507,159.3065
18.644,36.152615
0.35700000000000004,116.99872
9.79,1.0893195
25.747,162.56123
29.987,64.50743
19.217,150.84267
19.963,5.0555344
19.72,791.83844
550.413,570.5589
19.977,0.57929814
29.652999999999995,166.30614
20.554,228.9082
319.307,108.36341
0.14,67.70713
28.81,195.67934
100.784,94.808525
9.98,118.49127
15.773,11.100715
20.257,58.574097
9.546,73.12824
2808.193,138.51181
8.744,35.877182
1.034,46.638237
20.23,57.69236
673.173,347.7415
80.027,133.87183
459.977,163.96931
199.817,318.52133
1.313,0.45504725
61.117,1.3373255
10.5,3.8712876
0.11,63.475468
0.27,8.981643
40.017,74.182076
580.48,187.04095
55.65,109.1229
40.277,121.21846
10.58,1.4311929
9.233,65.174736
0.5,53.171497
89.967,198.76529
1.32,107.11756
29.783,0.5215512
70.823,132.96906
9.64,61.99518
369.59999999999997,128.04453
29.563,75.58353
0.673,2.289995
0.593,218.63292
0.596,1.6579864
0.19,63.76405
0.28,46.28859
61.073,94.12342
860.0540000000001,291.15866
39.727,110.86575
10.773,125.993065
20.22,98.52772
10.746,9.667525
9.767,128.64507
0.18699999999999997,65.2716
17.627,62.61926
10.084,120.2494
18.866,50.926373
50.097,1529.3854
59.68300000000001,1365.5396
0.034,1.3049291
19.953,0.32278094
14.744,122.017296
19.837,287.44177
0.19,2.0118914
580.037,128.85913
32.923,96.50785
10.486,114.84938
19.973,154.28116
29.694,0.26431364
30.753,0.4809004
19.35,82.63958
10.877,8.76185
931.6069999999999,234.68501
19.816,68.24836
0.643,110.85568
9.397,130.98193
0.204,0.63155967
1692.88,1066.3646
220.37699999999998,26.727024
0.03,0.20700128
0.233,103.78177
1450.55,216.56999
8.803,106.029655
0.363,117.20005
28.38,345.9377
0.094,249.11977
869.25,284.77838
9.567,4.4812326
209.953,222.76686
130.537,118.28921
11.604,16.198423
30.346000000000004,115.52304
0.233,13.465583
40.89,100.0074
59.373,146.63332
9.143,62.98428
349.303,164.32793
750.0,112.20961
7.933,144.34589
20.37,51.833794
9.94,6.8766217
860.034,176.87598
10.027,0.15240006
1.19,0.7314937
29.527,60.820244
329.533,97.85726
102.134,206.07173
19.613,180.60263
80.057,8.218888
309.793,91.216156
0.18699999999999997,0.40707913
10.176,202.87949
0.03,6.0110903
19.897,258.50192
10.937,152.5841
19.507,92.502304
9.803,57.645447
20.457,0.68912315
9.53,125.02573
11.083,3.096578
59.89,252.3392
28.946999999999996,154.19853
759.297,232.28589
29.827,2.5766375
9.527,1.966726
0.264,105.39589
10.973,60.17523
20.137,129.35388
11.113,54.725273
11.2,73.51137
20.093,78.92185
19.973,49.620136
85.693,466.57828
74.397,159.11273
202.22,783.3499
8.943,90.50599
1.52,56.516247
582.484,174.1688
119.76399999999998,0.22723125
88.753,382.48987
45.967,1064.1805
9.843,91.59393
19.37,159.65007
199.727,408.38223
70.034,168.63298
0.5,106.91667
60.147,109.7406
89.993,171.76125
15.630000000000003,106.47861
0.9870000000000001,1.309503
9.76,139.21686
20.19,217.97255
19.19,137.85043
38.74,188.73483
8.673,221.1261
19.873,34.561985
20.0,74.364944
31.236,37.204437
17.943,165.76819
112.14300000000001,162.159
329.013,284.97095
289.367,598.67413
39.777,164.31528
110.48999999999998,164.13644
7.104,5.3041615
19.946,111.36957
10.687,205.17961
61.2,135.40663
150.233,156.19328
89.343,182.41971
0.093,0.23794374
170.547,631.337
3720.467,854.87573
19.477,3.1812472
370.346,187.0713
20.047,195.49345
29.877000000000002,24.111664
19.134,0.9135832
9.89,0.9713287
0.407,215.68318
20.29,16.777323
0.407,4.2707844
9.706,70.41749
39.243,67.009125
0.0,23.023748
10.66,2.3340812
219.947,136.51569
10.027,25.942411
8.81,94.00565
429.6,171.28539
340.623,2.4733276
10.76,209.7904
200.16599999999997,213.92447
81.117,96.658455
519.947,402.18903
19.973,58.41382
10.194,68.98899
199.54,596.68866
59.767,183.17656
0.77,14.275721
0.25,174.71777
20.25,120.67387
19.707,19.226738
383.78600000000006,323.0737
70.64,386.16202
10.814,0.15134406
20.16,10.935993
20.277,111.34701
30.203,127.00193
20.297,91.33717
16.27,137.8895
82.517,181.46072
130.307,515.8176
530.353,478.92548
70.89,98.11274
69.913,57.58835
30.082999999999995,372.8904
20.09,0.16562125
44.457,85.32399
179.197,24.079681
19.357,127.37425
9.497,93.37337
190.27,258.70734
9.99,0.24613048
19.903,1.5508177
0.0,5.22141
40.18,284.66278
60.10000000000001,138.38506
21.41,0.28236318
20.047,91.83526
0.156,62.410522
0.173,71.36181
10.51,98.13478
29.277000000000005,57.35591
510.227,225.45209
10.306,85.112305
10.164,0.57843804
19.573,51.353065
8.777,54.676346
0.063,98.13478
70.29,191.85048
22.28,154.58879
0.204,111.07985
60.223,217.52365
39.983,5.324371
29.733,70.433685
19.274,55.77483
69.743,140.11523
10.35,72.63007
31.917,141.86021
0.234,190.89326
19.523,6.4456444
140.61,116.803505
279.524,168.57051
9.943,0.26713303
129.027,197.62456
31.007,59.443344
120.61000000000001,83.02414
9.024,0.91103226
49.44700000000001,325.00922
9.727,69.89482
320.704,87.608765
80.717,192.9583
0.11,94.71267
20.247,5.7194705
209.707,14.513253
2.367,238.36337
17.23,165.11359
9.796,0.7945807
69.434,215.9944
20.22,81.87993
20.927,208.48747
10.89,332.22952
9.046,178.3038
249.01600000000002,219.78836
15.153000000000002,37.868313
17.97,1.5231469
139.94,520.59216
14.646,221.0109
9.854,7.0559077
161.04,129.99297
210.01,496.84662
20.496,92.86227
10.983,60.539722
9.11,9.056232
9.63,2.7094917
120.113,160.3698
160.013,134.57872
0.47,292.26578
9.44,83.1213
10.27,218.07806
37.253,250.65286
100.04,0.2858649
129.79,92.32528
110.23,223.81477
9.34,62.1332
19.987,152.47688
10.03,86.67892
21.006,216.4405
50.2,114.655464
8.83,100.76597
21.174,273.15906
8.87,3.0485325
29.573000000000004,196.72307
10.64,134.52576
9.047,66.505585
19.594,0.3902914
29.95,67.64668
0.92,368.893
18.597,59.90316
0.516,20.072762
30.559999999999995,123.595276
39.824,333.78836
0.22,318.52133
0.813,54.698326
190.44699999999997,416.37198
9.93,0.2180455
8.754,3.5563889
60.163,167.24857
10.277,132.7195
49.03000000000001,79.93748
0.093,3.9061677
670.64,173.01105
193.41000000000003,125.39559
129.81,431.64078
19.317,2.9395573
0.233,62.7887
39.357,105.35538
99.51000000000002,472.25092
41.333,283.42548
42.603,106.30764
60.857,0.3358422
288.793,225.09883
510.14699999999993,28.360516
60.307,124.52483
50.06399999999999,133.06819
20.206,8.134221
220.23,120.43822
0.673,77.09943
9.077,0.64740455
10.15,125.02573
39.587,171.1306
29.313,2.2799823
86.774,206.38446
0.046,1.3139638
105.277,29.894964
210.397,61.50252
839.333,355.45068
17.004,86.67884
9.997,109.929405
0.016,182.00482
10.34,9.680031
9.577,103.2138
19.49,0.17633264
110.20300000000002,173.22298
9.517,227.05722
0.547,103.44824
19.454,116.53117
70.357,197.88213
10.637,23.453821
0.22,0.52609664
30.25,51.353085
40.876,231.85814
10.167,1.235266
10150.703,213.92798
10.134,178.81235
0.267,77.64328
960.143,237.77959
49.514,287.1439
18.99,79.6212
9.91,128.25197
0.58,21.900898
29.973,125.538795
4824.134,1288.4022
21.627,236.34634
19.727,4.7572207
12.157000000000002,92.22885
9.293,118.11005
48.883,150.6239
10.814,192.64342
0.233,63.673027
39.947,162.13695
29.975999999999996,354.406
11.37,66.66692
19.517,226.73581
324.557,200.47745
18.607,69.90758
19.657,592.0351
0.314,221.13156
0.673,69.63521
283.727,338.27588
9.957,1.7791536
10.29,203.32626
18.76,4.6259956
999.5770000000001,392.06107
10.83,16.962353
11.902999999999999,95.627075
0.313,61.009052
70.63,4.8678374
10.067,3.2587137
301.914,146.1589
10.67,74.002594
29.046,81.86043
0.766,101.84607
20.023,665.331
190.65,151.99422
19.103,89.7006
0.25,10.360493
10.167,92.797966
19.316,1.1965007
249.283,19.058146
149.38,834.5916
20.917,1.5030782
29.872999999999998,137.99994
300.55,210.64632
50.42699999999999,2.0747828
230.4,250.86095
19.173,37.509007
13.547,141.16734
20.067,414.77264
120.496,129.54074
130.027,269.60156
19.677,0.76595294
18.94,82.11129
530.14,186.62827
100.167,137.80824
29.466,102.68731
0.907,0.82797974
10.997,66.94949
0.597,59.124687
381.953,539.3997
10.234,1.5179454
30.69,80.84817
19.98,142.73431
4890.594,7203.262
18.103,90.49755
10.737,2.060867
179.07,199.07423
0.046,0.18556726
11.226,157.7133
20.047,190.98347
19.973,17.355534
9.197,56.317154
18.203,115.8933
0.233,0.3596413
47.53399999999999,219.78221
69.794,214.21559
10.303,0.9028116
0.4670000000000001,81.41923
0.11,2.60722
0.0,157.22223
20.397,0.33027977
18.073,56.653328
68.923,189.22957
59.377,97.77185
28.503,1.0943631
43.003,70.79836
0.076,46.28859
59.29600000000001,437.22974
10.31,10.682507
40.534,190.77618
82.087,3.5714953
120.34699999999998,191.87823
39.403,60.404865
13.547,48.328598
19.963,52.64744
1403.773,234.53525
0.094,2.5900123
9.904,142.81154
110.587,1.8688676
9.913,98.718506
0.013,104.51858
3492.8329999999996,403.34988
0.687,81.11348
19.86,107.75684
0.107,80.267204
9.11,220.9869
40.597,32.935974
0.123,0.19959173
139.017,170.82684
40.544,158.51746
9.746,4.060143
60.376999999999995,1.0159051
55.28300000000001,223.81726
79.96,183.46823
502.4940000000001,213.82324
18.993,1403.5869
19.886,206.3471
69.793,128.10971
9.816,0.5164168
9.16,68.48595
50.31,186.27548
7.306,54.396183
19.903,246.1078
32.493,7.610841
8.883,192.95395
39.783,7.858693
48.163999999999994,1.0569518
239.0,73.83053
19.623,216.67076
40.286,196.64647
19.803,126.21351
9.29,20.124454
281.68,196.5663
19.74,27.916042
19.086,100.835175
259.207,108.1355
19.107,108.63867
19.187,0.7553325
9.883,118.365
51.993,200.51877
300.096,94.36222
0.094,9.277689
61.407,323.13214
180.144,45.803055
70.183,166.86559
11.154,56.9623
19.334,731.35345
110.454,30.756584
39.4,262.72397
530.757,615.3114
10.677,80.31845
58.774,114.06154
9.743,102.42275
9.177,26.010336
0.11,2.5589266
19.71,1.3561348
10.324,146.30049
0.14,94.468925
0.267,63.831406
19.947,193.6276
200.06999999999996,136.8618
2980.324,147.94861
60.10000000000001,142.82089
9.887,3.5714953
600.447,162.3076
9.953,192.19916
521.906,366.9796
18.99,49.90229
231.963,202.52652
19.697,80.35421
29.504,41.407116
10.254,61.392227
280.063,206.15785
49.913,252.53001
249.733,14.0702715
0.407,1.8471433
6.8629999999999995,59.097492
810.006,369.6024
0.253,4.811553
9.327,1.2936525
0.047,66.82865
69.367,254.63654
108.113,131.03638
8.99,57.98087
108.56,92.26912
21.664,219.40509
0.313,91.61787
69.697,206.2579
0.093,91.409004
250.893,263.62677
10.12,347.7415
0.797,172.42563
39.577,166.14832
16.547,8.1193905
129.157,221.39963
19.543,117.54253
39.863,22.915695
100.89,9.023392
20.877,61.380768
61.087,100.262726
12.167000000000002,377.6802
1240.997,965.53284
1.063,6.943043
9.444,56.60039
69.91,85.65989
20.604,0.6588915
109.9,452.87845
40.3,190.30417
8.093,54.062466
10.873,0.3994615
63.843,2273.5374
121.913,387.37332
849.7369999999999,225.66925
9.504,0.69612527
20.507,265.3109
70.007,7.461922
9.093,83.35615
0.08,120.82995
190.783,175.04504
35.274,111.40783
9.82,212.41515
19.607,185.35063
0.8500000000000001,0.3103749
26.32,200.74174
10.12,14.233224
9.22,0.16922978
1160.663,437.0198
400.037,183.30739
9.683,3.8439846
300.407,275.96375
7.489999999999999,0.43849462
0.72,128.21356
120.05999999999999,225.03496
40.893,138.6184
9.453,0.15420121
19.783,63.004982
29.786999999999995,224.73334
0.013,70.1104
29.897000000000002,59.97452
0.284,107.85903
289.297,1.6604326
89.017,222.09367
0.266,485.96732
20.413,213.06567
10.354,176.96489
130.737,111.63036
0.296,70.07285
10.327,149.22545
19.8,357.3864
219.68000000000004,176.07962
130.196,420.50925
1.27,114.98209
200.00300000000001,14.95852
108.73999999999998,126.21326
500.767,113.72063
124.65,10.427246
1.157,142.94348
9.227,116.38653
12.172999999999998,125.26031
9.997,2.201958
8.567,173.32362
9.013,72.63564
2.16,123.96142
10.67,1.5741452
18.11,414.61743
9.99,84.52252
9.907,81.037224
11.47,5.7637467
29.6,127.67901
19.903,2.3578985
0.17,81.34268
0.25,59.083088
49.867000000000004,23.750135
10.747,1.0259626
60.347,234.16348
110.563,181.46208
18.29,136.96498
10.79,0.2045994
50.10399999999999,291.5955
20.013,92.78784
0.013,157.53354
399.66,132.08958
0.063,102.19564
12.48,0.31773183
239.66,379.21326
8.66,101.03708
0.763,94.12597
59.839999999999996,37.978436
0.28,4.228264
0.063,221.44226
0.107,153.90459
139.704,129.96979
5489.27,880.0968
10.443,0.6754221
0.907,0.35836422
0.19,2.0874805
3801.583,316.0039
558.994,207.11644
39.673,94.90376
699.69,178.3212
34.95,8.145056
19.46,188.04536
8.773,100.1339
29.527,55.52934
20.017,157.02367
29.877000000000002,178.25139
200.313,145.2741
8.727,171.55647
18.964,1.7050103
1300.224,283.8282
20.1,134.91235
1.9400000000000002,126.933105
110.833,146.24757
0.017,0.6462516
20.82,20.196638
9.254,2.5589266
1791.5399999999997,592.0365
0.077,1.3056985
40.103,51.686172
20.457,2.9607444
40.4,257.03482
40.1,7.421922
279.763,38.80846
1216.477,338.40988
170.9,12.240937
9.8,75.53258
0.153,110.40872
23.71,109.77724
78.88,170.54045
34.883,118.554756
21.277,159.8375
1.313,210.19373
9.42,58.183735
519.33,286.68408
0.517,164.93233
0.83,82.49832
2170.073,200.52122
7.357,70.433685
8.203,68.633446
9.573,4.0177226
31.183,145.43265
61.636,184.55081
100.453,88.578766
9.72,58.17391
0.203,101.52169
49.814,165.59863
1.19,2.4690692
0.27,20.343681
109.393,205.82578
0.237,52.006386
349.496,148.11186
338.43,41.368984
210.426,132.47041
78.996,113.87398
60.327,5.5402455
9.51,1.9174056
1.033,125.73607
70.33,1032.5859
169.346,53.892097
29.794000000000004,0.5297325
129.84,248.90685
140.387,443.56647
38.71,0.32707974
1208.126,340.6483
0.047,102.33878
8.897,91.96492
8.86,0.4689378
220.147,142.85335
44.8,96.17064
0.157,6.3060737
179.86,338.32904
11.093,0.16922978
10.52,10.166095
9.763,182.66992
29.117,342.29034
37.64,65.58488
0.186,153.10477
19.54,0.75158757
0.216,119.06183
89.55,171.78156
419.866,194.914
88.727,197.20505
710.644,324.3917
0.39,226.07619
0.157,117.62043
869.86,214.60416
80.997,272.3846
139.83,211.21695
39.907,200.8705
0.82,65.005226
150.057,169.83713
310.283,267.3666
0.127,61.656265
9.47,75.08205
10.023,4.800824
48.51700000000001,123.48654
29.38,58.951893
30.559999999999995,144.01048
1.36,58.64005
829.1600000000001,308.9346
80.54,198.81013
29.213,67.6329
8.96,97.848595
8.756,0.1375429
329.82,264.94342
349.967,317.0049
1369.173,156.26738
59.063,134.54347
700.01,420.22525
11.5,1.4283936
399.824,81.26304
10.456,0.41729295
10.046,0.60515666
52.017,189.00723
19.94,3.5223675
9.593,58.28147
10.074,1.0893631
10.793,242.92038
29.309999999999995,84.11038
2933.4669999999996,239.52853
30.1,0.5095581
19.99,161.94725
0.123,2.438749
117.187,15.421928
40.087,71.24118
410.02,52.614906
28.2,102.49792
20.366,143.48708
18.714,70.44955
1260.79,226.21912
10.014,53.407635
0.064,201.09253
810.2100000000002,140.7028
9.404,57.41345
9.856,235.75224
20.034,168.61809
10.93,30.238968
0.0,16.130335
260.64,210.13783
62.30700000000001,134.8333
50.147,0.82705563
19.327,53.525738
20.057,51.19305
10.86,215.57817
120.757,8.823403
19.916,57.72456
1439.68,93.07823
20.04,175.13904
21.656,52.585712
9.357,0.53079146
230.277,144.57591
119.797,207.6343
2.354,82.293175
13.263000000000002,130.74579
1.203,104.970856
90.24299999999998,120.35427
109.72999999999999,109.28852
21.35,95.89984
50.027,424.13208
7.537,106.25101
0.626,8.781823
119.813,72.751366
9.543,252.38208
0.14,6.129305
19.057,8.675518
290.76,211.44618
8.99,0.80335504
0.047,11.070444
19.357,80.84817
20.51,2.3193243
20.226,124.550156
20.643,65.847404
39.913,118.376366
9.854,158.05667
10.696,229.45496
0.18699999999999997,59.083088
0.203,67.16572
39.14,52.803013
29.754000000000005,124.99219
331.997,190.99756
12.457,181.46072
50.50699999999999,126.83306
305.24,188.3782
11.290000000000001,68.881805
362.013,169.46936
59.447,131.18698
660.093,30.306995
39.82,28.883577
0.657,1.554896
19.72,9.5884285
11.093,56.023643
9.767,119.67171
0.047,178.58223
289.303,232.00104
180.13699999999997,248.94272
38.773,44.778286
0.25,107.36784
160.0,182.86485
93.513,279.83112
20.97,221.67535
97.057,165.43884
329.604,205.4769
9.78,1.9174056
10.016,182.26375
10.943,22.04471
33.796,145.87517
20.484,0.6813208
8.786,44.937622
169.463,185.04295
9.98,56.71048
17.907,189.49924
120.19,210.55469
19.823,59.785458
20.26,153.28706
9.867,59.67819
0.0,0.10789925
0.956,38.666115
2.52,66.697556
1.966,10.360493
50.047,125.208984
19.903,355.00677
10.553,74.222664
30.716000000000005,234.23665
51.147,68.11536
1.063,14.261697
58.664,61.27585
0.06,3.0929835
20.33,3792.1592
9.1,119.20098
419.983,326.0801
9.304,49.930817
1.047,58.302864
21.087,59.21629
19.887,32.95454
59.547,626.3585
190.044,293.49823
150.877,172.77245
20.47,201.07175
1.0,0.3570543
320.536,540.97864
18.857,69.20369
91.17000000000002,166.48969
20.21,7.5573564
8.1,484.21155
10.517,91.22488
500.5400000000001,267.90714
175.37,220.01471
1.11,199.86081
10.52,37.4184
9.87,213.83942
50.433,69.71462
752.887,206.5942
0.19,370.1775
0.483,56.60039
19.897,366.9796
61.212999999999994,145.2772
630.36,487.22134
0.567,111.52957
0.08,66.4251
45.463,124.68279
9.953,142.04999
1239.917,186.18098
0.173,84.85535
9.157,99.45255
1.5970000000000002,83.30133
60.413,286.46982
50.78000000000001,140.02199
49.883,13.075182
11.449999999999998,119.86399
0.753,70.94238
89.333,194.89987
991.1329999999999,294.4958
379.8929999999999,63.908432
8.386,75.31915
20.04,128.91496
20.01,123.45196
20.35,236.17345
19.373,1.8767332
20.324,220.40848
269.353,181.00104
240.433,143.5104
649.563,454.11386
0.296,70.615845
0.017,117.69262
9.073,207.50467
0.076,91.96492
1.03,6.3043423
61.83,131.39067
1.9870000000000003,65.411095
0.487,58.97537
0.046,0.19959173
109.69,120.98737
4.16,7.6917114
29.250000000000004,216.64156
287.673,188.30304
32.55,179.10297
0.483,2.8674283
349.91,242.36417
9.84,70.11043
10932.75,224.17416
19.867,32.463737
9.304,0.07231623
130.063,193.29231
123.777,66.61633
10.237,84.22559
0.08,1.1762458
9.07,1.036863
90.61700000000002,166.04889
19.85,368.1708
149.116,150.84267
0.046,68.103325
0.06,67.62588
99.716,182.58301
70.577,206.90736
19.59,648.5075
10.21,33.481876
21.0,84.16508
19.363,262.06876
9.674,173.32362
213.87600000000003,109.32844
9.483,66.50475
19.61,39.196247
10.117,190.54222
180.33,27.780434
0.18699999999999997,92.52659
9.63,134.01926
11.057,49.759266
2699.42,1533.5399
0.784,3.403355
0.017,4.787854
40.257,176.69576
19.97,56.459755
9.173,36.920963
9.973,67.64668
300.203,284.04752
109.307,72.99079
9.74,47.706642
9.05,67.051445
249.79999999999998,29.736786
118.837,1337.5916
105.26,138.84026
0.767,60.83592
0.437,3.0485325
300.46,178.96283
0.597,0.14273977
0.657,180.52916
302.293,199.39972
0.017,84.38144
89.84999999999998,121.739914
19.903,553.06445
59.326,120.60495
31.053,258.15103
184.07399999999998,149.239
1159.796,489.50452
58.129999999999995,67.051445
39.447,7.572684
1664.58,556.1082
1.5169999999999997,54.91064
620.714,393.0746
10.05,1.8312002
180.244,220.68343
90.037,0.18308745
1.08,124.01465
21.37,118.52453
16.79,66.62589
9.95,7.944151
9.464,2.0258183
22.106,140.56
375.587,173.14276
9.387,148.26651
9.897,57.536285
19.75,101.52145
69.677,356.7174
1701.0729999999999,166.63037
8.413,2.451279
10.323,3.4120703
29.517,447.34714
169.624,118.70598
559.81,1600.4355
0.486,2.6205304
30.45,164.73224
9.857,81.92741
9.627,58.432167
20.466,2.3510075
8.566,68.46494
60.673,151.56546
20.494,0.8150671
100.09700000000001,156.99576
10.467,93.81403
119.31,157.722
20.27,0.099134535
0.657,70.79834
20.77,58.304092
29.88,0.8555339
60.21,192.53004
60.013,93.147575
10.07,3.4361618
88.88,85.433266
30.286,173.96547
29.98,79.54582
259.637,61.471916
20.16,68.90167
8.87,60.31948
719.95,1735.8425
10.783,109.552734
9.337,117.47619
20.693,138.33986
39.34,359.91068
479.73999999999995,209.24481
40.14,83.14969
57.833,252.55876
99.736,219.56824
16.74,130.44371
0.077,73.81313
164.61,211.63062
5.023,77.269585
0.66,3.310388
88.533,384.7096
20.183,218.9217
11.52,175.37578
749.716,347.35333
119.88699999999999,216.45235
20.48,56.311195
60.202999999999996,156.46057
119.253,233.98805
201.21,119.0855
9.823,173.59547
30.109999999999996,174.9744
69.77,136.0554
28.677,0.05106132
0.297,163.08684
109.3,62.933674
58.82300000000001,393.67487
0.58,63.628483
0.453,2.238307
0.094,1.309503
9.887,0.16456762
208.656,148.47879
10.453,251.27956
310.64,802.9897
5540.83,621.33765
619.767,502.15796
0.95,120.05655
529.814,191.48228
19.553,60.491196
68.223,246.22498
210.967,147.1037
219.28,46.308502
189.667,1515.2021
8.534,49.294735
0.21699999999999997,126.78621
19.69,47.337986
128.343,285.48395
0.157,187.32877
61.8,419.67407
19.874,139.29297
740.5999999999999,246.23163
0.797,40.186085
30.233,72.36321
20.097,84.959045
0.11,58.64005
8.027,109.07852
414.087,210.5953
81.687,326.46198
0.546,7.4199395
89.45299999999999,116.61432
40.256,848.23505
0.503,3.9734986
0.9530000000000001,120.82995
49.47399999999999,42.755108
8.616,0.34427363
9.754,55.837772
0.0,0.24621034
0.144,158.58061
10.767,165.62344
1373.416,279.04764
79.39,231.92546
269.97,96.53385
59.874,181.46529
819.757,527.3964
28.793000000000003,125.38081
10.077,2.729653
1.33,124.71932
1160.07,662.0764
309.863,268.7263
50.34,100.41988
161.166,207.96141
109.37,201.6922
674.313,387.5349
0.093,108.99874
7.832999999999999,83.971344
180.25700000000003,393.7527
30.25,476.37805
1279.753,558.2046
0.14,0.40707913
14552.21,12230.165
60.02,109.63406
48.273999999999994,288.38882
9.157,148.80724
0.237,70.743576
99.966,46.311214
360.117,180.51549
9.38,0.43028912
70.636,123.58877
29.250000000000004,164.0364
79.033,4.924192
229.94,165.45244
30.026999999999997,124.573685
18.884,0.20038132
11.937,2.7094917
359.043,506.1015
10.097,332.27118
19.38,60.891796
1.083,110.48458
0.7059999999999998,56.407967
59.745999999999995,24.237408
30.126,77.03578
91.024,134.09573
60.66,146.25864
50.65,207.08824
170.227,202.1548
0.313,113.901054
30.803999999999995,82.66122
0.22,1.5319457
69.456,170.75316
0.233,0.27314132
39.51,29.935179
620.007,2.2257743
79.903,2.5866997
9.967,69.67294
29.660000000000004,167.30418
69.676,144.84943
29.620000000000005,292.06598
9.92,181.96733
7.72,166.6474
430.86,418.06433
119.99,223.59743
40.036,111.54326
69.767,113.26043
9.173,0.2451522
110.573,61.387497
59.34,186.89592
289.26,155.65016
8.38,0.25571775
422.21000000000004,136.94109
19.747,67.06422
159.22,658.35876
0.78,0.5738519
49.373,16.610735
200.00000000000003,466.47192
77.964,84.85535
0.61,199.26056
48.024,268.9317
1.047,36.152615
80.263,131.43341
8.974,0.6754221
19.877,203.1872
383.903,690.97675
0.313,92.0897
30.890000000000004,18.585094
50.223,93.05564
10.08,58.038258
12.577000000000002,178.5652
20.163,113.64281
0.236,60.405613
0.797,111.07985
69.797,127.9917
19.847,0.68460727
90.624,194.21281
160.02,394.9553
11.283,93.51362
0.36,39.424168
18.44,66.81551
60.106,202.35757
29.534000000000002,52.152637
28.246,92.64513
498.603,195.74164
49.943,122.520515
30.737000000000002,13.190841
8.633,107.220024
18.557,106.878525
10.747,0.53079146
8.65,158.68456
19.02,0.18994102
59.203,86.18516
0.123,118.29054
9.927,183.33748
50.599999999999994,118.585365
0.33,15.992238
8.723,101.84607
0.88,1.9033725
0.077,1.4958314
179.667,128.29015
20.007,6.1543293
11.453,66.82865
19.596,0.28094223
30.267000000000003,63.332966
0.14,62.755707
7.9670000000000005,0.43701765
0.077,1.7415361
69.547,175.34457
8.254,82.60132
41.14,363.82727
30.377,154.8028
19.917,343.0607
925.32,265.48224
19.177,326.6583
134.13,82.94207
49.79699999999999,109.60804
1.207,101.08117
40.84,125.35279
89.33,0.3507144
49.893,24.523584
0.127,80.44686
0.21699999999999997,130.73883
39.767,119.83332
39.547,615.7411
0.347,103.83708
19.36,115.11803
9.234,7.884662
89.70400000000001,981.6567
1369.813,473.31738
0.173,140.86148
27.69,114.33757
8.456,77.33498
1.207,71.5163
0.28,1.8767332
209.58600000000004,112.58922
90.987,5.245539
19.083,168.35074
9.087,95.30292
80.033,147.0707
10.693,138.45026
9.703,2.9475377
996.733,524.7695
0.064,145.23907
5.187,169.73128
59.76,152.52654
0.39,183.16656
100.67,627.56067
479.89,209.11914
279.794,213.099
9.533,2.0874805
9.6,68.481575
9.22,90.3352
1.094,91.85799
819.83,238.55533
0.14,3.6456108
8.337,96.21422
340.034,289.30524
0.36,69.99773
985.434,303.1283
150.147,274.13263
0.22,2.5154057
9.81,56.21013
10.024,71.02322
20.333,154.88588
110.56700000000001,112.17685
29.8,142.05038
30.870000000000005,3.4389348
9.187,15.605769
0.203,1.0626996
18.367,59.924553
20.03,260.3615
1.9099999999999997,95.27815
1317.176,368.8106
2.036,65.983315
900.154,120.26828
406.25300000000004,361.64355
10.143,197.60149
10.24,87.55169
540.537,273.83017
8.77,244.2929
49.14,199.50716
70.05,281.6904
18.84,87.433685
399.287,735.90466
90.67,170.6376
8.777,117.35401
10.39,55.475838
0.517,0.31909254
188.85,101.60233
199.68599999999998,219.45146
91.75399999999999,338.32263
60.2,202.5695
99.5,245.48296
19.43,5.7489214
58.02,680.8268
0.44,118.68902
98.99,79.11519
1251.917,159.08864
0.343,141.20969
0.28,92.797966
61.43,96.688225
0.9099999999999999,1.8847951
29.75,166.55438
9.997,60.66418
219.517,64.65624
10.974,4.9320354
9.483,68.01998
0.063,81.174
42.467,206.69147
0.123,15.713936
511.173,174.57741
31.397,8.185526
68.647,7.904535
30.050000000000004,93.05564
10.08,453.39487
8.607,40.87717
69.973,135.31699
34.303,2.0691736
119.797,189.79144
19.086,75.68739
8.793,311.8821
41.006,28.621798
9.226,120.38914
95.16000000000001,118.2663
19.407,121.16324
139.95,501.44293
258.437,90.52915
30.223,46.743195
28.793000000000003,87.658134
0.534,128.36923
318.687,473.166
10.49,68.30173
70.293,190.52469
10.186,0.45118105
0.483,92.150894
18.61,310.2025
21.047,140.79079
88.4,106.36046
0.08,0.93389046
19.877,0.3944653
14.892999999999999,56.923763
200.99,378.54672
10.243,91.96492
9.837,7.7835135
29.903,676.3746
30.096,192.2302
18.603,73.92795
8.74,119.970604
40.323,302.11258
20.17,115.659424
30.447,52.411232
31.373,219.74405
0.36,110.632
34.503,139.0786
0.094,86.20531
1.203,414.48972
8.494,5.9839425
50.247,78.92185
29.687000000000005,129.26263
0.44,271.039
27.867,92.06744
0.094,66.829735
1.127,107.54686
19.933,67.40811
9.51,2.2219567
89.98,96.24545
7.94,106.036514
170.313,131.96141
5561.307,299.51797
30.017,98.6478
0.31,59.750504
0.03,107.27237
55.36299999999999,239.22168
20.223,205.84627
12.754,159.11273
80.123,1.9650351
10.267,56.54667
0.55,187.97339
32.427,291.0416
20.357,163.17456
6009.68,125.00719
627.08,177.8317
60.21,71.073875
0.046,92.19444
10.834,93.09758
42.413,358.6235
79.317,181.62067
20.153,0.28417203
19.797,0.099107504
0.483,103.83708
8.597,71.62173
1.047,87.08091
250.883,132.69336
0.44,1.0181814
1820.9529999999997,214.81485
0.156,105.39589
0.537,118.334435
52.78,131.63367
0.016,44.76106
110.497,258.05222
0.36,60.819607
0.14,58.496964
131.863,195.43596
59.74699999999999,131.34938
49.98,224.87025
29.56,114.13136
30.306000000000004,148.17874
22.483,244.70178
89.72000000000001,4.441269
8.827,182.48277
50.07,283.89224
0.127,0.8150671
39.956,80.267204
79.987,24.214405
10.08,11.202158
30.29,130.1146
20.303,70.9043
8.723,1.729829
19.217,145.75722
20.387,114.30506
170.41,203.2849
9.073,57.67824
0.343,0.21199082
1.467,12.757144
9.48,2.3972764
60.734,230.43494
0.144,122.09613
9.53,2.0249882
2.237,70.82928
19.237,123.17998
29.87,67.35523
735.71,265.70966
0.58,16.858799
1962.5129999999997,324.8176
1.5,42.080154
19.236,204.73244
20.524,5.3297596
89.59299999999999,151.71436
9.983,163.72012
8.706,0.14785863
29.886,382.8557
0.0,34.79629
20.213,104.23881
449.684,281.12616
50.724,1420.2307
2692.2,238.60568
10.227,95.02658
0.11,131.5515
180.237,135.84666
21.663,91.7272
1.487,103.07084
0.18699999999999997,47.371433
0.127,83.29067
1.9599999999999997,7.5988545
10.65,72.50699
40.97,103.09475
19.12,219.19757
30.267000000000003,127.28293
110.477,15.778795
38.803,66.58618
39.553,72.617294
159.86,167.40228
2479.817,247.35408
0.216,14.254001
0.9099999999999999,1.0582124
119.613,158.50285
19.913,74.012085
1060.357,393.75565
9.79,28.589624
9.934,116.761284
300.564,387.46124
19.283,56.080986
0.093,100.46729
8.767,66.063286
0.78,104.683586
9.92,198.6553
89.383,184.43532
38.903,207.35234
9.163,67.47786
488.37300000000005,181.05421
160.623,0.37846616
270.246,142.18631
50.447,223.35828
20.023,71.32266
2604.75,611.259
20.62,255.51636
89.977,447.77084
29.707000000000004,13.492658
0.203,20.124454
20.677,92.6479
69.887,119.2173
0.66,105.23336
19.703,105.591805
11.11,219.89185
0.28,79.61772
79.997,153.33852
8.477,127.53588
147.74,222.14636
40.27,72.49811
329.37,221.4161
19.407,63.244133
10.62,93.65961
20.073,182.07172
9.844,38.616974
20.183,8.503127
10.227,210.506
51.036,109.30161
19.914,80.146416
160.41,101.09135
144.236,0.20876853
20.02,3.8712876
19.053,125.173134
9.844,331.59753
10.263,0.73119104
20.243,5.632823
29.587,206.92688
59.46,117.14873
30.344,175.04488
9.59,128.83763
178.33,201.42073
0.81,104.06518
1350.53,187.5718
59.73,197.07738
9.997,58.17391
0.127,1.8237904
0.863,238.68036
0.267,118.13544
358.69000000000005,298.54422
0.11,0.3358467
55.183,560.875
9.73,54.725273
27.343,0.02547869
40.36,82.96512
1.067,75.53258
80.41,5.347155
319.994,223.46327
80.897,387.10162
30.779999999999998,71.323135
9.37,151.4245
10.33,63.020164
141.38,152.2004
10.046,59.379486
20.054,221.62991
0.783,80.663704
0.313,105.81825
19.444,59.466496
9.757,95.347084
9.67,370.72183
0.8599999999999999,132.68452
0.063,1.631542
360.3399999999999,85.50095
10.306,90.015945
30.8,132.15073
0.957,92.62661
0.393,6.865
10.696,219.21298
0.034,123.84405
0.9700000000000001,567.78296
10.107,117.35401
19.724,122.36166
9.78,93.895096
20.007,438.42178
10.516,22.191397
19.386,39.213875
40.033,152.00507
0.283,0.32762733
38.067,95.45104
8.263,0.16298823
21.033,200.83096
20.21,241.04897
40.05,119.82165
19.91,70.046936
80.26,481.5744
1.02,274.81058
140.11,313.19693
10.616,92.95787
0.064,263.0979
270.2,216.89853
19.987,108.99113
0.19,115.42603
0.66,1.1762458
1285.526,513.3876
26.196,118.682076
0.0,3.405322
69.65,84.850945
217.957,254.75465
69.686,189.94862
156.9,140.6007
1182.657,124.085556
169.686,100.99314
30.037,182.60574
9.017,116.44994
29.643,273.24554
2.613,58.756763
60.52,2.836473
17.943,244.42015
21.32,57.762295
9.187,88.55546
29.65,72.38293
19.894,44.530773
689.69,503.17017
39.543,169.83987
19.357,0.9093188
10.647,0.15700638
110.2,177.36502
0.047,85.2857
119.71,147.36058
338.83,170.88982
10.0,53.525738
8.783,57.570778
8.763,0.2045994
0.39,4.0466647
0.52,396.86423
0.703,10.828834
1320.33,176.99127
19.767,268.2636
39.153,58.476383
49.21,209.95813
38.287,98.36451
10.11,1.4036429
9.913,70.298645
320.62,131.94359
29.663,135.93723
8.053,122.74922
30.057,267.12827
19.473,21.442411
19.413,27.267437
8078.04,225.7288
0.14,119.51142
161.187,325.1816
10.03,132.80054
9.75,140.46416
20.347,176.48592
48.996,173.0371
18.557,162.72823
9.814,146.0446
50.073,0.8641297
0.046,5.7209926
17.934,123.96142
31.814,415.62247
19.54,60.699043
0.734,3.4395642
1.097,116.127594
0.17,110.40872
621.083,173.82373
9.87,0.11139623
680.293,838.85925
9.703,192.89981
230.514,177.16354
0.097,0.8441739
20.407,131.07469
0.423,0.52799296
80.784,293.90305
39.274,1.1044849
119.45,174.05713
19.727,34.862904
49.83,20.392902
19.4,72.50699
39.91,167.0913
0.047,73.41278
139.923,13.770613
18.267,190.77356
29.2,166.51895
339.533,68.12635
9.717,58.183735
18.963,213.78601
0.233,15.69363
0.5,27.764927
9.947,3.7013216
19.304,89.788246
9.93,17.689293
0.58,67.4794
10.47,165.47934
28.72,66.81551
0.017,199.35211
28.277,131.08823
30.233,168.83725
38.87,32.418293
20.357,256.24918
70.114,121.27553
19.88,95.51062
10.7,5.9901075
306.513,779.17334
0.063,115.756584
69.933,260.80255
1020.36,284.73242
176.19,110.415146
40.56,366.8772
0.423,120.44263
0.9530000000000001,92.287025
19.403,352.7269
19.083,142.3325
60.817,5.3348656
20.187,1.577623
269.607,423.78885
240.887,92.9945
119.41300000000001,556.84766
29.307,7.862118
69.57,15.487672
25.457000000000004,107.41342
9.293,12.239722
339.92,220.66246
20.89,294.4753
169.997,86.544945
0.814,44.857895
0.047,0.9101013
619.833,151.98866
0.233,60.891796
0.126,6.129305
0.064,51.755272
6.883,89.58014
30.653,73.777115
17.473,322.3368
0.14,125.6335
10.176,80.27546
259.923,199.71896
0.537,109.29913
9.54,50.40894
11.677,131.24751
31.213000000000005,197.28757
10.673,91.74719
782.773,283.63025
300.363,209.83484
10.924,88.07136
9.663,18.105303
29.08,42.213192
10.437,8.831348
39.567,80.79351
60.45,104.31281
622.22,680.1822
7.943,142.04402
10.627,145.86935
20.95,109.41564
10.27,416.75836
29.3,74.64607
9.913,214.4795
11.47,67.645454
2079.603,649.6757
434.93,306.19397
19.88,12.364756
19.303,0.2220856
60.877,54.5427
19.623,137.99994
9.36,71.44844
29.917,13.118587
0.47,0.6923694
9.047,61.685455
240.217,624.8882
280.157,79.75002
9.81,69.569695
8.43,81.66507
0.25,195.14131
2160.263,102.12525
15.157,222.61037
9.8,68.20042
19.45,330.85922
19.37,210.62172
9.5,82.13188
0.077,2.759369
80.177,0.12845609
20.18,12.364756
9.283,234.66101
59.97,134.71489
0.21699999999999997,68.15106
159.26,207.41995
579.96,156.20934
0.69,1.2827362
41.03,33.62875
38.807,174.05356
100.09999999999998,858.75433
50.076,273.5711
19.463,136.9985
39.876,186.11563
0.047,14.60727
1059.71,46.30843
4603.794,73.62828
0.0,7.7730484
268.144,142.19685
10.06,254.80275
230.763,136.84799
2.75,138.94246
0.203,1.2888378
1.02,63.004982
70.52,263.31512
9.47,0.37791505
119.173,8.630816
0.144,65.07355
10.17,15.713936
9.056,57.35591
0.14,12.290228
1.627,67.71445
10.003,160.20662
10.206,174.62408
0.907,0.23891784
720.0599999999998,176.39507
1051.176,156.23946
70.013,184.78688
49.260000000000005,16.696434
0.44,51.776375
179.94999999999996,345.51447
19.633,506.51645
0.157,8.429321
0.06,239.02942
9.953,11.474785
0.106,0.45118105
0.046,92.934425
100.423,211.49666
9.064,0.92478937
899.99,523.56537
0.28,74.85253
1.767,0.25571775
0.8599999999999999,100.3409
10.03,117.06968
30.089999999999996,105.42768
0.033,12.550848
19.947,4.57934
53.347,156.52496
9.827,8.532382
127.64399999999999,105.37903
160.14,136.63211
0.297,192.95395
89.067,96.35972
70.02,0.20986481
8.937,56.923763
170.483,167.5869
59.7,160.10628
0.033,193.62723
0.08,193.26494
28.957,185.52113
20.043,0.18647932
879.6170000000001,1439.1484
151.117,284.8787
0.28,7.955862
1295.333,1203.4747
0.094,0.5125759
9.627,70.48733
9.01,318.86777
20.454,74.3898
9.937,15.013582
79.58,158.74768
57.977,7.7930946
660.0,241.37526
10.033,3.4217606
19.95,23.450958
9.404,14.247236
9.924,15.463033
1780.607,376.9501
98.463,249.3383
19.993,163.62953
9.693,0.16977683
1230.513,558.1417
21.297,225.80197
8.187,91.082466
81.267,214.29623
30.697000000000003,0.88873535
19.727,24.179348
201.12,962.3479
9.647,45.25793
620.807,265.36484
9.963,235.67136
1200.983,564.45734
12.624000000000002,22.748978
79.123,147.75945
70.037,267.12885
0.206,109.96352
2770.19,844.6536
9.93,57.478397
11.93,55.2464
0.596,184.07927
31.127000000000002,170.16705
0.61,89.95218
29.407,221.58313
10.343,0.3061029
19.527,76.02457
459.48699999999997,590.21387
138.486,147.1256
60.029999999999994,419.4566
1060.707,239.9472
30.457,6.228897
17.52,57.827583
9.91,95.74363
19.493,156.87592
141.066,4.926113
0.046,0.61813825
0.017,91.409004
119.94999999999999,172.17175
81.007,98.55819
9.677,184.10295
61.153,271.9304
19.15,181.5978
2137.047,691.465
10.69,26.82671
0.503,7.2626753
11.696000000000002,58.045166
20.2,92.86227
0.033,2.2176638
19.587,55.475815
21.343,9.588448
480.21,409.0998
23.267,107.11756
19.793,377.7864
20.413,351.15045
270.443,184.11958
379.53,231.74916
0.144,90.8565
109.98699999999998,0.81948787
1.143,0.48704544
20.057,23.140202
8.647,51.67463
20.233,13.856333
39.91,87.060524
71.186,179.71326
38.483,193.26274
171.107,1391.0417
0.097,93.06879
29.250000000000004,2.005436
19.136,8.952469
20.623,386.2417
9.027,100.87607
10.23,249.6277
20.13,105.09056
19.97,59.124687
10.286,149.21028
30.21,289.64676
1.093,36.08357
180.38,186.00357
19.753,207.91522
0.11,126.35114
8.68,103.66863
39.36,48.79876
10.317,0.5618009
8.13,77.21491
20.17,154.4934
9.564,91.74719
110.5,150.74034
28.52,101.12185
10.89,94.89771
38.8,1.3692366
19.773,75.788704
10.94,197.77773
0.33,30.904787
349.793,142.50758
0.296,58.39079
0.267,117.25496
69.47,99.50737
0.343,0.11409229
130.014,17.432991
10.27,83.906136
0.267,0.9093188
250.30000000000004,126.04431
160.39,206.64145
10.027,114.96072
9.306,68.103325
10.61,0.44790062
9.27,112.66175
153.5,107.3777
428.943,1.2038243
470.413,272.6409
20.807,51.43328
39.363,170.14302
50.88399999999999,251.80296
59.703,142.90225
3.613,212.9531
43.383,752.74884
30.573,209.51585
10.953,179.52896
511.247,168.09756
9.427,17.81217
229.30300000000003,301.64926
0.657,0.82351077
9.31,5.1038227
29.987,120.65275
11.01,66.57937
58.88,0.17772917
150.69,0.76100117
369.014,148.1651
19.64,153.28706
59.153999999999996,159.3332
0.21699999999999997,26.403187
20.54,115.66323
1.22,88.3984
19.24,99.788536
19.733,223.33075
185.18299999999996,159.03404
20.253,116.127594
30.566999999999997,68.84573
39.33,8.278531
59.28000000000001,130.8992
89.89300000000001,313.3858
50.306,744.621
19.94,227.32686
89.73,211.9364
360.11,90.91738
9.06,122.55978
0.61,83.971375
220.057,489.22284
70.217,195.14021
204.07000000000002,139.05453
59.64300000000001,112.38045
630.116,364.5522
120.21999999999998,136.17435
21.494,6.3043423
49.56700000000001,0.9740511
19.693,206.3188
1.613,131.41597
30.25,101.60581
0.033,37.92253
9.27,230.86578
70.25,105.57292
10.023,20.554518
0.017,69.327095
10.31,24.111664
20.0,39.527386
750.29,426.70587
0.06,115.84932
0.064,16.992363
9.987,87.600586
10.89,2.238307
19.333,66.06064
89.393,204.13228
1.003,54.302544
0.577,0.2652112
0.657,5.7209926
0.064,14.949128
10.377,174.71777
10.364,16.78464
139.78,376.51828
968.887,90.77099
10.007,90.30721
52.83,205.89972
19.79,167.38464
0.0,3.310388
9.2,70.57239
9.95,7.5539336
9.557,129.34645
9.836,0.60515666
0.034,103.83708
20.166,1.0626996
59.327,41.546703
10.24,210.90761
9.156,2.6205304
1.333,221.1413
0.034,71.96366
39.437,264.68686
19.87,48.214466
540.373,136.30287
370.18,138.75304
140.463,147.65727
30.082999999999995,119.287415
69.914,211.85591
99.823,125.116486
30.723,52.527493
39.283,171.08736
100.94,5.633591
470.003,125.58692
19.497,59.380386
9.46,92.05866
9.96,61.269634
28.299999999999997,244.74725
9.79,184.82762
28.13,108.31451
16.187,175.56866
20.0,35.063442
19.75,263.89166
22.317,60.405613
254.50300000000001,257.2232
570.923,140.65385
39.94,220.52301
0.063,1.8273538
513.07,208.9302
10.414,209.99263
9.167,196.93013
10.007,56.620724
11.534000000000002,38.76398
21.807,115.72222
10.16,0.4100114
249.823,9.043177
9.703,187.19283
10.35,55.899654
20.036,239.15411
9.847,218.86914
11.083,69.469826
9.507,63.90643
0.03,2.2794366
14.943,406.9573
155.273,408.2109
129.983,0.2437481
0.047,103.99589
20.06,26.045788
20.597,384.74057
0.077,44.76106
19.756,0.68807775
59.620000000000005,237.15771
10.157,2.3242152
19.277,63.376896
130.077,164.75398
1.8,38.77429
19.87,73.81534
8.83,119.84428
50.88,63.92627
1011.397,971.487
131.773,59.93406
101.067,25.007479
69.853,62.47016
0.9269999999999999,67.784195
0.593,106.30764
59.69,294.3181
129.563,218.81126
0.143,91.95057
19.663,57.050053
9.18,116.52793
101.11999999999999,142.56552
14.24,209.14685
0.173,59.642307
8.877,107.76432
29.914,159.81418
10.983,82.71191
9.69,2.4202144
189.81699999999998,218.40422
99.647,176.88019
0.313,148.9879
20.574,822.35895
39.09,4.8514366
187.376,207.05974
100.74300000000001,441.27112
0.046,85.175095
29.856,20.442299
40.013,24.395594
10.766,152.06633
0.393,95.7924
60.727,59.8788
10.087,63.635838
19.49,184.46492
19.923,90.072815
228.95399999999998,204.83072
1.08,0.7746099
50.25,582.38416
0.516,6.1613464
3630.993,1059.3387
0.263,317.19287
2826.387,397.94363
20.377,121.80366
0.33,0.5346367
42.817,222.19925
1.063,60.839306
10.33,116.09379
10.847,83.0432
6.37,100.30614
0.314,206.43813
589.93,87.01918
2.22,162.15166
18.48,140.95848
41.286,194.38222
18.543,58.87095
0.25,0.15559642
0.313,92.62661
9.227,115.72222
10.5,80.62041
221.41,212.97614
20.024,207.8434
20.4,270.41544
429.893,135.4821
7.173,141.82841
0.547,127.19338
11.377,61.788532
259.84,247.94452
10.013,200.36276
19.98,162.53064
9.38,84.4503
329.203,188.27858
5210.29,5.6347094
72.27,566.85455
3521.26,267.45413
17.987,47.84762
39.36,109.13127
9.067,59.722595
4546.643,841.2649
1.05,208.04445
9.874,8.532382
0.47,3.310388
70.19,241.05464
10.227,140.89851
180.29000000000002,109.5545
19.94,125.6335
59.81700000000001,835.041
9.09,62.34
0.236,5.3297596
95.59,221.89381
20.507,328.40613
659.91,381.66245
270.94,166.34879
570.147,280.3958
234.24,104.43805
328.14,141.46642
261.903,333.8637
0.063,53.94279
19.337,23.204443
21.42,134.62811
89.914,128.18575
889.9599999999999,252.74689
40.833,243.95526
49.193,111.26359
8.824,106.43684
480.4800000000001,2534.1597
28.81,124.826126
9.953,0.072028525
9.7,2.0733829
6811.31,196.89871
848.74,234.50389
10.036,9.348934
19.22,87.86581
230.51,138.79697
30.559999999999995,97.451614
1429.88,304.9368
209.74999999999997,334.08566
48.957,125.10239
489.64000000000004,613.0684
30.117000000000004,140.78716
0.28,0.74117774
8.63,0.960704
21.44,54.396183
9.263,175.20311
11.754,155.01295
9.87,89.867386
60.39,105.333626
2859.104,261.8828
0.047,2.0119662
28.923000000000002,255.46942
1.6,1.8312002
9.54,63.376896
9.854,0.36053762
240.43000000000004,459.0982
30.223,34.675255
49.493,95.8681
20.184,91.1682
0.7,109.79594
60.54299999999999,211.0926
19.12,54.45648
1.13,104.35203
109.706,498.7488
11.076,22.7067
50.18,277.3686
60.117000000000004,132.47714
2.346,2.9614644
9.22,0.16446313
10.406,57.408905
9.2,2.771875
269.244,212.99438
20.32,53.856564
41.48,212.23094
7.406,145.5069
10.397,123.34151
30.853,61.793705
11.16,60.169125
31.079999999999995,73.057686
9.303,155.63121
17.12,3.3931668
9.523,424.5206
9.903,169.46155
108.756,196.0211
0.8599999999999999,45.894524
59.894,522.4348
7.953000000000001,99.619354
60.35,114.34302
30.1,14.590873
359.933,114.75513
9.286,0.44391057
3.906,64.63841
20.076,156.42342
610.15,537.25134
20.913,140.29259
9.404,86.17958
10.217,0.55776024
129.833,97.53921
190.06699999999998,93.96379
99.52999999999999,163.91449
850.427,340.49643
30.460000000000004,2.7293537
58.897,342.4295
0.984,63.63466
9.586,77.57567
78.503,288.54242
2019.92,246.47105
19.69,117.72004
49.864,1.3220483
9.897,177.29218
18.977,3.939911
20.6,219.53716
1.08,111.9811
1.7530000000000001,3.207355
79.733,262.91837
61.376,7.6198087
0.093,9.249637
29.143000000000004,127.57257
40.686,72.718544
19.24,5.793673
0.8429999999999999,92.4194
88.8,158.418
1.047,129.71432
62.06,119.73728
11.053,61.10558
21.066,76.48653
19.734,49.930817
0.33,66.505585
429.64700000000005,314.67188
9.994,329.99478
19.517,109.30099
20.177,192.98885
19.86,0.3326902
301.794,344.28702
8.944,75.43628
29.967,1.6516895
229.86,202.70798
39.107,273.98346
49.96999999999999,241.70988
9.694,82.575966
1.373,169.02711
19.647,98.58801
80.197,0.35278612
139.783,143.75851
9.546,189.49924
19.18,158.58061
259.763,134.73901
1.0,76.61743
539.677,209.8458
8.483,57.55273
355.847,381.63568
62.173,124.3356
0.0,0.15700638
165.66,121.065834
0.21699999999999997,56.790752
10.583,242.88756
220.86,1.7727802
29.536,262.11145
0.36,25.682793
99.074,44.835598
47.973,126.66479
8.794,76.37973
11.327,58.17883
9.166,100.001076
9.843,117.11901
60.6,50.514175
90.027,90.11069
358.8670000000001,130.93341
9.267,7.142314
10.704,4.952839
10.68,279.76053
228.60300000000004,163.20985
10.244,0.03758193
4.563,105.47424
0.547,72.05671
5.7059999999999995,51.760452
9.704,129.55344
29.977,237.65254
10.953,59.44813
20.22,0.17825417
8.853,0.18075694
198.76,194.26703
9.84,1.6996902
50.42,1110.9001
10.554,93.928375
30.103,340.55057
11419.167,109.3633
9.67,239.22168
60.333,171.996
19.65,18.364325
3300.05,96.39184
0.487,204.54935
219.86,135.6754
29.303,235.99248
21.533,5.5654073
100.22299999999998,186.527
40.323,175.77213
38.594,98.35317
139.513,150.4639
0.593,58.184208
470.593,230.9833
7.924,187.35013
60.88000000000001,187.98302
38.874,2.6616688
429.887,230.71817
0.156,101.39424
50.113,35.60385
0.143,119.46717
19.71,179.20755
11.33,109.79594
51.623,62.629765
20.343,35.676937
9.9,682.6276
29.98,3.3243954
240.05999999999997,557.571
150.513,227.08827
9.04,99.84536
59.923,1.2819535
29.714,234.43425
10.287,0.8700479
29.77,411.48386
19.59,68.56148
1509.167,272.77945
9.35,6.1613464
239.95,0.40366438
0.21699999999999997,110.19674
0.03,85.44399
189.97299999999998,424.67416
26.58,200.61519
20.64,93.52429
0.347,53.94279
199.62999999999997,269.5857
887.49,180.15645
62.47,171.8426
0.016,67.19038
0.8,120.05655
19.493,164.27858
9.77,105.19482
60.31,57.291893
0.787,121.79955
9.12,60.70465
1852.8040000000003,647.9267
22.06,105.86071
2879.107,436.04446
29.736,63.55138
19.136,114.36216
12.243,88.32115
69.593,37.01426
30.070000000000004,185.52783
59.216,657.1192
604.41,139.5628
18.283,210.15175
1147.766,296.21835
19.08,140.8554
59.303,69.09787
0.407,708.2647
2008.7500000000002,907.6391
0.343,1.9776776
8.94,1.5179454
0.143,4.9528337
10.074,133.4896
89.87,35.427086
20.7,84.93907
81.777,20.756195
0.064,0.3001935
36.737,223.63446
20.08,154.70108
1.017,1.6175061
0.627,112.88953
100.463,79.717766
19.857,1.7984756
39.753,340.2976
129.714,262.409
0.17,123.96142
0.8429999999999999,75.31915
400.103,94.846306
0.453,94.24276
39.737,296.43842
20.193,2.6850414
0.047,56.54667
22.064,170.54402
159.33,108.99839
20.03,22.7067
20.017,235.69029
30.82,146.24216
60.173,2.2241573
0.284,57.687626
217.84,130.92566
10.1,0.1091041
0.406,210.506
11.674,62.68374
0.216,0.6636476
60.82699999999999,96.259186
19.843,7.34008
861.3130000000001,147.43858
1229.884,1188.0759
358.694,68.98588
0.046,108.63867
0.64,219.98537
0.8599999999999999,0.62033975
0.266,1.1322994
29.383,154.70288
10.084,202.24234
40.053,168.39424
8.143,1.1570686
69.837,193.1398
10.777,2.7970686
1.346,105.9651
10.266,57.469326
0.08,60.922398
200.06999999999996,15.048133
19.38,207.45996
10.097,100.78847
9.48,60.725403
20.136,148.41669
0.017,4.336081
6943.633,178.3976
39.16,0.466465
459.957,147.2555
1.11,198.03792
20.59,137.89493
78.084,219.16513
0.033,1.5927458
25990.04,149.5384
21.09,202.86566
60.12,128.25296
10.677,0.93185663
9.416,2.5916579
19.497,144.75429
0.67,0.33147344
7341.533,1285.4761
10.737,3.1294904
12.14,0.16789602
379.407,210.22464
0.593,0.1921708
730.463,550.34125
19.53,119.32509
17.094,89.87324
88.87,124.04574
50.30700000000001,559.3521
9.913,132.0901
10.977,38.45556
1382.403,237.40363
20.877,108.503815
40.723,2.4000306
9.677,55.535503
148.827,518.3646
29.39,82.487305
9.763,196.08638
8.863,0.5024636
40.463,56.590202
99.093,89.81021
0.3,6.323179
0.593,113.5758
531.33,182.46771
40.016,202.44252
19.886,425.86276
9.69,1.6445539
8.92,127.747406
1.407,108.85838
164.123,161.03825
9.71,107.54401
18.843,85.76681
1.216,86.1565
2421.574,400.9234
9.483,46.638237
1459.036,137.03993
0.517,219.34749
29.139999999999997,47.053448
250.096,122.38016
20.3,135.50974
20.287,668.5849
39.273,175.36278
50.817,113.41223
0.064,127.77778
0.016,95.70828
181.77300000000002,0.9521703
9.9,116.90109
18.513,58.39557
0.127,0.1321522
8.326,119.38572
89.106,173.43391
8.974,330.25458
11.913,44.857895
0.716,225.92114
40.087,63.871258
31.314,95.328995
9.89,207.50467
10.064,72.60677
39.966,88.39567
119.77699999999999,468.05252
20.117,217.70766
11.700000000000001,147.01231
8.474,104.970856
7.832999999999999,66.70661
0.16,0.75977504
9.117,112.73162
139.824,124.50172
0.533,8.532382
18.696,0.044420734
58.94,85.80865
7.996,92.797966
19.9,103.54032
10.297,222.36487
60.17999999999999,62.831413
68.886,214.8848
10.73,0.5945351
259.6,2.573389
40.957,445.81183
4.96,62.737026
31.203,182.54488
0.11,0.76595294
399.56999999999994,139.65425
1820.043,193.50053
49.56600000000001,66.05891
34.086,201.26474
9.596,16.288666
38.686,24.698456
58.99700000000001,122.96236
18.94,101.822754
9.81,4.8313093
378.163,108.89693
31.13,149.89462
39.064,91.82351
20.624,272.25195
19.07,129.62393
9.434,200.66893
181.603,134.45299
11.013,110.46473
201.243,83.161255
0.597,19.61913
10.247,18.288887
11.237,85.68419
9.543,0.2750083
79.607,67.37449
29.914,110.782776
1410.657,291.153
0.343,1.4666008
20.567,73.355835
0.373,84.822586
1880.837,540.52924
0.157,108.63867
169.327,151.07025
304.796,86.901054
14030.273,339.18842
1646.6899999999998,655.0178
80.15,99.20349
0.483,176.87346
3340.0100000000007,403.58282
436.744,257.2023
9.75,94.81493
20.373,271.62802
1.003,58.626686
19.897,6.943043
29.05,123.85027
110.703,41.351566
0.063,60.319542
0.313,91.81175
19.983,204.72319
28.816999999999997,176.9479
39.837,421.45416
0.237,66.71172
0.437,3.2780318
0.143,5.3360558
259.957,136.10419
38.84,419.98965
29.61,204.60121
10.05,210.81804
0.11,3.6961124
549.24,407.44574
17.887,67.65131
10.587,89.7006
20.89,5.4822173
20.016,112.53974
69.464,5.339161
30.917000000000005,185.77644
101.24700000000001,272.8
48.49,399.68262
149.863,277.94852
10.664,91.598076
179.957,180.63121
20.33,142.55733
100.18,171.77333
10.287,11.571345
0.033,148.24904
22.253,164.52637
19.953,0.6407977
7.219999999999999,67.153244
40.736,77.84449
19.424,52.569183
10.763,59.763718
0.14,0.42068937
9.534,2.5292363
9.367,73.241974
9.147,213.3144
170.193,126.72251
10.11,280.2468
79.396,333.1853
58.78,172.8397
0.28,66.4251
9.03,0.49457172
9.224,47.608955
39.743,158.53969
0.28,215.50374
19.447,82.41843
130.61,245.54222
19.406,24.056316
10.377,60.819607
31.327000000000005,162.90637
209.90599999999998,135.59648
9.49,60.604816
610.646,203.70369
100.15,1.3056985
18.93,39.213875
40.57,201.78452
3.337,0.29284665
9.64,172.79396
1.9099999999999997,108.62683
10.16,93.06879
210.09699999999998,125.35362
20.29,244.5838
20.977,64.64316
20.263,240.25676
5089.99,745.2955
0.0,81.41923
389.017,203.14168
59.09000000000001,60.809326
39.713,3.278301
0.237,11.070887
649.33,162.35544
0.013,2.2060502
20.69,88.13171
69.784,75.53561
20.766,519.1078
719.456,357.15314
109.82,87.49741
9.417,63.607124
19.777,123.62174
9.224,124.26124
9.983,3.8264048
61.033,157.71407
200.027,416.00192
250.207,92.615845
90.01,69.78384
187.134,214.20444
30.296,214.96223
28.227,209.9475
121.27599999999998,189.93193
360.08399999999995,141.97249
39.766,67.90782
18.92,138.4694
10.28,149.74808
10.167,68.966835
0.347,59.96952
129.987,121.59224
651.48,1075.1378
40.067,105.61262
0.796,66.505585
17.013,112.2226
20.62,0.5619841
0.33,61.391685
60.400000000000006,168.39857
10.173,2.661491
111.74,852.57874
8.774,60.9742
120.243,202.28526
7.007000000000001,79.28136
669.84,367.63843
9.416,81.41838
40.267,155.87688
20.26,97.571976
9.657,133.19612
20.983,112.71665
101.083,59.65975
39.686,4.956505
18.266,56.397274
99.977,91.05213
33.293,124.441345
0.8599999999999999,35.467983
440.767,407.85126
0.046,222.06625
260.114,23.402058
29.226,4.3743095
121.12,219.48984
369.763,6081.7007
3715.82,207.55176
30.499999999999996,107.28309
41.44,214.11357
10.957,117.54828
409.44,1051.2134
18.723,77.33498
29.250000000000004,66.036354
30.66,75.557655
20.36,43.145382
0.47,0.52463216
9.87,1.6597471
39.9,71.485466
0.203,0.27450547
0.9700000000000001,63.98776
61.847,448.507
0.03,26.82671
509.816,167.79738
120.18300000000002,140.21617
0.0,83.29345
0.0,0.34427363
0.863,0.38258165
19.05,17.835556
10.024,0.14836602
0.043,75.9315
8.934,71.833115
50.037,94.127045
149.923,81.44574
29.933,27.767391
19.41,239.02942
68.497,226.64783
10.037,281.0927
60.903,214.76218
149.937,452.3838
68.833,126.47611
20.53,85.905
40.883,218.76857
0.11,5.176544
10.763,99.606544
8.617,184.11958
0.16,83.55528
1.5329999999999997,114.72867
18.03,224.92554
8.273,110.18589
19.977,246.4131
10.094,134.62811
10.086,100.71236
82.66,331.63852
39.48,194.7227
19.673,215.57817
39.794,140.16519
649.91,120.27521
10.76,66.66765
0.64,214.91132
9.077,218.76857
40.643,141.81268
148.893,247.60493
0.453,0.4074644
60.21,205.69725
27.686,3.7183738
0.8769999999999999,59.083088
80.856,145.60709
29.99,85.76341
0.046,3.1294904
49.330000000000005,326.31006
0.016,15.023463
19.86,120.69021
30.297,119.43818
260.957,2.8506742
39.41,533.2787
19.03,54.36744
20.127,349.82086
1.27,104.28333
0.203,57.975872
239.56,268.777
29.88,66.03315
15.157,140.71751
42.72,656.6839
10.344,125.17915
9.91,46.897285
159.71,98.50573
89.916,49.259697
19.917,18.783703
70.19,144.63249
0.094,46.278614
90.726,222.63548
9.833,0.1313428
0.577,51.71907
0.454,55.744762
10.113,130.97223
10.8,126.55455
0.08,106.878525
284.033,344.39212
19.207,57.975872
8.77,0.16446313
9.187,65.27613
50.17,84.61857
393.61,219.67337
14.886,258.9173
269.353,114.84217
69.933,0.26827702
89.837,169.97443
50.26700000000001,1.0597636
29.37,52.697113
920.153,557.72015
1.297,86.67884
50.217,200.07231
9.887,82.11129
80.196,23.333666
0.11,0.1366773
0.22300000000000003,0.09007606
89.023,61.858562
0.407,92.79382
40.787,1.1113971
41.45,348.56494
180.65,174.6877
63.693,190.44437
11.09,102.071236
30.407,145.94579
9.86,94.00959
20.423,249.22862
31.016999999999996,0.28774834
99.87300000000002,89.77015
7701.55,3988.1904
18.74,72.508675
49.947,108.88635
10.22,0.030942721
539.347,136.2623
0.64,34.234478
389.78299999999996,196.8009
20.497,107.7882
80.057,80.92352
0.25,93.80456
0.016,0.6624658
119.007,7.854812
161.547,128.46645
1239.43,895.67633
100.6,110.230194
0.14,105.18315
20.6,73.86615
101.99000000000001,144.59627
30.763000000000005,496.39783
39.137,150.25781
59.797,81.99329
19.877,40.68893
240.21000000000004,226.61159
9.553,125.87211
79.32,238.66316
15.48,194.42725
411.7900000000001,2134.9924
17.716,60.9742
0.046,1.8847951
39.187,655.9525
9.37,130.98193
19.7,174.23746
20.143,82.695465
20.073,122.676
528.99,123.959045
9.59,6.8600063
60.34400000000001,177.03737
18.334,106.198875
319.184,81.63484
0.077,130.23257
0.687,8.829959
10.037,176.15727
29.44,314.6106
9.73,55.535503
9.643,11.571345
179.866,301.4313
381.1,218.69044
10.54,100.71526
1269.89,222.65927
0.06,4.215876
30.087,25.055834
10.823,59.17421
30.584,107.974915
2.157,61.921932
10.437,121.547775
29.640000000000004,140.9978
80.227,227.54256
0.42,1.9468174
38.083,91.9293
10.067,85.50803
0.233,89.01443
79.793,129.96558
39.22,114.769875
19.587,56.773014
59.85600000000001,0.75045156
220.48,208.43457
11.683,60.369408
9.91,105.60899
9.957,469.74847
0.5,0.23794392
20.827,1.1997398
41.62,119.14544
60.163999999999994,1112.9214
19.65,23.336912
11.736,258.18765
190.38,1.5005648
18.804,41.63888
228.15,103.868706
0.767,154.47725
19.103,103.01448
20.094,648.515
388.33,138.88152
19.196,190.67883
9.707,90.9469
37.813,382.84518
313.74,271.85956
8.14,190.07523
20.347,0.11500642
28.36,92.65711
19.89,68.66807
9.92,55.475838
17.69,217.38898
0.373,63.725105
138.177,267.34027
9.163,92.79382
30.137000000000004,82.33624
29.777,74.24715
40.07,1.6823772
70.324,0.41905046
180.85700000000003,163.92842
31.467,146.82518
0.8599999999999999,0.86535275
0.69,73.10795
0.064,12.704454
10.03,1.7415361
750.274,202.63193
0.913,102.93052
131.0,133.35822
20.133,140.9015
0.047,107.71399
539.55,473.6262
9.353,2.3465211
29.926,181.04837
9.85,10.360493
29.97,0.7417702
0.11,40.1376
40.47,288.8761
9.337,112.2075
0.107,118.73277
9.513,150.21033
0.17,62.302685
5.237,47.927464
49.917,138.21016
1216.47,180.96088
69.106,441.9071
10.157,139.4026
2.313,118.01928
39.583,79.950485
80.053,169.8338
20.147,201.34102
19.55,62.306404
21.003,138.75679
40.463,99.0177
2559.794,148.02374
90.123,167.53531
70.257,81.19897
9.92,108.99881
201.067,15.829654
439.894,150.27269
10.953,69.20369
60.029999999999994,97.61339
21.727,161.33572
139.36,242.92786
71.17,0.18882556
9.957,57.319435
33.943,129.89903
330.273,414.9177
0.674,0.34957105
9.013,0.43304566
10.467,40.31729
10.194,267.5841
39.734,175.49771
9.283,54.57727
18.333,0.6624658
19.91,48.95885
0.033,10.1339655
89.837,200.88045
10.966,128.7671
19.654,66.58618
39.627,171.44543
9.023,66.66765
9.05,98.04872
30.1,164.85094
660.023,563.9706
9.9,0.18963441
0.063,1.631542
0.124,1.5741438
4030.147,490.01462
9.15,204.54935
0.266,51.917034
7.896999999999999,182.30911
12.094,0.20193481
0.36,55.2464
0.233,193.62723
21.94,106.878525
69.673,220.32886
213.103,186.76286
19.886,101.79578
19.02,206.23671
10.793,101.99716
9.233,109.096115
9.88,67.88557
1.35,89.74433
289.927,0.15700638
0.047,173.72656
189.977,506.56854
20.16,41.92324
1898.957,333.86862
50.304,130.55634
220.107,157.59169
20.227,10.054132
798.6299999999999,158.63765
351.34,178.01837
130.283,98.40767
53.08,199.35777
20.383,143.96072
560.46,596.0884
8.653,96.08406
3289.16,690.3082
20.05,258.15103
59.85600000000001,123.55499
221.643,587.80096
90.11300000000001,226.42671
493.954,1732.7217
570.096,346.99097
80.123,972.42114
8.84,90.20791
19.124,85.61506
9.523,56.421524
40.87,67.153244
20.81,121.87465
0.06,3.3578236
9.827,143.50406
37.397,238.36337
9.92,1.2891796
8.047,54.302544
29.554000000000002,140.91592
150.323,165.99495
699.907,147.33026
8.107,88.5004
519.907,826.66473
20.803,219.92441
27.94,672.77374
1.064,80.33632
0.107,7.594443
29.493,395.40567
19.933,14.386897
19.58,377.68387
39.767,532.61115
99.96,1.1135595
10.283,64.871574
0.34,0.15996845
10.63,216.68782
0.14,137.70135
29.099999999999998,205.61325
0.156,0.82797974
19.174,68.24479
10.577,65.20396
459.896,237.95033
19.814,25.906546
69.12,84.278694
67.92,125.15206
50.102999999999994,190.86882
9.29,86.04446
0.39,127.84887
19.943,1.3014754
419.787,236.94502
170.38,198.94127
19.373,0.19470623
10.203,0.17899214
9.9,119.51142
20.926,52.337067
38.953,21.585894
339.706,32.916374
20.217,140.80933
239.7,143.54875
9.844,90.124916
0.9700000000000001,56.923763
9.397,66.82865
5.147,89.761375
70.113,124.032814
19.337,50.40237
0.046,69.21463
19.99,0.21664949
0.487,190.98347
8.95,114.96072
9.626,71.18448
9.9,97.799164
0.334,119.07031
0.267,4.2299614
1911.0069999999998,1626.9208
19.797,217.45097
2493.773,417.31516
8.284,62.064426
30.154,60.085773
18.793,106.17862
0.28,4.4812326
26.947,193.21393
70.427,191.96632
20.543,115.12143
550.11,141.6871
70.723,236.94221
368.37,436.87912
9.39,70.33637
13.956,53.348507
482.13300000000004,213.68922
9.727,91.95057
69.997,421.36816
79.873,151.09135
0.093,119.20098
31.16,894.4543
10.046,0.37091815
9.957,68.683105
10.03,56.836266
59.237,171.05063
20.774,0.6990311
242.48700000000002,145.5738
120.91,178.61157
59.3,218.63676
19.51,266.59766
2.38,189.49924
9.613,105.523506
19.84,0.504879
341.193,660.59863
380.803,234.87526
9.904,87.87141
10.35,14.40401
18.937,76.7366
180.71,136.54996
120.11,98.85534
20.03,61.37729
100.27000000000001,343.7499
40.997,96.34286
10.553,94.239
1860.083,1104.6049
39.707,119.05434
69.996,2.2219567
0.33,102.25956
8.85,67.64301
4520.353,172.0289
0.216,97.84375
1258.877,3863.111
279.12,85.71804
1323.544,306.80716
218.43,92.59266
10.424,106.91678
48.243,199.81793
0.39,7.884662
10.056,129.93135
59.73700000000001,778.4434
10.24,62.6322
19.213,50.07372
29.473,8.693844
69.82,159.6446
589.474,364.77353
0.983,73.241974
1.856,70.58827
220.2,271.84198
22.023,195.45576
180.377,109.02635
9.77,103.64698
30.403,226.82573
40.25,103.13796
0.0,103.671326
19.334,153.1498
649.717,145.96243
9.513,0.06338927
101.11,203.9581
0.033,0.58824956
553.037,111.82014
19.43,145.23907
19.747,294.7004
8.807,68.053986
19.164,162.7874
150.897,179.43663
34.953,170.50316
0.094,2.621218
60.917,226.71083
0.533,95.05132
0.267,131.20937
9.314,5.781653
9.13,21.013683
279.66,284.73022
0.127,70.469475
0.17,0.5125759
0.787,3.488585
9.983,166.86559
60.32,203.4284
0.08,94.468925
0.827,70.91516
10.303,133.03575
19.68,70.82831
170.267,76.39002
9.83,128.36923
60.09,381.7467
0.18699999999999997,141.13594
29.65,275.5869
1.397,52.978767
0.08,103.44824
0.407,78.36959
29.75,99.25062
10.284,41.82702
9.81,69.217865
199.896,701.7432
40.266,67.69323
620.38,62.20248
470.503,237.65503
7.737,24.634846
39.446,13.440145
19.287,0.27545264
59.943000000000005,87.23917
780.253,365.84958
8.99,84.95884
9.817,64.5535
19.99,1.46001
10.756,0.48246598
10.527,1.1482933
30.216999999999995,58.89501
150.037,116.96877
29.39,252.22131
9.12,0.20973279
670.98,680.38617
9.73,15.013582
130.96,329.96762
20.827,9.430954
10.197,5.0310946
0.253,118.95201
19.95,404.31412
9.644,176.88019
10.043,154.8201
149.45,121.179955
0.107,2.0751355
17.83,217.59705
0.127,79.33868
20.93,138.09344
29.569999999999997,1.1551094
1.4100000000000001,86.07485
20.447,38.015797
1.187,92.26603
31.517000000000003,41.856583
2939.29,650.9734
299.747,86.478325
10.013,194.98045
10.137,215.68318
20.78,7.61471
1.127,63.937534
80.633,82.974846
671.167,277.9022
0.64,193.47244
10.263,69.21463
281.543,426.1862
59.727,191.40405
10.474,185.85289
19.116,213.53754
220.047,390.0601
600.41,4848.7153
79.517,49.71633
30.096,130.24211
9.887,0.23092009
80.537,82.54401
20.636,129.98305
19.87,117.85662
1320.047,767.92444
157.93,188.36578
12.214000000000002,139.24603
506.653,235.94511
0.18699999999999997,117.69262
29.946,52.87783
0.327,56.234333
8.367,110.46473
1.456,849.3188
80.683,120.20562
11.429999999999998,484.21155
0.8429999999999999,73.5113
21.716,141.58423
11.384,60.31948
20.107,24.867058
59.99000000000001,147.44655
20.34,0.61610144
20.087,57.078983
0.3,164.0364
3.897,213.06822
9.82,120.38914
590.057,312.04083
9.607,0.65005434
10.623,0.56080145
20.19,36.56971
38.933,207.39261
0.39,56.080986
279.927,3.971271
50.073,203.2469
28.990000000000002,0.2889666
8.86,93.58627
40.83,3.8434865
8.813,124.185036
6.546,100.93078
29.186,56.620724
0.186,211.732
100.03,461.40677
10.12,26.403187
69.84,139.8248
10.057,54.155735
503.51700000000005,433.4179
200.00300000000001,452.12817
9.14,111.755165
109.824,215.30724
0.186,0.10193801
0.8500000000000001,336.55203
0.33,127.65673
8.07,101.59479
69.774,137.8191
59.647,147.37299
9.79,0.2573557
1.363,90.124916
40.0,131.94785
20.117,731.1
641.02,179.86412
1829.903,164.53972
100.89,426.03494
221.49,219.7792
9.737,0.31425995
170.423,132.68593
18.793,54.122364
40.336,65.42045
9.7,0.99303967
79.383,6.5963564
18.733,38.506485
39.913,82.92181
0.11,125.61691
40.46,0.7697395
448.87,391.6556
0.233,68.01998
10.267,133.17384
10.093,282.36618
20.34,125.05504
60.953,294.40543
30.47,7.9924045
1420.927,722.41364
19.4,11.869285
19.95,208.76823
0.333,60.922398
0.043,1.966726
9.206,204.77911
10.09,122.7462
11.313,67.86771
609.833,125.8219
20.837,0.55481964
1.25,135.17456
8.97,69.146385
9.71,11.116116
10.43,1.8767332
0.327,73.81313
9.847,1.2436441
9.2,3.2453976
39.134,28.89148
0.644,62.647945
130.03,1112.4155
0.456,57.922672
40.646,98.04401
0.75,174.8117
1750.383,1137.3273
500.48999999999995,215.30765
0.517,0.6766954
10.127,171.93945
21.613,0.9845465
18.497,60.302547
19.42,55.92372
30.363,98.572075
0.123,58.041237
19.87,227.73354
11.17,219.43947
29.46,283.44513
0.297,0.92478937
0.17,106.19891
79.26,41.731026
90.046,201.30583
235.053,247.16107
140.523,254.10942
250.267,158.02882
0.11,52.898293
89.92,98.39233
2.747,53.737347
29.524,1.2249672
14.797,203.62328
40.49,94.616615
19.704,27.256968
19.99,107.276855
0.046,200.41537
9.606,6.323179
19.816,83.19937
69.153,364.17368
9.196,4.33628
28.944,125.563614
100.256,83.29662
600.39,184.07191
250.02000000000004,288.5873
20.7,47.15782
108.477,2.0132868
120.66000000000001,121.696144
19.793,41.80334
0.097,113.34661
210.15999999999997,254.5694
60.86,197.5542
10.684,247.61902
29.9,6.9201207
190.35000000000002,101.98934
20.607,118.68022
30.109999999999996,0.751184
9.623,0.07678021
50.124,187.27289
0.437,59.01762
10.027,167.41946
2839.803,707.22614
679.344,156.7564
2039.1929999999998,432.24954
29.45,172.66858
9.97,55.356647
11.167,81.80294
0.613,38.21365
10.617,179.86061
20.774,120.57761
41.923,81.2021
4.587,124.68279
19.727,361.41165
760.0299999999999,460.917
182.087,147.53304
10.443,179.26993
62.154,220.63147
69.813,132.3924
350.25,23.789207
0.14,41.267414
586.934,397.1271
20.15,0.2180455
0.067,0.76595294
18.96,67.294846
80.206,178.99512
833.163,237.86502
28.169999999999998,67.69323
1.033,0.38739604
1.69,70.714485
9.87,51.71907
31.280000000000005,50.012962
260.127,245.56075
0.237,35.94586
10.243,2.8014731
9.033,129.13132
978.48,1024.884
0.327,332.33752
7.527,10.59208
57.04,275.79416
19.437,123.89105
1582.943,304.4597
1.86,59.97771
0.064,3.3844414
60.173,132.35098
19.82,211.03662
140.45,274.93552
17.836,367.97424
30.38,101.38798
19.566,22.712542
30.606999999999996,368.1708
100.397,1.10397
210.824,36.084377
0.03,1.7565058
81.903,152.56479
19.574,519.1081
19.854,124.49006
0.33,100.71526
69.193,125.60398
159.876,67.09674
59.996,125.153984
18.547,5.694639
1.456,63.174114
9.57,1.0371674
1310.333,96.09188
10.083,82.034134
19.364,121.88784
0.204,58.077484
19.72,447.4923
61.33,812.99005
109.143,154.0877
30.0,64.450516
19.057,8.113423
19.84,63.542576
20.883,159.9301
0.423,2.6850235
20.89,384.52484
119.71,130.11263
1.897,185.5034
19.64,51.020313
0.267,59.245934
91.37700000000001,319.32822
0.14,0.315446
21.194,175.45238
339.04,268.39575
9.28,0.3846098
0.093,0.054032456
10.053,9.837858
29.959999999999997,8.08246
620.603,361.98074
19.623,81.91859
80.26,19.137756
1079.364,421.80023
61.073,56.317154
19.88,137.90733
39.884,167.49219
20.367,18.874723
10.023,145.71072
30.397,52.597736
30.226,11.246269
0.267,76.89768
0.596,4.768553
8.847,0.40415093
71.6,183.02135
0.767,118.11005
9.95,83.45306
160.663,109.517075
19.71,22.985317
549.856,194.43594
20.77,147.32156
1190.27,192.53174
130.01,532.8248
1.14,2.3338587
29.477,25.203028
9.537,65.87901
108.886,175.17514
9.987,214.25873
62.080000000000005,97.129875
12.105999999999998,58.622208
9.126,0.24945913
9.167,0.15405512
9.4,59.770603
40.804,63.151432
0.47,5.9860487
109.616,207.87218
18.556,125.33753
19.453,74.38882
19.936,281.6904
8.396,58.82183
11.064,40.97095
9.713,8.592544
19.817,224.56085
19.647,173.96877
259.87,62.33902
0.533,208.2953
40.827,185.13158
50.163,123.52665
101.493,105.038574
9.103,52.07931
1230.554,2.3792026
9.98,1.121005
9.196,266.64136
20.186,209.52153
19.98,358.88965
20.556,269.69296
9.557,2.7036068
20.317,0.04965822
28.72,362.24963
40.173,162.67265
11.946,65.983315
10.106,128.5252
171.036,224.92372
19.587,66.269356
1049.903,78.371346
29.473,57.842945
400.55,83.25053
558.613,210.5008
20.05,123.43399
20.164,752.703
1.033,63.635838
1099.993,171.90213
200.37600000000003,238.31906
99.963,146.03426
19.384,243.39601
0.896,15.28736
80.083,80.946335
9.713,3.5605214
10.187,59.95933
10.75,195.98117
0.343,137.70135
19.983,64.30883
9.767,118.48983
20.113,57.774513
8.93,126.933105
160.157,187.53606
10.55,9.037358
9.44,0.08450156
18.527,39.649128
10.166,81.91817
1130.0,149.57516
89.947,255.21045
130.954,150.96468
0.407,95.39434
9.743,60.9742
276.716,500.4043
8.923,52.733517
170.58,88.94569
100.313,224.66544
1196.27,440.631
1.393,2.7503843
21.236,170.90904
20.433,161.9911
10.347,432.72266
30.754,122.46598
0.39,54.362736
40.223,1.1181884
29.884,172.22572
0.123,3.9583488
0.203,0.61320156
200.133,90.54618
0.203,63.725105
223.27,203.23831
9.483,6.5563664
20.21,0.3686653
59.6,215.04869
4590.3,148.60034
100.683,216.75572
169.333,250.70145
79.544,165.30676
88.986,1294.623
70.2,110.75337
519.956,529.1904
41.127,63.273067
20.723,54.258255
0.0,197.8839
20.9,209.05014
119.883,157.32765
9.45,270.6066
10.223,21.442411
20.957,3.6760871
3.11,88.8589
9.597,107.587296
9.64,148.44647
150.04,147.4106
1260.423,105.15114
89.76599999999999,136.6114
129.596,1706.6147
0.373,47.29252
41.01,184.58742
10.68,12.419897
110.084,200.13594
34.006,947.79504
19.887,0.5516456
9.883,164.52324
86.736,184.07927
71.1,132.9217
10.31,3.4978926
0.0,47.472378
0.627,2.1296046
217.91300000000004,431.06824
20.123,436.30997
18.71,192.95395
19.593,327.1554
20.717,51.057945
8.807,246.6006
1.043,0.8441739
629.657,185.4454
19.153,60.186413
179.533,129.55522
18.353,56.520184
10.55,68.133606
15.71,46.74389
0.076,0.074366346
60.687,101.06721
20.0,165.9235
0.4729999999999999,0.17529744
10.607,76.49846
0.11,63.047268
32.484,385.65082
9.313,113.11787
51.043,125.023224
19.497,7.6663785
21.293,0.6407977
80.943,205.71844
10.71,100.59577
31.083,227.73354
9.25,59.90036
0.936,69.51535
0.407,68.66807
0.296,103.793144
18.95,117.06968
0.203,1.9617041
10.744,0.5830087
89.974,401.14935
1.68,207.60129
0.143,62.755707
39.953,60.63081
469.336,184.55992
259.756,233.10788
178.83600000000004,212.16528
7.905999999999999,38.94332
0.437,4.787854
322.456,174.60957
19.86,217.38531
120.417,24.24436
50.25,128.49156
39.72,0.19439226
50.126999999999995,80.15175
30.457,207.20908
19.393,117.72547
19.9,0.34731933
170.483,0.5940047
19.95,162.58186
9.007,2.21506
100.544,222.58385
7.9,1.7565058
19.71,74.3898
19.497,123.14635
0.0,96.4084
29.983000000000004,98.09409
1.003,1.6203035
8.84,131.68399
19.607,34.79629
8.98,5.60787
28.990000000000002,0.22379434
11.08,111.81451
10.483,190.7959
10.18,110.867966
8.827,57.913574
19.74,238.8274
11.559999999999999,387.5676
59.814,84.42322
0.716,2.9815547
60.104,32.16438
79.99,54.676346
9.88,46.897285
0.03,58.671978
10.77,95.01321
39.76,0.35572067
30.86,82.63026
19.933,1.6926831
190.087,189.47682
8.88,66.94949
20.194,79.45391
20.54,3.621167
0.343,115.58063
360.357,717.08124
1.7539999999999998,92.92247
29.78,3.2031834
390.507,599.61365
598.947,991.108
19.977,233.48103
20.82,68.66543
9.737,87.62978
0.063,54.362736
30.227,70.94238
109.357,0.4417639
7.854,67.441376
11.6,51.47454
21.076,146.30049
1670.8,590.983
0.31,94.00565
0.237,3.1183019
7.937,68.550385
59.81,5.5869083
429.953,293.7815
0.593,128.83763
689.91,193.80115
10.234,76.7366
139.97,255.44243
9.54,144.21736
1.86,193.88846
30.08,103.723526
0.047,66.81551
0.31,57.7271
20.173,221.91249
119.69,154.76596
569.507,218.61852
99.73299999999999,190.61148
109.10000000000001,236.43835
248.623,137.6104
0.107,45.97106
9.983,323.86963
9.67,127.00193
112.123,705.1943
20.047,83.274055
2.77,86.21137
30.08,120.566
11.420000000000002,46.666023
30.1,66.65083
10.59,171.74084
230.40999999999997,309.196
19.907,0.110924184
10.04,26.78805
10.243,28.138311
170.41,91.7272
7.887,266.30838
72.654,126.304344
0.54,90.358376
179.14,122.37038
42.1,125.43418
19.847,130.56967
30.129999999999995,140.66307
0.18699999999999997,12.550848
19.82,129.15083
9.936,100.10913
240.273,281.34637
132.19,214.63795
0.796,109.929405
40.056,523.6479
3016.0329999999994,374.44455
1.5639999999999998,61.37729
50.17,52.64397
11.767000000000001,188.04536
9.067,0.63155967
39.92,94.25496
0.0,69.8519
19.0,175.71507
9.127,33.117382
18.54,73.41278
7.296999999999999,70.58827
180.61,21.868137
30.927,183.33627
70.38,178.4909
41.153,94.61932
0.063,192.19916
0.05,64.09684
9.794,110.48458
0.17,52.686123
319.73,260.21515
11.093,130.35107
39.95,61.523846
20.36,90.59027
39.43,385.55267
9.19,73.698555
4.936,87.64033
10.293,382.80032
889.3330000000001,288.76645
60.507,100.76199
10.034,26.253878
50.534,28.537518
12.467,36.430138
219.963,202.38556
349.194,229.52138
324.66,572.8775
10.564,230.12172
690.263,82.410805
18.05,45.01749
0.063,113.21092
29.6,2.5358899
9.94,187.32877
0.19,227.07622
0.94,5.4193215
196.753,159.12991
1.187,76.85589
10.293,1.5741452
12.876,93.42138
2219.717,340.09842
1.017,3.2453976
180.213,49.62992
8.61,67.40727
9.38,64.45724
10.096,81.80294
28.89,72.50591
0.67,138.67075
49.847,202.00009
21.57,149.45407
0.093,335.0192
39.836,24.212835
0.48999999999999994,11.408949
289.253,51.17735
20.41,0.2623425
20.617,63.41933
19.68,1153.3794
10.047,230.26413
2434.786,237.17839
0.017,0.58824956
29.997,67.70713
0.983,57.85849
8.957,67.52626
0.407,70.07582
0.173,4.374744
119.69,1445.0396
9.943,94.97759
29.867,264.30734
9.813,162.56123
8.553,93.54994
19.134,453.3547
104.993,224.51599
61.517,212.89737
10.173,121.05921
119.313,243.14989
89.723,80.115585
299.317,91.81458
91.35,109.120476
9.966,57.687626
500.10999999999996,221.20682
0.814,180.6694
21.5,173.73036
22.063,171.33415
49.153,277.52295
0.7399999999999999,5.793673
200.18,131.98141
0.25,2.7970686
0.737,119.86399
70.36,653.5046
10.87,1.067566
19.78,128.40158
18.917,1.3482805
20.697,17.909126
27.55,838.36017
0.093,103.322334
8.98,215.68318
11.607,68.12453
40.103,192.17053
1799.75,525.9159
0.08,0.74580127
43.857,122.145386
10.663,0.28690386
19.597,68.33975
470.067,148.76274
10.286,17.6341
104.737,190.71983
9.053,77.095024
57.98700000000001,2249.6008
40.897,150.94395
10.324,163.723
520.586,370.2446
29.49,119.63478
44.74000000000001,412.1893
1.097,60.169125
79.06,79.73083
19.923,70.48733
459.51,281.97717
19.887,286.0132
9.633,0.030942721
28.406999999999996,88.56946
39.543,39.490116
0.343,54.035854
8.003,209.57812
19.903,250.12492
73.02,109.4297
239.45700000000002,26.823437
0.064,145.82068
0.173,4.811553
9.187,94.124176
0.267,98.52772
19.08,0.4629957
0.03,144.74509
335.21,144.42253
8.893,49.513706
9.233,60.17523
9.903,69.922745
461.21,1504.9027
19.77,390.61127
39.927,0.13644132
479.977,548.72864
1722.5230000000001,308.53876
10.593,265.04822
60.163,144.40077
31.020000000000003,42.310295
161.01,4.090264
789.11,460.37775
250.767,137.23212
29.707000000000004,0.9188151
0.28,1.357333
79.54,144.94899
0.253,4.811553
20.073,440.93124
20.063,90.215454
0.173,4.8313093
11.410000000000002,55.4303
0.37399999999999994,68.20042
39.996,132.71658
1350.16,464.16592
30.423,130.74579
0.203,621.21106
9.966,106.566185
439.29699999999997,295.50656
370.05299999999994,416.77866
10.006,182.6623
30.25,68.54522
89.70699999999998,164.51439
17.987,121.024
10.277,437.14203
0.063,60.15868
8.864,16.541897
10.976,68.633446
422.70400000000006,224.16287
10.58,205.64566
20.193,225.18912
60.286,91.844185
1278.957,358.21988
9.757,242.35287
3836.137,299.08755
10.18,27.267437
40.013,63.255745
9.533,233.88557
9.433,204.567
40.563,288.96216
69.95,187.26259
19.854,140.8554
9.137,105.70843
158.757,174.55797
0.784,0.7314937
10.163,72.35749
60.23,133.5527
1.283,115.99068
290.79,790.1498
19.067,7.6271424
0.19,0.8918759
177.667,212.43752
20.024,0.096018165
39.524,859.74347
0.347,1.252253
8.977,1.7962767
780.47,249.0991
39.947,53.826736
69.907,53.28943
9.166,100.93087
137.413,430.1509
20.093,110.59274
8.833,0.054745384
7.89,100.001076
9.593,0.14200753
9.563,0.12655458
10.027,78.23208
19.01,67.80694
8.054,100.20573
0.013,0.69612396
49.92999999999999,111.48003
80.066,163.3488
0.674,54.63779
10.57,101.69877
30.677000000000003,5.0278573
9.184,119.96636
21.177,62.39962
60.457,248.18079
18.657,366.8772
49.884,121.16587
89.23,193.54118
0.8939999999999999,227.57637
0.076,61.17269
60.293,0.29685298
20.117,186.51036
650.187,129.35265
19.083,65.30047
8.756,214.89175
78.383,140.71751
39.853,0.52959466
2.864,77.69624
20.847,79.28132
0.22,1.6597471
58.576,223.14317
60.453,193.98683
8.924,69.05045
0.11,138.13368
271.513,128.58836
200.09999999999997,164.46915
0.013,78.667915
79.78,385.0117
10.097,88.67945
340.073,0.38213572
20.467,342.51315
1100.616,215.67357
19.286,102.6577
0.517,120.44263
0.373,61.99518
10.214,169.70058
20.767,8.975032
10.214,124.97241
180.97,214.55522
2231.677,1342.975
0.064,13.2279625
8.43,104.288605
19.063,6.1613464
9.947,14.132234
2349.357,678.913
9.013,94.239
760.567,415.30054
69.963,252.60477
10.077,220.85481
8.673,95.27815
11.433,73.66092
309.86,413.69452
100.91400000000002,173.61214
10.777,83.93769
21.39,169.75743
30.273,0.38014674
0.06,12.922995
71.374,158.38788
140.1,22.748661
19.787,115.23536
20.303,7.61471
20.533,116.98218
339.74,165.33804
30.337,61.10942
19.526,1.0839732
684.627,138.6141
1.034,396.21582
9.704,242.92038
10.394,82.49832
9.97,124.1966
20.34,146.53836
49.73,96.867676
9.813,223.60643
10.583,119.38572
231.184,158.60239
5440.636,392.2089
103.83,388.81723
18.433,457.4241
29.603,267.90714
170.146,88.12697
100.516,200.0757
20.067,59.089832
100.20599999999999,95.43184
24.127,297.26904
30.759999999999998,96.04598
0.14,88.8589
10.053,54.07645
9.073,85.73602
0.266,179.97968
39.906,96.180756
29.47,14.0702715
0.436,56.147896
152.5,168.7714
0.017,0.2894476
19.24,356.44247
0.546,18.288887
18.887,92.79014
30.917000000000005,42.01965
119.726,267.54022
10.25,116.44994
19.853,136.34822
66.43,284.83466
0.406,0.40948385
50.25300000000001,72.80033
8.024,70.82928
19.69,4.7184987
420.043,565.4534
69.977,232.81386
315.357,107.45991
0.373,77.09509
0.737,93.63794
0.317,0.960704
124.63,203.909
357.65,327.68835
10.077,81.45574
11.097,267.12296
11.463,56.29666
152.466,13.322343
9.966,144.45818
49.68,92.64608
268.64,208.77707
8.77,21.505827
30.070000000000004,0.25790414
19.093,0.84576434
10.55,37.204437
99.586,41.505154
249.007,233.59232
0.077,149.11073
7.75,87.699585
40.874,0.2889988
369.517,122.74374
95.406,187.75438
0.754,233.69182
840.173,194.55968
62.477,232.03035
0.11,144.53581
19.534,0.12903106
0.127,0.15996204
140.204,154.26846
10.32,0.27956212
759.55,697.2072
0.563,0.24192417
20.286,58.402657
480.537,588.2759
19.41,1.115681
19.866,218.98537
59.57299999999999,3.3547707
230.583,174.05756
0.186,1.8631076
129.11,72.26792
39.86,211.15794
18.643,447.77084
380.58000000000004,144.37238
39.043,0.60981566
9.087,0.34225214
0.186,5.431847
58.97,140.17206
11.18,52.29521
119.58699999999999,221.12157
600.08,484.34586
190.09700000000004,0.18851033
0.237,6.0110903
210.873,104.96736
421.47,364.01764
0.623,94.182144
8.753,135.78848
0.25,41.486576
20.007,193.47244
170.153,208.83942
8.07,0.54633886
59.95000000000001,147.94073
9.317,4.5450115
10.007,83.70248
70.04,55.254402
69.26,214.11966
59.727,123.54157
10.02,0.44391057
9.72,216.48349
20.97,70.57073
20.236,69.47654
20.443,93.27513
260.0,546.32275
19.644,19.756403
200.44999999999996,187.35847
280.16,168.97038
84.873,173.15665
270.22,309.3582
10.497,179.60411
90.32299999999998,63.655327
109.917,10.070722
10.063,84.56028
15.269999999999998,40.595142
99.40000000000002,41.505154
360.32599999999996,238.90512
62.016999999999996,125.173134
0.456,55.775948
20.993,2.1448543
0.017,114.96072
0.326,113.73182
190.014,151.2001
4944.557,434.83453
100.267,226.45859
10.51,243.10791
10.274,115.401405
9.097,55.5909
51.807,245.73152
20.003,0.28094223
0.203,0.86535364
1694.2930000000001,268.97604
10.904,184.82762
19.663,76.897644
29.513,70.03326
130.913,1174.4996
43.05,8.274569
29.637,226.11246
2.08,37.63363
9.89,89.39926
9.733,111.47314
60.106,195.16142
40.66,180.74387
8.263,129.93716
19.986,110.332924
0.144,68.13647
0.18699999999999997,67.9716
733.597,1225.3134
9.94,187.70526
32.637,140.01994
22.31,0.36176553
388.757,114.20887
50.906,0.28672686
8.917,58.183735
0.203,0.05106132
70.193,122.425385
9.707,1.0371674
779.907,1221.9014
9.053,89.21875
0.3,221.47903
0.483,1.802918
575.143,423.2238
30.743,342.9593
0.173,88.93436
18.587,174.80505
1.847,4.2299614
0.22,100.46736
40.187,84.14377
9.11,1.2738591
77.577,472.0976
0.22,92.0897
0.847,143.32117
552.986,597.3366
19.96,124.668205
10.08,0.4074644
19.6,382.0726
70.137,99.599464
0.5,66.4251
0.013,116.38653
9.83,53.883068
559.98,328.32657
9.61,139.07846
499.63,170.90541
50.06,0.32242468
20.207,44.909603
380.266,379.48743
20.097,52.053814
9.94,139.21175
8.66,3.2016954
1843.82,133.14758
19.997,80.53403
19.997,63.18024
10.1,60.03596
9.997,35.265133
109.193,243.25763
30.33,95.569496
30.196999999999996,33.805874
20.913,122.03675
13.343,130.44371
10.777,238.94536
10.923,179.3041
650.737,69.135544
8.713,2.8423653
10.696,16.458294
109.804,56.200874
559.64,270.52554
10.04,378.0112
51.994,262.35577
519.283,10.793847
10.407,0.47233495
289.303,149.69926
10.19,1.2342122
1650.043,449.0745
0.2,123.57601
1501.54,289.74777
19.914,128.5532
88.164,214.7447
39.23,4.8793907
10.95,0.3001935
289.087,199.65952
0.647,4.811553
19.373,119.124084
0.033,0.9093188
19.55,154.55714
10.96,0.3495934
8.624,51.917034
8.943,110.18589
9.737,91.374115
19.88,122.09613
0.173,116.79022
203.337,820.7736
19.04,34.79629
110.60000000000001,189.36244
9.706,97.47369
210.28000000000003,146.32497
40.2,1.8778574
219.983,116.215775
0.253,103.671326
9.08,0.36131862
9.56,69.65401
29.486000000000004,160.81636
0.643,9.155077
40.653,266.03067
9.377,77.09509
20.183,144.10799
8.74,16.131887
0.373,58.432167
170.043,98.45958
109.45,1.4497805
55.656,1157.1172
529.086,260.96753
788.857,491.2593
19.957,574.9476
40.027,159.22945
310.107,205.11171
20.453,220.40848
9.453,104.17484
9.143,3.6113842
219.57,970.622
287.073,2.335295
569.743,218.54054
0.017,19.669285
149.077,85.17542
22.014,0.7327979
0.077,92.43225
0.344,135.0942
69.08,149.04527
1.9729999999999999,910.5436
19.64,119.25314
21.447,200.085
369.97999999999996,156.44028
20.0,10.001269
52.907,824.63336
190.25,236.43015
2.587,38.978626
89.49,521.5827
9.893,58.887024
19.776,80.55527
10.563,0.1720061
709.863,110.96663
421.217,0.47784567
1.9560000000000002,92.33738
240.21000000000004,84.21912
10.104,7.5573564
29.88,164.53479
10.023,381.73694
9.404,63.997303
10.687,183.0057
0.344,155.00877
0.344,137.89493
0.407,156.01192
765.66,109.55462
0.33,363.3742
58.25,276.15842
230.947,135.12822
11.573,181.3997
20.11,141.87509
20.016,1622.4469
0.207,0.028470457
20.77,35.332596
0.484,120.00482
60.727,256.8959
0.0,115.96322
9.84,221.40842
243.96,212.35837
30.59,221.02
0.14,6.9659805
11.206999999999999,77.60166
78.483,119.6803
19.356,67.045135
57.064,420.6265
3.617,129.7354
9.993,157.37437
259.61,252.50873
49.727,94.795265
3.3029999999999995,7.904535
9.897,110.35229
0.533,55.14809
11.087,60.2604
230.753,321.60077
969.26,212.59871
2096.454,470.49115
0.266,201.78407
59.847,109.80368
1.9569999999999999,195.98117
19.94,438.65628
10.036,124.43672
20.693,47.525005
220.65700000000004,491.6699
10.127,81.505
230.69399999999996,213.56107
19.94,115.49963
18.267,55.837772
20.6,117.73136
819.357,254.03992
30.554,524.6037
9.584,1.3925394
10.71,0.14030705
59.547,101.29043
19.856,0.21373233
19.983,0.12903106
20.61,37.93041
159.046,156.72993
0.093,111.755165
46.517,46.278614
99.297,121.130394
89.31,155.62569
629.097,445.81183
30.129999999999995,144.82925
39.407,1.9728854
29.414,125.82572
240.02000000000004,208.51016
169.79,132.28227
2005.773,1202.6993
100.42600000000002,80.069534
20.233,487.77887
19.98,177.22784
20.033,100.5482
19.837,0.3297262
509.24,161.22845
94.204,126.34971
0.546,72.556885
8.57,157.97034
0.08,0.15559642
8.984,51.43328
179.3,0.895558
69.47,231.08781
0.25,197.9609
441.68,1.7534881
3054.326,317.1771
29.517,381.46198
10.63,15.233643
10.69,5.9901075
70.176,467.1539
12.733,213.47739
1.5799999999999998,105.82265
5.834,60.577175
9.157,60.417408
30.1,119.116196
649.74,211.48282
40.094,126.77809
1090.483,921.0319
9.317,210.84138
19.123,198.3463
9.116,14.949128
30.015999999999995,147.60843
9.35,71.64048
9.864,77.64328
10.803,62.98428
20.607,56.015244
9.533,70.82928
0.077,172.89899
39.396,338.00952
209.527,1144.8206
21.603,38.87632
69.28,144.77412
60.753,182.16966
19.26,100.167656
18.86,129.87341
10.866,92.72889
21.177,79.115906
1179.98,327.9888
19.53,280.66943
59.617,710.997
19.89,240.35342
19.817,948.6995
0.754,1.3049291
19.814,53.197582
8.117,61.685455
327.123,127.69795
19.89,66.19543
20.587,200.58063
433.9270000000001,722.6905
739.4470000000001,176.13332
101.13,221.60425
179.233,189.06978
20.266,56.885437
0.593,0.18556726
0.517,71.61477
78.847,221.02
0.144,326.51514
219.363,157.88548
9.597,3.111924
449.96700000000004,517.4615
0.66,82.92181
17.363,73.023254
4.237,90.015945
8.906,0.038643822
12.863000000000001,66.62589
59.18,211.46906
109.75,305.66272
49.92999999999999,5.4185987
188.987,10.541503
69.873,288.312
7.887,58.496964
2210.153,552.6082
102.16299999999998,131.34752
0.03,103.267525
89.65999999999998,145.82068
40.01,147.44562
240.02700000000002,76.35977
1114.023,242.96445
1889.627,764.256
90.60399999999998,374.6284
9.966,58.622208
0.097,56.54667
39.993,118.64855
19.51,56.923763
0.107,21.442411
20.67,22.369474
59.313,85.18704
18.847,38.95141
9.293,0.8700479
19.95,291.93152
10.844,115.42603
19.983,256.17554
359.7699999999999,226.29321
20.61,77.768295
9.677,8.656464
30.787,216.55562
8.863,70.401665
9.177,57.596817
9.963,15.605769
34.024,285.02042
9.673,65.61886
359.98,215.26987
10.28,412.40494
49.25,182.83586
491.937,191.76253
19.907,258.70215
11.723,90.49755
0.043,114.593414
288.186,175.90431
119.52300000000001,166.99321
0.61,51.057945
10.297,93.441025
20.94,401.87314
509.867,252.91763
0.11,55.535503
1.033,120.73252
9.124,120.590614
129.377,321.2387
20.113,14.045087
19.937,221.83034
619.304,148.77676
1.486,100.00104
39.06,91.61792
0.8929999999999999,218.15321
0.33,157.97034
30.014,66.12168
1.0,0.18746732
200.21,230.54811
19.77,12.41233
19.847,14.173915
20.34,126.110565
239.974,246.4075
9.56,194.12386
39.85,82.78981
20.033,125.37568
20.077,13.067618
29.547,111.86989
0.5,10.50376
40.38,79.56816
69.163,209.55469
59.93599999999999,212.42978
19.41,7.866579
874.033,198.43388
108.963,6.203071
10.533,1.6929915
619.67,245.01698
10.183,144.3087
60.202999999999996,57.410236
39.287,126.46955
110.74000000000001,132.99376
0.44,113.87354
20.333,69.795265
1.22,130.27325
230.06399999999996,204.52573
0.297,0.49276298
2.36,140.03485
0.673,103.70062
1159.987,105.695244
0.547,55.837772
609.14,528.38916
29.78,39.492123
120.45,264.13687
0.326,1.3459475
21.286,67.205185
29.739999999999995,227.82906
19.923,138.16508
0.017,45.17763
8.804,170.96031
0.33,2.4110851
410.563,4.3260865
140.63,133.067
10.174,86.41728
77.833,210.36954
35.8,96.174484
28.729999999999997,222.36487
9.14,94.05836
21.943,276.4719
8.276,0.13321927
48.92000000000001,66.01442
10.183,1.837053
248.267,519.6335
0.127,15.098268
68.147,325.26816
1209.304,786.2669
41.073,369.27283
0.203,104.982124
82.897,236.24069
19.77,179.65382
9.953,51.917034
140.247,182.8399
69.146,67.87978
91.53,164.6859
100.01999999999998,100.74762
20.094,155.15315
11.563,150.42203
11.307,100.04239
9.587,123.1439
19.743,6.1188526
119.35299999999998,353.9646
39.39,1.6327964
9.107,4.8930845
0.063,0.21909504
18.767,0.2596694
0.577,0.34225214
10.124,67.06422
9.784,2.6687193
19.313,175.39078
10.937,106.68123
19.64,61.722534
110.403,160.13557
10.174,92.92833
9.957,94.56567
169.43,0.5616584
5.36,86.54804
658.423,535.7382
29.8,14.216207
29.186999999999998,98.08759
0.627,377.05847
50.82000000000001,0.15597469
50.17,217.70932
0.863,1.3692366
60.207,0.40035474
0.114,21.287624
20.04,1.7050103
149.587,215.30162
9.067,77.009155
129.933,172.95457
1.033,118.863014
0.0,0.5069798
41.287,216.64156
10.667,67.22509
1.11,204.25095
58.344,248.23819
0.643,66.58625
10.346,145.13542
90.987,642.5745
0.783,4.0583315
30.559999999999995,128.18916
19.75,8.21494
20.663,15.243871
29.59,149.74808
21.217,200.44667
10.593,86.57675
89.717,122.08724
7029.783,1701.7802
370.143,458.35248
20.004,170.81294
31.54,66.70099
9.323,80.581276
0.373,0.15628843
11.849999999999998,39.200317
10.377,29.048138
0.14,2.354923
733.7900000000001,1215.7935
500.82,235.5519
38.623,58.476665
40.327,686.9257
19.28,56.46863
11.274,69.451744
171.84,15.590987
100.42400000000002,129.23781
19.013,202.66542
20.1,137.93643
0.14,81.037224
19.033,5.3348656
19.803,49.681015
60.723,127.59127
0.063,117.54828
19.866,95.9674
9.914,171.28027
19.897,0.9135832
211.503,213.88748
10.197,139.39287
30.26,188.74516
29.806999999999995,137.2874
1500.83,693.14453
19.937,0.4515836
59.62700000000001,78.088066
120.287,437.66507
20.117,11.116116
21.084,233.62778
0.157,146.5773
330.233,190.64163
20.45,136.94601
20.983,90.09189
139.214,131.15094
119.977,245.83316
279.87,51.59244
118.1,426.8879
7.79,1.3139638
61.09300000000001,74.6313
271.437,91.17796
23.877000000000002,59.924553
24.420000000000005,37.75647
59.15599999999999,126.57279
10.967,174.00694
0.36,2.2689834
19.886,95.12522
29.36,58.256542
9.466,0.277217
0.22,18.887451
10.493,6.865
70.884,108.065346
299.98,203.68896
41.123,221.06726
10.123,126.103836
20.163,170.12703
20.687,190.61617
9.956,20.330374
19.583,1.0503201
0.157,23.06228
9.684,58.238373
210.037,194.44516
20.17,4.5127816
14.847,66.50475
0.566,0.72284335
49.484,0.034576137
29.973,105.12007
10.093,66.11238
21.09,598.4565
50.142999999999994,125.9818
0.89,68.384514
358.3670000000001,155.54073
30.070000000000004,384.2407
0.25,0.548051
15.293,92.150894
8.82,194.64061
41.33,437.72955
0.173,16.67254
10.037,59.361732
329.95,0.17427713
110.397,103.45938
11.397,54.015526
10.173,91.048584
8.887,35.400234
11.043,283.92947
0.14,9.054489
20.433,158.4255
0.093,4.4448624
30.440000000000005,403.82425
60.533,140.78836
21.023,89.848526
1.157,65.174736
20.113,183.41714
12.296999999999999,176.632
100.86700000000002,352.08746
8.21,191.09833
309.71,211.0967
180.946,363.71973
30.882999999999996,66.56657
4.417,51.703182
22.05,0.6693037
360.21000000000004,532.4264
0.61,129.77953
89.073,148.55699
21.336,220.15392
9.67,63.10417
39.22,69.562256
9.187,44.69889
240.65,92.38731
10.09,0.33859763
0.03,72.78816
39.896,515.30115
250.363,125.03965
11.06,59.50727
0.127,0.47233495
190.973,2.1155734
78.63,58.492474
971.003,292.96838
39.88,0.8715991
20.14,61.30576
0.9,66.98552
20.17,120.60078
19.373,1.0570726
409.26,338.4797
199.99,190.41795
790.117,194.41066
1220.046,248.51735
21.37,57.533062
44.5,97.92084
59.74,408.71085
29.703,48.374985
18.267,193.16121
1.5470000000000002,56.08574
0.316,2.21506
120.113,9.5337515
1068.58,1249.5686
19.81,126.81908
22.62,94.23438
9.136,56.272434
19.027,93.2095
254.307,174.38245
0.233,88.32169
1.5470000000000002,0.3994615
0.673,87.32934
62.37,376.27173
1.067,57.232716
19.86,82.41321
11.733000000000002,68.233925
11.017,330.0807
0.297,68.66543
2050.59,93.14366
10.56,93.22357
1.063,122.55978
1.063,3.488585
11.08,75.671074
80.7,0.38468277
20.983,191.5202
43.567,0.14293349
438.95,106.92175
0.17,102.426895
229.39,64.253296
109.693,296.86652
19.53,0.960704
0.64,23.216978
29.004,173.68884
21.31,37.95541
300.543,226.71364
1550.393,13.756412
0.423,0.7230371
0.22300000000000003,82.05994
0.42,101.08117
7.429999999999999,227.92441
18.057,204.08582
19.38,138.19847
59.85,18.284386
9.92,116.19245
31.547,249.74844
19.99,133.9008
29.56,55.800167
20.06,284.43823
29.139999999999997,127.170906
0.297,56.459755
9.376,55.71419
1.03,107.32976
98.73,119.60842
19.436,120.67387
9.907,346.2492
29.38,253.0508
0.064,167.87943
19.7,70.67659
0.034,133.90073
129.903,134.24704
1730.06,315.47455
109.547,509.97568
29.877000000000002,129.67757
59.85699999999999,8.038498
98.07999999999998,127.49483
20.0,160.03781
249.366,7.4588275
9.767,5.0310946
140.01,319.9269
9.75,163.59836
910.044,111.717
160.13,217.86539
0.9530000000000001,0.1392623
9.56,0.7553325
29.91,113.888824
0.017,0.9703622
0.046,41.066273
70.49,290.43616
19.57,414.37753
899.88,1009.5873
3759.7170000000006,449.64966
10.106,68.13647
19.883,56.2263
130.914,200.97412
60.10999999999999,275.6522
59.784,74.83807
9.586,3.7685494
18.86,57.61777
0.033,69.822914
119.78,262.18967
1145.173,215.62701
8.8,118.28921
179.43600000000004,760.79364
110.45599999999999,145.69537
80.484,327.92123
7938.642999999999,6353.9487
273.98,164.33176
0.093,418.48212
104.39,96.2914
161.903,175.17479
40.376,7.8548045
28.783,73.56192
29.473,83.59164
209.477,169.00826
29.98,104.267166
20.09,205.94621
0.75,59.17421
30.850000000000005,82.78903
10.297,17.988537
9.487,3.1682744
39.956,126.31558
31.18,151.84824
19.87,7.593046
20.087,578.2841
4512.153,514.89923
7.836,370.51923
0.0,14.287894
9.7,0.58824956
9.454,212.37419
9.8,0.7697395
10.073,16.992363
48.79,77.54834
11.003,54.095722
8.863,62.06446
7.377,144.24066
9.94,0.21909504
108.916,0.2285707
8.683,0.30772528
190.333,116.90072
20.177,183.54791
2276.613,1103.434
40.094,243.67378
0.627,72.90139
19.99,60.361088
20.374,129.26263
13.802999999999999,200.37878
10.0,864.9703
19.35,149.21028
9.897,104.51369
0.314,0.51507014
219.123,294.14636
0.0,2.6820138
80.103,123.84405
0.847,66.50475
0.296,35.265133
459.83,284.56052
40.38,221.1319
70.227,416.6788
59.85600000000001,466.8102
11.417,129.21562
10.253,150.03589
0.046,82.05412
10.097,148.15967
20.24,118.501366
19.774,9.676027
249.4,140.69579
0.314,0.17903449
10.857,0.17969543
88.006,148.31683
0.22,101.75927
20.26,66.16188
39.706,224.08029
0.11,234.92564
150.093,194.43987
29.803,20.82675
20.123,0.054032456
19.16,155.14629
0.204,20.330374
10.026,69.57423
10.283,204.54935
9.627,130.27325
59.67,5.590672
10.664,168.98721
20.354,0.17304067
10.803,35.74026
19.11,62.593864
28.81,21.171898
0.014,8.829959
9.794,3.8308258
9.9,25.090832
0.093,104.51858
20.107,184.64627
28.92,5.681263
129.917,231.57056
59.516999999999996,178.69594
4713.98,226.92198
20.113,189.86089
585.11,238.44635
0.08,115.659424
20.95,118.054146
5001.08,206.13103
118.944,170.8851
10.143,2.5866997
9.78,51.703182
1139.224,162.5348
1.55,78.69091
5.944,101.79578
10.66,4.8678374
10.15,203.29387
100.80600000000001,3.6564107
8.706,80.35421
19.26,0.3942591
10.463,61.448826
18.233,80.4478
40.956,86.07485
6.62,1.8718392
10.12,14.233224
21.093,115.97651
20.037,285.80273
89.873,301.40903
30.38,0.4173192
20.367,7.464648
29.38,499.01282
129.53,436.237
281.25,151.63557
109.706,83.29067
7.806,164.33525
59.437,921.5312
100.006,84.65981
19.67,1.1570697
19.56,226.57562
31.4,215.48962
30.523,111.131226
40.83,305.48123
749.833,277.31406
29.739999999999995,118.36974
9.863,168.24184
9.087,2.2846901
76.93,126.33144
2.327,285.73367
20.143,52.6861
29.264,126.89695
98.006,404.353
1.203,93.80456
70.974,65.50548
120.053,178.13698
0.046,6.1543293
0.156,0.68807775
70.023,241.70988
18.016,94.23438
0.813,265.56873
18.873,24.867058
11.524,6.865
0.563,2.21506
179.707,5.6137486
9.647,0.1091041
5.564,8.248503
51.233,266.3485
0.233,14.654249
0.36,72.56235
11.439999999999998,70.298645
39.623,118.61837
580.147,182.39943
0.017,62.83938
19.603,360.9568
37.697,142.13834
9.367,128.49503
29.556,222.06247
10.117,154.26399
69.424,40.958244
80.35,35.671158
29.686,165.21033
9.694,0.33387575
29.666,171.28027
10.647,52.44511
110.70600000000002,201.63803
119.974,114.189156
360.366,216.70404
21.807,158.71516
9.28,1.2888204
18.347,235.05817
8.813,119.81025
0.14,123.57601
1010.45,189.87552
41.08,59.17905
11.89,81.05775
57.12,1439.6345
9.734,88.665985
0.983,74.04285
20.54,1.0447417
30.02,3.0070367
40.567,7.162986
14.2,4.1622796
60.27,18.874723
0.19,102.3346
20.833,210.22603
20.903,172.30748
19.88,128.49503
10.18,187.9444
2510.367,627.2656
189.28399999999996,154.96112
1429.396,938.4027
8.644,60.17523
0.88,163.4484
668.214,762.25977
110.986,248.4205
9.657,94.239
6.1,81.11352
199.90999999999997,175.69447
19.047,174.15578
2018.7929999999997,2123.4065
37.827,58.039078
21.373,88.40227
19.72,63.860065
240.11599999999999,213.27014
179.997,116.77905
100.133,346.58524
9.0,217.64342
1300.76,1175.7859
19.523,175.0695
0.94,150.2624
69.69,126.24417
51.010000000000005,236.93979
30.973000000000003,77.957855
70.753,112.51545
9.03,116.12765
99.85999999999999,170.5461
0.2,94.00959
30.073,109.86511
1140.307,350.80832
11.323000000000002,58.626686
210.04,156.1953
111.253,84.05316
129.18,129.65031
60.617,54.258255
79.027,133.92334
39.853,126.63631
0.063,63.574203
20.01,0.29721949
909.81,137.5654
40.15,133.37941
22.064,181.7959
21.29,92.12423
0.047,72.65432
18.473,124.490005
725.9729999999998,623.19354
77.036,1461.6332
8.937,70.48693
0.126,4.147996
300.76,102.44333
9.536,92.91878
100.33,244.01265
0.08,84.83681
10.49,142.96558
10.153,55.063114
19.753,57.40573
20.146,59.878773
0.39,92.19589
324.883,148.36937
12.917,189.87117
0.827,116.52793
120.37,25.00731
19.407,133.89716
20.564,123.78303
0.78,55.835583
9.04,0.49276346
9462.81,754.379
20.163,203.66856
0.25,55.475838
10.1,159.6739
9.033,106.566185
19.047,0.7230371
0.67,5.342425
71.15,134.29543
239.887,197.28757
9.506,110.867966
11.043,147.4572
19.126,93.928375
950.0199999999999,369.04443
40.474,3.6017125
18.914,54.965107
161.103,105.03388
10.52,78.312164
9.416,56.9623
21.247,215.57817
11.093,121.87465
159.173,663.7284
0.563,76.89768
400.553,153.49205
10.11,69.772934
39.077,205.22635
59.113,53.844795
280.29,47.474686
9.713,58.60256
88.443,270.15982
39.4,140.01994
10.203,142.17683
30.327,27.738161
17.967,245.85808
20.21,109.929405
20.0,408.0693
140.7,95.70004
9.723,2.7284331
30.14,197.94928
9.633,0.6923694
42.007,212.07202
20.193,175.09363
10.023,91.95057
9.327,98.00385
10.977,216.07178
0.016,123.62174
2819.883,649.6877
29.863,78.180595
519.813,161.2036
10.576,107.56222
10.107,83.06454
9.876,4.0466647
20.856,94.26573
39.34,3.7941759
20.944,57.278687
5789.953,1225.6554
28.783,44.46141
30.1,56.105556
11.283,92.21538
250.077,134.71494
39.68,487.14645
10.923,50.794758
8.906,0.15552004
59.97699999999999,201.52669
6.29,194.40955
10.233,104.00589
10.597,106.052246
18.94,0.4462629
49.997,0.14137837
0.42,65.583534
0.6,55.57741
9.277,41.065254
0.0,0.28417203
60.154,7.5438137
239.497,154.81921
1.077,35.467983
69.873,163.68793
0.253,58.184208
10.16,0.4353412
308.27,1737.1245
179.97,112.46698
0.14,92.507195
499.943,126.057785
0.14,2.9582157
0.33,31.92462
19.27,53.053818
19.36,93.66654
69.297,133.95665
67.117,3.0634937
61.623000000000005,202.89995
182.59300000000002,53.275806
0.89,4.6593623
0.033,1.0181814
0.483,58.466362
60.153,229.00882
9.417,107.96342
0.72,109.07852
9.893,0.69612396
41.9,64.39113
50.11,210.4818
330.096,438.15768
0.203,3.405322
201.01699999999997,538.5738
0.0,2.0643427
149.887,188.5253
11.02,123.96142
9.637,2.4690692
229.663,81.03842
102.63,140.15652
50.276999999999994,188.43404
99.40000000000002,24.412762
0.31,94.18037
110.877,98.1001
8.786,232.65555
10.297,131.54558
1.863,39.577545
8.207,92.73218
9.864,120.15719
41.284,154.74213
53.947,269.09494
478.75,231.79861
1.007,15.69363
42.92,92.19593
2.41,58.039078
29.887,188.58228
89.65700000000001,251.60442
10.166,62.496643
9.69,72.93485
5.336,218.10849
40.966,210.84138
9.777,104.98222
20.663,24.349955
2686.066,18.372774
29.793,150.26474
1088.883,244.77498
41.124,266.24957
68.867,121.16324
2019.33,205.78505
140.667,106.955215
9.82,40.489666
139.973,248.48224
90.0,0.7051414
59.0,153.12527
9.223,54.4833
0.157,15.713936
858.957,126.62806
21.717,208.67114
30.923,97.85634
5487.52,1164.3782
1105.35,142.88554
0.203,59.031
9.893,3.1682718
0.08,9.052882
20.013,0.45489624
184.473,68.88194
1059.823,288.26678
0.25,100.87607
69.72,222.55806
110.09,153.00198
211.243,231.27863
2443.683,920.6431
18.863,1.6740999
0.233,3.4395642
530.973,275.54156
164.324,326.79752
689.9,218.2501
59.303,105.47643
560.343,172.2357
89.38999999999999,132.60445
170.293,151.27121
9.16,194.3261
0.17,140.16873
0.983,52.569183
100.01,295.4022
0.534,11.578285
79.356,51.36921
20.41,69.88525
303.58,180.56645
19.8,47.314823
460.24300000000005,101.90675
210.057,401.87314
0.517,53.883068
31.937,6.9001756
150.55,53.99616
39.027,196.05634
0.144,56.647694
0.017,114.97405
9.613,137.58397
10.437,86.3528
209.93999999999997,66.86284
38.95,271.62802
551.99,390.89038
21.37,49.568577
20.064,219.706
19.973,139.4026
8.577,4.6940136
0.143,2.238307
49.24300000000001,68.149185
19.207,0.46642098
1298.577,656.1464
20.247,288.6689
804.79,426.00018
30.25,124.10888
0.18699999999999997,84.99419
0.343,0.12397371
30.200000000000003,78.06067
20.307,203.51906
50.713,80.38643
0.537,141.46474
289.746,355.40744
0.064,0.25571775
968.53,1588.7338
20.343,24.480064
19.326,103.83708
18.883,178.86798
10.79,61.194023
17.81,61.995743
46.583,173.28987
863.413,110.105675
9.973,57.339283
4.347,286.8159
10.12,62.647945
99.62400000000001,203.94614
18.39,123.973434
14.277,0.28190818
53.59,280.3339
18.63,202.85585
273.96,314.46692
0.89,116.10417
0.03,9.689258
329.95,7.7519994
459.75,181.05421
19.63,332.33752
20.03,134.75484
10.897,94.46366
18.66,1.2342122
40.156,290.94794
0.78,5.0310946
120.304,215.23685
19.757,0.3099549
0.094,57.85849
360.13,221.99167
20.614,111.56518
18.95,2.3530102
131.53,333.02667
70.997,4.8580203
7.562999999999999,106.029655
27.050000000000004,84.65132
0.673,213.0656
756.89,496.88083
1040.077,204.8701
10.03,2.7036068
20.583,68.2544
949.977,148.11317
14.216999999999999,7.1407275
210.517,5.064586
131.837,125.17063
9.207,124.33742
30.463,141.90164
60.197,140.23038
52.867,62.530228
29.623,15.3420515
100.00000000000001,173.69
21.714,57.77704
0.047,0.18994102
59.213,3.5681427
17.794,93.36849
19.597,45.437744
329.87,189.72118
17.957,189.05748
890.687,151.08806
0.8170000000000001,0.4462629
0.42999999999999994,185.19106
40.38,212.74142
19.167,83.350914
1.19,91.52622
19.613,1.0893631
20.394,37.137318
19.214,288.312
152.243,204.65355
39.88,0.6037162
50.083,89.32198
10.226,68.98899
21.71,157.71075
20.407,190.93088
120.694,83.00169
10.027,69.0323
10.587,205.80638
20.563,0.5085201
7.767,59.245064
49.787,171.52191
34.677,213.28618
10.577,48.214466
179.71,132.29446
11.563999999999998,82.63958
10.606,7.0559077
9.66,3.1682744
20.107,117.40459
9.907,113.34661
8.793,26.403187
1.44,121.41323
0.767,0.50878596
80.123,59.224186
7.814,90.76091
963.216,201.05724
521.48,218.66068
10.427,755.13654
159.99,234.97714
19.613,1392.7515
10.29,192.7987
0.203,108.86645
90.21000000000001,151.06696
171.443,0.1340355
10.183,10.528366
11.697,95.52521
30.220000000000002,171.3724
75.67,8.042898
59.677,16.225517
6.374,89.20355
10815.75,290.14893
11.257,208.5658
9.776,0.34957105
0.173,8.868587
20.266,71.96366
300.04,123.07445
9.62,9.206944
0.266,92.6479
21.884,57.622494
11.906999999999998,73.46085
451.52,106.60426
21.59,10.674647
139.16,245.8152
19.466,0.04085854
1371.237,269.2233
0.406,0.49457172
9.18,139.56917
0.44,60.819607
40.16,52.7794
19.39,201.53543
59.57,301.91226
0.657,213.24599
0.017,2.451279
18.857,0.24192417
32.307,908.649
29.719999999999995,9.249637
14.07,159.35373
70.456,648.5227
20.186,86.205055
0.9870000000000001,0.8048703
139.773,1560.4839
22.657,96.08411
48.037000000000006,174.66382
299.983,204.2915
131.494,161.2848
49.55,270.43848
59.527,174.08731
10.21,95.20211
9.694,50.801926
408.993,241.86874
259.813,190.1666
18.946,1131.4272
50.116,33.707645
1.097,2.6820138
338.997,153.47266
27.234,0.45410737
0.39,213.06567
9.01,195.66579
0.67,122.35572
130.66,155.81424
109.534,86.66395
22.607,77.269585
219.134,229.33643
0.813,1.9404432
10.48,2.2236485
50.116,256.47452
0.673,66.50561
290.83,381.03
120.04699999999998,123.71465
31.167,126.347466
0.127,65.6922
19.183,123.595276
20.32,137.12126
439.703,12.197403
89.947,17.481392
0.36,16.131887
78.41,216.867
225.663,148.71292
39.74,48.054466
18.797,0.86535364
0.143,254.61526
19.427,181.24858
200.656,512.47345
9.573,58.17883
11.53,195.56075
48.933,99.67388
83.08,201.86728
9.03,61.057037
5364.52,767.4151
1.107,203.66856
29.294,69.63521
9.214,141.04178
0.18699999999999997,1.9306768
0.796,364.28082
349.033,1085.16
209.897,170.91888
30.349999999999998,61.24498
161.087,439.53094
0.033,169.07965
1460.5630000000003,545.974
500.1259999999999,314.7512
11.93,202.64616
9.87,81.75195
249.997,3.5971231
9.66,68.030846
9.05,0.6802982
551.447,417.52225
19.883,183.64423
570.81,196.16641
9.573,24.767654
19.85,101.35995
0.157,103.70946
78.02,153.48723
20.06,113.04686
297.844,468.59998
0.644,66.77347
10.54,0.42329916
0.613,2.8965762
19.363,92.52
1160.493,478.16208
20.2,137.81635
1.24,116.22523
10.783,0.25410745
149.89,436.17813
39.607,126.95729
9.157,2.238307
560.427,254.69682
50.126999999999995,108.65556
19.9,157.89423
39.184,3.1670144
19.93,183.81302
11.3,93.22357
2120.394,1285.4711
9.87,43.145546
100.023,133.4896
10.516,127.17778
18.827,63.98776
0.703,94.93363
98.846,243.4843
0.203,115.02989
9.61,180.88464
208.98999999999998,163.53741
0.017,38.140675
9.436,95.05128
250.583,120.43777
230.893,0.44737935
1470.9,530.0389
9.403,98.52772
29.939999999999998,72.11263
3411.306,143.18681
1.05,67.40558
59.893,155.27322
1569.4500000000003,545.2409
10353.533,3013.6147
0.093,22.098097
0.313,69.83469
19.767,1369.7253
20.854,0.5164172
0.076,168.21378
9.424,9.037358
169.926,77.988434
9.65,519.07526
10.623,338.50778
18.32,0.77883637
50.196999999999996,103.82178
8.067,117.72547
30.842999999999996,88.55546
10.624,17.835556
11.437,116.81128
69.92,2.4727755
11.326,1.0513521
20.516,63.534737
1.16,0.11139623
0.0,406.42993
80.86,441.69495
10.303,142.05038
0.157,1.9174056
0.78,98.35317
19.91,1.6175061
1220.117,527.7465
30.287000000000003,11.985561
158.714,228.91904
10.154,61.22279
30.037,222.67636
28.383000000000003,187.66957
0.266,91.875305
31.054,6.203071
69.814,198.95912
50.733,412.97595
0.047,58.28147
90.18,139.55107
8.476,0.21499515
9.893,143.5366
19.563,121.41323
2039.747,564.2075
21.62,415.90616
270.416,171.27588
1.237,91.409004
0.923,110.85568
7.997,58.807674
19.943,22.017778
175.66,374.66272
210.133,123.227486
9.377,47.210087
70.237,1.138648
119.58699999999999,259.88077
0.327,16.288666
18.794,0.32762733
2730.75,397.65045
499.107,199.29892
11.680000000000001,58.25425
9.68,139.11932
120.133,149.74345
489.927,212.51788
32.32,94.335106
0.237,217.83446
19.874,102.19514
79.423,0.84981996
440.62000000000006,153.01093
0.16,1154.9462
114.377,104.941574
11.680000000000001,140.16026
47.417,584.98627
18.87,191.7791
0.517,69.23932
172.254,131.83974
0.22,218.35779
17.95,131.20944
0.08,1.9776776
4380.633,193.67714
19.1,339.28732
100.086,225.03773
19.05,0.24443087
18.237,108.99113
99.553,124.93177
20.37,219.81569
19.66,74.06964
40.78,61.17716
0.69,98.79152
39.734,117.2978
1642.1399999999999,213.1695
20.116,107.16291
130.796,168.34251
51.28699999999999,171.61916
29.716,224.21675
9.006,58.038258
19.85,4.861018
30.557,9.581749
121.027,216.64688
49.16,168.71265
20.187,13.486636
0.407,58.302864
0.034,486.42676
30.062999999999995,494.33426
210.907,230.08821
740.927,202.03346
19.99,78.858
19.193,56.86475
49.803999999999995,199.39261
19.706,0.19926953
3.9800000000000004,47.446857
80.95,393.81915
170.52,1.7514725
29.677,6.2611365
8.803,58.304092
30.606999999999996,0.41409895
10.426,218.86914
39.68,1.4727747
0.0,2.2689834
81.85,84.496185
21.053,123.57601
2410.044,677.75085
269.84,136.94276
250.073,293.72928
9.71,25.987513
8909.073,558.9974
9.32,106.896935
9.983,62.1332
29.367,63.021564
29.106,222.53903
0.173,56.54667
259.977,184.5126
13.797000000000002,168.97456
220.363,182.67458
160.09,7.7898016
2070.307,353.1934
291.493,169.31711
1819.827,362.02457
20.14,284.2759
10.68,66.56202
9.47,54.19264
9.763,8.8299675
0.38,2.4981174
8.973,7.2318625
9.69,0.8918759
265.913,384.85184
20.28,6.1188526
10.07,180.20557
9.547,72.44966
16.654,1.7714823
118.76999999999998,97.23716
48.849999999999994,272.08163
21.113,177.12163
609.867,183.41325
9.61,99.80363
160.193,127.15626
9.863,89.761375
18.907,161.46962
140.22,64.17517
9.947,195.87585
319.9,121.77446
10.13,163.723
20.78,12.584503
1.203,92.17064
0.14,194.30502
691.13,5.015378
8.396,4.9647965
70.176,0.8010929
29.953,110.21636
10.17,39.486313
169.687,404.87436
0.11,195.87585
8.78,73.20858
148.07,110.42932
0.37399999999999994,22.848072
9.486,107.11317
0.72,0.36735556
9.93,0.44844085
20.97,115.53948
9.767,28.555653
9.994,60.86707
340.193,155.26682
30.517,0.16156754
10.03,26.010336
9.396,2.937184
9.517,0.2621339
940.107,414.4451
9.397,67.07189
9.877,52.16063
0.563,93.891556
0.03,23.539242
12.096000000000002,0.40707913
9.606,24.867058
519.836,201.47173
2.39,61.30711
0.19,117.72873
30.692999999999998,61.395767
51.914,113.291145
8.92,99.25062
310.876,107.96135
50.61699999999999,67.09188
29.313,120.65275
7.629999999999999,0.38258165
0.017,106.695694
5.387,63.09828
5.193,95.01311
18.28,406.42993
8.76,2.8573177
19.426,87.11199
10.534,64.202774
35.343,0.48462307
20.46,39.286392
0.75,209.24245
227.863,595.84125
19.633,140.719
48.70700000000001,62.306404
540.25,195.24948
3121.193,210.79457
10.813,198.93437
30.363,60.820217
20.273,167.12393
120.513,144.02896
49.132999999999996,209.04034
58.05,61.10558
229.66,435.26358
30.393000000000004,180.81601
20.437,85.92476
19.7,2.4088721
2.22,232.49976
89.79,58.981762
519.54,428.24716
170.12,191.55531
9.127,2.0118914
9.96,12.364756
0.127,104.00589
10.333,92.757706
9.64,0.050373115
0.456,59.750504
20.09,128.79561
89.24,113.76017
280.5,145.57745
79.82,174.59697
9.786,100.58975
0.58,1.0683554
375.97299999999996,167.05026
28.837,92.8522
60.13,252.359
0.457,67.64668
7857.43,87.2275
18.786,151.40535
0.173,1.9306768
519.926,108.53841
820.484,223.3248
19.694,74.44103
0.31,0.2151038
0.957,923.91296
489.713,959.30334
11.276000000000002,45.01749
20.247,174.94838
8.723,68.22145
739.114,122.96769
9.11,3.0357618
9.663,198.77965
189.477,96.7951
0.88,55.71419
10.59,147.8209
8.667,58.892967
16.22,3.4120703
10.163,1.7906104
29.872999999999998,209.71098
0.236,10.767246
20.287,757.44977
39.69,273.2668
20.063,0.4907838
1760.297,181.30315
1.25,138.525
32.49,261.04062
19.466,80.9404
80.01,186.75665
119.94999999999999,181.96733
10.264,159.84378
988.2339999999999,110.599335
119.66699999999999,66.21327
9.65,12.922995
48.17999999999999,84.59256
270.594,452.78418
1140.414,61.920216
49.903,524.1635
0.097,18.33221
0.314,48.40924
310.316,434.16577
9.817,64.45349
70.64,114.09615
1719.06,201.17659
29.270000000000003,58.742573
20.86,40.41002
88.773,139.38928
41.137,211.00204
9.58,1.9157591
0.106,49.032997
29.497,122.88286
270.937,240.11366
21.28,68.35613
849.9699999999999,102.20731
19.13,173.11644
0.343,0.4462629
18.997,280.21744
90.16299999999998,0.3643866
100.313,136.72542
30.653,196.61333
20.627,46.28859
18.667,122.195366
11.007,50.794758
9.786,82.22556
299.38,188.33884
30.062999999999995,38.39397
80.174,52.105656
180.157,107.32842
51.15,205.41454
0.546,188.24731
10.033,66.036354
1493.406,417.3105
9.423,335.0876
49.264,94.77106
0.174,126.933105
11.013,102.69482
59.2,92.35872
30.527000000000005,217.52365
636.077,290.30682
1190.407,419.4251
30.536,286.5695
20.197,225.60023
19.87,66.97321
0.173,92.22885
13.587,105.1875
158.863,340.29892
0.593,1.554896
1.39,115.756584
10.097,525.8039
10.197,5.1821256
130.083,471.66913
160.403,161.9314
50.833,389.26215
0.203,0.17969543
228.963,434.48926
1.314,140.95848
30.086000000000002,191.64761
120.573,151.86699
40.263,82.0153
1259.973,249.71603
14.737,142.10631
19.903,176.57748
0.3,0.15178564
10.583,2.9477286
1040.576,377.5567
840.2500000000001,341.59433
0.013,131.48051
4088.9430000000007,978.52057
21.69,0.2285707
9.953,192.43661
7853.84,581.6157
9.49,0.76451236
50.306,140.457
19.423,5.9901075
39.303,0.63364583
9.917,105.70843
1279.996,420.74097
1048.73,797.7947
10.82,178.72256
10.123,144.95798
19.943,58.671978
19.923,16.727253
11.143,163.08684
209.777,149.12088
0.0,26.82671
28.469999999999995,81.0279
3701.57,278.13235
18.89,18.119755
89.153,84.63554
9.28,163.59418
8.953,0.1828789
10.116,71.92406
9.663,0.4295643
0.18699999999999997,2.1151338
9.84,14.064477
109.71,255.98625
125.83,302.6815
20.687,62.916176
8.76,0.20700128
0.28,45.97106
10.376,62.331635
9.193,50.4792
9.74,1.0839732
61.783,5.3150983
6.567,72.40732
0.25,132.4721
821.5770000000001,682.0735
39.977,97.635735
139.3,81.86831
0.13,124.3674
20.373,104.401634
160.587,157.7267
59.556999999999995,0.9646083
28.54,131.62485
8.833,87.20637
60.037,131.76593
49.13,207.07367
200.283,173.1889
0.063,100.3409
39.83,462.91095
20.17,2.5225737
2229.787,20.056734
0.483,7.593046
792.287,130.40997
539.434,154.32697
59.9,123.33965
100.164,95.06052
0.966,121.99933
120.667,200.85141
0.03,0.2638132
18.66,118.01928
19.174,680.1516
89.754,223.93794
40.194,146.04285
7.489999999999999,2.21506
9.063,4.9165587
19.89,100.262726
19.09,66.77347
19.983,80.14644
30.176999999999996,265.49646
20.433,38.329914
80.0,141.20042
70.484,0.21464829
10.25,116.75222
0.343,4.5450115
20.537,335.83405
125.103,286.8159
20.883,125.49797
21.057,1058.6995
63.1,568.37286
12.014,130.75787
40.58,64.3057
0.424,69.52701
50.256,531.1151
20.02,320.2876
18.283,358.6235
49.89000000000001,460.32254
19.767,10.251498
119.75,398.51245
19.35,181.57713
9.347,2.8776786
89.826,0.22459203
9.123,192.64342
30.02,20.93151
0.36,170.62634
0.033,137.29791
0.657,2.2060502
48.98,265.52957
0.047,239.76407
189.46,217.56284
10.643,81.16925
0.567,1.0839722
19.964,8.53816
180.187,205.24524
1019.58,153.53085
9.737,3.2125926
9.57,119.124084
0.25,4.2518606
139.037,53.99616
0.767,112.2226
8.503,220.98135
89.52,280.4697
31.637,176.00711
205.443,426.6408
58.88699999999999,78.464935
189.39,160.43898
20.103,51.513573
10.327,77.03578
170.373,142.15807
0.36,218.769
311.903,359.66098
8.87,3.2314513
169.293,424.09537
320.13,160.54118
9.427,109.29913
29.967,0.17903449
0.687,3.405322
0.284,137.58397
11.066,176.4238
27.127,190.25969
0.53,18.33221
210.413,139.71509
170.783,922.95123
0.66,92.71136
0.097,4.49672
220.827,259.98676
29.3,341.59433
0.21699999999999997,78.180595
106.37000000000002,545.8537
19.327,123.27433
129.074,138.67255
889.9630000000001,132.0882
309.247,356.3555
0.06,0.17100675
19.726,5.9106226
30.374000000000002,388.9463
151.087,394.2463
188.967,551.741
39.047,63.03154
30.220000000000002,223.4077
119.69,232.8817
7.847,159.71594
700.334,803.12024
70.64,173.24763
0.156,229.08943
0.203,343.86768
590.327,100.705635
19.51,3.693297
19.964,95.87202
0.233,191.5202
0.25,90.61605
19.407,0.024781236
9.103,0.22379434
60.627,1198.2106
2890.14,430.55307
70.787,80.81686
10.08,1.5033966
1.376,125.38081
20.61,197.14166
350.694,737.9597
559.27,1220.1931
0.796,3.405322
169.877,2.765892
379.294,90.631584
10.12,0.9911805
0.25,58.561832
19.83,1.6932901
9.303,38.772846
10.824,70.59446
1500.98,124.5394
0.8259999999999998,3.7572749
0.017,227.74129
0.343,11.5872755
9.183,211.90562
20.173,112.19906
30.336,104.4449
19.25,90.98318
0.016,1.8400053
0.937,53.94279
9.47,139.92241
76.59,124.72704
220.78999999999996,102.03404
9.493,183.24628
0.36,56.584736
60.083,0.1670226
89.833,137.32193
9.713,99.37536
130.59,58.618355
100.68,236.19374
0.703,181.11931
11.64,115.19317
20.274,211.00276
1.114,3.5759425
10.24,61.17269
9.773,0.5618009
19.04,5.694639
20.393,124.90183
4.33,3.2700236
10.023,17.26907
12.14,173.03586
10.02,113.11787
60.092999999999996,11.160888
11.0,130.50035
20.626,91.64413
12.907,64.78688
169.0,243.80954
0.923,38.95141
10.9,4.4448624
9.513,0.960704
1210.033,114.60611
80.36,228.74709
0.0,104.87611
0.703,76.7366
9358.06,683.75525
0.22,0.18529211
19.884,85.27844
890.75,33.752853
313.06,286.83002
129.91,138.47717
19.72,74.04285
10.627,71.53506
39.433,57.603073
199.42,102.25848
59.37,534.2137
104.01,113.45594
20.317,87.998634
9.996,4.352527
70.093,283.96704
230.084,129.29929
210.09000000000003,219.4628
9.44,88.1434
60.330000000000005,277.5477
0.796,32.55189
68.993,266.8956
60.957,167.9344
320.943,425.92593
18.48,296.10635
9.747,4.9165587
115.65,837.80914
8.87,0.7135908
10.266,107.76432
11.044,199.19691
50.177,235.30687
2000.49,184.26688
0.11,420.95615
1809.99,260.99728
18.117,146.8749
10.293,0.39465448
9.787,117.06968
15.407,137.26659
20.17,5.6528287
38.074,83.5142
661.124,137.12387
20.127,337.9956
9.767,52.323658
9.713,146.39948
50.014,330.60773
20.25,106.31239
109.947,141.2933
10.244,89.28544
119.24299999999998,409.82272
9.1,105.69197
20.163,104.36106
40.277,141.5104
10.64,24.179348
9.87,209.55469
9.213,68.06681
8.063,95.627075
9.137,0.028470457
1654.136,1319.4473
30.174,69.953514
59.31,223.88907
20.263,161.46962
1631.456,350.5876
19.72,171.58517
19.063,36.6397
58.18,140.0511
10.113,17.726463
11.293,179.43689
0.36,90.35606
48.957,196.62941
19.696,57.140854
10.707,181.36884
59.027,97.43556
9.973,2.144793
21.564,408.71628
511.113,23.866419
19.33,0.1775887
0.42,0.16136122
19.27,82.11129
10.596,1357.2052
0.11,78.858
369.5330000000001,330.5589
218.753,218.769
9.837,14.590873
89.786,0.25320953
10.207,146.22192
0.284,109.96352
39.666,214.04247
20.0,8.792062
22.054,182.16135
150.843,9.014071
10.184,66.35129
19.207,118.99933
0.014,0.41729295
2260.034,409.791
26.643,236.46635
189.027,488.58768
70.186,241.68536
0.063,4.7184987
279.826,585.90265
47.86,126.508896
128.84,127.514786
249.187,463.03467
539.113,147.28664
10.257,53.856564
128.997,279.886
19.82,70.7256
0.393,0.17633264
120.073,1.5869964
9.683,51.020313
60.467,267.57422
101.117,151.68755
318.887,195.34555
4.833,46.201572
61.053,221.67778
5.583999999999999,93.916275
29.183000000000003,84.46084
0.14,122.556816
40.01,923.43225
9.683,94.12597
10.42,2.6205304
19.9,59.00376
9.413,76.37973
109.90299999999999,408.36984
88.987,135.22174
99.363,28.302162
0.19,1.0181814
0.25,61.009052
10.337,15.69363
21.537,200.85141
129.536,166.52243
10.13,0.39465448
20.62,397.51367
101.696,204.35394
9.746,27.694126
181.06,436.41425
3350.617,161.57784
0.14,77.09509
1.207,89.761375
9.323,52.053814
30.967,40.06473
8.554,289.2
20.376,1.4007251
19.937,163.23654
0.61,91.52622
0.203,0.960704
120.254,272.3105
8.23,58.045166
19.657,223.93456
0.11,220.85481
1570.027,1308.7472
201.714,127.85703
139.88,783.50055
11.097,61.891758
89.89,437.72955
0.53,63.18024
19.393,256.5132
0.234,68.01279
9.563,66.81738
119.12,264.16714
49.493,210.5343
172.223,1304.2194
8.934,12.907897
9.47,1.4989859
380.58000000000004,534.17096
110.336,154.45207
11.164,4.0177226
9.64,36.709785
20.023,133.60712
210.27,136.23373
18.854,84.621315
29.323,57.38304
11.247,175.6586
10.23,4.15412
229.70999999999998,376.56384
8.463,54.543694
450.43,99.38132
38.896,126.103836
912.963,695.0001
11.323000000000002,90.45737
0.454,97.47257
38.97,84.95884
39.417,200.89435
20.146,342.9326
69.954,156.24602
19.876,102.01715
19.43,166.4302
100.27000000000001,197.82516
12.803,70.23132
39.73,209.69684
150.86,289.91092
2576.097,1163.6029
8.204,202.24234
0.28,92.50797
9.27,47.472378
10.096,142.95715
1.047,13.067618
800.7660000000001,591.33417
19.836,121.739914
140.173,142.4754
9.244,55.94802
19.453,122.98335
12.15,0.223671
19.664,105.35538
20.34,90.50142
8.713,0.5069798
51.86,507.44067
48.78,315.6682
0.094,90.8565
1.5669999999999997,38.85355
10.776,9.037049
129.81,139.34808
489.927,451.5264
9.47,103.267525
17.277,0.17529744
11.743000000000002,0.14588763
18.143,3.9269364
0.437,113.805405
130.06,382.41324
10.61,235.36415
101.717,140.44366
340.89,406.78702
58.31999999999999,134.18184
70.357,21.56424
76.28,114.99518
19.797,650.44305
9.563,330.85922
148.934,127.77535
0.03,192.74692
2.286,2.6867158
889.76,169.54393
9.367,0.56511956
59.047,118.029175
140.16,132.48268
10.767,57.04843
187.7,327.79645
31.107000000000003,115.799965
0.03,9.912393
1149.0,260.18283
19.213,85.98707
0.03,82.41843
10.39,145.91525
189.684,12.834956
20.326,144.32777
9.727,17.81217
9.81,87.39391
212.156,195.78603
312.38,480.30185
31.083,64.87374
0.657,197.77773
95.623,142.74115
43.187,60.33244
0.5,7.955862
49.952999999999996,49.282955
4190.937,894.6622
0.17,99.80363
0.58,104.3442
149.907,139.87273
10.686,53.46688
0.22300000000000003,70.22332
9.473,290.247
0.156,0.56511956
49.546,403.14133
29.723,215.34566
19.036,130.61496
19.793,295.1042
9.49,0.07678021
95.89999999999999,0.28190818
189.93700000000004,195.93637
250.416,1470.5879
229.697,281.35446
29.919999999999998,155.0871
9.8,91.45975
190.0,187.52472
20.14,152.77986
10.493,26.82671
8.85,77.60166
10.6,0.22187093
109.99999999999999,127.91577
489.19000000000005,188.72614
8.843,1.7424399
9.953,4.5714307
9.027,230.9648
19.984,94.468925
119.17,253.75443
10.8,0.612838
610.206,130.98785
1293.32,286.2969
0.903,224.19824
20.593,18.622158
10.717,114.28566
19.887,99.287926
120.657,130.80885
9.337,92.797966
31.476,124.22955
78.95,173.25473
90.007,223.65991
20.133,111.27267
40.953,218.19702
19.17,91.359955
60.183,0.1048496
0.326,75.55359
19.237,149.5313
273.69,267.1118
90.086,148.74918
20.443,0.23600315
220.036,450.9915
80.097,95.13328
30.32,204.06546
70.027,19.124464
129.244,400.42767
29.652999999999995,197.80696
0.266,90.98318
53.933,230.14893
20.06,151.12383
9.467,26.619791
18.87,211.732
29.42,3.3193808
89.65,1.2330486
649.99,277.71692
180.43,4.4990964
19.946,135.9457
100.834,140.41508
19.224,167.63228
9.2,77.85171
258.987,2.3443205
9.084,53.82338
18.77,85.13865
20.514,5.5552692
9.06,128.83763
1613.69,585.3482
4190.11,691.0186
15.87,188.77739
0.017,108.85838
59.78699999999999,168.0953
5.023,83.42823
0.423,47.210087
89.554,142.64171
20.03,143.19356
58.17,111.945625
0.123,87.86581
8.906,79.28136
19.363,180.765
19.36,87.07269
749.83,101.54491
9.756,86.7983
8.914,72.16876
0.437,386.723
399.827,227.94168
18.926,230.1907
8011.904,1401.1598
7.89,0.055786237
1.033,115.28998
10.047,52.07931
50.25,10.044072
629.257,332.9274
662.367,118.68902
80.56,4.6709466
20.637,152.63231
39.794,199.87436
20.31,78.88546
18.157,175.79832
220.854,150.01677
20.483,0.2094763
19.967,1.3956888
639.914,312.46136
61.05599999999999,445.1711
19.576,116.10417
20.704,47.43598
40.893,94.11998
1.577,88.665985
10.96,143.08348
20.123,9.90883
10.887,127.16678
39.023,5.005942
131.02,645.2494
0.17,7.4822354
109.88700000000001,173.86995
9.51,444.89935
267.14,179.10297
11.094,100.93078
39.023,95.347084
400.24,136.86946
9.566,2.0751355
19.61,162.48569
70.686,61.448826
18.99,1.4908798
10.183,92.07225
3075.186,135.88089
81.217,117.58877
50.97999999999999,149.34996
10.646,112.66175
60.01,315.31653
79.9,185.96324
45.84,59.2508
11.063,205.97849
7.593,94.69392
19.004,923.91296
169.767,466.9601
50.95,66.80935
419.94999999999993,134.53612
0.093,228.22623
15.230000000000002,127.37515
20.667,171.09648
10.083,54.002586
9.533,129.73195
1.19,0.024781236
160.393,68.83249
8.463,66.58625
268.074,217.03178
19.973,200.74174
19.703,166.30614
8.59,137.1154
6.01,53.677845
29.757,187.57301
0.9099999999999999,0.559807
20.057,217.74756
1.003,0.50878596
50.55,66.34551
101.003,622.50775
0.563,16.380074
40.36,64.06681
20.426,101.841034
110.73,138.90468
1951.0730000000003,187.59238
79.896,2.9582157
1.22,0.2621339
1.78,90.08083
0.563,210.0415
3909.1369999999997,234.23665
9.994,66.57937
8.9,230.61113
19.607,81.87993
0.9099999999999999,89.88004
0.207,4.811553
19.323,139.21686
30.779999999999998,279.27042
139.42,130.65091
10.047,60.771915
131.98,249.97409
0.327,118.18409
9.683,2.3366244
29.056,143.22365
30.296,149.97755
9.644,81.91817
104.886,163.79597
49.824,84.50916
0.344,2.6850235
1.81,59.21629
17.33,263.28485
17.92,381.46198
40.857,70.24712
8.66,2.1624222
131.93,131.19852
51.417,236.25983
100.26,53.449574
20.217,115.008026
9.517,5.9839425
10.12,2.4556308
10.143,41.351566
101.59300000000002,340.31567
168.35,200.11476
1.7039999999999997,91.77925
18.013,217.10657
8.98,57.113243
1150.973,87.20309
29.693,193.8341
0.174,0.74580127
10.043,0.19858429
123.67000000000002,203.55193
10.813,125.73607
169.863,180.76941
30.306000000000004,814.3417
245.19,0.13194025
19.05,90.28634
10.1,0.9135832
79.276,1.7532306
19.56,148.49571
129.22,40.63057
19.673,54.483925
20.106,157.7267
19.92,51.594006
20.023,80.62041
0.19,0.15996204
18.883,88.07136
29.277000000000005,34.58229
10.0,0.548051
29.437,36.58531
0.234,0.19771506
0.064,20.124454
60.743,207.71002
471.75,631.4301
41.513,909.5958
18.713,97.79273
10.35,200.68501
0.016,78.75598
10.823,92.50797
0.203,3.8308258
60.127,0.4515836
39.424,68.06681
28.96,0.03654981
10.803,17.869274
0.11,0.055786237
11.337000000000002,1.9174056
49.733000000000004,8.470283
10.096,75.43628
0.093,92.22885
9.394,104.68539
1098.263,332.1826
150.767,60.834522
27.597,230.9833
9.933,10.4211035
0.983,80.83505
8.06,1.5817957
9.697,66.65083
9.877,51.67463
69.647,180.00711
19.5,0.41564116
29.47,376.22348
70.54,1.2642573
19.767,569.6743
19.267,217.83167
0.03,2.5154057
11.743000000000002,20.245558
10.124,51.47454
230.347,247.58928
19.924,0.2059101
1.393,57.922672
30.777,102.3346
66.966,219.82384
8.983,6.773125
69.83,84.12344
8.373,114.82514
750.497,110.74389
0.0,82.6698
374.79,275.5183
18.97,95.19467
0.034,8.62732
9.84,60.233894
150.617,29.02377
9.99,191.70847
0.983,0.61320156
120.363,128.87993
18.654,67.086075
10.7,1.5179454
9.913,2.2689834
19.417,2.5181944
9.897,324.0739
10.837,192.53996
19.064,66.93327
8.204,0.16977683
16.717,408.78186
9.787,111.30443
0.156,69.7228
9.267,56.272434
19.72,33.468224
0.18699999999999997,2.1161344
10.45,70.41179
490.9169999999999,1129.4485
61.43,214.36714
371.136,284.88898
9.377,5.7489214
71.3,0.34364542
90.767,140.2766
20.233,121.90513
19.88,119.194855
10.913,150.44127
79.17,133.75024
19.347,53.702698
60.849999999999994,90.630104
10.857,127.437614
0.373,71.13591
9.17,0.2949679
20.346,0.028470457
39.924,74.185455
130.09,143.70128
10.046,119.542625
20.847,235.19191
9.043,1.0209633
0.937,37.561726
8.82,0.603009
0.233,84.09837
119.67,216.68782
19.434,44.116653
1312.05,661.3618
29.763,36.838993
95.73,198.60844
1.487,104.970856
20.43,56.987125
99.52999999999999,235.01726
679.733,495.48456
9.273,77.45522
28.855999999999998,221.94826
20.01,1.46001
10.17,3.1822264
1619.917,155.41689
140.05,273.79865
0.18699999999999997,32.93906
9.647,43.145546
9.677,72.44966
0.0,6.57048
0.77,57.17126
29.457,125.332825
0.424,5.157309
7.632999999999999,91.409004
1320.017,598.63904
0.883,67.92275
19.48,0.54317194
499.42,485.0179
110.34,229.39778
180.89,195.6825
0.547,1.8312002
489.573,85.31421
19.943,139.30595
49.212999999999994,52.81632
40.097,1515.9156
0.39,59.08123
0.513,276.05582
10.917,55.86184
29.407,6.959672
8.753,1.577623
199.81000000000003,341.10822
50.040000000000006,57.90264
499.657,134.328
0.42,68.970856
1.186,106.3972
86.19,277.99005
30.240000000000002,66.47091
99.93600000000002,37.93296
0.437,60.725403
221.024,239.86154
40.2,244.97906
89.55,141.74382
42.247,188.13719
9.697,123.24471
50.812999999999995,33.107826
8.63,1.91632
0.317,21.442411
9.917,195.87585
110.243,279.20053
330.286,137.38593
10.307,129.77953
0.0,58.532497
260.634,278.25644
10.563,66.7978
110.33299999999998,414.17807
10.77,128.3602
70.167,62.845444
9.666,70.07285
9.987,18.49225
21.047,172.47594
129.67,206.65833
20.23,371.39032
1992.486,601.7735
9.74,7.593046
20.073,146.46893
9.887,0.43701765
41.053,190.98311
594.516,182.16135
9.913,2.925485
20.467,69.48547
9.077,40.740902
72.346,1.07846
1741.0999999999997,114.490715
19.65,64.49878
19.837,1.423505
20.06,11.0551605
11.15,132.82542
519.26,131.38493
271.21,138.54909
20.426,157.19405
10.13,92.17064
170.84,238.79608
518.994,158.43893
21.043,0.7521697
20.357,39.651035
0.03,0.68300575
238.696,153.00204
20.53,174.0878
2211.6,365.3532
10.807,0.045081846
50.194,294.91916
8.694,54.57727
3181.677,470.69455
199.92,196.95595
178.847,1.5458033
19.75,470.07718
29.704,123.78923
18.847,3.4909413
539.05,80.53164
118.447,251.27766
10.004,218.86914
9.766,142.81154
0.11,1.5442076
7.777,100.58975
129.957,153.42874
48.39,92.71136
0.39,372.68762
310.887,108.5082
9.414,1.554896
0.2,62.83938
29.63,18.887451
319.967,1095.5646
231.44600000000003,22.755978
20.02,116.52793
0.097,38.21794
0.767,83.971375
98.637,268.38754
109.91999999999999,233.81181
10.637,113.39638
89.95,207.30838
9.24,84.83681
8.517,56.72205
138.423,132.51758
9.847,63.76405
270.327,191.36826
2009.753,123.742546
0.033,0.47816795
20.157,181.0083
6950.92,244.50226
350.717,175.26576
8.3,111.9811
21.96,0.13914987
9.857,58.220688
19.09,609.73065
1.797,59.827816
78.48,291.93124
0.194,91.22444
15.894,167.93633
98.847,121.288795
61.34,237.60156
0.643,208.46368
0.22,143.78545
100.82,110.82632
9.903,335.04968
10.67,50.06843
119.327,146.58656
29.65,7.40723
81.28,283.9124
169.9,161.69518
10.586,116.82439
10.697,72.00995
0.016,173.84947
0.046,109.96352
41.403,0.803356
0.53,114.00837
0.233,63.54433
18.61,107.24732
50.273,652.91376
1309.867,404.80392
18.567,90.072815
69.89,1.9744704
29.777,100.69714
0.077,0.6790867
119.896,147.34146
19.49,276.05582
10.433,722.0304
89.98999999999998,60.985096
37.847,137.99352
240.893,393.3891
9.89,1.0626996
9.06,163.2373
1.203,248.48863
19.666,203.66856
10.067,82.22556
13.023,56.73487
139.3,155.44223
50.533,354.64853
209.58,520.7596
20.183,171.46443
30.902999999999995,54.57727
30.53,93.73174
19.643,83.29345
8.637,71.69572
60.067,156.1553
509.667,121.81935
609.08,536.3389
1030.803,272.5596
1090.837,347.20395
50.186,208.32343
70.77,293.09763
1510.09,513.4238
21.446,129.35388
29.32,12.039197
130.773,169.70058
180.537,35.02237
104.426,137.49512
20.536,138.13368
169.95,65.05641
9.996,53.677845
0.297,0.2621339
540.886,229.26886
20.06,70.092636
8.323,79.71597
9.32,87.433685
29.606,19.80329
10.087,17.355534
2684.463,609.0319
1510.403,70.61077
10.55,105.69197
15.474,250.72765
270.01,174.48238
609.613,251.25858
20.34,167.47046
19.133,91.082466
84.113,168.29973
0.77,0.47233495
10.247,171.29955
31.613,84.83681
0.547,1.8400053
9.466,0.026195826
10.303,0.48041728
149.996,178.66434
59.213,215.6047
10.153,81.92741
1.03,159.65007
539.973,1269.0201
400.32000000000005,182.26357
0.376,120.17307
210.12,213.83208
0.267,67.80778
9.726,120.43134
169.543,222.1059
18.83,2.5324945
49.9,210.08218
12.56,0.82098573
30.387,62.97175
110.29,662.8486
8.243,270.10736
20.1,78.64523
10.09,118.275085
19.52,80.060585
9.68,70.33637
1.383,58.82183
61.06,157.88795
100.25,0.4922501
10.91,210.73999
8.457,44.857895
121.39700000000002,111.99559
29.242999999999995,0.18414791
0.093,61.27487
1.257,0.20700128
0.783,66.8794
0.3,12.550848
0.8599999999999999,265.04822
39.94,104.288605
72.347,101.31995
149.91,378.93933
50.42,2.1665401
19.894,180.87595
8.81,0.16756825
99.07300000000001,1.1113971
1059.623,28.9562
59.72,43.744164
0.233,91.05213
10.943,207.99063
10.077,7.40723
9.947,0.3944653
60.994,835.98785
9.15,123.33965
20.05,330.51514
11.06,58.045166
30.47,118.36974
19.526,0.9813387
2.346,117.298546
10.64,1.617742
20.81,67.94837
0.157,0.12903106
19.544,1633.6069
80.11,116.485825
20.263,21.025345
60.043,101.313416
19.456,367.5119
320.3,4.9647965
20.23,172.57306
9.736,32.16438
10.5,129.46481
20.007,16.492468
15.732999999999999,72.16876
10.204,141.10214
9.286,57.687626
22.75,205.57446
0.563,70.57239
0.233,171.18834
9.383,132.13846
11.482999999999999,69.37504
18.927,277.7247
0.546,138.33986
39.637,180.10649
2739.744,351.45044
10.953,163.41733
69.803,71.12798
1813.87,605.1495
19.18,288.67166
9.34,159.3332
10.513,67.09674
9.123,78.73521
0.257,169.12175
0.69,143.66138
159.447,199.29094
20.094,263.34723
592.51,1003.1472
1.17,4.556372
9.333,102.3346
2419.417,333.66272
1449.99,290.6111
17.64,48.007435
19.84,45.741714
10.017,7.7519994
8.974,38.95141
577.156,173.0307
6.83,123.241974
23.513,157.35278
41.78,257.15146
27.64,58.39079
1.063,58.241432
0.563,6.4456444
250.28,798.7904
19.73,94.50418
9.324,141.46474
0.627,57.72456
10.224,146.53836
59.03,164.99213
80.44,2.6936555
187.98399999999998,178.626
202.043,311.77847
0.063,13.183798
40.13,61.457687
9.176,0.059506025
19.46,1.5319457
59.863,147.62997
30.107,65.42045
9.423,1.8273538
198.637,251.30363
20.497,85.951225
9.806,4.006509
39.683,73.193
509.89399999999995,163.2294
11.64,65.71536
569.857,289.23892
19.88,54.035854
110.12699999999998,0.25834644
10.857,0.16273834
5.343,3.0317144
29.024,0.15574296
28.72,290.15457
30.097000000000005,83.97577
0.06,112.95236
160.817,234.46895
0.144,104.59213
10.06,101.79578
9.69,55.4303
28.487,99.40988
37.586,46.899963
9.636,135.14409
1.503,123.19872
17.393,67.06422
0.33,384.3227
139.883,49.15867
6758.31,736.65063
9.243,62.1332
1037.52,168.35074
10.874,38.506485
109.743,2.6954596
19.963,432.47626
80.85,115.520836
72.14,276.15656
169.62,8.607526
315.926,272.91043
20.673,153.11081
90.167,118.38708
10.68,452.85153
69.99,114.69445
13513.23,241.4176
20.827,130.4607
19.183,127.3439
9.463,13.183798
0.373,2.2689834
58.093,143.62115
8.864,90.861465
10.536,57.757565
280.197,814.74774
19.797,120.17307
830.607,1734.2518
59.867,166.16586
30.297,268.4752
10.714,19.309679
159.74,4.2456574
8.984,155.63121
9.85,48.95885
20.08,14.229196
20.167,650.2355
29.159999999999997,215.95073
2.16,204.54935
319.867,419.76926
0.266,2.7284331
167.957,128.62962
19.887,179.26993
289.81,0.1804996
1211.54,2025.0388
50.493,230.58588
20.25,219.93515
180.28,200.46878
9.787,0.93389046
10.15,296.5792
466.177,227.38911
3631.054,1796.5791
9.817,98.92074
30.75,54.115894
40.673,282.79202
50.403000000000006,287.85364
985.15,12.18702
29.400000000000002,70.29736
126.35,137.8895
70.213,40.89544
0.267,120.05655
18.54,248.38232
10.03,0.27868634
0.36,224.58427
19.946,47.15782
110.10999999999999,0.8946957
0.687,58.561832
30.006999999999998,131.10611
124.22,316.43118
10.35,1.7546589
0.8,73.81313
0.484,11.869285
9.58,117.54828
98.98,125.89975
9.487,58.908157
18.803,245.56075
59.487,0.6439754
0.18699999999999997,192.74692
20.09,170.62634
101.083,156.16728
60.46,117.68825
20.18,142.30356
8.517,60.771915
10.1,230.10269
10.194,8.829959
11.947,55.090225
1.02,55.86184
20.113,129.26263
240.34300000000002,137.64493
0.013,53.757416
60.183,63.43159
0.093,0.45745945
18.97,175.51698
0.8429999999999999,204.08582
130.8,139.6957
221.44,353.99573
5843.329999999999,198.31181
81.4,512.7934
10.0,145.94579
12.556,24.634846
0.047,0.38014674
23.787,124.29387
19.724,107.587296
1735.36,1123.1713
0.314,51.353065
20.28,98.566154
9.49,6.470936
18.93,126.40102
669.657,159.85101
10.063,1.4716837
12.207,46.201572
9.32,0.1375429
0.017,18.410873
30.047,110.51255
8.514,1.185236
0.237,0.7851694
30.097000000000005,152.03267
203.824,117.46099
9.77,172.40764
10.556,201.32675
0.046,221.62791
20.29,430.00204
9.23,0.03816845
51.45000000000001,91.83526
0.123,58.97537
200.73000000000002,16.40048
0.203,82.6698
19.847,73.2086
0.31,9.917326
89.804,394.30966
0.53,193.3687
21.887,209.13055
40.2,436.96472
49.633,129.33592
10.077,5.9266953
10.05,99.88314
0.123,56.71048
9.86,93.87718
1.017,66.00631
20.243,6.2879405
50.406,1.9157591
80.297,197.79916
21.25,107.6134
1707.876,626.0511
8.924,1.5817957
10.226,8.237593
427.8740000000001,161.86232
40.24,301.9209
399.99700000000007,352.87967
0.093,3.7685494
9.99,61.453068
10.383,45.097485
9.523,1.6929915
1630.883,156.47998
179.59699999999998,7.517239
19.027,0.56080145
10.484,58.439747
9.163,63.725105
19.58,187.76302
0.923,62.6322
0.157,0.08910599
1.927,53.677845
19.87,1.0753666
69.213,218.05664
29.857000000000003,0.6483932
0.22,81.75821
20.147,80.581276
420.587,476.9648
9.603,41.407116
9.61,176.04532
210.06999999999996,252.38397
165.477,243.23059
0.03,67.33334
0.017,131.88275
1510.677,541.00995
8.774,111.52957
9.527,67.333305
0.11,110.85568
140.807,218.0106
110.04700000000001,654.0165
15.023,214.358
19.92,342.80392
19.81,0.2510769
550.187,157.33925
89.533,0.87612754
0.296,132.38017
9.087,134.1988
10.05,158.49208
196.43999999999997,108.73147
21.76,98.62705
19.71,82.575966
18.77,111.950424
39.727,54.84346
5.163,182.30379
0.767,253.3947
11.563999999999998,0.051790245
0.313,6.4843764
379.7029999999999,353.04965
17.847,25.313244
9.763,3.46166
8.62,3.5858867
0.33,65.27613
0.013,11.202158
49.346999999999994,38.48233
0.653,194.90002
10.614,117.7812
0.28,0.4841852
9.99,579.90216
10.02,103.340706
50.54,84.364975
440.287,501.31012
0.364,94.63913
180.53,210.83977
0.107,60.70465
10.34,130.35587
18.08,39.66899
8.783,63.54433
9.617,73.05093
69.606,247.01907
49.806,26.78805
30.424,289.23398
151.07,194.84369
9.247,0.49276346
9.273,104.8525
40.55,67.92644
99.92000000000002,38.517876
10.22,156.98705
0.047,112.836716
21.017,88.3984
39.21,215.50374
20.12,86.434875
20.083,200.36276
339.766,233.9658
70.554,10.79601
118.79999999999998,216.93037
0.0,0.29130244
10.897,0.43534037
10.47,2.111035
0.03,94.12597
0.017,2.594843
99.967,123.23023
1020.223,277.73294
9.967,22.7067
109.223,163.84486
0.11,86.20531
19.36,150.28217
266.184,396.83966
0.156,82.89837
18.987,126.78621
10.22,98.79152
81.84,23.974594
19.527,129.1545
1.3,111.27267
11.03,207.35234
0.7069999999999999,120.4683
12.253,0.30257508
59.223,0.6823606
0.03,208.7014
409.4169999999999,312.3253
0.11,121.6325
692.514,230.857
9.137,119.664856
1128.607,115.90686
0.5,2.5344946
9.953,73.58417
0.483,80.65705
209.96699999999998,325.78165
0.207,319.72974
9.677,172.94406
9.87,168.76585
569.637,701.9867
21.91,47.29252
0.077,394.3868
0.063,8.868587
40.17,95.28796
0.03,119.805
9.317,71.0011
0.8259999999999998,227.42256
20.056,167.67769
20.8,119.3429
20.11,113.58688
28.784,152.71808
1642.02,230.6689
0.16,66.16188
1001.2000000000002,976.2442
39.986,80.75021
0.237,70.7256
10.356,2.5604298
28.92,56.895195
0.06,0.11630161
28.977,386.5259
0.36,0.6087309
243.356,81.27132
30.213,484.46335
569.723,290.9058
879.927,263.46884
188.856,89.90991
344.276,234.80107
8.793,0.054745384
0.313,55.368973
0.093,143.1934
11.5,83.749016
44.493,267.45618
58.447,198.59393
0.0,8.76185
4.02,41.159695
881.1,202.98355
0.314,73.698555
10.264,70.1104
8.96,0.5618009
10.177,440.93124
129.327,144.95798
39.583,255.12263
20.473,462.583
53.877,115.8742
59.377,287.37775
289.93,147.65028
2.347,59.148537
0.013,36.56971
20.12,9.052882
1132.343,433.13696
141.02,12.362349
18.42,106.43684
19.55,53.757416
279.9,137.83862
3889.5300000000007,1348.1455
40.11,138.4255
39.984,3.0054543
15.48,637.49023
17065.674,540.2768
10.063,225.09883
25.524000000000004,267.0846
9.69,100.87607
899.747,518.0573
20.087,1.6516895
140.183,25.055834
109.914,651.39954
10.437,86.07485
50.034,0.2601391
599.653,294.54562
19.56,134.01926
30.717000000000002,312.59128
0.14,115.99068
29.593000000000004,7.5539336
0.11,56.421524
201.02,375.2998
239.577,139.58716
299.923,122.48474
341.04,294.3898
9.93,290.81497
41.82,142.36952
60.24,275.9421
19.82,513.4007
0.517,119.81025
19.604,79.006424
29.037,14.737008
19.104,0.16420299
9.286,6.323179
10.073,99.606544
9.56,373.6368
78.957,330.0807
29.216,206.49779
612.863,431.08655
29.793,3.971271
11.297,180.87604
249.243,72.57778
18.933,123.34995
109.057,213.45526
19.926,86.68712
1480.843,320.68155
0.25,0.5574002
170.04,180.07057
0.0,1.0366899
10.32,282.7696
8250.93,1216.9236
330.073,144.43195
25933.529999999995,476.62198
0.42,119.86399
139.273,68.34636
1709.5259999999998,225.50005
19.54,100.3409
10.55,199.37566
60.74700000000001,121.18295
38.864,71.66405
100.20999999999998,204.99109
19.943,351.45044
470.323,188.91435
22.903000000000002,412.34656
319.313,184.84451
210.15999999999997,425.42398
20.01,171.5819
30.187,124.43218
7.13,216.38951
0.064,0.68807775
99.963,169.91629
8.96,3.5858867
36.504,60.347675
51.187,164.886
0.314,3.2979102
3989.05,605.30896
1.55,129.20734
79.346,47.91482
0.093,120.38914
10.037,7.895736
8.984,9.689258
19.88,185.10551
20.14,67.90251
0.113,19.703367
179.074,1185.86
149.357,195.76256
0.703,5.0555344
18.903,69.48968
0.064,172.77994
9.767,168.24184
9.8,72.20839
0.11,59.67819
48.59,110.11234
39.883,192.54993
79.66,7.7698927
9.383,1.6996902
19.743,198.46384
249.793,797.5003
15.844,150.64258
309.596,219.706
7.957,110.18589
19.736,718.58875
39.83,186.83888
0.157,58.367542
30.006,69.759705
110.97,2.2681744
511.90299999999996,99.36288
39.686,369.68243
0.11,146.22192
8.917,14.132234
0.35700000000000004,104.35203
179.88599999999997,186.16956
18.413,199.47685
0.69,59.638306
0.22,55.554466
20.73,0.31786063
0.567,0.77883494
121.98,198.34431
38.984,84.42064
10.036,1.0465387
0.39,0.4689378
1.14,193.88846
129.33,298.01862
39.607,99.97786
9.934,9.279982
41.587,187.64183
10.11,0.13583784
28.087000000000003,68.233925
20.246,221.40842
9.73,147.8883
100.407,230.28125
30.746,144.12787
29.423,155.90956
148.973,91.61238
51.053,917.6819
10.606,4.228264
9.717,150.08603
1480.85,654.6208
179.964,124.44863
26.573000000000004,220.29483
49.783,98.04872
0.627,0.75441265
12.110000000000001,48.97744
19.447,237.31862
18.457,89.76408
90.357,111.885895
621.07,155.50496
0.22,37.868313
30.74,134.9498
0.284,0.80335504
29.786999999999995,9.947537
250.107,14.173915
329.13,130.5243
17.47,215.7266
270.02,87.00212
0.077,0.63966024
70.553,117.26328
21.076,130.57924
51.513999999999996,39.852547
9.42,142.04402
180.02,210.28088
0.047,101.75927
10.116,219.28102
8.873,238.84628
2119.597,108.66115
9.863,154.47725
0.14,265.04822
19.23,77.768295
19.823,93.410706
0.453,115.65937
10.017,7.593046
519.08,112.232254
529.797,696.5963
109.46,87.372795
489.26300000000003,575.7282
28.597,71.92873
81.007,0.75824827
980.994,322.91373
2419.92,75.994446
202.923,222.93073
9.22,47.683235
410.193,145.3905
30.16,52.651245
9.273,104.36106
7.562999999999999,79.2786
9.047,2.3340812
47.35999999999999,414.9204
47.583,2.7493038
10.08,0.17903449
0.47,172.01782
40.31,440.46582
10.873,0.2949696
19.407,107.11317
39.376,170.28139
39.187,2.292425
0.204,0.57175416
19.903,102.32018
1432.8430000000003,276.5966
3163.53,155.33643
170.36,430.00873
69.577,137.58037
759.84,216.30396
3399.6299999999997,133.05447
18.767,132.1235
0.016,55.475838
30.18,96.501785
288.874,213.69379
0.627,12.907897
432.30299999999994,170.66217
9.667,257.75067
119.804,199.91489
68.42,49.185658
190.60699999999997,147.37668
429.67,157.12054
509.00300000000004,155.6955
339.33,1369.7633
19.417,244.14822
1209.51,0.46690655
10.764,90.42091
10.07,84.22559
705.187,521.81305
30.036,78.60661
119.06700000000001,72.37365
59.42,475.58582
29.42,65.68312
8.4,71.34591
150.283,72.14049
9.806,6.996601
9.553,221.47545
0.28,83.12525
234.674,334.28958
0.173,98.13478
0.8170000000000001,190.7959
2.14,138.12871
30.06,63.991425
170.417,105.97701
8.813,105.39589
10.477,63.772068
19.046,113.87006
58.704,4.8316774
10.457,209.65253
0.313,7.0491214
19.3,123.553795
109.533,166.57901
9.19,46.534958
29.647,38.68384
11.22,57.851376
286.81,104.699326
18.947,96.7433
11.01,220.49939
19.993,385.56946
8.034,89.58014
20.953,176.96825
869.9199999999998,216.38795
9703.443,348.18347
260.48,188.36424
19.74,112.70888
508.404,1105.3602
60.036,4.898289
210.34,3.4940717
9.653,55.86184
9.56,120.17307
0.64,17.726463
0.593,90.861465
18.827,187.97339
89.1,818.46985
0.25,231.88684
50.526,130.37984
10.64,35.808666
10.843,57.66507
62.587,724.1485
40.517,155.58818
19.873,0.59783965
1470.0800000000002,140.89702
20.087,191.68678
10.356,232.41614
10.754,113.901054
0.14,186.03392
119.06999999999998,128.44249
27.573,153.49205
60.263,126.80509
0.267,58.17391
0.097,0.21499515
19.07,381.86508
194.46,233.69182
220.107,36.997406
0.25,3.7685494
50.904,148.6597
10.47,4.4674687
120.353,291.48044
19.14,118.489426
40.054,153.3929
679.86,781.65
17.99,55.15127
9.437,66.38418
0.796,4.5450115
240.514,234.34616
38.74,2.4849615
50.04999999999999,0.76523376
19.47,196.6111
60.17999999999999,133.81119
9.43,0.1091041
0.063,123.244
21.94,189.56578
19.99,196.08638
10.857,17.81217
228.95,321.02368
0.44,218.05664
0.8599999999999999,1.4989859
0.546,0.49016505
12.586999999999998,117.2567
9.78,9.052882
10.91,1.1027274
60.400000000000006,748.62976
709.927,400.75745
10.277,122.69168
529.916,107.8926
39.063,140.8424
0.186,39.286392
392.31999999999994,177.61406
80.614,151.40535
28.753000000000004,1.9468174
39.88,2.0017486
59.37,748.7067
9.624,73.241974
10.21,124.43218
0.126,57.897747
19.043,90.501724
10.05,120.64276
20.46,0.29721975
41.387,135.08333
59.333,133.65141
449.69,74.873566
30.564,414.31384
3377.916,340.41165
16.753,87.08091
20.086,169.71082
20.0,174.53136
10.563,178.3038
670.36,1501.152
0.61,114.96072
0.643,420.47168
0.377,59.17421
50.42699999999999,123.34995
0.454,0.04965822
220.03300000000002,472.0143
98.877,356.4857
0.66,255.68646
50.33,213.38419
30.767,216.48349
20.127,78.64081
100.45,178.28712
39.65,217.97255
6975.403,1193.4088
8.507,106.5382
31.23,1.0471877
19.724,190.60667
69.704,145.33618
0.42,37.60815
239.88,160.05325
10.017,95.599464
690.31,251.1033
0.733,2.1371813
0.033,249.11977
0.47,3.6456108
30.247,85.01183
1.093,110.40872
240.133,176.97214
67.907,164.52637
7.422999999999999,38.76398
10.78,1.5011545
69.19,183.49997
47.41599999999999,123.39162
10.843,175.16849
11.197,73.51137
278.724,69.27167
139.134,214.43993
341.023,116.980644
11.963999999999999,69.55406
30.062999999999995,93.51362
331.637,196.96062
19.576,3.8308258
19.83,79.31004
0.453,36.58531
0.203,159.18634
19.706,216.90843
29.84,2.6827376
30.053,407.1362
19.45,133.31294
9.893,228.22623
19.66,5.6528287
10.317,0.11139623
1390.17,230.52036
39.513,163.08684
2287.107,359.76785
0.064,144.13306
10.637,1.0765198
19.224,152.37698
0.22,68.54522
20.3,123.412346
288.947,24.349955
9.646,145.88765
9.296,0.39711565
9.827,116.503456
50.04999999999999,0.20401882
190.41299999999998,207.62248
0.517,103.2138
0.314,115.66891
13609.709999999997,4853.3457
28.263,160.3768
761.727,168.87825
41.007,321.84232
40.5,132.35376
10.097,105.792435
9.92,59.699505
59.81,39.758713
0.394,10.828834
28.899999999999995,50.179497
20.88,185.10551
8.853,164.27858
41.73,156.49538
19.413,16.224781
20.97,118.334435
9.953,332.04178
19.856,79.03539
39.97,166.97145
0.17,4.4812326
9.28,95.70004
60.58,123.76338
439.983,84.96931
16.353,7.6917114
20.824,141.2831
0.453,190.68852
69.94,105.59332
1.066,70.714485
49.96999999999999,258.88632
105.004,36.756554
9.11,1.3139638
112.41300000000001,170.61238
70.1,199.12695
0.22,106.17862
390.10599999999994,125.25234
10.82,2.0159225
0.533,58.506416
19.893,1018.2214
20.737,160.03781
63.67,172.44809
18.71,0.14720777
10.017,124.78647
8.43,0.31773183
9.923,637.87823
120.016,7.7200003
10.107,100.001076
349.044,82.06097
8.75,57.55273
21.783,568.4451
1309.57,94.709595
0.7,112.35897
40.537,200.6837
30.19,0.28190818
100.04,238.59242
8.877,55.993603
29.435999999999996,347.37982
10.143,125.173134
860.03,438.61942
179.83,190.28899
39.65,369.7673
138.03,198.18916
30.913,54.53736
89.78299999999999,140.69423
50.017,83.20454
9.826,188.29697
170.406,392.95938
10.943,458.32254
20.437,3.0352232
40.31,124.0041
19.28,134.93884
1682.1230000000003,0.057758883
410.13,397.38403
49.84,0.49749324
9.974,4.5714307
20.08,4.6259956
18.96,170.27821
64.75,0.32193884
20.563,124.56651
8.493,1.6579864
21.814,137.13138
833.27,782.3618
20.044,267.12827
41.313,165.55286
30.262999999999998,176.69327
713.17,96.67847
8.833,67.39886
10.296,68.606865
0.124,60.538822
150.046,415.10986
54.877,52.38054
70.123,65.48744
0.037,12.845692
439.95,187.66797
0.39,60.073647
20.927,198.30908
11.136,63.094566
9.79,16.541897
69.946,182.4178
2.004,2.3338587
10.053,1.036863
269.386,98.823975
90.06,227.53156
29.713,141.51068
9.9,301.4313
27.440000000000005,37.4184
50.06300000000001,67.27786
9.653,113.34661
0.53,82.95739
60.06000000000001,254.34193
9.973,102.32018
29.44,180.52916
10.233,123.67677
9.704,9.644215
20.483,69.70473
20.496,3.3243954
110.617,124.36154
138.994,107.73753
540.897,207.87079
100.15,80.10354
130.616,113.990364
16621.553,2298.751
159.934,78.8606
3801.817,1278.9415
10.417,167.16179
60.88999999999999,149.3915
50.083,0.2047138
30.364,151.98918
11.367,0.64740455
10.176,102.59443
29.037,299.15317
8.527,308.53192
19.677,65.731186
10.477,116.977844
49.86600000000001,150.36269
9.906,14.261697
10.187,3.6961124
1.017,1.1295707
10.46,2.7293537
0.873,159.65007
2639.797,297.46005
0.123,0.53079146
20.187,169.07979
190.82699999999997,1129.5643
140.03,199.4476
1719.687,386.64822
260.067,283.86636
10.413,58.88814
20.95,208.2785
0.517,2.60722
10.106,127.03746
40.633,68.897156
0.11,67.333305
9.81,2.621218
420.34,129.65178
190.03999999999996,191.34756
0.8429999999999999,14.593963
10.504,1.7050103
19.82,0.4142913
9.814,18.585094
0.767,75.839424
414.73,241.22052
30.38,16.606333
1186.187,140.09277
11.476,13.908757
11.133,0.1740363
19.726,80.505516
59.8,68.40769
19.86,56.010036
9.166,88.40227
218.533,94.544525
39.736,104.757225
30.72,72.96764
58.963,138.4255
20.24,306.44897
20.29,8.868587
319.977,544.22504
81.037,62.929207
9.73,162.36453
109.737,199.62654
10.203,102.56828
340.414,346.45148
1240.037,508.18396
30.667,196.59998
157.5,190.18892
39.75,1.7623901
69.95,22.74091
249.763,233.33907
20.0,103.99035
229.89,139.29297
39.88,63.838535
9.873,39.242805
51.004,272.36832
18.866,2.317761
150.907,157.31331
0.733,55.98571
10.717,58.220688
10.097,0.6802982
9.99,85.68998
80.18,519.4504
0.064,139.34561
18.603,169.2387
9.853,20.343681
21.153,118.99933
20.114,310.35168
0.78,66.71172
1.037,55.837772
8.73,103.70062
20.393,102.81755
99.44999999999999,123.412346
0.123,104.3442
20.944,65.82734
17.396,123.57601
1.7329999999999999,8.380548
30.06,125.61691
62.97999999999999,218.28842
0.58,0.51507014
11.453,4.336081
11.274,4.766708
479.96,173.99785
28.123,72.56235
0.923,0.43028912
2699.913,284.01248
110.474,237.34937
500.10999999999996,228.61081
50.887,130.04828
301.496,272.8717
459.22300000000007,18.045525
894.59,27.311132
2.81,0.43304566
19.954,261.37408
0.03,106.029655
39.06,130.60089
18.61,76.06495
130.764,436.6868
0.05,89.957794
139.83,176.37033
0.203,75.08552
90.437,169.76315
69.807,170.04402
790.1669999999999,973.6225
1.8900000000000001,98.79152
39.93,97.6736
9.224,272.06097
0.174,2.8423653
39.044,162.67265
9.127,89.74433
369.56,217.23526
9.994,1.5033966
38.737,158.23804
19.6,2.2060502
21.04,194.11465
9.944,257.73187
18.86,56.256298
17.907,1.783929
1028.95,281.81503
1700.1500000000003,66.43001
9.397,13.385644
39.783,226.69511
89.79999999999998,114.215706
0.14,101.59479
0.204,0.0929996
220.617,254.89455
169.287,160.52342
0.5,91.409004
719.743,185.42992
0.314,4.5903144
9.637,59.107403
30.036,0.5619841
19.843,169.37068
61.68699999999999,158.609
89.76,154.55714
8.607,46.124603
49.743,57.804596
0.237,63.09454
0.17,104.00584
10.13,83.45306
0.313,128.01897
19.073,9.764611
1358.62,187.98335
260.616,244.89311
580.65,245.23161
29.71,58.506416
31.102999999999998,226.95546
13.677000000000001,59.63783
160.006,89.36428
9.96,141.66675
29.733,90.76091
600.564,122.83876
90.134,96.37523
40.033,169.61362
20.723,221.62991
101.27999999999999,82.745346
39.027,0.21297358
120.59300000000002,350.83606
40.52,210.62044
20.366,2.482018
9.473,85.434364
41.083,38.570843
40.073,266.4071
699.71,276.97638
72.957,163.23923
19.707,250.12837
261.066,1644.9469
0.627,119.67171
0.534,100.001076
10.287,99.94566
49.35,112.97374
0.25,72.73256
10.08,94.48817
69.357,100.40197
57.75,565.85944
20.323,147.97337
290.823,179.83946
18.843,65.37759
320.92,590.9861
619.9,115.120255
9.38,48.24811
19.277,0.23600315
7.907,193.88846
16.956,137.99352
41.424,161.839
40.167,176.61874
7114.82,332.07327
1630.3000000000002,115.55574
19.08,12.159477
969.83,222.74043
0.047,0.1921708
20.28,0.20339793
0.046,88.65898
131.286,129.07935
9.81,401.60245
10.403,123.1439
51.503,257.84186
79.89,291.01852
0.0,133.04788
19.14,273.73065
1162.234,198.7887
401.223,179.00566
0.64,58.432228
10.793,69.37504
0.66,58.042953
1.173,125.993065
10.79,69.96054
13.95,69.95112
10.294,11.754069
30.637,93.97989
40.07,117.970795
0.44,54.09577
29.923,293.58948
0.077,5.2866898
8.49,220.15196
10.57,134.1988
69.723,112.434456
20.086,163.01039
9.92,0.52463216
0.8340000000000001,137.68512
19.773,61.10942
0.513,7.382925
10.484,126.57279
890.627,334.17032
200.327,206.79552
0.69,454.36945
19.92,1409.0171
79.073,339.7466
99.583,139.72246
0.517,0.73739594
19.49,151.84824
10.177,1.5849787
0.39,1.0366899
19.704,53.171524
28.27,3.13018
9.973,0.7836942
20.67,173.0371
0.52,19.669285
10.94,187.76302
0.03,2.4202144
28.953,183.24628
8.573,59.21629
1270.55,1060.3871
19.897,127.637375
1519.63,437.10834
860.3269999999999,117.25101
0.41,0.33799854
39.06,149.53387
762.08,167.07478
20.483,80.48606
79.527,4.6237283
9.937,128.15234
18.9,14.598276
0.123,91.9293
0.923,124.826126
9.143,25.987513
28.196,406.06168
71.94,213.17734
0.923,0.3708417
79.64,96.576385
170.247,122.779076
40.677,168.10777
0.08,130.9475
9.673,107.75684
0.44,60.369408
18.053,63.53471
19.234,75.400085
19.85,0.28070554
10.007,0.29392105
2322.594,1587.945
270.86,168.2421
0.063,10.360493
160.887,636.9111
0.704,60.31948
10.777,3.2016954
29.67,72.20326
470.02000000000004,210.81804
10.846,39.583
0.547,0.33147344
201.127,476.40045
10.154,3.8513598
410.087,1966.0605
28.91,102.17969
9.8,0.93185663
40.0,223.25023
19.94,54.543694
9.976,2.144793
69.926,57.480576
79.647,80.433464
69.776,207.70372
62.527,155.6304
21.46,82.88985
0.094,0.93719053
1.173,57.294296
15.927,154.16609
9.087,321.46054
714.04,340.9936
68.94,216.87526
0.08,69.63833
29.329999999999995,72.00995
10.053,47.771263
24.146,149.31995
11.254,71.173294
8.814,8.706089
10.746,73.58417
179.84,293.85974
39.017,219.68188
90.23,173.06915
544.29,273.9152
0.627,142.21654
20.003,46.845375
0.14,41.63888
462.223,1724.3688
30.147,92.75593
7.363,124.185036
19.937,70.18139
0.11,204.52815
370.467,29.303051
69.92,217.694
10.226,187.32877
0.283,78.64523
529.423,161.7685
0.0,90.77843
9.84,2.3340812
0.016,202.24234
21.693,54.422977
1.453,0.17840281
10.334,106.566185
6231.323,1198.3253
29.270000000000003,92.711975
39.974,95.29537
19.907,175.6586
40.883,5.4702806
40.71,142.55652
10.314,36.499855
220.75400000000002,184.98358
20.69,188.53932
20.427,0.1959539
9.807,92.757706
149.17,117.96352
59.98,178.81235
80.213,170.40489
19.156,0.35871366
8.707,106.052246
39.53,222.17598
51.036,178.26495
79.02,146.84186
179.737,552.5749
68.74,141.7726
8.334,194.93193
10.32,11.5872755
69.814,207.13284
10.5,174.06235
19.544,19.243313
0.08,8.831348
1500.454,273.71036
10.07,71.61477
19.393,347.7415
19.683,16.67254
609.327,1128.398
0.33,56.21013
448.77699999999993,187.57054
19.233,55.834846
28.923000000000002,266.056
19.773,1.388201
20.83,0.23158658
70.19,0.24294348
309.863,235.85248
20.884,92.940704
19.26,284.7796
0.203,4.0177226
1.847,324.94983
20.15,123.553795
728.69,1108.2141
549.97,435.2142
882.0399999999998,121.680504
15.06,341.12305
409.373,565.9018
30.759999999999998,249.07948
10.144,4.9320354
0.8769999999999999,36.291122
120.34400000000001,161.01707
997.644,110.83263
0.047,58.39557
1510.074,368.0561
152.017,112.97891
30.030000000000005,0.27897933
1.237,101.57503
260.573,213.35094
80.127,211.10663
79.934,0.8544707
51.377,105.92106
0.453,199.54149
475.51300000000003,923.5448
9.707,12.239733
29.737,39.583
0.093,181.11151
0.11,69.8519
0.094,55.676468
29.857000000000003,196.7281
9.383,1.91632
41.8,146.9535
19.903,151.68999
19.397,89.90335
159.25,462.7932
10.84,273.73392
7.467,2.4000306
10.71,62.204548
50.567,190.51819
108.65,242.73784
139.65,101.469345
69.66,99.97886
9.827,304.1361
8.96,118.13544
39.08,58.139668
39.824,337.37216
70.13,22.94692
20.07,246.87254
0.14,184.82762
20.696,0.4158112
109.313,107.93661
1731.233,143.22472
69.74,150.38019
19.746,36.247818
29.143000000000004,32.536602
9.58,6.4542046
139.393,539.78845
1.0,77.10405
0.106,174.20511
41.167,134.76048
80.32,285.3264
9.95,1.3056985
2548.81,93.95878
10.777,1.6929915
299.323,175.2081
10.787,0.22459203
9.157,38.21794
10.034,267.98105
109.377,142.8357
99.79,230.74272
0.627,89.65508
0.627,71.86149
40.08,204.51584
28.877,138.45026
9.1,125.332825
41.37,89.95385
18.714,116.953255
69.833,169.5378
38.72,85.87615
20.84,13.440145
9.893,119.963295
858.4030000000001,150.82101
0.376,117.7812
200.43,259.11157
439.564,83.5787
0.0,77.09509
19.147,226.57562
0.08,48.321426
19.81,2.289995
9.17,108.503815
60.873999999999995,141.53908
11.214,90.20791
21.197,105.28844
8.13,6.0417647
19.95,78.05917
0.013,182.52774
0.344,98.572075
0.25,78.094826
43.937,54.725273
0.503,120.24678
269.637,312.7711
20.616,38.43345
29.173,123.177734
109.69700000000002,392.27325
50.367,253.66286
0.017,213.62251
10.087,53.757416
9.82,93.22357
20.5,201.34052
9.963,0.38048187
100.276,261.66473
4289.423,946.1291
259.41,159.77074
389.81,256.55582
8.41,0.26059473
130.06,8.727373
18.61,56.584736
19.33,207.59329
8.78,2.8476446
229.246,155.01295
0.22,77.095024
20.134,227.11089
170.21,131.24875
1838.0529999999999,250.86972
9.4,76.46671
9.74,220.85481
79.166,0.67777276
59.8,129.59232
0.093,125.256035
19.42,138.88406
49.063,121.90258
19.81,14.372255
348.95,305.0343
0.127,10.984713
29.827,149.49554
21.73,5.431847
190.837,169.55891
9.55,78.43818
0.094,218.52042
59.92700000000001,134.10384
19.517,200.16425
0.11,65.37592
19.107,100.99422
59.08,166.93005
20.026,1.6579864
0.423,0.042013045
420.017,101.57231
17.207,213.83635
190.464,204.28859
495.654,211.76404
10.07,75.99182
41.12,204.35869
0.0,415.42145
290.67,866.6803
9.784,109.41564
21.04,0.37657315
0.124,140.71017
50.073,176.48592
76.883,566.42633
60.803000000000004,78.507286
2521.633,725.44934
19.98,465.24307
680.3,221.00136
48.03600000000001,92.92247
30.14,106.3972
69.803,253.5735
36.723,198.03633
9.453,14.233224
8.803,56.647694
1129.596,246.47176
9.9,59.089832
8.08,1.783929
0.36,40.782944
20.033,230.10269
9.863,63.376896
20.447,269.9289
0.017,62.83938
10.904,53.686028
10.376,97.94941
0.233,0.19356337
0.237,67.081085
7283.207,120.82306
69.997,66.501465
620.003,293.04404
519.493,201.78635
28.316000000000003,93.41507
0.267,191.09908
20.093,274.6942
19.86,80.56106
69.967,134.84477
20.49,0.39167175
39.123,8.230071
9.896,67.086075
11.11,0.14632095
39.743,448.90234
0.716,78.36959
50.88,393.52982
9.237,160.57811
59.89,8.091119
8.957,61.272633
20.533,18.750729
0.64,66.71172
19.436,8.686503
20.586,54.880405
24.037,221.62791
839.737,568.3265
40.843,0.19877815
70.933,318.9344
1112.246,254.22435
1.14,63.574203
20.477,948.6995
70.047,274.58542
9.317,129.46481
21.64,40.595142
9.03,56.21013
30.093999999999998,0.5170895
1641.2969999999998,1222.8928
39.687,23.453821
21.917,138.73734
9.623,37.52185
10.597,0.21664949
0.08,0.27962342
20.167,52.64744
0.017,1.3459475
130.187,86.4943
0.047,0.69832355
0.39,92.19593
9.94,2.4005113
449.793,375.24017
5080.43,156.91052
19.833,1.8695468
29.830000000000002,131.99516
400.423,424.22665
30.413000000000004,87.336296
20.447,129.73195
220.08,385.76184
0.88,143.50406
58.83,91.94371
10.733,101.925766
19.803,0.3971399
21.426,235.39084
1571.374,195.31567
39.757,62.258995
19.603,30.904787
9.794,0.52128065
269.743,374.93558
19.8,1.1295707
0.127,132.00407
20.746,436.00656
180.22699999999998,327.2829
19.377,202.01228
19.933,1.5442076
10.387,77.18682
7.66,35.94586
11.177,0.4809004
520.426,154.85143
170.117,224.44612
11.859999999999998,9.917326
379.82000000000005,335.5995
10.46,92.98335
180.24,557.8401
0.456,3.3609953
19.267,211.63422
9.83,2.8776786
49.683,129.73209
1739.8100000000002,202.64616
0.267,0.15628871
19.913,219.51956
0.046,2.21506
10.577,0.6802982
19.617,355.7237
11.13,86.026405
20.173,471.08987
9.844,108.98968
19.693,68.030846
19.88,0.4841852
199.083,682.9702
8.963,62.647945
32.586,158.11235
359.813,140.50014
11.787,143.93315
10.556,7.2574
0.27,0.15581664
229.793,141.0627
50.937,107.5629
19.81,0.6662546
9.317,4.222418
119.247,329.72592
0.813,3.8308258
1081.03,174.02397
10.59,370.24506
346.163,344.36215
9.614,100.1339
20.6,210.0415
0.143,0.4841852
154.4,296.5941
0.0,192.74692
21.107,0.43028912
0.077,52.119064
0.25,66.82865
31.037,273.2526
67.974,148.04422
19.78,121.12463
11.247,25.410503
32.19,7.0610423
0.754,1.6315185
578.92,584.9984
0.33,61.139877
0.094,0.61813825
21.334,263.67682
0.077,190.79088
8.703,131.55553
0.847,141.47865
11.11,120.13927
0.0,101.45127
9.713,87.2571
0.067,7.0944695
50.306,147.48805
2186.137,373.39728
10.093,65.27613
10.073,201.47
0.393,35.467983
7.13,1.357333
18.92,56.499077
0.0,66.4251
20.036,0.86535364
19.153,296.1689
129.767,2.9999502
17.9,65.79669
20.757,415.05576
115.814,1526.5396
31.52,398.49304
20.97,118.18409
48.993,148.88658
18.953,65.18537
17.713,72.90708
9.687,163.59836
79.587,2.2483575
9.963,60.150448
16.823,0.1921708
8.056,4.0466647
0.093,82.244125
19.677,256.1797
2922.357,210.04707
18.614,124.432236
19.23,216.48575
0.25,61.89089
0.174,62.83938
9.914,2.5358899
19.23,78.91269
81.134,153.14455
200.31,1.7540901
19.677,75.08552
0.11,92.84502
99.71999999999998,0.61955935
28.92,96.31783
31.054,255.39421
39.563,187.27289
99.533,113.888824
20.61,81.18982
0.203,13.197039
120.073,112.68025
400.32300000000004,89.237946
20.876,37.777813
39.833,128.82661
0.127,0.93652946
10.043,83.93769
10.463,23.332031
9.953,0.5377949
50.077,248.26692
18.36,57.72456
110.193,14.186448
59.997,183.61101
9.146,82.13188
10.067,2.680127
9.517,258.6228
230.147,79.75261
9.66,223.14081
49.32,164.6205
1008.5330000000001,248.48508
8.427,58.466362
10.376,122.37457
10.983,64.67027
1.127,95.5563
31.76,189.97327
129.063,96.20717
69.994,271.703
29.266000000000002,82.4207
9.25,15.605769
49.65,107.1593
0.063,0.93874884
10.124,290.56226
535.227,575.92267
10.037,3.8893602
10.383,0.9624178
20.337,205.47961
31.267,174.94131
9.527,63.97719
249.5,125.222374
0.75,101.327835
10.614,343.59375
8.15,68.219086
9.933,102.81246
60.937000000000005,24.167759
19.987,211.10095
10.003,122.69168
9.05,22.520739
80.847,11.793652
11.776,42.380096
9.716,3.952581
0.203,3.6456108
18.137,52.995125
60.407,83.07659
0.014,110.15534
189.583,92.358894
39.036,170.54402
10.027,106.3684
5664.33,179.19348
1.003,0.45215067
510.047,175.6596
0.03,102.59443
9.0,67.36941
19.15,19.866714
174.866,211.72423
29.286,55.60031
0.297,30.416096
0.156,57.066692
40.657,92.99255
129.77,259.83887
0.153,1.024927
110.65,492.39984
79.64,23.411806
20.693,81.64926
59.59,169.311
0.08,199.01167
20.657,117.20005
7.95,115.822556
368.967,116.53117
40.146,99.17546
10.037,206.48308
59.69700000000001,218.4043
9.614,132.25189
0.127,123.3779
0.063,0.77613896
1.204,14.347598
181.357,128.82262
139.803,133.57347
20.084,45.135723
10.03,22.939037
31.877,79.51183
131.264,97.969536
0.047,370.51923
10.684,148.6258
129.726,84.91838
9.663,5.2866898
300.074,204.78569
9.72,19.61884
100.08299999999998,234.62103
0.9530000000000001,144.99002
50.187,139.21175
18.797,102.80663
17.463,56.54667
20.766,91.9293
441.0199999999999,159.012
760.6,266.62018
10.133,0.612838
52.67,131.67723
28.879999999999995,0.6407977
399.743,37.742672
220.31000000000003,664.55237
38.76,99.51272
19.606,60.27231
350.126,360.86258
29.462999999999997,215.7266
9.467,56.43835
59.57,131.94836
960.01,95.54592
0.017,3.0357618
0.013,105.35538
10.296,1.474329
8.077,0.45504725
0.18699999999999997,214.89175
0.35700000000000004,35.535854
119.96400000000001,567.56
0.14,2.1773894
9.63,56.559864
0.92,67.64301
50.21300000000001,168.30148
0.89,38.772846
419.767,68.87997
380.487,417.01678
10.22,301.9177
9.786,57.113243
20.723,63.36397
19.993,64.76695
0.03,72.60677
0.907,103.66863
39.617,94.41882
20.113,117.83689
19.144,183.16656
10.204,58.183735
10.107,2.4556308
0.297,46.201572
15.263,173.03586
0.703,2.1802647
0.9539999999999998,153.28706
0.093,96.751175
0.016,67.051445
9.633,156.7225
40.143,190.60667
400.24700000000007,249.47398
19.433,82.61826
7.893000000000001,169.08525
190.18,126.43089
8.993,66.71172
49.98,3.5193727
9.487,0.6087309
20.777,420.84158
1889.197,377.68207
40.43,67.41171
199.18399999999997,178.34691
29.73,6.6802244
59.53,81.06736
0.14,39.04103
99.32,237.8616
29.986,67.87698
489.0199999999999,228.22221
70.223,135.14166
113.16999999999999,140.2035
19.557,553.8592
39.843,2.303619
9.287,88.729774
11.097,57.478397
70.334,86.32413
0.83,0.3358467
776.306,812.32935
3490.3,141.91716
0.483,13.197039
111.154,209.69684
0.55,45.97106
68.426,128.36887
89.867,216.71988
79.566,84.3038
59.72,1663.3425
0.107,68.16054
19.966,202.03355
50.013,40.723145
9.953,141.67126
1489.9800000000002,348.90683
0.204,56.317154
0.233,48.24811
1593.223,504.61307
88.393,223.3299
11.583,54.066513
29.852999999999998,64.01504
0.03,124.41378
19.54,126.63419
630.72,275.19556
17.99,59.5063
98.2,168.82849
0.18699999999999997,93.441025
0.28,0.4158112
4.113,120.54217
689.007,205.3952
29.103,6.70833
149.57,33.51495
59.233,198.59393
1.013,113.34661
10.213,0.5227672
369.937,229.52267
129.66,90.52144
1.233,107.75684
10.237,48.58985
20.507,97.14697
119.726,80.4123
19.883,4.634906
152.287,157.31665
389.074,216.02328
30.96,254.59511
20.31,159.72966
10.393,92.84502
0.31,122.33257
30.213,309.88654
1.83,123.72667
270.17,205.53773
9.63,118.489426
10.117,63.660603
9.127,45.938877
17.933,90.53085
10.167,129.42416
9.64,490.24725
0.17,69.385735
620.373,179.73473
0.313,0.16659866
20.057,146.42508
11.427,208.2953
0.18699999999999997,125.332825
9.777,94.4856
20.447,78.42388
1380.07,107.07874
0.437,85.33853
0.283,0.45745945
71.81,159.04683
769.7569999999998,197.65442
19.993,130.98236
3252.09,1266.4733
1651.5530000000003,138.86574
9.453,15.9478245
1262.447,166.42018
80.15,337.18182
9.08,104.68539
1.5299999999999998,58.183735
30.33,402.34375
85.664,281.74997
98.527,64.16976
6.876,69.47652
99.314,80.66408
61.033,120.7415
0.233,116.44994
58.76,249.07077
9.676,61.59
570.01,198.45045
29.77,123.73832
20.54,2.9224353
359.443,1587.398
110.20699999999998,100.73687
20.173,0.25101343
126.057,265.19443
19.973,7.85652
60.304,951.93585
50.93999999999999,149.75406
57.41,60.502113
9.803,105.1831
229.06,151.53818
259.307,609.3088
9516.7,285.54184
19.917,55.961617
50.257,259.94168
18.547,18.783703
120.21,147.55997
10.567,99.01139
33.18,325.8022
0.763,92.57205
149.983,121.93401
0.583,175.62741
54.38,317.2534
39.307,223.34857
219.673,145.86935
2510.016,152.94827
89.71,1.9807012
0.22,215.20735
1080.093,86.20316
0.483,208.2953
18.81,41.831467
189.623,129.41602
30.846999999999998,29.718029
30.013,272.82263
4.373,93.75178
0.593,66.505585
7.143000000000001,183.3812
0.077,0.32796872
10.05,0.35517183
9.377,116.63697
0.937,47.927464
59.85699999999999,96.71818
119.064,141.40929
339.944,275.5849
40.783,0.4670775
20.43,0.0292718
9.07,192.12708
24.427,0.2894476
0.33,100.93078
0.644,139.21686
19.83,188.28053
29.517,412.40494
1.5,182.92041
0.064,108.503815
7.45,197.45938
150.117,554.081
9.483,54.537205
19.803,0.1740363
9.68,74.4784
63.309999999999995,161.74315
10.177,4.2707844
59.484,76.59865
148.61,110.80769
9.41,82.34329
0.78,0.4963332
0.406,69.7228
0.4670000000000001,117.38839
9.757,69.96021
26.46,8.326958
338.926,144.66885
0.64,94.15991
0.11,4.5446124
1790.11,461.6848
19.45,13.933724
19.754,114.78789
8.594,52.585712
9.967,1.3139638
0.17,66.82865
8.18,58.74562
19.81,266.3485
35.98,136.43674
20.43,18.476488
20.544,71.40399
1.25,136.30986
10.337,154.0511
809.433,1115.6057
0.077,0.079272024
439.09,86.49467
190.13400000000001,169.60016
20.057,119.81025
18.98,208.88203
19.947,93.13321
20.46,455.091
150.0,41.25965
10.237,59.90316
0.063,0.13489056
20.267,128.53047
0.237,225.99687
0.127,0.057596944
29.912999999999997,229.61397
31.016,3.1240845
50.533,198.11497
19.253,242.3446
3981.82,404.90536
3919.923,194.32239
10.457,190.6163
48.75,60.347702
9.634,2.102356
0.034,2.4981174
9.227,166.39082
28.963,0.10193791
20.3,39.59735
61.196,209.84789
0.8769999999999999,129.73195
0.25,68.33975
19.25,190.51346
9.487,83.06454
19.937,102.37649
70.467,276.77386
18.936,180.80174
9.02,194.11465
99.627,0.69832355
10.093,104.683586
90.2,197.65236
40.083,104.135994
1370.063,1081.1512
38.02,68.8833
18.444,174.1979
17.71,39.944622
190.297,181.49844
389.57,125.63136
1.077,39.577545
5651.21,178.34142
19.153,94.97894
61.586,167.94269
70.233,11.341067
0.203,8.792069
640.653,1127.0215
141.13,155.3859
20.146,438.03418
9.637,1002.8621
12127.983,3235.5217
9.367,112.434456
47.69,40.301395
77.973,509.88358
20.14,90.8565
58.813,1390.4719
0.157,45.17763
8.493,0.16298823
9.94,66.74508
18.886,91.85799
20.15,395.56836
140.457,146.01057
39.69,150.0428
1.364,7.955862
19.097,58.402657
90.38,3.6090562
10.373,4.228264
9.823,185.00922
0.44,159.65007
39.5,80.51433
0.127,0.4841852
3308.6369999999997,1116.0475
50.142999999999994,243.07077
109.31,236.16661
0.593,59.722595
2600.226,239.10075
431.15,243.28992
18.97,0.24711385
130.13,77.115204
88.193,332.51727
128.18,394.1816
410.68,753.5429
70.816,79.45391
69.897,98.17392
20.207,166.8637
39.834,195.35225
30.213,61.274937
9.803,2.489333
9.464,0.798377
8.513,0.31767306
540.03,465.9573
200.523,241.98071
397.997,701.4108
0.703,65.27613
1.127,372.68762
40.16,581.0059
8.157,60.21514
10.61,56.109856
69.943,226.51082
0.47,2.0751355
90.387,161.79695
0.047,140.74052
699.446,1520.8622
30.227,148.23665
190.79399999999998,120.98737
0.144,0.15995486
2042.4530000000002,184.0008
480.833,249.93971
0.093,93.35045
39.654,160.66978
9.493,1.2048808
29.78,105.792435
0.157,0.56511956
10.9,42.304913
149.374,92.29269
0.767,223.4077
3490.69,519.7281
167.246,168.46028
90.823,70.16209
8.943,91.598076
489.73,9.0512085
120.163,195.54897
0.766,0.49926466
0.204,62.735718
129.977,80.20117
8.82,0.7314937
49.779999999999994,212.15033
159.947,205.58398
0.517,61.237186
290.05,129.43456
10.14,12.94076
10.19,222.65927
300.43,432.23038
20.977,1.1652373
10.14,93.58627
9.33,0.7261516
49.08400000000001,175.39763
0.297,5.60787
50.465999999999994,221.1319
30.026999999999997,120.83409
50.489999999999995,122.77995
20.357,342.102
0.174,0.78794396
109.406,415.25662
1291.47,79.793846
9.603,6.2611365
128.933,16.04116
4.817,57.90899
10.746,168.61809
0.013,66.50475
0.377,130.72827
60.70700000000001,102.89716
9.716,172.89899
10.073,113.33519
180.657,53.72936
160.067,50.400444
299.933,450.32632
28.547,225.27718
29.887,109.994286
11.362999999999998,0.19959173
30.367,89.957794
0.537,51.53158
29.647,70.413475
29.914,201.40933
0.013,205.0139
19.107,121.99933
69.153,0.8360819
30.136,59.59921
999.6900000000002,289.14008
0.11,29.209892
0.55,57.975872
9.487,291.8257
9.936,69.47427
2.426,0.19721825
11.027,76.61743
269.173,548.45215
510.29,119.40955
409.84,26.81678
7.0760000000000005,134.62811
19.517,397.45844
9.594,115.11796
10.01,75.20222
10.64,69.37504
99.66999999999999,112.76614
0.03,70.178246
61.903,189.42377
50.95400000000001,50.40894
59.879999999999995,184.68355
161.947,219.1148
89.747,35.671158
41.083,91.52697
19.923,65.37592
8.126,113.73182
19.757,197.67151
19.63,0.42329916
6790.933,1004.636
30.407,54.4833
635.447,125.395256
0.237,55.4303
10.153,8.055601
0.03,202.24234
20.39,0.09497531
60.12,22.804764
50.873,3.5152946
261.106,4.798586
1.42,256.1515
1115.93,121.96584
0.72,210.91551
160.593,62.729267
0.08,97.79273
0.064,0.31767306
2420.637,210.3357
9.956,66.38418
4.743,71.94091
69.86,105.7116
20.103,25.399052
3.08,106.76306
20.127,81.839645
49.937,204.65355
0.064,99.67388
19.737,198.73253
107.39600000000002,183.30835
20.0,1476.7277
430.18,194.1101
4.63,188.63608
1120.573,193.81595
19.956,68.683105
202.177,82.49951
39.734,217.74837
19.97,104.3147
9.247,196.29686
1.9729999999999999,68.56148
95.194,150.96777
16.31,92.532585
240.337,64.700005
208.29,201.83002
40.487,191.37555
8.484,0.19959173
20.914,104.082695
30.093,163.59836
0.034,341.7209
9.143,1.3787123
9.427,92.12423
2049.414,870.6479
0.753,105.1875
10.414,44.76106
1.08,55.86184
11.49,50.458233
100.513,1.1829141
10.303,94.937645
0.347,99.94566
67.24,536.0051
40.417,5.2226996
19.186,125.09687
10.05,102.03458
10.033,35.50752
30.287000000000003,0.6502025
659.623,124.22608
59.6,507.44553
9.62,1.3431844
19.184,140.33214
3733.937,577.4883
49.817,1.665115
50.397,132.65564
80.66,154.36299
0.0,198.82639
80.243,281.92145
19.764,142.73145
9.783,115.96322
48.32,227.44759
0.18699999999999997,94.12423
0.453,64.36949
0.89,58.28147
0.754,4.228264
20.764,156.72993
160.68,10.671685
9.864,24.24436
160.147,238.15514
8.407,0.8441739
4331.127,460.54773
1.017,104.51858
9.986,102.76238
10.437,55.14809
2309.873,1233.7799
24.564,138.39938
0.296,188.04536
9.493,116.653595
0.7069999999999999,204.54935
19.994,0.21081845
69.62,214.2886
60.02,299.07736
19.713,0.042013045
10.947,172.01782
20.043,98.39029
10.34,60.31948
1590.036,555.3344
59.473,4.853246
9.737,148.26651
107.91,190.00629
0.31,109.741646
0.407,3.952581
131.04,107.9781
29.037,270.49323
60.844,229.3424
599.113,488.70938
32.167,79.2786
435.483,197.02286
29.786999999999995,4.7020464
0.327,0.5377949
20.127,158.00809
67.536,197.6073
20.78,49.30509
30.08,41.6644
20.47,80.73292
11.307,84.3971
1.454,35.467983
37.624,136.7736
10.07,98.646866
8.49,84.09837
8.633,34.929626
30.050000000000004,78.24937
10.9,77.31104
140.644,162.23312
10.04,0.16334039
11.37,1.3666093
0.157,13.183798
530.117,298.74274
19.423,41.267414
60.92999999999999,88.49749
0.263,98.79152
19.853,76.507866
19.323,3.011005
279.24,0.48612937
30.97,146.75792
10.487,212.71419
39.866,55.30761
8.153,60.31948
202.103,124.46669
9.484,0.13924599
10.297,169.83987
0.593,58.768234
9.983,118.73277
103.966,375.39975
0.827,80.668465
10.0,126.06852
40.74,90.47412
19.093,74.73632
19.35,139.5029
19.703,1.7250237
160.407,125.93256
29.756,53.76382
9.37,11.688438
28.339999999999996,38.50702
981.76,280.49283
300.174,192.87367
19.517,23.836203
3980.267,631.0084
5370.016,550.30396
29.547,218.56271
9.17,216.65865
0.64,180.658
19.31,204.08582
13.759999999999998,74.48292
20.093,754.65826
50.58,173.42496
39.607,12.286512
59.673,144.31953
29.293,183.0057
240.823,266.42477
0.36,66.91358
0.174,57.536285
90.773,226.71288
212.84299999999996,153.87021
8.853,216.07178
19.23,0.5945351
10.077,236.45859
0.7069999999999999,58.892967
40.017,243.32018
10.697,1.2507875
11.46,175.94719
0.457,396.27838
58.79399999999999,62.27103
9.53,66.4251
20.64,40.02231
0.19,17.232937
84.26,165.91814
1.267,66.62589
10.443,118.29807
0.657,0.42624417
69.7,209.20071
10.0,49.349407
0.233,0.41729295
8.81,111.304535
1460.59,273.42917
8.923,112.88953
0.437,66.505585
8.853,86.21137
159.993,186.96315
19.87,21.962513
0.797,4.9528337
15.62,206.53279
10.22,149.97899
70.697,702.72174
79.99,203.7348
9.353,0.75977504
369.9100000000001,149.54778
111.047,59.06511
8.147,7.4199395
69.98,45.589474
19.247,86.99516
240.55,286.55502
7233.766999999999,140.2785
10.033,0.8068209
540.033,224.48735
310.09,195.16068
179.386,31.401243
0.36,5.4822173
0.124,1.6932901
2.066,194.93193
931.39,895.5509
169.77,343.0607
20.377,142.68437
629.89,604.2225
1990.57,404.2892
199.334,249.56071
38.784,7.5539336
0.64,1.2342122
17.93,184.10295
0.127,86.50076
148.75,164.11992
0.283,27.745329
61.20300000000001,52.74451
209.617,101.53001
0.406,123.33965
19.69,343.16458
0.06,0.21297358
9.874,5.893524
8.976,3.2780318
8.637,149.51723
0.983,149.97899
189.78000000000003,229.8134
10.29,1.6737328
9.467,70.069305
8.874,9.912393
0.297,63.376896
39.987,0.124149755
79.93,181.18427
219.30400000000003,89.88222
0.11,3.8308258
10.623,0.19959173
9.74,77.33498
10.36,92.35438
139.994,134.97017
20.164,122.48474
29.933,101.26258
40.16,88.24847
540.017,371.2198
9.603,41.066273
19.98,94.04288
0.047,15.605769
23.0,62.737026
29.783,94.052895
0.563,178.27115
131.924,197.87938
20.087,316.12027
7.937,58.82183
9.434,37.777813
151.123,126.79648
79.824,146.87872
20.13,5.0754013
10.113,0.5830087
11.016,58.82183
389.837,269.40634
28.267,83.21344
2470.947,248.48863
71.91,63.765697
0.047,13.532502
619.613,268.7897
0.673,0.2894476
1219.6,180.0278
99.11699999999999,220.38037
6.393999999999999,58.97537
310.15,1.7334635
20.287,292.90704
160.053,205.45705
79.913,135.50671
19.567,119.14544
29.939999999999998,335.0192
40.19,117.73136
9.547,105.21825
0.733,169.2112
200.37,133.82582
19.48,223.89545
52.077,153.24904
42.073,339.25717
609.324,1185.621
31.627,85.50803
29.95,50.87458
8.82,13.255701
10.37,106.91667
151.31,63.15721
19.697,82.79573
9.33,3.189996
29.837,175.84068
80.067,2.414654
9.293,1.6175061
9.727,0.603009
18.697,1.412275
613.01,257.4478
38.76,63.25695
6443.116999999999,174.60875
0.69,110.733345
300.003,275.4107
2.707,126.21351
0.127,50.90742
10.654,1.3324803
49.977000000000004,9.287426
0.5,0.38048187
0.203,9.056232
20.047,62.410522
130.987,210.59302
1869.8330000000003,332.584
0.873,117.06968
2.36,68.34878
1.14,108.31451
0.033,124.432236
51.64999999999999,68.51579
0.08,143.93315
0.14,114.84217
129.99,399.04306
8.64,55.73818
630.317,203.5873
20.09,61.656265
30.533,0.77594507
19.11,226.18007
110.524,733.2322
69.74,367.12286
0.517,124.26124
0.22,114.72867
57.54600000000001,1111.8174
32.233,48.27182
9.63,53.76382
0.5,1.9341136
9.89,74.15799
521.91,116.58455
0.37399999999999994,2.3242152
129.913,125.88719
0.656,0.81840783
222.01300000000003,154.47623
9.397,0.08137603
19.5,0.15137538
70.117,207.39091
349.897,238.12082
9.15,66.62589
29.95,8.44525
9.34,53.046986
0.453,92.30801
0.704,4.2518644
79.887,48.01366
598.706,1328.2703
30.349999999999998,42.22663
39.927,1.8741038
8.657,0.82797974
0.033,75.31413
20.003,227.2451
10.226,0.32796872
11.057,101.606
19.64,68.07887
19.367,68.576355
10.227,188.71341
126.71,211.66788
89.59,58.74562
40.12,236.29526
0.077,34.561985
19.887,104.401634
1169.943,1141.1498
20.133,182.93704
4.68,221.0109
10.863,14.949128
250.02300000000002,69.80061
20.093,92.64608
8.94,71.34591
9.94,38.329914
0.564,105.69197
48.28,222.67636
9.863,0.15628871
39.826,330.25458
9.72,112.63223
9.3,107.26447
18.563,9.995997
9.273,2.4005113
10.026,0.98656434
420.38699999999994,513.94946
70.22,78.95281
0.42599999999999993,16.380074
10.133,99.78239
10.14,15.713936
140.21,244.56465
9.68,3.8404608
20.07,209.47609
30.363,220.04248
0.077,3.111924
0.14,57.498547
20.28,82.11129
60.86699999999999,66.01058
0.173,349.597
11.967,0.54633886
9.926,91.29998
39.677,176.37378
9.02,90.0882
8.023,63.63466
50.85,233.4897
27.976999999999997,175.71158
8.854,12.94076
1.537,113.11787
20.186,83.98565
59.997,1440.3861
19.417,78.27019
11.663,2.451279
20.037,53.226116
8.557,58.82183
0.03,0.5095581
0.44,1.4039978
0.03,51.47454
78.584,2.7151823
10.937,37.177708
19.557,142.80365
19.934,3.3766081
8.807,176.96825
20.253,55.209206
10.293,267.9973
9.963,476.07574
90.01600000000002,137.16208
40.15,247.71953
12.19,212.79898
0.89,108.86645
9.907,198.85696
41.12,94.00651
20.196,419.44928
10.534,52.29521
1510.144,645.2345
9.65,118.99345
469.104,147.21196
10.194,6.57048
240.487,327.24185
19.394,169.68622
9.8,15.713936
0.564,1.0465387
16.114,0.26491624
1094.786,156.01332
10.62,1.8907701
49.64,62.39893
49.72,88.913055
219.92,214.75493
109.153,155.43167
34.83,88.53213
9.216,14.347598
0.234,84.06294
10.517,126.093994
1099.89,109.56993
5100.097,267.78296
6949.6359999999995,866.343
17.724,106.70829
11.09,46.278614
49.554,53.737324
139.94,245.10284
0.31,1.3911005
12.04,125.38081
19.903,72.280945
18.15,54.537205
40.603,207.41995
0.36,82.16798
8.96,1.7369035
20.873,174.58484
0.6,0.2581829
41.363,193.05237
1.033,208.27731
0.407,163.09256
9.547,4.460113
9.803,55.837772
579.897,164.74272
0.034,5.864251
19.566,119.07031
19.744,5.868335
19.03,423.0199
0.25,121.74951
50.25,268.30392
0.283,0.16904028
542.77,109.811935
1.016,151.60602
19.343,144.18527
9.147,123.17998
0.013,55.92372
10.287,345.60684
9.977,104.00589
9.053,54.63779
109.84000000000002,223.45518
29.123,0.26713303
49.69,147.18788
31.807,205.4008
9.37,127.17778
311.37,333.79184
4.03,59.924553
21.196,119.58472
0.674,216.16006
50.086999999999996,117.071304
59.18,207.06415
19.07,84.70778
31.133,53.814026
109.87299999999999,184.16777
180.64000000000001,256.9791
10.997,173.37361
0.61,58.042953
0.093,1.2936525
0.203,3.8513598
10.34,57.294296
19.386,0.20984884
30.097000000000005,113.91037
139.156,119.20058
10.366,469.9574
180.03,138.82045
0.266,3.5038412
1200.647,313.1653
19.73,218.67807
62.517,214.4961
18.727,7.1172147
1576.9,373.66016
671.856,98.70508
1.3,92.71136
19.984,0.43028912
30.283999999999995,165.75015
45741.857,7066.7905
20.434,61.128258
139.103,63.22859
409.84299999999996,172.26566
280.067,1397.2668
120.01000000000002,405.96863
1088.91,69.57589
19.42,278.49103
490.303,478.27554
0.11,8.14296
10.7,59.245934
269.293,134.71121
9.654,100.10913
18.773,263.0979
18.527,116.3624
10.906,0.63966024
350.06,238.31133
11.280000000000001,61.14972
19.077,496.52005
0.4670000000000001,0.803356
1.7500000000000002,146.05959
20.226,39.144547
9.667,12.333156
8.71,118.29982
1048.37,701.05365
19.47,87.7331
0.623,67.51411
21.563,159.71594
140.19,149.54907
19.72,50.63692
14.167,276.88892
10.234,88.32169
20.15,170.81294
20.657,37.60815
418.973,0.22745343
0.033,82.22556
159.43,471.19925
9.606,36.291122
0.05,142.05038
0.016,46.741703
41.66,235.99702
0.08,0.51039946
19.847,73.158264
29.864,330.06573
10.816,215.30724
56.517,267.85938
40.043,291.19403
110.48999999999998,169.2387
0.487,264.46326
59.263,254.64642
1599.3970000000002,195.5198
9.884,67.47788
30.432999999999996,98.91476
500.197,410.10892
0.783,141.01349
8.8,99.29417
9.437,1.8020655
11.247,101.68377
20.433,364.64117
1199.657,420.63364
42.48,186.2311
10.537,174.99951
10.554,133.74988
3380.48,170.35907
230.137,155.2874
19.75,141.18468
18.98,15.992238
19.873,1107.6234
99.76300000000002,219.56789
0.06,63.76405
0.486,25.203028
940.9,198.84479
20.19,221.73395
0.22,54.275806
10.18,1.1986784
325.723,1323.346
59.366,409.98334
90.72700000000002,74.502655
9.953,63.27847
61.51,640.53143
11.54,116.10417
42.757,58.46162
0.55,2.170558
9.05,54.42579
9.843,1.4666008
37.783,69.24409
11.406000000000002,189.66753
9.55,67.51873
300.047,134.30054
19.51,154.88588
19.96,0.35871366
0.047,15.614101
60.887,3.2508466
0.14,65.830475
20.474,11.640426
8.19,0.11873373
19.883,95.73453
102.027,68.50496
0.61,52.448807
20.443,53.15511
289.32,416.94092
0.46,0.8870648
409.55,219.42769
8.953,0.3596413
975.41,386.72192
0.593,89.03864
217.253,213.38649
20.18,172.35309
0.89,36.991627
39.197,157.37437
0.8259999999999998,46.278614
58.11,124.56333
422.71700000000004,99.81921
30.383,42.213192
20.293,27.921625
0.233,14.593963
9.496,115.42603
9.69,1.4666008
0.063,11.03733
49.534,109.51781
9.164,6.445676
30.43,161.26228
211.61,131.67429
28.966999999999995,135.46553
0.047,93.66654
630.21,432.37906
40.857,361.52655
10.883,104.17484
30.1,2.006318
139.866,128.6048
50.917,69.23677
19.3,225.68523
0.64,94.46259
20.347,67.59954
10.977,60.186413
29.973,107.85903
49.884,21.985231
0.123,193.30092
0.047,70.91516
19.27,94.9305
69.993,12.386076
0.166,1.4509132
170.92,179.22006
22.580000000000002,91.04616
430.244,212.88708
0.8769999999999999,113.09645
0.313,2.5442538
9.893,95.01311
69.496,265.56873
8.5,231.37573
10.087,326.27728
99.777,154.14558
10.03,89.64626
0.18699999999999997,119.20098
0.343,19.029682
20.003,5.105658
160.997,128.31058
0.356,94.00565
19.846,173.45912
60.04699999999999,131.01178
129.006,318.46268
9.657,1.1373903
50.74,5.005942
439.277,194.91666
2934.3300000000004,251.52539
10.0,2.0350275
9.59,128.15234
10.143,177.08487
20.187,3.4361618
9.556,92.92833
19.603,40.723145
0.686,226.69511
0.153,0.02693309
90.047,402.8507
920.384,547.61096
310.42,144.95918
19.96,1.1103611
10.96,114.585335
20.227,103.62252
749.073,248.72215
0.42,0.34831545
19.89,162.83905
20.786,369.02457
1.096,166.6474
90.523,226.18007
57.513999999999996,246.27176
9.77,87.82333
0.503,87.2571
20.24,5.2044196
20.137,0.8715991
9.923,84.24868
2202.693,115.15915
0.767,1.2048808
0.124,201.32675
10.943,66.98552
30.902999999999995,538.3703
10.003,93.57309
2.66,83.57693
9.74,29.209892
12.287000000000003,164.33525
49.106,266.65103
19.76,54.362736
9.234,448.90234
10.04,15.201016
30.33,0.5574002
50.247,306.53888
110.053,268.54388
0.173,154.4934
650.747,393.28912
20.993,84.95884
49.154,41.161156
7989.974,179.86848
39.883,290.12473
0.216,2.238307
0.36,63.574203
1.55,78.91269
78.89,194.35988
19.666,164.46555
400.28,248.57066
235.86299999999997,586.0306
20.173,132.13054
19.26,165.89088
230.18400000000003,535.4414
19.3,14.0921135
180.677,0.8277026
1899.0399999999997,237.87743
0.453,0.64740455
1102.137,223.20467
55.937,87.76224
9.977,77.412285
19.793,173.65056
19.116,240.5067
0.123,0.82351077
9.78,8.126422
10.747,0.8669841
29.43,229.08943
29.837,3.871339
89.65,166.24199
1.22,6.6695385
10.764,277.3686
1229.457,133.94861
158.78,191.92172
8.857,173.19203
12.437,46.66597
0.283,132.11609
19.47,283.92612
205.43299999999996,32.007668
8.354,6.3060737
370.25,0.17156018
0.8,0.4963332
150.51,178.53566
370.143,141.34113
18.26,198.37871
5.04,221.73523
18.8,20.993765
13.424,0.2045994
199.853,12.408274
20.447,80.55527
189.557,845.0032
19.767,128.84898
160.14,391.71597
9.297,55.535503
108.72,166.77667
10.477,94.90376
280.007,286.91473
0.9870000000000001,9.995989
7.733,120.872475
178.87000000000003,374.51468
18.867,38.140675
20.21,634.5092
0.093,129.71432
0.17,1.9244785
1.017,356.44247
10.946,15.685574
18.723,78.180595
259.91,256.04367
50.353,76.04004
19.893,77.817055
39.22,169.93501
9.787,342.04453
10.78,2.8573177
0.21699999999999997,99.21363
65.327,163.87128
