actual,predicted
90.383,1363.2587
69.71,234.01154
7.883,142.78658
34.43,290.1982
18.723,508.4077
673.417,266.10825
20.277,327.6217
19.663,819.8488
69.243,0.89784515
0.44,16.166286
0.047,29.356895
1819.627,411.59137
490.76700000000005,457.63074
210.82,273.38696
75.787,196.51273
0.28,31.785347
19.873,360.15582
129.107,192.1481
750.026,141.58356
69.717,163.95818
140.91,96.392395
9.52,34.53172
41.246,206.52754
40.087,330.8357
30.364,209.61937
160.057,308.1952
31.3,59.288906
20.677,168.66997
161.393,160.25749
9.293,28.86109
18.94,278.80286
19.95,301.97858
278.617,235.13489
49.717,196.28809
19.337,997.8508
0.41,220.88667
0.737,101.09258
19.27,110.151855
19.157,30.630774
0.53,184.4816
89.46,1959.3174
20.453,221.9183
1.013,52.242928
49.13999999999999,370.55182
900.426,539.4369
10.193,82.3841
40.044,199.98268
8.584,118.538734
16.9,79.64452
39.923,131.75357
0.61,157.06444
0.907,142.78658
189.423,283.96045
69.683,304.6622
30.487000000000002,263.36758
29.633,682.611
220.367,244.91187
30.983,226.52055
0.094,74.05833
21.343,58.054333
20.22,105.80787
0.314,111.53717
8.793,331.67337
199.263,581.38385
1.414,75.10564
59.35,866.67535
50.120000000000005,505.18036
1.343,54.152073
180.967,95.15677
19.05,39.884827
19.907,104.93786
0.47,72.87781
25.78,67.5118
479.55000000000007,486.4943
139.49,226.51105
20.78,92.30185
1.453,301.5619
11.19,119.8876
9.727,114.172714
371.457,243.65352
2080.63,178.41127
19.044,201.69315
60.317,112.34313
19.76,97.98001
87.987,27.467932
19.69,232.85594
29.113,184.59676
1819.567,372.4293
0.406,16.441853
11.923999999999998,0.01999119
9.233,351.29782
0.19,207.57208
28.547,161.52141
10.303,106.976265
54.304,300.12628
18.457,184.94493
9.847,44.92725
18.923,154.81384
7781.210000000001,1707.9854
19.897,190.77776
2.097,176.03084
71.38,255.1089
61.657,708.69086
9.136,236.67014
40.836,77.32101
0.153,32.664818
1.117,349.94662
69.447,35.75323
1829.306,762.1653
49.68,267.9406
19.243,128.61888
10.0,37.21345
140.06,101.56906
0.28,66.25081
0.094,34.797504
239.907,178.10083
0.453,87.57843
510.93,288.80826
28.824,304.30087
40.067,277.46487
0.11,110.636635
19.48,722.18964
580.607,305.7863
3.08,128.5951
27.826,54.71891
9.923,72.550125
120.15,243.46799
490.7699999999999,406.9576
49.537000000000006,317.83817
0.203,48.42287
0.987,384.70898
9.807,6.403286
7159.163,3176.3867
38.573,271.0534
0.814,35.154392
49.516,39.40017
10.207,128.04707
0.407,62.425777
11.407,189.65627
139.886,0.94787663
10.203,112.41689
0.017,609.3372
50.3,141.93518
81.104,54.027958
19.277,0.38808826
10.16,208.67455
0.437,84.6352
440.257,239.84494
11.043,93.97815
79.133,59.380062
9.83,107.60655
0.676,125.794395
470.1569999999999,623.86615
200.127,160.38792
79.877,239.87592
0.36,113.72137
9.353,285.0148
190.283,102.65802
0.313,143.12428
38.41,175.94884
8.574,54.46705
9.72,98.52852
10.69,346.41452
28.19,277.49246
9.207,67.953255
9.083,5.529684
186.11299999999997,242.21631
719.1,227.29922
20.036,236.76222
60.09400000000001,271.16602
339.4,56.588905
189.97999999999996,656.34485
50.846999999999994,593.1072
0.077,60.128433
20.507,998.7997
90.537,367.02924
9.22,178.40395
238.954,347.96478
0.11,410.28778
12.097,203.67354
10.057,198.20964
20.667,353.58417
79.877,247.21742
0.17,87.28151
9.69,196.34224
128.66,180.23119
9.993,96.30538
980.457,168.32793
9.73,84.51605
19.78,544.67566
10.64,86.91252
120.07,52.592796
0.36,189.77573
0.83,152.75087
9.087,6.306426
39.753,50.425564
90.39,144.80942
8.284,311.59225
0.343,537.8604
20.197,60.28517
0.06,7.3439507
0.3,45.380188
2270.103,1027.742
19.373,185.24762
19.47,9.532
520.15,522.03314
9.683,605.20654
79.966,82.41108
9.566,9.696265
280.243,43.40943
19.627,179.03749
10.227,276.82303
109.14,67.00095
129.35,163.575
20.183,228.83199
18.737,209.81119
11.647,85.379776
8.907,53.534637
20.337,193.20222
9.917,57.51237
1099.566,314.77014
19.907,124.92851
6.332999999999999,276.25336
20.333,120.43405
40.057,64.69725
20.003,490.9299
19.036,233.29865
120.26000000000002,296.0851
49.51,159.74228
89.906,86.50515
2229.457,813.1849
4299.466,335.71292
7.82,853.5201
510.61999999999995,305.33942
10.513,174.03802
9.107,224.56035
21.254,61.308243
0.03,200.39444
12.37,238.33218
1915.327,793.6591
749.877,451.46155
1968.6930000000002,3175.3716
3070.323,2011.1156
0.296,90.206276
2759.926,2032.9912
49.67,149.17252
0.356,240.832
300.53,615.25653
31.132999999999996,135.37445
10.853,156.6114
36.337,59.323875
0.107,181.0751
60.444,160.08261
440.727,201.86581
39.993,460.66696
10.203,128.04707
552.516,171.77226
12.237,181.87938
0.094,173.50433
149.31,165.69762
56.15,508.632
719.5959999999999,317.06384
11.587,29.73316
8.743,74.7234
0.8270000000000001,318.13266
12.040000000000001,75.18655
0.153,110.95681
60.04299999999999,506.16736
0.03,27.895302
130.104,400.03775
410.44,907.5299
160.563,119.86497
0.094,45.259983
9.013,28.051172
899.634,186.36934
19.59,179.153
5.627,324.47937
451.643,281.87082
80.223,228.34482
50.776,47.44752
19.354,288.75003
381.86999999999995,126.12994
20.107,28.203989
29.727,93.441475
20.433,958.731
60.346,118.65002
80.144,226.1806
9.713,206.68098
2850.193,549.5521
20.127,135.71338
19.447,259.77014
390.85299999999995,989.87146
10.43,3.7518995
9.96,416.75354
2099.93,1022.3605
8.403,36.355824
41.903,291.1526
10.963,46.9366
740.114,2833.8953
10.87,185.16786
0.013000000000000001,59.323875
159.647,287.37482
5106.413,1134.364
9.133,155.59769
60.557,35.28623
10.797,91.69585
9.066,329.8657
459.663,440.87994
671.53,125.772865
469.88999999999993,377.93292
391.1,302.0093
51.14,537.4141
29.719999999999995,76.606384
20.093,74.79984
9.06,26.504793
29.433,181.71661
659.834,575.2266
9.163,184.82558
20.083,223.49063
39.17,232.04326
8.706,28.615705
19.897,213.12547
58.176,45.762333
1.567,94.25065
70.023,358.96844
19.803,38.758892
30.82,149.98355
9.927,27.605085
99.95000000000002,196.44656
40.276,30.011595
0.467,7.405261
19.467,203.94025
19.673,83.19242
19.573,929.9244
78.743,78.84662
9.797,185.03935
59.517,62.39377
60.35,172.94154
17.92,39.51053
1813.04,408.45407
959.997,784.98914
20.363,72.73548
111.18,426.42325
119.687,230.36942
0.14,386.6322
190.02,317.17297
139.933,389.1316
630.043,455.84842
329.707,203.05525
10.173,141.75858
9.67,55.930077
0.483,16.53475
8.23,226.64409
19.713,391.53445
0.406,90.18137
55.57,255.73921
449.6070000000001,393.1845
49.867000000000004,45.27275
130.037,150.32657
9.497,110.636635
51.15,222.01279
11.355999999999998,402.14053
19.473,201.41997
0.564,182.81926
20.307,144.39687
280.99,371.72488
19.44,53.45815
70.16,15.521608
0.8759999999999999,110.151855
20.143,146.6496
29.58,181.0751
180.78,156.144
20.63,36.89372
27.83,144.27296
19.75,129.43346
22.03,128.82808
19.6,42.3039
90.176,407.3809
1329.68,259.6105
100.08700000000002,288.5282
0.423,49.12408
9.783,76.3443
120.92,301.62473
209.87000000000003,120.41356
150.167,248.78879
49.550000000000004,143.45932
0.817,139.86938
689.83,421.90796
31.013,52.12557
9.993,65.85021
950.0569999999999,355.15634
240.496,390.49603
152.75,245.49423
80.487,517.08875
19.8,255.1395
12.257,183.14482
209.886,203.29099
20.657,214.29881
80.116,43.88606
18.93,258.35403
1.393,156.88878
50.177,216.63017
711.3299999999999,375.3523
29.85,184.24564
222.164,103.53866
20.18,233.24924
9.72,27.665483
9.647,124.631775
8.753,11.962857
9.504,103.747765
9.004,216.77661
9.326,66.34697
129.58,386.93826
39.986,340.69144
18.447,149.38435
100.393,333.55612
19.227,156.43796
28.416000000000004,235.06743
0.9369999999999999,540.464
0.957,156.3551
259.393,168.42197
38.73,118.90329
38.5,1263.0295
160.664,488.23935
149.373,1079.7859
160.477,799.0969
38.66,66.14258
29.940000000000005,39.05858
750.0430000000001,1523.7317
0.53,16.816608
51.07,115.84211
3394.424,333.96857
460.44,236.34392
249.637,195.81984
1719.673,1334.5907
378.92299999999994,408.3188
20.24,352.6752
100.37,104.042915
40.487,265.71066
129.617,157.00967
199.186,252.64532
568.596,585.4117
89.043,313.71634
430.23,194.54381
18.99,205.87155
39.907,122.60524
20.737,670.84064
270.79,89.41274
0.503,111.572235
30.390000000000004,136.30283
150.173,156.62181
38.597,65.75061
509.40599999999995,883.0627
0.0,683.9398
24.620000000000005,184.73943
10.92,244.18468
160.074,182.04008
229.956,394.8554
39.193,564.17206
0.77,52.84584
11.966,123.7133
41.903,341.88528
158.12,47.813976
1.736,81.715744
18.583,113.37345
0.064,34.093636
9.386,317.83817
19.427,192.37196
110.553,28.55927
1.264,87.3561
9.783,29.260279
20.337,49.392212
533.29,1194.8113
9.987,149.57852
29.727,13.430946
279.47,733.19653
34.987,245.69225
8.803,16.604774
9.893,100.218895
63.523,174.15016
41.557,344.6439
391.19,94.98107
2.436,56.00241
80.023,158.73523
8.743,148.97116
0.047,79.19436
30.093,695.3789
19.383,973.3523
20.174,696.2626
118.314,175.03702
0.17,105.10762
15.827,194.72754
30.063,123.99028
78.843,183.50961
0.18599999999999997,27.383032
0.267,94.22338
19.764,166.88277
4958.366,1211.2185
9.11,54.329556
40.114,287.29507
38.77,442.56763
9.837,110.671326
418.77699999999993,361.38412
20.874,157.9415
49.796,168.38808
20.103,326.94388
3280.6199999999994,306.10345
10.59,14.073861
9.93,208.40129
20.273,154.02164
91.034,81.831116
16.973,201.55858
10.913,82.756035
40.026,175.74928
120.487,5.2220073
15.189999999999998,365.88657
101.25299999999999,58.660362
9.22,51.99776
29.053000000000004,324.52423
21.243,37.30434
8.033,34.227886
50.120000000000005,224.69205
10.49,47.38184
0.203,183.98853
29.443999999999996,555.9026
61.107,1176.9839
39.9,616.37134
49.879999999999995,244.7128
38.726,40.161266
390.1770000000001,251.61517
20.8,192.18951
11.23,59.935658
10.42,104.422745
18.17,521.2261
0.09,95.474304
250.24,572.1434
20.017,158.47522
19.063,168.33153
59.177,463.13882
29.85,76.150444
30.513,67.14731
196.15000000000003,172.0404
11.203,75.45169
2099.877,693.70636
18.08,279.66904
460.367,252.67398
8.153,118.092575
141.3,101.0943
351.403,125.27857
19.283,111.08759
189.84,424.96106
39.394,5.31149
159.96,152.97417
20.39,291.81763
179.673,176.38194
0.127,115.47027
10.52,169.39488
864.08,114.865326
10.21,37.4194
39.15,216.9075
2.046,136.0643
118.863,117.4546
0.47,217.55179
30.593,151.32872
28.844000000000005,334.47934
11.206999999999999,265.09448
58.553,1427.9539
40.783,202.67142
49.177,149.27705
109.23999999999998,547.8602
19.057,100.32214
9.687,0.94787663
4.12,298.7475
68.884,337.8458
230.17600000000002,68.287415
39.367,275.28958
279.773,186.24655
9.406,70.10593
41.08,105.42593
10.643,16.69859
8.967,103.93724
10.64,57.13458
29.163,216.62338
70.253,164.52571
198.8,208.0283
19.476,171.63426
150.507,63.867374
28.846,152.80643
229.174,244.18446
20.15,112.0994
19.973,74.45315
90.23,377.43326
11.883,145.64502
25.267,376.86118
272.047,29.767696
40.047,336.13608
639.247,310.41428
67.237,346.37576
719.76,1672.8063
0.7670000000000001,28.372364
8.796,27.895302
19.193,26.52022
29.160000000000004,71.95936
0.204,16.534765
19.59,153.7215
10.587,164.2401
21.37,65.86753
10.953,51.39811
9.9,28.876965
8.994,154.28595
10.233,152.8271
19.59,211.54338
80.07,286.8972
0.517,111.86791
20.07,71.64949
150.986,475.66235
0.0,67.60979
229.633,109.5966
250.35300000000004,257.44897
0.03,125.58235
80.373,220.61461
9.637,137.17674
10.64,49.857243
1901.2130000000002,310.65735
30.232999999999997,73.8188
28.966999999999995,37.82826
510.0,251.4489
603.49,317.38495
140.014,133.16927
51.440000000000005,453.79642
19.93,111.81627
9.47,132.68878
60.273,119.530716
10.284,120.23634
199.987,653.47943
179.84,617.7306
180.786,58.406403
0.58,163.1932
3.926,7.2328634
139.587,546.4263
222.474,337.1505
19.36,211.79935
40.474,295.77625
89.233,175.3496
0.013000000000000001,204.5559
319.664,226.53445
130.92,178.52684
20.363,308.5851
3.476,39.4431
9.95,151.01942
170.413,171.96745
10.114,129.36903
1722.2699999999998,585.09125
11.13,168.6665
19.83,13.890915
10.373,107.33594
9.673,103.675
85.56,823.3536
69.787,195.33719
79.744,133.114
29.75,198.67252
100.23,171.77403
500.9169999999999,59.04567
19.456,528.1227
95.123,340.31393
0.17,76.40011
70.256,238.79193
48.52,706.7328
21.03,615.03204
20.93,54.354973
79.636,67.320335
8.69,59.55029
0.203,378.5011
220.747,183.33769
49.143,283.94003
9.263,91.96197
0.267,101.37212
542.647,132.91878
11.38,48.24082
9.233,295.07715
9.763,109.383644
130.69,617.46686
2.127,136.02518
1.564,28.498665
11.877,220.45256
41.06,278.3805
11.317,286.32938
31.993000000000002,135.6663
0.314,42.194725
49.20400000000001,64.45243
9.477,99.78389
39.76,131.85277
0.11,121.836365
251.073,251.08134
64.947,181.15257
459.65,259.87622
351.27,313.36932
21.083,295.12973
0.763,53.932945
969.97,196.19576
40.493,63.614098
0.813,48.50239
0.657,135.42517
400.15000000000003,236.63625
0.78,65.96313
50.464,26.915483
1241.426,579.3184
100.157,374.92438
28.17,117.53067
0.686,122.48227
580.667,147.68619
20.343,37.518806
1050.953,192.45271
279.473,838.6571
49.72299999999999,599.10004
919.227,171.17943
10.06,180.48416
30.067,320.30853
89.50600000000001,301.88455
20.037,145.22694
9.684,228.38428
431.736,107.371346
0.7499999999999999,177.84673
7.036,26.386517
19.72,152.48004
0.64,67.02912
29.689999999999998,344.497
59.72,67.875626
9.076,65.772095
340.133,247.03111
8.943,119.70084
33.1,162.09584
38.633,99.284805
160.133,6.016204
10.297,217.78644
11.124,297.36633
48.88700000000001,202.9766
29.467000000000002,318.58127
10.25,27.756836
120.05999999999999,306.37292
229.943,416.18497
20.777,250.60803
30.272999999999996,297.96857
130.074,560.48486
169.576,412.7537
0.03,51.35087
517.763,288.2023
9.56,369.63226
59.843,486.18073
731.873,439.86395
129.556,211.64099
3809.2970000000005,737.2358
20.093,32.57256
9700.067,806.0128
19.813,57.7797
319.917,654.4376
19.82,241.94662
240.203,227.16934
323.017,372.5345
39.813,848.3188
10.243,227.56631
1.907,78.869705
19.13,439.187
19.717,280.18625
59.15599999999999,300.28867
160.056,210.47693
19.99,262.71283
79.86,145.42471
50.154,273.90988
52.97,102.76437
8.873,173.44847
28.97,107.59186
0.046,174.30319
23.0,316.40244
8.813,89.94406
357.107,107.25154
350.407,258.64844
408.924,204.41534
59.727,238.72037
509.66599999999994,252.48721
7.997,74.05833
21.196,125.39116
293.93,107.86562
101.154,189.47704
12.053,16.911625
39.846,201.01955
0.064,240.83829
70.03,264.52197
1256.297,1661.0017
259.053,126.06471
8.89,45.07787
50.26,252.2497
39.877,547.477
39.967,199.66383
99.643,207.00928
19.853,3272.888
8.71,28.028402
30.207000000000004,69.83118
10.34,142.72578
963.6200000000001,814.5133
729.966,178.37384
50.846999999999994,122.79258
240.024,141.39464
20.476,613.7947
2759.907,272.6941
8.76,156.84451
0.453,27.429218
77.426,331.92972
110.3,570.3362
0.704,62.495285
7.779999999999999,96.32737
39.66,450.46143
0.077,117.266624
629.217,484.20792
19.843,107.6596
39.5,643.0807
19.793,319.37033
1481.377,926.65625
21.18,14.118831
11.574,234.37836
566.433,474.86203
0.613,98.23569
10.206,87.79936
0.173,62.576748
1.88,16.23473
416.54999999999995,231.01054
139.33,198.62714
8.977,65.46189
0.9369999999999999,189.83539
486.15999999999997,227.29791
10.183,169.56331
49.017,43.81687
4.153,175.81345
20.133,250.60803
0.313,54.78381
18.74,217.1798
9.153,104.447975
78.956,183.5477
10.326,217.97005
17.814,14.69051
9.924,215.29665
1169.677,391.0761
359.92,114.29187
0.033,26.744612
600.456,133.3329
10.623,225.31947
83.963,348.22757
60.29,835.0033
40.9,35.914387
79.76,134.58376
128.877,195.38068
0.36,118.320595
42.02,59.56637
20.003,303.2059
49.67,147.90851
418.887,370.0464
0.92,35.746155
0.593,129.27939
24.807,343.78845
1209.143,861.87006
0.144,93.97815
608.597,242.39561
59.803000000000004,53.527607
8.684,32.544125
248.707,1603.684
10.133,0.113161996
73.673,136.92262
31.43,115.0155
198.06,72.42499
20.45,120.34064
930.143,237.60474
19.007,217.15346
22.13,0.25224784
0.503,9.677875
190.866,217.11694
32.75,76.85014
10.19,10.284001
0.454,117.4193
19.927,278.39816
19.023,231.59558
140.567,721.6529
74.61,209.28001
49.863,44.908356
1570.167,187.184
50.717,99.6183
8.15,68.37965
18.953,89.90152
10.103,167.11824
30.630000000000003,352.59955
39.767,346.1451
70.683,87.49082
29.307,205.0112
591.317,213.79468
119.987,44.412518
19.947,200.29639
29.127,214.49966
19.8,194.95436
39.873,72.10367
49.914,181.30365
339.367,332.61508
679.393,888.2124
41.68,282.61334
837.9,399.3116
30.193,158.25432
101.317,81.17142
38.583,133.60405
340.246,119.360306
449.507,283.35443
11.967000000000002,351.29782
60.01,252.48979
0.046,69.041046
9.736,63.931107
39.987,471.06003
9.827,63.89148
20.287,160.66302
140.783,28.815357
120.493,135.58842
11.112999999999998,80.051865
60.06,753.3723
619.0,803.17224
1.4900000000000002,148.81845
9.696,134.04915
9.42,247.13457
110.317,290.17883
120.06299999999999,78.98602
10.15,76.53866
385.383,329.93365
2345.89,632.11835
49.413,187.9514
1.11,7.4155354
1.233,71.73444
1.423,27.86012
100.78,267.07217
0.267,102.05539
19.954,1083.8071
0.0,115.13027
28.89,61.325024
0.797,37.51519
0.12400000000000001,91.82882
107.58,1425.2147
28.15,63.843357
60.733,115.45521
13.09,169.47255
20.777,175.04626
11.153,28.453922
319.917,114.48762
0.18599999999999997,36.21389
141.13,129.46854
559.313,265.68738
8.913,72.655464
0.18599999999999997,184.97621
69.943,209.67021
20.356,186.90965
21.643,160.22856
9.113,266.91296
21.204,98.91397
18.42,66.59148
90.62599999999999,15.298361
594.603,479.94952
350.777,381.8161
11.634,92.0541
10.853,10.014277
9.79,36.110664
28.947,156.18985
219.993,436.817
18.297,75.01651
0.18599999999999997,98.91397
0.656,158.91371
1680.057,1578.7258
1470.643,185.28479
0.157,30.543703
40.27,40.822655
99.10700000000001,52.12433
0.296,96.32737
620.286,282.77457
19.086,206.74568
39.843,51.8334
150.073,248.27574
39.166,183.35725
9.326,102.97356
0.63,111.81627
9.43,138.52608
120.84700000000001,83.0666
1573.607,109.56877
19.693,175.04626
378.846,740.0948
50.12700000000001,287.7833
20.897,319.37033
11.034,109.69539
0.687,92.0527
100.037,185.58318
10.023,1115.6364
1.03,67.121284
0.076,79.09814
99.137,0.26146504
7650.603,565.5823
0.25,78.18886
20.0,152.18268
130.02,243.56908
11.756999999999998,365.97623
19.83,236.80826
30.317,254.9561
30.825999999999997,56.330635
79.907,342.9419
19.574,48.543785
5.989999999999999,177.9538
2.733,58.13719
0.17,167.21982
69.81,59.72399
19.894,192.93996
10.693,137.70453
69.553,158.13855
7.06,16.62817
0.8270000000000001,192.37558
2.037,75.10564
0.22,27.971416
59.28,419.4772
11.014,64.40167
40.084,933.0544
0.127,157.1922
14369.154,179.7944
20.67,205.7978
8.47,27.665483
369.483,219.7751
0.77,142.6483
689.776,24.075384
195.45,179.47986
18.117,55.74496
20.687,69.51306
2.8529999999999998,172.45146
100.004,224.44402
9.457,104.12133
8.3,197.75221
270.193,216.77661
30.084,709.2752
20.663,56.395226
226.74700000000004,227.537
11.789999999999997,119.82837
9.97,95.45155
572.43,136.77217
170.486,1578.8607
19.267,123.01452
9.724,229.17247
20.35,198.7593
61.07,68.68214
10.18,84.358604
19.786,220.8744
0.204,135.40749
69.36,126.011856
109.973,403.4279
239.616,348.92636
79.247,146.8453
70.87,148.41895
50.637,1.0565141
79.99,211.29713
662.63,150.61804
30.954,118.602295
38.933,62.050484
679.087,722.41364
89.28400000000002,31.706398
31.052999999999997,288.17422
88.76999999999998,130.9128
30.066,211.46779
7.946999999999999,52.84584
70.61,238.16515
40.26,203.16699
80.32,232.32124
49.46,170.50893
8.08,69.92726
9.05,107.27633
139.923,160.33627
0.046,137.17372
20.887,29.237696
205.58999999999997,164.56339
44.227,176.47707
129.78,51.29627
2610.31,1384.8063
19.31,77.90139
8.483,57.47357
1.75,41.47004
49.13700000000001,928.3191
28.167000000000005,88.40565
11.6,56.91475
0.187,162.7026
18.26,153.80733
61.763000000000005,368.88275
10.624,32.41848
320.4,714.89575
72.2,80.90087
29.053000000000004,102.808395
19.127,129.28271
20.05,154.64708
59.77700000000001,66.349846
21.186,126.785965
160.027,101.946556
19.434,163.11525
639.953,503.92523
39.893,232.43886
747.813,257.83618
39.323,172.00969
9.997,162.46758
481.7130000000001,493.71426
1260.44,13.623179
10.127,305.49002
0.11,184.64287
940.1100000000001,314.92606
116.14999999999999,188.15724
5539.884,112.987465
959.77,230.88618
7.067,81.65479
850.066,202.22691
20.123,57.413548
80.19,163.88434
1520.753,905.849
0.173,120.23634
0.263,133.71092
0.049999999999999996,177.54257
529.597,222.9164
73.343,293.58234
40.236,154.47212
70.39,573.678
29.843,35.915997
17.466,323.68454
8.896,346.01056
2909.2,1879.6959
9.577,26.609753
15.33,48.059395
1109.02,42.505787
20.793,599.3233
19.313,18.910774
80.473,87.30204
80.764,694.30206
1.08,199.29149
119.163,265.23816
19.3,556.49805
479.7200000000001,198.4127
9.247,50.85616
369.7799999999999,266.61743
262.6,325.98883
1880.29,821.3469
48.917,690.6082
32.724,186.78319
40.02,380.92587
18.083,253.55077
39.547,13.327589
320.607,345.20502
19.133,332.22238
11.167000000000002,54.46705
18.45,29.715656
0.064,194.2503
55.763,256.07663
270.023,221.29337
320.273,278.4771
20.703,125.95468
269.963,3230.7166
9410.556,2141.2446
87.627,101.42769
49.92,332.4994
10.06,338.3274
9.6,31.713852
11.077,65.33808
10.89,28.226288
10831.717,346.2544
49.477,277.85632
0.737,110.636635
59.183,334.25854
156.924,5.571481
3560.3639999999996,1203.4381
49.17300000000001,105.81186
60.70000000000001,446.7783
8.896,121.98228
40.58,9.459894
7.800000000000001,161.86703
30.004,148.84718
39.33,352.67703
2780.093,192.75174
20.577,27.21318
50.06000000000001,465.3796
110.233,237.73302
160.277,302.8923
129.754,23.389404
19.097,144.03674
41.38,730.0314
160.013,622.2156
0.063,519.4757
320.077,262.98874
759.803,300.54227
80.064,432.27747
0.284,9.341615
10.01,125.437614
1.5830000000000002,116.68919
40.053,187.43687
9.507,455.8817
60.323,430.16318
20.384,452.43652
10.577,91.41441
39.42,89.17155
441.057,78.03561
10.647,64.914856
400.156,221.96759
350.327,300.0825
120.28,29.387154
20.246,240.7242
19.386,175.2789
40.697,97.53049
115.84300000000002,137.22786
9.896,26.243917
30.579999999999995,184.14288
70.673,191.15251
0.127,90.007355
5352.693,2999.7754
119.75000000000001,339.4743
10.6,0.017125254
20.243,253.86655
0.42,35.508266
129.807,48.971107
29.84,285.0698
10.316,34.288677
390.707,1182.8104
18.707,68.781364
79.894,259.83865
19.19,68.65645
0.297,3744.5386
18.9,57.47357
110.037,545.88806
0.69,157.33919
10.267,171.01932
0.11,238.95169
0.597,156.3643
41.647,56.256386
39.257,150.1167
40.147,253.97539
40.83,82.60444
110.053,550.2843
1.237,100.72176
1741.94,393.67352
328.533,153.85515
20.676,125.07527
9.69,410.28778
59.043,1243.4236
44.68,208.12251
0.143,241.94662
19.783,340.4117
290.1,245.70483
0.57,147.31183
90.676,236.98132
9.784,168.38728
716.5070000000001,238.51968
8.22,455.14636
20.316,58.72755
0.12400000000000001,207.91577
29.17,149.96724
49.83,166.96896
1099.594,261.63455
120.273,177.69687
59.99399999999999,261.88702
0.28,34.94065
34.82,196.23347
50.003,141.22855
27.560000000000002,200.27235
1.077,78.434746
10.553,65.48068
20.77,32.231476
20.363,288.532
129.653,261.0984
59.32,41.996414
0.423,167.88582
12.087000000000002,218.51271
190.76,214.3699
18.06,115.427765
8.756,88.419266
39.147,173.20558
8.62,34.342354
11.197,344.26584
0.187,9.696265
299.056,123.41786
81.044,42.75701
18.45,334.44373
19.797,654.2457
10.07,231.71263
9.617,28.771574
8.743,74.15365
10.11,244.9127
199.916,231.87239
1.143,265.4067
109.66,266.6066
129.993,191.80965
60.616,295.63962
0.534,0.05579976
158.81,2.7427728
540.373,170.19609
19392.336,3882.0977
1145.42,355.65506
54.879999999999995,98.58635
148.567,209.8524
9.657,174.74612
40.163,90.70168
39.79,155.38591
180.12,530.6748
9.987,94.7505
20.476,87.64635
60.029999999999994,173.57779
18.776,229.78624
91.314,5.786799
49.653000000000006,353.13547
51.217,105.60241
40.01,76.3443
19.897,31.06981
10.904,137.17372
559.933,477.06046
40.837,276.35785
79.727,3652.0527
30.133,101.29637
358.93,114.50923
110.114,250.53851
39.84,80.88855
111.33,108.01371
20.13,459.64914
161.656,94.437645
360.063,1386.3519
29.09,49.74129
8.316,110.39099
69.796,203.08745
8.56,54.962383
9.65,263.4098
6095.066,613.71783
12449.643,10841.295
74.094,255.43822
29.296,67.41394
10.533,184.2214
10.077,0.057023015
20.43,166.83195
9.4,198.07657
199.303,354.90726
0.126,33.99069
57.63400000000001,25.913216
180.39,214.32597
58.863,160.22856
79.81,74.0109
98.84,169.11075
131.823,315.9813
19.617,214.87204
21.29,60.027233
20.674,27.574429
9.963,223.52371
19.023,161.67105
229.773,1249.8082
18.727,64.90304
2985.4500000000003,699.4205
10.72,61.0492
379.977,634.88776
20.59,185.36465
30.317,169.39488
9.143,111.91544
89.11699999999999,109.64029
30.034,55.21394
579.927,290.2161
860.38,564.43475
50.06000000000001,320.0804
80.307,293.9896
69.59,134.90904
159.6,215.12794
29.187000000000005,66.8178
0.013000000000000001,110.47745
0.36,62.692448
29.927,436.73407
18.71,180.23169
5.8629999999999995,230.67596
19.673,184.22424
29.02,340.02673
280.456,174.247
19.597,408.98593
200.093,224.15623
20.814,160.27965
19.956,83.08391
0.577,44.325726
10.0,66.43472
40.64,256.85107
21594.513,1088.9286
92.863,173.24048
61.602999999999994,60.60885
29.127,466.70712
20.653,145.99733
19.8,419.7737
1011.4630000000001,745.74585
179.817,454.22226
59.803000000000004,69.03954
8.63,82.289215
0.047,258.35403
112.203,113.51001
10.1,65.0039
0.08,57.13458
10.39,54.496082
19.643,156.97656
360.657,232.71326
20.016,55.388187
0.22,99.78389
18.8,18.779634
0.47,46.571033
9.87,69.450615
19.537,191.71906
159.84,218.19455
10.297,266.5341
21.19,52.91032
10.266,583.52594
0.317,293.1825
9.797,174.83476
1.16,55.527122
525.29,292.41986
167.153,48.828888
3400.48,319.56528
809.7070000000001,282.23563
49.064,374.7262
19.626,303.80246
0.157,137.94287
10.443,118.24679
19.207,28.68717
21.333,65.51933
12637.446,245.98755
0.09299999999999999,61.22419
17.783,93.584854
38.426,27.393187
20.89,283.46982
2768.083,225.76256
19.64,219.02719
0.187,144.54816
19.387,44.224022
9.046,38.147137
1.66,7.6450624
0.22,184.50305
0.906,91.69585
12.474,9.677875
28.8,179.10185
3.5339999999999994,166.8873
59.607000000000006,299.01752
230.61999999999998,17.696302
270.234,279.4195
350.217,49.28223
1930.32,446.53812
19.207,121.5599
351.127,376.6668
1070.283,412.204
0.7829999999999999,60.63477
10120.0,1770.6737
30.043,396.91724
60.12,4166.5464
9.823,74.00765
1011.953,192.99657
20.127,183.50969
9.79,36.263332
20.277,89.304344
19.44,206.6239
170.436,177.08899
0.09299999999999999,323.5392
0.156,153.85121
10.16,220.77777
10.43,175.95125
165.343,63.443516
9.213,204.8897
19.524,387.8191
69.853,314.85553
139.847,657.96246
279.826,256.11356
59.637,202.13559
0.7829999999999999,138.29652
10.613,174.83476
9.097,1093.1158
29.503000000000004,171.2624
180.96,315.78033
20.043,155.16676
19.77,29.45731
180.26,147.78938
30.223,352.99283
11.026,5.529684
0.22,75.7347
4200.1,1070.52
53.927,146.26932
370.03000000000003,67.83787
169.43,34.194717
100.304,519.68555
20.0,59.90362
19.86,174.66579
17.197,156.71323
39.52,179.16574
390.98999999999995,243.08266
0.076,51.35087
0.547,45.21211
9.627,0.084525466
9.1,220.09967
22.303000000000004,290.76855
20.02,58.168617
537.85,0.21942455
80.16,834.1435
279.067,446.3805
79.99,332.10474
169.876,315.74265
39.813,106.6424
8.864,142.39754
12.646,65.29154
19.984,350.61554
30.143,387.85538
30.124,216.74968
9.99,156.7352
0.78,28.75429
363.143,289.0369
160.277,86.22425
221.757,498.75226
19.947,48.0659
451.587,340.17316
70.386,240.5819
0.157,13.827162
39.817,41.17328
59.723000000000006,267.0723
9.783,478.59265
28.27,34.8341
12.07,179.8777
10.09,762.00195
9.377,51.265625
29.074,142.01926
70.86,109.59684
1.4070000000000003,57.246815
0.77,137.3661
61.057,318.4411
189.497,205.59375
20.083,111.572235
19.91,375.9512
29.977,116.524765
170.3,328.5194
166.326,203.50085
199.934,181.54791
80.237,335.01736
36.67,226.28622
9.17,236.43375
29.862999999999996,179.43144
89.94700000000002,576.59924
1308.113,395.23553
40.017,543.1901
0.203,146.96384
10.533,86.76672
39.767,187.05566
10.33,17.41933
19.364,386.12988
10.866,343.86423
181.446,119.21376
0.47,169.67574
8.97,54.768574
19.856,150.48111
29.597000000000005,389.34705
20.044,116.94131
0.644,111.27789
29.127,44.962917
18.836,111.2154
9.89,280.99637
210.32599999999996,39.181065
18.88,159.00351
390.247,457.29437
1950.22,1228.8578
8.583,16.887821
19.833,0.8598533
150.437,324.29
19.15,247.1259
11.279999999999998,526.3763
75.664,9.844645
919.73,194.36995
11.892999999999999,65.670425
19.893,617.70447
179.563,113.358345
18.897,326.36713
3950.1940000000004,748.5618
109.357,14.073861
300.21,865.57086
28.936999999999998,242.04842
120.12,367.90112
9.613,43.24712
0.657,47.935394
21.264,153.29851
8.85,345.2043
0.234,264.44223
1.103,9.424889
179.576,54.02534
131.0,320.05225
79.957,614.40894
9.24,162.96251
79.95,178.27045
28.380000000000003,340.9721
70.764,171.31746
30.417000000000005,191.2886
1702.58,1988.8988
383.64,387.85538
8.823,81.18388
180.407,216.83464
91.46,71.4821
39.916,313.14096
0.643,48.768387
1.594,90.434975
0.45,114.756226
402.543,436.42035
9.953,658.6031
27.877,32.203014
2136.64,834.232
0.017,49.342503
10.077,59.926266
39.08,150.95348
154.406,183.4907
19.717,145.73671
140.067,30.802448
51.029999999999994,164.1018
7540.483000000001,6246.3384
48.207,71.24109
30.256000000000004,145.17583
10.967,7.5398593
19.913,720.3382
30.287000000000003,366.32394
460.086,322.7448
0.216,62.425777
10.36,122.576324
41.223,288.52847
189.91600000000003,143.03436
0.187,1225.1952
80.41,470.9822
870.4900000000001,527.1503
0.577,61.752125
14.157,189.27354
28.77,225.20413
120.366,395.1368
190.84,622.0988
451.31700000000006,691.8307
649.633,969.90173
69.014,46.842236
69.907,181.18054
19.89,66.35017
11.206999999999999,51.388016
59.89,176.43707
329.853,133.14824
59.57399999999999,67.01515
0.346,452.56253
150.007,202.10306
19.93,303.11435
0.313,147.26451
69.023,498.9548
0.08,28.779045
19.206,61.67114
139.143,418.5354
9.667,57.13458
179.84,456.02505
8.877,58.13719
0.063,617.7306
0.297,77.73745
67.137,111.89494
0.7670000000000001,59.425716
110.0,261.395
199.244,180.53218
39.013,248.12567
90.12299999999999,146.89597
30.760000000000005,26.37451
0.157,30.981522
37.22,197.19081
8.92,252.89546
0.817,361.33112
870.413,206.53934
60.599999999999994,199.75932
0.453,116.524765
200.17400000000004,62.85293
20.373,224.24094
0.25,113.00698
17.0,100.04425
20.69,429.51132
110.6,78.62329
29.446,107.999016
18.973,400.16708
9.55,291.4219
18.13,70.84152
0.076,35.154392
380.664,252.02434
69.727,964.84357
9.9,54.62523
0.33,113.293236
0.7670000000000001,28.498665
189.983,189.21669
8.656,7.3337827
12579.880000000001,608.4101
16.74,235.2971
8.883,155.08406
20.676,150.81013
4473.466,506.15213
39.853,328.57928
10.683,283.86157
29.733,171.15805
18.02,179.96794
39.72,154.21133
19.753,223.75015
0.0,116.483376
18.753,3.6855912
21.12,300.0644
10.593,105.87131
10.04,44.438507
130.03,149.4207
0.72,152.50468
0.61,330.37045
9.593,124.02661
361.003,421.17477
19.523,191.98988
575.493,2122.3079
309.844,156.52094
570.52,468.75333
19.404,33.773823
19.703,137.29967
98.853,205.0008
60.836999999999996,229.78624
20.01,120.38151
249.92700000000002,326.9256
0.08,134.45367
10.473,74.34312
19.727,145.586
10.03,734.2135
8.764,57.479263
20.03,165.13344
71.024,106.58711
129.403,194.48047
5040.27,183.52754
9.08,214.84451
0.533,111.91544
19.77,415.45734
38.103,55.58383
11.127000000000002,7.529428
70.907,96.76096
0.623,44.927208
720.863,226.9076
610.11,2049.6692
840.54,270.0996
80.51,322.48917
800.3330000000001,1360.9363
38.496,31.226252
10.017,52.30018
40.643,22.181604
20.007,75.10564
20.01,444.24463
9.6,31.785347
15.166000000000002,63.614098
1436.06,821.77155
10.327,89.273544
429.327,186.79784
59.743,1028.0585
19.92,80.43148
20.033,388.35187
9.613,87.018234
458.93999999999994,139.95178
10.22,91.511215
11.197,67.207924
309.733,427.62064
0.11,61.929115
568.057,117.531044
0.327,151.87704
427.25,835.2836
0.55,117.4193
1700.647,762.60486
209.513,280.6917
5572.53,1341.5934
9.124,204.55394
19.627,310.54294
156.313,355.10107
2.81,28.657564
19.863,152.5938
0.5,155.7056
999.304,839.1431
29.96,1234.4961
21.666,289.5204
11.194000000000003,114.84771
560.68,334.70755
19.24,113.69908
6.103,178.458
136.647,151.14473
19.983,366.14886
470.463,336.9339
49.0,82.842224
0.314,29.694368
19.773,179.32315
0.3469999999999999,27.756836
19.686,71.41706
9.343,387.8257
8.806,5.529684
369.3140000000001,272.70883
70.174,49.326477
10.043,169.17038
38.617,27.661263
1750.2560000000003,349.73166
171.324,36.944153
0.406,405.7111
10.873,155.15218
0.156,16.558064
0.436,7.6875544
8.937,128.62886
9.94,85.02844
86.71,302.18213
280.173,213.0575
219.83,282.35004
41.987,44.57122
39.46,202.41553
20.447,224.25111
511.04699999999997,144.01578
20.226,203.69983
7.793,129.55827
49.847,211.96263
1.08,7.13334
70.137,361.71558
70.357,79.291756
539.71,2065.4321
12.75,69.92726
59.81300000000001,34.28039
319.984,103.98401
19.947,158.70146
18.887,691.79803
9.646,233.09708
0.11,49.83974
80.09,195.08759
0.157,74.00765
20.043,226.52055
9.984,195.49722
99.92999999999999,104.8205
20.033,145.21619
110.02,237.45306
424.02,272.1076
28.887,190.81607
120.513,202.10782
81.34,156.65858
70.13,182.19733
1545.96,274.20612
340.083,230.39774
18.537,37.63928
379.8740000000001,711.1741
20.154,3.6140008
19.986,685.3016
100.23700000000001,0.798185
10.63,32.510845
9.696,233.5081
20.167,80.51131
24.123,176.70174
119.277,79.03791
10.374,343.86423
4735.674,656.6098
8.604,82.349594
33.1,36.591362
28.985999999999997,267.1178
800.454,774.2971
810.186,385.1481
0.19,139.17021
1089.937,31.90436
30.366999999999997,183.91568
1019.8600000000001,513.3567
8.924,86.082214
204.17,959.88226
70.053,422.5817
20.223,70.39162
18.92,31.495592
248.95,316.73837
11.643,131.35764
519.87,245.34235
292.053,588.0906
39.32,27.370066
19.76,600.83374
40.71,379.0203
2250.27,236.23924
9.584,33.086308
8.767,9.825965
152.93,245.11835
2191.197,764.86053
1511.443,168.45064
12.694,16.911625
10.057,130.86333
20.463,116.73144
69.616,191.66992
9.357,67.730896
99.27000000000001,453.94342
350.62,222.86282
10.497,71.00515
3267.617,256.3039
19.95,246.08826
9.893,157.70256
41.35,3.4564304
961.017,342.79846
119.693,636.8441
18.05,49.3532
7.817,163.88434
9.534,86.25496
90.87399999999998,140.52313
189.73,358.02252
1003.2730000000001,262.838
0.857,115.34275
0.563,199.88303
9.983,262.0843
5617.533,309.81494
80.793,281.5471
11.756,266.94623
20.224,396.91724
19.793,290.20978
9.05,166.83195
10.003,236.75493
17.626,27.123596
499.35599999999994,765.62946
5.347,51.102734
19.417,215.26353
209.744,184.97937
19.687,188.37099
10.537,107.17462
50.03999999999999,395.51813
41.024,176.26006
60.04,306.90387
21.273,125.81822
20.033,180.88214
1669.873,263.25
1.143,163.68515
8.803,94.25065
48.517,359.3658
184.88999999999996,242.16096
459.61299999999994,224.14159
1.733,218.51271
100.463,107.13354
79.917,318.0191
29.74,170.00343
91.036,377.5092
9.753,75.18847
10.297,63.1793
19.556,107.966446
4.524,244.91492
9.407,76.62633
10.15,253.16768
0.39,5.3842745
50.033,490.859
19.667,313.10507
18.347,520.27747
200.01000000000002,165.40929
27.666999999999998,47.80493
230.987,179.28937
8.75,182.66101
241.363,47.484634
20.327,176.79752
2169.953,198.15953
444.91999999999996,624.16486
19.884,317.1249
21.806,53.23153
90.40400000000001,118.706345
37.707,287.00143
120.72299999999998,743.0417
3731.356,264.72015
0.703,229.56612
571.284,165.18947
0.8929999999999999,179.153
564.08,169.4786
270.053,187.0382
30.21,102.71794
4.3,17.199898
119.89699999999999,169.42484
20.2,18.69504
2852.5399999999995,281.5439
56.604,249.14494
229.95,278.8302
6264.906,995.21625
19.78,524.8569
18.463,168.2201
10.47,192.74046
109.95,255.57231
379.017,83.8923
290.17,142.23254
339.32,165.54292
319.703,378.64355
10.39,63.51835
9.767,208.39836
80.997,159.2039
44.636,188.15724
0.487,246.88213
10.8,146.85492
0.883,32.784527
560.64,358.51898
20.107,116.87993
8.917,118.62254
138.994,571.507
9.78,64.27652
159.57,213.18706
95.27,608.67944
335.11,69.28623
78.814,39.21481
82.103,187.72307
18.867,77.402534
39.22,79.59579
0.10599999999999998,291.9198
31.174,263.49564
170.95,278.47018
18.193,71.95936
58.833,5.706445
10.033,335.01736
129.767,329.36023
8.513,64.824974
0.703,78.434746
109.57700000000001,84.832924
30.764,32.784527
79.18,33.69824
10.166,59.2241
12.957,176.29887
20.25,232.4231
23.143,317.87216
33.593,330.27347
0.157,181.58723
3250.5300000000007,695.2287
220.987,663.2678
150.297,79.45912
10.173,287.37537
38.294,338.20142
10.44,55.036987
0.53,50.949337
89.77700000000002,546.7574
49.23,229.109
19.9,383.85733
8.56,44.962917
10.847,162.32436
10.67,151.19493
9.703,162.96251
170.893,176.4054
10.053,110.50525
14676.943,4961.622
10.11,345.8691
610.747,150.299
30.863,155.09566
110.306,118.40299
71.884,265.46082
1449.0769999999998,95.39878
19.656,348.8475
1.58,10.2062
261.547,193.84117
39.623,352.72388
9.5,48.55229
19.606,25.985643
1.8299999999999998,46.985268
68.573,237.49547
20.48,221.48824
0.03,42.535892
219.04,324.64203
120.53,99.90484
11.120000000000001,46.680614
20.027,267.74692
8.983,287.82452
20.374,133.95792
8.596,50.671505
840.443,188.65874
70.95,300.56155
19.726,383.25082
0.283,225.91667
8.84,42.194725
261.214,155.32553
5.81,50.856327
11.433,154.72191
59.733,730.768
19.804,137.55875
3320.733,322.44794
99.317,655.23303
261.0,353.41803
330.336,207.84259
8.286,7.687562
90.66,200.71063
9.953,93.24614
540.947,83.77584
20.263,452.50806
10.214,670.58044
239.457,46.85528
419.774,137.8836
19.667,225.63206
30.406999999999996,205.81802
3587.99,1780.6786
40.617,133.7803
300.617,171.08366
41.267,435.4526
69.263,199.12654
1269.893,520.07935
5041.58,274.44342
255.013,167.293
78.357,78.031
123.756,127.2492
9.1,34.743317
720.26,913.3778
40.357,110.08513
20.1,178.41975
700.247,43.55395
1249.88,355.04416
0.9100000000000001,96.669495
199.96,0.92752796
160.82,286.70245
179.537,112.37316
60.957,48.328247
1.253,52.84584
30.403,114.54584
18.873,50.093697
0.17,58.86408
19.987,287.14737
100.6,123.26185
20.464,76.1923
119.927,171.73341
530.673,646.4778
10.45,377.31747
59.656000000000006,219.14687
9.397,123.55973
210.8,259.63483
599.297,316.1892
21.577,50.2564
49.75,171.79439
0.0,183.967
190.983,150.75883
960.607,294.21597
15.247,39.006325
1210.597,173.62057
229.27,66.4737
19.896,81.623535
0.53,287.26132
51.99700000000001,292.17322
8.693,66.05889
574.697,435.70645
19.497,316.11136
31.99,127.602295
19.537,266.45648
210.78,14.613012
19.913,810.8361
0.157,227.875
40.707,31.808607
58.78,1264.6571
6.977000000000001,407.8331
9.966,90.971504
49.86999999999999,71.41689
20.02,189.71597
20.05,49.977444
19.993,36.226707
60.056000000000004,182.81868
0.174,107.79597
99.937,213.97461
130.333,126.22942
34.12,171.7915
0.08,84.087456
70.773,103.54055
620.217,54.252396
212.617,510.13754
10.043,54.009445
71.94,247.35358
10.15,86.58216
20.276,461.32382
11.657000000000002,73.183655
19.403,152.59373
31.233,124.49798
0.127,93.97815
791.287,276.04413
40.353,764.63226
0.687,333.6466
49.68699999999999,117.57935
59.779999999999994,5.3275805
0.377,176.6594
21.347,62.82169
9.45,605.20654
0.983,437.03384
0.0,346.60043
627.643,355.36508
204.617,73.802185
20.703,285.4077
750.306,900.9786
6144.166,520.91266
428.96,759.2422
189.86,193.26611
9.173,5.4745946
30.11,175.9919
120.06299999999999,50.476295
49.959999999999994,121.50033
19.886,5.4415817
0.25,73.79392
20.677,32.664818
470.87699999999995,939.0515
0.344,119.43637
2609.74,386.04428
20.043,263.53696
87.1,194.32321
1.173,74.11899
29.965999999999998,179.41975
29.586999999999996,156.32753
9.21,97.04273
324.53,633.7036
150.65,121.881744
0.03,102.90103
340.51,197.45464
9.563,124.898796
0.327,695.92267
19.73,67.60979
20.033,46.182575
28.857,187.10793
200.26,4.9997935
0.14,105.44939
2308.243,195.1984
50.370000000000005,186.41467
10.007,105.08702
40.403,248.32661
58.887,188.99599
139.523,321.89838
431.737,855.82336
1.313,90.72327
10.066,173.597
199.876,205.5679
2146.47,2214.0383
0.107,61.712624
1.25,169.22647
30.263,156.62599
19.027,198.28299
48.986,331.75568
8.023,113.293236
741.376,684.37054
19.87,513.3298
60.17,339.92487
9.574,168.31416
20.367,97.98001
228.767,178.85095
240.32299999999998,744.9456
2009.857,365.66718
38.876,247.2042
1.65,101.24074
79.593,128.46211
70.137,179.63762
20.43,885.40875
10.977,7.687562
10.023,104.12133
10.32,104.34115
0.077,7.1829324
19.75,55.637268
20.677,109.61672
5768.633,358.69174
1084.16,3567.7031
0.14,90.24526
49.897,261.16116
0.593,135.87674
279.804,215.54251
60.64600000000001,692.29083
10.073,32.584873
11.01,27.80145
0.11,419.7737
9.87,66.44322
39.714,94.43479
11.34,142.87047
0.12400000000000001,256.3698
80.25,98.76982
149.403,115.70445
9.32,208.40622
158.92,358.39105
57.207,419.6242
278.744,213.00716
19.274,119.38333
49.286,183.8103
30.312999999999995,319.13858
119.38999999999999,23.997156
19.48,314.88373
1.254,390.5941
28.83,635.2469
20.254,180.10115
20.05,162.7026
10.804,236.57137
2774.25,856.2311
220.497,498.50046
39.247,345.30597
20.49,542.01227
18.68,30.981522
41.197,181.54283
320.607,180.98524
0.9859999999999999,16.7457
10.983,229.17247
710.71,181.04724
18.95,244.50546
18.97,17.272738
19.467,150.03543
19.213,32.883102
20.277,84.27633
17.077,31.695026
20.13,0.21785115
9.663,134.0471
10.992999999999999,155.1271
240.064,295.3118
40.253,222.32204
29.86,619.4688
21.383,338.97794
230.13700000000003,1121.8177
9.257,16.25762
9.9,138.89104
155.89,792.01086
69.504,171.24507
89.78999999999999,434.04977
165.11,601.8279
11.33,322.23795
0.373,64.90304
3499.977,1389.0436
20.073,133.97754
10.687,670.58044
940.0770000000001,201.5211
0.296,85.02844
11.607,575.7742
9.333,41.843624
48.816,159.20808
0.187,75.18847
460.02399999999994,83.53164
38.53,159.95055
0.127,26.386517
110.297,53.643
2948.95,481.311
20.293,198.07657
8.87,288.62088
80.71,330.41333
479.833,497.99484
0.14,37.51519
0.7329999999999999,184.65358
152.257,235.5321
10.253,204.31679
129.85,213.57217
769.967,521.4912
230.26699999999997,269.7775
49.587,163.71774
110.637,405.18613
56.63600000000001,124.20232
819.833,120.598206
509.653,220.16235
1301.67,317.62637
0.09299999999999999,438.3334
9.52,146.43842
38.317,334.74017
19.76,65.559944
409.583,194.84691
0.55,205.16791
140.04,179.45003
9.186,107.25382
19.937,9.308503
8140.19,55.659534
2289.41,325.52155
21.053,97.53026
52.736,103.93724
1.08,151.8013
0.36,46.680614
11.077,43.954994
20.296,276.0115
340.327,107.99839
2329.77,1381.0618
19.946,101.73543
261.24,198.99095
20.093,182.36647
0.42399999999999993,38.060024
69.946,125.21563
6.237,314.6917
1349.173,308.49692
569.926,164.31798
9.007,171.1208
20.527,29.594902
8.433,476.4896
69.747,45.92515
0.39,28.032734
19.96,186.05519
28.707,7.2730656
89.266,217.85869
10.037,89.37138
160.034,35.16912
18.63,67.70269
18.037,156.95471
29.197,222.84996
40.8,65.02418
1010.7070000000001,138.58925
19.397,367.68268
9.547,67.60979
277.897,843.1701
10.133,195.48265
8.75,86.76672
30.17,217.51389
20.02,84.309105
20.283,117.70603
0.7829999999999999,443.4655
48.84000000000001,161.95605
9.013,92.0527
9.583,89.90152
179.503,475.9155
19.707,73.26561
2861.667,187.69926
0.72,176.16187
50.45,140.95416
80.207,129.47772
6.049999999999999,112.15348
0.126,73.51298
321.44,168.21146
1902.1,742.8915
60.83,242.02847
20.17,420.28583
9.76,66.62713
19.233,238.10553
8.41,235.10022
120.843,172.03143
0.4030000000000001,66.8178
57.1,250.8348
419.36699999999996,1001.4163
24.627,55.798367
9.483,199.98077
449.743,1804.5156
8.8,317.22583
130.204,94.14872
0.156,6.4210553
39.01,252.7485
4.037,111.81423
89.697,225.75104
1119.887,2489.2825
2.37,65.10783
10.73,105.16773
69.556,30.382315
9.196,78.41481
20.167,348.8475
38.314,180.48416
29.676000000000002,340.47244
60.046,356.04587
99.83,200.45874
6284.987,330.18878
19.804,147.92685
19.9,78.130455
220.12699999999998,774.02094
39.04,130.00725
299.95,223.28682
9.884,100.01283
9.63,67.41394
11.03,63.55411
0.7670000000000001,213.72377
40.91,56.723248
20.294,34.4572
249.707,184.32005
0.344,179.58237
80.013,588.4636
19.063,96.725624
1390.01,136.72232
160.327,1171.6913
21.737,135.95924
19.88,264.1722
10.276,208.72113
0.966,171.2511
0.049999999999999996,122.79025
89.604,132.39418
40.066,617.9599
810.993,215.02242
631.746,1022.6063
0.03,35.154392
20.807,240.9601
41.387,138.33202
30.034,83.406746
79.95,299.69424
2797.51,3268.0027
18.494,92.76137
18.957,140.72546
0.076,226.01659
180.88700000000003,198.17786
369.557,324.70767
18.34,146.60101
18.943,94.274956
46.156000000000006,134.03346
0.11,51.697037
11.367,78.434746
250.26599999999996,370.22763
20.71,165.52753
2.35,319.5792
149.054,736.78424
318.97,348.41794
1061.17,0.038097024
9.343,204.72316
20.037,117.06345
0.833,264.55508
17.503,123.33226
236.924,849.03406
90.497,254.86472
29.813999999999997,538.3276
19.97,174.66579
0.903,28.542248
12.017,9.938533
49.98599999999999,335.88577
30.623,52.37662
70.733,28.038519
40.306,387.8191
19.943,38.449226
7.340000000000001,62.692448
27.793,185.97745
659.16,200.31047
200.11,615.2487
40.194,220.49165
20.277,149.83786
192.78299999999996,116.26409
9.79,1682.3947
679.733,548.33325
0.42399999999999993,107.750015
40.306,50.074043
19.777,177.82817
4029.62,698.56775
9.813,115.66236
121.26,127.9903
279.87,142.14516
669.187,380.67578
18.984,143.13918
90.15,117.857086
19.943,141.6892
2.673,124.889114
30.513,74.343254
19.59,252.22127
210.46999999999997,167.21942
191.20400000000004,1549.9436
50.503,633.5472
110.366,208.96347
0.08,73.77885
195.78300000000002,168.61078
39.577,969.2974
0.863,175.31992
9.387,184.6321
0.016,93.48952
0.203,173.86148
11.577000000000002,40.783115
19.647,214.01717
98.647,255.08073
1170.64,96.00739
299.723,235.56606
440.824,176.00687
20.256,67.19144
10.464,7.5607953
15761.17,16676.773
19.847,256.52856
0.55,108.351654
4499.827,817.97217
19.827,59.2241
1.86,200.80908
200.39,301.1714
0.237,256.0536
29.717,350.07068
39.93,381.0972
19.303,245.44536
18.944,16.07545
80.317,231.5625
49.38999999999999,340.81064
0.094,105.54846
450.116,396.17538
60.167,632.58203
289.216,157.40147
19.64,61.991714
44.29999999999999,1243.0914
19.804,94.8177
279.026,477.73788
9.583,37.255016
32.194,143.61235
0.033,127.326904
20.29,207.69467
88.29700000000001,84.478806
19.086,31.837662
0.17,130.73558
20.817,291.37738
20.353,3.7185993
10.13,95.410355
11.05,54.168797
11.433,393.90622
130.823,600.3328
10.09,157.35046
0.14,62.436268
90.42699999999999,222.8335
2159.86,1916.4938
19.963,116.315575
940.274,493.8093
665.496,224.84703
20.014,7.1630497
0.03,375.7217
190.33,196.50581
319.41,474.95706
3769.767,681.68146
1.03,67.403435
39.86,354.5774
350.853,1180.8219
8.32,24.820358
900.034,333.25705
110.757,394.09787
19.223,189.77573
270.507,220.99475
19.03,52.03237
1.33,10.128992
21.107,224.01018
18.927,158.6446
19.877,184.81323
205.75,0.8845952
897.87,340.91373
20.08,171.34409
50.183,275.5833
71.177,12.489719
39.79,253.86655
60.287,45.990955
0.907,5.5587497
20.48,449.90167
289.9,169.14925
60.093,262.8182
1.203,26.970896
40.047,287.13107
798.66,380.19623
0.237,144.54822
389.87,299.0453
39.76,141.53177
218.643,229.2938
9.764,75.764206
1490.057,377.10895
233.687,814.5618
18.326,105.155685
130.404,280.36392
0.326,60.75246
9.293,34.80404
18.947,58.308292
0.157,73.08891
19.894,325.647
229.23,193.0576
39.76,653.5114
150.12,317.30948
1219.424,694.4064
30.976999999999997,203.60129
100.19,249.42818
49.04999999999999,251.90141
29.817,285.3248
10.11,68.2666
64.706,244.91492
220.00300000000001,231.22028
0.89,29.525806
19.4,150.5085
578.31,1451.2749
268.934,867.09705
130.347,46.436474
20.47,196.20099
9.606,75.571785
10.627,13.804863
0.077,29.525806
20.643,304.36166
8.01,92.23493
20.15,76.27148
40.013,381.01215
229.82999999999998,264.70584
9.944,100.84657
120.3,291.5838
10.707,116.316
41.437,902.9781
259.59,255.75279
190.143,276.44034
18.293,109.18884
10.25,28.036661
0.7829999999999999,272.81265
119.553,275.8447
120.92,207.08966
110.473,293.316
0.047,351.0249
8.75,6.394415
2059.167,459.01782
51.23,287.9483
1149.07,635.8683
30.48,216.75555
0.474,10.090617
0.097,379.52594
59.974,369.59485
279.294,237.69345
20.223,175.234
150.83,289.02316
19.12,136.10913
10.747,276.1403
31.927,159.07288
99.583,256.73383
3130.2899999999995,747.0322
121.06599999999999,282.9037
8.053,52.604362
59.53,55.543716
60.003,64.00654
89.50600000000001,367.07855
50.4,125.12296
39.846,431.1643
20.7,45.93852
9.157,193.46585
250.383,236.94466
21.107,405.12793
1065.493,223.44228
20.533,142.61713
110.21999999999998,320.00555
9.946,214.54811
12.78,849.03406
0.9369999999999999,46.040726
19.017,465.2159
190.104,568.16956
19.324,34.956184
549.833,193.20967
17.113,7.1829324
0.047,91.430336
30.576,302.39548
10.397,23.050434
28.61,5.181305
5.784,125.794395
0.09299999999999999,7.3541327
31.836999999999996,284.07327
58.994,94.02685
230.186,487.58762
20.874,54.49339
9.457,87.28151
10.52,83.3719
0.063,184.52464
50.0,229.30112
29.977,35.80487
5.936,112.93815
8.567,13.962788
58.809999999999995,103.9953
39.203,342.6285
1.5340000000000003,36.106003
20.69,78.887955
9.21,74.34857
0.174,32.743546
0.047,29.771212
89.487,192.8843
139.73,76.6941
11.932999999999998,167.11998
289.343,740.97876
31.316000000000003,168.16426
128.767,115.5822
40.147,49.78445
8.807,48.067364
20.88,168.05283
91.87999999999998,0.3830789
119.86,954.46796
20.403,176.14357
19.193,384.57962
1832.627,318.74466
39.893,54.493404
109.504,3.4687803
0.6,72.67166
59.79299999999999,184.9516
418.83,657.55176
1589.737,257.43555
0.22,264.09622
32.45,177.15846
0.03,343.86603
9.33,210.13348
20.307,28.526915
168.57,101.560486
210.317,562.46466
10.23,286.12424
170.6,136.28624
61.223,247.2232
1758.98,147.11684
49.797,144.97716
301.17,1561.1211
769.213,515.3601
40.21,168.30283
20.064,317.7681
0.123,1760.7466
0.563,47.15579
9.967,65.58155
19.997,35.90525
8.617,125.39116
150.17,672.97675
93.08,118.18432
280.556,1422.7329
29.956999999999997,391.84534
83.827,114.67993
0.547,109.36497
8.333,178.07462
30.913,267.25186
10.78,114.874596
27.66,85.74625
19.923,197.83214
0.516,9.641192
302.27,336.55078
20.34,480.51993
462.637,101.40226
399.80000000000007,311.3965
49.077,292.74115
0.53,7.1432223
11.17,185.01923
178.41599999999997,6.094307
12.442999999999998,285.25385
20.233,59.442474
20.26,323.01877
18.774,65.63607
77.79,65.52275
109.94,1011.5621
50.03,328.435
0.187,46.680614
90.213,166.74489
8.977,147.31133
259.65,159.02512
19.686,34.342354
160.567,1031.5881
780.023,1251.1244
9.544,27.18701
110.313,322.4397
90.2,235.84235
2730.716,990.8025
421.01,232.92587
10.163,178.0668
49.776999999999994,52.41011
10.334,36.24494
839.983,231.90738
0.657,117.69785
0.14,25.912794
10.07,63.88873
48.55,122.63141
120.07300000000001,309.2308
639.66,590.5391
579.33,440.3292
188.73999999999998,237.51604
19.48,285.67056
29.723,396.09244
0.127,58.732334
1.0,96.32737
90.543,56.859478
318.616,213.33879
868.987,323.8612
20.707,116.67615
78.886,114.498764
178.98,293.00836
249.38999999999996,285.0418
0.046,287.14737
0.14,615.07196
39.697,6.9027967
19.453,386.8483
342.21,301.8947
0.803,3.6204507
370.34,369.43527
21.103,84.834816
38.847,694.18335
0.267,7.374546
20.507,359.37015
9.2,30.746126
99.993,125.75804
1120.48,857.5059
491.73300000000006,197.92719
19.467,100.42547
38.894,13.4744005
219.953,181.66646
1289.91,876.433
31.05,212.05714
18.344,191.77858
80.35,204.55756
100.787,768.0162
80.71,269.80023
19.497,114.48092
10.91,86.51648
10.29,183.71767
19.203,377.38757
9.033,277.29858
151.01,225.10423
0.063,183.88142
1800.5429999999997,187.19661
129.693,212.58804
1.79,340.9721
13.92,76.85014
200.13,120.921074
18.9,64.663185
3.803,109.83575
10.02,172.81007
10.647,32.60354
19.177,140.29674
461.08,403.94217
21.193,365.63852
32.517,203.84116
1719.7629999999997,543.4708
19.307,264.60098
20.144,74.93207
101.127,85.52156
40.083,156.19893
199.95699999999997,158.94029
0.173,142.39754
70.69,92.55905
240.263,127.20464
28.535999999999998,103.9915
10.824,175.01225
0.406,136.2703
1.193,47.53516
8.343,27.940456
10.034,141.75858
230.23,113.97056
46.92,72.340706
371.517,158.79648
49.963,153.19038
11.023,32.54411
289.537,182.06146
0.42399999999999993,236.94649
340.02,45.629265
40.46,176.43315
39.967,313.97552
10.24,0.057023015
93.923,179.93134
8.593,151.66342
159.093,249.39458
210.114,481.08014
260.25,254.38962
19.497,567.4349
450.936,187.34666
149.177,181.86858
3.24,9.641192
506.27700000000004,202.96254
8.94,179.92653
0.127,49.42935
0.19,184.97621
19.41,264.22372
9.454,179.58237
21.514,128.71739
19.937,80.75698
19.984,354.8668
159.687,304.57867
80.104,484.87143
9.687,48.973255
10.094,195.38469
10.41,67.60979
0.487,125.916725
20.46,316.23444
49.787000000000006,302.68192
460.44399999999996,297.85962
99.74400000000001,450.51807
20.343,761.4596
19.067,168.05283
22.413,176.9708
19.06,276.88303
609.58,153.36491
33.217,54.941185
11.156000000000002,56.232002
651.22,196.31221
2864.563,606.63605
9.753,65.10767
92.47,128.57144
39.31,82.36629
0.923,148.43884
139.647,164.39357
20.97,279.883
10.54,180.00911
40.256,242.15732
130.96,150.739
1729.6329999999998,396.68878
999.27,906.81665
9.994,137.88293
20.213,187.24623
9.017,106.84172
10.243,72.31526
870.457,1647.0779
13.287,190.62599
380.02,291.73123
17.883,49.929028
1190.22,94.41232
9.57,42.32486
9.01,302.813
61.64,227.4199
29.734,33.153362
8.576,68.65645
38.773,429.51132
120.05999999999999,155.8538
18.693,142.45325
129.416,338.48322
500.12,284.2414
11.522999999999998,94.274956
9.137,73.97165
19.6,88.64442
10.17,30.746126
22.523,71.83142
347.733,304.03076
121.013,379.61478
0.064,31.713852
0.377,175.10114
8.17,153.41768
19.87,637.3805
160.103,340.17758
10.243,208.95692
29.346999999999998,348.27023
639.373,778.78015
0.284,117.677376
20.386,374.28326
30.543,238.6787
9.71,304.91153
11.587,28.051172
0.7499999999999999,84.38896
19.707,168.66026
28.15,215.8971
0.033,31.425526
10.923,116.87993
100.687,1082.5107
20.267,345.84897
80.977,86.3893
171.997,130.48645
19.857,107.976295
0.174,50.671505
0.034,300.02866
0.174,296.11194
19.857,112.88583
11.836,34.8341
20.533,343.73068
0.483,27.80145
731.9400000000002,647.17365
29.773,279.16217
18.447,65.765114
70.92,239.68016
8.35,253.88641
300.157,170.03188
21.59,60.75246
49.266,232.21704
200.63699999999997,197.50977
229.107,223.74165
0.064,123.2764
40.343,645.7436
490.726,403.23645
57.817,227.1423
20.047,81.84849
440.48999999999995,197.41478
143.643,114.39486
470.254,211.42696
710.84,251.66292
109.473,132.32434
240.507,213.31985
9.256,32.8848
114.924,321.85452
38.367,264.84454
10.66,106.201065
19.71,316.35748
150.287,143.07613
0.507,107.976295
0.313,56.502384
11.667,54.72308
19.947,114.84771
60.17700000000001,153.25665
0.11,72.73548
0.3469999999999999,26.650145
10.11,34.838097
19.167,268.541
37.143,114.73711
1.06,55.102448
11.114,164.08505
19.4,54.643547
249.247,560.1752
60.75,382.9318
93.944,839.58844
300.08,163.96112
59.72599999999999,107.90838
0.906,16.303484
21.274,278.8558
69.503,189.86035
0.9530000000000001,65.07578
59.76,0.112448856
79.673,292.14917
20.063,89.43164
0.36,65.58155
0.19,537.8604
19.373,124.91412
10.194,110.89812
8.136,67.70794
18.13,291.23297
69.984,581.6291
232.62000000000003,176.91304
21.403,314.45193
49.853,65.63607
369.977,305.63412
10.98,37.82826
210.96699999999998,381.8276
719.32,338.5103
20.147,174.87231
70.7,415.99152
10.79,46.084297
0.203,29.523108
17.74,92.09547
10.934,112.4398
330.497,25.923664
9.7,184.56758
50.367,268.9698
172.21,81.655396
0.047,26.342081
5.467,118.320595
0.467,17.151514
51.92,160.55136
20.547,1219.4165
18.95,55.980408
101.473,167.41354
10.24,562.6768
20.473,351.98672
20.02,229.49387
9.473,96.30538
121.53299999999999,360.9905
0.063,316.28238
10.477,71.95933
9.176,175.01225
0.09299999999999999,235.53568
70.957,181.41441
39.103,51.9633
49.94,116.67628
61.547,198.89923
880.507,184.25984
8.59,93.97815
0.983,58.678947
1029.594,628.24664
90.184,405.43555
80.38,114.29224
38.613,176.88412
18.947,65.48068
1.487,7.581774
439.656,408.10696
40.18,139.01852
50.68999999999999,145.46779
221.206,324.43484
0.3,3.6269126
309.193,217.42093
1010.857,193.9857
20.153,158.70673
100.37,308.3315
19.337,305.18256
29.906,320.4672
19.764,175.72925
311.12,122.799904
19.84,1261.1072
1022.06,264.4326
18.98,32.444904
320.056,375.75815
48.744,807.0393
19.18,210.47597
50.66,268.08115
59.057,333.2388
9.626,84.73765
20.027,40.706245
189.1,184.86722
10.09,61.585743
123.22,190.49434
100.507,256.44617
59.142999999999994,284.37314
0.296,62.97143
8.173,97.93044
11.087,286.12424
260.553,240.87962
29.987,192.87273
1877.1599999999999,1110.7266
59.54299999999999,156.62866
0.25,107.33594
39.903,31.40365
9.813,99.33404
0.283,191.98988
0.127,46.23022
59.92,270.5519
20.6,53.309002
20.354,85.76162
18.67,371.08002
160.174,185.10536
10.033,726.3651
0.754,30.284029
19.097,107.426056
0.55,54.247616
21.877,255.28635
0.533,177.91042
1.5929999999999997,7.592286
889.386,119.14295
8.774,90.971504
50.540000000000006,145.81944
21.003,180.6342
30.032999999999998,339.9681
9.86,57.585682
0.593,35.508247
1375.44,321.38522
9.864,113.11007
20.246,359.86868
0.39,83.74103
188.587,104.22313
8.64,7.613353
5480.816,255.0594
1.25,250.89006
196.583,168.98114
322.267,13.076316
79.14,71.204735
2.046,359.81726
0.203,38.78974
9.156,169.73206
79.497,158.4206
20.34,157.83562
0.23300000000000004,46.605637
359.11999999999995,185.8235
151.193,595.9598
30.01,16.550747
9.36,194.43526
621.304,130.1104
59.737,140.53929
20.234,7.3337827
64.667,235.85657
170.644,318.47006
39.97,22.102089
10.037,231.71263
4141.07,1799.4872
29.59,79.03791
20.243,119.4819
40.19,348.75073
7.264,26.744612
8.326,17.055162
20.557,209.99396
0.03,479.4742
9.673,37.620884
20.944,154.88036
0.593,265.91885
10.266,32.57256
86.907,237.39128
89.71,193.34999
10.013,31.966795
9.0,453.3802
111.26300000000002,258.45514
19.294,76.04403
18.767,151.58208
8.024,47.452877
219.88600000000002,186.01744
1849.36,103.213776
19.17,27.521786
8.884,32.386444
0.457,460.11163
119.414,284.21207
6.187,380.09256
40.387,275.5833
18.187,202.21341
329.29,656.6882
20.7,310.84833
9.5,242.15843
8.797,7.708893
109.033,210.33939
10.347,155.07494
10514.89,18038.037
39.87,53.386604
19.327,84.09763
1880.77,481.97446
8.786,29.04827
40.56,64.94802
9.72,157.60786
160.117,163.01949
31.623,123.99412
3750.143,799.72
8.7,116.32437
30.017,171.76123
39.514,252.67287
420.71299999999997,344.34164
80.183,969.5275
289.504,117.408264
179.29300000000003,13.627624
279.927,311.8177
400.337,302.53717
440.11699999999996,679.81445
510.797,1126.0421
0.28,93.24614
159.624,18.554388
80.404,2.6457183
10.406,145.22447
18.85,174.58664
1620.087,194.74812
40.226,116.71743
119.09000000000002,0.9582185
79.633,231.67952
3358.257,717.22046
571.68,243.70538
180.15,168.16078
28.602999999999998,119.15442
60.553,261.29602
250.33,225.52216
239.883,204.73018
0.704,56.803413
59.913,29.498354
10.313,89.94406
1489.883,197.34074
884.4329999999999,290.66165
60.952999999999996,148.64555
119.71999999999998,53.23893
9.053,332.00937
0.687,100.218895
9.513,58.49429
9.01,28.94337
11.13,32.447426
8.186,52.64896
180.477,128.37315
85.693,15.62189
40.443,238.50093
2389.117,534.6743
8.697,232.36171
29.479999999999997,60.51193
20.12,33.493004
10.016,90.11454
40.496,4.9377675
9.823,81.26308
3.58,323.8983
1039.35,892.915
19.457,64.82849
70.16,258.58932
119.803,718.603
0.08,67.730896
20.27,341.03552
40.553,465.5319
10.474,45.71834
9.56,7.6028194
17.97,96.78587
28.977000000000004,304.72272
10.297,140.29674
140.6,122.3122
110.017,427.60452
19.727,211.9236
0.8600000000000001,3.6659265
40.64,164.79128
5869.047,282.77863
20.23,281.1517
29.267,115.0232
200.36300000000003,153.329
9.677,266.6033
18.13,129.84874
699.78,306.28677
49.73,226.13734
215.297,230.81354
290.49,198.91447
441.99,628.5075
19.89,189.7722
119.51,182.6891
470.026,180.91519
20.873,215.34529
299.843,215.62029
22.077,7.2328634
10.943,80.622055
21.257,26.165133
0.3,183.12639
9.833,249.181
180.297,99.78232
10.623,156.9204
19.06,183.52287
443.0400000000001,182.89633
5314.636,644.57556
79.78,252.70297
99.58999999999999,253.05435
9.803,213.17766
0.096,53.56382
19.693,135.42332
19.433,122.37829
68.11,48.99765
609.693,304.99326
58.683,168.18022
1143.897,360.7193
445.96399999999994,980.9449
0.127,169.17038
620.726,943.6294
69.997,283.43243
19.933,232.4231
10.627,9.259065
9.777,16.651608
8.75,66.44322
69.644,347.89938
11.217,169.17038
8.983,156.47824
18.04,94.595535
20.456,13.107846
79.68,227.9924
0.047,177.58627
700.127,379.343
129.973,307.50708
640.536,911.9609
1019.406,367.18567
259.96,70.490074
100.227,60.73823
30.974,319.8447
479.58599999999996,651.151
730.884,269.13745
30.857000000000003,29.498354
0.627,106.89072
1128.843,146.43953
5970.853,7849.1343
53.247,308.81757
10.177,156.91069
40.933,185.42928
29.104,264.80753
0.357,149.57852
20.507,245.54358
1109.63,276.51898
539.46,224.44763
450.063,434.08932
0.127,146.96391
2730.486,1166.984
40.677,78.67884
309.773,192.34189
929.567,267.64157
21.683,181.58723
10.15,193.26988
39.934,0.9243554
0.453,156.34596
41.093,263.71
0.033,61.797367
1449.72,210.81494
260.31,191.76051
60.00699999999999,483.36353
81.097,180.80766
0.09299999999999999,328.74402
0.67,31.60495
39.89,281.01385
11.139999999999999,78.58954
0.69,65.772095
0.017,86.91252
520.267,104.02562
20.586,2.7132874
129.986,1283.7142
9.393,127.15557
220.70300000000003,869.61176
89.957,649.71124
229.226,292.0588
29.817,177.74945
81.167,220.16351
971.977,3494.8281
0.14,122.37842
520.85,240.13808
0.046,7.6982126
20.697,123.55973
122.94,65.76204
189.32699999999997,275.87292
189.887,68.57196
108.883,224.02719
10.523,266.9328
359.713,154.86226
170.1,384.7119
18.95,207.98468
29.044000000000004,390.60037
160.186,287.24823
8.976,152.46556
28.487,204.82425
9.864,143.62953
22.006,91.95305
0.327,226.33046
21.483,238.51993
19.997,114.35374
10.967,482.26608
29.744,386.57184
69.834,13.179221
59.22,168.26526
109.77300000000001,434.72174
9.91,167.38585
189.47,238.1328
9.933,287.37946
39.203,211.64116
20.97,96.36945
91.803,773.6786
19.21,43.95497
0.127,83.820786
0.39,495.6805
548.89,273.14648
160.61,215.09015
19.054,580.71375
14529.727000000003,170.9152
169.99,170.91705
0.0,134.15643
248.697,94.834755
19.53,279.56302
9.404,173.42285
78.367,89.497795
19.83,559.6804
20.176,106.91751
60.867,259.0895
0.08,82.122345
0.9530000000000001,86.52713
630.763,284.29028
10.973,139.09421
1.11,114.172714
0.737,170.37088
39.216,28.976685
0.234,222.00772
0.204,156.3551
150.55,293.7108
19.95,171.26971
10.074,398.54645
119.84399999999998,135.29718
18.964,293.42453
10.976,216.15189
20.197,43.764725
128.524,124.11694
44.656,300.52258
149.537,189.52797
18.88,86.22425
0.7659999999999999,107.59186
0.343,111.583115
69.8,136.59756
110.063,96.32737
20.807,223.67253
10.146,200.11856
9.68,174.15117
325.894,174.4991
29.38,101.37212
200.51999999999998,302.4747
0.11,208.71014
9.367,7.571277
12.177,103.222336
131.424,168.43694
16.72,91.0336
9.56,7.6239085
19.284,171.25117
20.42,158.66194
719.42,1203.8651
0.203,48.87912
9.79,32.339268
18.59,47.690838
9.577,29.358206
11.003,89.17155
58.417,220.15605
7.51,28.657564
10.706,68.781364
10.296,41.47004
20.264,200.77579
14.826999999999998,365.88635
20.966,531.7014
9.697,132.25803
19.983,880.63916
20.077,41.010754
10.77,97.21692
0.7670000000000001,89.80139
29.87,217.66615
10.654,173.44847
0.936,84.73765
0.06,125.330414
41.33,5.6964736
9.903,64.588524
140.597,382.3464
10.204,173.469
20.213,146.17207
0.797,34.008423
2411.62,369.57355
8.92,62.89029
30.7,271.35675
30.213,129.6851
0.017,49.846935
9.84,7.1928906
209.496,271.54907
430.19,252.3425
0.28,239.4017
19.06,130.23535
9.613,155.7056
59.347,471.86038
10.07,201.1252
20.41,84.02876
19.533,47.942974
19.077,325.64716
29.964,573.3152
9.1,78.03552
91.21699999999998,44.72671
9.313,50.12029
11.080000000000002,182.81926
19.993,51.22873
58.556,446.39172
80.623,218.10042
144.953,253.29291
18.11,193.69368
89.197,75.97367
2.023,292.2548
104.9,697.7766
9.06,174.83476
20.086,116.93591
19.6,345.76846
20.394,488.96292
21.9,95.888824
90.28299999999999,210.71912
59.807,345.86206
19.724,65.4906
9.0,110.47745
220.54,271.11362
13.32,77.66258
9.977,120.79537
10.027,297.4728
348.434,295.93652
8.93,105.09207
39.07,503.16122
8.817,202.83328
11.073,258.96155
79.867,1269.3911
0.67,33.493004
7.88,107.79597
0.644,87.28151
3030.743,390.5524
130.147,294.47797
327.627,279.37402
18.827,56.84881
209.76,156.66685
29.319999999999997,369.42392
144.22,108.23414
348.697,55.318165
5592.0,2947.1829
11.589999999999998,214.20448
60.21,30.907368
0.127,260.5054
50.17,531.5855
17.427,70.10593
598.48,591.96204
10.75,106.80147
3.4540000000000006,71.00596
11.56,60.25901
31.056999999999995,134.6155
19.954,92.656586
10.737,41.67818
11.457,305.4807
32.754,208.00514
10.843,105.63698
17.133,136.21588
122.297,535.3352
130.15,129.79138
50.124,170.29878
711.013,163.62833
17.35,27.568216
91.12000000000002,281.4281
19.927,177.58095
20.123,285.73068
19.69,296.0445
149.543,249.7436
100.343,222.85129
1.77,39.91944
10.11,52.79371
10.37,208.90459
229.973,331.54755
0.847,67.41394
10.134,346.41452
20.387,129.86873
8.933,56.06947
70.017,241.15237
1559.793,764.2499
20.397,133.21878
1.21,197.87758
0.047,145.52298
30.444,176.40489
0.09299999999999999,190.35274
91.28,278.7242
0.123,177.18573
940.1000000000001,122.31499
220.364,127.31723
20.213,103.23455
40.167,694.27795
839.854,4226.7803
20.317,45.762333
149.673,123.41674
10.206,142.80325
9.243,173.11594
11.41,88.7878
409.927,669.6065
46.983,117.48434
132.834,250.88956
10.247,76.02491
8.547,62.692448
70.067,71.51086
150.513,250.37404
11.159999999999998,32.774063
10.093,43.783115
19.766,195.38469
140.21,203.34656
380.017,878.77875
99.85,64.209335
418.547,170.45612
1.55,119.49092
0.013000000000000001,189.7722
65.74,334.2217
0.7659999999999999,136.98163
27.2,357.69955
3850.1599999999994,244.56622
9.543,185.04065
199.877,236.49237
9.89,305.55383
6347.46,766.565
130.12,165.17715
12749.133999999998,13306.346
19.314,258.08618
20.906,155.14192
3919.81,234.69221
318.953,225.27992
10.943,151.01942
187.116,308.47186
100.093,213.78839
9.05,199.69437
89.707,264.94513
47.910000000000004,299.32822
8.663,72.248184
99.7,341.6797
149.677,210.27472
8.833,156.3643
19.197,173.94978
169.76,239.12515
0.407,194.43526
0.14,51.387993
200.01599999999996,118.21722
61.01299999999999,211.6277
89.34,93.714806
20.0,93.5071
59.89300000000001,201.49532
119.87,300.80627
19.157,198.83629
750.373,581.021
0.25,131.72865
719.876,339.97458
9.274,153.78752
18.474,311.55792
20.327,313.93106
39.797,60.25901
19.86,26.075542
13.576999999999998,77.24328
3140.69,526.6998
0.203,207.64066
1.987,156.3643
2.51,45.312683
0.03,75.571785
33.317,2300.6045
11797.68,1046.27
10.023,0.111598894
9.013,74.620316
0.123,184.43866
20.137,213.86938
0.7329999999999999,62.436268
66.604,319.69223
69.64,245.79967
59.167,224.0845
25.147,198.60771
20.077,216.9639
0.047,346.60043
0.094,204.653
0.08,32.189198
256.117,127.3013
11.259999999999998,122.1009
18.503,314.88416
9.86,1192.623
30.697000000000003,262.69147
179.83600000000004,743.93317
0.94,208.39836
130.137,306.27124
8.94,29.440668
18.203,50.543964
0.267,90.6386
939.727,323.5339
11.417,137.1043
4.64,285.13083
61.877,186.9058
40.447,46.844624
8.763,123.99412
20.87,57.67263
150.086,561.51306
10.987,109.64029
2249.493,663.793
125.16300000000001,164.80812
8.66,262.8764
9.377,63.614098
400.764,180.12935
9.937,9.825965
21.236,151.75449
710.863,192.63014
740.363,234.96745
0.157,32.774063
0.7499999999999999,147.34816
60.044,682.4091
9.254,112.41689
19.763,146.2349
19.824,344.15692
82.807,179.14038
50.517,324.25302
0.47,13.715945
9.593,23.895359
90.28000000000002,218.86533
28.52,32.326344
4832.03,407.6246
90.033,221.89545
0.31,60.616585
22.27,125.13529
959.783,123.78539
260.797,484.22528
299.58,1261.8451
390.43700000000007,43.485783
2099.427,232.78877
62.02300000000001,977.007
340.904,162.8546
8.476,85.03965
60.293000000000006,311.20798
1119.647,235.43092
389.72400000000005,607.82056
40.267,628.63824
20.223,41.549995
10.607,347.7641
68.68,165.02837
390.443,69.08205
0.63,74.05833
20.37,719.2278
19.71,248.28848
0.844,141.4926
19.463,27.18649
20.336,210.61813
17.927,128.82808
20.023,197.36597
308.226,131.53262
1374.123,186.16884
20.563,1324.0802
0.157,86.69193
78.133,128.90332
1839.996,334.02872
48.956999999999994,150.79791
499.844,876.6929
158.22,0.21604994
18.877,202.66837
60.867,89.72885
50.77,1268.3307
7.7299999999999995,169.26772
38.277,103.428986
624.5,608.7425
0.063,325.09995
210.25399999999996,262.94235
19.023,421.71634
10.767,145.70616
59.153000000000006,167.20633
0.097,191.24237
41.917,264.95468
1660.81,462.24026
230.42,142.3528
30.693000000000005,126.5643
9.827,135.01704
29.853999999999996,35.26225
30.374,57.35221
19.73,210.85645
9.303,972.09247
299.853,13.302708
2.063,129.46082
0.7170000000000001,124.133286
1.657,136.98163
7.96,162.78296
1.157,227.829
2514.41,1431.9712
1.047,66.73298
59.567,130.21765
9.247,155.15456
0.25,136.64186
8.65,163.24303
1.083,199.98077
310.263,440.4679
460.90700000000004,260.33798
460.68299999999994,265.3917
0.267,80.715706
39.216,458.13882
19.017,102.33117
9.816,217.96002
30.89,590.5391
20.254,307.13358
10.954,525.1096
80.367,150.6577
9.473,157.24037
47.196,208.5322
0.343,214.89377
1010.4660000000001,23.523125
149.85,261.74396
20.92,488.96292
119.41000000000001,1110.3875
0.187,7.6982126
0.55,9.391484
22.193,56.011475
39.016,178.1604
728.263,167.07117
34.36,195.076
960.044,1265.4513
0.687,126.22942
17.636,1269.297
10.834,79.04665
0.266,31.695026
19.55,39.430702
358.783,2242.1272
19.99,67.53013
0.9530000000000001,49.555897
459.407,282.1426
0.033,34.920444
9.667,114.46408
19.394,151.8013
10.817,13.658581
1277.557,737.4582
9.803,60.821583
0.283,7.4155354
0.313,175.66568
9.96,3.6659265
200.907,238.97603
89.59700000000001,79.68813
59.93999999999999,243.36917
39.696,217.16579
368.74299999999994,338.01025
119.944,192.45378
71.267,191.32587
10.14,82.49933
60.046,280.27786
20.094,271.7314
69.02,118.32488
50.133,183.6716
29.279999999999998,85.28654
9.163,111.53717
28.909999999999997,338.97794
0.0,67.80617
20.657,104.39528
18.143,292.37302
8.577,31.185637
540.124,252.51215
8499.38,448.84842
420.186,195.38866
40.22,481.59924
13.34,176.16475
10.053,180.1843
782.547,307.72925
0.987,86.14715
10.177,82.756035
9.433,47.088387
10.066,210.26277
1.27,33.324413
9.89,902.8072
0.094,236.43375
18.94,102.92315
550.314,471.60754
11.987,146.43842
10.723,73.9394
413.56999999999994,223.62192
19.346,277.33322
20.303,176.57312
8.31,44.29465
258.71,176.61127
170.027,519.112
229.467,63.975872
459.217,109.77055
30.32,319.97552
32.227,722.7165
79.04,228.01088
1039.394,229.44188
39.673,156.1972
20.107,92.229004
9.747,156.1972
19.983,145.16582
28.96,77.206696
228.6,180.2563
20.5,326.79504
9.993,173.50894
20.743,265.71512
120.136,118.60636
40.253,3.1842327
29.613,16.441853
9.343,39.66333
273.9,517.20654
13402.087,2166.9048
189.457,200.23918
31.097,204.4833
196.10999999999999,161.74635
112.133,80.07627
927.643,837.31287
159.714,712.6619
39.297,198.63681
8.293,111.27789
0.03,100.38507
39.57,3.2727618
309.963,45.501034
0.14,100.38668
9.973,933.0544
19.74,165.8556
8.88,32.124763
50.924,126.985054
560.227,138.57283
40.967,775.6814
60.8,40.226677
39.687,21.899061
58.74,26.597237
39.093,434.71667
49.683,28.327887
79.85,38.589764
0.11,345.0701
280.48,172.22243
500.387,217.95921
0.297,66.15476
11.163,7.708893
35.12,197.44583
980.8729999999999,343.56793
10.903,9.995284
99.97,448.6855
21.05,305.35577
10.09,247.13457
171.133,877.63495
119.967,36.814774
40.17,195.42049
20.91,86.88495
1230.46,235.51176
1.037,264.0455
20.88,115.03962
0.344,41.408817
20.18,42.93888
60.083,159.26697
39.736,141.77612
10.294,653.28784
0.11,90.37613
279.766,186.96722
60.92999999999999,171.77275
9.726,66.539696
250.52,181.48575
0.25,67.80617
11.017,40.62817
218.627,315.20023
0.23300000000000004,89.37138
5310.594,505.4019
9.977,156.6114
80.034,404.21118
469.827,247.86401
0.0,28.689772
1.614,157.24037
12698.66,1265.0255
381.814,242.3034
30.253,410.75253
890.0900000000001,808.6265
0.503,126.9484
0.89,16.303484
0.423,145.01851
8.07,67.730896
8.954,113.72137
604.13,174.81061
29.940000000000005,316.06598
2798.627,2460.977
70.12,72.84353
10.06,51.42724
110.42599999999999,173.09087
279.77,1277.3397
339.7,232.76788
39.843,258.08618
0.924,75.74004
270.253,270.788
20.847,120.87782
349.427,485.15695
109.777,271.32834
20.503,70.18619
133.003,314.3965
389.633,166.17415
49.704,67.14731
9.534,187.90747
9.727,133.98727
0.657,75.74004
48.616,71.831894
0.016,124.133286
30.099999999999998,10.245031
29.953000000000003,231.98175
20.227,929.26306
129.873,186.10889
19.65,68.38463
10.18,194.2503
159.903,138.07474
530.213,608.62476
10.547,208.05371
20.076,60.405624
18.88,265.2365
1009.0970000000001,697.2412
8.98,114.102135
20.64,287.31683
10.19,331.67374
19.377,137.55186
9.317,55.808395
19.05,35.90525
61.186,60.050365
0.407,101.9303
20.27,175.7705
59.886,166.22903
19.13,144.56334
1.03,189.95502
29.987,180.36981
29.157,108.614296
0.377,83.24701
899.55,743.8006
20.29,747.1968
0.687,34.34325
37.733,39.295963
18.927,184.64287
73.38,178.05118
90.13,222.81808
1639.253,377.37845
49.7,223.26242
10.093,159.89796
260.597,278.86325
29.7,147.15305
100.08299999999998,188.04716
461.153,354.15637
8.337,150.03786
3142.01,159.18193
100.033,380.53256
0.59,29.163973
20.297,3.3065846
220.04,141.42592
19.907,185.01306
66.384,293.1683
100.333,232.05748
0.5,218.84998
9.97,200.23459
89.61700000000002,297.50787
31.55,179.67426
50.413,629.8909
19.81,89.65698
311.42,199.06248
10.094,267.25186
19.997,139.17088
21.2,253.05717
70.566,718.18555
158.953,177.19536
29.996999999999996,339.76114
519.813,105.55469
500.007,316.25568
39.874,290.49258
0.17,858.1748
1049.823,379.4689
376.813,217.04875
0.237,28.771574
9.714,83.44863
20.563,591.85614
19.953,230.50136
10.823,27.370066
10.323,32.843708
9.407,54.329556
219.98999999999998,1087.0017
80.393,173.10713
80.657,46.514614
60.553,308.01456
21.217,150.68262
90.08699999999999,217.90753
10.994,125.91169
139.27,41.246292
190.03300000000002,221.0303
20.094,216.58424
20.113,236.1924
0.033,74.221985
20.05,137.9055
12.177,74.55866
170.133,143.94092
149.74,447.7629
239.593,362.17148
20.04,274.05597
10.137,229.53677
0.063,7.1928906
69.816,539.659
1794.003,1447.0844
19.647,44.549473
20.804,69.57127
11.689999999999998,118.092575
289.73,347.70435
278.64,328.65347
182.69000000000003,193.9857
19.717,13.089703
8.827,20.268272
1130.557,231.59436
940.15,1646.0161
31.376,58.06129
8.69,80.482605
70.96,266.24625
238.03000000000003,103.38578
8.786,82.36629
109.91000000000001,237.89943
19.027,122.85141
30.62,0.05644398
761.2370000000001,314.16348
9.633,266.71378
1160.523,914.6176
0.644,682.96375
8.92,319.97552
0.077,138.79381
0.22,81.90827
20.027,276.35248
441.84999999999997,548.3746
30.04,217.31241
0.457,68.47344
20.24,185.08058
9.587,31.420372
20.047,281.32544
0.157,190.31487
210.24,307.87
19.973,255.92859
3222.233,1385.119
0.25,269.16772
9.81,176.16187
328.826,201.35802
18.157,146.84404
9.753,105.815834
950.493,908.7291
110.097,1375.2759
90.693,25.961905
10.083,443.3096
40.133,157.11363
24.77,32.334976
8.273,151.87704
70.54,175.72424
160.027,245.3043
599.183,159.17192
327.52,730.4447
41.02,218.61479
71.066,160.16766
1.7959999999999998,61.929115
60.524,266.55228
21.276,476.4896
89.76700000000001,604.23645
10.157,24.19336
0.817,685.2668
119.603,294.16064
0.23300000000000004,183.90291
40.327,398.67126
360.11,219.98306
37.533,203.84116
8.714,74.55866
19.5,128.8646
50.173,45.935047
31.173000000000002,177.79033
148.983,235.22035
80.863,56.29688
989.937,617.99646
0.217,61.701897
420.00699999999995,334.28546
160.597,107.9231
18.983,189.75798
10.83,87.3561
0.5,101.67366
36.247,340.9721
100.333,105.29211
0.013000000000000001,74.05833
10.04,51.493813
0.954,174.7667
19.25,1439.5288
89.78999999999999,2.655265
59.99,160.791
669.91,501.73666
18.876,149.38313
0.033,244.24702
0.41,28.372364
1499.49,327.261
0.14,102.419846
119.173,304.76038
10.163,216.4025
360.03,748.9413
0.61,150.33578
189.89,297.53934
19.213,617.46686
70.577,255.0592
1.093,32.231476
19.964,68.65645
991.5130000000001,1191.103
13.1,459.76218
19.913,161.03308
410.05,277.23828
40.297,6.2715654
60.393,239.8684
23.224,184.24486
4.467,194.23642
20.777,261.9884
28.307,254.91603
0.3469999999999999,95.94262
10.06,321.51733
18.693,57.672604
9.417,110.20588
29.943,131.79153
10.93,105.51504
50.129999999999995,50.585373
98.623,297.1146
19.753,250.37404
449.864,2636.9375
0.153,73.681915
18.157,144.20222
9.284,173.63641
8.51,44.196056
20.09,903.84894
50.03,630.51953
39.57,367.13583
79.68,217.90451
70.357,396.50937
9.573,111.867325
30.326999999999998,76.011665
139.153,339.6578
19.687,361.77853
0.25,115.63713
39.784,145.11862
141.04,65.716194
189.67,196.05899
19.943,90.6386
390.42,33.967033
9.864,52.922764
19.147,366.98636
323.17,240.10649
1789.87,98.17084
59.997,274.0197
2670.377,446.9842
59.85999999999999,237.25507
10.3,60.37187
11.276000000000002,113.01445
9.754,95.37957
18.627,105.701515
20.49,45.46449
40.31,131.26712
11.01,59.243164
20.377,408.7387
69.746,133.86687
119.88299999999998,139.06334
9.957,58.49429
350.493,362.30206
10.127,53.618893
19.363,173.74548
111.477,327.54153
180.28,224.18349
0.703,55.28814
89.08,156.7414
9.0,96.725624
129.06,172.95198
19.156,7.592286
0.23300000000000004,27.665483
0.39,159.74228
9.893,363.5946
120.454,187.58896
1.4999999999999998,48.18122
10.657,48.428318
120.467,5.6836467
0.11,254.97032
40.114,51.29627
1.076,7.1630497
470.567,486.7856
2.003,98.1946
3420.06,945.2292
10.084,78.15341
238.96400000000003,176.43967
121.36400000000002,114.395355
10.483,93.73354
1113.997,220.47879
170.09,265.1137
155.993,367.69397
39.43,282.37506
106.004,302.67908
19.806,906.8955
200.12,221.99924
7690.023,242.4822
20.313,348.98334
20.99,394.35965
20.857,393.8558
29.82,221.75041
299.796,166.27232
9.43,151.87704
19.833,134.67079
9.24,210.75232
21.17,176.9708
0.314,16.581394
741.04,399.02246
39.737,32.0198
48.75299999999999,316.23444
150.094,427.59073
39.803,144.6811
20.616,248.79063
30.517,286.0107
110.843,236.01367
90.433,105.39534
30.045999999999996,190.20737
137.213,223.04727
40.767,150.73793
57.833000000000006,323.5858
18.466,27.848478
60.357,75.11092
20.494,658.7959
9.493,87.79936
20.06,166.66617
0.72,31.875973
10.207,277.29858
20.183,310.23495
180.607,262.6737
1.336,55.840347
9.047,55.28814
223.607,275.02493
48.31,1217.1119
33.577,515.808
280.69,190.22932
620.847,149.3378
10.576,1019.0373
10.05,314.3319
9.87,196.493
128.307,497.6826
0.64,94.313736
1.7029999999999998,16.581394
0.344,66.62713
100.27,716.2509
0.06,111.17646
39.42,605.8577
0.674,203.0136
1245.39,276.8167
9.997,217.60457
19.957,308.35284
5423.323,283.5507
190.577,353.61432
29.889999999999997,309.83618
20.097,183.44699
11.433,168.19324
10.29,113.737274
170.503,282.6816
29.46,195.23413
811.553,322.54257
235.50699999999998,183.49838
9.597,131.72652
30.16,278.04324
9.693,172.82903
5883.203,682.59283
20.76,173.77339
0.58,156.6114
0.18599999999999997,34.34325
399.06,385.79672
20.816,232.57025
39.09,139.81027
50.204,45.32933
39.07,68.90618
31.542999999999996,60.30831
0.7999999999999999,7.313483
2831.1870000000004,920.03296
1039.407,178.10728
399.8999999999999,183.50203
20.65,59.36457
110.21999999999998,91.75841
100.55,122.364914
1775.257,906.8701
119.906,143.14185
10.853,58.53008
1.803,28.043879
1.177,190.0234
20.82,267.4962
60.234,107.27633
29.953000000000003,126.35083
339.963,272.84302
59.59,245.99384
29.822999999999997,320.8422
9.657,61.425426
2.343,54.78381
19.04,343.73068
19.816,63.544952
0.8929999999999999,188.66135
1.386,497.67514
30.16,121.90713
10.337,171.91534
1639.543,212.39008
59.337,913.97125
70.51,55.517616
0.7499999999999999,80.34872
100.14600000000002,186.00465
0.22,108.248924
0.597,51.712227
2.253,106.55686
9.0,73.77885
21.694,41.99551
1.013,408.25827
18.66,35.627026
20.437,433.1503
21.093,16.001904
330.133,288.67612
32.223,73.15582
39.53,77.31321
0.517,157.36378
20.076,91.50906
219.7,233.27872
16.827,317.1249
47.574,219.6353
450.08700000000005,138.9049
200.54,186.01828
49.534,299.77362
160.88,395.81583
119.54,419.27448
3451.687,816.43335
12.713,174.211
6.037,114.172714
10.69,38.000084
41.283,103.99371
30.989999999999995,163.75882
18.767,151.41461
381.827,349.36844
169.993,287.3326
19.497,5.8375974
20.987,63.72196
9.554,143.12428
279.536,60.68394
20.707,188.66135
0.063,96.725624
20.03,227.875
88.63299999999998,277.9418
41.4,171.08025
79.51,179.78442
10.36,137.70453
24.943,299.66608
2660.887,328.3677
59.196,193.74683
69.887,151.96031
10.393,113.30295
19.67,163.43579
260.417,272.74945
60.90999999999999,190.66608
19.603,123.698944
18.91,230.74107
29.92,234.33835
139.357,725.8736
11.407,32.99366
39.576,58.437828
970.6859999999999,431.37585
10.133,33.324413
18.707,205.93205
17.583,33.187508
569.236,636.77826
190.37300000000002,163.77888
19.613,177.51022
30.093,3.6075652
64.27,811.3585
20.14,30.474195
10.523,141.64159
60.906,277.42017
0.173,25.912794
7.643000000000001,118.32055
190.577,228.22678
80.08,219.12303
119.774,315.3649
270.107,119.1048
30.154,57.51717
59.647,244.47382
100.026,313.97626
30.067,696.5767
590.803,394.50095
28.973,78.601814
40.016,264.1722
310.28,395.64374
1.907,84.73765
141.696,220.88834
20.157,253.75789
19.223,27.671247
0.8600000000000001,226.54884
19.83,149.6814
19.147,149.38313
399.6700000000001,257.66452
19.77,324.50595
10.317,115.66236
19.573,222.95766
72.413,328.66983
51.704,54.56054
0.174,346.41452
6.663000000000001,118.92525
170.077,654.58734
209.23,463.54788
20.6,33.390854
50.2,57.97335
19.61,147.78047
0.44,16.53475
18.836,173.86148
9.66,74.620316
23.220000000000002,865.2256
60.303,31.599615
70.22,244.18468
160.233,317.90952
10.163,16.558064
249.707,59.15562
35.747,324.14124
59.49,167.96957
6616.43,697.37634
79.753,267.33044
1.29,28.526915
9.77,58.72755
390.596,772.4476
129.327,115.096924
20.563,190.25438
110.42700000000002,205.83105
230.834,92.14141
80.217,383.77533
19.573,157.33919
149.34,360.0502
29.54,343.99817
19.5,149.7495
18.91,367.13583
9.157,57.218773
28.493,419.58405
0.187,25.225895
200.79,306.01215
60.99,204.70137
0.33,76.99897
18.95,229.94319
30.433999999999997,215.14638
9.293,69.006714
9.13,34.451916
0.9700000000000001,80.482605
11.11,101.74126
1.033,114.46408
39.91,101.04766
9.394,227.56631
19.913,599.6804
89.04,167.23659
219.793,838.23975
10.846,66.82021
18.957,115.63713
159.583,30.252752
78.596,276.8616
9.956,677.56024
9.92,416.75354
9.45,165.90717
20.033,194.14444
30.86,128.8646
70.41,34.675724
1696.227,528.78766
9.967,423.23474
59.633,1036.0243
20.663,74.08379
19.984,742.9148
69.26,46.01735
59.846,54.78353
18.947,310.74133
7.237,149.25847
9.997,118.62254
3380.737,253.59547
21.033,1227.5138
9.143,140.70995
92.574,257.46536
68.114,227.3644
19.42,985.16187
50.144,297.1146
1427.2700000000002,381.34778
59.779999999999994,237.25362
8.973,127.86905
19.16,354.26346
10.263,186.9866
29.816,50.580215
4.7,204.8466
309.117,282.03806
247.93,242.43501
479.18,267.38974
10.076,902.8072
1707.7600000000002,323.72144
0.0,240.31874
119.92000000000002,2022.1552
19.86,187.24623
8.984,60.508846
9.907,215.88187
40.317,163.8258
210.033,191.05368
10.48,123.359764
1863.42,762.374
39.86,241.97359
50.07599999999999,202.62946
29.607,118.965576
90.55,201.0794
50.120000000000005,341.44632
29.85,165.47208
289.34,102.95456
449.75,233.95897
764.606,359.96713
1079.17,228.82578
20.013,3160.9502
400.364,600.72614
10.263,132.43742
21.106,198.31042
8.87,75.74004
0.314,7.123463
20.203,208.6709
7.1339999999999995,123.7133
0.033,102.27694
70.91,48.81144
59.91,207.78726
149.35,174.23936
9.597,87.5243
80.437,44.13505
9.4,201.79494
289.517,96.91196
8697.19,4327.6787
10.973,83.5859
20.936,200.2345
841.3130000000001,704.9622
39.924,124.48398
3150.93,295.3464
0.64,264.0455
420.10600000000005,347.18085
460.13000000000005,269.436
109.59299999999999,248.8652
1.13,28.032734
9.83,27.123596
0.063,67.64452
17.966,53.854557
699.943,217.4894
109.594,139.77585
41.003,217.07779
9.41,113.56374
0.376,129.67787
29.003,32.988884
429.33700000000005,420.32907
20.144,208.05687
39.487,197.61658
20.23,95.15677
470.9669999999999,673.92505
19.343,156.31831
242.18,23.058426
19.91,277.90375
10.487,102.035675
6.487,17.031153
29.553,798.89044
39.557,245.19008
90.09,252.35692
0.78,132.76784
8.283,94.313736
80.063,135.97702
0.674,757.4091
1127.604,337.26862
62.02300000000001,244.3638
111.754,359.3184
1940.117,1167.0797
239.746,182.04927
410.093,254.15044
0.8770000000000001,148.97116
19.39,205.95059
20.113,174.01952
2120.813,748.13495
30.11,247.81786
0.203,287.14737
29.243,215.55751
48.62,226.96695
18.74,225.33441
10.01,74.343254
96.62999999999998,557.7522
60.98,2036.6891
29.85,99.451126
168.196,389.74863
1.1,94.595535
299.927,441.37396
109.867,150.94264
0.343,135.64398
11.13,54.090034
7.553,633.05536
139.963,501.57602
19.994,258.15546
28.57,273.70367
0.14,197.43158
121.93,377.0113
881.227,242.22597
20.28,54.877724
49.503,140.24545
20.03,3.6724665
0.06,73.77885
49.373,128.59515
1.233,134.78262
9.993,381.41965
9.91,169.61946
10.253,38.293198
2341.497,351.22452
41.203,306.35205
12.517,48.97115
9.633,216.52988
490.82,177.6652
28.21,55.26244
29.923,84.6626
29.38,697.20874
209.753,328.50977
0.957,59.955563
60.12,278.98352
1.147,187.2578
271.063,49.529087
19.804,32.579468
240.006,330.78165
138.183,632.1448
21.12,58.678947
0.25,93.24614
181.36,846.6607
60.283,260.5143
0.034,6.306426
18.843,46.42599
909.73,1444.1
19.79,51.39813
0.533,36.89372
11.03,131.72652
58.267,249.70627
960.556,265.61716
619.5,73.33149
490.193,168.77585
239.85300000000004,288.3229
20.74,264.0455
9.614,184.52464
9.917,47.34061
90.043,172.2774
49.773,235.17976
40.017,264.4836
19.87,5.539363
10.416,151.69917
11.326999999999998,116.32437
129.886,181.38708
37.33,80.46136
170.1,609.39996
90.357,262.29507
261.22,620.80994
18.49,267.77707
10.34,481.10834
10.61,27.940456
80.337,295.3146
79.727,115.64328
1249.573,186.76247
29.25,117.00556
0.09299999999999999,394.09787
0.814,16.418709
19.52,406.88736
20.593,162.24062
59.209999999999994,176.5909
20.473,143.94966
8.617,52.614887
20.91,273.18954
1763.563,124.49254
10.75,132.68878
11.264,195.10258
39.05,1443.1158
20.667,284.45618
39.477,266.9328
8.814,308.5851
40.374,206.61635
69.036,562.88214
48.813,53.682747
71.04,537.8596
60.616,71.75267
19.94,112.987465
40.13,387.8257
0.047,37.520393
351.12,649.0176
29.017000000000003,66.09509
120.84700000000001,174.17111
0.126,75.10564
8.903,5.4580607
0.234,5.4073715
8.677,203.97394
20.08,47.088387
49.04999999999999,1073.5814
8.387,177.64516
20.223,651.0574
0.797,208.95692
10.907,26.98513
38.103,85.81551
9.403,78.63508
20.074,588.17676
20.116,284.58386
48.947,184.71179
19.766,73.9394
9.17,110.032776
390.373,1887.7345
30.77,421.0958
41.987,215.8074
9.654,35.508247
19.176,39.21481
19.283,73.77627
0.327,75.571785
70.57,264.9259
11.137,74.34857
19.197,270.24408
80.06,83.124535
0.076,147.31183
50.233,722.18964
0.046,682.96375
69.686,31.734636
9.627,31.875973
0.7829999999999999,48.86081
0.11,53.529175
170.893,149.26852
0.09299999999999999,9.806833
19.467,60.616585
10.563,713.0154
0.19,27.576178
409.55,168.57858
20.05,69.5526
19.92,217.94
681.133,838.161
7.486999999999999,60.13212
110.007,214.44438
569.633,235.7617
60.05,303.84393
100.114,165.53963
1642.6799999999998,207.06557
80.93,160.87837
30.043,374.59244
1344.483,251.41321
9.37,301.59415
150.04,556.34607
0.17,38.352795
0.597,238.33218
869.71,64.87193
0.483,161.12292
20.247,207.00928
19.394,65.07578
0.25,47.9747
20.817,121.5569
30.303,136.3015
9.033,77.51294
1.257,104.18259
419.957,246.55408
118.963,484.0433
0.423,7.293253
2.11,69.77989
0.014,322.11105
389.92699999999996,45.885704
309.993,756.8935
1261.82,171.29813
9.664,113.6287
9.94,61.22419
280.42,613.5173
19.01,156.84451
260.39,168.69006
5.363,66.24085
10.67,269.5558
230.173,654.86395
70.077,132.41075
50.314,125.819046
1139.013,102.14646
69.737,354.30533
58.88,167.90242
10.04,537.8604
210.05,33.65934
397.453,457.70456
150.287,216.08633
156.686,0.26098746
459.05300000000005,302.41208
30.087,183.05276
29.85,791.53394
692.543,301.50235
180.06300000000002,254.62889
9.277,58.235203
9.09,61.752125
310.356,260.48242
50.07300000000001,164.90929
3172.3530000000005,4132.978
619.706,433.5409
19.81,275.14062
20.88,220.65599
790.2530000000002,774.53296
30.576999999999998,30.31296
342.36,341.6477
0.157,16.581394
0.156,481.6889
19.093,205.71225
20.663,25.781841
180.34,103.01716
790.653,205.36143
1.077,53.854557
300.156,182.14197
149.937,252.58424
269.42,64.6372
2279.226,287.11502
21.047,99.15012
769.527,223.10562
3692.41,513.4021
69.297,210.96246
520.673,449.52466
0.28,62.698025
141.557,193.79654
140.343,150.97049
2.593,7.405261
19.513,40.938084
190.367,146.49773
12.254000000000001,5.5007634
19.276,231.74669
80.517,152.05074
39.74,141.0327
29.92,241.80391
10.046,89.5935
19.5,164.59496
2.724,182.94942
40.537,105.80787
18.934,75.18847
130.987,273.31754
21.837,110.04989
10.237,286.91974
710.217,192.96939
10.61,74.46636
130.687,116.23456
209.613,61.593567
20.354,154.68207
11.83,9.391484
7.800000000000001,37.82826
19.61,59.384987
120.813,152.83582
17.997,13.294202
180.056,97.45437
0.7999999999999999,92.60022
20.08,242.16096
20.133,189.6731
0.36,117.12038
100.39,107.84048
20.67,79.53428
210.47699999999998,146.33836
9.92,73.96472
340.133,90.22366
1469.287,77.885826
19.787,3.2839944
230.043,295.2002
0.5,178.85536
0.313,179.6993
51.444,763.207
60.42,146.05626
49.407,199.60773
8.283,83.87398
50.66,292.31003
20.22,59.762173
0.313,7.3541403
39.98,299.06665
910.303,309.8189
49.537000000000006,143.9394
18.663,215.80228
3660.744,155.36967
59.64300000000001,223.82915
19.697,110.0022
2699.247,637.74554
10.327,35.389915
0.173,78.434746
139.93,143.21915
229.52,203.64127
9.993,208.59853
8870.124,1768.9667
0.14,48.36144
0.23300000000000004,107.618675
0.267,46.800858
9.137,28.131132
9.993,211.79935
690.67,237.65211
17.99,61.51851
679.823,137.82579
88.847,260.08377
1205.447,465.4414
621.29,618.5175
60.927,287.8556
29.887,222.25908
18.1,113.59205
480.114,349.55713
9.366,181.52266
0.326,45.990955
229.963,423.50455
119.783,217.53326
10.433,78.11126
18.623,147.56508
279.083,731.3719
10.093,229.17247
19.443,192.65915
59.03999999999999,117.84145
1.127,83.612305
138.463,56.804367
29.203,193.30637
0.013000000000000001,157.53854
169.974,106.998474
328.904,246.0797
19.997,4457.1035
21.81,348.03473
170.06,399.44073
39.963,350.78992
160.033,213.30013
10.6,183.07979
19.704,867.3145
20.226,82.560585
9.97,143.10428
10.077,36.278786
19.653,144.38673
18.187,76.04211
30.220000000000002,228.9674
19.817,256.93536
18.853,29.498354
19.277,256.48907
20.183,208.24435
476.144,875.05634
2040.493,436.60355
159.657,208.5317
39.506,0.9142061
99.614,339.87936
9.733,28.615705
0.174,114.756226
0.19,175.31151
119.376,956.19476
7.843,82.756035
29.83,45.520164
51.440000000000005,776.9089
19.097,324.97296
10.297,64.99248
30.384,83.62569
40.807,105.270424
399.686,751.11707
19.4,284.3329
9.94,74.620316
9.897,50.491013
8.893,39.224117
0.017,184.03131
11.257,9.938533
49.866,181.80547
19.817,121.836365
18.99,6.3414783
19.817,287.14737
129.567,725.99243
109.75700000000002,41.602303
9.99,7.613353
19.76,104.01093
1089.29,347.2048
169.544,192.99834
450.123,301.69705
260.677,156.7303
69.557,62.157074
479.48,110.068565
13.907000000000002,197.45717
0.263,229.29733
0.867,60.87473
2.61,281.81833
0.016,63.931107
0.983,192.75006
21.42,72.94653
20.14,33.886787
20.694,116.990326
9021.043,3318.1453
19.47,170.20003
9.37,237.77771
19.98,77.51781
150.793,26.504793
2743.313,158.13103
90.31,293.59305
0.7329999999999999,107.79597
10.333,184.52464
10.0,32.34596
0.594,55.798367
20.266,115.90769
0.313,63.487488
10.053,86.082214
12.166999999999998,16.098108
10.103,326.585
9.84,300.09387
20.154,75.35323
19.053,101.99685
22.504,126.38725
29.874,197.35417
0.0,768.65063
239.913,138.79799
0.094,297.96036
10.31,67.80617
8.633,198.87029
361.28,413.39816
381.4169999999999,589.7119
9.67,398.49042
265.453,103.01913
19.323,127.96997
40.554,503.42606
40.197,64.80411
20.49,236.1447
21.22,129.29735
18.747,183.92366
0.487,762.54486
79.817,293.837
29.674,362.91998
60.226000000000006,354.34097
59.696,67.186386
10.03,135.69984
179.68,222.3314
20.004,95.31538
39.95,180.09035
19.78,225.87337
319.78,277.83636
8.77,28.131132
0.674,199.65959
24.93,63.195038
9.837,184.78261
20.336,48.067406
10.22,27.214487
16.156,195.91933
39.227,460.6907
20.26,155.15218
20.27,31.151646
31.943,301.51135
119.81,347.7804
89.30300000000001,168.49304
131.22,637.2418
10.94,5.5007634
19.993,204.95166
29.777,72.97536
311.8,63.741684
31.292999999999996,353.1478
9.766,157.30637
10.05,349.04382
1891.736,2.2438898
20.15,549.5521
418.186,700.818
19.764,33.493004
30.303,49.925297
18.783,62.563168
161.073,304.29147
10.007,3.2615583
18.773,97.53026
10.33,119.53691
72.2,222.00772
409.197,452.90192
37.4,410.88757
150.424,603.81134
51.254,71.1098
374.823,403.96964
49.64000000000001,234.85112
40.224,355.02902
45.957,176.83617
19.77,361.2475
10.8,162.21356
81.12,117.137634
20.32,35.478317
39.98,65.69582
538.9,457.21365
4.237,144.38673
18.996,208.25136
312.71,305.04977
39.226,118.07797
40.133,1471.0994
39.904,150.68262
229.80299999999997,0.36843508
3.233,110.95681
0.483,192.38654
426.8,806.0327
0.03,78.434746
79.617,176.9352
9.817,33.376026
80.017,115.86036
0.076,221.21266
19.26,118.789825
150.507,205.62828
28.546,42.23205
70.1,124.923164
79.816,340.8801
9.314,109.68156
260.207,238.14577
60.14,176.30128
39.856,156.09898
0.22,6.2976947
1.157,6.288969
0.017,313.55283
0.094,305.51965
0.56,57.9007
0.046,73.79392
1032.47,561.94946
3272.413,328.09702
50.712999999999994,282.60928
200.17299999999997,273.9499
9661.126,1952.8491
69.033,64.74722
51.25999999999999,52.446266
89.807,261.5905
150.576,407.23578
139.773,125.02893
0.7340000000000001,29.807882
342.573,102.59079
9.984,136.7639
150.86,241.71622
10.163,45.920963
18.914,139.4608
0.063,68.22917
19.757,60.37764
20.613,92.35027
69.283,204.4833
1200.266,743.73645
119.254,185.24913
1318.614,165.95793
79.777,170.0889
20.027,738.668
121.08,88.351265
10.143,43.38047
229.563,160.47626
4009.683,579.26746
68.836,344.53363
40.357,51.847202
181.476,59.47351
210.24,36.21499
20.314,53.45412
113.19299999999998,297.92648
72.953,174.82962
19.96,58.49429
67.863,71.38232
30.097,137.55128
110.26000000000002,216.15105
361.15,210.37488
9.793,212.02148
40.673,223.75885
0.483,93.584854
18.237,189.47552
29.813,362.98355
0.394,106.864075
20.213,370.71744
60.63300000000001,175.94691
19.72,408.7387
9.12,184.22424
0.153,167.88582
30.597,54.942863
0.517,213.12547
105.767,134.45367
190.903,146.22656
6.18,186.90965
9.01,52.79371
10.193,118.538734
11.493,130.09654
248.863,393.8286
904.683,1767.4796
139.733,302.0107
52.4,772.8828
1.047,63.931107
42.407,105.5311
4390.163,91.03247
19.674,79.44162
10.033,114.27979
1090.757,236.27855
19.817,50.074043
10.997,160.08383
19.737,286.63318
49.03699999999999,180.97366
249.094,183.16695
439.567,509.92978
1.094,9.586441
10.38,104.9074
200.28,216.52739
10.847,77.202446
69.744,265.24368
630.167,201.31464
19.07,127.326904
90.464,201.4587
90.8,235.70734
9.067,94.46936
9.04,218.709
0.063,56.88794
20.26,240.16223
26.797,386.6702
9.747,63.088696
0.487,91.298
22.519999999999996,55.651855
8.163,16.465021
61.07999999999999,344.0683
28.88,200.9706
60.393,348.15366
1.157,126.56418
8.563,29.441877
0.046,29.525806
0.83,590.1969
19.853,155.88919
19.52,76.06987
80.03,87.764854
50.120000000000005,259.82758
381.18,244.73921
10.183,634.62573
54.724,250.39139
8.633,65.96313
170.076,361.1179
1194.27,2071.0576
19.013,39.224117
8.97,113.0537
279.643,346.91907
20.287,264.5205
265.763,382.6367
31.096,63.36339
21.056,119.4006
140.423,723.0502
30.045999999999996,527.4634
20.55,77.313126
0.263,24.411077
9.1,73.58074
18.903,62.71475
309.71,65.74708
352.073,310.4791
510.507,221.17706
170.62,222.74008
39.24,27.733624
300.79,407.76822
19.237,82.07928
310.053,149.50659
5.7170000000000005,161.41103
100.79,683.91956
29.233,115.84211
19.02,133.53914
29.057000000000002,103.801544
230.18,364.97522
59.19400000000001,180.6906
110.577,788.75226
20.857,64.1696
10.107,243.56908
18.453,55.04242
0.017,55.46246
320.02,233.08978
19.673,190.04495
19.88,13.738129
46.797,600.32007
0.656,175.3496
29.943,208.47984
8.48,98.86348
200.027,138.99448
80.064,172.74818
21.66,129.94174
110.077,535.5512
1.964,32.287678
11.923999999999998,518.197
58.296,42.075916
22.886000000000003,252.84592
30.072999999999997,181.22789
20.133,246.87924
7.615999999999999,5.7969217
8.7,165.09547
349.793,568.31854
18.834,109.8862
9.966,180.03418
419.503,170.41191
248.87,288.4041
0.863,27.18649
0.123,7.5398593
69.98,377.37936
0.063,36.469425
1010.093,337.51736
5731.856,5506.236
7.827,86.51648
18.947,188.49748
19.833,32.798435
37.93,253.74078
10.01,156.8229
16.887,231.14096
80.033,71.58753
0.47,240.89986
290.156,285.58517
1.047,13.409274
9.907,47.802647
59.537,169.47255
20.413,139.1098
10130.013,1034.895
990.1,694.3089
89.86,253.99527
20.3,124.44825
101.09000000000002,289.73386
3984.083,695.9916
29.92,490.07574
260.23,197.39511
8.893,92.229095
20.327,124.084236
171.807,741.8786
712.943,126.358894
51.933,45.573643
931.413,621.2662
19.41,125.58235
286.51,200.01723
47.11,795.8693
19.073,178.73207
12.053,47.81298
10.113,99.56011
9.9,214.84451
407.04299999999995,1661.2345
219.867,961.8316
1579.61,263.86035
19.307,134.67079
0.017,559.6804
188.59000000000003,437.2169
20.296,194.95529
9.906,158.5412
1.22,77.912964
50.02400000000001,0.92102027
17.55,9.408172
9.96,590.6081
19.113,272.93176
0.944,115.56794
330.043,490.67874
10.564,275.4286
0.597,27.971416
3.98,53.063984
500.65000000000003,261.2996
89.993,217.77405
70.114,273.78735
49.99,299.69202
19.544,178.60892
40.317,139.51697
0.14,148.99518
0.127,197.75221
20.014,55.56297
680.993,580.71375
110.473,545.89966
0.076,38.060024
18.377,26.699583
9.986,93.18799
470.13,294.0787
117.96600000000001,154.16393
0.41,190.19463
19.24,201.69484
539.37,272.57367
70.053,55.16042
1119.597,247.40956
20.297,64.263275
536.627,1210.116
51.047,87.350334
0.123,42.535892
32.227,34.743317
19.75,36.396168
89.94299999999998,175.08101
170.08,420.42902
18.237,245.49759
18.054,318.75186
19.42,205.7978
0.9700000000000001,40.042564
160.1,1076.6956
19.233,247.97913
9.623,34.11242
370.20699999999994,70.65612
741.2169999999999,850.03784
750.71,360.07626
1396.727,12481.162
27.063,1005.46606
0.017,260.68405
48.96,469.9468
10.18,287.13107
39.69,171.47762
19.303,320.5366
0.28,1234.8591
9.177,146.5891
209.61,158.0481
59.00399999999999,38.234863
0.39,114.84771
20.28,111.43404
89.853,265.40497
19.73,270.788
18.807,224.62079
2061.373,164.5235
10.753,182.6891
0.563,122.96188
9.43,76.80239
19.31,105.44939
187.52399999999997,373.1923
129.93,67.89317
83.84,307.5302
513.3,168.66339
48.973,1487.7433
4.653,379.56152
39.767,410.28778
49.892999999999994,214.20934
129.91,772.9852
9.28,136.49675
9.76,272.0923
19.223,372.69547
849.4599999999999,81.99739
1479.753,307.16238
1.08,43.003796
10.654,198.07657
9.807,102.90103
8.67,85.028404
7.93,91.0336
0.03,348.8475
170.443,265.76382
59.884,178.9608
20.046,172.19217
248.88,295.6196
640.11,494.01752
0.8770000000000001,26.449818
21.053,77.79024
0.517,56.559017
2020.217,437.42938
8.503,412.10312
20.377,53.95009
10.56,73.27378
21.38,139.64468
90.193,294.46906
49.023,1332.5706
19.147,146.96384
1319.49,1540.7994
59.82399999999999,170.27444
39.113,136.21588
78.554,116.34307
49.456999999999994,222.2867
29.163999999999998,349.39062
360.264,465.364
10.467,281.4133
48.833000000000006,202.72511
50.97,47.030437
639.387,105.21002
9.946,112.71876
8.85,61.0492
20.477,106.8653
0.407,190.35274
8.447,29.771212
109.774,118.79445
1.096,55.930103
21.154,582.20087
10.387,182.91408
332.29,194.80336
49.933,219.78459
10.24,45.767982
270.087,172.00233
8.117,161.06184
349.08,1119.07
520.08,279.2995
19.937,78.41481
10.033,137.06102
20.734,59.423058
18.923,200.2962
78.754,34.411114
9.893,211.60713
39.75,296.0312
240.86000000000004,729.44183
0.89,188.45871
0.123,769.0402
4427.694,381.13123
0.343,7.4981914
589.536,110.71302
9.554,156.88878
50.593,276.82382
10.313,92.287735
199.47999999999996,253.43297
289.374,309.62326
19.914,262.0843
2.473,62.692448
2348.96,7234.2495
6.34,57.25587
32.01,41.408817
19.986,95.292694
4121.223,384.03503
19.39,290.97498
69.694,131.67567
120.477,635.2469
50.244,57.316032
468.843,1696.9375
1010.0229999999999,155.78952
9.77,106.17352
269.357,208.951
10.64,142.72578
0.23300000000000004,128.52664
9.92,62.157074
339.82,1482.3992
0.17,396.902
28.616000000000003,60.459244
159.81,223.82988
10.2,155.59769
9.414,216.47737
10.137,65.96313
1113.72,273.5547
109.693,286.57596
11.493,193.88783
31.504000000000005,26.27355
18.953,64.49849
9318.813,754.8993
81.173,277.73138
28.513,193.31833
20.797,16.303484
49.10399999999999,29.686611
39.75,118.29989
17.97,69.450615
0.297,75.2338
30.15,377.39813
9.263,128.41132
0.36,57.24679
4841.163,646.253
18.953,51.697037
20.46,268.83994
6.967,198.31042
38.297,126.785965
19.673,32.603527
50.763,7.2228484
552.017,688.17566
954.38,449.15247
9.313,59.592358
19.24,206.35634
3.8360000000000003,391.59482
630.423,229.3653
31.206,355.27893
9.64,35.508247
41.137,152.46556
60.144,57.551556
19.99,180.00911
160.23,196.63582
110.32,166.20346
319.96,267.99945
10.047,514.99634
554.99,129.18292
60.287,66.98828
10.883,221.21266
31.147,258.12216
30.77,138.79381
20.214,1091.1132
60.504,62.78903
18.93,260.19516
4466.32,1917.9143
19.12,305.28436
170.837,245.3034
473.943,929.08386
179.817,127.30872
15.286000000000001,115.34275
7.924,175.30028
29.884,32.98838
9.947,112.3287
0.36,137.39085
49.933,305.64383
39.437,13.514852
160.11,289.65073
19.85,207.432
8.98,142.72578
0.143,17.701527
59.537,88.39285
20.28,205.1543
310.81,885.49115
47.496,73.027115
2.034,139.4608
69.163,185.2155
159.983,192.48265
250.73599999999996,182.59663
570.063,454.14722
190.114,500.09326
10.25,239.32176
19.71,6.1681457
0.157,0.7810498
40.254,25.976088
110.26000000000002,99.58786
330.866,184.86702
60.123000000000005,320.25204
9.767,114.172714
19.213,276.84756
10.15,48.642757
340.277,951.8125
158.916,102.04543
40.013,177.57582
299.373,191.2135
360.0,227.80037
220.31699999999998,193.48857
740.393,1810.0698
18.25,123.359764
110.75000000000001,162.43907
10.153,134.78262
109.70999999999998,85.878105
10.167,65.96313
9.88,67.01377
0.047,9.408172
49.793,880.9567
90.104,53.07367
49.626,183.25978
149.98,161.66154
0.25,32.98838
140.83,151.33412
11.73,173.8414
849.873,166.53328
269.987,400.22174
218.85999999999999,203.21143
595.467,378.02652
18.456,35.06311
3099.237,231.89188
10.45,226.61519
7618.07,781.28564
0.10599999999999998,132.18726
9.08,156.58923
199.02999999999997,314.78873
0.03,314.55527
1.157,58.902065
28.52,165.67119
680.7,316.12366
219.12,123.51845
0.863,157.02057
0.673,39.006325
82.097,659.0224
184.15,655.13354
0.173,150.95348
1119.65,433.8738
0.127,74.78664
0.153,204.99544
1327.794,194.82141
10.304,80.699425
9.583,99.97168
19.017,179.2439
6.3,62.468647
40.11,280.64093
19.273,131.16092
9.21,194.95529
555.63,701.4495
20.387,160.9376
390.343,689.0794
19.593,242.40698
11.783,190.07486
59.723000000000006,41.622875
28.53,142.19733
19.566,283.89847
9.45,115.944084
0.017,146.96391
60.29,220.7798
39.2,636.2358
38.527,175.41821
3330.0199999999995,2.5429153
10.857,156.33675
0.39,157.19637
18.76,176.34952
8.24,108.121544
9.763,5.5490427
300.93,316.17902
19.707,9.441951
20.383,59.060204
9.177,35.914387
10.95,184.43866
28.177,16.511475
1.313,7.374546
9.313,124.631775
1160.23,1168.0433
557.753,756.8481
199.78,214.91518
89.44999999999999,254.89803
9479.924,1221.0723
220.34300000000002,352.21118
0.033,59.56637
22.733,500.89133
11.58,176.10484
1500.016,3646.8132
8.784,143.48761
28.950000000000003,62.043224
2340.17,1059.6046
19.54,103.34242
70.193,1409.7491
9.347,69.92726
19.157,148.43884
0.267,154.57391
30.913,225.22852
399.537,436.2423
0.373,131.28522
469.14,817.1988
621.46,499.63742
0.0,54.46705
41.013,397.53256
27.833,205.04271
0.343,80.482605
0.173,87.49403
19.923,68.04905
20.67,180.75537
10.237,181.20097
20.043,253.05717
59.962999999999994,156.18059
1.113,105.99528
0.737,71.18744
22.043,15.262159
1.033,516.95013
509.896,1094.4993
190.873,149.07854
0.08,73.58074
0.437,105.09207
78.957,117.9847
190.693,294.81143
50.99,142.33629
240.263,217.99821
10.957,113.37209
19.193,59.399803
10.123,117.277985
419.96000000000004,114.09882
19.203,125.38779
1.53,17.248426
0.187,178.4679
109.98,921.0079
100.77,212.94621
14.924,501.3477
11.976000000000003,214.23122
1.094,107.56555
5.877,16.465021
4.907,7.405261
0.857,67.87526
64.347,241.14505
20.087,432.80756
120.29,111.35122
0.10599999999999998,91.69585
509.967,888.8152
540.984,278.76306
2099.863,3103.7974
0.597,157.53854
9.023,70.15622
120.973,215.02493
20.253,212.81339
0.047,101.67366
20.66,151.62222
39.506,211.64116
464.977,155.61526
123.17700000000002,1.0007217
150.547,1004.78424
110.147,312.99875
20.61,154.15555
328.357,254.39288
108.886,74.65695
20.517,174.82515
0.063,135.83719
60.51700000000001,167.15224
10.077,113.35205
30.103,36.802654
50.57,211.98277
179.784,198.83214
10.667,0.019735068
9.97,92.43345
169.897,32.632027
9.943,43.892036
151.927,28.417147
19.817,151.93408
60.516,184.8175
8.623,87.80128
10.86,137.22786
20.303,61.877907
179.05,547.217
309.003,104.04439
0.297,90.6386
9.767,97.52719
19.723,29.387154
50.72599999999999,85.76162
90.20399999999998,275.85382
939.444,930.2317
10.11,82.62426
2271.246,757.69684
0.737,131.40668
2975.587,150.28421
79.766,54.402653
39.65,2.8536522
8.58,42.769196
41.567,322.9692
4.297,7.3439507
261.163,125.02739
0.03,225.85387
10.13,63.056496
70.02,169.67781
49.83,395.55374
19.763,241.88753
9.417,409.83536
139.684,1244.003
10.167,47.19404
412.25699999999995,106.30906
40.086,220.66718
1549.1169999999997,406.583
4790.516,407.20074
79.24,621.5287
570.29,270.33475
59.376,86.26664
50.304,426.87402
2831.983,295.26086
209.867,134.15643
9.873,263.70642
20.793,27.76287
20.306,169.11664
49.577,325.2982
9.647,53.854557
9.763,304.30087
89.233,299.52084
108.843,61.56076
41.76,59.14549
40.013,224.60698
9.457,155.52237
9.11,197.33485
39.27,261.0526
40.46,66.926834
79.967,595.2213
901.096,1050.5902
0.36,56.129448
50.924,267.9979
8.67,0.25066176
3143.227,708.74054
10.164,3.725232
1299.973,122.79996
11.03,166.85542
0.06,30.630774
2092.496,652.7517
19.79,3.6463673
20.03,74.0363
29.983999999999998,277.76526
0.25,312.1421
49.927,253.04886
9.863,145.61147
49.203,253.83559
0.14,66.05889
2189.233,558.116
449.183,266.1349
20.56,91.41441
9.874,191.88022
8.743,49.83974
20.167,148.7565
19.547,25.320765
10.836,45.660576
8.893,348.71188
109.68,741.9664
29.737,52.81399
449.62,230.02956
189.97,301.148
0.8600000000000001,80.34872
59.89300000000001,214.52885
1839.903,190.31871
2637.376,207.92863
10.623,115.900696
19.097,172.49783
10.293,55.967026
60.147,202.71507
29.64,206.25311
130.683,216.67755
7.83,227.18796
9.123,102.313156
29.553,165.11612
9.29,86.51648
119.856,100.32577
660.957,247.80646
80.59,283.5305
9.653,194.73425
18.983,50.45104
40.057,352.5088
96.15,349.71988
0.234,128.79263
69.05,373.8055
10.9,220.87651
19.614,169.42941
375.00300000000004,61.13181
0.627,95.130615
18.033,243.4328
0.11,84.73765
9.857,258.62415
76.797,157.71365
188.79300000000003,290.08768
0.08,267.8054
189.84999999999997,149.97072
31.923,62.42473
770.8900000000001,524.5462
0.33,36.24494
20.756,135.6841
10.83,33.104015
309.91,136.82632
70.727,176.1706
90.21,921.5578
0.047,33.515118
89.8,310.83746
139.927,402.83994
1940.8670000000002,321.59692
1539.036,199.60478
12.467,52.99978
280.404,315.27533
20.037,452.56253
20.083,95.00304
34.763,657.8376
46.993,317.81723
441.07,273.59512
129.82,129.74445
20.056,151.19493
0.42,17.468456
2570.224,489.82184
577.71,323.53867
107.73,218.71872
1600.274,326.34995
28.957,406.2953
16.35,60.357697
24.450000000000003,129.1295
108.916,303.02664
119.903,87.85771
719.8269999999999,190.31871
21.293,28.917868
19.663,116.67155
9.623,156.58499
149.79,335.89914
477.56699999999995,486.51614
61.22699999999999,827.41614
19.68,24.411077
29.986,642.41656
17635.31,91.02972
19.453,1228.6754
39.896,294.14185
7905.69,286.97888
5.756999999999999,166.8873
239.73,185.5793
1729.647,343.5029
0.516,142.51176
8.487,109.99897
19.44,32.684563
9.734,257.44897
19.677,46.42599
108.88,369.3467
114.517,325.10745
49.903000000000006,268.17722
10.07,313.5527
19.01,61.635086
10.126,84.56575
231.04,0.9480592
10.333,216.47737
325.816,244.12587
50.77700000000001,287.26044
10.697,285.78406
5675.656,376.3332
17.043,177.23892
2.147,190.07486
101.023,659.57635
18.453,175.2789
50.993,282.53094
10.08,486.8899
10.56,32.54411
0.8759999999999999,29.067991
60.199999999999996,0.11033628
15.176,734.216
0.437,136.7639
7.603999999999999,7.5189967
400.02000000000004,223.79784
39.353,47.483463
1612.73,484.11252
29.413,450.30582
20.15,174.47607
0.284,75.764206
12.15,137.17372
10.223,206.43706
120.34,221.75648
19.846,85.878105
5.173,69.52578
2689.893,1766.8564
19.98,152.20511
20.3,100.72334
269.18,176.61816
52.513000000000005,203.46898
222.187,995.3908
18.237,109.04943
0.25,36.998882
8.343,80.01847
6.733999999999999,7.374546
20.864,237.09251
41.046,906.87634
22.007,16.911625
29.822999999999997,160.24615
130.153,85.19476
9.05,273.5501
49.92399999999999,69.32155
0.42399999999999993,58.86408
709.8,418.21777
99.224,42.36444
2892.853,912.851
68.686,382.0945
209.187,280.24902
17969.883,198.87303
20.73,183.90291
59.913,231.16014
331.053,255.38023
108.99,81.76749
634.717,262.03882
1930.567,637.5855
1.53,7.3847775
149.02,202.83359
0.317,75.37994
10.043,157.80843
11.979999999999999,80.66693
9.807,121.78313
21.856,599.10004
9.067,63.00095
375.08299999999997,496.04507
0.254,677.56024
0.156,3.679025
7.977,582.00476
10.526,103.987785
11.047000000000002,34.72787
189.50299999999996,286.97562
539.946,1205.3529
268.233,706.38104
9.38,345.33844
10.97,177.33661
920.337,295.07715
0.144,292.6176
120.51,225.5234
59.044,51.77261
89.95299999999999,106.69778
223.05,239.81003
6.483,199.75893
159.393,407.8601
0.234,371.40097
17.77,332.41803
1799.9930000000002,283.26474
48.713,107.976295
60.70000000000001,249.56578
1266.423,1190.9048
19.767,237.73058
0.153,25.060081
130.274,208.80809
190.74700000000004,28.474216
20.607,302.98267
60.947,197.86232
7.844,28.513073
39.92,192.03683
0.373,81.92386
7.763,50.2564
0.564,32.98838
19.143,306.3957
10.17,171.59685
10.463,38.54741
0.42,184.52464
20.28,260.99615
12.13,102.62734
19.947,38.389317
115.37,144.77774
749.7699999999999,542.15674
15.673,126.56418
269.967,53.36482
30.314000000000004,55.967026
4500.303,2242.9377
1150.16,325.54617
40.213,214.59822
21.25,468.87616
73.426,232.12857
9.037,44.68219
9.18,106.89072
60.073,30.746126
30.524,247.46799
16885.626,3841.21
291.17,209.64363
59.66,65.476974
11.807,66.980125
0.09299999999999999,202.83328
35.15,108.09419
39.416,304.25333
4.104,202.44046
191.86300000000003,154.49812
9.817,146.43312
419.444,270.2092
18.817,0.25861117
1370.113,832.02924
10.797,226.28717
163.54,700.63135
0.267,135.83719
0.06,84.5381
69.847,193.58118
19.633,313.7716
702.057,941.7215
10.057,111.21502
18.504,30.370358
18.687,56.479053
30.773,223.82056
19.07,101.09258
39.647,255.13194
9.806,146.38524
4.85,51.102734
0.013000000000000001,36.21389
60.41400000000001,161.0955
2212.546,512.6027
9.677,47.878677
19.633,26.564962
0.803,196.57858
30.503,70.59544
20.003,184.30997
6.384,78.23488
9.934,93.14945
0.14,220.25507
18.954,3.6593955
68.723,219.33963
0.23300000000000004,303.09897
28.114,727.4229
69.693,164.00787
160.16,150.90157
9.6,73.77885
7.787,53.698124
12.317,175.62947
33.754,623.9102
429.423,153.3179
9.757,235.84235
190.083,64.6281
9.91,59.049797
0.373,34.80404
0.596,9.275527
59.34,390.5941
399.48,1599.9602
51.23,617.4616
649.977,234.37947
510.6170000000001,387.72287
30.072999999999997,206.45427
260.374,325.42786
579.787,233.35211
119.813,127.186386
39.96,248.80714
1442.317,683.9601
769.27,260.29147
21.42,214.44019
7.88,48.50239
9.187,222.24239
149.977,149.20045
10.17,17.055162
5.007,208.12251
9.603,28.125286
202.24600000000004,1301.2959
340.123,502.21426
60.046,174.15884
1.0,35.154392
1.66,134.78262
428.573,528.9647
51.66,17.327156
20.847,404.44238
98.717,71.689476
0.064,30.746126
0.686,179.51701
120.307,272.48486
150.393,251.94728
45.35,124.63947
0.22,23.716055
20.393,160.66302
9.524,16.86405
340.487,310.73886
2739.603,265.96185
2220.903,301.7764
186.65700000000004,172.09741
50.667,247.83206
50.65,176.64919
10.623,244.64442
19.9,137.13318
330.74,171.1091
0.474,452.50806
18.867,178.42732
1.02,129.46082
329.723,395.01578
119.603,277.93433
51.717,17.538979
140.8,472.73035
9.63,156.14603
48.244,14.07966
541.026,293.08224
8.577,59.423847
9.52,76.80239
18.3,219.01736
249.48,338.8682
50.03,42.014107
60.13000000000001,259.52423
63.23,287.64362
60.37,651.78284
0.156,111.42014
0.046,75.68274
2309.15,482.26608
19.917,207.84712
59.157,439.20398
20.023,185.28064
0.203,236.43375
40.7,183.5115
9.536,145.95023
29.01,63.18229
394.824,528.0321
770.303,385.34518
10.23,171.1208
40.123,674.51434
19.867,285.4077
0.9530000000000001,93.70212
0.25,306.24225
606.81,545.4211
10.803,184.65358
12.447,115.90769
20.58,65.82714
190.037,208.84647
0.313,835.62415
45.47299999999999,813.694
0.034,234.95886
469.974,738.5557
9.153,142.39754
9.596,191.03465
9.743,56.153065
10.197,377.31747
60.05,203.2737
159.707,198.25021
339.717,301.89316
482.667,1647.971
180.11000000000004,267.37918
60.257000000000005,200.54642
3671.77,261.10025
60.237,30.425692
20.353,486.2514
0.25,28.97137
30.703,313.8422
174.81,5671.231
438.134,227.19875
7.62,218.5126
90.23,554.7822
9.763,119.33543
19.15,30.860497
30.4,64.727325
99.8,401.9559
20.443,263.17303
129.967,137.77261
27.047,171.75415
11.267000000000001,27.843296
148.466,115.90769
19.326,81.18388
284.22,129.48726
20.137,197.24965
0.41,4.6805735
179.476,229.75069
29.673,174.85945
19.867,225.85387
20.237,103.66814
159.823,370.4584
10.33,228.01088
0.046,130.55309
27.730000000000004,471.86038
10.383,50.646534
10.163,279.56302
110.54999999999998,125.735435
50.146,601.89874
19.443,0.11075545
10.39,82.349594
11.076,54.618595
8.83,91.511215
44.44,256.85107
209.397,164.7729
31.42,140.77637
1021.0,899.6833
171.346,86.52713
109.903,367.2939
0.8770000000000001,84.73765
20.183,167.00699
138.594,206.54361
4845.917,220.23601
342.01,525.8616
1065.033,239.14342
0.674,59.55025
8.884,62.89029
19.273,168.76166
31.05,318.67538
60.044,238.76836
2430.98,220.48738
9.724,9.341615
0.8429999999999999,184.4816
78.393,118.79647
1.47,173.76869
10.287,153.12953
11.247000000000002,223.41663
9.08,405.82227
19.064,199.37204
19.44,203.06183
110.13,264.19376
11.07,238.95975
86.687,345.02725
9.767,28.853558
9.777,227.4397
20.623,362.7704
320.033,805.84564
109.56,280.7591
29.527,41.230576
9.983,81.184616
39.76,356.25015
0.957,28.771574
11.247000000000002,32.124763
29.203,190.01494
9.3,220.87239
20.033,69.92726
10.147,60.557095
28.903,13.738129
30.04,181.55878
160.98,79.42517
9.73,199.65959
9.553,34.113804
40.24,163.97615
120.09300000000002,302.44965
64.357,236.49643
70.46,244.29762
4320.88,1388.3306
50.453,998.7997
619.98,247.17737
36.06,193.69368
440.0,1994.9536
58.29999999999999,317.81723
1.87,40.107536
56.955999999999996,628.48456
282.323,495.61108
10.313,307.43253
0.5,70.27476
20.577,221.29308
0.813,97.86187
20.38,203.89653
30.186,250.696
10.94,246.47726
19.36,156.26321
1.237,108.62531
69.017,84.8935
30.017,292.72604
19.68,88.38975
0.047,64.90304
99.92999999999999,298.864
19.114,174.03802
51.054,81.87412
28.82,30.112099
99.353,67.50145
10.257,72.66737
569.963,126.70205
59.967,151.02576
89.877,174.78429
28.923000000000002,155.15456
139.424,148.09554
179.706,306.36453
6865.39,385.89957
140.013,300.36218
80.264,178.44545
69.824,274.95337
76.163,289.4957
19.897,102.25534
1.5929999999999997,7.405261
10.07,244.90616
19.97,1253.5526
180.323,507.3089
50.106,181.57791
1025.027,284.85052
101.187,224.44115
17.987,34.113804
340.38,558.7587
149.977,294.76993
460.793,206.61194
59.696,179.59497
61.32,199.19432
180.183,51.712227
300.637,163.37268
230.063,146.65173
30.205999999999996,352.3343
60.53000000000001,267.24808
79.22,258.08618
0.344,233.86053
0.583,146.91469
119.976,173.02525
13.87,0.24869359
8.523,277.32224
9.16,63.680656
21.563,317.18362
1.16,71.18744
10.107,43.86884
1699.2300000000002,301.97043
0.943,136.4069
51.12,112.20535
659.87,583.70667
60.163,190.47418
7.913,0.019735068
0.3469999999999999,32.883102
1369.907,197.85342
19.993,81.35459
30.0,883.73785
40.897,133.60405
0.217,348.8475
120.494,103.58113
9.573,90.11454
39.37,46.74786
1.156,259.77014
0.53,26.149971
0.127,267.01788
270.063,29.139368
19.777,29.771212
0.143,182.35594
329.793,66.671394
9.253,287.37537
11.233,176.16176
1313.38,2117.7668
60.15,344.09277
50.60999999999999,72.45897
9.99,198.5918
39.603,51.153236
50.379999999999995,83.612305
1.623,117.69729
0.7170000000000001,145.22447
129.773,372.69547
20.074,242.57675
0.14,178.80687
11.234,473.13623
0.297,179.55959
17.037,10.014277
180.067,27.524029
20.263,291.1822
19.68,313.16803
9.547,42.058506
90.07699999999998,201.85796
109.87699999999998,94.93052
110.934,66.528854
29.893,455.14636
1.11,134.0471
12.940000000000001,145.01851
20.24,177.6336
0.5,80.01847
3039.5900000000006,1807.8795
51.044,115.69411
8.99,32.485516
101.967,149.87288
18.944,87.32577
609.674,164.23425
1901.567,1006.01605
178.43700000000004,628.0093
0.906,76.43107
300.24,236.48834
1.3,108.10797
70.49,191.71361
18.54,82.394646
0.797,38.1764
7.744,79.037315
44.36699999999999,912.5278
229.633,416.42926
22.523,60.471508
450.187,551.4129
100.13,405.26465
69.63,244.13188
19.82,43.43995
14.369999999999997,348.01007
20.207,325.71454
0.313,309.1089
10.116,21.168627
0.36,53.838654
160.12,654.86426
19.396,195.33427
18.767,43.063633
9.807,69.201935
149.484,754.8431
130.757,459.64914
208.94300000000004,125.871056
0.064,33.172768
10.537,34.113804
61.14,189.27354
8.96,207.50333
57.50000000000001,384.54532
237.663,172.06992
50.01,240.0225
519.93,961.5086
9.236,37.93532
130.457,467.85107
62.053,423.22397
11.814,158.70146
11.42,153.84813
50.497,181.83118
39.434,102.97356
156.356,213.95706
0.39,202.83328
649.07,1101.9381
0.08,189.35435
0.344,271.1909
19.787,175.12582
49.563,190.09181
29.887,78.601814
10.266,125.916725
8.53,45.942593
1536.0330000000001,837.67426
0.107,53.260433
111.25,285.53766
9.887,133.27643
10.33,34.321465
16.423,31.993477
19.827,164.99379
29.937,77.04641
399.76000000000005,135.82466
59.962999999999994,619.85254
20.666,44.72671
0.44,83.56585
0.03,70.46455
39.16,765.80835
19.823,122.04628
190.36,291.60507
88.234,116.37285
90.097,213.77505
1.233,7.6344776
2322.756,471.61267
18.427,230.60678
28.882999999999996,287.94562
19.924,608.06683
1790.9200000000003,676.19617
81.437,89.60123
2390.58,517.00073
141.193,72.012825
19.693,231.98074
59.35,1356.0835
795.19,264.33545
109.867,301.62146
19.943,184.29282
61.839999999999996,527.10077
9.7,65.39161
20.393,831.66547
0.7499999999999999,54.56054
19.897,253.75789
220.007,153.52919
19.357,112.88451
19.556,48.44326
740.497,201.95276
145.643,141.64233
0.326,158.78276
19.97,166.66838
566.1,233.78754
11.09,484.0433
1350.65,350.67703
79.98,311.9255
19.61,175.66568
19.863,350.8153
0.11,207.60506
48.53,127.347725
19.023,210.158
17.676,50.193638
1.203,95.23995
607.003,551.0856
20.594,117.642166
19.074,67.121284
40.143,66.45807
1939.8669999999997,156.82825
197.90699999999998,488.56458
389.7,134.98692
1250.367,152.73418
0.047,190.03928
19.843,75.47129
1079.857,148.31656
9.383,79.19436
40.31,289.07605
9.85,255.26663
9.2,168.13261
49.883,205.14218
149.376,165.06136
8.787,35.90525
40.567,1515.4391
192.32599999999996,347.06995
70.173,227.15878
109.057,173.22675
0.064,29.525806
29.047,214.32597
19.943,226.73177
230.314,634.04095
8.96,79.603615
7.187,156.03734
10.16,184.84702
0.187,301.63705
10.183,157.02057
2.037,1171.6913
130.09,269.46664
69.773,226.53143
290.317,161.67813
379.827,279.70782
219.883,195.44644
11.120000000000001,120.43338
72.01,522.6221
29.969999999999995,293.89157
29.763,177.43535
80.11,107.19335
1443.047,398.6664
10.366,149.95746
7.993000000000001,184.56758
41.27,192.45378
403.5640000000001,241.11522
21.157,217.61816
20.257,206.77107
30.45,203.89653
270.263,304.81824
280.36,405.127
890.037,518.10583
0.187,266.91296
120.71000000000001,333.5578
0.4030000000000001,16.581394
19.163,186.45406
2704.91,1179.016
19.783,173.76628
9.063,7.283156
40.19,295.50882
30.84,241.8061
39.246,152.20416
491.047,263.0901
0.847,131.92236
44.46999999999999,140.38399
6.913,583.17175
8.763,172.23125
39.7,25.507963
7470.17,1160.6464
39.923,186.98225
19.56,103.66227
30.433,209.27641
20.377,303.20993
38.024,213.96983
109.947,666.0656
9.233,283.50607
29.767,22.676168
10.917,95.53564
10.1,179.06206
100.05,419.77628
501.28,104.2873
99.876,55.52716
29.95,54.150146
19.58,31.713852
0.673,156.97656
0.58,28.689772
10.827,291.1526
19.803,249.40135
1218.59,318.296
9.72,458.44946
359.88999999999993,129.74467
39.896,195.137
0.707,39.430702
29.84,242.09422
0.11,72.19325
130.14,2417.076
110.007,363.2291
29.44,66.23019
9.924,49.303074
130.083,209.3997
9.37,93.003426
19.94,40.49263
79.46,797.0575
140.3,293.52905
19.58,204.5491
10.067,222.42375
1631.987,320.8986
59.093,260.66135
1.44,16.69859
0.013000000000000001,510.69553
19.13,50.580215
319.854,178.35626
31.047,143.10428
1.14,26.98513
40.177,99.49282
2579.843,191.07693
179.847,297.6978
400.24399999999997,266.41687
4275.543,1035.6283
0.516,51.435863
1620.2030000000002,262.57364
126.004,240.84584
10.417,46.23022
1.237,16.558064
31.170000000000005,256.9461
19.906,195.00955
9.503,310.01025
69.64,233.20349
59.949999999999996,282.4524
149.42,282.61334
19.917,65.157745
690.73,459.0139
140.527,75.816696
0.0,124.96547
0.11,335.5502
9.84,330.09158
8.267,197.75822
7938.093,678.05273
19.59,272.01486
49.86999999999999,54.15177
55.833,227.94786
18.907,1228.6754
9.813,10.071481
119.46,231.98074
11.17,43.91814
19.907,65.66705
381.787,239.00415
9.533,331.4099
10.37,119.18179
0.36,65.48068
168.836,860.80914
9.01,143.73282
410.036,210.21526
1228.543,325.26306
219.94999999999996,1366.6018
297.543,728.8532
0.957,115.04914
0.9100000000000001,346.41452
769.264,147.65347
440.30600000000004,159.85292
114.78,160.36148
10.09,318.67538
128.594,46.944916
1.406,236.94649
59.790000000000006,120.921646
21.2,344.66763
119.87999999999998,241.71298
299.733,195.13185
10.28,50.536926
760.043,2002.3363
0.703,140.67638
0.03,285.0148
30.223,140.72546
110.13,528.09186
0.8429999999999999,116.87993
9.05,31.60495
1.0,53.776237
8.35,200.80908
70.203,984.4376
9.357,91.67368
0.127,48.973255
0.203,449.62756
541.14,262.15524
0.373,89.37138
27.915999999999997,79.39706
59.494,172.24606
170.053,118.77411
239.48000000000002,85.96779
19.623,471.60754
10.46,42.586334
0.377,50.065468
0.047,26.699583
0.814,99.53704
10.673,88.84436
70.033,161.7508
0.894,25.03407
1222.977,145.88786
100.017,263.05862
50.887,760.9728
0.03,2130.9255
30.027,208.24435
19.54,54.937756
1070.02,771.7992
48.913000000000004,398.54645
109.67,157.11244
19.1,80.25026
58.953,173.60294
1341.787,408.80368
72.073,122.04077
119.537,608.13116
70.04,4.902678
78.974,145.2596
88.957,219.5274
19.723,196.08673
209.293,281.79013
19.897,32.334976
8.163,74.53297
319.484,273.27112
10.867,220.77777
0.3469999999999999,69.78338
9.7,738.0814
118.397,511.9912
71.0,184.93437
9.39,156.75703
0.046,144.20222
79.437,216.32875
20.073,307.24966
8.9,119.228775
10.753,117.12038
9.607,205.891
0.373,39.006325
109.90700000000001,273.1981
9.663,100.89769
19.726,275.39664
2.117,119.89383
9.96,6.332692
9.01,63.32981
19.017,57.28655
0.594,145.61147
0.12400000000000001,153.2948
39.863,200.55917
10.043,183.77388
189.9,365.01868
139.36,217.4535
21.096,118.34535
338.88,266.00293
9.49,173.50894
1.05,35.389915
19.463,77.05382
0.203,135.94379
120.963,0.21724948
10.02,33.047215
10.25,254.03923
691.263,1651.9388
10.446,16.534765
10.223,7.676911
0.844,113.01445
1.14,110.31733
28.864,62.86732
19.99,656.45435
2484.227,495.46317
1489.5329999999997,360.75528
30.78,95.61004
9.817,239.54121
909.5959999999999,227.43895
69.817,87.36546
0.547,123.44327
19.943,13.715945
10.953,177.79459
31.486000000000004,313.85822
196.21999999999997,143.54109
5.063,50.856327
10.14,78.63508
0.753,408.16547
18.96,331.18994
19.147,176.70787
3645.413,236.9778
0.297,699.6632
686.22,120.83024
18.983,54.152073
339.366,740.7447
0.11,66.24085
19.597,159.26697
50.07599999999999,1240.7075
0.363,65.48068
40.173,167.44089
39.804,221.88881
30.037000000000003,22.474438
11224.047,312.85147
1.003,113.88201
80.1,119.13487
18.844,200.73528
50.033,193.25671
8.033,47.91895
20.093,197.19539
70.49,55.9478
40.097,90.97435
19.213,1180.5201
229.877,29.578789
3.86,276.63406
900.05,1003.62036
1459.68,1041.0052
28.907,208.04468
68.9,46.800858
10.31,169.61946
79.85,84.24825
21.553,186.08424
1.783,58.92564
10.04,395.30472
2.054,311.59225
50.50699999999999,149.26852
8.34,81.26308
40.117,38.14341
8.586,26.878706
71.003,160.50035
29.476000000000003,596.34625
600.143,927.3015
129.48,6.1425548
22.227000000000004,115.99963
65.457,232.50388
10.103,204.52213
1720.0,251.22505
10.087,210.13348
9.813,7.364336
290.093,299.86642
10.914,366.7934
79.79,229.30348
20.386,320.30853
0.063,286.8771
11.059999999999999,125.135345
150.243,183.69133
98.91699999999999,379.91803
61.28300000000001,23.581413
40.19,101.25999
341.72,354.7505
8.6,106.89072
159.927,37.447994
70.03,129.63055
19.51,194.48112
170.886,130.33144
20.567,214.21657
19.586,303.25778
9.983,315.90128
160.047,288.8649
11.086,87.92221
0.284,90.434975
477.997,356.5426
102.823,157.85152
8.603,91.9987
159.454,417.7348
0.407,261.79385
18.697,205.35033
432.297,355.192
20.627,305.18256
0.047,119.228775
7741.037,640.12103
280.37,499.19064
0.097,46.172783
0.9530000000000001,123.44327
10.18,194.37135
219.727,86.82579
8.853,209.63849
127.88,191.8029
9.34,234.86751
0.657,92.0541
20.083,32.798435
0.653,97.04273
30.646999999999995,184.26709
70.476,313.2962
229.16,325.18637
69.703,45.380188
2.614,16.675081
3162.383,3186.3108
1546.167,374.7008
19.74,201.71887
210.01999999999998,175.43248
19.8,74.0363
510.224,550.26904
97.917,36.330246
9.833,160.9376
0.283,64.73101
229.723,101.8664
267.306,264.70358
809.936,179.64684
348.7,143.42918
517.003,281.20697
0.19,92.76137
9.777,34.838097
12.079999999999998,70.10593
369.767,657.52673
10.56,305.4807
19.9,297.77948
8.46,89.46373
99.01,65.72129
209.35299999999998,302.12903
30.26,205.5313
209.71,282.20233
79.884,168.12566
310.006,266.9035
19.953,66.23276
2230.483,304.18015
19.89,43.715214
18.873,13.827162
429.007,366.56174
21.133,202.66837
454.62,0.010491346
19.747,157.39532
199.53300000000002,52.606167
58.467,1197.9803
30.709999999999997,160.5449
29.923,259.1115
19.323,34.572433
59.217,103.18205
30.217,178.98749
19.987,74.37532
20.983,61.57014
10.323,75.4966
0.33,75.2338
359.77,332.62296
100.08999999999999,86.69193
0.11,9.532
18.99,155.15985
309.743,292.74713
49.797,44.91382
19.666,31.837662
10.106,207.36589
0.7999999999999999,65.85021
32.016,65.157745
1.4729999999999999,106.16762
149.874,118.49821
19.47,154.9534
60.503,357.5153
1549.287,627.6397
10.944,27.683867
98.997,300.0644
19.503,487.22754
10.283,29.60995
1.9400000000000002,157.35046
21.056,240.832
0.93,69.006714
1.377,54.816696
249.51,316.21106
80.21,82.686615
0.58,171.28827
158.373,49.50828
60.78000000000001,103.49434
22.84,301.87372
101.037,270.26752
411.203,2007.7919
60.137,117.53067
19.533,201.0794
19.994,60.752487
40.547,381.3222
0.08,135.09196
350.913,293.73715
9.327,300.9994
30.547,148.41579
19.177,28.051172
10.013,0.9513116
11.83,142.21977
19.3,346.60043
11.530000000000001,17.37032
30.957,205.46704
0.123,29.067991
0.8770000000000001,313.5061
18.917,75.08568
110.117,121.37267
9.11,184.41719
18.467,180.15533
0.06,125.794395
89.68,71.28248
20.57,63.1793
0.5,188.86563
3750.157,549.7272
0.483,35.154392
1.546,39.616272
80.15,684.53516
0.236,1398.5747
8.443,48.60566
108.97600000000001,848.4221
139.35,269.17154
9.927,117.642166
39.72,194.09515
61.076,106.05001
20.407,233.29291
59.22,122.31954
773.5870000000001,221.07854
929.9329999999999,244.64766
10.46,28.174881
20.233,200.97969
99.44700000000002,187.57738
4099.986,2194.4734
619.98,356.42612
10.74,179.92653
0.204,47.088387
0.7829999999999999,130.40184
0.047,52.9049
370.683,550.4417
59.886,308.79752
473.1,302.88052
198.764,267.08005
0.703,227.67084
0.56,39.224117
100.584,683.8434
250.557,396.9322
451.82000000000005,1793.1285
829.967,1345.08
39.806,65.82174
29.793,256.1353
9.867,101.99851
2101.273,241.86743
70.627,324.83627
30.196999999999996,82.62305
58.65,285.30493
320.003,187.88322
4.067,7.5922785
48.39,199.84447
69.963,114.37654
9.733,127.56796
9.737,17.468456
0.467,111.91544
19.98,198.4746
19.553,160.791
1.897,67.01377
1320.16,353.58417
162.933,170.29424
9.313,214.87204
20.017,1244.1478
28.046000000000003,55.90708
9.69,378.6695
570.03,186.73787
120.133,220.09778
1350.01,268.76413
0.5,89.26751
198.797,1043.9797
0.453,93.97815
0.36,173.11594
219.994,372.85876
9.987,215.29317
358.323,163.38641
0.924,125.27258
420.33,142.37608
19.477,96.10982
69.676,181.70428
6.413,87.57843
29.66,128.35411
59.93999999999999,33.071606
10.3,86.91252
69.9,220.18034
9498.043,851.0912
110.07300000000001,201.33109
49.296,174.24913
199.90000000000003,243.7091
139.976,63.000835
69.97,214.06737
11.226999999999999,38.645638
118.617,118.57162
0.173,67.403435
9.04,63.88873
539.21,150.85417
399.873,269.46127
18.607,62.436268
10.53,127.32338
30.23,219.61792
32.427,54.090034
9.987,7.365382
38.596,53.838654
20.004,173.69496
70.83,25.645199
1166.684,284.23642
30.509999999999998,185.85854
10.327,106.52854
9.937,91.71637
10.593,137.06102
39.237,176.47731
9.533,59.024944
776.217,64.248634
218.916,386.6702
100.473,152.0889
0.017,111.58306
1.034,76.62633
130.0,262.0142
29.987,666.512
21.57,269.46198
9852.72,1033.0497
11.17,37.943996
19.657,196.57858
250.05700000000002,265.91397
50.183,460.94574
50.02,259.74
9.187,93.73354
10.127,32.326344
279.803,474.3618
40.237,171.21384
19.987,3.6011343
50.047,198.44414
8.82,93.003426
74.564,135.5785
9.517,153.29851
21.573,116.20398
30.906000000000002,172.3202
9.967,34.000065
9.033,48.80129
10.674,183.9202
229.81699999999998,747.47516
221.516,313.00497
400.01300000000003,2049.0422
230.987,297.13342
11.25,5.6666765
49.637,1195.0505
21.963,156.48381
40.13,251.80264
20.337,202.34851
0.094,332.00937
3090.517,1545.0596
8.527,237.91295
20.066,174.7667
20.776,137.23499
4300.227,1405.867
229.603,0.10853736
2550.02,342.0505
21.74,244.06755
19.91,237.33293
9.713,194.2503
11.284,104.9074
11.157,68.69326
0.377,32.124763
60.05,1051.6111
10.637,214.5692
11.586000000000002,64.1696
30.843999999999998,101.44756
38.787,417.06067
19.27,158.66556
2446.7,493.27814
59.91,628.45917
0.8429999999999999,84.23783
620.114,245.99232
299.783,207.16628
30.774,192.38654
1.346,143.763
19.867,137.72495
16.396,212.13673
0.11,303.8417
29.980000000000004,113.01445
40.763,49.50828
4164.204,1238.2623
20.09,22.9658
9.477,29.525806
20.07,218.42307
20.754,25.127083
700.756,230.24258
110.587,487.70346
68.463,234.95886
130.7,254.91603
220.86000000000004,608.14716
10.323,115.63019
329.713,512.38135
699.99,347.88098
19.597,162.59605
23.123000000000005,359.45016
20.563,42.87723
29.46,196.3827
9.263,132.84166
620.257,178.62488
9.24,51.42724
20.507,59.524002
159.593,38.62135
19.463,47.088387
19.436,78.30291
70.053,59.843052
2078.094,346.30814
0.77,184.93314
0.423,80.956955
978.883,2019.9105
291.43,226.26385
238.62299999999996,847.93207
0.157,28.036661
18.774,41.269665
19.567,174.8911
75.597,147.23077
190.07,346.13858
20.027,250.44778
139.277,396.45224
437.6259999999999,733.7759
250.39700000000002,369.3595
90.183,313.79953
99.56700000000001,158.46121
649.533,174.28903
50.067,236.77502
577.46,423.97726
2001.604,1113.9937
17.704,101.74126
13.683,0.25264603
78.84,267.8054
1.393,74.15365
520.373,220.83826
580.503,285.52063
18.983,81.561676
140.33,347.48367
59.817,604.766
20.157,0.056372117
0.867,177.54257
29.914,116.65586
741.183,392.53607
74.324,132.65439
140.213,195.334
131.72,483.43448
0.016,30.026539
18.91,141.90172
10.077,131.27986
109.38,323.11542
20.207,215.18988
19.773,161.73328
17.9,56.462574
30.164,551.4813
89.80300000000001,67.0204
190.317,354.2968
1.653,50.065468
1.9669999999999999,28.609327
119.486,709.84503
200.04999999999998,54.52241
179.787,118.533394
101.157,50.658234
28.407000000000004,157.70256
60.346,219.87712
18.923,56.749424
19.52,173.58337
99.464,618.0433
39.693,66.2151
29.35,287.09338
118.91000000000001,644.0762
18.866,135.18433
29.657,108.06695
107.613,395.37173
20.443,29.900404
9.09,74.34857
19.95,249.77188
1141.853,216.05841
40.197,159.47209
0.3,650.787
69.97,157.83562
19.863,163.07858
29.813,71.08259
1.11,199.32867
58.967,205.58807
10.58,124.495255
29.86,127.861534
0.517,34.920444
1.017,141.45589
10.476,66.67397
10.033,205.59375
39.9,201.53055
110.277,232.4713
10.22,27.884684
9.817,84.85178
2203.164,407.08725
27.5,196.141
60.81,218.32773
141.277,64.11225
19.667,185.46297
10.5,179.153
3590.12,237.05753
910.36,253.4151
0.52,48.50239
51.173,115.45013
390.43000000000006,881.43866
30.390000000000004,109.9287
479.81000000000006,26.038328
80.07,214.28342
11.077,96.725624
563.55,654.58484
10.097,204.55394
0.216,139.69566
0.703,190.13452
0.06,409.83536
620.067,271.0225
89.503,65.87079
30.5,172.83864
10.387,53.932945
10.283,160.05046
185.88999999999996,806.7828
10.84,3.7585952
20.636,3.5883176
12.344,94.721375
20.536,163.50925
29.96,99.751755
139.446,441.71753
5797.3,380.8961
1170.106,637.211
9.796,345.10812
8.997,64.17003
879.897,458.8601
209.99299999999997,301.54846
649.797,881.9475
3.013,128.5951
230.813,199.89145
4.286,123.01452
10.992999999999999,58.678947
18.643,177.90294
42.507,171.59724
39.96,356.42612
290.133,195.09608
20.45,5.716422
1792.6,959.1525
0.373,35.389915
39.884,52.85284
169.62,116.27974
0.11,201.03651
11.64,48.60552
119.93599999999999,188.73169
310.943,247.89458
18.893,270.3617
6.307,29.168226
150.61,268.69073
10.06,36.469425
49.917,290.05554
2.13,27.44603
171.9,268.0819
1092.523,340.79337
8.757,62.55188
137.083,322.91537
45.47299999999999,855.51495
29.65,57.778767
20.164,142.51176
0.7499999999999999,137.3661
8.7,102.90103
822.267,650.5879
186.79299999999998,132.86995
10.786,159.58351
8.18,169.2826
0.867,51.847202
10.86,156.9204
1.047,111.27789
0.693,5.080675
18.666,378.5249
529.71,42.34031
20.26,906.87634
779.88,373.62723
19.133,44.412518
20.957,744.4539
10.257,71.59579
682.22,145.70486
1.157,221.10382
9.51,44.549473
12.740000000000002,282.93878
23.733000000000004,319.5792
20.407,150.33578
40.024,107.479126
19.75,275.14062
68.836,217.04166
609.254,172.6136
180.29300000000003,166.26302
10.077,198.87029
20.07,241.45877
20.446,163.1932
10.163,45.920963
0.486,0.8629658
39.927,173.14809
149.943,52.773235
9.79,196.20807
20.236,139.4608
60.72,73.60871
960.6970000000001,109.201324
1020.0829999999999,3558.709
10.107,93.50386
39.66,324.97296
7.924,63.088696
39.62,290.61893
190.40000000000003,750.0922
43.32,55.524834
70.834,153.0949
176.467,31.080708
170.167,231.8802
19.623,341.02924
9.36,17.297068
408.86,404.13022
19.554,242.51357
11.36,37.028156
80.577,100.64779
96.42,609.0592
6080.283999999999,652.98553
87.684,270.2712
39.603,18.736164
31.343000000000004,120.532616
9.754,65.34153
0.11,158.66556
19.317,205.7978
70.993,59.13033
0.11,153.74734
9.597,50.10749
0.017,16.511475
0.373,106.52854
1230.24,111.086205
6.752999999999999,10.071481
30.15,81.50816
0.03,7.529428
80.057,262.66788
859.786,291.00635
3279.8400000000006,87.35956
41.147,202.92108
19.354,367.07855
10.477,241.56654
20.06,288.28848
18.49,75.29751
10.314,137.43689
8.656,156.9204
61.957,189.45894
978.7339999999999,891.9051
19.937,58.13719
0.77,156.93263
49.917,244.4295
0.8759999999999999,29.356895
30.04,90.73346
41.757,980.04333
0.23300000000000004,141.77545
19.204,201.91379
10.653,48.50239
9.097,89.37138
17.906,250.89006
638.703,370.07758
8.977,75.01651
1.076,264.44223
79.737,235.3974
1.0,9.477869
0.06,211.79935
20.277,250.21907
30.103,471.30786
299.863,98.47682
9.436,139.44316
19.77,268.82376
30.42,204.653
11.867,31.29714
20.177,71.535034
20.033,29.067991
360.217,170.84264
150.003,1209.8461
18.217,202.27101
2691.307,240.26704
30.02,174.47607
59.24300000000001,268.58707
289.18,308.38788
8.97,93.584854
15193.714,21.108358
79.987,213.96529
760.3200000000002,233.01639
20.207,38.12804
770.477,316.8975
80.34,250.59737
18.523,47.755024
69.843,285.00864
9.83,35.98564
37.553,89.06331
170.24,356.38834
20.97,23.783651
10.573,692.9897
20.037,120.921646
10.677,34.849606
29.96,853.9271
19.567,227.31726
19.817,300.851
79.917,200.94572
5.644,43.411053
18.324,123.7133
29.756999999999998,265.75266
240.22,1963.5836
10.187,95.1307
9.863,359.95114
359.59000000000003,213.60545
419.846,259.28018
9.307,52.922764
69.644,62.71475
149.98,156.98013
18.834,233.03484
212.047,249.42334
60.207,252.8163
10.617,58.72755
18.49,102.90103
0.593,81.38117
59.870000000000005,174.87231
51.057,1059.9691
19.387,191.91835
19.097,291.5037
8.847,41.16789
1771.18,223.88045
69.817,289.7128
180.303,221.06534
0.707,105.99528
9.573,149.87181
4.003,187.96675
9.857,92.09547
0.09299999999999999,46.985268
20.6,244.83536
40.2,377.42145
4506.61,211.82991
248.727,514.50745
1439.717,116.511734
150.897,238.79666
40.063,22.854439
10.853,123.7133
10.056,32.8848
50.209999999999994,367.68268
150.613,789.0567
9.384,208.74362
769.603,264.77512
19.527,68.98062
0.343,139.86938
19.93,0.057755075
319.773,403.07684
0.92,94.595535
17.933,55.444103
359.317,246.93434
20.314,175.54607
0.14,29.067991
40.104,511.06543
39.487,310.70297
408.223,388.02066
20.983,70.88753
377.687,812.4733
19.704,181.07097
0.393,197.75221
7.700000000000001,78.50946
151.13,283.01227
8.346,80.212906
11.014,5.5490427
1680.777,127.39892
80.75,80.11218
20.53,47.37928
39.096,106.04481
203.886,167.4961
9.424,271.57147
51.083,307.3015
0.89,62.72227
0.204,113.72137
19.627,77.96253
49.216,283.67694
190.606,545.0744
240.164,207.90448
9.323,315.47525
20.394,205.56125
137.45,350.33646
50.703,206.74867
19.743,0.11359199
59.333,247.32391
8.933,32.34596
260.447,230.50386
0.187,78.45124
10.07,3.2615583
15.173,57.97335
9.58,185.00711
19.154,191.98988
19.184,242.59824
19.117,266.6066
169.84,2450.0938
360.38,1349.356
80.1,356.83755
19.237,167.96623
279.787,518.5654
8.863,260.721
20.96,199.12068
0.343,237.91304
20.197,151.33008
29.78,52.31138
10.786,26.915483
170.434,114.056725
49.92,393.49496
1980.327,921.6498
29.626,344.26584
1.267,7.5398593
19.084,110.85979
359.834,116.63299
0.174,73.9394
19.143,112.869026
9.567,3.2061338
109.356,195.33746
20.95,263.02948
18.563,354.58136
40.503,149.54858
20.674,120.38356
0.77,93.24614
0.297,62.692448
19.77,1760.7466
59.977,136.89667
9.997,59.07309
27.467,66.63385
0.03,103.679634
261.5,548.0216
249.876,249.32307
28.713,177.49387
0.377,58.82652
10.434,74.43703
113.32699999999998,242.00357
49.983,476.1199
330.77,272.84186
0.173,208.2603
19.483,197.2826
15.579999999999998,258.5316
9.94,153.84813
9.243,147.80618
180.667,101.06555
10.59,87.018234
300.547,258.23822
519.667,1059.5646
9.36,28.781923
9.353,83.56585
79.56,153.11389
31.166,72.774765
1743.207,506.0593
10.123,126.32776
20.964,182.23474
239.154,210.30838
349.873,144.1341
1.02,94.817116
9.693,83.395546
800.197,931.179
29.673,157.08826
220.39,430.44952
19.024,36.106003
150.407,266.02176
400.536,0.055022113
39.007,65.0039
0.144,7.592286
138.873,160.938
13.44,208.67455
10.167,186.5253
12042.38,6746.3696
18.9,38.645638
10.936,91.96197
261.946,856.828
20.347,168.76166
77.45,295.98294
49.847,178.4679
29.846000000000004,184.86632
1.03,27.652964
5992.943,376.32623
20.28,65.95352
399.953,283.46576
271.647,12271.075
0.296,65.85767
49.87700000000001,0.10964085
932.103,79.716736
38.58,419.6409
99.10700000000001,95.888824
89.127,171.65285
100.02,468.21106
20.046,13.089703
1.22,42.4554
30.463999999999995,73.51227
29.95,73.98257
289.5,264.84015
0.53,178.66356
39.603,187.03552
389.99,182.71767
18.026,101.99851
30.830000000000002,320.3231
10.024,131.01909
0.92,198.87018
31.52,14.106813
159.083,47.664165
28.174,244.01314
20.697,25.853537
20.087,105.5301
20.313,181.07097
9.034,169.56323
69.493,179.48079
90.227,1172.5328
0.047,53.587646
0.07,72.64226
8.737,157.53854
1899.677,781.2264
121.003,461.3245
249.407,193.1617
1711.5,205.87155
19.977,201.19162
11.247000000000002,155.50493
1270.17,195.30595
9.587,286.8771
0.076,65.313225
8.85,87.28151
9.367,63.687733
0.174,146.85332
10.98,78.869705
0.343,128.4951
28.587,308.8402
8901.51,421.06793
30.17,320.5199
258.967,68.13139
20.663,91.716415
9.36,5.491178
8.71,72.81558
339.696,634.1888
339.963,56.515945
559.183,241.7391
19.773,229.46774
28.57,33.086308
9.977,80.52338
9.937,60.700768
50.814,58.574406
9.783,83.66104
19.834,61.424892
0.12400000000000001,67.60979
1.283,16.534765
0.22,153.64348
19.977,115.34391
249.704,441.24515
10.757,319.37033
10.28,49.31419
10.843,302.90277
1665.224,605.9415
30.099999999999998,60.44905
31.183,24.890705
180.317,244.22186
18.733,132.7965
0.863,307.25415
541.696,191.30959
1060.243,327.02463
18.956,9.770174
21.31,46.978004
17.943,143.61235
28.827,37.41942
9.916,110.92087
69.334,321.6516
50.336,689.42053
1771.707,266.52875
1209.703,337.04684
0.94,110.23447
21.7,134.1403
50.85999999999999,255.40012
13.443,128.30798
388.87,78.70603
9.643,174.78429
19.093,125.32267
20.226,275.04495
4392.217,612.9018
8.61,60.312675
9.663,195.32253
130.413,1138.5063
0.03,5.4498186
19.317,524.8569
719.433,168.85564
9.767,427.14545
41.303,79.26718
100.183,85.09111
19.57,183.94562
8.223,147.40056
43.097,170.77203
21.01,267.07196
19.4,338.94458
39.177,123.372734
55.576,236.01958
19.703,7.3950086
141.07,105.48109
41.68,96.388535
20.02,118.789825
57.833000000000006,80.16977
1990.06,516.8191
0.687,10.071481
291.257,329.33282
190.38000000000002,23.590252
410.664,624.042
18.276,13.738129
19.633,204.77747
1796.3769999999997,254.46803
100.55,255.20499
10.733,71.37919
0.72,403.50754
116.29,367.5972
0.7670000000000001,26.475586
279.79,266.1612
250.09699999999998,345.74567
285.417,98.430275
9.867,327.85907
108.897,201.95361
169.403,0.90121293
1.517,7.6028194
308.467,240.36833
478.64,219.69452
359.6770000000001,123.81376
8.857,35.627003
21.31,47.569042
0.913,156.75703
0.363,141.4926
220.6,405.8798
29.027,198.56262
3579.796,493.96072
9.186,43.514305
68.744,214.95445
71.45,175.71841
1.0,202.83328
18.164,56.06947
8930.186,2370.3145
1991.08,201.73315
9.577,49.682816
9.467,222.01279
37.237,116.91589
40.267,62.34482
0.5,134.52328
47.43299999999999,26.834887
38.317,188.26027
14121.599999999999,7201.8857
28.367000000000004,48.768387
9.837,129.89876
1031.176,613.49744
131.157,55.44033
10.923,74.33872
420.586,225.08449
161.78,307.87332
80.146,191.52646
1678.58,708.00916
20.09,177.21158
118.44,548.04047
30.324,170.75046
59.68,17.518272
189.53699999999998,215.37552
20.013,290.75146
24.266,380.09256
27.269999999999996,3.228192
49.637,1690.3148
179.383,183.74687
58.007,191.68292
460.213,272.7912
126.823,276.13898
9.723,65.67673
20.157,1582.0822
0.063,48.24082
451.224,280.88028
10.317,195.77177
20.043,206.35506
1.8,203.48724
248.033,174.14018
19.876,29.27475
1.203,247.12938
60.506,406.2026
8.923,86.25496
11.000000000000002,184.05283
20.543,171.01932
48.327,362.35464
130.47,306.33157
50.743,70.22084
1.187,93.48952
9.937,69.51306
165.957,516.6142
59.42,267.43542
29.286,295.77625
8.527,99.97168
139.8,478.79367
829.513,209.74008
4.14,7.498197
0.097,178.87032
139.313,615.54596
0.847,39.224117
19.767,885.1295
510.826,171.47012
11.513,184.54619
15.66,53.464348
18.857,3.6463673
252.157,921.6463
729.623,175.86252
10.07,28.534338
7.15,78.64192
300.537,180.40283
1.6739999999999997,151.69917
0.017,31.837662
9.833,219.16756
279.113,29.215467
40.48,136.91379
41.17,176.1953
330.087,111.141304
10.657,68.47344
1572.15,510.40067
9.874,333.6341
1.33,28.534338
469.23,578.5464
8.737,156.40108
1.17,58.391933
289.814,57.699192
220.77,607.4258
12.69,69.5818
20.11,185.68745
2.85,110.31733
89.726,76.27997
110.04699999999998,229.74962
509.847,1190.1554
18.533,46.01735
4362.663,343.6625
112.98699999999998,798.8265
340.914,297.00693
39.603,324.26404
60.507000000000005,108.64635
649.437,2897.229
80.323,268.67413
13.907000000000002,7.676911
9.473,7.1829324
9.876,510.14377
0.11,27.526514
0.483,669.5635
0.737,28.608212
130.06,223.75015
20.367,200.39444
30.973000000000003,183.54187
0.36,184.50305
619.0,302.25363
0.437,5.5587497
20.727,182.35594
29.810000000000002,205.92896
103.14,297.70343
19.337,106.864075
0.343,101.63531
50.786,142.40565
0.047,58.333344
9.9,55.68656
139.883,295.12595
7598.28,1813.0171
41.037,36.610416
40.414,66.67397
10.71,52.545013
23.3,32.555923
2783.15,330.44577
29.34,109.145645
19.623,208.10123
178.60000000000002,274.7611
0.627,196.20807
32.227,81.884026
49.57300000000001,484.25433
300.02,274.31744
249.95999999999998,258.94684
0.44,202.83328
19.22,355.75195
19.624,31.687883
30.074000000000005,55.46246
19.75,156.95471
10.604,126.71223
170.927,191.83617
421.563,602.7175
19.014,125.437614
861.053,99.30073
9.797,50.80538
110.18399999999998,381.5603
29.176999999999996,184.76103
20.027,447.33484
11.427,32.584873
8.266,144.99713
10.287,106.24937
50.233,349.6501
71.604,199.30928
9.837,394.10754
0.016,126.934715
280.096,216.18202
8.44,27.521786
9.52,128.35411
1.533,101.925644
60.132999999999996,83.69044
50.493,366.0131
20.073,164.75752
0.987,38.060024
20.16,425.64465
28.81,116.68919
40.537,151.8799
30.444,200.56757
29.185999999999996,27.78254
5020.056,806.00183
17.216,43.715214
19.746,45.801373
0.647,91.82882
10.12,43.764725
130.41,116.39992
110.18,695.421
967.676,913.0999
199.31,120.3198
241.14,126.86725
0.03,73.77627
0.69,108.10797
1710.0759999999998,326.92682
19.17,56.479053
1.4900000000000002,41.388393
156.003,206.20183
140.16,0.057241723
1.147,57.67263
130.12,269.60275
29.570000000000004,235.52171
0.266,169.2826
20.363,308.2947
98.954,54.150146
9.133,110.50525
1.017,59.124428
9.87,89.72352
20.16,69.201935
274.827,229.08244
0.267,152.50468
9.83,34.637363
9.173,42.586334
1.16,3.7119737
29.87,23.497301
203.77999999999997,49.712826
71.22,201.26671
7.94,46.23022
110.07300000000001,168.089
170.083,524.47107
19.83,158.05922
119.657,48.067318
1.11,184.81323
19.92,352.99283
1054.916,57.9007
259.703,727.68024
20.223,375.73273
539.33,266.99445
1820.0930000000003,4910.052
350.936,1344.6599
9.686,53.995285
19.514,266.3178
50.773,129.11188
0.047,68.22917
9.22,258.08566
0.9530000000000001,325.84238
29.283,82.847305
489.31000000000006,179.8231
19.096,37.940075
50.136,327.93274
1.4729999999999999,147.31133
19.433,123.094696
17.93,53.728096
3252.643,626.67896
491.03400000000005,894.3573
0.373,119.228775
560.1,293.61533
21.477,179.06494
10.113,89.33414
1.173,100.01283
40.57,267.9688
309.757,202.45007
22.364,16.959316
93.19699999999999,125.94529
20.823,27.214487
3098.003,1422.9235
290.197,279.08374
80.577,241.11694
115.87,0.25185025
0.157,173.50894
1229.283,160.76161
0.224,173.76628
497.664,447.19193
22.896,68.58275
13.59,195.18773
150.297,105.37704
18.927,524.8569
39.513,206.76028
119.543,385.20078
379.927,167.86635
1.11,75.959435
244.99299999999997,390.34344
30.166999999999998,270.34274
1871.853,229.95416
40.64,215.55751
19.403,52.409184
0.033,91.96197
6.752999999999999,16.651608
0.237,122.1009
18.593,73.17114
210.84300000000002,100.79856
10.033,295.12595
0.123,65.07578
207.636,342.45132
28.414,54.326546
10.176,643.06213
61.032999999999994,268.75226
9.353,222.642
61.11300000000001,260.84454
10.143,179.6993
381.02700000000004,24.750656
220.48700000000002,229.94304
29.357,395.52054
330.174,82.51539
0.597,93.70217
119.71700000000001,401.47372
1262.086,1539.9065
100.543,448.83148
171.05,0.018502802
20.363,108.08963
140.15,45.01643
9.46,122.48227
18.677,287.6034
149.183,646.15735
0.047,350.78992
0.99,51.697037
2.047,190.5023
20.45,198.20021
0.7499999999999999,3.7385418
8.407,7.4981914
799.857,281.8529
20.016,487.89304
39.404,199.83765
15.287,16.418709
0.313,651.79694
430.31699999999995,236.7493
130.613,120.21679
10.366,183.07979
250.19,278.6401
89.80300000000001,536.2367
320.144,190.50299
120.136,147.34026
351.08,220.23694
20.627,38.758892
170.224,34.109722
20.7,32.0198
31.697,44.412518
5559.527,403.89462
19.907,198.4259
160.357,433.65295
30.33,216.93962
30.587,62.71302
289.96,125.708824
49.83,193.20222
9.237,182.81926
0.22,9.341615
0.473,268.08115
119.02,351.7074
370.04400000000004,150.00114
10.237,60.700768
19.573,168.63365
4.677,234.96321
19.337,170.182
50.797,286.5778
671.773,72.508965
1549.183,429.4339
209.82,107.151024
20.68,269.04782
490.88,619.22003
18.14,157.13036
109.703,509.5078
320.006,630.4873
290.197,189.66978
40.353,253.02704
9.98,388.84937
19.944,180.09035
8.326,101.44756
8.467,368.69998
29.553,277.23828
19.487,28.630848
139.956,220.89548
81.053,321.1831
9.893,253.05717
30.896,64.0295
1.36,48.60566
660.25,166.6953
4460.8,175.53607
4959.934,179.14064
321.016,403.19174
30.863,59.442474
79.757,136.49559
309.897,218.12875
0.797,53.995285
40.357,61.842415
60.457,115.05144
6.499999999999999,73.58826
9.157,26.880144
38.166,848.42834
68.54,89.33414
9.823,183.77388
11.386,5.6567802
0.453,102.47742
10.077,219.02719
19.31,156.40108
40.503,153.64348
20.267,152.50374
69.383,142.7734
11.017,154.72191
20.187,227.86047
8.833,169.67574
0.097,7.6028123
267.847,212.9247
21.357,304.82965
70.127,291.90802
10.956,156.43796
10.037,7.2730656
67.184,177.96336
50.51400000000001,200.62456
0.017,140.62228
102.99,256.2959
40.066,343.52045
11.86,147.37997
0.033,75.18847
219.503,112.5606
320.46,247.3401
40.28,753.90845
89.44400000000002,270.52283
60.583,1093.1158
9.287,54.445656
9.33,183.09969
22.163,319.31635
260.0,6.3738327
11.25,14.69051
20.066,711.66254
20.0,130.63708
159.72,883.73785
1133.72,626.1741
119.834,737.8712
58.697,67.7879
20.217,3.7452111
1.936,196.53708
429.757,290.84198
10.06,9.358205
439.8999999999999,307.71158
19.28,143.73943
200.76699999999997,682.0077
8.917,75.4966
10.08,157.13036
389.373,270.5672
17.83,297.50778
9.233,50.395138
519.736,235.50865
0.393,176.1953
179.353,368.01862
19.013,66.82986
658.55,264.74677
540.18,130.92018
909.8040000000001,8414.856
400.68,134.74156
151.91,280.76755
19.843,108.5183
1700.037,465.00473
8.83,115.04914
130.15,333.01236
20.793,81.429405
0.17,5.4169445
1230.46,256.84854
90.08699999999999,148.9093
10.2,144.05096
168.853,173.65187
49.547,60.86429
180.43700000000004,48.202293
138.863,191.83723
29.653,206.90126
139.924,158.93599
490.04,135.47731
200.463,132.78677
0.267,91.10463
80.13,23.610632
270.103,251.58984
57.303,249.98744
19.333,88.84436
100.29300000000002,298.39804
1.05,98.52852
10.703,204.5792
18.897,201.15157
21.063,162.37048
0.14,84.30145
41.834,197.53206
1030.13,554.3071
550.143,744.99963
0.03,130.59418
9.233,205.5313
5.67,78.41481
0.22,255.26663
20.616,78.38899
9.953,31.083017
390.52700000000004,265.13745
68.78,48.96113
129.684,325.4411
2540.957,189.03262
19.307,226.19926
238.19,158.0116
20.03,106.22859
4004.9869999999996,1230.9447
1630.6029999999998,864.88293
79.723,402.49265
1899.654,681.2667
10.603,299.9924
7387.797,227.6473
220.073,356.52817
229.76,141.28654
20.747,65.4756
1.6640000000000001,212.7885
10.187,89.87574
59.25,189.13599
50.093999999999994,382.91922
4.9,320.8422
131.32,336.51352
60.952999999999996,116.2129
19.487,176.28654
20.07,24.19336
9.337,54.618595
869.97,28.97137
11.657000000000002,110.95681
12.52,52.84584
0.9530000000000001,149.25847
0.077,453.6604
389.997,254.39888
139.833,361.55875
10.214,7.581774
0.11,26.243917
2.004,133.15256
8.003,136.0643
0.437,110.31733
163.987,249.54115
21.434,169.49687
39.03,437.03406
59.4,44.654095
21.047,127.64684
210.96,72.62505
13.513,27.848335
42.123,65.422806
20.69,146.89597
8.98,251.97514
329.217,310.79715
19.037,41.388393
69.607,178.10498
20.787,365.06082
49.45,74.34857
0.36,125.15456
189.76,310.08527
679.994,186.64429
109.227,65.33791
29.27,194.91179
150.18,205.36688
11.944,75.52129
250.144,991.2343
29.996999999999996,198.95667
28.459999999999997,319.32907
0.16,100.82945
21.203,101.44756
36.8,401.0292
10.067,103.131714
9.81,57.768887
0.017,42.44363
19.343,138.65625
161.056,103.26923
983.3670000000001,302.91168
230.233,292.69138
59.137,63.74008
129.247,499.96658
559.957,124.165634
429.80699999999996,304.36166
439.127,562.22125
29.737,61.715855
0.017,9.259065
0.077,55.122505
1472.644,1105.4723
0.53,81.57048
119.846,250.35516
431.964,364.34683
19.947,181.2644
19.763,183.87608
7.09,63.487488
9.94,235.41629
7.703,50.28327
270.443,553.19666
549.61,387.3751
19.837,191.24237
8.834,732.93494
39.333,51.755238
0.123,42.717674
8.29,167.94139
5.063,7.364336
0.623,46.4486
199.11000000000004,1244.5826
21.2,237.04918
50.18,32.471676
10.187,295.28967
45.76,227.16522
29.833,174.14539
10.256,402.83994
19.17,188.04716
9.667,117.71891
169.246,124.94722
119.88299999999998,667.27167
389.484,532.5633
558.743,595.37286
150.487,487.01135
261.063,355.72894
0.44,152.71043
21.86,389.34705
7.813,194.23642
100.44300000000001,178.09003
68.964,530.83374
0.7840000000000001,17.007181
30.067,344.6548
59.82,83.3719
0.407,84.23783
240.163,205.58484
119.497,60.24633
20.456,27.526514
21.133,94.83728
49.613,248.03061
0.03,42.07313
19.683,283.47876
0.08,25.846737
31.729999999999997,255.34232
8.926,26.98279
160.563,58.95612
0.844,29.779015
119.903,336.78165
20.593,52.79371
348.923,60.249268
17.64,57.482388
31.957,100.94368
50.779999999999994,113.198746
0.09299999999999999,348.57657
201.62400000000002,237.72356
10.363,192.83548
0.097,123.22001
2174.23,154.01805
10.503,53.95009
49.27,145.99733
19.82,200.71063
39.747,116.4965
29.346999999999998,120.995445
80.48,282.30438
60.05,196.69826
18.173,317.07593
20.173,68.192154
9.206,72.285545
30.05,340.38977
0.09299999999999999,86.51955
250.446,312.3294
17.794,167.66345
39.817,186.57274
0.423,146.17207
0.263,235.41629
4.047,191.32587
9.92,124.26807
18.877,292.2548
20.684,29.807882
18.264,248.12837
860.06,242.43214
9.77,510.6249
7589.859999999999,438.2817
90.413,40.359226
3854.797,2212.655
69.543,139.12086
940.377,97.63021
19.687,287.9437
11.063,41.935646
100.287,159.0246
0.7670000000000001,58.53008
19.643,162.61115
129.617,189.30185
139.067,337.33755
20.83,220.04852
1.58,92.76137
10.017,190.28236
160.01,524.04266
860.344,55.764774
9.28,139.45358
176.88699999999997,5.856142
18.173,229.76257
0.64,52.552006
20.51,181.2957
79.604,208.96616
0.204,184.09567
390.14699999999993,536.7207
10.176,415.45734
20.037,63.727055
192.12,197.00229
60.447,112.14825
9.217,56.903038
18.773,227.67091
0.25,234.96332
462.55,180.7814
1229.283,85.90014
9.92,76.33195
40.79,260.88608
10.413,32.485516
358.297,66.22514
11.563,7.4155354
169.297,204.59805
540.307,29.995209
240.01,447.56488
90.82,544.41766
249.763,74.56516
390.67,249.34953
167.9,60.03218
99.65300000000002,240.10303
60.056000000000004,80.38827
0.237,47.569042
449.23,282.33362
29.729999999999997,96.29132
0.017,14.07966
245.847,250.19695
10.153,314.37656
60.02,580.8709
40.673,205.00839
190.163,329.7513
29.756999999999998,9.806833
44.63,14.102162
21.213,282.56146
0.487,7.1135993
20.04,322.71274
24.007,171.60391
50.544,118.13854
19.803,50.819096
643.14,70.06321
180.29300000000003,280.4395
120.123,504.64117
19.54,468.75156
30.323000000000004,626.0092
120.203,65.66095
6.703000000000001,75.65508
28.96,275.01315
10.987,75.52129
9.853,92.23493
51.046,127.015915
4.074,35.746155
49.663,206.04625
69.65,504.71033
60.1,167.23323
88.52,169.00047
0.8600000000000001,43.715214
11.092999999999998,34.000065
449.863,159.47641
10.714,96.514465
742.783,161.8409
39.78,287.57108
39.284,121.46315
0.61,141.29453
89.563,181.62251
9.094,320.30853
40.92,46.34044
29.886000000000003,643.5599
29.897,63.315697
519.927,250.68935
40.073,162.24571
40.533,56.995758
21.033,248.79063
2094.964,451.5451
61.373,740.3133
11.876,28.465069
325.604,366.38455
20.366,44.463223
11.103,246.16925
161.017,238.91034
9.95,303.2461
0.123,34.008423
200.85400000000004,688.9927
0.094,158.52568
37.607,224.5438
19.57,68.839806
1491.8700000000001,395.98627
20.153,653.6674
129.903,892.9329
0.157,356.89276
40.253,456.98627
20.513,46.944897
199.467,504.1049
820.153,585.9477
0.14,17.127378
19.66,149.3212
773.227,770.89575
19.983,120.95927
39.727,247.19632
55.236000000000004,649.3111
89.82,663.1132
1020.2900000000001,573.779
20.163,49.13644
0.42,17.127378
0.19999999999999998,50.12029
754.31,1515.2921
336.94,0.21390828
3.71,348.09863
0.873,28.85137
27.204000000000004,439.53384
0.593,16.511475
8.63,174.39165
989.21,230.07979
80.62,368.10828
21.117,172.27887
290.19,185.05806
210.7,177.60295
9.0,26.82944
11.006,72.470314
19.09,170.21727
170.32,322.8414
39.977,72.774765
19.507,190.35274
6.75,95.53564
90.62000000000002,341.35748
4558.224,758.8468
9.08,191.63496
7.095999999999999,304.25333
0.55,58.054333
139.563,408.0025
20.937,52.078808
70.07,902.285
20.07,62.40257
1.504,30.630774
275.0,590.49194
269.453,692.99005
60.42,242.02008
167.31,188.25545
0.156,112.41689
11.786000000000001,47.326317
270.367,79.32497
22.363,300.51343
9.66,74.33872
2478.93,9841.819
0.049999999999999996,66.43472
19.79,191.0627
10.67,54.445656
19.88,68.47344
40.047,467.36646
159.91,140.612
349.967,203.57938
21.0,103.6899
1.176,26.601015
19.93,77.99802
60.276,53.204884
1.14,132.4895
20.233,49.42935
21.04,170.81935
1.974,79.64452
9.167,224.13606
117.41699999999999,240.85669
208.9,234.1106
69.886,1085.5566
0.326,44.325726
39.544,319.10007
158.927,24.569221
20.057,177.02264
59.312999999999995,59.423058
450.957,182.85179
0.156,420.28583
17110.077,14769.834
389.457,915.769
80.354,171.47762
1.003,30.630774
19.223,174.89618
80.377,6.1255574
3580.046,828.8976
1.0,46.172783
40.86,286.80597
1191.883,103.82189
541.02,662.7367
580.053,366.65677
409.01700000000005,0.05418629
17.873,214.74188
19.607,211.68948
9.27,90.72327
59.790000000000006,145.0221
179.78,186.57274
19.233,49.736
20.38,145.14719
0.41,716.7351
19.106,496.6384
2687.62,283.44962
9.427,68.221
749.966,572.7475
30.326999999999998,245.98741
0.983,91.725365
0.487,94.27487
8.23,74.15362
8.903,91.67368
449.364,962.61725
19.397,155.50897
19.683,1115.1617
0.296,118.62254
112.196,36.670403
130.523,305.82886
16.403,233.94164
1100.043,2091.1895
88.537,335.17294
90.977,65.88822
60.12,156.55739
130.773,701.96576
0.42,90.50731
702.467,444.52417
20.93,108.04432
1.7369999999999999,104.18259
293.617,773.1926
39.77,116.2586
1.437,112.95006
409.94999999999993,261.2274
11.44,10.148238
22.097,54.564175
10.703,158.52568
7.280000000000001,9.677875
33.603,344.2439
8.85,108.121544
10.86,79.09814
180.623,455.3707
19.0,57.398846
19.11,82.17271
8.867,336.39044
120.06299999999999,618.9508
0.703,32.643692
28.447,848.6395
9.846,314.61502
8.443,153.84813
100.484,384.64066
89.81,36.263332
29.822999999999997,158.14523
29.677,140.67638
40.63,99.63446
217.197,181.17902
0.18599999999999997,488.56458
529.13,525.85406
0.127,25.476656
330.32,353.1201
21.4,136.2703
0.44,175.17091
38.877,30.474195
289.8,266.84705
9.353,6.403286
19.75,80.956955
19.237,208.60545
210.07,459.58255
168.56,168.13092
20.583,456.0657
110.01,365.73535
340.407,775.79895
19.574,225.05374
548.874,545.14594
501.47,213.81293
8.526,130.10199
8.157,80.94948
20.743,354.12842
1583.81,965.26105
8.766,20.720354
440.05300000000005,919.6677
39.927,115.818436
9.286,61.39963
281.087,275.5212
0.547,615.03204
54.36,306.31863
1.234,67.99012
10.18,213.72377
69.51,284.4876
240.10700000000003,16.609276
59.887,746.328
110.29600000000002,605.36835
60.266999999999996,174.78862
9.493,7.676911
19.024,117.111115
0.127,61.22419
39.433,207.21739
29.944000000000003,83.7543
940.277,237.70407
99.007,56.03234
50.65,616.01483
1298.81,230.84048
59.24,848.12775
20.263,5.8375974
99.974,269.6029
99.814,172.12714
0.393,81.891266
8.103,129.67783
49.594,60.26051
138.653,221.73807
0.097,220.99503
10.59,100.46633
1.25,46.985268
40.183,308.82867
21.337,354.48373
30.326999999999998,231.97545
6.99,157.36378
19.224,96.30538
20.36,43.16629
20.024,392.84918
19.576,13.849512
339.903,225.89081
0.923,37.63928
7.704,214.45978
100.29000000000002,120.437386
0.297,123.359764
1.297,27.848478
10.15,125.91169
100.21699999999998,177.38908
19.46,312.40427
49.892999999999994,289.36612
840.22,253.00769
18.813,265.4754
8.467,103.99371
55.75,208.67455
28.266,3.2839944
9.61,181.58723
200.077,141.19095
80.387,486.13257
8.646,127.15557
119.67,58.390347
133.126,314.1517
89.977,172.32628
20.253,567.7612
20.693,181.63403
1.424,7.4981914
5656.614,94.34663
8.7,87.3561
71.057,163.13982
0.437,82.90094
180.897,272.93176
190.21699999999998,355.07135
0.063,169.22647
10.793,73.51298
99.837,299.20596
102.323,168.652
199.94,66.06263
10.704,237.77771
36.593,103.30713
45.18,243.64934
50.167,300.60828
9.9,117.71891
20.44,185.16786
71.087,197.28992
29.914,711.10913
18.297,268.12585
719.9259999999999,178.16624
0.0,111.86791
0.156,28.453245
0.063,75.84837
31.903999999999996,293.02896
18.74,29.807907
261.437,379.585
8.917,157.02057
19.21,87.56026
14.737,194.50578
139.5,422.79672
760.167,248.20453
19.343,484.0177
759.7629999999999,407.8331
30.196999999999996,62.787292
309.434,147.78772
290.203,177.11801
69.747,143.25266
99.947,149.95746
992.547,979.5612
29.145999999999997,30.179697
791.164,527.59705
270.21,338.13245
185.183,637.4917
340.08,778.81006
9.487,27.756836
109.937,34.62428
29.466,51.200138
10.433,94.817116
0.5,62.495285
652.48,478.8436
0.173,66.34697
9.65,29.067991
10.117,402.49286
59.953,20.726805
9.77,0.11359199
40.053,37.82635
30.106,371.4011
19.413,400.16708
41.594,335.8052
20.363,113.62296
9.81,718.42126
9.957,415.45734
970.197,216.0614
129.736,79.04665
9.4,158.92352
331.837,301.03003
8.97,184.65358
240.02,649.9351
8.41,175.44337
170.333,272.6542
50.137,440.5299
48.747,85.58528
7.779999999999999,27.98947
19.11,0.055870943
8.387,156.95471
957.164,634.92017
11.37,107.46236
259.713,355.63953
20.174,223.38568
589.853,320.02588
30.083,76.02491
150.197,1264.1212
67.544,188.64146
120.58300000000001,237.77771
19.36,186.05519
76.017,277.22726
9.937,140.62228
30.57,18.632393
39.753,272.6685
70.396,177.83983
11.36,138.666
9.61,195.87692
0.47,48.42287
29.79,176.5884
0.123,196.03458
40.173,92.43345
319.703,165.71179
19.797,142.88855
20.05,228.52148
180.47999999999996,111.44114
29.683,124.13168
140.844,202.15096
0.046,251.45651
38.773,9.882084
20.043,312.29108
18.647,16.558064
21.277,63.544952
79.453,393.64655
127.83,265.49896
39.79,618.5175
69.76,297.67667
11.3,167.66345
8.727,112.39892
20.857,63.680656
130.91,118.36745
1.153,28.754318
0.61,114.48092
160.15,521.82404
470.017,240.37885
1160.347,450.81845
399.816,105.43817
20.48,157.15239
20.726,152.21016
19.57,275.81873
8.65,65.10293
139.574,197.22733
10.65,107.999016
9.67,71.99651
9.24,131.72652
9.96,43.91814
189.193,30.583607
9.827,72.94692
479.90000000000003,224.25954
9.497,39.788
18.156,101.67366
129.926,214.35547
0.897,96.35725
19.037,231.06084
155.824,832.1783
51.42,10.192526
11.390000000000002,77.73745
41.073,62.553223
10.434,57.150143
8.07,45.42136
119.827,233.37654
9.954,315.74265
135.583,290.11575
349.193,498.9778
20.257,58.04344
18.683,32.124763
9.793,87.57911
8.947,32.789635
2.657,7.2028637
18.904,30.893454
9.853,111.97672
19.883,360.86176
549.91,229.72751
81.76,267.35477
50.347,352.7791
88.743,0.2471296
9.14,172.58257
1.08,287.4892
0.7670000000000001,109.59169
20.496,410.88757
289.883,858.1748
8.88,247.0623
0.377,107.69684
28.007,88.7878
20.29,89.39775
139.98,572.4087
20.046,738.668
548.227,855.73364
11.143,135.94379
19.803,673.3027
190.40700000000004,675.4058
20.07,199.1105
589.63,102.75042
20.673,152.63736
9.02,162.78296
429.183,237.35973
2814.4970000000003,326.06137
659.777,772.2275
1529.887,648.95905
0.097,68.21332
18.98,168.68718
98.77299999999998,40.244488
8.85,154.28595
9.8,229.17247
10.067,173.46571
359.857,223.28035
40.544,353.22052
40.307,42.194725
590.71,1024.9882
10.887,289.85345
161.723,216.92126
60.32699999999999,275.23898
229.64600000000002,204.34065
19.754,166.55576
1.277,29.856085
1190.727,1116.4584
29.92,32.326344
55.74,631.99915
29.707,699.10187
431.10300000000007,919.5077
10.097,64.7457
10.567,184.95457
530.713,200.75818
20.187,1846.2281
10.377,61.706455
70.144,307.66287
10.734,26.753061
79.357,244.40854
978.2570000000001,506.98062
198.794,66.80606
6.35,144.0796
0.123,236.85432
18.753,162.32768
50.2,24.341604
11.977,53.013863
10.293,32.54411
27.33,17.224148
1542.357,122.525444
445.32,727.3288
5416.663,107.521255
20.787,13.962788
101.29,165.81282
50.43999999999999,234.42064
0.36,183.94562
9.124,213.61789
939.5760000000001,774.37866
19.027,236.85432
0.377,48.87912
9.7,62.429855
577.25,1445.3657
47.213,255.97156
10.21,26.744612
19.347,311.439
17.753,10.2062
10.414,187.90747
9.063,68.42388
39.31,997.8508
0.076,91.511215
0.7499999999999999,109.99897
80.87,82.56145
0.55,183.07979
60.923,366.0434
71.217,52.52876
11.723,90.67622
159.62,183.57709
0.31,76.043945
1290.94,60.07534
156.756,440.3733
1.69,17.272738
8.58,26.654627
949.9670000000001,509.26788
819.684,621.0185
0.33,62.89029
32.337,305.3682
27.77,310.72397
38.69,155.50897
927.643,689.56366
10.873,75.45174
19.9,142.11084
0.267,179.16814
449.687,534.564
9.87,95.292694
19.387,42.849422
30.793,667.9638
0.19,86.25496
9.66,274.62833
480.527,217.46642
88.29700000000001,155.84572
60.093,289.13986
1.393,143.14659
189.92,658.6213
289.963,896.76
29.063,29.872055
19.86,192.89088
10.04,242.96555
3898.837,4295.192
0.89,449.53802
133.123,295.04697
69.657,365.17606
0.283,101.09258
140.79,201.10478
9.883,47.452877
223.397,156.40346
9.177,52.55053
365.707,257.38297
30.636,26.091715
8.84,182.81926
139.427,737.20844
9.507,30.026558
0.08,188.37099
9.71,277.04364
4280.123,353.26114
19.917,533.0664
128.874,252.8175
62.157,258.97385
199.303,242.75523
130.243,39.48463
309.893,307.3022
549.993,286.6855
140.026,194.14302
29.973,73.183655
10.683,68.69326
0.436,36.24494
339.07,269.0473
8.86,345.30597
1149.94,434.4747
119.343,224.14786
10.133,48.87687
0.08,66.15476
80.854,227.16891
4468.867,972.9885
130.223,0.21761028
0.983,50.949337
3908.3900000000003,2056.7761
18.366,44.004128
10.114,73.2137
10.167,31.697796
21.193,80.29046
18.923,54.78381
169.8,164.45425
50.317,376.8416
590.103,689.4924
12.860000000000001,17.151514
1726.427,502.4697
30.417000000000005,120.16256
19.74,112.72675
11.092999999999998,29.108603
0.623,117.62007
20.343,135.23923
430.24,327.90265
7211.467,644.1043
600.9,35.73573
99.364,725.67474
1230.0,1251.1696
9.88,143.21915
260.067,241.38191
169.386,199.34009
49.177,284.0505
12.043,79.23923
310.26,257.226
70.014,285.6936
39.803,160.42502
1.733,135.48402
99.16,193.60132
119.723,170.74803
41.42,194.5407
30.746,32.99366
9.807,554.3863
0.14,172.23125
459.51,510.29004
10.233,408.98593
0.046,28.697264
529.67,2.9630797
20.147,201.0038
9.833,5.5587497
291.154,601.0037
0.047,65.10767
0.016,108.42089
0.266,215.94156
41.117,255.33215
1770.7770000000003,170.29079
10.484,7.21285
39.417,362.69144
9.336,137.17372
0.034,50.12029
9.11,53.2805
180.20700000000002,319.9468
779.5799999999999,111.69745
80.026,339.28812
17.35,512.0946
50.540000000000006,275.25076
140.256,255.08968
12.166999999999998,136.52837
139.216,173.03726
10.45,272.66876
60.176,188.1753
160.05,557.4359
59.57399999999999,214.01717
611.013,232.54749
29.243,3.228192
9.373,0.9792396
1228.95,675.2964
180.596,457.6625
0.313,208.74818
99.723,199.87978
9.64,57.814568
824.663,363.1326
18.743,349.04382
459.32000000000005,398.38535
110.486,66.726944
11.006,157.2844
10.86,183.43678
0.3,109.68156
20.017,371.21152
41.396,105.538574
0.19,91.82882
0.55,47.162598
80.233,47.87316
1.7200000000000002,156.40108
10.616,231.95906
10.656,100.800095
8.89,44.92725
10.657,232.37943
80.226,0.111176424
1461.326,276.55045
308.5,194.90697
200.177,114.72977
80.223,245.73119
159.796,124.528404
0.437,142.78658
19.01,93.26948
9.97,0.2530444
1022.017,152.7585
9.85,620.5523
0.89,136.66515
2.89,50.856327
0.343,211.60432
10.24,160.09418
30.877,30.273352
328.16,729.3149
39.03,276.2472
10.33,233.18901
60.554,340.2779
29.203,224.25111
270.753,691.2415
20.053,145.11862
19.11,83.69044
11.627,203.08795
30.017,255.59526
30.023,1322.6224
78.547,286.73425
11.794,44.004128
8.764,145.64502
58.836000000000006,82.604805
9.863,125.916725
9.466,75.764206
90.95000000000002,64.90304
129.45,196.09184
19.783,244.18468
39.78,160.60576
209.663,76.90496
19.22,71.37919
430.58,1010.25464
19.33,52.148754
10.03,124.495255
0.11,219.88055
78.39,614.74335
3899.883,834.8839
150.023,195.74368
589.687,171.90898
0.17,82.145805
69.997,35.869072
0.5,28.802795
18.013,61.0492
30.98,147.1944
10.997,57.51717
11.553,33.661266
19.747,290.34195
190.096,274.43066
0.423,202.62946
10.767,228.47183
93.85400000000001,629.6273
4.863,166.8873
29.626999999999995,170.37088
169.533,262.79703
58.517,67.87526
129.75,35.376545
151.08,644.5544
119.45,765.5437
19.473,1495.1582
240.523,88.9906
9.4,7.1432223
80.663,373.63855
521.473,299.2809
0.607,13.715945
10.684,227.875
0.23300000000000004,57.71862
29.82,25.309183
41.797,308.48386
39.977,0.90233785
241.06,194.69514
1737.193,869.8607
9.203,503.6761
19.987,236.30748
21.147,39.94313
16.813,141.75858
61.233,503.6761
0.11,217.56972
100.153,4.8246245
310.824,87.12742
0.72,89.37138
88.93999999999998,658.93915
10.966,166.88277
40.653,74.43482
70.057,283.2899
1.55,67.70794
285.623,316.09552
20.077,177.93742
390.107,334.75525
360.67,242.07149
29.483,173.68524
89.81300000000002,223.84656
310.154,859.9016
39.857,494.67288
180.177,244.15947
19.873,201.4587
641.857,137.13318
9.587,195.77177
81.196,133.35602
1199.65,684.4288
18.604,768.66095
39.93,287.3947
0.06,48.789093
50.333,621.42316
17.813,162.3276
318.423,189.30817
49.277,118.288765
29.8,169.71812
39.497,112.10612
8.657,137.97377
30.800000000000004,943.87354
19.71,41.64567
39.02,191.83617
19.78,870.9386
10.156,88.51787
90.063,195.39005
9.73,445.2334
0.407,29.018288
39.97,315.41312
20.49,176.3569
361.04,233.89078
99.903,244.05089
29.996999999999996,21.836805
38.96,282.4576
18.957,6.2542114
6.126000000000001,189.68227
70.544,285.05777
28.887,0.24987273
0.723,156.57584
3560.22,890.4116
400.2060000000001,320.31628
120.823,224.69571
29.867,351.98672
9.517,57.33011
250.22,195.07367
190.94,288.532
240.64,111.18895
19.577,123.548
49.04999999999999,139.3047
249.453,282.4192
0.44,63.00095
0.373,118.24679
31.203,308.8129
118.903,336.22473
189.144,615.0974
310.063,214.87938
1912.887,293.47095
10.017,136.0643
29.01,59.13033
1509.5240000000001,246.4269
17.78,231.86412
49.616,183.90291
469.87,198.74907
109.327,226.40175
149.983,1710.8191
19.923,381.87146
29.862999999999996,71.59579
7.913,35.68144
10.39,31.60495
9.84,84.087456
269.066,125.66502
0.047,172.23125
10.34,210.9971
40.927,227.79865
19.77,77.836716
10.837,306.83588
61.103,138.94547
11.3,516.32764
20.137,34.414017
30.543,72.87733
779.7929999999999,103.54311
109.866,1188.2548
10.953,105.09207
0.67,105.99528
19.683,214.29137
21.723,116.014404
0.883,497.99484
28.796,129.36903
8.494,28.697264
60.983,224.34575
0.707,157.17444
30.72,50.29285
2.236,38.293198
11.13,225.27597
68.233,73.83515
39.967,193.0204
280.16,282.23087
484.11999999999995,247.62367
20.19,420.86472
29.483,636.3824
1360.533,182.53806
20.296,266.0897
8.03,182.94942
110.29600000000002,377.3044
75.577,24.550638
29.637000000000004,287.26132
12.295999999999998,17.297068
158.033,239.39172
293.316,313.09573
30.08,159.61887
5260.294,674.7647
10.01,116.4023
50.57,12.999337
9.38,50.699825
19.173,196.57858
41.71,215.41827
519.953,194.9178
9.61,136.08086
19.653,147.20699
303.19,367.242
11.84,48.3046
21.476,98.48067
260.46,314.10223
0.313,28.86109
0.296,224.92258
19.673,144.20222
1.6739999999999997,220.99503
0.03,7.3847775
29.926,184.59685
20.41,58.8265
0.267,84.5381
18.043,263.19836
7.662999999999999,207.06708
1.7540000000000002,160.95612
2075.09,703.7491
19.18,125.233505
19.947,246.1174
2349.986,603.78467
30.053,226.5453
17.477,318.9585
79.177,95.23995
89.857,43.88399
60.483999999999995,117.86534
17.647,276.61044
11.083,221.39128
475.71,455.54724
341.69,255.01227
759.93,77.88226
40.007,186.22208
18.83,130.11032
39.336,114.520355
0.077,166.0297
18.763,294.54407
380.04,328.54495
240.256,250.50638
19.84,646.25
10.03,190.9136
607.057,216.15466
19.933,266.6066
140.647,158.6428
10.857,66.250786
199.054,216.52988
30.503,339.3845
8.844,175.26907
9.433,240.34647
40.13,215.68996
9.834,6.306426
10.163,146.74461
19.656,461.14447
120.37700000000001,118.46812
29.683,90.37613
20.837,0.020250658
600.96,498.6333
3509.997,2803.598
1338.824,365.40723
11.24,34.227886
171.016,143.82144
36.554,71.91768
419.937,613.31506
340.134,205.1543
0.157,99.52415
0.123,7.592286
119.88999999999999,79.56972
516.157,422.5424
19.757,535.81573
9.973,184.39583
29.400000000000002,272.28864
10608.733,6738.1323
689.737,176.9543
10.113,151.98045
5026.106,777.43616
329.72,525.54443
62.543,309.85294
169.91,137.07674
0.016,56.98478
9.58,384.8287
0.09299999999999999,236.90038
2.547,57.28655
1424.033,791.7523
19.763,174.01952
39.96,41.045513
9.863,71.21076
8.207,105.942696
109.20699999999998,427.49158
148.737,176.84306
389.73600000000005,182.97112
9.54,234.37836
46.797,78.015915
29.693,28.584406
0.126,198.31042
9.014,239.4017
20.44,181.71251
10.033,24.32741
19.763,199.66943
111.47,217.45909
17.06,127.33949
19.36,359.0129
360.627,386.83386
29.907,49.873817
20.87,235.65514
0.033,160.95612
0.03,64.77597
431.46000000000004,269.1922
9.717,297.03238
19.677,287.8647
57.367,78.03552
9.423,28.453922
10.33,113.737274
19.687,84.419235
671.92,145.36716
20.963,56.584614
110.166,243.15022
260.887,408.78735
8.983,52.12557
20.157,403.70474
30.834,78.23488
28.823,615.03204
29.827,224.09872
29.82,84.6626
89.763,211.3288
30.482999999999997,540.7236
18.903,156.8229
8.71,160.50273
39.09,320.39304
91.02,60.19709
49.927,185.15617
9.793,153.64348
78.433,313.9593
29.82,178.0747
9.17,136.6287
17970.794,512.49805
0.267,9.641192
22.54,9.586441
20.176,293.57138
0.7499999999999999,460.6668
20.67,156.3551
121.913,185.31664
19.483,199.02402
30.047000000000004,453.05548
9.96,29.453835
1080.66,199.01071
29.304,28.754318
6.876,139.02263
60.147,73.30356
46.61000000000001,51.241955
41.516,2040.4592
39.603,51.36232
9.493,137.43689
8.967,56.00241
189.99,746.1887
1083.35,594.0515
11.02,184.33153
19.79,314.79337
0.126,100.89769
179.88000000000002,97.20654
150.05,261.84857
8.937,53.994987
1.267,34.342354
270.93,256.34708
0.047,231.94598
29.49,176.45569
39.557,251.34586
49.677,50.66458
0.11,63.064514
199.78,79.88516
130.377,760.0121
30.134,144.24815
29.626999999999995,218.3601
89.98599999999999,1875.1359
37.814,9.73314
9.866,169.67781
310.136,2182.2866
109.527,78.31014
9.606,190.31442
1690.316,367.0416
18.047,290.2277
12.246999999999998,7.123463
10.726,0.055444933
40.61,32.67245
299.88,447.1575
210.557,1263.5106
80.507,168.18213
89.48599999999999,934.81396
70.646,320.26443
11.03,222.26805
119.667,225.37605
10.327,51.124653
78.81,104.5035
29.964,264.72443
0.313,350.78992
30.180000000000003,301.6858
6.584,76.17946
198.947,162.83772
24.587,102.72908
0.123,157.28766
24.43,97.296875
7256.777,243.4621
0.187,109.68156
20.27,0.057534583
7.887,220.87651
10.49,214.67873
1.657,115.42535
21.203,773.6065
20.476,151.58208
48.18,380.28827
19.78,70.65612
19.65,138.17285
29.874,229.34235
10.273,110.95681
223.477,506.12732
19.026,156.3551
8.273,7.581774
90.13600000000001,380.06146
54.863,61.53043
29.637000000000004,103.759865
0.577,176.16176
7.230000000000001,190.13452
137.703,257.11597
8.67,162.3144
0.207,224.02495
0.11,179.96794
330.12,404.24295
20.3,397.3361
130.096,316.7505
9.664,43.4768
19.877,3453.8877
41.293,26.12439
70.113,339.7877
10.883,34.342354
0.7499999999999999,118.320595
50.42699999999999,242.74326
19.953,484.47934
392.967,829.4772
0.173,255.95543
0.22,145.08464
99.01,623.875
89.507,180.11278
40.387,335.45575
360.07,217.24294
16.404,269.01312
90.437,254.61395
19.31,17.948082
51.37,148.79192
3391.66,339.6141
25.587,245.44986
10.45,73.64758
18.493,58.308292
7.9559999999999995,9.919674
40.07,371.02634
30.366999999999997,408.3188
222.617,551.38226
0.25,26.744612
80.423,29.457285
59.11,201.06252
8.827,173.69496
10.0,162.47575
19.113,179.40411
40.577,286.8771
1.16,142.7734
19.897,48.24082
105.867,332.28528
0.236,175.98569
17.85,156.27243
16.62,53.838654
0.157,211.79935
39.573,46.576534
110.447,232.21516
211.28699999999998,251.12302
9.727,61.34206
15.04,78.869705
230.374,580.4837
228.573,666.0118
10.29,48.18122
109.0,438.89093
0.047,108.4863
39.393,30.026558
20.013,651.2822
19.993,342.45993
20.984,510.69553
10.677,285.0148
25.453,169.1571
399.24300000000005,271.51907
21.333,142.68243
70.263,347.6289
0.373,154.9534
19.877,45.27186
19.877,203.73738
0.25,114.46408
9.89,279.56302
299.433,298.14587
50.01,263.36636
0.03,345.76846
170.224,30.210344
380.05,256.62836
310.057,40.481735
0.08,16.62817
10.967,108.10797
0.547,102.90098
2230.233,616.78516
9.727,316.49954
1.424,94.96309
30.773,242.24666
9.14,28.630848
0.7659999999999999,31.185637
9.757,150.03543
19.077,133.02815
41.046,428.5622
79.843,138.75853
0.657,94.95739
39.853,333.6466
17.74,178.69154
16.774,221.21266
89.703,99.346985
18.923,0.11330508
190.00699999999998,277.0137
122.36700000000002,767.54535
170.157,262.72052
209.923,133.81847
19.277,171.23245
830.163,249.59395
8.197,92.519875
9.83,107.966446
29.88,234.02687
339.98,54.115868
19.254,111.867325
90.66,207.87622
3159.893,271.55115
0.423,409.8234
129.313,434.70905
210.06600000000003,172.33759
0.7499999999999999,117.16795
219.11600000000004,294.7032
201.00300000000001,248.12567
0.03,53.218796
0.08,93.48952
18.04,28.779045
0.107,26.206537
140.61,113.70962
18.287,210.9971
209.526,199.57506
1.157,111.320435
19.96,505.24945
440.10299999999995,294.11227
74.41,277.2036
110.146,379.24362
10.063,7.405261
410.61300000000006,142.72606
60.51700000000001,145.93356
39.956,101.68706
8.75,90.6386
22.487,169.7648
79.853,124.91412
17.947,16.675081
0.047,224.02495
21.066,498.5954
9.497,183.07979
9.353,215.67746
0.153,255.1395
0.593,184.43866
19.85,90.90178
10.134,195.23413
20.097,494.23032
8.55,176.85768
9.063,43.514305
1.547,99.78389
10.297,123.44327
19.607,1774.8008
9.324,340.4117
120.776,82.185486
130.26,33.6194
1502.2799999999997,2442.7717
17.96,69.98557
89.733,209.79259
69.276,179.38907
29.273,350.50305
19.466,38.910255
60.15699999999999,544.16974
1.64,76.62633
39.72,764.17505
810.8030000000001,619.09235
249.85,243.30583
41.127,205.17212
49.93,184.8901
60.19700000000001,146.91483
57.746,743.16547
55.077,117.09765
0.09299999999999999,29.163973
10.897,55.802074
0.267,63.88873
0.594,104.12133
140.713,1480.0674
49.970000000000006,291.35358
319.357,337.29877
50.317,238.19351
50.446,199.2933
318.493,889.51105
59.286,5.6173635
0.09299999999999999,220.89505
691.846,177.99753
188.95,244.16756
61.20300000000001,48.419357
0.736,115.34275
19.89,172.64622
9.717,62.995316
20.297,126.934715
710.4759999999999,198.40347
438.007,190.35844
109.797,256.87836
9.08,53.820885
60.599999999999994,84.65614
69.8,226.76314
439.41,538.032
6014.55,517.0987
20.83,89.57108
10.78,69.341644
30.28,44.390938
37.11,27.654768
11.593,103.820786
18.89,5.8375974
19.57,401.97336
21.956,57.46839
0.097,149.12288
0.17,31.420372
20.847,264.8849
120.39299999999999,2.85344
20.633,209.28845
69.623,75.808075
19.913,34.849606
0.123,76.236336
19.237,178.36298
20.147,326.47342
20.047,100.903114
950.303,705.4808
540.14,171.95854
19.757,745.79596
130.074,198.85222
6028.147,517.88715
9.714,185.16786
9.83,17.055162
8.56,94.721375
60.19299999999999,673.3027
103.5,362.86166
199.47400000000002,355.10193
239.72300000000004,169.68272
520.777,668.2413
19.92,59.16668
20.497,539.659
1195.113,1426.8323
20.627,103.72089
2479.52,374.44827
20.677,255.34232
80.557,143.58553
19.24,211.27748
0.28,27.726381
39.903,252.14499
10.267,231.71263
19.483,23.581436
0.0,169.17046
17.657,135.6077
60.34,164.38693
20.1,167.65215
20.7,112.80742
929.863,212.41142
329.55,72.50745
9.906,161.34085
18.86,676.71405
359.76700000000005,378.80103
18.227,105.64054
17.29,821.9895
30.47,121.46315
949.52,94.612816
21.297,988.34314
1154.75,664.9801
19.286,143.93933
1470.037,1106.5494
19.796,216.03885
80.866,648.4914
70.077,211.13736
0.0,98.430275
61.56,272.90485
39.947,213.12332
19.137,91.94825
0.7999999999999999,127.67866
0.69,210.44885
1179.326,570.7584
50.154,216.19884
220.02,224.21571
0.834,275.23706
10.507,136.7639
8.95,28.53435
8.593,184.4602
10.22,16.581394
100.25999999999999,352.50766
9.73,28.781923
539.437,280.08533
19.86,216.13792
269.703,177.8802
10.25,41.422256
9.863,853.9271
18.007,193.6683
7.25,60.20384
29.606000000000005,103.516014
193.886,443.3173
49.806,458.09195
20.04,155.88748
19.817,316.53656
2341.79,1063.9072
3.27,124.03109
9.743,180.23412
8.733,93.19943
39.977,62.07615
19.744,668.85364
721.573,2765.0464
19.293,653.1722
9.037,716.9279
140.28,110.70628
20.994,348.71188
19.267,177.88493
435.037,281.29813
9.717,307.50497
800.23,297.21115
20.436,46.964573
39.847,140.19586
20.153,1884.1516
228.684,153.90297
19.336,173.76628
40.953,116.60853
129.607,303.25778
266.413,304.4867
4.183,211.79935
9.367,125.82994
19.367,28.808872
2.03,73.9394
10.044,136.02518
20.144,122.099396
8.903,63.033962
21.017,129.6391
11.22,99.32255
39.656,250.23093
29.21,73.2137
149.44,291.37512
9.44,56.797585
0.22,194.73425
19.544,137.77275
51.183,75.00973
501.033,356.9823
0.267,53.529175
380.88,729.7612
669.963,450.09412
29.503000000000004,222.74008
190.827,76.05981
20.993,167.91374
7.87,178.15811
13.464000000000002,46.367844
13.353999999999997,222.54938
20.22,157.95486
410.633,94.72832
20.003,28.973505
29.902999999999995,479.60495
279.923,589.44916
21.54,615.16254
9.98,273.20953
99.966,243.63846
19.916,266.93512
9.323,365.0679
10815.59,2519.9182
12.197,58.43168
1292.367,188.70534
0.516,161.0955
0.0,111.2154
200.49400000000003,258.557
19.943,112.649506
11.083999999999998,127.32338
259.38,328.10327
19.763,87.134346
20.074,143.61235
10.89,208.04468
0.547,226.33046
51.22,74.02322
19.393,156.6114
10.757,118.320595
69.813,192.47351
1.564,71.21076
9.883,234.4758
9.233,52.81399
19.733,111.91549
0.19,5.4005904
10.563,227.4397
15.04,187.96675
10.53,28.779045
10.767,84.78291
90.62000000000002,43.94684
398.94,257.27472
29.717,424.14856
47.49,834.52124
771.143,195.9811
260.167,255.17482
19.39,159.14575
19.943,865.57086
140.08,173.67172
20.264,148.7293
99.95299999999999,885.959
40.263,150.57617
1800.273,1034.5312
140.04,674.64355
22.1,66.22514
80.446,222.24239
20.24,231.98074
99.827,319.94147
11.85,103.91439
46.124,169.15485
108.9,94.25065
30.749999999999996,53.820885
5160.98,733.0535
120.366,6.216991
10.163,184.28844
469.884,454.10007
80.643,306.37234
20.037,236.51035
20.57,291.39072
0.19,197.45717
19.007,51.493813
9.953,125.38779
20.083,101.925644
0.17,448.89142
10.39,47.698654
113.21,527.2559
523.83,224.74368
671.44,340.35333
110.773,132.36826
349.847,117.67579
20.26,92.36283
179.843,225.31755
29.25,196.76616
20.007,175.19449
318.846,1870.56
10.717,28.94337
36.443,1164.2006
10.053,35.90525
28.02,274.9987
9.107,196.64032
89.637,358.08133
12.173,288.70792
0.25,384.8287
226.137,172.1812
19.806,45.635426
9.65,136.22974
0.707,231.5346
69.83,115.07475
10.02,215.71208
119.91,653.8812
0.033,220.99503
19.64,211.68948
9.037,37.93532
230.29399999999998,615.36017
277.903,277.34607
60.199999999999996,159.04462
29.807,286.12424
20.243,193.89134
839.04,392.35983
49.997,221.61313
20.304,231.5759
9.006,105.101234
2.0,467.46445
0.157,32.603527
0.58,32.444904
19.66,80.67162
99.20399999999998,404.79193
20.096,157.30637
40.18,291.52798
778.81,184.44235
19.087,53.68304
159.243,277.02173
20.007,272.48486
19.62,195.95233
29.867,170.51321
100.37,228.94916
290.143,144.26372
18.884,164.29457
0.5,387.17944
10.433,238.0517
261.043,99.82098
39.83,47.818947
30.830000000000002,121.628586
8.963,66.63626
269.74,315.93015
9.977,220.89505
1428.37,1062.5045
3639.767,136.28337
64.907,242.75719
969.5000000000001,879.55457
0.156,117.4193
579.874,289.7909
20.013,330.46426
4207.72,578.8442
39.213,282.17572
20.39,224.0866
160.254,290.5844
9.917,45.762333
0.077,383.85733
9.733,87.134346
600.08,733.46936
89.78299999999999,0.019735068
20.017,329.30408
20.166,87.13375
3160.9700000000003,522.23987
0.567,40.799206
19.754,25.985643
18.927,211.67683
70.393,179.21935
69.683,89.304344
0.047,52.769024
19.79,184.72011
230.65300000000002,870.9706
19.98,114.111046
10.277,0.017572632
0.0,163.60008
18.92,192.69446
16.48,194.43172
329.37,127.800545
49.987,62.818066
198.937,244.24702
359.187,333.64783
2584.417,126.44327
2.046,109.36501
100.764,319.73477
0.174,51.596092
140.123,340.89838
70.067,265.7054
180.107,151.67035
8.583,38.060024
280.07,1872.7742
339.75,560.6766
150.373,155.73978
0.017,10.109792
10.583,87.018234
20.734,3.5947216
18.867,520.7003
0.64,110.85979
200.537,255.19225
11.074,90.23655
0.61,31.185637
79.993,1163.295
9.753,87.134346
8.903,117.71891
0.11,275.47208
10.944,124.91412
1109.507,426.6362
249.827,256.5607
20.103,516.95013
69.64,292.93814
100.684,2.8846595
1.144,51.100254
170.603,68.3473
179.853,26.74929
1769.8199999999997,469.01044
40.887,105.64557
40.79,249.43951
9.243,247.39099
50.56,202.21147
30.294,22.919592
0.156,122.63141
519.46,332.03262
309.017,175.03203
8.19,153.78752
0.013000000000000001,170.9947
19.82,80.41816
79.963,219.46916
19.083,218.32925
19.726,454.26773
2840.35,397.04385
965.603,1095.5948
60.212999999999994,104.13258
9.04,308.2947
649.017,658.2883
1493.113,644.6483
10.623,9.9763365
21.547,80.212944
19.563,142.39754
59.882999999999996,5.2480955
9.76,296.876
220.063,235.37488
0.313,6.1766973
19.583,379.22015
1.157,125.710335
0.034,258.32648
180.417,240.72285
39.617,47.504883
40.037,125.81822
0.503,111.91544
40.217,103.801544
0.047,348.44086
9.414,48.054882
0.076,140.31215
61.22699999999999,142.72047
29.530000000000005,29.237696
139.81,236.04346
49.047000000000004,665.5617
171.693,64.34131
299.923,790.7022
10.397,31.280607
213.47000000000003,587.0529
69.806,176.76024
19.42,50.099003
159.794,70.73711
69.233,497.67514
69.927,228.73386
540.103,319.38016
33.06,258.51358
10.497,72.200935
20.513,217.53326
19.92,55.4229
10.204,219.08583
0.064,133.57979
19.803,76.27148
59.857000000000006,314.65268
20.1,137.39143
51.63,30.197939
1250.55,287.5667
9.933,626.702
39.133,224.7988
30.166999999999998,41.996414
0.047,57.13458
30.323000000000004,231.98175
89.693,546.83466
0.14,196.03458
119.914,302.45566
21.067,346.01056
20.347,415.457
0.987,171.49261
88.76699999999998,155.15808
8.294,169.22647
1140.5,460.8938
20.967,300.25638
11.204,115.814125
1.17,74.99755
30.393,257.27844
0.123,113.6287
423.563,250.295
8.127,7.283156
3600.837,1289.8853
19.937,72.67159
119.26299999999999,191.0351
0.657,215.57768
20.057,162.84694
1.716,70.91755
50.06000000000001,57.507145
30.713,168.04062
9.5,286.69208
109.88699999999999,209.41167
48.987,340.7593
40.423,189.58665
230.133,169.69974
19.52,105.63437
79.17,207.72176
201.364,148.6731
0.14,105.942696
40.253,300.0447
47.733,224.11285
309.31,208.64384
39.906,174.56377
0.467,28.125286
259.773,353.36005
0.203,26.224642
537.447,318.4217
9.34,56.129448
59.09,140.73863
0.343,725.4694
19.573,88.609886
9.826,113.30295
360.023,917.6142
9160.86,5978.708
8.937,26.699596
19.12,169.55753
28.653,488.0176
249.40999999999997,224.68639
30.533,70.097786
9.36,188.31902
20.107,65.82174
0.813,73.77627
2303.297,226.8726
191.21700000000004,210.7903
208.606,201.77786
60.913,168.72533
2130.003,787.53033
1.64,47.53516
9.88,244.07587
0.923,106.27298
40.323,61.425426
0.313,133.57979
30.84,195.54816
91.13,513.2265
91.14600000000002,117.852325
89.60000000000001,251.26799
1.567,50.949337
0.436,63.088696
21.026,89.26751
221.003,214.16937
21.014,104.36821
11.636999999999999,156.30919
10.32,41.388393
10.72,200.99341
39.68,50.14842
51.094,84.302086
59.83,208.66031
38.963,108.696335
3132.91,588.6181
1761.06,304.08676
20.25,561.26373
730.383,240.28857
100.31,166.33173
29.233,140.7099
19.616,53.218063
1.0,16.769295
85.196,306.65717
18.476,146.4185
18.897,128.52664
29.456,117.92129
10.616,146.33223
140.85,293.5274
1209.94,336.7467
9.837,58.678947
177.193,382.31622
9.814,142.68243
150.55,213.10516
10.04,123.698944
20.34,25.90009
269.98,321.01163
110.153,170.16147
159.71,301.8693
15.967,7.4155354
9.153,102.27694
50.817,10.284001
1210.463,102.67232
0.44,44.68219
8.833,101.70437
0.047,42.717674
61.163,228.5667
229.133,251.03099
70.107,183.37827
10.15,248.25996
49.970000000000006,1292.3876
659.27,396.09705
18.83,303.2259
9.263,156.17177
0.157,198.04324
8.37,100.04425
120.117,178.76164
548.95,183.09544
240.92,235.2408
80.17,215.24023
7.57,38.5278
19.893,107.90039
71.877,132.67595
51.416,56.73681
35.03,107.6596
69.93,366.7809
827.0970000000001,121.61124
19.903,57.19992
70.333,235.53085
19.883,193.25845
17.993,62.692448
108.964,309.34006
20.043,76.62112
141.453,64.81928
230.31300000000002,847.14844
58.92,33.549034
1267.41,569.4819
12.577000000000002,175.23392
21.076,164.69008
4.006,221.21266
39.853,653.47943
20.39,30.151796
2121.11,616.4542
60.637,270.13852
9.233,48.42287
30.07,55.980408
30.146,392.59778
29.853,73.98257
300.19,854.6759
20.664,16.629251
3.727,126.56418
36.26,57.816505
30.163,684.0008
0.47,156.37352
89.68600000000002,168.88138
51.23,223.41663
8.803,213.604
7.853,291.71875
69.573,395.30472
930.46,375.07153
20.647,297.55063
181.76,486.35754
21.966,135.6077
7.672999999999999,46.48831
998.94,495.87714
10.686,303.5424
190.187,267.0472
20.104,134.20558
29.41,237.33293
158.797,272.1072
119.537,172.5039
0.906,82.756035
9.33,376.02176
4.663,94.22338
850.4840000000002,193.42294
19.294,45.990955
10.37,145.95023
20.02,267.94366
310.34,387.17944
70.517,444.31302
98.73699999999998,67.47157
30.15,17.106403
18.467,66.82986
21.187,113.15279
129.69,212.9447
18.503,47.34061
270.584,274.70132
0.173,66.25081
10.196,48.973255
240.033,280.9733
4750.96,1184.8964
319.97,427.45807
59.64300000000001,63.52637
90.35,26.059963
20.01,34.192238
20.67,198.95667
161.033,145.51355
54.49300000000001,1222.8048
19.643,478.88672
19.77,266.20474
20.056,155.3386
0.703,111.27789
20.097,135.45627
140.033,1182.5759
1.297,91.16565
238.98299999999998,1043.2971
19.837,120.005745
459.864,188.3994
19.823,51.40175
140.237,329.6753
102.53699999999999,306.6447
0.127,24.820358
49.583,226.18068
8.223,87.28151
79.98,73.09145
3472.6070000000004,232.81908
220.666,143.84995
11.146,159.316
130.58,524.8336
1.03,45.573643
1371.223,296.58813
19.736,425.64465
19.703,113.6287
89.77700000000002,38.80666
771.323,504.15744
149.783,297.83252
70.433,151.54823
428.76,275.4683
8.483,85.52156
31.166,207.36589
20.103,157.45877
3215.093,2344.086
135.3,169.00143
250.246,964.4309
109.653,457.02875
29.929999999999996,21.106487
59.89300000000001,624.42645
8.343,9.3748255
240.11,681.6965
101.11,164.13159
20.967,163.86093
39.953,178.5335
19.503,31.60495
415.017,35.463913
60.083,485.18396
229.59299999999996,201.234
541.1,62.162632
27.957000000000004,81.86971
772.713,1347.7847
40.48,85.379776
29.400000000000002,220.45256
20.303,32.418465
60.440000000000005,96.87037
70.534,134.63551
1451.14,171.08253
17.946,317.19473
81.787,141.64671
0.94,219.6353
1288.457,363.81876
3260.824,207.95053
11.107,134.5295
20.27,455.3707
70.47,144.51207
18.28,104.18259
259.104,775.5597
70.43,198.88197
1324.02,303.8524
0.513,66.59148
500.45,1221.0272
8261.72,311.85175
80.64,31.425526
0.594,120.34064
149.52,134.9242
118.823,213.93169
8.163,135.87674
630.177,443.256
11.047000000000002,738.0814
19.344,44.824722
10.353,28.657564
738.65,181.25705
450.18,367.83276
10.65,184.91164
19.776,1390.5939
119.603,660.99133
14.923000000000002,7.4878097
39.44,218.8238
40.253,289.25137
119.004,187.08818
40.067,286.30176
0.34,145.22447
169.97,204.84503
179.12,327.65466
159.947,247.39099
9.1,171.53416
1.8,7.1432223
69.733,311.2985
9.26,27.370066
38.843,154.28595
30.69,87.49403
29.097,413.55643
20.17,218.58105
0.343,514.99634
19.48,44.40359
110.68699999999998,48.607716
140.06,177.65964
11.183,26.699583
40.307,105.041245
40.654,600.9497
8.847,61.39963
18.906,139.17021
29.662999999999997,291.6457
59.867,138.2666
379.1499999999999,440.6164
159.986,86.32189
239.94,154.47624
0.267,57.47357
999.927,252.01086
270.223,334.2994
10.88,34.227886
20.517,174.40381
4.896,44.438457
20.403,87.17089
111.27,49.904816
789.983,2498.5693
38.243,32.959377
19.967,175.94884
21.667,207.18654
120.193,2279.7664
19.87,308.5851
10.59,6.2976947
128.89,179.51701
9.366,209.99138
0.66,124.631775
9.956,28.211332
21.14,176.88412
20.34,47.38184
171.146,66.79013
0.376,3.6140008
10.65,183.51974
8.9,129.12274
9.833,36.263332
0.64,82.1284
11.073,233.67908
0.89,72.248184
328.93,121.710464
10.387,34.920444
58.273,90.007355
2309.67,499.70407
230.4,762.83514
19.924,232.54837
656.62,425.99426
259.07,243.11186
38.897,33.661266
47.553,194.41492
78.936,28.288319
0.19999999999999998,28.876965
1951.0870000000002,3375.2822
46.727,1547.1727
549.67,435.9211
8.613,99.78389
2.406,16.840298
30.69,111.21513
149.383,289.9404
30.767,125.09137
9.733,43.892036
16.836,49.303074
28.394,67.79372
19.783,49.96486
19.913,322.96036
260.72,314.2804
0.656,28.853558
82.547,174.41151
21.023,59.243164
9.726,163.40225
0.06,84.087456
9.853,200.34851
0.237,28.036661
19.65,40.401546
20.173,80.52338
39.9,348.2749
72.133,142.48094
21.05,0.45949203
0.267,94.22338
20.3,153.64917
191.454,95.8319
19.454,180.03418
2029.8369999999998,868.63666
0.173,73.77885
8.843,126.32776
109.673,311.10678
59.53,71.33553
19.753,203.0136
1548.877,188.20412
59.517,119.74794
586.033,218.88339
89.807,347.2488
0.55,32.231476
0.016,197.95868
20.173,84.24678
19.787,146.60101
0.607,35.701027
2.753,214.45978
9.656,31.39194
149.067,107.8099
269.673,26.295746
9.363,554.3863
9.083,185.65819
600.037,816.00757
16909.33,255.90965
852.23,243.60692
449.993,160.5449
10.547,119.15442
19.623,990.0123
1364.33,721.75714
29.46,286.18478
9.98,5.5490427
0.187,129.56503
19.983,1508.5765
517.593,206.61537
350.153,300.35977
10.434,140.49348
70.29,33.340992
61.260000000000005,229.35423
0.7499999999999999,102.27694
9.757,191.03465
7.884,26.386505
0.89,73.96472
179.257,197.97127
288.58,373.3842
40.293,327.2235
19.75,111.407585
10.057,156.26321
9.547,184.03131
1320.37,355.20303
40.907,75.87611
11.17,173.8414
10.097,272.28864
20.85,107.17851
0.11,60.417053
342.626,416.92526
108.95299999999999,50.890545
0.28,141.51482
0.7670000000000001,148.532
10.656,67.19144
89.44700000000002,402.73108
850.166,366.42426
0.156,194.2044
7.687,64.80411
129.993,312.73328
1089.383,213.53305
11.86,178.51785
0.42699999999999994,9.275527
320.793,589.21173
169.747,78.44571
152.37,101.313194
570.466,239.28525
0.39,236.57137
1110.747,500.14304
23.783,138.17467
250.83000000000004,166.85265
19.66,269.1922
189.89,779.8367
730.116,932.2714
19.92,260.79245
10.107,168.18022
19.6,406.04675
20.15,447.33484
27.86,132.84166
190.48,151.11966
19.843,17.106403
330.163,21.260971
10.08,57.09443
8.313,32.774063
300.323,188.07083
129.847,1360.3662
230.447,182.06244
17.787,99.32255
593.183,290.82776
19.973,33.134853
1450.9239999999998,222.82399
9.24,139.86938
230.12,225.86542
200.15299999999996,619.23785
10.13,453.3802
49.27,2021.964
2178.64,355.72812
1.53,311.08765
23.73,116.23063
0.737,168.2201
10.417,234.96332
18.196,50.53697
8.72,86.89349
29.696,188.31384
39.907,194.2514
150.127,243.30026
9.047,328.435
18.967,75.52129
0.187,1019.0373
9.96,115.66236
9.266,191.98988
61.284,286.53665
19.233,650.787
30.453,1225.1952
19.887,156.67712
5.25,195.076
239.62,253.49155
21.177,634.01355
569.64,1199.1865
63.870000000000005,847.1048
152.833,751.2356
42.09,210.34058
29.5,196.76616
90.62299999999999,145.8085
28.546,125.70333
469.627,295.5281
20.023,31.807652
8.48,33.904716
13.5,301.36142
1250.927,524.5514
0.19999999999999998,42.058506
19.073,0.057755075
2360.19,284.94897
19.137,169.61954
39.093,208.52652
99.43,355.02902
31.003,149.05437
0.687,135.42523
19.697,179.43144
89.77999999999999,208.15755
6699.79,2659.0425
150.273,1566.5269
41.06,280.68985
0.03,336.3995
580.7,358.00784
19.43,216.4405
63.014,101.778336
241.13,165.33096
895.9329999999999,618.93567
7.329999999999999,192.9836
19.87,3.6269126
240.62,287.78424
9.454,1215.9624
10.4,125.94529
29.5,110.13015
729.85,85.71624
19.607,91.511215
20.65,235.2408
10.303,7.467083
61.217,638.97473
8.783,74.55866
2.924,51.58935
19.227,150.87561
19.64,584.2498
557.29,26.909637
110.06,91.52737
10.217,45.503246
17.563,361.445
8.393,246.51979
4459.11,1366.987
139.236,116.59018
149.594,202.64989
90.01,94.20783
410.804,213.27986
360.134,81.34956
220.09999999999997,287.48895
40.847,271.3146
40.256,646.89667
0.25,141.45589
499.87,394.21
1.25,66.63626
1870.11,146.69456
59.67699999999999,328.2404
709.676,159.25024
80.4,197.15686
0.203,122.72879
19.01,68.47344
20.193,168.60043
19.86,198.34901
0.813,9.882084
59.73,87.17089
249.43699999999998,417.5292
20.06,86.91252
19.094,4.7562966
8.277,144.80498
326.05,775.4809
9.89,75.84837
0.203,173.77339
11.32,66.62713
19.49,132.62003
30.86,266.432
20.38,573.7295
19.756,107.56555
39.67,180.18172
24.28,832.1783
1.47,80.25026
19.94,156.69835
11.05,26.342081
99.797,80.16977
40.474,23.497301
194.913,706.9546
39.993,318.8963
40.073,188.15356
17.207,80.622055
0.643,35.03721
609.553,236.94423
32.09,185.46297
11.257,301.13843
140.414,196.79411
259.707,165.14586
313.79,1328.8923
0.314,142.21977
70.714,301.91507
170.866,158.93568
19.193,676.85223
180.96,61.044956
29.02,29.863869
9.866,132.95587
0.673,65.513306
1689.924,1933.4498
20.113,247.01282
20.587,269.5318
19.864,147.44464
0.25,42.058506
8.236,184.32327
61.767,56.313744
700.334,1218.8318
0.157,196.2866
20.803,205.85693
180.80699999999996,276.49194
11.616999999999999,22.888264
10.59,173.77339
19.606,860.8861
0.487,92.60022
10.137,54.247643
0.64,45.54508
551.066,207.46951
9.556,73.9394
0.757,106.89072
0.517,183.4641
3344.3870000000006,1614.6969
19.927,222.95766
68.173,436.83746
89.827,524.5401
180.73,224.7744
398.86000000000007,816.3404
39.86,271.08432
6.360000000000001,66.2428
349.727,386.3342
9.167,74.00765
8.924,28.3659
79.31,245.88608
150.31,227.88164
20.263,322.209
9.093,51.493813
519.903,50.233578
90.903,166.58337
79.6,327.40103
204.857,324.66095
0.957,209.36624
50.03,163.90762
4542.074,129.79665
28.76,159.07288
209.99299999999997,353.16824
1.876,5.539363
48.736,981.475
170.19,168.94638
10.066,125.437614
128.203,59.211422
9.303,32.784527
40.75,238.28653
230.094,158.51741
19.86,5.0897374
10.86,29.237696
1.237,81.623535
11.193,79.26458
84.344,139.92867
20.023,609.3372
39.867,366.67285
909.8830000000002,273.20953
0.156,16.840298
169.663,265.8852
89.977,42.93344
9.557,143.12428
799.8369999999999,812.748
0.22,425.86572
2159.18,249.32791
18.91,157.39532
259.573,84.66581
52.12,170.73035
9.05,30.461576
9.706,74.55866
18.577,145.49033
559.816,169.28798
19.646,527.8963
9.76,81.3011
120.13,291.67593
0.047,33.70685
11.200000000000001,38.1764
19.833,236.94649
131.674,248.10156
22.057000000000002,176.5884
10.097,72.19325
0.973,363.9533
51.173,182.09785
4230.743,650.5625
639.474,254.1403
50.684,38.36014
21.04,758.7753
39.697,300.45972
0.14,161.91797
10.087,73.77885
9.393,55.202736
10.203,154.64708
1310.333,578.19354
10.15,31.540016
22.317,9.995284
17.3,274.50443
4953.457,740.37555
188.18,106.06352
20.877,128.41132
4296.656,1341.526
10.034,47.114723
21.183,60.128433
10.116,81.92386
0.33,38.748962
19.047,282.6816
19.467,214.86041
21.19,245.35037
0.627,13.849512
39.147,210.18373
189.16,397.7134
29.687,119.60993
339.9,104.61473
619.854,0.24620041
330.83,49.06777
18.76,67.82942
519.904,184.19711
10.013,80.715706
9.44,111.867325
3759.53,2290.5344
0.58,133.73032
30.193,198.4393
9.307,149.99417
34.92,195.42241
0.78,76.40011
199.726,155.44362
12.964,7.46709
80.07,1151.1781
78.327,178.72978
180.223,339.98822
20.114,155.88919
40.043,62.995316
1.55,670.3827
109.187,95.021
19.977,160.5449
160.823,168.1315
330.07,1063.9653
59.894,112.50092
10.077,70.825066
91.27300000000001,448.89142
5.193,236.94649
79.974,201.76169
2575.113,311.22684
30.375999999999998,61.701897
0.09299999999999999,127.86905
10.214,163.06905
0.797,28.657564
1040.976,121.074295
29.797000000000004,656.707
17.633,319.31635
770.9569999999999,191.02774
116.69,322.35605
20.543,244.19269
231.08999999999997,288.37207
153.117,296.0312
159.613,38.000084
20.603,55.808395
0.22,42.32486
550.12,342.22537
99.92400000000002,52.30018
20.027,503.6761
4.55,175.31992
100.27,237.50256
10.883,231.74669
18.55,267.8054
100.82,164.59496
25.197,326.67438
88.554,224.521
538.74,533.5816
11.096,79.110565
188.93599999999998,214.04991
9.663,46.09896
20.23,181.52266
18.7,252.04276
39.856,3.6921692
80.027,225.91667
9.13,236.76222
10.157,114.109314
1780.163,439.34317
0.064,63.358707
249.853,1143.1685
4341.264,2680.0068
109.863,270.94922
0.013000000000000001,128.36205
60.243,39.430702
20.243,205.81802
0.237,5.5490427
11.000000000000002,91.511215
27.18,218.709
9.84,82.97239
8.92,49.529213
43.173,208.53648
0.263,124.631775
550.19,213.59619
18.84,285.21194
9.62,31.06981
38.117,26.299458
21.096,173.85925
18.033,69.77989
10.33,92.0527
190.796,233.85133
19.85,83.56585
3698.823,1173.7113
7.323,9.995284
8.63,28.86109
31.09,3.6659265
230.243,445.50195
290.377,159.69267
214.25300000000001,242.99849
90.11299999999999,47.41567
38.543,286.25397
21.514,120.95927
19.763,73.58826
69.09,77.65452
2001.203,365.93796
40.194,244.18436
20.734,172.03642
388.507,269.5952
10.643,418.67004
189.04000000000002,581.80396
9.924,80.622055
137.983,340.85983
9.984,178.60094
10.97,1917.9143
9.633,299.4722
9.273,61.325024
379.80600000000004,419.6928
20.24,204.78899
3630.1229999999996,1289.8452
20.13,195.32253
30.350000000000005,291.62878
0.203,47.671913
349.55,144.21921
24.43,227.4199
47.42,16.372528
60.857,379.86023
19.583,163.86093
30.513,82.66975
270.05,238.6401
71.4,156.55225
90.19,210.55693
0.813,125.22659
51.71300000000001,242.12099
10.224,144.64279
810.69,220.81207
379.144,291.06317
1.79,160.70241
9.483,126.56418
40.123,277.85632
200.31,180.96024
0.614,184.52464
9.857,249.181
3.6700000000000004,125.87878
99.91299999999998,404.68362
229.78,242.9289
140.227,811.0256
9.103,197.8414
7349.9169999999995,1258.567
58.92,339.74786
80.296,158.43481
170.834,315.47525
210.077,220.22879
0.95,26.449831
115.563,197.56157
448.647,523.3918
9.693,134.78262
84.45,69.52584
0.363,133.63123
41.157,64.663185
29.87,9.995284
30.129999999999995,77.912964
10.357,217.97005
29.963,162.3144
30.032999999999998,221.47972
30.704,27.48367
39.627,191.52646
19.757,457.34448
80.147,45.19875
0.47,7.581774
20.183,68.18176
10.864,388.35187
90.344,245.81903
0.153,32.510845
0.987,56.797585
11.377,115.93221
1945.74,677.5727
0.157,119.228775
62.804,332.53073
110.693,157.81894
279.667,42.283894
110.017,46.608467
0.32,255.01227
10.007,111.86791
719.867,292.78415
131.247,153.38663
210.81699999999998,114.37381
9.176,27.605085
39.973,5.3195286
9.32,134.14062
9.593,377.1375
21.093,6.3414783
551.694,169.10847
9.794,34.288677
19.68,200.40805
19.93,60.487175
110.147,252.40034
0.25,316.28177
0.0,46.9366
2551.594,47.702824
289.377,80.962654
20.79,68.61278
4763.393,330.94092
2009.227,790.53265
47.919999999999995,54.816696
50.047,30.556133
6460.643,812.91437
250.217,303.47058
10.283,94.72129
0.11,93.48952
29.333000000000002,142.78658
19.793,197.15686
10.903,156.42874
468.03600000000006,170.8901
20.12,119.4741
10.027,530.54095
59.74600000000001,299.8587
2648.89,327.71677
1110.97,453.98752
9.927,211.27748
20.274,246.28392
9.9,103.37295
12.444,697.63336
149.973,119.22358
189.94,323.42026
230.2,165.26161
8.24,150.50543
67.36,276.99036
0.049999999999999996,30.630774
110.41300000000001,206.62694
60.00699999999999,191.46278
120.193,63.706665
19.39,413.0635
7.217,27.848335
50.187000000000005,180.57802
4.457,560.60345
19.91,193.98543
70.137,249.45442
29.907,75.75714
21.92,56.33826
1138.853,461.86737
20.99,379.9382
20.733,215.0588
10.187,28.051172
30.793,83.888626
19.823,390.26233
19.987,734.2056
21.28,69.56041
79.753,146.96057
100.38399999999999,300.86807
20.09,25.476656
379.167,1239.1726
90.24999999999999,147.55975
1290.126,737.1095
200.42,238.4136
1.5929999999999997,55.68656
20.327,118.34535
40.416,264.59937
21.3,212.14551
29.557,44.070293
632.994,175.7379
0.094,106.477356
167.44,329.13983
0.217,49.50828
20.396,181.08524
29.916999999999998,193.64848
8.593,94.721375
11.166,57.163593
19.93,203.08118
69.334,110.763596
9.7,27.707914
640.377,226.41875
418.88,312.25296
10.81,127.7287
21.9,85.207375
9.137,38.147137
0.25,5.4087586
5.034,130.92326
21.967,48.36144
0.18599999999999997,110.81255
0.09299999999999999,100.55571
8.297,78.38899
30.07,56.832027
0.363,206.8751
8.707,60.821583
750.737,252.05327
40.093,175.52171
9.94,206.90126
8.194,46.367844
9.726,57.080513
3399.217,293.27005
20.25,128.14027
10.263,105.942696
28.343,28.043879
70.404,221.43498
19.73,58.168617
0.534,199.33908
17.837,121.47617
149.097,43.25196
120.473,527.7215
1.063,38.337154
1095.177,276.27756
0.313,287.4892
0.014,76.40011
50.364,447.77054
140.104,31.667294
8.33,27.98947
19.83,87.0977
59.013,424.29504
321.75,370.47717
389.777,443.65463
10.086,89.90152
160.88,693.2478
0.45,164.00787
20.36,3.633386
1461.0529999999999,874.7095
40.057,635.0955
29.616,1121.8177
59.88000000000001,165.18044
0.8929999999999999,79.80398
20.313,287.6034
0.14,66.43472
19.834,118.31317
9.856,214.01717
431.07,360.2069
1.11,125.916725
0.06,43.91814
628.727,658.67053
0.25,48.42287
99.44000000000001,318.90134
0.406,57.316032
7.264,43.574974
20.344,340.47244
36.52,56.232273
457.663,500.11563
0.373,410.51364
2028.1469999999997,374.4808
800.07,1115.4631
170.103,179.72826
1.22,77.24328
20.924,138.17479
18.833,90.23655
19.667,49.72054
19.93,81.711
2.867,359.45016
69.82,64.699036
0.847,53.932945
30.166999999999998,52.169476
451.18299999999994,682.15125
19.933,138.13828
574.287,1515.4391
19.827,130.83258
129.11,34.5032
59.984,431.22375
18.453,177.33661
0.517,343.99817
19.53,30.721756
1.27,198.28299
10.916,13.4744005
0.9369999999999999,59.024944
40.32,47.21342
2300.663,283.4123
8.877,114.520355
19.984,327.85907
10.71,52.03237
0.344,50.73226
2370.85,535.069
20.124,117.35734
351.803,643.40533
20.207,66.836205
1.177,10.071481
369.943,455.1541
20.007,183.50194
120.73000000000002,208.95027
409.17999999999995,299.72195
0.39,83.74103
20.153,319.7879
19.957,240.71362
251.14,561.1284
99.53,232.20798
20.744,327.2717
18.64,30.394117
120.75,811.9998
12.28,71.21076
49.95,85.02844
0.033,204.99544
0.52,47.818947
9.883,60.284214
0.7499999999999999,38.352795
0.237,96.35725
119.92000000000002,62.138123
1370.496,605.37683
9.587,747.1968
1.7369999999999999,155.50493
269.46,326.9844
0.123,80.482605
9.72,61.337997
3646.6099999999997,126.64984
11.853000000000002,34.008423
500.117,268.5723
117.85,315.9532
489.496,152.16222
19.69,347.06995
10.12,51.674854
27.82,136.52837
9.25,148.7565
590.963,76.79489
98.44999999999999,655.4732
10.217,28.445818
8.813,61.22419
0.11,156.3551
9.634,133.05908
40.406,129.60608
18.017,176.70787
49.959999999999994,77.067604
40.877,74.22563
10.503,229.55154
254.007,101.662865
0.8600000000000001,189.068
10.47,181.20097
588.8,276.82733
5881.75,332.42935
19.937,248.13002
10.807,165.04451
578.99,78.41387
1528.014,663.7974
59.18699999999999,713.7838
61.563,406.2953
110.68,177.89694
20.047,276.95096
19.003,346.5279
10.583,42.4554
0.173,215.88187
0.373,76.043945
10.433,74.46636
21.39,5.8478107
820.12,364.55127
100.134,222.48479
20.477,56.97069
180.107,377.95795
949.473,292.3316
0.06,131.92236
41.933,336.2422
19.79,62.102757
309.166,351.8951
260.597,248.041
6.447,13.814687
19.313,166.17487
30.93,307.8751
137.97,200.11163
109.22,174.06409
100.06999999999998,187.05566
0.11,58.45261
0.283,209.99138
18.933,70.06856
28.123,264.0455
29.837000000000003,192.68254
300.697,347.96405
0.09299999999999999,177.58627
0.017,33.187508
19.773,157.9415
9.673,306.83588
0.156,111.583115
9.29,353.34802
210.747,435.59143
59.607000000000006,198.772
19.79,1013.13806
28.093,199.33908
299.656,850.7435
190.004,42.93888
8.163,174.48021
41.127,306.1984
19.856,241.75539
20.507,85.41295
69.423,322.81036
8.987,68.781364
131.707,16.48
9.993,160.72806
20.464,52.46028
9.92,182.85818
50.117,157.95486
80.154,198.74255
50.76,97.92595
2467.013,681.86774
179.75000000000003,197.72168
180.033,102.1214
21.237,27.153288
12.884,144.99713
0.957,73.741844
20.594,124.416176
30.147,380.29904
8.2,157.10841
9.813,22.9658
30.177,53.931713
0.297,113.30295
29.973,209.41043
9.44,27.186502
10.603,290.86194
0.047,67.358
0.09299999999999999,111.86791
120.603,283.59595
2350.937,285.9457
29.49,103.99717
22.207,236.33897
60.34700000000001,201.51352
0.487,226.33046
10.107,82.185486
119.056,163.05046
120.15,187.90356
599.53,3510.934
40.97,25.902252
0.216,137.94492
100.647,221.67949
819.803,163.6503
268.85,891.63214
470.163,438.06607
9.813,224.82985
2.483,7.6239085
140.19,264.72443
0.296,60.3543
831.553,91.7808
110.39400000000002,203.40524
10.18,174.82515
0.063,103.855385
8.94,683.91956
5.550000000000001,696.5767
0.566,102.90103
19.983,110.77608
8.853,144.64279
19.66,671.5989
269.087,681.126
3872.3970000000004,310.45615
8.58,401.7941
10.913,161.42929
19.8,211.33163
69.827,226.92653
19.71,285.67056
400.36699999999996,284.699
30.283000000000005,427.14545
9.74,156.9204
19.673,156.67712
1241.397,309.46432
19.053,257.4353
81.97,181.00664
0.08,0.8598533
30.104000000000003,257.05493
79.993,290.0808
30.097,0.24947889
39.683,35.74094
2362.774,164.74455
179.07000000000002,268.24918
231.16299999999998,197.5456
119.85399999999998,1149.541
9.05,128.52664
78.303,1116.0759
30.882999999999996,20.134638
0.203,42.3039
439.03,199.21542
1311.147,823.8288
9.06,69.06512
0.0,111.86791
9.464,209.04938
60.84,1.0189855
20.38,184.41719
619.64,177.22528
90.703,290.76697
0.5,119.530716
89.987,185.00711
251.08299999999997,258.61557
36.444,224.42975
0.033,261.71158
20.89,50.73226
9.543,72.84353
1.017,91.725365
11.944,56.749424
9.22,93.19943
899.703,168.74031
19.02,174.56883
19.747,145.08464
30.220000000000002,268.75226
0.22,28.86109
489.893,291.73825
19.177,156.23575
200.15999999999997,584.1764
1680.29,1190.918
59.69700000000001,220.7653
59.944,104.44505
682.747,567.22015
22.693,245.3106
20.646,286.95004
0.516,27.737772
729.814,305.11722
109.213,148.58714
419.84,521.3455
69.447,26.469378
0.486,29.686611
9.874,191.30385
32.053,236.99335
70.01,209.64503
39.083,273.36636
9.337,27.891924
950.2,514.23126
0.797,7.172987
14.89,193.40036
243.447,258.70706
1051.507,310.23495
10.173,315.34323
1.21,117.4193
314.283,656.3059
58.693,55.678734
9.01,27.971416
18.66,118.81896
189.397,439.58734
11.52,144.38673
79.34,223.1131
89.63,63.361908
10.167,225.33441
10079.493,365.05804
2.283,157.36378
39.043,70.442375
39.064,372.33966
80.183,0.8156968
10.56,40.49263
80.013,205.12509
206.59700000000004,192.09685
19.917,49.561142
16.546,198.47072
129.357,141.36345
8.02,116.87993
179.733,518.14935
189.823,248.6561
142.043,343.54562
59.94700000000001,219.93378
90.767,58.92704
53.323,412.9982
10.14,275.81277
190.274,895.7508
303.137,919.7667
129.707,233.60274
19.83,59.798695
60.42700000000001,250.9949
10.843,13.346065
2561.12,928.0085
10.5,49.77182
40.673,70.57417
110.483,214.31621
60.82,248.79547
18.836,316.11136
29.007,221.45987
90.11999999999999,107.99099
309.98,220.70012
40.413,302.27588
0.517,73.77885
0.326,7.4774427
9.47,26.386517
4.457,99.56011
229.377,310.83286
480.784,223.41885
59.336,159.39548
18.657,177.8721
50.064,59.918346
20.197,217.10771
120.26000000000002,1145.8219
1.467,287.05365
70.227,208.72113
9.936,150.95348
5.893000000000001,352.26428
149.166,888.55237
9.007,137.11517
9.837,213.47533
39.54,317.8064
320.056,579.8229
70.717,41.885647
277.937,707.4637
10.25,5.4580607
29.753,644.8301
28.81,179.6993
380.21700000000004,300.3157
0.076,42.06498
1.62,66.55946
59.183,193.89314
0.38299999999999995,31.875973
9.263,34.572433
59.75699999999999,232.57863
478.10999999999996,225.58517
50.707,214.45049
629.15,208.47186
281.607,305.64307
0.127,74.221985
18.827,113.59205
8.01,15.986968
261.313,1243.3823
21.454,90.176704
1035.703,1322.3079
8.897,39.616272
21.02,27.652964
42.357,205.36847
30.133,153.16766
30.267,120.7264
280.716,554.27527
68.4,267.46136
8.74,254.25323
38.474,147.34816
89.92399999999999,665.03595
19.993,310.48276
23.683999999999997,178.62335
20.924,89.37267
10.167,42.3039
119.04999999999998,379.52594
120.157,456.0657
49.879999999999995,98.33528
152.144,165.15033
0.577,65.67673
30.733000000000004,192.37558
10.07,48.973255
0.5,170.51321
54.973000000000006,60.931744
19.044,137.98131
0.157,117.71891
40.04,364.1107
370.05,223.57433
29.816,71.291084
50.147,212.82385
29.806000000000004,59.044537
0.173,184.52464
141.037,263.13025
0.19999999999999998,389.42694
0.33,62.068012
41.336,48.543785
99.387,867.0451
10.037,151.7604
0.067,16.534765
0.127,158.70146
40.916,69.51502
19.973,262.86853
11.883,123.7133
0.7829999999999999,66.73298
1.64,141.4926
7.256,120.16256
139.63,204.44264
110.274,72.24937
1.16,178.41975
1110.39,1850.6465
29.274,184.29738
22.58,361.445
199.83999999999997,682.58826
776.7470000000001,204.07379
9.814,675.5203
209.67999999999998,116.45252
142.29,290.80914
410.14,281.01715
10.38,28.853558
20.133,60.87469
7.873,73.93948
280.637,438.58435
10.65,147.48611
1760.004,650.8888
549.343,344.47815
10.083,10.05237
859.597,229.75769
49.064,271.0846
29.323,229.17247
0.187,72.550125
0.147,140.4446
30.11,76.06987
0.19,52.725674
40.8,229.29733
30.123,53.838966
0.317,27.671247
29.467000000000002,109.70959
1.25,108.58874
4.61,16.465021
280.237,766.2798
20.147,34.920444
46.117,179.54422
529.857,272.97668
130.07,176.41452
0.8270000000000001,86.76672
0.407,27.671247
11.080000000000002,46.1084
1060.493,265.0554
0.9530000000000001,54.450676
10.123,95.37957
0.14,29.441877
78.94,255.11508
19.93,47.41567
0.25,111.867325
0.064,175.1901
21.09,66.14144
30.04,387.8191
9.006,497.70615
49.833,147.58914
178.96700000000004,237.37012
5138.583,238.37535
20.87,123.548
29.967,218.84032
20.0,42.058506
479.62,313.42294
240.783,845.95746
21.127,54.962383
120.116,259.46146
200.7,1716.6418
17.257,82.843994
279.78,24.5607
90.31300000000002,431.44617
91.167,263.68643
10.377,114.102135
19.54,50.07924
631.0,225.02664
9.867,79.39305
10.13,376.02176
7.789999999999999,16.69859
370.147,186.95473
29.567,68.76512
60.27,30.148132
1890.304,186.32324
17.163,176.6594
9.504,169.67574
1.054,190.31442
9.834,221.06313
10.797,425.64465
9.94,191.35416
19.993,216.10593
70.726,249.15936
0.097,33.071606
20.417,134.31517
20.596,85.06888
19.82,416.38812
8.74,195.04266
2697.45,1509.7139
58.903000000000006,171.71677
10.486,167.03792
1136.44,365.0679
80.09,167.55118
0.407,75.65508
9.003,73.77885
0.064,51.39813
248.837,84.83489
260.833,0.24441727
980.66,87.09081
40.916,147.76663
19.607,645.414
8.65,156.62599
0.377,191.24237
10.293,5.7164283
11.003,90.23655
10.913,29.182951
299.87,379.80298
20.033,79.44158
40.38,107.56146
18.403,109.903984
19.293,95.95465
199.786,405.46732
8.863,320.0804
50.657,316.72708
3773.163,643.762
83.897,186.45406
20.233,225.53242
3.217,115.34275
9.367,78.72814
281.207,246.40317
9.787,67.02912
19.673,245.98741
166.53,101.56613
250.15700000000004,196.49347
0.08,114.172714
739.553,320.92908
10.197,635.0955
10.313,106.71102
380.14,1177.4218
50.92,51.1703
10.813,47.942554
0.046,268.8459
0.23300000000000004,61.842415
51.284,107.966446
90.824,801.643
880.213,266.69608
79.58,206.37915
0.064,105.942696
19.99,199.52557
1569.8800000000003,2236.5613
39.673,101.88316
139.49,195.3177
20.693,200.67079
9.767,132.95587
1.24,129.94174
20.07,219.82999
0.374,51.36232
0.22,200.90126
1560.657,296.72778
120.19399999999999,187.47711
30.137,156.17177
19.314,50.29285
18.783,240.89986
0.234,140.07358
0.67,114.756226
35.333,359.86868
20.113,159.52234
0.174,461.14447
10.213,167.83022
2959.6369999999997,2005.2188
39.043,540.464
39.933,346.1451
10.82,157.36691
300.33,221.24384
1749.993,274.28534
119.95,2127.8823
7283.047,1975.5774
1383.94,738.6885
1.483,29.779015
240.004,267.86847
1.6859999999999997,63.487488
19.36,217.3285
269.86,156.6372
5.054,157.02057
149.55,349.67688
10.637,30.893454
220.213,296.5224
0.09299999999999999,214.74583
10.2,7.5607953
18.777,60.284214
20.34,319.9104
40.026,182.92654
99.167,244.64442
1581.93,982.81683
8.987,52.552006
20.023,80.01728
21.937,9.477869
10.354,320.8422
94.717,14.3463335
10.07,90.971504
38.87,178.05118
10.0,286.6855
348.66,632.49255
39.563,205.63246
128.247,129.29826
20.06,62.10659
6200.496,178.55927
29.01,686.0183
21.364,56.232273
10.073,67.61609
9.576,102.096664
550.693,83.76463
9.89,33.821552
19.93,29.387154
20.617,5.7666054
61.15,1264.1406
118.066,255.39365
10.707,137.50984
482.0729999999999,264.02438
30.087,131.86949
198.02,164.74564
671.143,276.2421
0.984,7.719581
630.08,288.0553
31.01,301.5789
7.846,76.80239
119.85699999999999,190.33694
10.023,140.55232
300.043,814.6051
0.203,893.97986
0.09299999999999999,127.60067
90.413,380.33972
10.356,140.07358
9.67,90.75341
20.283,235.31993
10.476,81.92386
19.443,227.67084
20.15,434.4747
0.816,187.2578
299.737,182.01141
390.30999999999995,302.3515
19.563,135.36197
1.11,123.22001
200.273,126.84862
0.064,62.436268
89.446,167.98969
10.393,79.80047
419.983,76.68114
62.31,522.16144
2160.43,346.37256
9.083,16.581394
0.7999999999999999,85.12343
10.04,216.76208
2089.53,886.38513
5.023,144.38673
298.89,378.36066
9.38,156.3229
28.027,50.233665
17126.816,278.24417
0.03,33.515118
29.929999999999996,50.476295
69.296,254.8056
479.426,47.760853
20.077,5.6567802
0.107,193.24214
88.4,264.14102
10.117,218.24347
11.422999999999998,55.6368
198.486,488.5911
29.703000000000003,254.65231
9.95,154.21104
27.964,51.2379
19.267,53.854557
0.313,16.62817
6.593,233.02167
3.473,141.18289
19.48,5.5684805
1599.7399999999998,480.20898
0.69,51.350822
2811.366,534.1299
18.777,35.32856
64.177,0.25766686
19.68,141.42592
6.877,75.45174
10.18,1036.1272
60.117,642.51324
7.87,26.525288
184.133,267.5457
19.64,69.637886
19.873,221.29317
199.996,333.55695
179.87299999999996,266.5755
61.22,329.0118
19.743,32.97681
11.223000000000003,151.66342
0.437,59.024944
89.464,596.8044
73.034,212.7885
10.45,235.52899
489.18700000000007,234.87897
280.017,472.00113
431.03,120.4769
70.117,79.08556
10.156,59.13783
29.694000000000003,67.61609
20.927,168.77841
36.356,217.42688
29.066000000000003,111.26086
0.046,34.920444
10.804,91.96207
9.22,197.53754
20.203,461.3245
1290.623,409.9252
19.987,141.87852
0.19,137.22786
47.12,628.003
19.92,148.15579
230.247,666.0872
40.03,85.72359
20.78,194.27208
10.367,108.88348
79.897,86.6926
110.45,908.5403
9.923,51.933517
26.56,291.88425
14.273,208.32939
151.184,307.3102
29.729999999999997,211.79391
0.12400000000000001,92.287735
389.293,248.95586
79.76,113.78346
9.87,215.29665
729.486,212.93712
30.126,101.93035
0.22,110.21265
20.283,63.775383
219.896,1149.3389
9.376,49.342503
40.22,181.70488
9732.476,80.722015
0.09299999999999999,188.05263
100.06999999999998,228.46826
1059.92,370.65598
168.77,45.70068
960.204,1313.9567
69.424,213.93169
50.074,438.10434
0.09299999999999999,384.8287
19.033,682.68866
21.0,345.2043
9.907,339.26648
40.25,48.924572
40.547,218.43452
60.843,1479.962
0.41,31.875973
58.947,59.897346
60.617,183.1224
37.684,16.769295
21.82,58.22286
29.29,78.47506
9.657,1215.962
0.42,208.95692
1.4729999999999999,99.78387
1.067,16.816608
130.86,184.19177
30.423,28.89828
