actual,predicted
0.45400000000000007,178.46889
550.003,317.5651
2.097,222.68062
22.153,225.58403
29.72,19.260134
80.187,606.4678
0.483,26.190973
260.203,1262.2657
40.067,190.01259
10.657,258.41452
10.953,0.9614956
449.883,179.635
19.53,278.48114
0.11,11.229417
0.864,29.06311
39.696,661.41583
30.186,32.33991
710.033,227.25078
10.66,218.97539
39.983,17.244001
9.703,554.18024
170.05,961.7047
1661.37,379.64276
1.067,190.8893
209.507,359.67764
9.3,376.89694
19.824,1328.9768
70.64,268.98538
19.593,2.8855767
70.313,104.71665
420.85400000000004,309.8494
0.06,2.1394815
109.847,880.3554
6361.284,360.3055
20.067,83.51436
0.123,9.164784
9.94,127.57254
119.41000000000001,321.87808
3429.7870000000003,409.22174
50.129999999999995,1.0482993
37.086,222.75612
10.107,116.83255
8.72,60.5889
20.0,0.035164874
30.267,0.4047069
20.377,111.71417
190.013,152.37953
9.167,27.250563
9.497,296.9196
279.874,352.69427
9.557,88.80304
119.096,242.72723
3962.183,643.7897
39.41,216.25253
0.077,169.82082
29.91,544.77826
9.7,201.57962
149.627,134.84276
0.343,50.8307
0.563,80.85308
8.433,0.33792195
258.743,234.6568
82.057,814.99176
11.39,101.37623
420.467,1026.1296
19.02,911.1784
0.157,622.62585
59.940000000000005,267.5968
8.794,0.09384331
9.424,143.95728
0.513,43.314243
39.897,244.62323
30.977,6.6414986
0.547,44.2626
8.907,80.13421
279.71,672.8692
9.766,5.782475
9.143,155.47574
439.00700000000006,645.94806
19.603,0.060096927
30.386,275.60608
430.117,171.49457
9.927,0.56794703
0.034,8.270499
80.466,331.34116
9.81,1.0250467
20.12,88.52308
200.926,312.4958
9.354,52.44612
19.494,42.065536
9.494,0.72584105
8.74,0.3237478
19.7,194.91328
9.903,1.4811704
48.643,114.844
19.69,97.632195
9.42,50.294933
19.467,232.10374
70.157,6.1659274
19.803,139.58955
10.304,4.4984903
139.4,168.2958
0.203,102.75337
150.797,133.99985
49.64000000000001,200.74928
20.527,327.0655
11.07,124.93043
9.316,5.5025077
0.187,665.3746
19.644,214.70647
89.54,620.4469
18.597,608.8462
18.824,5.5412607
29.767,33.84257
10.127,223.63982
643.056,220.79698
0.064,91.00881
29.44,0.8496453
0.237,275.71594
20.454,157.0829
3605.887,361.01843
6680.377,2900.1091
160.113,347.66003
190.387,161.85132
29.380000000000003,200.09593
120.643,179.35663
0.614,95.78357
0.08,51.32126
19.793,38.32556
140.703,470.24124
331.25,42.435226
18.907,52.428234
50.31,61.883575
150.317,205.35875
9.82,76.57875
160.033,116.3263
30.283,113.2613
13.367,31.514015
20.67,661.9003
74.903,1117.0005
9.833,1.4938365
100.353,28.538918
69.653,214.78609
0.0,24.53296
29.613000000000003,0.9527567
9.32,1.7938454
169.353,443.70074
369.463,1373.9954
321.157,252.04977
100.09700000000001,17.84284
60.25000000000001,108.74553
0.267,4.9310055
50.063,159.0219
40.17,22.875252
4.8,143.47758
19.923,305.30307
9.773,0.74053365
9.743,1.1389776
739.693,234.30458
20.3,148.4443
28.794,53.611748
1109.4,188.50177
108.75,213.79259
9.577,288.68515
21.353,52.44612
70.843,111.118996
20.143,115.91119
28.326,94.70835
9.047,11.245554
29.863,184.2232
0.012999999999999998,103.091
18.46,80.13421
22.05,156.7189
11.1,337.07312
959.176,317.9589
18.68,407.67966
0.04699999999999999,6.4998126
230.316,592.8732
19.35,19.02745
0.063,80.52128
18.823,5.404181
0.406,26.447834
100.36999999999999,787.7807
19.106,568.38293
11.31,80.416756
9.567,44.21851
878.72,89.015976
620.417,373.62262
20.54,0.31931487
20.237,64.03966
29.787,841.5817
60.647,98.25473
0.44,79.99334
0.254,0.52090573
20.213,79.55073
156.337,606.99146
0.33,314.90482
10.59,74.65063
0.034,7.441932
60.94,292.14948
930.274,736.15186
237.07000000000002,143.58382
20.286,217.12175
10.19,156.79564
29.02,106.8609
9.757,69.31053
20.964,155.61026
81.686,327.20386
30.05,5.918807
259.5,223.44928
11.003,2.4087756
20.207,207.66391
10.433,104.57088
10.584,130.76674
9.873,222.93251
0.14,70.21799
19.886,62.153366
40.326,50.668243
20.45,167.50438
689.51,477.29123
19.197,317.21024
0.017,0.3424345
9.61,0.65410167
19.88,1.1418098
8.236,80.13421
33.907,1260.0082
57.987,0.76323193
21.14,0.5894526
1.297,77.90963
7.52,43.582165
9.17,38.89502
70.0,80.01422
729.73,350.4953
40.156,184.48332
20.39,329.3174
0.017,190.91054
20.073,198.39336
179.777,1240.4857
19.87,504.0454
59.517,546.34595
0.39,63.154797
0.17,118.68947
10.023,0.56794703
8.666,171.00806
30.14,325.95163
59.62400000000001,5.66591
10.603,0.42339262
150.893,170.55272
2325.117,296.96268
0.18999999999999997,106.247375
100.27,763.16534
600.337,799.0247
308.463,26.968784
9.94,216.33772
370.35,1413.2878
51.96300000000001,64.432304
0.123,117.90122
60.247,92.25738
11.397000000000002,0.4375161
150.213,874.3995
70.857,4.540843
548.547,714.26105
9.86,22.656595
9.753,100.26667
19.264,1420.2252
179.783,279.61102
230.93299999999996,273.328
19.676,150.2056
28.963,80.26443
19.57,176.66826
11.563,120.66316
3.734,121.63864
19.323,0.4126157
19.57,187.43591
96.233,32.823933
19.76,3.1775606
600.184,446.62598
231.88,308.33435
69.317,239.86003
0.063,193.28947
9.897,6.9614096
59.713,96.68554
20.173,0.37588933
1.067,2.5999331
60.00999999999999,952.3555
0.127,109.32149
9.81,167.36772
9.43,7.046715
20.017,51.631443
20.787,1.2021191
10.057,18.870178
129.697,54.907684
69.543,0.070103265
80.19,199.72902
19.39,220.13174
18.493,98.36546
9.893,209.03342
370.016,251.40762
39.514,11.2599945
10.447,0.9100889
19.813,149.74312
0.20400000000000001,3.0035176
148.07,160.07758
17.97,320.20312
0.483,318.86954
49.71,2.09066
89.977,920.39905
400.62000000000006,1860.5627
41.017,374.48633
0.39,2.3779233
730.01,274.609
209.50300000000001,1.3383965
0.734,43.447956
18.686,147.23439
19.897,33.672836
278.63,189.04303
309.323,1366.2555
7.463,43.447956
0.04699999999999999,5.6191707
0.37599999999999995,2.1681416
119.563,389.64038
3089.667,1133.5189
86.273,1117.7844
19.637,162.0491
80.353,22.711027
10.493,216.66988
99.87,401.91202
19.067,624.3779
170.907,571.5705
29.363,0.23993263
19.926,93.07588
0.157,35.20407
20.02,347.26495
19.927,258.2976
420.52000000000004,356.28894
0.14,103.4486
19.957,252.19528
20.326,178.03722
118.993,1346.2687
19.794,257.59772
0.016,296.9348
130.86,12.878248
40.39,159.67206
408.98,175.216
148.457,815.5379
349.86,273.56906
10.364,18.961176
40.143,52.421696
19.063,230.56184
39.393,123.412544
0.063,5.2170463
6047.703,387.62283
29.546999999999997,284.96155
30.143,115.501366
460.204,190.88313
19.637,1.4594346
50.827,109.70706
170.093,943.64966
0.91,1.4811704
13.173,65.64723
19.623,196.71153
28.010000000000005,195.02196
39.037,141.57303
170.557,582.00323
39.33,3.1259062
30.283999999999995,62.728325
19.853,27.992435
9.304,0.4599842
130.73,0.67440665
209.69,148.72838
550.053,217.45155
19.567,444.13092
1.423,80.65642
151.69,284.17667
720.824,404.26154
9.7,1318.3707
0.0,5.020814
0.407,0.75281316
21.067,125.45644
9.017,181.92049
11.49,153.43044
120.18699999999998,46.40222
20.783,60.083397
14.072999999999999,438.38107
20.177,36.56528
20.52,503.02792
80.45,224.48915
19.987,44.271244
2085.874,989.6654
2400.436,558.8779
9.937,215.83072
29.9,43.582165
659.21,225.99745
190.03,278.51175
11.036,1.4060553
9.2,3.5017588
9.8,58.91473
160.213,348.69168
801.107,959.3162
30.234000000000005,6.1405153
93.006,0.066041835
10.31,47.49281
18.907,53.492
0.36000000000000004,0.7095202
410.12,1147.0192
19.09,53.630894
0.717,216.2313
7231.673,688.87994
0.876,126.83772
9.956,8.587322
27.44,338.98627
659.987,265.19513
0.066,3.3075867
20.14,127.3125
19.86,11.749055
49.803,8.865902
19.403,2.025967
120.27999999999999,119.17941
39.74,269.5206
209.64,369.59808
6086.433000000001,3354.3704
258.303,674.6543
50.507,316.69324
11.753000000000002,147.85155
150.116,656.3515
0.063,11.790598
200.11,1090.8715
20.347,1760.0106
20.223,1117.8564
9.366,123.26631
70.173,89.68742
5068.87,1111.8175
0.17,0.52090573
9.956,8.5449705
7.506999999999999,151.8312
10.97,61.534378
78.99,134.52393
49.393,278.36417
9.237,0.5048682
9.137,11.51243
29.737000000000002,328.18103
40.283,6.457102
8.027,8.30699
20.553,117.26028
0.444,0.23043573
8.387,119.71918
30.333,467.60397
464.60299999999995,3117.6743
10.513,121.81921
150.673,207.15138
159.863,1117.8564
229.864,0.46834043
20.943,55.608166
1.03,10.726628
30.480000000000004,48.48044
80.49,312.39813
19.217,0.15872374
10.223,1.2751142
139.967,4.992766
0.08,96.79571
123.86700000000002,93.81545
0.75,79.85274
200.183,42.482796
1269.834,38.75158
40.03,164.19258
0.36000000000000004,0.21487832
31.117,97.34769
10.277,0.79321516
19.907,2.6849954
9.093,52.428234
18.86,92.41548
288.327,122.53825
339.143,158.62506
0.034,106.60773
9.9,4.093017
190.153,231.88751
10.404,0.7964268
30.3,181.94258
0.18999999999999997,22.155493
240.267,693.22925
1020.074,239.04582
1140.194,262.18344
30.449999999999996,157.48233
9.603,0.09783683
20.393,67.302505
9.97,0.48188165
190.176,402.50882
19.234,102.02404
0.077,1.686978
2962.65,968.2606
10.157,36.99804
40.297,411.30893
149.83,115.533134
210.054,2641.0024
38.69,162.83185
20.657,198.31973
10.156,0.20565213
19.833,41.17229
31.3,2.2857206
10.677,36.99804
10.517,83.28487
960.17,833.5381
19.877,14.446621
21.59,137.74751
9.6,7.441932
19.754,0.64490306
61.196999999999996,803.36334
29.92,114.569214
69.367,41.71889
9.94,5.665132
110.11399999999999,839.1348
1.24,141.68707
479.85,50.672146
196.807,167.37184
19.983,0.845314
150.06,483.60452
1.36,23.677176
90.747,240.24583
781.164,707.102
18.913,42.91553
10.06,3.34142
10.47,795.11426
20.017,642.63855
69.83,138.90791
1.27,0.30477613
159.726,175.20145
21.256,318.36484
20.176,491.7999
278.623,187.62007
9.884,2.4011385
9.5,0.40579396
80.793,44.46568
49.507,46.36573
0.623,5.1406503
859.323,871.6358
0.283,3.4776618
160.016,145.17978
360.804,810.6521
49.927,5.4687743
50.727,372.94815
385.443,230.83647
28.937,14.212497
298.92,0.20768853
40.127,196.06438
19.97,721.6606
20.1,124.28477
9.93,151.05643
530.214,1092.9357
68.47,331.11655
9.63,11.749043
50.02,435.68875
10.03,52.75538
20.42,405.1013
20.677,200.07997
0.707,0.37310717
18.736,150.97942
2.43,80.06916
1.067,329.86313
0.127,0.55967647
9.834,155.31607
11.286,119.13825
19.583,8.530871
168.69,70.13726
188.687,82.057465
8.14,102.4998
50.10999999999999,153.21167
9.307,2.7217364
8.997,4.3893967
30.526000000000003,2.3779233
308.037,152.74359
319.553,70.94506
0.75,48.629086
79.9,142.93742
8.85,222.42876
29.897,3.396859
10.933,133.26839
29.04,7.8443484
20.91,164.69241
909.24,219.38065
9.744,140.20175
19.903,0.05059044
20.347,222.83171
9.587,3.1259062
80.216,883.47424
109.08999999999999,2.3685286
4285.67,651.08203
29.996,41.464687
11.127,51.974834
99.11,164.74431
20.376,0.73088866
9.69,157.4049
0.063,21.503757
20.75,254.41574
350.88,31.125538
0.533,66.64652
10.057,0.7537476
8144.093,2278.6682
319.414,222.83932
80.59,983.4224
215.523,665.70184
465.527,232.20084
19.626,216.96425
10.87,0.23304069
3532.797,119.40994
9.127,148.8147
9.86,84.12079
59.394,109.34475
11.594,191.24019
10.814,0.18799424
40.217,369.43198
30.317,0.54507184
29.949999999999996,163.5161
9.817,0.5892531
1379.33,769.30865
9.3,974.5195
34.744,251.04222
18.966,0.05002446
19.844,0.054253202
0.124,334.99597
0.45400000000000007,18.442963
930.0130000000001,138.24525
9.517,244.8192
11.786999999999999,3.4769523
10.3,316.18732
180.257,374.68756
229.95699999999997,210.6866
240.907,241.32684
0.8899999999999999,315.72406
0.217,1.4723415
987.693,101.91548
9.9,0.38425213
870.0029999999999,738.87415
189.53999999999996,277.73282
1.847,4.612859
410.56,1104.9042
860.8000000000001,339.85968
99.026,309.09723
9.993,43.358795
9.28,54.425198
59.723,44.205956
169.546,59.445763
212.347,933.34515
465.36,143.78532
10.273,10.786408
40.28,514.0167
0.156,141.1271
110.42,236.6047
79.707,39.28341
49.267,234.96114
0.017,2.6289632
178.397,323.30826
19.987,133.80801
1830.1869999999997,1300.6426
29.897,176.59363
0.33,2.1681416
511.03,247.49602
208.82,460.1574
10.697,121.80443
39.25,191.41725
0.487,81.75291
20.183,176.20695
2189.293,727.0709
19.127,5.056455
11.483,505.95377
9.06,1.6487479
0.143,47.368637
21.754,2.993179
122.04300000000002,386.34152
60.967,381.8641
88.22,334.0233
30.017,207.15138
89.37,18.333176
180.667,170.25099
56.64600000000001,1233.2035
49.547,265.97443
21.173,45.42883
220.16,92.26617
20.5,24.992498
19.354,81.28784
671.967,421.7733
10.006,3.9735615
291.174,173.11617
48.89300000000001,123.96754
9.657,3.9267247
461.003,0.5119958
39.233,492.39786
550.406,249.76688
29.3,177.25499
20.017,536.0276
429.51,243.24617
240.48000000000002,303.62766
1.253,163.61745
49.9,4.210157
0.407,35.460957
51.129999999999995,105.22867
10.637,11.036205
139.893,271.4541
59.230000000000004,156.5983
629.373,181.06018
9.637,0.93841624
19.863,294.72162
0.483,207.57347
8.444,0.16853663
0.53,50.110855
19.1,44.17707
0.39,304.70016
3565.953,4815.176
19.157,95.89397
0.25,0.42924622
18.72,156.94351
149.946,604.17395
261.04,239.84879
9.71,259.02972
19.38,44.271244
0.47,13.467198
9.107,0.12000819
60.46699999999999,208.42441
290.327,591.6683
69.603,41.745472
19.274,152.28145
70.71,180.28036
808.366,322.8031
893.3640000000001,587.72327
1.834,33.187366
194.26999999999998,1564.8518
19.87,663.4039
9.89,223.39372
1.263,173.69847
0.08,19.307278
0.577,59.701454
1.067,26.7942
0.533,2.4777944
59.15,547.975
1.45,3.906624
20.003,56.161537
61.003,48.96494
50.393,175.94891
1.347,43.003822
20.776,126.584694
30.05,21.11957
20.873,353.6789
18.953,233.4308
168.85,78.19023
9.567,1068.6816
30.22,28.656675
898.8530000000001,47.633327
19.91,1.0850288
29.777,1183.999
60.09000000000001,57.887596
79.93,3.4630582
19.337,2.9574237
0.107,4.612859
19.74,1.0088857
240.583,232.77992
9.957,167.93805
520.13,1412.5422
976.8,159.21912
0.127,0.84471774
40.127,2.7576094
30.454,76.82321
1.173,20.212034
20.237,909.40466
0.4660000000000001,8.115645
102.763,0.290521
6.716,32.15852
0.017,22.509024
39.876,34.38379
279.073,51.437798
20.067,1.9101472
50.5,8.898541
49.883,146.20558
9.463,1.2230375
39.476,297.10916
189.92,0.36938122
15149.953,5020.387
3766.037,2329.2478
190.847,333.4111
110.524,192.6249
59.52,3.0245082
0.596,143.95728
140.083,362.38428
219.90300000000002,814.3513
39.66,196.42584
29.859999999999996,136.0444
19.59,8.951345
9.993,15.603516
0.046000000000000006,323.7499
220.20999999999998,1744.522
180.603,278.48853
0.25,0.3105233
26.299999999999997,0.30806452
19.67,190.01259
70.136,98.691154
702.58,409.92795
61.57,279.69455
1920.096,579.2776
59.783,1307.2853
9.21,0.0530038
20.134,0.19833887
30.573,165.77379
10.097,123.780685
39.866,266.30032
9.457,5.404181
1190.146,303.7761
12.647,214.34631
779.5669999999999,215.07959
240.13,164.35558
9.94,0.16175243
40.07,253.33963
57.97699999999999,210.0604
200.937,342.67517
160.78,428.46164
0.08,169.64648
31.063,96.08925
648.46,141.29922
70.067,187.78087
83.39,298.5449
90.937,96.1911
271.893,552.63196
29.856000000000005,2.6315672
59.53,0.4049022
330.167,506.7959
68.147,163.35681
9.547,124.28477
19.5,3.1775606
539.903,529.1991
7.92,90.70414
1.243,0.334548
60.18999999999999,816.45264
1230.177,180.10805
24.186000000000003,0.048872355
9.023,83.29679
230.97000000000003,445.37323
19.563,343.76492
10.883,80.907486
19.387,60.60053
50.10999999999999,71.60146
20.06,117.30997
85.323,739.9183
9.99,7.6447554
200.72999999999996,262.24463
60.163,67.61392
19.956,6.1405153
39.23,45.374954
9.58,188.00833
9.923,98.59447
19.933,54.997105
30.576,6.5773354
199.724,534.18835
25.337,192.62608
9.22,98.875885
29.346000000000004,0.7231669
29.277,138.95782
0.28,80.13421
101.80699999999999,310.98596
0.267,319.20236
41.07,269.7906
29.537000000000003,2.3405094
0.593,26.419163
70.09,335.63153
0.61,0.16430186
270.18,323.008
19.863,229.1049
9.863,1.9095206
10.35,102.34922
179.97,528.3997
0.64,140.20175
171.31,197.30289
20.303,426.9916
20.37,787.7807
20.04,13.682081
40.613,521.52
790.0339999999999,598.6502
50.247,165.10736
9.35,115.71178
161.477,358.17352
10.204,139.76367
15.213000000000001,0.6922673
0.14,4.2882857
371.043,1692.2242
230.17,135.27422
20.823,215.88869
80.077,122.57311
9.9,29.348139
429.983,314.81262
10.064,18.302748
89.993,165.2772
930.8769999999998,100.08145
20.333,15.861564
0.156,65.59323
100.14600000000002,293.0237
29.17,0.5596007
79.053,88.99199
0.33,0.26474804
616.747,614.05
0.09300000000000001,37.54618
19.033,117.035995
90.984,851.79364
720.867,771.8364
40.917,326.04315
29.83,261.352
9.207,85.07415
9.207,98.432976
29.553,0.120204285
40.007,28.7204
40.097,200.44719
0.327,0.29089966
30.147,177.8859
69.81,185.69316
487.93,1205.0162
110.09,210.82916
2352.947,1287.0885
109.20000000000002,184.9473
188.5,159.79897
10.33,1.9874595
3320.2700000000004,437.3738
810.0199999999999,313.7894
278.76,5.2573576
219.97299999999998,326.84863
59.556,35.819813
18.7,239.32904
22.887,303.92923
19.83,55.077267
160.336,215.88683
19.856,62.061256
68.884,7.6886034
1669.83,2588.336
430.356,818.9084
600.237,434.51187
19.364,217.48714
120.687,441.65167
70.213,409.01447
59.11,98.00277
650.967,200.0589
49.29,112.828316
20.2,81.116066
339.65,142.72997
0.157,26.219408
39.81,5.6191654
1.08,129.40381
9.333,8.833339
121.97,161.164
139.867,208.71843
1.157,0.5112058
19.957,1.1615334
18.9,8.384896
57.807,125.6739
5941.263,1369.9435
0.207,290.45786
0.61,64.9578
0.9699999999999999,224.3492
28.122999999999998,320.87204
8.877,80.984474
1162.433,1128.6074
0.564,165.04538
5220.327,4748.08
70.21,161.0885
50.536,220.2808
19.907,1.9044704
20.37,68.58679
19.96,389.02362
19.61,2.0919724
58.677,1.5772343
1.423,117.16166
20.0,171.18369
71.063,647.3549
9.14,2.1052492
11.047,1.6301404
19.517,1109.685
32.99,242.65012
189.686,360.8876
9.873,223.83427
10.077,37.48116
9.106,251.04813
0.17,46.741432
1490.49,689.1088
10.58,782.4434
18.11,104.76489
18.724,9.162374
30.069999999999997,13149.487
9.67,0.8202169
52.62,598.11334
1060.214,922.8944
9.86,11.120388
20.484,21.074965
11.6,743.7772
59.63,6.8569117
30.997,84.694626
11.037,18.777674
39.66,181.9405
20.507,7.288572
59.783,6.126047
40.21,0.5875013
2880.736,241.70946
153.277,388.15036
0.22,15.44682
0.41,189.61555
10.323,0.84694076
0.913,240.26389
19.67,153.68512
140.693,352.48624
0.283,0.12378885
20.127,36.67299
9.233,38.44013
29.067,118.792046
9.237,354.24683
279.414,63.056767
30.193999999999996,138.34447
49.907,36.318672
40.06,34.095276
0.69,315.90186
19.9,164.11943
518.763,414.08612
0.374,92.48314
320.55,227.96631
10.366,27.560362
17.64,242.03716
19.623,246.78839
19.403,56.626255
0.4729999999999999,0.9706586
0.237,184.28717
0.237,21.47426
25.144000000000002,1.377813
91.30699999999999,639.82935
523.07,185.11122
1.313,101.73748
9.67,130.838
19.947,18.597534
208.847,361.93115
39.847,35.094154
10.86,40.45146
103.17000000000002,431.25247
18.524,122.3045
19.926,117.666725
810.613,141.8905
10.25,0.93982774
18.784,248.31194
18.19,99.833954
310.477,1093.4617
9.804,29.411478
10.05,3.3807976
8.767,4.3893967
0.157,62.481728
10.8,93.53122
170.81,151.74487
21.127,111.08252
21.86,432.2003
0.09300000000000001,128.7624
0.546,214.92648
2235.62,367.78687
270.01,894.14856
199.496,457.01694
376.316,327.47006
10.253,177.47075
1832.636,1934.693
98.834,159.19429
19.937,131.51425
0.144,107.13543
30.102999999999998,97.0134
140.047,195.07301
378.51,143.46948
19.717,2.3979487
19.097,0.1274866
30.759999999999998,243.59981
83.077,29.688278
30.11,213.20174
0.344,42.170013
50.137,53.31761
18.763,220.72427
230.16300000000004,905.90076
0.25,1.20547
50.36699999999999,95.02943
20.23,660.2674
22398.3,83.1187
11.23,299.95303
89.177,206.05446
0.217,1.7529562
130.77,120.54937
413.27,659.0085
49.59000000000001,216.89597
0.577,7.987941
11.586000000000002,213.79259
65.2,225.64194
29.14,0.83782464
80.91,31.813574
209.67999999999998,195.09656
12.38,64.706566
9.264,223.03333
0.627,119.92615
50.197,220.97073
89.763,788.33685
19.76,4.8833647
39.513,132.42204
17677.2,12697.312
100.49,306.55328
10.07,0.16747387
19.023,26.707209
29.936999999999998,60.46532
22.413,306.85754
11.063,65.48753
80.15,3.9351747
70.213,330.71844
20.397,73.4703
32.17,41.956238
0.45400000000000007,1.7770978
6141.617,176.73012
19.07,98.18596
38.723,190.69019
580.37,297.4806
69.883,226.40471
20.88,3.7966394
72.994,559.1421
28.67,443.6832
30.870000000000005,494.27917
54.71000000000001,110.17273
39.706,310.67392
19.35,81.44601
5.923,87.18547
0.3,128.76097
49.143,221.97234
200.083,958.2652
481.5129999999999,177.74132
1.453,42.21747
9.83,861.57355
50.617,11.067417
10.35,81.18192
0.503,1.2971964
80.193,2.727593
189.503,172.80801
290.16,165.628
39.593,22.049961
49.536,349.44498
280.726,537.23285
126.35400000000001,245.85745
20.02,0.79785144
190.013,472.75626
9.837,4.2268677
23.577,124.74522
0.53,27.219637
49.786,247.77664
669.777,242.82307
120.73300000000002,179.56377
109.58,165.9344
179.477,360.21143
270.42,1310.061
20.507,105.82901
9.973,83.896034
0.09300000000000001,14.781281
20.19,247.2126
0.11,38.44013
399.96999999999997,309.07806
22.513,110.45422
20.24,0.6499945
30.08,4.2268677
11.433,217.66592
30.277,476.61276
0.03,46.245274
19.83,213.72319
19.213,0.35050622
0.577,3.0894608
259.843,131.63306
20.217,217.50189
10.63,853.74475
0.39,56.898262
0.127,173.19725
9.063,239.96294
229.5,162.49225
139.766,241.48735
0.17,262.77362
46.977,431.08286
2190.803,214.65045
139.79,275.46814
19.78,861.80615
1.293,169.29832
140.047,320.5188
29.8,208.1604
0.953,75.59212
8.89,92.68715
840.9499999999999,80.68758
251.297,6.1837564
1718.487,528.74506
39.4,0.1293148
18.777,139.0727
966.1530000000001,29.218584
39.003,392.4523
129.253,163.71114
0.08,0.39573023
380.22,233.19194
20.033,126.83005
199.813,679.41547
0.7860000000000001,12.696241
21.917,353.19736
0.11,62.830296
19.683,817.73065
0.4660000000000001,80.416756
19.963,890.2118
70.04,92.796776
0.39,1.8136975
20.043,194.90376
409.183,314.50146
329.683,835.4715
19.944,3.906624
19.313,36.420757
19.767,213.04428
9.35,128.53763
20.12,0.26968098
321.054,1222.5798
30.08,734.3687
211.67,119.617294
0.326,1.7806247
19.643,151.62207
18.17,40.497005
350.074,436.00165
31.01,1.690052
10.03,34.120724
10440.983,725.6124
19.703,167.97125
10.2,173.8659
376.533,13.388326
19.416,152.30577
149.357,118.935524
19.847,218.28505
72.757,226.08153
30.947,32.63218
0.367,69.152405
9.204,3.3857472
9.957,178.78377
119.943,58.031075
62.037,299.95303
30.363,216.10808
1469.4330000000002,299.32956
19.027,20.212034
384.91,810.2025
0.36000000000000004,166.80273
760.21,843.2672
0.123,7.6698856
0.14,12.954153
0.09300000000000001,83.6315
19.996,217.75558
48.32,69.98362
29.393,1.555505
19.88,434.84024
19.037,4.767575
0.78,211.12097
19.663,1.7415923
19.28,3.2445078
0.11,205.89296
70.15,268.55557
29.2,171.71223
0.014,7.16028
1.533,0.6172902
605.997,674.72
29.14,6.5773354
19.803,61.37799
4082.263,667.57605
9.994,1.586716
49.047,339.21048
19.86,2.531833
20.423,7.2128534
29.690000000000005,424.2016
240.36000000000004,179.48976
5202.783,975.23413
339.183,322.35117
50.29,525.53955
39.434,1.1996981
682.66,1229.5087
51.126,105.75624
9.177,24.2753
0.517,112.19028
279.56,58.356
7134.157,991.37476
19.933,152.30577
69.906,182.22348
191.393,441.8974
9.487,68.44515
19.703,262.71243
209.25699999999998,238.56664
49.733,202.82117
0.483,0.7847633
490.28700000000003,342.54428
1840.5030000000002,843.4698
19.25,719.1481
49.936,49.345684
29.52,122.85107
59.953,404.8461
509.747,446.81982
3771.9799999999996,306.8023
260.76,753.91766
40.407,659.76514
249.9,219.13786
1270.503,561.39343
8.833,178.96765
17.99,172.77386
0.8830000000000001,134.98459
19.4,505.95377
21291.453,147.99709
19.733,17.029505
36720.78,3103.1924
9.82,680.2376
10.006,6.7677774
28.767,157.95319
77.924,327.4256
2990.05,356.0642
9.347,89.29628
9.376,48.629086
10.744,114.90277
1221.036,817.1628
59.2,52.87734
545.237,169.52708
99.73,67.57171
49.514,363.7606
2160.23,734.2039
343.04,235.92601
10.183,11.245554
106.766,328.42007
8.937,8.754404
28.756999999999998,47.903748
100.033,189.4516
61.397000000000006,0.20513795
10.2,171.5358
6.934,348.58557
10.556,189.50035
1700.283,655.8015
30.024000000000004,38.194553
450.427,124.472626
30.907,254.10368
227.96300000000002,918.37
377.217,76.51309
9.297,36.99039
1589.46,736.9073
1509.137,818.82275
30.05,39.7885
0.0,98.94468
35.213,584.4004
9.304,0.47394323
0.53,128.53763
19.077,93.650764
600.487,1381.6371
50.36699999999999,320.06848
9.747,0.1735711
19.843,205.75125
2266.05,878.56555
150.693,492.71628
162.303,89.28912
58.74700000000001,121.25309
70.424,306.57596
31.587,0.5960823
9.24,0.08816677
5598.35,896.42804
139.327,1.1294711
0.203,23.996674
353.753,8.852378
20.19,51.81157
820.087,430.55978
329.687,598.94104
1509.8469999999998,955.8759
0.157,23.888203
41.29,14.00957
1.186,46.84562
124.307,711.9177
30.993,248.46626
18.983,0.58062077
20.227,79.301506
40.7,199.63869
8.86,2.3245387
240.176,205.86752
80.636,95.36057
124.05,284.38583
11.257,185.32901
23.247,127.95955
69.787,81.01011
19.857,2.8372555
29.923,0.6922673
69.587,269.27908
19.35,1.1615345
1.013,120.29368
19.893,8.6178665
19.437,57.827854
49.613,1278.4817
19.617,175.71864
0.11,111.397896
330.393,174.39822
974.903,561.01013
449.98400000000004,168.84808
49.987,119.10024
0.25,0.18257381
4.423,1.9450024
19.85,178.9825
9.607,503.73566
49.59000000000001,1.4656286
5.226,7.283237
209.033,161.74355
34.206,410.7594
9.463,108.256676
0.127,152.30577
10.68,51.42917
42.083,161.5812
39.103,167.91252
396.86,91.383865
20.094,460.49155
20.14,1.899769
30.783999999999995,436.8552
6072.656,980.30115
450.32000000000005,332.51233
9.78,138.51941
11.01,221.74973
30.63,52.810642
19.443,127.86692
0.077,66.64652
10.067,186.61888
557.2,659.8945
39.91,14.273235
9.896,102.46102
19.65,19.826782
20.133,123.10221
21.596,218.38348
29.059999999999995,24.3164
779.887,578.1452
20.6,2.3877234
3561.756,657.8765
1184.95,1070.8785
0.216,215.97644
21.123,82.2434
150.123,20.228493
449.85,240.25865
10.147,215.18639
110.177,48.256245
19.673,1419.9839
20.427,447.2284
10.223,29.288973
20.956,62.77933
20.33,225.47357
0.09300000000000001,0.6526915
19.27,166.32953
110.207,183.39183
0.14,0.5892531
9.764,264.3174
3.187,350.6017
20.45,335.40567
9.877,129.57585
159.936,244.87589
190.88399999999996,440.09967
150.23,17.286459
79.557,234.73605
112.13999999999999,136.65173
145.18,240.98438
9.42,112.21643
10.72,96.824875
7.31,65.64723
2550.12,556.3874
10.443,2.9574237
9.083,70.44673
0.693,44.843533
10.47,96.824875
40.426,180.89355
10.66,127.4846
0.04699999999999999,12.696241
77.807,63.18855
30.253,0.7079703
19.473,122.021454
549.793,237.424
0.012999999999999998,262.0618
0.04699999999999999,9.599449
18.863,40.26992
28.96,82.38774
39.41,297.4192
9.677,3.4776618
244.22,549.3144
109.14699999999999,119.20802
38.76,185.4582
20.073,6.4807324
10.937,214.51581
40.497,3.307997
59.91299999999999,87.96463
29.99,47.40083
18.853,107.58273
0.03,736.00806
180.827,121.55282
1.74,33.41208
1682.3329999999999,197.95975
8.777,0.37588394
104.86,661.5999
99.84,156.23517
271.537,220.48636
40.136,10.3516035
39.387,481.78986
7.677,123.27358
549.964,1349.8417
10.314,65.71022
19.736,10.682333
0.012999999999999998,1.512176
11.926999999999998,97.4414
0.877,116.02592
1219.99,579.3891
1000.6129999999999,1383.2245
19.794,119.37757
0.033,4.392834
7199.14,1660.5292
19.673,133.34438
1030.873,1303.836
328.793,416.39737
0.06,26.67824
59.654,6.614588
0.063,26.707178
105.46,327.18637
8.943,0.43337342
29.966,2.9098108
1002.387,301.38812
8.79,64.27556
69.523,190.13356
60.12700000000001,911.9871
10.637,13.874603
20.11,50.782597
11.926999999999998,246.97926
19.88,146.17625
0.09300000000000001,53.331097
40.147,297.48227
32.373,162.98883
50.837,214.62935
41.443,127.47702
19.664,12.042005
20.016,0.9956781
30.123,8.754404
510.03,188.31203
9.247,74.17623
9.32,32.71613
60.106,220.2161
1400.913,474.06384
59.28699999999999,120.78741
1684.44,670.5561
19.613,10.413068
19.87,15.291845
170.28,1.0629343
9.183,15.881507
2058.29,799.53625
0.063,31.95076
19.79,39.028564
24.16,149.28214
9.287,47.37218
121.596,252.40253
9.684,185.5099
229.603,224.95897
40.047,101.26786
18.807,174.16356
19.156,218.97539
322.16,290.18427
10.176,122.247345
150.294,14.447091
19.936,210.70882
119.587,226.2524
111.44,514.5781
69.593,201.07735
209.077,186.95047
50.946,67.82222
20.36,381.20142
3111.04,817.0158
9.953,2.124554
249.69,152.38367
59.98,19.821907
191.01699999999997,253.25972
9.55,0.12283699
40.13,148.97884
20.236,178.03722
39.71,62.82626
9.967,16.540564
50.553,415.56152
0.313,51.843044
8.61,0.25763914
8.373,102.60709
18.64,1.4811704
10.29,118.83763
20.557,45.00091
20.51,126.09168
48.574000000000005,418.40707
44.56,137.13869
0.767,97.4414
1080.02,703.12885
19.91,56.26568
760.217,269.2085
8.993,0.46669522
28.756999999999998,220.40424
49.713,1.0431762
10.6,6.302945
490.15599999999995,215.44495
50.419999999999995,126.83772
18.463,0.23043592
0.046000000000000006,0.054253202
20.264,126.04731
389.536,264.8727
10.11,1.1389776
10.36,0.32012013
38.99,291.36847
0.45299999999999996,23.188696
39.24,24.67857
30.882999999999996,3.0854754
70.94,725.0462
30.487,0.23814537
2631.153,1074.9694
39.977,266.3435
39.08,92.84841
20.597,6.971633
19.593,242.00677
38.833,6.6308866
9.976,61.832623
9.323,60.083447
10.55,36.15975
6.499999999999999,77.90963
9.796,52.2613
29.473,31.33731
4452.63,885.0286
10.04,230.83972
26.83,182.89427
12.996,7.5886445
5988.363000000001,735.70416
51.38699999999999,1281.8274
18.9,130.64938
219.53,719.95715
9.817,1345.0397
340.363,208.83102
90.404,130.12921
270.063,504.88773
17.637,80.94713
10.286,74.65063
1169.956,605.0817
1270.44,960.57635
461.48,559.78436
39.91,103.62131
29.457000000000004,37.691147
10.936,0.64490306
357.273,229.2544
90.117,527.5994
50.957,0.28079283
20.37,53.35817
370.777,382.81198
39.627,146.60622
40.073,0.118375145
29.753,189.33243
19.72,659.3816
50.516999999999996,2.2293322
0.017,0.8484687
20.326,328.7427
9.093,3.0195715
10610.503,4756.318
19.763,568.2988
41.297,0.10126646
0.316,0.46595705
19.146,0.16629536
29.99,933.0415
200.25,358.42258
40.207,787.22473
7.984,52.5889
19.903,548.3765
317.737,279.7962
50.427,104.01987
170.157,256.08563
9.867,4.1895123
29.933,663.48987
29.11,117.732666
50.813,40.889206
21.087,124.93043
10.074,178.25587
10.177,25.138256
0.173,0.0726258
19.804,828.9008
0.034,222.22754
811.0529999999999,438.27008
19.913,48.138256
2963.973,746.2586
9.936,1.4070587
110.033,186.60117
10.017,120.62644
21.013,1068.6816
279.86,1064.0204
710.037,1111.2838
18.797,3.7925322
29.71,34.203056
19.407,202.1975
70.133,85.22086
19.94,9.787603
50.21,421.28888
169.78,54.29999
9.843,51.929047
28.797,371.0098
20.14,24.40816
26.589999999999996,195.26085
69.91,1.3347526
10.39,12.871567
9.837,5.1591353
40.157,36.99804
3739.6,793.5254
0.86,97.632195
24.487000000000002,353.52542
40.77,832.6552
49.93000000000001,8.382818
99.37999999999998,856.7303
10.39,7.9643707
10.573,711.5288
4419.507,319.32257
0.734,81.64467
163.737,585.20197
139.9,6.7942033
1010.7599999999999,389.07333
1.127,140.08105
9.807,256.80292
681.08,381.82983
21.733,330.80835
0.03,270.11523
97.074,180.2176
9.44,1.6918485
1130.223,320.94272
9.93,20.574852
10.527,217.12175
58.526999999999994,332.07388
79.97,655.8817
0.5,147.9404
839.963,1248.2614
30.26,0.31205517
60.133,202.59184
18.943,0.18254006
159.993,65.823296
61.00999999999999,935.3674
60.81,320.5366
9.873,18.172022
127.28,177.0781
10.197,0.32684287
39.437,0.21458466
0.267,88.76392
179.84,164.72592
20.93,90.157135
139.69,270.06107
729.884,1410.1334
69.897,252.24887
9.91,22.663778
19.823,50.968224
782.9600000000002,228.02989
9.976,0.63376033
130.167,33.488766
0.187,55.608166
489.97999999999996,182.8963
20.307,45.82159
741.093,1486.7573
24.523,72.57625
80.584,262.92642
20.12,44.633865
19.81,91.3614
301.237,310.54697
19.15,21.073656
80.06,370.68494
20.484,35.819813
167.484,241.12648
9.297,500.2384
29.62,1.7417071
1.097,127.990776
30.52,240.99416
69.097,779.6412
30.943,1.9672043
0.91,630.3687
10.12,0.15890156
210.39999999999998,11.260005
560.34,604.68365
19.75,36.50718
1.157,228.07352
50.14,110.79316
30.653,122.39081
50.48,215.31757
12.23,3.2304296
359.897,569.6393
11.613,32.595535
18.563,140.63559
10.407,0.3237478
11.11,123.26473
9.32,26.765182
50.527,14.63701
10.06,3.5728464
181.59,0.7770785
40.467,775.6091
4924.013,1731.1053
41.863,801.1558
199.25,58.26707
10.207,60.951183
99.813,17.036396
519.52,228.75557
29.493000000000002,146.68987
20.623,1188.965
10.267,279.6517
6.493,0.29089907
13.536,0.4969126
19.017,32.230972
79.79,577.17267
549.263,295.1901
1.6,147.33864
8.967,65.434326
18.857,52.652542
8.51,196.09633
19.8,1424.9272
30.49,17.821667
39.817,700.4109
19.973,42.38962
10.2,16.660685
2690.06,763.38135
20.297,128.03568
8.62,211.51878
460.10999999999996,589.7846
19.66,2.0919724
9.233,1.5544952
60.016999999999996,503.3982
539.6,961.47925
19.87,8.148902
19.516,92.48314
11.167,178.78377
17.496,124.56037
22.05,62.507706
2250.1,1421.848
19.987,8218.286
9.956,284.0474
49.303,5702.0376
56.843,1128.8875
89.96,11.702278
120.37999999999998,375.17334
2898.643,1412.6129
20.976,283.7448
21.03,64.79968
20.633,2.4011385
39.946,195.0604
0.58,4.710186
40.39,123.56388
10303.767,992.35925
0.83,168.0296
671.097,319.30246
0.284,126.64653
0.0,60.660927
18.967,42.08578
9.573,80.59096
149.907,7.260341
0.53,26.190973
20.466,0.4136416
0.9229999999999999,12.045068
60.87,309.10004
0.374,4.880968
20.243,189.75935
0.22,82.034744
30.172999999999995,3371.3218
9.657,213.85611
8.81,421.81708
489.157,277.11987
10.92,167.12447
9.967,1.7289793
18.523,41.741257
1118.156,627.2524
80.24,405.18994
3382.003,2264.233
20.56,7.045216
0.877,310.836
908.527,596.4793
0.41,111.8251
18.72,2.660093
20.367,117.77042
19.856,51.485832
29.2,223.4601
80.247,408.8192
660.324,392.42484
171.11,263.9142
169.384,297.68024
20.16,56.204723
8.673,89.9736
38.87,0.74497277
19.363,16.02056
30.72,20.095293
9.86,8.371037
10.98,78.45995
3389.3100000000004,320.8029
169.904,18.305275
1.234,177.8423
29.967,117.67047
40.94,267.79922
19.734,184.61963
19.384,185.8237
20.026,157.32436
19.11,218.17912
1.453,2.6787295
50.167,153.71436
49.90400000000001,15.408183
21.094,191.10974
20.01,9.417157
60.447,132.10515
10.027,820.7994
9.377,742.695
0.266,26.603512
9.093,56.04864
11.277,29.15488
9.546,3.0986083
28.94,7.420073
27143.45,143.86406
201.533,822.6219
1162.977,328.42392
769.704,1.3918196
0.657,2.3979487
1.064,149.93137
19.667,140.2871
469.42599999999993,57.13847
0.5,41.741257
9.256,6.6308866
291.797,743.40173
192.62599999999998,2.0679147
10.407,43.896717
3361.516,729.1421
9.42,0.14968063
10.04,111.83248
138.933,115.88665
20.79,347.3301
188.757,279.9459
20.283,0.67134327
99.98299999999999,132.94675
20.313,68.35767
29.436000000000003,152.56961
10.16,31.906363
31.613,78.55646
160.763,373.94843
9.646,1.8510066
40.433,227.1247
220.527,374.47913
10.0,16.449478
1.097,119.48174
9.74,259.94223
20.403,126.29784
1689.2029999999997,220.89778
19.383,48.819187
2.314,163.01617
349.094,357.3427
0.504,76.57875
10.62,27.418133
20.063,199.51654
209.707,144.20764
760.487,111.61262
188.89000000000001,94.719215
598.983,284.05817
29.54,787.22473
1770.6259999999997,202.32849
20.21,3.4725225
238.69700000000003,406.41827
130.14,161.7132
230.493,394.8993
11.203,96.83621
9.947,214.01808
1.19,0.101944655
19.333,233.69322
1.047,40.360596
70.77,224.36993
1220.137,1124.1946
0.8330000000000001,215.46758
20.843,141.86932
10.297,51.374252
220.233,231.99153
9.477,80.416756
329.567,193.10599
0.04699999999999999,104.175224
21.897,203.90837
100.25,229.37898
18.064,350.27036
140.037,408.79333
1120.02,436.556
0.25,5.765528
570.93,321.55362
9.247,150.86836
20.663,3.0892875
809.7259999999999,276.69815
919.6600000000001,1492.0518
415.227,905.47485
190.02,39.7885
69.677,179.53145
19.41,5.507453
219.883,0.33691794
0.283,9.164784
150.2,234.81915
118.193,199.93658
1290.45,813.45337
229.803,96.75611
178.813,183.47685
110.04000000000002,547.1276
0.517,62.93244
8.08,114.48784
0.796,103.17696
19.176,16.051678
0.174,115.68193
10.28,436.7776
19.756,82.378105
130.114,1017.36835
19.513,69.152405
1490.3029999999999,384.69843
110.71,505.33182
379.58,381.6069
6.6530000000000005,1.3130013
99.743,232.79741
99.25,715.1788
39.887,330.42563
8.984,44.6525
9.36,0.16430186
9.493,0.7330045
60.80400000000001,252.60538
909.327,151.5872
39.82,28.095804
160.694,2309.3635
9.98,0.14623338
0.04699999999999999,23.133461
9.184,290.6455
1.407,0.34254488
18.32,224.75569
299.783,87.751785
591.03,298.54294
430.473,360.81815
10.774,219.3875
9.04,150.90996
20.444,0.47949147
129.944,62.52454
19.967,0.2862772
48.76,685.95746
9.857,76.284615
21.01,230.8482
110.243,134.88937
1369.953,1752.8512
0.0,244.22444
0.14,19.260134
9.99,61.635788
6.27,248.93503
109.773,32.725624
161.637,391.0019
352.343,178.1561
69.973,180.00476
94.747,287.03262
40.274,36.300056
229.283,254.38264
31.31,133.78467
1234.657,249.78238
9.71,32.71613
1010.2459999999999,415.25467
89.203,38.96452
19.07,71.82079
10.73,17.41982
20.82,2.4561393
19.71,292.5293
0.913,3.0232477
0.03,0.9664469
0.04699999999999999,106.18539
0.03,126.81685
69.74,195.31798
10.983,32.230972
20.876,343.20218
20.0,245.18135
139.37,2.6675997
37.956,32.12238
19.703,81.578354
11.05,103.091
19.433,1376.4657
99.916,85.53021
640.457,352.83
39.347,217.01921
19.29,0.69160545
1865.18,957.8767
0.124,9.684616
9.966,217.50189
0.14,0.508906
249.846,144.90424
9.713,158.05334
28.84,103.788055
1204.673,375.36206
119.693,230.07648
10.067,157.72874
29.99,1.9430447
39.31,201.98987
89.88,193.54968
9.746,13.249764
19.01,111.71417
80.664,86.754074
40.214,30.141113
231.21,316.9528
19.93,572.9952
31.293999999999997,140.37541
189.147,150.67726
272.13,3.522406
20.834,79.99398
1.19,0.08352308
119.67299999999999,2344.5566
20.13,19.452791
50.220000000000006,3.50929
560.753,479.7682
160.116,225.41397
8.03,183.06592
19.233,0.04774683
8.223,6.804526
0.034,53.84574
9.92,0.17833585
19.707,99.965416
128.973,205.34866
758.8459999999999,1457.0789
2439.8,308.14413
19.687,2.8372555
199.85300000000004,272.06287
151.197,413.82614
0.41999999999999993,330.14432
130.283,81.556656
3.6100000000000003,0.061513755
120.207,7.2084746
70.224,446.24734
100.27300000000001,81.25179
9.747,93.72964
8.98,0.63376033
490.21700000000004,586.4512
389.187,175.31194
8.826,114.48784
10.03,0.07972019
109.94,63.396694
20.4,0.15445335
68.177,137.47948
9.287,300.08536
10.377,101.599556
39.93,169.0748
0.643,0.9584213
439.8469999999999,395.20377
461.24700000000007,1228.9364
9.713,82.38774
81.966,141.63293
20.087,1.7485399
19.71,540.8312
494.36000000000007,662.5099
8.804,113.352165
30.459999999999997,212.41878
78.313,123.73882
79.81,320.85507
1461.267,237.18076
39.18,149.42696
0.797,314.40884
510.227,513.329
589.177,210.657
39.814,50.38337
29.747000000000003,103.240944
350.516,322.84763
29.817,1260.4093
9.423,108.40192
50.056,247.06561
28.9,587.75476
630.9,1096.384
10.747,288.9537
10.943,101.823425
69.913,47.59111
0.016,36.330303
9.046,79.017
1.17,183.58322
18.017,461.04272
19.69,11.494081
9.86,0.8839516
0.23300000000000004,27.265438
19.76,0.9664469
108.99699999999999,260.18454
149.95,696.89264
2809.943,758.9956
39.456,193.48294
0.11,2.623501
19.63,1700.4176
29.986,155.61026
28.580000000000002,128.26251
10.693,148.48483
9.853,14.458471
20.264,195.45946
9.08,4.7450156
93.8,379.9072
10.19,4.585605
750.987,404.35342
140.52,68.84904
670.824,244.68443
20.9,129.99551
8.81,181.4111
10.39,0.9363433
630.593,304.71503
30.133,101.60522
2.237,0.803997
19.41,231.08464
40.217,189.06982
447.04,136.2008
0.17,12.609399
8.447,159.61546
18.733,33.44763
351.997,161.20123
9.936,89.30431
8043.407,2578.3965
351.853,283.19388
228.673,184.76303
180.293,27.69492
9.073,388.37396
29.763,249.42639
119.477,212.78287
270.353,501.57724
20.093,248.55899
90.86299999999999,160.8319
108.92299999999999,313.76944
21.333,0.060956806
0.407,117.95113
190.33300000000003,105.389084
0.5,0.67134327
8.506,193.83543
280.204,277.32672
40.787,760.5505
99.73700000000001,1305.3866
11.63,2.76412
59.71,720.06964
20.65,1.1986336
6790.106999999999,1141.7355
19.824,151.36403
0.09300000000000001,0.117244214
80.07,0.36505798
38.566,47.841988
19.626,63.137238
108.99699999999999,276.19986
1558.55,18.854074
0.25,22.138117
165.556,967.41656
0.033,145.5142
0.06,0.4375161
723.076,904.49725
10.28,312.78592
9.793,124.84693
3350.34,288.05777
29.93,1.3960919
439.837,50.03704
39.966,17.460474
77.017,1432.5181
20.57,220.13174
239.33700000000002,327.119
19.897,0.27244958
9.707,170.13191
10.02,23.209148
9.236,78.843376
19.667,0.5048682
79.73,302.52667
0.406,9.346702
140.16,355.3421
647.477,1277.6774
30.59,3.5091195
29.173,578.4442
80.92,657.6172
119.74,1.8392314
9.144,3.3075867
229.92,321.33112
10.587,136.34802
941.95,1022.2841
0.174,361.6662
300.15,199.96281
19.443,19.709898
19.603,229.00902
19.566,226.44638
20.0,680.4464
102.034,406.91806
406.787,221.3715
19.34,1128.5859
9.97,117.38375
79.347,657.1163
9.927,62.77933
10.33,0.6373022
289.86,3.6476443
75.483,180.09438
39.323,156.09247
0.033,217.60103
10.114,316.55518
8.116,33.44763
19.433,117.95113
20.343,80.52128
108.033,0.17875595
10.057,0.7680913
19.787,0.24537516
299.636,272.1432
20.07,95.63714
2930.9230000000002,214.82951
0.08,167.5301
4.243,68.65852
0.127,70.26347
19.71,0.42924622
9.98,87.13635
20.253,222.0417
170.42,197.64742
61.057,219.5403
0.237,301.38812
21.183,882.6552
9.887,64.2234
0.783,169.47234
3811.62,871.7368
40.013,45.14682
1150.117,812.2047
11.256,0.05348798
169.997,1265.0507
20.04,120.757706
20.803,108.17651
0.814,173.8659
0.657,0.30151713
91.95299999999999,87.49291
0.284,197.93149
220.12,161.88309
58.756,84.03287
9.94,0.55967647
20.203,21.64931
18.98,52.14734
183.853,311.12854
10.317,76.33503
29.266,363.79636
0.08,0.9883701
0.174,44.16844
10.01,102.8823
89.65,181.3741
1169.287,211.54848
9.203,0.061513755
139.81,645.70026
39.997,216.71799
303.827,474.92178
0.077,118.123215
0.733,6.523033
27.463,64.74706
230.237,257.35904
0.69,15.44682
19.723,84.744385
209.907,195.08067
86.227,12.372888
60.24,48.7865
19.753,355.3421
189.97,392.48956
0.813,2.0390465
29.036999999999995,106.912994
41.066,88.61518
260.047,249.0662
79.723,12.4116745
1097.477,606.25494
9.92,0.5175504
40.197,672.3733
20.297,2.9703124
40.163,344.74902
280.353,366.79294
218.807,238.86852
0.4660000000000001,173.48521
29.253,419.0161
270.097,965.355
18.417,78.71547
9.943,101.850334
30.023,338.08594
1.377,114.48784
19.976,185.34242
9.83,189.75935
4.833,0.72009087
30.457,231.35675
799.333,170.55531
28.9,304.10028
0.012999999999999998,6.804526
49.623,85.38114
19.433,13.200172
9.953,4.8726106
9.23,13.568743
1719.94,282.72598
18.74,0.37987685
31.32,103.18988
39.8,302.75708
39.886,198.31071
9.597,48.509075
0.077,52.92506
200.36999999999998,20.23023
19.827,253.48962
39.964,424.51697
169.113,230.79132
150.05,3.692214
424.8059999999999,19.244427
18.817,224.65398
20.807,11.188934
10.356,35.27612
10.763,160.8319
9.677,14.781281
1372.664,735.9943
0.04699999999999999,5.1372304
455.727,213.54248
29.776,447.00323
139.927,311.51205
130.45,162.68715
250.454,178.30833
230.34700000000004,63.19156
19.706,15.124339
121.08399999999999,346.3616
259.44,176.55281
2.08,20.212034
0.046000000000000006,126.40687
70.093,193.48274
1496.597,1022.0489
80.017,250.68037
10.19,13.5058365
10.643,1.0951309
32.45,61.446125
1337.737,301.13025
19.663,631.13184
40.997,577.3141
39.13,259.21823
20.444,381.6923
8.103,0.41621846
40.23,324.28888
8.814,19.307278
299.94,343.06824
20.983,373.22415
49.93399999999999,70.50664
29.993000000000002,227.6474
9.793,0.114677005
251.19700000000003,527.45447
260.924,59.076588
280.58,205.95004
89.373,261.21436
8.963,1.1720665
1.093,0.15504101
61.08,25.959936
27.28,80.59096
20.183,2.1513991
9.404,28.766092
59.57299999999999,161.61432
69.79,335.40585
7.743,102.549065
250.93999999999997,342.61063
30.323,37.341908
20.78,141.29922
20.023,21.726982
19.18,80.65543
3261.863,288.4379
820.163,3409.2275
88.707,740.04877
10.0,4.3678308
9.83,9.041585
2037.193,1373.9198
19.977,204.08504
50.97999999999999,297.7329
10.247,0.32766584
1420.27,1642.54
2089.86,671.7022
20.517,483.72232
10.397,20.574852
0.06,2.7742133
0.064,12.965792
7191.097,1034.4264
60.297,15.098092
9.366,239.32904
29.777,934.21356
19.46,40.789646
20.357,314.57474
40.04,728.39075
20.604,26.562794
20.407,0.39573023
31.14,191.87556
390.023,217.48615
62.437,27.448229
10.433,913.5296
659.547,187.28717
9.883,114.152
18.836,91.41335
219.636,949.76135
193.7,269.68088
0.217,64.9578
30.033,23.643188
19.37,562.88776
50.586,692.3151
20.077,2.593136
20.383,2.3446245
30.164,164.09222
0.45400000000000007,1.8136975
10.057,126.56683
619.763,252.99333
9323.963,971.13666
8.473,58.01254
518.416,229.17091
29.7,101.978134
1.33,1.443124
90.106,35.066208
20.487,50.190567
20.03,42.985523
21.9,176.86456
9.15,88.30528
219.08,384.8278
46.786,131.68822
10.043,217.5495
10.816,1.958668
0.8899999999999999,0.9100889
280.293,228.3848
81.923,97.96809
9.947,2.8835022
21.44,571.5705
121.16299999999998,5.510862
19.61,193.29498
1055.06,300.8908
30.273,486.3702
20.803,77.79558
16.84,207.17125
0.017,220.82414
240.027,255.58167
270.21,1252.4401
789.7269999999999,137.62726
582.74,190.234
0.063,2.9209843
0.153,127.2579
49.993,1369.5416
29.58,30.167982
9.35,6.6596603
7.75,64.9578
140.26,204.05653
9.777,314.2611
39.72,132.58023
9.89,363.8023
589.516,384.5735
10.31,228.06532
1.487,151.8312
1684.043,933.17096
67.603,158.59386
19.943,0.16323422
0.114,19.754461
19.876,687.299
329.68,467.22134
40.18,133.52963
39.89,3.6740286
30.797,249.91864
9.707,45.51437
19.32,2.0774279
0.733,47.439186
1.673,300.13156
190.19300000000004,305.1889
159.413,124.29387
31.047000000000004,149.35779
180.16,266.55447
30.31,12.871567
19.57,190.44025
20.074,50.620907
10.056,1.1792767
19.47,2.593136
368.49,180.19125
10.02,32.725624
40.04,165.24957
690.233,597.9
20.206,169.08516
0.25,1.3892999
19.713,1.1131872
19.333,15.130615
79.547,198.30975
9.324,38.7808
0.983,12.857489
20.23,186.46117
11.017,26.24786
20.854,375.52325
229.98,598.44086
0.25,53.313007
22.053,78.90747
179.977,266.41107
19.81,50.968224
9.557,218.23206
37.813,226.88809
20.433,163.78575
59.704,194.84877
19.62,10.666172
301.057,280.89493
9.993,127.3125
63.656000000000006,761.856
10.94,56.204723
20.79,301.35583
60.1,736.6581
370.2269999999999,257.0435
0.877,362.75513
0.08,5.665132
29.094,189.416
39.92,127.53755
66.547,1062.9863
19.66,309.40234
19.457,319.48062
11.153,1.600929
29.426999999999996,10.619596
19.61,313.09464
19.49,4.349589
10.434,0.55012596
9.96,83.25097
0.737,53.50208
0.016,0.0530038
3990.33,366.6656
99.813,423.59433
9.4,15.130615
200.18699999999998,95.15431
20.04,347.25317
119.957,166.19368
26.68,27.96895
870.187,1095.9233
0.187,61.635788
29.546999999999997,178.79276
110.244,1.0366824
8.487,38.7808
189.093,329.68716
21.513,0.35471892
8.527,52.92506
9.544,171.5358
49.776,514.6808
0.314,132.10948
159.91,145.98558
8.743,2.6969383
0.88,75.60852
18.296,47.742455
49.997,271.93082
100.09,222.87495
10.81,26.476524
19.69,91.60477
21.924,123.048935
29.680000000000003,0.1828108
1318.41,524.2214
0.14,0.36228552
19.28,2.2330685
39.3,216.0275
9.773,1.9018589
9.933,38.327225
19.883,99.38781
20.31,1.2480384
50.066,191.41725
30.106,242.14474
19.827,130.62921
9.937,7.457447
100.596,0.5273581
145.417,273.51984
19.856,195.3202
727.9639999999999,195.28506
470.187,217.7778
230.907,184.11366
40.486,218.53862
7.41,2.0030963
0.22,62.0795
9.763,17.61734
120.15300000000002,14.499443
9.8,11.4268055
9.634,9.586305
18.917,179.98833
20.96,121.416
200.28,225.48843
19.78,0.041394737
19.083,66.84959
29.6,80.91061
30.213000000000005,154.6182
20.207,840.99994
860.12,62.73425
99.063,250.9265
49.624,188.48668
69.59,136.1604
99.81599999999999,91.500595
259.816,153.663
29.993999999999996,156.41487
68.133,213.444
0.14,0.2776542
0.157,4.856899
60.05,4.582223
20.986,100.73784
0.733,6.4422493
60.41700000000001,432.7247
2790.903,263.48483
570.16,246.99565
900.896,478.38266
177.514,23.764225
39.757,28.005058
20.57,200.20767
38.974,90.9872
30.169999999999998,193.92964
20.427,82.061646
61.02,490.65775
10.183,121.92707
0.174,25.412752
0.58,26.67824
10.126,120.62644
90.173,169.20064
227.76999999999998,902.6021
9.927,4.553405
80.45,161.16945
18.4,143.35406
0.7200000000000001,660.3838
29.58,0.9311784
70.49,434.9723
0.04699999999999999,41.371532
9.604,5.5368404
30.7,0.4708303
10.28,99.965416
250.356,1382.0078
19.846,518.2426
120.89,663.7681
8.797,58.57012
129.477,231.25882
9.93,14.87057
9.764,2.7549415
9.243,294.1901
1134.487,119.65827
9.38,99.93053
0.55,5.7886276
100.03,190.74069
0.5,117.38375
19.756,299.82455
20.367,210.35481
0.123,15.92748
0.09699999999999999,146.78883
20.25,131.56128
258.96,205.17967
349.237,385.73303
155.686,327.76776
38.813,293.54495
41.374,12.433646
0.45299999999999996,8.428841
90.09,4.5004725
58.414,224.56276
0.267,167.18617
280.597,329.87292
209.93,225.94063
0.483,24.53296
20.434,241.57402
58.986000000000004,402.42
9.076,348.58557
20.867,568.38293
10.063,1629.8167
599.773,383.77774
139.77,2090.1616
449.58000000000004,840.26294
0.0,14.138585
1051.633,268.52936
18.047,831.0091
100.09700000000001,134.26385
9.5,1.50646
10.46,70.21799
1140.174,162.01216
29.81,219.23912
70.133,197.07268
0.08,205.89313
0.47,220.40424
9.993,0.03684245
19.513,94.9817
89.024,338.29297
11.4,20.083614
50.68999999999999,739.1179
20.797,326.44485
0.203,8.362396
10.013,211.51878
40.043,482.24802
820.737,468.81488
100.343,153.67104
161.476,176.59592
9.974,1.1028048
29.423,19.645248
19.52,37.351425
18.97,162.17729
9.92,148.69176
10.434,43.048054
0.20400000000000001,877.24365
20.68,98.18596
10.18,0.22030105
24.75,3.4644756
49.827,359.20654
39.927,1.1709048
1.157,306.64713
759.626,559.0926
11.55,0.21730717
309.723,185.08168
109.40300000000002,1.8058931
10.017,1.8466991
5.293,1.3892999
0.267,421.2065
349.797,244.47853
275.177,432.2003
29.893999999999995,384.61456
90.067,434.9573
40.14,125.91314
0.064,34.826336
183.33599999999998,254.83025
39.986,192.79694
0.644,47.590607
18.89,26.24786
40.163,75.78485
178.513,0.9054504
19.62,45.51437
20.397,55.011368
19.613,0.15890156
39.046,331.55377
0.046000000000000006,2.7587564
1190.153,719.92975
19.987,44.21899
9.126,14.256154
119.764,251.94664
269.877,474.54355
39.16,218.49162
9.084,19.307278
179.926,257.94852
50.419999999999995,114.569214
9.454,0.05300376
139.823,527.5298
39.987,119.801315
0.14,41.808483
97.95300000000002,465.23492
6999.7029999999995,294.98038
30.834,102.63772
7525.720000000001,1808.5256
2201.093,1186.2781
68.78,986.6412
20.747,110.462105
10.394,317.44647
39.56,1633.326
18.156,95.33971
10.01,240.80309
571.087,841.04913
39.22,333.5992
3700.68,496.066
32.766,127.25849
0.06,1.1450722
11.737000000000002,1.2192944
19.357,43.296413
131.387,300.6943
489.853,811.38055
19.027,173.4853
20.32,67.62629
90.037,78.3028
16.606,61.24181
10.5,1.8885893
0.254,58.197823
300.114,259.2401
20.61,32.147213
1.863,2137.427
8.974,0.07972019
409.32000000000005,105.81251
160.127,2.9124925
51.08,91.98468
150.24,206.10905
8.817,38.21464
90.443,1853.1581
0.03,10.537172
20.47,167.35802
299.353,351.8972
9.977,287.64755
18.034,44.46568
100.32999999999998,245.82793
8.96,0.14125268
19.947,31.133728
27.099999999999998,663.1028
4.36,437.11353
520.153,2256.0132
10.4,10.6775675
30.11,10.294486
159.82,157.34949
9.493,2.6787295
240.116,411.98132
39.993,0.14106286
9.11,139.1074
19.843,89.92087
0.143,110.45432
320.277,269.5207
41.424,12.169658
0.157,32.230972
18.9,96.00164
18.343,4.598804
19.807,4.4654193
19.287,111.87264
679.883,1022.4355
121.01400000000001,373.96173
9.967,27.509005
29.779999999999998,781.4169
369.65999999999997,106.46131
19.473,162.95787
90.06,25.260443
6942.017,1017.50543
11.675999999999998,215.97644
726.077,442.02664
160.414,302.57697
10.046,365.87082
19.896,435.81885
560.156,418.46677
5952.11,222.12517
20.517,122.9814
49.68,106.44455
10.75,99.19893
411.86,528.67944
19.407,0.17517747
6.349999999999999,27.509005
9.433,75.46701
10.0,126.584694
9.59,117.66861
19.87,43.389168
1421.987,215.305
1.08,124.74522
340.017,394.49905
49.973,663.1887
19.764,8.148894
167.35,178.79276
10.727,186.85909
19.523,39.56431
409.73,322.69016
8.59,128.53763
99.743,57.42903
11.773,376.5727
0.203,8.556165
19.587,119.20322
15.323,155.6137
0.706,213.92128
349.907,873.3627
10.693,24.2753
39.927,155.75374
49.79999999999999,195.68694
0.56,35.014584
190.45,1280.2365
350.194,240.74806
100.086,475.82257
58.893,0.09725662
9.947,258.49686
9.927,4.359467
10.35,27.903385
1.114,119.512535
9.403,29.532711
0.173,4.4843726
7.48,723.3224
10.023,92.32167
39.16,230.95245
68.007,6.035691
159.937,7.1294475
116.603,300.45334
12.017,43.448
10.477,145.87732
0.173,1.6918485
9.606,226.38858
59.654,105.10688
70.22,582.7046
9.123,215.46758
79.364,152.7597
640.02,715.05225
43.46,229.51909
69.75,6.4283743
9.667,0.055532254
28.52,101.23081
968.81,223.0465
19.407,11.570367
0.36000000000000004,0.31195277
0.673,210.32745
0.58,122.46217
0.174,10.724757
3041.0870000000004,109.57136
18.597,176.05751
89.366,205.75761
759.616,190.73465
0.73,70.45127
1.437,99.31419
199.873,284.5571
5793.233,561.89874
20.1,176.82307
890.5,236.5894
0.203,25.128654
9.023,119.20322
0.11,26.765182
1368.157,4144.629
65.083,382.6288
17228.71,162.39574
80.23,101.902275
9.576,20.166162
200.26,398.6982
701.89,405.36694
90.977,102.37464
828.87,753.44556
220.054,245.94228
19.637,7.678726
28.83,33.749763
69.11,97.18338
0.5,4.2882857
50.153,425.41467
9.32,0.6879369
1.173,148.97884
11.2,163.16762
9.663,0.4041152
8.757,81.626564
18.777,85.92208
0.156,8.115645
10.106,28.378832
19.863,17.705091
69.643,216.37999
90.8,421.02994
61.204,149.88733
239.846,562.65186
0.09699999999999999,37.603218
9.133,20.934465
18.817,407.4566
70.833,62.148563
80.447,163.75978
8.67,0.111428976
0.156,14.446621
19.21,0.18253973
8.64,41.741257
100.094,86.90334
9.287,348.58557
60.24,144.43033
61.217,51.32126
8.53,74.41303
70.117,7.5230536
29.93,269.01752
8.826,147.5891
9.1,664.2378
10.28,14.996898
470.01000000000005,267.32315
150.81,357.13364
9.913,75.12808
20.35,52.652542
131.27,179.83025
0.173,78.843376
0.377,269.97626
0.012999999999999998,3.4346888
0.0,8.789768
19.9,115.3256
19.864,44.510418
4170.004,510.83273
1760.07,371.09702
9.64,148.07492
9.13,641.3648
69.78,57.495316
0.423,47.40087
1.083,9.786483
0.44,256.3199
29.659999999999997,15.7839985
80.127,109.94875
0.11,9.162374
622.71,20.476017
151.003,79.38547
10.403,103.58953
361.887,751.42444
69.903,73.99062
1.153,94.07467
438.12299999999993,207.05316
19.437,32.742466
12.58,118.935524
40.49,269.55685
139.98,373.912
10.483,60.083447
9.65,0.083696425
0.313,32.230972
198.03999999999996,327.0686
9.807,128.92696
19.054,222.22884
150.13,286.55298
10.64,220.65411
30.18,107.13543
40.024,79.4862
9.413,5.025446
259.567,252.73985
60.55,126.937035
19.663,1410.8351
39.8,145.93521
19.9,95.90033
8.653,44.21851
19.53,48.915028
155.383,892.91156
0.143,0.17833568
18.226,1.8182865
29.779999999999998,25.115408
10.33,73.488525
229.747,9.025075
17.48,269.27908
9.783,0.6879369
19.64,85.675385
37.523,441.00708
509.78,130.94743
47.925999999999995,60.93899
0.297,6.372787
20.68,15.007952
628.867,1053.3722
21.467,226.94421
20.554,170.41737
150.133,346.9207
342.79,920.62195
59.657,354.19907
20.623,65.01058
0.114,33.15383
9.624,7.889626
19.413,403.30228
19.617,1.170228
18.996,162.3618
8.27,144.43033
10.677,0.2921797
9.547,27.661459
80.384,293.52176
140.063,53.71639
65.393,328.09305
412.98699999999997,347.11447
10.904,1.5477502
0.314,277.5045
19.507,962.0129
9.416,113.352165
1569.0099999999998,1308.9047
51.019999999999996,79.71232
0.58,1.2021191
20998.853,79.99396
1250.98,1026.1749
8.88,122.13147
20.396,208.65526
19.09,282.5881
59.52,1569.7797
129.124,255.2152
58.913,468.0116
40.753,44.2626
19.9,82.081955
0.343,53.540123
143.257,209.2053
779.357,192.44093
40.017,189.9378
0.157,137.24815
19.593,224.84709
722.62,722.3435
19.987,321.98782
9.757,3.893681
9.73,1.20547
8.97,547.0699
0.08,3.2421758
20.127,3.7925353
0.147,482.35995
0.08,109.985466
1.6799999999999997,94.4787
9.27,491.18005
20.11,13.182026
40.13,65.06918
1.187,31.87933
58.82,499.89078
0.043,315.68457
30.0,3.9693308
19.616,0.13801491
409.15299999999996,238.92032
39.493,952.16833
132.34,261.57886
39.016,8097.433
19.216,6.9621925
0.36400000000000005,5.782475
218.256,414.83258
412.85,234.31459
9.847,0.24469562
10.13,13.5058365
0.25,16.238934
100.123,308.64734
113.69,153.72664
29.269999999999996,410.77393
20.3,188.00833
10.047,7.4195
61.566,771.9446
88.807,188.73576
7.917,217.16962
0.03,7.904309
39.84,3.8166406
9.38,1.1124804
5056.61,771.9203
60.956,130.0932
577.297,416.91937
68.963,125.448494
531.21,214.49352
80.426,224.95427
24.457,188.69478
0.063,0.54507184
9.793,148.98154
39.623,1.1450722
88.1,103.63209
1.123,30.499107
0.547,8.5449705
9.16,314.76257
484.867,324.39978
0.14,132.27838
0.203,479.09363
1445.663,1631.8198
11.513,83.29695
38.04,13.836495
50.166,849.391
19.63,159.76207
660.323,911.7195
9.93,0.1735711
19.314,147.07758
10.067,13.257898
608.404,551.90234
0.11,90.238525
9.45,24.53296
30.417,732.8585
19.75,229.78772
0.47,3.3807976
0.223,227.3784
55.766999999999996,199.32318
61.00999999999999,17.381649
11.01,136.00746
20.83,140.11234
2343.57,231.53296
19.217,5.145045
0.18600000000000003,35.362812
7.987000000000001,100.15252
8.123,42.36838
9.703,98.18596
159.793,1091.5171
1.25,43.492645
69.647,20.422071
0.283,0.21994358
0.737,33.33702
70.376,256.7805
67.377,325.92926
19.747,1.6979969
10.583,95.72392
28.9,115.0575
58.846,106.0078
10.054,44.6525
199.123,778.2751
0.127,234.33815
148.974,332.59467
11.007,315.61673
60.31999999999999,174.1041
12.003,81.976776
1.126,87.607994
30.082999999999995,307.05588
9.787,3.6345258
382.25,227.98166
19.96,710.3864
0.06,5.776986
49.593,22.76001
139.916,126.56683
1349.733,174.792
88.37,68.23144
38.52,172.41934
19.937,0.834189
41.303,234.45491
41.127,504.4445
30.99,14.553676
49.883,1.9848819
30.003000000000004,15.800613
79.003,114.549835
49.844,184.04266
700.104,217.38861
109.497,106.49925
19.89,342.13547
16.983,197.71484
149.577,261.6083
1211.43,218.2982
20.48,23.12173
44.306,14.690836
79.586,528.6149
9.186,0.39381504
9.804,26.703335
969.0600000000001,502.7938
271.59,37.952007
19.93,0.28079283
0.39300000000000007,0.6572186
0.03,46.741432
19.45,506.2206
2.507,0.98102015
20.11,1014.26965
0.767,101.55383
59.686,17.508783
172.613,832.02625
169.993,84.01595
0.25,0.4322841
9.07,6.603641
51.507,430.87726
9.92,28.960388
30.563,153.76192
9.39,0.5112058
40.186,208.00728
0.09699999999999999,172.19879
20.243,28.784084
21.133,1070.0159
30.31,132.10439
23.967,0.4322841
239.09999999999997,1344.5364
9.55,1.8662727
19.983,499.95114
68.077,0.3629141
8.227,4.702776
290.064,286.3315
1060.75,705.20105
39.167,14.271888
37.593,181.72812
0.707,0.46669522
0.234,31.549475
800.084,2234.1028
650.953,225.37914
3530.583,1569.3328
40.203,324.03595
3924.16,1300.9379
581.003,222.98994
10.263,169.82082
20.89,232.68164
110.326,198.76515
10.303,1.512176
40.377,352.31158
59.537,193.80128
249.963,432.95883
50.197,120.96654
409.35600000000005,531.5738
120.05999999999999,817.73065
139.92,5.2616906
81.463,6.698414
0.09300000000000001,1.5477502
0.343,5.0373015
9.49,1.717974
100.183,1446.5758
9.65,0.5274562
40.287,2.2594094
29.967,219.78256
209.62,198.38675
39.897,5.648562
0.034,8.1282215
2327.44,768.06836
8.92,148.98154
70.45,216.55727
6.563,2.5487878
38.883,146.08846
60.917,748.01935
90.147,315.61673
9.173,26.777836
59.26,214.51202
0.06,3.4776618
59.543,83.15051
10.224,85.484184
20.04,0.54519457
479.807,380.2697
20.277,26.219408
18.603,23.601467
60.477,1.3028485
19.944,45.535927
0.11,1.2230375
69.164,124.845665
0.143,0.6890387
80.013,232.54369
29.664,85.230194
60.09000000000001,102.48644
10.77,66.32538
11.393,0.06622379
99.91,1583.0712
18.823,0.043369435
29.859999999999996,479.09363
9.607,53.160664
209.806,290.6455
81.093,182.54076
29.779999999999998,442.5589
1385.28,629.5719
20.01,43.048054
121.73,145.97627
9.423,41.741257
40.637,273.55185
28.134000000000004,3.129495
10.284,95.33971
9.243,7.721252
1.567,213.46983
10.9,248.79904
10.987,45.660545
20.233,14.954164
12.343999999999998,8.627551
19.783,134.63014
239.97300000000004,475.21933
99.85,289.60233
29.967,338.36246
9.153,97.13836
39.784,141.33994
70.03,18.14603
158.203,144.45245
9.227,39.149803
609.68,237.23602
0.18999999999999997,0.70192325
1259.33,605.20953
10.127,101.14132
20.224,482.24802
60.087,284.36618
570.14,190.4667
89.487,386.77948
19.976,2.0843554
2830.377,755.13336
50.02,45.08137
40.643,170.13191
280.163,243.309
19.96,222.75612
29.784,160.44536
0.25,0.3424345
27.736,40.290974
60.073,283.27478
33.15,291.22342
9.8,17.80515
130.6,88.95923
30.637000000000004,52.046677
110.51000000000002,276.18802
0.563,38.988995
7.814,32.15852
9.507,168.38074
9.19,70.90636
159.29,282.25458
33.887,337.4079
119.72,823.39746
20.723,145.73918
835.916,398.6203
63.43000000000001,193.7595
11.876000000000001,0.18251428
10.41,137.24815
10.417,99.31419
30.8,38.7808
0.407,188.22855
20.897,48.354794
1.127,155.91725
10.397,1.8881751
4189.643,689.06964
542.173,667.4176
50.013,41.868793
59.67000000000001,195.84322
199.573,456.0317
2.326,81.98824
120.44699999999999,119.96215
19.363,109.985466
45.694,199.31201
8.784,22.75171
10.567,172.0329
0.513,4.4654145
49.88000000000001,2.8448412
13.522999999999998,293.0237
29.54,26.56885
398.02,844.7434
239.773,347.42938
9301.083,10094.429
0.423,4.4731617
107.28299999999999,230.70341
10.573,9.041585
0.36000000000000004,1.1118611
0.3970000000000001,1.20547
30.063,1.555505
9.85,0.10681048
2640.467,1348.5765
1130.284,988.1923
30.117,3.642832
7.893000000000001,32.92712
9.863,316.18732
1.48,0.14623338
3099.534,56.361908
9.723,121.44568
99.63,3.946667
0.8899999999999999,0.07542409
10.227,13.131488
541.62,357.05844
10.22,3.5456834
0.36000000000000004,2.4607599
19.477,0.0717558
650.03,263.66608
0.656,192.24422
257.93,288.05884
8.873,196.81657
10.33,0.27797425
169.903,307.28806
169.023,524.102
20.36,0.26800784
100.13,28.071293
49.78300000000001,41.71589
20.247,5.4136205
60.54399999999999,18.976618
19.693,37.603218
10.577,40.46605
37.886,31.906363
19.31,275.18515
68.643,6.0437784
20.214,3.3842232
359.007,46.071934
0.577,1.3168837
60.996,693.00946
161.036,2.5440555
40.2,117.87217
500.533,372.92694
19.457,189.30022
10.073,8.587322
20.364,225.26447
30.73,227.3784
39.696,158.09962
29.81,177.36052
20.586,667.47906
19.927,246.83124
0.08,177.68526
1679.884,203.29944
0.08,0.49130896
69.51,189.853
9.917,256.7834
20.014,4.184274
19.567,1809.0187
10.333,115.162575
9.297,37.435894
19.704,213.53438
10.164,25.557333
0.143,0.7330045
110.263,102.16341
9.617,0.51229316
219.75300000000001,732.31366
30.107,5.1123023
209.367,1561.1959
279.944,221.1027
0.784,0.16626889
49.857,135.70143
349.56,257.48083
8.266,0.16626889
40.03,362.0492
9.707,47.945065
189.46,432.61542
81.193,292.18143
30.749999999999996,581.2062
11.034,0.11443099
170.474,427.17377
8.867,25.412752
0.28,26.419163
0.0,61.832623
30.047000000000004,222.15353
0.327,0.58062077
0.64,181.0011
200.63,132.70996
18.7,2.4087756
140.036,157.01643
0.483,0.52090573
83.234,1200.0513
9.803,120.07477
71.843,530.8772
7.813,103.04657
29.027,154.96954
99.493,55.726017
10.017,0.17934948
100.557,27.884178
0.767,94.60017
95.463,566.1086
0.267,209.03342
676.087,1351.2004
159.753,668.0259
79.01,31.70964
50.27,277.22238
0.063,0.13957508
200.067,488.23853
4511.703,448.38678
0.03,1.4700549
0.456,79.301506
11.07,15.44682
172.22,177.0468
18.697,1.1124804
89.293,223.21313
0.17,0.5311936
10.343,21.076632
19.92,434.8404
0.012999999999999998,0.54321146
9.96,0.2776542
0.687,12.045068
1180.37,189.5232
822.3369999999999,566.5376
30.837000000000003,21.672314
10.04,150.11833
347.957,385.17188
0.25,8.957246
21.493,0.38865316
339.674,28.390575
1619.96,367.15353
19.733,184.7871
48.83400000000001,0.43226224
0.75,113.321655
479.877,1311.7855
140.147,224.26256
0.046000000000000006,0.33832955
30.62,52.14734
1930.44,2273.1282
1620.9859999999999,516.3138
39.407,135.25845
39.747,87.32675
550.287,616.5952
10.83,16.474604
7987.416,3829.8286
10.327,660.38354
692.696,915.97314
8.873,78.45995
10.396,49.523285
30.436999999999998,21.457561
80.75,126.536964
148.97,14.236145
120.21299999999998,1388.0278
10.287,83.3678
698.75,279.17584
8.983,30.499107
111.07,152.77403
70.45,19.2631
60.583,664.1201
22.633,428.21478
19.78,492.33865
0.23300000000000004,42.91553
471.83,152.27942
0.16,28.752937
190.133,168.58142
279.807,191.06741
19.453,191.24019
19.427,148.54863
0.627,131.56128
0.20400000000000001,283.21277
50.703,5.3198547
40.54,65.2607
769.133,319.9712
8.173,58.37731
31.096,117.567024
509.296,155.108
9.05,189.5299
20.96,441.09732
19.906,0.8699503
9.936,0.048286907
69.727,2249.769
96.50700000000002,134.37051
29.864,317.99207
260.527,531.80084
28.697,47.80623
18.536,186.56734
1.004,2.1052492
110.12299999999999,222.31352
19.957,287.47833
50.503,1.4721551
229.9,186.17868
179.547,258.53143
9.97,7.4214745
0.04699999999999999,15.891789
1027.196,658.3845
0.64,68.869934
509.136,261.50705
10.087,52.5889
189.89300000000003,150.0612
90.713,33.012383
112.33299999999998,256.90005
10.147,8.362396
29.936000000000003,934.21356
749.21,438.5925
191.066,164.7663
19.694,24.837542
30.069999999999997,212.76672
32.18,0.5350995
10.547,326.86676
80.48,195.39803
0.06,48.08426
0.11,54.19158
119.453,467.3729
1170.303,532.9321
10.04,147.9404
10.117,200.8921
80.937,458.17307
962.0869999999999,534.59515
9.337,2.5527163
188.067,270.57153
20.566,190.14825
19.596,8.898541
0.326,0.5535815
20.947,115.38415
109.707,109.61536
309.973,0.23952109
569.75,1116.9152
29.453,83.54289
20.617,35.801548
30.22,197.49962
20.034,239.96294
19.98,98.875885
131.343,149.06198
40.467,218.281
10.26,114.82936
648.414,379.74692
0.467,43.18094
40.23,82.07829
1.036,0.22518103
30.32,105.9585
4621.453,2229.955
50.29,186.83696
153.143,222.39897
379.864,42.295925
159.856,13.102397
19.363,24.127705
110.01,387.02664
59.483,245.3919
1383.803,158.86932
100.41,155.46526
480.18600000000004,682.033
11.37,0.1274866
121.057,117.77389
1.016,0.3105233
0.503,44.79501
1.126,183.54483
399.86,408.59442
90.12,4.766779
29.967,421.81708
209.993,2487.4463
498.77699999999993,442.51813
30.323,75.21951
210.297,380.3561
249.23600000000002,266.38953
29.963,196.66931
20.053,73.82871
4463.893,742.57965
80.606,52.149357
19.977,153.09828
30.896,136.39847
0.737,3.2704182
2.187,263.09714
158.883,196.8441
20.03,5.3425536
410.673,188.22855
41.147,97.25087
18.854,15.6081915
71.213,151.59406
10.107,232.54369
10.473,21.457561
0.8,128.18312
78.704,68.58843
10.054,82.081955
9.407,0.03684245
10.314,0.36228552
150.2,34.095276
279.663,159.99637
10.11,222.77992
380.017,572.2917
130.133,12.7224865
61.814,90.008804
10.203,169.90862
9.603,18.870178
19.68,2325.2976
31.024,118.995316
159.533,358.38562
79.084,392.1212
65.563,83.9812
0.43700000000000006,102.334854
10.39,40.13009
18.617,197.27603
900.156,262.51932
0.11,46.981697
0.703,92.32167
0.457,210.32745
0.187,123.44571
49.75000000000001,25.516853
20.04,290.45786
9.64,10.244931
629.87,502.80045
330.057,369.8634
36.8,184.7871
9.95,162.64804
19.974,25.195042
39.614,1.268763
10.686,19.825212
0.076,30.499107
29.79,274.4916
29.517,169.26013
30.486,471.06302
259.883,622.8597
0.314,11.992531
20.227,41.464687
47.970000000000006,14.303952
0.03,51.763695
144.04,754.95526
9.843,8.745177
0.297,166.31967
19.39,6.4194374
299.493,102.25089
10.13,315.61673
60.756,3.9454253
0.017,0.08816677
39.937,0.7591784
169.833,24.456472
20.133,6.2260003
59.29,1076.3391
9.104,0.112009116
0.03,37.644913
50.316,113.14871
0.88,198.53586
2120.103,283.52985
70.82,77.92804
10.547,184.9473
19.89,98.059586
19.96,34.5289
124.223,269.44638
8.974,46.392902
21.14,0.32683754
69.113,287.50458
1149.836,965.39984
1.916,261.94342
20.17,1.4795935
69.264,7.0157323
20.404,241.48735
30.044,347.2098
57.193000000000005,122.726166
10.13,12.609399
9.36,224.0679
19.5,131.40892
240.8,1633.43
289.02,982.3985
40.94,148.54863
106.81299999999999,331.8328
10.437,0.9646016
149.92,608.02527
20.923,132.9444
19.757,86.5521
39.873,24.616936
2380.82,570.1671
10.173,70.938705
39.093,661.90967
7.992999999999999,185.57103
460.766,1105.2335
10.427,16.363577
0.313,0.5894526
20.807,393.25708
39.594,120.38322
0.03,0.49130896
8.846,1.6014315
774.997,780.5065
29.977,7.2356954
9.477,9.164784
59.15,666.3702
0.326,114.11334
30.4,1268.6829
230.423,219.2738
209.71,705.9355
39.727,1.0703946
20.01,45.641647
20.174,41.400143
118.613,237.24005
40.013,138.74251
0.09300000000000001,3.5286357
3650.52,1941.454
9.847,0.67134327
169.233,153.18723
0.8030000000000002,99.630936
20.07,205.52655
9.843,12.403514
29.72,81.37431
19.533,1.9749522
473.703,1723.9926
2634.27,512.01624
11.037,126.77493
1.147,0.9100889
852.5639999999999,339.39792
339.903,156.68748
154.27,212.30183
19.853,20.5922
21.187,71.84903
31.477,143.80037
438.77,261.13794
18.0,89.30431
10.263,147.82877
797.583,438.11957
19.37,327.8578
0.343,111.240105
9.753,151.2448
368.567,622.5081
10.0,3.107008
10.037,0.04249605
193.9,303.43433
0.08,2.1908884
9.913,2.6282644
8.927,544.2684
14.25,13.109733
890.4399999999999,197.49419
112.227,821.3878
0.547,7.329077
19.927,269.37277
30.34,5.4438624
89.61,4.7727695
29.494,688.7829
48.916999999999994,37.518677
79.837,306.63348
927.53,1111.7338
20.604,0.0423706
0.14,85.66544
74.327,398.38715
19.797,15.070971
19.233,145.32646
778.653,903.69507
223.01,309.5412
10.654,15.130615
10.184,194.91837
30.743,0.20034675
88.487,251.11545
0.253,0.4084637
8.58,0.5048682
89.874,205.29582
13.33,109.90777
19.52,0.40309867
179.267,232.63478
50.620000000000005,526.5218
10.05,1.2791687
647.12,1682.8894
10.064,138.33336
69.057,177.00156
0.076,215.35425
8.53,0.14798026
8.987,197.27826
9.91,72.95107
40.214,505.86478
0.547,0.17517716
19.46,166.71832
10.384,16.880241
120.703,6.0318656
20.493,20.755781
70.537,227.47295
0.4729999999999999,0.2650118
20.79,180.81532
20.033,237.9188
179.797,127.24563
0.16,4.4843726
29.353,47.894806
20.69,3.6215413
0.126,3.1793253
440.163,239.928
59.64,989.2646
30.182999999999996,0.95698655
179.174,3.8069172
560.12,682.1731
1760.0099999999998,961.643
4280.927,1752.8641
299.957,276.1265
250.083,212.71901
19.94,144.9415
9.95,329.02115
0.377,84.86624
10.08,170.9953
88.94,390.0605
0.077,141.34639
10.534,174.15265
19.196,49.229225
8306.607,1022.81305
159.75,531.9446
29.817,216.88693
20.63,2.3206758
190.98,197.3193
139.513,87.62392
19.923,1.2740227
50.243,183.76605
0.263,1.267063
6237.773,116.19502
10.323,46.89079
51.2,92.29576
129.437,1104.4357
20.187,257.02145
30.567,214.21188
19.25,666.67706
9.04,102.9809
18.887,2.4190607
38.707,129.54129
290.683,61.663387
80.44,644.0991
110.406,240.6389
20.123,52.3477
0.034,46.292812
19.177,178.94196
149.737,335.66095
10.033,245.23434
50.72,137.28456
189.983,914.8128
10.007,12.028083
0.9229999999999999,13.958524
60.973000000000006,142.29037
10.033,48.50076
1355.934,373.1237
19.957,322.55923
19.787,83.73769
60.46699999999999,262.41754
10.217,3.4224508
79.714,160.80446
2.333,33.075596
9.703,12.306732
289.494,590.2949
1809.5769999999998,432.2981
9.934,23.919554
69.503,1.9437786
0.127,8.789768
2379.307,723.38275
100.403,191.7087
2115.323,667.7832
29.74,274.5331
7.537000000000001,0.7291182
139.61,261.75653
30.003000000000004,263.85767
10.017,122.13147
0.313,119.669685
0.173,86.86166
89.18,343.15686
0.5,58.187786
20.714,144.56119
339.89,67.302505
9.523,8.820799
10.41,178.60025
90.207,169.67517
267.413,212.74358
10.5,36.76511
640.064,326.69067
28.859999999999996,0.3847449
348.943,521.9916
39.19,0.31529272
1140.11,280.59702
10.017,181.9405
0.407,35.50466
350.133,211.40396
41.957,111.16822
361.55,507.38776
2715.273,833.63806
28.284,72.06042
271.987,334.14667
10.096,66.14713
100.214,223.69179
0.75,2.45231
20.103,211.14932
40.1,3.568886
90.063,1.7729169
247.67999999999998,252.12836
2160.014,1293.0498
250.103,301.78976
31.026999999999997,627.52185
0.22,2.0919724
10.846,157.5668
470.19999999999993,183.56584
0.0,209.58408
10.557,0.118375145
199.443,306.27664
39.637,275.98074
20.454,18.96775
0.407,4.359467
9.073,1.6900538
29.92,104.67412
59.227,95.170975
80.634,251.15173
161.003,32.374973
509.264,367.68243
5730.537,1.8370594
0.58,0.29406357
677.653,1074.5118
29.67,161.92488
6638.450000000001,392.55865
9.46,131.21907
10.067,177.9127
269.723,120.086754
18.52,0.1213647
69.99,325.54755
37.767,257.94772
0.14,34.826336
9.857,190.20235
20.607,320.87204
0.03,0.7847633
20.027,211.91754
47.78,112.424065
519.323,356.9498
28.13,0.75281316
8.717,77.77264
9.81,132.76173
0.28,1.0592196
40.53,145.51883
809.6,159.0497
30.09,255.78389
20.813,843.91406
0.017,115.110886
248.02,229.98306
10.154,0.6913489
477.557,652.13434
0.66,9.086396
20.964,58.2509
120.95,259.25632
19.864,127.88151
11.659999999999998,45.426643
20.294,406.27753
20.133,138.74251
1970.6099999999997,1057.3721
139.08,206.80376
10.01,22.663778
9.284,98.94468
50.147,5.9796433
31.249999999999996,108.13006
0.23300000000000004,315.72406
308.967,87.37681
18.693,295.89053
29.917,9.274085
70.033,426.38132
10.023,169.08636
660.34,315.5841
20.43,944.2008
30.13,144.52469
10.1,250.67134
9.45,1.078046
19.663,2.2591293
10.26,213.17831
0.11,0.23835464
29.823,0.09613904
9.953,0.3929687
229.80699999999996,258.09818
0.046000000000000006,63.2913
0.436,0.14981759
19.953,30.200863
289.727,288.09506
19.6,85.92208
28.276,252.18622
49.84599999999999,31.499557
189.827,68.60464
9.407,0.7330045
9.92,111.117096
1008.6,747.5737
19.424,68.12507
20.31,229.18227
0.04699999999999999,100.151855
20.48,0.52549404
108.667,850.6215
0.9699999999999999,214.95088
10.277,187.43309
529.463,512.30414
8.676,216.0275
19.83,65.64723
27.84,120.56076
1.8899999999999997,78.651634
19.97,1002.91626
618.856,176.07909
60.09000000000001,7.5988092
8.983,15.814037
0.123,0.2842797
250.10700000000003,347.32944
10.783,261.352
38.667,116.04024
1.343,169.47234
0.673,171.86722
9.853,1.1726869
20.137,5.75395
17.837,0.3587695
129.774,64.35244
59.78,236.37477
9.98,197.74255
20.086,540.3721
13.177,33.15007
9.366,31.478611
0.11,139.23041
19.896,211.31978
21.994,40.633797
27104.704,17050.502
1004.1840000000001,467.12256
20.18,1.3456918
32.193,126.234406
121.303,227.836
20.94,1.7487186
40.324,0.16246547
39.26,91.40388
840.92,358.69913
281.3,306.97458
59.227,3226.988
50.786,38.48402
259.337,327.4324
110.89700000000002,170.05505
0.94,5.665132
90.57,332.90375
1.156,0.32269052
9.93,41.107174
11.077,0.064523
0.236,154.02312
19.677,262.11285
2429.913,927.8175
250.67,69.51704
0.064,0.23304069
19.924,814.0351
0.063,119.71918
10.847,114.88334
330.11,846.55383
0.5,19.327997
78.437,592.4229
9.794,23.996674
40.286,97.797935
9.997,22.464088
19.396,274.47308
0.236,169.26004
20.076,107.17911
1566.243,242.43416
0.326,24.11083
1389.15,464.24197
30.037000000000003,29.035189
1.5,40.45146
10.293,329.95123
9.85,21.847414
19.194,0.15320931
20.026,0.55012596
0.173,155.2957
10.073,473.96338
38.427,120.81028
9.274,408.2203
1.27,144.61034
207.427,165.36223
0.297,215.97644
450.674,260.47372
0.844,182.18127
0.127,0.35050622
10.76,135.35939
52.397,85.504364
8.504,131.37045
10.584,182.62311
8.69,0.18251428
30.1,0.25473788
279.557,290.59845
20.103,79.35724
12.176000000000002,41.139584
56.470000000000006,1018.33246
270.65,402.62753
30.657,0.20997494
7.61,130.3247
0.034,0.6922673
0.517,0.086459264
402.07,269.03192
319.173,719.8062
29.4,0.1480075
179.983,80.978035
29.792999999999996,1.6000744
19.913,481.22043
9.947,120.69059
20.066,106.04171
20.73,25.412752
110.657,134.16698
10.216,2.2533672
669.403,828.7318
0.563,165.98817
80.777,811.219
129.797,596.90314
20.406,105.55257
9.117,268.98538
39.183,187.31018
21.2,3.2792556
21.286,67.57485
339.54,1036.7698
39.766,218.92694
8.89,115.47276
623.07,129.59293
88.95,178.41695
51.417,662.3756
69.213,0.10685856
10.087,347.42004
11.157,84.18088
19.816,193.43152
140.4,196.43396
1.92,0.060096927
185.06,483.01404
120.00400000000002,104.016045
60.024,2.660096
1.437,184.34213
20.0,0.63355184
45.71,45.062996
16.613,309.91632
8.99,184.37846
191.11,8.336467
32.887,98.676506
10.53,198.27939
10.596,256.1347
89.767,114.58448
141.25,173.43355
120.10299999999998,693.0997
19.976,47.040565
9.127,31.942234
10.827,2.0774279
1729.7799999999997,8447.605
159.687,775.12494
0.7360000000000001,10.198668
20.197,131.58626
240.767,155.97855
20526.217,17381.871
3220.1829999999995,431.2951
18.946,247.39357
6121.603999999999,1179.4355
30.483,197.27826
980.3970000000002,968.0888
1191.023,158.96019
50.79,224.23361
40.89,410.57825
599.473,1718.8153
0.546,1.1418098
58.827,72.86749
22.177,155.6216
19.913,404.3261
9.903,32.595535
938.8330000000001,252.8125
151.244,236.60027
30.076,228.24222
10.897,64.86161
29.949999999999996,0.04650944
51.99999999999999,438.1902
59.57699999999999,182.2157
121.04399999999998,214.76408
32.177,42.302612
19.874,64.5824
9.37,7.7840185
10.516,1.170228
30.26,178.11548
20.15,0.5228806
12.83,315.38776
20.0,160.61583
0.627,79.99334
49.25299999999999,3.4346888
11.067,31.227598
29.45,96.23481
10.173,38.44013
20.034,148.46895
9.717,225.86923
9.86,63.91114
9.87,0.6029046
1.186,315.08188
21.467,326.09036
351.137,213.42212
210.106,307.17862
8.953,0.2635917
729.767,247.36615
181.606,175.25739
19.037,1065.4834
10.53,236.60027
1.123,128.53763
40.023,38.44013
220.143,60.55814
50.583,93.75413
9.49,181.08139
20.42,84.254715
29.863,466.33963
0.04699999999999999,0.29410142
0.034,19.825212
0.78,223.03348
0.187,167.18617
29.79,261.01898
30.087,440.29266
9.017,0.23825848
68.863,4.6918244
7208.012999999999,2455.2673
0.25,7.046715
9.923,435.79327
38.187,242.65012
0.03,6.650428
0.11,173.44443
19.49,488.23853
50.84599999999999,131.50594
0.09399999999999999,1.6487479
20.643,1.4721551
20.233,187.75896
10.34,261.70682
19.327,338.87424
9.81,2.3916795
9.66,177.37907
1.254,11.229417
330.007,233.61374
4292.013,891.76086
1481.424,202.19655
39.8,43.85249
2325.297,2746.0774
0.483,14.458487
161.063,22.98814
190.347,7.729148
106.207,595.5905
169.483,248.36539
18.964,57.094906
1471.274,834.7193
259.514,529.6504
151.784,349.137
49.962999999999994,221.77118
712.51,1083.9352
19.207,0.07095316
9.86,2.201977
104.64700000000002,130.7847
1409.84,954.3332
281.084,333.0106
11.433,214.70647
20.55,6.33317
29.294,168.40218
19.92,3.9735615
311.397,94.00019
8.887,0.19124758
1269.953,234.30727
741.17,330.2536
21.66,126.6095
40.77,44.241604
9.013,6.08838
19.164,670.09106
10.834,317.02756
48.573,63.394157
1760.363,1492.427
69.726,16.11679
3600.533,3204.7375
0.113,309.67624
10.997,0.7576935
90.123,10.916138
548.94,177.47075
30.037000000000003,105.30665
10.113,79.56441
30.770000000000003,345.54666
130.197,0.99233776
120.937,660.8515
290.944,272.3917
300.183,143.72403
39.666,346.1764
0.283,3.5440094
29.754,27.01149
260.353,1869.1368
41.183,63.6326
20.054,142.29037
9.956,57.063885
9.483,4.375134
3419.924,391.50336
110.994,192.17793
409.707,212.91501
28.763,0.34329703
42.29,257.86282
0.18600000000000003,8.951345
89.913,231.87311
0.673,92.779854
1157.163,1117.9199
0.267,8.136068
19.73,107.54697
18.877,317.81677
9.407,0.6526909
22.413,49.24778
9.984,0.18362083
10.413,1.0441836
9.88,0.20509471
0.11,0.16626889
0.113,30.529366
20.12,451.03452
59.547,461.91486
10.113,0.2026359
61.95,1617.1389
27.710000000000004,92.55959
100.77000000000001,506.6436
8.383,79.88144
19.893,0.39296833
19.407,221.02403
0.563,26.59161
48.12,43.53736
19.63,169.99228
50.94,169.67517
0.04699999999999999,252.3945
19.536,0.18331636
5065.997,729.9521
9.837,232.95166
20.72,196.46751
40.004,468.69095
180.483,392.39383
439.534,915.6362
0.373,102.60709
71.503,127.85189
38.897,128.7624
150.734,457.57916
40.077,25.960588
19.55,214.89171
1.424,220.72427
9.71,81.18192
79.703,297.11523
79.853,236.74672
9.854,79.71232
41.213,67.40258
10.78,243.91754
0.36000000000000004,26.7942
9.827,0.39921525
29.93,107.10583
32.504,87.607994
89.287,80.76731
32.513,102.85612
51.18,131.0515
9.797,662.7592
9.674,76.57875
850.9429999999999,270.86334
39.793,0.29986653
0.05,0.61537814
20.934,59.860825
79.273,48.75867
11.164,484.5335
10.82,85.37405
18.594,7.7840185
189.60299999999998,1064.7402
18.033,332.1833
9.887,1.7315267
129.873,487.07587
10.576,107.13543
20.18,0.36722714
0.127,84.866196
0.203,29.553799
21.064,163.33922
70.003,46.51089
0.61,100.15252
18.37,196.02942
10.566,56.96119
10.383,56.227455
20.373,9.189145
1959.963,708.8353
40.537,104.06881
49.487,90.947395
160.79,38.615932
13877.153,1282.6729
31.043,128.18312
19.68,301.82077
20.21,22.958544
229.99400000000003,113.9661
1107.253,416.5765
49.983,194.57767
0.377,149.37207
40.776,172.59633
0.283,16.71604
30.876,102.82687
260.303,30.167982
10.107,130.04578
71.136,138.64676
9.986,0.16817538
91.02999999999999,180.62964
9.503,20.346912
28.317,131.01003
20.874,14.274024
0.063,0.30477613
30.115999999999996,2214.628
131.054,149.56352
8.827,110.92506
0.09300000000000001,0.092876144
19.763,231.07227
410.907,416.72314
24.676999999999996,729.41956
9.237,1.842356
26.763,334.87372
270.773,388.22598
8.82,95.145584
60.117,157.09435
50.63,21.446642
8.56,215.72179
209.58400000000003,144.7867
39.71,469.8434
239.924,281.8405
989.933,215.5176
19.97,127.82972
11.383,119.32309
2886.87,1334.8756
9.92,18.025429
0.39300000000000007,53.35817
20.233,139.82227
237.076,69.088326
40.183,190.20235
130.323,197.89655
10.7,7.2128534
60.767,176.34695
9.933,0.5943092
9.78,3.7287226
10.407,12.657374
70.846,114.08685
20.527,72.67943
10.19,328.48425
1585.9170000000001,891.50116
59.717,704.31824
8.38,110.92506
10.213,2.513713
0.737,206.19812
0.33,321.42105
19.967,23.16835
10.0,135.5423
28.453,64.86161
9.477,2.705485
86.446,2.7180088
48.757,225.36671
10.273,159.76207
0.03,105.55257
59.739999999999995,1318.5493
1481.0959999999998,943.8912
120.127,1618.7756
20.253,627.1954
20.586,37.46723
21.017,75.370865
28.987,97.13836
39.397,19.039654
29.61,2.2344725
9.74,5.782475
209.816,344.87015
1.283,539.6429
9.273,0.38425213
39.01,296.49637
113.066,221.82547
0.017,288.06174
579.974,216.34258
69.593,249.02313
0.143,7.9001427
7.107,46.038494
68.764,342.09906
18.2,191.01407
29.556,118.210945
32.336,0.85937595
9.28,80.13421
20.677,159.17213
2440.363,540.7827
11.6,33.224712
8.75,8.173017
9.74,64.09264
40.09,741.9374
40.024,118.30235
0.266,116.775154
0.656,5.312631
171.076,506.9692
1199.87,239.89395
0.123,1.8547454
18.466,106.314026
579.443,1151.0565
20.073,174.99922
11.357,29.553799
40.907,163.99103
20.053,162.81577
40.38,1381.4247
20.3,181.94147
0.267,0.082522765
39.01,352.89868
9.013,347.97708
22.416,321.71005
10.384,144.98448
0.503,0.1480075
2101.237,731.2733
9.347,47.272095
9.323,18.442963
49.573,130.58537
0.064,50.614956
19.823,80.26443
99.48,315.58667
19.4,19.470732
109.804,1.7649125
803.4,403.85815
8.687,172.9515
19.59,33.29511
60.73,1611.5073
19.897,890.37933
0.063,41.10722
0.403,147.85155
10.02,164.42134
29.256999999999998,1.4384196
68.827,1051.9978
19.613,140.58911
10.237,118.123215
10.117,357.34628
53.166,311.48563
29.363,55.608166
8.823,69.76279
8.234,115.38415
449.803,240.59201
36.606,476.11227
20.017,185.08168
11.863,184.72707
10.083,812.50916
127.133,187.8079
0.357,42.695595
249.98400000000004,122.784775
959.767,353.4831
19.95,0.79321516
10.667,192.89703
3.474,0.06315028
81.257,43.85165
10.03,44.231064
189.227,938.37695
899.92,616.4098
47.18,81.248505
501.13700000000006,1037.2389
19.963,853.316
101.13000000000001,163.99266
10.313,165.98808
100.18600000000002,2.6734369
20.067,767.9819
39.004,44.180946
39.777,5.281798
9.803,83.44354
9.323,628.604
9.013,0.70736974
0.313,46.45341
0.174,216.2313
3537.397,3084.5393
49.71,1453.6854
180.106,225.4217
10.163,5.045262
20.553,45.97653
19.29,3.1382027
19.67,132.37701
2170.983,575.9409
10.36,183.1982
9.173,119.59693
0.533,33.614017
29.154,17.409346
40.567,92.41548
19.5,10.421897
11.923,0.6756736
2470.696,1802.9009
9.803,261.3773
10.533,234.16628
20.82,0.47949147
0.063,1.7415923
1872.057,278.73196
0.377,34.9189
238.944,342.2049
50.129999999999995,224.5524
15.46,333.4139
11.55,2.5409663
259.843,4.616767
192.877,92.35784
29.85,67.933586
20.42,214.56598
29.61,478.92615
1.5,350.6017
3320.017,919.02637
0.314,131.56128
79.904,227.36078
8.543,3.2704208
19.847,51.997658
210.26699999999997,1261.2058
29.445999999999998,87.32816
19.103,246.42297
60.55,291.75034
119.944,831.854
29.996,13.704054
9.84,217.069
107.60000000000001,208.18265
1067.187,222.25232
409.91,261.31693
29.936000000000003,0.36236358
29.26,18.440466
3160.79,3580.4624
10.867,156.27675
20.073,145.9942
79.716,213.92311
21.24,184.25798
70.406,307.17557
10.387,114.48784
90.307,186.4104
10.03,0.10306246
189.573,3.7164576
300.12,968.24115
10.42,0.8202169
130.936,184.74828
10.253,896.586
30.556,6.9528527
9.534,4.005244
19.006,415.71173
19.066,0.24709974
60.533,254.51721
10.993,4.005244
0.127,10.3516035
38.967,1.9968045
20.01,130.85281
20.157,9.616846
38.204,242.21426
9.667,232.24681
9.65,129.40381
123.174,118.35012
40.343,9.838222
329.854,731.60144
10.483,246.38626
10.647,26.765182
484.797,346.71353
29.167000000000005,130.50522
10.21,127.4846
1455.834,1117.9684
149.553,1567.1469
10.89,64.905045
110.23700000000001,82.43945
23.123,178.78377
1.174,87.68842
0.45299999999999996,269.37277
1031.08,320.2185
38.38,174.81468
69.943,9.339423
0.064,6.4422493
9.007,0.5119958
8.62,0.3459404
0.04699999999999999,1.1668761
6.81,124.74522
250.81000000000003,110.45958
19.52,17.77777
119.657,398.15176
20.82,100.809814
59.650000000000006,188.62173
30.09,4.0177217
0.04699999999999999,119.20322
19.167,214.60266
9.887,53.540123
29.85,0.8239809
10.63,214.30893
0.123,6.3526206
99.7,215.34271
110.003,203.8648
6.863,78.73652
49.827,9.130647
100.307,91.53002
4353.953,318.78995
35.816,255.67294
0.11,1.8009518
18.874,145.33296
39.637,173.88136
10.307,661.90967
29.757000000000005,0.7528368
180.627,1.3780103
9.047,127.55197
30.294,72.86749
29.097,37.46723
18.803,6.4422493
10.006,341.74347
43.07,809.55554
49.066,32.048225
19.747,13.286245
79.44,333.7529
8.02,80.984474
9.486,58.187786
189.703,67.554115
219.984,195.75864
0.03,1.214504
902.873,1399.3712
70.163,161.00603
61.15,1048.5532
529.827,1715.1294
189.54999999999998,553.2686
19.33,196.02942
19.94,1190.3923
40.16,179.18088
21.17,67.71542
0.046000000000000006,33.26919
20.087,17.77777
261.28,184.91261
19.32,80.055786
39.813,5076.9824
213.49399999999997,51.144676
49.593,270.95145
30.043,47.341583
107.537,935.3106
329.674,264.47626
48.843,176.80443
19.434,273.37686
1070.057,371.40854
9.844,4.6370845
0.237,506.9692
559.563,1378.4398
28.17,222.08437
49.987,87.6739
0.39,0.23853429
30.087,412.31552
0.677,44.041122
18.884,11.363791
59.963,0.5232203
22.533,376.923
29.846,64.94938
52.127,114.73174
0.7360000000000001,113.352165
0.203,8.173017
0.83,31.227598
110.907,445.82205
440.58700000000005,217.37344
19.34,115.54785
34.47,407.0968
8.953,219.23912
1.33,0.42924622
489.66600000000005,308.41937
20.297,5.5936913
17.917,75.59212
89.863,1.3665658
9.78,28.49497
11.1,628.604
102.05,544.302
10.243,0.060274918
1.33,151.13763
9677.306,1775.3115
551.757,597.2762
20.62,383.00497
10.374,131.93057
70.973,212.62141
0.423,213.52882
8.49,65.59392
9.794,18.354362
50.777,148.65135
470.143,179.69063
19.344,2.6010242
337.396,335.4836
6642.837,116.202194
0.0,9.838156
290.876,9.406405
28.727,92.34601
10.293,41.655537
39.77,2.9901145
239.66,59.84666
265.54,557.803
160.813,144.05911
39.883,271.0316
19.007,307.93005
29.963,132.97026
1.563,91.41335
9.73,151.8312
70.14,162.51834
1651.9399999999998,207.83119
19.01,107.44621
79.546,174.88106
470.916,262.43307
30.436000000000003,254.41574
9.864,0.76460963
60.203,87.539215
91.103,1060.9695
50.36,287.77768
0.09699999999999999,47.40087
5504.46,1785.9248
115.29,2.534901
150.08,93.14998
19.856,377.62677
38.863,142.15509
20.853,96.55948
1.594,166.15878
249.84,178.48381
0.377,0.41679594
20.786,164.42937
129.21,238.06961
60.576,1361.6921
9.656,1.0441836
21.623,190.4576
20.75,251.9101
128.28,298.24857
19.79,232.3837
30.006,134.63998
39.6,402.42075
230.32,2546.585
0.127,26.67824
30.107,0.4420683
20.02,320.5375
0.04699999999999999,183.00177
725.117,583.8487
24.004,110.138054
1371.12,905.9455
420.75699999999995,42.109642
8.84,52.92506
19.43,27.784044
9.254,137.10844
18.11,17.4451
20.297,219.78256
30.239999999999995,121.96651
1989.823,237.7721
0.107,0.22030105
10.873,94.347595
61.146,53.783
39.98,393.24557
159.513,377.2658
313.39,167.54147
30.480000000000004,149.18596
79.253,106.632576
12.034,94.37844
54.14699999999999,853.1368
19.717,32.421547
60.029999999999994,229.37813
39.86,374.10678
69.957,31.656136
70.0,190.44798
0.187,40.405964
20.05,215.97644
40.13,13.212373
9.663,227.52335
532.31,317.34814
38.926,87.61016
7.756999999999999,31.514015
50.066,23.591343
0.09300000000000001,8.083209
19.564,14.173431
600.88,252.20692
9.803,0.07695109
9.79,642.198
29.813,201.98296
129.93,772.69714
19.24,609.5241
19.87,1.69308
449.843,344.16797
9.757,0.07972019
70.134,435.07257
9.553,1.4231186
2003.134,948.2579
9.03,66.32538
9.79,318.86954
1140.73,1380.8734
50.68,105.009605
419.963,232.83377
19.55,902.5463
20.23,445.47623
0.593,14.48901
71.24,0.09866569
20.407,224.17767
89.313,93.13806
8.326,5.2194943
8.867,0.93982774
19.427,0.15872404
21.337,199.51654
19.03,495.64282
0.04699999999999999,0.8941648
20.03,143.7289
9.217,52.48426
19.44,424.61246
9.13,0.4084637
9.993,47.272095
20.563,207.17125
40.86,0.18494526
7.873999999999999,65.16916
519.947,215.75677
1448.64,482.96738
199.064,10.343691
0.533,5.164667
11.15,14.962995
19.78,3.3522646
1.11,182.62311
129.527,644.487
40.05,65.06875
0.436,128.89311
19.957,522.9883
8.383,2.935465
10.537,1.3130013
9.647,0.79321516
119.68,784.1082
0.0,151.8312
0.126,24.989475
0.09399999999999999,157.4049
9.64,115.497765
0.31,71.42707
20.264,1.7417071
19.877,210.2027
10.307,0.11856959
0.9229999999999999,428.21478
80.217,878.5302
79.313,49.11394
321.174,219.00996
59.98,823.8242
9.3,13.682081
10.71,0.16246577
0.266,0.466398
0.173,31.95076
11.49,85.5244
29.89,437.466
400.35,738.03625
49.01,113.09753
19.76,4.912064
570.143,1205.6044
210.317,287.1499
140.767,70.06517
0.7200000000000001,201.28677
0.08,141.1271
39.994,273.2324
38.78,6.372787
19.56,79.99334
90.344,1.6624079
0.237,3.992891
348.976,321.9205
0.0,7.1025496
364.92,332.46326
0.967,220.19394
9.21,61.663387
469.826,906.44275
19.786,670.09106
20.61,176.59752
698.927,227.14708
29.953,115.84122
1598.5629999999999,270.28098
212.33299999999997,1200.858
2.033,172.04506
2966.83,167.38107
19.743,0.15146929
18.396,180.5972
20.326,193.40067
444.943,555.3551
210.253,267.64136
9.947,13.704054
37.647,79.809494
89.89,694.6272
9.594,217.37993
180.247,293.3881
70.394,102.49487
201.357,190.004
21.193,328.60077
0.28,102.549065
1729.74,309.44
10.343,110.34573
69.894,28.124619
60.003,197.08163
58.24999999999999,97.74534
40.617,7.1164327
30.736000000000004,104.7674
10.063,170.04826
28.843,114.894485
0.22,222.93251
9.517,247.17075
30.01,179.15143
19.2,363.0769
296.687,83.25097
11.047,222.42876
19.746,20.87917
0.377,148.54863
75.8,32.675858
9.4,44.143414
8.45,1.0125041
279.924,126.85164
258.553,366.40652
169.98,36.77016
30.2,631.9963
70.103,3.6526282
240.00700000000003,434.8392
1742.8869999999997,292.51776
10.077,314.76257
929.927,467.55164
19.027,348.69168
16633.34,980.7022
9.69,0.65410227
20.127,63.835754
669.804,276.88354
18.647,26.707209
12.582999999999998,20.184307
9.857,29.532711
9.987,28.019367
9.106,9.912814
0.8729999999999999,0.3345477
9.014,0.32204708
160.024,94.758255
21.146,317.04456
9.23,120.69059
2.9829999999999997,411.58737
10.033,0.25890863
558.56,1172.2521
90.767,303.51917
18.763,102.4998
40.593,199.10744
0.593,251.4012
9.837,0.5759112
40.184,229.50975
9.713,246.22133
40.067,253.48743
20.143,9.377122
109.82,184.58337
40.753,0.47110793
0.3970000000000001,0.7576935
99.09600000000002,0.11443099
20.477,0.34795702
79.953,962.5745
29.113000000000003,233.08893
29.077,9.565963
80.057,17.755917
8.724,26.941294
61.093,103.30299
19.737,20.281998
81.07,47.667835
9.817,22.138117
20.106,0.47451088
0.43700000000000006,115.796486
2952.54,2724.974
19.996,110.78364
20.833,223.60121
11.103,46.129124
30.54,222.47488
130.03,318.79343
1149.82,709.1193
19.0,6.118556
19.07,793.9194
0.33,61.635788
70.15,0.16323392
9.82,44.231064
210.127,0.40611798
19.11,0.7580006
70.636,0.1586968
19.83,0.5382954
59.87,0.05871295
20.14,141.51624
49.667,270.62613
58.946,12.883551
0.016,103.35581
29.076,268.4787
19.84,142.4539
59.856,35.412487
70.0,1202.0947
9.004,145.9942
19.82,184.73601
10.16,99.965416
0.237,65.48753
183.39600000000002,1006.27295
10.254,393.32217
9.807,0.39381504
50.046,6.795396
9.93,10.7991705
29.366,407.65097
300.3,625.67456
30.34,20.574852
210.88,245.6806
1582.177,1089.8752
10.907,38.23934
5091.33,609.9094
430.137,389.13315
0.903,37.87895
0.04699999999999999,35.504642
20.133,1.1626285
299.357,295.05725
200.923,399.1464
1551.157,1211.9567
674.8,130.12611
84.263,178.29164
0.53,145.26843
229.81000000000003,110.919044
0.17,35.76149
1.4900000000000002,0.30477586
9.976,829.2333
29.859999999999996,6.590066
0.69,45.369553
20.337,81.843765
10.05,153.71436
9.85,0.5311633
9.593,8.767035
469.58599999999996,1268.5897
409.23,194.0259
8.24,105.009605
0.034,8.362396
89.927,136.1797
9.907,736.6115
0.076,251.94592
60.449999999999996,0.09384331
1.487,1.0125041
79.857,5.7886276
119.883,34.32368
139.863,173.99304
40.31,2.6891415
337.64,611.5099
20.147,41.69836
8.26,42.04253
382.527,952.6707
68.68,128.9602
10.634,43.98199
19.107,0.98284703
917.803,633.6628
60.457,279.4258
8.99,214.11491
29.100000000000005,423.93326
0.10599999999999998,137.1576
0.45299999999999996,206.50378
8.273,327.90158
9.983,0.11200922
7.697,2.3947792
0.11,2.4087756
19.594,850.02783
31.08,185.32901
10.853,217.17548
0.016,1.1719111
4251.243,135.89479
8.823,1.7484599
1069.846,154.525
10.216,214.31577
40.04,1.0250467
23.857,3.2691798
10.314,120.62644
19.6,31.227598
19.813,0.08590253
19.03,107.34618
10.28,163.44954
350.237,372.47232
11.634,0.33454424
505.7,406.68542
40.033,2569.152
49.18300000000001,429.70105
40.686,0.74169075
19.01,85.37405
80.083,18.21056
0.107,4.154368
0.203,157.09435
9.587,5.657532
0.11,314.7533
70.007,725.5855
30.113,143.56921
9.913,2.6969383
4164.023,677.08545
20.38,511.9047
1279.937,823.8122
139.26,250.24338
70.447,248.09122
41.403,24.642616
21.34,88.84845
10.273,265.36603
52.867,265.29962
0.317,0.092876144
19.996,2.4887586
39.763,30.690474
1209.86,277.05786
2678.04,720.8804
229.53,167.9792
0.187,18.442963
20.043,3.7054164
10.016,38.319096
20.56,194.00465
10.717,72.07839
987.413,631.42316
20.824,60.501537
0.077,79.31127
8.636,0.038599994
12.516999999999998,24.91133
19.707,347.25317
10.393,1.9672043
9.157,1.5650965
19.07,46.84562
0.17,2.6315672
9.366,203.02945
537.653,171.61708
329.337,3.2117174
109.977,13.903694
19.61,196.50887
0.263,7.54641
28.800000000000004,84.92466
99.24000000000001,7.2356954
10.637,129.12157
0.09300000000000001,113.352165
19.287,393.25708
49.813,128.71268
44.76,259.82047
303.276,252.7768
279.98,210.42973
21.356,129.03693
240.036,269.67654
798.9,618.34607
225.136,228.29243
50.477000000000004,6.9621863
60.029999999999994,296.16162
9.707,78.32199
20.223,139.77039
20.987,168.73929
9.237,3.1608727
247.94,375.23492
30.357,9.1140585
587.557,408.4585
0.063,661.4711
211.503,229.63794
60.69,274.8162
19.73,235.95096
8.487,349.60892
8.64,1.267063
0.033,440.61987
0.28,92.698395
10.023,0.05603958
0.09300000000000001,0.8733052
90.583,210.35481
108.336,288.4344
19.24,198.46286
0.08,46.245274
686.433,889.09393
18.667,304.9341
8.963,0.14981759
49.09,114.74297
1164.45,800.57227
1.437,55.436756
111.40999999999998,139.7325
19.87,18.637829
0.643,265.8897
7.347,0.33454737
21.05,226.13937
20.097,344.87015
30.882999999999996,22.703098
19.847,285.8194
0.04699999999999999,12.045068
0.063,137.89813
0.0,0.29089966
48.88000000000001,1.4389985
20.033,250.41176
19.44,269.26334
19.693,161.27882
271.176,877.23517
11.663,120.56076
18.413,0.109328575
1030.177,1556.9965
211.756,1825.3973
40.196,46.324577
4734.903,1103.5902
319.914,2.7894936
29.913999999999998,223.30783
230.623,142.60526
9.497,5.665132
19.217,214.7776
10.513,44.158215
389.08399999999995,1395.4335
9.543,0.13899274
959.344,684.5142
70.073,108.06824
500.087,419.55182
20.283,101.978134
149.087,357.49594
29.83,166.15878
50.357,17.89104
0.04699999999999999,7.8507166
30.514,123.32153
1.597,407.65097
72.627,178.73936
120.607,20.442287
68.67,197.31749
9.68,12.624674
0.076,8.745177
1140.033,206.67024
20.016,10.836342
29.733,0.826679
129.52,31.341915
10.62,20.48819
320.847,216.29706
50.843,288.15863
20.79,54.997105
9.81,130.28387
9.364,48.36396
19.774,158.3628
0.156,38.66689
9.94,2290.3772
19.774,850.88495
0.063,46.89079
39.017,24.033733
118.687,160.50049
19.796,56.44886
99.26300000000002,253.55017
1119.89,785.36163
20.02,1.7415923
208.327,211.68562
30.054,91.60477
417.947,123.52147
69.12,4.702776
18.036,95.93556
0.123,14.138585
0.18600000000000003,148.54863
39.69,129.05257
40.343,288.9772
0.733,80.98473
0.06,124.56037
0.253,0.15504101
93.34999999999998,187.53143
2690.383,848.6678
20.003,18.354362
9.69,4.4843726
241.083,77.51665
64.843,132.6414
19.74,0.71615577
760.387,241.44685
10.72,172.19879
140.187,393.89746
49.89,0.52895224
40.1,15.199202
9.714,1.443124
0.897,211.12097
19.026,34.29004
1.3,194.05331
9.743,3.6616468
82.44,28.480389
0.10599999999999998,2.45231
48.2,334.07614
40.59,0.32694507
0.10599999999999998,77.90956
120.503,115.90119
20.097,299.66898
10.16,234.91687
246.583,857.64685
20.087,169.4341
43.824,62.507706
220.13300000000004,16.752975
2.9299999999999997,62.8689
41.334,182.49445
0.14,662.58704
19.727,4.4702163
60.6,179.88902
359.99,1563.1466
61.24,295.3692
109.98300000000002,0.9545711
0.296,19.373188
182.717,592.55035
10.043,12.596974
69.463,220.78986
50.17000000000001,1.542019
0.28,37.497215
113.48,207.54764
41.61,0.82518893
20.05,5.948433
20.133,481.22043
540.027,193.98698
9.104,5.164667
0.033,126.54563
129.28,176.32214
20.02,795.73914
9.023,0.5759107
10.546,65.16916
10.29,0.23835438
123.806,548.73956
429.42299999999994,390.22968
59.973000000000006,527.3707
9.263,98.15278
3767.67,115.84104
1550.11,823.6524
99.973,126.184296
62.410000000000004,551.2098
0.594,92.29672
1218.424,506.25714
58.697,299.25836
176.913,354.41803
19.897,0.08352308
27.267000000000003,177.76192
1539.6530000000002,311.6684
410.233,94.35344
111.36,510.92282
0.124,54.647446
160.627,173.8004
12.466000000000001,104.11697
390.967,154.82277
90.66,13.298473
10.997,102.56332
19.97,5.9796433
29.382999999999996,229.86862
173.643,607.736
9.303,236.60027
30.63,100.151855
19.113,933.94104
0.267,134.63014
28.867000000000004,165.35649
0.2,8.148894
0.18999999999999997,63.84244
9.544,119.20322
89.76,435.7809
59.943,396.61578
40.137,1050.8502
9.437,75.12315
9.993,20.189339
48.507,2.8191073
0.14,19.304169
1.114,126.985634
39.72,964.88513
11.420000000000002,116.91626
60.22,84.16248
31.306999999999995,93.373
0.127,3.1793253
0.034,222.32808
959.986,1240.988
20.393,60.133255
578.47,2678.0557
8.843,127.63281
17.543,123.12026
115.96299999999998,740.30994
9.567,53.35817
0.09399999999999999,29.411339
219.64,297.7248
20.367,242.29288
70.34,578.15283
10.023,104.45184
9.997,2.124554
10.477,0.39921525
19.987,39.85568
2110.12,863.40356
60.99699999999999,264.45468
0.0,272.72202
9.373,6.302945
19.453,192.05716
399.237,348.67233
1.037,47.903748
0.217,65.540726
2412.016,252.79713
29.792999999999996,261.455
7611.556999999999,442.14008
864.314,330.42926
359.783,164.11484
11.0,0.5004929
0.03,80.27539
0.39,5.020814
579.383,738.93243
130.19,145.2493
50.41,1.3468035
20.86,156.1099
0.08,122.64216
10.39,44.843533
19.217,306.1084
375.67,194.0516
10.933,34.57739
40.937,127.7184
0.984,127.68689
9.324,14.790175
2042.827,245.80112
540.106,205.95694
0.234,215.46758
50.129999999999995,607.01544
29.74,36.611237
49.547,1.5873398
20.843,211.71806
638.2,88.28087
21.08,432.99646
9.976,116.00792
662.627,677.83295
0.42399999999999993,0.4069143
102.653,376.43198
6086.614,1806.389
100.08000000000001,289.6561
10.047,58.149372
90.25,582.04095
0.267,7.889626
160.113,5.1123023
30.336,0.62463677
19.907,206.80965
0.17,13.568743
29.279999999999998,27.186424
181.217,359.2212
0.41999999999999993,46.54093
280.2,295.58966
49.18,34.235588
7.877,121.45828
840.217,296.9348
880.046,167.52023
12.132999999999997,137.1576
39.73,263.55286
0.173,205.89313
0.09699999999999999,6.720935
19.69,0.32269052
10.234,191.06741
19.46,0.45603535
20.89,86.76266
30.187,0.06386471
10.28,79.13935
90.39,223.57156
10.903,2.9893417
8340.253,295.23654
19.254,26.7942
9.767,220.28392
140.07,38.99617
7.827,65.38125
118.573,982.84546
20.35,786.054
30.323,70.03985
29.8,198.35095
298.994,704.99396
10.774,31.324545
10.806,102.9809
230.093,1035.1122
479.753,1334.4126
20.207,326.33707
70.5,150.05125
1260.634,138.38982
28.677,273.45187
10.413,16.88128
2390.26,324.39758
80.167,270.10602
29.94,177.32068
9.763,6.4998126
960.32,441.03503
0.267,190.69019
100.39,36.510822
9.944,44.283203
10.287,2.3416793
0.814,0.6136926
41.05,11.752022
0.45400000000000007,0.36228552
59.57699999999999,0.7083722
19.83,487.88876
30.266,280.10165
19.4,45.426643
9.516,127.990776
71.96,57.13015
19.963,191.58394
199.95700000000002,198.90784
9.81,0.12000819
539.433,84.069595
9.49,2.5634058
10.07,104.29041
189.997,1489.1006
3701.427,313.08838
0.517,0.57431465
10.023,365.9059
9.437,127.63281
19.02,2.7541692
0.9539999999999998,224.75569
39.86,189.15627
0.22,0.24710114
309.443,326.1161
50.21600000000001,318.2334
400.226,991.8742
0.78,111.71417
110.37699999999998,53.070755
50.423,151.7797
19.69,76.66629
19.873,114.22244
0.016,219.46184
19.667,35.342243
20.023,20.558533
4048.497,1123.25
10.58,117.26279
19.35,108.26806
9.887,12.696241
0.063,7.764404
48.46000000000001,164.90846
0.39300000000000007,1.824004
29.056000000000004,0.03435503
70.45,737.2118
149.626,46.38471
9.923,41.17229
30.35,44.2626
19.993,5.0276656
0.123,0.21994376
290.327,233.4648
19.92,7.045216
50.307,34.683987
9.913,0.57879305
11.123,12.789963
200.456,2160.0786
358.863,2330.7466
751.7599999999999,938.1072
0.046000000000000006,0.5311633
19.104,663.4469
61.007,224.04494
581.88,144.7681
18.07,271.18414
60.294,27.601635
29.615999999999996,64.65513
239.543,199.67139
429.61699999999996,330.801
10.037,197.27826
0.313,111.71417
0.203,8.173017
19.09,882.5856
220.027,477.5605
10.873,62.575607
89.49,28.115911
0.016,12.657374
209.78299999999996,298.4513
168.73,150.38354
30.703,45.904373
20.587,113.321655
211.213,355.0757
59.449999999999996,794.31226
20.54,788.36774
1000.846,393.1047
0.063,64.85235
119.707,145.39726
19.633,393.44717
199.813,16.295122
0.017,173.8659
9.563,79.49396
8.453,1.842356
818.323,156.68161
0.9699999999999999,0.1383743
3356.4169999999995,786.39636
0.623,129.60698
20.453,129.19588
9.887,254.16827
19.83,256.3973
18.52,398.91882
90.043,129.90184
19.836,20.820074
29.04,166.70154
11.16,125.66189
20.013,140.81247
0.53,213.17831
21.313,5.5412607
19661.15,25.545889
20.39,114.10948
39.047,1612.859
0.08,55.797237
201.167,674.9444
929.774,367.87384
69.673,289.26437
1777.503,305.7534
39.19,262.1864
169.647,15.12871
6.2330000000000005,0.061695825
0.407,936.8659
39.937,228.45453
20.077,46.037666
19.207,324.56573
0.25,6.650428
9.123,1.8562334
169.073,351.45023
9.933,6.2969847
10.6,86.47457
21.51,3.0894608
4065.0840000000003,918.1432
79.807,229.44746
30.197,1362.2411
10.38,1083.0977
10.463,97.433044
0.03,89.46617
500.893,761.0557
0.14,175.9928
30.907,170.9953
19.883,324.37076
0.063,113.4339
9.9,104.67412
2.787,663.1028
9.82,48.993423
59.785999999999994,35.49685
842.3260000000001,62.97749
0.11,46.09813
121.09700000000001,22.464088
49.529999999999994,122.021454
30.547000000000004,337.07312
109.994,788.7655
38.587,158.21582
379.607,313.72055
12.083,99.1999
470.073,213.73083
8.907,61.635788
30.113999999999997,21.64931
0.993,0.33832955
9.623,1.0366824
50.047,4.6925006
69.403,11.33386
10.08,3.0232477
39.817,224.24777
159.9,78.88328
59.633,6.3440847
19.93,581.10175
200.35299999999998,179.69038
19.883,149.37207
38.21,199.6111
20.387,15.881507
0.05,111.506386
15.614,352.86887
13.107,161.42558
20.333,34.723335
19.453,76.092094
120.326,267.5419
29.62,904.01953
738.917,760.38715
20.096,162.4991
149.42,47.344135
30.14,2.9762661
9.804,4.4436364
710.786,716.0551
160.186,410.54395
31.03,106.948944
19.977,0.5677797
39.84,324.9694
1720.043,351.138
19.667,33.26919
8271.113,969.51965
260.164,16.689728
11.157,48.87582
19.08,721.87744
39.443,86.008575
9.976,0.5595644
401.136,878.18225
30.293000000000003,676.4024
231.563,150.39507
107.02000000000001,200.99316
8.903,217.7026
228.72000000000003,129.963
10.1,0.2790212
60.739999999999995,189.71944
100.077,403.72018
29.336999999999996,34.967865
124.484,340.428
8.69,170.30673
3260.607,918.23114
16.063,408.2346
259.123,433.14868
48.987,161.11385
2910.0300000000007,792.7369
0.03,264.86853
109.483,225.25537
11.174,307.7695
359.957,15.713532
11.63,0.31196114
22.53,50.506203
19.853,257.831
29.067,224.24777
0.86,195.09622
89.094,218.41524
120.244,229.9638
58.684,0.12899947
19.937,0.7324623
0.487,79.91281
0.27,181.94058
20.28,139.08817
97.587,332.25708
8.947,43.09231
30.317,256.70926
3247.377,653.61896
1.5060000000000002,173.5313
151.277,240.72382
0.04699999999999999,0.5960823
1060.6,803.15
1101.01,398.48752
6.307,100.15252
0.034,7.0119605
189.94600000000003,88.84262
0.064,0.060274918
129.874,168.66362
58.95600000000001,10.258664
60.483,408.20486
0.09699999999999999,1.2417711
10.637,156.11618
0.144,200.36461
20.817,1338.1223
10.88,121.68082
0.08,432.95883
0.064,42.877678
18960.907,6677.717
19.733,44.843533
350.26,346.29965
70.323,244.38602
9.87,0.20509471
259.406,316.1897
19.887,50.138885
19.453,15.665306
39.85,256.27057
20.253,42.577343
100.28,1068.6586
59.33,31.577374
1.21,38.32556
5.853,57.37391
9.616,0.65111053
471.927,484.7327
40.926,32.653877
49.847,246.5477
20.063,13.286245
19.68,52.02248
329.644,795.0954
9.413,0.114677005
10.506,50.8954
6523.797,10563.788
10.12,1.7327658
18.633,18.025387
69.957,145.18794
12.132999999999997,23.260406
0.064,39.149803
0.533,5702.0376
20.673,83.76796
29.92,2.7587564
38.143,274.4916
179.25,135.22592
191.277,37.587063
49.29,327.0971
129.78,931.6721
20.08,0.8699503
149.776,235.41727
130.143,341.5219
32.183,0.04237052
109.4,760.15857
0.42399999999999993,34.120724
49.89,155.22148
19.677,218.05943
0.593,0.4084637
0.953,19.307278
40.193,181.98615
100.147,484.0265
1109.95,390.2151
9.307,23.209148
10.024,303.21497
0.173,170.48175
1237.68,397.55032
80.22,157.0829
19.89,92.779854
19.43,69.31053
189.77699999999996,462.3184
50.12,12.119326
370.467,615.76855
330.907,210.02617
129.14,66.63701
20.823,1366.2555
589.674,508.66647
19.193,709.41974
0.567,216.48645
69.883,6.9614096
0.174,122.30387
8.66,124.19129
20.347,2.5687625
0.11,1.6397555
10.18,232.33473
59.92700000000001,20.579556
9.7,2.4607599
10.99,214.60266
0.017,193.72775
19.844,209.35428
9.99,81.25789
1.443,0.105779134
10.414,2.6126583
90.267,6.5094705
9.426,2.1052492
90.453,36.432903
71.45,363.42297
19.71,80.907486
10.676,399.01715
331.777,240.36986
1559.01,542.151
20.047,10.057389
58.934,239.8912
60.06,689.25226
19.063,100.151855
39.363,40.430725
59.230000000000004,301.9559
0.046000000000000006,80.78746
9.99,8.115645
90.183,57.862785
30.463,165.79002
20.173,65.540726
9.81,137.92345
0.11,169.47234
19.904,27.415966
19.044,0.35601836
25.117,52.046677
0.0,3.4769492
9.044,82.58166
24.332999999999995,402.43402
70.384,57.831245
21.963,218.17912
11.08,179.15143
0.423,0.56286985
515.463,27.312021
0.157,181.9405
0.733,386.53445
379.776,1283.337
310.413,212.8147
59.864,32.449192
9.996,22.90845
20.273,231.06512
330.547,313.17026
9.407,132.1094
39.27,251.6639
169.31,304.61417
4.85,26.476524
302.1,431.08286
279.49,13.37428
10.283,25.641687
9.666,184.28717
0.157,134.33844
19.414,4.856899
50.767,1324.2322
749.943,487.5716
103.03299999999999,270.5578
19.833,25.960588
260.163,1314.2931
9.737,1.6979969
2849.236,311.10632
0.36299999999999993,6.8166685
99.966,531.6041
0.49000000000000005,161.66116
811.97,1645.8865
10.123,46.68946
2113.046,299.34116
350.816,255.33939
179.573,506.44217
19.85,14.446621
168.86,12.433646
30.88,241.95601
0.207,194.1174
49.94,201.18602
0.39,13.5058365
19.037,228.10188
101.21299999999998,120.757706
9.796,1.7770978
19.193,169.78267
0.394,1.5413665
50.694,327.8578
16.393,286.39618
81.37,556.92426
681.227,605.158
0.203,1.0850288
90.023,429.70105
29.836999999999996,0.20037083
927.71,272.68283
1188.713,393.4356
280.207,301.4341
0.064,0.575606
80.864,342.9576
0.516,138.06573
2.36,1.3732508
37.617,227.71011
0.25,172.19879
99.023,27.570621
19.937,2.4087756
6099.587,160.93893
89.14,1131.5065
0.017,47.9494
91.45999999999998,89.16599
29.207,8.428841
690.257,307.65176
129.107,133.55992
461.436,217.31245
68.086,207.11618
159.487,921.35925
60.653,1156.3582
2530.067,512.89716
190.24399999999997,215.81602
91.653,103.52834
9.51,164.36673
9.66,155.47574
10.32,6.8166685
819.97,801.065
8.85,436.31177
40.187,8.973221
20.723,89.29628
0.127,123.772896
19.53,214.34166
17.693,6.784525
1059.177,280.6295
11.254,7.8571634
10.81,322.77304
60.71999999999999,1.2751142
9.597,168.38074
1230.024,335.615
100.476,204.1459
190.03,605.00653
2156.026,3673.7466
0.674,240.72382
30.716,50.99372
39.84,10.097534
59.713,312.9203
1297.263,234.10478
20.023,4.2745233
9.483,0.5175504
9.483,231.76674
140.713,618.83386
9.5,4.7450156
30.313,45.295372
9.624,226.837
99.903,145.25787
63.519999999999996,453.98685
9.397,0.5892531
19.78,0.18362083
289.753,158.99408
21.076,2.4672267
0.14,135.5423
69.33,19.250254
79.853,35.4413
29.817,1.520218
9.646,240.09343
59.143,3.09453
0.297,293.3104
8.91,2.4607599
319.933,1162.2115
18.156,111.74488
90.677,2.489478
10.616,0.4599842
9.567,45.08137
20.924,5.099755
10.127,412.22513
20.84,133.8096
199.14,672.4444
178.467,178.77612
3.37,5.265645
10.133,105.75091
9.586,0.7752502
19.854,0.684167
39.09,310.67944
19.19,0.36722744
0.017,1.5650965
19.897,35.263657
11.913,497.28604
39.446,503.73566
9.667,0.5274562
369.46,406.1506
0.126,56.162735
20.046,1048.5532
120.03000000000002,1144.3934
19.24,79.33633
7.87,246.97926
30.346,222.25974
2.02,124.19129
119.67,222.24704
99.954,182.9791
79.147,69.76126
7.813,0.6049902
19.66,15.271157
8.91,20.05647
0.08,18.870178
60.107000000000006,384.55655
19.797,1069.3947
28.979999999999997,214.6
31.759999999999998,221.02403
19.547,46.392902
49.127,10.786408
99.966,223.3602
17.94,191.11595
10.22,2.1832669
9.1,5.164667
10.087,79.08019
9.84,60.472614
110.376,0.28735897
0.3,0.4136416
59.540000000000006,359.32266
40.18,98.36954
840.216,2328.2158
560.643,293.24234
50.937,90.44464
191.327,305.65607
0.3,115.54785
30.134,1.124554
19.923,46.987923
0.187,135.41777
1529.3899999999999,343.01694
9.964,144.36609
19.89,214.34851
60.737,159.98997
1268.93,6139.364
59.634,269.88022
9.793,4.612859
110.557,4.9763803
39.893,328.46625
29.012999999999998,0.93841624
1471.543,403.05582
757.403,1261.2949
60.243,392.93262
9.287,800.7512
10.673,0.43337342
252.46,252.14903
239.08300000000003,124.73666
179.664,155.65866
10.197,58.149372
8.417,69.51704
0.063,32.85315
9.46,2.1052492
51.09,146.97198
0.326,467.59763
19.963,0.40681887
230.393,289.54742
660.203,116.598495
1.143,264.3174
9.32,283.61435
78.55,178.2337
20.363,193.72775
19.56,193.72775
0.23300000000000004,3.9689043
30.069999999999997,220.20624
249.32,726.08527
61.647,168.5867
9.927,193.56946
9.976,309.39856
489.157,244.75511
9.633,128.53763
9.72,0.738826
25.107,3.390461
20.073,65.71022
9.877,128.85965
528.33,301.1759
69.636,346.4262
350.457,543.1765
8.413,61.048992
9.204,1.6487479
709.867,130.57176
579.107,561.8109
20.77,192.51886
49.416,0.039509907
109.33600000000001,254.92548
9.907,1.8510066
20.037,235.59225
20.267,122.555405
38.716,201.98987
260.336,487.88876
480.94599999999997,255.21494
19.763,147.85155
40.12,38.940952
19.903,0.44544116
18.923,224.64537
164.753,248.63516
69.717,85.450096
20.24,77.91216
19.737,4.612859
89.883,293.48
20.363,219.55229
0.75,10.057389
59.323,15.5159235
280.854,173.20401
10.676,49.068672
42.267,325.39645
38.266,312.40967
250.24000000000004,453.4421
8.273,256.20395
199.88,348.3908
9.807,133.2685
1440.287,820.1905
10.887,89.9736
19.16,14.806355
0.034,117.26028
20.467,340.97644
20.017,298.2014
2759.863,1019.0959
708.923,268.6124
0.8,78.73652
9.967,96.83621
670.253,742.87
19.274,539.6429
519.827,760.77026
348.39,319.41495
29.0,0.5730509
159.83,283.75162
1710.963,1130.2655
180.79,377.65646
1.797,113.92136
59.25399999999999,297.56995
11467.314,4381.5127
9.21,2.1394815
10.966,459.66373
1411.317,2843.6992
0.253,222.73085
340.787,913.11426
0.09399999999999999,57.476494
9072.897,5603.6084
125.5,862.7408
48.347,899.7377
32.567,143.65536
20.096,144.79066
49.84599999999999,234.95287
80.86,130.66821
0.737,212.31696
19.004,50.93997
9.773,174.03357
330.693,399.93164
39.633,0.707913
0.767,99.01684
18.47,142.0462
37.33,333.1752
30.159999999999997,15.291845
1061.457,184.51924
4.047,356.61673
0.0,84.45261
139.956,21.722126
9.393,16.604393
125.01699999999998,27.342236
0.09000000000000001,99.58279
0.36000000000000004,156.22478
990.094,16.355562
9.007,6.795396
19.963,254.2242
140.17,227.15254
10.143,110.92506
10.083,3.7665606
290.273,220.34778
0.157,60.467827
29.279999999999998,259.94223
9.8,12.323993
19.903,203.76974
0.046000000000000006,2.935465
19.61,100.294685
49.837,209.25533
0.8330000000000001,95.89397
9.833,79.27806
19.777,0.13801491
669.917,826.5872
59.953,170.90846
9.363,84.16137
19.96,45.507042
109.97,339.90082
10.614,196.45401
138.444,147.90636
9.344,202.82117
19.89,72.78185
9.04,1.0919368
1.86,173.30713
40.983,46.183613
9.917,123.26631
10.436,2.9344327
0.09300000000000001,0.10681048
960.1500000000001,2690.9011
19.917,170.01828
111.71299999999998,814.0351
170.127,0.19548489
0.0,1.3960919
11.35,209.53682
21.034,186.1959
8.487,124.84693
90.953,124.303085
120.05,343.20206
9.454,8.930766
259.49,400.78427
20.76,21.941929
0.22,83.52556
9.983,4.2882857
67.907,215.88315
230.10000000000002,354.0074
30.857,46.129124
60.33,150.49289
9908.577,3186.4617
9.533,4.005244
40.837,42.959652
9.796,357.03323
20.033,317.54523
18.57,91.11394
1989.9,339.57565
109.633,58.21108
100.603,5.0192823
10.01,3.9735615
0.187,3.7287292
27.73,130.27768
0.61,40.529976
61.2,626.2493
30.454,42.871452
0.546,78.77948
20.024,185.51816
1820.5800000000002,2304.0776
69.28,473.11163
20.893,94.078156
190.266,4.1435943
9.153,220.67159
19.517,80.873795
139.86,733.2831
19.697,186.74426
112.164,21.503757
19.84,0.13801491
30.79,111.74488
41.107,127.188194
89.944,271.64993
18.717,193.46478
10.69,54.647446
70.567,54.927055
9.653,62.575607
0.47,119.59693
1.4699999999999998,127.36289
0.843,2.5634058
10.13,4.3893967
689.917,683.24854
0.784,0.37588933
200.953,143.56921
0.25,30.085016
39.25,189.9378
21.407,160.50842
60.953,69.10086
69.463,162.64857
329.917,237.14192
10.11,2.4567811
229.146,1760.0734
9.95,5.948433
39.644,328.3882
19.263,3.7742767
3475.916,801.16907
1219.473,194.1174
89.713,14.676527
383.713,207.42847
18.836,372.57852
59.70300000000001,474.21982
9.524,0.5535815
9.18,85.67501
179.6,393.63434
130.056,129.70728
0.563,1.4360898
2091.294,123.77456
29.55,0.4973023
101.017,765.9762
9.856,99.630936
0.017,1.4231186
58.9,2.1513991
9.287,6.7513285
20.04,149.58932
20.337,3.9693308
31.303000000000004,199.6111
0.48600000000000004,216.48645
129.707,139.04442
2729.3,617.9311
281.0,169.0254
29.99,0.88341814
340.834,528.46173
22.37,6.4816914
0.05,27.957747
19.023,214.40587
0.28,149.91234
0.14,166.48149
270.497,299.70093
70.133,127.34912
120.006,44.384853
8.867,3.0198708
820.067,451.86978
68.623,27.603348
40.73,0.574341
290.457,245.9159
690.984,3902.1238
19.183,271.3844
230.164,197.3138
36.516,201.07666
760.58,197.4487
9.204,5.1671104
20.273,178.94196
90.0,189.3746
161.04,260.59393
0.28,31.906363
310.563,150.86565
0.08,0.08750745
39.726,0.5228806
1070.057,251.59276
10.03,32.674156
70.963,435.86646
0.237,77.63588
149.863,397.15433
9.79,0.9614956
0.53,5.732701
70.79,0.31890556
169.727,272.45712
810.55,1236.331
190.197,636.80396
20.287,41.1419
80.69,30.996445
10.32,122.30387
61.227,48.44745
1.037,50.789852
20.184,213.92128
1.936,118.45982
89.763,332.9709
9.88,150.90996
31.043,23.626675
339.477,369.26852
29.302999999999997,89.53253
38.28,440.64844
37.91,92.70391
30.467,122.726166
9.64,0.7330045
19.587,25.960588
90.28,411.30118
120.18000000000002,93.83581
19.5,125.38219
0.012999999999999998,168.66362
6394.337,3266.8833
49.467,131.63306
49.907,77.36318
0.39,0.9614963
80.577,454.6083
680.64,230.11876
50.263,40.04541
190.163,0.6013536
11.17,27.509005
22.344,96.9344
9.99,11.56644
489.96400000000006,735.87683
71.62,253.25528
0.327,48.354794
27.300000000000004,48.78306
181.01,229.64842
2.886,464.00092
8.973,1.512176
379.05000000000007,314.0582
60.99,2.091731
10.87,48.87582
21.11,0.4721676
9.366,1.4060553
195.22000000000003,290.5231
20.16,52.282658
132.72,227.3762
19.71,27.809011
20.764,5.2573576
828.71,895.41925
99.753,128.73253
20.036,118.99743
22.0,3.8180609
79.924,237.9188
9.22,132.66914
40.44,31.819288
9.78,64.09853
74.203,379.15366
3202.6500000000005,2061.2693
24.763000000000005,164.89851
20.04,109.71582
30.123,149.83484
19.937,224.07578
31.013000000000005,312.13635
299.606,248.59377
9.75,0.15572771
10.243,20.03681
19.986,0.75434244
19.967,820.6547
40.004,0.4223449
7249.957,1592.7888
139.763,26.806204
19.33,189.50035
881.13,367.6172
10.246,268.0154
60.52700000000001,232.99155
650.713,579.4376
20.727,130.63927
18.716,0.058181427
239.843,553.08276
80.237,117.03587
513.563,158.77596
128.08,46.43593
19.373,1.5641968
10.267,30.777382
20.36,50.455387
19.987,101.77693
10.767,264.59293
9.93,18.549046
560.073,82.41232
9.867,64.09264
80.003,211.73222
1.003,318.70334
129.84,0.1197946
19.6,13.015468
9.457,1.4700549
19.26,148.83516
71.763,594.2522
19.926,169.72766
19.87,62.62625
779.4859999999999,429.71664
78.473,142.13258
24.403,302.4573
0.23300000000000004,277.18622
35.823,159.7232
210.44400000000002,106.607315
30.526000000000003,32.147213
840.38,241.24191
0.967,0.1274866
129.9,75.370255
0.16,14.138585
339.946,217.93561
11.575999999999999,223.99498
0.03,46.245274
977.5940000000002,660.7576
20.38,644.6682
0.7200000000000001,317.7071
0.69,0.1445712
70.813,342.23425
196.17,53.10131
89.23,246.18417
664.264,1046.8549
0.237,0.4906005
262.86,123.3331
0.534,31.95076
1240.81,291.40866
10.847,354.7447
50.45,240.55878
4380.44,457.03424
19.657,831.0091
0.36000000000000004,513.16565
20.173,25.654593
4557.253,1505.2101
820.0,263.92633
10.456,6.676823
20.064,7.180492
349.993,272.17725
69.44,1186.1161
59.84,211.28589
9.363,87.13635
0.343,11.039826
162.0,175.30957
179.77,215.1537
30.534,19.645248
9.2,21.941929
19.297,82.034744
80.694,282.05637
79.397,76.94196
9.35,88.52308
1.234,49.820126
109.62999999999998,106.120735
9.986,11.658534
1732.2600000000002,769.51215
320.654,95.88705
10.044,0.05603958
19.923,85.0233
49.440000000000005,72.30337
20.944,46.89079
1259.017,223.5233
20.057,184.28717
819.843,1583.3491
19.24,48.35654
0.83,7.5145655
0.03,71.816414
20.797,193.06778
29.913999999999998,263.85767
40.32,0.33792195
48.876,0.1445712
69.673,119.65695
700.314,641.7026
19.997,108.06403
220.287,1329.2681
29.033,161.67163
21.017,224.64537
8.82,43.314243
240.273,830.58673
69.76,202.15102
20.003,175.3802
25948.723,7509.676
9.503,54.49721
199.94000000000003,112.91997
1.064,5.9481378
190.75,55.298477
17.474,680.1411
169.307,325.03452
10.976,201.70792
61.0,627.3855
39.04,231.35675
0.20400000000000001,183.93076
30.136999999999997,31.108295
179.3,304.99243
0.046000000000000006,2.8287618
179.553,298.07584
19.207,127.2579
59.177,1.2542008
34.07,499.33337
19.264,59.02659
40.983,252.50119
379.983,179.64296
820.683,434.84863
389.86699999999996,511.57693
490.32,197.604
0.017,1.267063
89.003,288.95148
10.197,3.2318292
40.467,131.77228
340.117,1609.9518
9.403,105.499054
0.58,39.88354
30.054,0.63222516
20.957,8.9966
321.04,158.6001
29.269999999999996,1.1719111
20.35,398.435
129.89,107.49147
59.643,796.85535
0.52,59.860916
2438.084,1377.6245
20.767,46.981697
9.487,339.21048
21.064,98.683365
1012.207,250.94734
109.48,186.46959
5169.773,385.55005
10.106,11.229417
2540.696,880.3566
99.017,157.6279
59.79,277.01273
11.81,91.76468
0.09399999999999999,42.38962
18.917,19.826782
19.173,11.286693
380.49699999999996,382.2181
70.32,97.105446
29.99,0.42248347
11.636999999999999,305.68643
270.197,278.8235
11.684,53.946453
19.843,611.26654
2.9230000000000005,128.87405
17.533,157.89105
40.09,185.85439
70.523,91.6875
0.11,20.212034
10.046,11.188945
10.07,62.77933
300.133,75.567024
360.017,445.08087
20.346,829.23285
10.127,3.380795
18.43,263.09714
0.783,105.51106
220.99300000000002,196.49777
18.19,326.19916
9.773,326.6614
9.977,0.8239809
120.54000000000002,32.52226
19.97,239.97087
300.15,473.95303
300.967,166.56395
20.817,235.6601
41.26,337.07312
40.737,1301.5819
11.256,1.0357989
9.653,0.44249606
4250.01,612.2231
59.873,3.7134748
8.554,85.69451
485.71700000000004,62.810402
19.033,196.42584
0.0,0.98102015
9.71,0.45594394
159.426,276.1789
19.843,336.18793
29.756,253.60684
3030.05,1887.5671
170.96,332.64096
79.897,474.3534
10.41,2.4372702
0.09300000000000001,132.7844
1315.27,480.5256
109.677,377.85416
9.016,127.36289
11.853,97.0134
110.507,41.796886
10.32,250.12721
9.827,10.542247
109.43299999999999,88.168625
19.793,26.58643
0.563,81.397415
10.023,156.79564
10.757,69.76279
10.276,160.07758
1.147,168.60399
20.226,315.55945
0.10599999999999998,0.13957508
19.66,3.459424
5549.463,694.3653
130.16,13.653808
20.004,0.99742323
19.93,0.86926365
1.267,87.9658
21.067,92.70391
409.037,400.23068
129.8,186.88246
90.587,727.70013
9.264,145.2803
409.17,320.0498
11.03,403.73502
9.8,25.195042
479.22,262.26416
21.303,0.055532254
30.11,485.04068
11902.417,1756.6548
150.147,244.224
83.076,232.73146
20.154,3.6659822
19.1,467.09167
9.916,10.070076
29.757000000000005,2071.4563
9.86,193.92964
1530.1,780.8833
71.6,0.23043592
4.24,81.24791
19.466,74.850235
9.896,168.40218
60.627,26.34
0.22,27.418133
89.943,351.19318
1391.073,454.8441
180.03,3.994777
18.123,117.03142
19.773,282.149
8.363,319.03598
0.677,329.86313
10.173,2.9209843
30.246,214.50227
22.283,129.72499
19.784,81.802925
9.917,261.96548
0.403,314.90482
20.2,221.79213
24.236,851.79364
29.85,1386.7897
8.647,171.8887
9.93,13.388315
658.007,280.48615
2654.156,759.7779
30.617,460.49155
310.203,234.77817
5401.303,355.32715
19.574,326.36725
30.946000000000005,0.07972019
19.953,69.13493
70.673,145.73279
29.984,174.51932
0.23300000000000004,184.08955
120.276,2.7481768
9.97,43.668224
20.76,167.01454
30.296,149.91234
0.144,224.45068
10.2,9.513906
919.353,338.28607
39.706,248.8108
0.08,0.508906
9.124,0.8115958
89.773,1.8443866
11.08,27.937792
19.614,185.57103
8.18,101.76062
0.423,5.020814
9.684,661.8594
119.88000000000001,1121.0281
89.96,1.4381809
59.133,17.508694
390.037,178.58524
40.167,0.10948697
331.057,371.61115
360.28,227.9042
9.936,2.7742133
20.167,204.49362
80.057,14.373945
10.313,0.91569287
0.046000000000000006,18.637829
0.0,0.7580006
10.4,92.59122
30.239999999999995,239.43642
29.843,58.041603
50.142999999999994,313.30273
59.324,5.0178275
701.163,351.00192
19.906,379.38522
30.146000000000004,519.20636
11.617,0.22510718
0.123,0.32935196
19.077,62.93244
19.563,63.154797
10.087,3.4412231
0.5,60.660927
401.046,391.99182
19.38,1.0556659
109.25,173.88136
141.353,81.626564
9.73,100.99542
20.67,230.83972
440.14000000000004,253.57518
0.7200000000000001,143.35406
50.94,81.3766
179.567,406.97272
260.237,111.946815
10.11,16.327175
29.947000000000003,198.9726
30.51,139.59956
31.766,0.18257381
59.940000000000005,0.6373381
19.814,145.93521
7.46,333.4139
60.00600000000001,15.34427
59.966,620.02356
50.053000000000004,0.20964164
700.437,998.2747
70.343,1.3066609
10.036,161.49672
89.943,60.992268
18.56,358.69913
89.427,5.099269
4858.27,2876.0132
900.4599999999999,190.6324
50.94,1644.9275
420.24000000000007,398.9056
49.64399999999999,18.282814
19.633,31.276684
189.43,122.78654
69.517,75.89911
80.9,136.64355
130.39,75.665146
29.64,131.28207
130.313,532.45337
69.877,500.23093
0.986,0.11142909
30.366,198.74861
11.337,0.74497277
10.12,88.52308
140.157,900.13074
9.137,80.7002
30.133,0.39382446
19.613,14.273235
29.947000000000003,276.49875
174.663,206.61026
40.56,96.38484
320.887,1073.2529
9.946,0.6136926
8.97,0.37086588
981.6930000000001,554.01544
20.014,196.30156
60.057,3.582901
19.493,0.086459264
240.643,404.44098
10.037,604.77997
20.04,1110.1398
182.277,358.64435
0.33,76.284615
9.617,2278.6682
1.033,1.6530762
231.23299999999998,1.5316808
0.546,1.170228
20.607,17.218475
18.597,250.03862
20.073,656.06555
1052.61,149.62688
39.697,5.357874
71.04,810.5754
0.47,0.5241317
0.034,0.4041152
10.29,26.419163
110.51000000000002,196.95697
37.703,42.695595
20.334,437.33398
139.267,136.58243
0.504,4.1108184
110.803,4.065949
20.083,187.02792
140.343,368.73557
244.44399999999996,321.38696
1353.427,800.32153
200.096,143.59354
8.94,162.90598
370.4700000000001,313.20972
80.954,69.91924
0.643,105.07737
9.993,0.3506215
78.963,27.109318
99.853,178.58066
109.44999999999999,656.8182
90.237,231.91359
0.017,314.2449
20.106,231.29494
11.193,121.38067
560.063,294.3252
38.547,219.83368
531.477,1066.9427
290.273,685.3238
10.803,227.5595
180.31,426.63324
379.927,5507.0938
10.03,9.405375
110.507,0.5099078
20.02,275.38568
80.926,8.867136
0.394,210.52553
39.07,185.94725
9.64,0.738826
890.206,296.63684
176.963,238.1854
19.77,9.825753
90.46,223.04543
0.843,296.5587
0.034,7.904309
0.804,7.5018578
50.19,401.46127
0.377,1.824004
19.78,440.61987
29.743,16.773829
9.923,157.5668
19.793,152.05644
10.657,186.66481
9.2,26.333366
49.85,21.75052
40.376,85.80998
530.367,1486.2163
19.96,156.75928
0.09699999999999999,98.884346
0.39,41.784153
1730.633,663.8913
0.45400000000000007,263.76746
19.33,148.06358
80.76,178.34703
0.217,222.73085
9.766,0.34932223
11.427,1.9613597
19.92,98.203125
0.03,6.4998126
29.786,92.400406
19.946,54.291218
19.777,12.323993
30.557,247.20729
20.247,1041.4896
108.89,27.814781
30.433,165.30736
8.4,92.484634
19.37,0.17422831
41.157,31.472504
0.18999999999999997,31.906363
30.092999999999996,221.1855
591.474,1352.9749
11.27,2.623501
10.044,217.50189
50.37,64.0246
0.20400000000000001,0.13957508
0.03,110.45432
100.13700000000001,187.56561
39.72,2.2936053
30.097,442.31302
179.75,193.54654
48.826,911.022
70.324,115.33898
50.6,174.92087
59.39699999999999,324.55386
79.837,75.780655
19.54,64.03966
0.077,167.35802
529.407,182.20325
10.367,7.964379
78.886,253.58946
250.153,9.376614
8.557,78.87517
9.813,9.189145
30.726999999999997,228.17592
0.686,26.7942
10.1,65.098434
4380.88,355.07153
350.017,184.16136
0.04699999999999999,56.96119
31.226999999999997,392.74725
39.373,561.958
20.086,74.1559
34.254,839.6434
30.270000000000003,468.1026
169.81,235.92354
11.067,5.164667
11.759999999999998,31.870455
0.25,3.58066
39.247,257.3102
2.05,379.01886
3.647,349.16748
11.99,269.37277
320.424,246.71877
39.28,582.9043
18.537,378.36673
219.55,113.85867
9.223,7.8884373
10.046,432.95883
18.53,130.48758
29.877,185.22607
259.887,178.00612
10.177,1.600929
239.86,335.62262
29.2,127.12556
169.377,512.90656
40.553,1.406408
21.033,8.718801
9.017,91.76468
9.003,8.833339
229.997,194.9817
18.91,263.92633
39.5,286.07187
49.60300000000001,306.1084
270.1,11.05374
409.8,233.13187
17.803,106.58714
57.264,948.03577
580.08,1410.8351
37.153,313.51486
69.404,39.385433
0.36299999999999993,117.16166
19.104,98.884346
91.24,309.6016
70.14,354.91632
260.203,176.84071
60.367,768.9593
8.61,90.156876
80.32,388.45294
469.68700000000007,356.0758
2.067,169.29832
10.153,156.92047
259.98,583.0987
0.17,80.23149
160.287,295.05573
20.037,83.709755
0.27,0.9527567
250.20400000000004,659.0351
20.54,261.72983
430.004,732.11597
50.272999999999996,1.731454
260.797,195.87343
21.353,0.8485941
58.257,198.54146
8.663,7.630249
80.02,83.25954
29.867,234.58241
19.674,142.35587
20.32,127.55197
0.44,94.67955
20.2,0.2274828
11.097,162.66684
7.35,0.18681736
9.35,0.090625905
0.267,168.59486
8.853,10.070076
29.0,1.8487608
180.884,84.590675
10.453,0.19968751
9.717,4.9310055
108.86,792.93677
110.04000000000002,0.124697745
129.973,228.06302
9.96,26.736162
50.593,20.346912
20.284,2.5679224
0.04699999999999999,107.410645
1821.317,2583.883
4589.843,2284.3293
0.657,29.688278
100.803,307.12775
9.75,189.8395
10.16,253.83545
80.29,187.56313
29.233,0.5103413
0.61,0.03435503
19.853,56.227455
19.703,286.07187
39.95,124.00462
0.8899999999999999,59.892136
17.45,4.493868
70.667,166.88057
129.786,995.1402
304.847,250.93803
240.01,204.43858
8.983,62.912773
140.763,54.69387
189.5,60.096294
10.273,97.32162
379.75000000000006,31.376669
439.77000000000004,389.50354
20.354,4.596278
120.707,435.42004
0.626,288.07745
190.017,383.71365
170.043,337.3321
29.863,68.038734
19.56,56.551353
599.467,520.97833
20.136,264.45468
670.43,456.36832
17.61,220.92987
0.643,32.71613
20.067,195.09523
20.224,0.21999389
119.81000000000002,163.289
643.05,1558.8264
19.88,45.805317
1.373,660.61725
98.49300000000001,65.79352
10.093,1.69308
29.926999999999996,300.81714
154.463,297.3928
20.44,135.90056
296.877,242.3278
50.07699999999999,0.17959936
19.174,144.05911
121.113,145.55998
1260.077,508.96503
20.28,168.31274
40.144,43.25304
58.44,197.42134
47.94299999999999,4.2319937
110.003,555.054
0.08,100.86782
18.893,153.97398
149.58,350.72696
343.273,359.8293
20.047,98.432976
109.72699999999999,601.98553
19.957,183.1982
19.677,0.50425947
10.083,2.299624
1827.8829999999998,124.385155
0.37599999999999995,91.1017
137.564,192.31804
239.2,402.52557
19.997,42.64618
1451.094,886.7623
0.124,80.66787
501.50299999999993,195.13945
0.52,157.19006
9.263,1.5413665
207.304,307.24533
39.416,0.6756922
80.733,851.34265
20.037,0.79226345
30.159999999999997,406.91806
211.707,265.68756
290.637,616.1502
1.076,7.015105
9.863,6.941724
110.693,425.05063
9.447,0.14623338
3951.4,339.65265
9.033,30.233538
10.504,122.82853
698.817,335.33072
140.8,368.92422
38.25,1628.5621
50.07,151.2448
0.263,153.36671
9.344,0.083696425
9.99,13.958524
29.690000000000005,127.189835
15.477,663.53326
49.81999999999999,13.908308
30.486,105.27642
12.984,66.75311
0.43700000000000006,25.960588
158.937,109.16896
110.09,85.36839
10.77,2.6787295
619.313,987.6529
0.9229999999999999,45.51437
10.037,1.9371793
155.71,550.4217
16.36,134.63014
793.664,1047.9258
398.873,315.96472
640.027,832.6518
18.903,1.4402893
10.133,6.850461
10.01,0.57879305
30.617,114.44873
1.5199999999999998,0.12283699
78.577,313.07666
79.193,4.6460156
0.203,605.6606
10.167,249.32611
40.786,227.08879
1470.553,514.158
429.417,775.4374
8.664,266.13815
82.03,501.55832
39.66,318.28796
0.35,4.005244
510.587,271.00217
209.92,332.31516
1410.433,963.7186
2530.447,2092.8157
18.753,546.56146
10.85,220.82372
98.943,89.09684
20.263,0.9584213
90.207,182.91606
11.75,1.0429058
1694.46,1133.3154
30.993,122.3045
326.394,2215.7048
69.603,26.714996
110.09999999999998,599.56445
19.853,0.9068918
124.05,171.7527
39.673,285.98608
150.09,827.14795
39.547,275.2558
9.26,189.5299
29.58,96.20994
20.304,273.52448
0.91,0.21487832
9.827,80.52124
29.082999999999995,0.277731
19.593,0.37683153
19.973,195.67378
4322.69,1412.2552
32.237,92.55959
0.4660000000000001,43.358795
29.582999999999995,184.31828
321.173,235.57076
30.304000000000002,161.66116
1.233,198.4951
28.933,2.0441787
19.72,94.84276
21.11,1111.1838
69.717,131.73285
48.38,248.65202
8.373,0.12283699
190.047,446.5199
0.14,1.1668761
473.72700000000003,168.1795
8.86,61.635788
19.623,334.99597
70.083,220.46964
517.74,874.05176
60.16,64.342896
19.504,48.819187
0.36000000000000004,229.33087
10.89,2.3177652
8.403,161.42558
30.253,5.025446
19.056,219.22078
100.543,338.44693
0.017,157.67189
18.657,182.9791
8.283,0.030576957
139.936,23.57662
279.87,85.38273
1809.953,195.51776
19.617,0.3587709
10.4,2.4067895
10.27,102.315125
210.033,338.32544
189.987,266.8065
18.72,159.51021
20.0,1.799045
0.09300000000000001,2.451583
9.953,0.28419948
234.21,400.00034
198.257,244.59476
12.783000000000001,97.13836
29.124,120.40187
88.923,0.051203817
0.344,216.0275
9.624,8.951345
0.19399999999999998,0.4973023
10.484,42.312504
0.843,119.20322
20.07,0.45847285
1992.6970000000001,651.9706
19.593,33.299538
29.897,5.217264
1.804,6.6308866
390.186,218.66676
131.467,416.28064
9.116,26.476515
109.65700000000001,1183.5077
9.473,0.7755734
0.08,12.275338
31.423,117.035995
269.243,5.619069
0.187,24.642616
200.666,26.344145
49.85,151.34224
509.597,112.39935
239.983,162.21567
2589.903,1990.4054
9.7,0.69494027
0.107,35.712006
5741.307,766.2164
30.04,33.449703
0.826,3.3010516
20.153,136.38815
20.876,191.86719
19.984,384.56625
0.03,0.4906005
20.777,232.95166
759.873,183.87813
329.34,207.94717
2250.25,294.39142
129.947,192.74915
919.076,31.185976
19.277,38.175735
9.766,166.69156
10.726,80.55836
49.395999999999994,70.07305
128.087,379.4066
8.824,28.960403
129.467,911.9364
30.972999999999995,101.77693
4.49,0.98837113
0.017,2.1462698
0.064,325.3373
10.407,138.51941
7.486999999999999,80.52128
10.537,294.72162
279.973,168.31274
39.94,60.33928
563.247,1557.2229
118.863,641.58295
69.74,170.68062
104.24,1.609391
79.713,1.9343754
1.06,182.18127
20.223,185.9913
30.223,31.978205
40.776,0.8937018
80.737,58.208725
149.15,192.08759
0.207,18.442963
100.887,184.82114
10.017,0.80544823
19.303,129.00288
0.266,299.95303
3011.3169999999996,1331.6794
2.394,191.14981
140.167,175.37488
18.083,1039.7646
151.477,101.52264
99.78,921.0041
29.403000000000002,248.588
16.963,0.3105233
9.893,47.9494
10.01,192.30968
19.8,310.0617
703.38,400.75836
20.107,26.57334
338.703,14.051226
29.336000000000002,18.687885
139.237,6.413522
39.78,26.58643
9.943,1080.9781
9.27,86.86166
0.783,5.020814
0.847,330.7075
0.063,39.938366
9.06,220.62445
19.61,197.9212
19.223,151.8312
49.54299999999999,708.1833
21.46,0.51229316
219.996,577.3141
10.02,2.818782
0.123,749.56647
20.064,503.64728
10.203,11.56644
19.34,30.461578
10.167,119.21665
19.42,34.22663
30.843,436.5319
20.187,0.5595644
29.576,133.92838
10.356,3.0198708
20.48,92.48314
9.88,197.30289
10.804,151.82285
40.396,5.289147
21.603,102.4998
31665.927,253.7672
19.054,174.248
0.563,0.3424345
79.47,2.2868786
21.217,352.3955
19.23,179.23868
98.32,37.12208
579.023,469.72964
29.659999999999997,724.3526
20.03,14.332128
350.264,236.86816
30.02,14.931573
6.81,221.39096
9.023,49.97928
19.66,12.084051
10.624,0.30477613
9.857,0.48383877
189.984,36.326706
111.25,222.99353
9.073,1.6260785
39.003,53.60056
39.797,20.329191
0.16,64.74706
19.767,4.55904
139.77,143.91223
19.57,147.13295
19.993,31.834637
7.739999999999999,0.7237611
1627.127,1196.9025
309.407,240.73367
49.839999999999996,35.362812
39.734,664.9432
61.254000000000005,188.93779
4049.6270000000004,1305.2432
20.436,0.18684316
0.09399999999999999,63.755623
21.057,111.76542
19.083,9.033417
10.58,128.80096
0.143,74.41303
189.32999999999998,160.08139
1049.203,1012.51935
0.033,423.6892
10.0,199.82501
23112.83,161.8978
10.213,76.33503
0.173,5.5368404
16420.07,257.0424
139.587,476.84674
0.034,6.3526206
28.647000000000002,264.8435
9.157,321.3746
203.19999999999996,244.14706
400.11000000000007,89.290924
0.11,16.075275
9.21,183.00177
349.086,21.363792
89.947,297.13843
10.36,274.821
6.4,43.003822
19.884,132.4444
10.154,13.5058365
8.577,962.0129
0.187,13.015468
24.376,413.75266
689.96,380.87683
29.76,25.093216
109.32,280.68588
910.026,550.54315
40.303,38.23934
0.953,28.656675
29.970000000000002,1731.3503
2600.727,368.538
9.757,2.818782
29.380000000000003,115.47276
18.977,142.19484
19.74,8.369449
20.497,1386.3259
9.79,0.82298976
9.92,37.48116
1839.114,153.07784
70.294,371.57184
29.592999999999996,5.644675
39.956,7.9868507
108.737,178.16107
8.983,62.88139
109.773,95.41268
0.127,8.173017
119.82599999999998,373.9748
70.117,242.87407
50.213,0.6322421
10.327,2.363337
79.09,834.2679
0.313,16.075275
0.297,17.244001
30.03,134.33844
16.63,714.22986
3.9630000000000005,127.63281
30.63,36.99039
99.964,84.88567
253.66399999999996,415.73062
169.467,146.41153
0.012999999999999998,15.408183
29.88,5.5147357
10.187,124.31719
30.239999999999995,52.973537
0.173,118.64624
153.55,524.8623
6313.77,570.41785
80.11,30.227472
0.28,43.403355
9.37,140.37541
19.893,5.06862
1.017,60.70543
129.763,256.01907
20.507,9.5943985
90.12,10.993095
19.773,213.1231
3452.4299999999994,851.1396
417.75,1184.6277
9.827,6.9953527
977.756,1015.4205
40.296,32.15852
40.95,273.2324
9.503,10.550463
9.81,942.3149
29.67,4.548405
278.346,240.5298
38.606,55.980366
0.016,0.9160683
13.957,1006.7359
30.472999999999995,64.79968
1965.5970000000002,752.5372
500.207,237.52766
51.077000000000005,42.2157
440.15,159.57344
19.737,585.4265
559.784,215.19188
0.406,187.14519
220.577,164.85167
9.973,253.43141
209.867,0.51067126
0.517,42.129066
50.529999999999994,83.16171
31.472999999999995,222.2959
1244.92,1091.5255
4.607,6.082595
19.254,124.1464
0.08,25.02883
0.11,1.4490871
17.047,134.63014
0.11,130.46323
60.65,3.1382058
8.85,0.06169588
0.533,211.54848
100.047,182.48645
31.417,81.72516
20.193,357.45093
20.12,191.70789
21.55,407.29105
219.886,117.023865
40.91,167.59985
1.0,176.77518
1020.4400000000002,925.2948
308.973,243.39287
0.28,1.0871997
9.186,69.99009
30.077,0.1646909
19.617,23.663624
20.487,125.46532
19.11,145.5142
149.767,816.24493
421.04,278.09213
459.866,273.37686
9.927,87.38421
49.003,160.9595
59.772999999999996,85.16118
0.22,7.457447
90.217,174.53844
8.837,111.506386
1.594,2.45231
39.39,8.462131
18.5,65.59392
28.917,2.2659628
8.204,165.98817
28.093,89.02801
9.83,168.59486
30.703999999999997,129.9399
19.283,126.07658
0.11,40.239178
30.6,76.33503
209.17,475.86612
0.0,292.54922
0.18600000000000003,3.3075867
17.02,123.63983
1509.5669999999998,18.217415
29.786,178.22508
48.877,506.6656
0.9069999999999999,115.501366
179.607,1572.4164
88.807,138.90935
4.977,4.612859
1869.177,324.4411
0.314,1.50646
720.37,1030.0063
9.233,46.09813
30.52,6.262822
0.143,219.3133
1260.71,317.8495
59.757,27.708778
151.4,43.78794
29.672999999999995,663.2751
19.1,0.7576935
8.933,103.464485
39.77,183.81705
30.553,0.34809843
399.173,198.39326
39.844,0.2233469
8.196,321.03943
69.883,13.260162
10.25,120.52006
110.11000000000001,454.22977
25.513,27.35734
10.637,215.60931
9.324,56.626255
20.016,79.939285
149.23,225.33536
59.533,1.6520518
10.81,31.317621
21.913,334.57437
150.59,793.6468
1.204,29.812151
19.797,347.42004
580.99,392.21246
131.017,137.41444
40.763,0.105530255
7884.213,2039.6907
0.343,554.18024
30.136999999999997,0.575606
19.853,796.1644
0.957,0.21230242
211.03999999999996,136.15697
0.09300000000000001,0.15722443
50.347,1160.12
0.157,115.15754
49.693,1.7584715
260.207,349.65012
109.8,118.671295
11370.22,1550.0367
219.64,890.42194
20.173,183.81705
200.113,39.630013
40.753,128.05287
8.63,347.32944
67.863,158.21835
68.857,562.4533
19.84,147.57828
9.923,0.13843793
179.9,36.87014
529.763,879.89734
67.017,176.68
0.017,14.138585
529.69,250.00629
49.52,145.87732
27.324,0.4969126
10.464,206.16112
69.533,306.31436
10.07,1.5290536
20.01,2.982929
9.907,178.22508
20.523,0.64490306
30.115999999999996,140.41258
19.913,1.2971964
1.003,80.65642
20.063,54.195217
41.79,899.15924
80.923,222.05286
50.67,35.466503
820.313,244.73468
17.643,223.24495
10.423,17.705091
19.757,63.82038
219.86000000000004,316.37546
0.563,3.0046751
9.537,92.81077
9.013,6.6308866
10.094,0.043369435
19.32,67.933586
59.849999999999994,826.8024
0.127,1.4291055
80.47,28.090666
20.217,293.35922
404.543,167.89879
70.05,284.95844
121.03599999999999,69.2871
105.91,99.30154
1140.747,206.77509
8.366,1.30047
13.53,582.48895
170.08,84.96582
0.04699999999999999,83.52556
20.64,56.162735
0.033,43.22532
80.977,130.6935
519.684,280.10165
142.3,190.64978
120.744,105.75091
19.657,43.314243
9.91,0.580199
20.183,16.453005
70.724,313.79294
7.23,411.58737
20.117,95.27376
201.206,163.4788
9.75,81.910225
1135.6,307.5381
13.036,0.38475224
8.857,427.83002
29.512999999999998,191.31834
19.11,126.88523
0.61,0.05736075
0.063,0.744769
2187.13,230.11198
10.513,64.85235
367.713,792.6959
20.513,0.047605835
10.62,140.08105
38.003,130.838
0.08,0.14623338
8.79,0.15504101
22.144,50.7779
19.547,219.3236
0.284,3.8799226
40.787,263.01132
20.11,41.99937
4693.39,1124.1006
39.903,3.771866
19.03,728.321
21.804,173.73553
4579.104,1330.3268
30.033,167.00113
302.41,851.058
40.293,117.666725
0.11,217.7026
149.834,308.51947
69.44,162.67023
1295.89,1991.2852
20.047,47.055676
2050.017,970.5898
19.797,171.53629
7.83,361.17377
1538.917,314.88065
49.997,320.3702
9.816,307.4005
300.35,47.907486
200.197,251.90173
31.123,81.24791
9.567,12.121597
10.66,97.32162
0.063,47.52588
54.56,259.16278
9.527,80.65642
2951.0699999999997,1074.415
49.713,591.5838
80.69,56.376698
37.607,330.2233
291.533,331.77158
19.947,354.19907
18.99,174.53844
1.97,17.617352
0.484,7.4033737
210.51,345.66888
150.466,202.22435
1.426,4.3893967
0.063,20.212034
6.2330000000000005,1.3798302
14.533,0.20037124
430.434,377.62677
49.083,1266.6537
9.807,0.13129483
50.56,667.0364
0.063,1.8510066
19.41,190.07903
685.193,17.319582
70.727,36.769478
219.917,71.09854
10.77,2.0030963
99.72,134.32106
19.523,15.632008
439.91,436.495
99.896,474.73666
30.426999999999996,0.8941648
19.956,0.20361492
21.617,207.18282
876.9899999999999,395.50616
40.134,1.7411292
2122.417,528.85223
100.677,337.79675
160.253,131.42201
169.983,357.9137
18.73,121.55513
0.22,2.6126583
372.913,166.92847
27.883,211.50362
30.623,0.87311536
0.797,2.6843245
19.14,0.32684287
1631.22,465.40793
10.974,2.3188086
49.566,109.20855
11.057,79.939285
38.697,556.4719
10.023,7.441932
999.083,646.8264
76.936,334.4081
10.877,68.932335
19.77,167.18617
19.116,220.92418
810.233,233.66226
186.273,201.1013
29.317,175.03
20.133,23.629087
799.9359999999999,1131.9044
0.063,3.5773013
190.003,126.52417
0.733,1.8885893
3216.253,299.59772
0.24,0.032035574
79.94,4.9743934
320.454,16.051683
8.907,22.15072
449.62,1367.7484
9.94,0.111428976
9.9,49.068672
130.53,176.73723
420.856,114.28348
21.277,230.89703
690.89,345.9969
11.33,13.257898
9.993,1.4389985
0.61,219.31317
151.52,91.84148
20.25,128.26251
0.52,431.8003
17.503,0.52090573
80.45,102.101746
49.88000000000001,7.364776
19.447,69.53629
9.76,48.138256
8.937,226.88197
1180.73,214.3036
10.087,102.8823
58.57699999999999,90.23046
0.18999999999999997,182.62311
9.947,43.151844
9.997,0.32935196
30.972999999999995,2.6085207
478.11,178.83888
19.563,1.3176901
0.126,0.15890156
18.336,2.308897
139.783,178.2823
0.063,812.50916
249.126,684.3859
0.94,172.41934
9.99,232.54369
657.92,1419.6285
19.52,112.34954
0.017,2.5255775
9.647,15.291845
990.0930000000001,209.5906
18.977,16.355562
0.04699999999999999,73.99062
20.073,434.84058
80.39,125.03539
0.313,4.6555867
30.077,6.495401
10.886,7.964379
30.193,130.68936
8.973,4.2677865
238.79,139.86993
489.74,89.70808
20.107,314.47855
547.55,225.9358
7.783,138.03706
0.53,3.1060903
0.39300000000000007,13.958524
759.616,461.931
40.487,81.75185
10.434,3.1674922
70.824,393.97562
89.773,8.526658
30.836,214.30893
10.597,15.891789
29.515999999999995,1.0986081
19.556,73.488525
9.654,1.0919368
9.417,44.843533
79.73,795.6325
9.207,216.48645
650.614,251.17809
20.434,15.408183
19.883,12.696241
83.93,165.35616
9.17,146.20071
50.32,55.870342
40.486,0.032790836
30.32,179.87791
20.123,2.124554
161.33,12.028934
1260.086,50.736942
39.257,1.6935241
9.977,36.955296
199.827,216.33772
150.977,176.63115
19.926,198.3346
30.696,192.62608
7.317000000000001,119.13825
188.72999999999996,41.56999
100.79300000000002,137.6709
38.7,157.10068
271.06,247.19441
18.453,105.84776
249.81599999999997,442.47888
0.09699999999999999,6.08838
3559.8299999999995,204.93097
9.887,559.84393
39.97,84.9903
9.5,201.23578
18.19,0.04987689
3461.857,970.01825
598.13,623.69507
9.11,6.720935
20.327,79.29267
259.973,310.4942
0.173,0.12047444
71.007,112.131805
520.58,215.09459
9.843,513.20795
180.863,85.97071
0.034,136.7751
20.49,67.84225
8.663,121.34111
1289.553,1259.0898
0.187,287.22397
19.733,24.67881
160.307,192.30968
14.33,325.03525
259.993,931.02814
8.23,1506.5024
287.79,387.02817
15.087,299.0989
290.603,201.45525
29.29,31.022184
7.75,90.260735
19.4,15.928497
49.949999999999996,428.99554
19.57,61.791435
89.863,206.98326
26.663,147.82092
80.117,558.8403
31.003000000000004,786.579
0.077,7.6698856
5889.623,211.43036
9.39,222.4388
20.037,35.462208
0.217,73.488525
50.193,73.195786
38.937,41.839363
129.98,124.139496
40.12,20.87917
19.583,1.5413665
79.8,1.958668
20.77,32.449192
0.503,1.6014315
0.0,0.44573733
0.173,357.3022
19.57,212.11702
10.263,517.2986
200.483,119.954796
299.817,312.31796
40.703,355.0865
10.07,64.878136
28.792999999999996,281.47025
29.763,26.2763
31.034,106.319824
30.84,314.2449
60.823,220.52449
34.903,224.17767
29.957000000000004,100.73784
50.07699999999999,227.67213
500.06,730.11896
8.583,18.870178
9.383,27.219637
67.9,685.31067
207.356,218.19896
9.987,253.15152
0.69,0.4262325
1750.207,2014.1483
319.29,21.3908
562.267,609.1336
9.98,6.4648523
770.794,243.2217
9.2,12.857489
19.683,14.438208
19.987,189.33008
0.156,26.162607
19.967,14.446621
159.403,870.26917
18.413,1.0602657
10.2,3.2421758
100.25,259.17053
19.663,4.3678308
0.296,96.83962
20.0,69.59473
197.30300000000003,215.03168
19.304,173.5313
11.27,43.39748
1579.6599999999999,438.19098
485.984,251.4241
29.576,0.2149259
79.787,285.76175
10.266,0.114365965
9.893,3.3842232
0.033,85.67501
298.787,176.56807
10.103,64.09264
970.024,813.39276
39.993,3.544473
10.193,4.1766195
30.006,190.51266
30.21,247.01955
9.554,3.2704208
30.087,246.47792
19.423,73.40275
838.217,3564.9265
3261.166,432.23166
49.79,122.974365
20.527,0.38571477
80.467,115.099655
422.624,339.63065
10.033,15.291845
0.09300000000000001,136.91093
79.624,145.15965
0.157,2.6404204
10.867,214.01808
159.37,56.37128
0.09699999999999999,26.736162
20.003,126.19463
1440.027,830.0347
20.306,193.06778
9.816,208.498
11.46,37.990505
0.04699999999999999,493.29236
119.45699999999998,201.15599
9.99,272.3917
18.71,423.80692
20.12,721.87744
29.346000000000004,62.41537
9.75,0.74053365
0.157,153.87486
770.957,1288.2604
479.93999999999994,321.49057
17.954,0.20565213
0.157,98.19604
39.84,234.16612
30.314000000000004,9.912814
0.064,2.2329173
9.97,7.16028
169.404,33.465553
40.554,42.723633
20.057,11.039826
0.08,40.78033
270.017,550.97675
839.287,237.86574
49.924,3.3955758
19.92,164.62936
210.493,2.815156
40.417,59.322002
88.804,32.412697
19.924,28.7204
0.03,254.17728
0.953,31.906363
1234.353,1146.0531
0.09300000000000001,0.8699503
59.849999999999994,154.5938
79.704,213.87346
690.323,1888.3616
0.14,2.2329173
30.017,12.771333
279.64,252.62312
320.15,917.575
29.977,7.2047014
0.09300000000000001,40.789646
269.66,208.55978
243.626,0.28741243
29.502999999999997,95.94456
209.89000000000001,961.8853
9.07,273.22665
30.02,3.5419927
860.0459999999999,826.60693
9.26,127.4846
0.06,28.752937
50.153,219.91705
169.99,2.3880718
312.68,408.6095
19.073,136.53601
170.323,173.55934
18.07,4.912064
9.407,413.89044
0.3970000000000001,882.0282
29.672999999999995,159.58875
19.833,0.73424196
109.71,290.75723
39.753,4.8662353
50.903,237.36714
20.49,85.675385
10.1,0.2026359
340.24,344.4854
21.037,174.05605
9.427,245.3919
19.796,0.24613456
29.44,190.72247
9.107,0.17833568
20.47,26.723095
20.65,222.93251
1536.616,413.13184
10.07,53.313007
99.746,47.055676
1790.857,296.9027
30.976,0.34795702
30.01,190.91054
148.734,1.7057174
11759.657,719.827
0.127,80.84227
100.75,1666.2097
18.99,168.83414
20.06,5.5636415
0.894,178.03722
99.73700000000001,63.18415
6.687,99.1999
9.37,298.84137
0.237,7.329077
57.193000000000005,1327.7338
220.117,244.92722
61.897,159.67487
24.810000000000002,101.068954
19.16,25.559956
10.03,207.37787
730.737,1234.0693
19.013,254.17728
20.31,219.01633
1547.3629999999998,502.5181
0.0,270.0493
140.18,597.12036
20.237,156.5679
89.483,454.0241
0.547,23.919554
10.903,0.4223449
259.88,190.4576
9.974,52.756744
0.876,248.588
289.174,447.00323
20.19,310.7833
24.56,325.24353
10.12,0.46358255
10.15,8.916683
159.416,46.671574
110.203,291.31064
17.743,176.68
8.89,1.5477502
260.976,454.1652
18.127,91.60952
650.763,1579.9153
170.383,394.2288
11.263,268.51804
89.677,320.06186
817.07,1221.6287
48.876,186.1959
58.996,117.85032
29.716999999999995,67.302505
999.2469999999998,834.37964
1062.4,250.49344
569.483,234.21756
1579.37,3168.255
19.42,54.9948
79.57,184.08087
38.907,315.18933
2940.37,221.0994
962.383,301.8006
0.03,64.09264
128.893,257.64722
404.623,185.5099
7.29,34.597176
430.823,355.22226
60.323,14.87057
50.142999999999994,118.989845
1139.494,657.8029
40.057,234.96852
91.006,17.381205
19.99,136.1571
16.437,329.88577
0.58,14.083599
5.147,102.18018
19.753,34.723335
189.147,895.2996
200.95000000000002,467.8606
79.917,1259.3455
1000.8570000000001,684.9404
490.71999999999997,435.95944
33.39,2.6049588
62.04,1.7999252
365.68,571.83276
29.512999999999998,30.385208
402.7300000000001,208.55869
10.66,129.76033
131.153,450.33987
10.71,363.0769
10.383,1.4054575
754.7029999999999,699.4451
170.213,727.6012
10.5,841.97034
10.237,0.07695109
41.143,56.71348
2339.734,456.34036
73.467,1017.1875
0.017,1.0859914
20.427,137.19876
39.52,133.8096
8.21,78.87517
29.980000000000004,46.447296
70.137,0.80473876
9.297,246.38626
20.253,75.46701
470.12,222.3945
110.07000000000001,163.72195
51.9,90.86723
290.106,811.9
9.14,0.15445335
18.864,157.08186
659.63,1043.1202
30.786,119.92615
190.583,656.94604
8310.153,149.47093
819.7630000000001,231.08751
49.67,752.6038
10.337,553.28375
19.147,143.91219
29.046999999999997,116.40533
3479.963,2845.2214
9.427,2.935465
19.957,0.33026093
259.266,183.25117
10.486,102.03453
7.990000000000001,223.03348
170.003,214.37524
10.853,1.3347514
0.283,86.82437
0.937,47.439186
40.23,129.67151
150.053,171.53629
39.77,330.32193
19.977,289.10757
0.45400000000000007,83.52556
89.8,228.08206
29.29,0.03599391
20.15,2.7541692
40.583,471.87296
39.874,27.01149
19.713,79.29281
12.24,0.7367272
109.717,476.62805
33.35,198.3346
19.563,31.249779
39.467,0.76701677
180.056,172.61879
20.087,189.30295
8.747,0.39382446
180.13,840.32043
19.907,719.92975
26.163,15.92748
9.21,291.66934
4.913,0.3506215
20.063,328.48425
140.007,116.41895
20.087,29.570734
138.527,888.3143
439.034,245.08412
50.452999999999996,946.37976
9.58,264.86862
90.567,33.006542
108.81,671.7741
9.42,106.4013
0.05,0.2790212
9.413,33.374508
39.517,115.453156
30.057,6.7602835
0.75,222.90308
30.743,263.09714
0.156,9.513906
19.257,176.48776
0.423,101.32482
129.913,501.45587
39.457,0.14459878
20.1,26.59161
1527.904,460.18185
50.03,257.60983
38.437,308.1574
299.776,256.0832
11.066,169.12437
19.567,132.13782
20.347,34.203056
298.817,204.2053
0.283,27.19132
70.39,2360.7214
10.133,284.37857
0.783,53.953396
309.52,47.418633
19.567,42.172363
0.123,0.05736075
19.447,592.4586
0.39,361.84644
279.83,360.59167
1.286,93.373
252.133,119.306274
0.223,4.1200013
9.753,369.81622
19.54,94.77346
21.147,3.7138608
40.033,370.32178
161.3,898.9382
29.546999999999997,264.8399
1269.7,909.75024
49.99400000000001,2.9367895
129.233,256.17392
10.12,0.4041152
10.043,116.71696
40.336,177.02896
10.247,8.270499
0.653,45.462437
9.53,58.208725
9.953,83.76796
61.15699999999999,296.5587
79.69,166.95012
39.866,0.35050622
60.596999999999994,2.9893417
0.187,93.969864
1680.21,628.9377
9982.983,217.53766
19.033,137.24815
9.183,63.02688
10.353,35.8109
20.87,305.44183
1.217,105.102585
10.52,47.52588
869.527,340.45422
71.057,86.80769
24.586999999999996,131.67876
240.02299999999997,308.8957
20.21,81.64467
49.839999999999996,208.35654
4532.22,439.14288
100.444,79.01414
664.62,170.01085
10.14,154.838
4939.94,639.43286
580.757,1026.2164
39.183,22.54756
118.397,195.82611
20.946,130.63927
30.163,79.301506
479.97,657.5454
9.913,173.36403
20.837,20.084997
2.663,186.61888
130.487,0.1587487
99.00400000000002,440.7706
0.427,69.76279
9.71,45.951515
31.02,0.2650826
9.377,21.381567
39.843,22.117216
9.43,437.69534
9.93,33.59085
19.36,100.21392
119.9,82.13277
22.143,77.90963
8.806,19.575766
29.733,0.0854921
0.326,0.97274745
130.433,0.5726466
20.183,247.36615
19.853,0.2512051
49.583,0.5597176
49.97999999999999,81.28165
19.336,121.11126
1.493,906.7066
12020.199999999999,180.56941
9.917,852.90515
30.01,185.14464
50.057,356.8007
4.87,141.64984
179.984,285.5118
10.223,44.243626
9.494,571.7269
9.78,45.462437
9.367,8.115645
20.65,44.123463
10.757,434.29965
2.046,0.20565213
10.104,21.707087
69.993,187.94664
141.597,335.2998
10.183,34.483917
6092.353000000001,1020.2483
0.077,323.8503
30.313,197.74255
85.306,30.091658
0.333,266.4141
29.664,5.290671
9.624,182.84424
59.937,9.965106
21.13,0.10437264
20.453,7.987941
33.934,1026.523
9.867,145.44948
49.60300000000001,377.75214
39.267,561.5945
78.94,184.05394
19.927,694.3653
40.847,505.77576
40.756,47.590607
39.57,138.23894
0.08,0.7291182
9.98,97.0134
9.81,103.4486
20.263,91.00881
571.113,470.24237
10.956,641.0949
399.86,350.4705
36.907,57.063885
39.547,98.51418
20.09,14.523982
69.813,1.5497233
180.833,186.47327
0.483,23.133461
220.006,698.1237
10.49,6.650428
881.136,479.1703
0.127,18.687874
40.38,222.17389
0.86,853.79865
40.523,241.60263
19.903,139.9379
19.596,0.72584105
477.42,81.07781
21.95,63.2913
4078.433,906.2488
42.317,44.297447
10.5,918.26636
0.063,0.47869238
7.703,153.43044
10.204,68.0589
18.827,32.33991
0.757,12.657374
0.767,129.60698
59.677,19.653547
50.327,574.86945
39.827,153.00089
9.813,133.55992
34.967,0.11533509
69.926,187.95486
0.797,4.2500997
200.763,331.02216
19.826,4.603789
19.0,331.53757
19.82,39.471283
269.847,382.57654
0.39,8.833339
1180.087,1188.6943
100.104,1.1724588
129.984,213.72055
889.9029999999999,559.7768
300.163,367.21695
150.227,233.42053
30.94,174.64436
32.434,106.314026
41.35,172.04506
169.907,70.39379
109.89000000000001,0.13173093
7428.936,1052.8025
19.72,20.755781
0.344,157.38576
85.464,288.75955
120.47,72.331985
19.62,68.07088
13.503,57.87342
10.093,0.65410227
19.817,191.58923
1.7870000000000001,1.1196744
0.297,145.44948
131.617,283.86072
19.8,790.3035
90.01,479.09363
39.803,492.5464
706.32,502.20956
3291.2230000000004,193.77655
0.124,3.7665606
201.85,132.82607
9.923,1.1420743
109.98,240.29102
80.667,225.69803
0.327,26.941294
39.637,104.1544
8.497,0.11583872
20.59,211.75545
30.873,69.212265
19.84,47.9781
10.127,128.08089
21.354,143.7289
10.724,79.88144
10.58,0.2026359
19.964,123.817154
170.12,456.06226
29.677,623.24866
141.04,348.36426
0.09300000000000001,0.32935196
20.504,170.6469
0.03,169.12437
329.97,504.98956
10.607,0.16817538
61.82,461.04272
10.16,43.98199
19.074,15.59302
50.31700000000001,382.34192
0.203,203.76974
80.03,172.16362
1280.79,606.5683
60.13600000000001,17.2103
20.46,702.9832
39.933,0.15872404
110.93,31.367998
28.756000000000004,8.205155
18.634,146.91121
9.813,6.302945
0.373,65.540726
9.627,40.769127
50.142999999999994,343.0474
10.83,99.38781
355.58,385.14023
9.106,19.697418
50.92,63.59758
19.78,1072.9415
19.97,4.824117
20.004,1.704228
499.633,326.44537
30.207,0.98335224
2915.803,890.13135
20.19,153.25436
10.103,271.33035
59.62,43.72474
511.1770000000001,283.29654
1150.283,1285.198
30.2,100.429344
16.886,240.40431
20.546,31.133728
393.546,776.2439
49.16,16.057812
460.47999999999996,405.75516
0.09599999999999999,9.838156
49.58,81.25179
91.33,1280.822
9.913,381.6923
308.887,657.93677
409.5,24.198853
100.56699999999998,433.68283
20.147,0.34932223
30.073,0.3069358
20.703,481.78986
239.91699999999997,837.3672
2169.137,1005.8
3614.454,902.3751
0.127,0.27133358
1728.6960000000001,458.40955
120.763,688.6907
920.2,233.27065
19.677,60.82111
1018.686,2505.3293
20.647,340.97644
130.327,836.54614
20.08,728.39075
0.046000000000000006,4.880968
21.383,157.08186
449.724,95.83567
80.593,81.2507
19.634,69.76279
20.66,506.48758
439.993,573.02356
979.813,189.43541
0.033,6.804526
239.074,308.356
0.11,1.3905776
35.43,98.05539
0.0,1.8720409
19.647,1.2971964
11.486999999999998,229.98314
110.12299999999999,0.18228398
1780.7070000000003,818.41595
103.41600000000001,0.1912855
20.783,296.26913
19.99,333.25647
2498.333,689.1331
120.387,215.6914
0.843,0.041394737
1.077,152.76756
870.4130000000001,227.9412
31.057,486.0572
869.0270000000002,462.3016
15.452999999999998,40.315205
489.37999999999994,539.5152
199.513,171.1716
809.5639999999999,687.92267
68.863,131.76688
19.683,163.99103
109.94699999999999,841.2918
119.386,102.34922
39.803,130.34517
18.903,662.71594
50.12299999999999,5.912405
9.913,96.753296
0.22,4.430697
0.09300000000000001,298.88614
9.35,71.06764
0.08,6.4422493
37.683,63.652145
36.81,37.131527
61.809999999999995,170.48175
9.66,81.37994
8.93,193.86243
479.42299999999994,193.02612
0.063,0.7237624
1146.103,176.13187
650.55,359.04263
850.233,37.148197
0.5,85.45323
0.266,0.14981759
0.08,174.08897
1.16,338.84222
50.567,12.415959
0.08,148.2595
99.867,71.72396
168.847,184.77672
40.49,151.35455
10.667,36.769478
598.317,246.349
90.483,15.997672
19.86,125.38219
38.976,304.75275
9.083,213.6954
7.774,33.038395
12.37,80.775955
68.703,288.3775
0.563,5.164667
869.757,819.36084
0.08,3.4776618
19.586,43.9055
10.277,85.37405
600.077,523.9329
60.197,56.49047
49.836,0.13129483
9.17,1.643649
9.32,461.27127
160.143,174.61725
11.354000000000001,214.79436
50.67699999999999,46.65948
99.82000000000001,34.597145
19.246,66.87744
268.614,216.87706
18.827,140.63713
10.044,1.1531212
5340.366,218.3243
0.157,114.76966
19.793,271.4541
19.28,44.437115
100.077,180.47322
536.223,328.80048
9.897,1.8045586
820.1299999999999,1328.9318
632.43,996.28955
348.85,590.99115
0.143,3.3269207
297.13,27.61565
1130.153,381.74734
370.453,263.81174
31.314,968.97174
0.707,4.3893967
20.77,54.647446
0.563,219.09781
0.64,3.1793253
20.186,63.243397
40.55,140.12918
8.35,145.08742
20.58,88.449554
161.483,732.50635
1.223,194.2937
59.7,37.43008
239.24,53.605816
20.63,25.582766
0.11,4.710186
19.99,13.323839
40.263,0.86159235
20.357,2.6969383
39.104,189.22357
10.577,1.6019921
33.157,222.83147
19.847,81.03151
119.927,108.854095
18.413,92.85863
3789.19,393.67868
10.42,27.219637
29.203000000000003,188.71367
209.824,516.12854
259.853,220.48973
8.52,19.307278
610.443,468.1026
0.064,55.013935
10.9,0.33539072
7.944,4.33797
170.077,44.21438
10.44,12.080388
9.877,38.553333
30.213000000000005,1468.4897
181.627,74.27075
330.536,391.78986
19.04,21.457561
698.673,446.46948
19.953,3.3851206
99.246,123.04899
19.983,5.849647
50.573,2.2708342
10.88,125.66225
380.304,127.77435
20.323,356.8166
59.75299999999999,217.56491
40.49,878.5302
32.983,421.81708
19.877,101.76062
0.127,0.75382966
20.85,240.28893
112.087,380.84152
680.547,566.25964
260.59,217.81029
220.30700000000002,305.39743
39.11,253.7672
90.16,215.664
72.62,327.76184
19.667,30.20124
0.03,0.7862008
10.057,178.03722
19.966,184.73601
0.5,97.131004
9.473,96.43816
0.11,17.80515
260.04,404.93604
9.186,191.70789
500.46700000000004,294.45865
10.346,185.73311
89.85,248.76375
122.586,254.29898
2749.443,248.66254
30.62,265.8897
19.423,126.255844
10.04,662.7592
29.634,0.74217117
0.09399999999999999,19.307278
10.093,224.65398
19.75,159.26208
20.217,189.93138
25161.07,321.7242
39.4,166.53801
41.773,168.20508
8.24,60.472614
120.353,807.78394
10.017,0.29986653
78.82,102.020706
709.387,543.68713
10.717,189.22772
40.747,0.11724411
59.88,6.3203073
59.847,185.73149
9.25,126.56683
0.456,11.072821
9.14,314.46765
40.317,349.2924
30.123,3.590607
0.114,32.674156
30.08,219.93877
20.047,22.437843
0.173,94.77346
23.54,41.185863
8675.617,2203.6504
8.96,92.63801
30.357,6.1151857
21.16,103.464485
0.25,0.5943092
2690.5,499.23776
790.96,277.6033
17.234,205.89313
389.893,289.4668
0.927,7.8229265
8.693,5.9481378
19.283,66.62929
19.243,96.53509
9.747,25.220192
0.11,1.6859504
19.833,566.45197
179.207,274.01956
1.127,0.4084637
20.187,64.24414
220.583,395.20456
0.373,210.92232
8.737,168.38074
170.367,104.57088
38.91,159.34583
0.43700000000000006,437.11353
5.217,156.27675
60.02,21.543304
0.783,330.84827
30.934,1.9445257
9.997,6.06814
110.05,122.25257
18.647,12.857489
193.28700000000003,309.51422
19.297,670.29297
0.28,156.92047
229.90700000000004,861.7236
42.967,927.9867
30.94,317.35297
200.47399999999996,314.29477
21.02,60.93899
20.167,0.18254006
18.927,12.118189
3029.686,788.60205
100.95400000000001,15.665292
30.107,579.6156
11.036,888.1551
29.99,143.9652
29.7,137.41444
0.012999999999999998,132.38722
38.937,23.643188
2212.58,819.5182
139.466,4.2060804
10.514,68.49421
819.95,317.83365
40.04,2.134218
943.01,1122.5082
62.17,333.0831
28.016,376.4359
149.957,29.710678
9.204,0.45441985
4.473,212.0815
230.03000000000003,161.10841
100.157,383.74875
0.577,47.344135
19.757,216.39557
1620.443,897.53125
19.323,190.49135
813.306,342.95178
10.37,316.55518
21.313,89.40837
9.96,122.66514
20.267,0.70382893
19.553,14.572114
9.723,97.74534
0.09300000000000001,3.1793253
29.26,12.094573
30.94,217.5495
50.10999999999999,178.9411
9.953,132.38722
150.297,176.37476
60.004,322.21582
90.24,219.67986
29.380000000000003,138.35605
18.177,114.82477
19.666,14.119538
20.0,1.8239516
7.759999999999999,0.31196114
8.81,153.4297
276.393,88.20434
9.916,0.27797425
0.123,6.1211305
0.64,219.75684
1130.277,100.89714
2233.807,1317.5074
0.267,0.13636056
0.627,150.97942
89.486,235.10777
29.93,9.5943985
348.797,353.25113
231.7,109.05383
29.944,506.44217
60.77,127.413025
249.937,38.062756
169.923,280.85263
535.437,1026.7296
79.84,630.86255
179.863,303.15277
1371.41,1533.0627
20.153,190.91054
9.9,0.2776542
140.08,91.270996
7.55,182.30714
59.976,15.880064
0.174,6.6391363
5226.023,576.79803
79.473,337.61575
20.357,215.72179
10.154,52.44612
62.62,410.42886
40.933,1238.1292
19.01,81.75185
9.533,1.3176901
10.413,0.31930846
10.493,95.145584
5699.227,1028.8011
19.91,46.912655
0.33,12.080388
0.017,124.56037
0.267,1.958668
20.267,135.33797
8.153,258.41452
859.173,3607.2751
29.207,0.18681736
166.5,42.15922
80.994,308.17874
18.604,0.27179042
19.713,5.464843
186.387,283.0331
10.727,68.276215
19.37,175.3802
149.787,128.63791
39.71,196.66197
19.63,11.259359
40.137,92.62057
19.56,3.6266148
129.784,517.153
178.347,361.13412
0.343,1.1389776
59.78,231.68098
19.886,10.3257475
130.0,1004.1362
40.28,252.54405
39.957,178.71115
90.507,173.50195
10.963,325.6488
1239.65,499.21936
12722.536999999998,1000.6803
48.65699999999999,511.3593
12.999999999999998,90.260735
149.827,118.57332
0.23300000000000004,103.16607
19.78,24.022715
37.667,227.79243
0.597,117.060394
1559.6660000000002,943.8543
200.99600000000004,455.90186
70.16,364.63242
29.406,100.88309
11.053,187.3266
20.11,85.38075
9.84,247.58377
40.147,0.13579175
0.14,0.18251428
68.93,57.26963
0.14,108.514786
19.64,180.09438
300.85,250.8807
10.453,24.301247
9.704,2.5090766
0.033,3.9693308
38.683,104.60143
59.873999999999995,2.2416563
98.9,120.66471
20.477,5.673658
30.797,17.381205
1090.867,1306.7964
40.217,1026.3206
41.323,80.2491
1.114,1.2021191
241.943,88.56914
131.197,308.07697
80.067,0.1646909
29.073,199.2226
20.28,149.37193
10.117,101.139015
11.133,93.42376
15.227,378.50458
9.436,2.007606
199.873,298.2014
20.957,221.05782
1.7799999999999998,119.49225
10.24,4.7712045
19.203,0.19573152
10.926,1.7938454
0.18600000000000003,1.6487479
20.4,19.260134
21.834,80.59096
0.467,41.741257
20.04,1.5641968
20.046,327.57
9.544,0.16817538
0.18999999999999997,3.1793253
18.656,329.5197
320.32,287.63275
19.777,299.35736
20.04,239.49438
19.473,323.59924
0.377,162.4991
30.537000000000003,234.01729
9.99,0.2010906
20.174,173.31107
9.033,264.8435
21.043,47.894806
9.426,0.10856742
28.37,44.642414
140.247,165.13396
9.503,171.86722
509.183,213.27792
19.81,0.29775664
981.153,238.32639
0.327,92.054924
60.76599999999999,262.76367
490.04999999999995,203.658
3.047,61.47358
169.88,198.72594
8.483,95.783516
0.08,226.94421
10.706,183.0577
21.386,463.38495
28.843,65.83869
428.22700000000003,232.85896
620.873,882.6143
51.019999999999996,215.34995
311.81,736.6115
39.777,12569.411
19.41,85.37213
9.38,39.239735
449.907,87.31553
0.237,60.60053
20.426,1.1360162
130.673,105.854706
0.22,35.812405
20.757,5.839304
159.78,255.36195
90.117,10.619596
1.02,108.76483
40.55,19.606802
70.27,225.50194
1689.01,296.49677
9.337,1.2230375
0.593,369.55246
290.716,350.9041
18.81,0.1301519
129.973,106.17607
579.984,260.8902
1410.214,900.3478
100.88,272.3396
8.263,184.34213
19.92,416.31116
80.023,7.832981
460.213,239.07506
49.344,163.67645
2258.227,2796.4673
58.269999999999996,127.63281
2640.943,1172.1829
0.673,52.44612
0.423,0.684167
19.49,211.69885
8.01,8.3377
260.08,964.1179
0.563,75.59212
1.754,458.40955
349.987,262.5979
205.93299999999996,272.7143
50.637,21.952368
48.52,117.01062
101.247,82.26407
20.32,10.198668
9.89,0.16629536
145.373,228.39474
19.724,203.8648
40.837,318.85065
29.743,25.586678
30.126999999999995,47.907486
9.863,3.3075867
138.72,790.9297
29.980000000000004,56.70973
0.107,9.377122
9.47,20.558533
189.54999999999998,227.9084
38.636,30.40725
20.063,0.04650944
9.9,181.9405
0.124,220.16771
20.434,160.11305
9.254,52.886612
10.813,227.24379
151.0,199.8561
0.0,6.676823
2522.466,698.78876
10.077,3.1950812
7641.37,1463.2809
9.8,299.4708
19.473,6.262822
0.04699999999999999,141.24294
100.887,167.94737
0.09699999999999999,0.8699503
1.8139999999999998,93.78259
0.75,238.1116
4302.453,1303.6997
1184.26,670.8508
39.947,44.071507
20.59,304.15576
19.873,245.71407
260.113,26.0356
10.02,56.96119
559.534,222.01434
8600.843,3568.893
0.012999999999999998,7.7840185
10.414,64.60238
229.58,282.79166
0.45000000000000007,0.4223449
99.984,243.24211
488.593,195.0437
30.39,232.33473
20.367,1700.4176
10.987,134.51343
29.254,187.75896
9.527,100.47971
19.88,0.1627033
79.81,1.7951374
0.033,43.403355
620.11,727.59503
10.593,20.05647
780.36,623.9731
0.08,375.87283
69.727,413.93
100.157,246.72098
2268.63,70.88034
0.953,53.630894
10.294,2.489478
11.846,326.36847
0.343,0.47394323
10.107,43.22532
49.76,219.16467
39.91,519.2864
60.093,184.25986
1.893,121.38067
1.927,8.234703
0.017,0.435672
21.076,178.60025
130.347,234.93547
41.15,423.3818
290.3,176.59752
40.607,91.2376
0.834,1646.0931
9.737,10.029199
10.42,169.0748
19.624,134.3477
40.056,0.3424325
840.073,1032.8995
87.58,190.82625
120.15300000000002,169.34502
101.92700000000002,159.56934
39.903,131.1896
350.0,245.48703
120.127,183.06429
519.88,172.46112
10.203,2.2130456
29.567,0.11190565
0.09300000000000001,23.663624
250.113,265.75687
33.156,356.61673
19.754,10.916138
9.623,95.93556
20.07,65.929306
460.97,187.71106
693.33,1634.6984
0.327,1.2021191
309.55,585.96295
57.963,1619.5945
40.03,136.332
1355.676,1770.3206
159.823,230.72287
10.14,17.029505
10.437,4.6646786
68.907,171.86722
200.456,815.9657
0.55,933.6156
416.2,1020.89386
18.993,1238.1292
1008.7600000000001,193.21127
111.58,249.3644
10.357,10.808564
110.48,50.40959
408.447,494.42242
40.743,491.32465
10.2,126.56683
389.487,64.54255
29.470000000000002,214.65045
90.8,0.98102015
9.63,0.5759107
23781.766,1331.0391
9.26,268.0154
9.574,138.35605
49.523,138.74329
109.883,351.7745
10.29,43.487297
10.613,76.1645
210.306,366.4597
60.69,248.80623
29.827,119.82263
13.213,100.84209
20.907,168.39284
10.21,302.82373
40.02,6.437392
9004.723,7441.443
40.243,3.6345258
121.077,218.07352
0.27,0.7367272
19.35,145.08742
0.16,15.891789
20.5,184.68599
90.12,487.55835
210.24999999999997,73.40275
89.737,418.3397
0.427,0.84694076
159.82,36.817966
350.13,462.24448
79.204,201.57962
40.097,128.34468
40.176,191.70601
10681.737,287.2884
10.67,64.432335
40.507,10.061197
9.51,215.72179
19.857,235.21997
81.22,89.432236
40.317,2.036592
10.077,177.8657
8.647,120.2938
10.203,1629.8167
59.86699999999999,247.67278
119.52399999999999,152.43764
51.177,44.256126
19.097,110.61096
0.14,1.703734
18.183,192.86954
1370.963,578.6933
199.90399999999997,912.5218
31.016000000000002,0.21999389
0.48600000000000004,202.82117
20.43,12.415959
0.686,0.7964268
0.4660000000000001,65.38125
290.617,157.14175
19.557,67.391136
68.99,14.14755
709.83,700.6793
19.674,0.17422831
21.34,117.85032
0.033,654.4375
60.00600000000001,452.6651
368.97,60.09596
20.007,26.419163
260.407,303.50345
600.67,188.49765
20.59,92.779854
21.083,258.2976
125.63,80.12498
12.047,35.51206
19.467,54.9948
21.643,342.45496
109.65,724.41797
400.57300000000004,266.4376
20.487,300.34476
1.39,315.18933
10.673,40.588135
9.64,193.5254
148.403,79.16418
80.95,29.241636
9.024,88.449554
160.237,554.18024
21.677,172.74826
1.36,325.67395
150.027,0.22334665
10.714,96.53509
60.016,10.061197
0.58,179.87791
30.09,128.62654
10.327,0.45292976
20.157,84.58335
18.14,315.08188
130.11,936.6316
1068.117,199.16483
10.93,221.47763
914.883,342.8241
6539.537,722.7899
0.123,8.136068
38.983,262.6549
10.514,41.698338
29.907,554.18024
10.093,54.425198
0.0,17.029505
689.95,231.72807
5.167,378.50458
10.953,249.91864
34.163,1.1418098
9.36,243.34839
10.58,0.35601836
0.86,95.58897
109.36,69.635284
79.83,0.14779367
18.91,79.35173
10.507,0.40311134
86.317,41.558033
20.827,2.1832669
19.913,673.7805
1999.744,3314.8774
29.683,272.74478
39.173,0.2650118
60.436,10.569382
10.453,37.435894
9.133,224.84709
839.987,18.36763
120.07300000000001,181.07831
1779.943,1017.9914
199.943,230.68393
1028.83,307.3412
77.183,140.56734
95.283,349.5361
10.35,214.6
1.326,186.66481
51.003,116.700134
19.51,0.19340949
0.893,163.9541
79.207,29.564365
20.477,99.63111
59.97,385.29752
40.62,372.87854
49.966,755.1844
8088.786999999999,724.4676
140.15,30.032894
151.19,301.62738
20.366,48.32269
90.107,1.953771
10.57,70.03985
50.747,146.54283
19.32,129.19588
3650.49,881.3949
9.434,14.523982
1370.36,664.79376
4376.174,2108.2039
30.126999999999995,189.92918
91.01700000000001,1116.6628
19.46,6.486551
3495.8800000000006,740.35754
70.077,349.14725
11.457,113.65861
20.493,779.79144
20.347,264.3174
0.22,0.744769
9.6,227.23363
59.763,6.1405153
10.196,209.73418
30.097,243.81317
9.47,129.96535
3581.21,290.13568
50.127,185.2039
379.86,298.88614
59.81300000000001,263.44742
30.124,68.869934
0.34,5.6214156
0.174,3.1789737
19.577,4.880968
9.767,120.8063
169.86,141.12918
20.35,9.296024
771.467,210.35124
18.957,0.6623732
109.933,495.61362
38.927,259.18576
20.103,261.82504
20.147,11.379587
408.867,880.8331
384.96,396.5963
70.63,18.598755
79.513,149.19566
10.437,333.1752
39.543,1.5094082
9.193,0.35888866
0.077,104.29041
7.842999999999999,93.77894
1.7660000000000002,554.18024
0.127,92.9909
2301.03,445.03128
30.169999999999998,360.53467
102.42300000000002,661.86993
29.584,409.5817
27440.714,833.81335
579.43,700.03534
0.03,198.07973
0.5,0.14981759
19.783,114.56202
19.946,317.4182
9.866,0.34200105
1.7500000000000002,351.92938
17.973,10.483759
0.843,15.59302
10.386,32.166214
9.153,214.01808
200.08,514.78
0.033,0.6172902
10.42,622.62585
18.677,329.72256
150.66,838.9131
528.96,1032.7523
19.793,58.197823
240.06000000000003,274.48306
79.86,109.78846
10.086,457.57944
29.896,84.58335
20.17,101.068954
11.183,265.1444
56.607,554.3353
20.66,57.083652
3592.3599999999997,3754.2573
41.203,83.28387
0.936,1.8338109
9.916,46.54093
3508.9870000000005,554.472
140.643,0.06616288
10.767,220.28392
29.41,0.9584213
9.484,6.650428
80.153,294.3501
609.523,640.7211
10.253,2.6733677
60.21,433.52078
1209.833,159.09395
159.91,0.69160545
9.473,33.378456
80.643,1.8720409
150.833,351.39484
0.546,208.34665
8.77,68.806595
60.2,39.587482
84.54,27.93806
0.64,157.10068
0.14,44.472137
329.92,132.30328
69.97,139.41559
19.157,17.107601
10.3,344.87015
543.89,207.41684
19.9,1.2062888
30.346,462.79507
79.317,337.63766
1148.164,1706.8828
188.404,187.61916
99.97000000000001,425.41467
1120.43,688.07947
1689.82,1615.5039
20.647,190.88911
1720.827,1141.9379
3019.076,2185.6377
9.89,112.828316
29.724000000000004,2.8287618
110.48299999999999,11.570367
30.01,231.02931
80.1,0.5739685
9.537,42.871452
19.457,201.49734
376.03,194.47314
49.083999999999996,251.54193
70.39,431.51666
19.29,685.3238
51.386,198.64651
0.0,8.115645
0.08,0.44544116
10.447,26.534025
2108.654,328.92908
29.869999999999997,2.6695337
3909.683,2307.8923
191.504,511.59195
19.953,81.050224
19.67,107.95161
10.63,101.155655
19.81,141.46477
100.096,59.383415
331.276,275.8867
209.877,85.778496
10.9,103.697105
9.913,0.41275102
10.31,0.17018925
18.62,154.44019
69.713,45.167877
20.0,123.57493
10.096,423.6892
90.05,351.77734
8.24,5.22398
8.564,0.42924622
210.037,69.0114
8.887,182.84424
51.3,182.5363
9.72,22.15072
3274.2199999999993,606.4293
100.277,163.91516
619.113,506.9682
20.7,9.086396
9.413,1.2333162
0.22,262.6549
20.63,12.653015
18.743,33.33702
1.9399999999999997,65.32816
20.064,0.4450905
79.91,138.01233
38.837,784.19165
17.783,64.0881
19.997,55.032906
60.147,2.6892312
9.95,0.18251428
10.35,459.5079
19.293,215.34995
640.907,566.66486
20.07,4.217141
20.704,140.11174
19.257,51.32126
2.16,506.3096
4129.35,782.6958
89.676,8.283639
19.183,0.04987689
110.223,1047.5402
20.514,387.0616
20.043,5.174152
21.31,95.58897
1.22,262.6549
0.45400000000000007,436.00165
2010.71,260.41904
0.33,14.996898
90.76999999999998,266.71744
320.277,209.99509
100.92000000000002,90.156876
20.734,51.89463
90.043,42.18745
21.333,133.80801
10.653,19.754461
89.477,288.69022
69.94,726.2543
130.497,214.4646
204.703,334.57437
48.806999999999995,3.3522646
30.860000000000003,87.89449
9.46,21.076632
119.677,124.96798
48.68,118.995316
40.43,11.3000555
80.247,3.4313035
20.086,148.46895
119.394,233.60664
50.284000000000006,179.1608
109.98999999999998,171.64944
39.464,260.17294
5450.366,8528.932
59.39,424.0961
270.503,72.97229
0.14,46.09813
10.523,47.341583
20.063,918.6273
129.756,1095.3945
0.716,128.18312
9.907,43.668224
8.894,154.6182
534.666,410.94754
111.146,341.7962
359.854,196.59982
0.407,0.061513755
20.267,34.32368
860.28,446.25873
590.58,125.92557
9.267,29.035189
18.454,65.116295
0.224,169.4538
939.68,433.38666
351.56,899.913
0.11,79.13935
21.036,136.94598
0.254,5.411448
1689.973,462.47147
19.077,156.75928
119.51,5.1406503
20.57,16.604385
19.577,84.98479
108.34700000000001,1150.8976
210.2,174.03606
9.124,0.4889625
1.05,505.0654
0.593,33.187366
0.31,1.2230375
38.96,0.18684283
64.81,851.0721
19.924,129.46088
59.736,0.28544894
19.753,13.015468
40.437,210.99803
0.377,116.36978
19.487,0.69160545
383.413,1018.3497
20.263,1.9371793
19.803,217.60103
19.72,187.02792
29.546,263.76746
29.716999999999995,32.93826
150.75,13.25507
719.044,241.19579
569.953,787.6375
29.967,55.16296
20.217,213.92128
291.49,973.12836
9.43,59.362324
59.73299999999999,319.69296
19.98,222.73085
20.487,321.33902
99.16999999999999,106.63984
19.683,0.5241317
39.307,56.7056
329.71,239.42749
0.784,175.3802
139.807,377.50726
20.16,309.09723
9.65,102.8823
20.163,217.13156
10.02,121.425186
0.283,10.09871
20.14,325.39645
20.326,4.9965277
19.35,4.710186
0.22,40.46605
41.977,120.35073
210.70699999999997,132.43584
128.78,325.4204
60.213,331.1304
58.75299999999999,219.09503
8.593,0.15504101
7071.647,1870.1228
98.42300000000002,21.826298
40.417,486.66437
9.687,132.6563
39.913,368.9167
29.193,195.68694
19.846,10.09871
9.783,91.313354
0.18600000000000003,250.19128
205.15300000000002,595.82825
9.39,45.893814
120.966,86.400444
30.472999999999995,41.18836
31.97,218.04575
9.813,157.38576
449.356,1343.845
3.1900000000000004,360.1669
189.41699999999997,794.2975
1069.89,414.72592
49.85,317.87177
0.017,92.55959
19.606,294.7701
9.81,14.138585
338.897,226.47646
379.9030000000001,66.86158
19.94,429.95547
270.07,200.73775
48.349999999999994,44.76538
0.5,118.53412
206.14,248.2083
0.127,119.30617
18.82,17.705091
30.025999999999996,1.1146203
115.184,399.47418
10.88,94.07467
2700.35,195.31378
100.307,52.08555
19.46,27.546812
29.963,104.68503
0.217,198.09615
9.86,1.600929
329.893,8.777992
19.41,127.451096
0.237,481.87173
68.894,1251.3868
9.833,137.45862
49.99,176.03711
20.41,12.403845
19.634,0.3754161
199.424,9.45855
270.32,247.07182
1.397,0.3712987
10.327,254.17728
21.966,122.54421
2832.133,803.0524
9.4,145.47644
20.537,313.41922
1061.093,218.49722
9.983,91.26236
19.627,163.00272
29.067,45.42883
10.237,89.44271
20.147,2325.2976
0.076,261.3773
186.577,619.28656
99.933,307.89478
10.03,1.3347526
10.37,277.02664
180.006,280.32693
409.967,343.6998
1300.194,674.0139
19.933,0.79785144
491.06300000000005,375.17422
11.367,19.20926
0.703,68.7129
11.3,624.5331
230.764,184.4069
9.937,22.663778
130.846,11.703494
0.61,6.3526206
10.003,1.1719111
8.39,159.68587
2208.927,819.429
49.72,175.86761
59.743,316.6094
69.913,16.752428
21.196,48.504364
19.113,27.957747
0.344,0.06913718
19.026,607.4901
0.012999999999999998,264.86853
30.017,3.8543634
169.56,634.07776
49.613,80.54688
10.027,0.10041576
10.163,192.30968
21.014,935.93274
1019.87,385.89798
10.49,168.56604
251.894,68.509834
410.136,219.22826
14.79,837.9024
20.61,26.649357
96.38400000000001,604.83673
0.623,1.3699402
20.733,124.73666
0.016,53.946453
88.767,298.48914
61.29999999999999,222.62814
49.17000000000001,160.68736
30.903,850.2615
0.52,0.053646397
449.96599999999995,138.25717
98.09699999999998,257.98438
51.157,252.98724
19.146,19.20926
169.594,243.43149
9.323,1.1581457
100.67,96.37798
469.167,247.45094
299.7,480.29956
80.11,315.572
38.877,35.179394
9.656,6.4998126
23.83,313.07666
0.03,212.76672
9.903,69.53629
8.746,222.73085
154.107,401.9206
6971.439999999999,4068.2397
29.886,296.9196
210.24,161.6449
229.673,320.841
3500.0729999999994,2346.8074
29.012999999999998,116.86567
9.17,48.509075
59.81,6.173199
1160.043,1556.4897
40.366,271.8626
0.03,43.90554
10.033,42.36838
1347.96,1340.5468
98.17300000000002,98.05032
138.404,2.4151883
10.48,175.54926
111.23,1.2112468
139.197,1094.094
1.077,2.3245387
7.78,81.313835
8.52,0.6373022
79.866,6.2741313
20.6,72.771034
169.416,596.5029
0.187,3.5773013
8.983,214.01808
29.74,0.3587709
17.06,335.51285
669.27,509.28226
1111.167,410.25085
749.743,226.9169
19.873,148.2595
69.837,180.56941
8.89,99.956955
209.33000000000004,13.403383
40.837,70.48784
40.294,222.97087
10.223,81.802925
1650.1240000000003,264.67624
20.45,221.71323
99.57,326.70444
249.397,820.3655
0.8160000000000001,3.2341192
29.470000000000002,71.578804
40.597,314.33646
19.596,1.586716
149.267,264.53046
59.257,591.85486
60.064,38.662064
29.543,18.878412
21.793,64.17124
10.577,64.06708
0.01,104.499916
19.503,17.38742
109.917,791.3822
10.066,102.18018
9.07,7.9001427
19.897,230.28204
219.94,224.64972
749.5840000000001,317.7527
93.34,155.22546
5.41,437.11353
0.47,185.41704
41.09,57.6856
0.707,0.21994358
0.396,15.461982
18.6,180.20647
20.123,432.76764
10.08,53.630894
28.954,82.31018
0.11,70.21799
30.636,17.107601
291.067,683.78815
2950.32,287.01248
21.1,67.1752
40.35,126.608055
60.44299999999999,1055.5994
1.134,117.209755
30.913,62.627857
30.59,179.1287
48.007000000000005,216.97559
0.14,81.802925
189.98000000000002,933.14624
200.337,22.927523
0.844,123.705574
9.893,23.996078
119.787,243.47496
20.97,101.879196
59.797000000000004,25.220192
30.34,117.46558
9.83,1.586716
36.727,122.00671
0.187,287.22397
9.147,839.6434
0.9069999999999999,330.98926
0.04699999999999999,8.6178665
410.31700000000006,650.42206
0.267,26.219408
19.53,31.06522
130.45,183.93076
740.067,910.0587
10.237,4.074527
1100.58,385.6622
39.054,342.68552
149.64,895.2301
579.127,567.1528
359.093,224.24403
0.58,234.33815
169.357,1.6045682
29.0,324.2063
120.417,107.00916
4.203,0.36228552
90.083,32.612347
0.703,76.79882
9.333,1.20547
20.937,491.7999
20.604,44.367226
0.597,57.46027
1655.68,2185.9863
19.953,5.6191654
39.73,663.36084
0.076,0.4906005
10.62,2.3206758
1100.157,1494.7041
11.524,157.89105
189.104,2.8917968
39.454,288.07755
39.01,141.68707
51.77400000000001,1.8857857
0.36000000000000004,6.4998126
139.343,1.4060553
19.877,145.32646
0.9869999999999999,116.36978
9.593,49.07188
0.04699999999999999,12.609399
10.203,2.1832669
0.267,38.102417
0.012999999999999998,44.123486
2468.063,434.22726
0.20400000000000001,218.04575
699.936,1362.913
60.07,20.68022
20.227,138.03706
9.9,55.96704
0.064,614.3325
71.943,276.73282
28.866,228.06532
159.117,2.8603714
30.063,98.25632
9.77,42.12259
49.804,5.6718993
140.144,299.4254
10.983,101.82338
19.79,545.6888
60.013,182.46045
0.14,7.329077
1300.73,188.40901
0.297,38.66689
20.447,47.28826
20.55,1.3266209
1810.403,554.12634
71.143,146.54094
179.29,219.07681
56.786,73.39751
19.587,229.09523
102.227,109.19451
9.694,97.32162
29.733,259.2337
20.056,1.0556659
590.167,0.7108565
160.073,3.0855339
0.127,0.19575618
0.263,3.2713563
19.917,327.376
2900.53,1080.1136
239.70700000000002,206.12364
18.97,0.07542409
118.986,29.62204
0.99,56.52933
68.927,0.22518103
40.147,46.524536
19.956,63.647232
19.93,827.14795
9.99,557.8912
19.963,0.06386471
19.206,288.9537
19.973,0.42339262
19.677,45.498196
10.06,162.95787
180.32,1023.50964
132.714,413.35815
1798.12,551.7504
20.91,171.78854
0.20400000000000001,0.09957315
10.233,5.2573576
39.71,29.537523
0.063,50.6164
19.8,0.07095316
59.57,306.8756
20.307,0.7436305
0.09300000000000001,100.04622
0.314,0.59752923
0.5,65.116234
19.596,20.360336
9.534,113.287384
61.23,659.081
678.737,433.2166
79.863,644.2554
41.907,171.6262
10.156,35.462208
19.086,155.06604
131.163,261.2926
19.76,2.513713
160.39,1378.5967
59.44,762.87164
119.117,197.72989
20.08,2.195862
19.83,160.20363
128.326,948.25867
11.134,5.9133463
230.08,328.31012
90.137,0.6472369
0.187,5.782475
10.866,16.075275
29.926999999999996,134.04814
20.823,87.13635
1190.08,515.29065
5.397,39.88354
0.41999999999999993,88.80304
128.496,111.43744
19.61,259.9262
80.18,339.22226
79.017,46.96655
249.356,306.82727
681.207,293.66837
0.47,0.038599994
289.437,879.25543
140.973,966.08545
20.107,2.4777944
0.0,1.1360162
40.14,503.38794
40.593,27.249954
201.647,792.39374
39.74,27.850006
19.464,43.78794
29.970000000000002,47.87674
18.593,314.90482
20.6,167.50438
59.627,2.3877234
28.947000000000003,204.0461
0.11,1.267063
20.144,208.06654
9.667,64.45338
0.04699999999999999,47.28826
131.0,166.58047
10.32,9.397351
920.01,176.34393
620.44,538.8682
97.617,212.39575
49.697,46.45341
170.014,937.1658
50.44700000000001,145.56934
30.777,189.35129
100.473,338.15033
49.734,37.01047
10.416,129.40381
168.82,44.22997
619.737,3739.2295
469.73699999999997,427.51495
0.077,0.4906005
40.65,202.76956
10.25,4.603789
0.283,128.34468
20.123,0.035164874
18.387,0.334548
49.323,543.05524
19.767,209.58408
21.417,70.66418
340.7,405.71085
117.63299999999998,314.76224
9.916,0.10856742
9.95,571.7269
9.933,2.818782
170.49,229.0563
9.797,316.18732
60.697,232.9427
0.9699999999999999,8.348161
2551.33,323.99988
149.813,59.47851
6.349999999999999,405.13098
20.44,128.20459
17.987,250.19128
13.576,0.30486658
170.843,582.9043
349.823,209.3062
150.457,911.1004
490.177,252.13387
38.993,1.5011269
262.33,881.17053
10.043,185.2039
0.627,7.630249
146.81,300.83548
361.13,45.650272
0.4729999999999999,96.79571
31.117,276.80194
8.233,0.86926365
9.357,16.075275
109.773,271.93237
50.129999999999995,140.76955
238.64,94.511375
50.09,171.0886
19.437,0.70720047
0.203,7.85975
18.433,165.26222
0.14,0.744769
130.444,1388.3075
8.99,0.21730717
23.5,32.194626
20.704,62.22817
1.0,0.19122256
20.137,711.9983
279.8,419.08795
1.437,50.53782
11.533,256.3199
31.016999999999996,100.43767
20.523,42.959652
10.064,20.346912
0.207,13.379904
769.923,453.37952
510.373,203.12392
25.900000000000002,228.89995
29.75,328.11743
249.18300000000002,618.2798
40.22,45.60576
20.027,844.447
360.277,188.0119
19.883,6.5560575
120.366,422.2941
11.13,23.43403
21.54,123.85097
9.607,224.65398
480.02299999999997,641.3648
299.627,819.7871
20.257,256.3379
29.043,163.78575
0.723,69.31053
66.516,324.98093
90.087,216.7612
40.36,213.31995
350.85,221.16855
9.234,88.16817
59.86,778.443
105.146,348.55643
10.54,0.30486658
10.15,22.138117
57.940000000000005,88.341034
79.97,247.95517
12.876999999999999,65.38125
11.147,78.45995
230.04700000000003,333.06863
304.484,323.95493
89.537,824.77936
960.817,307.03082
59.81,71.925575
20.82,206.80965
11.263,217.51018
570.307,16.201714
0.063,65.48753
39.704,15.461982
0.0,65.16916
188.04700000000003,943.71936
260.993,223.96628
120.083,195.89288
19.243,248.79904
10.093,127.28574
7170.943,654.6092
9.157,179.15143
20.28,4.177425
142.237,219.29343
10.656,35.715206
79.427,82.64308
249.33300000000003,830.8529
49.995999999999995,209.38919
10.137,100.587875
35.573,136.39601
150.7,461.20255
640.107,226.24371
109.744,219.99307
211.003,106.42054
8.78,22.794918
0.016,702.9832
0.20400000000000001,79.99334
0.03,4.2380395
8.16,319.20236
10.59,42.187416
40.054,87.68115
19.496,11.04626
9.96,26.298498
130.573,2625.4895
9.513,132.6563
29.512999999999998,200.6546
19.93,807.8732
19.774,214.92648
91.174,404.75787
19.94,247.60136
0.064,54.79615
56.023,253.58737
7.177,220.92418
10.05,165.79002
19.527,490.65775
50.06000000000001,202.39427
30.097,4.1196637
9.46,84.03392
9.08,0.466398
29.42,350.6017
39.716,129.22585
49.839999999999996,951.4162
19.787,98.15278
27.733000000000004,102.529076
780.487,284.30783
9.343,659.4231
24.647,1.3417642
29.79,0.54142195
0.237,365.14127
9.82,0.93841624
20.22,3.6797998
19.33,2.8372555
248.817,802.2491
20.467,4.5507216
10.407,3.0232477
99.48999999999998,238.95592
5615.716,1260.0082
31.883000000000003,78.04683
160.057,7.2938495
0.156,6.4998126
10.41,41.924522
169.087,243.17793
51.196,226.93213
39.96,6.4166045
5320.29,148.02072
750.1470000000002,1161.938
31.41,184.76303
1.047,13.158807
41.0,659.4655
898.54,1160.0958
39.92,30.078005
119.94,339.10858
19.797,162.90598
0.10599999999999998,133.4038
69.823,209.43939
20.89,214.89171
30.082999999999995,92.85863
41.647,63.2913
10.013,188.76308
2698.853,204.91064
191.02,1140.3127
0.9240000000000002,0.111428976
1.407,100.2465
19.573,51.374252
0.283,0.97274745
9.866,79.27806
339.474,27.572268
109.667,814.77637
18.983,470.2029
19.42,124.90626
9.916,1.8557148
89.84,1115.0608
2353.223,1565.9719
19.08,219.3133
9.323,9.943372
51.129999999999995,249.62947
40.093,216.54874
80.506,46.987923
19.38,1.3818436
39.997,1908.0035
37.864,464.00092
20.144,133.77283
8629.443,2243.8254
10.09,5.202768
20.96,181.92049
179.92,411.0283
10.41,12.68943
39.39,0.15149674
0.063,62.25316
0.627,25.586678
90.976,2.4190607
43.524,420.59537
12.32,161.62262
0.673,0.40579396
109.01600000000002,131.31062
18.83,257.5825
20.157,54.89132
194.673,636.00574
124.78,566.2799
0.674,124.7808
9.143,65.540726
9.32,14.256154
340.007,25.52581
189.757,115.275024
0.8899999999999999,79.809494
59.576,3.742572
79.886,183.49709
9.643,20.674791
20.94,175.04263
10.924,18.906326
0.43700000000000006,0.05348798
360.624,219.42949
29.49,175.61432
30.02,7.4033737
19.88,0.24887112
69.79,2.9457483
40.657,358.40192
0.156,0.4322841
190.86699999999996,282.92227
71.09,326.21396
71.043,476.3236
48.983,0.11725483
19.88,3.0851831
59.98,224.8659
71.967,196.40138
20.146,79.08019
199.51,116.37089
19.93,8.071132
9.673,332.59467
401.10999999999996,1045.027
5.760000000000001,109.81495
6.593,0.42232794
258.65,1191.0569
49.14,702.8225
37.95,213.63097
20.604,0.092784315
768.1030000000001,1269.597
2011.966,2512.4958
146.55,531.5493
9.163,88.24398
141.333,722.85223
19.1,345.50107
0.017,3.3807976
9.727,12.275338
510.14,290.80188
10.023,0.06452293
19.404,3.9267247
10.053,62.8689
29.437,184.53441
95.154,156.00658
30.176,101.87786
548.26,509.1655
9.393,1.0851654
0.9539999999999998,214.45341
29.63,0.10940346
90.96,10.261461
20.077,28.268879
14.477,69.08558
11.936,305.6737
19.926,206.79303
68.957,103.00677
183.613,1268.6829
19.606,0.05348798
433.773,183.89177
18.76,216.8719
29.613999999999997,330.71844
0.11,121.36986
20.224,170.13191
19.633,0.84694076
6.347,5.6214156
1209.873,205.17967
39.554,192.4329
20.163,0.87278736
1.173,329.72256
9.997,107.95161
30.247000000000003,187.14519
1.2,97.93441
10.2,6.2087545
2308.866,259.77585
19.17,0.23043573
8.644,109.985466
8.49,179.98158
9.37,205.62814
180.273,229.78552
0.0,218.28505
48.08,97.289764
20.637,0.16430186
2.327,215.03168
0.09399999999999999,5.312631
2163.447,182.5251
3449.9670000000006,1684.107
20.887,217.7555
10.976,189.46652
19.644,0.032035574
7.683,64.27556
90.49,171.94922
20.603,127.86692
39.45,165.2842
369.56,198.46931
20.347,79.259674
20.043,157.50743
29.869999999999997,0.74053365
90.91600000000001,164.18361
41.437,347.0463
9.803,74.64131
159.197,441.72488
884.477,3617.6514
285.437,191.7514
9.473,0.10856742
18.213,23.888203
30.102999999999998,5.803583
0.05,154.67477
20.14,119.6965
37.017,415.10355
39.706,6.4422493
50.08,2.5679271
39.643,224.04494
20.013,10.537172
8.573,0.9527567
59.843,5.344974
79.533,141.78714
0.157,213.92128
989.9029999999999,324.75784
204.597,65.98408
19.55,723.8288
9.996,21.55937
49.67699999999999,373.94843
8.443,196.87134
0.04699999999999999,84.36334
10.427,158.59386
51.10999999999999,179.77098
9.957,17.54793
374.717,488.48877
19.673,191.08836
200.043,121.40636
11.747,3.6236107
18.82,8.981132
900.4,365.9059
8.95,165.32489
18.433,0.42181277
40.103,139.88423
78.616,306.75275
19.783,24.237057
30.72,153.25436
9.697,1.7487186
19.827,5.948433
8.9,0.16817538
29.197,61.91025
6.96,4.721617
18.877,0.12573294
9.44,913.5296
9.73,1.1124804
6410.693,245.34581
30.003000000000004,13.932607
750.263,1643.0066
100.254,8.568345
20.23,113.4339
18.68,4.039276
189.59,215.15466
40.373,361.17377
361.633,361.36572
39.973,69.46095
59.306999999999995,0.9425061
18.446,314.76257
10.233,0.32766584
0.016,44.367226
9.087,92.19041
570.056,1.3352644
439.76,383.58792
18.236,285.68845
3.017,128.81702
30.107,82.84292
5.965999999999999,215.89638
39.39,104.74084
9.38,165.841
10.707,0.6029046
9.894,0.6913489
11.353000000000002,0.5528418
9.373,423.93326
210.22,840.99994
29.833,3.9188957
0.737,27.809011
410.977,261.97632
539.18,709.41974
31.064,1.7289793
1.033,128.34468
138.05,299.83948
0.25,223.13437
18.983,3.405028
99.95999999999998,146.2163
0.017,2.2329173
22.093,167.5301
761.064,135.15791
140.13,225.6643
1789.83,171.1793
10.02,2.4786785
0.23300000000000004,7.6887345
0.09699999999999999,261.70682
0.11,238.95592
52.304,41.980766
178.783,727.0948
29.93,238.9583
41.093,314.55316
0.43700000000000006,0.17281725
0.08,1.4259704
0.893,46.96655
29.186,161.33029
0.173,11.45118
99.94299999999998,161.01779
8.8,94.269745
3110.3930000000005,1211.0785
0.187,193.69716
0.28,404.28928
109.203,92.97474
79.34,180.63925
9.82,871.3031
30.61,167.32964
281.34,230.08951
1434.247,815.24945
61.253,88.89015
7.783,105.27642
0.18999999999999997,0.5892531
0.37999999999999995,96.0851
11.407,214.34166
49.823,225.72205
10.204,256.20395
130.0,92.11456
30.087,68.7129
0.297,47.341583
10.263,3.559661
11.007,62.8689
50.936,9.684616
329.677,548.85333
11.057,384.97723
939.82,267.99673
49.597,314.1918
5.123,62.507706
56.849999999999994,932.7191
18.417,80.84227
8.023,124.7808
9.687,165.81767
60.68,80.04111
9.817,43.906548
19.854,725.6124
30.34,784.8268
109.14,130.76674
1.03,168.43091
390.55,254.06886
30.374,10.793189
11.284,53.60056
19.727,122.36251
88.77,182.0574
62.71,169.75179
9.986,112.131805
10.08,103.04657
3629.2099999999996,1911.124
21.25,33.866295
1300.267,478.49222
1110.37,963.17975
208.026,274.59338
130.036,501.0381
0.10599999999999998,3.6659822
63.363,81.94673
20.2,137.19876
19.417,1047.9912
9.286,1.50646
139.693,42.90756
30.337000000000003,17.148859
10.657,456.96515
9.713,505.95377
10.39,222.6194
89.99,17.462446
39.023,255.20692
31.333,306.9675
28.256999999999998,1.9818386
0.11,0.19575618
10.497,0.4932403
10.48,19.290482
0.187,214.01808
59.923,338.93216
21.35,26.419163
20.487,150.39507
10.776,631.34973
1220.28,360.84955
290.113,83.56214
59.314,249.6346
7.997,160.0144
0.09399999999999999,1.1146203
19.503,27.50376
8.94,1.1196744
456.82,562.88776
0.123,3.1793253
0.174,2.3947792
459.09000000000003,377.27277
30.144,248.65688
49.26,216.99796
80.517,0.6084142
20.517,34.480415
10.03,216.66988
29.806,126.45558
19.58,42.170013
69.573,0.3459404
20.286,45.86898
10.713,218.23206
11.264,62.677418
17.92,123.99937
78.617,933.6156
39.923,384.7319
449.87,158.75401
19.876,3.275046
11.107,381.02386
9.45,457.30408
19.83,61.08215
40.543,73.35021
80.507,4.873558
9.99,0.61369324
20.82,0.61388814
19.25,0.89960456
19.73,0.0377109
69.944,118.210945
10.626,0.17422831
18.096,201.28677
82.25,133.38858
240.626,265.44757
0.45299999999999996,24.995514
471.43,400.82504
69.97,165.00517
80.147,19.966394
9.536,46.54093
9.957,69.13493
30.836,5.635016
0.877,119.10024
28.317,343.0474
20.153,98.884346
0.377,0.14286537
749.987,2811.1309
1263.647,876.11896
3078.016,1016.6237
368.567,343.55322
11039.856,864.1554
220.823,299.84174
9.936,31.62054
10.483,261.09006
20.147,14.560116
79.756,305.06647
59.117,204.7037
431.00299999999993,172.85612
9.89,95.78357
650.82,149.42119
1.077,2.3947792
69.237,52.320473
6804.443,296.6412
31.677,180.50726
19.94,134.14287
59.386,250.8467
9.596,168.43091
20.02,3.4262938
0.36000000000000004,89.521965
9.136,641.8334
79.21,5.389073
250.823,1048.377
29.796,11.755732
180.723,233.09846
40.057,1222.6036
7270.080000000001,368.85492
509.99000000000007,257.57712
9.443,111.52525
0.046000000000000006,214.68326
50.36300000000001,272.5845
49.885999999999996,42.2157
7.776000000000001,94.37844
49.406,86.48198
294.674,310.10968
100.06999999999998,733.2366
1022.974,175.78519
0.7200000000000001,241.12256
10.9,121.38067
18.82,27.415966
10.62,18.442955
119.923,1.6927989
20.967,225.77492
31.14,107.11729
49.257,5.265645
0.157,148.07492
9.616,182.18127
290.023,347.0754
0.0,217.37993
8.73,0.13957508
9.29,12.367378
293.086,776.97565
59.816,9.349366
18.993,103.93115
0.596,0.17422831
2.443,40.588135
310.207,29.014122
31.09,156.60608
19.977,2.2857206
530.003,313.2358
29.587,2.0441787
20.427,150.87605
2698.433,183.57884
9.89,188.11896
0.08,58.020554
21.954,74.018875
19.91,130.68517
160.286,189.75577
29.443,272.9901
0.423,663.53326
1360.947,902.2131
10.47,0.2578872
9.703,51.89463
9.994,97.4331
8.87,6.3184996
19.94,9.586305
0.597,26.736162
0.034,53.630894
10.293,39.50902
2.646,176.05751
120.8,245.12314
11.759999999999998,1030.3756
0.39300000000000007,0.1301519
19.033,174.7056
0.296,38.838634
869.193,40.430878
40.124,119.86023
30.094,7.38979
29.733,263.1957
578.967,327.92224
11.477,36.78103
35.05,1682.8892
340.253,243.53212
197.97300000000004,334.42038
0.47,1.4122276
1855.573,779.84875
301.28,237.12778
