actual,predicted
99.21,431.4223
0.31,54.522236
0.236,35.261677
0.127,166.81104
9.63,41.946087
8.986,57.975376
59.507,342.67
10.12,524.44995
41.0,87.37181
0.283,49.114616
8.353,49.351532
8.787,150.95119
269.803,231.30363
698.804,1044.8064
9.463,44.514076
429.784,386.22415
0.363,32.956604
10.373,80.93986
0.063,38.358513
0.14,103.62834
799.88,210.54099
690.024,1903.1536
279.803,438.31052
29.617,110.67096
80.87,350.85986
39.813,149.12604
19.873,389.74652
164.176,790.6028
39.923,654.79767
420.247,337.2257
10.217,32.31527
9.133,36.66182
79.99,258.2821
50.033,219.94897
40.86,301.72546
90.03299999999999,135.7144
9.467,95.97737
20.567,34.116512
80.073,231.4575
9.883,169.47867
10.286,11.247713
20.014,154.90634
10.67,351.0986
39.867,519.6792
10.236,23.682858
260.276,610.4314
9.906,40.075993
18.977,283.9357
0.063,426.92007
0.297,21.795383
69.947,531.7729
9.96,88.57048
30.014,591.6246
9.717,298.8066
8.344,216.6704
10.03,97.798935
419.92,988.0641
20.447,31.606895
159.197,327.11935
206.994,503.93668
0.034,35.701443
0.127,41.058784
70.92,228.64375
0.23699999999999996,48.13538
80.02,792.76105
150.02,412.96054
30.09,27.88283
29.807,968.9499
19.902999999999995,72.675804
49.917,583.1802
9.53,270.95615
8.64,47.56656
9.987,391.10892
30.74,17.032457
10.093,315.0901
0.39,323.8369
23.67,384.37805
9.909999999999998,102.84341
1050.207,553.4597
0.203,46.922443
110.117,71.02482
89.044,134.91801
3.593,80.216934
9.756,15.652637
539.83,176.30333
0.017,117.29589
1.44,15.090123
8.98,14.39122
49.67,170.9222
9.404,57.52295
8.823,38.906025
10.653,72.63722
10.81,68.722664
0.187,4.0590525
10.883,470.02576
21.064000000000004,421.73242
0.296,19.4853
98.973,155.35457
0.906,68.92219
8.273,30.721159
18.173,106.703575
127.173,107.61629
12.45,22.880764
0.157,243.8183
20.21,266.67184
279.997,167.92912
29.752999999999997,23.266254
1.533,38.08884
60.887,2.3111675
0.093,44.55224
60.017,400.48193
0.38,148.38388
40.876999999999995,120.33123
0.843,30.710314
0.187,16.154623
28.18,428.06534
20.927,265.70178
9.377,55.92241
120.87,102.55548
179.587,144.78075
3.11,761.96716
1.8169999999999997,53.93499
11.546,38.066204
8.997,76.56259
230.117,257.5933
469.783,1931.7236
489.943,227.01562
8.29,37.99432
59.053,575.4441
179.12300000000002,140.66066
0.04699999999999999,112.03086
9.29,141.60088
70.193,357.20715
1.55,72.63722
20.127,201.5475
13611.627,2678.884
0.046,9.174644
9.84,39.10125
33.897,484.48114
59.55,183.55257
0.04699999999999999,44.02128
17.773,13.66044
21.257,317.2403
0.42,43.93206
0.487,159.7295
0.033,44.594227
19.85,259.81412
29.386,155.1565
2047.244,1207.7255
0.04699999999999999,34.37244
21.2,198.67088
1.047,155.46347
9.18,48.088535
29.509999999999998,8.572737
149.43,66.33382
0.204,46.349297
11.734,58.29695
110.503,204.57361
300.11,153.76869
0.06,25.958311
0.147,63.521545
327.99,369.6735
20.007,49.890938
49.67,347.80804
20.323,1.5420141
160.09,351.1676
955.786,1025.4843
20.597,361.35
0.42,52.773037
0.313,15.496693
0.297,34.40636
71.487,493.67883
2450.203,352.92084
29.484,447.6824
340.103,135.83826
11.43,13.942221
17.047,68.1627
0.156,57.433468
9.97,69.42016
0.077,14.157092
19.67,762.81665
0.55,77.061325
19.054,441.0423
11.6,167.36183
0.267,39.68612
19.906,553.07275
289.867,454.7955
8.13,22.049696
20.127,47.4702
18.427,117.66791
10.177,14.286594
0.377,12.852097
15.7,150.78581
10.416999999999998,251.58244
9.76,326.84738
10.58,1097.5853
28.682999999999996,227.39357
39.47,138.52719
0.44,321.75894
30.092999999999996,187.88011
18.643,202.915
8.984,407.6182
1.0,67.66176
0.11,36.856445
0.7670000000000001,79.01903
0.25,39.2324
261.32,271.24786
9.982999999999999,23.364815
28.554,202.48984
9.87,104.36593
0.127,437.22305
19.33,69.86768
31.453,125.03309
9.987,113.32709
0.187,15.857663
9.65,43.761593
19.874,72.445114
310.97,274.24524
9.357,55.340652
113.947,287.8797
10.677,18.419199
1.263,3.9279218
10.483,9.679621
9.02,73.11534
0.077,103.18522
49.19,168.72215
0.076,57.661556
17.684,42.534748
0.017,74.36314
9.6,294.64383
0.046,108.86147
0.75,209.44252
49.923,138.77531
109.433,144.65167
7.943,43.5417
8733.84,4027.249
0.627,4.0530534
9.897,226.71524
140.413,385.59546
250.953,718.1658
1.3000000000000003,110.26635
8.92,13.314084
10.166,18.18664
10.106,106.98842
10.093,393.50626
52.0,32.135532
19.46,1763.8276
9.547,72.76012
1.64,25.821795
0.123,13.829398
0.954,131.68805
540.873,323.41577
59.517,292.819
408.91599999999994,1408.9752
1.13,44.24805
228.017,1803.5029
0.064,180.35115
19.890000000000004,10.457553
71.097,300.84863
0.326,4.1187377
19.85,328.2548
21.453,285.5088
30.73,390.69452
20.043,476.69186
9.657,94.25457
55.053,207.58266
50.034,120.25222
0.013,25.872005
0.03,47.07358
339.916,542.6197
0.033,108.91764
0.11,62.306858
530.017,1784.2158
9.909999999999998,178.16711
75.74,175.35583
0.063,81.97401
20.573,482.20944
10.33,80.12257
8.947,4.0368996
9.537,61.718987
10.377,44.086285
19.99,59.4616
0.17,66.23348
30.65,445.92114
19.84,491.0437
0.703,186.29852
19.907,491.31772
79.99,138.4301
0.58,3.985668
0.827,80.353386
279.894,324.181
0.15299999999999997,37.78723
240.496,166.14336
0.093,41.57806
9.35,20.756414
50.737,231.73997
0.22,15.483769
500.203,2254.4443
109.853,161.87354
11.560000000000002,212.09601
100.28,431.41898
19.965999999999998,47.79159
19.113,34.643627
1.08,53.69732
10.52,45.114853
30.417,139.03046
0.454,61.034386
39.694,242.76633
39.776,95.956474
9.61,45.470688
10.067,151.73737
30.697,37.14921
0.97,39.616425
0.657,80.78884
10.396,35.346325
209.274,167.63426
9.787,1407.7218
10.003,159.43701
30.223,96.91391
49.037,452.63596
121.044,259.68423
10.807,40.496323
1619.97,247.97766
1.424,48.088535
0.11,183.25539
19.93,745.777
19.652999999999995,54.326904
39.83,226.22964
30.363,60.2467
215.037,50.935062
10.63,114.24407
30.41,43.289257
21.003,14.225996
8.807,85.03429
0.123,76.9549
0.123,150.15604
9.187,547.07794
5207.563,1080.525
219.587,56.772236
10.99,139.67152
30.74,169.70255
40.04,18.534294
90.854,208.69708
250.464,302.9556
10.243,75.75457
149.347,719.4187
9.066,58.87161
10.163,5.26526
40.014,174.94911
19.846,21.929136
9.88,113.82722
4.483,31.987188
8.007,43.79282
190.033,174.28067
10.136,146.18166
0.89,61.67593
0.5,55.13929
9.767,34.142395
230.173,214.58344
8.99,15.013358
0.11,38.316097
0.42,71.070496
0.69,68.3892
19.8,62.110092
18.747,40.352055
149.943,87.79068
8.494,164.46706
349.72,226.15776
59.716,271.80252
1789.423,375.77524
109.864,349.77167
30.413000000000004,129.2877
8.807,150.44456
40.253,375.6127
19.167,582.72577
30.123,110.71079
0.814,53.888325
0.483,39.64602
10.034,67.0269
0.9530000000000001,32.04686
0.327,42.719463
620.553,109.3771
50.58,61.43782
12.715999999999998,151.28473
20.38,40.3322
509.82,419.73996
1183.517,199.44597
10.004000000000001,59.51005
3501.103,655.22406
10.227,218.53537
98.836,479.28986
40.19700000000001,1382.0944
60.087,182.3814
60.183,98.3305
0.313,47.952194
0.78,56.721733
60.393,123.5968
89.627,149.61356
7.394,80.216934
8.733,165.46223
0.046,24.490963
1.927,112.39474
10.194,486.8845
50.446,97.6792
10.613,45.58815
14588.937,395.89087
20.643,128.66719
8.64,40.69815
16.267,62.964817
10.064,68.58909
19.83,523.7608
0.797,46.825226
8.943,16.154623
70.483,20.606354
10.104,43.265686
20.217,506.2435
219.84999999999997,259.93372
263.42,525.9477
0.046,146.58945
0.123,213.97495
870.0740000000001,850.10596
19.993,276.1408
11.08,29.747189
20.283,43.721443
0.753,15.561018
49.917,185.29675
71.436,212.49902
8.72,44.498856
40.303,341.39807
40.533,54.614056
30.05,164.99287
0.0,315.0901
9.993,138.4003
69.667,83.47514
0.83,18.578222
9.05,161.06364
29.063,1267.0541
70.153,175.33708
39.786,1743.4915
20.4,21.13613
0.063,41.615772
9.463,32.72648
19.777,62.15738
9.516,60.73746
19.947,1168.2744
0.173,12.707831
39.47299999999999,77.81804
360.393,113.585754
30.46,128.84488
10.813,410.2724
90.487,102.87309
20.053,72.58343
0.173,44.761963
1.33,0.1298252
0.09,455.5338
9.384,34.178055
1.64,137.19157
0.656,45.638
0.69,41.21429
1.33,14.20864
0.707,17.432705
9.570000000000002,26.226215
0.606,368.9698
9.977,19.16601
10.150000000000002,17.80544
39.423,146.21683
37.816,64.47201
69.643,46.684746
0.33,134.49594
39.87,497.85202
19.764,3.5105145
1.5370000000000001,44.62862
9.283,1203.1255
249.997,243.14993
11.02,111.5375
10.273,19.24955
3.204,45.78471
89.94,473.37875
9.69,169.84477
9.92,16.443386
30.15,378.46802
9.659999999999998,223.96468
270.796,259.74564
19.853,135.63557
19.85,523.8332
0.11,176.059
65.957,931.4438
9.864,108.834915
0.14,75.59232
0.14,69.905014
29.887,531.07654
10.730000000000002,39.923725
9.326,44.501003
10.980000000000002,106.60972
20.433,126.31653
19.537,255.46568
60.307,158.75777
0.17,15.990545
0.296,31.72871
28.753000000000004,47.28156
747.76,1847.9514
19.374,1363.5968
19.837,41.459164
60.1,418.50485
9.693,44.138226
49.683,509.4501
70.074,189.09245
9.727,76.82805
8.016,33.678352
100.026,314.43756
40.173,180.95859
499.21,75.15823
489.686,135.46227
0.234,76.462395
489.577,398.91492
20.976,397.5669
9.79,75.81818
0.14,39.695972
19.833,15.574488
620.1270000000001,1736.1718
9.766,25.868658
10.746999999999998,15.704969
29.913000000000004,97.11377
80.637,23.318233
1.017,16.248676
19.78,205.03384
19.927,41.2683
9.833,395.58505
51.07,226.5844
59.79,1042.0077
10.42,42.009857
0.47,37.34045
21.033,489.51154
0.11,109.23773
7.837,40.22739
19.55,178.48442
8.566,13.361905
18.96,275.0265
357.067,405.82727
8.41,36.433887
184.393,515.9442
31.29,204.21243
10.833,59.758434
90.44,243.04063
1.3130000000000002,36.301216
40.57,159.11166
580.144,174.5874
0.11,218.99255
20.023,256.09204
0.093,10.513566
592.35,383.54636
20.85,40.351135
0.077,57.46817
10.58,13.799971
0.56,22.872118
48.919999999999995,67.25162
222.607,227.0759
290.163,389.61823
72.713,525.75323
39.713,1113.2336
7.847,54.49929
0.05000000000000001,43.64588
920.593,309.36935
20.347,263.64688
0.013,144.82204
9.197,5.1999493
26.15,414.27026
10.073,834.4408
0.236,17.013779
29.694,157.39938
50.34,115.58286
29.946999999999996,776.4199
9.697,85.68296
19.753,37.629017
0.973,154.71417
11.0,29.31722
9.797,35.85282
5381.093,4822.846
9.39,188.12558
0.253,33.042156
38.84,38.064793
8.876,82.47132
59.897,690.29224
0.016,9.784237
48.833,52.890667
30.527,128.04454
9.843999999999998,60.856445
79.95000000000002,89.13574
9.69,44.061516
587.853,310.925
9.647,102.89619
50.2,326.03784
509.2830000000001,397.19888
0.593,171.70091
19.796,97.39008
29.026,131.60054
0.407,16.674105
10.97,50.32065
8.787,24.136093
439.95,1079.6229
9.8,11.345113
90.064,100.43389
0.33,42.809277
0.25,205.03384
6.933,51.063282
9.9,21.398516
9.867,227.42824
9.329999999999998,14.326331
68.937,236.9053
0.04699999999999999,146.72585
8.757,214.67938
0.093,13.326812
0.373,92.25899
170.773,245.83453
9.457,233.71486
9.803,43.983513
12.187,15.079022
10.626,20.235563
239.957,249.8448
1413.69,2961.4885
20.203,18.19814
170.947,324.37286
9.72,57.7699
0.567,41.449177
361.34,875.2207
19.816,29.16272
8.113,14.980442
9.163,16.81529
2310.84,1131.3315
18.977,44.310505
8.4,87.42391
669.17,898.70856
260.263,199.95853
5.54,268.7194
540.1,1163.899
0.0,65.77501
129.623,214.98254
10.087,473.07315
19.67,431.21844
0.377,38.263306
39.813,484.4469
30.1,259.66653
19.79,307.8628
0.344,18.474192
0.407,13.837582
0.39,43.361973
30.77,412.4612
3.5,18.16558
9.28,141.33713
25.72,149.81372
10.316,16.102407
49.097,17.6566
39.737,50.785435
9.85,127.07462
419.226,376.69177
50.857,218.527
41.053,80.01848
0.83,110.991684
9.064,327.79138
20.03,71.996574
0.924,190.0964
10.01,418.7593
316.283,321.5253
39.86300000000001,432.89346
20.726,105.640854
179.737,1165.6902
9.367,13.187609
2940.59,1698.4626
39.156,14.257502
0.06,13.901027
80.167,678.4868
9.92,37.504055
0.017,286.6821
0.22,19.249678
111.87300000000002,539.63477
195.174,200.12645
49.89,19.06435
10.067,81.90235
0.03,22.934208
1495.366,1816.027
18.376000000000005,92.77322
18.813000000000002,29.641224
0.987,30.971153
9.02,190.22531
10.437,350.54678
19.24,130.77351
20.229999999999997,53.58591
92.14,254.93092
21.096,256.1034
99.847,167.80382
19.517,32.13702
2640.0770000000007,1625.4152
122.193,40.134777
9.63,70.735214
218.083,1077.9677
70.477,42.222214
32.23,190.42722
0.593,68.28505
0.45600000000000007,66.79462
19.363,293.92392
9.997000000000002,146.72585
18.733,137.17384
20.02,40.483543
19.979999999999997,40.731907
0.013,13.850394
0.157,71.36626
7311.732999999999,2574.122
17.226,24.50755
0.04699999999999999,16.47987
0.593,38.286667
30.707,206.97377
130.22,427.1557
9.914,120.64827
0.987,39.79886
19.627,1174.233
519.78,226.82935
136.763,160.15388
189.877,361.1153
30.317,39.21917
9.597,99.50815
0.563,21.543713
10.274,194.58601
258.993,186.24757
40.314,30.927303
202.18700000000004,1071.0707
109.867,172.56215
89.653,146.03133
24.333,38.742466
0.42300000000000004,405.34436
60.033,1090.0985
0.15999999999999998,43.67408
0.157,12.927092
10.03,112.292984
40.086,84.50241
8.886,41.36955
8.953,44.851883
18.3,135.27423
20.093,104.77653
29.067,157.94658
40.033,975.1159
20.017,305.24982
10.147,200.84763
8.65,208.8276
9.64,4.0148683
19.12,311.0594
362.46999999999997,532.1609
0.28,39.365868
649.093,509.6015
100.28,192.46588
50.894,102.58288
9.81,33.282455
19.833,129.15195
41.126999999999995,18.325403
0.11,35.820267
260.36,411.78925
0.4739999999999999,79.49233
39.34,1748.2511
10.024,17.318867
10.483,186.76872
69.873,241.8402
9.87,415.3976
681.103,1516.7288
39.713,124.17896
0.013,2678.884
19.944,73.63606
0.107,37.13744
499.644,125.057465
9.653,9.27982
9.227,44.310505
0.61,35.075172
2.03,38.21135
8.574,173.45215
30.04,225.76976
10.123,81.381004
91.026,184.06067
0.327,39.2324
0.267,47.68368
58.813,94.03042
99.09300000000002,242.561
19.637,158.65479
49.92,170.54378
9.56,334.41727
389.013,682.26904
8.51,181.47777
10.89,34.84843
90.843,245.69019
29.57,91.210785
5.39,226.01598
30.24,1229.0717
129.933,2.876873
0.25,148.1884
8.736,27.125097
59.884,357.08475
9.047,31.357666
4.946,222.90608
29.384,134.54182
9.843999999999998,424.27557
4140.093,1611.8533
70.26,467.3772
0.283,22.006617
79.404,216.91245
0.046,135.95937
0.093,356.80994
0.093,57.07404
39.58,24.059689
40.23,662.5766
210.03,253.9842
49.23,345.71118
10.0,37.730495
270.757,293.82205
19.417,146.43791
18.890000000000004,72.35837
0.377,162.25024
1120.227,532.1299
629.2369999999999,98.48288
28.036,34.94718
0.203,94.55476
19.72,244.06187
369.883,179.3666
19.587,488.39984
1161.5699999999997,528.8482
44.813,35.491055
28.349999999999998,82.32339
20.806,97.65615
0.44,35.756573
40.29299999999999,129.70398
109.466,298.3361
59.769999999999996,70.98592
9.923,59.581017
140.733,574.60645
9.437,16.271189
558.783,111.03496
1.94,46.879395
29.97,423.53342
239.957,31.78572
0.39,45.809486
0.03,148.56046
0.23699999999999996,46.73727
0.253,63.78299
0.127,38.881844
0.077,95.508995
90.26,30.948584
160.104,118.94532
20.68,57.227005
19.356,1136.1426
50.85,122.01772
21.336,28.590708
20.117,101.42934
21.067,635.15656
9.52,22.27721
129.61,701.88544
129.853,521.8112
0.39,48.40549
10.183,46.068348
9.85,338.23926
30.28,943.3158
0.016,23.018034
10.593,67.27909
0.157,40.460796
320.04,20.805624
320.577,70.480034
29.963,291.92978
0.11,32.0305
19.347,13.149906
0.19,10.602862
829.89,564.6166
309.503,439.6452
18.586,25.77168
20.91,98.73166
9.553,46.496902
1.06,43.965176
0.283,40.075993
0.61,70.11285
0.28,562.9818
59.807,379.1644
880.323,1787.4825
59.66,408.49368
0.593,74.489655
0.28,104.45638
31.013,35.646297
9.057,562.9818
119.924,36.04083
291.703,137.77586
631.926,297.46542
0.03,35.64518
9.157,205.2427
10.227,220.62706
1.623,44.05451
19.733,262.75168
19.27,104.14063
0.016,36.38549
0.99,68.25795
19.88,168.0954
0.077,106.448296
39.923,151.87791
20.31,14.081468
20.033,120.883705
1079.223,240.51805
27.516000000000002,82.9217
9.75,183.98233
9.79,45.879395
100.53,20.754625
29.847,144.25949
9.004,14.693324
9.897,45.932384
149.404,985.72595
98.89699999999999,295.786
219.373,290.45828
0.534,4.9291735
10.483,44.036846
20.0,423.24164
109.987,926.41284
1.0,78.72653
0.5,106.703575
2051.126,1330.4781
0.03,44.501003
38.11,93.50967
8.707,29.641224
180.463,202.82858
30.587,31.022032
0.14,14.20864
320.63,376.13882
100.1,279.74527
9.923,66.92355
0.04699999999999999,193.53264
29.837,242.20892
9.933,1161.4105
9.683,187.57298
48.76,701.2245
29.887,340.1042
269.897,512.36237
839.553,290.65662
620.766,688.99884
19.407,15.168873
5.817,105.19836
8.883,47.75555
36.527,15.857663
6.843,24.265425
9.96,471.37567
9.637,66.020966
0.123,109.47345
209.046,161.14757
50.239999999999995,123.22676
30.914,183.17476
20.283,100.71953
30.403,126.74554
10.21,40.74621
340.277,442.1841
19.954,188.59132
48.464,427.10965
0.04699999999999999,180.70184
9.623,14.693324
540.07,283.61072
9.627,170.77675
20.996,127.07462
0.86,46.376392
209.827,509.59122
0.327,15.803773
1720.097,831.26917
8.907,27.323753
719.097,512.4342
9.697,220.55934
0.86,18.544977
0.72,14.364977
1739.0139999999997,337.40753
210.45,130.77309
21.01,139.20612
0.186,141.28116
19.733,114.202934
30.307,287.37903
0.643,33.695076
0.097,99.38968
750.12,2017.179
0.077,70.242516
751.1499999999999,761.14355
0.076,16.202213
40.7,76.5101
10.423999999999998,17.827679
0.594,27.669893
10.18,246.18901
71.13,78.6701
50.40599999999999,108.65128
7.993,33.3113
110.636,275.26904
786.994,2474.1191
9.666,17.596617
0.66,229.55006
20.94,36.25613
9.763999999999998,38.582592
10.013,14.1463
20.154000000000003,152.30743
0.234,76.72824
18.053,437.15875
29.46,158.25525
4992.347,341.59644
49.673,99.035164
9.97,37.787823
334.763,193.46808
19.606,324.05756
120.66,268.0208
551.327,743.6756
18.05,37.311523
10.894,44.6242
19.25,311.0428
39.144,100.991844
20.064,102.32304
50.704,291.03058
18.84,397.37134
2770.21,3804.4766
50.8,96.97328
0.8130000000000001,38.10416
10.764,39.47617
0.063,246.63626
22.226,89.26848
1.406,326.90094
50.19,1336.8964
9.903,109.676506
21.484,184.39615
0.47,145.00192
12.393,131.2595
231.127,384.93634
10.503,9.701804
24.617,56.47585
58.996,190.5632
8.453,82.05719
1419.49,248.26445
0.077,48.03688
11.573,71.103386
0.25,87.461174
9.887,134.51561
130.24,29.895012
78.99,71.21724
9.87,61.95327
109.85,617.4043
21.547,78.49687
175.043,112.74487
219.857,74.61247
19.3,25.821795
8.046,155.74158
0.657,17.07744
20.267,1450.7264
6.1,43.075577
0.857,43.194775
539.503,296.18472
0.09399999999999999,48.84715
1820.11,577.77814
30.02,145.16898
10.0,67.21331
0.426,39.62488
99.157,393.32858
19.857,105.82244
0.267,355.76596
39.376999999999995,55.06651
30.337,351.0624
10.16,91.90115
80.887,528.21356
9.937,14.240833
0.6399999999999999,48.882153
329.26,167.96608
139.917,98.931206
19.103,77.35574
15.15,730.04834
39.87,560.647
67.853,543.2748
9.867,103.60409
0.28,110.26635
139.63,359.6641
19.757,33.765766
1.627,42.105648
10.783,601.6925
20.889999999999997,51.09985
19.757,127.91407
0.077,69.644745
5.507,452.06497
8.59,116.279564
2414.21,160.66331
631.2670000000002,1949.188
9.02,68.28505
20.117,325.93906
0.11,34.142395
10.903,396.8083
150.266,2515.4893
10.2,164.41931
0.063,43.758083
20.457,75.90288
0.594,51.000828
20.050000000000004,423.53342
0.613,38.81143
9.973000000000003,41.327217
45.217,536.2668
31.323000000000004,21.305187
19.877,656.5436
30.2,138.3412
9.159999999999998,226.95583
10.846,13.574617
121.02,141.5341
29.983,98.206985
22.79,274.68073
21.203,170.8099
0.373,33.3113
0.817,165.23885
18.167,243.88715
10.926,32.977146
9.953,130.3246
10.157,43.727608
20.11,1364.4028
10.150000000000002,35.28021
20.893,69.16117
0.0,15.757455
10.573,46.021614
70.13,25.049725
39.647,167.08499
39.2,34.114613
173.794,278.09756
7.597,42.437878
144.793,495.72507
101.24,164.91823
9.216,10.692906
0.077,41.303135
10.562999999999999,46.306217
390.16,208.79941
20.387,86.29106
19.313000000000002,163.4358
1086.8,2314.9175
9.329999999999998,22.274439
1509.763,1710.4104
9.753,23.356443
18.807,83.653366
20.04,148.43364
9.927,340.41428
170.21,204.83348
29.923,94.96951
29.033,124.40128
18.480000000000004,106.37286
19.784,62.759075
0.093,44.78177
11.003,75.9633
1.034,95.67337
581.307,2129.5403
0.013,43.683212
20.937,14.324052
30.023,316.8788
19.787,2122.3877
0.14,114.04944
19.437,59.581017
29.557,36.202545
29.497,52.778183
2668.407,401.7196
289.68000000000006,615.0312
18.813000000000002,40.498627
9.373,37.210495
9.58,22.881907
0.693,13.942221
118.743,611.73376
19.402999999999995,21.92584
26.003,489.01517
64.447,155.916
88.884,570.16504
97.11,462.3765
29.72,402.3956
18.78,84.33773
0.034,43.194775
0.093,15.96333
10.787,45.82218
0.127,44.78177
20.68,339.2594
0.204,181.2067
11.974,75.27822
0.504,584.5263
510.04,770.69586
29.946,361.37238
9.914,461.86624
630.233,949.6362
10.494,39.78083
3325.417,2158.1704
9.12,26.52481
20.147,487.91815
10.013,5.2135425
78.663,301.72546
8.75,56.70573
11296.84,3778.2043
39.423,471.4154
0.0,40.009163
20.587,1145.7731
10.337,191.20828
0.013,34.780052
19.87,692.49115
159.877,762.39575
29.097,109.82673
10.21,94.2001
225.643,552.9522
50.76,301.05002
17.77,16.326353
229.59,606.2458
58.497,261.65128
10.847,55.436085
20.254,168.99178
19.67,69.28096
10.887,32.600697
0.17,234.17043
9.07,56.5226
29.97,142.8327
8.774,141.57942
350.176,211.73509
110.224,137.73424
199.95699999999997,243.44359
177.404,85.07221
1645.67,608.85406
0.563,310.51892
2520.796,1028.3463
60.094,151.83559
9.644,86.15767
40.66,745.777
10.117,18.284382
1.24,4.9549656
30.314,128.82913
19.65,38.10231
1030.3,450.4511
29.66,92.97933
30.633,13.2070265
2.846,124.90778
19.97,342.18567
29.173,1408.6294
20.067,132.58698
19.494000000000003,11.959156
8.527,107.36831
0.127,70.57562
2279.633,507.91687
60.437,35.758038
19.223000000000003,1115.7981
10.733,21.586176
3262.97,1755.4288
20.284,90.727875
854.394,145.37018
18.843,37.104374
30.063,603.7365
0.577,40.075993
19.784,92.75226
0.5,14.844445
179.693,107.04352
0.25,17.335085
0.093,14.028377
351.233,453.82947
0.844,68.434105
18.03,146.20508
19.43,176.08583
0.403,44.20322
1119.25,1131.2566
19.833,17.013618
0.47,44.74342
9.564,67.419556
9.714,39.70003
462.18,919.5805
20.233,12.498268
20.152999999999995,132.13756
9.564,43.361973
14.136,44.623817
190.054,530.977
10.29,207.21469
38.876999999999995,250.93118
79.153,89.08637
17.317,204.11644
9.03,14.964149
20.277,33.560123
5.226000000000001,167.16353
10.239999999999998,15.429209
20.113,81.246666
15.487,140.74728
199.93,649.7172
14.756,416.0597
20.803,374.92404
19.74,53.09311
0.187,40.425232
9.547,164.86337
2.443,422.15292
0.513,30.971153
0.22,98.11078
129.744,820.5972
9.037,131.13373
9.93,13.730436
28.94,309.13788
88.687,367.40164
228.993,241.75177
99.773,99.16182
10.987,219.45395
0.127,59.581017
0.39,148.36713
39.927,213.97089
18.523,420.01706
859.914,291.70874
0.17,46.953316
10.314,366.47937
21.757,66.58846
19.47,334.02866
20.703,36.61933
46.907,25.42358
18.134,151.14462
245.887,2542.544
50.504000000000005,196.38684
9.713,129.47327
9.964,125.17161
29.752999999999997,238.11938
9.89,14.243686
20.344,64.52706
1580.606,370.57675
0.097,77.7892
19.596,39.03708
431.03599999999994,695.3545
120.917,316.30835
28.82,474.70776
20.04,249.65936
40.83,109.85477
9.28,57.543278
0.19,36.8406
30.56,37.541023
0.013,35.48264
10.487,44.285973
0.86,183.93358
9.78,85.667725
380.237,231.41888
100.97999999999999,283.7553
20.047,82.12598
189.43,742.8457
10.207,209.80269
10.28,4.007547
0.217,43.953995
0.313,176.1171
29.773,53.595993
319.913,605.3204
9.490000000000002,406.64206
279.22,82.83062
20.456,59.271057
20.653,143.40128
0.013,43.649525
0.75,323.8227
19.61,223.49709
1574.783,1437.6322
19.413,94.39997
28.94,144.23914
30.237,227.3731
8.907,95.06595
139.064,55.5235
3038.743,382.68924
8.57,13.835994
0.4739999999999999,67.53376
9.989999999999998,18.434303
0.03,27.669893
7.987000000000001,232.09294
0.017,42.354538
39.983,246.56339
0.093,45.95066
40.10000000000001,140.01695
19.906,400.4088
10.353,8.926034
0.07999999999999999,48.894955
3.783,36.181488
10.887,13.365016
20.823,177.1133
1.533,98.05587
0.563,140.823
419.94,216.77922
39.756,516.8805
18.826,46.880642
9.707,57.36367
1.42,99.79157
240.46,174.20055
40.65,665.6488
20.177,197.4121
19.634,52.264763
397.63,290.9455
598.937,1814.2767
20.607,278.97098
18.203,116.74045
480.297,2464.0696
10.087,14.811744
7.833999999999999,809.0169
0.14,11.489972
59.956,297.09225
19.913,409.24918
3.547,50.687405
20.397,40.324806
10.317,32.69614
11.49,502.42892
10.717,109.687195
19.85,168.23543
19.823,143.18825
0.5,232.06453
20.603,220.21272
10.899999999999999,45.66111
0.123,52.678387
20.49,281.6223
11.037,70.79619
0.04699999999999999,182.54816
10719.027000000002,4467.1714
30.007,122.97631
69.037,663.6149
0.04699999999999999,181.12386
621.223,667.3459
9.58,40.531963
9.283,21.896221
6.77,17.498098
200.62699999999998,141.93286
19.11,317.34665
19.033,69.63206
0.736,94.76376
37.72,224.12157
9.523,13.825167
1.143,309.29724
10.423,30.466932
18.516,40.671406
3.4629999999999996,335.10886
9.953,371.51855
31.043,310.7304
18.313000000000002,315.20837
340.727,360.2408
110.2,187.091
21.674,15.065977
18.557,144.9165
0.173,47.967297
164.40000000000003,386.6037
0.046,13.724649
69.85,149.23209
89.003,498.04007
275.794,1197.4135
0.53,47.07358
331.33,300.73172
1.03,54.050156
189.65,636.78656
19.564,116.96875
19.562999999999995,387.0889
0.924,368.13812
90.31,67.77266
21.03,440.72736
29.773,274.32758
0.203,68.1627
9.674000000000001,62.102535
269.994,735.56116
0.857,108.132256
234.417,64.68604
0.07999999999999999,39.790874
0.923,63.446175
7.507,148.78336
9.95,525.8295
1.407,148.30331
689.093,650.9554
60.25599999999999,191.3137
140.71,204.4368
1475.476,5228.2183
10.156,95.38278
0.21599999999999997,211.48318
30.09,538.7709
220.01,106.38688
49.837,630.87646
1410.183,553.0683
0.7670000000000001,49.779438
10.907000000000002,34.746613
0.173,41.606377
9.783,18.267874
20.574,409.54507
1.203,140.68633
58.1,594.80585
19.79,19.475767
9.993,753.0871
0.343,183.01028
19.31,389.03906
10.3,86.112686
139.057,215.01212
21.1,125.185776
20.34,92.58218
140.313,127.68294
9321.033,11686.541
39.867,45.480106
19.807,732.1433
49.83,100.80683
46.696,160.66966
4.98,455.98074
1859.717,854.42896
1.483,60.62005
0.327,47.3647
10.263,17.894045
40.046,401.59454
1.923,97.26899
39.133,223.79105
20.062999999999995,610.7214
167.39,346.25177
29.58,93.73619
90.637,101.36308
0.064,69.16117
1.25,171.97028
20.087,411.7222
9.38,36.981445
9.857,241.62408
30.013,89.84922
470.27400000000006,97.89149
0.123,58.39145
1027.473,367.08972
0.203,122.858665
78.673,112.61354
0.466,56.542034
20.81,222.18454
819.0669999999999,333.04297
360.157,569.1838
21.373,79.95401
1.39,13.850394
0.17,111.54753
32.274,526.21277
8.707,38.063847
0.04699999999999999,56.55194
0.267,32.58702
9.777,43.965176
22.253,179.35884
9.683,170.41731
0.017,17.728884
0.343,35.701443
29.53,96.47533
0.14,24.789543
4293.6,1213.5907
10.247000000000002,185.28743
7.01,44.058956
39.88,142.62227
100.167,1430.0464
49.946,197.80823
17.846,39.742756
0.173,72.445114
0.013,51.10565
11.104,13.352286
14.143,393.90506
20.633000000000003,157.03351
60.77,191.46313
9.31,868.4789
10.29,52.231358
15.063,62.124657
0.093,47.68368
9.777,151.22769
24.656,112.224785
18.44,164.01035
18.953,9.024623
90.79,250.02072
0.013,37.430443
0.284,5.139269
9.906,32.71686
280.414,539.52625
49.147,79.49653
100.517,207.9925
0.017,1080.1797
39.413,53.83767
10.59,46.83183
0.61,49.453068
50.4,63.54997
9.304,187.76288
107.793,90.68539
19.156,32.374863
20.066,163.02383
19.75,254.51721
0.063,92.319305
99.783,276.74237
2.44,122.94142
9.533,68.167145
50.739999999999995,74.07384
6.043,13.037433
21.25,597.0182
160.02,368.1034
0.22,26.927864
190.45,458.2125
260.654,460.53586
451.303,210.69287
0.123,310.5252
12.88,144.12111
885.46,104.19754
955.37,334.70047
9.963,36.78494
2.093,8.753505
9.307,52.823994
30.46,180.50797
1.8729999999999998,523.7608
3169.25,298.8606
9.214,545.78284
9.593,18.336386
8.887,98.65949
9.26,47.12841
11.023,62.89983
27.73,221.82788
9.766,361.95685
70.724,20.903988
220.024,1417.3756
39.86300000000001,93.00765
27.826,63.704254
70.237,25.838005
1.033,36.630222
49.377,118.58478
0.72,35.644703
7.577,37.92536
0.42300000000000004,65.063614
19.077,408.23123
0.346,60.346104
19.523,15.402956
0.06,38.811363
100.027,33.23372
70.836,109.21915
19.276,144.61375
9.027,181.8263
669.4730000000001,815.4172
11.173,21.95554
5.703,237.08466
0.04699999999999999,24.403927
709.573,519.95026
19.43,102.43223
61.207,440.90082
9.807,36.80052
241.073,361.9133
5.159999999999999,736.47107
29.237,32.247772
19.987,84.70365
10.3,221.78331
29.284,133.15982
30.8,904.3733
30.93,291.65808
0.563,3.9929492
0.143,353.02734
39.233,139.6156
0.25,13.258452
159.883,469.25397
19.503,587.95605
14.534,666.5075
0.327,23.483337
166.983,552.6072
19.67,66.136795
20.224,18.2606
26.283,122.83128
2389.533,1240.6605
110.19,356.27707
2127.143,8111.384
20.097,218.98146
0.03,111.54753
8.52,25.774391
9.017,68.56522
239.47000000000003,583.6856
34.387,227.33687
29.597,94.928406
0.5,18.578222
18.742999999999995,38.358513
2342.3069999999993,1215.9521
0.957,24.76049
347.233,197.90866
0.22,9.498795
10.784,42.784145
59.589999999999996,91.45584
19.09,1063.566
10.413,163.51324
38.37,214.99052
0.737,71.103386
9.38,36.20095
29.347,176.20242
9.71,70.40145
39.756,693.0931
118.923,70.67034
40.186,45.634766
38.05,637.4282
19.52,192.73569
0.31999999999999995,57.16162
104.014,199.9443
192.033,408.23666
18.376000000000005,60.502186
179.597,1099.1669
0.407,13.377769
11.08,50.276722
230.316,302.50516
80.773,53.494675
0.04699999999999999,53.661415
0.03,54.165394
300.01000000000005,446.83627
159.94,304.55658
20.24,92.871765
9.753,361.22568
40.243,17.003502
0.313,44.649094
61.223,67.85028
94.43,191.06177
3.817,17.728884
363.146,150.05681
19.163,55.660175
10.086,21.985252
18.097,305.80707
36.41,363.65256
0.28,396.8541
11.230000000000002,82.13892
71.573,209.29785
1.11,14.709671
0.033,41.043526
839.887,341.9801
0.613,106.33646
11.05,168.06447
0.297,205.48584
20.167,11.982415
8.186,18.233707
11.8,46.370567
19.774,108.939705
9.989999999999998,257.33328
9.812999999999999,17.511683
1.013,53.661415
19.133,590.5363
9.820000000000002,32.369804
380.85,309.0585
9.324,40.496323
40.547,253.68694
70.086,341.48898
0.05000000000000001,33.902935
0.067,393.02
10.312999999999999,43.399544
42.093,44.19615
19.263,183.4888
79.61299999999999,184.08267
208.66,826.2173
19.144,499.3451
50.21300000000001,51.35771
31.717,218.53214
526.94,51.27043
0.947,633.76624
190.427,420.04266
9.906,40.88967
63.96,56.96708
40.364,69.745186
300.11999999999995,200.98494
10.157,9.388668
39.75,181.16373
1.05,42.99965
290.8,175.47687
549.766,295.93448
20.397,16.545713
10.12,150.15604
0.28,42.72862
1.097,93.36587
20.06,355.70935
0.0,503.33527
0.266,108.91764
10.663,8.651359
0.424,55.7482
10.463,69.48722
0.203,49.501087
0.203,39.512093
17.734,190.59059
6.667,188.38933
4620.027,1538.0325
0.22,100.48444
338.96,110.50568
120.66,162.63374
780.693,737.15607
9.159999999999998,91.90115
0.077,17.268293
8.483,14.523079
10.003,143.5354
0.86,51.527367
8.137,50.196342
0.233,18.090002
21.27,145.96338
2707.56,2463.814
7.957,17.79383
9.98,149.24437
0.093,68.28303
40.396,105.906494
49.763,62.257015
10.1,180.62213
41.3,13.796832
0.0,41.743183
50.1,184.33429
518.52,161.44421
9.18,35.128937
1.39,62.47656
50.392999999999994,67.11425
147.923,192.72356
0.37599999999999995,186.76155
243.817,360.6072
260.21,368.18015
29.957,38.270638
80.207,180.73955
0.297,540.1779
18.883,232.8222
9.723,221.78331
2619.726,1722.728
0.013,64.1397
1.8599999999999999,63.001778
119.557,79.568275
0.737,39.10579
9.65,41.323097
10.48,183.78589
0.14,23.960653
480.81999999999994,245.73604
20.75,142.71037
39.85000000000001,160.9622
10.023,5.9007826
0.17400000000000002,64.01497
18.543,335.53625
30.02,450.6612
19.973000000000003,13.483888
10.783,132.09048
20.963,16.612137
0.733,12.852107
58.797000000000004,159.72533
0.127,39.60767
70.726,26.770277
10.819999999999999,4.954961
69.417,167.091
0.127,48.546997
20.023,269.6879
9.807,267.0728
9.557,51.713345
10.184,59.552174
8.847,4.0590525
30.127,233.59839
20.17,346.40195
59.764,105.00107
22.563,47.913853
7.423,39.08765
49.247,61.7999
11.02,62.72016
49.98,1176.2015
1.063,18.034971
1422.69,73.46637
10.297,114.04944
16.26,154.61658
70.193,555.04816
0.14,11.393186
43.567,48.080338
19.37,107.00836
40.27,162.99469
21.1,227.23587
9.96,117.85843
100.20300000000002,545.78796
74.267,58.411682
49.71300000000001,205.58185
18.856,15.508159
30.43,111.84234
180.07,867.6281
70.163,383.0376
60.172999999999995,556.8056
30.57,69.44424
330.067,276.2534
20.257,1911.0215
2.2970000000000006,262.12543
0.783,113.605515
9.923,289.91937
19.854,86.54628
9.947,38.582592
20.833,104.094345
0.314,1494.9895
10.523,148.30331
40.05,268.39932
19.66,101.92958
19.927,42.359364
10.062999999999999,62.210323
109.457,645.3892
0.204,24.136093
90.247,376.18683
7.803,39.550583
9.533,570.60583
129.237,132.41599
31.607,95.24298
9.513999999999998,50.169434
51.687,126.51344
2.327,47.126766
19.994000000000003,218.11528
1.123,364.0056
4069.77,628.3911
69.09,670.97516
10.293,15.96333
576.727,337.96344
180.44,355.2873
0.07999999999999999,183.02931
16.473,1087.5618
9.023,95.91827
751.054,1055.6825
180.437,66.52441
20.407,8.494821
149.543,22.466139
9.663,15.115911
59.903,545.8682
0.11,350.06863
19.069999999999997,1004.7435
370.087,163.9015
0.283,13.749716
0.123,95.97737
89.453,667.63635
0.7670000000000001,13.799971
47.207,68.13882
3.81,229.88405
0.123,25.105791
11.443,216.0286
57.597,295.84372
1310.23,3426.5288
20.107,714.4927
5.107,228.68106
60.29699999999999,135.84747
21.61,9.765756
1159.1200000000001,621.9677
10.186,524.44995
9.863,47.26745
0.403,34.59125
9.847,37.314365
29.43,271.94913
639.57,517.0168
58.483,14.447914
10.193,36.245056
19.74,15.376783
914.45,1103.9509
39.894,206.99196
0.703,11.831552
10.63,157.59567
119.893,3.766501
21.097,105.227715
20.17,105.41097
139.323,362.44733
19.554,33.76472
0.22,117.85843
0.076,44.501003
18.186,100.4835
153.82,466.2603
7.743,31.726831
730.12,115.375244
19.37,91.307625
9.76,1154.0239
0.113,39.253544
10.123,36.129864
684.3569999999999,1878.6191
0.04699999999999999,40.722813
9.744,12.554525
19.12,250.01811
19.723000000000003,122.78377
10.093999999999998,92.35905
0.25,46.78438
0.86,111.730896
8.547,174.94911
519.993,92.2632
10.48,40.722813
4.743,81.70565
39.55,57.804146
0.126,21.236216
1.03,18.405151
510.337,268.12973
1.876,44.335
701.733,542.60364
4.353,22.049696
80.61700000000002,259.22958
8.63,34.243313
13.464,194.6041
229.037,202.23898
1.237,42.112915
7.423,13.942221
1119.97,577.94476
80.9,298.45984
1.64,68.52239
0.313,12.962974
0.123,42.407646
30.133,228.05142
19.94,161.47395
440.897,86.028046
10.956,216.6704
39.747,182.7481
360.65,1595.1943
19.28,27.866905
19.55,224.68567
9.103,32.53257
0.22,31.978992
1.447,62.743546
0.034,15.220583
69.96,127.490036
1.08,52.560776
29.13,19.644062
0.564,294.83173
19.707,1155.1985
11.069999999999999,109.21847
0.03,65.64343
40.274,679.13605
30.067,55.069447
9.754,24.059689
28.687,20.994047
2781.887,1069.7101
99.53600000000002,124.74608
0.516,11.53593
0.187,170.78374
10.136,45.79361
9.206,18.336386
369.684,1632.0605
18.007,14.576131
9.907,70.39087
0.63,11.249556
19.936,56.100555
8.98,33.75029
8.717,104.36593
18.890000000000004,125.72376
8.673,18.647879
0.17400000000000002,33.624474
0.326,53.888325
0.25,53.67138
4.24,25.655216
9.53,47.136536
11.987000000000002,17.472797
9.044,205.0496
120.087,411.81717
9.036,13.124822
9.67,111.25878
91.183,155.5143
11.46,179.31682
10.076,236.7185
20.253,331.8078
0.17400000000000002,55.7482
19.2,570.5313
9.6,29.858902
0.23699999999999996,68.25795
10.683,176.74428
181.73299999999998,565.22296
220.567,276.06885
10.413,96.100426
9.437,60.091476
179.327,1642.0289
0.313,24.23459
9.85,113.605576
10.637,105.82063
160.15,85.793045
20.473000000000003,291.28885
120.353,517.897
7.304,62.210323
9.984,396.2053
13.103,79.349525
19.184,81.03688
9.933,17.04549
9.203,144.37218
938.807,204.43849
0.03,18.888348
12.023,204.6094
0.093,123.8009
0.97,5.240807
0.94,14.880336
78.85,156.68506
9.263,38.70161
41.126999999999995,133.71164
0.557,45.649715
89.19999999999999,159.7295
581.923,333.50043
30.11,116.51249
0.483,49.051533
0.187,46.40147
19.296,291.03058
20.483,1841.7633
18172.183,8044.018
1.033,41.537384
0.36,78.790085
8.883,216.47769
0.657,50.169434
5.873,38.623238
18.914,101.57625
350.886,102.70784
9.86,227.4178
49.08,107.87447
3.367,326.81564
20.383000000000003,577.29236
2.51,34.25935
1.423,410.45837
9.897,126.18483
9.833,74.21413
18.647,36.126564
0.017,58.98722
21.062999999999995,62.759075
9.237,186.76872
1.263,19.395937
19.957,12.764606
30.35,183.3354
20.217,39.506
19.727,121.62146
680.664,823.0818
0.093,39.89594
0.516,52.963676
0.11,30.414429
0.016,38.318035
20.0,164.61693
80.814,44.56722
19.597,117.20331
0.22,42.407646
0.0,15.997041
350.94,522.4086
130.257,136.90172
0.797,367.73358
9.663,74.78541
0.173,27.323753
19.807,283.69556
8.527,14.124058
869.907,802.6171
9.54,116.39337
19.657,55.91666
70.173,384.77908
789.94,103.25128
1.22,57.52295
19.86,16.998022
29.673,51.42834
20.847,54.625763
19.733,112.9831
130.113,227.01112
10.394,133.81554
138.82,774.0189
238.873,248.95715
180.236,365.57312
60.76,14.233247
9.263999999999998,625.40814
9.573,40.343365
48.87,534.1207
0.156,45.919483
29.877,189.43654
132.967,581.4592
140.196,442.1628
506.513,234.82661
0.22,28.205137
0.576,59.580948
112.61,578.9723
9.11,559.30194
60.352999999999994,835.37305
0.516,38.53715
0.534,92.086296
0.407,29.852243
26.313,46.433544
10.03,9.471717
20.42,750.34235
0.31,16.555258
8.17,44.236332
39.707,76.56259
19.663,141.67389
4.547000000000001,21.379007
9.01,84.839935
63.69,100.02117
0.064,57.024715
10504.176,9883.595
11.097,331.91037
40.28000000000001,267.61826
10.239999999999998,40.88311
0.093,68.327576
330.363,19.824125
411.32,136.44798
1734.75,1825.7742
9.482999999999999,10.783758
30.967,401.97052
530.07,2054.2776
20.134,125.67131
0.076,61.975132
41.763,188.79167
20.49,68.56368
602.04,302.2962
199.363,131.40953
1730.81,1524.0195
0.814,11.931744
7.75,56.350857
9.857,9.742925
8.104,28.26518
10.166999999999998,57.55828
1.5,35.346325
0.86,39.7741
79.037,163.0526
58.956,249.31541
1609.65,1305.8993
101.16,225.21523
19.819999999999997,1295.7365
1.3130000000000002,14.496592
459.854,1540.9514
300.877,71.68268
20.26,233.71486
101.083,34.114613
19.287,195.20425
60.937000000000005,202.86505
59.96,1937.1062
758.973,367.04102
130.74,149.12604
90.857,80.23283
8.307,147.36801
0.317,144.51706
59.24300000000001,335.10886
159.963,228.43387
0.217,80.058426
1790.0229999999997,504.3234
0.017,31.433983
919.31,412.25626
40.19700000000001,54.243626
10.67,32.53257
28.587,329.42194
1.467,44.501003
8.93,32.030464
0.033,60.091476
31.616,303.0768
190.11,899.6662
40.056999999999995,290.1057
359.737,199.82504
0.28,65.749916
10.41,453.08643
27.567,4.0941467
7.983,28.811857
229.19000000000003,1430.75
0.11,148.49416
8.51,76.91116
520.51,323.93167
50.34,72.87534
10.037,9.552612
700.2599999999999,192.402
81.076,166.75372
0.063,76.50432
349.547,332.671
0.0,63.326294
0.0,44.90323
29.893,116.354645
10.873,48.07265
165.407,1907.2412
99.004,232.86325
869.943,434.87802
0.877,57.258736
0.157,36.96925
280.874,250.21309
31.087,27.101765
2.99,123.03583
20.156,185.62883
0.6729999999999999,18.097694
19.907,599.3192
7.707,69.05204
10.394,47.529285
50.263,32.93347
0.317,41.459164
50.33,158.27864
420.357,1413.9248
10.173,202.67908
440.103,124.58718
19.423,88.83074
90.023,211.58522
39.243,102.26417
0.093,31.586027
19.623,36.701237
40.467,21.994875
533.496,1383.3497
10.174000000000001,63.652092
4847.433,2545.5737
377.95,178.34975
20.053,386.26694
20.763,105.227715
20.187,31.900972
39.237,43.277393
50.117,197.5507
719.787,2754.963
9.02,741.361
39.843,216.64975
0.6399999999999999,409.0629
17.22,131.59216
1.597,77.35574
46.31,248.58745
20.527,24.168533
0.03,33.747368
918.36,365.88678
10.257,44.205288
18.754,77.211815
0.013,68.3564
20.7,148.06718
588.697,340.32263
180.447,208.07043
10.12,45.20484
349.37,309.5344
21.7,610.78986
11.203,49.273823
10.166,40.343365
59.957,170.03604
30.787,169.1606
0.8130000000000001,46.794186
8.663,52.873394
79.91999999999999,41.319077
0.487,102.89619
9.377,42.50544
28.93,177.4571
248.503,839.3923
29.693,397.07098
412.8,689.6447
19.547,12.439865
14.414,52.00119
0.06,501.83554
1.44,26.058064
480.88,29.588451
0.99,14.005444
10.634,2.6151009
519.827,169.37126
0.016,46.787468
99.856,224.09674
99.687,1110.8561
629.45,218.8089
0.064,58.584858
79.987,919.40314
0.127,56.95525
229.313,421.73242
10.827000000000002,40.404057
10.007,311.88028
1.16,213.97495
89.89700000000002,346.88068
30.776,266.7529
0.503,55.446934
8.547,38.038475
129.433,444.71957
10.070000000000002,265.74985
20.023,190.95583
569.91,27.893343
0.063,5.1661644
0.877,165.46223
11.437,59.219074
0.69,11.342981
150.683,184.7281
0.233,347.78763
199.93,49.833237
78.97600000000001,484.60672
0.017,8469.303
19.564,32.466488
0.064,147.06715
149.796,544.997
9.734,38.09824
0.037,53.888325
0.436,40.925583
0.014,46.025257
0.11,147.27747
10.083,39.550583
160.04,389.34756
0.064,35.749985
700.607,2780.672
2120.867,1290.8279
10.057,32.775192
130.83,84.40458
17.977,56.889503
0.017,141.28116
0.106,163.29265
40.274,81.43584
10.134,39.62488
30.506,326.3653
10.8,64.11631
0.04699999999999999,61.975132
20.123,80.35996
10.193,241.58253
9.114,44.475956
129.927,192.35472
0.406,214.63837
0.393,46.705265
0.217,96.70829
30.177,52.641045
3090.8130000000006,1000.0874
30.092999999999996,48.533024
0.173,780.66235
1.03,38.482616
9.493,4.0442743
810.114,576.4029
561.26,621.6638
277.55,187.59372
343.153,50.092754
99.15,486.03827
10.797,153.79895
29.95,89.60913
0.38,175.63058
330.01599999999996,436.08072
2.557,99.03627
0.14,34.746597
29.137,103.83783
8.16,12.790912
90.666,482.81577
0.013,15.298467
19.683,35.723133
9.757,131.34525
191.336,193.95581
0.297,75.11883
20.5,39.85001
550.277,202.22646
78.89,114.91586
0.406,37.93348
27.874,59.39319
40.276,120.05884
18.88,163.54541
211.486,148.17593
30.257,538.8789
2.003,162.45341
59.766,203.42023
299.88999999999993,707.1354
79.593,186.94293
17.776,195.83583
20.68,23.547009
19.94,26.817398
139.92,441.05893
0.017,57.30736
0.25,36.846745
0.157,111.83165
70.21,84.40256
820.026,306.3603
30.227,122.03435
20.67,24.117968
159.193,38.978664
20.526,272.65707
30.007,485.87674
70.087,273.96713
159.653,615.95526
0.14,39.85001
9.543,477.69635
0.093,31.59536
20.006,59.6939
19.95,23.589901
31.214,149.41946
120.177,729.5562
110.584,1513.0547
109.997,421.58298
7.817,104.57526
9.75,23.008755
29.586000000000002,621.92755
0.923,70.51617
529.387,420.312
18.39,96.45106
89.667,821.9788
31.627,178.13632
20.316,142.48943
59.58,138.7277
300.78599999999994,305.0479
2.326,72.192474
0.0,1295.9939
318.2,110.472145
60.24,432.57208
0.797,24.001951
19.506,36.8406
6.853000000000001,39.3962
28.447000000000003,18.294271
9.32,535.6676
41.964,210.71167
9.126,63.704254
199.57300000000004,1359.5128
38.68,266.36124
0.20000000000000004,66.63786
380.77,2376.6965
9.38,50.325687
0.204,104.15463
149.4,133.39664
0.14,237.82837
0.013,11.247713
30.29,159.26115
18.826999999999998,204.49503
90.203,424.5132
0.064,18.409395
0.577,58.844093
0.093,24.048243
10.043,95.30231
1010.7800000000001,235.61536
8.927,20.274542
13.469999999999999,63.68679
49.587,143.41519
39.93,183.99799
20.33,113.06251
18.992999999999995,55.915512
18.569999999999997,48.101494
0.127,14.443813
10.153,558.5221
1.314,13.749716
1608.55,148.00145
40.153,154.62112
19.777,268.62094
0.063,25.572187
1.263,15.221918
2820.856,654.7336
8.887,18.034971
220.57700000000003,570.0243
0.11,95.61043
9.723,541.3108
79.747,204.78192
8.667,37.649673
160.654,12.888014
7.283,49.453068
20.217,212.44528
8.57,45.867226
1540.93,628.9721
1.633,31.39619
76.31000000000002,68.63719
50.95,492.06134
50.866,70.37445
64.373,810.5697
240.387,298.73117
10.103,41.459164
449.56,415.2038
29.773,130.6616
279.563,373.01697
0.186,12.654276
40.284,65.81216
20.286000000000005,210.61177
20.256,203.48856
12.467,54.878765
0.173,40.838642
18.47,12.987736
2.563,50.63505
0.75,38.77773
19.35,45.158844
29.973,768.3457
9.793,40.316936
20.593,769.27856
17.194,170.92148
29.759999999999998,30.966553
0.063,77.257195
0.74,457.01324
8.823,53.05355
0.11,322.75085
0.7340000000000001,39.85907
1.033,39.26893
239.47000000000003,358.05798
1.84,154.07246
10.153,45.026356
494.08,1302.4978
180.59,238.88214
80.0,142.15979
9.786,127.61126
40.003,17.833258
0.627,43.87122
29.997,494.1601
8.02,11.390915
71.0,184.43593
121.07,155.6564
348.653,1758.5771
0.25,147.43431
5.85,17.862118
19.224,205.91978
0.09399999999999999,21.585253
110.48,103.50892
0.04699999999999999,38.064266
0.173,48.894955
709.62,413.52438
17.93,461.3961
8.977,408.8464
0.013,27.280043
199.433,197.77756
980.597,190.89142
9.76,145.89003
0.97,53.84523
20.453,76.56259
20.57,93.73615
10.247000000000002,101.59906
0.504,30.767952
22.29,25.021723
40.35000000000001,65.50877
9.476,53.330357
10.730000000000002,251.95024
108.48300000000002,761.6937
0.077,69.63727
10.867,47.38428
3.284,24.117968
340.917,431.83557
9.857,224.68567
9.48,70.242516
110.964,69.789154
9.76,27.224218
0.04699999999999999,40.498543
10.353,32.786716
20.03,9.207954
9.820000000000002,62.48635
71.86,88.77657
10.01,23.15336
139.957,513.67084
170.167,150.18152
0.013,25.124512
69.287,204.62793
100.16,1943.7297
9.503,175.02765
9.973000000000003,171.39453
20.66,37.45175
39.227,601.6925
0.454,252.13696
0.28,56.373306
9.402999999999999,43.870716
19.97,12.578955
0.737,105.85647
31.123,26.676302
60.146,21.111065
0.267,101.34285
20.390000000000004,396.2053
107.913,544.9486
11.124,15.065977
128.583,1241.9607
10.78,354.914
1.186,70.49872
180.23299999999998,391.23962
5.763,55.260815
1213.716,469.70068
60.693,432.0298
149.98,135.63165
8.79,343.7435
40.89,672.6197
49.866,405.40646
49.577,88.23389
120.637,256.8041
1.06,40.52651
10.16,103.741585
9.043,15.079022
8.846,32.71686
11.637,47.024677
40.143,21.658875
0.343,36.173847
20.636,88.23389
0.733,387.24875
99.59300000000002,152.46196
10.083,43.0789
20.16,191.91687
128.857,73.68401
0.74,36.80052
1.017,71.453766
0.424,68.464226
0.157,67.419556
0.454,355.2232
0.47,14.992785
10.02,182.54816
89.22699999999999,992.16425
194.67,65.91897
49.157,413.63287
9.23,95.97737
0.17,22.846018
8.307,89.299904
689.65,1742.6046
9.013,139.7212
9.146,37.725822
140.927,308.70435
20.167,213.33945
19.12,142.42332
1.107,11.1077385
0.033,53.331676
0.187,116.354645
0.78,123.07618
0.0,64.3091
19.4,67.94019
0.127,14.521855
119.78,227.40454
89.957,92.08529
59.63,218.63171
0.31,13.049872
20.043,135.36963
19.85,599.0294
12.496,23.76328
29.39,55.615673
9.894,56.95525
20.327,99.36832
40.027,562.24554
27.100000000000005,470.67612
0.063,67.27909
8.39,14.568978
310.167,480.13693
0.064,69.041626
10.75,94.050385
49.88000000000001,14.601237
9.26,57.7699
21.2,67.09083
39.747,479.19244
0.44,45.931946
10.117,491.54556
1508.817,1019.3597
71.06,158.13815
301.044,207.53255
69.82,275.103
10.194,67.5052
110.833,81.09712
0.093,47.55971
20.417,279.96857
10.8,102.66482
39.6,113.28362
100.936,193.28435
889.8559999999999,403.96683
10.11,67.63918
474.257,2083.9602
9.566,85.36049
9.52,14.211323
0.04699999999999999,31.057655
820.383,503.30685
29.344,227.48332
744.534,1573.1757
10.173,58.87309
0.0,162.60939
149.974,95.493
74.63,426.76297
0.547,210.23634
39.187,952.2792
28.07,56.30453
57.444,1076.6616
9.513,185.2933
9.143,359.1078
194.97,119.83173
0.877,50.554283
258.077,266.6225
0.07999999999999999,107.507614
11.52,18.034971
69.82,703.72766
179.697,1061.0681
1.063,152.06557
0.21599999999999997,24.607792
0.11,32.01881
29.686,109.64126
196.21,117.84758
21.033,5.099202
10.244,104.80399
10.926,109.30052
277.743,318.85016
20.873,85.92436
30.03,1023.95764
0.36,89.77173
99.587,582.4761
171.22,250.82352
10.11,71.77065
39.87,171.30875
44.543,171.69849
608.603,877.43945
10.02,423.76868
70.696,14.064713
170.16,173.59076
49.997,547.5245
9.353,36.856445
128.89,67.82197
49.43,530.83923
0.23699999999999996,185.10254
8.98,147.22089
10.427,418.69412
227.344,350.8219
69.683,49.432922
1207.03,199.94754
134.48,479.67072
20.17,205.08311
29.357000000000003,543.4507
1002.006,351.14465
30.1,662.895
20.66,561.8802
27.453999999999997,18.659948
9.32,46.709183
850.087,1538.053
10.154,38.323357
0.0,66.82443
9.497000000000002,92.77322
90.1,297.542
39.88,132.5852
31.143,570.5313
0.11,56.60536
89.27,157.79291
0.127,81.84011
450.25,857.77057
0.25,45.08962
0.284,229.88405
19.054,79.24332
160.0,993.4012
0.343,11.249556
287.886,297.96323
0.344,42.48769
39.796,175.37437
729.383,477.8519
10.493,205.47023
1.097,189.69353
19.913,60.840004
460.38000000000005,845.01245
630.307,272.91364
79.813,499.47708
0.534,95.48155
920.01,310.2641
10.29,77.5978
10.99,139.00235
0.034,40.343307
438.856,463.17426
0.394,390.47858
179.577,1383.7338
80.78300000000002,270.9199
0.033,198.26706
17.733,17.383844
13.234,18.334734
9.193,12.290004
9.553,81.22099
79.564,203.5313
10.847,43.265663
55.087,221.78058
39.464,401.4008
1110.103,142.83759
29.63,289.66113
9.606,126.18076
100.206,160.43533
0.55,11.58755
275.36,22.62536
289.89300000000003,647.44885
29.983,129.10104
0.187,442.6973
67.67,225.04163
0.3,46.529568
0.15999999999999998,65.716675
129.313,392.55783
19.917,38.910244
96.797,92.888596
0.656,22.01503
0.733,43.110016
39.403,269.77213
61.077,98.55733
19.504,26.829832
0.173,41.449177
0.03,43.805073
19.293,226.49219
0.5,176.404
102.0,1222.5607
38.05599999999999,157.18483
20.397,62.853924
9.903,54.370426
9.71,41.77616
1400.807,433.93842
39.32,651.70715
10.183,75.2134
19.644,647.4801
0.093,240.38412
5.987,17.432705
0.07999999999999999,75.64053
180.237,179.45845
28.803,83.08267
0.017,4.9291735
19.0,65.77501
0.17,29.858902
0.203,60.715237
9.633,387.87283
21.106000000000005,214.28253
99.847,361.80936
10.703,73.27906
0.076,104.60241
569.2,509.47668
9.717,199.83702
441.314,544.1604
3.53,20.569996
33.323,1442.2814
30.03,112.57944
10.55,164.82857
49.64300000000001,377.62177
3.256,151.57307
0.203,28.974937
0.594,4.1203876
1.25,12.803138
730.663,476.14648
0.827,218.99255
11.007,18.16558
0.14,169.34312
10.070000000000002,66.20754
19.257,376.27686
70.346,150.09596
9.44,8.64008
9.923,452.2039
10.084,557.72345
30.017000000000003,591.7123
0.3,274.75165
10.067,169.56834
0.42,13.942221
39.987,126.36095
6.47,69.48722
1300.683,1440.1711
0.754,101.26303
170.466,20.829655
9.38,46.688324
39.887,464.59286
0.454,79.917274
10.317,10.250131
10.377,15.770605
14.4,96.23214
48.996,15.828094
15.64,5.0462756
20.276,47.990555
0.17,23.706253
580.687,606.3894
8.81,33.303013
0.577,55.615673
79.937,242.27008
0.0,18.405151
8.72,16.221058
30.002999999999997,498.0277
149.164,822.9528
9.77,68.167145
20.043,255.19135
9.546,80.31088
0.19,43.457127
58.92,21.31169
19.277,56.65006
29.83,455.9132
8.89,54.534954
40.13,342.13763
0.07999999999999999,18.114044
19.87,378.75916
0.687,80.4995
66.497,108.58861
0.81,17.400131
11.493,58.431385
39.096,95.31857
131.88,207.99097
0.357,61.243332
0.75,79.05174
29.186,1626.8141
90.887,1294.1458
8.717,52.786705
10.13,143.29642
370.06,631.10986
9.32,21.85947
20.243,130.31717
8.83,21.561438
110.393,197.16823
189.96000000000004,378.99747
60.21,39.10672
119.327,72.06003
699.447,202.86086
0.517,17.013618
0.033,469.77206
0.14,41.960503
9.51,172.71408
0.357,212.4531
9.1,141.09831
30.252999999999997,291.59738
9.826,47.954144
60.483,65.45726
0.234,447.81192
1409.973,227.37352
39.977,145.94106
50.063,515.49054
36936.217,690.1818
21.003,48.196136
13.41,66.232155
0.17,51.820366
19.367,33.807873
59.654,88.85977
19.087,44.20322
0.06,465.57016
9.897,140.29843
9.94,119.998604
20.187,213.43596
85.333,162.1686
9.909999999999998,33.2622
0.42,22.684504
29.827,111.66717
0.8000000000000002,35.51544
19.573,128.5198
20.163,38.742466
10.27,113.213524
119.76,529.02686
0.516,116.01595
30.0,183.18987
30.027,41.19085
290.024,301.4255
40.047,213.56471
8.893,55.73042
0.94,128.3501
60.023,135.24962
0.173,3.985668
19.747,21.748642
9.784,159.7737
49.97,483.36115
8.46,46.787468
98.56299999999999,92.28206
0.25,18.621082
30.18,542.68445
0.11,36.774418
31.49,194.87169
18.497,307.53625
14.75,290.8697
90.17,129.18849
0.046,34.620094
0.14,18.434303
10.466,355.0924
28.136,60.50598
30.35,96.07683
129.946,268.70767
13.29,25.431736
0.47,46.985603
840.11,423.49008
19.407,136.11496
10.68,44.237343
9.83,39.083664
0.157,65.84433
26.954000000000004,218.73216
60.089999999999996,212.41144
10.306000000000001,56.720013
39.407,507.2099
8.98,231.23279
190.873,256.16367
500.06,353.64743
8.077,53.981876
9.617,35.414413
7.156,14.51335
10.057,45.49018
0.25,14.549574
163.88,846.0063
205.197,2066.9595
9.88,5.1459765
9.047,56.186726
29.036999999999995,54.428196
103.863,69.2536
9.65,46.709183
251.337,52.18377
0.04699999999999999,142.68889
8.897,26.927864
14.746,44.119972
29.55,22.16435
60.053,409.38348
20.286000000000005,16.1299
657.86,323.68033
270.903,72.989494
20.88,191.31024
0.076,32.5104
0.106,57.42515
190.61,51.835373
0.313,80.89011
0.36,13.951814
21.78,513.74304
11.18,186.1776
0.217,89.77173
289.566,1406.3351
48.97,590.16205
496.207,1714.9922
181.56699999999998,130.00745
40.01,1123.408
29.287,18.077656
0.27,14.002823
19.136,337.14362
9.984,134.00201
0.11,35.00101
10.92,61.670826
121.576,209.5172
19.656,229.7721
50.44,29.82982
28.563,8.696604
21.584,59.202923
19.18,1349.497
7.727,14.887572
30.047,637.06946
160.676,92.83643
350.07,113.24358
0.893,79.19492
134.237,130.67406
70.843,392.75757
27.327,206.86734
19.147,137.87526
40.313,201.78355
9.807,13.875696
0.22,17.12221
229.85700000000003,13.267254
0.097,167.71062
12835.887,38.21053
9.637,214.28717
9.402999999999999,90.85057
10.047,389.57632
1.347,5.2476482
30.827,42.663925
9.56,44.21017
10.583,132.28119
3.1729999999999996,45.491726
17.723,226.09354
540.286,185.42651
9.793,45.277016
0.0,42.666634
19.74,193.4058
93.927,613.46436
0.093,69.72442
10.293,15.587481
19.736,104.7366
9.78,61.75975
10.197,833.4421
9.07,51.42163
680.853,620.4397
8.69,23.960653
19.93,394.97568
0.283,77.8656
89.873,137.67406
160.06700000000004,143.24274
0.077,290.8697
119.923,202.15538
0.47,54.775154
9.046,46.655586
349.73,597.03796
9.88,50.066433
9.873,9.243833
1709.8169999999998,5320.7017
41.213,248.2868
30.877,150.54497
11.836,48.280148
4.07,69.95509
189.853,534.30597
54.747,626.4075
59.68,146.21683
20.5,52.92792
29.833,56.114708
0.07999999999999999,168.33786
9.497000000000002,75.75457
8.906,8.707946
9.424000000000001,84.856674
32.07,56.42139
20.177,161.52675
20.713,364.85626
10.547,10.692906
18.786000000000005,37.857327
59.56,285.03287
10.09,67.40621
18.934,57.78454
18.5,32.75084
9.767,68.09214
1.157,129.64697
8.616,13.977295
9.71,40.354282
6.38,188.67502
100.95299999999999,305.23724
8.567,76.96103
61.077,204.13878
19.333,36.94886
0.733,353.655
999.74,779.1521
58.533,34.334343
150.26,447.3839
19.944,73.62022
200.563,282.66672
179.357,591.26605
99.393,434.86676
12.943,97.11198
18.846,42.371933
1.114,275.85165
19.4,115.96342
89.383,222.88591
0.157,17.367588
69.864,534.22064
0.377,55.31309
20.140000000000004,13.250702
8.86,29.747189
69.257,169.70554
8.83,168.33794
479.957,107.995575
614.657,958.75073
39.553,32.596485
321.697,247.75348
10.027,34.746597
150.313,805.5395
73.51,1338.9299
30.733,24.700565
0.07999999999999999,48.447395
29.983,67.48518
29.98,79.396126
359.35,362.40866
20.41,188.4906
50.163,199.40736
431.297,43.467392
130.87,135.30078
1282.687,601.4039
40.037,89.79794
20.01,447.71994
8266.133,1973.1823
39.763,52.682304
29.54,585.363
150.94,219.286
9.007,12.693603
9.556,46.180073
59.92,215.12846
0.173,78.6701
79.554,41.718803
50.71,168.06248
0.313,67.138336
0.623,57.975376
68.153,620.26105
3.4499999999999997,56.026955
0.31,36.628445
0.07999999999999999,15.1934395
7.983,38.248116
1.093,37.594963
129.32,457.1616
39.467,247.91074
0.877,38.383457
19.373,89.384575
0.03,179.69714
39.87,38.582317
19.253,61.14141
11.887,23.337563
20.036000000000005,21.361849
0.19,45.66744
259.026,366.74066
0.076,37.799923
20.076,3329.6626
524.52,1672.0712
100.27,385.12387
20.94,95.35675
9.826,118.24763
450.103,1657.1965
10.19,53.63362
17.3,156.01987
449.096,218.703
199.087,66.89629
250.663,218.48946
30.29,11.489972
181.34,1225.3135
19.71,123.52345
55.41,196.31557
0.127,39.372437
0.657,13.062332
0.22,47.75555
0.39,4.073896
19.45,79.04415
251.507,248.2381
29.663000000000004,27.793043
29.897,877.8211
70.797,378.83514
183.647,157.94807
11.12,45.73942
19.79,16.441513
9.817,59.019974
29.856999999999996,79.779816
10.283,168.63086
21.077,303.61646
20.034,219.83968
8.29,20.756414
1.39,35.007698
31.2,16.127157
170.97,387.10416
9.127,210.06645
18.573,13.258365
70.12,184.24475
490.543,575.87396
221.15,537.1349
9.823,168.63086
4.27,829.69415
0.07999999999999999,278.60315
0.6069999999999999,80.971436
10.163,131.41074
199.566,912.21515
18.730000000000004,45.634766
30.773999999999997,294.24472
5.6,69.42016
979.326,3716.224
470.46,408.09283
19.117,47.024677
9.203,70.11285
89.17300000000002,54.035282
845.874,943.3952
0.453,365.6529
30.669999999999998,14.862238
89.404,256.53043
3289.42,1688.4856
13.64,583.1802
19.223000000000003,98.73766
0.407,187.11073
0.313,219.97601
98.957,706.1359
319.27,238.52289
2088.22,416.57123
8.73,12.950608
0.343,58.873123
19.973000000000003,440.05673
0.06,182.84972
409.833,288.5932
536.763,2119.4585
9.657,181.83237
9.37,43.727608
0.723,17.716112
479.82700000000006,1118.1055
10.58,51.179516
230.23,185.2665
247.187,573.68915
0.14,10.381004
18.753,24.648346
9.883,38.97449
18.03,66.58846
20.033,14.927875
20.097,130.06023
10.007,174.48169
29.74,32.73487
1.2570000000000001,29.971075
0.28,210.96974
0.847,79.24332
8.087,36.630222
0.58,66.11896
290.364,199.05438
0.03,195.44368
90.44,1884.0826
10.06,340.36896
140.587,693.35376
30.747,182.8995
99.92700000000002,176.36038
18.717,12.408991
0.717,25.774403
0.186,323.8369
136.283,106.98058
359.35,630.17084
0.22,35.21048
1.643,44.666847
29.824,124.519104
60.086,1093.542
0.217,65.24815
19.1,38.583683
2.607,50.799126
0.706,49.250275
423.16,761.9804
19.633,180.70288
10.69,329.04553
18.944,217.79727
0.063,13.825159
0.07999999999999999,36.34345
20.233,758.9783
9.373,109.04733
0.6399999999999999,4.9678946
1.187,366.47937
230.22,739.0605
18.863,134.3336
0.06,13.049872
19.307,17.532375
10.386,12.032819
9.457,22.38431
19.297,116.7151
1.173,51.3161
87.933,1456.8171
0.03,58.58357
39.717,494.16037
10.257,53.901207
129.073,318.84723
9.817,160.44873
11.227,145.20644
134.323,53.378788
85.753,448.5117
1.077,360.63275
79.99,705.7724
531.753,372.70453
40.923,139.53914
30.113,338.84662
58.997,564.4247
0.077,47.55971
39.1,269.6879
29.04,542.4471
0.857,221.67654
1.11,23.543499
0.97,8.450615
59.89399999999999,552.46906
0.157,18.097694
0.233,256.13107
911.2100000000002,484.21997
29.14,762.7877
95.847,31.7003
10.28,542.92395
9.667000000000002,50.066433
1513.26,209.07957
0.04699999999999999,41.19083
0.657,41.541534
10.95,82.655846
0.9530000000000001,39.54709
0.0,14.391214
260.227,311.10062
11.437,93.28695
11.979999999999999,92.80676
9.577,39.859024
8.52,361.1402
9.173,16.81529
0.046,12.341158
52.247,77.89742
10.017,483.36115
27.06,564.3038
29.783,113.10314
9.583,54.357746
10.473000000000003,89.973335
10.12,50.554283
0.11,48.61615
0.19,75.8936
498.913,432.22937
0.03,190.802
212.103,611.7946
230.067,110.994995
0.04699999999999999,133.25195
0.393,243.13095
0.17400000000000002,36.129864
259.846,112.08978
39.68,546.1073
99.853,896.5569
11.696,190.49506
20.057,97.952866
0.123,56.55248
28.97,138.25548
9.867,24.580698
350.46399999999994,1885.2479
5.5,276.66904
151.213,420.2837
59.46,14.160792
29.696999999999996,108.91764
339.087,369.80228
218.794,709.4474
21.074,14.645944
9.743,54.452095
0.017,38.731426
29.146,192.701
9.570000000000002,41.070225
391.153,189.64192
30.75,150.7135
20.773,326.226
8.61,34.208206
40.417,199.63693
0.17400000000000002,148.1884
40.274,263.05786
0.627,14.002823
0.843,1319.8782
31.944,259.2502
0.17,129.87259
49.76,222.04631
0.11,34.208206
8.796,47.615875
266.34,572.7322
19.893,174.34373
10.503,12.360861
9.28,10.602862
1.383,43.265663
9.616,31.872244
9.266,42.327763
448.127,34.208664
28.54,67.00062
290.99,37.349487
119.947,97.031975
20.06,1459.5564
39.906,40.77603
229.64,346.86304
0.296,13.624117
47.87,780.93494
61.27,1807.455
30.23,142.70482
9.989999999999998,136.70596
0.017,3.9639163
19.9,78.51045
9.947,5.152699
0.313,79.33922
87.573,80.59753
170.07,48.155243
0.204,34.873158
10.446,37.04414
2209.843,234.81583
0.877,46.433544
70.753,460.22058
29.57,222.20999
0.373,15.639221
1260.344,611.9271
10.733,39.87948
170.65,129.75755
109.54000000000002,150.79884
0.5,4.055609
450.173,212.81718
100.133,1385.0829
0.204,32.554386
209.85000000000002,115.41259
0.157,169.97739
0.984,219.91638
8.457,12.710894
19.733,173.4239
18.737,765.6211
5443.1,5504.4683
0.04699999999999999,185.12987
19.333,442.09454
0.233,216.61955
9.424000000000001,70.34906
0.203,322.75085
20.067,92.7989
18.794,291.65808
50.724,490.22748
20.964,1052.3232
0.217,38.623238
0.784,39.190746
93.28,124.63633
8.82,71.75976
69.766,51.78159
590.037,1299.8162
0.39,184.04495
0.817,37.59181
49.69,274.51074
18.9,484.91287
19.85,107.54008
0.407,328.16873
10.044,104.82965
440.023,250.81558
9.077,3.985668
8.75,23.699825
9.989999999999998,135.65549
15.133,46.393845
20.256,32.04669
1049.336,281.24036
11.13,15.136675
511.353,654.3711
0.127,37.50404
0.017,38.20299
0.126,60.840004
0.06,266.6081
0.546,615.9014
0.064,10.558114
477.81999999999994,343.6287
19.623,643.9136
0.656,40.15166
0.9070000000000001,45.424915
1.004,34.368477
12.11,26.705551
18.713,148.38388
11.02,13.891474
10.107,49.402634
17.433,61.691177
90.12,54.208027
19.564,107.78732
711.227,849.2752
0.344,20.151148
0.157,24.670345
0.8000000000000002,4.088786
27.7,40.490383
9.447,97.19279
169.906,34.837162
3.28,18.097694
0.317,46.54287
213.936,675.47003
39.503,70.34906
19.1,321.71335
19.16,8.788319
9.893000000000002,58.890926
0.61,634.2875
21.347,521.237
0.72,21.778086
63.763,91.22789
0.123,32.600697
0.577,53.23793
102.38,629.1352
71.483,205.75642
9.982999999999999,45.83327
10.233,191.31024
19.74,435.41034
0.47,44.063198
57.43,369.9157
0.11,175.33708
380.0,45.345802
10.316,127.346405
35.223,400.2814
131.144,321.99582
10.71,465.57016
8.53,160.9875
10.11,72.53876
9.81,150.25728
20.774,21.283108
72.29,1238.0396
88.65,110.13674
0.11,12.927693
12.344,514.70685
178.89699999999996,228.88269
1.14,45.638
0.127,17.109423
134.683,561.1153
0.14,57.46817
110.013,170.83165
19.063000000000002,457.32156
4310.213,2574.867
39.76,37.15655
0.43700000000000006,153.62196
29.673,369.2709
9.637,0.2643582
18.7,444.34317
0.06,63.56643
140.654,63.65363
10.117,430.6818
50.27,372.0775
19.92,442.32016
20.253,160.12761
8.97,15.918448
0.58,22.74126
650.31,842.489
9.38,347.0918
9.75,35.346325
9.37,58.431385
19.564,42.06839
110.173,41.563595
119.913,149.87149
60.207,343.42114
16.966,103.64233
359.663,417.50354
69.293,135.83574
869.75,5522.499
1080.083,1070.637
29.55,123.95868
60.08,629.3812
29.93,33.355854
8.87,359.35397
9.927,141.3993
0.15299999999999997,44.005646
0.763,20.39408
40.576,67.88168
900.26,627.6091
0.07999999999999999,17.958132
232.116,183.27983
29.727,66.170616
227.877,317.41223
10.437,37.984642
0.04699999999999999,47.69508
19.55,133.36565
0.5,359.99265
8.574,154.71417
12.61,62.53738
7.72,13.710354
140.406,539.54785
20.15,498.9694
0.017,34.982746
19.667,164.07886
17.774,396.66687
19.647,89.9302
11.979999999999999,32.04686
230.446,878.7069
30.096,127.605064
1325.244,1266.8872
109.797,98.61322
10.37,171.85991
0.33,23.205364
244.164,1346.903
40.074,18.812002
10.813,45.61634
38.686,1365.5817
460.03,337.1483
20.18,183.45166
49.907,47.69508
2799.404,11421.735
99.333,844.6848
559.04,748.7423
58.414,16.047659
0.123,93.00765
9.147,143.27696
11.314,16.55005
0.046,49.758854
0.547,17.238012
564.867,391.3328
19.773,15.810455
129.967,282.34448
0.0,34.419308
18.437,159.14189
40.26700000000001,293.34296
10.92,73.2464
8.596,43.279743
209.637,306.74216
8.826,42.354584
0.123,68.58909
8.866,15.652441
40.077,138.4003
20.947,99.96901
965.2139999999999,4892.126
179.287,104.53018
2.726,5.316878
0.206,696.8809
19.687,106.119934
0.233,1274.7864
70.753,117.27237
19.977,692.49115
239.92,1127.3248
9.503,29.088312
9.963,120.66718
0.23699999999999996,39.401775
9.354,14.912912
9.61,16.55005
205.62699999999998,171.3647
0.377,44.43793
1.14,187.13184
260.157,347.36606
0.05000000000000001,43.07496
40.07,1079.3944
29.993,62.102535
20.077,400.4088
4.863,525.5034
9.037,43.361195
19.603,355.2232
9.037,32.374863
19.997,273.29483
30.28,163.02377
289.11299999999994,201.02737
10.47,38.166176
9.240000000000002,88.868614
29.88,52.65027
0.343,62.415745
9.087000000000002,131.41074
11.134,35.10799
79.877,279.1022
29.137,142.2334
130.343,137.92204
19.717,1579.2346
9.873,95.5897
9.583,137.36086
74.81,338.00333
639.5799999999999,555.7248
152.867,801.1886
50.133,267.2496
99.603,129.14447
10.043,23.759676
9.037,46.793438
3020.82,866.99274
149.667,458.2013
779.853,186.79921
0.39,183.31767
8.38,4.022198
9.843,24.168165
24.487,268.7194
1.173,239.68996
8.244,248.69423
49.534,378.14172
54.823,265.36264
88.093,98.63701
0.674,109.23783
0.017,33.08686
99.84,1377.1875
0.203,111.45128
149.74,395.63718
130.813,352.21765
120.35,209.06795
861.363,381.40634
49.936,143.5654
99.12000000000002,193.33092
255.79,979.67816
60.847,53.93201
8.933,41.76367
0.5,80.12829
80.637,1365.1256
190.164,540.9026
0.016,39.690186
0.28,40.88311
10.933,12.777827
0.11,35.21048
161.83999999999997,327.05673
0.14,104.57526
230.37,330.48724
19.293,144.39693
1.013,38.10416
29.833,56.115753
18.946,36.91892
1.424,38.43436
29.96,54.194782
11.833,620.39813
19.034,9.1368885
29.883,662.89557
0.31,131.22734
80.243,269.86383
260.27,265.84018
21.703,97.416855
11.82,64.29213
19.493,78.248184
0.297,199.2117
0.267,13.181385
349.923,2796.5085
119.284,140.88141
8.704,38.53715
428.04300000000006,1070.432
0.203,50.17395
20.550000000000004,128.6859
89.873,189.79688
51.28,219.03813
21.243,240.40811
27.907,214.88312
79.39,95.47043
20.229999999999997,390.44727
10.373,219.82062
18.763,31.410149
0.157,112.41788
39.88999999999999,101.5471
9.826,28.065313
370.576,296.1554
21.177,71.36626
0.436,37.19437
10.31,12.900788
9.909999999999998,54.30456
10.166,111.76856
11.916,45.583435
119.314,507.13666
0.657,225.64525
0.0,109.84604
30.12,462.41458
19.726,355.8149
60.823,108.08228
1959.604,562.6163
40.11,199.0575
1.396,34.87359
18750.019999999997,1353.8726
1.474,90.25985
82.75399999999999,24.359858
19.776,56.416992
0.23699999999999996,64.3091
2.0,50.963745
19.167,92.16977
9.353,41.069736
269.79,219.08528
9.15,39.720993
9.873,74.988945
81.876,185.54533
30.19,205.6729
9.527,175.71445
449.853,234.22781
140.517,35.98809
0.03,60.456516
0.253,94.839874
9.673,34.916973
19.627,17.302681
26.357,309.69424
29.417,359.99265
0.14,39.391983
0.513,77.7357
10.777,16.267637
36.153999999999996,273.5507
0.07999999999999999,12.852107
205.97,394.86316
0.927,492.16708
0.017,16.591919
574.744,259.81558
19.814,106.44713
82.47699999999999,31.608274
619.724,266.9631
74.4,199.09705
10.14,70.735146
290.06,327.6206
0.31,45.95066
0.61,37.945675
9.957,403.76685
409.68,81.27705
19.9,143.83842
9.897,418.7593
17.774,11.202089
19.84,280.89758
400.223,1030.516
10.213,53.284008
10.773,256.69922
38.354,54.723377
131.337,302.98218
0.47,60.291348
1.297,79.50425
0.0,38.880863
19.71,509.43552
10.67,54.723488
189.614,801.841
19.1,93.48726
31.467,100.93557
0.097,229.37
329.7,1552.9971
9.857,53.7949
60.433,307.6285
9.87,96.176414
17.69,23.285894
169.28299999999996,721.3152
90.97,770.3562
23.003,145.04575
0.013,44.78177
322.363,70.21273
0.156,12.90259
8.817,41.367878
19.846,461.86624
19.45,271.98077
0.43700000000000006,253.65918
29.597,36.69904
39.29299999999999,61.70259
0.046,17.921614
20.81,34.89423
8.583,17.07744
39.874,136.84352
50.083,345.56354
20.027,395.0355
30.44,255.357
169.91,277.97992
20.02,222.73491
101.57,370.0195
190.95700000000002,128.38345
309.596,506.57126
9.732999999999999,12.604125
20.417,407.9393
9.933,141.69476
8.93,67.595406
270.653,213.64796
9.927,168.82098
19.42,73.11577
138.83,75.853195
9.11,147.57208
89.066,183.6154
18.473,77.8656
0.05000000000000001,41.323097
0.407,203.01477
319.98,139.93475
40.443,812.7951
20.464,274.33875
0.547,68.17243
47.116,75.57253
295.44999999999993,762.22327
10.483,213.59637
33.153,319.81775
10.263,10.967695
8.947,9.11891
0.046,55.68277
9.997000000000002,676.6927
73.27999999999999,100.67393
30.063,33.96699
20.207,152.57751
40.207,349.7163
16.513,248.73122
9.06,31.5389
19.479999999999997,186.18907
0.547,132.89752
0.11,34.780052
20.0,118.20527
0.046,19.881672
2453.754,978.88904
71.613,82.54658
9.807,317.11722
9.84,252.99973
318.844,1665.1592
1.66,85.5855
0.543,36.56701
19.293,480.45276
80.1,161.73482
169.414,111.79965
19.819999999999997,537.312
9.989999999999998,942.282
51.763,170.90358
40.247,167.28989
19.26,11.441448
0.14,25.401022
330.047,1024.1051
0.04699999999999999,14.47019
17.75,92.80676
20.277,333.76013
1.877,83.74511
0.67,10.295242
8.763,43.908283
3.2000000000000006,17.101208
0.033,41.03362
0.063,191.3137
60.03,33.51505
0.23699999999999996,5.0004067
14.297,336.92853
0.013,17.596617
19.37,45.919483
9.193,30.82023
1329.057,294.00143
10.0,35.188026
20.297,270.35153
19.667,55.18488
49.32299999999999,302.64847
9.490000000000002,23.682858
0.17400000000000002,141.28116
6545.5,5496.98
19.729999999999997,418.69412
19.979999999999997,1113.2336
404.61,367.22882
60.364,21.031485
0.504,44.761753
18.94,292.57394
49.1,1018.1004
0.017,24.490963
8.903,17.195068
100.823,20.528704
121.923,340.61798
9.683,259.20663
17.833,14.130026
10.103,196.41638
0.063,174.14482
0.046,9.554337
0.22,15.143045
20.363,42.515583
0.577,50.325687
9.713,126.97184
18.68,200.65805
0.22,1620.8368
19.21,310.22214
128.226,154.7576
360.203,354.62967
49.404,172.25447
20.1,450.49393
0.17,49.59866
30.976,324.5222
0.05000000000000001,85.36049
19.714,71.87446
20.42,15.574488
419.35,100.94997
0.11,170.06468
9.657,40.88967
0.22,11.345113
0.127,126.193405
1769.713,770.28217
4.614,145.89003
10.547,49.822464
531.727,222.90735
170.49,137.89478
9.97,184.59196
18.617,9.86733
9.157,125.53498
18.9,337.54114
138.943,106.53842
19.66,45.829414
11.596,31.779905
3.686,116.81016
0.453,40.24801
58.92300000000001,97.72395
69.826,241.69257
0.09399999999999999,24.94184
210.61,543.71954
1050.367,122.76579
10.186,46.977013
10.23,58.239746
0.016,15.117667
1.483,20.020647
220.703,364.4508
0.326,296.5952
22.584,230.18817
0.393,314.16412
121.24,15.490879
10.954,47.136536
130.956,682.9014
0.39,164.46706
0.47,36.91918
0.406,116.260895
19.976,137.19476
96.493,24.124384
1198.023,981.0538
16.326,355.33414
340.093,230.96149
20.693,74.4533
5.433,18.434172
0.076,43.07496
70.26,280.6234
49.816,634.4925
170.23000000000002,291.1555
14.04,46.783188
0.11,57.543224
90.92300000000002,573.97754
630.003,348.26886
8.87,15.256187
0.06,53.099594
10.553000000000003,68.3892
39.357,89.414604
1100.126,169.62616
10.587,40.036343
0.674,166.75934
9.25,9.250581
10.177,52.231358
10.787,38.571754
228.81,238.43835
10.18,54.925888
19.715999999999998,24.789543
150.9,268.80487
0.25,74.98508
0.817,14.053974
0.267,75.81818
18.973000000000003,143.9804
19.483,169.01889
280.547,1957.2545
4.484,268.9779
40.227,642.5445
20.393,703.1814
0.61,37.484447
9.95,76.91116
10.234,38.482616
0.127,199.46913
609.63,598.81793
21.187,286.4496
80.767,89.07752
129.867,164.05508
59.97699999999999,55.87244
9.533,39.625244
39.75,16.32041
160.58,66.36684
10.070000000000002,40.853714
30.33,26.606077
570.49,706.1918
9.39,36.998856
9.994,54.51621
38.693,1329.0803
39.524,66.00572
0.07999999999999999,16.744555
16.91,324.7586
119.89,576.89966
65.11,203.5528
19.587,271.02454
8.05,15.96333
0.093,53.742935
9.77,187.13184
8.15,48.447395
19.443,615.48114
0.42300000000000004,36.48656
969.907,80.63726
18.774,163.97934
20.41,57.258736
82.746,241.43542
639.796,347.3759
8.596,167.68661
69.05,183.53748
9.820000000000002,111.54753
9.94,31.900972
25.704000000000004,59.967567
0.097,36.96925
7.424,42.926563
18.94,50.69314
39.19700000000001,380.834
20.003,159.68396
0.217,339.28906
9.659999999999998,82.20452
18.907,14.736534
0.107,78.68297
50.047,36.580418
34.59,107.73967
677.01,1233.096
1172.823,1020.19244
18.474,135.65549
9.017,194.76572
160.293,244.19038
30.32,574.92694
8.44,14.04924
0.703,503.61545
0.313,15.197313
18.076999999999998,38.368988
0.14,34.98564
89.997,125.4248
1217.687,400.01813
10.397,442.77155
0.847,270.8082
30.91,284.4356
50.377,278.18073
9.953,64.1706
0.093,130.18251
6.517,91.658516
0.11,33.308727
150.22,1059.2501
127.95,345.2216
150.847,265.6666
449.967,1674.3605
1.127,14.027478
467.70699999999994,156.36673
1334.443,892.3773
9.553,66.12406
0.407,16.886309
69.81,602.63385
284.73,382.13293
11.8,155.43367
29.097,701.1822
0.0,22.437603
28.842999999999996,34.575695
0.14,183.19698
0.033,43.761593
69.763,354.76617
10.083,8.858817
8.944,41.178093
130.87,180.05179
11.276,20.932701
19.617,68.68408
80.263,79.7999
20.176,816.504
29.523,398.41492
19.15,57.72792
0.266,49.328762
10.123,54.30792
159.313,502.32394
10.062999999999999,63.76636
0.11,53.701645
13.767,17.762094
9.78,244.33559
11.666,29.881655
20.573,130.8764
19.640000000000004,743.7588
0.14,40.31371
35.94,24.192556
160.05,724.76263
8.25,10.875327
19.963,57.721733
40.06,909.3437
10.736,17.502554
19.177,191.77274
1877.806,43.2992
0.483,40.01597
118.53,72.094734
440.174,61.08302
8.953,45.638
20.703,202.51723
0.987,275.56458
0.42300000000000004,101.77594
20.904000000000003,45.52631
20.297,11.998578
236.24299999999997,27.984772
6.37,15.143045
0.58,38.213036
0.09399999999999999,53.63362
14.273,42.82841
0.856,21.329603
30.804,91.150696
20.08,94.80252
18.652999999999995,70.57562
0.14,39.959156
80.11399999999999,233.58014
13.960000000000003,102.13014
9.957,215.35283
19.965999999999998,133.05934
7.093,47.126766
871.15,778.33356
22.864,52.81009
17.533,87.889175
169.657,96.61845
0.484,186.27356
0.157,48.135326
11.149999999999999,656.54785
0.09,56.018444
9.19,128.70694
2.093,535.9372
8.426,61.034386
1300.317,963.99054
139.567,209.97302
11.084000000000001,72.47003
0.284,440.72736
18.38,236.25497
10.23,248.10881
0.124,833.5189
10.064,9.279838
10.239999999999998,99.81995
0.75,15.219125
0.14,50.687405
5.6930000000000005,40.212482
10.423,45.574818
9.766,71.366325
9.804,67.47057
16.51,150.24344
0.44,42.521336
0.8000000000000002,42.72862
20.062999999999995,718.533
172.79,561.4198
159.864,1106.1929
1.25,169.1916
36.34,761.9804
49.203,452.723
8.217,37.59181
4.676,21.139654
8.18,38.811363
33.03,191.36363
0.127,15.691861
20.19,147.38394
100.464,732.1996
0.11,322.75085
349.82,117.35757
10.23,188.07332
0.017,23.407866
0.453,46.46383
10.913,44.93801
9.79,33.405346
80.98,180.47345
24.967000000000002,448.73172
100.74,139.17914
10.963,296.20615
99.877,267.55698
22.747,523.70074
105.433,402.321
10.906,51.210793
199.85000000000002,252.87872
139.76,135.76193
5.593,55.915512
70.33,477.69635
19.883,3.8993502
538.994,1286.8417
25.463,675.24927
1.11,41.093624
1418.593,146.19313
19.493,292.51523
19.81,46.092804
89.39600000000002,373.309
17.01,93.30562
1.8,1.1861368
1170.336,5011.676
9.116,60.55054
18.904,63.001778
10.070000000000002,96.678345
0.483,34.746613
29.936,160.78732
9.85,437.76746
140.383,127.03678
150.194,703.55237
28.703999999999997,36.663918
9.447,25.356443
19.61,235.84566
0.25,46.977013
150.923,451.45517
9.513,97.03916
0.25,246.75986
60.37,68.1784
9.873,96.64792
39.77,397.73422
9.167000000000002,57.189747
0.04699999999999999,63.326294
0.577,44.051632
299.863,679.6718
249.14,200.65323
29.854,143.6272
10.493,168.96399
89.967,31.13483
1.11,186.65685
9.863,142.14276
41.196000000000005,762.2432
29.513,216.61955
40.19,670.2607
11.134,17.9627
480.087,462.9
2214.416,592.8449
390.157,273.45386
29.203,789.2931
0.66,145.16898
239.833,337.32706
0.453,77.32318
29.063,98.22932
0.046,23.43024
0.126,137.78699
239.39,512.9634
28.97,106.23153
19.787,12.927092
24.347,52.9157
9.467,60.683964
2862.577,84.8927
9.95,164.07726
300.59,829.9087
1385.9429999999998,205.6008
59.763,304.29868
1.407,31.92556
20.18,234.84668
18.83,43.110016
19.823,371.8479
79.39,768.9312
25.393,153.7041
29.973,76.57571
19.569999999999997,249.34879
0.394,316.5795
1.127,70.10057
19.446,576.8693
0.517,35.756947
69.963,181.72672
11.103,116.74045
40.37,120.180916
9.833,38.248116
40.467,197.85703
20.373,46.881634
10.207,38.30471
20.497,112.36663
150.036,323.1826
29.06,41.27306
10.39,105.56153
0.53,17.728884
21.266,64.02768
189.89,76.55333
19.17,136.2218
0.04699999999999999,14.896428
0.156,577.529
30.053,393.9872
19.394,1392.4807
34.523,155.88402
0.107,46.372684
19.937,199.85196
11.097,56.82137
29.223,184.04495
38.58,139.86401
611.587,1517.093
0.297,34.940308
30.09,80.465416
60.607,495.23483
109.903,331.66345
0.03,12.289218
0.03,68.4443
0.013,35.55106
18.77,38.955738
0.343,75.69426
199.466,196.32892
19.947,53.66095
8.64,17.629608
73.033,164.7035
20.143,133.42569
9.883,509.85468
2.82,16.129808
1.016,97.281334
19.79,127.16771
59.74,63.29845
28.873,165.6087
51.383,194.58601
1.037,680.33344
0.157,32.970608
19.79,56.838417
323.95,445.29266
75.343,177.90132
0.076,55.8729
10.53,109.009865
79.366,125.08807
0.06,43.58206
10.13,114.48198
0.157,87.00508
0.6399999999999999,71.02763
9.807,45.466854
8.823,42.534748
0.22,108.49926
263.603,41.9469
20.9,34.60854
710.0299999999999,84.18517
10.392999999999999,15.705883
10.107,144.37956
9.9,82.56858
9.3,40.071587
460.013,342.2649
160.00599999999997,93.996704
70.624,588.7912
20.227,182.20271
40.287,109.47517
99.807,650.73834
689.887,548.8035
9.957,42.271408
10.756,141.28116
50.7,92.25903
13.969999999999999,206.22115
9.824,77.24925
18.85,71.59734
58.14,458.51236
9.67,164.99287
9.087000000000002,54.88145
179.003,294.62585
0.5,9.679621
30.583,78.71258
29.757,199.85196
0.297,388.9904
12.9,39.783024
10.097,58.87309
39.953,1356.627
5.126,173.5241
9.223,225.96994
1.5370000000000001,92.77322
20.674,70.85625
5036.837,479.61392
318.306,262.22314
20.51,158.15962
0.123,163.86386
60.05,231.20111
0.03,44.32436
10.27,8.835309
9.76,138.58748
9.666,163.1775
9.653,5.1114264
38.88999999999999,39.565376
11.207,107.19602
11.28,61.45155
28.107000000000003,14.447642
59.95,170.26442
9.323,16.981812
100.187,90.016815
40.07,1335.4435
1361.4199999999998,1081.1029
0.267,56.55248
60.054,340.22342
210.504,998.42694
19.625999999999998,33.131615
19.983,431.64032
0.97,5.1191916
49.907,349.49173
8.817,41.367878
179.52,231.30331
0.093,37.799923
59.083,493.15286
90.88,240.02109
0.14,15.997041
17.886,141.86258
19.88,111.12441
651.347,2615.1096
60.127,346.91675
19.227,575.87177
8.337,40.870533
81.91999999999999,570.667
1692.3299999999997,300.30164
20.077,144.04735
39.987,50.363514
252.757,37.21969
19.68,601.9836
892.697,1185.8485
8.947,43.79282
19.28,125.80348
9.12,24.999868
69.163,234.17043
0.063,32.478214
19.9,158.44217
9.87,78.09457
159.907,223.5748
1.457,14.076114
8.933,322.35522
10.787,27.141994
21.472999999999995,25.641228
10.05,372.31644
0.097,34.0917
850.337,1723.4602
51.216,144.9165
1.314,26.927864
23.29,558.5221
22.103,25.655216
0.013,449.95145
9.513,120.33365
9.506,328.59412
8.173,14.281776
19.0,130.85724
29.83,2268.1814
30.696,547.4962
0.283,61.75664
1.05,44.722755
10.437,137.26889
10.373,124.78646
31.9,117.62899
820.337,132.0251
148.99,18.447557
9.86,31.833092
9.28,11.154814
11.813,407.94138
20.45,780.2629
100.333,224.62987
20.037,9.425223
19.890000000000004,802.06244
0.75,14.819309
141.577,42.084354
9.42,196.0942
80.47600000000001,140.35197
0.0,245.89206
0.127,14.05439
0.033,47.69508
4.64,103.28624
20.050000000000004,888.26526
10.157,53.15667
30.13,18.229118
30.092999999999996,400.97412
10.137,699.1866
0.23699999999999996,4.0002394
0.063,13.37064
144.61,567.7311
120.56,386.47565
0.5,18.23369
49.46,130.68694
49.13000000000001,99.749016
170.243,141.62088
62.11,56.06053
28.876,21.585253
160.296,207.73793
40.964,157.97964
0.22,18.211283
160.45400000000004,529.5238
9.577,20.60956
9.94,198.14317
89.077,529.126
8.627,144.11949
11.5,35.81771
40.9,93.04101
0.11,46.830303
757.12,350.46533
2279.707,1251.3466
19.36,7.863995
0.233,37.210495
99.77,415.06305
71.35,221.57991
567.17,355.908
90.403,942.1452
19.137,120.13785
2300.043,1668.1163
50.88000000000001,94.72753
8.963,33.401493
340.03,117.782616
10.523,76.92596
8318.347,7577.492
149.657,824.214
0.454,45.79361
0.187,13.951814
1.157,68.74263
1.193,189.43654
912.263,291.55328
30.733,70.62569
20.717,195.08984
370.163,543.38245
0.207,39.618088
0.8000000000000002,51.501316
20.487000000000002,8.822548
20.096,396.04962
7211.313,2710.349
10.453,3.9783998
0.42,183.31767
2335.857,656.8019
70.17,146.28017
0.017,53.099594
0.11,35.075172
20.2,216.48256
0.0,87.461174
110.227,528.0346
40.53000000000001,201.5994
0.093,43.450085
11.243,33.746002
181.053,286.58374
0.234,74.91607
18.37,53.55135
1049.893,1835.0685
0.064,3.9566832
9.594000000000001,64.3091
334.3,3274.5022
20.087,87.59404
108.09,452.25793
39.35,369.77438
0.14,43.833138
339.666,66.73855
220.756,333.83804
0.937,265.97638
30.156,132.77464
498.957,158.94395
268.983,355.45145
41.05,242.50726
0.017,166.42322
39.437,276.4171
8.604,54.326904
120.03,420.6561
110.533,150.49051
19.52,38.522102
0.374,125.436066
9.58,55.486652
39.977,32.01881
14.344,47.77027
39.556999999999995,154.00285
8.25,45.822357
39.44,2.5528727
8.15,49.964348
49.527,112.45401
1.75,20.539316
18.04,185.25911
20.097,284.67166
10.89,298.8066
0.927,44.06393
10.89,619.22473
1.053,371.14185
7.386,37.482235
0.093,439.5831
20.076,103.11223
69.097,336.42966
31.264,100.66053
9.97,68.76428
0.283,37.318306
0.344,15.826622
1.3130000000000002,26.073835
20.003,62.432175
1.08,31.606895
0.017,48.49363
3.98,15.613525
19.83,195.78325
80.234,455.00937
20.083999999999996,332.01846
20.062999999999995,212.87735
30.25,120.2041
280.176,334.02188
59.824,55.150787
211.21,618.7264
59.837,80.59708
19.673999999999996,98.90506
0.21599999999999997,41.359398
130.96,1085.5803
8.8,60.291348
29.43,327.16724
32.137,842.3785
0.436,129.87259
560.123,234.25996
9.38,503.33527
0.28,15.929188
50.1,102.76275
178.27,208.2705
379.7,671.0955
33.47,13.723184
0.09,25.871153
1119.917,483.66055
70.1,109.73044
99.483,534.01074
10.604,260.01495
0.203,151.0829
39.554,149.47305
14.25,251.95024
229.154,834.61804
170.967,320.20743
20.62,4.073896
139.42,71.89409
36.177,24.804113
42.11,186.6587
29.564,288.36716
20.300000000000004,15.614081
19.75,467.8519
0.553,14.131102
179.363,286.38638
0.07999999999999999,54.736145
9.117,57.78011
0.967,8.719319
10.68,162.98846
10.164,18.990978
30.034,40.29065
29.557,303.22876
0.283,280.1924
49.606,610.23895
339.433,186.01294
0.517,27.125097
8.68,51.42163
9.71,2.6151009
49.853,54.956135
250.413,494.99194
9.887,48.682964
31.303,54.017944
10.26,71.97351
39.733,68.58837
40.473,1297.713
9.586999999999998,131.57611
0.657,18.16558
30.56,598.3021
63.246,32.600697
1.843,10.602862
9.35,33.308693
100.827,483.47922
1.766,289.64056
10.796,193.4058
1195.107,842.91284
1610.303,96.0937
0.403,13.825159
8.32,17.24602
22.334,572.6991
0.69,82.124916
0.11,187.36148
1.127,363.26047
17.803,14.504816
12.103,38.82975
20.073,38.190624
109.92,80.82099
5519.643,7664.5093
58.776,170.0182
28.347,237.95651
18.997,18.06385
50.853,36.602665
10.984,39.852272
11.046,41.85739
61.017,265.64734
235.777,192.33664
9.426,19.328482
379.856,1132.9764
9.89,451.79657
0.19,54.5466
80.28300000000002,40.947186
9.81,54.775154
0.547,507.21942
380.16,120.06629
0.063,37.50404
0.733,196.0942
0.55,16.271181
10.397,61.914265
19.283,371.8479
34.593,64.47397
10.562999999999999,378.7783
530.03,2884.3303
20.714,77.05857
49.27,338.66656
0.6729999999999999,159.08098
0.564,9.86733
0.097,24.136093
19.736,29.072002
0.937,65.959015
199.22,107.57803
29.856,77.53164
239.033,997.1903
10.673999999999998,45.350334
20.297,325.84006
0.124,49.250275
0.123,55.326523
0.017,46.932426
24562.62,9266.272
20.29,1448.1503
90.39700000000002,349.98117
10.883,15.909112
0.017,151.36536
39.86300000000001,216.5359
934.13,2177.5115
10.126,38.82824
9.463,163.86684
19.19,227.53853
10.127,217.81274
1.117,40.30325
9.14,98.05587
30.897,537.91815
9.003,39.46947
21.33,29.423868
78.93,105.93682
19.366,336.4363
29.509999999999998,90.727875
0.124,47.48015
2968.047,14794.485
30.574,177.4571
19.640000000000004,337.97107
9.53,52.78942
10.797,16.410032
0.017,222.71048
10.454,82.47132
9.937,90.362
0.41,13.0125675
299.96,292.85736
9.409999999999998,43.481724
10.88,44.552254
249.76,496.82727
19.93,305.31808
40.13999999999999,702.9908
0.28,10.42502
18.819999999999997,41.54557
10.97,60.765488
9.8,53.191765
18.263,41.437252
29.647,165.53703
759.7029999999999,2237.4758
41.603,380.52087
18.96,61.63121
40.896,132.40541
20.073,198.45558
59.973,244.4621
52.22599999999999,251.50812
10.943,13.413939
70.047,152.92316
0.046,34.118675
11.003,70.08874
1589.677,1741.7075
0.063,3.9639163
670.564,619.36957
550.753,693.95734
53.937,136.78731
10.08,142.42332
9.482999999999999,63.348698
49.924,102.60991
20.213,14.836963
20.653,53.793106
19.294,603.21783
20.35,130.56471
12.82,196.27046
0.8130000000000001,132.75328
9.853,165.8112
0.23699999999999996,15.194692
30.767000000000003,369.13217
18.85,244.48816
0.97,3.8851535
60.68,110.85167
1981.45,486.6919
211.696,787.3646
20.300000000000004,33.968555
19.846,616.72815
30.493,122.54999
99.09300000000002,139.56924
0.844,9.443189
9.27,17.236553
41.12599999999999,64.78058
9.94,11.014211
59.167,115.06673
8.637,17.943151
429.99,434.03738
11.074,155.61475
20.873,310.23743
331.186,482.76938
8.983,45.737686
0.203,17.154564
10.09,15.454028
2.483,405.23154
0.203,445.78052
8.9,54.043568
59.64,684.0307
80.39300000000001,117.18378
0.03,40.03638
11.640000000000002,105.87573
0.124,121.66532
0.157,43.795643
0.017,31.350079
0.033,39.506
19.402999999999995,347.39725
0.077,53.331676
5.723,15.774325
20.02,3350.0698
97.946,544.4164
24.71,148.01761
0.33,37.92536
0.14,208.49776
10.63,93.36587
1010.2130000000001,2078.5164
57.737,50.920506
10.62,35.400497
1529.867,1956.8617
28.913,286.01215
9.67,9.487843
9.94,264.48297
0.076,73.00159
0.33,36.701237
249.877,718.533
0.843,72.81456
747.8,142.13818
450.37699999999995,1465.7491
720.0360000000001,200.47963
11.343,48.70672
110.14,235.76532
141.82,234.86646
0.046,141.16905
0.15999999999999998,40.058544
9.137,451.79657
8.517,366.8935
39.787,154.35231
5792.016,2421.0693
140.453,312.26196
1.864,62.51541
39.206,234.20772
91.17300000000002,299.61588
8.947,35.339935
27.503,81.00045
10.096,32.663536
0.516,14.821806
9.883,68.476685
0.19,152.15536
18.87,226.01598
0.14,22.981373
19.01,91.50171
9.976,118.83745
9.53,34.464787
19.31,63.385376
8.037,14.364977
444.03999999999996,139.03674
170.103,377.55392
9.52,61.594364
189.317,230.75015
10.17,289.49545
0.643,23.563194
9.85,33.2433
319.997,677.3781
0.017,37.793884
1540.26,1044.5272
29.696999999999996,490.30652
20.043,133.53362
20.023,75.07342
20.26,487.54388
18.61,68.80304
9.763,741.7454
150.22699999999998,105.06335
0.5,77.48476
319.694,173.0453
30.797,74.70034
8.977,92.6747
9.607,22.767427
1050.387,1505.241
20.837,426.41452
0.203,25.774391
0.533,18.034971
29.837,360.7608
20.184,105.89126
7.894,25.231953
1339.916,499.89853
0.207,13.946528
9.56,117.33413
29.563,15.747516
20.140000000000004,411.9333
0.06,24.99988
159.917,573.98364
150.50700000000003,381.20322
0.06,1.6257766
7.7,14.183765
8.22,32.96001
9.69,43.547626
1.03,364.82864
10.073,43.166077
9.637,30.772575
89.13,482.436
8.737,103.741585
20.427,181.51082
9.943,192.95331
2.194,40.351135
223.367,723.6445
1189.71,1273.4347
0.284,141.57942
20.03,619.22473
20.79,1548.1621
1806.49,222.2059
0.0,383.90707
0.7670000000000001,58.584858
180.263,2195.0046
0.144,15.324528
9.982999999999999,97.66234
20.193,193.89247
1.5169999999999997,41.105785
8.74,96.8692
300.606,2366.616
0.656,51.000828
9.81,39.819534
0.453,52.73244
29.514,105.70849
190.01299999999998,707.1057
0.127,143.11882
0.127,39.975945
89.903,183.25539
151.05699999999996,158.02243
0.453,14.446306
40.22299999999999,225.61447
41.477,497.73343
9.734,131.83015
60.102999999999994,388.837
340.817,785.0746
1479.3229999999999,474.36868
100.207,360.93747
320.533,723.50507
1.25,26.226215
34.547,145.98698
120.266,257.06546
19.843,367.4032
9.527,141.57942
579.744,182.31902
46.096,314.77145
9.48,51.59504
1020.043,1394.8328
1.0,275.0265
459.277,312.35217
0.173,40.324806
9.85,144.21254
8.354,144.74054
1955.577,2210.973
29.574,40.46366
19.293,117.849144
39.224,132.62012
0.19,14.945731
1100.0,720.33923
20.03,738.26447
10.27,623.83844
151.62000000000003,201.42938
87.244,137.7542
20.4,125.52771
249.913,521.6874
9.363,405.40894
0.19,108.132256
8.904,183.8654
10.143000000000002,33.426937
20.18,141.16911
8.53,507.21942
10.087,59.35825
59.183,594.6747
8.536,44.096745
109.19,264.435
8.94,181.57422
40.55,16.184786
1008.3139999999999,139.79623
40.037,437.3147
287.787,196.38947
118.953,188.40562
1249.44,136.81635
10.16,5.139269
40.263,548.2902
40.43300000000001,1187.7101
30.007,620.5086
0.017,164.76613
19.327,46.2313
330.003,768.1255
0.657,48.392517
0.483,23.960653
1158.043,202.53526
382.0330000000001,318.24658
9.177,52.269814
88.273,684.2587
659.537,1119.0507
0.063,18.508791
0.36,16.455727
9.812999999999999,14.882385
9.593,24.490963
18.413,14.76523
0.5,137.17384
97.177,28.77701
10.323,61.511387
0.19,597.74054
10.097,51.819675
26.093,582.68207
29.817,131.0951
0.263,158.13815
30.477,337.14362
0.774,45.05101
0.127,14.320406
462.02,193.30345
9.987,49.042885
0.25,24.478348
561.343,268.48837
29.8,60.544544
10.76,766.07874
0.11,42.097504
70.547,1133.002
0.89,47.45811
0.034,170.96866
0.06,56.186726
0.203,131.15291
12.044,43.5417
2861.2,730.417
21.017,40.49856
85.953,74.46435
0.204,27.928875
9.524,17.662638
199.51,603.66455
10.023,69.26843
9.64,26.073824
279.237,578.0277
16.236,576.10815
60.339999999999996,219.49432
124.65299999999999,135.93787
0.373,296.72864
89.307,253.11307
39.533,347.11343
8.89,41.15049
9.503,17.173462
19.85,523.7608
90.76,375.70453
28.887,108.97679
0.0,37.356937
0.156,48.27922
280.027,142.14641
0.47,40.225838
8.177,60.443275
349.996,2145.581
0.124,188.98001
39.58,475.8465
9.836999999999998,47.07358
20.003,121.8339
9.753,44.692326
10.616,170.2032
19.877,113.55158
130.276,460.0195
8.0,426.59406
0.21599999999999997,97.952866
10.03,213.57817
9.45,354.34842
10.150000000000002,48.447395
0.83,125.738
20.103,151.73737
40.154,114.49493
9.29,62.907436
170.197,559.2907
1039.41,321.74326
19.997,140.63394
7.65,40.204205
0.33,45.79361
360.087,295.12756
0.344,16.388054
0.517,27.224218
12.007,49.149666
1.543,39.385246
10.127,124.38165
70.77,104.12443
0.42300000000000004,40.166656
10.637,46.25797
8.827,67.27876
80.593,229.52614
28.033,150.82631
7.694,14.59683
9.659999999999998,58.511402
1.2340000000000002,13.466206
1.117,150.44456
119.987,25.592276
11.637,36.301235
120.26,308.1593
40.803,206.78586
331.203,204.69608
299.03,179.47021
20.069999999999997,163.04669
219.777,130.94507
0.69,53.799282
0.597,47.07358
9.637,114.037575
0.187,10.602862
19.953,22.981373
10.074,65.24023
7.517,25.031504
469.343,716.7448
20.687,135.22429
20.04,1072.3064
19.773,362.77472
59.83,323.39774
29.767000000000003,37.756752
19.363,63.66017
0.013,154.71417
59.763,237.18259
0.013,66.1176
0.843,839.9053
0.11,43.683212
1181.3559999999998,680.7983
179.247,385.14236
0.33,36.417538
24.67,25.027403
9.903,59.161
1713.973,523.25385
70.273,177.46774
19.454,79.43528
10.623,61.772186
9.367,266.37207
181.61,303.5951
40.15,238.76372
0.123,14.945731
39.8,556.7672
71.14,20.05878
199.85000000000002,304.21988
941.72,252.365
10.3,24.373732
8.854,25.473034
40.356,142.34953
0.39,24.048243
9.35,12.062129
79.24,107.415184
20.523,214.40689
1962.423,252.61542
170.153,651.0161
89.514,57.222652
10.194,53.056026
10.23,39.89594
0.157,68.23307
8.957,40.075993
39.894,1067.698
866.1,176.99913
40.247,17.812462
80.483,129.54298
0.093,183.89305
40.29,95.35105
19.890000000000004,592.14923
70.773,464.151
19.74,656.4909
20.267,19.61751
0.987,48.646866
10.763,34.518055
9.583,101.67001
0.406,13.850394
1.013,35.346325
8.83,14.266073
21.214,53.295673
18.62,188.2254
9.693,42.56786
0.013,41.069736
10.34,462.01495
10.033,108.70828
229.33,828.0959
0.814,44.514076
9.92,24.01216
40.244,68.40349
11.193,58.641087
10.457,440.0161
20.807,364.23044
19.84,102.79637
9.81,62.78855
9.906,444.34317
9.376,100.07457
38.68,96.425735
20.300000000000004,638.64386
34.343,111.67136
1.034,149.90802
1.173,43.075577
226.663,381.75983
0.033,66.003174
25.926,170.63762
19.823,138.87369
20.046,136.21884
40.233,460.5803
9.84,23.613483
19.783,552.1039
60.147,174.99953
18.730000000000004,34.011196
9.943,44.28699
0.0,13.124822
459.92999999999995,154.85721
0.703,27.423634
19.623,463.13126
200.40300000000002,701.1822
40.077,300.74738
0.186,23.018034
0.263,93.524
9.213,16.981827
599.9069999999999,3015.0327
40.063,74.4533
20.903,499.22525
180.23399999999998,147.75914
69.843,458.7238
0.217,67.89511
20.21,272.56985
1530.05,439.49255
0.593,45.114853
9.973000000000003,32.473045
10.64,442.32706
11.297,176.98772
19.99,362.82025
0.097,14.20864
41.59,426.67398
158.136,203.77892
10.12,22.11535
162.357,68.46208
20.057,67.301125
70.603,138.84
9.95,55.8729
20.45,89.61344
18.807,103.60409
19.2,128.93895
70.533,87.77074
8.337,21.957256
91.05,188.72757
29.767000000000003,903.41815
432.06,42.442867
0.377,75.59232
1209.234,145.87921
341.257,141.7136
9.5,45.020054
9.307,176.28526
719.383,1153.1398
230.46,574.25726
77.91,202.12662
39.837,277.41296
10.71,404.40036
52.353,63.211845
10.307,233.26857
20.407,33.3113
190.167,634.5654
10.99,35.577114
21.753,438.89948
1.8,113.50992
487.647,33.074665
19.65,278.31268
679.103,1763.0479
9.464,13.749716
19.847,714.4267
100.13,209.30353
8.92,41.243774
19.143,586.9152
41.026,23.741253
9.823,184.15063
151.31,602.37836
10.123,41.50506
40.083,112.559425
29.094,12.424279
9.937,55.911976
29.919999999999998,32.614395
0.283,336.20444
959.923,723.1584
8.587,60.384525
0.563,11.781754
19.727,470.8082
1617.2139999999997,781.83344
11.013,129.06749
19.866,182.87999
40.237,916.0256
0.847,11.487386
380.034,259.5134
0.06,36.372154
0.406,43.296207
7.427,13.66044
9.64,46.97576
20.11,34.170414
0.267,34.118675
10.36,32.374863
0.14,47.1026
128.39,56.628838
21.043,119.67544
0.033,33.025776
50.343,570.6543
9.17,404.99048
0.22,184.00974
189.75,175.75963
0.097,44.62862
2.236,483.65558
9.13,243.89293
0.47,13.774818
0.483,16.660425
9.26,39.512093
158.29,893.70044
10.650000000000002,298.87192
19.902999999999995,226.37447
60.13,109.979675
28.034,26.691269
16.946,82.83472
72.25,448.48975
20.013,360.99713
10.127,43.978245
392.627,325.2609
1.113,32.16574
19.627,153.90503
12.08,462.6463
1373.52,1130.7466
10.569999999999999,347.42795
0.36,403.54672
149.07,411.98444
60.073,121.4745
20.494000000000003,54.522236
0.093,16.977345
19.274,77.542366
0.19,12.551086
29.099999999999998,12.241336
6.533,47.615875
2.503,20.539316
10.203,232.24178
157.573,875.0197
50.003,116.39304
90.59000000000002,1364.2748
0.14,80.59708
0.363,62.50724
10.23,16.674105
9.477,211.73993
0.513,3.9494805
1270.8,370.96832
49.964,134.65227
19.55,310.94516
8.894,165.46632
19.333,34.10337
9.78,68.37189
20.993,122.3473
50.09,14.576436
18.93,147.41043
10.343,230.32149
75.49,184.17204
69.953,53.27894
79.25,80.72717
10.073,240.71878
9.343,40.33167
0.924,46.639805
10.513,17.69572
0.217,209.21927
309.933,447.69064
19.437,155.5094
10.763,129.66425
18620.397,12538.613
0.11,123.54006
40.056999999999995,91.40436
0.017,53.203243
10.286,199.0575
19.867,162.16354
11.13,236.30075
1307.733,343.63977
10.123,53.3252
24.42,202.9192
9.417000000000002,122.858665
0.06,34.076782
9.647,1905.5858
18.443,221.61519
19.366,71.98581
18.863,28.242228
19.94,14.510154
18.837,16.754053
19.197,281.86667
2966.3359999999993,161.35777
10.58,54.72614
1.013,29.431677
1.063,23.543499
20.577,75.88714
61.833,90.84884
20.87,167.97466
9.137,45.27105
9.397,55.43854
9.09,103.02255
89.473,111.68793
0.017,52.462337
1.614,37.723743
9.807,133.7452
9.277,38.54988
31.016999999999996,398.8179
49.524,105.37808
30.283,185.35548
117.52,700.2312
11.45,594.91974
30.37,277.54758
0.296,17.629608
9.92,29.007053
438.627,341.4938
10.123,94.25171
159.827,376.00558
5.597,43.833496
19.08,368.5906
1.067,69.969284
79.73,424.87433
649.823,211.23558
0.127,15.744334
110.186,41.589478
50.177,57.69486
29.29,106.431175
10.166999999999998,92.27319
0.267,4.1037307
20.293,147.61409
0.03,35.749985
10.026,135.75421
0.313,100.157364
1290.25,236.63573
9.833,11.1077385
0.127,57.12661
40.417,271.75607
39.55599999999999,210.06447
18.357,16.102407
0.61,58.929375
0.046,46.78438
0.19,143.19899
90.14,92.7989
90.376,484.08362
8.447,44.205288
20.963,105.56153
80.097,126.123856
20.386,24.45095
0.314,37.649673
9.793,56.373276
20.077,94.373344
39.193,231.94705
10.017,64.1905
60.07,511.51813
0.03,31.820324
0.124,23.973581
0.107,55.53471
9.653,9.261805
79.787,189.84857
10.724,53.93499
41.797,42.26504
10.02,98.31933
2.093,5.302697
13.389999999999999,50.583427
29.987,251.02734
10.364,1364.5653
3529.97,1108.929
20.224,153.61226
0.593,47.55971
170.92,943.3158
369.973,112.0995
39.714,320.2198
29.925999999999995,1.9571868
130.26,547.07794
191.694,114.91477
0.296,43.547626
49.803,26.425404
1.174,9.480354
31.16,1023.95764
129.587,154.79819
0.097,47.014614
559.883,745.8579
0.357,17.498098
19.84,52.00119
140.387,135.23941
0.127,15.284049
9.343,39.937405
9.85,47.414825
1300.253,599.4745
62.786,344.62103
20.053,42.95461
29.817,855.11383
29.906,93.23394
39.587,678.3728
140.96,487.42783
50.147,112.54267
9.973000000000003,33.176453
28.397,40.396053
10.136,2122.3877
1.096,443.01572
9.154,45.026356
29.463,129.37389
19.933,222.68367
179.76,68.96688
369.806,661.9064
79.996,69.1409
9.984,56.21317
91.177,280.47098
11.777,23.183962
19.84,223.38246
30.146,754.41583
0.127,25.958311
8.86,41.41673
0.17,153.7041
9.817,67.887695
70.553,86.06002
39.93,156.84264
0.69,67.2935
9.97,32.997498
109.577,249.28787
0.547,95.00339
9.907,16.34046
60.03,291.99802
59.98,397.3901
10.467,60.52863
9.357,13.571278
10.473000000000003,46.118176
0.467,18.199585
0.033,66.50044
11.017,32.55437
160.036,812.1484
10.756,43.795643
19.614,541.2711
49.57,221.03665
229.316,424.11115
916.55,183.01028
95.503,305.8823
100.157,187.8832
40.3,114.3416
150.4,536.965
9.293,40.96349
19.167,56.18628
20.187,70.11857
0.656,435.29337
18.71,348.78296
21.003,203.21706
191.306,138.4779
29.827,347.8064
0.15,409.8569
9.9,57.804146
0.15299999999999997,101.12092
140.36,320.57697
10.257,1205.2968
13.2,25.442295
328.24300000000005,79.33922
10.057,69.2962
12.644,36.24872
19.94,73.93874
0.436,37.06454
604.37,433.86768
133.557,46.16279
244.843,32.33078
68.974,140.12833
9.376,10.42502
0.157,53.05355
10.22,5.2203383
9.694,1052.6467
100.017,389.92184
937.26,636.4844
139.263,157.82858
19.767,524.96
223.01,65.20903
0.233,38.778767
0.906,4.0590525
38.916,399.22287
29.696999999999996,209.80916
40.977,228.34511
0.016,47.03511
0.157,15.586057
8.817,8.494821
87.17,209.72052
29.393,134.28142
1929.436,2447.2917
760.86,288.15118
9.812999999999999,68.76428
19.7,79.82069
0.127,20.39408
0.11,339.28906
8.707,135.9794
18.763,169.68188
8.78,102.16905
10.153,191.20828
643.433,833.9783
8.927,48.34792
7.837,15.929188
0.03,35.701443
9.88,58.39145
209.957,617.7701
11.39,105.85647
0.123,38.173065
11.457,75.43529
0.017,40.075993
9.133,714.9896
40.243,370.1804
50.133,459.1504
30.873,70.14759
8.89,54.028187
0.077,43.347866
0.013,79.96394
49.883,275.8057
9.336999999999998,17.564259
0.516,43.719055
91.28,192.01103
9.383,102.66482
118.497,526.6582
999.6560000000001,225.01862
20.51,446.80325
387.654,505.25525
9.903,133.1239
0.17,24.648346
0.097,46.54287
1.077,59.029324
48.783,717.72424
11.673,73.57475
9.593,87.67985
2.927,234.18155
149.144,102.90563
30.053,69.80062
40.047,32.59034
154.874,39.246006
1.094,317.69342
0.063,14.693906
5.207,45.200603
0.233,36.55832
10.03,507.87704
359.833,572.61847
0.31,166.02039
20.390000000000004,186.94653
0.67,34.148743
9.903,14.027106
0.173,54.357746
9.739999999999998,57.898952
1969.953,727.1136
19.846,71.07618
20.053,9.487843
19.99,74.91607
1.5,49.328762
0.127,18.68283
49.583,52.52765
9.466,44.66277
11.003,97.39601
8.886,54.90064
19.84,574.3395
19.134,32.466454
20.04,386.73288
19.333,216.37267
0.187,81.29121
152.76,817.693
190.76,535.2502
2432.12,173.71088
179.07,173.20432
10.77,63.39119
9.29,146.59448
194.34399999999997,376.9185
222.164,1829.4668
460.05000000000007,537.4386
0.14,40.177326
19.973000000000003,1085.9637
30.41,45.15701
18.95,254.6532
169.56400000000002,447.7676
0.177,186.43465
10.287,63.326294
18.326,272.43097
29.66,42.786613
10.17,394.89575
1.047,282.44458
8.29,14.485642
11.02,153.58548
103.03699999999999,283.54227
134.036,548.25543
0.266,34.44002
680.35,316.09525
10.457,39.46947
0.076,112.4556
8.473,47.360367
40.22,85.211754
103.913,578.39386
279.673,110.20054
42.603,119.48941
25.187,280.31122
9.417000000000002,366.06607
0.143,32.478214
1.033,205.49744
1.707,353.655
9.123,180.86931
0.397,17.863615
29.99,41.03227
20.06,237.17853
699.02,855.99585
20.18,347.744
70.03,123.04436
20.056,414.25427
2320.287,287.08185
9.09,280.70813
0.093,22.77966
0.07999999999999999,47.70621
179.6,54.975502
10.723000000000003,309.7397
310.317,68.3564
799.936,572.1608
0.173,26.8957
90.69,658.0896
9.433,12.850735
19.857,70.17558
41.077,1065.2765
9.836,62.433167
1.063,51.00078
10.163,437.76746
0.686,41.663937
19.803,231.60468
20.204,85.74347
20.343,138.90617
1269.45,681.28986
20.113,14.676008
2.157,322.67325
110.46,492.54028
69.167,247.3922
0.847,124.38165
0.107,334.21997
8.4,29.852243
170.243,160.85315
19.819999999999997,95.97737
1.41,96.45876
10.47,60.267155
10.41,145.23125
9.4,276.74237
49.674,129.07288
9.014,343.13315
21.187,59.750927
9.367,108.954575
0.653,36.153973
28.684,252.21925
119.987,51.94718
9.563000000000002,57.831657
20.986,32.277775
226.387,886.1074
9.597,752.30597
26.567,419.29456
30.526,184.60475
69.317,915.13983
38.703,79.04182
69.82,896.0925
0.754,53.37662
1.254,51.823685
0.25,12.726465
0.786,255.31091
9.744,108.91775
20.073,193.41936
0.11,410.26416
39.727,185.10254
100.277,89.23757
10.196,123.09442
9.984,9.572927
69.917,87.93605
38.67,86.20745
0.973,232.87749
40.143,122.4898
230.433,65.99337
2352.324,740.654
7.49,55.62929
10.35,257.62854
10.117,236.16913
10.01,394.97568
19.25,305.3178
1.083,49.65666
19.907,15.52258
0.234,43.052067
9.657,158.82211
36.303,77.57282
18.58,99.584206
9.54,24.580475
0.563,75.07531
4784.77,372.80713
10.06,85.81946
20.25,575.16296
0.266,75.517105
20.483,75.7425
40.503,348.21112
11.723,107.99425
139.077,204.10918
210.42,520.26953
19.983,119.555695
29.423,137.11656
0.04699999999999999,58.18268
0.504,98.52823
0.173,32.53257
18.94,44.036808
239.697,172.52733
50.017,125.53498
6.14,63.348
7.837,42.105648
670.3,1033.1394
61.117000000000004,354.2111
110.0,229.96294
9.603,76.499626
9.68,60.2418
0.42300000000000004,13.850394
0.266,64.193245
9.18,12.790912
20.733,507.38928
10.503,9.243833
20.183,481.97366
8.726,186.18907
12.12,193.0467
10.283,359.1078
70.777,197.78882
6.646,101.717064
350.107,155.8703
60.083,204.90974
133.213,294.71323
378.14000000000004,482.3295
370.177,677.3764
0.097,134.8424
20.286000000000005,110.40725
0.827,12.341158
1309.187,233.64153
29.893,176.78354
910.454,759.0975
30.413000000000004,723.2125
9.487,81.21118
0.157,41.960503
19.953,335.8917
10.62,144.9112
19.523,135.03813
19.86,427.5082
131.937,504.05142
8.906,109.676506
41.7,299.29025
3201.427,791.3638
0.017,38.656986
829.367,40.817966
0.093,95.878
8.806,255.31091
140.823,300.9013
60.11,429.2267
20.007,200.67728
39.097,171.28848
59.884,8.960798
10.047,116.39337
250.176,425.9811
59.25,156.78807
20.16,578.10376
30.036,97.203835
0.11,1734.0901
57.82,185.79077
0.093,95.284035
0.033,1301.4062
0.8130000000000001,42.437878
0.123,39.573006
30.106999999999996,340.9332
19.487,97.199776
39.9,554.8618
0.07999999999999999,34.620094
9.903,3.9279218
79.794,84.45542
100.173,147.05595
29.556,59.633392
30.407,136.24187
19.436,218.98146
19.023,203.20616
9.883,66.232155
42.777,604.8066
0.064,37.577793
21.087,155.46347
20.52,227.77849
10.11,15.133371
19.533,436.53857
7.230000000000001,39.783024
799.73,438.50568
40.26,413.424
1.236,16.154623
11.649999999999999,42.525948
29.9,548.45715
20.01,20.994047
0.093,64.57376
39.126999999999995,445.6612
359.837,40.681984
30.283,85.12543
0.42300000000000004,17.425728
229.837,2904.2158
69.01,56.681675
10.01,145.89003
69.887,466.12973
0.173,31.46783
254.167,64.85284
9.6,106.98842
50.104,760.4877
9.68,145.26111
0.123,14.027106
29.584,140.5044
512.48,277.28845
22.577,5.2067466
8.107,47.024677
8.404,84.00917
9.783,14.132167
9.44,203.79153
0.36,13.760461
408.07,354.69653
50.867,135.81831
19.85,334.47894
149.8,125.17603
19.693,29.59956
9.927,488.8643
39.967,102.25215
20.017,360.37585
108.18,522.79926
41.313,137.50424
0.67,161.96165
8.244,67.353676
2415.067,890.1179
8.15,54.34879
429.577,266.64102
0.267,886.2157
18.837,56.31354
0.19,48.447395
0.9070000000000001,44.74342
10.406,226.37296
120.21,800.99817
0.96,282.44458
50.627,156.95067
0.47,1145.7726
19.41,26.153322
9.567,210.73053
10.11,184.16235
79.8,590.7474
0.04699999999999999,58.87161
0.8130000000000001,17.562218
0.04699999999999999,35.25724
0.28,164.76613
39.297,352.74957
42.29,1393.2946
20.17,37.55313
10.986,15.454028
199.18700000000004,338.85715
10.097,75.24892
1.36,14.105343
1.034,145.65353
0.284,211.67114
31.0,159.86143
29.509999999999998,20.769316
40.53000000000001,276.20685
159.32,1684.5869
80.11600000000001,124.68847
740.887,272.47403
88.796,432.29294
9.027,11.982187
10.02,15.20063
20.453,217.42459
2966.594,1851.5348
20.623,90.5721
0.297,79.2518
7.4399999999999995,75.07531
599.67,334.0067
9.977,80.056496
19.17,10.163796
169.223,1565.632
0.47,13.926393
899.43,518.2095
10.513,415.4098
26.107,20.669422
11.103,170.77675
1059.746,2953.8792
49.85,206.59679
0.717,87.60636
19.947,47.38726
10.496999999999998,59.063095
59.24,147.31227
0.03,162.25024
80.267,92.326096
0.11,43.74398
40.477,267.4696
19.574,70.31198
8.74,62.649982
30.43,22.767427
10.746,30.729254
29.96,166.73984
10.367,76.9549
0.017,30.652807
99.87000000000002,110.03531
0.11,35.61956
19.95,136.30481
0.14,195.35303
23.753,135.06212
0.097,103.741585
11.177,344.68695
60.286,422.65833
0.14,153.71579
14.846,108.09812
110.61,207.90416
3690.783,382.49716
0.21599999999999997,35.775517
8.833,13.314383
0.046,13.624117
390.38,686.49927
0.517,137.99727
32.177,50.840466
9.637,104.20042
20.453,43.0789
108.994,188.03734
8.193,41.77616
50.55,14.114986
19.917,109.30593
189.787,296.1271
229.99,379.72473
19.887,207.56004
40.47,174.45598
0.157,18.384392
11.383,18.544518
7.873,33.203888
0.063,126.49919
40.08,336.46317
30.8,52.060722
18.730000000000004,205.05473
109.43,826.124
0.127,77.56079
0.466,3.9711492
0.8969999999999999,43.384995
7.84,76.2502
21.056,1457.5852
0.733,38.54988
59.973,588.5806
249.157,198.04124
0.267,141.67288
8.987,52.96153
9.907,24.23459
19.623,413.86166
0.186,48.31719
370.613,650.3746
629.87,406.25793
10.51,38.53715
0.217,24.048243
19.933,1822.5709
49.746,331.72
8.424,109.78094
9.15,72.71473
0.03,44.27263
80.70000000000002,718.32404
170.37,167.07706
9.773,196.02316
69.05,52.37785
10.967,73.29657
11.323,98.94741
0.72,14.569964
31.133,139.3335
57.254,750.64343
0.04699999999999999,57.55828
19.983,35.45837
0.313,116.39337
0.847,357.16904
0.97,37.430443
9.767,23.613483
10.053,120.93445
29.62,16.802185
70.067,681.6904
20.062999999999995,332.01846
19.793,87.12118
59.194,48.518734
69.853,148.44437
20.243,60.74201
110.197,356.66934
40.584,1734.217
11.547,14.811738
10.603,40.802887
99.643,265.58963
0.763,31.900806
19.93,203.17314
0.267,219.05533
20.26,91.28865
532.87,450.03754
218.99,657.7543
0.85,80.31088
0.704,48.70672
39.937,969.26526
0.88,415.3976
19.893,674.5416
10.374,38.349766
0.03,5.0134654
9.4,404.56586
30.423,283.9812
19.843,126.25044
409.887,328.45764
0.187,221.7887
350.08,313.46637
291.47,167.65579
20.093,18.559263
16.24,33.864468
21.35,1530.3893
0.503,182.50346
100.373,353.7216
19.937,401.64642
0.17400000000000002,42.43784
14.494,18.434172
0.013,189.69353
500.033,1486.0746
9.37,86.80531
511.23,316.3057
4.163,46.96471
20.077,59.750927
209.92,568.4427
60.33,193.02951
29.84,84.08341
0.25,187.81598
7.173,17.367588
19.83,109.26021
0.186,57.831657
0.093,64.38985
5229.127,1205.3177
9.173,44.10019
9.757,96.490654
266.617,1164.2816
60.57,75.49296
11.313,14.793483
270.677,586.98645
0.716,15.534592
9.177,134.51561
498.654,720.9475
1558.473,178.85306
46.33,205.28317
0.03,42.089092
20.003,177.1133
0.317,41.205635
8.82,34.925415
0.033,63.456863
59.956,364.85452
0.766,43.052067
0.703,17.084011
210.307,380.6606
9.803,89.96615
9.9,199.36952
169.916,224.94672
8.52,67.470726
0.39,187.59761
9.93,62.698227
0.04699999999999999,402.33698
18.854,420.61508
9.927,99.32763
39.95,692.4964
0.123,18.439629
0.063,17.275175
20.907,456.79962
140.304,203.39917
8.966,70.60684
20.043,40.108036
40.523,99.03627
10.87,66.43638
9.936,346.19565
0.5,15.143045
0.033,154.71417
60.172999999999995,223.37585
0.863,136.41597
9.104,40.660862
0.09399999999999999,458.52686
370.5,126.38485
10.823,44.829597
623.863,765.15857
197.22,393.4055
10.76,22.684547
0.36,37.72572
20.17,28.695051
0.0,39.79091
10.08,34.864452
8.343,63.521545
159.603,165.67815
0.063,67.887695
449.873,251.72446
18.863,53.69137
0.42300000000000004,68.455826
10.053,144.25949
29.533,57.88818
939.82,1738.5736
20.972999999999995,887.69336
9.726,17.828701
8.867,31.833092
20.083,22.193312
59.32600000000001,241.35866
29.35,65.3635
20.95,157.39372
0.22,45.931946
200.223,128.16719
200.053,692.92554
19.467,77.81815
1.96,34.178055
0.016,757.9093
39.144,672.0704
0.597,14.862238
0.297,40.853714
2851.057,868.4784
79.916,389.68643
38.8,204.72258
108.213,624.5466
0.36,40.057827
8.96,133.81554
3.447,72.68861
89.514,447.39905
59.81,227.70412
0.19,92.42669
9.256,245.96426
10.033,34.7118
8.737,21.48554
560.17,570.914
6.88,18.474192
119.097,260.443
9.19,61.341984
91.26,447.08646
0.737,25.871153
0.8460000000000001,137.45375
69.504,134.45856
29.113,616.8526
89.967,575.9901
405.167,398.64703
20.91,656.81726
19.577,80.141624
249.777,1361.4536
0.143,14.992785
0.75,20.958511
10.183,250.82352
79.077,272.539
0.063,113.59517
19.02,172.83705
9.457,18.16558
10.157,163.64684
74.857,439.8412
105.923,512.85004
20.35,345.30374
10.14,155.5094
0.11400000000000002,201.4898
1.123,67.53376
9.23,37.13744
0.487,182.47832
178.27,1921.3561
30.06,37.725033
31.376,247.07657
39.367,80.79242
0.03,61.84795
108.78,635.33875
61.103,242.47047
70.92,170.97017
20.0,292.0584
18.83,37.41238
0.693,53.99311
20.83,377.36813
20.08,136.43373
50.02,91.054085
10.793,35.961357
12.046000000000001,301.62827
70.453,804.12146
19.68,373.2253
49.924,283.93954
737.8400000000001,842.3785
19.69,340.2927
20.037,38.398735
19.27,112.4321
8.01,359.9196
30.187,381.33594
1.5169999999999997,24.979233
650.003,2281.9517
0.296,36.702286
236.71,662.90344
8.954,57.543278
10.046,14.124058
9.363,36.541534
0.0,12.962979
18.67,15.136675
196.51399999999998,595.7724
19.067,62.598263
50.147,269.85965
0.817,189.50511
17.773,45.39351
0.097,199.24817
19.494000000000003,229.58223
10.054,120.64827
28.759999999999998,559.0676
9.017,5.3241534
2.0,20.775417
60.636,152.94098
3.097,280.9911
9.482999999999999,799.6912
9.774,36.79409
19.886,203.28973
262.07,199.34648
19.337,468.71167
110.69,1669.7812
109.737,790.7383
29.0,14.987822
1629.86,243.50159
49.024,343.07465
29.77,56.411785
139.98,394.20932
8.467,27.323753
40.22299999999999,240.49721
609.1339999999999,198.92769
999.2340000000002,1661.947
0.14,62.433167
9.103,295.63058
7.99,30.595425
39.393,266.84256
18.93,11.63363
30.073,124.2948
20.236,188.56952
29.83,22.131926
19.204,11.143717
1230.194,1212.0651
10.286,14.364977
10.617,767.8566
31.11,14.265768
9.732999999999999,289.8667
0.343,346.05408
0.293,134.3336
10.17,59.725735
19.037,57.898018
8.297,44.323845
9.51,368.06046
9.75,310.5252
49.937,185.82268
1043.89,1182.8489
9.307,51.561382
0.83,11.5847
9.753,3.9494805
150.04,239.22845
40.52,462.60474
9.836999999999998,51.290066
830.71,406.7276
20.08,275.8057
480.04599999999994,356.34558
0.093,3.9494805
10.29,36.173847
0.17,52.247215
19.06,133.94357
1161.026,1574.7499
0.156,35.007698
57.776,557.52704
11.666,44.058956
160.02,191.7027
20.227,374.8023
69.917,381.1186
208.866,33.816444
381.69700000000006,539.3927
17.656,147.41043
20.76,367.1981
9.87,70.4791
10.077000000000002,30.366882
21.057,110.05954
10.583,148.82747
9.737,457.72427
0.046,129.89507
28.883,444.71832
0.36,39.78083
10308.58,636.7164
0.14,1.5420141
9.9,68.3892
8.464,67.65125
8.947,18.352438
0.33,160.1101
489.76,514.47815
418.72,988.0032
82.98,283.922
529.054,260.2655
9.186,32.55437
2.187,0.34552857
2.067,20.39408
0.077,20.274542
99.86,293.01978
60.31,243.88626
20.197,15.784969
64.803,558.4917
5.137,188.72757
84.233,696.36786
11.313,37.469185
12.213,97.90356
0.643,98.52823
0.37599999999999995,162.98846
99.693,128.70694
0.157,37.19437
19.390000000000004,421.66367
30.96,244.68616
0.36,34.208206
10.707,270.8885
16.443,87.088066
29.887,58.276382
9.794,75.91444
40.417,238.38097
11.723,230.44418
9.807,53.873512
9.306,86.26463
0.37599999999999995,24.648346
0.46,88.38126
29.86,24.706512
20.287,398.9932
10.016,8.572737
8.52,34.243313
29.953,418.7196
39.126999999999995,4.0658474
50.21,549.28845
40.603,128.82907
2.984,154.08148
9.820000000000002,215.94545
10.29,71.2502
0.11,107.57229
82.183,429.61127
0.046,284.40143
9.997000000000002,397.44653
0.03,35.644703
9.643000000000002,39.317017
70.037,1012.3365
9.14,74.099724
0.097,40.925583
0.31,972.6672
10.273,134.49203
9.59,19.4853
139.883,553.63153
29.13,24.684834
31.087,35.47013
109.2,24.6269
0.75,71.87446
9.240000000000002,94.4716
277.034,228.33214
0.47,15.375318
49.693,94.89013
20.447,227.0426
0.25,181.20122
49.239999999999995,141.8057
129.427,259.04614
420.34,587.0513
79.44699999999999,187.48462
19.819999999999997,108.351074
9.866,1003.37885
0.11,43.833138
328.7,239.75548
1.487,517.95105
0.14,11.139627
9.673,15.678778
9.934,120.41338
150.417,177.73558
0.357,14.20864
310.52,157.21777
35.02,15.559573
2.067,15.784969
0.564,48.001095
39.417,671.6514
0.013,41.369534
41.22,267.55698
391.007,711.01263
13.577,166.14336
1.407,34.923565
9.8,39.498745
7.143000000000001,38.806034
9.797,18.211283
9.194,45.638
19.35,79.779816
0.957,144.14085
22.1,21.276169
10.05,55.483433
1009.947,136.0596
29.626,117.39985
39.806999999999995,75.50948
9.597,97.03087
101.06,69.56568
160.257,76.62629
0.157,45.3219
1.207,39.742756
229.77,468.01935
19.393,531.19495
580.08,127.96794
9.437,442.14682
0.503,510.37875
63.82599999999999,97.65862
50.306,81.77292
0.04699999999999999,34.494045
0.8130000000000001,15.639221
0.6399999999999999,100.00322
9.726,69.108925
0.516,15.744334
19.687,124.38805
19.933,185.52019
90.043,46.928673
180.09,149.28851
1.41,42.425087
7.96,47.274357
0.17400000000000002,37.799923
111.42,504.6273
9.503,15.16504
19.803,36.14962
7.343,437.6982
1.097,35.400497
30.323000000000004,73.04645
40.02,550.53033
8.96,13.518634
39.967,3325.2556
13.050000000000002,54.019775
9.68,36.129864
10.126,223.63899
9.734,59.733242
90.336,115.15297
189.02,317.88257
750.606,253.39987
1868.903,364.78513
49.05,49.66929
0.843,37.28992
4222.993,211.38637
10.044,166.99887
11.230000000000002,47.28156
110.987,182.99649
0.58,63.446175
9.133,4.0368996
9.976,592.8525
9.94,228.03561
19.787,285.29742
0.36,23.018034
170.09,234.68149
780.414,32.562466
250.703,422.20343
40.677,681.28986
0.046,113.410675
0.14,37.430443
9.853,12.383283
230.256,250.35039
35.81,292.72772
80.11299999999999,382.01822
560.436,1221.542
119.87299999999999,258.18787
31.24,89.96649
1.157,42.77259
0.19,37.283623
100.35,366.55133
0.937,23.317556
10.953,44.85192
0.016,76.69517
9.02,163.06294
468.416,263.3704
11.0,38.9414
110.31,184.35039
0.064,46.738403
51.077,178.511
0.33,46.21118
40.667,16.075012
9.923,38.53715
60.133,99.25093
0.0,14.925896
30.03,23.618874
20.06,135.36963
0.04699999999999999,25.592302
20.43,463.21658
50.067,47.606667
1.567,70.922134
149.50700000000003,33.823997
500.03,324.60864
9.2,31.993195
0.09399999999999999,75.26676
19.997,104.18397
1728.45,226.0466
149.83700000000002,194.63687
8.17,14.234569
0.017,30.19662
400.447,146.77339
218.73,377.27145
0.156,10.967695
1.004,104.0788
137.257,91.89521
9.857,93.524
29.94,70.17087
19.86,123.360664
0.06,64.48306
20.316,144.76662
12.616,726.20807
9.64,5.233975
419.944,70.23646
9.916999999999998,111.83165
720.29,518.55164
19.587,74.988945
20.107,774.9027
20.286000000000005,1693.5153
150.874,206.36278
250.337,489.07153
9.61,312.09384
0.143,11.831552
0.91,139.72176
10.796,45.055748
20.284,37.562935
0.974,58.98722
19.78,1888.7019
0.0,144.5971
9.607,12.530133
189.867,137.91928
29.85,208.74222
2741.047,301.76236
0.123,14.925896
46.849999999999994,564.34436
29.773999999999997,171.47949
6.64,60.342136
39.647,277.61456
19.573,173.24113
0.11,101.01759
0.956,137.11656
20.227,43.009773
40.606,170.03468
40.91,111.6434
0.014,11.682802
0.94,331.39337
28.484,122.94223
0.013,37.13744
9.067,401.97052
20.227,14.962345
40.827,355.4412
0.156,74.402214
190.753,311.23535
69.897,155.64206
21.037,982.2241
429.954,1122.6461
0.547,212.83272
20.45,173.45215
1109.57,592.8222
41.233,16.754053
18.287,192.62189
290.42,259.21606
10.473000000000003,141.8204
19.593,35.79195
1139.846,755.7396
0.427,54.959747
0.203,38.316097
19.726,17.047838
139.457,147.97893
20.81,585.1392
1029.406,1235.6559
69.557,329.42194
0.687,50.791725
19.58,231.9251
659.6040000000002,2224.7783
10.093999999999998,423.88495
20.15,103.84602
4155.357,1364.8267
10.416,54.88145
1271.587,305.34323
58.16,66.40052
60.38,153.39182
0.763,114.68492
160.83999999999997,155.74048
29.63,81.74573
69.947,126.85369
60.45,400.90454
37.977,48.564926
110.033,172.90575
11.19,266.5267
118.63,516.44415
0.75,70.508484
9.88,378.2745
9.909999999999998,31.07521
0.42300000000000004,176.059
4.047,55.42725
50.013,227.30533
789.027,779.295
404.633,191.15005
9.723,32.855766
89.527,459.8714
17.79,72.958565
21.763,23.407866
29.93,265.54095
0.563,67.53622
9.217,35.343525
0.11,182.19353
50.264,192.6448
8.53,39.89594
435.003,1511.7064
0.563,13.024979
9.967,192.94853
40.327,98.72138
19.644,305.882
19.513,23.317545
11.113,21.423403
495.79,195.54625
0.507,21.025589
10.763,167.16353
101.087,313.3281
380.587,1128.8271
20.003,455.53207
0.077,58.526093
39.944,162.55731
10.137,56.653603
380.197,329.2845
6.227,97.97156
20.174,738.98065
0.893,323.8227
60.027,50.459766
2.144,34.291515
19.916,193.88968
8.407,15.794427
59.277,43.18736
70.243,60.187134
0.267,77.48476
0.483,38.77773
0.596,43.878864
1059.386,515.8625
199.95599999999996,361.28683
320.45300000000003,676.62854
9.35,39.912033
20.027,218.46877
8.72,47.199295
1.627,40.009163
260.384,658.96234
10.52,162.12561
9.433999999999997,59.725735
53.626,94.017
15.78,448.29776
70.23,155.99144
170.8,140.86287
0.21,406.64206
19.36,55.785027
0.187,27.423634
621.186,280.4665
23.063,96.15139
19.96,414.5782
0.234,46.78438
9.217,63.087433
0.06,9.620093
9.617,13.053941
9.646,78.864265
0.47,33.5265
191.0,514.8138
27.433000000000003,516.5357
20.27,9.535809
240.253,168.81242
18.22,779.5587
1448.57,512.8172
1.377,20.581644
0.75,13.8359995
9.953,163.54819
0.22,520.0231
58.963,76.23598
109.943,408.43362
0.063,47.657562
330.367,732.82025
20.204,148.57372
214.88,245.37791
70.717,205.9358
0.28,268.0237
48.723,396.15073
39.347,4.045397
9.007,129.04915
0.207,18.578222
8.06,137.9972
1.6130000000000002,13.850394
0.064,75.69426
20.147,126.02418
0.14,17.04549
0.14,195.6108
0.627,47.260986
0.0,13.8107605
0.06,13.749716
20.387,1.0037719
229.163,160.78088
9.767,115.843124
120.477,165.6509
0.077,22.872118
8.86,525.98773
6324.59,3116.836
0.564,33.44023
10.137,579.59515
9.907,407.39893
0.0,17.400131
10.377,11.931744
10.213,34.672337
19.044,56.64636
79.877,277.54745
11.034,32.49444
8.55,53.742935
10.05,412.61407
20.08,126.92068
9.916999999999998,436.97614
80.44,156.27864
0.266,150.95119
99.95,931.13336
0.593,30.140076
9.482999999999999,98.05587
30.294,18.73593
609.7,1870.7712
21.889999999999997,190.42722
9.717,5.186411
11.856,41.694187
0.457,227.99266
29.233,20.587255
10.150000000000002,32.795326
0.5,16.523663
450.82000000000005,453.7288
10.226,448.29776
19.364,183.89305
3309.973,2123.066
9.84,13.326812
0.156,14.009772
1.286,41.21429
0.14,70.51617
9.727,59.468372
68.953,108.6736
155.28400000000002,403.21594
914.49,2265.973
491.76,353.45306
0.187,65.916016
9.633,58.326866
7.733,56.628704
0.17400000000000002,28.843891
72.147,212.66167
59.013,599.9095
444.944,1345.8785
58.867000000000004,581.0716
159.00399999999996,140.859
400.187,457.32565
220.407,27.8749
11.414000000000001,14.953128
1.5929999999999997,21.02138
0.317,58.574932
19.173999999999996,167.43732
20.527,554.8709
20.403,543.6697
9.363,204.11644
30.203,31.260616
21.524,405.40894
9.433999999999997,391.40762
1599.83,93.20165
69.826,379.50217
0.013,33.994408
299.6669999999999,269.57452
19.93,102.46267
20.643,126.41308
9.737,36.80582
11.103,1044.8064
0.517,168.01201
11.927,8.517002
2.36,17.465374
139.884,479.73935
90.123,1.6257766
18.44,189.43437
8.547,93.36587
70.8,527.97876
50.196,131.86142
19.887,34.75408
0.033,341.98883
0.61,68.50844
1.017,31.814686
20.013,212.79288
7.833,56.42139
0.077,104.36593
770.16,965.25995
10.653,517.3584
59.937,140.1109
9.796,16.264956
19.979999999999997,107.45989
0.233,47.26745
9.907,114.48719
1000.376,1226.3812
285.063,63.94901
20.204,70.40145
79.834,277.98782
0.03,13.850394
10.3,14.945731
433.48400000000004,1064.3245
9.273,42.92079
61.323,233.39029
0.22,932.3583
59.927,225.97058
8.037,56.754776
49.493,16.940964
160.01,27.67955
22.11,198.30917
50.403,114.4552
0.19,25.77168
49.833,399.90057
0.063,92.319305
229.66,2513.387
1.3000000000000003,90.35376
1.266,43.79282
29.53,88.59281
19.283,147.47758
170.043,407.4552
20.253,278.46265
3.25,312.50964
0.04699999999999999,94.10263
1.624,16.950056
50.32,120.686516
872.783,544.356
1639.344,1871.0664
19.44,71.4999
10.157,387.65402
4.57,23.699825
280.026,854.21643
159.327,252.1833
30.637,420.6454
19.404,185.35548
0.17,55.3567
10.867,156.0012
50.414,148.4642
1057.394,562.3775
1.06,42.891735
220.914,84.4265
20.577,192.60947
0.25,98.42374
249.94,186.02185
9.804,111.45128
19.625999999999998,5.1191916
20.37,328.59412
30.677000000000003,214.19435
9.397,61.772186
19.979999999999997,430.76346
11.404,21.807556
148.933,202.28635
29.89,494.31314
40.07,349.77167
19.9,359.16605
19.8,476.422
70.066,84.16323
19.967,146.749
1121.5,842.95526
9.693,135.88905
9.677,37.41238
24.373,178.66689
8.86,58.526093
4.16,202.48984
21.639999999999997,224.5004
9.64,33.081062
48.88000000000001,218.66127
48.874,281.41754
665.2329999999998,1872.1761
19.874,35.609756
130.523,173.89252
9.09,143.6055
27.689999999999998,35.128902
469.1499999999999,182.8761
4.464,45.989876
0.064,12.654276
19.967,12.755555
29.203,20.587255
410.627,295.86163
0.373,16.376045
2251.167,439.50415
0.707,21.744537
19.9,136.05315
320.42,131.21368
9.977,64.193245
235.397,529.2809
1495.61,812.73474
9.836999999999998,9.334089
19.729999999999997,139.79898
10.007,90.63286
10.737,34.923565
2974.354,1660.1084
19.767,109.70379
9.173,154.7785
0.313,11.774659
19.7,163.02383
20.007,10.85339
0.013,14.3127
109.787,132.13756
60.833,379.19504
29.243,166.7956
440.186,516.332
9.504,9.423508
0.377,26.153296
6151.937,235.24669
20.787,70.28307
70.007,234.0688
30.286,93.70157
0.78,32.9692
20.023,227.20438
59.233,443.90613
20.069999999999997,53.330357
69.467,32.65184
299.827,231.47174
22.657,158.13783
0.267,13.799971
20.217,53.145683
18.976,1205.32
8.967,14.656111
18.946,139.16771
0.487,23.388275
0.06,17.530874
110.67,666.9853
28.58,43.30205
9.793,454.14032
0.85,9.498795
49.283,466.7453
15.01,12.00573
9.713,38.349766
66.91,54.639866
20.164,229.48264
11.2,551.8658
0.013,42.112915
9.083,238.3726
0.703,162.59326
12.25,67.15156
9.314,3.9639084
8.917,40.24801
0.177,147.77289
20.347,184.12712
31.35,693.7146
106.19,341.80185
1699.324,1042.9037
67.763,75.09099
219.217,180.74805
18.717,74.3579
79.69599999999998,149.09308
9.047,18.16558
1.49,18.697962
0.22,161.93594
0.046,151.62434
10.056000000000001,112.70999
9.739999999999998,9.552612
11.403,20.23652
431.28,409.0994
459.297,352.5009
127.384,340.94556
8.843,166.16118
41.403,78.51045
39.97,131.52534
18.543,166.61407
939.9770000000001,830.2622
18.893,164.18106
0.097,1091.7472
25.483,93.49669
90.39700000000002,92.24634
10.327000000000002,67.24317
0.17,58.69863
9.01,37.48443
19.319999999999997,137.04655
259.503,318.47864
0.19,316.74353
0.58,66.20754
39.803,34.596455
10.633,105.8616
1.0,164.07886
115.173,959.21826
19.987,162.4908
10.494,69.56001
17.3,81.5271
0.097,53.39736
0.8969999999999999,13.062332
59.257,0.11885708
512.053,528.09515
0.453,35.123383
8.994,91.392784
12.743,190.81357
170.91,429.69406
29.997,125.80348
29.186,57.841293
0.28,224.49283
8.007,14.39122
1.05,36.91918
8.866,16.2097
9.812999999999999,548.39197
29.807,206.13132
3.25,60.97503
10.17,23.487297
290.653,104.07711
9.694,67.02697
10.107,102.30833
0.43700000000000006,41.323097
30.767000000000003,147.23164
0.597,23.96506
19.006,525.3295
39.69,617.277
909.82,901.9898
576.06,752.7119
0.017,40.448887
109.647,163.02083
10.81,21.31169
10.453,91.88928
74.686,60.74201
711.693,384.88797
239.704,188.78773
169.646,516.1667
20.047,90.622765
0.267,80.19808
803.564,1397.4624
60.26,183.221
20.714,147.03053
0.22,44.051632
18.37,37.602783
19.88,688.8033
20.2,428.89508
20.037,5.309628
40.327,84.50241
8.91,103.00363
18.723,90.95494
1140.423,351.82556
0.283,14.507816
0.267,66.461754
11.24,138.53397
6.070000000000001,90.75645
10.567,343.38367
10.66,62.69964
9.113,168.98677
470.177,216.42537
8.67,48.14972
1.44,248.19717
109.77,508.61154
28.83,98.54176
0.264,35.25724
9.423,69.87457
8.717,11.202089
566.673,456.10895
662.44,1570.55
189.51299999999998,135.60078
160.647,164.0717
269.916,692.5907
20.32,208.46991
7.96,24.001951
19.577,398.8974
330.12,230.41231
0.21599999999999997,66.651634
11.44,21.900738
20.017,1179.036
9.473,496.1515
119.64,396.0694
91.013,34.238758
0.203,226.09354
0.0,44.74342
0.017,52.641045
29.842999999999996,82.580444
40.06,157.6004
19.6,14.064631
8.4,149.90802
18.96,288.53424
60.68,102.61246
160.71,626.3954
0.17400000000000002,193.24312
20.0,207.18944
109.93,382.19705
0.017,139.32388
60.839999999999996,267.30264
0.25,54.632442
19.757,143.88202
9.820000000000002,4.1187377
20.013,428.11435
10.42,16.81529
0.9530000000000001,31.978992
89.697,410.65762
10.627,9.154424
29.763,90.72611
106.986,42.89169
0.076,147.03458
0.23699999999999996,47.88009
0.737,44.85192
10.216,368.5906
10.457,166.7142
10.403,134.7996
0.347,14.523079
291.154,439.2485
8.306,3.9136097
19.687,66.58846
9.627,49.661537
0.69,39.396164
51.326,91.171776
0.07999999999999999,143.08029
0.14,466.1479
18.104,143.88202
20.447,12.445689
1.333,308.92163
10.613,473.07315
32.377,41.866817
0.954,14.022405
0.04699999999999999,37.649673
39.94,370.7146
8.77,39.68612
10.913,14.953299
31.106999999999996,24.54467
51.93,1448.316
20.837,325.4499
0.296,119.555695
0.7670000000000001,16.691248
11.664000000000001,290.08362
0.58,40.33167
10.143000000000002,96.66377
280.953,328.72412
0.203,298.55347
11.3,145.86812
2.577,154.63272
140.006,139.79045
9.417000000000002,633.85333
49.673,100.74409
50.32,117.4041
759.6099999999999,695.9098
2.7840000000000003,14.182751
0.187,21.2762
140.21,665.12695
19.807,350.1958
110.047,762.8741
0.31999999999999995,43.084435
19.314,437.61404
392.846,234.39156
1.097,16.053381
8.227,118.08206
39.12,251.5854
0.28,41.960503
9.38,4.9938893
0.126,158.15962
9.187,30.414429
8.817,8.450615
236.477,1828.4572
49.87,983.76306
19.326,26.17534
0.157,272.56784
0.11,37.45919
0.0,12.981734
380.12,31.644003
0.344,67.679665
0.14,35.278324
8.903,67.70196
0.14,21.225586
0.267,15.528309
70.09,428.11435
39.58,68.057335
120.02,131.34525
20.207,23.656284
40.924,341.06735
7.677,68.175674
20.140000000000004,51.92623
20.224,600.1641
9.58,44.62862
210.127,311.0828
973.713,1762.3335
29.277,79.12173
14.82,148.84766
11.883,25.308508
1711.14,303.6175
0.11,31.350079
0.39,2.4894862
0.063,172.28934
11.713,58.073284
0.283,58.29695
19.283,26.589426
10.183,130.0902
19.863,531.07654
1.39,93.3907
739.73,1975.2135
11.214,92.21585
18.980000000000004,27.196316
51.983,92.99177
19.977,22.283909
50.93,181.45432
3489.47,4139.755
0.594,189.32721
0.25,14.124058
0.07999999999999999,35.261677
1555.244,15037.76
0.157,76.879395
828.443,1098.0912
0.0,35.00101
0.234,5.1999493
39.08,221.77542
18.76,308.92163
161.09,187.35999
8.127,14.1294985
699.967,570.25836
28.483,93.61358
290.02,458.3882
8.586,139.00235
929.987,623.1808
199.817,307.6087
0.157,14.945731
150.424,263.85013
10.176,13.710354
261.25,429.20444
50.423,273.19977
0.347,187.76288
8.793,21.289701
8.133,86.777565
610.1329999999999,259.14038
8.843,51.96269
0.83,5.268234
489.07,422.70294
19.873,1652.5929
0.19,186.30344
129.624,32.33619
99.87000000000002,78.69259
19.107,9.099316
0.013,83.83713
49.95,310.48688
109.98,325.12253
50.892999999999994,210.33395
2.943,187.955
109.913,1708.3859
18.664,43.506027
9.007,40.925583
89.983,424.35107
129.84,297.9934
209.94,267.87674
0.063,4.9743886
19.927,512.6217
17.12,42.525948
9.643000000000002,44.705082
71.0,167.5986
19.923,18.786564
9.47,93.2055
0.517,12.062129
9.597,168.33794
19.997,758.9448
39.163,152.10393
0.716,29.22314
21.117,45.219337
8.327,30.979122
19.963,278.47504
20.639999999999997,97.17819
50.12,290.62772
27.526,62.294403
0.187,69.16117
104.317,237.12744
18.52,31.357666
101.05,211.33173
18.52,193.79881
69.664,255.55789
0.14,196.31978
340.713,37.80264
16.564,229.73035
1031.097,330.66705
20.722999999999995,380.84213
19.764,471.70755
60.286,14.6510315
9.767,212.59915
48.974,532.63574
8.63,9.784237
39.726,325.04218
14.863,44.81834
0.28,48.894955
0.127,178.13937
69.757,194.58548
11.467,166.08183
9.45,38.286667
589.32,1029.1836
35.19,621.1801
9.043,314.93207
10.866,33.81533
1.123,3.9350936
329.744,400.29156
550.206,862.36865
9.883,30.366882
144.59,523.4037
2.737,44.623817
19.697,382.3831
2.207,14.992785
61.177,518.0826
10.14,14.385062
12.86,70.3688
20.0,23.997972
1250.867,544.7226
0.314,34.368477
0.15999999999999998,13.28871
130.726,274.49847
19.354,879.8195
23.0,149.10733
9.607,162.98846
9.847,461.92587
0.077,14.39122
110.104,436.33627
159.833,278.58466
490.1,646.64404
0.61,40.782078
10.493,15.324528
10.647,39.825848
10.017,99.495125
202.053,562.2828
11.16,15.349187
1.81,251.33377
28.923,124.38165
0.013,12.654276
20.243,211.7662
559.316,218.96835
121.347,564.1215
20.436,354.63623
60.97,252.93622
20.58,67.36378
900.303,565.39734
0.06,23.960653
0.11,70.242516
20.097,71.52953
20.903,431.41922
20.513,521.9114
19.624,30.883524
0.19,13.352286
0.097,523.8332
821.07,291.43
0.157,23.503738
0.0,120.3937
290.073,270.9776
29.259999999999998,407.39893
7.727,23.018034
1700.22,246.78828
11.28,157.65472
6.41,25.721647
8.577,345.58087
209.703,1678.1244
0.127,22.437603
500.22,176.96684
0.07999999999999999,10.602862
1636.976,1364.8217
30.243,201.96371
242.723,50.90359
100.963,171.51065
18.923999999999996,19.726791
0.11,59.115417
1271.48,643.1847
19.824,292.41107
9.023,40.731907
3.52,193.56804
9.423,35.162327
710.656,651.62036
0.97,222.71112
0.53,12.58072
29.273,32.463272
8.223,43.296207
10.04,117.33413
9.694,29.803026
0.22,55.911976
39.283,157.93463
1.983,96.22846
0.186,22.767427
0.013,40.498627
207.97,146.1887
490.06,602.04816
689.977,1441.2776
0.5,380.3557
9.79,189.50511
10.373,133.36636
9.674000000000001,37.356937
160.51,505.55096
0.173,38.09817
30.417,93.574005
19.956,680.3264
20.117,145.0664
2017.3099999999997,2159.2275
0.69,12.551086
30.843,10.85339
18.583,164.0253
369.933,131.40953
7.917,14.878589
30.196,46.388897
0.187,75.8936
140.096,420.1347
81.03,175.41266
11.13,256.87076
90.297,192.6897
19.397,1290.5066
10.833,15.521014
20.514,409.53717
11.05,20.412214
9.003,33.75029
9.964,16.053381
0.09399999999999999,34.89423
1519.673,253.60117
460.897,340.4265
389.557,334.102
20.58,6.340073
6.06,15.228377
9.409999999999998,52.269814
269.947,676.0433
11.003,106.232506
0.453,5.1728973
30.03,127.883385
49.663,45.587936
78.68,223.32909
9.017,14.005444
17.223,70.71503
9.063000000000002,25.401022
9.906,57.669106
1220.073,1612.4536
60.36,6178.4624
0.75,77.33303
29.8,676.95416
8.5,58.011803
19.3,86.08418
2.017,71.75966
29.627,108.15955
0.39,14.943173
9.51,13.466206
11.094,40.252472
0.03,15.7311735
0.467,10.64781
19.583999999999996,430.69485
30.017000000000003,137.84932
19.497,40.562447
19.887,285.98453
19.456,108.5963
9.834,193.03943
8.533,38.744713
0.04699999999999999,15.7837715
30.63,603.4332
18.467,366.47937
0.09399999999999999,39.625244
9.583,35.860954
42.33,238.80626
30.58,61.354576
0.064,40.786854
49.73,90.96325
0.19,31.174328
0.017,54.1225
110.283,141.21829
19.557,160.67941
9.673,35.11304
9.513,33.34383
10.507,39.46272
2090.093,1223.4083
0.936,162.87675
8.373,44.437904
261.173,602.77496
10.53,187.11073
19.99,436.0653
9.25,439.5831
8.98,14.07964
0.297,55.22705
410.15,128.22702
480.083,401.96143
7.127,85.75472
10.177,102.16905
189.367,275.4074
69.92,318.79593
20.133000000000003,275.8515
10.71,68.04684
79.66,299.55374
20.923,365.8114
12.45,17.762094
0.313,18.717836
0.863,15.990545
80.68,454.14822
9.94,77.78172
110.546,252.40695
39.93,1231.6117
870.497,481.69873
80.11,270.44363
0.07999999999999999,60.965122
139.576,414.7458
7.63,50.41726
5.217,54.626694
9.77,133.94911
9.836999999999998,39.308006
10.524,49.236877
5.313,33.159985
71.016,487.77994
397.02,25.126177
50.826,212.88165
10.37,37.13744
236.084,180.6036
20.066,1240.6605
0.47,16.387522
0.283,31.71277
19.786000000000005,9.262371
0.077,31.597406
10.427,229.9908
249.83,341.3316
0.156,15.069711
230.897,499.73535
19.517,124.65848
19.123,10.875327
19.913,108.132256
9.97,213.92384
0.173,12.723777
9.87,458.11154
3.907,69.42016
20.394,137.2218
0.017,290.8697
31.343,107.01625
70.08,49.09271
10.37,135.06451
110.04000000000002,185.44836
169.98,325.25363
0.077,767.3419
89.69999999999999,108.036
19.097,212.2642
19.36,93.815094
271.4,923.9663
0.113,170.36716
70.62,497.46027
329.803,252.16884
105.63,240.40038
187.24000000000004,1197.497
30.047,661.3906
9.03,137.92204
0.283,137.60515
30.28,67.06128
0.063,14.629414
325.446,721.4929
10.627,78.41793
24.11,100.015526
1461.95,903.0268
9.946,20.668886
1.063,360.7332
379.107,594.65826
21.013,15.062632
19.72,38.012814
18.076999999999998,154.06517
30.31,202.70197
9.314,53.05355
10.253,70.90644
40.397,412.072
0.0,41.069736
451.25999999999993,1104.6167
90.746,325.12253
0.357,31.814686
70.31,283.94144
9.28,15.427748
28.707,15.038927
410.463,52.01953
23.355999999999998,145.51564
29.196,125.75246
10.74,206.4091
440.827,2087.912
0.034,25.310165
40.47,118.04232
0.156,7.3191543
3743.92,2282.5518
189.84,155.51767
128.973,189.74556
10.027,47.260986
39.676,139.3824
1.69,16.165928
0.013,46.688324
213.766,504.4674
880.697,2034.6321
20.61,150.63123
69.493,37.80455
0.0,2.1275544
121.06,131.35835
10.16,215.93594
68.763,135.76671
0.07999999999999999,25.77168
10.01,14.201795
0.0,47.778275
7.36,41.708664
20.183,206.0333
9.59,125.52771
119.404,83.77871
19.993,78.22378
139.964,119.43439
33.933,80.18813
380.513,460.1231
19.714,587.72894
0.427,212.11934
1.82,628.2683
330.03,269.3806
129.887,39.76639
19.33,129.07288
19.824,455.1349
8.793,58.395676
11.149999999999999,51.351154
19.390000000000004,68.715675
1.88,32.642487
0.016,45.08962
0.097,48.84715
0.187,62.102535
10.797,427.83655
10.26,442.32016
49.51,486.99496
30.22,484.0121
9.524,144.51562
0.07999999999999999,69.99369
11.41,68.89041
359.927,339.313
0.83,58.635834
130.137,1187.2322
70.25,69.73311
19.69,80.169815
10.347,12.612591
10.03,57.259033
29.907,600.41833
0.5,327.23883
10.972999999999999,52.231358
0.093,1205.8511
18.444,11.439049
20.123,195.18446
20.69,859.903
19.613,45.080643
1.1,120.62603
8.997,31.59536
89.767,169.40924
9.89,34.170414
3.517,21.02138
40.334,887.4683
19.773,696.4336
8.764,63.521545
20.31,15.59441
0.11,119.867615
39.12599999999999,116.83205
10.336,63.838696
9.35,51.399693
19.979999999999997,697.8313
49.567,74.693016
687.43,1621.6934
0.07999999999999999,53.05355
19.766,174.37906
19.587,12.888954
646.6799999999998,91.71237
30.425999999999995,33.22137
0.19,37.577793
10.489999999999998,29.635883
490.07,55.49918
0.14,12.554522
40.4,62.964783
10.163,97.59157
35.867,158.61693
9.924000000000001,45.92718
1.11,32.369804
10.79,31.833092
0.25,35.160915
242.047,127.16028
0.11,43.13327
10.5,242.85617
0.07999999999999999,71.36626
60.977,422.18878
49.377,763.1118
9.887,114.04549
10.513,15.987818
15.657,148.29152
10.746999999999998,38.358513
58.824,329.20374
49.00299999999999,522.60394
21.273,38.9414
9.923,34.170414
310.076,142.43665
19.56,1162.5452
20.024,565.58246
11.326,94.13503
0.0,34.118675
0.034,197.71207
29.736,105.419174
11.013,450.47104
0.0,14.793483
0.53,57.543278
30.073,186.7318
1.126,44.396275
0.06,22.934208
0.267,38.876163
29.227,454.07492
19.704,58.584858
18.1,61.975132
0.94,76.166
860.767,1198.3394
0.88,145.35947
10.357,105.67211
20.0,45.91971
20.979999999999997,3695.2075
20.1,199.72755
20.08,192.96428
25.007,29.071184
170.67600000000002,310.30487
0.296,22.206738
9.18,39.06912
9.397,404.01367
9.85,190.66212
0.143,222.73491
9.656,103.201904
0.343,51.294605
0.254,19.016762
9.546,70.242516
26.2,22.28629
19.027,102.69006
1199.087,151.88002
18.463,419.56888
241.777,587.2709
90.17300000000002,877.8211
2711.583,662.5552
69.744,127.866554
10.37,49.013477
80.53,177.38727
10.22,78.555626
39.823,14.107778
19.95,28.118134
8.294,44.66277
40.27,129.8389
29.49,920.31854
9.946,53.222267
30.773,391.40762
9.333,252.0862
7.1,116.83205
18.907,34.26764
13.436,48.86451
10.17,665.1402
10.67,59.23709
114.17,97.08967
9.793,47.657562
209.263,846.17065
29.91,26.379686
0.06,18.40092
19.72,17.17361
28.696,54.162743
0.017,31.659824
99.913,107.25321
28.577,405.48965
80.297,777.6007
1878.7369999999999,276.04236
9.183,34.4027
0.14,34.539047
0.157,130.74593
340.183,224.52165
6.697,77.911415
9.409999999999998,177.79091
0.25,15.228377
111.306,92.03817
0.236,107.36831
19.227,43.85162
12.133,461.3961
18.230000000000004,150.42334
870.087,104.872635
70.146,63.303356
10.206,40.410942
12.514,87.088104
0.25,14.028377
10.17,131.52867
50.767,127.75638
14.07,101.64816
1.406,148.36713
10.79,18.090002
0.21599999999999997,129.10588
30.22,105.407135
3735.5,1266.322
19.707,40.68493
60.657,86.956215
0.453,23.356443
42.18300000000001,218.0698
19.27,129.05951
333.376,768.73157
1.5929999999999997,157.0338
89.86,612.8625
52.134,192.50333
10.730000000000002,33.807873
729.03,252.72427
9.77,45.08962
1.083,17.268293
159.78,426.3876
29.157,27.423925
1.683,15.194692
29.384,43.370037
30.11,234.18155
0.36,58.99522
19.386,228.88269
9.397,74.47152
9.426,49.04836
46.733,315.8616
530.68,883.8492
19.357,416.97833
0.016,41.225372
40.01,36.557983
9.056,268.37436
0.43700000000000006,45.026356
19.693,132.2293
0.687,187.33769
19.72,942.13214
90.233,385.96432
0.033,11.345113
0.39,579.483
9.037,91.44766
139.793,105.169304
180.003,353.33145
29.937,31.20309
0.317,13.887827
0.203,52.678387
9.797,167.73564
19.723000000000003,74.08801
10.233,282.63837
10.52,32.805687
89.64700000000002,394.07996
59.954,70.90276
130.556,382.18842
0.233,4.051659
20.927,144.23914
15.574,80.76409
5.95,28.608202
39.633,114.46315
9.89,784.2007
0.06,54.88778
49.95,215.13873
49.016,95.76953
10.693,141.31712
10.196,157.3678
19.890000000000004,14.936883
10.7,14.157092
10.156,34.98564
450.397,380.1544
39.36300000000001,104.465775
64.04,91.79657
255.25000000000003,645.73065
19.979999999999997,113.633995
9.6,159.72086
111.033,88.544785
0.07999999999999999,14.028377
19.965999999999998,154.90634
40.376999999999995,33.02955
19.554,99.87903
21.027,792.3012
19.96,465.99164
162.31,2020.8623
8.586,39.46272
150.46,183.19899
21.533,25.411652
390.364,182.91261
10.717,566.6363
0.186,15.331652
1986.2300000000002,62.310062
0.43700000000000006,405.92914
18.296,12.384756
9.996,446.71167
19.773,1091.7472
19.02,55.62929
199.447,269.15506
0.23699999999999996,359.9196
0.22,132.26431
20.007,33.374203
8.913,20.756414
0.17,37.512577
430.55,1011.9301
8.097,24.945906
59.724,124.22076
19.817,293.16034
30.117,78.236984
50.047,313.07462
19.786000000000005,332.007
0.0,32.641525
70.88,189.772
109.79000000000002,705.945
170.247,479.4918
1.71,59.509575
0.22,189.65411
0.156,73.69899
137.16,788.7088
119.793,490.20508
0.204,286.96042
0.034,162.59326
39.306999999999995,15.385808
0.17,176.404
0.03,57.027992
180.11,149.5966
9.976,186.40631
2310.59,1739.4032
39.74,456.66492
20.487000000000002,87.461174
59.98,1031.6411
0.61,182.09813
19.017,26.073824
8.667,577.29236
0.923,85.49762
1.03,17.9627
0.504,9.154424
19.344,135.27423
19.973000000000003,153.61226
70.643,28.276924
100.017,189.48686
9.484,197.29102
490.637,953.2873
20.04,49.214027
40.623,200.84601
167.75,237.83533
80.29,151.87798
84.934,75.2195
1.486,131.83015
9.977,189.94954
78.953,135.63692
4.5,50.63505
1.11,8.539248
71.21,139.84326
1.3000000000000003,364.82864
630.55,295.7766
10.653,101.47246
0.88,98.94741
11.123,15.091627
10.137,58.468723
19.85,66.82443
39.934,108.52182
1.657,24.270973
20.27,96.05979
179.704,313.46838
29.503000000000004,393.91727
120.084,1625.7094
0.07999999999999999,226.77678
8.883,48.248703
80.147,129.73898
80.25,169.06598
20.22,703.29913
0.033,359.7986
80.28400000000002,71.89136
9.417000000000002,38.47422
39.316,517.8111
20.050000000000004,87.3143
9.044,190.93202
3824.417,2093.9475
1.097,45.128265
12778.864,8561.645
19.793,43.706146
909.337,106.57708
29.534,452.81897
58.916,64.167274
19.95,448.79028
70.54,401.94946
49.61,640.8351
0.017,51.063282
0.173,13.951814
1.064,55.797245
10.31,40.33167
160.107,298.07178
9.093,107.749504
210.043,1156.8645
60.37,398.1806
10.02,587.95605
0.72,343.7435
19.606,193.7776
9.057,52.963676
20.02,85.36049
8.566,140.98343
29.897,464.66882
20.826,1422.8582
20.043,36.03738
249.767,3087.5732
29.663000000000004,92.07049
19.91,213.92384
62.504,444.8293
18.68,364.0056
49.544,55.76257
21.177,134.1832
28.5,49.614304
29.867,87.703705
9.88,157.11415
0.124,32.226257
18.733,14.523079
99.276,641.91223
8.826,14.20864
18.983,567.8817
2.86,43.481724
10.007,66.79006
800.59,137.79669
13.960000000000003,128.87917
10.91,104.161766
366.49,454.00494
0.11,50.848034
0.0,15.52258
219.91000000000003,135.1979
8.437,41.787624
19.187,304.66605
1110.547,915.8391
0.61,41.25055
820.704,1199.4581
20.197,109.127625
0.627,183.56529
561.25,460.64145
9.92,83.25002
23.854,110.218605
59.85,564.9711
0.173,75.665375
101.447,789.99176
0.55,177.79091
10.05,92.31938
0.686,48.957573
10.85,36.7006
9.383,48.84715
20.247,554.8618
10.966,46.003426
969.797,100.751625
3.99,11.881561
9.593,1027.4447
1899.237,1091.7272
0.173,145.12775
8.816,56.186726
18.94,184.2425
20.327,14.155873
30.63,305.8794
0.97,51.047314
10.703,68.98326
9.994,77.48476
366.403,916.27545
10.407,48.080387
20.137,194.90855
11.023,1693.9675
250.043,49.929913
1321.293,257.2163
0.22,65.33669
19.66,40.782078
20.213,476.02972
0.14,13.774818
60.627,1079.2612
0.09399999999999999,259.7585
40.28000000000001,118.47808
10.907000000000002,228.09802
9.777,8.561554
7.823,18.345675
1.53,94.66744
89.983,217.39957
49.283,525.6155
390.667,351.9704
0.42300000000000004,59.725735
9.513,143.90862
150.263,1527.3121
19.394,47.170506
20.75,248.88655
9.287,15.483769
30.72,148.26665
0.31,36.414978
92.153,738.3525
3654.273,2774.714
20.58,307.54138
9.807,40.992897
9.81,40.343365
10.19,187.76395
8.057,73.93287
30.15,127.79325
19.87,162.27705
460.97,310.8244
3424.843,596.9379
0.063,74.95975
11.28,242.70723
58.97699999999999,615.32306
29.38,33.498173
4.539999999999999,150.76318
269.197,117.24717
0.25,41.93775
0.15999999999999998,37.504055
9.876,330.63763
10.92,19.740843
39.587,189.5239
9.777,155.90422
749.7029999999999,1765.0463
10.337,462.15857
26.827,140.01643
439.316,63.11173
0.234,4.935612
420.263,306.42374
10.569999999999999,43.649525
159.6,184.23688
19.58,30.056498
10.017,207.19452
282.25,379.75113
450.34,936.0627
1.03,45.345932
0.453,28.608202
0.093,37.406445
180.087,771.1743
0.093,14.211323
19.164,520.0695
19.107,39.860893
18.076999999999998,39.546852
8.78,46.845474
0.72,3674.8398
20.062999999999995,103.94117
258.85,595.4989
10.647,182.84972
100.25,217.12805
400.323,170.37526
19.077,56.11573
70.133,732.9188
0.296,40.496323
40.117,102.920204
7.427,57.614773
9.033,44.120907
82.547,406.225
19.49,174.00275
10.116,124.39574
38.883,43.569427
719.77,389.9699
8.557,14.737042
7.014,50.142906
2.443,113.9591
1225.226,127.31229
0.703,14.234569
19.52,23.168108
9.933,146.34322
39.423,251.28441
20.943,324.67752
0.0,16.792156
10.206,39.10125
80.596,325.78366
28.654,1335.4435
9.246,36.848232
99.213,318.94083
92.477,192.67873
0.454,24.982563
27.599999999999998,3.8993502
19.55,143.6055
7.487,5.0134654
0.126,10.381004
59.067,203.8487
89.804,346.14285
369.23,662.93823
0.07999999999999999,213.97495
119.96,224.7532
0.407,39.928253
11.053000000000003,180.2442
50.843,184.11674
31.06,97.86375
385.0,1038.4288
8.48,144.71529
18.76,31.673866
10.066,51.762215
19.264,115.3978
91.837,144.29027
18.957,13.909731
1.5799999999999998,78.00518
13.926,12.872728
9.19,43.683212
9.963,96.176414
261.847,66.03561
232.707,902.5311
20.173,67.776825
485.29,244.48596
1.047,455.95322
1.38,169.39868
118.927,390.85733
49.81000000000001,65.31164
0.36,461.8362
19.633,17.994171
19.87,496.3089
295.627,313.03726
9.596,108.708336
12.637,79.971214
10.093,313.538
0.74,91.59903
69.95,163.72682
59.769999999999996,293.34296
9.232999999999999,76.347725
179.89699999999996,397.03693
18.71,267.02933
10.343,46.27921
39.0,31.291405
10.6,70.8234
30.12,222.5113
0.093,16.81529
0.11,15.136675
20.04,43.11644
9.409999999999998,237.5329
9.404,76.879395
0.17,183.19698
18.953,40.79498
7.887,132.02153
9.497000000000002,348.7787
19.737,55.679523
63.097,153.5558
139.443,237.03027
79.657,178.83054
39.713,205.55974
8.79,12.498268
18.307,47.619564
30.413000000000004,73.40127
91.017,56.231853
329.503,276.59494
10.963,219.43893
0.11,18.68283
371.986,909.6767
1859.41,2496.1384
0.737,30.184767
9.237,20.743172
0.09399999999999999,49.23915
9.597,110.477196
50.07,464.6084
19.65,270.8428
50.29,101.50007
339.61,205.6545
9.747000000000002,323.8369
0.266,64.48306
10.333,88.85779
25.33,243.6949
8.273,70.41881
10.186,44.973938
19.51,50.51661
9.907,308.2575
214.04,186.50275
50.053,492.01337
20.217,399.07602
0.186,12.827598
9.367,13.024979
120.03,318.82178
0.11,131.54997
7.824,48.044632
19.957,180.90619
0.0,62.743546
10.33,68.75747
0.0,44.896984
10.727,14.927875
50.28,104.65366
9.987,366.06607
849.88,758.5756
0.47,5.0004067
19.787,23.97285
9.853,93.250114
0.0,322.75085
79.35,15.864358
15.69,8.47269
0.687,59.5674
39.006,17.95504
0.034,594.0829
9.39,41.708664
8.804,49.75063
40.076,252.93697
29.217,40.796
20.067,288.065
289.654,593.03076
100.357,39.507
20.273,381.65854
50.594,991.05994
59.9,64.894714
0.14,68.30475
0.14,60.715237
19.556,92.856926
20.312999999999995,234.26811
451.65,281.95297
30.05,139.16777
19.706,105.01545
1.174,8.950526
0.58,77.87357
171.104,1448.9061
191.926,320.57074
0.25,129.10043
9.223,4.4273186
0.064,75.44383
40.673,676.9784
101.436,355.50327
19.92,197.1222
12.75,25.421513
89.753,426.20416
8.877,65.915955
18.777,142.56519
0.537,48.7469
0.233,45.83327
319.86,1350.0752
9.773,146.19191
19.83,98.04874
9.543,123.857864
9.92,239.68996
0.936,212.39223
10.583,61.243332
89.69999999999999,2022.4624
1040.37,181.86722
0.296,27.509792
10.053,77.38818
1.19,3.9494805
9.767,37.99708
611.5900000000001,203.02078
10.433,21.746494
301.51,120.40022
20.65,225.96994
76.63,551.68335
0.263,35.414413
14.067,314.74066
87.36,190.82045
71.103,165.52977
10.153,790.1662
10.333,13.619621
500.267,142.97018
0.157,41.04408
19.33,14.793483
0.0,49.96373
0.36,137.38344
0.156,150.63123
0.11,16.53413
9.8,53.63362
9.69,54.878765
10.377,112.503296
17.563,45.989876
9.909999999999998,56.856255
8.13,172.00743
10.113,62.78855
1809.233,302.5592
38.833,155.52328
0.314,32.109764
9.933,45.49018
0.123,63.56643
169.803,518.87555
10.406,195.2276
9.787,62.872597
10.404,62.210323
5.107,43.457127
0.533,83.49874
9.77,44.24805
29.8,162.88632
29.143,207.63889
30.71,78.18916
60.707,132.84007
8.68,14.155873
21.06,174.6856
9.843,38.061493
9.04,12.393296
98.933,89.38831
9.989999999999998,276.07303
20.087,871.57
29.49,35.70088
77.59,173.75313
39.763,1142.3702
10.113,17.225384
9.926,129.87259
0.06,68.3892
9.820000000000002,54.516685
0.157,402.8939
18.72,5.125879
2.816,45.79361
0.733,43.377823
20.817,246.2298
9.433999999999997,311.11798
19.687,42.79189
19.257,277.4731
0.03,122.858665
449.277,72.01432
25.297,156.87216
10.493,94.46244
0.296,44.236332
509.084,133.82005
0.737,23.205372
49.617,144.7963
8.084,36.23429
0.377,15.770619
1.693,168.01201
49.07,9.51131
9.907,15.349187
0.267,169.84496
40.093,472.48697
0.106,14.20864
0.207,36.834743
490.013,1464.7913
59.42,521.38947
250.03,1065.8506
39.483,125.03796
8.73,160.68498
0.547,44.705082
249.927,149.4433
61.56,393.8047
0.123,178.83054
0.013,403.65375
0.206,33.730026
19.27,267.39075
18.53,34.263103
389.136,83.700386
29.927,432.6781
8.85,21.31578
4054.0060000000003,1473.128
10.25,693.0931
0.187,70.242516
59.733,226.37552
8.87,76.04457
9.383,110.95438
30.083,265.65778
8.617,31.643099
2.487,326.3653
0.703,24.403927
0.207,192.66376
0.36,105.48185
12.48,1.0037719
20.593,208.28563
2.393,118.08206
0.576,127.03412
10.46,124.258514
199.97,274.55777
2504.197,2997.905
17.593,326.56335
15.913,576.7024
0.25,4.051659
0.296,189.90236
39.459999999999994,14.071254
70.23,152.59688
19.483,168.23543
930.057,353.01205
41.31,194.1387
19.733,339.28906
20.437,168.38979
190.273,1940.5092
0.19,1110.0417
440.48699999999997,1548.984
20.773,80.91167
8.567,165.7474
20.03,68.82391
9.244,49.861485
20.52,71.97351
20.523,284.43655
9.513999999999998,32.775192
0.22,96.647964
2053.906,1289.188
230.114,1146.4723
69.563,467.82684
449.687,201.70277
0.623,9.480354
17.093,52.81009
0.327,106.703575
9.51,161.8073
0.5,142.62012
9.193,16.221058
10.316,197.77852
49.117,199.24817
4094.003,3032.7495
220.92,522.8393
0.143,45.867226
39.30599999999999,36.05611
9.687,14.896428
50.253,453.73306
291.757,558.28345
19.79,569.7379
0.436,3061.0793
0.156,36.433887
10.2,273.39212
0.0,5.2957835
20.017,72.675804
4.253,14.871543
0.484,22.71053
509.49,315.16235
21.993,98.863205
12.243,5.152699
38.343,228.39957
19.836,890.9206
29.82,267.50275
2.927,216.33183
49.687,54.510506
256.3,129.47333
19.917,65.88901
13.423,72.445114
25.656,54.625763
10.054,40.74621
0.07999999999999999,13.326812
50.113,681.2287
1099.31,820.61224
2.766,16.823637
170.06700000000004,415.6188
70.357,12.657301
59.053,175.00742
38.42,47.446583
0.187,73.19375
0.077,22.988647
351.32,57.531162
0.347,116.48536
19.684,764.8886
326.5,186.30899
101.046,66.64532
0.44,33.75029
0.296,63.67454
20.316,17.760021
39.317,192.4524
11.743,69.71167
9.23,82.67109
19.729999999999997,50.86332
10.71,15.851639
80.067,141.93774
111.42,1183.8584
0.25,17.921614
0.203,109.676506
210.51600000000002,213.31337
10.127,52.873394
129.92,495.24023
0.187,39.253544
10.927,16.053839
18.894,140.48851
9.22,38.32237
30.113,89.77531
0.877,13.335976
9.87,549.4048
0.173,35.64518
0.847,4.0368996
89.603,1242.3608
0.013,212.51996
30.49,102.64184
9.863,98.11078
34.707,136.49675
0.0,36.27214
8.92,13.850394
0.25,13.926393
1.723,18.468266
0.983,141.57942
19.807,101.8877
0.483,11.538657
19.897,507.56662
9.003,16.23732
9.739999999999998,200.34299
20.140000000000004,72.22545
0.674,44.34744
1108.243,517.0047
110.166,723.89343
29.72,120.883705
7.996,94.55216
9.957,71.07496
710.077,390.43286
0.03,74.34273
8.033,37.730495
0.157,105.88435
596.843,217.50008
49.787,225.57558
9.494,70.84643
0.186,21.985252
9.154,53.44141
9.583,14.880336
9.647,22.618595
62.7,279.90112
471.09,520.6674
0.703,135.27423
9.007,0.14180556
69.64,25.207497
10.983,61.696724
458.957,300.907
90.047,72.46177
9.284,14.076114
0.6399999999999999,40.351135
0.913,15.6396
590.103,1335.9678
10.536,14.850158
5.213,14.485642
29.367,240.94308
10.426,211.74045
21.667,77.51363
73.463,418.34073
19.986,124.38805
79.937,281.46518
19.723000000000003,42.371853
1.394,159.7737
0.11,37.793884
11.640000000000002,40.94407
20.722999999999995,647.8445
19.06,23.671114
8.546,202.48677
189.867,57.88517
28.82,65.520065
0.09399999999999999,45.62047
0.284,53.55135
19.979999999999997,623.0075
9.843,67.65125
390.267,1506.1879
10.13,23.220541
10.95,31.833092
436.476,471.64755
9.732999999999999,44.231693
131.443,147.51491
2.907,24.869892
129.573,586.03174
10.78,599.4727
41.276,513.98047
9.667000000000002,184.12712
120.45599999999999,317.5054
0.03,123.45854
0.41,280.34277
9.72,10.967695
63.637,672.237
20.267,269.54828
9.97,170.47928
9.114,38.09817
9.724,97.97501
160.28300000000002,236.83586
0.45,61.75975
1120.667,286.94254
0.0,12.827603
10.044,732.6071
98.59300000000002,274.56448
220.123,376.4264
192.13,276.97272
19.293,142.47804
18.873,21.289701
48.96300000000001,97.606346
0.457,212.49902
80.31000000000002,347.76678
20.184,12.384756
50.027,450.07358
0.11,46.222935
0.123,60.66387
39.493,167.04138
30.106999999999996,79.7748
0.343,25.868658
0.453,60.9157
10.343999999999998,169.64812
28.757,192.95183
10.569999999999999,30.77256
179.363,385.3883
141.58,376.88077
169.863,132.33202
9.86,458.24512
0.483,31.550114
30.96,155.25502
19.423999999999996,813.12714
310.3570000000001,594.32294
12.247,89.09337
19.687,12.549514
0.533,47.135902
8.03,9.327149
8.587,217.71854
9.303,53.157276
79.966,395.97385
49.977,187.33208
0.42300000000000004,25.721647
0.046,70.24699
39.23,121.40644
21.647000000000002,197.77977
19.453,492.57086
20.473000000000003,23.886517
18.813000000000002,35.10799
81.15,213.20255
20.903,78.95619
0.483,53.67138
8.274,41.077137
4.72,421.52774
0.297,70.81431
11.547,68.06778
19.276,186.73154
9.909999999999998,58.249
20.627,11.866538
68.89,156.49669
28.587,37.55313
121.093,87.0527
9.957,241.75177
1009.663,432.6217
0.233,58.073284
150.923,843.4327
0.517,212.3091
9.92,123.336075
10.037,43.370327
0.483,10.295242
0.123,17.596617
18.576999999999998,72.68661
9.913,50.051792
9.927,40.52651
9.093,64.3091
9.84,75.26676
19.803,215.7895
10.22,107.47935
10.243,11.249556
209.73699999999997,217.66495
6.79,49.508553
10.143000000000002,88.19249
60.337,2009.8501
50.237,67.08071
9.453,71.51643
99.916,404.20526
0.123,34.3402
0.834,9.554337
20.437,636.3223
280.36,519.04504
0.19,42.42472
0.343,293.08994
59.57,360.51935
120.073,433.63202
40.803,172.50838
11.273,241.62408
39.57,38.40552
60.24300000000001,377.14178
329.047,593.9873
9.853,33.994408
0.517,13.724649
201.767,347.78897
200.07000000000002,417.21945
0.233,152.0434
2.144,174.48642
0.633,153.00714
10.213,144.46738
10.783,337.1927
9.62,17.101208
10.107,271.4202
19.017,48.237324
130.524,273.29483
0.013,46.496902
19.62,409.53717
0.25,56.489235
10.45,52.096684
9.213,15.455752
340.79600000000005,710.88464
162.647,546.03217
0.123,32.102406
119.933,99.30373
39.81,251.3244
40.313,513.99817
19.997,72.60903
1461.16,674.24695
8.14,293.51324
10.957,180.2442
0.034,401.62372
20.053,160.55618
2.753,190.58606
0.36,37.721157
21.257,69.80062
0.06,40.642876
59.843,280.72208
29.453,148.57329
20.043,211.48318
20.984,52.77681
1.97,20.356335
10.047,183.93358
14.593,42.87053
436.307,7317.4224
120.09,372.11075
30.353,528.6788
0.233,32.75084
19.106,468.0885
10.213,36.80052
39.95,261.51358
0.0,326.84738
29.867,640.9031
80.923,117.74075
1000.736,337.64996
7.146,328.52954
0.834,129.10588
259.193,486.25577
19.343,13.889011
0.377,39.621975
11.576999999999998,30.450886
20.766,88.726814
27.093000000000004,1303.2946
10.48,77.06539
129.903,30.516369
79.72,515.1775
110.076,407.93262
2.937,44.48085
31.377,63.087727
21.073,379.63135
20.556,44.27263
9.207,482.27594
0.33,73.3205
80.01,237.91133
40.24,56.55194
90.86699999999999,8.652727
9.820000000000002,43.384995
0.233,81.74573
90.63,309.7641
30.08,254.63634
389.75,258.80707
0.09399999999999999,5.006934
3.07,137.69852
18.257,64.26457
20.766,47.593903
19.657,55.660175
11.28,170.41492
0.297,24.869228
39.547,218.703
0.033,196.36113
7.354,18.241373
9.887,124.40519
10.68,126.49408
17.103,92.25903
301.097,631.5915
9.696,321.03003
7.72,5.2476482
9.963,53.284134
9.232999999999999,148.26665
0.937,368.9698
9.15,10.293977
0.75,60.46634
58.17300000000001,343.89163
1.127,244.49802
321.14,1072.3699
48.867,227.23587
10.02,37.06454
9.36,13.597691
39.913,641.24414
27.8,150.95119
9.907,5.0726604
20.414,340.41428
0.203,398.41058
19.87,203.3717
809.673,1008.1547
11.617,115.36304
0.03,2067.9463
10.697,177.18936
40.213,14.886152
10.207,3.8347385
0.75,541.2711
30.113,960.9369
31.91,157.77824
230.94,303.2913
370.606,315.85083
10.92,30.652807
27.563,583.9232
9.87,54.407406
22.916,500.20197
210.123,91.20326
200.23700000000002,186.20233
0.04699999999999999,4.096252
70.053,128.39589
131.0,1209.5746
32.003,435.05182
9.906,113.03881
40.224000000000004,78.41115
19.24,287.73825
10.107,17.000103
15922.04,365.39752
381.963,307.73108
0.56,11.345113
20.09,157.63362
1.07,19.227821
30.13,691.03094
148.783,135.10568
369.0199999999999,749.72986
358.123,583.20233
28.307,153.65465
20.407,315.30066
8.197,108.16619
8.703,47.793137
0.013,39.60767
0.25,103.18526
9.437,55.313198
49.947,32.978233
6.53,105.55972
0.17,17.400131
1.466,70.508484
20.25,40.902
99.82,582.68207
20.093,278.60315
0.017,49.04836
7.983,59.161
1.173,14.364977
519.07,577.60266
0.843,192.28995
39.373,554.57605
49.48,106.33646
39.997,222.01154
10.96,78.78701
14.95,133.39937
0.233,10.03567
19.76,31.943968
78.637,147.73972
20.273,203.25937
0.03,184.94225
29.13,428.20355
47.74000000000001,432.8315
9.796,277.4798
91.093,307.54733
0.123,541.2711
19.747,143.27696
8.683,24.670345
29.027,176.43956
0.077,94.98843
9.232999999999999,70.112885
0.173,5.3241534
0.11,98.94741
690.393,100.49724
30.54,106.22578
7.07,262.48648
81.377,257.25186
19.45,65.778366
10.972999999999999,134.92032
0.377,25.508537
19.027,41.286682
0.03,23.27135
90.23000000000002,107.59091
58.827,35.257492
29.69,68.167145
20.069999999999997,278.34354
10.954,530.10974
190.24000000000004,128.64201
10.41,75.07531
13417.53,1720.2996
74.54,199.57094
0.013,68.722664
20.562999999999995,58.185013
9.15,176.24962
0.33,77.48476
39.717,165.7487
100.82,228.86795
50.817,62.53387
28.763,9.279838
9.113,388.49298
8.36,13.7349415
19.623,98.52827
10.18,55.53471
60.05,184.89752
19.26,115.35776
19.79,95.489815
6.117,61.528076
13.407,160.15388
8.907,117.61663
0.233,21.456476
0.284,16.221058
3657.263,1779.4159
58.984,209.1825
0.033,15.694
0.013,55.71618
10.147,41.787624
633.73,551.8137
38.724,415.40448
8.456,39.06912
9.087000000000002,208.37016
20.54,22.792776
7.71,131.98578
9.556,426.67398
7.287,30.0149
9.694,267.30936
11.634,57.736107
810.52,1423.1506
0.157,15.457963
21.33,785.7814
20.874,296.0172
0.827,5.2957835
19.803,394.50623
240.2,249.62364
39.86300000000001,81.811066
180.22,1890.6383
0.22,182.15756
0.893,35.688183
28.533,162.72186
69.757,105.33394
48.463,67.0247
0.123,30.772575
229.957,44.22252
10.0,234.17043
229.40999999999997,177.3413
39.817,67.53622
8.023,284.8631
20.02,52.463837
50.503,159.82272
68.523,158.27989
58.926,462.46036
19.824,3167.8513
1370.593,414.8179
10.957,48.02853
0.613,74.08596
60.23,267.1249
56.847,128.13321
9.046,47.23646
30.78,186.08363
50.737,350.4099
18.523,102.73158
30.637,224.19328
3.25,137.19302
10.19,60.091476
0.19,287.9688
180.89999999999998,970.08685
50.26,46.54402
9.817,146.04076
20.477,53.761456
108.894,388.9757
0.157,123.8009
88.793,13.867452
0.863,24.945906
10.18,392.84613
0.013,160.38368
0.03,34.940308
39.806999999999995,264.2679
21.737000000000002,228.1039
30.36,66.89629
70.08,215.44423
81.167,1562.5319
80.163,215.35283
29.77,74.91948
8.786,62.173325
37.113,829.245
9.503,37.793884
19.627,22.337519
0.123,41.50506
20.163,41.326836
10.597,61.896587
24369.093,682.7511
39.953,76.91116
0.0,38.20299
1.063,140.32326
16.757,306.79114
10.853,489.92343
2.08,153.25793
0.127,32.423977
11.213,328.35864
1250.8470000000002,343.68945
19.81,491.0437
19.137,520.8797
80.62,1566.3497
0.28,61.721043
348.49,255.50552
69.87,663.7272
181.34700000000004,220.76004
9.02,17.341822
9.732999999999999,460.5803
19.819999999999997,593.9469
571.153,567.9148
0.127,54.775154
19.537,750.308
38.583,133.03334
9.673,24.048243
0.097,19.042501
519.67,125.85193
10.133,14.39883
19.914,306.51303
8.784,49.385757
0.94,5.2067466
1.5929999999999997,478.79343
98.06,526.21277
20.22,41.359398
10.293,99.50815
10.933,78.40166
9.964,26.699778
1.347,47.45811
280.78,184.69917
61.457,15.3326
0.04699999999999999,16.534147
20.68,167.03757
89.587,105.74838
110.393,583.85956
9.316,40.88967
21.317,124.83194
0.514,23.563194
9.0,568.90186
0.0,128.02998
9.887,154.34651
1010.06,130.89487
19.627,46.25239
9.467,41.369534
163.163,1755.596
139.887,107.64468
0.127,29.635883
1.186,33.2474
567.54,1360.3341
18.984,45.97835
0.343,48.26382
19.684,245.45058
0.413,47.18446
9.079999999999998,42.48769
0.14,12.815342
10.507,377.6154
99.69,771.2347
20.97,303.2021
0.04699999999999999,54.050156
49.244,1497.8008
19.827,165.8112
29.407,8.550402
0.06,278.0182
151.023,618.12103
27.39,389.87677
6.953,60.03303
18.076,657.31354
39.596,673.9746
1.3000000000000003,31.620897
30.317,283.52887
0.013,302.2964
27.046,668.55426
30.09,544.98645
8.983,178.68622
10.994,199.0575
50.026,283.54227
18.986,162.59326
9.71,34.5507
0.173,17.013618
19.377,65.53853
22.017,353.38147
30.36,142.89569
159.66999999999996,117.65214
2.677,14.211323
0.046,33.624474
11.53,36.55832
39.997,587.4751
10.113,14.962332
7.463,40.396584
10.373,45.847664
129.937,762.26215
20.934,126.83694
19.99,78.3249
400.91999999999996,196.70818
119.69,196.89905
27.0,18.199604
9.666,69.64248
60.127,176.03995
19.633,56.29274
0.453,40.036343
0.39,16.725586
39.056999999999995,192.94853
10.336,330.68234
8.233,14.20864
1030.353,301.5578
369.69300000000004,650.4037
0.717,64.659874
40.38,158.32077
20.217,12.916632
7.453,5.0134654
0.6729999999999999,127.503006
10.23,98.52823
1246.71,256.52408
20.083,67.65125
9.98,232.06654
9.847,35.820267
89.843,286.21274
21.333,67.66117
0.203,15.136675
19.297,37.28992
0.203,62.781254
10.207,164.98012
18.06,102.05032
20.283,82.124916
20.01,13.028572
9.09,40.15166
351.993,427.57172
30.044,41.034534
21.224,85.77928
0.11,126.739685
864.663,172.34706
8.97,17.596617
10.11,127.03412
119.787,27.316996
180.146,446.0384
119.006,58.228306
9.613,64.077324
344.90399999999994,2427.2107
0.0,10.250131
20.016,70.3079
20.17,84.70365
0.11,23.186615
189.953,139.77759
19.27,53.595993
1980.267,1235.7343
49.876,244.9922
7.787,37.92099
10.97,359.5133
9.647,363.5951
0.873,40.52585
8.977,61.421143
359.707,781.4227
60.447,14.015201
10.513,62.72016
19.613,409.02072
189.356,710.2587
20.676,20.503717
2.096,42.799915
1.187,150.17606
139.986,144.95937
40.027,43.913338
0.0,30.767952
11.033,56.489235
9.846,96.8534
0.017,126.8026
29.06,66.02181
139.973,127.38478
10.254000000000001,160.9875
51.344,143.51086
40.313,662.06573
29.623,119.5189
119.89,648.78845
0.547,97.19279
202.067,806.604
310.704,244.2333
0.72,46.156628
505.03,870.8865
19.967,50.936646
0.123,56.350857
0.267,13.915585
11.16,67.306244
127.90299999999999,257.74408
9.22,209.81784
30.307,121.119675
1540.173,1230.6271
0.737,143.80228
1111.133,1366.1566
0.05000000000000001,54.0287
0.28,90.63286
0.263,172.28851
208.59,573.2344
830.14,470.6363
0.254,14.602737
1930.556,937.8845
3582.157,428.2483
0.487,23.008755
29.907,371.05783
60.083,17.147993
70.796,382.82397
898.833,521.4395
10.034,94.300125
7.757,80.47307
118.45399999999998,57.196667
29.657,204.33249
59.33,591.58624
0.627,23.212421
0.6399999999999999,202.98706
9.394,8.651359
60.07600000000001,58.38438
19.230000000000004,1357.1654
59.91,171.8973
100.05,483.89304
0.283,449.09268
9.89,20.746841
9.69,557.6001
8.44,35.961357
28.723,184.00974
0.19,25.310165
0.03,14.790382
30.169999999999998,104.89054
1190.234,2115.7441
10.01,166.5073
28.65,243.50092
0.61,34.57564
8.777,59.358814
6.66,102.25731
9.217,26.8957
0.504,71.02075
18.433,509.94122
9.594000000000001,4.0002394
0.407,23.503738
0.83,246.76762
9.187,58.29695
0.123,39.030872
0.077,228.75546
0.157,61.772186
138.7,135.50044
15.897,35.50932
100.464,268.59363
0.263,31.150303
0.14,20.756414
219.01999999999998,497.6445
3.633,113.47724
19.49,278.69067
0.364,58.069912
296.54,668.7028
0.204,42.60494
10.387,14.7634535
0.234,232.90256
675.9370000000001,77.545944
18.997,272.80194
0.267,13.00016
232.476,271.25024
0.217,41.30312
50.16,374.8624
179.917,812.7918
12.05,79.97094
19.19,441.6291
0.25,30.228273
9.836999999999998,1210.8304
29.613,61.583218
5.454,15.5096445
0.377,136.70383
29.414,117.396675
10.31,251.58244
0.234,39.477406
29.603,296.72864
11.503,79.95735
81.426,83.98163
0.017,32.58702
0.0,73.16525
35.87,439.174
8.053,508.98715
269.95,394.98987
20.817,97.03087
0.19,18.065979
9.659999999999998,67.07992
652.396,76.408485
21.173,791.59827
19.326,497.1911
248.35999999999999,934.71497
9.937,449.91544
9.18,56.888145
0.377,95.06595
10.147,93.52275
59.536,277.2256
9.87,101.34285
18.923,40.009163
260.01,265.69147
639.193,433.11343
19.95,184.09517
229.284,527.6101
70.757,71.18346
0.017,60.715237
10.1,87.47658
1.857,47.615875
17.773,61.9173
19.826,500.70035
0.47,10.64781
40.446000000000005,15.909112
30.513,136.49675
8.1,12.36212
10.926,65.04897
9.23,200.29167
51.544,61.94805
230.33,244.04788
0.25,4.0148683
288.556,813.51184
11.26,329.9552
29.96,89.223434
10.29,41.93775
9.507,180.78333
29.913000000000004,1059.9868
0.407,48.527885
0.123,60.965122
19.703,202.48022
1197.443,634.0958
0.123,570.2066
20.473000000000003,63.78299
0.03,148.27852
39.99,338.93884
19.113,17.077492
20.407,68.12358
8.137,25.308508
20.123,382.15994
2186.4,660.16614
39.74,703.3851
19.54,13.515784
29.88,368.756
8.546,40.455547
8.12,33.678352
19.083,30.246542
184.927,78.46878
20.437,1334.8416
0.11,276.53723
10.647,12.726465
90.11699999999999,3.7802637
109.59299999999999,903.327
120.39,546.21045
40.327,1045.3649
8.357,25.774391
10.56,81.72687
0.203,192.63405
19.883,1446.082
11.183,48.22972
1.067,67.090126
20.117,374.6408
11.21,93.524
270.077,203.00488
98.95,108.51499
9.83,197.55132
29.036999999999995,484.98294
0.22,23.430264
9.427,39.64602
654.653,669.95966
169.537,976.9087
10.413,34.0917
19.84,70.93193
18.86,44.10019
80.16,51.762074
30.08,135.39716
10.413,38.764378
9.947,457.01324
119.31,181.99599
27.793,40.057827
20.104,155.34483
9.659999999999998,193.86072
32.117,73.25884
23.537,218.65233
0.316,17.400131
39.837,340.04816
32.153,139.10042
0.25,146.43791
0.203,86.62249
68.727,265.7252
0.827,552.6072
60.18,73.11577
0.803,107.00842
199.66,172.74191
39.76,830.2821
11.906999999999998,5.1728973
10.51,110.139084
30.034,458.99194
121.1,1302.3457
19.99,32.3157
0.783,37.474144
37.743,157.25974
199.824,206.64304
1618.47,388.66528
10.047,440.49948
8.37,13.036581
240.557,348.35785
0.033,4.961428
30.79,509.8009
0.847,39.89594
0.42300000000000004,57.2638
12.67,25.031504
19.757,43.459732
0.204,12.728272
0.973,42.389618
218.9,281.1439
69.436,15.484539
120.01,55.246532
39.873,126.700485
379.787,81.50941
1679.904,258.23
78.97,77.35108
0.313,48.05084
20.107,37.23283
80.68,156.7717
9.35,147.23164
150.88999999999996,138.87613
0.107,113.633995
9.787,1433.3751
0.627,39.3962
1670.187,133.02235
19.38,93.40357
20.893,64.04674
40.637,8.8569
70.397,129.26247
20.713,177.4571
10.01,40.68493
339.79299999999995,200.58212
139.947,818.8327
8.617,46.22762
21.093,368.0132
0.344,60.965122
0.097,456.3029
59.937,1114.3988
19.973000000000003,459.66403
8.323,25.680548
0.09399999999999999,43.842743
60.26,89.35013
0.75,48.176052
941.903,429.85022
7.337,16.292662
19.729999999999997,69.866234
19.444,47.82444
0.31,25.592535
20.062999999999995,277.3085
0.127,74.78541
11.097,95.92443
20.906,443.55698
0.046,39.975945
0.42300000000000004,25.774391
19.25,3901.7837
8.537,31.900806
600.9260000000002,540.3129
0.04699999999999999,17.498108
19.92,545.78284
189.323,37.137573
0.06,273.8774
98.683,153.32324
29.807,441.66943
18.843,102.55198
0.283,39.46947
10.233,49.23915
21.107,118.368256
28.957,44.81834
12.127,59.39362
0.297,30.253273
60.087,688.16327
2320.827,804.8693
89.983,458.69894
1.003,488.01462
19.08,223.75203
2.144,140.68633
10.297,42.926563
8.087,8.742095
0.077,9.443576
149.88,495.72925
9.883,230.15117
9.83,183.31767
49.58,153.56264
9.68,150.31384
0.173,37.577793
6.344,34.643627
0.19,16.248676
59.093,46.45164
1.047,88.0273
40.7,387.90247
31.0,65.547646
8.474,57.46817
0.6399999999999999,162.56499
2349.923,954.0534
4.68,186.31296
10.36,50.325687
19.454,37.34385
0.783,507.21942
0.034,29.223589
60.157,1215.4832
40.174,187.41376
149.8,51.45634
9.623,13.492381
0.177,246.58733
9.393000000000002,140.07384
0.343,111.624344
0.077,166.39116
10.312999999999999,264.30823
0.25,55.225994
130.656,253.25395
0.127,4.961428
0.267,14.602746
0.957,30.87564
10.21,105.20828
0.58,29.547962
41.05,12.581011
41.063,170.60962
2.15,91.01744
30.43,200.9777
89.92,140.99046
20.034,17.955032
39.937,692.00653
579.577,191.74979
0.097,13.314383
9.329999999999998,51.64301
59.93599999999999,1127.2207
20.043,136.21785
0.046,4.0368996
550.75,611.98456
39.244,116.83205
0.14,48.40549
59.017,1215.5403
1280.404,1135.1661
290.097,237.5709
10.0,465.73642
169.333,131.82263
10.907000000000002,140.39432
200.323,343.58847
50.21,115.03589
0.173,15.107884
19.753,1557.1686
0.707,23.527536
119.683,186.07391
0.09399999999999999,12.927693
9.09,33.36263
340.494,291.06253
18.33,2.9708176
9.07,68.25626
0.217,125.974
8.847,31.900806
21.03,68.68408
40.25,77.69357
9.847,292.2708
8.283,41.530712
24.033,604.0622
32.913,58.635834
9.577,38.727264
29.963,543.5827
0.11,100.02117
59.86,265.6218
0.046,1399.2688
0.03,454.69745
130.13,120.97388
1.877,16.376045
14.95,106.64435
269.973,1045.3508
19.22,208.94656
11.346,67.0396
362.333,527.92865
0.046,41.432198
1760.69,150.69972
140.447,224.98573
19.206,39.16054
9.397,171.60112
0.58,35.278324
279.857,235.71129
0.406,19.068295
99.823,461.63406
68.707,275.91776
18.076,449.1619
30.583,220.03639
10.064,42.40098
0.04699999999999999,74.83889
9.45,160.34013
9.39,232.50705
729.037,772.1585
409.046,326.2388
0.14,18.229118
169.937,77.37065
9.433,4.1187377
20.09,55.976677
19.84,66.82443
21.806,24.066618
12.197,105.55972
48.3,310.27017
2.627,33.34383
8.796,15.00938
77.063,88.13523
0.703,16.674105
0.377,39.859024
9.807,112.23247
3.037,102.94162
99.28,329.76804
0.534,35.042023
13.59,67.92502
7.98,14.943173
112.147,370.63974
0.04699999999999999,23.657286
9.814,171.69849
40.487,146.1236
28.94,67.07803
0.987,65.716675
20.177,137.19157
330.107,303.29385
60.976,91.03415
0.093,9.327149
0.016,111.800705
9.977,33.88049
10.75,138.95561
0.234,30.253273
1749.513,698.5517
0.07999999999999999,38.482616
159.993,624.37585
9.053,15.220583
0.09399999999999999,37.577793
0.14,520.85004
9.707,186.64932
88.523,278.57532
0.157,45.355263
29.463,473.5756
8.747,17.80544
620.99,18.368397
29.8,461.8362
21.033,144.44164
9.053,15.350632
90.977,283.52887
44.124,249.20267
1020.934,364.9221
19.877,118.48236
66.287,91.3223
9.84,26.705551
1.08,57.433468
19.857,176.37929
39.883,52.715626
2.71,59.9162
0.22,15.909112
39.633,1364.5653
0.877,78.88
39.677,378.95813
0.143,116.71515
39.80599999999999,27.878168
441.623,365.48895
0.17,29.803026
9.163,22.32726
18.886,145.20644
0.47,450.1987
79.853,34.367126
19.35,54.0287
0.267,27.323753
209.784,255.41928
2170.653,968.4654
89.13,627.8017
10.46,46.55519
0.39,57.804146
10.994,411.73026
40.037,132.63474
0.07999999999999999,77.48476
19.86,357.46683
149.827,82.41669
8.99,32.076374
0.94,292.0584
19.979999999999997,100.73236
189.79400000000004,643.5782
780.03,1842.924
19.65,1103.3547
9.853,118.87309
10.23,98.05587
19.81,194.07718
6.524,37.512577
20.044,62.110092
0.107,16.918352
599.11,329.84863
0.39,43.719055
19.09,864.1883
19.487,89.63825
20.027,162.56499
359.757,182.28502
1.08,18.409395
0.187,9.742925
3360.15,52.96335
119.94,132.90352
17.747,101.32086
29.787,89.94192
11.283,577.05475
9.67,13.276015
20.2,93.00765
277.847,360.9772
3831.327,1090.0961
0.063,11.735478
11.173,224.67258
10.41,67.27909
30.866,11.235504
0.55,32.641525
20.017,15.064548
19.2,25.009172
11.093,1.6840429
55.383,142.6178
9.993,878.2302
779.986,1970.9309
20.19,44.58677
30.074,29.925753
8.26,164.54141
80.037,550.0613
1.287,62.69964
9.717,507.23782
10.489999999999998,91.392784
0.14,121.527626
9.77,343.04123
0.33,42.264816
0.234,36.994095
19.96,212.24738
0.92,46.54287
10.573,96.519714
69.967,66.45055
20.08,1032.7997
84.64399999999999,1286.0022
20.083,681.9124
89.74,247.13257
9.92,70.44395
20.137,18.888618
190.917,222.32599
29.863999999999997,333.1862
20.447,8.788319
565.364,227.41403
0.19,101.953026
0.783,63.146797
0.126,46.879395
199.596,397.13638
0.017,17.985624
3.75,15.220583
0.33,176.404
69.786,75.38992
123.997,199.34175
60.207,65.49204
240.323,261.25888
10.226,704.30554
0.013,135.65549
28.21,83.37921
0.187,376.277
2.813,44.19615
0.093,9.86733
8.563,58.12568
848.973,395.44254
19.204,98.176834
0.643,96.5612
969.343,197.4018
86.677,342.10788
10.217,106.06161
340.36000000000007,106.23153
10.01,141.50542
20.976,59.72786
89.493,191.17291
0.157,40.48351
120.683,287.48962
19.53,226.82935
40.503,112.41788
8.736,50.848034
40.07,54.133247
209.164,2426.8635
69.833,68.11509
61.387,101.56476
39.45,357.84262
30.169999999999998,25.9727
10.44,49.79107
149.38999999999996,31.145662
651.286,1042.632
24.89,271.32684
69.77,210.27272
40.01,189.07507
21.713,99.57947
10.22,439.94647
19.819999999999997,147.51042
29.193,39.89594
60.11,410.19482
0.983,37.541023
20.363,203.53438
49.267,1247.5009
0.187,9.46195
8.357,62.72016
220.48,1523.1809
0.03,42.990803
408.763,522.5388
78.333,203.74277
36.036,109.91851
0.0,98.84254
40.196000000000005,64.29343
10.17,290.43433
2.033,86.54628
10.26,334.80865
0.0,13.799971
23.994,184.10179
8.427,161.12645
18.627,42.22454
0.06,67.98434
19.204,55.098324
24.443,99.24674
121.44,321.08484
58.457,665.77435
0.657,72.58346
48.773,126.273186
0.014,36.129864
0.737,78.72653
18.406,288.51813
10.707,216.49373
38.97,54.231388
19.226,113.59997
10.057,26.537783
40.817,13.238055
69.213,200.99626
0.44,39.47617
3117.206,535.272
39.783,221.92969
18.79,202.89777
69.966,544.14484
9.437,77.48476
50.04,94.23866
8.353,28.873148
19.947,56.72055
11.607,14.320406
0.484,12.872728
19.72,408.3689
0.314,42.64818
0.157,30.423851
29.06,639.6567
10.08,350.5289
0.04699999999999999,48.447395
49.537,1277.7821
111.027,1471.4095
9.667000000000002,21.837074
19.68,63.026554
0.063,43.720654
9.966,35.688183
0.36,354.28406
30.593,84.479935
6.817,18.336386
11.547,4.022198
0.884,12.498268
30.387,82.07313
3.734,4.088786
0.233,27.323753
20.61,24.538773
0.58,174.14482
16.907,8.517002
30.72,270.78094
0.093,129.74782
129.983,131.56683
60.273,34.80977
510.4,1434.5786
20.657,22.11535
9.013,14.064631
0.067,15.665706
39.276,317.69342
0.203,39.64602
29.32,167.40982
0.877,63.81306
29.61,35.815353
1469.597,65.063614
2.577,41.286682
0.09399999999999999,21.02138
10.053,219.42877
20.09,43.87408
10.75,160.99661
0.093,33.38008
19.713,665.88776
10.312999999999999,766.72034
0.343,20.066116
8.243,51.84599
1.143,48.7934
19.140000000000004,25.871153
53.27,15.04035
20.556,87.13654
48.814,100.8155
0.03,46.021614
20.06,153.0715
9.73,72.1807
19.76,65.099144
871.0629999999999,1336.8848
9.77,25.98659
70.207,125.30612
19.463,629.09686
20.68,81.19033
60.986,638.8707
151.05,198.72043
10.16,57.30736
10.22,71.62922
8.877,61.67593
39.84,227.75919
0.19,16.523663
0.14,118.48236
0.124,24.99988
0.236,73.51247
30.084,41.396336
40.474000000000004,137.46727
9.73,57.46817
270.157,313.94214
19.03,249.20915
10.71,14.882385
0.064,95.210655
8.923,22.7621
20.889999999999997,776.632
8.26,23.46383
1.717,63.348698
0.373,63.13135
11.19,43.64657
9.03,63.82834
30.217,33.037987
10.757,752.30597
9.834,9.423508
21.207,125.17161
4.953,92.46167
9.923,15.880559
29.934000000000005,251.39519
0.03,15.091627
20.983,113.68828
498.75,763.0564
29.55,146.89293
30.163000000000004,474.88995
8.877,75.81818
11.43,39.08765
70.433,136.11496
39.66,68.82735
0.033,32.860558
1.0,53.55135
9.797,77.10588
10.993,25.872005
65.343,462.23196
9.22,75.96901
4.45,28.971626
250.067,1844.3105
9.78,46.738403
60.053,275.54422
5.407,87.81241
28.24,282.21555
0.03,117.39985
40.703,50.34936
9.603,77.10588
429.89,13.321452
128.614,124.20102
39.747,807.7318
18.97,49.508553
69.98,68.33486
25.247,243.23137
9.13,66.461685
9.843,76.98271
20.103,128.48611
60.26,287.9023
19.18,197.00726
0.093,52.462337
20.004,84.42256
9.857,108.85584
19.55,196.3196
469.93299999999994,444.22537
259.6,151.31403
10.123,62.021877
0.19,28.811857
11.594,25.533245
40.006,209.56725
180.07,120.61151
0.157,35.964058
489.487,787.00696
1.186,38.571754
10.013,172.22244
120.213,52.102947
0.11,41.4686
99.997,325.0307
12.217,96.22129
20.533,140.07384
11.44,14.375267
15.867,529.1581
19.02,70.40145
0.11,18.613018
0.25,47.853786
9.820000000000002,66.07947
16.244,543.7173
2.2970000000000006,37.356937
90.5,143.00868
10.234,77.22795
9.357,42.996296
30.03,184.9468
0.36,68.327576
10.633,15.665706
10.637,176.9034
30.687,32.983055
746.45,695.9155
9.067,69.26843
48.203,136.34325
0.064,14.105343
15.29,20.499577
6.09,15.830703
10.137,45.91971
50.483,190.9676
29.752999999999997,1892.5541
39.82,126.242
0.14,494.119
10.89,13.889011
24.443,30.110895
9.393000000000002,23.041948
302.533,1223.4839
0.017,346.05408
11.477,484.20718
19.123,224.18726
10.043,16.2097
40.237,45.785194
10.934,43.64588
20.703,430.47552
0.123,961.7045
9.977,39.179565
0.7670000000000001,57.614773
20.036000000000005,43.18471
312.277,307.99997
9.09,15.172929
0.14,34.672337
10.757,53.162163
2077.94,1004.0401
49.994,541.66394
1.156,40.212482
0.623,12.850735
229.96,103.67044
489.976,318.30704
50.813,391.80368
31.05,176.24226
0.86,181.1242
2.397,36.93152
0.14,37.504055
0.6399999999999999,129.37389
229.807,290.3703
59.056,565.3015
210.40299999999996,240.30724
40.157,110.902
0.487,42.077705
9.94,96.07683
9.982999999999999,1.5420141
20.106,170.71532
19.819999999999997,296.71744
59.134,470.52435
0.093,504.00375
19.633,166.76059
19.74,262.0741
9.38,73.30942
10.134,22.206738
10.86,184.72826
0.297,48.70672
6.067,91.02055
19.283,68.201385
678.707,2471.8848
100.033,72.35837
29.687,46.970108
11.08,37.756752
4090.92,541.9475
150.827,178.43092
9.344000000000001,48.22619
73.94699999999999,165.61923
19.583,47.739983
30.37,557.6001
19.562999999999995,288.41162
0.07999999999999999,22.779625
29.847,88.22651
19.926,147.84322
0.046,382.93655
141.647,54.09939
1.516,4.987379
18.017,589.82043
10.070000000000002,56.889503
0.47,47.967297
9.246,49.554752
19.9,244.53403
0.596,46.353104
50.01,478.79385
36.016,253.93285
0.924,30.278812
111.807,20.081076
8.407,206.21783
10.106,121.2427
0.71,15.220583
18.953,39.742756
30.116,569.2088
9.397,13.427156
8.127,116.97164
40.52,10.849406
8.94,36.774418
56.463,207.62834
90.253,297.24475
895.89,2406.771
20.62,118.72414
51.946,364.27426
0.546,36.856445
9.63,442.6973
18.926,58.65519
29.98,161.93594
25.743,121.03197
9.903,141.87836
662.87,796.8885
1517.536,3139.6736
29.693,377.40073
7971.24,2336.688
9.78,376.23584
211.167,596.4321
11.124,50.828938
19.313000000000002,98.63291
0.06,31.820324
0.994,186.70425
159.14,234.70174
19.193,109.21847
11.183,18.030075
50.23,129.66425
0.266,73.575745
0.033,326.84738
0.17,27.125097
40.39,206.78535
20.203,68.77653
9.05,38.764378
169.467,102.75453
9.716,30.083607
19.977,527.86487
127.94,135.91093
9.303,10.364134
9.046,36.059677
19.152999999999995,123.08763
489.426,31.791399
9.123,172.98344
40.497,105.61902
8.08,14.964149
59.934,581.53723
0.516,184.24214
99.984,259.3606
18.890000000000004,155.8006
90.373,601.518
9.88,77.05857
10.057,220.55956
20.013,163.54541
3.423,21.585253
29.977,420.2908
989.8860000000001,6177.981
0.52,23.997972
19.864,279.22272
0.077,38.77374
0.9860000000000001,133.64735
0.223,76.27183
20.177,197.62155
40.61,567.8035
49.814,413.91882
9.820000000000002,262.35004
0.693,39.550583
1070.5,471.42764
11.874,79.19492
19.907,101.688576
133.187,574.9761
0.467,107.36831
49.824,488.55197
19.826,40.112663
1.05,62.69964
61.043,165.96495
49.2,97.79057
269.8,269.2585
253.066,1382.5093
20.223000000000003,36.27214
20.19,157.95596
20.073,198.45558
6.667,310.84662
0.687,414.66135
10.257,192.36403
7.937,48.392517
19.237,44.312412
70.16,65.10554
0.547,414.66135
30.337,46.03801
0.127,42.889973
150.02,172.16481
259.183,106.347015
18.697,4.0301266
8.87,23.102222
19.254,154.09279
0.736,73.19375
1.047,39.695972
12.666,5.2203383
20.09,260.42645
18.45,31.46266
39.937,43.833496
49.75,138.62434
1800.697,426.3281
229.703,112.116005
10.19,39.2324
4259.88,1599.7056
10.317,11.249556
9.573,56.84694
89.92300000000002,109.1627
8.78,109.509995
0.43700000000000006,38.342514
19.76,70.54346
99.977,373.53986
32.28,144.4847
201.01,251.25499
1.5799999999999998,40.796
110.257,183.21059
119.593,275.71405
10.664,57.22875
0.503,33.380054
19.91,36.60045
51.03,389.86057
11.04,255.08693
26.850000000000005,27.455027
859.7229999999998,407.44482
19.62,105.22322
1.854,97.97501
739.667,220.02057
38.31,67.5079
239.164,686.03186
48.943,234.18881
83.69,132.9694
0.42300000000000004,1174.233
10.05,194.64778
0.33,34.507736
10.517,33.303013
9.86,209.86201
410.4870000000001,534.05365
19.97,101.953125
730.5929999999998,557.13654
10.673,199.56355
0.04699999999999999,134.30669
256.3,473.13574
38.88999999999999,520.4751
2.236,8.6288185
139.773,162.63506
1.157,361.35037
18.56,21.02138
9.203,33.35873
39.733,123.8009
0.17400000000000002,13.635536
0.33,33.945774
11.59,17.270292
19.957,55.8729
80.11700000000002,563.8091
70.006,144.60689
87.01,578.88983
20.243,185.79077
89.11,132.1117
20.24,146.49477
9.88,145.12775
14749.139999999998,200.60667
73.183,24.741432
9.88,457.473
0.204,160.78732
18.984,243.14993
0.19,18.697962
20.06,1416.2235
38.987,406.87994
9.857,106.98838
109.13,184.44127
0.407,43.07496
0.657,13.3905525
9.007,31.5389
0.064,13.710354
8.096,125.992676
7.157000000000001,45.491726
390.157,423.87933
140.013,558.0528
10.39,18.68283
80.427,138.87369
9.943,261.94507
280.68,1273.5615
10.392999999999999,316.06192
7.514,276.364
179.42,744.60925
9.437,31.34382
259.86,2490.9062
20.667,133.36636
19.033,518.16296
20.550000000000004,609.23364
0.06,44.590446
690.003,890.6652
530.17,441.87845
0.107,71.453766
9.343,323.58258
39.986,563.95233
0.017,20.412214
0.737,31.300503
30.614,14.126994
1.333,150.01875
40.213,264.27158
9.7,35.00101
10.477,111.45128
290.036,26.513174
70.183,259.3606
41.097,111.74571
0.203,62.259468
0.093,5.309628
199.513,394.0859
57.443,493.19577
0.847,12.551086
37.684,1303.2946
0.626,60.342136
20.853,227.70163
3079.107,117.226776
10.650000000000002,438.99872
40.437,93.886246
0.394,40.64649
0.8969999999999999,55.915512
908.877,1547.2253
0.234,44.427475
61.133,62.323593
259.997,263.4113
79.957,242.04361
0.03,68.25795
8.784,31.59536
40.334,293.0428
10.164,34.116512
19.916,1621.5391
650.063,403.6998
0.09399999999999999,98.55442
19.569999999999997,244.50764
248.993,81.3724
79.517,109.13338
219.91000000000003,514.82104
20.197,127.048485
169.213,328.7143
0.033,32.775192
19.806,50.936646
68.877,735.5899
50.084,173.27522
48.72,197.56523
50.197,131.60336
9.87,15.705883
32.07,177.11407
31.036,218.66127
8.864,277.00247
29.98,133.63351
17.633,24.270973
50.063,382.97955
71.17,139.31635
9.973000000000003,107.42899
37.974,16.555683
30.713,18.409254
9.117,167.68661
0.283,50.51661
18.687,35.775517
70.034,93.50967
0.17400000000000002,184.81552
20.856,18.294271
230.137,235.11475
60.3,499.80353
37.706,234.31197
20.523,272.956
50.35,223.7829
0.14,13.335984
39.79,257.60132
379.45,34.512634
909.7470000000001,641.97534
8.75,111.92611
10.013,16.30406
9.167000000000002,15.757455
48.727,185.37338
239.52299999999997,433.63956
9.463,53.23793
20.427,12.300285
18.383,85.793045
19.696,33.537216
0.267,125.30612
707.824,241.5934
10.383,21.24399
9.163,1007.2331
10.133,1.9848849
0.39,42.248096
10.996999999999998,350.43884
139.23,243.59993
21.1,62.139328
0.19,15.587535
2979.8400000000006,168.0325
99.96,746.831
28.917,266.20816
8.717,104.48385
820.12,466.23615
976.39,1793.429
70.35,19.02444
39.81,133.57195
19.243,215.06168
1.75,51.79486
410.176,818.78156
1779.477,1052.5115
0.67,14.234569
329.267,776.3043
10.093,369.75092
9.633,453.40002
270.18,405.16968
0.31,17.862118
11.21,52.48419
100.5,48.76866
19.753,89.44829
28.467,204.51753
9.193,51.229794
134.31,333.7874
19.736,1758.6117
4019.904,3153.2786
118.134,66.75145
0.07999999999999999,35.14276
10.967,69.52129
9.453,10.250131
19.45,70.39154
119.547,61.913742
38.2,966.1143
39.856,74.80745
10.413,263.5901
31.144,470.57288
20.53,71.74921
0.983,126.739685
40.897,145.23125
8.317,148.36713
29.117,298.26825
50.946,189.65411
290.11,418.00854
10338.474,4074.7368
310.503,95.19014
0.3,13.677172
100.197,1653.4167
0.077,13.862457
1086.77,329.06454
1.75,86.777565
40.453,146.63777
20.4,103.956154
68.797,325.50168
8.92,55.390472
0.127,12.605196
0.283,170.47928
0.296,49.59866
19.136,141.39636
30.094,14.709874
109.84,467.69067
8.98,154.52985
10.89,61.33054
10.407,34.44002
16.73,25.021723
69.903,467.07016
1059.81,449.6081
10.126,105.82063
20.91,112.05174
10.47,99.68685
312.6,1038.8607
28.14,36.64768
29.797,77.362564
90.02,847.03546
78.46,52.009274
30.16,189.24196
18.483,113.839615
1710.446,270.5713
40.324,346.08105
5.31,5.17964
0.07999999999999999,44.62862
10.286,50.479557
10.223000000000003,105.55552
0.04699999999999999,36.03738
39.354,82.83228
51.53300000000001,475.91864
18.603,146.71373
186.92,789.70905
19.246,74.5861
8.79,63.642323
339.837,968.31384
0.14,77.636856
30.057,1465.662
70.93,63.146923
119.21,345.87558
139.483,853.7417
11.116,35.815792
360.22,137.27737
19.266,33.870647
9.817,250.01811
370.723,339.2269
0.11,54.775154
0.204,16.264956
8.244,5.0004067
52.44,151.76414
11.69,24.002022
10.66,8.787087
50.237,15.828094
19.09,20.45898
0.093,69.644745
39.693,22.465454
38.73,268.78986
280.647,80.12257
89.113,201.75858
100.857,75.50549
0.22,60.79726
50.067,263.21933
1.17,3.871001
20.157,565.23376
10.076,40.992897
520.353,105.03607
30.23,219.31331
20.066,70.83248
18.819999999999997,198.49318
19.283,17.871885
120.667,129.72821
4.937,43.317497
38.72299999999999,513.5561
41.297,419.84045
44.44,546.8305
84.66999999999999,30.127253
9.83,65.625755
20.47,1145.8549
10.26,205.62279
159.764,529.7068
139.75,400.33035
0.17400000000000002,59.35398
270.24,508.61392
0.03,47.653164
19.754,194.48067
0.11,14.243686
60.172999999999995,1363.7098
2.873,19.008709
0.31,13.710354
0.503,48.1918
10.284,32.91551
48.919999999999995,108.10001
769.0529999999999,681.20447
9.757,188.78773
539.377,426.51413
799.676,592.08813
58.86,42.445732
9.103,64.119156
0.513,69.89758
424.633,198.48308
1109.863,145.62534
9.987,76.423676
18.644,168.24167
14.943,8.882405
148.533,232.28427
0.14,16.202213
3016.18,641.5354
7.873,66.692245
0.35,43.983513
0.017,37.283623
51.123,249.98709
0.28,5.0004067
329.277,221.63704
20.064,14.323163
221.29599999999996,1056.0315
11.222999999999999,17.946442
29.86,397.5592
247.067,631.21906
29.46,524.6114
8.987,615.9014
20.007,476.81552
50.206,591.1759
19.97,265.1356
1449.973,67.408195
10.447,78.92786
30.38,121.35599
80.47,117.31742
0.013,167.73666
1.333,57.189747
19.693,56.70573
9.947,98.25327
30.053,436.1627
2.06,9.600156
441.254,839.97095
0.58,100.53529
31.323000000000004,40.13301
0.75,13.0125675
8.833,162.25024
0.99,85.33094
29.103,109.2224
37.677,94.365555
9.87,29.017048
20.696000000000005,44.144985
37.434,1502.4214
0.424,14.081744
0.077,14.05439
20.593,424.34915
19.06,130.70636
19.313000000000002,133.71164
9.424000000000001,38.930363
1.046,68.17564
20.437,300.94485
60.36,645.0661
62.904,365.9149
0.064,103.26178
8.92,72.59565
40.713,89.9302
79.663,809.2303
19.463,659.14844
0.534,74.85919
19.014,43.285656
79.623,564.2132
990.28,1536.1027
60.966,576.2317
94.06300000000002,1379.2625
59.589999999999996,198.61511
459.743,759.1058
10.577000000000002,34.575695
129.827,392.7587
9.52,447.17
19.963,701.72253
19.237,79.90408
21.144,70.99221
189.734,515.036
317.17,181.96227
699.887,406.75848
10.107,71.77065
0.233,39.314713
8.693,79.24328
0.314,179.22688
29.764,135.95937
1068.24,962.49207
39.696000000000005,23.396345
10.294,587.95605
9.65,46.985603
619.897,294.6972
19.897,149.09225
57.91,2389.511
10.153,443.01572
0.233,14.81737
10.18,30.366882
28.77,299.45288
20.027,247.53012
19.093,122.55797
22.004,80.47728
40.034,138.92575
231.16,157.44783
1.097,10.163796
27.806,266.48383
69.043,282.97186
0.127,498.9694
0.314,17.465374
18.923,136.12817
0.28,47.05278
289.94,181.06387
19.3,36.403496
979.693,710.22906
19.736,292.02786
18.897,149.75226
179.84700000000004,1240.5511
9.734,96.33169
20.256,123.50402
1.017,69.644745
276.61,264.49722
15.523,302.04736
19.96,62.923725
6.517,42.799915
190.473,671.23303
19.88,128.19753
10.037,102.410446
0.957,36.7006
0.53,201.33162
0.063,124.11936
10.46,61.75664
23.836,261.7021
8.693,368.9698
0.203,115.3978
68.923,141.1309
11.753,4.0664673
0.05000000000000001,18.018066
29.297,142.29382
19.667,96.37578
5.034,8.617571
9.043,30.083607
0.156,672.35046
59.887,318.1494
9.877,40.136044
9.92,87.09941
200.153,1009.9609
10.033,62.78855
19.997,139.10008
13.826,208.88081
19.814,29.099941
40.09,107.78146
289.977,295.23328
39.483,275.20563
8.773,68.455826
0.203,14.132167
19.95,186.4287
10.336,543.33777
62.46399999999999,18.58449
20.177,377.28638
0.736,17.662638
0.25,75.75304
169.714,133.47272
210.5,316.0707
9.447,16.387522
2.28,217.74445
51.20000000000001,57.571552
0.723,60.536697
0.25,22.846018
0.267,59.23709
1040.04,1485.3661
9.947,13.05459
10.392999999999999,43.82521
29.946999999999996,39.04053
8.833,57.024715
1331.113,567.97845
32.233,41.315834
0.33,9.579483
0.093,240.68866
49.82,22.792776
18.64,27.774006
91.04,55.409218
19.977,612.1584
20.437,169.04439
18.816,49.64815
9.77,3.892247
128.953,207.09859
29.7,101.234215
9.95,543.5111
0.25,74.84852
49.743,118.368256
20.59,121.317635
39.37,663.3496
299.267,188.10275
70.86,165.08514
9.77,37.42241
510.77,215.91066
0.22,203.40614
40.16,312.9479
8.404,29.858902
50.21,59.35825
29.02,254.05315
680.457,697.8018
0.03,952.5341
589.95,694.265
9.6,34.274105
1.296,352.40082
10.203,167.00504
171.043,256.42368
0.876,28.40593
100.057,320.33395
238.87,197.00519
158.694,339.72266
9.496,394.9099
0.6830000000000002,43.347836
10.223000000000003,275.44592
0.07999999999999999,4.9485006
0.203,117.20331
119.613,102.79075
18.186,69.1288
19.697,556.42944
164.847,415.72977
20.653,69.745186
129.843,68.11814
138.56,1494.5688
0.127,45.91971
8.957,9.1368885
10.017,111.675446
1.596,18.065979
18.123,18.139278
160.767,626.44415
19.976,171.50641
0.03,167.5628
0.973,10.85339
109.797,410.75116
10.076,126.79276
89.793,150.48122
10.68,204.25603
0.783,48.758957
0.207,38.77773
9.767,848.7865
759.8400000000001,312.03275
371.157,102.179596
30.317,12.876649
9.544,15.090123
0.547,543.18445
9.947,130.97806
28.714,468.87585
9.256999999999998,118.31544
329.607,736.4427
50.196,24.159895
1.016,21.795383
19.727,32.4754
20.747,62.09136
0.157,263.43713
0.723,34.363403
30.113,18.387888
0.186,452.0358
21.077,129.75539
0.04699999999999999,140.98343
18.980000000000004,75.887215
179.02,470.02603
9.923,42.516876
19.72,5419.4775
40.294,24.65495
20.62,182.14252
230.187,185.53426
0.204,2.1275544
38.314,167.39397
8.897,90.12909
18.937,254.83295
169.774,361.3326
9.256999999999998,44.514076
110.656,84.2898
37.657,24.437231
9.77,176.74974
0.207,21.225586
61.483,346.21805
39.637,582.09076
0.563,40.3938
9.174,143.90862
49.283,162.37653
8.366,221.7041
1019.41,563.2737
9.81,1232.513
10.3,119.998604
20.35,90.44746
310.247,567.8492
29.94,105.55552
378.723,1406.691
48.52,2.5140805
9.017,14.496592
201.38,111.07092
88.717,210.89847
19.767,66.43638
10.837,98.42374
16.683,157.67332
39.707,71.610596
1041.023,674.9176
19.837,22.11296
70.387,114.70804
0.296,101.5471
9.58,75.07342
501.147,242.20236
0.44,54.5466
8.82,79.82069
39.87,16.659838
1271.8300000000002,585.7018
19.51,128.8582
11.087,45.07732
0.47,60.218395
48.526,90.35376
12.743,70.92268
29.48,161.96165
10.863,90.54116
3009.756,842.02765
30.014,99.30373
20.0,42.354538
0.04699999999999999,135.27423
0.097,39.506374
19.667,554.28204
8.903,14.925896
43.364,160.06168
0.0,13.124822
39.906,26.589426
10.577000000000002,31.725048
1961.386,404.1305
520.12,396.66214
0.597,100.07148
517.5,319.03464
0.013,13.326812
28.57,116.82911
389.89,776.8093
239.933,268.91754
150.12000000000003,588.65283
12.987,90.66823
40.136,284.42725
5349.106,8041.644
22.29,187.61186
0.614,456.3029
0.04699999999999999,41.058784
109.936,478.89883
280.683,690.4175
580.583,71.66542
8.946,34.746613
0.627,200.4979
18.333,163.19656
36.074,94.93794
0.013,77.48476
131.17,478.6609
9.603,69.68391
10.526,360.63275
9.696,69.51858
120.84,565.0921
0.47,72.88142
124.693,551.3329
59.794,555.28625
28.253000000000004,136.54343
10.17,49.191814
0.677,24.201378
59.914,147.43045
50.743,150.21552
0.03,343.13315
10.727,35.860954
20.117,15.508159
8.996,34.0917
10.624,322.67325
519.927,915.7807
1.14,372.60904
6.1,160.85944
0.064,48.80997
19.787,436.88715
0.22,57.30736
9.356,48.48672
1089.684,654.70197
9.686,31.214947
0.22,159.62502
131.35,179.61638
1.16,146.56651
9.543,41.04408
40.133,51.395584
60.11,111.66717
29.86,157.68687
420.27,282.17148
9.463,13.946528
230.78,414.56802
69.997,1474.7238
21.243,21.18182
139.127,371.96704
20.006,51.60189
9.903,14.878589
20.844,101.12092
20.49,21.347979
0.063,75.81818
0.19,36.774418
820.214,1654.539
20.137,220.33287
21.65,54.235256
9.513999999999998,163.51324
0.75,14.912912
238.33,738.98065
509.467,220.12674
62.916,130.65607
27.24,79.12173
20.29,184.15475
38.674,60.536697
0.72,139.92122
10.72,175.2998
9.617,291.11777
0.357,89.75568
0.07999999999999999,12.952825
256.76,919.8834
49.484,528.45276
12.537,73.28122
3.107,94.08021
11.953,19.85634
58.973,13.683455
100.06,99.96901
10.807,83.08571
9.237,22.38431
29.16,245.44498
50.447,250.42471
10.62,1184.6348
0.22,139.20612
10.173,25.231953
288.82,3576.477
9.413,40.410942
0.0,36.56701
20.26,16.603214
10.903,49.870033
109.953,158.69296
219.98,306.78302
59.79699999999999,197.5724
10.730000000000002,34.596455
9.794,265.28503
20.027,274.76834
0.04699999999999999,451.5062
10.150000000000002,31.71277
89.94999999999999,45.55941
9.903,40.396053
8.187,46.787468
7.09,4.088786
9.073,19.145908
829.697,508.89243
109.963,625.46564
50.644,271.23718
0.763,47.86694
50.844,30.056498
240.91299999999998,492.42145
19.979999999999997,1027.4447
850.977,105.73157
10.74,476.1761
20.367,146.35349
19.92,202.53247
309.66,232.1476
240.034,390.5263
9.513999999999998,98.73766
0.233,43.07496
10.09,42.025635
39.61,140.11743
189.03,239.71315
89.877,60.02172
270.33,216.92542
60.837,41.19571
30.603,271.0846
0.204,35.00101
29.317,123.110466
8.38,16.376045
9.893000000000002,21.438898
54.357,638.6258
60.023,446.97733
122.437,457.7689
21.222999999999995,227.15263
1.094,58.46894
0.11,10.64781
10.113,420.90903
8.84,64.41393
30.564,512.39465
0.25,12.925913
9.05,17.921614
10.623,452.3265
9.78,66.18911
40.797,21.396875
8.443,16.631504
9.747000000000002,53.742935
9.213,3.9711492
70.18,233.75337
8.573,184.89075
209.96300000000002,130.9951
100.486,419.04697
10.567,89.5203
40.314,9.240803
127.887,52.560776
49.744,57.41761
21.817,41.071793
59.653,11.889628
0.627,43.208416
9.68,38.85402
1308.53,470.91815
339.684,731.8156
10.06,171.49821
7.79,18.030075
9.916999999999998,131.98566
8.513,13.124834
29.243,577.05475
151.296,675.5685
10.387,34.54973
40.477,23.028711
10.516,82.935196
31.09,242.72931
10.150000000000002,5.261361
39.83,57.645382
19.62,55.862984
0.07999999999999999,40.88967
9.329999999999998,28.035082
78.877,164.7418
41.10000000000001,138.18239
7.417,109.33779
10.767,1205.2968
0.643,31.526867
0.187,78.49687
0.14,45.07732
0.9530000000000001,36.7006
9.553,185.19304
9.717,72.215126
0.093,17.498098
0.827,161.18227
1.25,33.864468
60.11,297.21396
0.23699999999999996,61.721043
200.037,448.41455
10.653,42.809277
0.75,33.17053
9.053,388.49298
18.853,762.7877
190.16,184.16725
1.296,482.20944
80.3,309.47296
5.01,96.23214
140.04,92.082306
290.103,387.64655
1.11,42.445732
51.95000000000001,190.03201
529.913,586.6561
9.207,167.59154
19.36,459.2544
0.6399999999999999,44.475956
18.843,52.462563
871.25,430.59006
1070.113,301.1287
11.32,46.156628
138.1,31.031034
0.127,135.27423
11.444,25.98659
349.194,155.18105
59.773,542.92395
230.57,425.94788
144.917,299.36722
219.377,235.03246
21.687,24.323793
114.497,203.27269
309.63,123.832214
49.98,183.07281
219.46699999999998,241.13457
207.897,214.55089
19.152999999999995,260.7616
40.9,349.48776
39.23,100.00317
9.820000000000002,88.409515
8.893,42.999893
29.57,142.34837
0.766,53.805378
1.364,46.709183
215.95,868.6114
0.53,188.38065
19.767,76.00401
9.624,36.834743
411.003,287.4114
279.263,223.66913
8.766,24.876448
29.98,325.7912
730.213,228.85208
9.07,57.67135
39.403,134.12042
18.407,142.70482
10.717,14.3127
2.263,40.173447
2.203,33.582626
170.327,392.88782
20.784,137.2651
0.593,37.604115
759.333,279.0544
0.533,40.15166
9.89,26.817398
10.907000000000002,13.099791
39.687,331.70557
99.95300000000002,547.73676
607.193,584.9944
49.894,390.0549
59.854,14.342087
19.906,259.54376
0.843,14.053974
59.47699999999999,23.288761
100.27,244.46616
0.96,48.088535
29.78,75.26238
230.767,323.08777
21.823,56.547146
80.096,655.47485
0.703,15.757455
0.843,76.92596
49.843,18.35953
0.093,80.82099
20.243,48.36434
1172.557,618.33466
0.623,436.25464
149.49,206.08745
20.377,20.322245
8.95,27.224218
179.89699999999996,130.9814
29.787,166.51839
0.017,46.953316
1079.83,1108.5714
20.147,116.616104
58.734,58.75624
18.92,174.6856
0.53,13.263351
38.007,253.5259
7.93,40.915676
3.0,18.030075
11.146,259.20685
60.127,553.39
9.812999999999999,68.79519
0.04699999999999999,52.73244
18.433,218.65233
9.727,230.11386
319.867,584.40735
8.28,38.955738
19.45,59.628685
128.563,191.24785
54.333,363.73056
130.847,39.64072
341.05,157.89084
48.183,144.51706
9.943,70.35195
79.583,269.5618
50.027,306.58057
370.284,33.656734
0.97,67.353676
9.557,25.231953
0.14,34.916973
9.336999999999998,278.7858
9.527,39.47617
10.884,176.22836
18.437,64.327156
0.17,225.64525
8.436,70.71199
0.877,145.41609
9.34,44.906246
7.437,486.4855
8.017,67.91819
24.23,25.29901
0.014,39.46951
1371.9369999999997,199.05869
0.097,17.79383
0.736,14.131102
50.883,143.9408
19.553,13.783903
1.267,543.75226
20.133000000000003,35.99589
129.714,57.72742
0.233,50.121197
0.06,398.077
9.427,63.326294
259.347,242.3623
111.37,43.58838
8.27,36.96925
21.04,774.0189
0.19,37.284107
1.486,38.764378
30.067,110.652534
20.704,585.6252
10.886000000000001,103.501526
7.57,40.79498
28.207,205.65749
0.28,202.25278
0.03,71.36626
11.437,75.517105
48.307,43.134407
130.066,137.37535
9.39,53.95374
70.077,176.26315
20.836,52.790752
19.02,92.36874
0.563,20.66941
39.477,242.10808
37.184,63.148838
180.577,169.13705
10.14,303.0768
479.483,661.6059
159.334,425.06458
198.677,45.794983
11.747,55.58296
20.797,1783.2592
8.347,85.75472
69.927,257.14807
380.147,683.7683
28.967,104.1032
29.627,12.315713
8.55,44.43793
19.807,1488.206
30.877,765.6211
19.6,8.569051
8.913,53.51422
99.97,114.04549
9.36,110.095695
262.517,754.5863
0.674,436.79868
428.45,2024.6091
22.906,340.72565
20.336,166.71083
0.487,368.13812
119.577,18.956705
0.157,124.1334
29.66,188.4906
20.434,163.52173
10.017,111.79938
58.973,45.128265
18.857,183.8889
0.347,31.350079
519.893,1140.3748
9.037,79.918106
20.057,185.79077
0.064,24.94184
0.89,63.026077
389.974,708.09485
36.047,173.94852
9.13,168.06447
0.486,64.535835
0.13,74.97513
0.07999999999999999,52.73244
230.873,73.90388
772.4999999999999,470.6872
81.62,353.9011
90.31300000000002,630.0925
40.913,147.56943
0.893,43.90514
64.133,196.85333
21.222999999999995,185.41705
1114.403,1191.7877
9.037,43.45936
269.86,506.2004
289.54,449.7191
29.667,213.60852
18.987,190.18588
2262.004,206.39626
60.003,101.0916
529.367,495.56952
19.390000000000004,119.55581
9.14,23.27136
20.12,104.115776
18.783,14.375276
9.767,88.356964
10.507,16.983706
0.05000000000000001,39.702763
68.39,320.26944
95.00599999999999,470.32837
10.642999999999999,55.92241
0.203,9.620093
1928.2829999999997,732.3137
91.06300000000002,42.849785
9.814,124.90778
9.863,14.945731
118.62,567.37164
80.077,121.98222
1.27,103.00363
9.664,355.5448
9.814,63.069744
0.127,41.960503
0.17,145.26111
0.04699999999999999,55.340652
9.966,35.761375
19.05,342.80988
59.906,491.65353
0.123,13.112294
9.386,9.579483
19.436,5.0726604
0.093,507.89877
0.657,34.916973
39.873,286.16293
119.323,354.13245
950.8529999999998,133.7725
100.697,311.32983
10.837,108.35436
550.81,290.9059
481.153,142.54433
29.487,145.06697
0.173,70.13902
9.903,36.79409
19.997,18.359644
16.124,17.465374
10.42,213.98045
20.727,511.51813
425.303,1797.4355
0.106,111.83165
0.394,44.705082
50.624,1387.4758
49.86,460.07242
9.833,43.79765
10.05,235.66524
0.203,74.54749
60.24300000000001,138.46864
81.267,394.97568
9.92,114.6991
209.957,140.8458
921.693,289.6004
10.177,18.31661
165.26,3320.5852
0.017,45.39963
9.73,54.07557
2101.164,271.03958
19.867,47.05285
412.183,191.70354
11.173,31.39923
10.25,188.03673
39.93,213.25716
380.16,595.24884
20.946000000000005,144.4811
9.986,280.94788
10.254000000000001,8.6288185
108.073,727.5248
10.18,23.844984
0.233,200.00386
230.52300000000002,1744.4572
0.86,68.17243
49.21,113.955894
19.097,14.41244
19.21,226.41885
9.916999999999998,53.805378
19.244000000000003,15.849758
2249.99,1820.6687
8.047,45.67456
9.527,412.69522
0.017,173.4239
10.113,41.459164
1.6260000000000001,46.985603
0.686,51.64301
0.157,17.629608
39.967,31.12031
9.357,364.82864
179.953,143.78226
907.797,404.00232
0.86,33.994408
139.9,345.50937
0.04699999999999999,20.997185
0.774,476.20993
9.407,48.625046
39.87,1267.6178
0.3,17.335085
39.31,203.12651
61.113,290.47076
9.033,223.64822
19.81,274.75165
0.11,44.62862
4.579999999999999,69.26843
0.25,141.39938
100.04,260.39603
9.14,38.213036
50.373,542.105
19.47,248.80649
0.03,53.761456
209.556,688.8048
29.9,213.85507
30.127,167.54971
0.013,148.93047
9.956,1215.7253
69.387,3595.0342
0.123,14.064631
2.36,34.59102
40.25,717.3264
69.807,639.8291
11.616,56.856255
2090.477,1516.8201
52.01,360.9237
2661.09,1808.3109
20.127,1165.5839
1174.927,528.6331
170.89,568.3266
9.937,32.030464
118.92999999999999,26.236078
29.99,102.01686
19.923,197.17046
9.93,35.860954
0.297,189.03236
1.41,54.10415
0.973,433.43076
19.543,201.8693
310.5,511.89764
70.09,88.4056
21.054,71.07402
29.344,79.44182
10.584000000000001,39.959156
0.424,479.2565
11.42,546.5472
820.2,212.59183
0.04699999999999999,52.354656
10.096,72.445114
350.317,431.83923
0.58,194.44365
20.1,93.04454
20.896,69.94305
7.85,154.08148
81.13,1849.9791
79.847,129.3968
10.703,11.143717
16.437,500.77988
18.95,298.8066
60.93,205.68854
4.803999999999999,49.149193
20.062999999999995,762.8165
60.016,330.18643
19.887,611.57465
0.207,39.10579
15.757,56.55248
0.17400000000000002,45.3219
10.18,56.316406
151.143,432.53058
30.53,141.53452
30.394,248.10881
3.6269999999999993,45.931946
30.13,47.778275
8.28,9.212537
257.773,274.11707
29.637,124.13281
0.61,108.65128
0.873,50.290943
93.233,1033.73
30.273,304.58548
0.22,13.335976
20.173,753.1384
19.967,102.87309
90.723,523.88025
8.05,65.625755
4.673,188.38065
60.18,24.127363
70.787,82.00354
19.88,180.98398
19.76,133.53362
0.03,14.819309
0.517,138.91718
30.09,44.5646
101.263,266.08786
2832.534,3774.2742
144.183,235.35648
0.064,4.0813303
0.204,74.489655
99.56,466.1479
9.85,31.568077
0.013,100.07457
0.14,17.9627
30.303,74.5861
1.217,172.28934
399.17,414.82907
28.920000000000005,89.48979
8.957,105.48185
28.587,594.0876
59.35,368.5906
19.233,73.39159
10.627,42.298134
0.547,160.11064
28.647,47.593903
6.003,61.088947
9.836999999999998,21.456476
39.943,156.6784
10.187,51.460815
10.09,110.477196
49.973,775.4002
1.454,45.67456
0.61,45.205627
0.14,37.53201
11.046,219.91638
42.42000000000001,56.3163
0.203,141.8785
10.197,140.4284
20.02,146.94984
0.033,15.006334
19.137,40.448887
0.23699999999999996,17.17361
119.807,519.28815
9.42,38.811363
19.63,27.258318
2.817,18.613018
19.576,59.750927
271.244,429.77853
63.553,194.44502
9.503,65.47568
8.863,13.310084
53.544,70.92268
19.066,45.403908
30.09,275.8661
80.054,322.66028
0.53,36.032074
186.92,784.54724
8.267,65.18919
0.016,151.14462
8.394,483.65558
0.03,40.638927
2779.44,1238.5975
49.9,595.8456
0.327,74.24225
39.66,496.84268
125.113,196.99057
0.17400000000000002,115.65954
8.943,30.494379
30.057,60.52863
23.157,92.871765
9.944,166.63333
11.823,61.437874
20.766,628.3336
40.063,42.642796
79.97,686.7983
129.85,95.17837
0.23699999999999996,5.0462756
0.25,13.771202
259.337,247.79828
190.523,124.62963
49.813,225.17989
9.982999999999999,13.403779
0.063,35.007698
99.95300000000002,206.50705
78.547,67.98572
21.193,566.2018
13.21,594.0185
218.207,1233.2693
40.587,213.77551
4.483,37.040417
129.376,156.84264
20.056,143.57903
9.876,25.67174
20.497,38.876896
9.820000000000002,162.38692
69.93,713.9623
1391.04,1319.8782
20.75,340.34232
19.896,5.052852
110.797,131.46799
19.347,54.63988
60.5,153.79178
1.177,48.248703
8.79,33.380054
0.123,21.4275
0.8460000000000001,108.35436
81.064,790.1662
10.37,11.820515
490.19,1171.8999
80.147,184.59212
0.266,17.922606
40.95,130.60393
29.137,23.43024
0.013,11.781754
9.693,235.33653
0.0,33.08686
60.11,230.37454
499.93999999999994,1261.974
8.043,36.994095
0.0,17.270292
29.887,192.40453
0.014,13.999877
15.9,343.13315
19.94,92.84839
20.229999999999997,450.29028
60.086,188.48294
0.11,51.223892
40.147,32.422623
0.157,37.430443
8.997,45.27105
58.57,44.647102
0.343,95.580605
99.837,582.13477
10.223000000000003,568.80786
20.033,267.1249
0.093,76.776276
3.913,382.36362
1.127,187.36148
20.513,450.71198
9.784,15.272456
0.25,77.87357
50.267,122.25894
0.8130000000000001,42.407646
8.5,60.62005
39.953,26.935295
9.007,205.93915
19.503,50.394745
12.18,15.53312
469.29,701.92145
29.85,428.46335
11.43,50.896122
810.547,195.87735
19.286000000000005,71.69319
9.84,221.46365
99.64699999999999,145.64017
10.897,160.99661
9.95,17.236553
9.54,108.132256
8.82,87.3143
50.023,418.00812
0.47,66.20754
40.94700000000001,132.12865
0.453,13.049872
159.713,59.555035
20.37,115.498116
0.156,164.46706
40.033,105.06249
179.737,1791.8707
0.034,109.23773
49.46,310.87927
47.507,165.47305
2349.643,323.92935
1.05,161.12645
490.003,310.75406
590.673,1312.7909
0.04699999999999999,40.22739
40.007,450.74146
20.867,89.03897
111.197,125.88795
10.696,39.618088
180.207,475.51797
0.186,217.1566
235.667,441.42813
8.933,73.95786
129.757,158.87509
0.093,477.8157
9.193,44.10019
18.426,12.134725
1.02,39.695972
40.22299999999999,189.99265
40.04299999999999,56.231388
80.107,119.66565
19.087,80.70962
0.83,12.629725
0.593,32.642487
29.83,703.3457
19.534,20.746834
79.473,311.6073
46.713,675.347
10.287,1104.5317
100.09300000000002,430.9624
20.217,56.713135
20.050000000000004,222.92543
130.11,291.01474
1.177,47.05278
20.917,148.84076
0.14,60.683964
0.28,39.547123
321.923,201.89148
9.923,40.31371
29.727,111.7886
19.33,44.02174
0.017,145.82208
14.347,30.941448
40.18300000000001,273.39767
28.654,227.84705
9.490000000000002,38.93353
690.68,554.638
239.59,1704.3859
69.907,383.84784
0.0,187.11073
19.797,345.27502
8.17,147.88805
19.707,384.24817
20.19,167.9262
3420.104,1074.1405
1450.387,1017.1637
1.923,62.48635
19.91,142.62364
0.25,20.539324
9.067,15.587535
9.313000000000002,21.652807
19.237,70.68044
0.827,42.371853
19.763,31.335205
10.536,25.533905
115.606,52.773037
99.7,15.823326
5632.637,11814.623
4.807,179.25565
19.69,48.499752
180.44,69.164795
10.42,54.613697
30.43,228.07225
0.3,35.007698
2990.094,510.49927
8.206,68.56522
861.83,1170.835
0.127,71.3025
19.957,19.606932
679.98,59.504307
13.66,15.152988
0.016,10.692906
1.11,16.981827
9.593,39.60767
40.193,74.76585
59.764,81.50941
10.423,71.453766
0.157,57.614773
39.84,509.42944
101.51000000000002,826.55963
19.569999999999997,239.1855
0.657,76.12031
8.977,15.007793
100.64,345.26837
19.567,184.04495
51.09,281.74292
21.317,379.21002
1.5,21.836678
171.23000000000002,321.8143
28.786999999999995,101.67117
149.907,265.2132
39.986,360.93005
21.6,44.310505
8.187,112.05174
130.477,100.51875
29.75,56.05468
1.157,202.48677
11.104,184.00974
149.36,155.17166
0.013,368.55374
19.92,43.208416
19.267,18.895369
39.833,942.282
29.437,146.24911
0.377,15.535548
110.29000000000002,177.11407
10.403,15.548503
0.827,14.916792
1.187,60.291348
40.954,328.9134
100.58,39.669773
279.407,448.46677
60.866,27.653406
219.78,485.425
0.157,12.852536
39.93300000000001,686.45935
170.48,209.44133
3.933,193.39175
99.763,84.70365
19.96,667.3229
186.51299999999998,1892.8878
0.15299999999999997,55.3567
28.663,35.305225
7.33,38.10416
20.446000000000005,195.08469
19.78,46.61731
10.753,20.216759
0.326,449.9606
0.704,40.173447
1.736,56.754776
1.343,59.584015
51.833,101.427
159.914,1549.3975
150.07,159.88132
89.82,157.9235
49.996,3.5105145
29.004,196.6095
39.59,136.91005
9.503,140.01643
1.194,111.39264
19.973000000000003,475.52313
270.093,107.6077
0.157,9.487843
0.61,44.988266
89.416,170.91142
9.743,95.956474
29.934000000000005,106.32619
0.89,24.670345
0.046,36.310555
0.157,63.68957
20.050000000000004,265.68066
408.303,478.26297
7.597,48.22972
330.307,240.25461
0.0,85.33094
0.537,14.81737
20.84,12.193837
1.5470000000000002,72.34478
951.74,1511.0724
10.304,35.21048
119.49,124.13281
401.004,94.44512
10.403,214.5231
20.296,12.445689
9.86,34.643627
9.624,71.48666
36.33,85.492966
30.21,16.58388
19.423,112.39474
960.277,506.15402
0.017,32.374863
0.657,17.367588
0.516,25.587032
18.873,104.0788
0.077,380.88202
367.433,13.981492
300.11999999999995,1387.1995
11.233,184.04172
0.454,110.68853
949.984,199.55116
0.017,15.757455
7539.897,1616.3687
150.047,3.871001
9.903,45.07732
19.173999999999996,26.678337
9.9,111.83165
21.533,19.726791
35.994,184.09047
10.844,24.000502
20.514,18.668613
9.747000000000002,1906.6556
8.75,44.55224
2.36,124.77287
98.96,683.7088
15.833,87.6564
31.276,525.7233
10.53,89.23757
20.09,63.148838
39.77,208.28563
170.11699999999996,745.9432
0.987,17.101208
0.283,47.462128
40.107,280.75223
0.577,196.02316
102.496,627.60535
39.897,418.6124
0.157,12.703548
0.03,96.66377
110.043,50.42869
29.416,336.25806
19.977,16.867668
0.94,66.50044
77.2,751.6917
8.773,13.492381
50.15599999999999,1615.2555
8.39,400.3902
620.113,878.08124
428.58699999999993,488.01462
11.04,446.6183
10.673,32.805687
9.043,75.16686
19.227,33.624474
644.377,983.03253
10.043,53.661415
9.246,53.67138
10.244,43.370327
9.687,121.04319
69.98,221.56508
10.7,76.42408
10.58,65.683495
79.72700000000002,584.4484
71.257,181.08952
58.99,245.19875
9.363,39.68612
100.06299999999999,959.7081
10.057,407.3843
39.24,357.89365
30.203,276.05328
2224.287,265.57013
11.423,46.52554
10.017,139.48427
10.277,39.550583
9.453,9.909142
15.954,21.866636
29.89,453.121
79.71,1731.9307
9.51,30.366882
411.037,484.24997
59.08,410.61267
10.354,14.496592
0.0,67.70196
0.187,36.91918
19.61,105.28141
31.747,94.47059
0.28,79.40729
1.687,40.56755
29.983,69.78673
80.47,59.90613
10.08,28.28079
17.66,151.27422
1.5169999999999997,8.6288185
0.876,31.820324
10.213,40.48351
0.236,49.758854
3.55,11.489972
30.45,86.29106
19.97,577.6787
0.07999999999999999,44.590446
0.013,25.868658
0.097,11.73218
9.013,106.232506
9.974,62.32365
50.164,36.731865
20.524,289.12973
239.877,704.805
149.603,141.20271
10.847,291.37433
0.263,38.764378
110.556,37.34385
73.387,147.27747
8.79,219.45395
20.137,81.56093
0.016,10.92142
700.003,579.93494
0.017,75.50989
9.86,31.726831
259.087,509.41653
20.683,20.593887
19.49,169.70306
410.894,411.04428
169.907,268.10974
80.307,114.215515
10.744,5.2135425
19.993,113.99422
29.987,85.9884
10.544,219.38756
0.22,37.63067
10.077000000000002,59.10446
20.68,100.53529
50.754000000000005,414.5415
12.327,24.525959
10.477,349.11456
459.307,142.97757
10.676,72.47011
19.640000000000004,316.31766
0.343,39.807816
28.586000000000002,16.6882
800.717,1423.7289
31.25,123.023315
49.87,383.75055
0.09399999999999999,14.811738
410.34,627.57654
6.347,959.8822
19.26,66.11896
9.329999999999998,42.009857
19.83,85.75155
30.12,133.35696
169.98,38.468285
30.04,941.91943
210.06999999999996,1352.7347
39.75,57.9901
0.143,24.490963
7.637,126.27313
1.393,8.870591
19.723000000000003,80.465416
20.033,18.091644
18.126000000000005,79.09652
9.993,16.2577
8.067,24.168533
9.336999999999998,22.723782
9.437,34.208206
0.44,21.543713
20.096,46.116287
14.064000000000002,31.606895
129.754,402.46332
50.677,229.54984
79.486,247.23688
0.017,48.248703
9.836999999999998,82.03728
1.64,15.035188
19.65,268.07663
8.934,31.72871
39.63,692.1232
9.936,46.089134
294.407,432.07993
10.1,127.31682
9.07,96.519714
0.15299999999999997,52.462337
111.023,84.71521
0.297,11.781754
1.19,25.680548
0.44,166.16118
19.943,17.6566
0.076,137.094
80.263,594.2142
10.05,211.05618
0.406,30.027258
19.596,22.62536
0.41,199.07712
62.376,42.398373
9.61,368.756
1.033,21.456476
28.684,116.82894
42.05,38.581177
4070.79,1769.171
21.167,336.88333
3.507,94.32212
29.683,86.971275
10.223000000000003,478.06378
18.890000000000004,165.24957
0.063,386.61752
0.23699999999999996,165.6087
1.5929999999999997,14.898707
239.90999999999997,1756.8091
19.77,268.8039
40.94,26.959187
8.683,39.47617
19.777,81.54312
0.394,26.516747
29.592999999999996,209.07304
263.71,1127.4806
49.964,143.24077
9.703,79.2518
328.883,153.7001
0.39,29.099897
20.243,357.44406
3491.013,529.9209
1.97,43.758083
386.907,204.3853
429.787,673.57
1.22,293.24084
19.140000000000004,102.47416
20.16,619.24475
88.03299999999999,392.95697
0.657,73.62457
68.71,109.153206
11.26,103.131004
35.847,339.3683
8.72,15.006334
40.407,142.07736
39.533,22.581594
10.717,21.143263
2.07,13.091693
0.04699999999999999,46.93234
9.823,113.99422
20.757,343.97012
9.909999999999998,43.18543
0.04699999999999999,20.020647
17.643,12.901268
0.923,31.597406
160.63,363.07562
20.314,148.00357
10.150000000000002,3.8993502
81.51,340.62375
349.187,310.16232
9.83,46.78438
0.563,674.09674
79.61,266.3524
0.81,150.44456
109.36,64.91825
80.037,137.65332
19.640000000000004,25.493834
0.19,18.717836
0.07999999999999999,230.32149
10.254000000000001,167.21527
12.77,43.632244
210.947,158.09222
40.24,205.7812
9.893000000000002,186.43465
10.157,64.193245
849.317,347.02637
331.197,1356.1481
0.157,41.141945
28.987,62.669815
18.897,135.53278
1140.61,288.4631
9.88,144.74054
19.823,527.9033
17.49,27.928875
18.92,210.95126
9.953,3.9639163
0.077,13.22543
18.837,51.712337
880.163,402.31232
3.94,197.06425
0.157,13.962174
0.143,84.985435
164.15,490.38202
8.897,13.155799
50.444,100.10241
9.22,13.314084
0.5,53.55135
30.97,232.67975
0.483,37.50404
91.94,88.03257
0.077,51.10565
29.009999999999998,217.45285
9.783,49.250275
613.2229999999998,1838.7474
939.914,205.63217
839.12,1674.2422
19.54,937.8671
6.54,43.556747
509.883,552.0725
0.6399999999999999,28.065313
34.79,200.17589
5.52,15.402956
79.54,16.433264
10.21,43.758083
49.837,123.2635
260.03,8230.947
369.974,386.09238
0.283,164.78625
38.31,348.04584
9.904,29.431677
9.864,146.65654
2.663,79.43528
0.83,69.2249
583.32,214.27481
351.667,142.74088
10.273,66.353226
3.657,182.97174
9.314,274.53174
0.033,39.72599
1.6000000000000003,105.48185
314.3,570.9237
58.91,184.11935
10.347,38.294342
60.85,348.87668
387.813,856.8198
56.18600000000001,182.97174
0.04699999999999999,74.80745
19.897,385.96432
19.767,327.57693
1.8140000000000003,11.249556
59.863,261.5528
0.88,44.82167
38.83,64.35208
10.59,31.070192
1.016,145.89003
20.453,64.52694
59.907,80.62215
10.203,487.7081
1.813,628.66626
79.683,249.0049
1930.077,1228.8921
309.97,377.22266
8.537,46.825226
20.42,565.13586
0.14,35.21048
10.574,36.411312
19.627,39.558872
9.656,12.315713
20.703,43.706856
80.183,231.73897
39.777,42.948456
0.567,57.2638
8.593,16.165928
121.25,251.63963
18.28,161.65205
659.35,326.056
19.184,22.131926
0.25,25.216267
20.403,244.11707
50.95,62.48635
19.994000000000003,127.66506
19.687,246.69142
260.397,451.98767
700.66,928.3917
2435.4769999999994,1591.274
10.25,144.7879
90.33,633.409
10.073,11.440402
8.706,29.547962
9.84,60.613117
9.586999999999998,47.26745
30.094,17.275175
9.83,91.69629
0.45,13.650637
20.92,13.187609
1.41,109.676506
8.287,24.066618
169.997,464.64713
10.187,31.376078
11.674,53.15667
19.943,184.14294
210.197,14.810352
19.04,34.37788
179.5,562.1906
0.266,8.719319
10.42,15.181286
100.607,71.14918
0.28,13.0125675
59.877,545.56036
9.42,147.03458
230.273,422.14655
9.327,79.09652
0.8000000000000002,34.22105
0.733,9.136664
428.686,109.65248
0.034,132.13756
10.01,109.04733
9.92,55.53471
5059.134000000001,2283.1465
0.0,151.93396
8.417,48.34792
139.423,48.688812
19.58,78.6878
729.96,569.06024
109.81400000000001,923.8404
18.224,153.7041
20.493,1483.013
20.117,384.37805
19.507,196.13673
19.54,50.759567
414.15,800.40137
19.977,131.39012
1.267,40.52651
415.167,700.857
9.204,162.50995
0.046,36.93152
397.62,574.9016
0.597,108.90181
90.713,793.22015
0.157,56.11559
39.757,604.61914
9.157,53.44141
10.237,36.80582
129.777,129.20013
9.916,221.42368
9.989999999999998,633.85333
2.8629999999999995,232.17311
70.04,191.99591
30.414,54.6198
27.31,5.2888803
240.0,250.55649
159.657,208.31133
39.784,53.113052
7.563,342.83972
288.973,388.98306
129.79,290.4151
2.703,274.92053
50.107,14.626103
70.167,332.18057
10.607,490.24536
40.283,963.3382
20.09,95.54284
0.017,12.605196
10.36,14.320406
429.91,477.29443
666.61,1626.5518
40.834,80.580185
20.986,179.62859
0.144,96.07683
19.617,37.594902
20.81,62.547207
0.11,42.25911
0.0,35.278324
18.37,308.46896
269.96,509.79468
0.85,42.009857
0.75,13.024979
121.666,758.1003
499.373,347.22266
29.94,655.84784
90.123,275.2382
19.694,33.637516
1.147,35.305225
763.493,948.54047
690.487,484.8933
9.812999999999999,752.6335
20.1,1091.1707
19.773,2.3127573
0.817,41.930714
0.217,135.27423
20.91,61.216084
22.673,135.39716
31.653,124.1334
8.514,34.620094
9.989999999999998,57.501835
160.076,1453.1954
10.416999999999998,108.46692
0.317,169.56834
93.17,526.01965
0.014,4.0148683
8.694,14.507816
149.973,266.41116
8.916,38.53715
99.88,179.85736
69.68,83.677376
10.03,69.885086
89.517,175.75438
9.424000000000001,567.8817
10.05,76.64818
9.647,9.498795
8.233,354.914
339.954,504.10544
0.266,176.74974
8.407,47.12841
40.807,44.480362
98.89699999999999,61.696724
1.0,238.26154
0.6729999999999999,94.864365
3600.717,545.03436
59.924,90.913216
40.596,209.57336
220.407,615.2761
9.766,37.163013
1.11,48.70472
20.366,203.11574
49.82,107.363716
41.0,168.78171
169.147,46.161865
0.203,15.694
8.653,77.7892
0.7670000000000001,18.439629
1411.733,1343.6991
40.32,53.497986
60.303,261.54214
9.057,448.29776
51.087,315.02084
3.11,14.680787
20.757,187.82834
10.354,436.67905
69.693,147.64804
9.12,292.68756
9.396,108.46972
0.204,33.203922
19.890000000000004,113.82722
0.97,50.23422
5221.85,4994.1807
19.873,37.99297
286.583,119.24822
20.28,92.076965
20.56,54.942112
147.38,156.13055
242.41299999999998,69.30761
9.053,20.066116
0.234,47.967297
79.174,709.05756
0.0,77.636856
9.88,46.496902
9.577,35.06737
0.0,149.35757
19.687,13.637443
0.453,15.60868
23.454,90.74683
9.25,75.24892
40.157,138.43016
119.737,43.491188
15.42,178.24033
0.156,50.877804
69.974,416.44653
10.37,64.98033
29.167,71.25863
30.247,191.48384
0.453,34.33712
1377.303,417.97568
391.35999999999996,419.38354
19.856,44.25787
20.229999999999997,29.217323
0.783,103.99654
20.57,36.54571
0.703,14.447642
20.037,68.42208
129.633,858.2952
100.94,304.55295
19.67,144.71529
19.5,80.351364
10.38,196.1959
11.833,15.172929
39.38,182.7481
79.74,1494.9895
11.047,135.76245
10.017,16.276333
0.8000000000000002,337.97107
20.627,44.928257
0.547,15.691861
19.107,48.67031
150.973,482.7714
18.826999999999998,196.36113
0.017,99.159706
1590.65,419.26053
111.53,429.60962
9.73,15.035188
11.063,14.508689
0.717,39.253544
0.11,12.628422
19.694,542.89484
60.013,1009.74756
0.296,145.12775
3.177,133.25209
20.487000000000002,37.72371
135.343,356.2374
20.233,15.614081
9.017,47.619564
23.703000000000003,119.67544
1.567,147.51042
0.253,153.3895
267.293,65.984634
9.843999999999998,39.618088
10.277,44.26558
0.703,219.45395
169.92,2439.4001
9.739999999999998,23.65086
0.127,28.079441
129.43,183.70103
0.58,138.83417
10.477,189.32541
20.31,90.94478
0.547,75.7429
29.713,184.16644
19.273,65.39631
0.9070000000000001,83.579735
19.187,903.34
280.12,450.30664
0.03,53.627644
10.899999999999999,459.66403
30.023,48.36201
0.67,20.84436
0.503,79.53142
0.517,61.33054
2514.117,816.8738
0.203,23.008722
19.625999999999998,678.1179
839.1840000000001,473.50153
49.587,1002.9467
19.683,233.87392
9.714,17.245798
0.314,18.68283
10.657000000000002,76.65204
9.657,52.678387
69.673,90.64799
19.72,36.911606
3507.327,388.16577
11.173999999999998,50.308407
0.06,66.43985
110.017,106.82776
100.807,762.0961
309.95,209.96419
0.063,76.22562
1169.7,512.9334
39.86300000000001,70.17558
8.68,53.099594
0.42300000000000004,96.33164
0.58,3.9711492
2.393,41.050297
19.957,15.40881
9.867,49.191814
20.877,55.357414
29.9,14.898277
0.326,1.0839984
1.434,9.620093
0.03,15.136675
18.477,172.89171
20.35,148.85497
0.07999999999999999,187.49564
0.143,71.263115
130.706,20.016392
1174.5769999999998,623.13837
1.81,8.9874935
9.88,63.699524
8.863,274.29797
460.104,178.52763
19.15,39.61296
39.544,71.21188
18.547,76.92596
9.947,33.880524
139.634,829.68207
8.57,78.162155
19.393,15.324528
60.154,51.929108
20.264,705.9941
45.674,98.222404
109.71,528.0979
1310.73,360.46677
180.01000000000002,450.7251
10.1,207.5927
140.027,170.74683
19.812999999999995,21.514614
26.983,18.450592
21.047,246.25107
9.307,52.450497
0.623,30.0149
9.517,70.51617
308.61,664.4628
343.623,600.21063
9.42,42.298172
16.247,365.0825
18.913,48.806458
1076.514,782.9069
9.94,141.78687
370.393,254.41107
19.35,206.40877
330.427,163.76689
8.58,37.649673
0.314,94.56269
9.697,40.853714
109.993,682.4808
0.17,135.27423
49.91,339.6551
400.413,298.34384
7.85,15.402956
520.534,383.12668
20.26,227.86969
6.447,49.508553
139.166,43.63291
20.073,172.19775
479.38700000000006,150.33493
110.847,69.77926
30.174,655.28326
0.11,38.955738
11.124,45.424915
70.654,174.26762
0.233,28.608202
60.643,1405.3796
3.457,513.74304
0.36,413.38016
9.386,80.93471
20.24,188.58955
110.28,85.832855
49.863,393.49753
9.127,144.58798
20.833999999999996,155.72427
10.243,149.4985
789.677,968.1389
9.97,236.7185
70.446,281.30814
0.124,48.947647
188.22999999999996,85.86479
42.563,22.380737
0.157,160.1101
1.373,122.83658
10.75,68.167145
8.777,13.263351
9.637,60.66387
10.01,745.8579
19.837,243.79083
21.427,430.16193
8.857,144.46738
60.244,333.78583
20.726,43.653614
9.887,72.79661
19.79,355.34335
29.669999999999998,276.55075
0.297,48.7934
18.594,766.72034
49.32,105.947914
210.34,325.93762
160.0,426.16312
9.857,34.50302
0.14,78.68308
40.85000000000001,155.527
2891.65,1410.3396
9.703,21.893782
10.624,66.44298
59.807,302.22372
797.136,1809.8807
10.097,274.6714
0.25,48.1918
9.843,57.52295
9.884,23.613483
9.493,277.15134
0.203,18.68283
9.657,10.64781
50.21,173.65767
29.573,70.23646
10.56,56.067043
5.274,78.68297
13.61,4.007547
0.283,95.55505
21.24,74.39821
31.766999999999996,1234.1655
0.8130000000000001,195.64708
49.736,230.05185
0.72,54.817055
750.3770000000001,2019.8885
18.59,193.28572
40.126999999999995,43.63291
29.46,97.472084
50.05,52.273846
1.047,66.5769
9.393000000000002,303.2021
9.103,144.56326
0.14,17.454786
31.56,118.6026
10.980000000000002,147.19719
110.12,187.1345
18.904,2.4894862
0.03,37.577793
175.106,547.2344
19.03,52.140003
30.13,62.449085
10.070000000000002,131.42746
20.593,9.406945
10.077000000000002,33.502037
29.816,24.789425
1595.566,594.8389
19.303,165.23885
28.27,519.04504
9.22,115.386284
19.81,626.9325
69.293,16.170313
630.563,441.19406
30.174,98.45128
20.097,97.66234
9.896,117.17117
0.19,58.929375
30.96,31.5389
11.85,70.49067
10.46,75.07342
70.603,423.23392
210.55,231.99826
260.837,819.37024
0.127,43.223007
20.06,131.47699
0.013,77.18152
0.343,100.369675
40.133,145.68619
9.124,199.0575
39.72,26.63477
349.637,420.47983
18.994000000000003,126.739685
0.533,110.45691
29.064,69.885086
0.06,45.62047
20.0,209.21927
9.627,32.207542
8.066,18.06385
9.324,203.48856
35.114,163.29376
10.593999999999998,17.367943
1.5799999999999998,14.85015
20.51,548.45715
99.997,273.41324
9.34,46.433544
3.757,177.09598
39.42,35.759487
1.563,26.52481
20.16,216.42537
0.017,46.61731
279.634,887.91705
410.437,406.7537
0.063,61.30879
0.89,47.363937
9.7,17.141487
10.72,18.167192
1.5,40.21245
2.407,31.818977
1.67,63.652092
49.88000000000001,22.137083
21.06,71.510345
14.724,266.7669
290.51,204.79672
336.4,550.7642
0.17,12.97804
0.017,165.24957
60.037,71.66318
19.41,950.86273
211.267,530.22534
56.55,591.72424
0.546,53.95374
100.353,249.26842
0.483,48.40549
0.9530000000000001,50.14589
410.41,589.86945
19.34,561.0112
37.933,1322.2196
10.546,201.75099
548.633,614.03143
12.15,93.00783
0.69,90.75645
469.203,249.67093
2130.21,701.91223
3.517,265.1867
19.397,90.22178
60.707,279.54422
109.666,692.4237
0.17,574.6909
0.17400000000000002,17.921595
31.416,473.19363
20.562999999999995,174.82593
9.663,13.951814
180.06699999999998,382.9483
19.31,273.39212
0.17400000000000002,456.3029
90.436,354.9596
50.753,581.258
9.04,54.132267
0.077,105.88435
69.916,333.68036
0.127,40.96158
90.81,207.4992
0.15999999999999998,17.662638
30.11,9.288778
50.093,101.11438
26.57,79.6987
10.13,184.81552
19.574,262.07556
1949.7,555.43884
19.79,18.162222
39.42,1372.0375
19.516,64.82963
0.186,281.41754
1080.803,609.3096
10.92,53.203243
844.2799999999999,1048.5042
10.35,45.79361
1.71,125.992676
9.87,60.79726
21.54,16.58388
20.774,110.231186
9.173,37.974823
53.544,193.67773
2.2699999999999996,46.19084
19.977,353.01398
4.974,42.634525
0.283,186.29852
488.927,203.64067
200.247,553.2224
0.487,47.778275
0.11,53.284008
0.097,35.346325
10.78,44.98825
0.517,40.96158
261.67,88.75284
17.7,1113.4203
649.87,840.4809
20.18,141.67389
8.797,53.657654
10.55,123.81115
19.677,237.18259
89.22,336.24225
0.377,109.676506
9.2,130.59175
8.326,14.47019
69.766,55.18488
10.68,2.5576096
279.577,297.87918
0.326,9.261805
100.966,330.77628
299.12700000000007,253.59062
0.0,390.0549
10.47,126.475266
0.78,28.87319
1.237,29.223589
179.647,301.45316
719.87,935.41785
70.307,14.375276
29.816,129.12245
560.147,926.4851
138.993,67.35777
150.216,183.76459
19.827,153.71133
111.004,129.17467
9.563000000000002,8.47269
30.053,123.03583
0.093,43.361973
60.17,188.9314
15.294,183.18344
628.5769999999999,412.07922
0.313,46.688324
1939.9539999999997,292.7759
60.303,134.45538
10.437,119.83173
10.477,28.974937
18.7,60.67905
30.3,191.02261
20.733,143.31248
40.106,70.011314
0.69,11.247713
0.043,124.000854
545.527,192.36009
0.453,10.03567
45.896,173.96014
9.820000000000002,141.8
1.033,62.79199
46.334,94.93506
19.2,44.594227
9.8,151.08356
19.657,42.58594
9.877,140.07384
0.0,34.3402
150.24,267.02933
8.976,196.02316
30.207,253.41605
20.17,324.13165
0.97,604.1038
10.403,14.071254
80.09,14.745972
9.117,62.415745
0.187,296.5952
19.902999999999995,67.95927
9.19,3.2294145
58.136,792.8703
0.69,33.106728
100.083,508.93185
91.377,157.7313
19.99,139.56526
19.569999999999997,123.023315
9.777,148.03592
49.267,165.41557
8.42,5.152699
0.703,61.721043
178.474,257.19702
1.22,14.05439
0.23699999999999996,116.94294
19.45,721.2372
18.417,14.87857
6.184,189.14612
19.893,43.001614
0.313,93.40353
0.686,46.21118
48.41,218.45715
0.063,35.075172
19.437,384.72476
9.967,187.65976
19.096,173.3769
3852.147,1566.6991
471.15700000000004,390.25717
19.593,65.677246
122.413,405.2205
4475.817,1955.4249
8.79,44.27263
9.75,75.44383
10.696,266.20816
0.343,240.71605
9.773,45.74698
40.63,278.7858
2660.7499999999995,4145.433
0.36,110.18298
40.22,96.86212
39.823,115.8085
90.07,258.23102
9.98,193.1764
229.697,431.2448
50.303,357.97327
9.627,34.44002
10.544,35.21048
550.414,359.45422
0.28,37.474144
9.909999999999998,209.372
679.746,221.77747
1013.9,223.35216
30.104,210.94412
150.344,218.98218
10.06,23.841158
0.0,196.3999
72.43,436.23218
269.607,135.51868
1030.013,3775.6008
18.84,50.27263
10.12,65.31164
8.94,1841.7633
179.99,175.89607
320.1,50.467896
3867.7,1789.8882
408.864,196.59962
0.064,101.26303
39.097,69.716286
20.427,324.30838
4.284,66.754265
10.547,44.64316
19.979999999999997,675.40454
7.92,144.39693
8.193,15.117667
220.2,209.79962
40.13,223.77008
0.03,43.74398
1.033,206.21783
280.11,313.36484
0.17400000000000002,198.75722
839.96,123.11911
9.517,147.41043
138.63,236.09618
990.723,302.9527
49.85,234.60243
19.084000000000003,145.66132
80.287,294.54153
1090.43,890.00275
138.996,177.51253
6.546,8.539248
1.98,45.66111
9.223,156.66064
1.093,95.97737
50.21,291.832
9.989999999999998,74.34273
0.547,31.46783
2.383,57.29592
8.184,21.369617
0.7239999999999999,51.000828
20.427,311.23535
579.2330000000001,327.07773
8.537,77.48476
80.887,895.81696
20.033,102.76275
49.766,69.518845
0.11,577.6981
0.42,388.49298
159.993,246.37285
9.01,42.56786
0.013,15.396894
51.02,50.86966
31.174,265.18002
12.803,25.721672
10.28,32.077835
11.623,15.143045
19.547,69.87457
22.167,162.12366
0.6399999999999999,46.73727
20.29,293.50644
0.093,65.77501
7.006000000000001,14.286603
9.482999999999999,43.540703
18.84,34.40636
18.953,251.579
28.887,231.49556
10.42,109.288315
0.204,14.496592
0.07999999999999999,46.349297
8.973,127.31682
0.156,404.32138
1110.504,158.49461
20.177,33.405346
8.814,35.81771
9.23,43.370327
8.73,60.21836
20.7,147.28134
0.74,40.562447
51.183,345.95734
20.1,183.98233
19.207,34.248123
30.224,268.81583
122.227,1147.7872
0.406,34.539047
0.093,24.941813
10.312999999999999,150.5532
0.25,14.47019
239.64,101.410706
138.753,42.515583
6.166999999999999,110.18298
10.47,33.747368
30.62,129.09496
10.886000000000001,61.724983
9.147,49.779438
4.36,43.072243
17037.06,8688.78
107.857,494.1276
20.627,186.87881
1.16,95.489235
29.757,50.268677
1406.25,1600.104
20.03,140.32326
99.69,79.34088
360.127,278.95657
66.04,642.84607
549.303,140.75298
51.436,66.003174
8.166,35.448696
0.487,5.316878
8.167,126.363235
39.977,164.15575
0.83,75.07531
0.86,37.314365
0.704,43.649525
0.07999999999999999,129.07288
0.063,44.475956
339.743,208.48947
610.867,1459.5366
89.943,12.482036
8.68,72.59565
0.517,35.414413
9.933,64.1397
18.083,55.220947
3.4700000000000006,4.051659
9.853,260.79996
10.864,38.625694
120.32,97.19441
30.237,191.05258
30.05,38.031338
49.97,133.97578
21.986999999999995,168.85208
11.354,29.547962
419.826,202.01428
466.446,415.6276
129.773,21.188683
0.67,30.19662
739.78,697.1124
19.127,224.7869
110.117,481.55634
1.25,70.24699
179.37,755.30414
41.857,667.378
118.613,235.73628
18.417,32.04686
171.78,304.5753
39.157,285.7143
58.684,145.90015
2.023,3.8780727
300.267,482.64627
0.19,39.439175
0.377,36.856445
8.113,162.88043
0.737,37.78723
4.65,14.871543
44.81,414.30267
0.0,37.34045
89.68,31.550114
17.297,629.1027
0.25,123.80107
809.163,106.62574
0.127,67.46475
30.28,223.3402
99.923,70.03118
29.81,72.12338
10.319999999999999,34.687805
4.997,186.99959
10.11,40.304913
849.106,798.40643
20.893,360.4133
59.204,189.68112
40.09,274.53735
49.486,519.1322
1.2139999999999997,60.715237
0.343,50.479557
10.86,13.096013
589.38,915.7229
20.124,153.51611
0.923,120.794395
1.63,67.398415
9.593,137.04655
29.853,105.40453
14.467,139.12006
8.6,8.719319
8.59,15.613525
20.743999999999996,470.45636
10.25,41.0819
19.140000000000004,265.37607
19.767,68.398186
9.494,637.335
0.346,9.701804
789.803,493.49057
29.623,185.72447
90.36,102.30833
18.9,61.721043
169.436,215.54892
10.03,13.995387
13.723,31.818987
0.22,40.410942
0.343,75.15894
409.867,298.91092
79.933,260.68234
0.39,111.24277
70.113,1862.4448
30.669999999999998,387.87283
9.084,60.8813
29.893,32.221985
7.34,4.0590525
19.85,236.68777
18.11,17.48981
19.547,138.44495
180.143,1213.7168
0.534,16.943806
559.65,536.89844
17.377,60.620102
664.683,1089.6703
0.36,240.94308
18.017,242.50726
1.19,34.87359
139.94,174.3985
0.33,154.19553
260.193,163.97032
420.023,799.1285
0.53,36.856445
190.45,50.70821
200.36,818.53613
0.7670000000000001,42.077705
60.12,31.725048
599.874,11011.082
9.61,228.09802
140.14,53.45124
11.9,28.205137
0.9530000000000001,305.96912
19.337,122.01772
11.034,395.26144
49.437,417.0619
0.067,146.13004
30.092999999999996,57.87087
19.743,421.00284
220.99,681.5577
370.05,1008.1231
40.34,192.54753
30.78,51.835182
21.333,217.094
0.297,774.29126
40.23,68.97495
9.812999999999999,76.26025
431.094,200.97005
0.14,120.883705
0.093,223.96468
2.8900000000000006,15.021491
0.42,53.95374
8.81,35.25724
67.2,126.736916
99.517,32.374863
13.327,126.97418
0.046,49.042885
20.32,570.1029
19.776,281.9665
0.6399999999999999,45.158844
0.314,628.2683
9.843999999999998,272.96713
0.05000000000000001,180.35115
10.717,15.1061735
10.197,230.39815
80.37,133.16855
0.25,39.62488
80.773,63.28998
20.837,278.41074
218.9,336.8459
39.97,129.13895
60.337,62.022167
9.37,61.594364
10.136,161.84027
10.416999999999998,167.46219
9.987,204.21243
351.096,239.11151
69.04,68.534035
29.182999999999996,135.7093
0.04699999999999999,64.10322
43.84,609.3773
10.877,41.0819
8.91,25.67174
10.233,12.505813
594.55,385.51953
11.987000000000002,67.67773
28.034,429.62988
40.883,589.90155
101.72999999999999,163.62283
0.11,654.3571
9.537,72.88142
0.83,55.13302
170.653,285.20834
1403.566,708.082
9.13,45.114853
20.21,100.163795
11.146,159.57858
300.01000000000005,1331.8014
31.15,110.556114
9.763,201.70277
30.81,161.00946
0.0,45.74698
0.07999999999999999,26.927864
0.017,38.173065
10.144,166.16118
0.22,57.30736
30.377,66.734924
0.78,58.63179
51.017,56.4359
9.533,110.47725
10.070000000000002,53.771755
180.736,251.11157
0.33,37.787823
20.177,423.88495
260.877,1260.542
20.457,69.00313
100.666,776.6296
18.897,48.591293
1.436,11.202089
8.776,164.76613
300.31,1240.8228
250.273,831.6163
19.767,234.35956
0.593,53.882366
49.15,360.07242
140.43,354.09027
9.732999999999999,130.91321
9.8,129.02892
39.67,201.11308
31.067,223.56581
191.417,344.68768
199.614,600.8438
49.644,551.9107
9.783,75.131454
250.51,319.85007
39.6,245.06534
40.296,276.31995
0.263,21.48554
60.647,84.08636
8.54,31.900806
0.04699999999999999,952.5341
48.083,22.988623
11.729999999999999,40.448906
0.85,95.333
38.67,192.09059
9.323,40.071587
10.087,141.8057
48.857,282.4659
18.92,12.657388
18.933,47.967297
310.876,692.8986
10.016,222.18454
0.187,47.88009
265.893,91.70156
0.11,147.41043
1019.3330000000001,1031.2578
9.333,9.503985
200.193,481.28903
10.397,35.92848
10.223000000000003,98.80577
49.313,183.8724
2.03,47.278297
1974.747,269.02768
9.35,106.60972
9.14,9.48219
0.05000000000000001,33.405346
10.086,36.433727
0.23699999999999996,80.351364
0.627,20.32527
30.063,99.38707
0.22,78.28425
8.943,96.647964
127.33,128.36594
108.907,364.49637
399.013,109.701126
0.42,31.48587
0.643,40.69815
18.79,349.1261
59.077,242.28659
0.123,43.370327
430.173,170.55519
10.273,69.35592
29.733,25.032972
39.634,76.26853
5.967,177.9751
29.987,18.484213
305.616,276.50204
39.893,238.2787
120.283,576.4611
56.847,196.58891
7.93,140.94272
0.25,68.58709
31.826,24.50755
279.977,213.28343
8.64,13.829643
9.773,103.97744
739.63,520.0231
9.603,45.95066
9.927,162.63374
29.817,55.969933
20.337,433.43076
50.113,59.063095
40.326,368.56976
39.23,248.3303
39.056999999999995,101.34285
0.236,42.11295
772.0399999999998,132.26909
0.393,36.846745
9.14,65.52103
0.313,73.60343
11.35,184.18593
8.25,147.94424
0.606,15.98589
19.88,225.30544
10.743,41.681835
21.04,20.581644
29.627,343.7435
0.17,273.39212
289.94,1120.1436
20.177,21.567772
21.176,178.08517
218.96699999999998,349.0018
8.87,8.517002
39.827,157.75072
0.487,79.593544
19.26,33.072395
210.83,107.12275
21.035999999999998,962.2354
9.293,79.02181
268.3,1356.723
10.312999999999999,458.4368
30.37,450.8126
19.874,38.470997
849.0,296.8845
23.8,979.67816
288.24,287.35797
394.98,800.689
41.347,86.649445
70.41,182.66943
19.183,582.4761
0.44,48.088535
650.563,785.9175
240.287,176.79811
0.04699999999999999,102.89986
9.163,23.407866
8.956,362.77472
49.79600000000001,71.99907
19.043,100.07148
9.834,141.66017
8.23,128.73729
18.596,334.80865
7.797,115.386284
89.057,480.9013
0.236,37.356937
9.213,37.37606
0.3,37.104374
10.873,559.30194
268.947,472.46005
9.353,125.17161
0.297,73.055405
80.203,393.41254
339.87,156.73798
9.17,273.7908
0.72,28.608202
10.070000000000002,318.4058
19.793,15.050224
0.52,13.918486
9.903,39.0889
11.034,80.587296
17.653,615.6904
10.627,48.364304
0.594,51.210793
80.307,180.8842
10.113,226.95583
1.843,208.94656
119.94,1313.7634
40.023,528.79065
0.63,41.070225
0.0,71.99896
10.153,342.29932
20.654000000000003,91.50171
0.22,80.27605
20.903,81.000725
469.367,569.13947
10.21,42.688606
20.867,183.45819
8.62,285.945
20.069999999999997,208.4113
0.6399999999999999,21.929136
47.703,457.56992
140.81,505.47153
19.923,11.489972
0.033,81.50941
14.14,24.869892
109.747,465.99515
664.6799999999998,21.940632
0.313,10.250131
70.343,83.727745
1086.403,541.8355
18.890000000000004,44.180805
19.927,121.62492
18.753,232.67982
29.987,46.45122
0.377,104.77653
19.86,79.917274
19.96,664.1421
10.767,32.073837
9.816,50.11908
10.663,47.48015
9.873,87.64248
859.784,1584.0725
52.023,244.10927
90.21,119.12961
21.527,232.92165
228.47,33.53655
17.903,122.58908
0.827,79.8758
0.156,227.42824
109.92599999999999,791.59827
11.147,31.174328
77.424,36.5277
19.693,129.02623
80.324,443.05118
149.076,321.05298
0.157,90.50156
41.087,188.38353
149.817,230.76523
9.853,77.48476
27.983,431.21823
476.15999999999997,199.35951
1.3029999999999997,186.10033
4290.09,544.0379
0.033,47.75555
119.587,964.6387
210.266,260.83517
29.733,463.81345
39.517,1167.9741
70.123,158.68768
9.916999999999998,217.26088
8.88,76.12031
1.763,40.00124
171.823,493.22827
49.563,145.42009
70.513,163.44116
25.047,691.0486
9.14,5.2271523
22.134,43.07496
240.313,261.72113
10.993,61.81137
9.152999999999999,24.684881
8.713,59.799816
0.016,179.55617
19.896,35.04576
0.127,8.483748
10.14,421.54303
29.997,151.05257
59.43,332.04434
51.176,158.678
19.92,282.21555
9.666,139.10042
0.156,142.6891
691.074,527.6012
20.856,15.220583
0.14,9.136664
1373.3170000000002,237.4807
102.89,31.972666
9.797,47.662056
80.173,153.61226
0.537,1179.5149
81.007,50.36227
19.819999999999997,216.28262
12.046000000000001,97.03087
10.677,38.876163
730.344,341.19324
21.113,321.11417
0.076,66.16885
0.97,5.0004067
49.874,696.8809
14.47,37.78444
110.63,823.59607
0.784,326.9983
20.394,78.38444
0.05000000000000001,57.07404
17.68,97.90356
99.34300000000002,232.17311
30.259999999999998,418.32007
10.814,32.20417
10.283,72.28177
1.453,14.34783
9.83,72.958565
20.276,110.9049
9.393000000000002,17.268293
1139.383,1235.826
60.986,226.30473
72.016,53.761456
20.04,96.33164
94.627,151.08356
210.567,75.27901
19.31,371.14224
9.14,67.470535
540.12,652.1198
10.073,76.26018
271.357,97.49587
8.9,276.05328
10.05,131.83372
49.324,596.67084
20.134,527.2957
7.85,17.958132
29.733,48.395855
40.033,409.08902
0.09399999999999999,437.61404
190.533,132.86937
0.157,39.859024
19.087,490.19333
9.97,145.243
0.123,372.63397
517.88,455.25986
0.186,101.34285
20.017,193.50406
20.043,183.03175
361.697,402.61008
60.42,185.95178
179.953,224.63992
8.747,488.8643
9.85,407.0811
12.559999999999999,227.58891
61.18,372.346
19.933,369.0468
150.087,661.3747
0.157,54.864494
29.806,85.945
10.783,67.97441
50.17,52.65027
259.97,179.14813
82.03,772.5985
2450.187,464.0621
0.563,228.03561
410.27,228.28099
3299.9,412.09357
19.83,209.44983
39.007,146.58945
30.04,255.10075
0.33,44.236332
10.123,202.06642
19.157,579.483
170.91,182.27472
9.84,56.270847
9.73,58.174683
20.157,56.83837
279.003,54.902317
59.97,1294.0936
31.23,40.396584
20.143,157.7479
20.97,51.355682
1198.537,1185.6638
0.75,44.411507
91.4,125.967415
2613.797,3367.9194
9.876,76.761284
0.14,12.8643675
9.046,5.006934
0.283,21.514614
77.707,188.74164
10.43,241.37308
1024.616,150.49751
9.767,76.69517
11.222999999999999,586.73804
9.51,22.209064
0.47,71.77065
179.45700000000002,958.34094
0.156,67.53376
39.55,254.18622
19.927,144.65372
149.317,132.63889
0.814,41.991997
29.733,151.61801
0.11,25.77168
836.83,301.8889
18.323,17.17361
43.877,55.616783
146.267,140.82266
0.38,13.942221
269.963,225.35414
8.827,51.820366
9.812999999999999,336.71603
39.414,140.81557
751.223,308.55914
48.82,383.2904
10.04,147.24844
0.266,13.968502
10.16,341.56873
9.79,154.33435
120.6,651.12103
10.150000000000002,8.64008
444.503,227.61879
8.62,41.449177
59.947,243.70975
29.759999999999998,424.2521
281.43,45.7978
9.8,540.1779
59.836,499.93872
9.063000000000002,38.90669
12.754,28.26518
30.54,393.27097
6.013,20.970602
40.786,243.91533
39.157,65.14931
0.173,36.24912
82.623,442.1658
1.097,12.707831
0.814,186.76872
97.78700000000002,26.864538
20.66,155.31871
31.277,326.226
54.257,615.0312
269.41,1071.0682
20.033,332.35043
0.11,141.64604
5.336999999999999,150.44456
9.956,130.68694
9.467,44.475956
0.233,85.9996
150.127,628.97125
9.14,10.64781
0.22,29.858902
68.784,276.80933
0.906,78.94161
9.857,28.675276
0.797,60.536697
19.67,511.08704
8.88,34.37788
109.59299999999999,242.18709
19.05,331.6799
20.186,344.09167
8.85,39.72599
30.106,23.875822
1050.443,344.62408
0.19,34.37244
0.67,342.9055
1.284,113.757
0.406,69.2962
0.8130000000000001,24.580732
0.03,40.64649
30.527,226.98875
30.27,161.78142
49.407,257.78928
0.14,38.764378
10.59,16.331848
91.03399999999999,107.55932
39.844,177.62175
9.533,67.27909
50.757,230.92877
20.146,21.117977
0.22,45.025936
58.593,24.407227
20.133000000000003,249.86401
250.19299999999998,263.02487
50.133,1364.8387
730.127,3188.3394
60.483,93.860985
9.127,31.515347
194.34,226.07019
81.11,490.19333
329.933,17.750284
30.326,374.41898
0.127,227.44768
29.919999999999998,150.49779
1.5929999999999997,39.401775
22.99,667.52563
20.22,284.40143
30.037,491.54556
0.143,13.901027
9.773,39.819534
0.297,49.250275
1.064,5.0265613
0.687,230.03395
0.393,14.39122
410.03000000000003,337.36932
9.714,98.84254
69.567,339.55624
179.486,31.808231
79.987,1059.0531
39.33,56.35963
8.173,73.908554
20.36,284.9386
60.447,1225.6191
19.423,277.7041
0.20000000000000004,84.812805
9.603,367.7225
9.626,100.49208
30.29,498.50928
39.773,147.99077
20.027,133.62729
0.407,57.072407
10.466,62.507385
299.85,132.53748
9.766,75.59232
19.79,382.91565
124.586,1530.8677
7.707,54.736145
9.797,55.453213
130.09,440.85782
8.916,131.22728
60.823,470.3633
90.144,567.83527
0.077,4.954961
0.25,172.49435
59.703,202.76367
21.236,545.5355
10.006,12.032819
59.577,150.26355
319.34399999999994,423.8062
0.5840000000000001,25.124512
0.07999999999999999,112.03086
10.117,639.6567
40.516000000000005,51.025368
22.083,65.204346
50.3,25.936934
0.157,459.03824
9.577,88.16954
9.984,133.66699
89.333,290.69577
40.09,53.562145
120.444,712.31134
0.28,76.499626
0.14,48.947647
50.243,92.65627
109.963,729.57623
0.267,34.159527
55.48,267.01392
9813.28,798.3833
19.819999999999997,9.370434
0.394,58.431385
9.64,35.654415
18.487,419.9605
10.004000000000001,49.042885
58.46,71.349846
20.904000000000003,71.91644
20.562999999999995,154.31586
39.837,105.38133
9.7,79.299034
8.87,103.99654
0.23699999999999996,37.430443
19.993,145.59116
9.83,29.441566
0.467,12.927092
13.91,1761.6138
229.874,275.08777
10.853,19.227821
0.17400000000000002,17.318867
10.04,53.222267
10.593,38.264694
19.72,100.30556
9.177,29.12065
10.214,48.280167
39.709999999999994,35.6798
240.13,441.7144
68.186,428.60248
10.336,67.0269
1389.93,710.20166
19.569999999999997,232.90256
0.284,118.4947
61.247,84.839935
9.4,61.84795
9.803,19.392736
0.314,14.682863
1.123,24.403927
2969.83,149.03633
30.084,151.63197
0.157,32.956604
10.01,14.027106
19.71,144.51938
504.626,350.23764
20.417,141.8204
9.159999999999998,183.90512
209.13000000000002,167.55234
0.936,114.99871
134.88,842.1951
70.007,1001.864
9.466,9.334089
9.997000000000002,121.877335
8.783,82.13892
60.68,472.50742
9.09,9.620093
98.937,46.14715
90.03299999999999,770.48364
0.643,42.72862
122.616,325.65494
9.524,137.17384
0.127,80.35996
11.703,149.13145
49.343,19.1512
10.319999999999999,9.536381
109.21,204.50725
911.954,175.18956
20.337,539.8149
9.31,43.496597
19.443,95.06595
10.37,47.135902
49.467,1267.0256
309.953,293.6689
39.007,223.18019
30.22,103.073074
9.577,82.935196
199.4,602.99414
29.03,223.99266
50.853,34.72477
11.027,69.96968
298.06,75.77164
21.533,157.80095
10.037,93.00765
30.02,146.98694
29.746000000000002,189.22249
100.72999999999999,23.30164
2011.11,339.6791
19.827,241.24437
0.0,64.5955
9.653,12.949082
4281.46,352.33264
19.977,152.24937
0.513,47.462128
19.55,32.554386
0.17400000000000002,50.86327
10.073,349.19467
59.866,62.315105
189.93,130.27669
0.234,217.48138
29.444,87.498344
0.5,11.345113
40.187,226.82085
0.283,14.7634535
9.83,70.81431
40.403,13.70322
5.03,78.64819
18.0,43.37768
9.543,162.4517
9.739999999999998,105.82244
18.44,19.726791
49.467,253.25395
40.297,36.082264
0.234,103.38137
34.317,186.70425
0.11,41.205635
68.376,35.943512
9.973000000000003,1419.0946
9.89,39.030872
40.93,248.19717
91.33,19.119965
9.78,38.342514
40.747,1055.6213
2.22,141.50737
9.197,93.160126
178.594,412.25586
2988.806,2259.536
1.69,18.336386
10.213,165.12633
110.43,49.25634
0.15299999999999997,40.802887
119.963,459.7309
29.71,371.47702
10.11,25.23116
30.386,455.83835
4.393,341.3093
0.0,63.652092
21.027,190.13593
8.276,18.578222
8.993,75.9837
1209.557,308.6838
215.924,693.96277
0.077,29.749926
29.777,178.53949
0.343,53.295673
710.05,401.69897
99.08,98.42496
11.413,63.6257
18.004,631.2028
10.144,25.958311
0.737,29.858902
9.433,29.691484
100.347,366.33652
1439.916,512.39465
19.837,448.37482
8.69,23.618874
9.877,232.87749
14.223,155.916
61.247,678.5395
9.673,4.987379
8.463,292.57394
11.324,66.39367
9.402999999999999,46.25797
89.81300000000002,202.6737
9.927,96.47533
19.873,22.194336
8.99,43.11644
9.174,140.68633
390.893,408.88147
0.36,4.0813303
1290.247,1262.2594
9.85,326.7573
129.6,636.4588
19.193,106.4652
320.157,117.51174
9.659999999999998,53.423
39.6,158.73752
7.814,48.80997
10.243,162.90999
12.013,77.15764
24.223999999999997,18.890732
9.453,143.6055
8.54,48.695168
0.483,21.143263
40.12,487.5535
11.233,156.19475
10.88,35.519978
970.16,204.52304
49.696,44.593952
0.25,128.05566
444.476,519.3617
164.833,5973.481
0.034,53.67138
0.0,102.32185
0.703,412.64792
18.364,60.14995
30.103,145.88228
50.293,168.40067
1280.9,635.4746
30.873,623.13837
220.0,797.0357
11.173999999999998,34.10337
0.0,40.817875
29.85,52.890667
11.796000000000001,17.061462
990.293,715.41315
19.523,200.6058
3248.107,1914.8853
15.796,162.67397
19.793,74.84852
10.113,33.025776
9.034,89.414604
10.787,244.71655
224.513,537.78925
9.293,140.34285
9.6,70.58503
90.42,427.01685
10.097,160.71619
0.784,105.419975
9.543,32.970608
260.153,1095.7714
39.11,811.39624
29.893,51.835182
17.673,82.78992
80.03300000000002,105.17255
18.31,581.89136
0.11,12.58072
11.396,250.45938
20.036000000000005,60.2418
0.86,54.88778
19.65,44.501003
0.22,39.72599
40.57,388.84897
20.34,60.611446
24.76,162.62747
29.877,181.64705
9.416,329.04553
29.25,76.16453
11.503999999999998,179.69714
0.913,46.496902
199.94,523.48834
80.48,828.68365
0.8130000000000001,23.483337
19.377,70.237564
19.656,703.54266
9.717,15.548503
1428.9799999999998,287.45016
19.74,547.9851
9.717,534.5107
79.767,213.22812
8.084,511.83432
38.153,143.32892
410.83,590.51086
18.980000000000004,138.54298
79.22,97.05292
5.777,143.02083
11.55,233.65219
19.793,86.26463
159.23300000000003,374.53775
10.61,27.474253
38.587,305.0723
0.156,101.12092
0.0,34.274105
219.823,202.4061
81.6,204.62892
0.877,93.71797
0.487,482.69766
11.93,22.219843
920.04,1061.4293
320.94,55.06038
9.87,486.7681
0.063,31.057655
20.62,76.347725
1.06,58.239746
10.26,54.452095
9.81,40.324806
49.697,326.13388
13.64,42.60494
18.36,226.77678
9.866,172.98357
20.083,982.7397
27.743,858.75085
8.933,48.758976
0.186,32.586987
31.744,46.3082
3499.8,1101.0599
0.436,13.837582
59.92,139.27306
19.63,472.2857
20.197,55.150787
219.703,379.65323
0.593,5.17964
100.127,312.81207
19.66,147.36801
19.51,52.86742
0.07999999999999999,17.532375
59.557,107.42214
50.72,39.089333
989.383,815.64465
9.943,183.41249
10.347,56.95525
39.653,54.672565
39.013,88.0273
30.137,237.71458
0.843,189.68112
181.06299999999996,446.10254
10.797,108.4102
20.0,120.3937
18.217,124.77085
29.553,363.97018
40.047,208.61281
20.257,542.59955
38.187,27.818378
0.314,50.362938
4.597,147.03458
0.407,18.578205
9.727,38.316097
159.677,227.66939
0.063,13.926393
9.363,52.450497
29.776,281.72662
70.936,31.648178
189.733,138.25548
9.734,47.23646
15.96,203.28638
10.46,169.31966
0.187,13.677172
6.3,208.8276
19.923999999999996,70.030174
11.97,9.022163
18.997,185.52026
6.95,204.16348
50.13000000000001,487.33374
7.35,45.219337
10.127,95.72855
0.827,62.47656
110.247,153.84015
139.733,601.4473
0.203,72.025696
52.392999999999994,88.804115
20.024,276.03226
10.006,163.1775
9.533,12.099413
111.07,187.13626
59.926,316.3156
39.867,308.24905
2.504,68.89054
31.183999999999997,152.98448
19.086,205.47023
9.107,556.30585
19.17,129.08386
130.367,273.76077
9.847,40.949066
7.237,65.42094
9.6,69.51858
29.607000000000003,14.51948
9.14,279.70898
20.296,151.08356
100.19,1071.9945
50.083,231.83485
2.846,60.715237
10.08,49.90448
19.723000000000003,221.56203
19.86,421.1391
8.517,15.16504
50.03,636.34064
60.96,5.0462756
159.663,103.97966
579.9130000000001,528.39264
0.033,30.387373
251.13,171.02667
1.643,31.872217
10.88,212.7258
9.71,34.873158
20.987000000000002,143.6272
160.263,25.4998
0.016,35.894894
39.77,205.47072
1.75,13.901021
0.297,102.30833
199.924,413.8919
39.977,790.33844
99.81,546.65625
8.536,43.194775
0.234,40.925583
29.223,299.6544
9.95,139.89569
8.647,15.324528
0.233,38.778767
10.392999999999999,47.446583
40.604,224.87523
59.864,69.93958
1587.013,609.066
7.95,69.52129
9.247,37.65167
15.25,267.22052
6.946,76.92713
100.327,121.71966
62.31300000000001,132.48044
19.402999999999995,946.35297
30.794,15.96333
0.344,21.690533
0.296,69.51858
39.643,458.68512
59.387,377.39713
0.343,35.128937
11.304,53.131413
30.957,1525.9001
0.093,45.355263
8.967,141.39636
884.414,218.11569
9.383,39.54709
148.24,45.010582
409.437,549.0307
130.34,149.68137
38.237,69.71167
370.357,234.8806
0.797,115.16672
8.043,396.4635
99.404,188.04509
139.39,236.9759
8.08,32.9692
28.84,274.92575
10.86,48.86451
0.23699999999999996,10.078206
139.904,1606.2186
9.75,436.85568
30.38,783.7818
9.81,123.80301
9.486,128.26479
9.323,187.71703
50.257,201.77321
0.317,60.56108
59.647,71.42096
189.84699999999998,949.3334
60.32600000000001,14.470144
310.27,133.10605
9.143,98.05587
6.746,108.90181
44.083,56.24064
0.23699999999999996,217.26088
0.25,23.863968
466.413,214.14723
0.064,40.60323
0.093,21.289701
11.96,0.11885708
20.067,49.051533
1.877,8.913703
9.787,26.086388
18.74,41.14198
8.564,3.9639163
428.976,148.82486
10.407,194.22124
40.206,386.89426
9.307,41.537384
8.344,403.54672
9.624,247.10844
0.203,176.43956
0.156,60.965122
11.127,687.408
0.627,43.833138
10.047,37.55667
20.807,155.31044
190.076,107.47935
0.016,44.62862
9.69,12.241336
1191.3500000000001,274.5806
179.613,318.58374
10.877,55.915512
341.034,334.12167
79.61299999999999,184.10774
20.026,72.60903
8.6,194.17636
109.263,191.61818
29.9,56.957825
350.107,123.941124
32.26,39.62588
9.75,9.679621
9.737,210.69287
10.854,23.503738
9.603,86.38997
400.0400000000001,14.560453
24.033,93.18344
10.326,136.70596
10.207,187.68913
48.193,92.97862
1.147,15.228377
0.04699999999999999,124.11936
9.724,34.263103
11.083,38.48727
20.827,22.134405
1.127,23.172565
29.423,337.1927
8.99,105.523384
0.25,47.432144
0.69,61.594364
41.19,113.22149
179.62300000000002,306.09207
20.047,187.90332
20.686,253.2632
5.11,37.65167
0.58,46.45119
39.943,893.0098
11.373,54.516685
0.013,16.957693
0.406,39.651215
8.03,39.10577
8.437,5.0528617
59.556,41.217377
0.39,13.037433
9.146,15.718076
10.027,335.4658
235.19000000000003,1307.0127
19.853,122.08962
180.023,1545.7595
0.36,55.68277
90.39700000000002,502.8206
59.963,132.2293
8.68,186.6114
11.45,442.14682
10.496999999999998,50.604675
109.07,355.24133
100.507,3413.244
18.2,150.7135
1430.343,236.36937
478.347,542.6778
19.923999999999996,347.62872
0.873,33.35873
0.123,98.92435
471.81,766.85693
10.524,60.384525
10.93,13.88478
200.114,152.38159
25.79,891.17926
0.327,33.90193
30.0,161.28026
19.507,55.12241
309.466,142.48068
33.38,32.335213
110.126,67.27115
0.07999999999999999,37.50404
310.55,75.51265
28.824,14.494807
3.923,9.48219
9.95,168.66441
99.24,425.01694
89.487,133.42244
90.096,1416.1454
9.957,10.64781
30.63,286.45605
31.304,129.92085
30.076,70.85625
49.507,26.526606
0.733,176.28526
10.353,78.81932
19.33,385.4822
41.047,86.2859
39.97,156.58066
10.187,3.9929492
8.947,36.991814
20.033,243.14993
0.36,1694.0631
10.03,31.291374
80.017,610.39325
89.36699999999999,362.23758
2809.917,638.0962
39.747,423.96463
0.077,12.802702
19.506,15.718076
119.41,68.289665
7.957,89.58484
10.123,50.42869
9.637,33.921093
386.22,235.99802
122.443,5734.846
0.67,296.71744
130.206,426.99435
20.327,507.87704
10.56,143.6852
159.983,601.9815
49.48,13.505256
19.96,609.27655
10.02,18.33483
0.157,59.45164
42.75,26.730162
19.27,9.315969
27.772999999999996,305.23724
9.93,69.22098
1.36,14.925896
20.203,283.29044
11.347,206.58159
30.07,69.21242
0.36,38.323357
40.247,45.503853
0.127,17.92913
3.923,178.24033
0.267,92.41736
9.463,206.88896
20.95,23.618908
100.86999999999999,48.75197
0.83,42.937477
9.753,9.225873
10.93,105.67211
29.65,148.58008
0.344,38.248116
10.957,21.778086
20.097,178.32088
0.42300000000000004,185.9456
238.537,646.7525
18.63,54.033875
29.04,105.19086
0.877,9.327149
0.04699999999999999,46.97576
99.39,1443.9347
0.04699999999999999,37.356937
51.167,215.47495
10.277,129.11148
31.997,572.0082
11.783,55.225994
2429.826,1683.392
32.323,83.6679
10.147,68.96173
1.31,104.7366
30.16,369.71722
0.25,41.21429
19.714,1199.483
9.616,181.20122
0.513,14.027106
296.264,164.7368
30.596,71.21188
520.043,248.64969
90.576,43.280457
0.22,361.95685
32.407,129.09773
9.92,178.62914
0.063,330.26193
17.123,0.34552857
18.774,56.399437
10.273,62.595608
6.609999999999999,40.870533
40.526,166.75934
170.656,117.03882
8.753,81.89962
41.074,86.80531
10.387,78.09495
39.97,323.10403
40.11300000000001,108.7319
60.19,368.02887
400.096,673.46423
129.58,930.4851
9.98,212.88165
39.66,51.538364
8.97,134.83708
19.25,557.17523
9.943,48.448612
7199.56,6015.2686
10.214,64.47707
450.027,82.89702
10.007,159.43701
20.15,111.6434
0.127,313.538
12.29,42.105183
0.25,24.490963
29.806,108.1669
9.653,143.60428
80.20000000000002,268.68533
10.576,33.50563
19.783,348.55603
8.894,182.80453
1.597,39.859024
9.677,126.67364
450.88,205.54346
0.14,25.053568
8.967,168.96399
9.79,40.173447
60.019999999999996,545.4119
46.09,290.1089
43.776,94.73924
86.724,184.35637
20.53,356.26965
11770.09,12547.823
0.28,37.787823
0.233,55.861572
10.496999999999998,46.59022
100.33,830.765
60.003,469.53683
549.87,666.4596
0.14,48.248703
19.7,146.79793
19.724,210.06505
100.207,392.19077
0.263,13.352286
39.997,17.1872
30.464,386.93143
90.763,66.170616
9.576,18.065979
0.19,77.8656
49.697,311.3079
21.053,122.21595
88.874,167.29103
1.47,41.54557
9.727,1626.8141
10.733,148.26665
9.777,120.8215
36.546,431.9205
519.46,434.51282
9.907,150.28568
10.297,72.22545
119.473,894.4268
0.017,23.613483
30.29,528.5245
180.203,378.37625
0.343,58.35415
31.077,647.3761
0.093,79.48518
825.083,663.5634
11.02,13.339517
8.494,69.94305
0.11,14.276814
0.17400000000000002,73.82983
0.204,34.274105
0.203,311.8301
8712.61,1093.0497
9.747000000000002,20.958511
20.734,220.55956
19.402999999999995,37.196934
0.363,31.526867
58.983,401.89813
18.703,50.07581
0.03,37.45919
0.013,47.12679
7.907,156.01967
8.984,89.5203
10.413,47.07358
39.72299999999999,161.56384
150.563,126.04224
8.567,95.57178
0.186,11.249556
20.069999999999997,321.461
10.794,14.51335
159.847,30.010395
610.073,295.25925
10.343,93.615105
0.11,395.4509
19.093,772.5985
69.45,314.67636
50.383,187.60153
9.573,48.408382
26.216,378.71002
19.733,44.67009
11.067,115.3978
31.423,174.05298
30.146,209.59608
9.76,307.48935
31.063,276.13992
10.070000000000002,56.51297
0.03,33.308693
20.364,45.79361
0.157,32.977146
11.186,117.20331
9.61,63.446175
100.443,383.9484
263.053,505.8946
0.483,204.60948
10.899999999999999,36.774418
240.87,335.36737
12.220000000000002,65.04897
10.28,77.8656
125.003,111.24852
0.217,34.243313
50.467,66.28006
60.557,97.45744
10.477,44.43793
39.2,131.40666
59.187,314.09122
1728.82,869.9717
10.38,12.75302
681.35,351.20587
10.996999999999998,92.6747
10.207,40.562447
1589.937,974.0842
1.22,366.47937
19.167,9.825694
30.157,46.440716
0.07999999999999999,37.984642
159.907,161.48851
79.796,212.35777
20.214,251.9943
79.61299999999999,822.8492
30.797,515.81244
9.377,15.639221
269.83,136.2218
79.61299999999999,239.00835
314.616,340.79663
0.233,67.419624
9.573,4.0148563
130.84,224.38518
68.6,51.121677
10.12,90.66823
49.57,133.50331
20.02,102.84341
0.577,267.10254
50.58,179.941
9.573,14.027106
0.86,15.107884
0.364,46.55519
379.843,815.7863
38.67,186.10033
10.22,122.54999
8.543,31.597406
10.319999999999999,54.43861
9.343,11.393186
10.237,196.11476
49.89300000000001,38.24042
9.683,223.37195
0.39,228.75546
0.11,454.9318
48.786,98.17
0.064,115.21857
6.047,96.22846
55.227000000000004,85.28742
9.584,144.28079
20.25,65.14875
0.314,25.868658
1662.884,2290.8809
0.063,143.6055
79.903,82.50968
17.376,17.532375
1.423,52.579754
9.92,671.14087
229.1,92.510735
68.813,18.268866
80.287,142.51257
0.14,45.822357
10.68,137.09123
1.077,15.703981
0.07999999999999999,14.549574
19.91,465.08157
10.157,28.606213
118.677,333.68396
19.22,488.48605
19.957,1417.8531
0.284,49.149174
9.934,27.196316
97.746,65.03249
9.95,184.59196
10.97,89.57023
8.956,40.173447
30.533,93.91932
0.627,104.60241
0.093,236.23439
0.923,17.498098
22.053,19.808132
98.253,286.11636
10.196,165.7474
610.93,370.08167
21.837,14.472529
0.09399999999999999,71.01056
10.067,202.06642
41.44599999999999,186.41837
20.533,84.99861
10.727,144.227
150.117,31.48587
10.413,34.320477
109.73,265.79013
279.77,157.00856
7.1899999999999995,14.303891
40.187,512.9964
0.377,107.25321
9.766,69.52129
71.006,68.1771
0.19,14.1568985
0.83,13.972677
1.237,59.302635
70.163,47.60309
119.007,15.676504
9.820000000000002,90.12265
17.24,130.31717
59.723,137.00255
59.817,387.2485
8.54,12.802702
11.693,128.63487
10.01,127.64165
18.227,34.260834
29.44,75.15894
100.137,183.78954
410.23,385.39578
11.014,4.9420495
21.062999999999995,147.03053
15.206,67.92502
40.13,218.98146
50.134,117.39985
21.98,83.41481
9.329999999999998,72.81456
4.25,146.56651
209.246,826.9639
39.763,189.32541
9.683,30.228273
119.906,240.51202
19.476,695.4086
0.27,34.873158
29.167,358.82358
9.986,327.57693
0.61,21.929136
756.006,1658.1647
0.203,20.769316
971.407,562.51855
16.54,193.68266
170.36,239.0452
159.683,110.791824
179.423,128.57217
40.047,89.26177
29.316,171.79353
1.927,407.364
29.703,241.56
90.137,218.48325
219.116,258.4682
0.44,20.322245
19.363,64.25359
0.313,15.298467
40.209999999999994,3329.6626
108.273,536.5705
0.034,47.073647
7.467,15.639204
130.756,43.74161
771.37,204.70549
8.987,123.54006
29.707,243.40869
180.497,195.92668
19.757,161.27551
70.03,67.082245
0.254,142.47804
332.427,403.4107
8.356,45.574818
8.794,114.46152
1.11,41.69429
19.996,140.20232
9.079999999999998,495.14822
51.063,603.7365
8.15,13.771202
10.223000000000003,147.99077
0.127,36.102863
0.173,16.387522
81.447,163.81776
59.07,398.27023
1339.927,687.84644
0.66,41.14198
0.23699999999999996,42.371853
21.95,110.06599
9.996,101.624756
226.434,144.27335
40.11300000000001,105.376724
20.557,322.24448
8.23,42.42472
80.013,131.97775
20.864,65.42094
349.04,1609.2704
30.054,65.65277
19.877,508.8364
11.03,156.1234
20.047,57.12738
10.84,145.02054
6.897,147.88805
0.284,100.43121
2840.023,758.9448
4.32,54.878765
2.364,40.410942
0.627,24.000502
9.933,13.112294
5.19,154.80612
10.004000000000001,24.894424
660.27,1460.8127
49.92,350.54678
8.24,43.564117
570.58,966.8955
90.4,184.66922
18.604,56.316406
29.467,15.178499
0.22,14.756462
19.974,15.298467
0.013,63.001778
39.61300000000001,398.31137
0.89,311.7402
20.543,111.03126
9.947,577.529
9.78,181.67703
1319.757,162.49907
19.727,537.5419
9.4,80.4995
820.004,222.64267
19.163,170.06468
0.424,69.2962
0.014,182.50346
355.003,212.45276
10.319999999999999,67.29894
10.37,90.315346
20.244000000000003,140.14246
219.857,646.54706
50.77,24.869228
19.257,38.318035
0.093,37.484447
76.91,694.613
9.916999999999998,61.692955
160.727,1579.8505
59.283,1509.15
9.013,43.178333
0.11,23.603754
10.416,65.52103
29.91,15.245066
120.5,344.62793
0.04699999999999999,9.425223
39.636,275.49805
10.296,105.37808
0.473,39.512093
40.52,43.502995
9.673,43.62113
38.953,321.03003
0.034,98.73766
39.943,195.12866
39.693,105.419975
0.42,17.238012
0.547,46.40147
9.203,55.7019
9.53,1099.1674
0.033,21.470482
259.167,156.39267
80.0,337.99155
9.287,13.339517
50.223,249.63736
0.064,61.975132
19.729999999999997,61.421143
9.227,111.83165
130.38,106.94011
9.956,888.26526
9.36,456.3029
89.873,765.5968
1.72,81.26337
8.87,599.6552
290.84,696.08386
9.977,193.03474
80.163,217.2065
19.436,0.8322115
20.027,641.27405
180.17700000000002,372.60904
135.034,186.96289
4.664,92.81065
359.18,50.494408
20.033,12.393296
7.713,70.41881
19.967,516.90497
10.527,14.081723
660.554,53.28007
0.0,13.00016
40.01,353.5942
0.07999999999999999,93.10653
40.564,16.11646
8.35,62.903553
13.799999999999999,140.03365
19.353,376.277
0.14,202.67908
0.534,21.586176
0.7,63.098843
0.063,40.000534
379.267,565.2322
11.013,91.62767
0.187,9.951159
30.0,126.7156
10.123,16.868488
150.85,137.03902
20.11,80.971436
320.0,308.8927
29.913000000000004,25.642092
0.126,30.767952
11.63,66.51931
9.72,47.45811
38.913,308.06082
10.127,80.19808
49.836,272.48215
19.723000000000003,257.14807
20.323,109.86882
10.107,37.910187
20.137,247.3112
419.947,263.12888
11.267,50.41726
39.133,173.85936
20.096,80.57844
10.489999999999998,40.531963
3693.963,1573.8939
269.05,680.3209
70.163,583.11084
9.79,45.647415
3784.7370000000005,1187.5532
69.67,823.621
2.823,144.68927
89.89,23.674633
0.6399999999999999,52.462337
650.41,4224.1655
50.353,32.07038
9.820000000000002,604.16785
1639.82,461.57904
9.97,1170.643
8.83,81.79175
70.017,53.811302
0.157,123.27943
0.157,23.960653
11.494,48.351643
42.18,542.70435
498.73,1092.4802
0.623,3.985668
0.454,58.511402
90.653,40.248734
50.303,17.827679
18.607,137.69852
9.213,95.3691
20.003,154.7785
20.93,127.1522
29.776,60.521885
10.164,382.82397
0.03,54.550518
8.956,285.945
22.903999999999996,65.279495
8.876,359.9196
29.87,62.50724
35.006,268.13214
0.0,63.93922
18.75,69.75054
110.987,80.57728
8.943,13.972677
0.533,178.8383
759.887,1297.8754
9.493,41.2044
119.946,103.668945
922.5,1139.2876
139.644,372.60565
0.563,134.49203
9.504,127.16826
79.97,392.04556
9.607,50.27263
17.863,8.823573
1.017,169.16696
813.657,208.66068
158.967,2.5246537
50.354,188.50368
7.914000000000001,61.568684
0.034,41.069736
0.283,184.2425
9.79,144.37245
8.69,91.21075
129.86,96.05467
0.04699999999999999,3.9566832
45.81,214.21552
9.836999999999998,28.75245
0.23699999999999996,44.93801
18.87,134.7996
30.697,218.66425
50.513,245.2407
51.673,682.5807
11.233,178.69461
40.11300000000001,58.21142
19.266,11.7464485
17.716,14.992785
19.654,14.676008
0.563,73.8372
0.173,23.940475
10.75,92.28457
19.663,66.56977
21.287,38.031338
0.097,5.0004067
1.236,34.320477
1.297,112.616844
0.204,76.04457
209.564,418.41312
22.236,160.85944
9.704,10.250131
20.277,183.61313
9.067,109.288315
49.92,15.331652
149.654,4.541547
9.756,460.22015
84.44,98.79589
0.03,184.55177
9.914,53.11335
9.73,130.00238
20.267,16.760756
1349.653,1228.807
0.077,585.0533
19.49,54.10415
0.0,205.11525
11.197,36.16905
10.2,77.7892
10.103,57.82796
19.853,34.148743
0.22,33.747368
240.627,428.04453
79.663,142.02548
250.037,703.4762
8.367,374.08786
0.296,764.98004
0.28,30.083607
50.239999999999995,348.88016
18.537,115.208595
90.363,566.98016
0.016,38.906025
160.88,350.04333
0.09399999999999999,347.0918
29.337,37.435608
0.69,26.329288
9.14,152.50017
0.567,30.083607
0.69,127.02319
40.39,46.412365
2.393,461.2896
22.97,121.28816
7.946999999999999,44.285973
10.18,210.25272
48.94,186.39677
137.053,351.95654
10.086,330.286
9.857,31.900972
2.187,52.963676
19.78,415.78076
0.37599999999999995,339.9906
20.062999999999995,246.63626
20.050000000000004,76.16453
1500.53,2312.4478
30.393,1113.4203
0.483,107.57229
150.247,180.73854
9.21,45.47743
59.723,73.36274
329.94,71.30433
26.424,163.29265
1.657,15.559573
1.253,53.39736
10.42,13.137375
0.11,47.446583
662.207,377.0539
0.28,38.32237
50.227,174.76755
9.834,102.66482
58.617000000000004,794.2563
10.062999999999999,31.943968
0.143,52.69097
1069.167,1104.7648
89.49,53.38089
40.126999999999995,55.073387
9.87,118.318924
9.916999999999998,39.651215
38.88,69.334076
0.7,75.665375
380.537,186.4202
19.356,357.90485
115.977,286.5477
60.089999999999996,157.7479
1101.823,1401.825
11.79,68.1899
119.557,263.59088
0.36,73.3205
1775.5100000000002,159.2331
8.097,53.569744
19.812999999999995,456.3029
0.04699999999999999,14.1568985
50.96,869.75085
10.806000000000001,269.40668
0.394,423.24164
100.14,593.5513
0.157,151.70343
19.907,373.71497
16.6,490.38202
26.517,96.15139
31.803,285.4398
59.067,400.66107
19.65,143.08708
0.25,35.58017
0.144,1985.4872
0.203,45.822407
28.36,245.19121
30.02,168.61246
10.08,195.78325
10.43,59.335426
30.297,80.69053
9.293,47.260986
8.553,75.2134
0.123,101.77594
1203.8340000000003,791.27454
39.93,41.061123
0.6069999999999999,47.952194
8.557,71.36626
0.17400000000000002,33.6854
1.5169999999999997,41.225372
10.02,51.10565
181.04,335.6951
19.444,222.43416
9.704,5.0660615
0.017,39.72599
10.304,44.237343
20.977,60.094826
0.25,32.274975
19.773,184.00594
39.88999999999999,128.3501
8.594,66.495316
20.433,76.61166
62.794,37.594902
149.57,14.526887
10.27,165.46944
119.08,357.37152
11.764,61.812553
50.387,234.58812
804.723,292.67065
0.5,34.84843
20.473000000000003,1276.4558
8.317,63.20658
172.057,205.1024
27.653,367.7225
19.944,34.647617
8.71,213.6519
9.854,32.91551
0.283,37.435608
0.97,44.705082
20.867,704.87537
57.91,939.3904
79.343,352.51923
1.316,9.207954
18.694,191.79002
69.857,132.03256
31.69,72.30322
488.85,972.4465
659.95,183.13336
1.36,68.28505
49.466,109.901375
10.097,76.95605
310.154,160.90987
24.324,129.47327
0.04699999999999999,1156.8231
19.67,392.7587
80.924,268.74588
70.964,416.13644
1.093,124.65848
49.207,54.514008
49.22,187.59372
160.45300000000003,455.9991
69.657,1614.4916
0.296,62.872597
89.86,166.21216
9.93,79.8758
220.523,724.53033
10.103,142.83311
0.593,45.74698
30.68,193.43413
20.013,144.47858
19.92,90.157295
739.36,957.6693
0.0,11.1077385
9.694,70.83248
19.923,269.63565
10.106,197.32266
9.364,50.169434
20.33,176.8651
11.023,69.644745
19.79,260.43808
39.97299999999999,149.22073
0.453,80.25451
9.487,144.5899
40.007,42.22454
88.737,302.39185
0.03,232.87749
168.636,174.51373
0.143,74.099724
49.806,291.71356
30.653,48.065372
0.563,32.775223
60.886,80.00554
10.876,211.05531
19.187,1608.8928
40.12,473.7905
4.08,5.139269
238.543,524.96
9.58,223.63899
0.36,49.508553
50.34,31.376078
199.764,278.15866
335.53,246.99272
9.53,48.317497
9.98,103.876884
29.9,386.61752
20.003,828.1093
230.543,55.22258
0.397,58.511402
9.836,180.62213
0.54,169.4874
6.56,78.12088
8.82,14.057533
72.48,194.12599
15.86,62.124657
0.263,4.9743886
8.314,12.237495
8.903,96.07683
28.073,56.60271
91.047,607.111
19.603,296.5952
397.904,121.145584
9.474,108.351074
20.303,118.19166
89.237,179.74557
10.156,24.94184
19.96,259.7585
0.597,4.9938893
10.177,148.30331
0.25,15.16504
0.06,136.51665
10.007,255.23608
19.593,54.673244
19.523,12.596801
29.69,390.20508
190.703,353.89468
22.343,49.34119
10.013,58.174683
10.05,439.95145
50.843,306.51102
10.12,37.847004
20.846,378.8115
29.34,73.57475
249.983,689.1723
29.887,1094.1725
29.592999999999996,19.016638
509.377,355.10312
29.007,101.60776
79.65,61.62449
19.823,77.78172
48.024,223.34169
330.01300000000003,194.19295
3.803,43.62385
339.543,430.64774
10.22,14.266073
2435.577,630.6979
5334.806,422.89087
0.03,61.568684
0.03,35.701443
38.357,32.81954
176.444,608.00714
39.857,329.27408
21.07,21.851612
8.63,15.376783
199.82,776.3189
110.54000000000002,893.5352
0.267,48.40549
168.204,22.946278
9.886,68.464226
8.627,48.392517
119.587,54.0378
40.243,545.4048
0.484,9.370434
19.152999999999995,76.814865
70.344,107.2911
10.807,18.065979
0.267,38.264694
0.017,181.0623
9.820000000000002,95.30635
190.37,561.3858
59.924,394.9099
40.58,142.596
0.36,39.651215
40.173,101.86262
29.84,52.732063
169.483,222.64064
0.217,441.205
38.457,73.06717
10.312999999999999,52.86982
128.66,790.1805
10.076,93.28695
0.653,29.852243
8.44,61.87158
54.32,1294.9407
8.847,46.624264
50.313,106.270744
0.623,199.27151
1109.97,823.921
309.924,116.140594
780.843,189.46239
0.106,40.225838
0.363,47.75555
0.403,118.86688
19.11,362.77472
9986.01,176.08366
10.42,246.63626
210.95,133.69435
70.723,4.0403
3.9239999999999995,15.454028
20.204,325.14163
421.503,698.54395
0.076,31.993195
29.887,192.82043
14.896,78.372284
3.44,4.980878
19.904,263.77618
30.347,33.106728
40.286,540.9026
70.853,50.6735
1570.96,234.97844
140.36,633.41974
82.34,80.02857
0.74,24.6269
1.47,21.929136
20.25,25.053568
480.453,250.0071
30.09,113.74544
0.9429999999999998,38.77773
14.223,1027.6772
260.594,363.77124
170.803,308.30884
60.067,448.19366
10.077000000000002,75.26676
19.547,40.531837
9.409999999999998,25.869926
120.87,694.06824
135.737,416.98917
0.203,15.065977
0.15299999999999997,44.036846
0.013,155.5094
19.773,142.21219
20.28,376.11612
9.843,106.27778
121.03,181.44385
10.043,37.577793
18.733,11.797571
10.423,33.81533
0.187,464.89728
0.217,152.57751
19.784,186.36856
18.883,135.942
411.107,60.596962
20.22,170.56241
29.170000000000005,292.49976
9.647,44.820156
20.800000000000004,188.95815
9.737,67.0396
19.68,4.042844
0.097,78.80485
90.04,183.6594
0.626,200.59224
9.776,334.98288
11.02,34.47267
70.093,134.09825
0.453,403.3941
39.797,600.24664
10.17,37.594963
0.597,50.066433
0.03,498.5274
100.096,23.046562
0.017,63.92823
9.627,219.43915
80.127,110.099976
119.154,277.09045
29.18,187.0985
10.377,13.730428
18.544,1.8004564
20.267,71.894295
19.657,14.250222
8.443,48.758957
9.84,87.60636
399.95,254.3461
9.329999999999998,45.232502
0.987,51.00078
19.963,678.10724
0.187,40.674694
10.892999999999999,59.45164
19.014,12.58072
0.22,111.96436
139.963,393.68845
10.073,141.50092
209.107,91.88928
29.85,69.68391
0.69,272.43097
10.543,75.75304
1.88,118.08206
0.14,459.355
7.207,11.912763
9.853,33.808323
20.053,310.75406
19.787,40.731907
48.2,153.53189
90.467,443.07666
40.10000000000001,431.52536
1.707,69.463936
11.53,82.46784
39.577,180.88876
9.343,205.49744
0.17400000000000002,33.90193
179.01300000000003,590.4465
0.11,23.96506
0.093,68.25626
20.083999999999996,65.72973
408.757,431.49893
309.56299999999993,574.5139
20.16,348.21112
322.23299999999995,253.92656
841.236,335.9602
119.987,280.77628
8.177,79.95735
0.407,140.6449
990.107,491.6251
0.173,157.18483
1.156,270.64523
99.944,186.7318
2.703,60.97503
19.897,71.99907
39.224,43.432503
29.563,2122.3877
209.257,360.71194
10.819999999999999,18.077656
9.724,61.034386
9.916,301.45316
0.533,144.12111
920.277,266.34433
0.143,37.19437
159.88999999999996,102.86889
19.2,605.00055
2229.863,1909.807
9.01,315.4405
129.947,193.03053
7.827,32.786716
7.833999999999999,17.9627
280.743,1145.7086
8.503,45.244415
0.123,20.147017
320.42,446.18674
0.123,23.839643
0.25,40.80292
0.97,78.72653
0.314,178.99316
0.077,42.42472
1.3000000000000003,61.99213
70.15,357.96786
69.36,71.67443
8.747,273.8774
0.44,38.286667
0.33,89.442276
20.564,173.32256
0.143,407.364
29.09,116.049706
0.297,15.652637
9.97,278.3633
0.077,43.7207
349.616,518.7053
1.017,76.26018
559.43,216.29881
9.864,13.232699
10.743,70.01505
0.676,54.723305
27.987,172.1587
30.68,246.75986
16.0,59.202923
10.953,31.174328
20.123,101.079285
81.204,134.40837
129.323,476.13687
44.68,188.12926
10.070000000000002,140.80104
17.036,89.48984
60.007,36.48516
18.274,352.88235
8.977,36.769753
16.164,49.98624
39.959999999999994,70.535866
19.453,216.37267
0.6399999999999999,212.889
9.98,25.212086
40.453,765.52924
2736.68,774.77545
60.04,206.14291
30.433,417.08844
36.247,230.27
0.11,129.08386
11.324,36.56701
9.003,518.2334
770.953,318.04922
20.767,932.3583
190.077,546.9371
119.99,425.08383
20.113,605.92566
10.12,46.156628
0.23699999999999996,108.801926
29.797,365.0825
329.8929999999999,530.5604
20.104,372.70453
69.23,579.98114
2.233,46.376392
0.22,334.9974
11.236,14.756462
9.023,51.486988
109.757,128.06
9.037,105.37668
1600.96,1843.9042
9.527,203.28638
40.066,129.10043
0.314,35.860954
10.01,141.87836
8.966,39.959156
9.17,28.608202
11.194,54.90064
10.28,486.8845
9.136,61.212845
279.96,32.91148
30.316,66.136795
10.64,142.34837
655.09,735.9654
0.19,64.17716
10.263,337.97107
49.937,21.155127
10.767,44.800735
21.12,165.46632
0.283,37.362103
0.424,80.82099
6.157,5.1728973
10.392999999999999,143.9804
8.607,33.870647
7.967,40.252472
10.193,61.718987
9.6,106.215324
80.723,31.975657
799.41,1671.6865
12.25,143.42357
0.017,162.45331
1220.933,251.36641
82.89,741.13605
38.71000000000001,34.57051
0.766,36.7773
52.92,24.037804
19.357,234.47339
0.11,154.69135
19.213,47.288116
10.72,23.841158
29.12,442.77155
8.727,21.719265
309.257,902.9781
39.41,45.271446
143.443,144.1145
9.507,37.19437
19.136,154.7785
0.093,411.7222
11.396,40.796
9.303,33.5056
0.377,11.7464485
0.534,41.14198
100.25,279.54898
18.156,21.379883
9.43,192.28995
0.517,32.423977
29.724,141.64604
38.163,212.49818
0.53,5.309628
49.96,181.00305
690.403,623.6586
59.78,34.66162
610.087,551.35516
130.3,563.3804
309.756,530.689
8.673,40.01597
29.833,705.9941
19.04,68.58709
79.84,1187.7571
29.923,117.27237
150.084,27.412558
29.77,189.64192
9.976,139.89569
59.839999999999996,18.96542
0.11,9.261805
0.483,15.626545
20.303,220.24666
10.254000000000001,95.3691
9.9,184.04172
2.054,14.04924
9.02,68.54591
19.75,89.59669
20.207,300.3211
7.093,67.53376
0.347,14.033612
29.157,155.74158
0.22,36.834743
20.864,82.59357
10.04,147.36801
1.72,109.23773
160.33,858.7046
100.42,176.20161
0.706,15.694
0.157,120.97935
8.603,249.63736
0.06,56.54209
109.81,130.24722
30.937,154.7488
0.013,5.0004067
0.046,62.743546
39.81,24.607792
90.49,519.9475
0.716,193.7776
68.79,138.03949
0.7670000000000001,9.443189
219.68299999999996,1103.0748
48.267,283.23575
19.377,99.47382
19.613,506.57108
10.070000000000002,38.320152
0.453,109.288315
10.823,13.619621
0.14,41.286682
0.203,75.63357
8.02,109.676506
0.203,57.053417
0.877,46.118176
19.923,18.398659
9.866,294.64383
18.480000000000004,193.0467
0.064,24.048243
31.443,119.07276
17.61,51.3161
39.857,43.321026
20.347,34.580242
9.01,86.69707
0.857,5.105868
30.767000000000003,145.65503
19.204,65.65277
10.104,33.112926
40.18,148.29152
23.424,42.184895
20.437,149.35757
19.4,33.112926
32.54,501.77795
380.343,387.3383
49.38000000000001,31.177208
50.404,85.52071
10.22,235.99802
110.007,376.16476
0.157,24.136093
0.877,53.595993
30.454,86.96784
0.614,17.013779
142.337,1518.0427
40.13,208.86224
9.894,13.087287
1.437,30.930073
9.637,54.07557
8.947,55.22705
20.193,565.2033
10.59,25.680548
11.094,44.103886
21.066,310.84662
129.553,506.6773
50.817,105.84418
0.733,42.097504
10.85,112.87964
20.067,42.891735
21.004,189.34875
64.68,211.05531
120.6,162.96783
0.06,139.79898
10.304,35.89076
18.805999999999997,27.154545
9.42,420.10776
60.422999999999995,92.17673
19.94,247.28416
69.327,126.15161
10.153,58.326866
0.546,498.6979
29.897,69.26711
181.203,26.19287
20.140000000000004,95.07797
69.617,157.28136
19.55,45.499935
18.27,267.58994
39.957,289.7667
50.557,1240.7914
1150.086,10756.066
0.887,44.47449
9.007,114.99871
9.22,146.43791
50.964,354.4454
0.53,170.03468
19.5,1.8391477
19.85,253.68694
20.053,445.08752
20.397,246.83636
0.157,13.518634
529.16,566.84705
29.75,181.46793
0.687,14.002823
0.44,49.329746
639.65,740.6457
30.683,51.726128
9.88,75.131454
7.827,485.49808
319.41,64.8292
20.913,322.94894
176.926,543.84393
18.823,115.498116
9.097,46.55519
529.473,410.7707
0.55,364.41653
10.897,164.18106
120.09,314.17923
0.28,74.78541
10.68,144.75427
9.907,35.007698
4982.137,1457.9636
30.39,96.85023
510.0,242.62643
0.046,47.11717
0.11,109.288315
150.19,127.799446
0.86,72.317375
209.103,1736.5383
1487.193,1357.534
0.064,22.303143
256.123,715.7912
8.374,33.918087
0.09399999999999999,38.248116
80.13,206.39577
29.05,217.81274
174.633,199.02168
30.063,226.81807
50.146,461.05008
10.186,703.3851
9.367,528.262
70.746,905.97003
64.573,16.756227
919.75,617.27673
79.386,255.90062
10.72,49.022858
49.307,14.9990835
20.454,37.721157
10.400000000000002,98.168655
62.94,253.6917
578.39,397.49692
400.70000000000005,1602.8016
38.533,38.167274
109.887,425.19165
1.2799999999999998,78.555626
1.08,65.33669
50.524,234.34248
20.503,178.16711
20.686,56.080097
20.217,761.84216
2520.45,1225.5286
18.04,240.71605
309.23,606.0195
129.593,308.59692
0.69,39.70003
430.183,1039.5211
69.47,2178.1724
51.807,147.52284
0.327,14.286603
30.667,100.19929
19.856,281.4828
119.02,300.67215
39.397,492.57086
390.727,556.79913
25.133,104.40117
17.36,74.46435
9.586999999999998,15.691861
1.267,216.33183
20.123,23.61432
10.22,287.10544
8.906,14.126994
0.343,48.4149
25.13,222.90608
9.123,162.25024
20.024,158.49672
139.577,199.2117
0.407,5.132569
0.107,150.89647
20.53,337.55014
0.17,14.496592
19.38,246.58733
10.23,38.54988
9.047,190.58606
0.39,627.3766
210.663,175.4291
9.213,68.26039
109.47,599.6157
524.844,1028.6456
10.5,164.76604
170.68000000000004,266.75024
19.943,13.212813
19.707,351.19574
1.19,63.58047
0.077,13.825159
437.334,469.9282
1.017,42.747417
4.577,261.84583
109.84,168.22601
279.05,1194.142
10.58,16.53413
20.2,23.46383
0.07999999999999999,17.013618
178.99,149.7217
0.407,39.860893
0.53,48.142086
48.173,84.503174
8.546,3.9783998
209.533,183.67456
0.046,20.151148
39.774,87.05252
200.207,268.19055
10.307,299.6257
0.234,144.44164
19.344,40.166656
30.727,192.6471
19.19,58.249035
61.23,129.05922
20.206,139.38994
60.94,40.141697
9.703,127.07475
241.01,338.49908
8.703,43.74398
148.753,1145.5703
8.603,74.85919
7.877,404.99048
9.823,33.439835
59.133,29.330881
9.006,165.24858
168.16999999999996,536.2345
100.24,282.9702
9.98,162.90999
0.914,58.69863
19.47,44.578423
161.864,322.44382
4.837000000000001,165.7474
9.982999999999999,51.79486
179.65,226.65742
30.18,486.56317
10.79,72.35837
20.083,276.9959
130.07,795.8094
760.237,1221.2897
49.367,52.112957
10.193,24.136093
9.93,139.3824
3.874,157.76894
21.273,28.065313
89.903,6521.925
0.11,53.113052
0.10000000000000002,18.091644
2030.733,361.36603
9.85,42.487667
1439.8539999999998,3219.2505
20.907,39.85001
9.28,36.245056
18.94,39.89186
159.43,269.12982
0.407,37.577793
20.03,78.64819
10.187,109.23773
499.663,818.1633
1057.87,613.3254
0.534,513.98047
20.393,162.56499
0.263,342.6053
30.1,66.79462
0.453,11.297234
10.156,263.8786
330.12,2060.7483
0.04699999999999999,5.1999493
1.067,49.351532
89.19999999999999,365.94135
1.466,45.638
0.107,37.577793
47.28,1063.6487
0.187,203.5313
51.14,334.23813
209.243,434.00708
19.593,762.26215
349.87,518.95575
0.03,57.072407
10.09,36.34345
18.715999999999998,81.3669
10.16,179.37053
7.854,329.93155
19.746,191.84807
1.106,27.323753
6.396,82.83228
20.38,204.35023
89.68,466.71274
9.53,86.66741
19.37,128.2152
80.11399999999999,51.841743
8.92,5.0134654
59.407,116.51249
19.78,140.4064
39.47299999999999,53.85574
9.793,38.508415
41.11,35.935753
11.69,36.905025
10.423,208.53932
0.9860000000000001,58.373547
9.883,40.24801
11.13,8.6063385
80.39,27.269047
140.637,237.77269
9.417000000000002,185.7533
20.064,87.551796
0.233,34.97268
671.46,663.955
10.333,13.774818
10.223000000000003,23.266254
20.25,35.577774
0.407,97.384605
0.097,245.71207
12.724,150.5532
0.187,24.88604
9.856,34.806076
98.717,154.33435
1.094,199.60417
10.003,316.5795
0.127,45.95066
9.013,195.40717
9.71,85.41683
0.09,204.35023
131.237,176.6466
20.562999999999995,40.398182
9.916999999999998,192.05843
60.094,503.87692
0.013,1626.8141
99.423,223.77008
0.53,687.00684
0.5,77.8656
0.11,14.755395
11.094,330.29608
29.842999999999996,19.016762
302.144,1658.4751
0.017,24.478348
0.11,32.478214
9.623,32.466488
219.976,320.90167
220.204,1260.1984
50.057,539.25305
19.474,111.45128
10.357,45.012474
30.08,61.321655
19.687,110.1158
41.397,85.88186
8.92,3.9566875
10.376,186.04459
0.034,15.652637
40.29299999999999,80.014046
20.15,440.95273
231.02,135.89487
24.467000000000002,127.346405
9.02,208.49776
6.897,112.39474
19.887,47.232067
30.094,196.3196
9.747000000000002,275.24707
69.213,20.563662
0.703,11.342981
19.03,16.12595
29.69,1083.704
9.743,126.97418
1705.653,521.4157
8.064,61.896587
1.656,4.954961
9.487,35.11485
10.334,8.561554
0.127,45.850304
46.764,347.90924
10.323,226.7868
40.209999999999994,854.5996
0.07999999999999999,49.508553
29.113,133.71164
0.863,25.821795
9.783,51.161175
21.187,12.778718
0.467,43.645386
10.437,535.6681
8.593,177.09598
454.84,618.4108
39.623,1584.9725
227.583,595.1841
28.81,156.73418
9.34,44.62862
170.58,104.30124
10.124,53.793106
49.82,398.7836
11.08,19.16601
9.806,69.2962
0.063,35.943512
20.69,169.61833
18.954,186.65685
477.38700000000006,51.865345
10.307,314.64633
9.936,90.29867
10.023,141.33713
490.16,186.20746
1.973,71.99896
41.057,66.59655
11.383,241.58253
7.407000000000001,12.777827
0.22,15.006334
10.38,143.70164
9.643000000000002,366.06607
1859.68,243.45697
9.357,69.041626
120.997,1222.0171
8.983,180.46774
9.58,169.07304
270.706,557.7159
58.836,182.8975
20.993,238.44086
8.023,26.705551
20.264,96.91391
149.897,307.95963
10.683,36.91918
19.92,651.19965
18.256,70.922134
8.377,9.174644
19.197,180.58603
12.35,47.793137
0.173,42.72862
8.546,49.144093
0.093,2.595793
50.41,215.75247
19.203,44.878895
151.033,279.87704
641.234,263.56775
151.29,346.0833
1690.883,1787.488
1170.096,1397.4447
0.25,55.56851
39.897,220.21272
7.827,168.66441
0.127,44.590446
8.243,16.918352
0.013,103.073074
0.577,11.06084
20.33,252.57675
0.063,35.042023
11.593,17.236553
30.854,18.419228
30.46,76.45304
99.513,698.82996
39.69700000000001,693.7146
30.919999999999998,52.558598
889.853,1113.9027
9.943,12.551086
8.537,30.941448
49.966,454.17905
8.604,38.066204
56.477000000000004,483.65558
83.596,890.5629
114.283,194.57033
118.74,512.5465
19.954,1051.9614
0.09399999999999999,31.771698
8.827,30.82571
9.937,16.099752
3470.407,146.60924
79.707,186.86372
9.047,15.427748
19.03,45.64768
20.66,149.68137
21.093,137.11273
19.524,21.168285
18.513,442.77155
36.594,174.4843
30.707,697.80597
109.754,226.21112
20.207,1291.243
140.18,234.15932
18.902999999999995,49.29978
1489.923,453.28455
6.463,150.61464
19.08,78.47871
19.827,161.58546
29.04,18.863249
339.45,219.0626
39.8,1400.6825
0.69,54.723377
29.693,129.8402
9.94,14.756462
0.263,109.288315
54.86,132.88211
0.8000000000000002,13.466206
18.814,782.4793
19.49,273.12222
125.34,420.6801
59.957,589.0704
22.81,14.022405
10.024,74.60062
0.07999999999999999,620.4255
40.236,102.32185
0.21599999999999997,36.7773
20.125999999999998,68.96173
0.17,44.051632
0.28,50.479557
0.94,57.07404
40.297,66.22727
9.617,465.03214
90.696,111.1476
0.453,55.54275
29.94,71.666245
2986.806,903.3404
511.72,620.4122
0.72,37.430443
178.78,935.5181
29.177,17.472797
9.406,24.403927
10.443,78.03403
3.6,192.33664
10.047,356.9932
60.207,241.56
9.94,1029.9011
9.739999999999998,488.04904
0.207,186.09618
9.614,11.728992
120.027,2900.7996
749.326,1819.3441
78.177,365.84857
19.53,18.613018
485.083,627.84906
20.16,62.899292
0.28,37.730495
10.953,68.82391
19.227,21.707264
81.497,262.68674
1.11,78.17147
30.08,406.83463
19.72,100.02117
140.33,274.8543
19.306,73.82983
10.31,40.071587
8.903,183.31767
59.777,594.36285
19.37,613.44934
12.1,15.300201
39.91,144.70457
39.38,145.96338
1931.016,576.0324
19.715999999999998,41.432198
10.174000000000001,1.9848849
0.69,17.596617
10.027,22.74126
9.02,26.344828
0.546,5.186411
320.164,182.06615
39.88,22.608053
229.953,75.94805
2071.047,1321.9989
180.03,277.5749
1404.173,462.12357
20.156,49.799267
11.633,65.779335
29.97,51.12883
1.9060000000000001,31.46266
40.064,212.00319
2.78,123.27943
9.586999999999998,45.560104
40.22299999999999,509.66812
20.904000000000003,450.3851
0.156,44.06393
0.53,14.028377
9.946,33.467022
49.93,79.21033
19.65,98.55442
41.303,476.1761
20.19,67.85681
164.046,539.7395
379.0330000000001,624.62177
31.27,63.595245
0.563,35.55106
0.03,37.210495
9.023,371.89633
0.89,98.50222
4.254,62.6476
10.16,456.3029
1010.07,341.8874
570.163,1497.597
103.716,415.41602
9.707,582.96533
0.0,39.871635
10.3,15.013358
10.073,73.2464
8.55,53.771755
0.127,367.7225
9.18,108.91764
180.06,662.9956
1.72,34.3402
509.487,381.9454
181.51000000000002,193.32469
40.454,505.5132
0.123,4.9678946
10.243,363.26047
0.25,178.13937
40.2,146.99146
89.19999999999999,486.033
220.127,55.57052
1.063,44.43793
9.107,353.0275
915.676,916.6792
9.897,144.76376
1.033,12.952825
9.9,59.799816
9.159999999999998,21.438898
50.19,23.869259
1.173,78.6701
7.473000000000001,147.6176
8.14,43.540703
10.784,37.729156
20.023,37.92781
0.596,24.525959
10.27,67.5079
0.07999999999999999,40.642876
11.086,92.80676
10.607,12.742168
6789.922999999999,2118.3079
69.36,369.64764
19.023,147.63765
20.81,69.354126
49.77,137.9972
19.857,80.282616
59.283,421.55338
9.09,37.594963
99.974,89.36464
9.687,24.201378
30.51,352.18277
8.623,4.9291735
19.78,73.27906
60.68,899.40515
39.466,677.1324
10.413,130.39372
0.22,193.0347
0.123,17.48981
0.31,18.717836
30.994,813.51184
21.63,76.01609
0.313,43.953995
9.329999999999998,40.85142
10.394,127.61126
60.107,60.683964
0.143,19.227821
48.703,108.85584
21.27,95.38278
0.657,11.982187
18.81,108.46692
4.666,86.60626
68.243,66.579506
100.437,301.37347
30.453,81.47944
1.843,5.0134654
0.187,13.764017
0.576,227.43279
20.573,8.776804
0.14,342.80457
78.386,84.31989
59.45,977.0417
0.453,60.683964
80.61,594.004
49.977,124.449005
70.427,497.12042
60.147,135.80284
49.41,20.45898
49.653,779.4688
2.04,21.470451
119.933,439.7521
0.737,44.236332
0.06,460.96936
8.783,146.64615
0.61,50.51661
11.54,175.3707
1500.107,727.63965
29.677,592.3397
115.11,368.10098
0.063,146.13004
620.056,147.13814
240.24299999999997,1559.6809
18.567,40.782078
28.403,42.885193
49.87,69.2962
9.97,13.799971
0.856,76.31337
9.384,509.94122
0.063,123.27943
30.077,371.13205
9.5,630.7337
29.524000000000004,146.70586
290.94,1112.3064
40.356,124.23267
0.04699999999999999,34.87359
9.523,61.95327
241.527,778.6892
8.224,16.823637
729.923,116.695175
50.09,67.42591
9.727,929.1699
9.894,100.48339
99.877,81.07714
39.903,603.777
161.473,418.42456
488.926,1811.2566
29.837,59.48859
111.807,244.62207
521.944,573.24725
20.137,13.202578
29.657,111.08991
10.404,206.22055
10.89,251.33377
0.23699999999999996,49.04836
21.037,12.766517
0.107,439.5831
23.042999999999996,383.41608
4.39,54.730087
10.013,211.55151
0.483,250.01811
19.933,163.04669
9.81,60.613117
0.22,35.723133
0.06,18.091644
9.32,218.11528
30.203,104.57039
40.233,259.81412
20.823,1007.86774
9.077,21.929136
9.42,25.194841
29.906,346.67758
0.077,62.0505
19.85,35.517387
2.076,93.079956
3289.936,1326.1348
0.017,37.406445
0.9070000000000001,5.316878
10.187,644.5054
0.483,43.948193
9.117,142.77893
0.04699999999999999,90.29867
9.4,159.44832
10.42,673.9746
19.58,111.800705
10.233,571.74634
220.34999999999997,352.35306
9.614,343.7435
39.347,228.31223
157.26,2930.2979
39.97299999999999,53.61151
16.23,157.66061
0.266,137.69852
11663.965999999999,2046.1371
190.12300000000002,861.7772
20.0,33.849144
5.093,106.01836
2239.7,1240.3441
59.13,97.08636
5.97,66.23348
69.017,225.24234
8.963,39.581646
0.25,46.465134
0.013,25.821795
39.804,229.80954
10.023,109.67646
31.53,179.78871
272.727,1632.695
49.33,170.50488
40.143,264.4174
39.81,148.11345
0.14,15.062632
0.046,40.496323
149.843,116.87404
0.126,56.95525
0.014,20.503717
30.83,192.55038
30.673,20.181488
0.58,195.40717
8.85,16.981827
1.834,331.46896
79.91,1325.9272
29.954,63.295403
7.777,604.9125
0.847,188.4906
98.776,263.4911
9.457,17.857563
38.547,152.40446
4490.093,1132.4401
19.906,5543.211
20.37,765.9875
19.527,629.56415
147.94599999999997,1342.3784
44.747,174.50017
229.87,793.9192
770.467,1569.9376
1.093,181.82858
19.107,63.914104
19.144,32.956604
19.979999999999997,222.11711
26.787000000000003,64.69023
19.567,127.048485
10.083,17.795364
0.8000000000000002,35.51544
39.897,315.2024
71.313,99.81995
221.58000000000004,293.09497
11.187,71.59731
10.21,46.337013
9.457,9.503985
7.793,258.46014
49.553,738.2929
8.75,24.982563
20.25,22.680872
19.423999999999996,204.69724
9.234,69.883224
0.127,13.785572
280.183,212.48105
16.843,129.05357
9.063000000000002,23.960653
9.453,80.19808
9.034,23.87335
0.077,17.400131
20.953,299.43338
10.37,54.407406
0.204,61.721043
28.163,205.14247
0.0,128.95782
0.156,60.443275
209.68699999999998,145.59656
0.364,43.623833
0.754,12.498268
19.496,603.6459
420.287,232.7774
0.453,146.96017
150.61,195.07106
10.5,47.25502
1104.754,668.6817
19.197,13.685363
478.653,32.70896
37.236999999999995,14.871543
0.017,42.747417
10.400000000000002,290.61523
0.266,155.7061
19.729999999999997,1272.6755
30.82,520.6841
5.24,56.754776
9.236,32.434574
68.87,283.88583
9.51,440.95273
80.453,406.3407
0.39,5.1058583
0.034,112.9831
341.723,234.93748
10.166999999999998,437.53592
10.392999999999999,406.6766
0.063,34.647617
0.11,18.034971
18.777,44.888855
19.827,62.50724
22.32,210.06667
11.093,69.874535
7.437,135.6781
0.373,47.274357
10.727,138.44495
21.17,132.41133
80.08699999999999,500.5602
45.919999999999995,387.65402
8.97,25.308508
11.76,36.61518
10.077000000000002,1620.8368
20.583999999999996,187.20038
21.86,147.79474
2929.566,279.3911
30.147,609.2797
21.389999999999997,48.236156
0.394,44.15054
200.08,406.4837
0.7670000000000001,4.029539
2.843,41.314747
61.337,1277.137
16.433,228.85373
9.95,61.692955
9.306,180.12816
90.003,211.46994
0.373,46.985603
310.03,20.532621
0.89,402.8939
0.716,9.579483
10.743,0.90886325
0.373,72.396095
10.666,50.55376
19.02,54.5466
9.44,37.76065
2.217,9.099316
150.28700000000003,174.33047
10.3,382.27686
71.11,244.55441
0.577,78.41115
9.016,444.99405
7.407000000000001,227.58891
19.933,16.773623
720.66,560.1899
110.757,139.67708
0.03,23.102222
10.136,76.72828
53.36,132.99834
10.267,146.98468
36.196,34.292366
0.22,9.572927
623.117,273.03253
0.563,48.58193
40.533,113.727585
0.22,21.28112
9.636,627.2702
19.723000000000003,388.97464
0.046,102.84341
20.127,138.44495
20.49,27.866905
16.463,136.52158
100.6,110.87329
111.243,1363.9363
9.81,286.96042
31.703,63.20658
30.4,392.504
21.274,124.54035
39.177,70.34471
19.87,101.01759
400.943,434.52612
69.073,141.66017
36.22,99.49844
20.907,94.25457
137.106,272.3419
39.737,363.3133
78.75299999999999,257.46692
18.163,63.924213
200.303,283.1213
0.186,20.84436
239.01,92.90274
20.023,52.247215
0.374,43.87122
26.853,24.934422
180.24,392.39044
19.057,395.97385
1.297,50.522095
612.29,490.10635
79.91999999999999,861.99194
1.5,48.392517
24.046,91.25222
199.833,349.60712
99.446,285.7265
0.43700000000000006,40.52651
0.14,18.647879
1.487,60.856445
0.377,125.738
0.407,46.16305
11.883,125.738
60.293,180.93909
12.99,189.69344
10.214,40.31371
0.186,38.571754
10.283,275.6188
10.104,51.64301
8.867,4.022198
20.473000000000003,371.47247
292.53,695.8046
20.133000000000003,1985.4872
1.44,34.243313
0.233,15.652637
257.413,380.16803
20.057,52.5954
9.97,692.2147
0.187,63.914104
300.206,600.2429
0.093,439.40457
0.906,12.341158
190.314,470.58173
39.76700000000001,230.10057
59.337,252.25389
13.407,44.33829
20.434,43.084435
1.233,26.143154
269.39,364.4637
318.766,417.62683
2.44,50.63505
28.842999999999996,58.39145
20.817,80.292854
482.354,394.89252
9.413,91.50171
679.057,829.93646
68.977,13.573172
0.55,43.13327
39.733,366.81866
280.4,336.99777
10.914,37.05398
20.263,68.55534
206.73,226.27686
0.44,40.997616
19.817,47.26745
1.14,15.069711
0.876,408.8198
21.02,544.3588
0.737,30.82571
10.546,101.37272
130.57,54.274956
80.927,132.68648
0.267,31.586027
56.282999999999994,281.83896
1.74,43.265663
18.994000000000003,15.331652
8.11,13.799971
11.027,77.10588
49.813,199.00386
39.54299999999999,54.42125
20.373,28.85145
39.36300000000001,72.03019
8.993,13.88478
20.407,35.049297
70.29,100.68916
9.32,150.1917
0.55,89.11066
89.86699999999999,432.6787
20.02,66.91986
2.207,463.81345
191.22,314.4298
20.593,423.24164
20.026,60.936985
39.92,209.44983
9.46,181.40544
0.063,44.236332
0.42,18.034971
1090.347,428.87408
10.75,40.29065
1590.377,544.4883
0.17400000000000002,61.30879
79.86299999999999,600.3559
159.826,70.97859
19.837,88.93256
1.14,263.1256
28.826,397.00412
10.813,66.92355
20.103,646.0123
70.37,126.04945
695.04,1487.8839
0.173,286.45605
8.3,30.618591
10.426,58.355087
20.16,386.09238
0.03,43.361973
0.123,206.64108
29.925999999999995,142.51921
320.32,176.91628
79.16999999999999,344.74704
1320.267,2150.725
1.174,93.39064
150.27699999999996,412.18396
19.402999999999995,11.935942
9.717,225.16562
470.03,294.1695
319.407,481.2693
1.31,38.53715
9.244,26.143154
272.396,188.56952
19.977,248.10765
8.796,45.66111
10.144,44.205288
30.05,163.86589
9.93,229.06412
9.336,33.025776
10.996999999999998,31.057655
190.597,112.78979
19.88,70.4791
39.93,136.81245
0.143,626.94617
19.177,212.39223
9.7,60.722786
9.402999999999999,22.437603
29.703,45.300404
9.863,17.577223
79.8,110.31181
0.347,57.072407
359.636,129.49295
239.98,1455.1096
219.327,307.73743
9.853,47.662056
849.234,263.5545
1.097,14.737035
0.333,149.80128
59.664,406.84805
169.95299999999997,602.4686
20.993,79.7242
380.203,950.751
320.487,470.99063
30.847,136.71661
19.79,117.27354
29.253000000000004,85.9996
0.6399999999999999,32.860558
102.783,264.8804
20.19,123.90049
30.79,17.583986
10.62,45.941406
28.277,77.40807
10.984,44.64316
9.45,13.875696
219.556,37.085773
478.223,324.63367
9.64,9.443189
9.924000000000001,41.432198
0.013,14.320406
280.517,1407.6687
60.017,153.95012
80.224,25.296839
0.063,344.35507
0.03,50.27263
20.014,668.8417
0.33,95.40757
9.732999999999999,131.83768
50.947,208.76479
269.407,113.90353
0.203,21.778086
10.29,113.40184
20.343,298.79346
480.37,743.3177
30.167,189.43007
19.42,38.264694
1.017,20.151148
0.9530000000000001,23.907001
1.5169999999999997,9.443189
0.393,98.84254
18.37,65.04897
49.32299999999999,37.098984
0.973,14.338827
0.343,220.55934
0.43,43.364796
399.91999999999996,168.1975
729.863,508.54697
19.644,113.471504
0.33,136.2218
31.387,311.66885
19.967,164.20648
19.953,105.31757
9.397,71.75976
420.09,117.1288
0.21599999999999997,212.49902
400.25399999999996,1868.3827
9.92,149.9973
0.14,1455.1096
0.377,8.788461
19.863,51.486988
8.87,169.97731
10.033,15.462456
9.503,400.2013
31.457,353.50702
0.72,36.414978
58.627,69.28254
0.17,14.39122
9.787,197.91945
90.293,102.2054
38.703,523.9034
169.473,547.0949
9.927,24.580732
230.09,190.4589
9.906,403.3936
321.097,727.76294
39.857,707.68256
0.22,391.80368
311.6669999999999,1947.8926
90.093,163.5749
9.64,204.82405
20.29,185.52026
59.72,238.26154
8.783,36.16905
9.773,116.48536
40.26700000000001,652.12805
71.55,449.68054
9.240000000000002,91.98862
9.913,31.319221
189.934,1408.6294
39.56,16.937323
0.503,52.778183
19.18,548.2075
9.644,47.36472
0.093,167.0664
1.39,8.847058
0.594,51.875156
19.207,85.92641
22.483,847.0443
50.386,14.20287
0.803,290.8697
9.77,70.61863
1.203,31.291374
0.15299999999999997,14.523079
39.77,33.098907
9.607,35.400497
38.88,537.2035
10.85,64.972855
88.86,422.82928
361.607,529.42975
0.0,96.27604
151.877,253.99586
69.04,709.4098
10.42,91.52769
59.96,576.3699
8.907,52.1311
50.817,525.8295
2021.703,1190.114
1.05,44.036808
250.84,63.64348
0.424,112.172935
29.784,208.1094
1210.15,6196.6973
459.077,444.86053
328.71,1579.0754
149.787,154.68677
999.743,520.5166
49.886,453.2021
400.05,1513.3524
0.0,187.86035
169.98,38.015266
19.587,663.6296
250.673,299.62296
0.8130000000000001,5.275105
2.326,162.75267
29.816,143.55421
85.047,344.23114
1151.24,1923.3932
49.907,263.8786
40.19,8.024159
8.777,46.93234
10.187,44.64316
0.8740000000000001,141.07367
9.413,938.98346
550.837,748.83
0.457,46.370525
29.384,72.71473
1.047,5.2957835
1.75,117.4354
110.127,277.7
8.537,34.159527
268.52,57.05241
0.78,363.18466
9.196,198.64449
11.713,14.624779
38.0,23.589901
10.233,16.271181
30.237,699.031
160.356,286.24258
7.35,176.58234
20.053,37.23283
5.744,55.3567
230.57699999999997,551.1995
38.0,274.50787
29.36,11.835174
20.550000000000004,93.266884
58.917,169.48335
1.347,77.33303
19.964,97.65615
0.17400000000000002,151.65457
210.56999999999996,159.35553
0.8000000000000002,44.55224
0.187,35.961357
220.44,225.00783
50.71,45.065018
9.757,257.28903
40.733,154.18535
10.04,81.77371
10.224,120.33123
120.17999999999999,117.33012
0.093,144.16112
39.936,341.7059
0.58,14.260572
0.03,13.677154
19.897,127.87117
46.5,265.1867
29.184000000000005,196.79907
229.643,593.5873
100.523,301.23508
0.013,14.953299
9.017,46.349327
370.58600000000007,211.24059
0.19,112.03726
29.243,32.9692
40.11,224.7643
5.357,35.961357
0.766,134.51561
19.92,135.31717
0.07999999999999999,18.578222
188.35,408.949
29.94,163.54959
20.61,330.68234
147.04,577.20215
109.643,331.79996
10.586,267.30936
0.123,98.80577
9.877,238.66281
13.36,100.11937
9.03,100.109344
19.65,539.54785
9.877,37.484447
51.944,102.29086
59.867000000000004,904.5152
21.357,22.104483
319.343,136.1064
1.063,40.787567
40.144,176.04207
50.243,182.47246
689.763,1386.7742
18.363,77.049126
0.22,39.68612
3.997,162.67403
0.04699999999999999,162.14876
0.204,44.43793
23.31,80.57844
9.163,31.943968
1.013,17.958132
0.43700000000000006,101.624756
0.42,18.717836
10.193,8.461645
29.503000000000004,18.267874
59.94,53.720318
300.636,136.84593
10.143000000000002,137.2651
88.30999999999999,115.545
439.877,350.0868
39.883,428.8688
0.623,251.579
100.63,1106.4902
10.177,25.089125
0.7239999999999999,298.4373
10.073,16.359648
17.973,90.63295
3.604,50.51661
0.47,29.635883
39.213,15.457963
170.86,1465.6312
10.026,17.245798
30.61,88.5552
320.067,227.93365
260.667,358.27448
9.183999999999997,64.3091
20.784,285.945
1.25,28.40593
18.783,86.662674
0.25,31.987217
5.54,72.445114
0.5,34.243313
10.87,826.3233
208.833,518.4088
20.057,256.73822
9.544,759.8327
30.48,240.16112
2562.06,824.7773
0.07999999999999999,146.64615
300.44,278.6282
9.214,457.19257
8.373,18.439629
10.976,17.728884
7.154,40.31371
11.230000000000002,67.53376
9.744,1187.7571
19.683,404.36063
18.487,170.75821
21.087,669.9791
30.143,198.30917
0.5840000000000001,182.87999
8.583,18.419199
19.937,141.78687
981.12,218.80984
20.253,814.5273
0.627,66.734924
10.062999999999999,217.14925
237.41299999999998,440.64957
259.397,150.0402
0.14,33.405373
21.093,221.9735
0.23699999999999996,11.06084
40.066,536.9998
0.313,36.834743
0.143,48.646866
0.204,33.131615
8.517,330.30234
11.560000000000002,465.472
9.243,57.2638
70.07,116.76092
36.306000000000004,49.4186
100.28,219.3988
0.313,40.492218
9.553,195.35303
20.54,266.81097
3.17,37.283623
504.87,1303.8646
5220.26,20203.762
189.727,495.74487
2782.406,2659.2864
10.377,402.33698
890.047,223.99648
29.036,169.52681
189.866,168.35966
0.173,39.860893
0.457,150.31287
0.157,21.585253
10.72,114.6991
82.61700000000002,185.76794
79.94,385.64026
8.693,33.747368
1099.023,112.2741
0.42,17.99637
41.63,565.2256
10.003,166.02039
250.913,762.746
330.154,480.24164
64.84,96.56213
79.31000000000002,199.48001
170.587,710.2561
10.63,47.74012
5.57,43.953995
50.559999999999995,12.800899
90.347,119.39728
867.633,800.9989
0.86,5.006934
13.98,67.054886
10.400000000000002,36.749664
269.487,218.98839
4.22,447.50406
0.453,21.652807
0.9429999999999998,35.414413
289.694,772.8502
19.167,61.931778
19.637,520.98895
459.883,406.06723
43.093,370.70972
30.82,23.568462
0.186,49.861134
3.703,106.98842
10.307,99.89702
129.834,53.66847
19.715999999999998,1190.5083
19.687,406.4201
9.003,27.374521
50.15,164.3901
19.677,55.13302
11.846,84.5767
60.183,521.94885
30.063,552.3249
8.337,41.54557
1.223,43.62113
149.703,220.9366
29.38,194.52325
17752.413,103.485085
351.203,495.14822
2.767,37.50404
0.077,132.69101
19.977,85.36049
10.667,25.194841
10.586,45.020054
10.133,23.586977
0.0,47.199295
10.587,144.56291
1043.9,344.56238
70.066,203.79224
40.297,274.00452
50.17,158.7735
830.44,538.50385
128.237,470.32037
20.77,272.22913
10.387,175.61678
4.79,61.33054
119.48,281.12393
130.827,57.869415
17.513,165.11385
10.392999999999999,66.11751
20.574,425.08383
0.173,161.30923
19.667,191.20029
9.887,477.0294
229.574,783.45087
219.203,82.964325
259.67,372.71353
20.06,182.58105
0.716,66.51931
110.58,509.46115
9.736,72.34478
20.864,68.9295
19.453,15.612622
0.11,48.546997
8.92,73.29657
150.033,1893.6437
0.407,113.60822
59.987,74.5861
90.35,317.9466
0.784,38.423126
20.31,1225.948
22.45,149.05882
469.487,586.675
339.68299999999994,129.94284
59.19,564.90985
0.36,13.837582
19.54,97.21366
1108.893,957.7316
201.52000000000004,437.82858
948.814,498.54614
0.203,218.66435
11.0,15.535548
73.103,148.88739
5.39,124.449005
79.647,14.610079
109.25999999999999,41.21094
129.927,417.6808
19.979999999999997,38.908577
0.156,32.970577
20.034,34.514046
0.614,14.027106
0.28,71.4999
130.18,1402.543
0.69,136.70596
96.89699999999999,57.259552
39.86300000000001,85.829506
0.326,136.12817
21.22,9.315969
0.173,14.882385
130.39,269.48474
109.437,214.39055
10.064,140.5729
19.117,17.205774
141.733,164.75227
8.88,40.496323
4.563,43.812057
0.19,95.878
90.817,203.11574
526.53,735.70856
0.58,12.852536
2522.39,950.094
9.72,33.356335
400.197,291.9638
7.4,59.35407
20.133000000000003,348.92017
40.07,267.48178
20.09,700.99396
20.19,370.45346
0.43700000000000006,128.6859
79.223,298.04245
0.097,5.152699
11.034,212.71942
0.064,20.970602
8.48,56.55248
39.54,23.698141
0.09399999999999999,171.70091
10.21,144.46738
40.25,837.39294
30.577,156.37627
8.686,16.292662
9.873,144.44164
0.03,89.870605
7.927,118.318924
1.096,14.053974
39.626999999999995,66.5794
20.11,268.2583
0.36,50.27263
79.716,616.9894
19.037,383.54803
382.47,580.3793
20.7,228.31223
39.097,15.307428
1.097,25.922308
20.1,694.265
0.03,54.35769
19.806,148.57372
49.787,427.76703
710.253,230.37346
10.534,49.64815
10.317,60.091476
9.06,43.87122
159.983,347.11328
11.01,77.16678
0.17400000000000002,219.42877
9.36,183.89305
28.687,24.218338
49.494,12.360861
1530.694,1442.1483
2.436,94.373344
39.78000000000001,79.64125
19.847,395.97003
208.39,221.23927
0.157,14.756462
9.494,192.73569
24.77,188.0345
40.207,257.86972
130.86,65.49843
19.884,584.7241
90.496,258.92108
0.033,11.781754
8.95,40.212677
8.267,76.462395
40.54,42.503136
39.959999999999994,148.57372
99.383,188.11328
969.153,909.80896
18.75,156.31998
9.75,108.731964
39.8,360.48886
209.957,261.46057
0.373,111.45128
0.03,91.961845
18.633,48.22619
11.19,33.467022
0.22,169.97739
9.953,23.841158
0.063,343.7435
32.094,853.7417
28.11,227.20438
0.186,34.84843
0.267,73.70218
0.72,42.50807
9.56,181.05327
0.097,63.766293
8.994,112.57944
0.063,11.5847
0.347,103.38137
689.69,175.73157
42.25,23.388275
478.697,316.12454
0.07999999999999999,75.50989
121.0,106.92898
147.553,174.93848
69.69,321.84537
19.803,486.66934
9.103,348.04584
0.313,104.45638
169.66,154.48785
549.9,207.92813
89.846,3.7187002
1.27,13.926393
290.64,657.1748
1.533,12.975361
19.527,303.24435
3.67,49.98624
39.777,292.25476
170.267,216.29164
191.394,78.728966
90.127,173.03996
10.373,41.367878
0.077,37.78723
10.017,568.2222
7.82,18.578222
1.406,139.67152
0.14,15.376783
139.89,368.06046
209.79600000000002,19.071293
979.523,131.43451
20.006,69.76139
10.363,96.98173
0.78,41.323097
1.584,53.222267
498.763,318.93994
0.23699999999999996,40.00124
109.307,227.64328
20.363,1242.3608
11.09,68.30475
10.087,288.9859
243.873,588.71014
129.653,428.20355
10.61,202.67908
9.92,52.661514
10.193,271.02454
0.43700000000000006,73.606
0.0,67.66176
110.476,567.33405
1.364,151.80457
8.407,48.1918
139.456,144.6412
19.254,300.00693
0.04699999999999999,580.88715
2.62,328.2548
8.146,13.66044
95.226,146.71008
0.0,14.234569
59.814,112.62377
10.303,5.309628
750.347,972.1617
0.9530000000000001,16.045055
0.36,13.875696
19.6,53.701645
278.953,802.2241
28.577,274.6917
70.307,39.844444
11.326999999999998,110.028305
140.317,479.5864
1.987,327.23883
10.097,14.325498
2030.043,1970.9119
290.25,42.633675
0.43700000000000006,43.02536
58.38,17.71227
30.674,151.62418
208.85400000000004,647.8455
39.847,105.94271
21.067,378.02036
0.784,65.88672
0.33,48.70672
129.527,814.5273
139.693,1013.31604
8.62,70.81431
30.047,78.03403
1.077,42.559875
598.987,268.36652
151.744,520.3165
0.74,15.691861
0.313,423.24164
509.783,223.8389
0.217,202.98706
0.406,36.769753
409.97,388.37717
20.1,761.2313
250.62,230.55739
10.163,308.73074
10.017,170.14981
10.443,314.481
16.953,396.70068
139.627,680.48425
0.234,21.173805
1.953,108.801926
12.63,104.724335
10.807,58.58352
5.846000000000001,184.9468
95.20300000000002,210.73685
10.16,93.40357
38.083,18.387922
1.017,381.2388
61.234,46.74655
0.04699999999999999,12.628422
0.88,71.453766
0.47,15.929188
3509.847,2909.6057
9.823,48.84715
20.044,186.87314
2356.977,358.11853
0.233,11.5847
0.077,61.75664
20.167,325.1725
1.75,72.68861
18.15,13.995628
20.0,451.79657
19.233,266.82794
4.017,50.63505
103.886,1063.0916
29.893,264.52875
501.0,137.83026
114.143,29.593796
290.5559999999999,271.11447
10.503,450.38324
1.064,40.915676
19.06,68.8787
15.444,114.35496
19.78,56.802086
9.586,287.46143
0.877,288.51813
10.054,46.156628
120.073,536.71875
6.377,17.530888
10.217,12.852022
279.16,166.30907
50.236,216.86327
29.856999999999996,28.242228
1.22,13.492381
69.63,278.98856
9.436,37.06454
19.993,425.12436
10.133,33.178066
50.167,522.01904
69.7,86.2859
0.297,33.203888
9.93,24.850964
174.02,617.51337
0.8969999999999999,70.242516
108.87,192.83748
0.127,38.349766
21.693,102.32304
579.89,140.0721
29.73,99.48231
18.983,37.91127
1144.27,538.81714
0.033,116.03452
11.893,172.00743
19.907,9.061881
1.203,12.657388
1031.353,808.28503
0.063,44.78177
0.05000000000000001,34.940308
130.993,326.25235
8.863,349.19467
0.143,65.24023
8.66,24.490963
98.683,369.9124
39.573,276.83328
1.553,14.568936
10.41,19.774458
28.363,389.87457
0.203,98.00682
36.613,301.96426
49.58,35.258232
40.397,80.141624
20.604,184.89075
0.124,359.9196
0.75,24.136093
232.28,295.20367
81.936,135.27951
0.657,113.82726
0.45,35.935753
0.126,30.246542
0.016,39.62488
130.226,278.27875
29.763,16.219213
0.064,33.918087
8.793,235.60385
9.0,14.286603
11.304,155.86174
0.077,29.803026
8.044,13.889011
29.097,61.99213
70.06,462.15857
60.519999999999996,19.118652
9.807,30.184784
390.006,453.6181
10.127,111.800705
9.53,3.9494805
29.953,139.11696
29.606,358.07965
11.136000000000001,72.996895
39.924,6.8120565
10.407,44.564655
10.766,194.63493
38.957,274.40704
8.97,34.746613
28.583,26.487997
495.467,791.5457
19.61,260.17236
9.247,40.058544
0.23699999999999996,356.80994
9.777,14.882385
80.07,79.2383
10.47,154.52985
208.43,212.61249
0.097,48.947647
10.734,12.644259
19.09,95.67337
29.592999999999996,357.13632
9.86,58.77459
0.17400000000000002,46.78438
0.04699999999999999,404.41022
42.073,26.02322
7.38,45.638
19.92,32.893486
0.126,14.882385
0.046,22.872137
0.05000000000000001,170.96866
0.313,43.788563
39.777,172.20372
12.007,14.303891
0.67,41.94847
50.454,360.03348
31.817,149.46684
40.213,47.826794
100.066,468.4487
30.017000000000003,68.33486
119.21,33.529278
70.493,302.16742
70.143,479.55112
9.766,58.87161
39.213,125.31803
17.95,166.08183
21.527,45.05101
39.616,509.08557
100.044,1206.2786
610.13,407.1575
18.819999999999997,23.801302
865.793,249.97717
440.01,1805.7773
0.7670000000000001,193.4058
0.016,121.877335
380.216,305.80734
1.6260000000000001,102.36547
19.237,114.271996
53.356,57.363346
0.033,35.10799
10.093,26.678337
29.816,103.02249
0.347,63.307518
69.7,299.23264
760.207,945.0035
0.097,66.58846
0.923,40.252472
9.887,1414.0928
1.047,72.56301
11.21,21.379883
462.53,261.627
161.727,313.17908
90.136,520.85004
119.937,85.03518
9.734,65.10647
0.424,52.678387
319.90299999999996,116.554054
38.844,184.25244
9.083,143.85966
9.9,16.603214
8.317,57.42515
8.653,218.19638
25.02,376.09802
79.61700000000002,212.53123
9.63,22.209064
60.163,724.93427
20.79,217.3204
10.21,39.237484
10.276,158.16284
50.63000000000001,545.6972
250.05,1136.8931
20.443,172.92125
9.793,31.46783
0.31,13.703783
0.593,212.59898
0.66,61.99213
9.909999999999998,43.788563
18.873,302.79514
8.493,46.546158
0.6,24.490963
9.646,40.786854
199.94,691.392
9.803,297.74048
6.433,175.4443
23.113,185.7533
0.33,436.53833
99.887,289.16284
9.463,49.508553
19.613,58.844093
10.033,13.17503
0.127,14.3127
0.14,76.347725
100.20300000000002,434.09592
0.883,33.203888
8.787,70.13902
28.083,18.263172
471.857,178.46259
39.959999999999994,81.33415
237.867,230.4303
19.46,20.446018
2.75,31.993195
388.727,26.086834
0.47,41.449177
38.53000000000001,429.4612
40.79,120.79107
360.35,188.30275
19.373,446.228
0.204,238.26154
96.844,82.63361
9.29,142.73187
9.836999999999998,77.89899
20.886,169.13605
0.266,190.93202
9.827,254.85608
9.883,134.33206
10.073,36.4955
0.313,183.45166
19.35,58.890926
20.17,23.586977
19.527,316.74353
8.86,23.87335
99.987,257.0915
30.973,230.03395
28.599999999999998,450.341
0.017,54.043568
30.876,376.71112
10.207,60.8813
9.62,61.63121
1.156,46.25239
31.39,274.92053
12.666,60.384525
19.526,127.31682
149.707,59.409004
20.323,206.4744
20.21,255.80392
0.217,14.882385
31.117,232.15681
17.533,90.25985
9.84,125.974
21.003,34.50302
0.063,16.855148
8.63,96.45876
0.827,60.443275
199.95599999999996,343.79236
20.677,251.41393
18.819999999999997,104.99347
8.853,236.68777
1030.547,372.6991
60.193,32.434574
18.836,40.389698
0.093,48.392517
10.453,45.47743
0.186,16.387522
0.016,12.604125
30.943,262.32904
20.33,39.385246
9.426,13.05459
1189.95,183.20456
8.923,55.340652
30.747,448.16306
5.04,277.0319
8.987,233.48372
169.807,585.3037
550.027,563.48773
30.193,321.3434
469.977,331.7815
0.06,13.024979
275.477,168.27266
10.18,506.6773
889.9730000000001,75.14033
157.42,443.1881
93.13,368.0132
49.71,540.9587
0.733,43.399544
8731.27,4310.8174
0.013,92.67531
10.533,22.38431
9.85,387.98563
0.15299999999999997,436.13596
8.83,237.70477
55.28,52.096684
8.93,41.743183
10.044,52.380337
50.766,629.6665
310.27,498.2081
9.156,97.3993
70.617,212.82626
5.423,39.937405
42.413,166.11156
4439.74,275.6054
164.99,12.052476
9.227,46.45119
429.696,1614.9066
129.294,66.7046
209.254,532.5164
9.84,17.335085
10.980000000000002,18.647879
29.914,138.54298
22.19,164.07637
7.88,18.68283
119.303,783.02264
19.875999999999998,1675.5168
0.06,34.03474
8.6,233.71486
20.6,913.0147
21.36,441.66943
389.63,2.4396977
40.85000000000001,16.974611
19.443,616.5736
1749.82,651.5969
155.097,136.65285
21.22,2830.1067
9.78,575.9199
49.627,81.22099
269.803,515.49756
300.41,346.6013
80.01,564.7197
0.093,115.386284
3425.22,102.65199
11.453,367.7225
3.41,195.83583
0.61,36.630222
71.1,472.61884
20.296,232.95595
279.613,760.4877
9.159999999999998,520.98895
19.473000000000003,263.77618
20.287,754.41583
9.873,54.10415
31.06,138.80597
0.28,14.364977
0.313,15.221918
9.72,49.96373
36.893,234.5951
649.167,167.0657
109.66,273.98825
79.287,28.367512
0.04699999999999999,27.280043
30.993,41.159798
274.673,71.00771
38.997,164.51134
80.276,51.772152
19.902999999999995,39.793427
19.327,26.304686
20.103,85.667725
129.787,280.45825
10.003,144.40414
39.893,1476.6973
30.157,319.50812
0.063,16.271181
19.187,357.89365
1352.1670000000001,248.133
140.844,100.05502
0.764,16.998022
29.766,146.11041
0.187,44.17231
0.47,33.106728
10.946,68.32269
128.973,163.91025
0.04699999999999999,9.993316
599.083,446.2721
49.36,293.43506
0.386,72.60452
0.034,14.523079
0.14,30.824095
0.157,9.352242
360.076,958.31036
20.197,32.434574
49.04600000000001,95.70051
11.069999999999999,68.27004
9.56,68.58709
10.547,45.488964
247.33,503.32977
1737.55,1376.7306
110.217,337.6927
19.837,187.043
48.163,135.33954
798.11,130.04784
19.897,703.3851
0.076,105.77038
6.04,86.777565
9.767,88.733
30.863,56.135265
9.73,52.52074
70.813,241.8492
19.263,389.38187
809.676,527.60284
17.946,177.03522
0.013,161.19247
0.11,15.784969
7.187,14.293074
9.763,58.58352
30.846,61.896587
20.61,155.8006
49.237,34.363403
10.143000000000002,107.00842
10.062999999999999,67.398415
1.953,140.48746
0.623,68.41335
0.513,234.17043
0.313,9.742925
39.56,13.79296
19.787,385.31445
19.58,13.301397
21.54,41.927227
0.33,181.26813
9.77,548.45715
139.92,168.29279
9.223,297.25208
686.67,729.84985
19.58,22.850666
8.17,315.0901
9.827,67.090126
90.164,101.75087
0.17,21.340752
340.35,83.78453
8.097,37.66725
20.01,43.13254
0.03,256.09204
10.33,18.23588
0.75,57.433468
35.773,220.17201
20.13,324.5422
10.827000000000002,187.25272
0.077,75.667465
0.297,13.915585
3.97,385.69812
10.92,54.8075
9.894,24.608168
10.214,254.3642
180.237,533.9491
17.25,22.679811
1331.494,344.72354
50.06000000000001,270.09872
10.0,15.324528
49.346,45.58585
9.734,64.5955
4099.833,688.9127
119.997,289.27274
349.993,487.68796
19.087,29.088312
9.297,14.057533
59.867000000000004,507.64206
68.397,109.145935
59.647,102.05032
0.956,37.239944
9.857,339.9839
20.19,67.5052
59.64,327.29544
50.914,191.62152
9.574,57.303486
0.373,17.24602
20.644,47.26745
1.03,13.760461
20.1,693.0931
0.09399999999999999,15.923405
19.987,46.21118
40.09,1166.3359
39.093,22.074629
7.79,544.98645
9.456,145.66132
112.103,214.53398
10.41,39.334793
41.01700000000001,23.451675
28.657,143.1461
0.44,43.53552
0.22,109.676506
0.013,4.022198
19.557,45.7978
189.93,165.69939
10.569999999999999,208.8276
1440.206,546.9677
0.38,53.66847
17.373,8.823573
0.013,48.947647
40.34,434.84152
0.097,44.501003
0.093,28.26518
36.15,14.059831
30.11,64.277695
9.557,139.1051
1.96,114.86261
10.044,54.51217
1391.52,104.93907
100.337,275.25513
0.034,184.9468
259.844,1275.7626
29.733,898.4124
99.804,276.4298
10.2,108.954575
90.25,205.3184
30.123,66.380295
19.44,606.1834
50.12,422.57462
0.156,31.643084
320.064,376.095
159.22,101.01759
20.21,64.484375
29.153,266.1122
31.2,79.70489
168.52,868.1266
10.156,90.913216
19.58,144.58177
0.5,54.534954
0.876,178.48851
19.946000000000005,327.87775
299.9,159.89812
49.883,32.423977
149.50300000000001,563.1622
1069.073,929.9707
18.727,35.261677
20.229999999999997,381.6708
20.363,156.17477
151.764,330.49484
19.443,150.31384
9.86,37.945675
20.014,1119.3005
19.053,1220.6129
0.28,14.1568985
16.677,21.836678
49.51,2806.4998
310.01000000000005,507.87704
4.333,216.58315
25.604,283.9357
0.516,12.551086
0.297,33.191822
708.997,182.6601
59.953,497.24927
9.98,35.999302
180.047,851.82495
17.643,875.0197
10.26,463.32935
9.34,24.789425
459.7,1274.2355
41.373,344.96384
0.063,43.719055
180.004,668.44525
74.63,585.43994
20.37,401.66428
269.98,221.1552
69.237,465.6206
39.68,12.288995
12.756,102.46297
149.72699999999998,164.20648
0.3,137.094
356.02299999999997,615.30914
2.167,204.82405
11.007,49.95241
150.533,686.7283
69.703,376.23584
28.793,142.6891
0.313,35.142593
0.72,36.834743
8.08,59.857925
30.14,654.5296
79.88,67.234245
100.09,548.7481
18.717,54.99294
19.979999999999997,335.8918
0.23699999999999996,49.04836
30.36,215.12222
9.586999999999998,37.93348
0.15299999999999997,69.2962
0.09399999999999999,139.10042
9.497000000000002,780.163
19.390000000000004,320.38696
1.016,16.359648
9.824,97.813774
20.96,927.4308
0.0,15.396894
0.347,27.206284
30.467,214.46442
21.006,57.932148
1.077,677.1324
10.334,129.22061
40.62,184.98735
2.393,63.92823
21.147000000000002,41.131123
119.05,1610.5007
71.014,799.0414
130.797,163.92589
309.98,641.8215
2560.01,266.01672
9.739999999999998,33.439835
115.663,173.095
563.337,678.2035
49.544,55.861572
19.467,143.08708
10.343,374.51453
60.017,101.28484
20.116,16.4646
0.3,44.231693
130.96,12.502393
20.04,221.88869
9.903,150.29694
50.203,110.43035
10.886000000000001,57.614773
450.04699999999997,2086.3584
10.047,272.45285
249.743,554.9697
11.094,61.560482
170.167,240.89809
19.273,169.97739
69.817,39.467445
59.117000000000004,254.95883
90.346,85.277275
198.277,569.2878
28.420000000000005,71.413956
19.81,36.487698
60.26,274.5305
21.007,64.47707
10.247000000000002,157.00261
0.03,58.994152
108.497,905.2908
8.88,44.027153
49.65,34.512012
19.91,548.78937
100.44,175.39154
309.967,766.8953
0.093,18.166327
6.276,183.6252
19.34,36.12946
9.997000000000002,449.88922
0.07999999999999999,153.03447
0.233,49.95636
28.736,44.911327
0.783,49.224106
0.453,12.950608
10.017,20.775417
9.676,375.20938
39.68,154.6041
0.04699999999999999,15.600489
0.03,53.95374
18.623,88.827194
28.797,188.63918
19.927,314.2111
139.506,302.84155
24.542999999999996,115.88063
140.34,90.3082
29.592999999999996,76.72828
9.87,339.64014
9.326,533.87555
9.543,69.423225
90.197,90.95746
65.856,154.827
9.72,22.601904
10.043,41.589615
39.24,407.43362
940.143,815.7953
20.0,70.44395
442.4,817.17316
77.41,196.4404
129.903,316.16678
0.07999999999999999,33.343857
0.077,41.303135
26.876999999999995,524.6876
1.093,31.900806
19.973000000000003,65.18919
20.15,60.95951
49.45,37.654797
1.19,53.55135
8.62,32.58702
9.836999999999998,113.605515
0.57,15.652637
9.977,1128.5105
0.127,439.40457
120.42999999999999,49.90448
20.457,153.9355
50.38000000000001,192.10689
39.93,191.28105
10.74,75.2475
9.45,12.193837
20.03,166.7408
340.163,13.435301
159.554,1010.4876
60.197,716.27313
30.146,3.8851535
15.626,51.144653
30.136,243.40869
99.983,67.5688
249.833,591.1786
0.157,77.71217
0.097,35.075172
39.077,105.81772
7.4,4.0664673
18.663,38.434345
59.703,217.43489
0.124,146.11668
168.257,762.2432
159.994,1150.1074
20.303,54.235256
18.934,45.232502
69.174,81.70565
36.55,40.787567
32.46,114.699036
0.016,15.96333
80.223,477.79752
9.946,39.550583
10.943,171.30037
0.124,96.647964
9.966,14.709671
119.343,320.2807
2.637,35.99589
349.414,104.85294
0.297,46.59252
1.686,174.8782
10.117,38.910244
9.46,78.09495
0.7,31.526867
110.81,416.17883
60.247,54.987755
79.76,275.2112
68.79,224.8898
110.517,72.71986
9.87,262.93283
29.527,265.46466
1820.67,232.49997
4.003,75.8936
9.617,28.82996
390.183,595.7681
20.979999999999997,94.03682
90.25,204.60367
19.66,69.644745
9.044,141.76923
0.296,44.43793
0.374,296.72864
0.686,17.225384
240.057,245.53406
30.117,337.5909
500.257,434.57562
39.6,599.4015
10.1,15.535548
19.667,59.968563
180.047,423.47253
0.187,26.73211
20.34,242.39015
392.056,175.80377
0.594,11.935942
11.5,39.560726
10.447,137.9972
11.884,21.199858
12.067000000000002,32.786716
9.232999999999999,50.23422
9.333,752.30597
13.267,98.13751
10.746999999999998,61.272373
389.633,562.58386
30.807,155.60825
730.027,345.16415
0.17400000000000002,108.162834
79.497,610.308
15.23,126.51283
0.17,14.629414
0.0,13.891474
0.483,63.68679
70.16,545.6436
30.027,587.6087
10.496,96.14385
11.096,132.89752
11.06,54.65354
92.66,475.0936
0.034,23.960653
0.17400000000000002,39.959156
14.049999999999999,35.50932
129.657,283.69156
20.927,247.99565
10.197,64.62578
9.812999999999999,164.14853
1.064,98.16014
19.58,14.826597
19.084000000000003,24.848629
129.78,204.64287
29.803,148.785
0.957,57.669106
9.734,320.38696
1459.53,327.9712
9.727,70.37445
19.207,129.23022
19.893,54.49929
168.6,750.84247
199.297,187.99826
8.737,39.699997
118.137,307.23413
8.373,63.56643
30.134,48.24519
0.17400000000000002,13.850394
0.843,5.1058583
5.883,16.326353
20.003,144.48878
0.03,54.326904
9.166,167.63426
0.017,143.00099
201.584,3230.7546
19.44,546.04236
29.623,55.165104
0.267,103.64243
0.267,39.621975
20.03,684.00385
327.534,533.2576
20.390000000000004,14.927875
0.034,35.894894
30.846,301.6585
168.87,482.9853
1.483,171.3725
19.287,136.64247
8.126,53.15667
38.74,230.15521
21.389999999999997,94.34437
11.767,21.893782
957.727,580.4269
9.03,591.0654
10.077000000000002,15.639221
41.07,60.481472
0.0,33.02566
0.283,40.69815
10.150000000000002,63.3335
11.34,48.40549
0.22,184.89075
0.03,331.6642
18.103,55.56851
9.036,442.32706
0.707,21.28112
99.06,750.6693
20.693,93.90067
147.27999999999997,123.95079
9.71,182.99944
839.113,331.11908
9.19,45.25459
19.33,30.979122
30.256,1156.8231
20.237000000000002,135.95937
9.964,68.25795
100.95299999999999,183.26671
9.623,49.435684
0.703,4.051659
0.204,3.9494805
10.467,47.325558
40.88,72.37566
20.357,1888.7019
1394.477,2318.8428
80.246,176.78697
0.703,507.21942
20.327,288.4631
9.426,33.2433
50.51,38.94448
0.23699999999999996,39.923744
1.33,92.510735
7.007,39.60767
1.99,25.75069
9.527,14.23851
0.013,534.5463
59.123,124.17838
30.037,101.16487
0.593,39.60767
7.29,35.48264
1513.824,135.06912
60.14399999999999,445.55075
0.343,457.473
19.863,489.51154
9.64,124.670334
19.796,50.14589
18.86,260.70752
377.47,230.85362
9.776,42.926563
0.09399999999999999,55.55906
9.827,16.072361
210.443,188.91528
58.867000000000004,446.25992
4213.037,1331.4447
11.193,64.4413
419.133,85.43943
39.04,15.694
0.657,45.737686
13.123,204.3853
287.79,423.74448
9.354,87.053444
34.693,54.46487
16.233,315.30066
17.503,69.42028
108.996,293.0428
0.11,44.78177
10.150000000000002,93.65704
0.09399999999999999,64.59361
9.867,457.72427
9.994,1038.1107
0.894,41.54557
20.324,403.77643
0.0,71.94859
50.333,276.3092
49.487,111.730896
9.824,108.90181
10.02,624.9597
19.113,432.98444
21.44,139.6156
61.14,39.426517
0.076,143.08029
19.993,3452.9534
191.36,159.07788
1.0,8.913703
20.216,795.2969
360.44,391.4676
659.803,1291.3616
19.53,93.88688
839.5230000000001,672.11945
20.877,46.393845
10.937,76.23598
240.11,262.07346
550.873,153.30023
43.713,150.50293
10.764,278.2786
19.947,628.66626
249.17,171.6398
39.06,14.973581
5.67,34.03476
9.466,486.4855
6.19,79.44095
30.62,295.72314
10.3,564.68396
49.787,113.410675
0.61,141.87836
59.857,279.0428
9.04,261.94507
239.603,438.30777
10.737,16.133553
0.25,20.832891
11.074,155.08292
8.823,37.318306
89.11,363.5044
0.843,61.39173
90.903,86.60086
0.33,41.541534
50.65,59.989086
29.78,1585.9702
17.887,101.72199
168.917,15.969229
240.073,171.86984
1959.7840000000003,977.41425
0.22,462.1133
59.207,142.89638
49.894,308.06082
8.643,365.24026
20.58,12.754338
1.91,1303.2942
240.737,2557.7898
7.343,145.98424
10.677,37.541023
24.083,22.711071
0.894,12.872728
20.627,177.81792
48.346,233.26857
0.58,15.133386
1.783,119.01822
10.103,75.42613
9.67,328.7084
9.364,104.57526
710.053,300.12048
12.01,228.85373
0.69,237.20213
30.097,50.582996
8.904,341.56873
0.0,35.14276
308.31,620.2419
0.327,141.57608
9.906,16.11646
19.667,17.875078
0.123,42.150997
0.143,37.72572
0.06,168.01201
0.344,29.803026
0.22,21.379883
39.797,149.69379
82.78,239.17078
180.026,513.152
19.927,131.22734
91.083,106.31323
0.14,52.597572
0.264,16.045055
18.890000000000004,361.55325
293.00299999999993,604.478
370.433,293.51324
10.377,216.03299
11.493,1119.3005
19.65,163.32599
40.75,796.6198
9.446,405.9213
910.693,381.52493
19.374,156.43314
39.997,187.24776
0.24,39.912033
19.283,1472.9739
108.853,32.09926
19.957,39.975945
30.126,38.930363
20.78,916.63837
0.263,12.265143
541.063,254.14194
9.947,137.19476
9.973000000000003,15.300201
40.73,268.96518
9.45,49.79107
0.347,11.1077385
0.343,18.336386
18.994000000000003,142.51921
20.253,2572.516
180.88,257.37143
15.147,69.26843
0.22,46.49688
1259.657,586.9835
8.457,46.089134
0.11,14.022405
0.236,141.50542
8.807,181.27773
0.076,103.73685
20.237000000000002,31.72871
4.944,43.649525
16.994,98.85657
0.69,56.186726
99.59300000000002,665.88275
0.157,285.945
79.816,328.68835
1092.5,1235.8942
9.27,180.82477
700.73,224.4509
20.006,230.18817
9.7,103.18522
89.703,271.60553
69.867,1099.2351
20.314,52.68671
121.04300000000002,245.19319
19.667,269.40588
119.773,181.6804
28.553,43.93091
10.316,151.22769
9.820000000000002,49.966473
9.05,65.444565
0.563,147.88805
0.09399999999999999,210.23634
19.963,54.774532
9.687,45.950684
29.714,97.90276
0.39,58.18268
9.503,219.42877
9000.097,4368.1216
0.733,212.1513
59.42,382.34647
90.18,69.027664
0.0,22.850666
49.053,387.13327
19.237,742.5863
160.013,358.88876
210.007,332.06003
0.8130000000000001,39.78083
70.097,269.00552
39.903,1441.108
9.717,437.6982
50.276,614.51013
221.277,315.14194
19.057,63.385376
8.667,123.768005
28020.57,9106.174
59.726,134.8424
80.547,103.94117
10.569999999999999,40.460796
42.23,1214.5463
109.92,135.72775
9.363,63.456863
19.46,192.81618
58.637,109.69247
0.063,54.45302
139.82,607.7611
5.503,186.43472
119.073,70.25191
0.61,4.0590525
8599.02,2506.0305
19.91,94.068886
40.176,68.154915
77.61,220.99937
239.957,552.9522
9.570000000000002,45.219337
0.44,36.91892
0.94,27.026316
179.91,21.095234
0.707,135.84143
2.16,37.92099
0.063,3.8498747
0.07999999999999999,40.01597
29.97,818.42303
0.097,183.93358
0.157,42.990803
18.923,99.595634
0.23699999999999996,18.285303
890.044,1952.4911
9.307,62.240036
0.093,42.48769
0.44,195.90393
20.796,31.392107
10.64,87.00939
20.04,100.00322
28.765999999999995,264.28882
7.55,14.211323
0.063,201.98776
0.313,66.268166
9.52,177.09618
2219.343,837.30566
0.07999999999999999,78.018364
40.133,38.910244
3499.156,716.3355
39.42,11.486216
0.843,217.14925
17.767,49.34119
29.537,12.850735
18.723,46.465134
47.013,463.54297
119.687,530.0009
19.057,307.54138
10.016,36.032074
8.113,118.08206
8.68,34.368477
0.126,296.33203
8.86,11.881561
0.013,4.954961
38.48,239.65862
0.06,112.722916
0.546,59.974617
999.8900000000001,545.09485
0.22,16.823637
1.38,39.783024
8.843,46.922443
7851.777,1829.6134
9.087000000000002,87.18232
0.546,44.138226
0.267,67.80909
18.59,72.32285
20.156,143.02701
400.533,1788.4197
109.24,166.72418
299.134,555.43695
91.486,791.12573
20.69,21.957256
539.786,224.83118
20.479999999999997,219.66914
0.873,381.36475
580.003,285.04242
272.17,188.66328
0.263,77.36167
19.2,97.59157
80.19599999999998,135.7687
27.576,2028.201
19.214,615.3418
19.463,55.113773
11.16,84.076706
220.62,905.12756
529.97,1012.87555
10.214,53.841564
0.076,135.27423
0.657,47.126766
38.074,818.78156
16.003,294.83173
9.984,53.805378
50.454,599.00055
30.009999999999998,237.06842
109.84299999999999,86.66741
19.51,436.36847
1.373,22.846018
12.077,169.09296
9.086,44.4575
140.867,227.78485
0.046,31.515347
189.337,2019.2008
9.663,75.11883
239.683,1658.6697
10.353,52.96153
190.106,224.0706
10.89,169.4874
0.204,122.30603
10.34,80.25451
9.223,168.66441
24.423,14.153562
70.334,27.88283
10.053,287.23846
0.14,78.72653
899.84,566.9485
639.914,490.3821
29.867,58.933914
0.5,17.530874
8.02,60.21836
10.746999999999998,112.616844
150.23,1896.3912
19.283,42.864403
0.127,228.11249
11.61,48.1918
9.033,49.022858
9.033,187.13184
9.36,245.2407
10.5,95.284035
19.390000000000004,63.18787
9.616,390.47858
10.004000000000001,64.17723
9.797,85.66764
8.927,13.735387
69.927,665.19586
10.126,51.823685
20.007,190.26917
9.637,11.831552
11.057,45.39351
723.436,1329.0304
1.687,18.302097
39.99,139.32388
1.033,25.411652
602.623,662.0494
0.56,40.225838
499.79,266.14728
9.366,151.10234
39.906,452.76862
17.356,164.54141
0.217,31.59536
379.967,280.24985
21.784,164.20839
38.767,121.198166
100.523,8.703322
6.423,114.04944
49.07299999999999,251.84854
32.417,157.18483
2136.18,1214.1821
9.0,29.807089
39.79299999999999,71.31724
5444.253,758.4019
7.296000000000001,83.10366
8.644,167.03757
0.267,42.25911
11.016,17.943151
8.943,365.24026
12.776,149.87683
9.093,12.950608
40.95,582.48694
29.16,52.1482
51.187,86.662636
0.86,11.143717
0.06,39.16054
19.973000000000003,18.409254
69.513,364.88968
0.127,44.62862
0.656,165.57858
59.393,383.2319
10.214,80.31088
49.523,232.17734
607.66,1371.2076
19.247,399.5979
0.076,75.81818
167.00299999999996,343.27258
0.124,42.519753
38.977,242.75757
10.397,204.6094
0.14,206.86438
20.987000000000002,17.119621
10.823,192.95183
10.496999999999998,416.3231
10.413,89.58966
0.424,272.96713
9.793,89.442276
0.046,13.2070265
19.633,436.0653
19.71,42.407646
5.657,8.870591
9.78,34.37244
37.523,323.09097
189.48,295.31927
161.32,273.70285
21.263,18.895369
79.74,102.2069
298.55999999999995,216.11763
5.287,112.224785
30.047,334.3996
8.7,40.498543
9.86,44.28699
101.95,226.0507
10.88,64.41393
40.04,56.44634
10.157,376.277
8.16,44.82953
1.6000000000000003,624.28687
3.61,31.46266
10.12,184.11166
29.68,120.62603
70.247,24.319828
260.094,145.51564
920.1969999999999,167.53082
20.02,268.90506
1702.336,20.090508
920.313,178.78975
10.38,12.444949
10.107,67.04573
0.093,14.177655
40.18300000000001,74.54749
1.8930000000000002,404.99048
5.613,66.232155
0.6399999999999999,35.51742
9.812999999999999,321.5245
19.573,364.526
39.44,624.3112
79.91999999999999,503.54053
30.067,303.4778
10.11,61.931778
10.03,43.79282
9.8,357.90485
0.36,39.477406
69.713,320.74808
9.063000000000002,35.054462
110.64,43.750988
0.013,34.739147
139.49,184.96281
9.570000000000002,66.11896
10.237,67.70196
9.847,142.73187
69.594,452.21176
8.997,183.31767
8.85,110.39524
59.384,507.34756
0.14,40.075993
9.586,211.512
2013.027,568.93933
0.187,117.29589
0.357,38.876163
0.22,53.056026
9.457,14.85015
30.203,545.4927
0.283,52.140087
1.6030000000000002,36.96925
9.07,41.459164
0.11,27.669893
0.563,37.42241
18.867,61.67593
100.673,57.345642
0.127,110.96007
9.446,44.64316
332.57300000000004,1054.5135
171.123,72.09092
469.69,67.35785
0.377,29.914944
18.423999999999996,55.976677
29.35,92.84839
18.8,194.90855
310.554,207.16624
9.253,57.16162
19.53,200.07234
10.547,221.77542
128.847,72.60452
29.637,145.53197
0.314,11.345113
7.607,176.58234
140.027,196.54814
60.434,55.02554
19.92,29.108177
19.707,133.10426
0.797,248.303
60.86,111.28889
11.72,63.265526
10.023,200.00386
7.717,35.778706
489.3,631.39594
10.09,167.00142
9.104,39.92519
10.312999999999999,92.37934
9.616,42.127014
9.62,127.03412
8.093,327.57693
9.763999999999998,23.102222
16.797,14.844445
48.523,301.37277
442.133,2011.2969
31.887,155.0427
39.67,515.7485
0.327,402.33698
0.0,196.80478
0.53,68.455826
1.753,14.755395
19.727,41.03362
12.656,16.32041
27.637,70.82077
13.85,14.631529
9.897,332.23303
10.067,23.839632
9.903,683.671
19.656,107.481705
10.073,765.52924
120.073,219.76643
3.327,129.08386
19.063000000000002,199.07712
6119.633,336.8384
63.487,155.31061
0.86,47.18843
9.177,138.62434
9.88,715.7675
50.214,42.29396
109.94,328.69614
0.517,32.53257
29.953,890.82916
0.82,23.563194
1400.657,585.1572
522.75,1892.6631
0.563,75.665375
8.68,143.66751
29.597,706.60486
9.954,76.31337
39.503,1286.8206
10.333,80.79242
129.953,54.216408
9.09,120.11353
101.45,296.9957
259.974,199.85123
0.096,44.590446
440.283,422.6991
8.51,145.40242
120.176,211.71234
241.26,51.366856
259.943,247.41365
8.883,34.3402
268.73,294.756
9.989999999999998,43.758083
19.933,124.38165
0.09399999999999999,47.75555
29.84,755.69885
20.483,4.1203957
20.76,514.5797
449.294,1095.2239
19.927,11.728992
301.33,1085.1373
20.103,172.00615
215.157,886.65796
9.663,288.9859
39.926,99.339096
9.976,30.19662
1.127,30.19662
9.263,56.302742
280.013,463.46655
0.267,45.501953
0.107,44.78177
10.263,335.4658
240.467,373.89548
11.063,16.604015
0.07999999999999999,24.180378
18.887,259.20663
199.726,114.61407
0.03,4.8912907
24.02,2040.245
9.67,53.37662
9.916999999999998,1003.37885
0.046,127.308655
9.057,56.842377
9.913,23.364815
160.297,67.25162
10.856,229.05304
101.053,551.8658
0.427,1270.6636
0.866,46.784435
0.063,14.39122
9.72,39.506374
0.6399999999999999,14.793483
20.11,173.35947
39.87,132.79692
7983.627,2571.9412
0.06,35.930054
0.157,172.07193
4.803,44.47449
19.003,406.92676
8.813,34.494045
40.573,15.402956
49.47,236.24297
0.44,41.30312
40.607,26.640303
8.723,48.142086
20.097,81.00045
0.686,15.325967
543.403,413.35403
9.966,108.162834
0.04699999999999999,23.356443
269.64,351.3358
130.4,199.0515
17.56,29.017048
16.223,541.02704
19.837,79.50425
40.3,2038.8795
249.864,296.68835
20.014,379.2724
61.41,311.65475
170.34600000000003,62.15738
20.217,94.56909
19.687,185.44258
9.497000000000002,56.84694
38.88,263.7274
9.86,23.441801
130.267,270.93207
37.937,180.48975
41.777,7351.375
0.89,33.025776
50.214,148.93912
29.347,129.72624
10.513,37.847004
0.233,47.170506
0.254,14.177655
0.53,12.612591
9.42,60.091476
9.287,39.923725
932.39,2509.1902
138.966,469.66522
9.317,185.72447
0.457,18.578222
110.81,66.6026
29.453,162.59326
9.43,600.3559
370.0199999999999,806.865
40.483,498.7366
11.243,208.07913
1.8599999999999999,91.89107
8.95,206.59679
0.78,218.65233
670.54,110.312614
21.062999999999995,186.57117
1.267,78.632706
20.037,174.02711
0.677,16.331848
0.9070000000000001,24.894424
30.009999999999998,178.49883
0.844,10.42502
90.87,787.83545
30.98,470.1517
19.729999999999997,557.64954
29.05,124.65848
51.007,45.43846
9.67,10.783758
199.983,84.86594
50.73,599.3226
9.07,509.52893
10.954,220.3705
0.173,40.316936
20.703,505.38644
389.777,1535.9794
70.143,142.89542
10.113,345.78134
8.707,14.182751
9.883,373.89548
0.15299999999999997,45.97373
9.28,234.18155
19.096,63.370647
120.03999999999999,253.56573
3.717,313.0657
99.816,216.08954
10.986,220.55934
0.017,36.8406
18.9,40.38976
10.03,68.32835
0.11,203.97728
9.05,406.11313
9.14,172.1587
11.47,55.727695
204.23999999999998,267.36655
10.877,358.07965
20.127,15.49195
49.6,52.947845
19.713,32.686684
9.773,495.42996
2230.53,10133.397
16.984,53.67138
41.597,262.78424
70.187,143.98923
1673.213,1069.4845
10.163,306.94962
3965.96,610.9367
19.126000000000005,182.4657
20.323,547.0949
19.904,165.67033
20.246,761.96136
9.033,226.95583
410.4870000000001,554.6451
42.446999999999996,217.68939
11.416,29.807089
11.534,120.2064
510.1,580.3664
348.623,537.8491
21.143,131.98578
4.767,44.144985
1.106,31.865383
88.73000000000002,159.71729
19.723000000000003,181.12386
0.487,64.76242
1.003,57.614773
190.693,535.6781
20.157,1101.5363
168.823,53.10178
60.49300000000001,27.826014
19.853,59.595245
0.36,262.04813
340.306,77.21353
7.574,11.487386
29.687,149.75226
19.787,666.9853
18.813000000000002,258.94583
40.704,17.195068
18.13,625.6597
18.837,56.61881
17.56,363.18466
20.85,69.51105
9.907,48.894955
10.239999999999998,577.529
9.593,23.706253
111.64999999999999,1084.3652
115.31599999999999,60.915062
2.36,141.57942
8.517,46.03437
0.09399999999999999,140.07384
20.312999999999995,3.9207585
174.99,2316.882
0.28,23.671114
18.456,78.95615
309.92,711.7711
20.016,887.1136
8.99,290.08362
3861.864,4408.6943
30.523,23.019735
19.366,135.31717
0.28,31.771698
20.017,14.510154
135.213,137.40793
460.06,383.9605
909.713,360.16782
15.1,24.03084
9.85,38.48727
0.987,489.5214
18.897,120.62603
19.604,163.71732
39.7,28.118134
130.656,2.4600136
9.864,62.433167
0.847,67.66176
0.097,43.79282
19.827,14.676008
1496.28,938.9677
39.69,164.82857
0.05000000000000001,14.992785
8.964,49.96373
50.989999999999995,71.66692
21.693,111.95176
20.013,22.283909
19.83,13.677172
1699.513,669.92664
2090.737,2499.321
9.834,68.77647
1354.91,569.4546
1.987,42.747417
0.15299999999999997,42.127014
10.367,51.42163
20.7,475.00305
21.26,39.742756
19.85,130.0902
280.543,67.1578
1092.616,809.8646
19.513,242.69838
799.71,785.85376
20.676,217.10664
1.377,367.308
19.06,42.454678
50.023,403.77643
20.31,47.70621
4.534,18.573547
220.67,216.88095
10.01,31.410149
0.033,140.98343
12737.137,1953.9999
128.243,259.0416
9.97,68.722664
10.717,37.45919
10.13,58.844093
9.909999999999998,18.812002
29.126,159.35553
19.627,2557.61
39.22,42.519753
8.677,2122.3877
9.293,34.076763
0.063,41.141945
30.743,394.5947
289.5539999999999,472.1252
89.224,638.9243
130.047,227.76906
29.98,51.56143
40.987,572.32733
0.11,43.63321
25.22,93.615105
10.133,22.303143
20.754,13.102917
20.096,46.36907
248.85599999999997,56.02851
9.61,108.49926
0.643,323.82175
27.18,134.47185
1.113,46.156628
20.073,92.464935
10.867,144.37218
40.10000000000001,444.06714
19.136,172.30733
9.854,459.25293
0.466,36.774418
0.126,40.74621
0.06,315.83652
0.39,37.210495
29.246000000000002,56.81894
19.994000000000003,89.706665
139.67,276.8945
39.737,128.10332
10.103,219.20245
278.92,163.13097
3553.663,267.59006
1.157,23.43024
0.23699999999999996,63.56643
0.297,398.8179
69.756,240.54575
0.597,517.95105
20.75,259.7585
0.217,14.086798
29.69,48.80997
0.123,57.7699
180.12700000000004,269.39557
30.067,63.393105
239.38,355.73328
0.483,13.850394
70.047,194.55005
0.07999999999999999,67.27194
50.77,313.62335
0.296,195.64708
1041.847,201.40897
628.14,870.4272
10.392999999999999,13.124822
190.083,33.238373
61.247,73.24853
189.633,303.98083
49.934000000000005,21.49376
10.376,104.20042
130.844,959.2803
39.4,110.26635
3285.31,1019.6133
0.39,22.601904
50.63000000000001,36.301945
10.97,120.76065
119.493,445.54413
79.827,93.45859
500.213,498.70895
0.186,57.433468
9.954,55.915512
50.897,34.87399
149.984,557.9165
20.853,54.215427
59.14,590.2024
10.184,171.49821
56.573,159.30681
379.867,499.56097
7.863,58.12568
10.416,634.807
1.5,62.210323
8.747,26.49389
19.29,55.632168
29.81,194.48018
28.816,726.4947
0.204,40.460796
0.25,14.386859
0.36,25.401022
1.96,189.86497
10.0,10.469175
148.826,180.82175
0.063,64.1905
0.157,9.404356
9.313000000000002,532.30963
10.22,117.64749
39.663,94.839874
9.817,190.205
10.23,23.14459
80.276,145.89864
19.817,52.87702
69.956,590.3995
30.053,74.98508
41.03000000000001,62.34899
10.45,1.5236459
48.71,22.588001
720.146,352.2554
6.833,18.302097
8.327,17.335085
0.11,44.590446
58.223,217.48138
150.346,1235.2426
0.05000000000000001,36.846745
55.94,106.01836
27.777,112.172935
28.94,126.92068
11.287,213.07423
12.793,94.62802
79.777,1200.735
8.184,16.387522
9.094000000000001,39.623596
10.283,63.521545
10.723000000000003,111.90696
23.823,97.36868
9.45,33.380054
30.25,755.69904
29.81,221.36934
1.503,193.68918
0.14,39.68612
19.03,74.221344
19.063000000000002,406.71667
9.713,325.90378
8.683,354.28406
0.04699999999999999,18.090002
18.480000000000004,94.93506
39.927,136.59262
0.9070000000000001,113.9591
20.087,680.42395
0.594,45.867226
0.613,135.45532
20.08,90.75645
0.9070000000000001,27.154545
111.896,556.31866
41.587,58.684742
0.013,31.350079
19.754,601.2205
20.729999999999997,399.04892
8.156,58.994152
8.943,45.27105
12.953,21.690533
262.506,382.95572
9.34,34.118675
44.756,394.08713
10.062999999999999,73.35234
2.99,36.29312
8.94,31.820324
1444.19,926.3442
1.206,13.361905
29.467,87.407814
0.016,12.439855
0.186,533.9669
19.993,120.686516
270.097,16.610235
0.283,42.09743
19.783,249.98709
12.883000000000001,47.360416
0.263,43.450085
19.737,98.303246
0.266,8.483748
10.892999999999999,141.33713
20.24,57.326736
1.287,9.297875
1769.836,616.59937
0.33,3.985668
0.25,111.800705
60.306,410.68512
10.227,192.66376
26.756,192.65735
249.873,213.8511
742.6230000000002,505.09814
230.027,519.9086
1850.407,48.303757
220.866,172.66951
0.0,58.185013
39.907,43.928623
10.436,525.98773
30.047,111.28889
29.017,40.245674
49.51,123.34729
8.537,52.675503
0.0,14.1568985
0.016,57.804146
49.777,136.63902
60.013,184.03717
80.11700000000002,136.15257
40.08,73.76365
9.820000000000002,208.49776
1260.087,736.73846
0.45,82.05719
1.3000000000000003,144.00029
0.47,5.1058583
0.373,43.296207
9.993,103.97744
0.15999999999999998,74.099724
9.89,61.216084
9.916999999999998,33.864468
49.02,337.7356
39.69,48.58241
30.603,227.79921
0.093,61.272373
20.266,61.904602
10.79,632.12
10.203,569.65216
9.186,47.657562
230.62,196.81668
0.406,33.918087
10.173,188.12418
8.55,241.46022
20.217,20.372534
10.024,48.546997
159.1,301.12115
7.586000000000001,66.51931
0.69,13.71327
1050.777,947.2323
11.42,5.2067466
0.514,51.000828
0.6399999999999999,60.936985
150.08,60.94789
18.953,146.56454
2.174,52.741936
9.98,19.145908
8.707,72.192474
0.04699999999999999,405.95612
45.02,468.84915
9.143,180.35115
10.41,110.477196
0.967,57.07404
18.383,16.950056
0.53,75.07531
11.667,74.489655
19.207,43.59852
69.86,573.80096
9.273,196.38797
54.86,118.59601
9.473,13.099791
8.714,59.509575
19.983,171.09846
8.84,25.411652
30.276,413.1851
13.927,151.68164
0.077,9.742925
19.093,31.291374
0.564,277.4798
49.94,58.01907
19.01,182.1116
20.32,82.37161
9.75,185.62883
68.91,265.70178
20.777,200.37146
138.776,144.10951
79.777,158.97253
0.233,192.73569
90.04,546.97253
11.79,123.08763
12.25,87.33624
10.25,353.33145
534.66,191.22041
140.59,133.4414
19.97,205.6729
0.127,114.04896
238.887,930.3736
89.907,80.20785
0.03,42.82841
3480.42,2937.3142
0.17400000000000002,44.119972
9.224,47.793137
0.11,5.1191916
9.937,45.43855
0.233,57.52295
10.724,78.438095
10.48,38.066204
89.8,62.30875
1660.31,1646.9286
8.847,55.472443
199.18300000000002,146.35823
30.936,826.6873
19.26,65.20261
9.524,22.601904
59.347,556.2797
0.22,14.624779
30.19,72.99105
9.887,331.39337
110.183,74.0645
1.46,18.450592
0.04699999999999999,11.881561
1.6260000000000001,159.93236
8.63,341.39862
9.503,39.807816
19.713,154.85721
19.8,59.815647
39.61,142.06715
19.88,9.701804
80.877,262.5911
0.09399999999999999,40.786854
110.967,263.3114
10.062999999999999,162.10439
410.2660000000001,220.02472
0.457,36.991814
659.21,251.25357
780.106,306.40604
9.137,162.56499
39.99,136.80725
18.794,87.00889
10.88,38.401825
1953.23,867.6762
0.017,187.11073
51.66,1219.6554
18.624,44.17231
9.739999999999998,131.97775
0.23699999999999996,35.644703
0.0,35.860954
39.273,597.0182
0.126,57.22875
20.013,139.21056
30.175999999999995,446.01974
0.077,4.7571087
20.34,129.07436
10.38,27.323753
0.326,24.224386
99.457,74.1477
9.666,121.66532
9.666,63.78299
19.897,83.91201
11.11,92.97862
8.14,417.613
0.126,44.21017
80.1,89.90214
210.25,32.8486
10.266,48.044632
8.577,14.086798
0.653,364.41653
0.127,135.55513
0.313,17.42277
79.857,1826.0944
39.393,1149.6387
41.636,115.208595
9.453,54.86458
4.27,95.878
11.069999999999999,4.9678946
0.03,13.799971
11.437,57.151535
20.077,3143.662
30.033,61.924202
19.504,555.4085
1008.564,533.376
14.834,21.37903
230.02400000000003,149.13283
49.89300000000001,680.62213
29.313,65.91074
0.0,15.136675
0.296,42.521336
140.48,117.889595
19.44,134.72882
419.723,131.52867
8.03,36.846745
0.063,37.210495
349.853,230.73364
9.87,15.561501
190.51299999999998,45.878567
17.557,1283.9066
17.78,64.535835
69.827,215.7146
8.816,39.928253
28.713,1358.4968
0.063,122.858665
60.64600000000001,764.79724
19.897,594.52203
19.457,3.2294145
20.483,13.05459
53.063,148.88739
100.133,688.60114
70.18,435.0746
8.907,14.549574
149.50300000000001,397.49323
10.22,114.718506
30.057,37.91994
10.29,114.461624
0.017,39.61645
39.99,32.291355
18.844,438.3694
1151.48,389.08182
29.509999999999998,250.6413
19.657,48.02853
34.443,84.56446
288.373,2515.1145
79.493,1567.9131
130.094,182.27222
9.04,25.426184
19.623,782.62115
49.407,222.24045
20.766,602.6246
9.553,423.3003
18.467,184.11166
11.53,149.6406
10.416999999999998,197.89212
0.393,12.58072
100.533,98.03783
39.397,93.553635
10.1,59.23709
169.79,251.2626
15.403,45.989876
30.386,39.76151
1299.8,33.971294
20.277,87.126015
109.79000000000002,56.624363
49.177,302.89096
231.987,449.86945
10.42,103.97744
8.736,79.95743
0.03,13.875686
1283.82,273.67813
20.154000000000003,59.614033
9.203,63.3335
289.55,281.09042
0.9,31.46266
19.890000000000004,785.1444
0.173,109.23773
0.457,38.656986
0.127,64.3091
0.344,44.586327
10.443,15.796755
0.657,12.877559
10.883,47.05285
61.217,184.69637
39.093,145.73898
8.283,12.728272
9.116,40.460796
6721.094,2540.5054
19.94,208.4113
10.523,64.4281
130.373,229.0969
567.576,951.1011
110.59299999999999,334.41727
8.113,29.780586
0.313,30.772575
38.36300000000001,278.235
10.47,103.56145
10.06,556.327
240.09,199.99284
10.04,122.08962
0.144,31.357666
39.553,309.29724
29.817,68.210144
38.967,108.0131
8.353,44.427475
0.19,15.220583
8.987,502.12408
17.78,23.093723
199.887,57.02191
30.806,28.965954
29.923,154.83536
200.07400000000004,399.9136
30.177,224.8898
10.127,10.558114
0.513,11.58755
10.577000000000002,87.461174
0.204,626.9689
209.413,309.86508
19.367,80.31444
0.263,183.5046
27.586,77.911415
9.856,131.022
20.67,566.3334
29.116,199.10986
1.03,40.455547
49.607,322.72528
0.797,59.857925
20.093,126.78084
249.887,2644.3416
18.844,1363.1458
20.993,296.33392
8.4,38.316097
9.643000000000002,160.02939
0.09,43.457176
63.513,139.04276
1.05,65.716675
60.47699999999999,631.6032
58.476,24.27626
18.596,235.26593
738.74,728.0644
11.03,358.55106
10.48,13.633452
201.063,627.8133
8.907,46.376392
9.497000000000002,420.90903
40.18,132.51807
38.906,463.9987
0.173,40.722813
19.973000000000003,17.304579
10.54,109.920334
21.166,18.639935
40.28000000000001,346.90576
70.147,181.50447
20.253,265.4217
300.284,264.2275
91.72,330.69675
20.827,36.596943
510.083,329.53076
0.15299999999999997,69.644356
0.14,157.93463
69.576,48.33885
79.94,317.85803
1188.88,842.92096
9.513,42.089092
20.617,211.74074
19.96,140.38991
39.93300000000001,138.3412
30.087,315.196
20.49,18.409395
349.05,186.10405
7.01,41.286682
19.503,49.60959
29.83,215.43924
190.67,614.9994
20.507,187.0902
0.123,15.455752
9.923,63.271908
9.820000000000002,11.7464485
19.076,259.094
51.794,60.16032
0.233,36.630222
18.793,51.902184
9.0,96.45876
328.2269999999999,1678.6671
7.757,460.44754
19.59,141.50542
10.974,146.14555
0.343,42.077705
7.417,121.86523
107.19,210.90096
0.737,4.961428
10.38,839.18677
19.85,68.49983
0.786,112.94288
349.62,16.428879
891.52,702.26733
0.203,99.0526
0.04699999999999999,3.985668
39.44700000000001,1892.3977
30.4,270.60168
58.59000000000001,351.54123
0.233,32.855766
9.183999999999997,184.24214
0.03,39.3962
0.233,111.800705
20.01,322.07608
219.14,259.29688
9.72,35.964092
11.117,14.98922
9.307,248.01646
0.627,55.71618
61.463,567.2847
0.107,211.36444
30.273,93.228294
20.74,54.133247
0.454,45.020054
309.92,3024.5212
230.177,178.91353
19.294,217.30064
9.217,10.337231
0.187,50.583427
10.816,40.642876
21.173,241.78519
7.957,167.56679
39.326,80.11098
11.667,25.774797
0.07999999999999999,46.845474
11.413,73.25473
58.5,260.3328
29.65,98.253136
20.483,362.13776
10.986,120.04516
78.74,98.30372
0.173,227.64897
178.967,159.1445
140.157,370.78723
9.677,421.54303
9.493,42.696144
20.65,30.652807
20.889999999999997,121.900215
39.503,467.44586
11.76,140.03365
0.063,79.64191
30.117,224.89131
29.854,329.71115
9.909999999999998,162.90044
0.064,15.718076
32.76,211.0903
0.457,42.48769
60.19,14.259831
9.97,225.5674
1.737,54.30792
0.547,404.22522
9.84,633.41974
30.847,193.8704
8.39,55.000683
0.143,86.20178
20.32,719.75024
0.357,24.99988
0.127,13.864506
39.97,334.076
8.927,66.23213
89.113,207.73044
139.05,351.112
2754.447,2063.4094
10.233,199.85196
9.409999999999998,69.547966
9.843,234.89928
18.992999999999995,73.908554
0.297,16.950056
889.023,163.67278
0.31,32.16574
18.39,314.35696
80.027,137.97342
19.4,14.790382
0.203,37.06454
0.0,144.5391
90.75600000000001,190.46512
1896.4060000000002,917.711
50.267,172.86755
20.56,56.50621
4735.044,1520.9612
299.25,588.26953
10.68,49.554752
1239.78,613.19385
462.053,172.48355
10.676,67.679665
19.937,135.08432
8.703,4.007547
0.0,23.87335
7.644,52.790752
41.404,15.652441
39.95,72.396065
10.68,128.57124
60.203,337.50354
369.433,128.28662
140.39,508.4183
20.123,58.29695
0.033,57.389076
11.237000000000002,40.498543
0.347,22.87614
1.376,54.028187
239.916,215.66997
8.56,184.13884
9.54,402.3956
8.676,42.077705
700.13,437.26492
10.174000000000001,43.64536
10.224,44.973938
0.677,55.000683
556.363,139.78117
50.12,1713.7723
0.123,75.50989
69.28,62.232567
39.516,92.829666
9.916999999999998,405.95612
8.72,46.78438
18.104,148.61626
783.033,680.5194
19.943,161.64668
9.937,44.67009
0.28,170.75821
343.833,386.8818
0.563,513.99304
9.827,23.186615
0.573,35.142727
20.226,521.3753
0.07999999999999999,31.978992
920.95,159.54239
10.503,27.423634
108.937,314.6502
880.733,541.7927
0.33,367.308
119.183,44.694817
40.17,937.8845
39.594,68.37195
9.683,44.10019
49.83,13.4034195
948.13,177.7674
100.086,101.160835
29.87,64.119156
0.296,77.03035
18.79,36.301216
55.9,289.6023
0.046,67.83853
2.02,13.37064
1.017,96.33164
20.26,42.42472
296.287,276.8134
8.9,20.539316
51.056,67.08075
19.937,52.04624
30.013,552.1039
0.347,26.829832
9.61,53.93499
9.896,35.33103
10.123,81.84011
9.243,47.17046
150.28700000000003,158.90073
0.967,34.304947
39.36,127.54051
209.82,888.3034
238.49,201.75056
250.104,576.6275
61.987,31.440365
9.97,70.54346
9.5,21.196947
10.383,20.147017
10.606,1.4119633
1430.44,536.88525
467.753,1283.8906
11.02,77.049126
10.986,397.44653
19.03,126.49408
8.77,282.44458
19.230000000000004,237.70071
70.097,222.12997
29.096,276.08096
0.847,37.19437
1.21,37.13744
20.17,1113.1941
0.187,16.823637
0.127,235.42598
0.47,107.749504
363.734,383.08408
49.923,640.9385
10.337,45.04183
29.237,24.159895
79.907,322.5214
20.183,31.376123
10.547,47.925037
0.326,74.627464
0.357,48.54934
59.876,555.5307
19.96,499.22525
63.52,55.345634
960.627,182.42984
59.747,124.2948
3.517,140.46863
823.68,149.85477
459.873,201.71123
28.043999999999997,16.129808
0.703,41.946087
10.434,206.40877
0.093,143.85966
0.467,1596.967
195.81,377.23328
30.009999999999998,23.36475
9.297,28.511261
828.957,1318.6309
0.547,73.53769
7.47,53.771755
0.36,14.1463
149.27999999999997,327.0634
8.687,73.19375
15.87,167.22247
0.75,79.779816
10.033,105.67211
0.483,37.799923
3281.21,1758.8486
260.024,623.2228
0.15299999999999997,132.17047
79.537,428.42554
9.7,14.821806
0.25,54.90064
0.11,39.498745
0.063,33.308693
100.296,20.866556
10.077000000000002,42.77259
19.163,54.65354
690.3729999999999,197.3585
31.1,13.723184
69.777,117.93231
511.067,327.69635
50.55,166.43509
98.97999999999999,205.8995
0.07999999999999999,57.559437
9.177,171.98213
26.983,40.138084
30.927000000000003,74.58617
6.987,14.568936
69.253,356.9637
30.12,104.19892
0.97,12.241336
0.8460000000000001,27.196316
8.747,90.8122
9.8,762.8792
68.78,88.0371
20.293,275.2215
9.446,37.41238
49.247,34.16314
71.354,518.90186
10.114,368.756
29.759999999999998,15.14527
11.326999999999998,35.775517
80.95000000000002,68.82391
30.013,365.28717
20.25,404.41022
19.83,453.6181
80.02999999999999,143.6594
0.403,3.9711492
14.617,161.92004
10.447,54.688686
22.58,199.74043
30.5,51.429657
0.393,53.474155
18.973000000000003,257.84055
0.25,38.232517
179.923,332.99652
0.263,364.82864
48.123,79.97091
9.634,42.112915
9.873,613.2314
498.876,1005.09265
10.12,69.893
218.96300000000002,127.17745
150.314,94.16988
10.09,137.83026
0.394,67.398415
29.677,56.34003
9.316,14.693324
675.73,1551.5021
0.424,59.581017
10.203,228.00084
1307.503,1419.3163
19.904,47.529263
20.034,70.95316
82.497,484.7032
0.394,32.805687
0.657,62.259468
9.634,137.094
32.093,212.49818
0.28,95.00339
16.66,15.284049
20.9,208.2946
10.943,13.915585
9.95,396.05707
10.686,43.842743
0.753,161.62213
10.073,48.646866
0.23699999999999996,199.10986
0.38,46.59252
27.947000000000003,53.901207
0.156,148.1884
20.857,554.67584
10.827000000000002,145.42757
61.02,235.78796
0.9070000000000001,49.022858
0.203,181.26813
9.897,72.192474
20.37,403.16135
79.77,38.368046
40.323,84.33773
1.046,59.202923
20.146,40.534866
5.823,216.6814
23.04,155.61475
0.076,66.52995
0.36,63.39119
0.377,44.051632
640.0340000000001,259.83664
5483.017,9482.6455
100.277,404.1189
69.98,373.72366
409.907,587.4751
1.61,4.9743886
18.413,103.320435
40.637,40.534866
19.943,76.166
170.34700000000004,555.04376
729.864,423.26022
160.323,379.32495
0.11,35.007698
30.043,214.28717
9.820000000000002,70.81431
920.033,788.31256
0.797,14.028377
1.623,65.33669
8.37,162.45341
19.873,141.85759
19.52,131.15291
50.007,96.95624
9.820000000000002,383.89624
20.103,53.97388
10.8,186.64932
0.03,13.799971
10.663,2.5387216
80.08,260.57843
0.47,15.936213
7.463,135.55513
10.29,36.20095
129.996,18.863068
0.123,5.0004067
20.11,32.01881
40.524,158.23277
20.403,35.935753
9.04,28.716827
11.634,287.73825
360.876,247.33769
39.497,1567.5697
79.983,243.0798
29.507,215.16719
769.393,1299.0071
109.33,575.9199
9.763,120.76071
100.46,648.386
0.127,18.543472
8.136,43.223007
489.954,72.481964
39.944,55.719334
29.07,437.82172
0.186,25.96316
49.797,110.438545
31.197,65.61551
0.063,33.5056
0.093,159.7737
12.436,14.386859
7.156,14.925896
0.04699999999999999,15.794427
1.733,107.07508
29.84,32.674633
0.04699999999999999,12.742161
1139.83,2283.7808
40.004,387.30118
10.85,59.10301
190.297,391.90353
9.03,36.56701
20.229999999999997,59.71817
19.18,148.409
19.283,49.386127
101.91,319.28418
401.796,207.90594
273.783,157.29344
0.017,77.73563
9.546,12.628422
0.017,18.310074
10.166999999999998,295.68484
10.31,90.95494
19.893,361.8355
8.127,45.501953
0.064,21.4275
89.73000000000002,127.22859
52.18,503.37076
1.13,435.59378
144.807,92.25162
22.954,2934.071
0.14,57.661556
9.777,396.4635
581.033,1214.72
9.544,17.996338
10.033,16.221058
29.63,762.14954
1.017,77.40881
10.88,38.320152
1.017,75.50989
7.9,17.425728
21.35,672.64325
19.953,458.79294
70.86,463.1815
30.267000000000003,477.11453
0.483,67.57579
5.77,79.05178
0.106,46.93234
0.877,66.301765
919.95,1341.5005
40.123,703.1814
6.187,70.36872
240.633,175.82523
149.843,570.1736
11.717,40.01597
1.013,21.196947
0.033,17.302681
9.137,212.7258
160.237,1114.1326
6.1,110.84908
0.123,17.318867
1.486,47.014614
19.256,77.82896
20.140000000000004,121.900215
8.673,39.755913
0.344,163.55643
11.08,65.02615
199.82,396.8298
9.717,146.42093
20.013,56.379883
2629.837,4854.005
0.093,14.286603
9.79,33.405346
8.934,78.018364
30.123,189.05624
0.046,15.091627
0.753,124.65848
77.913,44.776577
19.017,150.00803
19.623,14.325498
0.377,141.87836
50.044,71.04071
1.707,5.0200143
0.92,41.395782
390.17,885.589
260.873,141.48297
10.583,70.117355
11.633,194.76572
150.11399999999998,442.10312
40.343,596.55096
169.653,533.43384
19.783,53.0076
8.677,30.767952
8.0,48.392517
30.28,83.91201
49.523,146.749
9.88,14.20287
1.52,37.55313
50.187,685.2208
3.737,11.249556
8.814,555.90314
0.064,17.36757
20.300000000000004,637.0698
0.15299999999999997,13.730428
20.547,262.34198
19.597,283.0375
0.297,10.120931
0.05000000000000001,222.77028
9.657,71.75739
9.45,32.786716
20.127,623.1114
79.807,243.75586
30.11,94.55476
0.6729999999999999,86.09441
43.32,620.7097
11.05,69.52129
1.013,3.9566832
82.507,46.222713
291.1,575.2223
7.843,14.443813
0.513,230.64279
8.84,33.719086
0.03,25.958311
52.35,351.0545
19.867,93.17492
170.267,419.27402
10.403,928.9228
10.034,213.51208
9.954,108.62279
19.402999999999995,52.694683
1.08,396.29968
49.81000000000001,805.45386
49.017,64.81272
1.0,13.685377
305.627,2649.9521
7.63,32.35503
108.743,288.0698
0.046,60.715237
111.33,326.71176
10.26,25.958311
48.93,263.47806
409.023,1127.2268
19.843,1252.5472
0.033,47.274357
885.413,155.22728
0.04699999999999999,12.604125
980.007,229.57988
32.78,657.31354
39.38999999999999,17.443102
1190.263,127.08416
18.917,68.34133
12.837,443.24155
20.193,539.6371
103.65000000000002,118.246284
0.03,251.29094
0.097,10.54931
8.697,105.67211
20.7,58.813835
598.403,499.81415
186.387,536.92334
19.08,279.96707
0.594,63.446175
0.03,205.68854
453.75,545.11456
159.28,10.657681
21.023,101.8877
0.017,110.96034
9.61,4.0590525
20.463,33.025776
19.84,526.83026
56.8,228.17256
429.296,852.1925
110.05,298.49982
29.57,445.47897
10.26,73.908554
10.81,478.0051
0.693,15.143045
100.25,497.30826
209.124,212.01204
1.85,34.205856
9.794,149.10706
10.037,35.51544
9.767,9.909142
0.25,30.19662
133.85,1270.6636
1.374,56.754776
20.323,163.19656
10.477,10.120931
19.957,282.82968
18.487,24.066618
0.576,195.5517
10.81,8.450615
19.86,2237.4758
0.25,34.170414
141.3,1290.5066
223.58000000000004,203.07932
139.91,257.71027
0.267,55.227104
9.817,266.12833
0.483,57.67135
17.98,67.85687
19.853,63.13135
50.46300000000001,330.80487
190.92,766.8383
9.367,14.945731
9.143,40.404057
57.56,414.114
424.716,711.3596
52.027,314.12253
0.424,13.650637
189.16,592.58795
14.959999999999999,43.317497
10.72,45.809486
70.024,134.61966
156.24,613.44934
0.297,35.55106
10.173,130.7294
8.69,47.221752
0.187,38.286667
9.924000000000001,95.58487
8.966,51.210793
120.1,226.47104
0.14,48.546997
30.07,141.16751
8.033,61.09389
60.053,447.96658
0.39,13.137375
9.827,37.04888
55.379999999999995,368.43634
0.28,326.8475
9.417000000000002,61.24339
11.117,43.178333
0.14,240.71605
0.687,18.384487
1760.11,1375.0359
0.0,54.017944
109.24,91.808
106.723,160.72955
18.954,981.8138
9.924000000000001,120.76071
9.277,45.501953
9.064,93.15946
429.59600000000006,247.84068
6025.48,7685.626
20.953,182.15771
70.593,154.90982
9.473,18.241356
59.91,96.89703
9.75,37.210495
0.283,10.469175
8.65,69.35592
20.276,561.55396
159.866,349.06348
9.989999999999998,64.01501
0.013,46.465134
10.36,89.59669
0.6729999999999999,49.861134
0.14,17.994171
10.12,271.0846
1.5370000000000001,31.150303
9.713,32.073837
10.656,172.3149
9.303,24.352547
21.023,80.971436
29.813,33.26626
1.0,21.561438
0.797,9.225873
8.983,14.569964
39.136,9.297875
128.89,474.06226
0.563,13.760461
80.66999999999999,240.73087
10.464,84.33277
0.013,17.335085
250.123,204.21042
75.94599999999998,308.84756
150.17000000000002,292.7903
108.40000000000002,105.130356
29.71,123.871826
30.016,566.6632
801.01,320.4122
32.14,32.35503
983.696,1413.6587
9.083,79.40729
275.857,478.99582
1710.3,828.9033
170.146,579.07623
0.6069999999999999,40.722813
19.093,40.782078
8.627,62.23381
0.127,157.16556
0.204,57.661556
40.234,781.7788
30.207,617.20013
9.32,186.96944
40.326,345.65643
10.483,33.918087
39.88,112.4321
21.833,484.34363
8163.113000000001,1188.3641
10.22,47.45811
0.486,177.79091
140.027,130.1898
0.17,41.369534
0.046,34.03476
92.143,134.02036
19.976,41.606377
522.307,2891.7053
30.18,240.68866
59.763,31.842209
10.13,848.7865
529.88,83.91201
477.503,790.4946
20.777,188.12558
1.08,40.136044
8.62,41.537384
0.8359999999999999,14.105343
9.937,4.0002394
8.007,17.032457
10.733,183.54457
0.61,63.82834
10.06,80.25451
30.147,103.375656
49.68,1038.7775
0.157,32.102406
60.163,144.38603
10.46,16.67412
39.79,418.6734
0.097,47.55971
64.667,380.16116
284.096,129.80054
5.787,75.8936
0.07999999999999999,60.965122
10.377,541.3108
59.74,57.46109
70.236,189.6748
89.997,441.8218
0.957,112.85025
10.16,139.74492
9.626,8.6063385
0.296,58.411465
89.167,337.3189
4692.93,713.9205
0.15999999999999998,39.547123
38.293000000000006,447.58163
1.36,204.87299
50.61,106.22801
9.887,129.13614
10.06,111.25878
2302.17,1621.0868
7.69,61.99213
21.053,90.991905
1400.653,184.33113
90.23000000000002,229.37
19.890000000000004,209.5496
20.15,325.88098
19.87,113.16343
60.163,481.92902
9.909999999999998,44.13824
16.796,88.31788
0.263,48.7469
0.61,37.163013
11.013,319.65057
0.11,47.75555
40.624,994.4526
19.697,43.914326
9.893000000000002,30.414429
9.383,44.323845
9.567,13.361905
18.83,128.26479
630.85,374.88297
0.577,126.739685
160.317,83.2669
40.903,30.010395
0.567,89.5203
0.296,359.35397
9.9,33.75029
41.99,532.8489
0.15999999999999998,35.756947
1.22,439.95145
11.633,60.56108
9.943,68.327576
19.02,772.7395
7.724,97.03087
3.96,22.049696
0.723,57.898952
20.01,47.29007
119.693,720.47656
9.567,144.227
0.06,15.534585
249.267,341.8212
9.556,24.99988
20.054,53.949574
0.093,56.802086
9.757,56.653603
0.877,49.861485
19.79,12.654276
9.463,43.722466
119.59599999999999,327.10593
9.664,25.572187
29.427,141.21715
260.943,44.57526
0.04699999999999999,135.5539
8.04,79.14745
0.52,12.691909
18.8,560.7695
115.893,25.324974
150.937,604.9125
20.547,148.58008
0.763,14.364977
298.48,241.64479
10.303,196.4404
30.013,524.8602
9.457,405.34436
15.184,63.68679
12.283,3.985668
8.837,64.69528
30.043,64.52821
19.657,267.0904
10.16,183.4888
0.9429999999999998,38.115726
39.246,25.03153
60.096,205.63332
160.157,391.2507
8.943,104.90096
229.86000000000004,2096.3608
0.9070000000000001,362.36588
0.15299999999999997,264.3195
20.244000000000003,45.660763
20.827,22.134405
329.403,98.59838
30.0,15.747516
0.204,160.68498
59.527,525.52216
10.087,30.941448
0.43700000000000006,42.27571
79.14,615.24835
19.67,96.66377
10.326,40.460796
0.017,215.06168
11.05,61.153244
82.01,200.33461
138.623,488.22363
0.123,166.56787
9.240000000000002,79.79747
69.973,165.1863
19.943,211.92975
1.343,25.587032
23.953000000000003,85.68337
9.26,50.791725
78.897,312.13144
21.013,64.069115
0.356,17.367588
30.074,31.260649
0.017,21.795393
9.876,27.201931
8.747,75.53542
1.597,11.297234
0.144,67.85309
29.834,141.67389
39.98,164.97379
49.457,163.65413
1322.036,514.7397
219.947,579.8576
19.95,121.78446
8.117,13.829398
0.0,41.286682
1110.726,375.5186
49.97,62.899292
56.137,102.57089
20.21,63.146797
0.03,124.1334
10.166999999999998,23.682858
30.953,49.397747
238.75,420.87155
769.47,502.89603
9.63,119.07276
20.04,17.238012
241.146,386.73288
9.147,58.75235
10.09,41.070225
9.274,53.99311
0.343,70.81431
0.314,9.443576
0.8130000000000001,69.885086
9.86,59.799816
10.133,77.332954
328.916,394.35083
29.717,466.54944
28.024000000000004,66.64535
19.957,667.398
21.193,59.10259
1289.603,1745.1669
0.143,40.212482
8.2,55.797245
8.893,88.47448
7.946,57.501835
5.413,333.78583
9.03,16.760756
0.42,24.373732
9.457,44.17231
9.933,38.248116
29.743,171.06352
27.293999999999997,165.30983
19.707,289.4237
139.823,628.0097
0.42300000000000004,343.13315
0.017,163.43362
10.75,17.862118
9.773,67.85309
9.596,162.45331
108.563,234.38466
0.25,628.0139
128.92,459.50235
40.806,83.84546
90.493,186.78732
295.57,980.6886
1.033,33.719067
20.596,278.3124
40.004,185.73996
0.09399999999999999,327.57693
9.51,322.67325
8.323,141.42015
410.137,396.67712
50.707,786.1226
310.557,353.79813
0.583,117.61663
19.71,41.124744
0.034,58.39145
380.9200000000001,192.74118
9.1,14.059831
228.277,1406.9042
19.8,109.97109
27.563,231.13559
0.36,39.560726
0.093,1051.9614
0.046,35.33103
0.593,144.88657
20.56,150.27608
93.78,354.64462
69.54,480.6043
40.13,130.14899
21.177,990.7631
1.034,51.229794
0.046,35.64518
99.883,1567.1985
0.33,13.889011
10.037,495.38797
10.97,84.657
652.957,3696.7524
15.463,40.961605
39.9,279.33304
76.593,291.89362
17.87,149.37332
19.67,70.29438
49.21,188.63034
20.927,79.62771
29.02,123.78471
0.343,82.655846
90.37,264.81876
18.305999999999997,15.007793
0.033,12.913577
15.27,523.3353
19.88,150.48036
200.033,273.63275
9.497000000000002,25.690302
69.516,35.73379
207.254,751.9188
10.047,48.546997
640.104,532.3758
0.064,39.547123
18.46,66.461685
52.72,14.571381
0.317,183.6252
0.42,34.03476
160.524,297.5116
0.36,15.396894
90.234,124.21708
30.523,62.374905
0.046,39.62488
9.97,44.27263
36.133,599.0039
59.877,642.15216
1000.027,907.7943
8.887,59.045135
0.204,40.204205
600.45,319.0111
1556.21,1264.1991
4858.727,512.9727
2.43,21.168285
8.916,67.2935
8.99,63.39119
0.6399999999999999,37.55667
2146.017,2006.3157
0.203,75.667465
270.757,330.3837
12.75,139.13068
10.496,33.22137
60.204,732.73834
30.25,79.87496
49.53,681.83484
19.913,1317.7594
0.344,17.04549
49.01,192.65222
39.42,464.08914
89.027,27.382101
10.587,173.37503
9.853,63.326294
9.953,178.69461
0.656,70.23225
40.136,98.09486
0.253,48.088535
19.79,757.9209
10.033,67.464714
0.22,91.20389
89.327,93.0306
86.197,248.12804
19.337,407.5563
8.546,160.72139
829.94,266.08447
318.974,285.5088
20.38,54.942112
270.56,89.918015
11.717,14.973581
0.21599999999999997,366.06607
30.85,280.70813
0.717,41.76367
117.25,225.4304
9.896,142.74915
279.59,388.51614
99.773,107.20866
9.154,92.280235
0.737,16.55005
19.902999999999995,96.66295
0.077,36.48656
29.856999999999996,294.7217
19.343,458.24512
20.453,60.16032
29.95,154.68677
10.403,114.405594
19.94,1681.6461
9.643000000000002,451.02457
8.796,36.032074
41.534,211.53755
20.186,143.36942
8.477,209.86201
10.503,66.45099
0.483,62.240036
9.097,118.08846
15.257,188.38065
0.06,34.243313
2669.65,623.43555
230.05,228.53935
29.897,189.72144
0.203,40.009163
49.967,63.952667
60.22,308.63867
1100.19,1317.067
0.297,3.9422784
15.643999999999998,535.9372
169.993,208.88475
198.437,185.11559
1200.6070000000002,701.8026
0.11,63.58047
10.33,16.981827
19.844,69.05204
19.927,138.09535
0.296,130.76624
206.96,529.49146
0.44,32.207542
120.487,308.2575
19.647,369.05588
19.65,1497.597
0.296,61.594364
9.557,211.89307
773.163,1483.9955
10.103,53.676075
0.17400000000000002,105.108574
0.14,12.82759
619.603,594.7094
32.107,447.86612
50.306,38.70563
0.123,141.28116
10.47,194.86902
569.813,1678.9325
7.257,121.827065
50.466,1748.2511
158.567,559.731
30.047,333.3308
39.213,32.076374
0.5,34.746613
70.297,28.087603
19.22,554.67584
979.307,324.49374
158.797,218.81534
1.576,270.73386
19.947,215.77507
49.85,81.58569
8.82,23.205364
20.6,27.125616
0.20000000000000004,41.56716
50.203,190.63843
10.43,55.877216
5061.434000000001,564.72845
260.01,784.4742
20.217,142.62376
0.357,263.78094
449.60300000000007,185.06004
6.31,64.20214
9.827,1334.8416
18.983,51.60722
20.043,585.17456
49.216,225.7507
30.68,57.444237
120.613,127.80181
226.96699999999998,590.7081
88.67,121.405136
20.15,54.231388
10.907000000000002,37.730495
20.76,168.58269
9.533,12.604125
27.923,18.86295
12.083,178.13937
9.812999999999999,92.77322
10.216,153.39351
59.913,496.16556
20.573,277.72064
19.347,133.6965
15.68,162.55077
119.1,139.6804
10.217,30.999498
0.123,31.291374
59.937,117.27354
29.099999999999998,222.0329
90.53299999999999,167.81033
0.204,17.400131
252.48,264.78262
29.606,29.023426
10.12,1113.2336
29.48,506.18738
10.972999999999999,36.73181
97.943,272.99435
0.017,38.270638
0.39,13.037433
229.416,185.89066
71.3,524.86523
3079.167,1069.2736
19.123,62.79199
40.36,58.836353
19.844,251.579
0.33,62.50724
8.65,11.345113
18.444,329.89847
10.72,93.15946
29.81,53.06002
1.17,40.997307
21.313,64.26457
29.91,506.14877
961.33,1517.299
0.157,167.03757
230.454,28.393671
19.01,201.53479
51.6,198.11365
9.68,193.7448
410.4,257.4884
69.38,136.91238
51.263,68.32822
89.707,498.5091
50.557,111.675446
49.027,132.27219
9.834,186.73154
0.203,46.03437
60.327,226.03241
79.573,146.00511
40.237,182.77658
9.75,87.52319
110.69,210.76077
9.016,69.40103
9.853,126.232445
38.903,599.603
20.243,454.07492
0.407,13.365016
70.96,253.07893
9.72,18.434172
26.727,90.27552
19.096,714.69354
36.97,282.1628
0.077,13.508591
30.767000000000003,45.488964
0.61,31.07521
738.34,278.5818
11.09,16.591919
18.897,34.419308
9.12,46.977013
19.22,436.79868
8.634,215.78409
4.533,186.8867
19.494000000000003,41.77616
10.25,25.67174
19.846,110.68853
0.987,58.18268
9.873,202.2827
19.156,25.421513
19.08,46.089134
399.87,178.89636
681.653,573.5489
60.24,433.37643
150.27999999999997,266.14743
9.03,193.4058
0.0,116.58237
9.836999999999998,207.35207
110.973,225.67165
897.5229999999999,926.3642
20.867,450.38324
1.653,24.180378
9.313000000000002,9.742925
229.95,996.4711
10.613,54.10415
110.663,199.42305
8.42,30.710314
10.206,210.17801
0.7340000000000001,15.133386
0.14,13.710354
43.233,482.77548
9.633,73.82946
20.97,60.40646
90.497,100.45758
49.54,197.35944
0.06,43.64588
10.864,529.02686
409.713,107.56748
438.046,539.4925
0.093,11.249556
19.843,201.05136
9.51,47.462128
0.894,205.65807
0.123,11.797571
19.664,369.77472
8.093,21.585264
80.78300000000002,180.51099
30.287,206.51883
47.874,572.88245
19.152999999999995,561.4496
10.01,166.16118
159.584,896.7991
190.466,141.58292
0.33,5.0200143
0.88,87.81241
274.557,71.624855
0.313,53.93499
0.11,45.13141
9.694,186.27356
20.117,219.64395
0.173,221.36934
35.867,13.726571
10.623,40.69815
0.296,10.692906
38.963,198.33458
0.157,44.78177
0.077,44.705082
0.0,66.396484
9.673,111.28889
0.38,34.605633
70.547,54.673244
9.853,40.01597
2508.963,198.6933
89.28,39.609165
9.663,56.95525
0.377,162.38895
20.117,104.44527
0.407,98.05596
9.2,44.096745
10.066,20.23864
9.313000000000002,94.03682
20.107,66.00789
0.41,61.931778
39.077,68.23638
60.086,194.4653
19.897,496.70926
0.3,104.36593
314.747,1905.5999
0.53,50.963745
0.063,18.543472
19.233,339.9906
20.087,39.7322
9.773,99.05239
21.17,69.886185
1.094,13.749716
0.326,12.839851
4.933,576.7024
0.704,180.62213
99.817,63.724876
119.807,13.161849
1.143,21.48554
9.437,35.930054
10.46,447.17
18.453,18.359644
10.603,17.268293
650.117,1119.8947
79.63,148.73737
7.524,148.84766
0.17,146.12999
9.65,40.303265
3.934,24.608168
18.197,11.295231
0.317,92.22134
20.03,97.227165
0.313,237.70071
60.043,277.4367
0.20000000000000004,58.511402
29.4,215.55116
38.673,56.231853
17.067,50.791725
0.123,36.991814
1.094,305.66483
10.08,389.87457
9.667000000000002,63.026554
70.626,176.24759
289.933,316.44543
89.944,358.62625
0.593,13.771202
9.56,127.75638
9.846,53.87097
0.064,11.728992
19.414,32.660645
8.654,53.0076
10.047,26.242702
0.233,77.71298
11.023,13.492381
269.724,1479.4963
70.03,136.43373
81.20000000000002,507.61032
20.816,86.776245
190.40700000000004,272.01065
0.36700000000000005,14.15586
19.334000000000003,162.25346
0.8130000000000001,63.914104
690.066,312.89938
24.23,93.71298
19.997,212.48105
1.327,142.9443
24.527,101.42248
390.287,277.54303
9.857,15.595168
0.377,62.729992
39.37599999999999,345.58087
0.11,73.575745
29.427,32.727386
9.627,78.162155
40.266000000000005,185.29675
0.126,14.1568985
70.277,43.78159
60.476,46.240055
0.046,47.48015
38.9,1289.241
0.25,39.3962
9.027,14.053974
9.707,221.42368
9.68,38.778767
10.817,62.659172
9.316,64.76242
49.856,250.58357
10.223000000000003,39.506
9.88,19.774683
20.15,762.60535
68.096,432.35303
8.61,431.27835
0.0,58.58352
0.86,16.06512
0.11,70.79932
252.317,541.7385
20.65,189.65126
10.033,234.0606
0.04699999999999999,47.432144
2.553,24.88604
0.36,13.915585
0.04699999999999999,41.205635
0.473,13.875696
0.0,44.180805
8.107,44.649094
15.927,178.29982
18.652999999999995,520.8261
41.167,507.52866
0.046,68.3564
469.907,1121.4541
30.707,12.751234
89.73000000000002,258.55106
184.953,384.03586
35.836,258.5052
519.987,160.00572
0.393,53.18826
0.546,365.24026
11.284,68.32269
0.55,104.90096
9.236,37.356937
19.414,232.95595
0.186,13.053941
9.967,262.67477
19.316,193.0347
480.137,239.1297
19.156,67.42591
0.263,59.62545
20.133000000000003,22.601807
9.763,40.638927
7.477,591.137
9.977,14.819309
0.06,327.87775
10.25,242.69838
181.117,514.6204
19.987,39.819534
8.67,18.405151
71.037,36.109375
0.187,103.36868
230.647,45.173756
58.44,567.6021
340.057,107.90535
0.8460000000000001,109.78094
0.063,58.073284
49.484,186.97179
0.9530000000000001,42.56786
19.623,77.09429
839.793,371.5901
0.703,150.23326
0.11,190.4225
29.43,49.35975
125.81699999999998,1171.7883
8.087,62.781254
9.989999999999998,60.690968
141.727,214.12613
0.093,46.709183
30.873,55.744774
20.503,12.060657
29.22,44.34744
89.89700000000002,19.301714
9.454,22.846018
0.064,196.80478
130.45,488.79807
9.58,454.35834
19.996,796.3276
60.43,836.73126
0.797,32.9692
9.43,95.582886
1405.893,1820.1744
69.923,328.31906
0.89,114.04549
121.326,214.93456
20.337,1137.0276
849.26,70.300575
879.11,326.31256
2.49,39.3962
435.05,727.495
0.173,215.13873
2.143,54.522236
0.45,208.53932
9.447,25.587032
0.21599999999999997,457.72427
19.167,25.96316
100.63,17.751942
85.16,110.63688
20.1,40.343365
8.907,30.027258
1.033,141.8785
78.047,527.22095
0.876,37.283623
0.8130000000000001,14.496592
41.36,393.04373
50.71,142.8402
160.923,212.20966
129.636,33.908573
40.107,341.12677
9.003,169.64812
0.644,24.00939
10.016,77.594864
30.66,66.396484
135.013,208.82574
10.047,66.866905
9.553,41.851803
48.52,98.39033
9.15,443.01572
59.49,211.86949
10.667,37.857327
19.69,409.02072
9.803,30.366882
30.187,615.5552
10.21,109.11065
19.863,112.722916
9.989999999999998,372.63397
1.11,10.829432
9.627,41.069736
130.423,267.67072
39.843,243.12589
8.943,47.70621
0.14,4.9291735
8.997,76.29796
10.787,57.898037
19.38,539.97107
29.07,46.63195
19.917,509.1459
0.41,24.136093
0.47,14.057533
20.167,151.0745
70.3,267.59393
80.633,308.41995
8.663,37.78723
40.834,34.40988
1399.383,524.09924
10.562999999999999,424.8567
19.54,23.127863
1.19,68.58709
9.12,69.20293
284.04,371.82117
8.627,22.303143
270.917,89.63825
8.04,15.626545
20.152999999999995,74.3034
19.044,61.594364
10.17,232.77214
8.723,46.922443
20.164,101.26303
10.06,140.19292
29.69,281.77612
50.106,47.756668
75.997,152.87111
89.12,73.267006
60.083,808.0608
39.306999999999995,160.72215
10.13,14.326331
19.643,101.1668
10.143000000000002,76.29796
0.36,310.5252
19.703,175.4546
8.243,61.896587
10.703,45.62047
0.22,13.799971
0.093,39.618088
49.866,596.4161
10.153,509.69644
19.203,124.24182
0.83,211.92975
28.513,47.584885
79.95000000000002,272.45285
0.28,41.367878
49.697,92.25452
30.4,64.73259
1.267,31.85772
19.52,360.7332
470.124,144.71024
0.17,23.527536
0.687,22.11296
8.79,21.48554
8.837,150.11823
39.94,443.7056
650.177,536.9302
0.314,43.706146
30.223,1133.4436
29.746000000000002,83.31145
19.937,25.187674
0.327,51.926285
90.37,322.68588
750.073,905.8761
16.984,98.85657
109.78,49.48206
38.976,217.74445
7.436,60.9157
10.706,178.68622
28.136,101.986786
81.16999999999999,315.27713
0.017,46.529568
140.123,718.051
7.98,43.878864
1.393,57.2638
10.58,56.5226
38.72,167.00142
20.783,46.557457
20.103,338.29254
20.187,160.44873
20.03,37.485825
119.92,283.4798
360.943,279.21268
8.527,31.85772
0.017,57.258736
20.52,108.03307
332.68399999999997,808.6157
777.587,806.23065
4489.92,330.30716
0.03,56.44634
120.4,183.63231
168.08,873.87634
1.68,74.47152
191.187,415.7519
468.06,541.55347
0.643,188.43018
99.743,165.28392
29.6,200.77133
8.27,35.4619
109.153,289.04904
0.313,24.525959
9.667000000000002,45.04183
250.963,54.612858
41.156,274.76834
49.337,104.65087
70.023,1105.7443
0.313,41.930714
91.417,34.870464
8.884,40.460796
289.537,411.2345
9.433,18.370718
0.36,92.6747
9.513,22.601904
20.68,31.725048
34.556,226.64154
29.48,113.54472
39.26,175.0363
169.90000000000003,319.0214
1.74,192.14214
1.2799999999999998,14.375267
0.487,154.08148
9.266,59.35825
19.3,92.683685
20.229999999999997,1001.254
21.563,200.94147
19.263,457.473
185.91,217.79698
138.09,240.6823
19.46,59.23275
19.103,97.39601
9.657,48.49363
9.864,88.85779
8.173,10.293564
1040.39,337.17615
179.69,314.36057
0.156,125.72376
659.2470000000001,322.21497
19.727,27.485617
10.12,159.10123
9.45,59.725735
8.717,47.014614
10.547,37.104374
379.653,482.15817
0.03,14.131102
9.347,33.26626
9.71,40.24801
0.157,63.82834
2155.077,923.7107
789.697,133.91214
24.304,693.8879
18.914,38.582592
599.75,155.0075
8.353,42.264816
19.1,141.31712
70.564,201.44432
0.36,19.642752
12.923,9.560696
0.063,42.56784
49.673,339.78702
20.18,60.395535
11.547,15.612622
159.976,935.4029
19.93,13.712481
9.803,18.263172
10.08,9.487843
99.6,449.18085
1352.11,721.51715
0.063,14.338827
119.487,221.34436
20.31,79.14727
1.393,58.464157
10.963,15.117667
6.767,20.470997
285.947,286.51624
0.377,41.369534
20.17,45.40748
100.02,389.68604
19.933,35.930054
209.374,235.93472
19.964,589.17615
10.319999999999999,40.96158
0.14,70.208015
10.42,272.45285
18.99,161.85266
0.233,169.64812
19.59,88.37185
35.27,114.21432
0.107,11.682802
60.136,116.27775
0.37599999999999995,13.749716
29.764,49.128403
19.556,22.11296
9.476,212.59233
20.066,396.8298
0.283,62.868523
0.093,212.72116
39.027,14.887572
0.546,47.55971
450.09,369.13217
9.89,36.970284
79.027,30.280369
9.736,30.184767
20.826,223.18019
20.747,518.2334
199.927,138.83704
40.703,35.16916
9.04,31.3992
20.577,431.2782
9.873,77.211815
9.84,38.349766
9.614,116.39537
28.87,586.73804
9.482999999999999,390.65015
0.016,57.78011
437.013,177.87161
148.94599999999997,261.61658
500.846,286.9042
449.953,51.537327
180.01000000000002,86.28524
0.063,48.7469
0.11,13.735387
0.346,34.940353
0.343,189.14633
0.377,70.47172
0.187,560.2217
590.97,1111.3915
2067.83,5568.3564
619.763,2086.3892
30.19,40.68493
570.084,720.0466
418.873,115.7067
16.51,24.168533
20.27,70.31198
9.774,11.393186
9.833,50.479557
259.87,541.1321
72.25300000000001,219.17162
21.277,169.80731
20.79,143.66965
9.757,27.196316
9.413,67.595406
200.433,303.02063
9.94,43.223007
7.634,43.758083
2570.23,1986.1978
0.28,13.112294
9.14,24.168533
9.914,43.45936
110.42699999999999,352.86496
1.2799999999999998,38.85402
129.627,507.21942
30.437,133.84091
0.127,34.243313
0.563,64.17723
67.67,335.805
0.123,535.6676
10.116,182.09813
20.713,384.4849
1969.443,227.77849
1.614,15.534592
20.324,224.36423
9.924000000000001,75.50989
858.4170000000001,405.61993
109.05,139.37453
12.923,161.30063
0.187,11.881561
281.017,539.22363
8.783,37.50404
9.953,0.14180556
9.739999999999998,168.33794
8.1,232.4818
58.403,794.14233
10.94,105.20828
8.787,138.0012
69.023,188.52211
0.22,12.605196
0.36700000000000005,13.972677
1.13,106.34858
40.26,26.746737
0.04699999999999999,35.414413
9.636,251.95024
0.377,34.208206
39.459999999999994,70.117355
9.81,62.649296
10.164,60.347057
10.017,14.20287
20.557,26.47597
170.26,166.19618
100.083,380.05426
0.03,307.8628
19.617,856.86127
8.353,176.74974
18.95,197.5724
10.343,69.96605
180.027,67.032326
120.187,378.76575
29.973,69.9204
0.124,35.89076
0.123,39.825848
30.106,369.8329
0.03,47.70621
10.403,71.31724
8.026,52.462337
10.293,150.57991
9.157,14.508689
19.91,24.640503
0.593,50.256596
19.654,54.31061
19.877,39.006947
400.38,1405.7921
30.126,382.3831
22.12,505.864
0.937,13.3905525
9.493,59.045135
9.14,94.26211
928.573,300.8396
39.783,153.4039
0.03,120.41338
690.887,1028.1613
0.37599999999999995,16.53413
18.46,15.181286
0.394,15.586608
0.643,40.64649
21.69,44.761753
29.487,273.0409
39.083,585.17456
98.723,323.87744
29.696999999999996,206.21783
10.52,120.33365
0.457,41.14198
0.347,368.9698
0.046,13.413939
29.663000000000004,544.84265
0.17400000000000002,13.518634
660.196,287.9335
69.44,35.517677
10.943,45.61634
7.17,24.525959
49.767,146.18166
29.783,29.992767
10.566,140.5729
20.29,153.62196
19.154,61.325775
20.663,114.86261
60.503,395.41217
104.65000000000002,408.8028
60.213,71.839714
190.024,51.74736
10.106,70.4791
139.333,436.9177
282.46,66.28181
10.27,1.8004564
9.453,272.96713
39.917,577.9718
170.14,187.0985
18.897,5.302697
9.07,12.739751
22.2,153.2436
9.937,75.59232
39.36300000000001,145.16898
10.04,12.237495
40.554,322.32233
19.953,88.22651
0.39,24.82593
270.24,340.10608
269.314,107.45185
10.78,46.454983
1171.733,722.8523
9.797,55.486652
21.317,162.27873
0.14,65.89306
20.103,647.3761
50.1,49.86241
0.924,66.95226
9.374,97.6792
19.433,75.99739
99.68,96.85087
50.386,642.5724
419.747,1335.2614
3348.456,2347.0767
29.68,37.16982
109.55,91.1334
39.504,189.40904
611.147,104.18908
10.136,55.082527
80.84,861.70917
49.683,163.28078
20.096,118.83745
20.426,190.46289
7.676,4.935612
31.243,218.8597
241.07999999999998,1273.6208
38.813,124.57409
9.37,140.11743
10.297,110.96007
48.12,158.30319
40.653,325.64062
2510.4030000000002,445.29565
71.484,472.54584
101.717,63.837387
19.99,303.75208
389.667,25.806124
90.633,361.79932
150.28700000000003,225.09286
9.72,24.048243
18.483,137.17567
0.157,33.081062
9.513999999999998,65.99337
0.157,38.54988
370.163,349.84778
10.150000000000002,45.857338
3.706,137.67348
61.247,547.91254
40.013,252.67186
20.186,431.37024
9.947,297.57254
9.982999999999999,33.191868
728.98,1056.4086
10.734,162.25024
8.48,499.1382
9.732999999999999,32.221985
20.237000000000002,308.4707
8.933,42.354538
10.44,11.982415
17.627,15.079022
9.657,493.15286
11.176,170.63762
30.8,66.84982
13.957,15.429209
0.156,215.81274
11.96,39.512093
0.453,4.954961
16.033,97.355255
0.5,67.595406
11.013,116.7151
19.187,344.37933
0.11,38.582592
19.875999999999998,72.68557
60.66,59.194664
1519.697,3196.307
1.204,53.3252
20.34,211.89357
10.106,776.4199
211.303,858.0368
0.033,186.70425
50.367,67.69631
0.547,41.94852
10.404,22.11296
1.813,62.53738
9.937,338.29254
0.78,363.5951
31.64,94.34437
29.766,149.27332
134.11,648.1262
0.42300000000000004,187.71703
8.963,104.36593
9.329999999999998,461.1891
652.69,644.27783
553.227,859.26434
130.127,43.64237
0.326,57.46817
20.390000000000004,55.862984
60.089999999999996,36.358723
9.894,70.004265
190.543,114.70907
0.127,139.13321
0.296,22.274439
24.887,202.4923
456.083,740.74414
100.83,178.77959
1.363,283.90085
509.213,112.20868
10.234,130.39793
0.03,122.98485
369.883,1244.8722
0.14,104.36593
49.897,106.299706
49.927,174.67169
1326.9499999999998,3030.5837
39.986,31.20309
50.397,31.959827
49.887,206.69272
0.04699999999999999,58.468723
440.694,183.46524
69.703,439.88492
160.297,227.54071
10.63,123.37097
220.323,188.13727
9.409999999999998,11.7464485
40.026,411.91702
0.0,165.8112
10.87,13.053941
0.967,46.67512
199.32,103.65495
19.733,307.74545
0.42300000000000004,151.93396
39.796,2083.9392
120.886,683.1685
1.187,88.22651
10.096,46.02506
269.304,230.38437
1.5829999999999997,48.26382
20.897,52.58701
330.827,269.71466
0.236,15.96333
9.763999999999998,45.9579
299.807,107.97243
0.0,25.592535
0.233,34.368477
69.943,251.58554
1.133,48.13538
7.603,10.206881
28.973,37.91994
7.007,27.474253
9.84,61.112854
10.28,117.27237
9.747000000000002,43.983513
20.104,97.90937
49.517,58.029724
8.64,34.672337
91.154,566.96735
16.97,51.891823
8.45,57.12661
1.0,23.337563
8.47,114.32687
549.803,398.21857
39.743,164.81659
110.404,22.57907
0.03,34.4027
69.613,391.54688
10.163,118.23887
119.607,129.46667
50.033,491.94244
517.79,444.46735
20.74,48.866875
0.14,340.3294
0.53,143.7123
0.15299999999999997,335.4552
19.71,545.87537
19.55,190.802
0.017,81.21118
0.254,730.04834
9.623,59.045135
10.193,346.71936
10.22,72.192474
39.914,114.753204
10.513,203.48856
540.297,328.20593
140.06,58.232204
100.004,267.6596
32.72,42.662647
10.44,206.15349
0.07999999999999999,32.860558
0.58,34.419308
1409.214,528.4875
10.636000000000001,166.08183
0.19,75.07342
1.357,79.353455
19.244000000000003,212.2928
50.88000000000001,285.20834
51.82,640.7822
870.097,1701.0052
110.353,235.54346
70.017,39.02704
40.4,86.81681
7.536,73.908554
19.293,925.8839
19.003,1470.397
8.86,48.58193
120.1,334.16693
259.9,159.60284
153.98,482.0767
0.077,196.0942
110.22,136.01332
0.11400000000000002,77.63689
0.157,16.387522
0.357,38.764378
0.9530000000000001,186.76872
9.854,146.58945
0.47,29.971075
0.8000000000000002,35.346325
680.74,152.2808
21.85,81.47944
99.674,30.732126
16.303,16.874117
1.5370000000000001,70.54346
0.07999999999999999,39.825848
390.963,464.1099
628.993,311.25183
9.4,178.13937
0.016,58.061016
41.403,599.9095
0.22,44.475956
452.677,236.33559
8.367,172.71408
30.714,288.40033
10.383,55.65716
19.503,244.71655
99.673,223.3206
899.693,1046.0834
59.813,541.537
130.107,42.631104
10.783,103.26178
9.989999999999998,406.64206
9.97,34.739147
90.066,496.456
10.047,115.15303
59.597,49.17834
348.753,542.2985
0.984,9.425223
1188.647,507.12805
139.87,138.50902
109.713,1774.5271
9.77,168.06447
10.296,40.448887
1146.806,80.80588
60.093,54.974056
9.85,11.5847
49.696,121.24701
19.874,141.27713
0.327,31.057655
50.23,68.05838
40.9,389.83005
7009.08,1996.2507
18.886,31.788261
10.557,145.3266
0.0,381.75687
0.5,49.890938
65.807,501.05582
0.124,39.975945
40.156,182.84642
20.023,44.032166
20.187,51.60722
18.937,67.463974
60.602999999999994,1578.491
19.977,155.5094
49.534,455.74713
20.167,118.31903
20.0,87.723114
18.057,192.14214
623.893,979.6564
180.02,104.66062
10.070000000000002,60.765488
0.143,30.140076
410.003,242.16795
9.883,26.058064
49.983,197.82784
0.077,149.90802
172.78699999999998,376.02792
49.977,417.0149
0.14,58.355087
0.296,53.331676
29.259999999999998,166.06909
1799.4,449.77585
20.704,125.93497
0.0,21.369617
39.924,1071.8667
2.47,174.48642
1.25,51.627544
0.077,27.323753
80.037,81.246666
0.076,58.75235
1.157,50.963745
129.36,137.18976
39.693,62.07972
18.09,170.06468
18.756,32.288372
19.837,141.99397
8.023,36.202545
90.337,57.694805
0.217,123.03583
9.043,76.04457
8.906,40.88311
481.124,151.03421
9.977,62.61477
19.387,197.17046
1.42,10.829432
8.576,79.2518
60.513,16.603214
40.226,116.03267
9.036,57.227005
449.807,507.02097
20.457,169.3248
8.94,77.32318
49.973,184.60393
0.297,62.47656
16.2,203.36263
9.28,8.847058
129.963,454.2003
20.19,227.58167
7.857,543.13513
184.943,547.12933
20.017,123.744896
8.603,40.29065
1.064,9.455629
20.1,618.7447
21.02,44.93542
0.17,23.699825
21.710000000000004,154.61658
2459.4100000000003,1002.73254
48.863,114.04615
638.824,260.41812
0.8460000000000001,634.2875
0.09,73.62457
19.727,242.4679
21.217,218.41696
18.74,198.13196
66.227,398.9721
41.157,553.3014
110.16,447.01483
18.913,113.73423
355.463,170.63795
210.034,131.06476
370.707,673.86115
7.663,14.131102
90.26,140.18626
0.534,40.74621
7.656999999999999,136.2218
39.93,777.1077
0.05000000000000001,16.918352
80.25,34.987244
89.266,91.89107
9.98,47.944984
30.263,49.890938
7.743,137.094
0.25,21.02138
19.95,417.53998
13.677,461.411
0.014,35.14276
160.0,307.8421
8.8,39.030872
0.03,53.18826
5.833,207.99886
0.07999999999999999,16.193464
8.817,142.85075
19.58,24.35172
62.01,46.85134
400.207,487.48972
49.38000000000001,266.8644
129.684,356.3543
0.203,53.099594
13.423,65.099144
29.443,39.97707
10.543,359.63315
1.39,15.945543
0.25,103.99654
89.78,163.04669
330.12,263.44995
33.857,82.99788
46.606,384.2032
5.393,32.04686
11.503999999999998,97.203835
10.083,201.70277
9.02,68.28505
0.0,8.494821
739.5029999999999,300.75217
19.983,16.326353
40.163,185.97931
150.00300000000001,275.99243
0.7340000000000001,45.016792
10.767,49.983887
8.817,49.96084
0.063,12.554525
0.894,16.81529
356.64,423.1
0.217,246.75977
8.807,464.10492
2.024,39.334003
49.226000000000006,66.96058
40.0,54.587852
19.037,112.8231
20.293,288.67923
49.783,30.11101
19.523,133.62729
20.527,373.89548
9.583,140.3901
40.85000000000001,205.53563
199.84,636.1583
320.22,316.8091
0.314,18.06385
0.47,88.83074
21.02,245.99763
20.603,11.735478
780.227,505.793
0.0,96.43877
12.96,65.03249
0.5,23.093723
7.747,45.58316
19.287,68.02729
0.186,177.09598
71.567,171.07684
0.33,18.046906
0.0,126.78084
8.897,173.7609
30.054,559.43616
0.173,23.27135
9.067,52.103775
18.736,22.02206
0.14,315.0901
8.497,56.721733
4.127,90.44492
8.91,146.98468
8.26,4.029539
8.683,52.009068
700.113,92.75226
259.494,129.03996
79.577,484.71072
9.693,45.982075
19.933,212.4452
10.85,111.51045
120.064,260.7589
0.9070000000000001,129.74782
0.25,51.10565
1.187,1.5420141
9.9,619.62
50.123,141.7344
0.703,4.088786
50.15,57.87539
9.454,69.22098
0.187,35.964092
58.74,218.20032
20.094,139.08113
9.473,172.0722
408.964,247.81708
0.187,47.69508
13.223,42.937477
41.397,70.948364
169.05,369.55392
34.85,15.81014
0.04699999999999999,60.9157
19.34,55.243717
7.547,14.569964
79.86600000000001,186.78
0.22,133.81554
9.243,49.051533
9.97,406.11313
59.11,93.302185
8.967,5.099202
201.917,336.6343
75.72,363.01114
8.544,127.52572
51.303,183.27635
8.664,182.84972
7416.177,7411.2026
9.71,16.376045
39.72,91.26815
9.067,12.08369
19.463,126.49553
120.987,315.31912
19.663,105.914055
18.99,152.62274
39.726,83.71954
0.297,13.263351
0.11,12.707831
180.364,185.21396
10.487,78.47871
75.963,187.98944
11.284,25.868658
9.897,37.53201
429.647,639.92896
48.763,167.5986
1.02,327.5774
0.14,59.628685
898.94,1854.4916
0.42300000000000004,77.8656
2.314,93.18344
0.25,9.136664
108.14,286.999
0.03,232.95595
8.46,25.572187
9.953,68.722664
0.22,14.124058
19.843,688.3956
60.456,462.92657
109.943,31.7298
19.833,789.92584
126.36,295.18466
20.343,45.597446
18.693,551.89746
20.283,372.03958
139.807,396.63596
0.124,5.132569
20.593,30.618591
40.3,69.63727
0.11,25.587032
78.41999999999999,107.99425
96.477,646.578
20.15,16.874117
0.09,16.276333
30.247,502.85706
39.664,202.89777
1739.77,345.61282
25.01,162.10439
0.157,113.59517
1.39,59.045135
121.04300000000002,636.4913
980.69,415.55533
59.643,594.0829
1.83,46.67512
140.557,824.8123
9.47,93.96242
11.25,14.260572
0.33,77.03035
10.246,231.26422
10.274,75.64053
21.033,129.23022
39.643,416.62054
0.046,14.07964
14.867,472.14032
46.223,19.612394
1.11,30.278812
0.58,124.670334
1.91,44.858513
20.234,199.42305
19.657,110.8874
39.617,58.62135
100.02,655.11914
8.187,59.39362
19.874,287.23846
10.653,151.63931
194.916,56.895996
3050.137,499.71844
69.577,124.93901
180.27,27.752655
1.063,47.86158
58.327,670.5548
18.95,14.693892
19.72,199.07712
841.327,429.60617
10.78,15.744334
9.726,146.5704
59.28,716.54675
0.707,217.1566
9.953,151.67873
28.324,267.0426
9.76,1129.4985
70.51,36.717327
9.7,17.7227
556.837,610.7208
281.78,142.0101
1.064,10.783758
19.643,186.13165
0.53,97.05292
2.147,11.342981
70.427,314.4827
129.927,229.05206
8.77,476.52313
89.857,201.89287
90.36699999999999,158.66295
39.593,331.77792
20.82,270.23236
8.087,4.0368996
8.823,35.007698
30.752999999999997,22.46253
1.127,42.50544
19.113,15.548503
20.487000000000002,615.9014
161.027,57.76181
20.203,53.034107
1260.19,122.83029
19.287,39.67325
10.277,345.23312
49.307,39.739506
8.74,10.120931
150.367,765.16486
191.08,288.79236
59.606,230.20659
809.48,133.58337
19.457,271.0846
40.967,510.48843
0.107,757.9093
109.747,509.68375
31.853,43.729282
59.43599999999999,265.34454
25.014,17.504955
40.163,215.85957
79.5,51.09939
49.63000000000001,109.97731
0.0,82.20452
0.11,15.385808
19.594,70.85884
12.28,147.67897
11.32,165.24858
30.067,735.5899
0.017,23.396345
60.277,243.72154
380.346,33.52019
294.973,1339.7761
549.947,414.3959
119.26,231.62753
7.967,34.739147
10.257,63.854893
230.683,363.67682
10.387,14.39122
10.642999999999999,21.143263
139.92,444.379
170.717,865.5865
895.47,1013.3441
0.266,14.057533
9.277,83.01051
0.03,57.445496
0.507,47.853786
10.516,150.80943
9.95,54.6198
139.917,326.52234
0.69,351.6419
1238.69,989.1585
20.59,89.94192
19.473000000000003,224.97852
19.034,16.464592
350.503,780.3578
0.14,15.480302
6.987,46.67512
212.47,73.02187
57.757,92.920105
29.577,15.614081
1940.447,510.49017
0.03,196.95456
919.663,133.95338
0.04699999999999999,13.749716
40.28000000000001,217.23718
8.997,63.914104
28.563,102.005295
327.033,301.00085
8.157,15.172929
18.874,8.449505
0.643,76.233284
199.977,394.964
2.047,37.474144
0.534,43.296207
17.22,16.905354
7.117000000000001,56.82137
11.91,16.292662
19.057,80.169815
670.227,611.9028
10.08,122.06781
51.83,190.56943
138.267,259.1693
19.230000000000004,132.90352
3.353,16.193481
50.11,484.37527
10.04,9.11891
1.063,491.87054
8.32,156.75201
0.8000000000000002,63.15068
29.714,21.025589
21.91,18.735312
4.11,605.1001
100.27,98.97164
169.546,443.6074
240.234,100.28662
9.836999999999998,50.169434
260.193,1579.8827
94.237,189.62184
11.613,30.494379
0.016,234.35956
1291.29,305.58878
20.82,42.105648
0.43700000000000006,90.95494
17.653,25.212086
11.064,22.618595
0.013,35.007698
9.074,57.151535
2590.147,5353.461
13.74,74.5321
20.5,245.69899
0.09399999999999999,31.350079
40.316,679.26495
0.8130000000000001,15.614081
30.18,197.63155
9.88,101.60776
10.037,117.66791
19.866,183.3434
199.986,181.0082
150.28700000000003,521.18317
9.657,73.3152
20.527,230.40422
6.92,11.982187
30.07,421.1391
28.8,128.01033
9.167000000000002,55.308727
849.64,196.22282
260.053,532.1841
18.87,41.359398
9.8,96.519714
6.877,28.40593
0.14,18.409405
38.86,556.7513
9.684,74.34273
9.95,241.69257
201.02000000000004,599.51855
37.99,627.3766
10.807,48.088535
5.94,37.72572
220.843,204.69724
30.693,141.79965
460.07,178.20514
599.41,2664.0352
0.563,13.901027
58.42300000000001,106.70713
1.36,16.2577
0.77,67.5052
20.107,194.04407
0.31,10.250131
1162.854,884.907
9.916999999999998,33.75147
10.026,17.318867
39.16,490.03574
59.92,569.39435
1119.983,487.54367
41.74,8.847058
115.466,93.19859
9.85,13.864506
19.077,46.021614
0.173,4.022198
19.647,13.046851
5.35,638.2259
8.693,59.219105
279.717,126.25428
18.933,147.34819
134.093,348.6367
60.634,978.69037
23.007,590.4074
10.327000000000002,13.3878975
23.807000000000002,314.35696
39.683,43.5417
19.983,225.0668
21.187,43.361195
0.983,15.997041
0.407,38.36047
39.794,94.25233
0.127,17.04549
0.817,366.47937
0.063,187.86035
0.61,79.05178
18.83,36.16905
20.043,160.03587
0.19,77.71298
160.153,377.48627
8.973,44.06393
80.167,496.31638
8.946,34.368477
108.797,45.826813
11.583,37.19437
0.97,60.856445
63.934,49.03388
69.787,810.94867
99.556,33.776382
20.386,9.86733
50.063,102.751854
20.223000000000003,333.35587
20.067,8.719319
8.673,98.63291
8.67,42.982693
161.053,65.370514
9.356,47.462128
21.086,153.70258
10.373,79.04415
19.577,498.5274
89.833,82.56858
9.064,57.975376
0.064,161.38336
11.887,106.232506
6.713,209.57336
0.69,269.44928
229.79,421.90744
139.927,378.87338
9.383,543.6697
10.13,348.68542
450.237,191.1099
110.75999999999999,202.86086
30.89,52.811543
19.86,1067.7261
0.7670000000000001,57.78454
0.186,37.430443
8.517,166.06909
9.163,162.38895
59.827,95.20404
118.377,100.94632
0.534,24.168165
11.08,15.079022
9.72,15.350632
19.36,14.132167
0.14,13.926393
930.284,169.18047
20.5,336.57272
1.553,185.1117
10.297,52.570286
29.08,195.41911
119.676,299.70654
0.11,18.356628
16.647,60.738132
10.093,80.4995
429.987,1881.6722
1.237,1.4119633
12.513,37.469185
0.374,46.59252
19.417,390.20508
8.744,11.53593
17.503,83.74579
0.217,182.15756
90.483,109.571335
1.436,103.201904
128.7,247.99565
0.187,30.366882
0.093,51.933952
38.707,45.200603
70.013,266.46808
249.43,286.2477
10.467,18.543472
9.77,35.33103
0.127,41.54557
126.383,513.6937
10.107,165.67789
190.00999999999996,226.2017
0.016,17.504955
9.45,39.695972
70.77,480.22107
139.22,1076.3179
100.936,512.32526
2.72,39.859024
30.116,774.0465
9.984,516.47644
378.427,616.67163
21.824,69.1288
18.927,63.49874
0.623,160.97643
20.557,77.45397
579.6,368.42258
10.337,111.847176
10.116,5.006934
0.894,14.485642
22.736999999999995,218.21309
9.974,12.777827
9.974,122.858665
210.893,228.36159
20.123,66.77153
0.033,13.8359995
9.187,231.67993
9.253,215.21811
29.77,28.9716
2.14,55.616783
9.063000000000002,433.43076
39.677,212.27144
20.947,62.967842
19.397,37.199448
9.693,1274.7864
19.916,77.257195
29.974,299.01996
800.7299999999999,493.71393
8.237,60.97503
10.707,40.69815
91.13,68.17737
873.367,805.17926
9.127,114.04896
50.19,117.17117
21.993,258.46014
20.123,158.44217
9.037,189.26192
48.53,208.7928
20.16,66.811356
0.207,58.468723
20.114,252.66684
1201.18,814.7092
42.093,204.84251
48.734,78.73286
1.017,37.91127
30.22,419.47604
0.11,42.40098
11.97,103.209656
16.34,39.616425
0.076,10.738228
31.68,105.130356
1.503,149.97852
9.584,553.4121
0.063,24.580482
79.287,18.983107
18.914,508.48526
8.94,48.947674
8.68,11.1077385
269.93,1397.0902
42.23,397.37134
151.746,449.31506
160.71,298.38577
0.06,39.237484
11.343,44.849792
61.337,112.292984
0.093,17.270292
189.484,692.0784
21.357,488.39984
0.03,23.186615
258.977,207.5927
29.997,185.18855
0.067,204.82405
0.203,103.60026
60.089999999999996,1793.491
8.4,571.0498
19.715999999999998,54.6198
0.25,152.33745
175.613,3605.5796
28.963,402.9439
21.734,123.805016
0.81,40.562447
70.15,181.18057
10.193,407.94162
59.917,19.053696
0.187,426.87195
5.054,57.932148
49.53,186.8581
11.560000000000002,40.396626
38.81,59.210136
40.56,56.11559
1579.994,2518.559
40.047,15.126187
1890.203,127.174194
10.047,12.678896
19.837,362.82062
49.696,163.76237
9.907,15.7837715
702.09,137.21437
0.233,158.23505
10.277,96.76644
219.72,669.31396
0.427,59.733242
19.8,2259.3862
0.093,62.848858
59.667,78.70983
11.906999999999998,218.19638
20.027,454.49918
26.12,56.65006
9.707,200.99333
10.717,95.91827
69.7,201.31166
29.657,163.86589
35.023,121.58424
1.16,109.30593
0.723,58.23606
0.797,55.326523
20.743,161.71777
10.0,15.021491
291.353,1475.6842
0.11400000000000002,81.7457
0.694,15.963344
138.477,470.4076
19.777,151.22769
41.016000000000005,15.909112
49.843,1781.7701
0.25,18.097694
59.424,568.7276
9.997000000000002,54.688686
0.28,29.914944
0.17,31.72871
139.91,117.44363
8.924,18.017265
0.017,24.536415
0.15299999999999997,14.103056
152.02,24.135513
14.467,184.94225
1.83,70.71503
20.143,45.466854
37.073,769.49286
270.743,258.4373
18.713,98.74979
9.617,95.284035
19.457,165.42625
0.05000000000000001,45.39963
49.92,117.80009
26.4,485.32352
220.087,47.840324
7.863,23.265242
471.07,712.2775
0.487,43.457127
0.42300000000000004,46.186928
70.567,157.22311
10.097,396.9549
0.10000000000000002,447.50406
9.933,75.969086
14.057000000000002,329.94812
1358.163,146.94182
14.486,337.66473
0.5,35.898434
0.343,68.11137
89.68,403.16135
0.203,10.120931
0.063,46.003426
10.977,61.708
8.834,44.74342
8.68,177.44315
30.09,18.837465
86.926,231.2204
17.276,158.27994
19.253,28.035082
10.53,78.49687
9.044,108.042206
19.99,155.60825
29.884,379.8466
1539.457,19.845291
13.51,231.88956
81.21,674.8053
9.687,110.75801
0.83,31.900806
88.38,244.57762
18.374,51.10565
19.8,687.3413
6.017,44.33829
0.11,182.31902
39.117,1063.0565
59.857,238.91106
29.97,277.77713
4.52,70.23225
8.723,54.357746
8.69,35.075172
20.979999999999997,770.4513
1.157,18.482012
0.69,5.186411
108.257,80.56559
20.316,117.28435
9.953,282.33603
1.003,226.95583
10.61,52.823994
63.167,33.93089
0.187,60.715237
10.457,47.42151
20.407,187.04108
419.92299999999994,2862.7954
39.987,452.2039
488.60400000000004,127.98243
30.25,435.76556
0.016,53.66095
80.56000000000002,145.51501
19.737,183.54457
31.83,38.45749
20.873,15.876238
9.32,20.775417
0.31,65.33669
190.313,102.24666
30.16,272.95755
0.017,15.350632
9.156,61.4212
1.373,67.80818
0.07999999999999999,45.95066
29.893,207.28886
70.26,107.646286
149.71,386.1837
1428.007,657.90094
35.38,154.8409
10.914,130.58215
10.523,48.971245
70.497,1579.2346
161.207,456.67825
19.03,49.82683
9.843999999999998,39.317017
19.566,12.612591
30.416,91.925285
16.61,80.73843
3049.313,282.04736
9.017,41.205635
9.03,211.512
219.79,314.94397
0.04699999999999999,158.23505
869.99,168.1133
19.2,212.2481
0.123,138.58003
0.0,169.04439
469.92,2231.0654
10.213,63.39119
19.006,43.214073
107.893,367.12552
0.077,60.536697
11.013,137.03172
830.8,748.7127
1.127,25.642092
11.479999999999999,40.404057
0.06,4.0368996
0.11,180.2442
8.943,35.820267
19.97,33.969593
0.203,4.1112275
10.553000000000003,24.000502
50.239999999999995,1083.704
59.677,207.80934
350.01699999999994,266.05396
10.153,18.211283
0.484,32.164272
0.97,16.072361
150.24,46.93453
40.823,193.73111
0.326,8.6288185
1096.337,549.0568
1.297,14.871543
319.924,489.76605
9.096,12.75302
10.387,197.88603
110.196,429.07944
8.867,62.89983
59.769999999999996,804.8742
219.803,1734.0901
79.70000000000002,72.33612
829.82,763.70245
18.0,112.616844
915.327,90.52497
0.04699999999999999,25.508501
9.783,238.52303
142.203,283.82715
20.32,908.6709
10.09,114.94242
50.6,169.70306
600.073,158.07846
19.993,42.765194
68.75,599.0294
41.14,89.21648
0.0,178.48442
1.953,152.8825
0.077,11.297234
40.82,414.37732
5.17,47.77027
0.343,12.551086
0.28,23.15336
0.314,61.468025
19.937,211.74045
20.72,41.94847
1.317,175.4546
459.52,701.3065
21.32,137.11273
120.527,309.21185
15.097,165.33315
20.654000000000003,428.55704
0.127,60.590706
72.86,103.00707
10.074,432.94653
120.84,1841.7302
79.827,109.58352
70.507,280.9911
259.85,251.24689
10.217,73.11653
20.293,410.9927
0.04699999999999999,15.00938
0.923,35.123383
10.074,18.384487
0.203,14.819309
129.64,791.43445
52.05,581.7952
229.833,887.7919
0.487,15.09021
0.8000000000000002,40.28338
9.897,1055.4951
10.307,107.749504
229.75,282.38013
79.86299999999999,491.22833
710.89,357.59702
49.26,64.13283
0.377,49.23915
8.153,517.95105
9.427,52.990845
0.627,38.764378
118.753,205.3013
118.167,148.03566
9.173,212.59915
10.16,214.28717
0.564,68.11137
9.737,58.99292
9.313000000000002,154.08148
48.93,121.08405
10.423,14.402798
30.752999999999997,539.5108
9.06,44.28696
10.27,43.608482
0.783,36.372154
299.99,1734.552
9.55,26.627829
38.486,103.97854
0.407,25.508537
1.407,96.45106
9.63,940.1388
59.457,578.85876
39.18,105.788025
62.467,126.26022
39.687,59.892387
19.347,114.20369
110.04000000000002,1443.9783
26.603,277.9807
100.253,223.52924
0.157,30.87564
39.896,561.00183
109.743,155.8396
420.02,359.96545
20.18,34.62912
209.85000000000002,1218.6486
251.46,325.98636
20.567,100.35974
2883.2999999999997,1292.625
10.62,246.75986
3675.443,79.554344
601.0269999999999,1136.1426
40.007,29.108177
2310.4700000000003,1131.3875
128.086,505.864
9.947,16.053839
0.127,38.248116
143.2,140.502
201.013,227.9358
79.84,400.65277
589.1199999999999,2270.862
10.097,296.72864
10.577000000000002,37.239944
0.343,115.386284
0.22,14.39122
278.627,63.684578
39.37,177.20375
10.03,362.36588
0.25,40.902
981.187,1016.06036
40.72,131.09871
19.21,38.90669
97.723,148.10349
0.097,20.84436
19.767,123.80107
28.932999999999996,519.14905
18.486,116.03452
74.69,647.87036
0.657,62.257015
0.17400000000000002,136.97041
9.426,36.477962
9.659999999999998,152.57751
20.283,55.719334
10.144,274.19116
1.44,156.43547
0.347,144.37218
20.127,62.90612
10.28,50.234165
9.96,38.064068
40.24,28.113844
10.163,192.01369
10.477,103.741585
19.92,68.44658
4.26,179.45853
9.482999999999999,37.283623
1349.477,1631.2402
340.723,306.269
0.31,61.090458
31.446,122.86135
29.24,184.44305
420.12,729.90375
59.907,174.56377
9.81,413.22037
8.797,57.512268
8.98,116.82894
19.686,339.9848
10.13,233.20929
30.186,159.3905
581.743,52.529255
10.287,13.851239
37.88,33.849144
8.557,18.647879
8.887,43.87665
89.833,228.8341
30.28,721.6126
20.67,29.635883
1367.52,915.47815
10.37,63.933186
0.15299999999999997,124.670334
0.344,47.014614
3.11,71.07057
38.957,80.47307
9.576,189.1088
0.863,22.872118
0.0,40.64649
11.8,219.26509
9.243,528.59155
0.127,14.624779
9.63,139.10042
0.49,12.629725
19.833,73.63606
0.236,136.84593
9.79,33.921093
225.16,613.25635
0.927,70.01505
0.03,31.685867
9.45,61.272373
0.03,197.1222
0.19,43.02536
159.853,468.0442
0.14,336.6233
300.087,416.6956
19.72,2.5106592
0.23699999999999996,56.721733
9.534,70.11285
29.823,45.516426
0.377,38.778767
11.399999999999999,63.10942
39.027,552.94604
0.157,63.211845
19.773,130.30634
0.033,143.12257
159.817,360.00494
9.43,21.199858
19.693,110.652534
20.057,442.09454
19.47,57.78011
21.2,15.284049
8.12,14.243686
9.65,51.739525
510.987,218.41815
0.0,360.0044
2412.18,2111.898
0.373,113.82726
19.577,62.55132
18.747,52.293667
22.92,186.54
889.696,353.98804
10.183,52.462337
0.06,13.635536
39.653,487.6684
10.037,168.63086
39.72299999999999,233.46889
73.463,118.42278
9.14,232.8138
20.333,288.83264
89.814,109.738365
18.157,201.02441
10.293,24.490963
20.06,166.28473
9.897,12.802702
9.73,70.34471
130.276,372.14288
139.213,1285.133
10.04,36.90833
0.75,17.154564
18.613,30.253273
7.46,29.852243
0.487,80.31444
8.66,113.59517
0.61,208.49776
269.293,808.8748
9.783,12.802702
40.013,198.29463
9.76,148.79424
0.623,144.62921
9.193,162.7254
30.13,79.299034
60.816,312.7355
0.173,14.005444
30.124,148.26665
0.454,12.777827
10.053,31.515347
109.643,130.6616
9.240000000000002,14.243686
60.154,204.10484
0.04699999999999999,70.58872
8.634,213.33945
40.047,222.71048
0.04699999999999999,3.9639163
10.493,57.661556
0.22,38.20299
198.227,70.65777
19.890000000000004,146.20508
29.743,546.7133
0.427,13.864506
9.293,21.836647
20.25,148.45355
0.03,56.83837
0.517,25.871153
10.617,77.497116
0.017,44.36188
9.307,322.75085
340.80000000000007,152.03496
60.513,23.95498
269.953,1093.2783
0.217,35.007698
19.833,427.8051
19.83,23.657286
20.646,257.83258
140.103,183.61313
1.74,166.56787
8.954,54.028187
19.243,555.0567
9.9,337.99155
8.92,90.8122
0.203,28.4664
202.57399999999998,66.14962
8.86,67.40621
8.903,205.34654
8.823,35.688183
0.33,323.4036
20.140000000000004,1111.719
20.234,77.30078
49.813,125.132645
20.02,184.45346
24.253,58.813835
39.683,126.29779
80.8,140.85658
19.684,108.8489
39.883,571.8418
19.687,58.061016
209.097,302.16144
21.203,86.98471
19.729999999999997,12.962979
29.63,144.82204
1930.007,1242.4545
9.937,42.966496
0.296,22.684504
0.157,24.407183
20.017,39.006947
20.35,172.82166
39.747,462.11707
0.283,18.468266
9.86,333.04123
8.926,44.705082
9.743,36.102863
38.53000000000001,342.5245
0.034,173.66228
219.973,540.8487
0.47,15.16504
3.24,219.45395
10.153,464.55853
9.659999999999998,71.68194
39.13,217.3204
0.296,42.45488
29.5,43.31421
330.86,317.39557
0.0,142.50919
20.124,16.348219
220.346,397.86108
20.0,136.67429
9.487,188.43018
147.71,168.97284
8.947,39.651215
581.43,4596.063
19.937,280.1948
19.773,175.13144
139.877,290.33298
19.893,2.5340245
20.97,23.050888
70.363,32.795326
19.327,136.38719
9.9,113.03881
39.653,348.80957
0.046,43.805073
8.82,18.991077
189.963,129.9008
10.064,15.29487
0.043,109.23773
9.713,43.384995
30.41,33.706364
40.246,437.53592
9.127,10.250131
20.037,15.694
29.9,20.051567
0.0,543.31604
80.633,24.51977
20.51,45.453426
156.866,495.33276
0.517,24.477018
72.717,816.12085
30.22,60.55059
29.75,111.194756
108.48,71.93804
59.937,184.6141
9.732999999999999,45.317257
72.42000000000002,493.72156
250.183,271.32166
9.94,30.549072
0.296,46.63899
9.25,14.44632
0.22,10.381004
150.25,281.18674
19.163,21.748642
50.89,382.49554
0.44,17.92913
51.177,28.35161
0.533,214.55685
9.613,133.81554
20.044,49.042885
13.263,92.25652
20.487000000000002,518.16296
50.46300000000001,68.4443
100.7,234.68689
50.063,537.5416
0.016,31.814686
59.6,150.25728
130.527,29.602552
9.193,13.091693
0.11,498.9694
8.807,167.30911
9.55,136.70383
659.297,184.85417
79.497,268.51468
19.857,51.340714
80.303,227.63649
70.623,178.25436
49.93,63.080997
20.447,356.2355
9.807,399.07602
11.1,145.5986
60.064,174.6526
38.803,39.401585
19.819999999999997,278.0935
89.213,227.66959
5.586,57.072407
10.103,130.74586
9.617,170.47928
0.173,69.76238
11.52,255.23608
21.027,50.877804
0.254,17.89558
29.24,52.947845
9.909999999999998,76.95605
207.16,67.20305
0.033,45.114853
50.447,131.09517
11.49,54.61999
39.62599999999999,16.830784
200.796,631.77496
29.203,420.36853
148.793,278.30188
0.207,60.342136
599.91,182.39973
158.713,787.48627
19.907,134.82741
4.277,226.37296
39.86300000000001,329.76804
190.81,597.0731
8.983,29.803026
539.837,166.15897
40.364,378.3152
30.919999999999998,131.22578
10.373,46.61731
69.97,835.1233
20.854,130.23323
59.68,380.24442
1.447,932.5264
19.003,71.68194
19.083,92.07985
10.397,40.304913
9.633,8.835309
121.03,431.01785
0.717,158.25525
91.097,61.277775
0.19,56.350857
12.837,58.641087
29.56,100.92146
1220.24,690.3112
8.707,35.25724
35.544,21.139654
188.506,2264.7368
0.204,149.9973
9.963,150.42334
0.22,110.315895
19.997,34.075417
10.816,50.14298
228.75,111.12435
18.53,410.2724
48.517,89.56997
40.01700000000001,98.335365
9.924000000000001,13.314084
50.103,348.1729
0.0,13.926393
20.49,398.31137
19.99,31.725048
0.17,114.60927
29.74,136.05676
0.36,76.50432
1.2799999999999998,177.44315
0.22,42.320698
9.3,4.096252
0.37599999999999995,40.385242
20.106,417.66977
9.823,47.23646
12.277,96.629295
299.413,488.08972
20.93,248.59717
0.533,30.064762
40.013,76.96026
50.42,146.46532
10.267,133.1239
68.834,270.64523
1.11,366.8935
19.614,95.35675
1.017,12.839851
0.513,13.361905
879.8599999999999,6368.8413
89.906,227.60603
10.02,9.825694
0.5,42.023087
10.204,16.387522
81.786,454.0824
0.187,72.796745
0.04699999999999999,14.234569
69.946,447.12564
109.467,333.14767
19.103,186.14838
269.96,633.9662
91.336,68.1134
79.85,87.23844
1.173,39.923725
229.74,187.21214
9.057,47.29007
20.103,172.44992
8.72,176.74974
180.88,40.97481
1.677,30.82023
0.8000000000000002,15.331652
180.073,282.92435
19.2,131.35797
480.063,222.22314
4.737,37.649673
0.04699999999999999,13.875696
20.947,148.84766
131.35,48.237324
19.0,42.105183
140.21,516.643
29.88,43.950542
0.296,42.85673
9.503,20.186344
0.283,68.96684
39.073,47.11687
19.293,81.67688
27.87,413.19348
110.07,294.6538
36.303,573.33386
70.15,486.18936
0.043,5.186411
2.396,16.017778
46.783,30.31299
10.087,218.38861
411.25300000000004,551.17236
9.103,14.1463
19.390000000000004,448.48578
20.983,5.0200143
1739.756,2484.6667
3.263,110.028305
19.12,557.8358
159.55699999999996,583.622
49.587,708.09845
20.26,147.90033
409.624,603.31604
9.86,138.58748
171.163,1064.081
510.87,13.096667
9.017,67.66176
0.11,43.63321
18.423999999999996,84.083336
9.1,143.12257
9.32,53.378788
8.677,802.18555
0.204,44.6286
19.797,135.11694
8.534,408.8198
40.067,265.37088
39.633,96.27095
0.03,58.641087
0.093,57.189747
18.606,69.3478
10.08,17.873144
30.133,105.70849
9.747000000000002,50.865788
160.01,183.25787
9.11,192.0074
20.617,183.90512
17.22,66.23348
20.5,189.64946
9.42,93.2055
0.374,89.61344
471.107,1228.0477
9.954,95.00339
20.46,96.2846
20.187,103.40104
122.926,197.6763
109.933,100.82428
210.277,485.76846
0.077,45.737686
0.8460000000000001,142.68889
20.7,83.08571
22.22,22.7621
288.576,1756.2523
59.93,41.19083
40.376999999999995,117.33799
9.36,37.63065
29.953,15.143066
49.703,31.2545
0.07999999999999999,25.411652
9.303,43.361973
18.79,157.3678
0.064,14.817732
19.527,1115.7981
21.023,168.85585
120.0,66.94334
9.59,37.284107
8.983,60.03303
151.31,60.456516
9.857,40.343365
1.64,15.9186325
59.7,264.01483
9.603,15.600489
289.57,165.67075
260.0,517.4115
411.19,206.91443
160.363,367.44534
8.267,15.7837715
0.127,374.50058
290.623,906.94916
11.82,55.12574
0.016,68.06778
0.86,142.50919
110.413,695.46716
0.903,5.1728973
130.143,200.66377
19.913,1210.7786
9.977,15.534592
0.344,163.5133
19.977,107.38853
29.733,135.05904
0.61,268.68747
0.49,39.64602
630.05,616.01996
18.913,1144.229
9.237,264.2679
29.0,3958.1626
11.552999999999999,41.25055
69.634,139.13068
0.19,53.771755
10.547,46.237312
171.217,559.87854
0.25,78.80485
19.92,174.14482
9.773,33.282455
209.99,825.37726
240.184,341.59027
0.22,154.77847
19.37,668.4449
