actual,predicted
872.8459999999999,397.8494
9.977,207.8531
119.543,212.59734
9.823,143.7718
361.157,134.95302
20.816,237.11263
110.124,755.03784
48.793000000000006,112.23054
9.963,81.98961
8457.993,924.4541
4394.09,1516.8087
20.154,181.33124
0.063,209.92336
91.74,344.747
19.84,135.23288
8.687,30.165531
180.487,251.45438
20.224000000000004,129.61906
920.293,165.60283
560.44,348.64743
10.127,283.43054
30.433,1585.9379
542.497,379.70535
17.267,104.837944
119.373,155.17157
170.907,190.61504
19.477,171.07808
0.017,155.97624
9.037,121.87212
21.37,229.14406
21.433,81.27604
49.347,286.24643
391.15000000000003,640.5178
15695.707,1682.6128
9.69,169.7237
380.09,861.73987
11.304,266.61224
89.37000000000002,128.17332
19.78,909.88855
39.186,231.19707
20.51,138.35704
39.527,175.50215
18.593,517.9209
139.27,152.12173
20.164,292.01605
438.463,234.65996
30.704,110.447525
1230.414,388.63028
118.513,154.34486
1778.424,593.8631
130.25,140.95752
190.243,154.9336
49.64999999999999,136.00563
700.166,3543.8352
60.464,240.85295
8.423,138.03181
93.263,328.01337
189.966,442.79623
1631.353,1925.1663
10.587,148.139
69.664,140.325
998.1770000000001,433.44925
130.107,217.29468
2391.84,660.0281
20.233000000000004,153.96964
30.18,39.150482
59.76,147.85643
10.26,147.94469
169.08,107.937744
13.183,214.63417
5.39,400.7304
86.866,60.444347
107.123,99.45311
0.40700000000000003,518.63495
9.51,11.274201
40.907,226.08485
9.09,113.7501
300.56,210.46654
425.51,158.66478
49.873,304.85162
1379.317,375.03833
320.24,439.0687
8.98,170.65585
50.95000000000001,210.03694
0.42399999999999993,266.81705
21.1,98.23907
49.644,164.40337
254.803,221.57526
50.133,196.16762
320.777,305.2267
10.127,284.11533
188.25000000000003,355.76895
219.45999999999998,142.56813
200.157,126.77455
1.064,102.67052
19.047,134.6842
11.263,70.7072
19.703,233.41539
59.907000000000004,379.16092
129.51,99.52968
0.08,91.828125
39.883,293.58676
119.796,147.66469
1029.603,2620.8076
159.9,210.21191
9.817,60.372696
11.09,194.81923
68.983,124.15767
181.507,172.01387
20.947,119.390724
0.046,49.28602
61.533,566.91205
1.283,168.30647
129.223,104.702805
20.583000000000002,169.5246
8.963,117.25753
96.57300000000001,119.287605
19.784,204.00389
60.416,376.60205
10.243000000000002,440.98175
39.167,50.929832
151.207,136.74086
39.993,130.4794
1740.9,1181.9186
12198.443,387.5151
150.316,304.92493
24.037,157.49953
20.333999999999996,97.96322
40.644,149.21758
260.15,165.4639
9.39,177.17006
249.956,451.26477
10.493,105.97112
79.934,208.2105
20.083,226.41264
2.093,118.42096
19.82,466.7998
22.597,759.78845
281.563,367.62613
2161.166,124.15984
10.800000000000002,560.3719
342.81,340.70325
5.219999999999999,233.19385
100.707,341.51392
199.22,128.9584
129.08,222.34074
337.543,185.19412
9.99,132.18481
0.31600000000000006,29.592009
190.837,235.32936
1.417,498.71527
9.034,177.1812
16.453,60.452267
60.00299999999999,166.00377
110.564,97.51492
19.36,113.29318
6.22,46.404945
98.383,173.10481
7.873,233.98895
110.074,161.96347
329.98,117.06195
27.493,148.89517
527.796,1082.7032
1060.02,282.74014
29.656,960.83826
67.16,378.83206
20.063,205.94563
646.79,325.8909
70.557,463.4488
41.129999999999995,150.0346
44.683,190.35764
19.266,123.23421
0.0,60.44469
21.957,104.36304
28.497,133.36417
270.236,22.78972
29.839999999999996,109.08623
39.467,55.376453
959.3899999999999,204.29391
99.41,334.02216
29.807,371.56512
18.597,463.5484
10.293,403.7064
9.823,638.339
217.00299999999996,1055.1111
5719.9529999999995,2518.9976
279.35,134.41524
60.31,132.10542
2340.9,475.56384
689.637,149.59352
1612.584,202.38496
9.976,172.99829
189.957,276.2221
0.267,358.83725
0.04700000000000001,827.5904
919.064,244.25743
190.05699999999996,265.82532
20.843,45.573837
0.58,108.301865
20.134,107.52189
10.707,257.36932
11.529999999999998,309.99976
0.5,125.991356
9.19,603.30005
9.88,110.04498
210.403,147.6825
7.82,279.9968
17.754,195.49756
29.41,517.23663
9.653,365.17017
0.25,54.356453
505.53,889.5276
31.036000000000005,372.62518
29.9,138.35019
41.604,174.50874
89.993,124.416824
10.216999999999999,405.4983
1903.967,255.88632
139.68,155.55008
10.110000000000001,145.86084
0.156,211.27554
4.82,138.96095
20.06,221.6897
290.813,687.92816
409.797,379.74664
2207.68,1416.8262
15.633,388.9241
1.39,165.04866
3273.5829999999996,408.19934
8.317,108.301865
10.48,211.94409
409.483,141.91383
210.833,1180.1101
240.33,56.741756
11.097,391.1778
139.58,419.44644
372.167,238.58617
69.897,148.8482
10.197,179.29327
49.779999999999994,774.528
160.113,170.31155
500.763,689.54016
238.237,352.74194
389.6,4617.263
79.977,248.7998
70.793,146.34027
19.826,110.721504
20.004,182.91101
30.054000000000002,400.5121
0.127,238.61261
191.05,232.51926
20.51,190.16818
11.05,137.75198
30.06,148.4977
679.986,1043.3477
469.94,275.1292
18.66,164.94832
80.027,1460.4805
91.08,469.96326
159.82,736.5003
561.33,106.97376
11.824,189.98613
59.893,169.90735
120.153,208.39085
340.37,948.7313
0.32999999999999996,107.65905
39.523,169.8594
20.44,499.02383
19.457,167.48004
1259.513,123.551735
578.137,315.0801
19.736,95.59836
2661.07,1406.1572
19.28,141.35072
28.194,88.860535
639.807,445.07635
160.277,1054.212
10.38,412.59534
10.007,209.90338
131.22,174.9546
28.914,239.1198
251.047,461.49243
10.354,169.8594
200.01,215.28102
248.883,257.71432
17.743,67.472534
712.127,8155.6606
439.4769999999999,307.83447
24.233,391.98227
69.12,248.21654
18.6,68.28059
30.157,48.645504
119.757,451.62955
182.983,137.69191
159.92,327.12747
0.423,10.235586
119.627,240.9274
39.937,181.94287
642.077,102.46152
19.033,255.22728
260.15,143.85703
119.51700000000001,234.78606
550.143,359.69855
478.997,182.34528
230.216,212.52017
39.99,119.77124
849.333,384.25885
40.3,121.620224
30.123999999999995,134.81439
0.954,92.438896
17.643,246.48825
0.296,103.64753
58.737,149.35477
19.096,177.41743
0.436,68.137634
70.88,149.67857
139.813,131.28746
1769.8529999999998,906.99225
20.106999999999996,410.95935
33.863,424.4509
18.836,181.78549
11.237000000000002,293.77585
17.583,189.19026
1120.287,470.30344
2079.033,2167.123
8.74,99.23695
91.786,139.51228
11.027,883.9837
3451.257,794.99744
385.554,301.65894
11.124,60.444347
90.377,185.75893
139.97,183.76906
0.22,299.41138
111.397,894.20746
11.07,263.4445
40.117,408.377
20.51,2459.2969
399.807,250.45628
21.027,180.43129
3458.747,645.9714
180.347,1040.5359
69.023,412.74258
12104.517,1582.9391
29.737,520.696
2689.534,90.74756
460.1600000000001,268.63672
19.797,119.12619
651.417,279.22623
40.333,176.13516
20.257,219.94827
50.13,156.01942
19.43,122.37108
39.627,262.00375
29.78,224.6939
49.63,135.21577
376.093,399.59647
176.886,99.53655
20.114,372.00378
919.153,961.5953
2899.23,538.3076
204.567,84.96344
2170.213,1705.7571
19.49,212.8167
71.97,148.10355
50.21,192.02698
10.753,242.03465
17.283,109.01684
9.593,192.23471
1310.25,923.35077
230.08000000000004,472.33673
9.99,405.97025
30.177,160.80157
19.853,191.32573
1742.57,2538.0847
11.024,190.04979
172.167,321.117
730.01,151.10442
99.85,3516.7908
103.436,1530.1505
410.09399999999994,147.54134
29.86,154.58858
0.45299999999999996,174.94165
19.517,116.66243
150.517,509.36383
21.37,474.83505
130.483,173.94785
19.606,54.73069
90.184,475.30618
2081.967,2052.337
50.137,212.829
1564.867,1186.6736
50.14,22.668985
19.79,318.30032
9.84,208.97238
139.337,313.36234
19.75,250.27165
29.85,60.387005
242.17400000000004,248.24371
19.33,328.54074
42.48,390.91995
250.80999999999997,311.54617
18.996,367.23514
9.506,169.20209
899.683,395.53006
19.96,108.796104
9.47,231.37602
208.97999999999996,794.60944
9.657,129.44406
28.673,104.122215
60.053,383.85648
0.034,176.12086
209.67,294.88202
139.333,153.95712
170.374,114.408005
0.127,30.165503
20.17,167.00261
350.6329999999999,413.36435
19.66,342.93643
2.02,131.37343
980.5,198.22675
119.977,423.44397
100.15,389.64194
460.883,363.2239
1437.996,298.72733
0.033,198.66177
40.253,138.87836
0.843,212.37312
8.826,117.170265
100.62,152.40392
20.173,315.39053
2299.457,244.3643
5730.904,1387.543
10.057,172.74628
389.706,490.13052
1.55,116.99473
18.894,313.5753
29.896999999999995,50.913254
530.506,1484.2827
20.386000000000003,326.6239
39.796,168.31374
87.85,339.6033
210.257,132.43625
60.933,236.13136
130.627,171.78114
10.84,145.07657
18.983,45.58553
5.219999999999999,123.44599
279.937,143.85324
10.967,180.41142
930.223,338.2569
169.824,132.35959
311.127,420.95587
269.54,438.40158
271.337,368.65173
19.457,370.946
19.984,186.13115
2915.973,2326.3103
41.233,478.09576
710.34,122.55458
2093.73,1991.9686
15.673,119.377884
9.813,121.93923
147.83,117.91287
930.237,3590.8313
131.234,160.91986
10.65,416.24905
40.2,133.33717
10.667000000000002,291.5306
10.763000000000002,213.82556
426.067,158.91792
18.61,189.53093
19.98,190.34871
36.547,197.50928
724.747,1069.88
0.203,119.71795
179.74299999999997,348.25696
370.017,657.9179
15.813000000000002,134.77454
59.284,367.3049
0.033,56.256332
290.484,146.87442
10.634000000000002,108.20009
44.377,110.874855
249.543,427.687
79.564,235.61403
750.633,819.6084
40.783,419.10593
690.063,684.0682
240.15399999999997,224.74928
323.47,447.97296
39.227,199.41013
89.45,397.3188
200.164,1211.6484
280.583,253.06975
41.643,433.0607
320.997,113.60533
72.117,115.35018
70.037,21.759886
40.21,131.78038
101.293,309.72903
129.857,510.3033
19.95,125.040306
20.06,449.63025
0.72,240.4451
10.516,45.950546
20.007,280.98953
19.64,175.84679
78.98,582.10046
9.926,170.70343
179.607,317.44077
43.18,1273.804
19.85,160.67575
89.796,132.12238
30.07,257.4747
70.203,168.67012
0.317,10.110514
18.264,196.87396
0.06,114.11016
99.61299999999999,298.56165
9.533,193.44037
39.73,424.2913
209.424,222.66415
19.954,185.77489
10.69,68.85528
51.01,163.96912
89.653,127.66038
80.037,366.90762
189.86,395.89633
10.509999999999998,255.35817
1280.36,827.16614
19.093,115.37562
69.977,302.04074
0.763,282.64963
66.89,170.0254
448.787,321.65222
8.16,121.01507
226.9,143.58324
0.107,151.27083
130.11,124.03048
39.81,158.26662
10.43,160.67879
62.006,160.57552
19.99,223.30585
10.216999999999999,240.0893
10.03,77.1787
22.11,17.665571
11.327,130.45015
178.56,398.83356
1851.7269999999999,427.428
69.564,150.00946
19.55,48.663643
39.92,154.58812
617.9,104.85769
20.08,230.80724
138.02,72.295845
59.336,176.22148
40.447,353.95572
0.093,15.144332
148.77,85.66377
20.15,234.5982
38.373,114.244896
108.957,841.1905
148.84,445.43594
85.19,280.4972
223.79,401.25623
79.127,236.1524
29.317,284.9533
9.09,131.21841
30.084,137.9442
589.653,163.07144
299.497,223.33614
169.69,130.1328
9.937,170.92764
19.7,397.66476
2759.9569999999994,784.19006
425.987,258.24826
58.043,337.30597
110.41,169.80705
209.994,1072.5072
85.23000000000002,349.49402
0.19,48.47454
20.15,788.3964
352.38,116.97397
30.940000000000005,145.11635
1981.406,163.21695
9.866,168.30647
30.554,188.79524
69.633,364.82397
39.11,166.41629
15.216999999999999,41.136333
18.883,284.58554
120.03999999999999,1650.8342
19.17,112.40294
30.506,343.9116
1.657,111.0163
39.974,233.91757
24.49,127.71599
1129.43,289.56058
8.06,148.86885
259.633,298.83752
59.9,687.635
100.633,111.84277
9.49,266.4932
10.017,531.049
102.047,172.26616
60.71999999999999,340.15625
6001.057,525.44226
1.327,317.4705
191.65,149.80305
260.063,181.20439
20.167000000000005,139.00989
20.937,162.8519
450.43699999999995,232.71008
61.34,301.15146
30.787,116.5654
20.42,916.15533
699.784,107.29967
3908.75,696.23645
9.807,131.0698
11.357,70.068085
287.583,110.46733
19.91,48.888794
79.567,288.30725
30.577,423.11658
18.737,176.19212
280.257,374.97247
90.31,180.93596
8.89,234.70804
741.177,184.37872
21.473,93.514946
49.926,1443.5219
24.57,330.89642
19.8,112.72223
1.034,70.50995
29.637,171.43117
48.93299999999999,203.52002
560.24,242.9322
49.826,181.41226
433.93,198.23247
1800.056,141.75438
30.103,212.1333
40.333,72.65466
51.06,48.693295
59.973,764.8578
1559.5900000000001,1461.724
7.103,422.84415
10.22,2505.1406
31.597,758.76483
9.644,218.04474
99.87699999999998,429.95715
9.84,69.28948
129.92,131.88133
19.19,173.68127
179.937,131.38292
59.949999999999996,52.60859
31.184,180.31151
40.003,163.1552
792.747,181.61977
9.763,290.33237
10.4,196.76384
7.817000000000001,141.33743
58.863,699.27875
39.75,40.7822
213.51999999999998,88.00204
0.123,140.86987
20.843,107.70495
568.113,135.57986
80.207,142.30937
30.187,354.6754
400.34000000000003,214.13351
100.9,157.75238
213.534,101.824295
150.857,243.53528
49.55,159.84111
70.687,453.96088
139.84,90.069046
775.13,893.75024
521.177,464.89246
489.624,145.08415
18.86,135.1875
70.223,293.06738
173.187,441.36505
3449.787,3786.095
1111.504,436.20587
210.05999999999997,1312.5188
10.563,180.23181
56.37,404.10855
20.127,154.45248
15.153,168.89427
30.64,93.731865
25.763000000000005,127.89508
40.006,480.7637
69.294,195.0515
9.487,116.76704
20.71,169.05824
220.33000000000004,293.91977
9.704,640.6322
0.153,284.9533
541.333,163.25648
5.144,97.811325
690.7,200.30603
19.43,129.38058
170.21999999999997,231.63084
100.77,150.48013
220.486,526.8039
20.263000000000005,137.62413
249.48,71.3746
16.86,225.57994
149.603,115.385826
10.203,119.41539
0.05,175.95367
130.68,163.68846
21.83,331.04642
230.293,232.05272
49.07299999999999,161.81186
1726.59,740.76154
39.524,179.91315
319.884,237.69292
249.114,384.0605
5900.076,1284.55
138.346,154.23824
401.386,818.4434
109.813,124.73556
10.157,240.11069
499.893,250.31577
19.927,252.76419
1748.79,606.39404
48.917,208.16612
40.053,183.89952
60.272999999999996,198.31763
0.83,253.67635
10.163,48.8123
80.063,216.8673
23.917,299.23172
10.233,367.95087
287.976,416.8356
305.857,131.00148
91.824,257.3331
8.14,129.08853
779.903,449.4113
79.5,496.2925
25.057,67.67239
1090.034,229.47589
20.593,303.50894
50.16400000000001,80.901855
19.054,170.45879
1670.487,424.86072
702.803,406.6421
0.457,102.69151
219.947,113.1011
1321.1329999999998,753.8675
20.267,134.3672
39.663,493.5124
20.263000000000005,119.064804
273.04,438.6422
49.803,396.68005
81.293,110.2131
1094.99,195.88239
150.563,143.91096
970.326,303.38742
290.887,275.4149
9.69,110.90829
29.110000000000003,318.0558
80.183,130.81479
140.246,383.91016
30.263000000000005,170.93086
20.503,223.25035
20.08,103.33917
379.97,132.44461
231.434,130.28146
161.34000000000003,192.699
158.58,684.9118
279.293,117.71952
39.996,1026.4291
0.843,139.37273
8.693,121.31477
439.617,2120.203
775.347,343.5945
38.873,114.5479
339.057,118.38601
9.37,144.37398
0.22,157.96721
8.97,113.35431
269.963,174.11212
120.767,328.1791
3840.37,1320.333
280.993,250.28848
300.327,145.70363
40.523,226.25243
38.964,712.4044
8.977,150.6
569.893,821.1851
20.017,80.10297
19.72,535.4517
0.28,60.435387
241.94,272.14786
29.996,817.01935
249.97000000000003,140.45096
19.94,1020.70087
0.343,69.53187
225.53,131.04776
7.703,518.86383
129.82,13.711486
10.713000000000001,110.00568
9.907,150.28917
50.72,105.647644
306.883,1355.3337
2.003,247.84569
201.493,133.05267
55.346000000000004,191.94736
48.567,29.734356
68.833,140.89093
0.77,183.21985
58.32,208.32419
20.41,161.96524
739.997,50.336346
980.777,156.12396
1.42,190.89554
1068.61,142.39365
469.93,754.37976
19.926,113.93378
10.817,235.82535
60.13300000000001,250.67938
561.23,226.28201
0.04700000000000001,131.42938
60.897,338.799
20.09,124.222496
460.93,174.92593
9.85,174.30379
8.87,452.38947
2.827,143.83359
9.67,293.77585
3907.053,3250.9739
58.997,570.5472
356.863,196.91742
309.494,213.17332
9.32,117.170265
369.81,149.9511
22.046000000000003,148.79622
0.203,171.80385
40.837,149.29446
49.93,165.51585
18.96,175.9968
150.687,222.47017
19.694,70.21513
20.024,489.5731
80.14,504.99603
1829.307,137.34048
0.343,239.28653
9.804,166.62111
20.014,680.058
4830.013,529.49634
759.45,3960.0657
1203.687,598.27625
2.8660000000000005,189.57246
732.356,1043.9972
100.037,142.76506
29.014000000000003,175.0977
10.370000000000001,164.28833
1448.6369999999997,608.93225
169.926,313.21246
19.244,517.916
100.22300000000001,237.26361
9.403,883.4951
910.617,215.73828
49.98,145.9593
189.96000000000004,402.0552
72.8,131.56346
51.773,206.71114
10.71,119.637024
129.4,198.75517
0.156,170.63771
756.1100000000001,522.07794
20.35,119.131584
0.32699999999999996,14.30816
10.684,151.88416
238.793,113.88091
21.586,152.3835
9.76,136.2602
20.3,142.4572
34.8,125.17508
59.893,231.3382
20.063,407.55063
10.453000000000001,126.05373
321.033,417.2724
152.04,332.25775
20.323,131.85764
1153.93,166.36745
490.08,238.55458
0.37300000000000005,138.68315
1470.0899999999997,736.7194
19.307,315.8584
1129.736,55.00923
9.63,511.14383
308.983,580.3435
270.907,331.5814
249.353,143.79613
180.30299999999997,502.7708
79.713,212.94472
19.677,195.45181
10.1,60.93144
239.977,1592.9921
89.75,125.03549
29.813,130.31317
130.344,225.38818
3916.834,401.93433
9.88,10.128295
40.243,144.56802
9.72,172.57886
10.21,219.33553
60.367,296.67514
160.26,1098.6311
499.304,310.71918
539.01,399.0745
139.633,155.2065
1.093,424.35825
38.927,244.53589
60.15,187.78658
309.55,105.32835
1.093,139.66597
19.717,193.0811
20.66,352.26083
0.107,261.93427
20.567,982.2306
278.14,200.08632
69.85,248.9304
9.423,135.54643
1099.547,248.74475
11.614,102.96258
59.12,225.3944
50.057,110.65109
28.77,418.7029
77.914,233.8482
120.247,101.52912
570.073,241.19254
130.42,147.96588
30.633,130.35555
40.440000000000005,186.56653
10.79,162.56924
40.136,317.0935
460.933,192.69926
73.4,186.76817
119.75999999999999,168.35378
0.847,148.6848
8.983,70.16608
49.989999999999995,672.2793
0.7339999999999999,120.82763
63.293,119.252556
290.333,87.281525
49.202999999999996,138.5248
0.05,254.69551
59.87,188.93275
20.223,110.59952
99.05,114.801125
18.297,271.86172
810.953,535.40314
150.23,678.226
20.274,329.33743
8.89,516.58246
230.97,186.24208
9.744,131.0105
20.333,318.99066
292.01,190.01741
19.91,477.46094
29.219999999999995,118.49274
141.31,245.6584
0.954,110.710434
9.293,285.24176
110.153,172.409
649.35,148.0678
88.323,147.85529
49.91,107.29171
20.529999999999998,168.63872
1731.117,191.77722
50.53,171.21852
21.064,423.5533
740.254,162.3972
80.16,177.5565
19.357,170.17482
178.66,111.58151
169.64,130.94838
30.24,169.11523
90.583,171.82278
19.904,1319.3123
40.267,275.69907
80.077,153.06593
46.933,103.00955
828.967,99.301895
170.064,120.38748
46.12700000000001,186.3808
10.553,188.45248
0.267,170.17906
89.35,173.5072
19.487,137.47351
2400.093,465.92435
19.916,149.37018
0.19,49.33001
20.803,265.98102
149.71,275.9378
359.82,142.7717
169.873,288.11417
140.14,48.61064
40.056,141.61523
39.823,264.54764
354.876,331.37415
0.813,195.2331
4.004,71.416336
100.107,314.92703
120.317,238.99104
1573.633,773.9066
10.176,231.93953
570.34,514.0269
217.7,1136.1012
129.263,99.03221
269.673,143.00827
50.68000000000001,172.42381
64.723,434.20844
12.822999999999999,138.61157
11.077,135.10388
1199.013,1019.1152
0.063,312.79904
340.053,198.47354
341.15,236.84657
159.603,423.82703
20.31,74.47815
129.61,181.6459
9.123,152.5986
9.98,192.002
40.133,2138.0752
210.173,896.63666
87.856,271.94675
140.25,109.59974
19.99,467.9771
18.83,288.62552
0.457,200.50662
1426.13,371.3082
89.77,126.650764
1199.27,347.01157
110.26,153.66147
19.744,343.9116
19.043,169.40935
119.023,428.4061
220.29,509.73917
6719.563000000001,717.0212
1.157,427.69415
550.113,109.29197
8.813,1403.3638
250.12,143.06387
330.746,149.0264
20.123,361.47037
5162.634,282.85614
199.473,1466.7466
10.420000000000002,48.439598
325.333,146.54315
619.853,305.05545
2119.836,1178.8894
7.7330000000000005,45.56602
159.43,108.28589
539.907,1169.2822
69.887,145.43001
19.763,247.36224
60.484,245.92677
369.836,130.9656
19.937,154.58812
110.103,131.41444
16.877,334.52396
19.554,152.40392
20.013,219.91655
9.867,269.98376
0.06,105.03099
28.157,111.653694
8.87,47.88931
11.599999999999998,87.35469
19.453,110.802216
9.783,227.75537
157.673,412.90805
1.017,376.54742
30.359999999999996,186.81122
60.83,464.37024
1579.623,434.34738
19.426,162.64832
62.53699999999999,422.94052
19.117,132.1274
80.16,209.94472
118.74700000000001,118.089745
406.057,418.29648
1486.1599999999999,350.04675
1.343,390.3463
210.91699999999997,264.14908
129.963,193.96695
69.99,234.87224
1.86,105.42944
140.24,713.48145
149.873,173.48477
40.77,266.03336
50.24399999999999,11.48969
860.294,702.542
8.907,109.35186
820.614,157.38452
479.98999999999995,768.2789
89.123,177.9381
41.02,90.90399
59.273,457.45886
20.943,106.24873
28.904,202.18472
309.913,166.44899
67.697,313.33475
60.393,948.1767
259.123,147.8338
0.89,236.98619
80.32,170.48926
370.44,346.70996
185.864,264.02475
19.02,242.97583
19.22,173.7862
1129.773,197.33034
39.977,273.20828
37.73,397.85464
20.073,458.6505
50.827,200.16133
49.793,173.99089
70.187,170.83633
989.98,807.10876
110.143,385.499
11.566999999999998,789.7131
387.334,332.7755
30.656999999999996,222.3267
9.9,580.1144
229.987,212.1198
0.81,108.54597
40.47,170.50246
951.067,93.06082
19.59,136.4206
29.757,15.144332
41.10300000000001,81.53268
19.88,135.15546
70.903,202.99074
1000.4700000000001,560.5786
309.37,1478.9229
68.01,176.19997
741.003,163.04794
19.64,118.81084
10.057,155.12595
229.66,464.9343
39.597,135.48756
10.596,103.2405
269.644,241.37355
90.04,157.71948
450.003,200.2285
41.457,148.32086
20.787,68.423805
0.19,55.34903
490.203,566.2147
20.144,338.7031
90.516,28.706135
109.95,329.62637
448.964,1183.0054
19.104,140.86987
41.017,253.12154
22.167,180.8108
79.35,88.91983
23.072999999999997,97.43897
872.7399999999999,376.2005
19.51,67.79564
70.397,143.57007
6.95,131.47612
320.343,186.53152
210.44,381.10303
1869.7970000000003,212.06969
90.63,591.4371
633.823,166.36917
2290.073,1257.6908
0.127,575.83716
84.744,246.9245
12.94,127.86614
19.756,71.416336
159.967,1632.5073
7.94,110.058586
330.143,142.35347
40.96,440.85193
5.536,293.26434
9.914,218.65103
2981.0469999999996,503.32712
161.447,113.88568
20.72,129.49718
29.835999999999995,392.26324
2609.7899999999995,385.3022
8.323,293.77585
20.836000000000002,153.96487
18.817,239.86711
169.92299999999997,231.94765
160.45,460.41797
249.313,640.2477
214.787,971.5508
60.089999999999996,316.0321
111.693,96.16368
47.88400000000001,255.73914
18.873,126.20476
89.03999999999999,1064.7511
3013.0139999999997,522.87225
329.833,208.10313
59.425999999999995,245.73242
459.437,196.85915
6159.42,411.06274
59.949999999999996,47.670177
20.857,167.52101
10.08,304.047
40.577,776.10864
153.487,48.600246
19.376,124.43156
1280.054,6668.8022
141.47,237.60887
99.223,222.28444
7.576,419.38382
9.7,286.92874
209.35999999999999,1452.6494
19.754,138.93448
243.547,310.52686
1326.16,374.73145
869.81,186.4008
28.763,91.963905
19.904,117.35816
70.22,122.894165
0.0,48.621033
259.89,2332.3809
31.017,234.225
9.133,46.13177
69.85,181.18013
49.526999999999994,132.91008
19.477,138.95724
0.83,50.40535
0.017,24.40688
29.767,260.0441
300.23,340.1639
18.726,160.85703
0.75,195.0515
20.75,161.01161
321.86,221.16661
1411.5800000000002,159.27806
300.42,341.33286
48.69,182.87428
21.473,73.863625
19.646,237.97977
7.777,444.76666
40.45700000000001,701.4118
38.623,87.51328
90.74,153.7077
33.15,718.91327
239.283,176.02634
2040.673,318.04904
169.037,286.98853
107.833,377.31467
19.044,49.35205
1.6400000000000001,115.1317
260.21,444.09796
20.28,9.969455
49.226,168.92598
5.117,144.30553
9.79,570.0749
19.743,169.62137
105.90299999999999,896.9231
3.13,68.90341
388.727,288.1788
69.66,97.96322
0.093,341.86328
170.49599999999998,216.86798
20.337,170.56967
4038.8999999999996,636.0347
299.663,1053.1364
319.1,169.83263
230.027,339.22452
200.017,465.9914
10.133999999999999,422.65656
20.28,403.94705
28.583,84.14232
9.857,183.83922
40.463,159.64331
40.92999999999999,679.093
17.914,156.62796
10.234,55.86873
88.88300000000001,110.24906
78.99,666.5203
10.284,596.71405
71.02,154.0941
8.797,167.44449
19.82,286.25726
30.336,567.59204
46.943,159.82547
419.123,196.35406
29.994,403.22504
150.063,120.71389
0.343,176.19212
90.1,97.885
264.7,157.00923
59.71,566.7777
1269.613,398.2885
0.267,177.76314
2.127,92.743614
1999.973,293.0356
2722.5269999999996,776.52075
110.13,343.05908
10.657,144.09415
1861.32,182.97508
0.22,46.95616
40.27,237.00192
61.107,387.6132
39.773,6540.287
20.357,135.53012
640.224,410.76828
39.597,169.93387
39.573,287.57596
25.467000000000002,605.511
940.233,626.9016
60.367,72.41525
1750.597,386.59326
333.457,906.05835
9.277,451.36163
19.503,168.98521
28.456,178.89319
9.51,526.5723
120.507,156.80545
59.713,214.82411
18.547,473.73
29.426,309.99976
501.783,2067.593
21.1,91.91859
70.13,222.4712
2670.2370000000005,1928.4568
50.87299999999999,192.002
19.507,114.71955
29.95,176.2665
79.153,160.82748
2833.016,349.7301
22.647,372.7076
0.266,187.37343
90.323,97.81086
0.36,189.01526
20.09,82.81166
20.740000000000002,342.8463
69.297,1231.1432
19.617,87.03821
130.21,198.46063
100.083,66.58377
10.066000000000003,209.79521
90.08,143.84094
19.757,235.86705
39.566,167.77507
46.47,272.0574
0.593,54.73069
61.023,948.19025
9.697,222.494
19.36,151.69708
10.573000000000002,262.9383
1530.3429999999998,286.35474
0.063,172.59839
18.506,250.48856
69.634,939.1102
19.833,135.54643
92.163,152.69368
8.25,180.52605
19.99,550.9871
69.686,191.16908
3730.8460000000005,1072.612
10.680000000000001,91.466995
21.214,386.34204
29.956,174.50221
190.06,364.56415
270.107,499.06216
133.674,156.09703
33.66,515.15173
10.206,749.8808
999.84,225.68855
20.493,302.6846
106.947,44.079395
0.733,197.24738
29.083,131.04291
19.824,228.16055
20.174,241.68155
0.063,148.86885
80.44399999999999,173.49814
19.844,348.29373
50.804,196.91788
80.037,231.73245
30.49,109.35529
9.98,139.381
97.893,1473.3898
60.28,435.33337
380.1960000000001,339.3511
50.713,161.60341
388.48999999999995,414.50217
150.7,422.24185
581.683,223.15567
59.176,104.33762
99.55999999999999,377.0014
1661.823,482.0064
19.943,129.65096
190.067,122.45431
311.833,431.31836
579.073,212.81647
21.163,174.02437
141.184,243.66116
349.77000000000004,260.23972
520.51,335.99146
99.827,3365.3938
360.087,1084.5867
48.53999999999999,241.85611
139.094,286.92184
21.484,109.763565
599.187,1083.8689
3.803,153.01164
8392.753,762.2051
40.973000000000006,369.25095
1.05,145.84486
1707.816,541.0692
290.066,151.58954
29.67,17.665571
500.217,222.83784
0.7829999999999999,173.6107
59.657,91.91462
817.4399999999999,592.28687
0.10599999999999998,166.63426
369.99,520.21204
530.27,126.95963
8.007,456.38843
119.634,195.06436
360.38,288.34723
7.797,154.91063
129.197,92.68473
20.016,535.60425
31.329999999999995,217.3218
70.11,122.80117
139.28,870.94855
19.69,448.40332
10.223,161.51176
1003.89,98.89951
0.08,147.38667
1.1,219.43146
9.824,615.9937
20.31,150.38301
38.773,125.84489
479.92,136.31795
452.58,402.29163
20.097,260.22662
2941.003,388.15958
19.764,428.14743
59.14699999999999,180.74431
41.487,231.96054
30.8,206.70891
16843.714,1523.6754
0.267,199.01488
10.077,370.11453
29.739999999999995,154.02339
90.033,37.624283
0.234,76.713394
99.00000000000001,910.24225
19.92,150.4009
150.15,458.74283
219.35600000000002,375.6662
100.13,154.53615
1.4559999999999997,145.73187
40.603,177.37772
5942.907,15332.17
230.577,169.22502
0.767,98.69835
711.543,182.74069
440.057,1512.2526
180.833,205.64609
80.01,145.84486
20.253,243.3848
6540.76,3666.101
28.594000000000005,120.45201
80.15,103.15781
19.584,236.11154
229.573,83.71807
158.564,92.6089
480.297,478.22513
239.9,451.57605
19.85,113.0062
609.646,482.2986
39.91,189.80278
340.807,675.0324
19.82,430.43704
40.073,137.17708
198.413,785.14453
11.079999999999998,119.64933
169.103,650.9885
22.917,783.98175
9.683,203.02142
900.687,405.4857
26.667,286.65564
18.89,116.47288
20.093,109.9995
40.24,110.17683
120.516,573.93884
199.92,181.14085
430.586,238.5986
10.184,120.33791
9.64,156.40736
210.39,231.27293
0.787,172.57117
30.26,220.7641
459.5369999999999,1796.7068
293.983,424.49683
349.767,67.888245
32.12,142.81923
1063.547,348.56223
20.483,449.3299
20.3,91.60226
40.313,935.9369
19.82,208.93567
289.127,204.06389
1.33,915.03406
9400.16,1771.1045
417.187,1579.5894
0.03,89.17846
20.796999999999997,162.11786
20.684,163.23955
489.367,380.7125
8.533,377.8992
229.407,209.97859
9.907,244.93817
109.833,164.28833
170.14,479.54672
0.016,107.11591
749.6100000000001,249.59242
0.767,112.83818
40.41,190.40063
0.077,192.788
30.97,141.65236
19.916,341.6199
12.113000000000001,149.27454
673.64,148.50673
9.687,161.29448
20.157,214.0811
737.727,208.28427
59.400000000000006,173.9823
340.9169999999999,288.29617
33.993,211.52516
19.783,187.65805
60.85999999999999,368.84708
241.47,522.4126
40.093,138.17003
4672.477,774.9753
1.436,243.95389
59.324,173.68127
80.54,175.05199
34.65,442.35468
20.084,132.83415
131.11,170.17482
0.614,389.82858
20.41,499.89084
10.733,255.45413
50.477,240.05779
180.993,901.12085
100.056,165.20233
119.61999999999999,115.11551
50.154,139.48656
100.234,134.5439
10.607,191.81198
325.81300000000005,292.9883
228.866,306.41214
139.687,164.32625
607.607,415.97058
55.41,131.38603
0.704,467.55612
10.003,453.96088
81.087,171.22893
0.47000000000000003,225.53299
581.056,704.94385
19.897,170.3456
68.663,176.74352
119.77,171.26007
22.157,195.92645
41.526,60.483692
130.81,102.45553
0.09,11.300912
899.0800000000002,192.49306
49.62,102.64435
280.97,133.77287
419.917,179.22021
79.04,92.01959
9.72,195.36827
7.883,94.77768
149.907,174.04457
79.52,193.7526
0.624,240.54007
20.13,177.54118
39.72,220.60416
20.187,328.1791
18.62,49.264065
49.39699999999999,157.9609
29.223999999999997,264.39114
240.713,123.8344
18.907,110.051254
0.727,104.87725
10.063,526.42633
69.87,65.69377
69.603,226.69421
0.157,216.75322
449.90000000000003,141.50488
590.647,348.92953
100.06999999999998,120.78845
450.913,3449.2693
31461.34,10477.167
62.89,285.8443
352.707,470.01923
9.153,570.69714
304.46,369.23007
20.064,168.72913
0.14,166.575
370.203,171.09093
2660.3129999999996,267.87167
179.36,402.18393
10.03,230.62627
759.3940000000001,123.95397
0.076,60.452267
21.156,119.844765
0.40700000000000003,361.93365
0.31,197.44885
40.004,119.16528
891.213,226.23544
2.38,174.74057
325.364,444.75217
10.297,536.9274
179.58000000000004,237.1336
68.59,159.24797
150.007,200.49641
49.853,231.11049
180.367,887.9382
118.92000000000002,170.30807
10.047,232.32521
15.439999999999998,138.02277
109.80000000000001,442.096
20.263999999999996,243.2201
4.207,191.2325
100.297,193.20543
20.525999999999996,262.91077
189.656,248.10529
39.537,150.79266
870.53,405.02014
27.943000000000005,48.650036
0.32999999999999996,270.7812
9.23,138.72389
79.06,321.1293
330.337,1461.3893
830.794,180.46967
0.013,97.811325
29.542999999999996,320.27277
179.39699999999996,519.5991
30.69,145.48114
180.586,103.653404
18.497,280.13358
10.39,526.6819
4.817,948.83386
19.944,192.76707
10.453000000000001,141.65236
9.627,109.94047
9.706,60.36373
338.78999999999996,837.45746
140.233,291.31024
79.513,251.16614
18.463,89.33789
134.873,248.51486
130.89,132.0468
130.573,365.35452
109.10299999999998,393.97992
19.833,111.286766
0.03,135.43169
64.92,214.49603
10.216999999999999,152.65154
9.134,96.56682
331.21,115.48034
0.317,144.77962
350.034,3109.944
23.227,596.307
79.343,103.2171
499.16,186.84248
11.26,91.91859
20.12,148.68181
40.093,139.67473
14.236000000000002,45.58422
11.207,111.39827
30.243,12.103748
60.937,131.68951
456.263,388.99078
20.063,179.1292
18.917,437.09204
759.8030000000001,562.2633
19.19,613.11456
33.363,197.06352
168.74,288.39883
60.296,1918.452
87.327,170.19498
360.44,176.92014
60.227,99.31909
68.92,196.31996
13.137,60.41571
49.24,203.02142
120.25000000000001,170.6403
79.95,398.5086
310.057,127.52027
29.53,435.19858
10.103,163.57132
1.0,168.4226
0.11,137.06042
177.784,149.1796
20.103,158.17116
350.88999999999993,243.81458
15.747,68.32336
1249.113,1282.3239
0.063,114.64908
22.382999999999996,239.27837
5.177,244.97467
40.197,210.26497
30.166999999999998,112.490036
130.413,224.28168
200.04300000000003,116.34888
21.13,131.22014
1399.964,1675.6283
19.98,189.1093
0.757,163.22516
30.267,131.5844
129.767,436.57358
410.766,480.82333
20.48,378.62964
41.983,122.95481
40.573,232.58882
20.667,195.1242
0.267,221.38022
19.773,178.21553
10.527,121.80388
80.063,609.8713
20.307,248.78789
746.98,1671.7246
649.51,151.81929
2102.593,320.3346
400.913,165.71176
20.329999999999995,451.22675
18.646,340.5412
43.027,321.4359
10.957,176.46037
1250.127,1505.9327
20.013,225.54344
70.18,195.20097
19.486,344.90594
20.05,112.95892
484.05,290.54575
394.25,214.21234
39.294,142.16243
0.234,132.80833
622.554,155.24434
9.934,147.10516
1949.98,271.83997
0.536,491.17334
219.153,289.0831
9.014,119.84364
0.034,165.8903
368.817,119.35644
54.097,407.51538
10.55,170.56967
130.013,187.58505
29.064,279.2346
19.763,229.61311
12796.646,10250.327
29.273,259.27795
30.75,115.205574
10.86,408.0945
219.177,143.73192
1.203,458.75452
507.08299999999997,228.80624
19.423,73.43825
2.7770000000000006,718.91327
0.063,10.235586
99.93,589.4117
3521.216,1485.5085
120.25000000000001,50.35567
30.243,174.5346
10.016,223.2958
9.537,124.17844
300.82,118.92163
9.52,119.390724
9.87,189.16327
69.834,426.76022
0.17,175.90808
19.517,80.10297
159.62,137.25862
39.617,147.43488
19.917,396.7359
19.953,186.39203
2.967,231.08505
4.87,180.85085
0.28,180.30432
111.387,119.2626
110.053,202.72502
29.89,254.51564
9.687,519.98846
19.916,664.1914
1860.363,155.30356
60.53,213.43954
10.345999999999998,167.02515
580.313,920.4982
5743.34,145.24306
289.903,519.7373
419.203,527.7788
28.926,166.91556
1279.547,176.50182
76.207,154.66766
19.294,124.33684
157.723,411.5278
16.766,132.62447
336.71,192.26442
40.573,135.62584
576.81,464.36105
7330.143,1908.9624
18.267,169.05824
19.83,298.02902
10.254,176.08583
20.043,244.10031
10.003,109.277725
98.513,432.3259
20.923,398.7042
1428.9470000000001,677.4148
267.574,116.91216
180.19,188.17273
390.05,126.18071
12.363,411.50003
70.337,372.54874
59.94299999999999,131.88676
20.429999999999996,94.32843
9.97,664.2197
79.75,342.64468
39.943,197.50278
11.213,419.30478
506.16400000000004,263.53836
0.563,147.92815
439.99,183.67076
1.217,121.80388
30.06,245.02989
9.687,396.32767
39.53,157.66249
116.9,177.1153
550.283,333.6071
3829.163,353.15125
49.78999999999999,193.1756
99.357,837.06824
261.653,129.14587
359.833,323.8216
53.58,191.22495
169.75299999999996,336.17764
149.49,80.5998
1190.28,510.55695
10.747,177.99876
0.03,190.89554
1816.553,936.3838
20.397,71.7135
110.124,132.4598
80.04,260.06677
210.02000000000004,193.9828
241.98,124.29486
19.75,150.88869
329.544,298.91592
670.196,329.61588
169.77,343.0714
14359.753,8755.817
151.187,66.50923
38.927,107.91692
19.637,1319.5796
158.937,3779.6448
29.48,127.10214
29.886,278.5922
10.433,48.57522
170.377,230.24377
9.9,637.2883
60.906,242.3418
184.673,371.8277
15.894000000000002,207.57875
20.18,94.805046
325.33599999999996,89.02757
119.837,129.89722
39.97,370.50897
10.32,73.38553
313.51,431.24857
39.507,195.82256
9.33,140.04034
517.05,441.62933
10.08,119.17689
269.863,117.65837
10.703,98.86308
19.333,110.54962
811.53,366.85706
9.527,255.16899
0.283,200.43335
469.02,110.89336
2.523,138.18112
29.65,451.09094
359.2099999999999,115.70098
9.88,256.0703
359.33,310.70413
190.173,240.26839
0.08,204.44035
59.98400000000001,360.42203
9.553,143.51086
50.959999999999994,129.45581
0.034,166.79526
1380.1,102.533676
30.014,420.0095
190.103,166.55789
9.016,103.2405
20.01,183.70108
2.003,69.09613
339.977,667.8069
610.43,420.47195
256.12,163.32736
50.86300000000001,205.7057
30.150000000000002,636.73065
191.393,310.92215
1386.766,545.5868
141.02,141.83086
4.26,107.0504
1591.8860000000002,176.13927
120.38,141.25677
120.17,55.832516
20.543,106.60615
38.28,214.83412
20.523,69.04793
428.227,419.99384
1149.853,181.2216
138.287,590.9978
8.98,10.307762
130.886,162.99655
0.076,340.29944
20.123,243.33557
21.077,220.60416
39.777,131.55533
440.034,119.72165
19.836,212.7658
0.233,190.41762
20.17,118.61825
53.047,85.90243
550.907,115.35675
10.806,198.86478
19.913,87.03821
59.703,121.51075
10.61,271.58102
139.47,187.46933
0.064,109.11727
730.643,462.54025
508.9529999999999,483.76913
109.18999999999998,390.56284
40.623,86.6463
20.37,213.56279
40.497,274.51453
0.017,163.04794
9.907,367.82254
606.06,1933.8445
209.726,139.20638
11.267,242.29288
140.117,132.73256
2.237,45.564693
409.343,105.48015
280.086,109.865776
509.996,110.271866
19.973,9.951961
19.55,195.48753
739.096,950.0502
50.28,186.39203
1520.16,395.91406
861.75,192.14401
11.564,743.9894
29.24,214.9806
59.17,160.11975
70.25,422.3585
9.837,254.45729
99.967,106.4341
11.196,235.61403
79.914,139.09686
28.827,144.68507
160.19,107.15606
8.953,213.67772
9.51,174.92593
18.196,210.37051
19.593,103.33929
20.313,213.28279
18.453,273.9946
170.77,188.36736
269.75,256.11246
59.3,165.27048
238.83,151.70927
9.333,153.78284
200.65999999999997,470.44537
18.284,408.97305
65.93,93.249084
1283.497,460.342
21.373000000000005,132.46992
10.517,192.788
17.8,142.20769
4376.28,1190.6982
79.073,422.75632
19.673,196.63867
90.363,94.06104
16.66,108.66005
830.353,261.37906
1.364,47.88931
71.513,182.10963
14.807,175.95367
10.093,147.20613
119.56,304.0527
19.994,192.83658
68.477,145.57864
10.533,233.53343
200.76,218.37419
19718.66,2337.646
49.507,175.64764
3075.95,2087.8835
390.057,349.24976
59.973,509.71082
978.9800000000001,104.284294
340.153,327.0624
60.557,52.586067
41.17300000000001,458.0054
50.33,173.48422
503.897,450.0334
9.563,55.376453
0.40700000000000003,308.88504
36.086,490.53525
1.594,132.35153
12168.183,17626.152
88.646,112.165634
20.37,180.69496
200.11,401.47437
181.257,194.28914
46.313,165.75963
379.294,116.41334
0.623,194.09087
18.486,243.77716
9.4,286.83176
0.017,158.20247
250.847,143.19916
30.227,117.184685
1199.597,351.83295
19.016,1421.4385
40.282999999999994,282.7298
19.107,208.90044
0.44,374.23636
10.763000000000002,357.54376
1359.29,1534.334
433.43000000000006,607.4725
21.92,634.8313
200.686,241.68155
181.494,177.9609
6392.294,342.23935
70.536,259.21234
540.07,647.86255
19.777,189.43489
1190.357,253.37625
10.013,57.451744
50.467,67.518616
379.6,97.04064
20.066,164.26071
39.093,131.82373
656.73,131.97226
71.214,67.79564
50.49,148.00879
99.876,319.208
10.17,183.86502
39.407,120.81995
22.293,612.4261
104.09,775.4601
30.017,103.09572
20.12,167.64426
479.187,391.95584
220.016,139.23071
9.67,152.35368
0.263,152.46404
89.677,208.58937
9.047,240.4451
98.453,111.12124
1.263,109.881516
10.813,174.06963
390.067,293.1021
88.95299999999999,157.70639
1201.996,405.1299
1149.913,609.39734
0.04700000000000001,154.40399
20.04,60.44469
79.216,685.8685
54.353,72.176636
128.923,496.5832
9.987,245.30557
70.19,6154.78
19.91,212.17213
11.21,547.0663
18.917,130.87769
48.80299999999999,462.1827
40.077,259.8937
99.69,163.92963
0.297,210.64792
19.113,509.46786
110.216,158.30298
20.03,180.55693
180.513,140.08447
18.973,273.1379
20.087,169.10156
0.233,110.710434
197.903,431.84702
110.06,733.2137
11.813,135.83696
0.17,138.87415
22.247000000000003,148.28212
10.736999999999998,88.07033
179.81,188.83842
21.533,529.01196
100.253,356.04166
580.133,510.35977
726.8940000000001,270.02853
59.78,760.1698
380.433,481.61887
6469.903,2337.6418
175.206,428.50375
20.25,179.06729
90.04,475.89258
975.77,493.00525
18.78,522.3501
319.34,854.32086
756.99,403.34976
90.97999999999999,110.36688
41.129999999999995,168.30647
20.537,52.6286
19.647,123.349144
30.083,159.65726
101.21,578.79755
6.537000000000001,373.87698
19.73,167.39772
501.903,909.1279
10.12,115.720665
39.32,260.9816
309.143,2797.6147
20.360000000000003,146.22963
9.847,371.55582
229.81,135.74997
840.3,1045.2186
160.12,155.23631
20.994,524.14886
260.42,120.7253
1.5329999999999997,115.59594
470.723,207.48402
31.074,240.67787
109.14,344.15482
9.093,108.149345
129.534,141.0772
19.976,105.97112
129.977,875.67175
110.733,129.96608
80.04,445.361
110.32,168.21951
8.513,166.98898
9.653,483.97842
40.186,278.21335
39.373,134.51442
0.674,200.78352
89.66,105.07671
39.923,157.30702
150.974,155.1639
340.50000000000006,435.22742
1.11,195.46675
20.587000000000003,356.74786
119.923,139.20935
19.006,163.22516
1280.69,469.5646
9.833,117.81621
30.06,358.46347
9.987,217.8442
119.804,720.2304
9.79,174.43214
79.44,324.04318
480.14,700.8486
160.537,224.85454
9.88,135.69301
59.616,131.27429
47.053,277.4741
0.283,99.44399
2858.3669999999997,571.6732
9.28,190.67738
50.454,195.22737
20.047,166.91556
19.54,235.7678
9.78,217.34903
20.006,216.28604
19.734,181.18013
39.5,419.38382
20.45,159.0559
20.017,416.147
9.24,57.855843
9.53,60.4175
21.41,152.96652
10.977000000000002,137.22182
19.92,202.7428
11.54,207.1908
7110.079999999999,264.6716
3040.6329999999994,445.27026
119.213,169.05994
10.55,450.64035
60.370000000000005,115.22595
9.91,11.40839
9.687,451.22675
429.286,666.9252
19.42,102.461624
19.32,151.7283
9.71,403.76318
310.193,208.70555
20.117,436.46564
9.327,188.79524
10.127,173.05945
141.15,162.46107
29.97,197.26009
19.724,87.53594
210.493,2051.311
499.77000000000004,609.8312
43.84,150.11705
19.96,223.04655
3502.947,545.6086
8.887,146.9184
320.433,195.97733
40.3,126.752365
29.273,712.2048
1060.847,134.12009
20.186,171.25787
36.677,286.9853
247.887,216.03362
280.467,454.1971
630.297,4339.322
869.24,129.38243
179.817,181.54297
199.607,111.9013
60.193,121.54228
20.14,55.3804
129.793,198.92134
340.423,126.37802
0.67,198.66177
17.417,126.48693
19.28,68.99972
12.057,159.20787
9.42,120.10317
10.05,71.94291
16.663,450.98276
19.423,337.4673
39.44,109.60458
69.867,154.88037
19.7,137.38345
20.136999999999997,861.93225
10.27,230.71371
159.89,152.95547
24.813,637.32025
0.56,119.455315
26.187000000000005,236.83038
89.724,172.10997
70.196,135.02461
42.207,197.81767
19.65,101.80705
20.0,173.10529
320.217,165.17082
825.2340000000002,305.9072
280.62,392.334
9.35,144.41464
19.157,330.51398
20.743,120.28231
1.267,590.19836
11.013,182.18855
20.063,120.10317
359.5,104.04226
218.553,455.495
4.036,211.72575
161.44999999999996,102.87857
1.186,432.43338
9504.49,3738.8738
10.89,152.92966
18.733,287.77576
129.794,437.7022
59.953,673.43854
9.953,30.407772
179.933,206.59508
0.91,115.1317
20.78,612.1931
9.53,49.198143
220.47999999999996,107.110054
819.83,212.89264
129.537,120.56655
317.447,328.02243
9.483,215.86368
19.88,71.53041
23.93,68.95148
110.477,446.98373
20.417,285.98724
39.94,89.9785
40.25,191.0097
9.507,189.98613
9.59,69.53187
49.75,223.2958
199.157,93.00908
5.317000000000001,173.16298
29.97,131.90102
119.97000000000001,324.83514
189.537,506.65555
17.804,186.7883
312.933,560.64453
30.17,225.68391
70.393,406.04007
570.826,238.47615
369.66,136.19405
21.119999999999997,430.62265
18.887,673.9776
10.249999999999998,166.53046
4111.317,379.95013
59.273,64.269104
33.703,111.58978
59.057,183.29936
39.633,9.100809
19.33,73.98563
5.562999999999999,139.00989
20.03,300.99158
169.57,520.23193
81.076,62.445087
19.843,145.84486
9.65,68.56738
315.1,155.30348
6990.327,529.1844
0.32999999999999996,528.1335
101.206,616.85254
570.477,107.4958
52.913,423.64404
11.26,207.24867
9.556,10.235586
29.927000000000003,134.99443
3711.7569999999996,157.80072
10.454,168.30853
70.52,158.9481
3609.994,693.706
22.41,327.4955
1091.003,357.21872
19.786,170.43976
240.913,150.19536
671.287,264.64307
30.02,224.88597
0.644,143.13689
30.147,271.77045
39.45,191.05676
2.24,60.41571
100.20700000000001,3721.4583
291.017,150.1169
52.58,222.1882
167.696,63.21128
20.79,60.43897
89.70300000000002,1332.6002
799.913,241.52293
100.11999999999999,231.3563
99.706,260.59433
20.127,178.39937
1834.54,1604.6732
40.07,165.61295
9.164,45.86026
20.383,273.5911
40.643,256.59546
9.853,131.11517
0.32999999999999996,109.82247
9.354,145.95097
39.874,110.53227
11.537,173.54123
680.107,1032.9052
20.78,157.65344
20.413,576.95825
750.99,405.78094
4.847,149.13106
691.543,1043.5088
219.58300000000003,505.65247
57.25000000000001,925.4743
19.72,176.23503
10.763000000000002,109.078514
225.317,202.6576
79.93,171.28409
110.69,357.3038
0.186,119.46508
28.537,193.45178
1300.016,200.7287
2511.42,359.8254
250.63999999999996,3736.7334
148.943,176.61665
19.52,242.03465
1094.65,583.8651
20.536,738.473
158.426,669.70197
159.657,478.94418
0.17,167.51663
562.324,236.13237
59.823,2093.191
19.764,145.75098
24.517,519.3213
811.1299999999999,181.3124
60.406,424.3494
1910.883,1156.5776
196.35999999999999,123.41101
220.73,150.47148
9.676,53.249233
20.943,267.0168
59.623,187.73361
269.943,591.4049
20.357,641.7781
70.05,48.697662
129.766,116.44375
39.906,204.42134
11.664,395.58368
0.17,142.71753
59.89,169.36494
19.68,150.3718
10.284,110.80774
279.873,177.8182
30.987,121.87465
149.307,1360.86
9.267,685.2256
130.59,447.53537
85.82600000000001,238.8939
140.22,218.29431
1390.453,927.63873
10.07,374.30582
28.323,26.88904
48.904,197.16792
199.71000000000004,424.23923
29.784,173.67618
70.477,243.59013
253.617,889.78876
70.113,84.65761
19.396,290.2411
9.87,128.18307
29.66,112.53215
2690.9129999999996,441.95673
68.22,316.086
89.80999999999999,176.9205
20.193,157.93062
279.377,193.49821
38.36,436.53607
8.483,588.0422
30.007,101.701485
120.26999999999998,182.15935
58.643,127.513725
41.94,573.1939
60.019999999999996,119.00787
58.917,132.9294
4090.207,481.69235
25.076,129.84918
89.99,1359.5669
210.16999999999996,365.49228
59.954,137.4492
20.18,185.43611
21.847,450.09686
440.48,1206.7151
41.269999999999996,226.06732
870.457,244.84229
21.15,70.36235
501.083,285.94214
1.204,206.21706
0.144,193.21133
329.737,971.4322
18.76,111.30597
179.773,397.22345
59.423,70.26415
832.2799999999999,179.82074
139.36,143.26688
29.870000000000005,321.29935
9.806,119.90844
9.956,218.04474
220.477,206.1894
9.784,190.8448
241.37000000000003,278.10678
142.98,180.53105
45.547,871.97815
19.99,361.93365
18.747,199.95752
28.327,263.4445
24.650000000000002,388.36093
208.967,191.04749
69.546,125.30517
140.5,274.29617
169.893,137.6508
59.963,181.14085
60.736999999999995,430.45102
30.529999999999998,359.6384
110.43,1893.2548
7.6,110.04498
229.417,156.5686
278.88,199.72841
330.77699999999993,121.08371
459.973,614.2403
250.2,665.87646
10.033,189.87471
3550.5770000000007,711.54144
19.974,420.79443
639.68,142.73074
349.227,106.068634
249.617,205.22891
245.576,70.4997
1132.0,391.706
52.977,122.06149
270.42,246.45682
10.157,48.666775
3552.72,2552.0615
21.045999999999996,150.00946
10.750000000000002,113.22761
8.54,198.86478
117.947,840.65924
51.05,195.25311
30.113,326.1797
59.59,144.59354
100.09,1252.434
19.433,128.48647
1120.153,496.1585
72.044,16.932913
220.12400000000002,759.79193
771.247,283.1782
220.73300000000003,131.78758
0.11,499.381
289.13,656.17114
19.007,278.88562
4.63,176.33246
9.68,883.4951
9.113,105.03099
29.67,1463.3595
220.206,177.70528
39.884,143.25734
390.28000000000003,141.14574
50.044,187.40349
0.22,485.15054
23.002999999999997,195.95567
18.69,112.16629
30.077,175.28745
39.024,384.71182
248.797,189.87471
19.48,435.15918
251.697,101.59483
151.336,443.19302
40.026,189.40108
19.967,108.54638
9.493,137.50996
30.92,124.61886
29.516999999999996,243.54832
141.63,119.50639
8.587,139.67473
10.453000000000001,152.40205
10.063,301.84552
319.85,311.72272
90.03,407.11984
40.64,108.80143
20.104,144.56715
564.683,189.19026
39.887,254.37961
30.413,168.55234
0.3,137.38345
673.763,556.5308
469.877,369.95944
20.157,101.35943
20.084,235.61403
919.567,289.25116
60.066,26.399406
99.80400000000002,561.0381
29.913,149.68161
89.856,132.59604
192.2,1013.9247
190.684,234.32599
2379.386,1067.382
449.3960000000001,284.74002
8.16,852.42975
679.203,227.86728
50.106,523.68744
80.51400000000001,234.99689
4.807,128.3798
49.84000000000001,152.96085
39.626,139.04346
20.220000000000002,209.9793
2220.797,519.75836
99.773,101.198524
80.05,609.12305
49.497,361.61273
71.433,511.25848
39.36,120.34239
1200.82,775.04584
599.8,385.5195
39.756,243.08983
20.764,140.02457
59.93299999999999,151.10678
290.133,468.74878
49.76,310.15414
329.817,205.81572
29.853,244.38872
4820.023,667.82874
109.483,184.76543
860.723,415.02603
9.15,107.02521
31.11,177.39328
1260.264,1794.4182
39.163,134.47894
1753.42,510.2925
450.034,567.43164
130.047,179.45224
19.987,219.81438
60.263,167.64563
19.36,234.33551
252.767,1958.9277
20.063,158.54965
19.83,218.7178
0.436,228.27264
117.59300000000002,264.016
366.167,348.0058
0.767,623.4916
30.633,232.12259
22.174,60.451515
18.984,144.99739
19.95,517.4938
10.827,231.56308
110.294,748.68414
239.003,258.51245
19.06,178.27518
78.777,560.0172
90.343,229.05301
59.544,105.7588
259.666,530.33765
9.813,144.36766
28.46,291.91882
0.093,261.93427
80.84,242.66113
19.96,567.59204
371.07,151.7283
113.757,229.81717
19.847,68.32831
10.233,10.6762085
0.194,121.78638
29.966999999999995,147.18292
19.783,523.7902
0.19,48.439598
30.293,177.78963
8.9,200.64697
49.64999999999999,305.26312
18.81,42.402534
16.163,272.3599
170.034,408.2996
52.964,111.66432
10.39,177.17006
1409.97,5140.5747
20.364000000000004,124.25581
0.0,108.88316
19.48,23.898483
81.25,458.76794
12.11,60.41571
119.596,122.76266
9.237,120.316124
19.97,1222.6229
4.206,129.13875
260.8,76.50235
19.996,148.70703
8.607,120.754585
91.97,117.98181
20.577,351.34113
30.2,120.80277
100.26,459.3056
63.186,129.12878
59.983,479.69974
289.976,277.78442
0.534,225.99733
50.194,142.02684
179.39299999999997,103.60986
0.077,315.6938
19.663,59.500744
1945.087,232.54187
111.07600000000001,152.19685
389.857,1046.4557
440.02,144.83205
19.853,235.9214
670.61,166.18086
158.187,163.9737
20.567,1181.8717
9.123,70.60848
180.557,383.49176
184.46299999999997,86.14427
19.703,137.80641
1647.72,395.17117
9.38,104.35588
150.104,108.51421
69.913,248.57326
20.103,150.30899
4.96,149.80896
1479.01,474.359
40.433,207.8531
0.267,80.23623
240.04,238.46582
10.08,222.47153
650.0060000000001,122.67653
0.343,163.47823
0.17,258.0303
8.72,52.164436
2.22,176.08583
0.343,120.34239
197.83,461.7711
60.413,168.34874
50.78,109.94354
100.03299999999999,139.05322
20.547,112.200005
2020.027,532.64966
1670.97,589.9859
19.973,231.57492
4087.8470000000007,2020.3744
170.883,112.41363
30.937,173.7197
9.117,191.38847
30.12,86.63597
80.237,676.77325
859.73,375.98102
25.92,147.80634
19.353,73.68103
0.09400000000000001,598.90125
59.17,116.53712
247.99,445.38678
4739.457,418.7844
20.347,527.0306
178.147,416.78076
18.89,107.207436
600.346,507.2737
159.844,220.81624
20.197,145.73187
0.42,139.01123
9.273,91.466995
17239.013,1986.1985
0.673,113.29318
60.724,441.8369
20.507,126.28349
40.393,10.146098
0.423,364.82397
820.107,665.9779
1389.824,364.4672
330.343,391.4859
160.557,543.85046
11.027,175.02234
9.91,308.23303
39.347,173.21858
1360.497,279.75784
9.26,209.50029
0.423,208.1294
210.753,174.56776
110.72699999999999,208.8066
20.167000000000005,282.92392
249.973,148.95589
9.51,357.54376
31.045999999999996,123.36997
39.644,125.40886
18.723,435.3105
40.25,141.06299
20.16,172.96562
9.974,117.4697
459.186,517.2504
2.38,468.8285
190.307,69.9292
49.616,250.54767
13.333,211.72874
270.394,645.31134
90.8,144.89091
11.044,157.93062
79.773,675.43866
69.76,246.57855
100.13699999999999,194.00385
19.727,503.04822
20.783000000000005,154.40399
10.187,158.69449
260.13,231.26372
7.646,128.16219
9.29,470.01923
18.85,46.04107
40.107,121.581085
1460.147,376.35446
0.217,250.94888
819.9370000000001,176.65443
39.924,230.45807
50.059999999999995,134.48688
0.0,175.90816
50.483,945.4216
5.103,131.16914
60.24700000000001,1421.272
24.339999999999996,101.283516
55.407000000000004,120.98945
129.31,155.2515
529.144,151.2431
19.573,134.61163
220.66,428.61435
39.567,906.22064
30.05,129.02388
9.927,128.50087
0.017,242.08296
29.623,192.11632
21.056,355.47342
79.92,754.6951
20.11,204.00389
229.783,177.15941
19.55,261.93427
168.764,112.50155
179.81,123.30266
20.174,198.87857
19.38,135.02461
1.363,271.86172
99.846,182.71632
612.367,989.3152
10.03,300.36536
57.523,193.59172
20.017,20.671602
29.843,601.79865
110.06,181.10873
18.754,283.43054
39.737,192.36409
226.094,114.98065
190.74,226.41255
29.293,227.74869
129.69,266.6902
29.38,99.571846
30.82,231.96976
139.956,1193.0704
20.114,680.3479
111.16,4358.136
11.94,125.80331
199.577,284.69604
129.01,143.85046
39.997,84.65761
10.103,55.368656
709.757,311.2871
278.313,354.05392
0.017,109.11727
119.827,503.2764
318.914,419.24316
60.28,243.10846
29.603000000000005,196.05835
19.527,374.23636
201.05,93.075836
19.12,167.02777
69.93,124.183525
250.137,169.19676
0.22,98.185165
9.386,321.33643
20.246,142.23189
158.36,184.42722
170.0,173.39346
6.47,206.9553
1350.234,499.6683
230.04,259.27783
0.09400000000000001,11.274201
29.373,109.881516
9.55,271.58102
821.83,397.3184
140.127,272.23398
9.29,145.20699
0.186,175.90816
50.803000000000004,464.48254
99.037,177.00235
4027.74,1243.57
190.444,1139.1155
2047.467,267.77332
208.09,374.55975
20.49,141.55736
19.554,132.3396
12.756,451.77182
354.837,133.6454
26.467,136.4302
89.633,210.60909
60.6,284.359
60.32,142.37679
8.843,601.0967
20.177,198.66264
140.24,105.82108
2260.764,1005.9023
0.017,323.40118
9.724,151.38422
0.67,112.470474
0.14,172.81898
39.41,186.50465
40.13,93.63086
10.233,141.07506
209.104,165.72871
145.073,359.4535
0.546,159.65726
19.753,192.91257
19.567,125.19637
4.494,30.31062
68.98,486.6495
4026.5300000000007,489.7462
20.034,135.41502
19.98,72.65466
88.68,178.61801
8.53,855.5347
380.237,155.43907
520.263,175.00375
19.617,301.67297
10.024,178.75842
109.916,460.72263
109.897,134.20152
153.55,133.71577
741.786,272.539
30.937,145.18344
0.377,175.37602
390.296,254.49551
0.41000000000000003,332.48758
10.856,80.36975
29.992999999999995,181.36241
8.173,322.55908
19.024,214.1707
69.813,106.08107
170.257,128.15054
0.08,173.56868
5509.323,504.16254
1062.943,461.53604
39.45,150.9216
8.417,271.5702
8.696,109.2414
403.056,263.21225
17.224,118.23385
269.88,245.84357
80.103,668.6008
209.69299999999998,222.5071
20.123,383.79443
9.877,287.64548
9.707,120.25796
19.526,315.00873
0.203,162.11786
79.804,232.14877
18.067,520.97485
11.21,418.16815
39.793,259.92126
240.6,4477.3877
15.707,132.81187
940.15,1146.4222
1040.524,2568.265
68.916,167.1642
149.95,429.84494
30.953,512.3793
0.56,48.47454
9.69,29.356277
20.063,514.62775
19.816,1990.868
1099.953,114.785515
60.877,429.3641
0.173,11.354526
400.263,247.76662
430.574,251.77382
29.843999999999998,285.498
19.72,175.97032
20.879999999999995,1254.7686
21.524,144.18117
350.7,375.57446
192.266,150.47809
0.123,110.799774
79.933,479.37592
190.503,187.91283
10.403,512.33344
1451.92,488.9484
2402.027,233.49223
31.045999999999996,175.90544
180.37300000000002,28.47732
10.0,518.1489
60.06,156.50095
20.96,203.78815
179.683,327.7959
60.15,100.51078
40.853,60.394207
78.94,98.64935
60.62,416.24905
869.84,1747.0627
30.1,73.74187
9.546,281.06766
240.093,198.60506
301.17,239.16472
31.73,2115.2031
330.017,133.21541
20.92,199.46028
39.963,408.0945
39.547,177.2033
14.89,201.62975
139.93,648.0612
226.113,356.6368
1985.807,385.27545
1430.1200000000001,195.35786
0.457,69.7264
161.037,413.02942
19.897,163.22733
7.412999999999999,11.22095
19.93,204.42772
89.71,193.77522
50.68999999999999,200.21118
1084.973,386.44254
20.003,244.47794
35.537,122.24042
1531.947,138.69737
27417.837,19143.45
3130.537,1116.1494
320.054,465.42398
49.863,55.262962
10.819999999999999,90.972755
539.703,257.61783
127.803,239.79362
120.49,190.8023
98.213,953.67017
110.59,310.40945
21.94,609.9581
19.91,89.73578
139.907,172.02437
5.503,320.02948
38.007,204.86417
0.64,266.66324
9.27,313.4221
30.903,119.77876
1199.897,165.6804
99.067,151.26443
18.966,471.91342
2079.617,320.8052
20.934,177.02469
7261.883,811.88666
60.663,81.60727
9.17,82.81166
309.94,38.140835
9.533,25.098616
9.897,80.771675
89.89400000000002,109.650314
30.79,170.65585
220.94699999999997,225.18103
30.0,74.35948
20.053,193.99643
1459.456,408.85934
22.736999999999995,67.472534
51.086,320.6356
48.596,240.61055
19.644,160.1584
1211.917,988.1738
278.89,641.2601
317.996,448.14404
380.18,1084.9233
90.43999999999998,1166.8553
20.063,148.17844
809.186,171.96866
219.45,129.82056
0.89,258.58087
19.957,259.5164
110.363,160.8915
118.11,864.9464
20.393,293.31726
341.07,113.8892
109.047,62.96249
30.68,138.6991
10.133,60.424633
118.803,435.45187
5350.47,1458.4115
61.057,285.91925
59.53999999999999,257.0203
886.313,206.34001
445.70000000000005,149.80896
30.96,113.462906
40.03,250.556
87.107,122.51865
540.13,195.02946
210.156,288.6385
119.443,272.85806
39.03,375.5815
59.06700000000001,121.926
50.04299999999999,119.27258
50.323,174.86742
10.463999999999999,103.58577
620.126,350.1659
10.633,155.08578
49.613,241.74953
160.12,205.93237
45.913,188.11296
21.943,121.73827
1139.484,1324.3965
468.687,396.70407
1220.37,663.45447
109.316,246.24094
19.62,99.69456
30.703,562.43756
19.894,416.4818
299.84,152.0827
80.413,161.66418
9.907,286.83176
1129.63,225.7749
10.083,68.185265
180.15700000000004,660.85376
292.693,1317.0809
3379.433,1082.348
24.413,125.979385
19.353,136.58295
0.9029999999999999,521.6146
1270.097,1021.2801
1453.673,223.87042
20.907,449.98395
10.2,138.39622
83.647,418.07043
20.354,157.45958
10.546,502.1408
14049.580000000002,1976.0287
299.18,386.879
440.80000000000007,1062.871
1221.056,381.2921
29.867,48.8123
19.313,171.56375
199.97699999999998,482.75024
200.357,423.14594
1.28,178.0779
318.853,225.28244
1508.546,570.12103
408.504,126.89146
20.113,126.350746
360.15,278.4504
39.563,170.421
0.11,125.5728
781.046,159.9419
9.377,225.77986
10.463,249.76248
11.277,185.71617
28.332999999999995,213.15292
40.487,164.3225
65.847,67.90012
83.823,197.42108
210.56699999999998,139.151
91.56,193.08008
40.147,110.19176
701.474,136.27881
6.227,172.26616
21.067,120.32122
400.966,148.7703
69.604,115.91804
19.48,498.71527
19.0,459.62817
0.063,398.5086
39.9,119.17299
0.097,111.58247
10.114000000000003,115.131744
18.727,337.75592
168.12000000000003,203.11995
170.82,436.94443
439.053,259.35318
20.176,301.81848
18.607,156.11038
161.644,78.78195
7.037,192.25354
364.13999999999993,554.837
140.3,370.58438
0.233,197.17122
1888.494,260.8963
20.693,780.34784
40.647,163.94302
29.046,427.81705
68.873,134.02502
208.113,233.46585
679.127,1164.3258
71.463,220.5552
29.966999999999995,178.69096
1376.1,1019.84534
581.31,398.6769
119.49999999999999,234.71382
245.474,1069.2649
109.057,189.65825
0.847,198.86478
20.463,201.86177
1200.59,634.1022
50.504,666.20636
0.203,348.93588
552.327,151.45564
8.81,149.68161
19.014,110.86419
467.987,326.86316
140.326,188.73198
9.723,680.3479
18.57,134.29666
9.967,69.97029
33.937,119.29793
59.904,171.625
39.894,481.61887
340.65,113.44738
20.647,117.94537
8.773,176.08583
2560.967,297.4044
30.933,96.994934
169.93,170.65657
773.76,248.73238
61.084,190.78745
94.02,75.63409
30.33,101.561386
19.953,373.04303
0.06,9.986979
1320.84,1504.5435
8.077,60.4175
31.157,120.08381
580.07,142.40475
19.917,179.28642
99.72,168.68204
29.57,135.17229
60.88,437.7704
19.87,140.02457
35.274,921.4366
199.967,273.62015
229.307,129.89882
80.163,204.99112
429.72600000000006,549.9971
70.057,211.13673
298.823,238.29301
68.997,362.66577
319.803,302.84167
39.64,117.011635
132.37,376.64404
479.993,149.21626
64.93,130.80853
4191.204,4446.8267
129.814,298.1377
160.453,202.70741
259.946,283.5025
1300.32,772.1756
10.249999999999998,196.1691
20.116,941.1144
259.19,160.38435
8.6,186.03139
9.533,131.4775
20.15,246.24384
229.93299999999996,379.761
5065.417,1998.8033
90.677,125.148605
79.994,702.5614
18.677,384.9309
569.55,653.16547
23.424,173.43758
270.17,249.61676
19.57,272.8004
1.36,247.99689
14.943,849.90295
49.42,475.95175
170.56,120.56494
80.127,347.55017
40.13,193.1756
80.753,205.28151
30.273,151.24268
69.81,259.25497
30.246000000000002,317.99817
29.81,68.519485
80.17,135.39957
69.99,164.61525
103.67,288.65228
49.54,231.39575
89.68,428.70944
50.470000000000006,170.40216
38.977,79.43972
18.753,203.03249
19.123,69.7264
70.263,157.89085
10.04,107.207436
19.677,101.22221
20.21,246.91481
40.977,133.67874
1.017,189.84819
237.36,970.0849
20.983,140.86987
149.953,165.86316
49.154,212.37312
100.94000000000001,197.44669
10.653999999999998,149.59062
149.856,144.76772
290.79,48.580578
29.769999999999996,130.68573
28.663,108.796104
20.423,236.41364
21.24,174.99461
6459.994,1669.136
0.09400000000000001,175.55324
8.81,269.98376
48.67000000000001,141.25174
29.95,144.80191
19.774,426.97476
9.4,333.62683
111.54700000000001,348.5716
347.193,1162.6
870.994,160.81259
320.356,188.92949
50.424,131.37155
18.31,222.47607
0.41000000000000003,120.79484
0.577,149.90744
29.89,210.18
79.7,813.6865
978.2000000000002,482.285
110.827,131.92471
9.853,637.9808
39.95,265.2886
30.76,93.44013
20.42,186.91238
650.8830000000002,87.97644
20.92,451.57605
40.11,128.41704
450.573,675.81915
120.007,134.64485
20.31,761.1217
5.183,211.85515
49.793,150.69298
60.07,28.638044
820.207,141.69087
8.564,153.96487
199.206,67.74937
210.18,169.10544
20.377,90.74898
57.87,112.403366
6.933,124.61886
235.683,237.48419
41.276,124.66044
1199.86,723.0557
1030.2,92.76492
149.967,145.89359
10.527,105.42944
50.19,398.1554
17.01,40.35238
9.457,789.7131
0.28,174.50874
739.453,437.55798
59.507,232.03929
679.786,133.36157
338.907,24.604122
19.897,363.09808
19.92,107.26026
0.063,190.55597
0.19,253.0182
29.905999999999995,211.72575
1119.703,157.50372
10.43,395.31207
19.687,175.19899
189.746,377.98676
1100.117,391.25668
529.943,492.1861
60.373,136.61562
340.637,449.3346
129.983,150.31502
1737.537,197.66211
20.167000000000005,1025.9707
10.224,144.1929
41.11,189.55305
21.11,10.128295
71.033,300.73267
80.093,2510.2332
10.19,270.51904
91.296,189.44637
90.423,181.43
20.37,2269.831
10.024,132.37546
239.90999999999997,442.8115
28.856000000000005,152.50482
169.773,201.72667
1430.9,268.52676
10.24,281.89758
9.903,118.61825
59.003,93.02531
120.083,209.45277
760.086,252.14003
19.573,245.05153
90.14000000000001,583.23663
10.207,166.53378
81.0,721.9385
128.53,128.61998
8.41,67.183754
19.753,231.01122
720.71,303.6932
113.183,82.21541
327.093,125.26063
10.78,249.59622
4170.573,1376.5066
89.61600000000001,129.85524
0.097,70.460724
112.0,245.31764
19.957,353.37708
20.595999999999997,647.3107
119.733,354.0837
0.014,137.08109
554.094,192.82632
59.29,231.7923
1.023,14.274351
31.13,156.07213
1.083,76.96896
20.164,97.269554
9.113,120.34154
67.127,396.8822
219.133,403.5905
10.067,48.666775
40.267,263.15967
0.32699999999999996,47.046417
160.793,238.07375
1479.883,137.60619
336.19,2801.04
209.617,159.81061
19.756,366.15033
9.824,429.48468
169.353,243.37395
60.202999999999996,310.25482
1006.054,244.3083
58.81,153.77008
81.117,123.154884
298.897,144.16489
9.744,121.8366
9.864,291.89743
10.373,139.58968
19.133,102.21367
18.83,250.0492
20.32,233.98883
30.974,124.08687
120.717,88.38555
49.197,162.55855
171.087,339.70724
1978.486,320.65652
19.493,132.97787
19.897,214.04294
29.513,99.01054
2039.46,169.66519
0.45299999999999996,236.98619
569.444,425.1105
120.127,130.42075
49.919999999999995,222.46678
70.79,108.61939
110.637,109.93231
280.306,558.78516
19.683,193.10274
9.79,129.4243
8.867,173.96758
0.19,249.59622
500.093,251.49342
9.593,136.73813
69.967,110.799774
19.967,931.57434
9.576,131.8387
260.973,178.75842
351.16,299.88174
29.95,366.21057
59.857,479.09546
60.104,219.04276
40.533,103.80721
30.909999999999997,84.07144
19.53,54.356453
509.68,1610.991
152.06,407.53812
269.627,673.54
10.607,179.91652
0.467,121.31477
241.074,140.93942
79.393,195.08398
20.82,407.1996
130.823,458.54245
1.047,183.21985
110.507,171.6327
529.536,192.44118
20.01,48.66624
120.02,404.3021
769.8969999999999,453.01068
229.45,242.15575
31.917,181.78557
9.613,146.408
19.42,794.9443
19.967,506.56488
39.036,169.295
10.743,362.9363
170.737,346.5757
29.894,291.79648
40.837,168.34018
39.733,134.07726
8.763,132.22197
9.054,219.18306
29.683,266.27872
20.283,131.33809
141.133,189.52696
238.657,281.18155
621.154,300.67206
9.843,104.24426
28.24,267.63928
20.55,184.78369
41.827,110.364975
118.194,321.10226
309.694,234.39064
9.71,170.98763
76.666,232.7508
65.91,574.85596
10.782999999999998,535.4517
110.16,237.97107
599.15,243.0469
4809.137,696.706
61.513,202.02985
30.887,947.9711
5.053,135.73582
20.68,96.89087
9.167,228.46483
70.867,634.2901
40.45700000000001,150.72134
390.95699999999994,433.15915
39.77,343.02646
299.794,304.18875
0.234,275.33078
19.373,170.10236
19.847,154.77538
18.957,111.77929
19.696,249.65437
212.32,245.07664
150.496,330.60168
40.857,120.11488
0.61,92.89636
110.297,141.54518
330.99,202.38535
60.456999999999994,131.1533
17.294,564.53064
18.306,108.30463
19.827,150.8173
171.54,110.82678
10.063,146.5449
18.757,456.69672
1450.26,307.19525
18.966,204.28075
99.627,177.30426
370.00399999999996,332.19702
657.29,1927.9028
1020.597,193.14815
229.913,524.8467
61.15,114.61796
0.11,209.53923
29.213,214.31804
129.67,386.08286
95.41700000000002,164.12347
169.763,154.78748
19.73,396.3387
12.257,251.95224
28.109999999999996,603.30005
299.847,157.61389
59.8,149.42412
319.92,176.9334
244.39,358.87625
3480.5,3793.432
19.744,165.42609
20.99,97.85796
290.447,345.0171
0.9860000000000001,112.10203
229.98000000000002,2455.5464
176.69,210.82841
121.177,343.75165
10219.727,8393.598
19.72,211.16722
10.057,171.09093
80.31,331.9147
0.03,173.41174
788.6799999999998,193.60641
0.38999999999999996,284.11533
30.026,135.25291
1.5329999999999997,174.02437
30.136999999999997,192.48703
120.626,113.45433
60.19,113.627594
19.533,628.06757
2831.81,663.5432
230.98,221.39467
59.353,255.4848
66.787,191.09357
1236.797,989.901
189.80700000000002,163.43196
2570.244,937.5979
10.46,601.79865
1909.95,269.9377
1000.956,141.11281
50.954,176.62907
339.67599999999993,907.74176
110.354,366.8608
8.41,17.323576
48.563,139.9744
29.122999999999998,250.27165
169.93,202.93076
2659.826,914.8342
71.097,124.78444
9.873,118.33278
681.403,884.5643
10.509999999999998,82.81166
29.976,331.36472
429.12,165.4257
20.363,29.49748
1609.77,166.73683
9.223,222.81822
660.56,329.17032
479.693,1196.0685
59.743,701.46576
250.16,429.54938
20.186,158.57143
47.65,36.12194
29.79,128.9584
60.097,142.64328
260.55,742.4052
730.37,113.69331
11.94,119.15676
410.027,705.6508
9.44,177.46735
474.69,300.348
13.993,138.7893
129.334,111.99967
139.196,236.64195
379.647,309.63702
78.943,208.05951
10.334,115.77796
1526.11,270.82138
399.85,250.6493
340.193,198.27472
20.153,2171.1628
149.937,231.2968
620.123,162.85608
29.397,457.16028
189.323,100.24359
20.077,133.9411
250.647,474.12317
100.703,330.71393
1241.91,1242.3029
19.84,712.5593
28.987,533.9803
530.524,402.53845
39.597,241.24602
1207.157,348.3441
1169.934,431.2148
0.14,157.39258
70.063,552.6847
0.127,283.40076
14.622999999999998,145.35912
0.237,9.93449
9.583,188.33698
20.603,73.863625
39.597,153.94
819.247,1000.59656
149.94,253.0601
729.533,883.4951
180.527,204.28075
10.773,115.59594
9.267,120.03038
220.363,240.7469
19.97,106.18454
8.326,166.91982
135.81,292.09018
90.05,157.3159
18.99,197.60657
110.20000000000002,194.29477
189.64999999999998,532.9107
99.956,406.25714
9.327,266.2236
118.47,385.9882
76.53,157.3541
9.99,305.18536
1154.863,251.54472
30.253,448.92303
963.923,351.55643
0.127,179.02818
39.914,214.0357
20.7,69.337875
19.124,164.38634
11.129999999999999,156.34677
550.91,1557.0769
59.257,92.86511
40.91,206.62263
1069.91,512.33344
20.0,1309.1327
319.663,178.10497
539.987,181.94287
21.07,52.616096
11.077,456.38843
39.603,221.65416
2156.857,270.2041
30.1,650.7408
20.166,164.9258
319.567,175.5685
0.957,49.378498
39.67,121.77741
19.343,115.239265
19.386,306.74237
9.923,193.72546
19.974,362.19788
69.627,168.20856
18.763,130.73668
19.7,195.99414
49.76,196.09799
110.094,154.29494
749.673,129.67125
32.384,176.13086
148.16,344.59802
1786.354,663.2257
20.397,273.14853
120.64,247.00995
19.624,220.81583
460.877,367.25613
1.31,285.16315
0.017,252.45667
20.967000000000002,180.2717
669.1369999999998,413.9592
1209.887,266.1597
30.957,12.570852
18.21,206.91017
0.033,434.4244
1149.383,1502.1488
29.66,219.79362
19.29,153.13287
40.207,174.72688
39.874,143.53563
31.17,152.88725
21.387,223.2756
98.45,148.22365
69.18,274.48727
76.063,637.82526
171.38,1166.5795
30.809999999999995,112.294754
9.927,50.926323
31.34,192.85188
99.07,193.51642
9.56,114.153786
20.127,176.03998
161.267,253.07994
259.693,169.44919
60.423,118.6824
29.407000000000004,45.57641
9.543,81.71739
140.417,81.03052
39.377,1273.804
270.386,48.881927
838.22,131.35881
18.907,108.86503
298.227,223.63918
130.193,129.88684
259.896,451.22202
51.777,180.1155
1234.24,745.2996
0.08,124.941635
11.123,193.10274
1309.25,667.44556
20.104,224.1276
339.177,781.8573
431.94700000000006,263.61697
20.599999999999998,104.22225
20.15,427.14124
680.447,739.8673
1166.023,1054.3755
25.67,111.42465
12.503,210.332
80.32,213.91576
99.547,156.86282
19.227,113.212364
61.093,543.54614
89.427,142.24513
489.667,522.2053
39.19,144.12428
308.793,102.54343
58.59,224.24446
900.276,239.76454
0.517,234.225
30.703,184.62686
20.204,147.90875
19.96,565.8317
20.247,260.2342
10.853,151.81929
5324.263,905.5037
3040.0630000000006,509.5327
890.65,550.60565
170.807,48.568462
901.4199999999998,349.86667
519.946,94.85954
479.493,210.46355
189.467,144.5468
2941.274,393.49878
200.18699999999998,94.46698
201.837,135.11281
0.25,259.8266
149.367,158.22389
0.216,15.180222
82.45,141.68724
30.03,129.59674
29.724,164.36763
59.74999999999999,159.0559
568.697,243.06935
735.14,331.36508
2532.57,786.5411
39.973,159.63907
30.004,120.29577
58.95400000000001,89.71016
18.66,188.98619
9.893,120.703316
350.513,1512.8032
10.363,275.3254
48.809999999999995,518.0541
3251.287,1624.7555
10.29,125.10518
140.033,274.29803
72.587,158.89563
180.213,394.40485
9.543,190.93488
81.5,114.038765
21.916,60.4175
330.09,146.9297
115.017,951.41473
209.16300000000004,252.53131
1050.177,164.49915
990.76,124.87397
449.84,194.6764
93.5,222.0813
8.093,179.20796
1276.833,456.63263
20.47,375.1701
49.56,193.98318
639.633,111.12632
18.984,256.19598
1150.18,317.47107
19.803,154.99779
150.277,247.26027
68.994,134.82452
1521.494,181.48102
30.132999999999996,198.59222
20.017,174.18985
31.71,189.4007
21.384,347.28787
948.884,4145.7573
130.626,190.84642
240.667,146.05353
29.923000000000002,22.246271
4769.903,3384.6013
12.086999999999998,192.65063
30.283,951.82587
170.88000000000002,159.63907
19.476,205.12521
29.800000000000004,178.79356
0.673,176.19212
80.553,30.069183
28.406999999999996,82.81166
151.37,168.86446
30.220000000000002,166.57988
9.957,412.35867
69.007,110.54663
30.813,133.01857
23.636,130.80977
19.687,144.13501
239.966,285.498
36.233,225.90826
4050.3,566.60956
20.566,332.2184
0.143,146.49687
450.277,311.68243
99.36,123.75643
239.92,179.25041
19.26,265.16376
0.127,131.33809
129.0,114.99327
19.956,94.22475
0.22,270.23074
11.317,106.67786
20.957,197.85231
19.106,162.39467
345.52,149.66768
780.05,1197.6094
19.61,138.34363
50.07,266.01404
9.89,160.73613
19.944,1943.9458
0.11,70.16608
2411.157,2653.013
1089.8,137.72383
109.83599999999998,149.05011
10.64,157.65785
129.246,232.94244
321.153,158.11404
1830.213,301.24716
0.313,169.33359
499.25,245.43614
9.673,113.212364
111.613,147.98785
39.76,169.95525
19.743,205.67477
1108.667,180.01411
0.53,131.7371
210.207,146.62857
129.957,190.66145
19.09,275.4149
89.963,112.470474
560.413,163.42365
29.896000000000004,179.04893
166.04299999999998,138.7893
18.557,171.7037
409.237,75.88491
22.967,134.36598
91.747,414.76535
19.0,46.679745
12.104,116.11697
31.02,146.2766
834.26,393.81357
59.98,110.697296
0.61,168.37944
431.027,1904.6874
269.677,151.31612
37.923,347.72403
30.083,1106.942
10.2,236.41364
260.12,129.45232
20.18,261.58798
1570.536,164.85814
20.323,213.11601
18.937,149.80812
490.52,123.49636
20.52,491.11307
8.143,910.01245
9.917,98.194725
120.956,113.82575
500.056,365.89087
9.607,81.27604
29.533,120.413925
19.916,147.79207
50.353,130.98491
14.692999999999998,284.97827
19.844,895.5929
1779.46,384.56973
26.71,194.13033
60.083,264.0738
111.014,141.20328
131.853,134.22078
41.10300000000001,8834.955
139.367,193.77171
0.363,188.55415
9.02,304.35196
710.1329999999999,318.30017
18.884,237.11263
38.727,195.28336
119.863,157.97412
520.0,269.7875
9.487,166.91982
179.947,251.61554
19.903,132.78972
10.98,120.948494
19.83,405.38208
1526.623,124.791016
104.553,2026.9727
260.46,399.55322
29.546,462.56467
1270.596,131.61867
20.02,426.88434
299.87,397.38617
19.04,260.3921
129.897,148.25555
19.653,131.13724
20.71,172.67387
968.723,1597.727
17.603,798.388
190.82,266.06888
34.314,19.799425
25.352999999999998,129.33435
58.56999999999999,143.13689
450.55,243.58951
19.707,111.78163
28.079999999999995,231.64629
19.544,174.7127
26.493,131.79987
20.495999999999995,153.62996
20.272999999999996,145.29463
19.94,183.21985
0.17,123.937515
16468.647,11960.2705
843.453,101.89978
21.0,75.99949
7678.617,1231.2251
649.973,371.0877
20.076,242.31535
19.57,174.05295
9.39,468.98486
180.80999999999997,948.673
19.807,359.79208
39.51,80.58261
279.484,125.52673
690.087,248.15952
129.453,209.09703
22.063999999999997,211.72575
80.24,167.02283
160.177,156.34935
19.32,145.84311
10.443,150.72076
19.797,196.1749
251.26399999999998,130.23738
160.763,542.13965
89.887,188.83519
39.48,78.97862
9.367,55.368656
299.066,439.67105
29.89,187.5885
120.103,227.87314
201.813,112.7195
102.45,191.80617
484.3670000000001,371.68033
0.017,60.451515
50.006,257.87137
219.754,333.5508
39.853,132.9261
0.36,286.25943
0.593,193.28584
11.173999999999998,167.38023
20.053,86.651505
18.873,170.45879
0.22,242.66113
0.704,109.293106
1.17,190.53896
351.727,123.64792
60.90299999999999,746.0622
93.31,259.0589
9.93,14.30816
260.12,128.32143
1.034,60.437176
9.637,106.668015
429.8,601.77686
10.064000000000002,326.1797
10.163,145.61394
110.397,225.55702
10.203,601.0967
40.46699999999999,113.219345
99.727,166.69559
5404.527,374.6463
20.21,132.9327
0.284,276.42932
3593.64,489.1606
11.833,60.42642
10.05,428.18597
120.35,450.2565
410.28,114.67787
190.57,130.67441
296.127,681.2477
19.094,241.05855
19.92,264.1065
18.974,182.71632
30.147,194.23438
10.794,190.1242
11.1,217.92026
19.877,142.71753
65.977,457.28333
20.652999999999995,167.0694
359.17,1024.4386
219.91,127.86504
10.73,139.99509
760.887,693.0783
20.037,215.15494
39.833,113.791534
130.133,119.323685
20.837,126.20476
1.053,430.45102
1141.443,94.56865
19.78,707.5022
19.677,454.91107
590.653,141.99992
0.593,134.70564
20.567,47.701202
169.99,181.03345
9.007,249.64706
19.234,85.829994
49.907,77.87022
10.509999999999998,209.90338
10.194,167.19623
141.05,696.09357
511.16599999999994,543.68365
0.343,216.5432
20.023,148.29443
5.307,118.12158
250.077,191.57816
1329.4,101.85007
30.737,134.07726
30.164,169.14822
89.46000000000001,120.88527
401.503,222.26535
413.436,233.25302
30.57,189.15977
361.966,213.32106
220.837,167.89134
260.19,766.0027
0.03,191.56868
11.147,205.89441
300.203,274.55276
220.16399999999996,135.61565
480.367,176.93561
256.793,510.5675
32.024,431.07892
581.25,5715.5483
1200.653,436.0999
40.647,174.26186
29.0,148.42702
609.903,140.80206
19.07,550.53546
20.297,293.942
1220.097,384.24234
29.210000000000004,92.13524
0.013,136.41663
160.303,99.19363
9.773,138.34363
19.18,195.0641
46.205999999999996,365.60788
18.72,336.34552
159.453,338.74197
28.794,176.35265
0.313,373.09662
289.837,230.56387
9472.544,4517.9224
9.913,637.2883
48.01400000000001,212.04619
18.9,939.9294
7.626,520.97485
18.39,1148.519
30.250000000000004,160.73613
20.523,176.19212
265.427,66.42787
20.354,221.60161
21.127,238.29301
20.886,48.07814
59.787,190.216
25.98,413.7343
17.08,177.14113
17.214,167.64769
779.794,125.88944
19.94,161.28738
17267.433,1079.8038
49.525999999999996,191.24936
159.157,211.5133
136.973,613.8719
0.593,193.44037
301.063,146.00766
9.723,219.81438
28.402999999999995,67.92351
60.56,74.7809
0.09400000000000001,361.67892
22.01,501.88544
2745.793,334.45312
440.936,290.94675
18.52,108.439316
65.997,196.7435
180.133,125.682816
1980.9270000000001,322.01355
19.676,213.39662
14.72,150.93962
19.617,222.494
60.307,307.9497
49.86,1655.7021
20.313,306.14255
611.32,417.18375
109.69400000000002,117.23964
85.167,192.84987
13.036999999999999,170.9686
170.213,201.08736
329.67,1074.8737
281.54,262.88028
329.03,246.59471
78.994,241.36758
59.85300000000001,409.83368
149.777,203.57402
0.22,60.44469
9.19,320.11856
0.11,238.63763
9.72,279.4149
279.32,751.32367
511.107,146.68228
93.19999999999999,566.5919
30.774000000000004,127.90303
30.024,209.79521
119.334,166.79298
1.444,203.25223
50.037,42.072887
40.12,188.83536
80.077,119.35881
19.973,358.2542
1.423,518.17847
4.08,46.404945
519.947,147.13005
555.257,177.76112
8.813,97.96322
218.8,123.21767
30.377000000000002,225.18358
43.297,424.2913
33.99,257.2758
0.123,416.91293
0.077,241.60907
441.203,175.78964
11.02,144.0946
39.837,389.94864
1108.937,788.2378
298.877,252.02524
1632.063,2865.8494
241.106,409.71378
60.47,441.66705
21.530000000000005,92.92009
20.524,392.26324
8.047,157.65785
70.11,149.03503
10.106,282.5684
9.667,147.0882
30.114,189.03339
0.0,173.51701
241.99,482.53186
129.167,197.70432
31.14,120.36332
20.897,177.3602
68.313,48.689163
79.964,168.29318
9.973,47.795174
9.684,192.11282
14.63,178.21553
9.267,96.60837
70.07,300.99158
19.37,84.42637
9.907,222.41084
11.55,120.81995
18.223,142.56575
51.376,151.98456
19.473,177.12883
129.76,213.28511
152.09,1794.7036
51.057,149.5639
118.90300000000002,186.83354
0.266,150.86618
10.227,187.07253
80.06,255.63542
260.503,458.87503
20.01,3014.5974
398.797,135.68022
30.31,215.83182
59.614,366.4339
49.817,355.26474
99.537,454.49255
8350.17,1527.262
13.633,164.87137
108.617,374.5411
0.157,134.36598
47.27,235.4606
0.47000000000000003,185.46559
99.05300000000001,149.24957
720.393,97.77067
1761.027,256.1768
29.957,30.35917
0.343,120.31699
223.523,336.48175
39.923,103.84995
10.03,91.512085
470.403,674.20593
129.827,130.13423
20.07,133.61554
15.637,17.608112
4.586,204.38048
90.097,306.14255
0.04700000000000001,148.1928
69.47,325.09164
19.267,54.73069
19.474,1182.9878
390.13,51.716743
11.21,300.27774
60.053,262.20367
0.437,69.192764
51.453,190.2023
0.766,136.68484
19.677,147.48048
18.986,303.48712
8.707,60.41031
0.61,145.69572
291.483,238.41554
20.247,205.16467
700.196,131.3417
14.089999999999998,135.3142
29.82,377.54147
10.15,48.669373
79.997,155.00331
69.646,52.6299
9.993,113.7501
9.177,664.1914
43.543,382.28644
152.32,186.76271
115.53000000000002,148.90749
19.166,233.45085
60.41,397.03314
274.123,153.4955
6.48,142.89362
10.642999999999999,46.496346
87.79,192.26424
200.023,242.83604
371.66,673.1361
59.92300000000001,427.1418
739.247,144.12146
82.55700000000002,137.6221
19.28,107.23284
830.45,133.00398
49.69,186.5219
109.134,86.99307
129.164,353.6374
19.224,152.3835
9.753,170.9686
20.72,217.88937
16.927,159.02551
80.94999999999999,134.8242
2626.303,260.62436
428.494,247.32008
9.66,175.55324
8.55,303.50894
1389.1730000000002,300.84857
19.12,205.90598
9.883,230.66599
9.963,253.41191
119.92,450.37204
120.697,141.58353
18.893,326.04715
19.097,118.21699
9.01,100.61861
20.224000000000004,45.593327
380.093,161.00668
0.14,60.437176
229.16,671.74426
49.97,131.28099
0.19,194.61592
14.987,145.60217
31.08,289.36472
179.716,527.0306
29.1,297.90768
219.86,290.17004
109.723,227.42267
19.737,104.2281
350.17,135.32597
0.7339999999999999,90.30046
358.90299999999996,162.64137
19.407,191.54082
89.84699999999998,204.01321
19.797,199.19582
50.53,125.19643
80.027,91.69252
40.25,133.01201
2840.1470000000004,543.35645
180.203,3532.353
160.016,173.17303
18.75,35.696342
519.787,945.3475
13319.927,10328.285
341.16,132.3499
19.517,204.24736
61.23599999999999,74.04671
421.2099999999999,249.65312
40.113,638.0899
39.42,159.81242
220.136,198.65094
21.203000000000003,167.11267
49.123,271.04733
0.11,504.78967
120.027,250.48856
21.049999999999997,222.38898
0.627,200.65926
20.423,55.28644
16.33,71.416336
19.813,212.2435
19.484,126.6313
189.957,366.51578
170.01000000000002,147.72461
448.947,1073.8054
10.246,78.86032
1896.4030000000002,1094.0201
63.156,567.4039
129.053,101.701546
8.244,136.69537
529.413,147.295
299.66,156.18314
249.65,193.28584
21.753000000000004,92.05458
124.99,106.44969
128.807,164.38335
20.034,10.146098
10.437,233.53343
320.263,273.76974
50.59,143.77435
9.977,438.0152
469.304,60.6326
39.63,141.00977
40.59,94.32511
8.547,47.607414
637.647,145.31699
382.204,791.4324
8.15,105.2153
0.564,11.274201
110.573,159.66045
29.194,133.89207
0.157,47.357292
401.28599999999994,414.0643
619.434,173.3086
10.313000000000002,190.55418
10.9,266.2236
20.05,141.0276
20.513,223.84218
59.633,136.01901
1732.914,1121.532
19.15,193.89278
58.98,166.11078
49.613,560.75977
59.073,224.27293
101.487,206.0775
39.857,250.54767
9.977,134.73203
127.19,225.7476
89.237,433.2197
0.6569999999999999,408.377
15.507,130.25763
416.483,316.41788
770.1559999999998,421.89447
31.114,184.8115
314.683,666.0389
0.37300000000000005,175.0977
113.513,207.72908
10.61,239.21652
79.84,162.30757
71.507,146.78632
60.2,412.01392
110.573,120.52807
409.91,300.5488
20.344,234.32599
86.86,587.6137
31.2,139.19955
60.64999999999999,174.70854
19.29,252.80244
9.763,538.4074
10.027,188.55685
28.967,687.3282
3.544,136.03162
19.02,255.80243
773.5070000000001,565.13495
0.09400000000000001,138.40675
9.686,177.0631
170.067,185.85788
79.937,422.68924
389.78,48.85465
31.597,171.1054
22.050000000000004,133.64082
130.037,236.09114
38.98,105.02021
19.313,48.47454
60.706,224.35126
10.420000000000002,29.97314
0.064,175.9968
167.463,119.2727
230.19000000000003,270.12387
8.547,513.79236
40.186,450.7681
261.907,1387.7435
30.250000000000004,317.4705
80.903,213.41373
1998.256,269.9394
9.084,471.91342
1103.983,398.88965
250.327,265.7599
51.574,579.48206
59.71,160.25427
60.277,308.3659
351.6,355.6825
39.743,128.07034
127.63,106.63698
9.917,190.55614
1094.623,642.8861
18.453,361.4905
119.647,145.7271
90.217,10.057384
180.243,190.36096
221.03000000000003,206.33022
29.317,506.85648
20.63,519.98846
59.903,260.72375
29.909999999999997,901.3847
192.174,304.85162
30.113,173.49814
130.107,1153.7479
539.116,163.06985
341.36,195.4415
320.47,164.72586
50.35,191.30023
59.809999999999995,86.79039
340.163,234.80576
0.42399999999999993,299.1949
650.7099999999999,299.53726
119.26,438.54208
19.237,123.78008
19.59,230.06433
60.18699999999999,459.96124
29.763,223.30566
231.494,290.636
1351.07,247.69862
20.453,115.876175
9.867,118.489914
52.066,105.10755
0.14,175.19899
20.753000000000004,245.30557
0.614,241.60907
48.473,210.10542
19.7,188.45248
419.913,406.999
129.823,63.00066
13.3,203.78568
120.32000000000001,190.80757
0.707,152.65363
289.877,134.95389
10.06,97.23698
119.3,135.09354
15.467,119.17185
3409.407,1199.3806
9.837,279.43607
1229.936,337.8673
9.02,133.55545
58.863,802.70105
3733.364,1021.6945
29.876,55.407837
60.243,491.17307
10.14,77.999825
10.017,138.17824
308.65,474.83505
120.80999999999999,129.55684
3124.3,270.511
150.763,123.227394
11.296,88.701866
19.894,155.98706
10.696,156.94032
110.17,74.9427
234.606,240.57063
160.757,170.05371
33.05,268.22327
69.91,108.46783
9.41,180.1521
4069.807,89.69584
39.456,171.2922
119.70999999999998,34.06564
18.564,297.25403
20.810000000000002,155.01782
50.823,134.41153
40.574,153.9139
29.36,228.92812
10.034,172.76042
167.853,196.29594
8.69,147.0882
49.996,228.78844
420.097,1233.436
69.823,233.84074
0.673,131.13168
290.453,371.00793
21.03,91.01759
39.79,400.82236
2663.59,1991.2542
1.68,60.4139
30.11,77.6085
270.027,239.09126
40.253,78.74218
823.203,545.1236
9.436,447.50873
58.533,131.52174
79.86,48.713505
9.437,261.04346
111.46299999999998,1060.3751
6.596000000000001,106.20656
20.013,195.93463
47.54,204.70726
279.687,406.09476
20.02,120.68043
34.326,212.69737
20.79,121.7145
370.637,1106.5112
19.803,354.08707
239.033,466.07285
409.05699999999996,252.3587
29.127,268.86447
269.88,114.298485
19.563,317.7738
9.44,442.94012
1.03,109.46937
19.837,111.93364
29.277,255.45413
119.923,162.30128
20.669999999999998,292.80502
470.2099999999999,503.72275
20.595999999999997,149.29887
649.747,133.93007
78.63,244.12718
19.44,157.68533
9.707,749.8808
78.19,239.71208
260.55,357.29062
24.134000000000004,191.77121
61.26,336.38754
10.577,138.69131
9.91,171.2922
212.13700000000003,200.06305
64.61,486.16357
60.157,141.67012
20.136999999999997,2570.1836
119.06000000000002,195.58832
50.95000000000001,186.50465
240.85000000000002,114.35105
0.843,60.447994
60.076,161.89233
59.867,193.8407
701.12,389.18396
60.914,142.32074
59.787,115.244026
170.053,302.28647
308.436,351.66483
49.733,375.04297
50.273,162.81148
310.566,438.6807
29.419999999999998,226.91364
60.456999999999994,154.94176
210.24700000000004,455.55768
0.216,189.9801
480.74,1227.4424
20.02,6540.287
1610.0070000000003,763.23816
19.91,20.671602
1519.4769999999999,789.4423
10.12,148.04472
231.04300000000003,458.65375
54.65,590.9709
58.457,1365.2798
78.7,363.2203
10.177,451.09094
157.433,140.3929
117.027,843.74365
10.013,420.0095
1340.594,1349.294
1483.52,470.8065
390.383,165.51913
501.21,255.52318
11.12,45.56602
30.49,124.96918
9.604,246.87021
90.08999999999999,239.62265
0.034,221.16023
260.17,169.82133
180.71700000000004,353.99356
20.853000000000005,113.63981
1084.436,544.2397
450.59599999999995,447.55917
11.693,229.0101
20.503999999999998,502.1408
170.433,1264.7188
76.613,154.64867
10.676,192.31581
584.263,3519.7422
20.234,187.76747
0.674,46.496346
0.42399999999999993,138.72389
9.64,170.43495
517.076,153.37077
380.4800000000001,1618.1443
20024.653,765.601
9.107,578.2188
189.803,283.7958
142.15,239.59052
9.323,70.50995
200.987,176.60771
0.063,119.430725
9.82,350.56958
19.493,154.40399
882.76,158.82289
30.03,55.35298
330.227,84.13407
50.123,11.626449
70.05,118.667175
40.74,237.42766
369.874,84.34
0.034,211.73376
29.883,48.645504
0.11,300.5441
29.917,431.7714
60.06300000000001,255.25728
39.857,150.1567
319.91,190.15456
2060.42,848.38824
50.813,106.18454
0.063,158.69449
9.097,109.64576
0.5,180.1521
139.976,2819.7021
110.72,240.21474
19.22,802.5506
208.85,2341.8386
39.253,119.455315
234.4,247.64029
1840.767,257.83267
0.317,120.298225
130.387,241.1182
80.337,94.96833
9.877,448.74454
41.984,211.40639
30.516999999999996,112.98965
17.343,104.78481
188.567,209.71275
1950.12,489.91736
380.18,223.12909
8.907,279.43607
2157.387,405.85358
101.166,103.255356
30.005999999999997,173.6849
19.52,253.21144
19.68,212.19247
29.653,156.47797
19.163,447.08234
19.363,93.44013
729.94,119.49049
29.927000000000003,402.58963
30.316000000000003,240.00563
138.344,210.30763
403.197,224.31209
16.96,763.26825
29.506,104.87725
20.087,106.43977
199.3,237.71863
139.773,81.98233
2372.1,369.68573
9.013,385.39777
178.87299999999996,289.4358
40.99000000000001,564.9944
20.206999999999997,1478.5032
510.05699999999996,996.6315
0.597,279.4149
20.525999999999996,159.93338
41.47,291.20764
20.68,318.02615
80.486,135.34396
19.89,529.58936
620.757,273.60965
20.057,347.91708
9.43,489.12305
150.167,318.6805
19.753,452.35516
79.883,233.55644
6.156999999999999,516.58246
10.027,30.165531
69.427,105.96361
10.32,312.64246
179.853,150.66284
9.78,45.56602
31.106000000000005,70.21513
929.944,345.80103
10.21,134.6007
39.903,121.98758
3422.3930000000005,388.2736
18.693,583.69855
19.94,155.60477
16.323,176.97697
240.42999999999998,151.32101
39.673,638.5988
101.154,212.95421
45.846,121.6056
299.41,615.856
40.263,160.92017
678.4800000000001,133.9614
141.313,98.260895
29.883,416.24905
319.926,288.2206
20.17,156.88492
0.374,701.46576
10.39,141.35072
170.427,633.8468
391.54,437.5951
29.216,93.57288
51.157,443.46066
80.217,225.55266
80.626,134.84952
107.16299999999998,165.40758
30.263000000000005,179.25041
9.846,232.65622
820.29,187.24475
30.077,155.43126
18.887,149.41077
32.944,141.14949
170.6,776.625
79.96,156.0344
3175.33,706.4138
40.024,48.6176
14.709999999999999,102.865166
19.46,87.24149
51.357,136.79456
29.68,156.54794
90.08,131.71883
149.963,2880.2595
50.087,131.43388
50.064,255.80179
30.097000000000005,163.26564
9.09,193.8407
61.327,174.74457
18.77,189.43489
60.847,894.4101
12.534,840.6805
9.65,114.01881
0.19,177.76314
39.426,189.01129
20.073,701.46576
8.933,405.4983
1.13,190.67738
179.96999999999997,1017.29297
19.057,191.56868
111.353,122.27127
720.82,730.847
119.806,195.5126
609.927,1453.4684
10.993,145.75098
128.974,879.16345
831.244,369.4035
21.29,241.74562
30.797,181.09724
158.497,141.96167
557.573,506.56488
2260.983,141.05898
10.74,276.98392
2269.997,1180.6406
18.567,230.8695
2620.097,318.02048
35.446,85.03297
0.064,1382.58
11.200000000000001,55.321655
40.133,221.14459
360.557,166.64969
80.143,128.44902
2641.647,921.82367
89.54999999999998,201.84866
0.42399999999999993,112.1401
161.68,241.59161
2151.923,734.9473
1060.193,155.73619
10.013,434.43137
50.016000000000005,508.99548
89.56300000000002,449.72977
70.754,134.67006
85.187,237.08952
10.332999999999998,190.81596
29.957,141.5918
60.367,119.48219
19.004,145.76804
399.9,331.13846
9.426,349.7371
19.62,111.42465
3.333,173.7862
18.97,10.289664
7.793000000000001,152.57495
4590.837,363.7264
40.26,288.6385
10.490000000000002,238.63763
120.014,367.05368
20.206,188.84001
269.967,244.93817
159.383,931.57434
18.07,202.155
11.630000000000003,147.16046
60.90299999999999,124.30047
10.29,159.83011
27.462999999999997,716.3869
140.23,290.91757
9.554,87.44527
0.093,112.64706
16.646,36.12194
10.074,255.35817
89.96,317.3948
19.13,119.46508
38.09,613.11456
70.563,442.59888
140.41,201.23547
400.4839999999999,98.52324
11.387,106.30045
9.116,110.62836
99.757,75.62128
11.296,246.28273
138.874,689.3501
89.77,162.07211
30.37,390.41718
21.11,354.08707
2002.587,284.03757
138.624,218.43137
1.22,148.42702
50.63699999999999,131.85764
87.217,143.42108
330.667,293.69717
8.01,567.59204
372.54,150.35172
534.523,1413.7523
51.17,111.52596
9.333,102.476204
209.81400000000002,35.765934
170.65,214.18126
19.056,114.66931
19.42,505.43503
919.3370000000001,111.71232
0.033,241.60907
20.0,670.0045
29.703,475.63538
130.956,130.53084
700.284,548.45856
0.267,117.00769
19.403,2808.782
404.63,153.95076
88.834,718.9419
970.817,174.62953
19.52,119.15676
19.557,132.22353
20.69,243.2639
19.953,338.85605
39.723,191.68242
19.633,133.55687
30.66,103.18084
239.473,517.66656
262.18,402.58945
39.483,144.88168
19.313,605.511
1.44,115.907455
189.92,98.4405
30.913,656.5564
61.7,252.80821
0.063,45.56992
509.453,198.49971
19.083,134.1572
300.344,173.7367
8.59,108.149345
79.87,92.69706
540.05,235.88339
759.8030000000001,617.58655
59.78,172.64305
19.82,130.93092
19.877,213.11601
1.6429999999999998,95.67507
79.063,123.0754
9.563,208.79814
1037.993,215.65929
49.733,219.66658
79.133,120.07206
200.65999999999997,272.47006
19.697,117.32266
89.73,370.45026
340.263,215.07823
180.04000000000002,129.6204
100.01,122.9547
800.197,282.59546
42.14,419.84955
89.887,131.9204
349.4100000000001,143.52634
0.09400000000000001,538.2473
70.357,254.61865
19.793,166.46323
29.314,211.27554
10.28,45.56992
10.72,97.269554
359.207,100.528534
19.193,159.84529
60.793,243.98299
1.54,191.38847
1.704,108.149345
50.61000000000001,110.62836
1309.227,1059.5846
27.133,90.6236
1.016,376.88254
463.11,279.14966
20.546,246.99332
0.173,564.53064
58.779999999999994,429.41403
350.52,130.55061
39.187,134.81197
9.08,304.35196
69.283,180.22643
19.234,357.58493
408.783,147.01096
430.67,431.97375
365.007,272.94778
29.080000000000002,184.78369
9.954,541.37823
159.987,157.16025
78.427,353.85938
23.813,111.683655
20.3,145.557
19.49,101.21108
19.876,213.37732
10.439999999999998,229.01541
259.89,335.04114
11.897,115.698326
28.756000000000004,132.08401
349.96,100.125595
25.352999999999998,137.7552
60.273999999999994,130.98206
80.144,207.38098
1360.017,206.58391
19.393,434.43137
1119.677,316.92868
19.946,158.20247
39.887,166.02257
11.83,99.19586
58.93600000000001,168.5621
352.237,427.3332
48.47999999999999,176.89513
0.064,60.452267
1601.6530000000002,389.83118
20.227,73.47538
271.207,232.93925
59.74999999999999,51.129604
289.93,299.9221
70.607,41.954834
1.21,596.47876
209.72300000000004,335.88425
406.57,385.70483
400.913,105.27856
190.33699999999996,293.4098
0.014,102.971054
89.893,189.70644
99.464,176.35129
40.71000000000001,221.36273
30.75,155.75438
430.573,158.7397
370.253,1170.5724
139.487,388.79706
41.08,1066.0259
20.313,157.30702
319.96,428.826
239.723,513.32684
69.543,97.39253
70.966,112.05822
491.3,303.48367
10.769999999999998,420.625
160.543,179.03618
23.617,65.98912
0.38999999999999996,105.97112
28.86,256.6335
10.093,458.54245
0.38999999999999996,127.04881
140.15,36.469585
59.543,1346.0177
64.527,102.771126
910.504,508.85168
1119.89,701.7728
10.057,288.62286
70.03,351.72437
130.16,1893.8177
19.097,150.07652
9.69,280.24
19.697,59.919273
58.927,200.73782
80.02,48.67667
19.966,179.416
170.30700000000002,298.83313
0.704,60.431828
948.51,101.63426
18.51,140.97052
39.28,804.6846
30.21,633.47845
9.794,278.6615
699.893,293.93494
19.693,195.53874
89.243,162.89023
29.110000000000003,1165.6757
10.143,157.9609
59.893,349.1223
0.033,153.15555
271.277,179.29716
4.88,171.8293
20.283,161.43884
2.007,327.21985
28.383,241.13124
13.987000000000002,222.57283
2160.137,781.8863
90.33,97.186066
0.233,46.496346
2.254,14.206959
0.11,259.8266
40.103,144.65315
139.797,263.28598
0.063,168.37944
18.676,140.96169
89.16,153.7662
21.564,482.75568
158.414,118.452286
120.70699999999998,420.79794
1.2869999999999997,244.12718
279.374,330.46097
19.88,188.5187
30.667,434.20844
38.42,119.12007
81.677,115.37562
49.84000000000001,229.61311
299.73,173.48807
830.164,989.3851
160.56,198.54774
19.76,412.01392
13.737,132.1107
17.5,579.39923
18.517,744.9872
11.29,282.5684
230.827,454.10556
1061.94,9041.583
8.523,224.0106
19.06,89.01935
0.127,126.52891
10.343999999999998,111.683655
20.8,138.44609
63.223,113.035324
540.56,313.9346
13.223,154.7683
249.82999999999998,387.20242
396.97,117.46108
379.63699999999994,712.51294
209.913,225.56612
2530.594,1201.8992
9.603,30.165531
1630.053,3378.9558
19.246,217.34903
39.966,48.61876
8.08,257.71872
450.76,341.25806
47.81400000000001,204.74911
60.197,104.24426
5.94,211.72575
1238.183,253.56146
9.983,45.581627
50.787,147.9503
880.166,596.82477
1041.563,408.04443
19.67,169.26067
1062.987,711.8695
79.577,531.40735
10.327,372.40198
182.653,149.41077
606.95,149.92944
199.02,213.92426
30.036999999999995,944.328
109.684,157.70833
63.683,148.4221
11.890000000000002,288.62552
162.43700000000004,147.38667
33.993,168.93321
419.77,131.04855
424.10400000000004,1186.5109
494.47,183.70213
67.677,232.4388
61.86,356.47815
18.93,104.35873
311.147,184.20512
90.303,216.91971
56.013,387.1969
109.873,162.43948
339.87,706.5853
159.893,1594.7792
20.043,185.77489
109.93,138.5431
44.777,141.38338
29.797,189.12903
20.586,317.4705
249.89,180.36913
21.13,123.71835
338.2269999999999,238.34445
486.4599999999999,248.84334
0.17,244.3643
20.013,212.1487
20.724,254.46683
59.97,129.24088
79.73,334.26334
20.873,200.53374
859.467,516.45984
21.049999999999997,176.12086
101.99000000000001,291.3483
600.574,354.7782
9.83,221.38022
44.617000000000004,193.65367
40.063,302.16614
2.633,152.12521
19.34,110.91207
20.116,168.81184
18.436,112.80968
20.136,188.20024
200.28700000000003,125.15741
229.983,184.34833
51.037,177.95009
30.062999999999995,219.9465
18.89,356.70374
379.994,1378.4163
1092.114,68.85644
18.32,418.16815
119.416,2729.7556
29.79,1951.4438
18.627,425.29608
70.31,78.389915
30.207,105.1065
9.86,253.73526
1.49,107.186325
169.877,157.29372
29.192999999999998,98.90266
1.25,123.349144
191.81999999999996,318.42368
209.103,429.34732
149.907,352.92328
9.776,503.32712
30.247,159.73796
2.474,158.52089
54.307,140.47752
204.176,315.97964
20.447000000000003,159.98817
19.923,165.51585
180.176,240.41714
139.666,128.10439
40.68,338.61606
1.257,361.48013
9.38,280.53546
500.6329999999999,89.80255
20.01,136.4302
9.707,170.17906
9.707,499.84918
1966.74,1069.619
79.877,141.7913
109.62,395.2008
9.363,169.81158
48.28699999999999,123.68355
149.94,277.60922
48.633,107.0504
38.814,423.41483
69.5,185.09262
20.41,127.24379
9.884,119.1863
210.24700000000004,184.44698
35.7,139.63332
259.31,282.54227
239.58,220.8776
70.15,132.62271
60.356,135.78293
20.194000000000003,456.0393
529.74,1143.6179
9.414,122.12071
1.16,188.35674
19.663,345.36536
359.2,205.54816
977.3300000000002,668.6685
0.233,11.274201
19.893,339.11832
569.934,1284.0276
29.924,170.38449
20.056,276.65182
10.236,55.341248
622.077,227.01051
4199.693,467.55176
69.976,404.96298
16.55,753.17993
58.92,433.10156
57.913,595.59845
16.68,46.404945
2.25,182.91101
108.627,3429.5264
40.14,104.57013
39.384,195.7457
9.873,264.3915
20.173,167.9589
20.7,91.466995
119.58,229.68118
70.113,171.35881
229.78,564.2575
260.33,334.71295
69.566,244.27846
46.204,213.00043
60.793,116.335106
210.283,387.63812
82.27,218.5741
20.063,1848.3491
9.986,178.13176
50.127,215.9379
42.11,834.02893
259.65,363.5037
80.32,116.3699
260.616,210.10004
78.457,48.724945
19.016,170.67023
5198.894,4633.9775
78.206,187.9567
20.96,109.99287
400.753,84.637375
0.157,119.51986
426.044,560.7704
672.79,1836.1302
141.056,388.85873
10.957,275.03018
38.827,424.08878
6.723,210.92273
19.97,396.68005
790.0869999999999,102.6137
1.143,180.48209
59.15400000000001,197.10638
270.543,75.598495
19.63,175.90816
88.54,218.57834
6135.27,5491.3984
0.127,596.71405
97.934,475.84885
10.813,239.75662
349.943,132.60536
1151.016,1109.901
60.023,68.027336
820.4529999999999,1231.1628
18.783,150.99011
110.107,24.589422
10.233,474.7938
1829.9369999999997,884.2143
10.163,475.36398
10.15,162.00029
9.777,212.06117
49.943,277.5741
20.13,174.96208
9.78,284.99188
120.237,240.06665
40.156,154.38881
120.107,131.81946
0.673,147.95058
52.61,557.02496
390.07,439.411
49.82,12.335097
1521.617,244.30649
314.213,235.63315
4573.99,281.53375
372.68299999999994,116.41561
50.257,571.32056
19.98,170.05371
8.64,144.37398
137.06,109.62127
10.262999999999998,112.38509
1.013,60.361946
339.764,225.60252
10.007,318.93332
171.06,723.5596
10.48,149.62154
10.832999999999998,222.47607
1077.673,215.57173
40.116,91.67369
71.444,114.82476
413.297,119.50196
159.63,326.74564
370.86299999999994,253.96817
2499.36,240.87212
30.024,316.54382
19.787,20.749578
220.49300000000002,198.09999
10.453000000000001,141.35072
0.0,147.38667
20.1,640.6784
101.037,191.79239
561.157,1025.7845
30.053,238.08005
190.27600000000004,140.47592
38.077,145.86084
159.723,113.12234
20.584,349.1223
119.703,112.90199
170.21999999999997,185.93437
8.763,200.56462
19.91,420.0095
0.377,458.75452
20.143,223.69296
199.76700000000002,337.6419
19.19,458.74283
509.957,834.3577
40.34,166.13219
51.717,180.30432
30.14,341.6199
19.61,52.61362
10.93,136.58295
8.196,121.0816
19.36,192.85188
110.127,398.36768
8.96,301.69592
1198.29,116.465164
0.064,142.89362
1580.787,268.38144
1270.133,298.09564
379.80300000000005,488.49573
79.767,70.01466
405.923,218.86328
26.184,114.8714
20.822999999999997,140.85292
1600.717,164.7454
168.83700000000002,412.3322
287.21,150.80544
39.14,180.65096
20.013,125.42365
10.93,202.0307
228.344,396.97333
50.756,97.55947
71.13,10.729835
19.96,109.420334
160.497,193.4233
880.377,234.11163
10.14,214.52313
101.037,252.82014
1611.266,780.1853
630.017,546.64795
0.2,146.77061
0.203,244.97624
2781.297,631.8863
2381.48,164.08807
24.507,150.80544
40.067,348.27505
269.947,419.96268
7140.997000000001,226.62823
50.057,239.0543
75.677,176.53084
249.57,131.27107
37.9,293.65964
122.236,194.09995
20.21,180.32707
19.84,231.80014
59.39,144.03876
51.623,147.3024
39.936,175.1356
199.74999999999997,162.22954
160.43,176.70047
139.93,296.18106
49.957,179.72906
12.043,327.21985
19.433,136.0959
0.297,121.804115
1764.293,98.772934
149.926,116.633804
2110.147,706.49756
90.977,216.77173
140.343,112.11663
49.953,185.27132
244.996,125.48494
21.433,239.77888
140.017,2042.5681
0.0,229.61803
10.557,11.247545
680.717,457.87112
149.67,434.06158
181.34,114.99289
118.144,131.13724
30.177,48.668358
1010.273,106.017105
1471.5,503.77567
30.563,158.78632
569.606,188.4288
790.2229999999998,473.92114
21.41,281.70862
19.867,187.32614
9.98,49.838726
20.97,110.18259
39.906,217.2073
17.603,301.7376
0.03,75.99949
79.984,424.86395
81.443,87.37721
19.304,119.451866
70.4,108.59151
21.189999999999998,130.64276
19.874,147.78316
20.11,47.513813
20.113,423.11658
59.997,84.75515
189.923,212.17213
10.703,168.4459
61.68999999999999,60.401363
9.86,113.385895
40.48,134.88701
8.846,116.11697
42.07,140.14607
20.429999999999996,84.21322
776.4430000000001,286.37592
276.206,569.2721
125.68699999999998,344.81876
130.104,430.68314
10.522999999999998,789.7131
168.76,154.74785
239.79999999999998,273.68582
111.2,199.28496
9.083,11.84868
169.156,155.98676
59.187,660.26636
219.573,853.2218
170.113,101.84433
19.813,214.19626
0.467,118.4467
324.81000000000006,14766.101
889.133,95.40045
90.173,50.896618
510.19700000000006,141.89626
19.984,159.74222
19.917,250.94888
349.22,190.42511
20.153,301.01837
550.477,100.67681
19.917,172.81966
230.006,196.07481
459.227,206.04727
9.107,131.94107
949.9769999999999,191.06578
2643.283,1613.4943
0.233,151.16037
10.26,30.35917
9.727,113.212364
40.19,28.632288
80.06,251.2397
0.687,110.95713
1048.744,517.6422
899.987,198.07628
9.193,93.44013
60.053,52.57352
50.626,175.79146
29.293,217.96216
70.443,134.82036
1652.667,673.0126
139.927,505.66122
19.76,167.35458
40.087,492.59854
69.863,75.348656
70.31,358.87338
57.25999999999999,62.932076
21.223,129.37738
17.06,60.403152
21.186,280.05545
19.91,192.26442
89.72299999999998,390.3463
10.04,234.14018
313.274,136.6742
37.68,111.93727
99.903,109.67368
159.183,232.86115
351.31700000000006,240.0382
116.503,335.1335
0.25,590.9711
41.11,135.77583
128.463,169.3273
60.623000000000005,442.1838
709.02,708.0555
0.42399999999999993,256.59546
69.576,182.79294
50.56699999999999,133.52145
0.063,91.828125
139.57,154.31642
3543.1829999999995,324.9657
169.85,252.5653
9.667,169.38118
149.757,149.63745
29.293,187.92218
141.073,187.99379
40.144,252.31577
130.147,689.5197
178.927,586.1899
14.117,88.22783
9.174,195.6935
189.4,254.95145
0.17,173.0085
58.723,111.58247
130.15,268.38626
703.713,386.62686
350.983,138.35019
18.77,144.59062
248.983,160.16814
11.73,119.17185
30.017,94.15009
220.116,219.3969
1.207,177.76112
42.11,583.71747
49.13,125.97436
0.10599999999999998,266.8383
234.83,159.3072
209.88999999999996,235.10217
26.313,101.80705
21.337,211.98868
70.17,202.86374
2.553,147.2837
49.757,786.509
1330.123,458.68292
39.864,112.65845
131.453,465.73544
19.013,218.65103
228.567,430.93878
347.643,593.12286
34.87,194.47781
10.963,273.9946
61.107,272.8446
39.623,123.80379
10.064000000000002,331.36472
10.397,129.263
3181.547,1845.0599
169.213,114.37296
289.444,155.17215
11.029999999999998,175.55324
20.437,171.23747
120.883,248.53534
50.01,190.30153
99.844,272.80908
17.987,148.7703
11.103,240.67787
9.796,538.4074
229.323,893.5172
7.04,102.379196
9.717,102.2823
21.727000000000004,172.09967
12.027,389.18887
19.667,419.3948
91.827,405.38272
8.273,191.38847
81.26699999999998,255.2222
480.303,917.93646
29.047,111.35125
50.123,233.70465
39.816,101.22221
976.4530000000001,34.649704
20.52,68.90341
264.09,334.52396
59.626999999999995,157.0222
270.047,191.50626
20.276999999999997,138.95724
19.253,143.75636
8.337,152.65154
39.726,177.80841
39.22,190.90434
41.363,147.27959
19.857,40.55584
199.97699999999998,261.89798
11.64,276.954
17762.816,14186.007
430.236,462.04108
229.506,423.077
691.107,88.74707
362.05,324.70825
383.437,131.87198
20.946,66.8831
5373.266,136.59367
19.92,88.309006
1809.934,229.36766
0.0,166.162
8.843,121.80388
391.64,438.6842
70.864,345.03238
12913.987000000001,2452.6729
20.733,408.97305
20.164,292.01474
19.98,275.0159
99.563,134.09702
20.136999999999997,389.8475
120.127,222.51639
10.923,311.95264
119.987,158.1393
31.703,126.38619
930.89,123.573235
19.154,500.45273
430.87,246.05922
20.237,115.387535
41.073,132.16843
19.36,227.29015
4.643,151.50688
89.913,500.4407
18.957,172.04019
39.993,95.59836
40.267,147.28574
9.377,494.76157
9.763,137.417
60.07,52.64114
950.436,329.48767
49.88,135.90895
269.78,317.71725
160.31,384.22324
199.493,9.474655
28.487,125.83621
147.257,113.2519
40.282999999999994,80.88246
1593.4159999999997,339.68457
397.56300000000005,125.99065
10.407000000000002,121.80891
0.357,136.58295
657.92,265.5546
80.46,104.30771
18.46,188.22025
9.387,255.2979
160.227,301.2045
59.08,242.94586
53.147,403.43317
0.173,174.69843
60.243,160.58453
19.257,104.22225
2231.567,919.4152
250.457,453.76227
629.563,485.43018
10.637,131.49626
100.32999999999998,172.6802
58.017,107.99428
830.95,164.237
10.996999999999998,256.4328
430.21,258.54504
19.814,450.09497
2029.81,760.92725
84.537,146.13564
8.86,124.63438
30.773,111.07983
59.92400000000001,173.19507
11.256,169.20209
32.567,48.65686
1.093,104.278694
79.533,201.15031
49.803,582.9236
369.80699999999996,119.13611
251.997,330.9597
680.53,177.10513
39.863,483.451
30.207,165.24478
27.886999999999997,113.34904
10.707,167.08783
10.072999999999999,131.5844
110.25,28.523043
9.27,231.67455
50.77,175.12946
20.347,217.04692
18.92,111.21567
9514.76,6438.011
1430.07,290.34692
288.973,525.0832
50.26,206.30713
70.48,228.47513
0.957,432.43338
90.007,181.35066
20.83,241.25322
189.416,501.9644
17.933,68.32831
209.304,202.98643
20.563,92.05458
40.39699999999999,173.139
1670.8770000000002,150.86131
0.22,178.12077
10.216999999999999,138.50833
58.23700000000001,274.46628
19.156,275.61548
61.59,121.86997
0.377,104.35588
10.067,269.24567
10.133,382.7975
310.353,177.3071
0.564,49.08855
172.08,359.32745
20.623,389.4248
137.34,117.212494
1199.96,657.1158
650.677,186.61487
60.234,182.80264
369.46,183.64078
230.17299999999997,188.23953
140.27,184.52028
10.686999999999998,368.95657
321.06,641.6166
479.83,103.58952
58.82399999999999,129.6681
1311.943,389.96173
19.01,241.6857
20.03,55.396076
0.343,121.01608
40.363,159.11385
80.077,115.649055
46.383,282.9881
29.782999999999998,165.41457
746.116,671.87366
1.217,228.30815
5014.397,479.68463
120.02,169.33742
17.246,351.3463
19.87,267.29678
9.043,295.31085
29.95,81.17568
859.47,166.45343
91.80299999999998,329.3371
88.13,432.65753
10.293,182.83684
189.994,197.84099
20.094,48.512066
33.426,379.35678
20.17,14.139872
2487.247,371.32654
18.923,1827.671
11.890000000000002,106.60619
329.833,200.34157
89.927,163.3338
150.257,178.3461
20.074,169.33359
129.483,228.1928
2155.243,337.11298
120.533,320.89023
239.854,221.18295
39.62,114.28321
110.084,165.35684
1120.92,6379.77
79.99,330.97656
137.537,520.79065
70.306,178.40727
749.34,1903.0787
1080.167,536.29456
20.416,183.60925
1671.217,628.45135
8660.47,7566.736
227.317,316.30844
100.584,209.00044
381.03,170.19658
25.966,207.62782
99.703,214.89476
29.717,189.21184
19.867,142.8279
9.973,153.06593
78.92,880.77783
401.613,164.2267
379.643,420.8305
2896.28,257.01697
18.4,224.9857
0.14,390.91995
40.323,135.8405
169.95,21.064426
60.033,174.89378
10.407000000000002,243.8513
19.8,418.1466
279.71,21.977425
8.59,107.35867
449.603,683.9004
26.067,197.81767
50.1,118.36192
198.53,148.72952
319.984,129.73518
60.11,468.00552
89.89,155.50198
30.11,142.5363
110.076,1049.1029
47.397,1280.2112
11.986000000000002,210.37367
2.93,359.32745
3.3,47.513813
244.273,322.62573
10.597,319.7634
17.73,317.99817
13.957,411.44562
1069.943,265.6986
1578.396,683.82
21.303000000000004,107.14264
19.657,178.04079
80.48,180.52605
39.94,283.06113
10.940000000000001,167.27423
251.47,160.83986
20.61,368.15018
1054.537,387.48047
29.75,241.74562
22.01,203.76242
19.98,243.40234
0.173,151.35608
278.234,3356.2463
199.7,177.26935
340.536,232.22707
640.15,155.96727
149.857,501.64102
179.56,403.7373
189.99,129.48984
0.03,277.5857
6785.987,1749.4081
220.154,232.9271
28.606,219.8395
0.437,47.983616
9.203,269.18866
0.017,153.35712
9.993,162.00029
869.09,194.05725
309.653,149.22484
208.757,213.48177
19.177,454.89606
79.97,170.16673
119.03,163.55618
4.407,600.37854
20.833,117.65837
141.15,191.81564
0.753,147.28581
0.796,192.41216
30.06,213.28279
61.727,128.16219
182.06999999999996,476.48416
59.55,150.71918
90.936,504.88425
30.457,173.85898
18.56,178.31596
60.017,131.61801
1.894,203.91214
567.396,150.93544
9.277,69.82382
119.87,447.80753
21.15,143.5333
139.86,371.55582
58.536,412.4128
19.88,148.32764
91.24399999999999,221.16179
250.467,251.42197
18.663,299.41138
1305.513,615.3547
491.01,129.92105
99.78,269.14136
30.547000000000004,245.03807
51.356,143.35635
9.297,129.67117
19.923,368.9991
336.127,197.47408
79.543,135.95042
19.64,385.4955
49.97399999999999,38.828964
300.217,361.19476
39.01,762.343
278.006,309.2264
40.87,151.27083
609.967,177.8795
19.476,477.10895
239.933,195.85876
0.25,118.489914
168.827,197.2453
410.967,200.52573
21.639999999999997,140.52565
2634.9170000000004,1011.359
161.32,134.85901
10.04,93.39596
740.14,122.9921
10.657,177.44417
89.677,181.30508
670.073,105.26228
60.22,134.96211
20.97,55.325573
219.05,195.16528
59.303,182.54199
23.577,299.6622
20.533,107.82919
19.204,137.96634
0.9830000000000001,520.92554
2.267,214.24089
0.08,222.47153
229.94999999999996,159.82234
42.08,862.3181
50.493,153.17383
19.14,151.38414
210.297,341.46725
139.067,162.85916
269.877,434.3887
1070.016,122.13656
141.153,185.74367
360.53399999999993,435.83392
20.1,320.3346
1382.2269999999999,248.18384
20.353,167.33368
39.226,110.48283
320.516,100.58261
379.786,113.85
120.436,121.337906
39.953,199.23013
29.477000000000004,176.21313
920.0330000000001,1138.6648
330.187,1059.2871
39.72,1211.1921
90.004,300.5834
1160.35,627.6577
790.08,1070.3406
519.854,167.35298
140.026,156.87962
31.937,340.57806
148.43,94.84205
220.52700000000002,245.50635
19.38,151.54799
299.6,132.72221
18.03,120.754585
111.437,190.28682
60.34,453.3178
39.023,267.35303
9.766,134.42896
43.626,113.883995
19.147,326.08673
50.076,534.4522
30.413,113.211006
7611.217000000001,299.96948
66.753,238.64745
378.103,563.7617
41.377,112.94486
223.894,96.00672
29.557,362.9363
59.260000000000005,243.63182
791.757,294.5499
0.11,200.91336
59.86,192.1196
970.206,120.11488
19.55,119.64933
33.243,175.57823
1700.054,265.85117
40.183,167.00261
38.933,193.84767
219.637,265.01025
695.543,832.3055
0.127,162.8519
191.98999999999998,296.78607
239.85299999999998,255.98177
1638.596,292.82193
16.38,202.78139
4415.173,138.67531
11.677,120.34239
60.024,14877.152
16501.563,1235.5616
8.947,557.84424
0.7339999999999999,297.67636
74.144,136.07545
25.73,208.89604
19.993,879.8745
77.95,144.8876
0.423,2808.782
32.04,135.79744
463.29,226.5803
0.02,199.55562
369.903,361.0783
76.083,72.77469
18.976,210.10542
5.993000000000001,17.436842
10.177,15.252232
19.633,249.21263
50.067,222.55183
10.623,143.82994
5.88,119.17695
0.216,137.78131
0.926,514.0221
30.17,132.5959
10.343,182.18855
180.14,358.29877
19.594,182.5348
8.933,228.64207
2853.383,886.1036
19.266,741.50104
19.266,109.29322
18.983,450.586
0.676,167.48004
13.323000000000002,274.67456
46.03,456.6253
138.45,176.65843
1240.84,1195.362
661.294,458.04517
0.38999999999999996,162.05028
50.257,174.13794
969.963,1075.8802
117.26000000000002,131.17662
87.306,296.09763
18.463,185.70236
19.863,184.06114
29.903,112.616684
29.389999999999997,679.76807
1905.607,562.4609
20.2,113.12067
122.24,194.99661
131.113,258.5158
4.407,590.19836
19.563,244.1802
530.753,143.7425
10.0,112.76871
160.103,450.7839
17.23,194.6486
298.907,211.0976
945.677,346.75818
279.773,429.04642
9.157,166.9043
10.526,180.1521
309.883,145.07187
20.244,578.5903
299.983,108.216484
229.61300000000003,153.2611
389.96,252.79066
69.836,364.3318
1381.697,233.8197
60.036,210.37051
13.760000000000002,105.162025
16.86,180.25165
20.136999999999997,58.262737
0.3,371.56512
339.937,485.56534
285.933,174.96849
9.553,187.65805
9.22,134.99399
19.964,135.69301
299.707,105.16308
20.486999999999995,241.60413
0.37300000000000005,157.49953
20.202999999999996,246.0082
19.563,140.97064
420.296,479.3134
139.923,128.46594
9.87,166.99931
20.163000000000004,174.87646
39.88,10.6762085
289.55,153.92188
8.693,170.02168
539.976,550.6194
532.05,253.00974
19.83,124.888824
170.64000000000001,427.69415
0.467,195.2331
0.08,188.11296
30.813999999999997,146.08669
60.104,112.47287
20.164,242.27379
118.49,130.16869
522.157,135.30017
9.873,292.01605
18.07,415.6828
5.987,272.47006
18.463,102.2823
8.41,229.91081
0.127,345.5065
892.8070000000001,305.07794
362.6,213.30746
119.66,421.9287
40.06,172.32722
19.79,147.15271
92.77,2048.7012
20.08,98.86177
10.1,120.87112
239.66000000000003,219.26978
39.617,286.86285
29.353,50.24914
0.11,148.81723
10.467,150.25276
89.52999999999999,158.0792
0.0,162.78821
16.097,239.27837
20.493,131.5207
19.113,231.37953
59.80299999999999,138.78627
118.746,169.16512
110.13300000000001,337.9112
49.123,132.0259
19.903,120.29988
18.526,172.18044
100.203,449.271
269.996,1359.4949
11.903,45.58422
130.38,363.7876
40.03,112.71167
10.127,197.27771
350.06,519.3897
159.294,129.30614
60.626,121.99825
19.917,1557.0769
7.633,327.4955
89.96,410.42252
29.826,756.9342
89.5,134.93178
131.13,270.69556
79.74,167.0694
159.733,169.50584
527.324,329.69214
6500.070000000001,872.7652
1.43,10.429435
630.036,968.7218
200.69,381.11002
160.453,363.37003
560.19,123.84913
172.213,148.70653
20.867,137.84367
19.593,138.72389
92.06699999999998,156.1776
989.89,242.52107
190.117,519.0632
621.26,340.4235
70.763,50.338512
19.19,71.94291
9.827,152.92966
784.227,343.14615
20.606,173.51701
299.994,199.16971
91.023,105.4968
9.0,48.542492
19.903,694.36584
891.056,407.61545
110.07,165.19458
10.78,175.19899
9.46,128.72495
25.913,131.99797
29.533,438.95102
260.107,136.3209
373.523,186.25343
39.873,191.53763
0.237,362.06647
110.61,419.9354
50.407,213.50853
871.1200000000001,637.2929
0.04700000000000001,337.46234
180.17,237.8814
18.59,159.65135
50.384,154.10478
169.846,252.94118
69.303,1018.6627
119.773,399.8005
19.234,211.24998
16.253,423.44595
19.79,2482.312
129.233,447.32303
79.953,433.09598
399.8,292.60852
379.71,291.18027
0.75,195.46675
179.63,120.61642
59.707,205.11095
49.18600000000001,121.61999
1940.96,902.93976
66.72,85.31186
19.906,301.67297
230.863,208.00935
29.537,325.63742
10.114000000000003,137.41853
0.144,48.47454
111.594,236.96042
259.286,283.22577
39.347,193.11491
8.554,194.81923
19.1,390.25565
79.553,224.41315
1190.637,240.91988
49.88,275.69907
909.067,2205.1863
129.264,1058.4703
550.11,277.17654
19.75,114.99563
172.934,82.25262
379.383,371.56512
0.06,10.984478
70.73,113.840454
531.586,191.9251
19.843,45.571247
20.667,366.80533
4.173,350.419
60.52,218.51512
282.633,151.34653
40.673,12.541119
0.127,187.65451
10.094,214.70137
22.306,813.05347
18.853,144.00563
0.017,376.7656
480.52299999999997,528.2277
1829.5639999999999,378.60037
29.467,167.31555
1820.4929999999997,1582.7296
9.097,140.87836
246.37000000000003,238.58875
0.45299999999999996,416.91293
79.03,254.32178
98.763,149.10733
721.093,147.46906
21.074,121.236755
21.13,55.392147
9.27,80.79225
0.61,112.38509
852.537,787.8529
169.797,179.88393
130.247,145.63152
41.690000000000005,105.32971
90.9,129.15471
58.757,227.00533
10.15,48.404724
19.287,184.06114
70.177,405.38208
839.927,404.3439
209.79700000000003,119.70179
1502.0,323.20047
120.737,401.7669
1150.067,339.61905
18.987,91.421906
88.844,126.95751
0.126,239.77365
19.193,176.34032
991.227,73.897354
400.367,119.93051
131.1,197.59636
20.243,233.01564
18.91,202.53061
1.416,169.89908
17.147,373.8117
188.963,388.64938
6.059999999999999,616.688
170.30700000000002,162.53246
749.38,435.88696
29.92,168.29797
59.886,144.32912
69.553,130.80817
0.36,118.89842
0.533,53.61575
169.64299999999997,308.30524
20.94,173.68127
40.373,301.98364
18.937,249.59622
20.007,9.986979
30.822999999999997,171.82825
8429.293,5933.7383
701.23,489.17828
40.56,260.27255
9.994,68.4716
1490.147,245.24336
59.856,42.06301
78.987,507.76556
111.267,387.61377
59.56,240.32889
10.703,109.5281
9.836,249.31245
19.923,147.85643
2.014,47.32721
19.976,240.0893
110.793,167.79713
19.66,136.00659
160.257,122.22863
1900.044,782.0203
10.1,135.4582
169.65,538.02875
58.887,211.59653
30.529999999999998,131.45032
540.014,840.15295
30.216,121.840485
129.83,158.17116
549.86,163.53929
0.64,187.37343
1788.9599999999998,211.24998
9.487,120.10317
40.736,348.3334
129.944,162.0665
159.197,171.45259
1230.047,969.02893
197.37000000000003,143.49097
10.143,397.89548
81.203,93.35598
40.087,81.70561
0.04700000000000001,523.7902
518.477,120.41661
49.757,131.98799
0.03,265.98102
60.584,370.78006
100.144,155.98785
19.12,172.42307
540.127,432.96
8.873,177.47054
562.846,284.96323
75.56,331.24454
78.754,173.91745
360.963,159.74023
81.26699999999998,145.17952
139.6,151.50041
10.104,105.03099
949.937,554.1752
1067.887,6.463388
1.75,30.997093
41.423,28.431927
150.08,175.22404
40.29,190.69449
79.097,232.45148
98.663,789.0809
39.04,81.85332
189.747,338.1398
12.916999999999998,178.61801
38.913,143.52173
0.123,363.99002
19.167,433.10318
10.897,119.55817
30.367,155.12595
18.894,197.06352
611.087,136.06808
25.036,131.4342
160.304,244.20724
61.407,172.85149
191.60600000000002,246.21596
20.272999999999996,237.37141
19.62,170.32674
1187.776,420.20712
129.777,127.04881
30.597,151.86743
79.627,126.69893
9.884,110.104126
9.377,523.7902
7.443,792.59454
483.474,425.53815
259.01,151.11496
249.3,173.01573
159.95,449.38205
630.337,198.65616
248.963,307.3606
49.607,148.43246
60.19,302.08392
27.366999999999997,113.62296
236.197,381.59464
99.87300000000002,60.446587
0.55,178.01266
5119.903,1057.6155
30.16,235.24724
10.072999999999999,222.46678
90.01,170.9144
10.73,200.0393
620.076,253.77953
263.246,130.29137
8.8,137.96634
231.167,131.0536
8.62,55.249283
559.826,106.154236
19.733,259.4742
370.16,508.18112
269.65,419.30414
201.466,374.40314
28.067,197.54327
17594.85,1845.1659
43.87,194.6764
229.73,275.4077
9.44,57.451744
578.586,245.36328
19.136,1829.4489
2309.586,2454.6672
120.21,199.92139
910.07,442.38013
9.683,131.67249
370.633,392.45483
29.233,176.92014
60.643,204.6193
930.13,168.99313
16.577,349.85168
8.777,599.7394
1.003,82.126045
6514.293,3042.8599
259.46,144.79028
19.473,172.20406
209.95,151.69038
10.374000000000002,70.60848
10.906,131.81602
221.25,452.35516
10.016,1203.9655
80.253,120.63937
18.55,434.4244
370.07,1109.9644
9.57,242.77873
459.817,426.71295
190.36300000000003,134.58209
0.233,91.64741
43.92,260.05704
20.586,76.713394
19.947,671.90704
8970.184,726.81256
1697.186,713.21674
8.877,592.36206
19.997,435.7891
15648.233,9236.799
187.556,508.58386
6.707,45.58944
0.037,130.84163
39.913,205.48347
3436.6000000000004,1693.0208
29.877,134.50323
1485.59,161.18195
233.643,370.81613
130.53,137.60619
19.783,112.98965
122.114,471.1275
680.453,163.2839
209.947,93.856224
199.73699999999997,189.15892
350.08399999999995,202.40948
10.79,175.22644
57.95,76.96896
802.04,141.98486
2097.396,1825.6323
8.197,277.5857
30.78,91.54741
140.33,367.15204
189.61000000000004,142.00188
348.93700000000007,2825.9473
29.82,397.16235
253.887,279.34357
370.76,139.47456
320.146,288.7113
340.034,226.95581
10.246,103.84398
2309.88,1893.5256
9.72,110.0452
60.207,248.06848
117.983,110.938354
310.194,319.75677
309.67,1047.9868
71.253,119.1863
9.34,114.11016
43.20000000000001,418.70312
39.69,165.79027
1140.697,1174.3489
70.077,458.05594
10.233,265.26422
19.757,363.54166
199.777,119.48053
140.103,498.24948
60.037,528.89197
121.307,120.948494
199.756,112.032425
108.03599999999999,457.35214
220.05400000000003,778.83685
40.5,115.25061
90.78,135.73726
19.746,49.22011
3660.02,1624.4958
98.65000000000002,231.75452
20.910000000000004,179.44035
69.65,204.90665
164.707,228.73781
119.81,468.47617
20.013,585.5783
19.81,167.5425
99.97999999999999,173.6107
308.677,89.1491
600.737,102.26491
20.04,10.289664
19.69,79.57272
70.686,112.204475
0.32999999999999996,140.80072
3141.524,695.29785
650.2639999999999,321.2063
270.557,332.07266
290.434,281.62457
431.543,515.64386
0.563,104.89222
11.657,246.30208
24.937,135.94722
22.18,277.24576
139.067,150.33936
90.847,127.50258
33.036,77.11327
29.245999999999995,169.90842
29.273,358.74533
89.75,179.6052
39.743,757.9833
95.407,160.23492
10.514,112.78303
2969.62,236.07132
150.983,792.8637
8.83,133.43314
12.553,174.9506
79.227,143.27095
9.79,471.87558
1.547,562.43756
61.443,784.3168
78.99,55.392147
29.233,110.63194
531.02,223.57886
69.6,230.38322
19.82,164.87137
1290.034,124.84714
20.007,1170.7565
130.51,121.93518
600.577,225.9361
10.317,503.04822
10.27,147.65521
209.543,120.423836
300.027,320.8682
9.997,308.8551
128.937,132.46992
19.18,148.10355
157.354,155.82921
0.36,131.5207
100.107,138.79543
42.177,321.74304
61.766999999999996,127.29963
20.143,171.76544
0.627,156.47797
48.79,142.89131
120.89,172.99829
80.173,183.50987
20.78,165.77217
29.387,640.6784
460.507,459.40674
140.713,104.9582
152.36,241.84807
1.5,1039.1106
162.05,459.69122
68.874,176.02373
200.01,219.38348
0.203,139.33763
18.5,170.1716
180.80999999999997,387.80258
19.63,772.64
16.504,286.1899
9.32,138.51727
1410.077,1385.5437
34.876,22.574198
0.36,109.35218
10.673,318.0558
10.940000000000001,280.41162
870.757,521.77484
8.81,152.69337
319.744,292.73264
849.56,446.4831
547.22,524.3204
19.563,197.01959
19.197,84.00933
20.787,154.9397
60.2,240.20471
59.866,114.6062
49.71999999999999,130.10817
89.913,214.51123
55.453,103.08764
19.64,142.5363
10.33,217.3218
19.796,172.38367
2998.683,826.4354
109.43000000000002,166.57838
381.20699999999994,269.73193
60.08,194.76588
6.326,133.22568
10.57,437.77066
12651.44,4676.2114
190.047,132.32834
39.31,209.0783
5.562999999999999,55.266914
2619.66,408.79117
90.85,250.86526
80.31,194.23134
0.377,103.13129
50.954,318.98642
29.873,131.7371
19.877,330.51398
177.79999999999998,285.0151
859.4300000000001,125.42805
0.064,163.1552
0.45299999999999996,531.40735
19.22,499.84918
1.547,215.86368
0.436,134.4746
10.103,48.8123
18.613,447.8113
2.49,244.12286
1222.553,462.41818
69.94,125.69667
1460.173,137.40747
3148.8299999999995,1193.7076
80.377,134.78459
0.207,352.6459
2.187,108.54638
7.683,2436.8167
119.187,119.31814
0.187,180.83083
9.13,275.81604
981.28,121.07786
959.013,134.72902
11.373,227.60814
1.3170000000000002,81.17568
10.587,686.29706
38.644,120.28558
10.067,291.42313
7.717,165.8903
0.203,69.43483
0.44,485.43018
10.053000000000003,183.79984
30.056,92.727806
210.31,795.956
0.41000000000000003,176.24515
89.05,430.0653
100.333,82.84425
159.957,76.958305
10.61,120.82763
89.623,99.55957
59.77,269.24567
19.847,256.9999
1320.763,657.4659
121.48,162.72112
1029.983,263.69675
70.11,294.53375
127.687,60.39777
109.943,200.52347
49.91,15.5805435
71.04,151.23743
29.666,176.50383
11.62,196.49222
171.697,175.85052
0.44999999999999996,130.6244
10.373,180.1155
670.08,1204.808
1269.963,251.97186
169.637,108.58624
69.553,266.2236
59.99,239.86711
99.726,141.86894
19.263,356.74786
859.42,408.27542
19.677,144.34482
19.663,41.915565
311.92,147.80634
9.75,266.81705
8.384,247.84569
1.05,159.65135
9.363,252.92996
570.37,168.92737
11.763,101.44176
1.937,282.0028
18.81,107.684975
0.157,81.98961
30.246000000000002,71.85105
10.526,69.386314
7.537,46.86379
0.157,528.1335
20.253,130.3284
109.66000000000001,239.49738
103.873,550.4682
339.81,414.7683
100.11,172.18797
290.123,383.30637
39.737,104.63376
2549.723,196.71483
54.55,350.153
746.793,253.63019
859.423,386.05518
1822.4570000000003,340.54248
49.9,208.54826
0.25,109.57565
299.896,627.707
11.427,903.4619
166.19,174.2782
11.649999999999999,177.11801
271.787,333.8791
60.497,174.94829
750.506,182.17862
9.567,169.5246
79.58,136.14609
34.16,118.12158
65.3,171.09935
49.747,164.62943
10.647,202.31046
150.593,170.22116
46.946,641.20056
167.433,16.768236
77.183,452.41013
229.76999999999998,199.64429
1653.513,395.63593
349.31,396.0062
10.563,151.16037
30.114,513.42645
50.777,1469.3027
10.917,139.33763
1468.7400000000002,527.94086
19.977,233.53539
0.576,420.62485
38.903,200.35794
9.63,47.234127
19.873,94.77768
102.11,704.69635
0.5,77.48271
0.123,150.48013
100.43,9.778688
19.977,157.26143
9.977,227.23753
209.75,83.085815
659.4,268.92868
180.513,855.3094
39.04,351.23068
40.884,172.84732
69.89,431.7859
570.313,172.9124
113.25,514.3109
90.313,266.35568
401.48,488.7664
8.25,176.08583
20.123,242.68378
101.11599999999999,192.83658
59.98,2041.5728
230.017,222.42543
19.92,144.13501
580.607,1062.2843
69.86,405.39337
470.04299999999995,178.39937
119.247,148.58366
60.11699999999999,274.7872
29.935999999999996,503.2764
19.89,530.535
109.28,142.44867
165.47,151.09435
29.633,53.98484
20.427,174.02437
51.41,136.47844
40.337,481.7083
210.006,92.95476
3159.09,1067.0728
1.63,101.80705
9.44,182.83684
163.704,442.84714
0.05,122.12071
780.043,138.95813
50.853,199.90341
190.02,150.36673
39.847,180.77083
310.277,325.6325
790.077,167.9398
190.16,103.299774
260.513,309.56198
39.474,243.08983
19.543,239.0543
19.733,136.73813
138.596,271.94635
9.883,324.54486
2.53,150.48985
328.544,314.66486
11.647,874.39954
3343.61,586.90924
0.733,200.91336
16.527,190.25548
0.47000000000000003,118.65053
459.683,467.3047
630.126,345.72815
20.24,199.39224
19.853,167.71626
20.286,118.4467
89.807,147.38206
11.343,119.17185
108.41999999999999,73.9772
10.103,117.81621
820.3,167.78159
222.24299999999997,273.47113
230.26000000000002,35.582554
11.394,588.0422
0.017,119.73121
260.377,335.7632
70.423,60.856506
0.204,119.64933
26.197,150.28944
19.62,11.22095
559.674,122.81981
27.8,404.444
19.76,143.60739
19.863,110.42505
19.287,1732.9855
6614.096,1244.4492
560.064,424.48843
570.41,1062.2631
268.76,518.0048
0.013,168.68204
279.98,3459.1726
359.75,105.46475
40.674,165.47607
9.86,278.50934
30.023000000000003,319.5112
9.807,199.01488
110.436,287.66272
409.917,243.42055
30.027000000000005,410.78125
70.283,230.82693
180.52,120.81706
199.41,2343.5312
585.713,212.36143
400.047,199.0916
10.063,313.4221
209.923,922.1328
341.387,152.80708
70.09,199.26114
0.014,128.19423
440.02,303.50638
1820.287,159.70898
19.66,80.61844
580.837,608.7444
19.2,111.039474
263.724,551.5454
9.983,200.21063
39.623,205.26921
49.877,153.35562
120.433,994.22925
350.07,521.6146
10.934,155.5145
270.113,324.89633
40.306,307.89932
0.673,248.24371
6.55,545.99695
13.94,227.00082
39.893,171.33156
0.343,98.31336
1518.303,1156.2142
3216.1700000000005,1987.4701
598.636,445.1799
1518.563,362.8305
827.53,261.60907
550.874,2563.1135
0.173,12.452417
341.77,1126.7727
220.42699999999996,141.8795
10.513,522.316
0.187,455.55768
38.774,167.88925
290.036,267.3106
139.897,191.80617
19.804,123.54796
0.11,108.20009
0.31,424.8447
269.49,192.45776
309.0,170.62587
20.16,172.81898
490.55300000000005,628.3439
67.123,120.48672
7.5,109.11727
29.700000000000003,131.61801
78.06,164.39684
0.08,108.54638
19.927,108.66993
40.53699999999999,523.9179
19.74,159.20787
241.24,201.95941
29.873,224.42426
40.147,310.67404
2289.827,733.317
1130.707,348.25238
11.0,304.35196
48.07,416.91763
11.435999999999998,356.47815
40.26400000000001,173.55566
239.85699999999997,134.72359
19.913,92.438896
830.354,159.2094
28.737,246.28273
159.627,1254.6063
60.089999999999996,220.851
18.853,134.61163
1380.567,335.04968
9.62,28.551714
137.823,867.57117
119.60399999999998,240.21053
49.22,87.21888
1.447,149.43024
0.38999999999999996,114.01881
19.787,425.87405
329.887,272.686
61.077000000000005,129.19843
230.58,410.31693
9.784,207.02255
19.33,89.73578
0.36,214.24089
399.88999999999993,232.62357
120.413,135.57216
19.586,130.95734
20.44,159.76582
739.99,1939.1019
10.157,123.699425
2320.233,9436.305
151.01,419.30478
506.827,274.8165
7.98,431.11063
22.14,428.83005
215.13399999999996,228.83533
0.14,185.29675
24.673,152.12521
12152.963,5228.1436
3889.44,1007.68915
11.010000000000002,170.72507
29.47,80.84205
227.293,328.4099
19.603,381.29105
19.463,225.24931
1349.4099999999999,285.7463
69.987,240.21303
129.343,255.0122
0.357,170.02168
20.297,311.58722
18.45,468.5826
510.10999999999996,271.71042
20.043,109.59631
205.7,126.974655
950.9899999999999,410.08084
21.084,144.0428
279.98,255.458
90.07,336.73563
19.33,135.08371
249.924,223.30566
30.127,165.20134
0.257,163.02618
400.343,150.90074
90.537,1893.0219
38.946,317.1687
0.064,281.89758
20.027,2358.0815
42.35300000000001,166.23048
9.476,111.39827
40.29,135.1065
112.74,306.79495
21.07,137.50996
509.89,467.2371
1.11,133.64082
40.173,84.00933
561.5,63.672085
60.427,179.87334
290.917,1106.942
9.453,175.37602
10.163,118.91506
0.34700000000000003,189.84819
13.163,187.64224
69.893,46.73758
171.084,124.71414
58.997,192.3272
11.097,92.287025
0.237,138.35704
9.18,147.38667
428.494,193.38722
19.13,131.17525
22.413000000000004,119.1719
38.443,318.02615
19.287,140.24252
9.91,60.43897
20.55,212.7658
18.77,305.38165
18.92,402.29163
19.113,264.34265
260.137,101.60053
20.27,109.29197
51.413,124.29479
510.096,193.23264
0.237,108.20009
18.326,274.8039
18.75,536.9274
262.55,142.25955
78.833,106.3319
21.144,190.69449
159.887,180.88304
286.103,168.72913
1.124,270.7812
70.327,286.968
18.847,230.71371
199.97699999999998,270.4793
0.32999999999999996,184.48308
980.4,121.41743
354.554,718.3742
41.16,94.04547
0.437,176.95148
1212.233,126.82269
99.617,363.425
80.483,310.0376
630.04,145.70862
21.86,404.03442
69.58,285.22366
952.1629999999999,162.11786
90.07300000000001,34.19863
401.44,503.67218
633.057,350.35782
19.953,288.93085
1630.807,298.85944
19.773,197.65503
19.387,92.743614
18.193,180.85085
129.93,238.79662
40.517,196.96834
20.047,214.54366
190.26,130.18031
1391.3760000000002,401.73734
10.603,112.5322
40.093,363.05453
31.363,452.38928
137.173,385.05383
2507.35,624.18176
88.86,283.2979
50.717,110.79257
89.56699999999998,365.86337
90.017,469.81863
19.773,83.75852
28.457,112.35901
1610.097,574.2101
890.06,155.26314
531.86,272.16492
49.994,233.662
20.07,125.533936
129.33,136.48343
0.263,135.69301
10.439999999999998,118.61825
29.96,224.5902
309.65,169.08952
2650.76,556.89575
0.03,48.172832
242.14600000000002,143.1116
9.95,387.0084
99.92699999999999,165.74144
99.71,244.23029
320.5,339.8491
8.95,182.18855
78.493,201.94415
30.127,94.00685
10.73,163.69128
201.38,164.19194
5.36,45.56862
19.173,525.2342
68.28,472.87894
9.133,440.98175
299.493,209.07816
400.043,717.42645
300.06,285.93402
10.926,130.02545
35.343,877.5827
89.35699999999999,48.7055
80.204,210.07042
3540.954,516.6215
537.797,727.9911
30.077,516.81006
10.326000000000002,248.43608
10.04,139.58968
0.11,73.74133
29.346000000000004,143.96507
479.977,340.7366
89.38,186.70212
30.207,122.67653
609.964,213.18808
181.75000000000003,413.65073
0.267,368.64948
50.647,12.393625
70.076,336.63486
40.57,392.2762
11.815999999999999,193.71347
119.607,379.653
1189.85,333.08868
20.23,138.17003
140.293,240.56084
10.87,192.76978
339.37,475.13684
667.807,320.65756
41.25,174.48956
0.47000000000000003,560.3719
470.66,411.80878
343.307,198.4015
2947.734,403.6612
362.79,48.783737
20.163000000000004,189.55305
18.953,185.32721
8.956,121.31477
0.096,83.90178
0.04700000000000001,145.03934
10.543,147.36765
59.796,320.3037
0.11,138.72389
67.143,236.84103
18.9,126.54718
10.696,128.50948
16.816,537.0063
29.59,249.65361
550.814,379.9582
20.9,173.01868
328.243,295.31085
52.12,888.61053
14174.5,580.5354
41.447,156.29471
19.92,189.41492
20.25,184.42177
0.34400000000000003,418.1466
210.206,144.33446
18.293,128.81943
79.887,498.4781
20.02,166.82697
5.347,41.88611
29.073,188.61092
560.197,829.508
39.583,268.89682
107.46000000000001,543.853
209.7,135.74178
200.8,1168.1069
489.847,182.4162
259.176,301.20493
29.700000000000003,231.1133
8.923,10.075073
19.144,238.13585
29.464000000000002,136.79553
101.54,310.1415
1.927,165.13417
2025.16,132.21823
8.0,239.28653
19.78,283.7813
72.306,218.51677
10.467,234.68289
19.536,139.51022
18.14,228.18173
19.82,338.45053
2439.91,693.9241
70.6,322.53873
60.234,154.51677
80.94,132.02144
16.377,417.03064
119.20000000000002,117.59986
40.576,561.30945
10.407000000000002,143.47104
70.267,133.51816
19.15,170.70343
12326.373,9776.363
39.947,15.360899
9.89,45.571247
271.82,1317.8046
50.037,213.66374
30.05,362.03207
19.937,338.28632
520.863,171.1861
80.576,244.13562
60.18,404.33725
129.026,387.23758
750.06,606.6055
29.976,128.39
65.1,112.29966
19.663,140.19183
8.93,184.1151
19.23,162.84381
30.52,152.29276
0.127,151.50688
9.86,241.34904
269.48,102.73003
450.254,903.2953
366.573,114.910614
1731.024,1448.0225
5466.930000000001,1079.1119
10.07,154.31584
168.764,80.60805
21.32,156.46512
1269.797,363.05453
68.753,113.81133
400.41,179.07852
20.126,126.52891
19.62,48.520393
8.193,115.28125
10.88,60.45015
9.863,151.69708
190.286,760.4547
30.543000000000003,116.942444
189.99600000000004,346.00742
20.44,91.64741
20.11,108.82478
40.06,398.58847
122.86,113.85616
2353.713,356.92352
9.873,49.35205
1668.987,966.4946
50.067,428.62915
80.17,20.671602
33.937,209.32399
0.753,69.241035
11.063,46.496346
140.537,430.95584
50.63,246.96022
243.217,187.65309
10.55,72.475044
19.0,197.8694
780.0829999999999,1326.5278
20.16,1376.6652
21.643,124.913925
10.053000000000003,178.66104
2254.52,900.3952
230.703,122.578354
570.173,151.38962
19.854,196.9006
70.167,391.28735
150.283,385.1058
9.537,213.5757
100.34,482.8117
5537.694,606.05743
272.673,207.70938
19.93,207.67764
141.216,302.86234
20.856,496.8839
19.277,97.50185
556.66,455.95444
45.62,788.75073
89.737,21.828058
19.623,162.46107
109.403,129.2763
250.36,258.40616
790.24,1020.7018
231.387,52.60735
109.75,216.70273
223.063,161.7971
60.657,128.5074
9.967,123.699425
140.063,259.42844
30.017,152.89038
287.953,264.52057
254.486,133.50476
252.88700000000003,1666.7214
65.17,119.326195
899.8900000000001,141.1762
29.903,239.05476
0.11,112.83818
400.19,334.07324
51.957,110.73896
380.11699999999996,906.1643
0.09400000000000001,292.46597
9.5,110.3089
249.874,179.06213
128.64,591.1789
311.027,103.970055
131.18,735.3527
108.953,130.3284
650.3099999999998,335.36487
1599.95,651.6155
20.05,250.9341
0.97,104.732895
0.973,246.86966
269.02,93.99869
9.543,845.45795
60.683,130.38393
39.907,146.28659
188.826,337.2656
10.426999999999998,138.07812
249.02,122.217224
10.86,424.53363
70.08,153.07613
40.11,214.63226
80.343,103.046936
20.113,10.342691
87.38,549.19104
20.884000000000004,208.84207
323.963,448.42316
60.347,199.40558
59.767,258.6693
129.987,141.02104
734.087,6171.4756
0.14,169.6681
190.61299999999997,254.06445
197.557,194.61165
160.31,93.0201
8.796,419.3948
540.583,229.33057
418.037,684.32904
0.127,135.90211
289.53,298.94998
14.41,150.31415
16.067,19.16474
80.79299999999999,122.9375
407.69,2017.8711
1238.483,1626.2003
69.97,249.79337
90.46,271.02734
20.173,209.28351
1101.163,205.13837
0.156,229.0451
10.364,152.54388
20.096,149.42412
171.18299999999996,693.9342
90.756,165.49306
30.413,121.42632
31.123,11.792723
9.09,144.77962
195.807,125.062485
75.53,153.1894
19.27,151.65869
360.59,425.74988
60.767,134.31056
19.086,193.45178
59.21,212.8929
8.373,190.89554
74.426,416.5933
410.12000000000006,175.41272
499.904,472.00064
109.756,261.27844
21.272999999999996,440.88702
596.24,204.59946
0.61,70.60848
9.626,68.99968
1161.58,432.8296
0.19,115.06437
49.83,403.76096
29.249999999999996,445.047
129.207,1162.6986
61.66,267.56842
121.954,112.438156
20.879999999999995,145.33957
18.273,113.989914
19.396,274.51453
210.81,37.697643
159.977,84.7637
10.1,118.23385
29.666,170.55302
19.707,329.602
60.42,170.5719
0.233,170.31155
481.02,341.7311
49.97,197.06352
160.513,256.87332
150.0,355.95074
1050.687,535.4981
119.59,353.0947
180.243,128.34062
120.056,379.38116
19.843,152.43643
90.43,103.17707
19.203,387.38406
250.99,468.59937
857.1600000000001,1111.049
59.534,148.9757
70.987,182.61667
440.31,137.57155
19.27,146.517
178.21,590.0153
200.033,435.3656
19.097,107.01167
179.583,93.23144
69.98,438.1888
170.19,119.41756
319.854,475.22443
710.193,160.21005
20.076,126.34216
0.03,99.04904
529.06,191.53499
299.137,119.13458
60.11,147.36757
9.92,443.823
10.324000000000002,68.80722
29.923000000000002,29.781948
89.9,2550.2458
989.927,3916.5
20.7,211.78438
189.407,192.31883
19.23,224.93355
20.877,128.75989
19.873,202.70512
19.05,337.77747
90.327,200.69821
10.287,449.4261
18.923,326.25464
2440.326,1492.1165
229.83,165.24478
59.903,162.84108
89.88000000000001,272.8776
14.397,126.018555
9.217,152.43643
3590.11,634.203
20.156,286.08392
18.97,24.357822
19.986,165.09105
19.56,306.26263
21.146999999999995,166.41629
9.757,121.08371
10.69,114.71955
1553.126,991.2137
10.093,189.7102
490.0760000000001,274.3721
49.037000000000006,316.72958
10.147000000000002,93.927635
2529.887,304.59604
50.059999999999995,469.96387
271.42,742.33234
28.027,97.56967
39.897,171.15527
29.566,142.25595
0.547,176.46037
0.25,81.92131
589.54,330.81607
10.047,472.87894
29.96,108.56998
40.370000000000005,229.44336
20.202999999999996,150.57246
0.063,167.84637
2078.977,108.85515
18.197,256.75522
8.983,200.66963
9.077,152.52504
299.99,313.03003
1.4060000000000001,387.38406
69.977,153.72159
69.767,248.61298
20.77,216.85555
151.863,656.75385
730.146,234.18591
0.954,47.88931
230.22999999999996,757.3232
0.48699999999999993,241.60907
0.673,176.46037
21.84,60.40853
139.95,293.5375
159.43,263.98483
90.283,187.90941
19.083,131.10905
50.864000000000004,347.61606
900.434,255.00252
9.584,118.42096
20.136999999999997,154.26562
250.733,253.97487
19.843,116.5654
7.3,410.81268
50.02400000000001,110.37623
108.87699999999998,166.31609
120.816,252.13527
669.994,188.1812
30.61,55.3804
680.227,1529.1171
9.77,121.87465
50.39,173.01695
139.87,340.61624
27.984,291.3083
29.280000000000005,490.53525
112.85,125.10608
238.77299999999997,113.85859
88.21999999999998,110.696594
40.163,132.04053
3611.8,664.2197
121.267,48.711296
20.65,67.94756
240.13,182.02864
139.953,121.740776
11.55,106.82739
20.234,913.35767
100.36,280.50244
3729.203,2274.1138
299.393,279.4706
141.187,192.91257
110.083,193.90825
522.43,80.66359
9.283,118.028625
0.0,103.74562
120.243,1675.8672
75.913,67.610794
10.13,233.88023
88.993,646.23816
2560.967,433.3294
0.203,174.57942
19.71,143.60745
480.31,289.44455
1030.184,517.0686
140.844,139.03983
19.23,189.29716
49.437,150.68254
170.974,181.57416
170.157,84.0087
19.87,566.6314
537.597,660.15265
0.673,168.4459
8.957,197.24738
19.87,191.3046
20.1,153.77008
0.077,174.6533
1.6400000000000001,326.8746
29.65,228.84271
0.593,47.046417
0.297,236.11154
40.18,48.62568
79.987,144.92369
9.607,427.38947
189.33000000000004,165.27135
70.243,218.866
9.77,161.06544
90.89,424.874
40.217,829.08185
10.88,79.96987
851.204,159.11385
10.736,172.25482
30.582999999999995,171.49797
19.904,633.8837
330.23,707.56555
690.046,422.99918
120.587,101.69882
16.383,214.63417
50.74000000000001,97.0719
160.173,141.0276
30.207,342.5164
5665.12,369.69885
100.664,193.5613
469.373,5841.174
439.96,847.79034
49.78999999999999,30.021095
118.614,341.16083
20.263000000000005,144.07202
51.914,140.46083
280.387,122.264824
180.5,162.39467
9.68,279.4149
39.537,880.0581
79.284,203.4893
9.91,115.09332
50.19,121.611534
447.517,340.1488
100.687,158.80856
4.407,45.56862
9.097,346.4429
0.61,313.4221
0.173,118.4467
40.32600000000001,313.9346
223.193,184.48401
200.423,115.98922
41.01,144.76001
4934.937,498.63846
264.673,338.3355
179.523,172.96873
19.797,135.90895
30.113,11.381425
28.003,45.58032
29.724,250.1351
179.623,12.189978
0.343,234.91846
31.036000000000005,131.39104
1.42,609.9581
1780.667,491.8583
60.077,87.07752
59.177,237.2282
430.7,426.1636
22.063,575.3833
9.76,15.397285
38.687,423.87305
301.79,137.78362
2.614,180.83083
330.857,198.71706
4098.213,214.71245
1710.207,482.43228
1040.796,280.4515
127.83300000000001,141.69087
319.873,143.3935
30.277,157.95198
24.78,55.282513
298.87,444.54642
6.277000000000001,409.18448
9.777,281.60403
12.886,125.42805
369.073,122.45896
21.083,121.914536
69.833,154.45248
239.79,583.5012
209.803,157.52235
250.84999999999997,785.85223
0.75,109.35186
9.646,145.95367
0.03,503.32214
41.36,124.00425
39.073,285.21234
2149.757,300.77435
78.183,208.44144
169.736,217.76428
310.12,340.19968
29.765999999999995,404.08896
9.057,429.79245
98.936,341.86328
3122.36,375.06284
140.0,157.93062
1679.467,1022.5661
27.95,96.994934
39.56,113.76566
9.77,160.17596
1225.097,562.6029
120.84300000000002,178.32748
50.059999999999995,126.15317
30.263000000000005,202.15636
8269.837,414.30573
70.046,245.96945
18.997,172.5084
20.327,119.637024
309.924,376.87152
19.203,164.7607
159.587,103.41447
37.913,105.37079
19.553,106.18454
30.196,264.8468
167.286,119.86746
109.703,121.9499
306.286,137.71317
19.977,561.8469
31.68,134.25261
8.947,47.701202
98.564,48.684998
38.96,429.33728
19.873,385.4955
0.033,454.5352
0.233,212.2435
48.32,157.00923
274.13,516.5225
328.997,1062.5413
0.753,70.60848
40.12,222.36806
9.673,306.00348
19.946,140.17497
3220.46,5433.1772
8.083,113.62285
119.747,106.03384
19.346,118.37772
170.17,172.80338
815.12,194.37132
8.423,173.05945
99.977,201.66849
605.893,86.211525
60.91299999999999,120.17029
510.886,166.13911
20.18,143.51086
110.233,460.8161
40.5,63.096325
109.72999999999999,263.9527
128.77,416.97906
419.83,5074.408
20.057,147.90384
429.857,495.53226
40.717,244.47794
40.7,309.49463
0.61,225.24931
352.54300000000006,266.89365
99.89,312.79904
1539.7269999999999,249.23543
291.403,181.4127
28.699999999999996,516.0755
47.723,140.09474
0.5,103.14718
20.214,167.09988
18.874,287.34384
2064.714,713.26447
109.92,229.34526
10.686999999999998,144.37398
19.293,109.38641
9.77,345.14157
29.022999999999996,170.40564
9.904,132.29105
23.054,433.20776
60.077,36.398594
19.78,111.00225
21.049999999999997,89.01931
320.033,153.61804
56.113,359.88495
10.89,111.47246
0.39299999999999996,157.98657
20.023,243.64902
0.8140000000000001,408.59808
39.027,103.65528
80.16,157.7258
0.077,237.8134
19.626,155.17738
30.507,70.65781
69.894,261.90076
20.52,126.92102
26.32,179.9184
30.917,308.8551
394.413,48.697906
21.093,29.686817
178.97299999999998,106.70262
0.564,170.02168
0.186,100.70072
240.694,255.64124
39.91,151.97676
390.13999999999993,400.21017
0.0,158.50749
28.953000000000003,114.58624
159.43,119.61787
60.237,384.42773
19.943,179.0695
39.647,506.06503
84.747,334.172
620.417,524.37054
189.547,110.15901
50.04299999999999,192.03351
1049.687,3349.5168
80.103,150.19623
19.64,509.90454
259.737,498.31277
776.607,494.63126
30.62,386.95004
190.277,229.82957
29.497,121.840485
670.976,347.5635
28.992999999999995,170.97221
0.016,158.32478
51.237,938.7478
89.933,80.963486
17982.17,1149.5874
9.37,94.3758
90.13,372.34955
139.8,182.64307
50.973,159.23872
128.823,134.53867
8.233,532.5125
9.203,520.92554
59.74999999999999,189.19981
0.42,287.77576
0.25,153.57713
19.833,159.18927
9.9,2424.8433
17.994,150.02777
79.686,4207.334
60.844,110.72515
229.08,676.304
13.309999999999999,166.23048
320.18,115.56687
19.694,206.62263
20.214,159.86899
10.097000000000001,420.625
167.29,21.64614
20.45,268.66293
109.89,134.0452
9.24,122.787926
289.333,246.33603
9.936,240.4451
69.867,128.55812
10.867,195.0515
159.29,114.038925
20.166,106.33351
50.87,109.97237
36.077,148.20012
238.757,903.3513
29.71,144.44705
6.239999999999999,598.43536
100.453,126.71815
239.953,114.585594
17.013,288.7339
112.883,396.698
18.46,179.53038
169.756,2269.831
1640.54,2149.5583
38.854,231.83398
1490.323,366.70065
19.77,194.03711
56.784,126.51669
19.786,235.20064
21.07,177.4457
20.343,566.68256
28.757,189.06003
110.057,159.75291
31.97,539.0488
1080.29,844.8811
1010.267,173.20595
69.717,143.45694
52.45,106.07808
15645.867,6458.0156
0.503,205.13382
1111.58,121.2856
79.924,184.48308
130.313,251.96838
224.19699999999997,603.6252
20.126,174.1434
230.036,189.10454
38.907,115.205574
10.154,173.51701
1.33,768.46643
65.78,163.8989
119.563,153.31935
460.003,188.83052
40.18,859.1178
59.897,203.19551
1.443,69.580475
200.23999999999998,151.77338
18.18,253.97487
18.513,236.11154
21.327,214.7952
30.816,169.02852
160.056,147.76237
451.144,282.59073
0.343,189.21184
39.207,520.28723
2089.09,777.41095
20.507,110.104126
60.227,467.61365
2097.66,208.2858
260.137,393.07825
9.89,200.29825
19.877,633.2082
48.163999999999994,250.48376
11.104000000000001,274.8039
91.43699999999998,2509.9216
136.637,182.43048
50.95000000000001,378.16077
189.326,425.34866
20.623,96.553
139.153,147.78316
38.487,228.30815
11081.517,145.2129
290.4,396.7417
12001.56,6330.775
12.273,426.88434
390.027,484.89978
39.917,413.2358
161.893,143.96115
5270.226999999999,406.3646
20.634,1000.9015
2320.347,154.66882
74.546,49.374035
50.08,162.98235
0.36,68.23293
42.733,148.13895
9.414,55.3804
1.39,111.78163
329.813,908.4208
10.347,211.98442
109.83400000000002,315.87308
99.9,640.73956
40.447,103.57006
40.59700000000001,135.51944
8.407,397.89548
29.866000000000003,204.216
39.493,48.666775
60.22,112.59633
29.556,436.26263
20.857,91.287
21.533,71.16566
20.204,172.33926
61.923,16.659307
490.57,222.61911
719.56,165.56631
100.317,169.88336
59.97,157.96385
0.153,777.41095
85.723,2104.8306
219.607,53.66961
120.77,410.34213
62.57,205.48709
20.053,222.4896
79.917,116.46667
167.97,135.77583
290.45,284.37958
273.636,385.78043
258.843,153.75482
38.263,107.593704
89.054,78.129555
40.573,152.54156
25.067,48.678688
29.82,119.166855
120.63599999999998,908.65857
0.42,251.45438
19.923,93.50969
688.98,101.561386
18.943,188.93176
70.386,205.65955
38.49,90.79364
10.699999999999998,151.92737
19.63,133.22049
60.36,541.37823
29.903,131.70699
20.220000000000002,171.21608
0.14,240.4451
500.294,156.53967
20.313,200.22487
394.37700000000007,390.7782
129.92,103.07164
231.167,127.35234
28.490000000000002,301.81848
458.43,201.86569
150.813,220.81583
43.45,108.55381
61.24,122.01531
146.42,143.7522
319.267,315.07608
419.92699999999996,185.58716
30.174,271.45444
676.644,194.59244
9.797,150.14828
850.103,754.9651
319.957,317.73874
578.983,127.13351
9.384,123.937515
19.383,261.2217
0.454,126.6313
50.396,173.84415
10.674,48.663643
0.34700000000000003,103.33917
170.34,49.022892
17.317,124.913925
419.63999999999993,1518.4905
650.0600000000001,120.18824
19.88,155.0559
118.6,367.95105
19.67,281.2061
46.06699999999999,343.12915
39.783,192.90573
19.643,149.61783
330.563,162.62021
379.063,219.06393
19.953,153.07613
69.696,785.6647
2169.686,229.56635
59.744,194.8807
1.9070000000000003,433.76654
19.014,119.16176
19.663,193.03275
0.47000000000000003,117.66345
109.504,133.02231
21.23,149.63739
111.737,242.04031
90.88,340.96274
162.68,332.39893
110.05,177.0067
119.523,103.35343
25189.847,1113.8976
516.72,233.69127
19.657,159.0511
179.76000000000002,156.07271
49.677,1054.6699
130.79,163.068
320.163,946.3122
41.046,55.356884
48.777,114.11177
19.997,60.449036
0.534,288.5218
40.094,111.30597
247.55999999999997,164.07318
709.164,316.3258
40.38,378.26062
10.84,186.03139
19.31,222.39539
19.653,48.47454
160.333,321.94803
0.237,292.24396
20.486000000000004,221.03773
571.036,1600.5533
39.74,154.9397
179.157,172.6274
9.576,142.32431
15.1,2274.1138
89.79000000000002,143.77187
89.754,259.21973
9.904,50.99634
119.787,165.61697
559.786,366.222
9.907,338.85605
8.967,11.274201
269.976,168.90622
29.833,283.17337
1.064,203.02142
9.097,80.61844
549.07,166.46642
9.196,75.0559
380.11,818.0642
181.147,154.01797
40.76,200.66963
20.083,396.85822
40.424,788.3964
697.2859999999998,133.4095
9.646,103.80442
239.243,781.5721
29.546999999999997,245.3023
1171.467,205.08281
419.847,262.39783
30.057,731.21735
49.053,169.43254
369.5,195.80339
18.913,79.96987
8.897,284.3151
559.26,473.7303
59.73,111.324875
410.00300000000004,384.03226
19.373,178.06369
0.987,57.451744
10.313000000000002,180.25165
290.86,105.03939
8.85,209.90338
0.423,510.0371
39.43,554.40436
692.804,527.49896
159.327,246.74026
0.013,178.42021
0.093,130.31317
18.797,73.863625
102.6,196.2383
13.564,614.4367
120.746,116.88184
541.017,789.7654
60.053,141.81737
89.834,287.63843
35.847,17.78107
179.893,121.599396
20.21,120.754585
245.087,170.65585
5.007,172.0342
60.69,499.89084
10.013,274.562
10.007,313.4221
15.476999999999999,112.87912
60.67,149.8867
36.3,133.5144
199.85,205.08601
300.523,193.43944
429.26,231.50159
320.277,546.59296
48.793000000000006,21.424316
100.787,301.17828
19.85,138.29308
30.117,507.89304
19.916,231.80014
60.987,195.70605
69.983,449.97464
270.144,257.3572
119.217,161.54767
19.013,138.95724
1018.777,307.17825
940.693,1408.5127
30.09,11.16797
79.837,261.62613
482.57000000000005,1639.1494
23.18,93.79448
0.204,254.59827
1799.627,817.01935
239.584,181.4911
40.366,188.77487
740.4,393.08548
149.757,1471.0878
620.2,143.42244
10.71,288.5218
80.143,285.28934
8.963,54.910667
10.680000000000001,241.64803
29.583,449.9802
1079.523,265.75256
19.733,168.78247
500.5640000000001,238.83319
39.243,170.03156
19.09,248.87212
981.103,135.60262
9.95,34.06564
2693.2200000000003,164.39478
26.900000000000002,160.23158
1.06,236.98619
781.2099999999999,177.05074
764.16,482.03345
0.04700000000000001,116.44152
46.06,170.9686
2.314,488.06543
19.716,181.35066
10.034,197.10953
10.437,130.58408
0.013,283.25558
50.71,820.14417
50.083,356.00064
42.016,119.47843
29.187,69.337875
80.283,169.25003
14.753999999999998,107.186325
6229.9130000000005,1376.3662
169.803,292.24396
3.04,365.06866
309.93,156.50682
21.0,187.37343
0.283,269.98376
69.644,263.80588
8.736,205.38962
0.677,118.55403
19.573,174.50577
21.55,209.63219
110.02,245.13493
4579.52,569.95917
800.334,1829.4489
230.237,104.3488
328.04,133.84976
170.94,584.334
19.947,215.15494
197.617,149.36742
214.317,166.67018
160.047,422.56982
29.573000000000004,114.11016
99.673,115.659096
10.940000000000001,256.7543
89.573,102.70672
79.783,203.95697
483.96,654.17456
150.673,377.1008
98.80999999999999,188.96387
19.8,238.58617
39.53,105.251335
59.846000000000004,180.8892
0.04700000000000001,177.0631
9.147,189.57246
32.014,297.15457
18.88,112.94486
42.447,128.21417
9.914,41.59113
27.217,111.58978
280.783,581.15717
19.786,483.65656
50.22699999999999,879.9099
39.897,172.6547
10.576,159.90163
20.11,98.37267
0.03,199.64368
19.83,174.61757
0.187,224.56424
320.216,395.64468
131.236,311.80814
29.56,633.6857
0.58,142.78937
29.877,682.07074
3503.337,2967.9
1.093,139.9131
723.983,556.98804
0.314,46.587944
69.96,348.29373
90.32,150.35515
110.65,188.10681
659.826,246.40831
9.864,46.496346
11.686,120.10317
19.914,514.62775
122.054,126.19996
39.45,144.18117
19.287,140.57
170.376,30.799383
50.22699999999999,144.76187
48.98,146.55515
71.437,20.516552
22.020000000000003,214.90465
29.413,939.1102
78.533,252.96483
1987.31,982.99023
0.156,223.6688
20.08,170.12602
9.8,116.44152
21.015999999999995,155.16103
1810.097,83.73355
259.916,194.69777
296.347,240.0143
0.14,103.13129
0.706,11.354526
9.374,158.55252
1350.9169999999997,2255.948
938.42,241.55602
20.353,127.96256
793.437,469.76587
179.11699999999996,177.72888
429.796,126.54648
61.410000000000004,246.53357
18.604,908.61145
40.243,195.32039
9.156,421.24124
619.633,320.22382
40.137,178.06369
789.83,408.0691
359.793,114.88795
233.307,263.56427
0.08,135.90495
669.184,1808.2991
1959.95,480.4613
1748.297,743.4199
89.31,159.04854
1285.52,3976.8538
160.333,266.99152
99.36,269.73703
0.923,313.4221
646.524,120.703316
17.39,517.9502
90.5,947.0418
51.18,1016.036
317.816,356.9618
49.07299999999999,252.55873
79.367,179.02818
293.87,318.21326
140.283,118.88957
380.896,160.9797
70.01,265.81906
9.973,175.05199
290.5,194.42398
20.613000000000003,190.79678
1258.757,453.81662
19.84,713.0511
90.18,737.81
42.334,211.07901
117.907,255.66096
130.36,636.187
261.107,196.19315
1.4029999999999998,92.51503
19.15,256.139
20.656999999999996,176.2665
120.26999999999998,185.35677
30.63,116.32685
28.62,162.86716
229.377,249.36668
280.023,789.40826
60.323,714.3272
0.14,116.11288
239.88,199.90118
28.97,179.54639
37.743,100.02952
72.02,130.00273
289.927,120.82735
558.473,341.20145
19.487,183.86502
39.32,134.19597
101.05,280.77652
19.94,175.42491
10.48,112.95043
68.09,434.03885
171.507,454.5461
29.506,239.22139
42.987,428.3232
457.71600000000007,141.74481
743.067,550.7793
19.494,15.54372
39.48,285.98724
339.117,281.61255
20.503,215.52142
100.873,291.45984
29.694,103.74562
1849.603,870.8965
38.95,233.53539
264.344,477.4612
299.857,236.49792
130.95,114.025536
1036.186,297.12546
19.09,174.93849
8.993,199.80444
99.884,156.19353
2223.147,243.7347
40.98,49.86097
9.837,470.45154
18.033,68.574394
960.76,493.5124
8.183,156.87926
349.73,2695.1958
161.25,188.72713
0.58,231.37953
1519.693,341.48798
149.387,188.1887
59.87,389.05753
19.974,173.6107
0.03,525.369
10.603,270.7812
260.407,628.2932
18.823,1143.1975
428.89000000000004,327.1978
241.08,378.5238
19.01,60.45015
749.93,117.33878
20.24,222.37248
19.98,215.86368
2290.107,1373.1667
1330.734,400.72513
19.057,55.259335
40.18,324.1392
229.593,233.76682
20.926,167.23352
109.55699999999999,242.2877
239.097,220.08746
9.407,248.71742
315.68,429.5149
49.160000000000004,866.0599
103.413,637.55676
60.094,214.87712
232.927,395.3797
49.989999999999995,438.50064
68.85,2946.869
1.047,132.81528
50.29699999999999,189.48506
0.204,196.78543
574.023,218.7178
12.23,287.31503
18.83,187.92218
140.203,88.83103
49.877,119.958336
42.117,11.462532
1110.76,401.4615
160.163,311.20685
10.314,827.98224
1.0,212.32367
253.614,95.86259
40.216,149.9977
1571.133,496.694
129.616,201.19144
0.75,159.18262
0.013,124.183525
10.257,149.60384
270.374,35.955086
1180.403,134.56616
119.77,1075.193
51.504,109.073845
694.897,134.172
420.22,152.37381
529.29,140.70816
10.54,172.38933
29.884,380.7794
1063.44,191.7509
49.733,119.02587
1352.8300000000002,467.46484
11.09,70.068085
547.454,116.56832
19.663,182.35143
9.943,155.60477
369.123,113.68051
210.75,134.09988
40.884,771.6344
60.227,131.01518
19.284,192.45776
50.267,258.3926
19.593,121.0816
20.07,684.37
9.89,146.60542
150.577,143.12228
0.8600000000000001,173.83171
120.54700000000001,179.55525
262.177,103.120346
109.453,98.86242
19.147,157.88501
50.946,195.4415
299.447,259.27673
8090.26,2527.149
0.123,209.94312
0.38999999999999996,138.9399
274.96,265.7863
19.033,11.088968
0.25,29.356277
119.35999999999999,222.29678
509.76,77.044304
1.17,140.87836
29.977,149.72464
9.36,95.23911
2922.33,503.8794
20.23,298.80582
40.39699999999999,397.72858
8.983,200.78352
1238.037,262.22025
19.12,339.3511
30.13,87.00429
0.25,88.860535
360.08000000000004,69.557556
19.737,189.70041
9.79,270.15186
31.513,41.249504
84.374,802.2824
43.753,72.5349
59.85300000000001,259.6157
79.766,402.4216
15.157,45.58422
11.57,168.66731
10.183,138.50833
20.193,285.3609
3557.794,464.73422
10.05,121.60899
100.34,134.8854
9.057,265.81897
20.55,213.11601
119.07,105.72776
448.91,428.84903
269.73,126.945755
175.657,357.07892
201.367,131.25372
20.25,547.1214
1390.31,147.54126
2069.933,3155.5476
20.11,119.73121
100.163,126.13578
49.142999999999994,242.33984
8.487,121.8366
2005.8829999999998,7510.031
640.617,288.41483
1160.146,439.22818
50.224,217.03545
280.58,174.73195
53.483,230.80692
17426.21,10439.647
500.336,55.309036
166.137,403.6917
39.803,1153.7479
29.887,149.93378
30.31,337.6666
100.727,113.960594
9.597,268.3959
140.157,120.42962
270.196,128.1481
9.95,110.42284
2564.83,339.34952
0.32999999999999996,823.1128
170.143,133.58698
51.177,214.19626
239.107,219.7777
6741.233,921.5293
19.57,174.98029
31.647,134.71193
399.467,321.79956
560.053,151.295
39.093,170.02168
149.443,347.05197
4374.176,6313.702
23.806,292.09018
29.85,483.65656
120.86299999999999,435.37173
684.31,50.29765
19.123,209.00044
185.306,296.89966
829.7599999999999,263.17746
169.373,180.06657
20.904,511.0476
20.2,101.40814
12.18,102.96258
18.647,174.28493
220.07299999999998,130.15915
303.69,6175.4194
9.667,132.60013
166.81,122.143166
40.623,401.51642
40.533,206.21843
2921.234,570.00354
48.263,112.1843
240.14,127.028404
59.657,354.8876
79.473,435.86893
31.669999999999998,119.5846
8.486,68.42384
40.053,501.88544
409.63,128.04387
49.45,144.84795
130.173,256.94974
409.033,1855.7966
19.1,195.80992
69.703,259.74808
487.81000000000006,393.68152
812.08,478.0878
11.060000000000002,136.64684
29.870000000000005,285.3609
230.443,2595.9475
0.64,60.4175
21.55,120.375984
16.936,572.9802
9.92,294.3468
10.637,144.85738
264.644,699.22943
38.586,141.95984
135.236,169.02316
19.413,517.949
100.114,173.50931
39.804,241.27528
0.626,186.45567
1398.51,576.109
170.677,130.99886
89.01,266.35254
58.283,147.29715
40.967,133.8534
2581.866,716.6403
1799.853,242.17938
10.597,282.2345
208.366,350.1838
31.616,241.59534
121.357,136.25879
138.777,260.29242
129.846,6334.075
150.48,257.5915
20.329999999999995,63.820305
639.177,149.36874
119.81299999999999,405.9383
109.603,278.8294
50.293,130.7486
20.123,122.09005
61.08,190.07172
10.087,222.4896
10.844000000000001,227.76442
28.556,259.08823
19.91,70.460724
9.817,138.65877
0.22,56.256332
26.37,120.275345
380.557,246.59471
40.22,173.49149
0.72,48.527687
28.783,206.21706
9.723,392.26324
19.767,598.90125
120.45,197.06107
20.923,158.7658
872.1199999999999,285.0784
80.453,117.184685
30.117,168.46286
0.5,419.3948
60.076,155.31772
139.277,194.03143
17.97,216.75314
640.01,432.3334
2498.906,372.17203
109.89,167.484
30.917,509.43045
13.103,433.13443
659.75,343.1564
2339.4,141.9005
20.097,119.13651
1100.68,125.495926
39.937,509.43045
11.959999999999999,142.18594
20.143,67.995
489.837,206.3919
561.03,266.97482
17.937,519.3213
50.18,14.139872
39.62,368.3884
19.853,232.08035
39.524,113.54356
759.957,244.15298
9.7,167.64769
10.623,101.30986
31.08,196.40375
25.277,49.927746
229.15699999999998,722.0683
27325.739999999998,479.75497
19.877,172.81898
100.336,1151.7476
18.437,312.95526
0.9400000000000001,273.9946
30.03,205.8052
950.5740000000001,345.98972
894.036,356.1442
39.49,213.84178
247.527,328.69382
0.687,120.82763
49.344,246.24384
20.07,242.31535
30.193000000000005,201.89427
159.753,51.61563
900.033,85.85462
120.553,129.76973
29.82,133.00195
7465.49,9148.272
18.824,326.2542
29.07,10.640601
80.017,297.44714
29.782999999999998,265.35635
30.13,94.35437
11.43,144.42816
10.2,254.26462
1220.873,201.05939
0.06,111.653694
9.917,280.24
572.63,1655.4705
63.484,206.6884
281.777,138.32164
79.153,98.28391
265.68,506.7266
31.527,52.164436
41.553,52.5798
580.14,368.2189
1130.103,1366.5343
19.387,216.29391
249.163,488.41214
0.44,181.1631
20.083,122.76453
1099.766,161.10785
19.413,397.66476
10.733,252.45667
0.377,55.26688
18.527,314.34338
295.79,190.70897
330.377,148.56184
352.98599999999993,705.4416
9.69,339.8491
109.4,159.89586
30.63,243.70192
28.19,208.32024
62.707,104.60087
1099.86,221.90747
0.377,906.2151
69.946,310.75473
99.73699999999998,113.14315
17.467,52.591064
520.533,393.64658
0.47000000000000003,30.750126
210.324,1465.7257
90.08999999999999,202.88004
81.937,247.61247
106.334,93.088806
18.94,236.98619
100.92299999999999,368.11868
9.413,152.07353
19.924,148.1058
468.4800000000001,190.8407
120.623,169.6681
10.863,60.435387
41.08,206.70891
49.627,169.3221
9.93,136.06808
380.26,213.8716
529.983,144.98463
100.69699999999999,237.01157
1351.204,266.98026
115.223,138.86464
0.04700000000000001,404.1985
40.61,639.5072
9.877,65.69377
40.403,248.82932
20.417,30.997093
0.45600000000000007,177.50035
100.196,138.56432
19.686,614.39813
99.85700000000001,470.0687
21.500000000000004,278.88562
1289.8599999999997,1446.4521
25.016,233.98895
9.877,396.75705
920.067,538.2977
9.073,150.49915
1.61,168.46584
440.36,181.39806
47.483000000000004,236.01117
50.037,154.29494
0.893,170.45879
120.43,173.6207
0.32999999999999996,174.50874
5.646999999999999,217.46512
40.88,253.02763
9.89,110.47295
36.353,123.21767
679.977,284.94684
9.927,428.4061
177.733,105.18467
0.143,633.2082
200.23,121.2332
20.106999999999996,105.8297
9.197,145.84486
570.027,124.19948
20.023,286.00647
30.073,168.98521
8.034,562.43756
0.283,105.03099
8444.523,7105.6636
237.993,1519.4885
31.657000000000004,625.77545
140.613,201.72229
39.606,332.2184
40.31700000000001,169.26067
28.43,572.5687
50.267,151.22629
159.74,168.2501
118.164,130.14426
2043.41,468.97177
70.15,454.17078
18.226,258.59283
20.007,151.13522
37.733,403.23886
0.016,55.86873
1.034,177.2706
100.917,345.25418
182.71,109.5456
18.03,596.71405
1.313,180.3914
59.896,166.96788
40.146,48.589424
181.053,415.35452
19.757,83.8835
20.499999999999996,308.6388
68.377,220.78125
9.127,268.3959
203.434,534.3081
69.03,405.5684
10.533,11.327677
289.647,343.83728
95.913,128.75554
520.063,394.02826
319.144,203.24637
109.483,885.2073
0.314,203.39265
310.03,132.19751
380.407,221.37976
40.87,121.63132
1.517,155.99728
29.043,55.27081
30.254000000000005,279.4706
131.567,228.5523
90.13,48.60719
80.483,494.76157
19.837,156.62796
1919.9459999999997,425.3192
91.01699999999998,1392.6194
99.85,82.30011
29.863,119.51821
58.843,345.5907
28.93,202.51703
29.707,241.21962
0.143,120.34239
0.22,401.93906
2049.866,867.2705
69.443,125.979385
3098.63,571.7442
4183.473,384.69348
0.0,286.08392
37.037,154.9698
27.99,455.32767
250.287,258.42014
0.343,109.833534
959.547,523.1076
80.156,219.43146
59.996,231.4511
509.74699999999996,536.5053
21.010000000000005,150.53584
19.873,52.61738
6.606999999999999,45.56862
19.93,185.26959
0.877,166.8364
19.41,176.99374
59.12,242.06253
30.064,223.91473
19.017,161.22997
8.983,239.28653
0.72,303.79572
1753.693,530.37714
59.097,94.073524
300.824,395.03958
9.84,104.4629
70.614,310.1397
186.694,2083.8403
148.87,173.1025
953.2829999999999,1609.8191
10.027,132.37546
10.163,214.77083
50.826,117.68459
19.63,148.32954
2192.63,1075.7949
68.65,119.691315
38.24,151.27083
10.383,203.30392
125.49,337.2828
49.93,326.8746
0.04700000000000001,136.37054
139.726,381.41586
20.202999999999996,170.22116
9.347,57.451744
132.473,52.61108
80.127,158.35721
49.996,176.35265
169.933,136.883
112.053,1179.0897
89.1,237.75786
29.533,107.31218
91.387,454.89606
171.18299999999996,189.47101
40.437,112.01454
750.1469999999999,619.45276
341.81300000000005,173.09082
560.223,152.86052
10.907,551.906
160.23,233.62447
198.94,426.3345
9.74,55.486744
9.014,69.53187
10083.733,6096.6997
1169.693,3752.7102
7144.437,1191.9232
159.38,170.73328
221.786,185.39978
19.967,685.1818
1308.6859999999997,645.99475
10.22,125.35324
219.824,231.5075
720.73,1205.6748
9.777,93.39596
0.31,109.70471
20.83,840.69226
17.763,180.63087
50.054,673.45374
1529.72,969.70593
1344.627,2145.6023
50.213,180.15671
99.394,324.58942
19.703,338.2569
22.103,106.32316
139.91,396.35138
9.57,104.92804
20.18,213.67384
10.157,154.77792
952.07,611.00995
1115.813,472.2178
59.33700000000001,226.82622
30.123000000000005,172.68523
130.863,136.65166
0.233,157.04494
11.57,123.11818
19.677,238.51636
269.777,164.66295
20.72,189.01326
70.154,399.36874
9.75,277.17654
85.137,75.552414
101.406,136.14984
30.26,121.0816
29.127,371.13885
0.0,219.18306
189.4,196.04915
10.163,207.51501
19.81,392.30716
45.89,403.3787
2564.154,607.00287
10.476999999999999,106.49323
1810.097,389.75058
130.28,219.13878
2688.67,544.6085
459.967,138.97292
279.874,600.46484
40.45,335.83292
19.174,87.37721
10.78,68.32831
1249.404,88.599464
309.954,591.51715
40.057,94.12967
110.214,1319.3123
59.69,320.35168
165.043,1705.0343
20.18,136.58295
0.8600000000000001,305.35214
2830.5299999999997,880.409
20.4,162.12552
30.334,228.57733
260.02,65.96803
609.967,172.97766
20.086,135.13734
11.95,181.07103
42.327000000000005,293.7318
20.28,68.28059
18102.623,19472.63
71.877,422.46228
99.623,169.69307
89.84699999999998,136.70435
50.177,543.68317
11.214,117.471756
120.29,156.94032
19.4,119.415276
49.884,295.35605
1.173,60.44469
529.01,235.82535
9.08,113.10027
20.04,150.35886
59.546,128.61325
8.68,113.7501
0.237,324.7253
19.477,427.81705
8.19,183.16933
44.53,150.90283
69.67,262.50504
40.494,34.399105
9.217,349.83167
39.106,192.36447
129.854,279.0886
19.904,246.74055
11.006,339.10165
130.243,160.28015
239.267,129.58006
50.037,177.44417
8.967,159.65726
19.347,211.66808
89.007,206.54646
230.26000000000002,153.36568
19.76,144.63579
11.063,202.39655
30.44,168.25883
40.673,440.0752
29.743,173.56868
9.45,164.9753
550.04,446.369
3848.476,7231.1484
59.707,560.0905
14423.644,1049.243
130.07,311.4644
30.162999999999997,208.60616
819.7100000000002,352.86078
81.40699999999998,190.90434
1409.23,261.58798
20.54,118.746635
669.836,131.52907
59.493,225.5254
48.13,195.5773
20.513,130.4794
0.0,73.863625
71.567,176.51976
30.253,196.15535
30.087,172.9022
199.77,430.13675
80.22,337.10388
67.843,175.36342
18.003,195.22865
261.937,117.79426
19.183,81.00858
9.596,112.10945
27.797,135.79744
60.227,133.00575
28.437000000000005,203.65575
89.767,273.20828
1142.373,106.40121
0.016,266.81705
49.12,132.40251
18.81,1464.4182
15.326000000000002,140.09099
161.293,116.1807
9.313,203.30037
1142.84,321.1642
3589.977,188.48438
207.15999999999997,237.47655
100.05000000000001,200.38544
50.727,168.90727
8.274,190.1242
19.72,245.03807
19.05,103.09572
0.5,105.03099
10.67,455.05292
60.342999999999996,209.84267
297.307,446.97607
70.33,263.42023
59.86,432.79166
59.727,159.59456
279.277,315.4986
640.5,108.78958
19.287,249.31245
362.234,139.13275
680.1529999999999,155.07924
90.40299999999999,390.38522
502.674,240.56175
100.11700000000002,66.71479
119.573,195.94171
13.103,184.82475
580.414,1193.352
331.3,211.22974
40.187,177.50728
8.64,539.8907
1.347,215.10017
40.38700000000001,238.51797
39.33,906.2231
99.55,256.08694
1183.16,1360.8933
70.163,285.06042
430.663,230.97833
3849.4130000000005,802.64215
280.517,139.33105
49.87,386.25137
660.057,212.38492
20.07,197.24738
30.979999999999997,303.68643
107.87999999999998,392.02615
39.2,151.98328
352.92,345.36212
80.78,202.65593
1.33,194.09087
18.22,1006.5119
19.436,291.54163
394.177,203.65825
10.147000000000002,140.82555
714.557,884.57385
21.887,109.11727
29.79,234.6871
18.287,60.406734
0.283,70.50995
9.643,69.192764
0.8600000000000001,849.3354
10.736,80.848625
549.203,3493.1584
60.8,388.30368
1759.6900000000003,1803.4701
767.497,272.34702
19.953,1478.5032
10.133,150.55215
20.69,94.127106
48.20700000000001,128.15701
69.94,161.89272
50.08,272.00418
660.306,128.08563
0.093,451.22675
59.793000000000006,135.15546
29.407000000000004,47.234127
0.203,68.185265
10.796000000000001,173.05945
19.71,100.48077
21.45,176.64528
10.237,196.25124
49.253,433.11847
109.94000000000001,357.12634
200.156,118.47976
619.81,197.12907
5820.087000000001,4111.373
180.50700000000003,347.44174
399.917,133.29358
489.526,187.07748
8.97,158.7658
30.24,273.4064
730.226,1057.8716
140.007,254.80199
123.76000000000002,257.6907
9.686,201.35316
1262.303,476.83826
9.82,376.21255
21.183,450.37204
30888.243,14014.522
18.844,125.20978
139.793,167.71843
20.132999999999996,1426.9261
10.86,80.771675
19.833,166.54507
10.416,191.07
59.92300000000001,151.08682
18.783,275.33078
18.89,253.67635
50.91,140.54251
449.604,1011.3204
0.42,178.12077
9.504,191.24936
142.83,293.66907
49.633,132.59496
9.92,249.76248
319.01,203.49925
19.513,119.958336
69.54,189.2942
0.47000000000000003,167.5425
1333.1399999999999,73.31238
200.104,911.8293
170.897,440.29977
9.357,212.1487
8.896,337.14215
9.85,160.35965
0.987,614.4367
39.764,496.8839
21.423,1986.3854
20.26,293.7303
90.8,126.79707
11.49,124.57343
87.027,1563.7489
88.96,125.478806
60.69,255.1412
179.96,834.2684
20.390000000000004,276.13837
8.553,155.43126
29.433,346.4209
9.67,113.07843
460.143,220.7728
91.33000000000001,205.30583
122.27,230.4163
120.043,257.88983
0.576,185.45612
119.14700000000002,183.88466
19.784,959.5073
525.4,86.48117
103.05400000000002,607.6029
21.35,404.48602
19.924,125.01036
209.493,296.61703
110.863,583.1097
49.87,175.55022
10.387,79.57272
20.363,149.60384
331.75300000000004,455.15015
169.757,3069.6165
269.5,415.02722
60.337,150.7262
0.017,282.82074
391.90999999999997,402.95914
170.037,342.51633
242.87599999999998,174.14404
